item_id,y,pred,p_neg,p_neu,p_pos
7530150,1,0,0.62397,0.35276,0.02327
2272447,2,1,0.03506,0.92199,0.04295
27869556,2,2,0.00249,0.00924,0.98827
21644309,2,2,0.00113,0.00638,0.99249
31542582,0,1,0.32973,0.6481,0.02218
16416696,2,2,0.00662,0.07012,0.92325
32694733,1,1,0.37322,0.61533,0.01145
22376467,0,0,0.86349,0.1319,0.0046
22238345,2,0,0.72583,0.2329,0.04127
22335372,0,0,0.76346,0.22045,0.01609
6927545,2,2,0.00111,0.00397,0.99492
35788713,1,1,0.10217,0.85461,0.04322
38107297,2,2,0.00106,0.00534,0.9936
5122114,2,2,0.00338,0.02972,0.9669
1100134,2,2,0.00607,0.13441,0.85952
39413360,2,2,0.00111,0.00505,0.99384
26085794,0,1,0.40399,0.58323,0.01278
15315258,2,2,0.00085,0.00494,0.99421
28558153,0,1,0.18835,0.793,0.01865
24923223,0,0,0.55178,0.4365,0.01172
14475476,1,1,0.14524,0.82605,0.02871
32493918,1,1,0.04227,0.92879,0.02894
4482030,2,2,0.00109,0.00397,0.99493
33620970,0,0,0.69918,0.29375,0.00707
28509173,2,2,0.00707,0.02264,0.97029
32313140,2,2,0.00091,0.00483,0.99427
19550853,2,2,0.00085,0.00614,0.99301
26452921,2,2,0.00146,0.01008,0.98846
339267,2,2,0.00124,0.00486,0.9939
7336025,2,2,0.00439,0.06251,0.9331
9669868,2,2,0.00159,0.00663,0.99178
18273268,2,2,0.00106,0.0049,0.99404
19494093,2,1,0.14344,0.57626,0.2803
32309049,2,2,0.00115,0.004,0.99485
13239942,2,2,0.00509,0.03959,0.95532
1193582,2,2,0.00089,0.00514,0.99397
24413627,2,2,0.00319,0.05575,0.94106
2137171,2,1,0.04219,0.62979,0.32801
31308805,2,2,0.00147,0.00525,0.99328
22755442,2,2,0.00144,0.00901,0.98955
8206438,2,2,0.01085,0.01966,0.96949
35349135,2,2,0.00327,0.04764,0.9491
32488972,2,2,0.00104,0.00555,0.99341
29597360,2,2,0.00421,0.0121,0.98369
19341867,1,1,0.47889,0.51378,0.00733
35760896,2,2,0.00147,0.0059,0.99263
579817,2,2,0.00854,0.13385,0.85761
37251135,0,0,0.86655,0.12606,0.00738
18443002,0,0,0.87877,0.11161,0.00961
7436060,2,2,0.00455,0.04357,0.95188
37205464,2,2,0.00097,0.00394,0.99509
1735209,0,1,0.48278,0.50595,0.01127
25896329,2,2,0.0013,0.00633,0.99237
25635759,2,2,0.0015,0.0154,0.9831
7247094,2,2,0.00134,0.00763,0.99104
13086308,1,1,0.45816,0.52734,0.0145
39356965,0,0,0.96817,0.02984,0.00199
20610486,2,2,0.00168,0.01227,0.98605
7010805,2,2,0.00103,0.00482,0.99415
28854178,1,0,0.49803,0.42765,0.07432
21786884,2,2,0.00138,0.00538,0.99324
5575027,2,2,0.00204,0.00623,0.99173
9971543,2,2,0.01707,0.37653,0.60641
2394149,0,1,0.28802,0.69635,0.01563
19597153,2,2,0.00577,0.02437,0.96986
31111413,2,2,0.00128,0.00684,0.99188
39401143,2,2,0.00113,0.00706,0.99182
23045658,2,2,0.00513,0.06287,0.93201
28895028,2,2,0.00291,0.0238,0.97329
5487417,2,1,0.01677,0.59564,0.38759
33983042,2,2,0.0021,0.02056,0.97733
29037551,1,0,0.60108,0.38808,0.01084
1005033,2,2,0.00144,0.01068,0.98788
21006743,2,1,0.08694,0.89981,0.01324
22904890,2,2,0.00879,0.12228,0.86893
30434339,1,0,0.88906,0.10702,0.00393
15672560,2,2,0.00108,0.00577,0.99316
13583761,2,2,0.00127,0.00824,0.99049
18796343,2,2,0.00196,0.01594,0.98211
15626525,2,2,0.00098,0.0087,0.99032
8938464,0,0,0.97794,0.01998,0.00207
17216052,2,2,0.00147,0.00426,0.99427
33187178,2,2,0.00553,0.01976,0.97471
30463699,0,0,0.97637,0.02204,0.00159
24459594,1,1,0.06023,0.91324,0.02652
40564248,2,2,0.00322,0.04709,0.9497
2219162,2,2,0.00103,0.00633,0.99264
21064321,1,1,0.12816,0.8308,0.04104
30324350,0,0,0.98605,0.01208,0.00187
36487249,2,2,0.00428,0.01173,0.98399
23137141,2,2,0.00148,0.01208,0.98643
26245880,2,2,0.00144,0.0078,0.99075
29277487,2,2,0.00285,0.01408,0.98307
35413707,2,2,0.00114,0.00915,0.98971
17590985,2,2,0.00521,0.07718,0.91761
24845993,2,2,0.0046,0.04836,0.94704
323242,2,2,0.00149,0.00689,0.99162
24657654,2,2,0.00154,0.00695,0.99152
1294368,2,2,0.0012,0.004,0.9948
21135375,0,1,0.29043,0.68591,0.02365
29193674,2,2,0.00154,0.00668,0.99178
34005678,0,0,0.96459,0.03234,0.00307
1329504,1,0,0.68587,0.30674,0.00738
8929295,2,2,0.00333,0.02916,0.96751
6909090,2,2,0.00097,0.00376,0.99527
36147125,2,2,0.00766,0.07919,0.91315
12398122,2,2,0.0016,0.01362,0.98478
11822576,2,2,0.00349,0.02861,0.9679
28589018,2,2,0.00104,0.00394,0.99501
6122572,2,2,0.00198,0.0217,0.97633
31041888,2,2,0.04036,0.2216,0.73804
37645198,2,2,0.04965,0.14897,0.80138
34510254,0,0,0.95799,0.03995,0.00206
22034004,2,0,0.75441,0.23831,0.00728
27609855,2,2,0.00122,0.00757,0.99122
41036448,0,0,0.83841,0.14944,0.01215
23344516,2,2,0.00185,0.00836,0.98978
319723,2,2,0.00101,0.00564,0.99335
11202927,2,2,0.00097,0.00388,0.99515
5867151,2,2,0.01258,0.32695,0.66047
5868947,2,2,0.00263,0.02991,0.96746
805120,2,2,0.00116,0.00658,0.99226
29309252,0,0,0.96226,0.03539,0.00235
19811552,2,2,0.00226,0.01189,0.98585
40016966,0,0,0.86991,0.1268,0.00329
10490279,2,2,0.00566,0.07109,0.92325
16319748,2,2,0.00346,0.02238,0.97416
28460197,2,2,0.00162,0.01613,0.98225
28119901,2,2,0.00536,0.12166,0.87299
23224087,0,0,0.70397,0.2672,0.02883
20415739,2,2,0.01551,0.47879,0.5057
29400756,2,2,0.00111,0.00586,0.99303
36689216,2,2,0.00324,0.02617,0.97059
37007304,0,0,0.98815,0.01003,0.00182
10241172,2,2,0.00113,0.00745,0.99142
23239311,2,0,0.79893,0.18609,0.01498
10569610,2,2,0.00232,0.01808,0.9796
34501517,2,1,0.02546,0.66188,0.31265
33792721,2,2,0.00465,0.03743,0.95792
7728239,2,1,0.03602,0.62361,0.34038
28874012,1,1,0.2164,0.52269,0.26091
39232906,2,2,0.00087,0.00423,0.99491
37887466,2,2,0.00107,0.00663,0.99229
9029881,2,2,0.00117,0.00351,0.99533
16866454,2,2,0.00745,0.11832,0.87424
13694725,2,2,0.01485,0.44082,0.54433
32857943,2,2,0.00116,0.00728,0.99156
4831835,2,2,0.00388,0.03114,0.96498
10617295,1,0,0.8501,0.13294,0.01697
10269005,2,2,0.00106,0.00653,0.99241
40499956,2,2,0.04069,0.0961,0.86321
19693529,2,2,0.00497,0.01853,0.97651
33617778,0,0,0.97392,0.02405,0.00203
33093923,2,2,0.00216,0.00836,0.98947
32827568,2,2,0.0012,0.00722,0.99158
10802569,2,2,0.00273,0.02559,0.97168
29620169,2,2,0.00185,0.00811,0.99004
360146,2,2,0.00103,0.0046,0.99437
25916680,1,1,0.13975,0.77528,0.08497
5714167,0,0,0.56198,0.3908,0.04722
22280711,0,0,0.56099,0.34562,0.09339
36311897,2,2,0.00308,0.02995,0.96697
3301141,1,1,0.04005,0.84294,0.11701
14308534,1,0,0.5961,0.38789,0.01601
11877963,2,2,0.00236,0.01387,0.98377
23811513,2,2,0.00208,0.01557,0.98235
38133373,0,0,0.79022,0.20215,0.00763
35685738,2,2,0.00223,0.02328,0.97449
10505214,2,0,0.65648,0.31376,0.02976
36227466,2,2,0.00111,0.00388,0.99501
31209173,2,2,0.00092,0.00388,0.9952
19652528,2,2,0.00156,0.00722,0.99122
14743331,2,2,0.00171,0.00728,0.99101
12562375,2,2,0.00095,0.00419,0.99485
9930341,1,0,0.85937,0.13544,0.00519
24461334,2,2,0.00395,0.03038,0.96567
24174592,2,2,0.02535,0.05263,0.92202
15255051,1,0,0.97998,0.01827,0.00175
9791121,2,2,0.003,0.03849,0.9585
31800308,2,2,0.00113,0.0045,0.99437
5919439,2,2,0.00499,0.02884,0.96617
27294803,2,2,0.00429,0.08323,0.91248
37284234,2,2,0.00355,0.02807,0.96838
10493029,2,2,0.00098,0.00624,0.99279
36251846,2,2,0.00118,0.00857,0.99025
20314757,2,2,0.0013,0.00538,0.99332
28742898,0,0,0.85656,0.13659,0.00685
41102133,2,2,0.03708,0.13865,0.82428
8497599,2,2,0.00175,0.00413,0.99413
38030686,2,2,0.00116,0.00915,0.98969
32497935,0,1,0.40984,0.57797,0.01218
24536904,2,2,0.01526,0.01812,0.96661
38741284,2,2,0.00122,0.00706,0.99173
32566904,2,2,0.0012,0.00619,0.99262
40688863,0,0,0.71152,0.28082,0.00766
34818007,2,2,0.00136,0.00529,0.99335
15584565,2,2,0.00203,0.01157,0.9864
13661491,2,2,0.00107,0.00674,0.99219
39642934,1,1,0.26325,0.72686,0.00989
35423919,2,2,0.001,0.00443,0.99457
24973026,2,2,0.00604,0.09749,0.89647
35613726,0,1,0.43479,0.54962,0.01559
40913528,2,2,0.00114,0.00919,0.98967
8172802,2,2,0.00107,0.00679,0.99214
36261084,2,2,0.01357,0.27371,0.71272
5612493,2,2,0.00095,0.00433,0.99472
17494136,0,0,0.98694,0.01127,0.00179
8845404,2,2,0.00136,0.00618,0.99246
8847382,2,2,0.00089,0.00695,0.99216
30538744,2,1,0.09805,0.63438,0.26757
39591032,0,0,0.71899,0.2729,0.00811
28128879,2,2,0.00092,0.00394,0.99514
35415780,0,0,0.95999,0.03615,0.00386
11764191,2,2,0.00098,0.0044,0.99462
25059166,2,2,0.00165,0.01465,0.9837
29415433,2,2,0.09974,0.25997,0.64029
23439009,2,2,0.00086,0.00542,0.99371
26539905,2,2,0.00095,0.00572,0.99333
2536441,2,2,0.00653,0.09735,0.89612
22214438,2,1,0.02329,0.49026,0.48645
34287433,2,2,0.001,0.00397,0.99503
3028455,2,2,0.00456,0.01137,0.98408
1241786,2,2,0.0017,0.01619,0.98211
28802445,0,1,0.14587,0.82479,0.02935
11833972,2,1,0.02742,0.68008,0.2925
29202886,0,0,0.83978,0.15656,0.00365
17345266,0,0,0.9788,0.01961,0.00159
27652539,2,2,0.00104,0.00796,0.991
32060534,1,0,0.54143,0.39923,0.05934
16974070,1,1,0.14682,0.75476,0.09842
9356659,2,2,0.00144,0.01093,0.98763
25855453,0,0,0.97889,0.01931,0.0018
32881548,2,2,0.00084,0.0044,0.99477
11229805,1,1,0.1845,0.54016,0.27535
10843725,0,0,0.80874,0.18546,0.0058
37229433,2,2,0.00111,0.00581,0.99308
5331210,2,2,0.0018,0.00436,0.99384
2456647,2,2,0.00449,0.08517,0.91034
2126557,2,1,0.04959,0.8721,0.07832
20909862,2,2,0.20198,0.24033,0.55769
6338751,0,1,0.07309,0.88863,0.03829
32668463,2,2,0.00116,0.00745,0.99139
6618008,0,0,0.92733,0.06958,0.00309
18922611,0,0,0.82474,0.16368,0.01158
35015474,2,2,0.00118,0.00382,0.995
1151147,2,2,0.0048,0.03708,0.95812
4246039,2,2,0.01195,0.36042,0.62763
20157656,0,0,0.68064,0.31162,0.00774
23484068,2,2,0.0026,0.01104,0.98635
29917304,2,2,0.00212,0.01131,0.98657
5123908,2,2,0.00116,0.00446,0.99437
35589815,2,2,0.0536,0.13371,0.81269
21750553,0,0,0.97747,0.02089,0.00164
26051481,2,2,0.00111,0.00509,0.9938
12211714,2,2,0.00407,0.01507,0.98086
13341287,2,2,0.00261,0.00823,0.98916
13581076,2,2,0.00404,0.02237,0.97359
15258238,2,2,0.00283,0.03508,0.96209
28738676,0,0,0.85154,0.14037,0.00809
26972906,2,2,0.02747,0.29649,0.67604
20404755,2,2,0.017,0.35503,0.62798
36742257,2,2,0.00138,0.00843,0.99019
18736741,2,2,0.00275,0.01864,0.97861
24603128,2,2,0.00201,0.01837,0.97962
14773912,2,2,0.001,0.00373,0.99527
4764755,2,2,0.00831,0.17019,0.8215
11096848,0,0,0.90515,0.09103,0.00382
11881369,2,2,0.00132,0.00367,0.99501
9630788,2,2,0.00294,0.02901,0.96805
14639428,2,2,0.00753,0.0661,0.92637
4396880,2,2,0.00993,0.1234,0.86667
38599799,2,2,0.00111,0.0094,0.98949
34903396,0,0,0.68693,0.30482,0.00825
24224721,0,0,0.95155,0.04496,0.00349
30831533,1,1,0.1766,0.72524,0.09815
39910367,0,0,0.84367,0.15008,0.00624
10273644,2,2,0.00113,0.0045,0.99437
26567443,2,2,0.00165,0.0133,0.98504
36477386,2,2,0.0022,0.00869,0.98911
14179162,2,2,0.00977,0.18946,0.80077
33965871,2,2,0.00098,0.00426,0.99476
7246858,0,1,0.3381,0.6416,0.0203
14707352,0,0,0.78229,0.20487,0.01284
18115006,0,0,0.89472,0.10157,0.00371
5195128,2,2,0.00151,0.01008,0.98841
12079089,1,0,0.82073,0.17338,0.00589
22473929,2,2,0.00295,0.03956,0.95749
16300802,2,2,0.00494,0.03967,0.9554
31667936,0,0,0.95621,0.04149,0.0023
25636694,2,2,0.16064,0.20647,0.63288
9324516,0,0,0.98363,0.01459,0.00178
18497092,2,2,0.00132,0.00436,0.99432
33304289,2,1,0.05813,0.73638,0.20549
19451006,2,1,0.02007,0.77719,0.20274
22202844,2,2,0.00168,0.01027,0.98805
23046437,2,2,0.00848,0.11262,0.8789
26256283,0,0,0.93678,0.06083,0.0024
38600531,0,0,0.95095,0.04611,0.00293
9158497,2,2,0.00108,0.00604,0.99288
39207789,2,2,0.00091,0.00486,0.99423
10169137,1,1,0.13361,0.74233,0.12406
29114268,0,0,0.96924,0.02782,0.00294
19387549,2,2,0.00239,0.03313,0.96448
40654488,0,0,0.88795,0.10709,0.00496
8829690,0,0,0.71284,0.22584,0.06132
17168750,2,2,0.00116,0.00439,0.99444
8941667,1,1,0.07883,0.82791,0.09325
31830979,2,2,0.00238,0.02103,0.97658
9600500,0,0,0.98469,0.01335,0.00196
6876845,1,0,0.85847,0.13243,0.0091
39335734,0,0,0.97607,0.02229,0.00164
17711239,2,2,0.00094,0.00394,0.99512
9636169,2,2,0.00214,0.00436,0.9935
36524464,0,0,0.83625,0.15289,0.01086
29406366,1,0,0.58424,0.40787,0.00789
18881400,2,2,0.00107,0.00684,0.99208
22018079,2,2,0.00146,0.013,0.98554
22623371,2,2,0.00156,0.00722,0.99122
41453604,2,2,0.00138,0.00394,0.99468
11166182,1,1,0.0806,0.89795,0.02145
20301085,0,0,0.89231,0.10329,0.0044
25167570,2,1,0.05089,0.88808,0.06103
29656151,2,2,0.00094,0.00475,0.99431
40102556,2,2,0.00194,0.01092,0.98714
34679799,2,2,0.00179,0.01377,0.98444
538769,2,2,0.01635,0.06256,0.92109
38809601,0,0,0.77284,0.2197,0.00746
36575547,2,2,0.04949,0.08002,0.87048
39942321,2,2,0.0012,0.00362,0.99518
7198125,2,2,0.00322,0.0314,0.96538
22555038,0,0,0.738,0.25405,0.00795
4571624,2,2,0.01516,0.20124,0.7836
5265646,2,2,0.00507,0.02829,0.96664
5924279,2,2,0.00496,0.06445,0.93059
17889615,2,2,0.00115,0.00551,0.99335
100654,1,1,0.17863,0.80683,0.01455
21389149,2,2,0.19893,0.16016,0.64091
33029122,2,2,0.00406,0.01812,0.97782
5431970,2,2,0.00322,0.03164,0.96514
1712265,2,2,0.02357,0.04969,0.92674
1425188,2,2,0.00213,0.00925,0.98862
28890933,2,2,0.00118,0.0049,0.99392
363225,2,2,0.00118,0.0069,0.99192
26396526,0,0,0.98537,0.0127,0.00193
38774696,0,0,0.62287,0.36616,0.01097
20741265,2,1,0.04937,0.88536,0.06527
524938,0,0,0.88658,0.10925,0.00417
30811344,2,1,0.13517,0.79433,0.0705
21415612,2,2,0.00304,0.01079,0.98617
5425578,0,0,0.94637,0.0511,0.00254
18319817,2,2,0.00247,0.01498,0.98255
14277601,2,1,0.02717,0.64817,0.32465
26986490,2,2,0.00297,0.03362,0.96341
38113316,2,2,0.00711,0.19604,0.79685
7613308,2,2,0.00098,0.00457,0.99445
22319870,2,2,0.00897,0.19567,0.79535
37212328,2,2,0.00447,0.07444,0.92109
34782545,2,2,0.00184,0.01285,0.98531
36844386,2,2,0.0012,0.00799,0.99081
4534260,0,0,0.98617,0.01213,0.00171
35265622,0,0,0.66359,0.31224,0.02417
16768691,0,1,0.45888,0.53231,0.00881
18208983,0,0,0.96912,0.02859,0.00229
21309799,2,2,0.09593,0.16704,0.73703
26857474,2,2,0.00137,0.01031,0.98831
14088757,2,2,0.00168,0.0147,0.98362
11230544,2,2,0.00129,0.00973,0.98897
22655574,2,2,0.0012,0.00359,0.99521
28094754,2,2,0.0014,0.00419,0.9944
33951638,2,2,0.00135,0.0102,0.98845
25101998,1,0,0.79553,0.19725,0.00721
33663411,2,2,0.00091,0.00526,0.99384
38080261,0,0,0.80392,0.1858,0.01028
17535677,2,2,0.00108,0.00373,0.99519
5652061,1,1,0.06342,0.85857,0.07801
29717718,2,2,0.00082,0.00559,0.99358
40845059,0,0,0.86892,0.12567,0.00541
27848685,2,2,0.0105,0.11494,0.87455
26574184,2,2,0.00095,0.00591,0.99315
27748560,2,2,0.0012,0.00955,0.98926
14853015,2,2,0.00466,0.04963,0.9457
31196140,2,2,0.00205,0.01453,0.98342
36210733,2,2,0.01637,0.0541,0.92952
1938174,1,1,0.38193,0.5801,0.03796
22757394,2,2,0.00192,0.00403,0.99405
21711919,2,2,0.00121,0.00897,0.98981
35768709,2,2,0.00302,0.01673,0.98024
13325775,2,2,0.00417,0.03614,0.95969
27925407,2,2,0.00275,0.01982,0.97744
34951459,0,0,0.98197,0.0166,0.00143
557471,2,2,0.00186,0.02061,0.97753
13375282,0,0,0.79471,0.17612,0.02917
12799137,2,2,0.00787,0.08286,0.90927
8992295,2,2,0.00148,0.01517,0.98336
30384229,2,2,0.0035,0.02641,0.97009
34392330,2,2,0.0012,0.00769,0.99112
26399089,0,0,0.98372,0.012,0.00428
9751925,0,0,0.84365,0.1495,0.00686
21898379,2,2,0.00113,0.00513,0.99374
38430753,0,0,0.55799,0.42782,0.01419
25266882,2,2,0.00116,0.0049,0.99394
25503762,2,2,0.00757,0.13062,0.8618
40689019,2,0,0.60749,0.34885,0.04366
23179095,2,2,0.00089,0.00413,0.99498
32159107,0,0,0.96887,0.0294,0.00173
27557674,2,2,0.00087,0.0045,0.99464
32109267,0,1,0.4796,0.51053,0.00988
7309292,2,2,0.00178,0.00391,0.99432
3719597,2,2,0.00387,0.01905,0.97708
8908666,0,0,0.6096,0.37851,0.01189
23184351,2,2,0.00173,0.01185,0.98642
35747770,2,2,0.00111,0.00343,0.99546
26184517,2,2,0.00169,0.00863,0.98968
37006859,2,2,0.00144,0.01145,0.98711
18995664,2,2,0.00151,0.01218,0.98632
36697831,0,0,0.98014,0.01781,0.00205
5757006,2,2,0.0013,0.01589,0.98281
10465531,0,0,0.94997,0.0476,0.00243
12149502,2,2,0.00288,0.018,0.97911
8951912,2,2,0.00084,0.00426,0.9949
26459878,2,2,0.00204,0.02006,0.9779
16487751,0,0,0.93592,0.06101,0.00307
4833138,2,2,0.00624,0.02292,0.97084
5288301,0,0,0.75297,0.23879,0.00824
9639810,1,2,0.07236,0.14057,0.78708
17258947,2,2,0.01474,0.30777,0.6775
3474439,2,2,0.00669,0.10396,0.88935
2622565,2,2,0.00113,0.00728,0.99159
18101690,1,1,0.03949,0.81204,0.14846
10556930,0,0,0.83637,0.15715,0.00649
37412361,2,2,0.00239,0.01787,0.97973
8069530,2,2,0.0012,0.00494,0.99386
20241889,2,2,0.00154,0.00717,0.9913
35186923,2,2,0.00138,0.00359,0.99503
21277486,2,2,0.00158,0.01047,0.98795
1633050,2,2,0.1002,0.18775,0.71204
1338679,2,1,0.02418,0.50506,0.47076
20726420,2,1,0.03276,0.6528,0.31444
15769092,2,2,0.00505,0.01676,0.97818
1105962,2,1,0.0385,0.79163,0.16987
21708571,2,2,0.01015,0.15812,0.83173
13954676,2,2,0.03452,0.20983,0.75564
24149021,2,2,0.00185,0.01063,0.98752
13152925,2,2,0.00104,0.00419,0.99476
32117884,0,0,0.9584,0.03895,0.00265
14702482,2,2,0.01243,0.41162,0.57595
24567823,2,2,0.00279,0.00541,0.9918
3268202,2,1,0.1224,0.52343,0.35417
9704718,0,0,0.81507,0.18045,0.00448
5591485,2,2,0.00085,0.00568,0.99347
1942048,2,2,0.00116,0.00915,0.98969
40715309,2,2,0.00547,0.04617,0.94837
13162961,2,2,0.00122,0.00559,0.99319
27848413,2,2,0.00255,0.0163,0.98115
35284195,2,2,0.00092,0.0051,0.99398
36886354,0,1,0.37955,0.59712,0.02333
37005507,2,2,0.00113,0.00638,0.99249
8858543,2,2,0.00091,0.00379,0.9953
39862398,1,2,0.00681,0.07337,0.91982
22976285,2,1,0.0681,0.77028,0.16162
30127133,2,2,0.00092,0.00416,0.99492
14634359,2,2,0.00095,0.00638,0.99267
40725313,2,2,0.00982,0.32275,0.66743
34975990,2,0,0.61785,0.31007,0.07208
34088121,2,2,0.01604,0.05177,0.93219
19191752,0,0,0.95119,0.04626,0.00255
26069959,2,2,0.00293,0.03315,0.96393
35835276,2,2,0.00116,0.00834,0.9905
27441052,2,2,0.00188,0.00918,0.98894
35501284,2,2,0.00164,0.007,0.99136
24251344,2,2,0.001,0.00367,0.99533
25264479,0,0,0.9442,0.05239,0.00341
7053031,2,2,0.00089,0.00605,0.99306
40001871,2,2,0.00172,0.01728,0.981
8853001,2,2,0.0032,0.03738,0.95942
23920679,0,1,0.37351,0.61581,0.01068
16431722,0,0,0.77033,0.2207,0.00897
36002936,1,2,0.10148,0.13391,0.76461
8944674,2,2,0.00149,0.01047,0.98804
20872304,1,0,0.63329,0.3135,0.05322
38310326,2,1,0.04661,0.82626,0.12713
6498246,2,2,0.00261,0.02395,0.97345
1712669,2,2,0.00522,0.01488,0.9799
11315394,2,2,0.00737,0.14024,0.85239
40074350,0,0,0.96696,0.02087,0.01217
329331,2,2,0.00129,0.01052,0.98819
10102452,0,0,0.90877,0.0879,0.00333
3402985,2,2,0.00128,0.00546,0.99326
26267818,2,2,0.0036,0.01333,0.98307
28981917,1,1,0.11702,0.863,0.01998
28402018,2,2,0.0012,0.00853,0.99027
5001994,2,2,0.00176,0.01361,0.98463
28805712,2,2,0.00618,0.04744,0.94638
24700949,2,2,0.00101,0.00555,0.99344
15984230,2,2,0.00129,0.00977,0.98894
29461862,2,2,0.00087,0.00407,0.99507
25936256,2,2,0.34098,0.19928,0.45974
35256123,2,2,0.00136,0.00416,0.99448
32005942,2,1,0.03193,0.61669,0.35138
14895931,2,2,0.00107,0.0069,0.99203
32431869,0,0,0.60546,0.38787,0.00667
33917224,2,2,0.00219,0.01135,0.98646
38731939,2,2,0.0015,0.01421,0.98429
21869801,2,2,0.00113,0.00517,0.9937
30797912,2,2,0.00231,0.02284,0.97486
37218186,2,2,0.00101,0.00559,0.9934
21552634,2,2,0.00412,0.04968,0.9462
5017253,2,2,0.00101,0.006,0.99299
1188601,2,2,0.00398,0.00688,0.98914
25312073,0,0,0.95088,0.04645,0.00267
28792436,2,0,0.54668,0.37426,0.07906
21863252,2,2,0.00118,0.00717,0.99165
19594078,2,2,0.00334,0.02739,0.96928
19930590,0,0,0.80294,0.19221,0.00485
32959164,2,2,0.00298,0.01514,0.98187
29950924,2,2,0.00126,0.00513,0.99361
39131977,2,2,0.00486,0.06889,0.92625
41483975,2,2,0.00966,0.09281,0.89752
12331521,2,2,0.00369,0.02121,0.97511
37342434,2,2,0.00179,0.01162,0.98659
14755509,2,2,0.00147,0.00706,0.99148
24583723,2,2,0.00133,0.01027,0.98839
21730285,2,2,0.00218,0.01675,0.98107
17655827,2,2,0.00098,0.00546,0.99356
35320294,2,2,0.00277,0.02473,0.9725
1270760,2,2,0.00436,0.05384,0.9418
40856831,2,2,0.00318,0.01413,0.9827
26242288,2,2,0.00503,0.05154,0.94343
38513429,2,2,0.0019,0.01528,0.98283
38903327,2,2,0.0068,0.00795,0.98526
1425779,2,2,0.00234,0.00991,0.98775
1146682,2,2,0.06167,0.11321,0.82513
17453709,1,2,0.01217,0.1482,0.83963
21343745,1,1,0.43807,0.54095,0.02097
15508866,2,2,0.0155,0.01812,0.96638
27622311,2,2,0.00483,0.01583,0.97934
12644318,1,1,0.11003,0.5437,0.34627
11051851,2,2,0.005,0.05639,0.9386
29304009,2,2,0.05723,0.12771,0.81506
22527172,2,2,0.02366,0.22886,0.74748
15081734,2,2,0.00381,0.01898,0.97721
35918815,0,0,0.84576,0.14929,0.00495
5856161,2,2,0.00095,0.00457,0.99448
38078044,0,0,0.98877,0.0089,0.00234
33183235,2,2,0.03208,0.08033,0.88759
30896734,2,2,0.00083,0.00514,0.99404
12127755,2,2,0.00803,0.01934,0.97263
8901138,2,2,0.0014,0.00453,0.99406
28669746,2,2,0.00095,0.00502,0.99403
10913439,2,2,0.05348,0.45663,0.48989
908095,2,2,0.01371,0.06903,0.91726
11463860,2,2,0.0035,0.02723,0.96928
40699833,1,1,0.33993,0.54004,0.12003
22061908,0,1,0.19277,0.77143,0.0358
36677703,2,2,0.00116,0.00915,0.98969
18028842,2,2,0.00692,0.08649,0.90658
11774277,2,2,0.0033,0.02255,0.97414
35811442,2,2,0.01016,0.14388,0.84596
9173321,2,2,0.00234,0.00642,0.99123
22470371,2,2,0.00215,0.02917,0.96868
15485778,2,2,0.00627,0.01908,0.97466
2767170,2,2,0.02744,0.0495,0.92306
22064977,2,2,0.01211,0.15194,0.83595
21364755,2,2,0.0087,0.14409,0.8472
25454071,2,2,0.00104,0.00619,0.99277
566382,2,2,0.00096,0.00648,0.99255
39177247,0,2,0.01025,0.03736,0.95238
20468757,0,0,0.89296,0.10256,0.00447
39757836,2,2,0.00092,0.00551,0.99357
14176997,1,1,0.03263,0.80926,0.15811
33182378,2,2,0.00087,0.0044,0.99474
40448724,2,2,0.00189,0.01865,0.97946
27262603,2,2,0.01212,0.02526,0.96263
10614099,2,2,0.00111,0.00446,0.99443
40444086,2,2,0.00095,0.00426,0.99479
6086260,0,1,0.17292,0.55277,0.27431
27566533,2,2,0.00136,0.00376,0.99488
15419718,2,0,0.4624,0.2236,0.31399
4085403,1,0,0.76031,0.2337,0.00599
18639774,2,2,0.01701,0.4819,0.50109
34406097,2,2,0.00154,0.00406,0.99439
340303,2,2,0.00697,0.10856,0.88447
34243928,2,2,0.0018,0.00446,0.99374
11033971,2,2,0.00141,0.00373,0.99486
37298667,0,1,0.20497,0.76157,0.03346
34403133,2,2,0.00088,0.00555,0.99357
4169776,2,2,0.07654,0.10061,0.82286
26900853,2,2,0.00118,0.00407,0.99475
37845623,2,2,0.00127,0.00781,0.99092
21915114,2,2,0.00411,0.02017,0.97571
4344371,1,0,0.68478,0.29683,0.01839
39341159,2,2,0.00216,0.00817,0.98966
13880423,2,2,0.00238,0.02083,0.97678
21439657,2,2,0.00161,0.00663,0.99176
15061378,2,2,0.00098,0.00394,0.99508
29049858,0,0,0.9664,0.03168,0.00192
2175719,0,0,0.52832,0.43459,0.03709
25068087,2,2,0.00272,0.01392,0.98336
6652149,2,2,0.00322,0.03035,0.96643
35557225,2,2,0.00247,0.01636,0.98117
26988637,2,2,0.00392,0.03782,0.95827
37353675,2,2,0.00097,0.00359,0.99544
37715556,0,1,0.15182,0.8304,0.01778
7144841,2,2,0.00456,0.07043,0.92501
39375334,1,2,0.23402,0.27682,0.48916
1219020,2,1,0.24489,0.73396,0.02115
30859863,1,1,0.03928,0.78893,0.17179
110665,2,2,0.0045,0.00944,0.98606
23135189,2,2,0.00107,0.00802,0.9909
32326881,0,0,0.95849,0.03927,0.00223
10584571,1,1,0.43429,0.5533,0.01242
25188807,0,0,0.95003,0.04638,0.00359
6748648,2,2,0.00265,0.00976,0.9876
22196506,2,2,0.00101,0.00572,0.99327
6916402,2,2,0.00145,0.00577,0.99279
13136128,2,2,0.03377,0.10219,0.86404
21310139,2,2,0.00185,0.01105,0.9871
29147486,2,2,0.00512,0.04934,0.94555
15753846,2,2,0.00234,0.00876,0.9889
638789,2,2,0.00171,0.00751,0.99078
8293816,2,2,0.00183,0.01837,0.9798
41154941,2,2,0.00149,0.0046,0.9939
27119218,2,2,0.00101,0.00559,0.9934
17029782,1,1,0.41148,0.56242,0.0261
6131688,2,2,0.00662,0.05654,0.93685
32462652,2,2,0.00266,0.01922,0.97812
14277217,2,2,0.00295,0.04016,0.95689
18189586,2,1,0.04957,0.82214,0.1283
34968690,0,1,0.29601,0.6723,0.03169
15628838,2,2,0.00156,0.00947,0.98897
40303690,2,2,0.00856,0.10468,0.88677
41149218,2,2,0.03094,0.11291,0.85615
10906913,2,2,0.00358,0.01785,0.97856
19062671,2,2,0.00321,0.01786,0.97893
38243046,1,1,0.02433,0.81199,0.16368
40676870,2,2,0.00571,0.03423,0.96006
38397970,1,1,0.17133,0.79843,0.03024
15278232,1,1,0.0261,0.50406,0.46984
35246064,2,2,0.0036,0.01278,0.98362
16089450,2,2,0.00106,0.0046,0.99434
39158840,2,2,0.00098,0.00482,0.99419
6661489,0,0,0.84759,0.14614,0.00627
31026863,2,2,0.0022,0.02275,0.97505
5642904,2,2,0.00109,0.0087,0.99021
29583025,0,0,0.68555,0.29833,0.01612
25014334,2,2,0.01857,0.18541,0.79601
16094475,1,1,0.23596,0.72965,0.03439
6168804,2,2,0.00273,0.0388,0.95847
4070326,1,1,0.10078,0.69683,0.20239
32900857,2,2,0.00617,0.03408,0.95975
24347741,2,2,0.00562,0.03442,0.95996
25887067,2,2,0.03111,0.14117,0.82772
14854539,2,2,0.00128,0.00388,0.99484
4727622,2,2,0.00116,0.00915,0.98969
40876708,0,0,0.76045,0.23374,0.00581
27734871,2,2,0.00192,0.00609,0.992
33665817,2,2,0.00112,0.00874,0.99014
7397853,2,2,0.00989,0.07127,0.91884
11715180,2,2,0.01389,0.34731,0.6388
1100922,2,2,0.00095,0.00725,0.9918
35744477,2,2,0.00175,0.00439,0.99386
7866023,2,1,0.03176,0.71154,0.2567
10884664,2,2,0.00127,0.01123,0.9875
2311648,2,2,0.00138,0.00734,0.99129
40640824,0,1,0.02363,0.81363,0.16274
5487607,0,0,0.52864,0.31077,0.1606
10848769,2,2,0.00169,0.02392,0.97439
10389928,2,0,0.64973,0.31419,0.03609
40453720,2,2,0.00226,0.02875,0.96899
4960723,2,1,0.0579,0.70537,0.23673
2102065,2,2,0.0012,0.00684,0.99196
18933107,0,0,0.52119,0.46356,0.01525
27200427,2,2,0.00189,0.01656,0.98154
3479819,2,2,0.001,0.0049,0.9941
35175632,2,2,0.14416,0.23693,0.61891
19737560,0,0,0.91019,0.08566,0.00415
3530082,2,1,0.48599,0.49364,0.02037
10831754,0,0,0.9884,0.00969,0.00191
17300108,2,2,0.04828,0.22543,0.72629
11937917,2,2,0.00301,0.02188,0.97511
19401498,1,0,0.84159,0.11345,0.04495
19289874,2,2,0.00492,0.042,0.95308
4306883,2,2,0.00144,0.0132,0.98536
10316697,2,2,0.00358,0.04919,0.94723
314119,2,2,0.01124,0.23108,0.75768
15191490,1,0,0.67145,0.31717,0.01137
40332568,2,2,0.00309,0.02607,0.97084
2194215,0,0,0.82174,0.1736,0.00466
25924323,1,1,0.12235,0.79005,0.08761
73442,2,2,0.00091,0.00604,0.99305
762942,2,2,0.00635,0.02206,0.97159
28492392,2,2,0.00262,0.0202,0.97718
18853199,1,2,0.02336,0.41078,0.56587
14411413,2,2,0.00111,0.00775,0.99115
14124180,2,1,0.0995,0.57932,0.32118
30238347,2,2,0.00219,0.01189,0.98592
14119807,2,0,0.91371,0.08237,0.00391
7563615,2,2,0.00135,0.01336,0.98529
28968750,2,2,0.00088,0.00359,0.99553
29019816,2,2,0.00123,0.01008,0.98869
1456714,2,2,0.00271,0.01828,0.97901
3318475,0,0,0.74676,0.24626,0.00699
21962824,0,0,0.89384,0.0879,0.01826
9870354,0,1,0.06873,0.87753,0.05374
18184507,2,2,0.05799,0.21884,0.72317
18952205,2,2,0.00251,0.0143,0.98318
32380986,2,1,0.02903,0.71429,0.25669
40714570,0,0,0.88974,0.10668,0.00358
7007657,2,2,0.00144,0.01218,0.98639
18075201,0,0,0.98773,0.01011,0.00216
15735822,1,1,0.05695,0.81745,0.1256
27600431,2,2,0.00166,0.01007,0.98827
38041632,0,0,0.84148,0.15146,0.00706
16616462,2,2,0.00114,0.00658,0.99227
31737437,0,0,0.96164,0.03609,0.00227
27640829,2,2,0.00085,0.00436,0.99479
37014190,0,0,0.87363,0.11893,0.00744
40075650,2,2,0.00135,0.00951,0.98914
4475340,2,2,0.00456,0.04112,0.95432
26918940,2,2,0.00104,0.00446,0.99449
8829267,2,2,0.00151,0.01019,0.9883
27859985,2,2,0.00159,0.00422,0.99418
34948453,2,2,0.00509,0.02467,0.97024
31086846,2,2,0.00303,0.01586,0.98112
28023936,2,2,0.01896,0.19985,0.7812
28637252,2,2,0.00393,0.04886,0.94721
11922684,2,2,0.01243,0.23637,0.7512
17856811,2,2,0.00184,0.01285,0.98531
16163240,2,2,0.00472,0.05227,0.943
17341649,0,0,0.95853,0.0393,0.00216
9673485,2,2,0.00162,0.00394,0.99444
28208636,1,1,0.31363,0.6744,0.01197
16822420,2,2,0.00215,0.01727,0.98058
13848783,2,2,0.00163,0.0131,0.98527
39141551,2,2,0.00111,0.00353,0.99535
2571804,2,2,0.00598,0.07838,0.91564
32299329,2,2,0.00173,0.01669,0.98158
36062196,2,2,0.0046,0.10436,0.89104
5122460,0,0,0.91978,0.07729,0.00293
11309084,2,1,0.04042,0.65742,0.30217
26850642,2,2,0.00132,0.00563,0.99305
11832003,2,2,0.00098,0.00475,0.99427
175820,0,1,0.43209,0.54196,0.02595
10074193,2,2,0.00363,0.02003,0.97634
15657683,0,0,0.97926,0.01924,0.0015
32133407,2,2,0.00149,0.01019,0.98832
4753064,2,2,0.00113,0.00653,0.99234
10887856,2,2,0.001,0.00433,0.99468
5245661,0,0,0.97204,0.0258,0.00216
19157380,2,2,0.00135,0.01008,0.98857
14594424,0,0,0.9826,0.01374,0.00366
37635514,2,2,0.00647,0.1049,0.88863
34655956,2,2,0.00724,0.12956,0.8632
38246628,0,1,0.27842,0.6891,0.03248
2550358,2,2,0.0022,0.00823,0.98957
13928631,2,2,0.00104,0.00436,0.9946
7072771,2,2,0.00106,0.00891,0.99004
23175286,2,2,0.00335,0.0372,0.95944
37428376,2,2,0.00124,0.00628,0.99248
33742529,2,2,0.00095,0.00568,0.99337
18540690,2,2,0.00099,0.006,0.99301
23971347,2,0,0.44039,0.29509,0.26452
10873341,2,2,0.00951,0.0648,0.92569
29841577,2,2,0.00095,0.00706,0.99199
10042474,0,0,0.83633,0.15837,0.00529
15405288,2,2,0.00331,0.02058,0.97612
8322884,0,1,0.0484,0.84793,0.10367
9562213,0,1,0.33925,0.63628,0.02448
35765556,2,2,0.00187,0.01618,0.98195
34552280,2,2,0.00104,0.0049,0.99406
30842881,2,2,0.00154,0.00863,0.98983
26202241,2,2,0.00453,0.04794,0.94753
35440660,2,2,0.00938,0.06323,0.92739
10499809,1,2,0.0171,0.45504,0.52786
39875769,2,2,0.00155,0.01399,0.98446
21148141,0,0,0.98672,0.01122,0.00206
20330402,2,2,0.00143,0.01702,0.98155
38514427,2,2,0.00255,0.01414,0.98331
19015888,2,2,0.00096,0.00604,0.99299
32851303,0,0,0.98302,0.01493,0.00205
20789069,2,2,0.001,0.00391,0.99509
1240076,1,0,0.48205,0.37984,0.13811
17816503,2,2,0.00087,0.00498,0.99416
19845740,0,1,0.25976,0.64543,0.09482
33160675,0,0,0.98747,0.01027,0.00226
17328837,0,0,0.96197,0.03549,0.00254
21155216,2,2,0.00151,0.00745,0.99104
23138622,0,0,0.95327,0.04467,0.00205
6875710,1,0,0.92916,0.06823,0.00261
1430927,2,2,0.00268,0.01175,0.98557
41199219,0,0,0.98157,0.01686,0.00157
33563253,0,0,0.98614,0.01213,0.00173
27944364,2,2,0.00192,0.00493,0.99315
30136845,2,2,0.00213,0.01071,0.98716
18421433,2,1,0.27456,0.65479,0.07065
23828292,2,1,0.05119,0.79449,0.15432
2788842,2,2,0.00123,0.01223,0.98654
18239688,2,2,0.00184,0.01285,0.98531
27680677,2,2,0.00454,0.0153,0.98017
11444120,2,1,0.02431,0.75641,0.21927
2054644,2,2,0.00259,0.01617,0.98124
21952375,0,0,0.95883,0.03911,0.00206
35104390,2,2,0.00191,0.00643,0.99166
10415773,2,2,0.00095,0.00475,0.9943
7446976,2,2,0.00559,0.0389,0.9555
2603,2,2,0.00181,0.01356,0.98463
2575528,2,1,0.07541,0.63887,0.28572
28971487,2,2,0.00184,0.01285,0.98531
1246632,0,0,0.72644,0.26516,0.00839
19833071,2,2,0.00154,0.00695,0.99152
6295676,2,0,0.59311,0.31377,0.09311
4760600,2,2,0.00135,0.01534,0.98331
38800447,2,2,0.00109,0.00546,0.99344
7289759,2,2,0.00175,0.00403,0.99422
28537062,2,2,0.0037,0.03126,0.96503
11312242,0,0,0.9299,0.06749,0.00261
35046386,2,1,0.07004,0.84331,0.08666
8240709,2,2,0.00149,0.00883,0.98968
13195023,2,2,0.00221,0.0196,0.97819
32631541,2,2,0.00103,0.00457,0.9944
9737349,2,2,0.01035,0.01371,0.97595
2533175,2,2,0.00111,0.00382,0.99507
33136452,2,1,0.06743,0.89167,0.0409
21737093,2,2,0.0013,0.00446,0.99424
30004141,0,0,0.82673,0.166,0.00727
34346663,2,1,0.16406,0.73456,0.10137
20831985,1,1,0.03102,0.83844,0.13054
18294203,2,2,0.00233,0.01414,0.98353
6652326,2,2,0.00101,0.00887,0.99012
35033969,2,2,0.00911,0.01676,0.97413
38237450,0,0,0.65533,0.33733,0.00734
25533072,2,1,0.33907,0.3779,0.28303
9824618,0,0,0.83213,0.16132,0.00656
18906805,2,2,0.00104,0.00643,0.99253
11006608,2,2,0.11196,0.09246,0.79558
10683414,2,2,0.01184,0.10442,0.88374
31598530,2,2,0.00198,0.00643,0.9916
33960052,2,2,0.00336,0.0213,0.97535
35117238,1,0,0.88488,0.11076,0.00436
30238004,0,0,0.72013,0.26804,0.01182
2044590,2,2,0.00136,0.00342,0.99521
16716860,2,2,0.00106,0.00385,0.99509
38765167,2,2,0.00297,0.01828,0.97875
32563888,2,0,0.36918,0.30632,0.32449
15077852,2,0,0.88217,0.11348,0.00435
5837017,2,2,0.00177,0.0083,0.98993
36206506,2,2,0.00295,0.01079,0.98626
27127606,0,0,0.68834,0.30071,0.01095
3120360,2,2,0.00246,0.00391,0.99363
11456129,2,2,0.0012,0.00781,0.991
19970873,2,2,0.00164,0.01866,0.9797
25655353,2,2,0.00272,0.01526,0.98202
19507043,2,2,0.00302,0.03299,0.96399
3314990,2,2,0.0026,0.01152,0.98588
21152601,2,2,0.00088,0.00394,0.99518
14154170,2,2,0.00128,0.00464,0.99408
6637158,2,2,0.00108,0.00367,0.99525
36247862,2,1,0.10302,0.68499,0.21199
34433218,2,2,0.00204,0.00727,0.99069
22896874,2,2,0.00154,0.00818,0.99029
17574639,2,2,0.00304,0.02683,0.97013
11051965,2,2,0.00122,0.00513,0.99365
10820831,2,2,0.00177,0.01946,0.97877
35703761,2,2,0.00108,0.00468,0.99425
4585128,1,1,0.11146,0.8665,0.02203
22337366,2,1,0.02197,0.55358,0.42445
24763736,0,0,0.75528,0.23766,0.00707
5872814,2,2,0.00103,0.00353,0.99544
33333586,0,0,0.94472,0.05325,0.00203
5794247,2,2,0.00114,0.0079,0.99096
34333071,2,2,0.00171,0.01222,0.98607
32405883,2,2,0.00336,0.03668,0.95996
31423510,0,0,0.83418,0.14796,0.01786
2169444,2,2,0.00156,0.00609,0.99235
26559046,2,2,0.00151,0.00757,0.99092
1173290,2,2,0.00236,0.0143,0.98333
35739559,2,2,0.00122,0.00464,0.99414
38293827,0,0,0.89647,0.09883,0.0047
39135210,0,0,0.93191,0.0641,0.00399
38602856,2,2,0.00394,0.01771,0.97835
36481246,0,0,0.76639,0.21957,0.01404
10491186,2,2,0.00296,0.03598,0.96106
2654732,0,0,0.62878,0.35827,0.01295
5896280,2,2,0.00283,0.02067,0.9765
14762300,2,2,0.00136,0.00787,0.99078
4209667,2,2,0.00129,0.00877,0.98994
262002,2,2,0.00095,0.00494,0.99411
20738718,2,0,0.94277,0.05145,0.00578
14383555,2,2,0.00696,0.03827,0.95477
10816642,1,0,0.59087,0.38149,0.02764
28485812,2,2,0.00129,0.00922,0.98949
10043302,1,1,0.0783,0.88831,0.03338
24814550,0,0,0.7602,0.23095,0.00885
27643994,2,2,0.00113,0.00739,0.99148
5893260,2,2,0.01536,0.19686,0.78778
29132079,1,0,0.85671,0.13715,0.00614
5570677,2,2,0.00132,0.00653,0.99215
16177936,2,2,0.00101,0.00568,0.99331
35393345,0,0,0.98834,0.00984,0.00182
14284440,1,0,0.50735,0.48412,0.00853
37764329,2,2,0.06468,0.11919,0.81613
40777683,0,1,0.28844,0.67856,0.033
16977283,2,2,0.00092,0.00709,0.99199
26193730,2,2,0.00122,0.00821,0.99057
29358024,2,2,0.00249,0.02292,0.97459
31042569,2,2,0.00094,0.00413,0.99493
3319398,0,0,0.96129,0.03609,0.00262
29682763,1,0,0.88341,0.11319,0.00339
39301658,2,2,0.00201,0.02116,0.97683
39077284,2,2,0.00632,0.12641,0.86727
21453349,1,1,0.12908,0.84008,0.03084
37830611,0,0,0.98562,0.01265,0.00173
33513078,0,0,0.86829,0.12756,0.00415
30151340,0,0,0.72653,0.26728,0.00619
31700638,1,2,0.0166,0.06977,0.91363
339662,2,2,0.00239,0.01662,0.98099
34634384,0,0,0.97141,0.02629,0.0023
37370841,2,2,0.00101,0.00379,0.9952
36557505,2,2,0.00098,0.00426,0.99476
21977979,0,0,0.75624,0.23154,0.01222
11056264,2,2,0.27741,0.25001,0.47258
23610539,0,0,0.98947,0.00859,0.00194
40418276,2,2,0.00234,0.00774,0.98992
23156299,2,2,0.00123,0.00863,0.99013
21255463,2,2,0.00123,0.00962,0.98915
40614453,2,0,0.51978,0.45514,0.02508
39072339,2,2,0.00132,0.00471,0.99397
36331472,2,2,0.00202,0.01294,0.98503
14567956,0,0,0.90557,0.0909,0.00353
591145,2,2,0.01278,0.13261,0.85462
13922340,2,2,0.00406,0.03409,0.96185
40988474,0,0,0.97473,0.02333,0.00194
19916605,2,2,0.07527,0.11545,0.80927
11514551,2,2,0.0013,0.00668,0.99202
30117033,2,2,0.0083,0.09006,0.90163
22734259,0,0,0.97348,0.02399,0.00253
12168780,1,1,0.02633,0.77563,0.19803
26006396,2,2,0.00137,0.01132,0.98731
6106753,2,2,0.00133,0.00985,0.98882
5008188,2,2,0.00111,0.00433,0.99456
22882301,1,2,0.00157,0.00501,0.99342
22898690,2,2,0.00174,0.00786,0.9904
38683352,0,0,0.84668,0.14828,0.00503
16164117,2,2,0.00224,0.02228,0.97548
4619692,2,2,0.00168,0.01265,0.98567
24281563,2,2,0.00098,0.00426,0.99476
33793355,2,2,0.00454,0.03077,0.96469
8952122,2,2,0.00247,0.01794,0.97959
22547529,2,2,0.01125,0.02272,0.96603
36517772,2,2,0.00153,0.01171,0.98675
39041487,2,2,0.00101,0.00506,0.99393
6950695,2,2,0.00186,0.01714,0.98099
17991,2,2,0.00091,0.0041,0.99499
25807141,2,2,0.00101,0.00638,0.99261
12242845,2,2,0.00392,0.05162,0.94446
15934758,2,2,0.00091,0.00498,0.99412
17925689,1,0,0.57295,0.40947,0.01757
22835946,2,2,0.00403,0.05518,0.94079
16937681,0,0,0.64952,0.33434,0.01613
32694864,0,0,0.90356,0.09303,0.00342
31495688,2,2,0.28234,0.32616,0.39151
36948253,2,2,0.00244,0.01398,0.98359
12972592,1,0,0.88223,0.11349,0.00428
37548766,2,2,0.0062,0.04457,0.94923
11278129,0,0,0.8786,0.11148,0.00991
22670657,2,2,0.00192,0.01741,0.98067
275787,2,2,0.00204,0.02021,0.97775
26017302,2,2,0.00101,0.00619,0.9928
2257609,2,2,0.00114,0.00679,0.99207
14797955,2,2,0.01426,0.06088,0.92485
4425341,2,2,0.00163,0.0126,0.98577
110624,2,2,0.01432,0.11322,0.87246
24263265,2,2,0.00125,0.01172,0.98703
12670216,2,2,0.01258,0.24487,0.74255
10446234,2,2,0.22404,0.16456,0.6114
31680819,2,2,0.00525,0.05411,0.94063
7666404,2,2,0.00092,0.00461,0.99447
32273433,0,1,0.34123,0.64754,0.01123
20046513,2,2,0.00157,0.01471,0.98372
32486068,2,2,0.0021,0.02409,0.97381
992471,2,2,0.06633,0.08352,0.85015
37618553,2,2,0.00109,0.00739,0.99151
32515243,2,2,0.00315,0.0213,0.97554
5291726,2,2,0.00441,0.07311,0.92249
2684909,1,2,0.17627,0.24461,0.57911
2885599,0,0,0.71438,0.27434,0.01128
29392678,1,1,0.18847,0.7766,0.03493
11649726,2,2,0.00796,0.02747,0.96457
5293919,2,2,0.02203,0.05581,0.92216
20005501,2,2,0.00204,0.00599,0.99197
15570249,2,2,0.00106,0.00453,0.99441
14390561,0,0,0.87299,0.1219,0.00511
26676169,2,2,0.00147,0.00359,0.99494
15554472,2,2,0.00138,0.00419,0.99442
40335680,2,2,0.00238,0.02395,0.97367
11710088,2,2,0.00164,0.00768,0.99068
12170642,2,2,0.00113,0.00502,0.99386
37599994,2,2,0.00156,0.00586,0.99258
31469151,2,2,0.00207,0.00475,0.99318
9735459,2,2,0.00149,0.00643,0.99208
41429515,2,2,0.00103,0.00623,0.99274
23057674,2,2,0.00369,0.03575,0.96056
41238078,2,2,0.00088,0.00586,0.99326
490822,2,2,0.00149,0.0046,0.9939
29843030,0,0,0.98176,0.01644,0.00181
24000907,0,0,0.98565,0.01236,0.00199
8452637,2,2,0.00551,0.0086,0.9859
23901595,2,2,0.00092,0.00502,0.99406
10054479,2,2,0.00132,0.007,0.99168
35018204,2,2,0.00346,0.0229,0.97365
22173933,2,2,0.00183,0.02141,0.97676
12805274,2,2,0.00183,0.00385,0.99432
4072679,2,2,0.00255,0.03166,0.96579
15155106,2,2,0.00106,0.00379,0.99515
3877953,2,2,0.00763,0.1102,0.88217
9460980,2,1,0.26121,0.44531,0.29347
2293122,2,2,0.00203,0.01212,0.98585
19974412,2,2,0.00206,0.01241,0.98554
19549478,2,2,0.00158,0.0083,0.99011
5218378,2,2,0.00262,0.02115,0.97623
242008,2,2,0.00152,0.00542,0.99306
14110392,0,0,0.7358,0.25628,0.00792
40882987,1,1,0.05183,0.69895,0.24922
36260182,2,2,0.01178,0.35513,0.63309
34903128,0,0,0.78493,0.20962,0.00546
31588595,0,0,0.96989,0.02778,0.00233
35836094,2,2,0.00109,0.00751,0.9914
32900507,2,2,0.0018,0.00618,0.99202
9949034,2,2,0.00355,0.02616,0.97028
10202054,2,2,0.00177,0.00811,0.99012
19898970,2,2,0.00098,0.00619,0.99283
6559588,2,2,0.02028,0.32356,0.65616
26753877,2,2,0.12561,0.20851,0.66588
16578341,2,0,0.66143,0.18511,0.15346
17080434,2,2,0.00122,0.00824,0.99054
4358888,2,2,0.00766,0.07919,0.91315
24508031,2,2,0.00088,0.00551,0.99361
14614578,0,0,0.97811,0.0203,0.00159
7169628,2,2,0.00089,0.0053,0.99381
11551334,2,2,0.00548,0.07234,0.92218
4320761,2,2,0.00271,0.03226,0.96503
16273606,2,2,0.00147,0.00824,0.99029
37056219,2,2,0.00113,0.00559,0.99328
25761412,2,2,0.00308,0.01413,0.98279
19577262,2,1,0.04618,0.91308,0.04075
1725104,2,2,0.09308,0.08376,0.82316
10048941,2,2,0.0014,0.00911,0.98949
22987012,2,2,0.00202,0.01414,0.98383
162324,2,2,0.00915,0.18018,0.81067
29738050,2,2,0.00415,0.04282,0.95303
24536611,0,0,0.96166,0.03631,0.00204
40655106,2,2,0.00122,0.00327,0.99551
37732017,0,0,0.98882,0.00849,0.00269
895201,2,2,0.05279,0.37074,0.57647
18367825,2,2,0.00202,0.01275,0.98523
4223061,2,2,0.001,0.00475,0.99425
34313616,2,2,0.00131,0.00992,0.98876
12023394,2,2,0.30724,0.14691,0.54585
28333091,2,2,0.00125,0.00763,0.99112
16608409,2,2,0.00258,0.01967,0.97775
20264530,2,2,0.00182,0.00843,0.98975
18202726,0,0,0.97873,0.01938,0.00189
27113369,0,0,0.60888,0.35935,0.03177
35871765,2,2,0.00679,0.10359,0.88962
11392153,2,2,0.00135,0.00911,0.98953
21339187,2,2,0.00129,0.00802,0.99069
2734296,2,2,0.00185,0.01203,0.98612
1944908,2,2,0.00684,0.03929,0.95386
25445416,2,2,0.00414,0.02875,0.96711
35353945,2,2,0.00091,0.00468,0.99442
958294,0,1,0.16316,0.81577,0.02107
17554384,2,2,0.06937,0.40388,0.52676
4675535,2,2,0.00386,0.03785,0.95829
20077631,0,1,0.47981,0.50679,0.0134
25283596,0,0,0.98541,0.0124,0.00219
34241250,2,2,0.00126,0.0041,0.99464
823686,2,2,0.00581,0.03283,0.96136
26791761,2,1,0.01538,0.51345,0.47117
6408013,2,2,0.01342,0.27067,0.71591
28009839,0,0,0.80953,0.18419,0.00628
10612898,1,0,0.68912,0.30105,0.00983
11618414,2,2,0.00266,0.00554,0.9918
20391636,1,1,0.36352,0.61838,0.0181
196842,0,0,0.93034,0.06339,0.00627
31688727,2,2,0.00097,0.00426,0.99477
9566522,1,1,0.20243,0.78208,0.01549
15980547,2,2,0.00694,0.08402,0.90904
29226217,2,2,0.00176,0.0114,0.98684
22946049,2,2,0.00103,0.00388,0.99509
16652895,0,1,0.3699,0.51256,0.11754
41220320,1,1,0.13987,0.83694,0.02319
41397596,2,2,0.00648,0.01642,0.9771
36923525,2,0,0.72899,0.2569,0.0141
2542009,2,2,0.00098,0.00413,0.99489
37634925,0,0,0.73956,0.25162,0.00881
22110702,0,1,0.43732,0.54852,0.01417
8836305,2,2,0.00149,0.00471,0.99379
15401770,2,2,0.0267,0.47334,0.49995
28326164,2,2,0.00807,0.02144,0.97048
30963115,2,2,0.00523,0.04306,0.95171
13495928,1,2,0.02991,0.39241,0.57768
30805947,2,2,0.00168,0.01084,0.98748
3571571,2,2,0.00161,0.00546,0.99293
39521791,1,0,0.513,0.47817,0.00883
12981889,2,2,0.00165,0.01367,0.98468
34638857,0,0,0.74671,0.19834,0.05494
32228891,2,2,0.00089,0.00614,0.99297
32145321,2,2,0.00177,0.0085,0.98974
36520074,0,0,0.5644,0.42603,0.00956
10460383,2,2,0.00142,0.00763,0.99095
35047158,2,2,0.00201,0.00684,0.99116
19180035,2,2,0.00339,0.01053,0.98607
40122129,0,0,0.88818,0.1067,0.00512
12017363,2,2,0.00176,0.01203,0.98621
22245630,2,2,0.00109,0.0049,0.99401
3324894,2,2,0.00113,0.00586,0.99301
41272877,2,2,0.00157,0.00482,0.99361
6004445,2,0,0.8645,0.12528,0.01022
13988267,2,2,0.00839,0.08069,0.91092
37263053,2,2,0.00099,0.00564,0.99337
35904617,1,2,0.05095,0.37944,0.56961
11652529,0,0,0.65331,0.33629,0.0104
10610908,0,1,0.46066,0.53022,0.00912
6110928,0,0,0.77715,0.21581,0.00705
10539844,2,2,0.05932,0.37786,0.56282
19944080,0,1,0.16761,0.81221,0.02018
13873243,2,2,0.00175,0.01534,0.98291
13912219,2,2,0.06734,0.04908,0.88358
6601652,0,0,0.90986,0.08681,0.00333
38101488,0,0,0.52893,0.37361,0.09746
9771070,2,1,0.01904,0.63546,0.3455
30716171,0,0,0.70692,0.27684,0.01624
34794884,2,2,0.00302,0.03299,0.96399
21725840,0,0,0.98728,0.01038,0.00234
24554921,0,0,0.83354,0.16222,0.00424
26910653,0,0,0.84853,0.14688,0.00459
36833676,2,2,0.00097,0.00397,0.99506
10357240,2,2,0.01752,0.20771,0.77477
13908248,2,2,0.0022,0.00976,0.98804
14421654,2,2,0.00202,0.0132,0.98478
24837882,2,2,0.02693,0.38813,0.58493
17777571,0,0,0.97957,0.01877,0.00167
10809131,2,2,0.00642,0.06979,0.92379
17896826,0,0,0.63543,0.33485,0.02972
924526,2,2,0.00148,0.01325,0.98526
13482826,2,2,0.00149,0.00733,0.99117
12315232,2,2,0.00338,0.03063,0.96599
18643639,0,0,0.75419,0.23918,0.00663
23783073,2,2,0.00164,0.00609,0.99227
16307805,0,0,0.70361,0.28651,0.00988
351772,2,2,0.01177,0.02341,0.96482
29520423,1,1,0.11569,0.8666,0.01771
28075316,2,2,0.00155,0.01437,0.98408
35608020,2,2,0.00108,0.0045,0.99442
17198740,2,2,0.00116,0.00564,0.9932
17085409,2,2,0.00094,0.00457,0.99449
5050502,2,2,0.00098,0.0053,0.99372
23088334,0,0,0.86368,0.13142,0.0049
1933428,2,2,0.00109,0.00581,0.99309
38071770,2,2,0.00091,0.00498,0.99412
26672647,2,2,0.00238,0.02103,0.97658
32036789,1,1,0.09303,0.82755,0.07942
18736048,2,2,0.00109,0.00394,0.99496
12353196,2,2,0.00388,0.01542,0.98069
40376896,0,0,0.69396,0.29614,0.0099
31509948,2,2,0.0013,0.00674,0.99197
36942297,2,2,0.00387,0.01995,0.97619
15664463,2,2,0.00088,0.00443,0.99469
9467489,2,2,0.00138,0.00674,0.99189
3416686,1,1,0.093,0.89018,0.01682
15020113,2,2,0.00103,0.004,0.99497
4901578,2,2,0.00555,0.03062,0.96382
27158771,0,0,0.95705,0.04054,0.00241
34476533,0,0,0.84291,0.15231,0.00478
5790332,2,2,0.00135,0.01027,0.98837
19664312,2,2,0.00948,0.01612,0.9744
29580555,2,2,0.00111,0.00502,0.99387
36547430,2,2,0.00093,0.00674,0.99233
3170317,0,0,0.98354,0.0147,0.00176
27821681,2,2,0.00109,0.00391,0.995
28783957,0,0,0.75573,0.22036,0.02392
18862057,2,2,0.00291,0.00829,0.9888
39835532,2,2,0.00366,0.02909,0.96725
15552624,2,2,0.00251,0.01447,0.98302
33986152,2,2,0.00776,0.02194,0.97029
25436150,2,2,0.01228,0.38201,0.60571
2534742,0,0,0.62342,0.36364,0.01294
28623731,2,2,0.00111,0.00433,0.99456
2563941,2,2,0.00197,0.01127,0.98677
16310651,0,0,0.98918,0.00869,0.00213
21276986,0,1,0.41433,0.5489,0.03677
39025340,2,2,0.00558,0.02681,0.96761
37231841,1,2,0.0012,0.00739,0.99141
23620401,2,2,0.00092,0.00498,0.9941
24990022,1,2,0.09563,0.30931,0.59505
23238624,0,0,0.98326,0.01481,0.00193
2861816,2,2,0.00158,0.0141,0.98433
25139145,2,2,0.32508,0.22028,0.45464
26288324,2,2,0.00377,0.03068,0.96556
40882119,2,2,0.00734,0.10389,0.88877
20823684,2,2,0.00334,0.02692,0.96974
11832488,0,0,0.95039,0.04736,0.00225
33154700,0,0,0.92437,0.0724,0.00323
17798174,2,2,0.05965,0.23047,0.70988
16400460,2,2,0.00159,0.00443,0.99398
11613954,2,2,0.00092,0.00538,0.9937
31359491,0,0,0.97058,0.02705,0.00237
38110137,2,2,0.00298,0.03076,0.96626
23894303,2,2,0.00092,0.00368,0.9954
1865923,2,2,0.05013,0.34392,0.60595
26308816,0,0,0.72126,0.26952,0.00922
18846920,2,2,0.00116,0.00568,0.99316
14019138,2,2,0.0012,0.00648,0.99232
19699609,2,2,0.0013,0.00674,0.99197
1392987,2,2,0.00171,0.01185,0.98644
8246882,2,2,0.00574,0.07334,0.92092
12788786,2,2,0.00118,0.00343,0.99539
38001165,1,0,0.77258,0.21454,0.01288
8802298,0,0,0.93863,0.05776,0.0036
40390555,0,0,0.95997,0.03783,0.0022
23919182,0,0,0.90076,0.09494,0.0043
14718858,2,2,0.00179,0.01372,0.9845
5607564,2,1,0.05482,0.84425,0.10093
5895254,2,2,0.00425,0.01949,0.97627
26694353,1,2,0.13267,0.21938,0.64795
41613,0,0,0.58266,0.38966,0.02768
10109182,2,2,0.00089,0.00538,0.99373
37188572,2,2,0.00363,0.05059,0.94578
17083484,2,2,0.0017,0.01528,0.98302
36068707,0,0,0.78368,0.19356,0.02276
28232691,2,2,0.00728,0.15143,0.8413
39833148,2,2,0.00084,0.00555,0.99361
20235206,2,2,0.00157,0.00486,0.99357
35467314,2,0,0.52853,0.45207,0.0194
37403572,2,1,0.2116,0.3992,0.38919
20511517,2,2,0.00285,0.0124,0.98475
13581783,2,1,0.02348,0.75372,0.2228
33675394,2,2,0.00275,0.01739,0.97985
1126052,2,2,0.00085,0.0042,0.99495
15613773,1,1,0.14201,0.6644,0.19359
13099953,2,2,0.00124,0.00695,0.99181
32307536,2,2,0.00934,0.05261,0.93805
40527302,0,0,0.92047,0.076,0.00353
1723960,0,0,0.98887,0.00883,0.0023
10262682,2,2,0.00087,0.0049,0.99423
28174692,2,1,0.01783,0.5858,0.39637
37495344,0,0,0.98198,0.01593,0.00208
17305972,2,2,0.00191,0.01007,0.98802
7505269,2,2,0.0067,0.04505,0.94826
27443600,2,2,0.00273,0.01087,0.9864
4713098,0,0,0.81685,0.17055,0.0126
10259547,2,2,0.00354,0.02965,0.9668
20684789,2,2,0.00118,0.00638,0.99244
29813463,2,2,0.00125,0.01097,0.98778
16666519,2,2,0.01095,0.07708,0.91196
26957751,2,2,0.00113,0.00684,0.99203
27561217,2,2,0.00128,0.00679,0.99194
34062292,2,2,0.00224,0.00467,0.99309
36777176,2,2,0.00152,0.00577,0.99272
36661202,2,2,0.00384,0.02656,0.9696
29554373,2,2,0.00097,0.00407,0.99497
15085158,2,2,0.12561,0.20851,0.66588
24624247,0,1,0.16576,0.81912,0.01512
14139059,2,2,0.00584,0.01198,0.98218
27364300,2,2,0.00301,0.03611,0.96088
37274272,2,2,0.00268,0.01304,0.98428
27775909,0,0,0.97098,0.02717,0.00185
20922828,2,2,0.00259,0.01655,0.98086
22025069,2,2,0.00125,0.00908,0.98967
39996633,2,1,0.04647,0.57051,0.38302
14327857,2,2,0.00145,0.00586,0.9927
11303828,2,2,0.00191,0.02342,0.97467
225,0,0,0.98852,0.00954,0.00194
8447560,2,2,0.00848,0.13961,0.8519
33437151,2,2,0.00154,0.00728,0.99118
3339733,0,0,0.83523,0.15632,0.00845
10643728,2,2,0.00101,0.00663,0.99236
25381854,2,2,0.00507,0.07306,0.92187
36426544,2,2,0.00146,0.00936,0.98917
37526735,0,0,0.90966,0.08679,0.00355
21478354,2,2,0.00185,0.0083,0.98985
38009850,0,0,0.90783,0.08954,0.00263
1767513,2,2,0.00272,0.02885,0.96843
12138265,2,0,0.83959,0.1523,0.0081
34331147,2,2,0.001,0.00394,0.99506
1339904,2,2,0.00259,0.01611,0.9813
14744507,2,2,0.00382,0.03284,0.96335
40272398,2,2,0.00648,0.06201,0.93151
28614154,2,2,0.00099,0.00653,0.99247
8451771,2,2,0.00142,0.01101,0.98757
8794247,2,2,0.00155,0.01336,0.98509
10120805,2,2,0.00286,0.00862,0.98852
3698776,1,1,0.19993,0.7664,0.03367
35648138,2,2,0.00094,0.00494,0.99413
21339987,2,2,0.00114,0.00853,0.99032
16739076,1,0,0.70873,0.28192,0.00935
29622436,0,0,0.9809,0.01765,0.00145
37205414,2,1,0.30921,0.45453,0.23627
1277278,2,2,0.00103,0.00373,0.99524
6257540,2,2,0.01729,0.43214,0.55057
555693,2,2,0.00907,0.06567,0.92526
39164505,0,2,0.02821,0.30929,0.66249
39392565,2,2,0.00261,0.00683,0.99055
27582186,0,0,0.44851,0.43218,0.11931
11587461,2,2,0.00194,0.02337,0.97468
626396,2,2,0.0012,0.00745,0.99135
3254509,2,2,0.00163,0.01027,0.9881
35453691,0,1,0.32907,0.64681,0.02412
15880822,2,2,0.001,0.00419,0.99481
30143602,2,2,0.00177,0.00792,0.99031
16029129,2,2,0.0019,0.013,0.9851
28542414,2,2,0.00138,0.00653,0.99209
22547335,2,2,0.00111,0.00737,0.99153
3400135,2,2,0.00091,0.00486,0.99423
29756600,0,0,0.98065,0.01765,0.0017
20798226,2,2,0.00096,0.00703,0.992
24089360,0,0,0.79507,0.19714,0.00779
37091263,2,2,0.0013,0.00728,0.99143
39783658,2,0,0.5367,0.44494,0.01836
6105894,0,0,0.77209,0.22294,0.00496
19575610,2,2,0.00277,0.01193,0.9853
14915037,2,2,0.00326,0.01793,0.97881
6326966,2,2,0.00221,0.03494,0.96286
38557827,2,2,0.00469,0.01326,0.98205
15081317,2,2,0.00108,0.0059,0.99302
10066456,2,2,0.00548,0.0286,0.96592
18755617,2,2,0.00195,0.00416,0.99389
8301305,2,1,0.07156,0.50851,0.41993
34945777,2,2,0.08971,0.14733,0.76296
20432133,2,1,0.02553,0.52901,0.44547
22616971,2,0,0.97096,0.02678,0.00226
3447244,2,2,0.00123,0.0097,0.98907
36955045,1,1,0.05974,0.88816,0.0521
2706856,2,2,0.00244,0.01447,0.9831
28380634,0,0,0.98804,0.00976,0.0022
3892190,2,2,0.00199,0.01606,0.98195
32467990,2,2,0.00128,0.0046,0.99412
39143234,2,2,0.00129,0.01076,0.98795
40941200,0,0,0.98629,0.01213,0.00158
14201667,2,2,0.00274,0.00733,0.98994
1650474,1,0,0.89507,0.10121,0.00372
31431130,1,1,0.28171,0.69452,0.02377
24313127,2,2,0.02065,0.24573,0.73362
6880147,0,0,0.97834,0.01945,0.00221
13468445,2,2,0.00158,0.01194,0.98648
29037641,0,0,0.93705,0.05967,0.00328
7977640,2,2,0.001,0.0053,0.99371
26310144,0,1,0.04326,0.85886,0.09788
703271,0,0,0.98885,0.00918,0.00197
23836867,0,0,0.84876,0.13482,0.01642
37825188,0,0,0.91996,0.06809,0.01195
7866212,2,2,0.00151,0.01275,0.98574
25006287,2,2,0.00104,0.00439,0.99456
18692532,2,2,0.00431,0.05016,0.94553
9220517,2,2,0.00234,0.02418,0.97348
37824940,2,2,0.00113,0.00413,0.99474
40621511,2,2,0.01367,0.09289,0.89344
10519764,2,2,0.0243,0.31887,0.65683
34077485,2,2,0.00103,0.00623,0.99274
12964026,2,2,0.00127,0.01127,0.98746
35976228,0,0,0.98491,0.01351,0.00158
39337226,1,2,0.00099,0.00706,0.99195
18010439,2,2,0.00163,0.01208,0.98629
1277839,2,2,0.00115,0.00362,0.99524
19416329,2,2,0.00099,0.00604,0.99296
26154702,0,0,0.64478,0.34783,0.00739
6670862,0,0,0.95701,0.03908,0.00391
40788482,2,2,0.00287,0.00804,0.98909
37187087,2,2,0.00306,0.00406,0.99288
41049007,2,2,0.00116,0.00915,0.98969
25402901,2,2,0.00103,0.00471,0.99426
1024951,0,0,0.83094,0.15983,0.00923
25930916,2,2,0.00143,0.00494,0.99364
30407712,2,2,0.00136,0.00648,0.99216
26813046,2,2,0.00113,0.0069,0.99198
39941496,1,1,0.40521,0.567,0.02779
31297359,2,2,0.00152,0.00367,0.99481
39873729,0,0,0.98335,0.01436,0.00229
40615300,2,2,0.00161,0.00733,0.99105
37368850,2,2,0.00159,0.00356,0.99485
27996225,0,0,0.97462,0.02367,0.00171
5893651,2,2,0.00177,0.00668,0.99155
5903033,0,0,0.84866,0.14747,0.00387
24445407,2,2,0.00256,0.01216,0.98528
1831192,2,2,0.00156,0.00728,0.99116
11871240,2,2,0.00128,0.00468,0.99405
6937157,0,1,0.20545,0.7334,0.06115
13679713,0,0,0.78826,0.20643,0.00531
1913804,0,0,0.91528,0.08171,0.00301
11272531,2,2,0.00293,0.03171,0.96536
29403048,2,2,0.00198,0.00432,0.9937
4411972,1,1,0.45015,0.52218,0.02767
12060561,0,0,0.80062,0.19165,0.00773
36610227,0,0,0.88883,0.10825,0.00292
34285682,2,2,0.00438,0.03402,0.9616
15082229,2,2,0.00144,0.00768,0.99087
11292274,2,2,0.00505,0.10413,0.89081
18166214,2,2,0.00179,0.02438,0.97383
16861439,0,1,0.07562,0.89728,0.0271
37391406,0,0,0.94305,0.05339,0.00356
13849749,1,1,0.09481,0.85667,0.04852
37255904,0,0,0.98045,0.01771,0.00183
18303010,2,2,0.00134,0.00711,0.99155
23882820,2,2,0.00141,0.01759,0.98101
36810186,2,2,0.06167,0.11321,0.82513
12328104,2,2,0.00094,0.00388,0.99518
39960433,2,2,0.00126,0.00679,0.99196
6709159,2,2,0.0016,0.01528,0.98312
37648828,2,2,0.00131,0.00955,0.98914
9350119,2,2,0.00161,0.01027,0.98812
2053550,1,1,0.02503,0.9103,0.06467
4702148,2,1,0.02263,0.62614,0.35123
38633878,2,2,0.00104,0.00429,0.99466
23135550,2,2,0.00312,0.03041,0.96647
4618243,0,0,0.79737,0.1954,0.00723
39510758,2,2,0.00115,0.00482,0.99403
31598877,0,0,0.92046,0.07541,0.00413
2441366,0,0,0.84108,0.15198,0.00694
3115489,2,0,0.61298,0.27095,0.11608
36844366,2,2,0.00147,0.00568,0.99285
41274800,2,2,0.00092,0.00446,0.99461
40800745,0,1,0.44694,0.54334,0.00972
40036420,2,2,0.00138,0.00586,0.99276
8594578,2,2,0.00101,0.0037,0.99528
33393989,0,0,0.98894,0.00849,0.00257
3632367,0,0,0.96201,0.03561,0.00238
31255169,0,1,0.31648,0.65703,0.02649
38691064,2,2,0.00109,0.00595,0.99296
12431811,2,1,0.03994,0.9198,0.04026
603563,2,2,0.00642,0.01058,0.983
11239815,2,1,0.01967,0.65147,0.32886
20757379,2,1,0.03433,0.7283,0.23737
18529006,0,0,0.98864,0.00936,0.002
27622683,2,2,0.00094,0.00433,0.99474
25081646,0,0,0.93055,0.06604,0.00341
16388864,2,2,0.04344,0.07714,0.87941
25733957,2,2,0.00097,0.00365,0.99539
34573784,0,1,0.27613,0.56631,0.15756
11001598,2,2,0.01317,0.40011,0.58672
35960227,1,0,0.87652,0.11909,0.00439
37655281,0,0,0.92494,0.07216,0.0029
20228186,0,0,0.98541,0.0124,0.00219
36902030,2,2,0.01267,0.33725,0.65007
13295123,2,2,0.00153,0.01275,0.98572
26949389,2,2,0.00836,0.02594,0.96571
22059690,2,2,0.23189,0.27577,0.49234
38679730,2,2,0.00094,0.00471,0.99435
10950205,0,0,0.51361,0.464,0.02239
24703120,0,2,0.14356,0.37456,0.48188
3053192,2,2,0.00143,0.00353,0.99504
39695537,0,1,0.13925,0.84142,0.01933
9440413,2,2,0.00397,0.02405,0.97198
20509350,2,2,0.00262,0.03654,0.96085
11409512,2,2,0.00154,0.00581,0.99265
33766442,2,2,0.00222,0.01314,0.98464
532567,2,2,0.00258,0.00429,0.99313
6177443,2,2,0.00162,0.01522,0.98315
34591489,2,2,0.00169,0.0045,0.99381
21921193,0,0,0.98944,0.0081,0.00245
38387967,2,2,0.17087,0.13865,0.69048
11558594,2,2,0.00212,0.01504,0.98284
29807715,2,2,0.00732,0.03424,0.95845
24303691,1,0,0.7949,0.19864,0.00646
21198367,2,2,0.00322,0.0168,0.97999
38982697,2,2,0.01587,0.42898,0.55515
8090861,2,2,0.01335,0.06532,0.92133
5774325,2,2,0.00097,0.00394,0.99509
31469657,0,0,0.74595,0.22397,0.03008
19261232,0,0,0.5399,0.4476,0.0125
1923531,2,2,0.00516,0.07181,0.92304
15199638,2,2,0.00208,0.01795,0.97997
25474600,0,0,0.95856,0.03899,0.00245
21496817,2,2,0.00111,0.00638,0.99251
3488589,2,2,0.00126,0.0053,0.99345
8136062,2,2,0.00113,0.00739,0.99148
6147585,2,2,0.00136,0.00663,0.99201
37174083,2,2,0.00273,0.02584,0.97143
12689454,0,0,0.98815,0.00797,0.00388
16682155,2,2,0.00101,0.00572,0.99327
6148194,0,0,0.98655,0.01149,0.00196
36260322,1,0,0.55184,0.41982,0.02835
6090345,2,2,0.03904,0.04424,0.91672
19933283,2,2,0.13732,0.23019,0.63249
29332333,2,2,0.00159,0.00689,0.99152
31312872,0,0,0.97707,0.02076,0.00217
19865323,0,0,0.86981,0.12433,0.00586
22879352,0,0,0.797,0.19531,0.00769
10599299,2,2,0.01188,0.01478,0.97334
33429292,2,2,0.0018,0.0078,0.9904
15814266,2,2,0.00142,0.00799,0.99059
19824642,2,2,0.00158,0.00962,0.9888
30011634,2,2,0.00094,0.00479,0.99428
25403354,2,2,0.00235,0.01808,0.97956
26413577,2,2,0.00207,0.01994,0.97798
1369419,2,2,0.00142,0.00555,0.99303
37353667,2,2,0.00097,0.00426,0.99477
13249221,2,2,0.002,0.00904,0.98896
34991455,2,2,0.00263,0.01452,0.98284
41267632,2,2,0.00113,0.00628,0.99259
24818769,0,0,0.54847,0.41563,0.03589
36701075,0,0,0.98471,0.0133,0.00199
31861052,0,0,0.947,0.05039,0.00262
10211914,2,1,0.14459,0.74224,0.11316
24086935,2,2,0.00242,0.02128,0.9763
14244754,1,0,0.94406,0.05083,0.00511
25436556,0,0,0.97929,0.01902,0.00169
23051851,2,2,0.00106,0.00663,0.99231
17143927,0,0,0.98705,0.01046,0.00249
12624184,2,2,0.00252,0.01274,0.98474
20405457,2,0,0.82983,0.16277,0.00741
12405864,2,2,0.00508,0.0411,0.95382
25451,2,2,0.00261,0.00668,0.99071
11502067,2,2,0.00094,0.00413,0.99493
10636413,2,2,0.00127,0.00818,0.99055
5278894,2,2,0.00156,0.00728,0.99116
36605769,2,2,0.0019,0.0147,0.9834
22670568,1,0,0.61672,0.37406,0.00922
34787871,2,2,0.00108,0.00471,0.99421
27799905,2,2,0.00288,0.01821,0.97891
28784247,0,0,0.55483,0.39963,0.04554
14890084,2,2,0.00173,0.01582,0.98246
28771822,2,2,0.0014,0.00955,0.98906
3956892,2,2,0.00186,0.02085,0.9773
30358431,2,2,0.00109,0.00772,0.99119
30404828,2,2,0.01707,0.30621,0.67671
21750268,2,2,0.0466,0.37228,0.58112
7725288,2,2,0.00108,0.00436,0.99456
14438282,2,2,0.00106,0.00772,0.99123
20115803,2,2,0.00081,0.00518,0.99401
11864869,2,2,0.00123,0.00966,0.98911
2612931,2,2,0.00085,0.00559,0.99356
33638491,2,2,0.00184,0.01356,0.9846
27218645,2,0,0.57894,0.3979,0.02316
14854070,2,2,0.0022,0.02157,0.97623
15008281,2,2,0.00098,0.00388,0.99514
14652102,0,0,0.98673,0.01071,0.00256
35804253,0,0,0.78307,0.21076,0.00617
5266772,2,2,0.00111,0.00464,0.99425
39952136,2,2,0.00092,0.00494,0.99414
5155355,2,2,0.00181,0.01761,0.98058
33204764,2,1,0.0435,0.61962,0.33688
28848371,2,2,0.01019,0.10091,0.8889
31630728,2,2,0.00366,0.04394,0.9524
1886666,2,2,0.00744,0.06287,0.92969
40880431,2,2,0.00207,0.00856,0.98938
36007443,2,2,0.00236,0.03104,0.9666
1941531,2,1,0.02528,0.83724,0.13748
39621435,2,2,0.00101,0.00426,0.99473
14282138,2,2,0.00103,0.00684,0.99213
39411597,2,2,0.00126,0.00739,0.99135
13256801,2,2,0.01119,0.0122,0.97661
37351920,2,2,0.00132,0.00695,0.99174
19281636,0,0,0.74604,0.24315,0.01081
34412926,2,2,0.00711,0.03236,0.96053
38686032,0,0,0.9889,0.00876,0.00234
12297136,2,2,0.00531,0.05818,0.9365
39547994,2,2,0.00175,0.01576,0.98249
39006183,2,2,0.0014,0.00787,0.99074
36901326,2,2,0.00326,0.04825,0.94849
7811886,2,2,0.00222,0.01392,0.98385
37543198,2,2,0.00145,0.00517,0.99338
9288055,2,1,0.0657,0.62332,0.31098
19640325,2,2,0.00263,0.02963,0.96774
29042320,2,2,0.00172,0.00429,0.99399
28476121,2,2,0.00111,0.00351,0.99538
6733665,0,0,0.64329,0.28048,0.07623
28275961,2,2,0.00128,0.00429,0.99443
29740550,2,1,0.23806,0.48656,0.27538
31954811,0,0,0.88226,0.10935,0.00838
6171341,2,2,0.00574,0.08815,0.90611
2620422,0,0,0.90747,0.08915,0.00338
19802037,1,0,0.76128,0.2268,0.01193
32697090,0,0,0.92345,0.07333,0.00323
15175629,2,2,0.00133,0.0085,0.99017
12605594,2,2,0.00332,0.01793,0.97876
2213287,0,0,0.88534,0.10888,0.00578
17033684,0,1,0.04542,0.51172,0.44286
15507958,2,2,0.0032,0.00804,0.98877
36560284,2,2,0.00601,0.07389,0.92011
354739,2,2,0.00176,0.01031,0.98793
35114890,2,2,0.00335,0.02406,0.97259
40622042,2,2,0.0023,0.01198,0.98572
6924639,2,2,0.00443,0.05478,0.94079
19946194,2,2,0.00088,0.00534,0.99378
14311559,1,2,0.02709,0.23495,0.73796
11022000,2,2,0.00111,0.0037,0.99519
33462210,0,0,0.84454,0.14705,0.00841
36824864,2,2,0.00124,0.00413,0.99463
27347871,2,2,0.00306,0.05099,0.94596
23863003,0,0,0.72686,0.26325,0.00989
15356437,1,2,0.00241,0.00917,0.98841
1174177,0,0,0.9836,0.01414,0.00225
21595522,2,2,0.0042,0.03107,0.96473
27382209,0,1,0.10528,0.87552,0.01919
18882882,0,1,0.4473,0.53535,0.01734
34328858,2,2,0.0592,0.09761,0.84319
32293312,2,2,0.00118,0.007,0.99182
17536003,2,2,0.0012,0.00775,0.99106
29930946,2,2,0.00946,0.09844,0.8921
10298185,2,2,0.00122,0.00407,0.99471
33498653,2,2,0.00367,0.01095,0.98539
3270947,2,2,0.00166,0.00856,0.98978
30916552,1,2,0.00799,0.11054,0.88146
19830479,1,1,0.25707,0.73232,0.01061
17559523,2,2,0.00116,0.00525,0.99358
7768777,2,2,0.00211,0.01844,0.97945
16901921,2,2,0.03687,0.36805,0.59508
41024763,0,0,0.91353,0.08204,0.00443
29554125,2,2,0.00126,0.00684,0.9919
27072957,2,2,0.00091,0.00658,0.99251
14261803,2,2,0.00464,0.02422,0.97114
14543233,2,2,0.00285,0.01225,0.98489
32217808,0,0,0.91722,0.07544,0.00734
29581074,2,2,0.00759,0.04393,0.94848
27053428,2,2,0.00152,0.00534,0.99315
33763897,2,2,0.00191,0.00947,0.98862
9609066,0,1,0.47624,0.48374,0.04002
6130595,2,2,0.00733,0.0477,0.94498
39295304,2,2,0.001,0.00416,0.99484
26208015,0,0,0.59772,0.39199,0.01028
36195698,1,0,0.86942,0.12525,0.00533
32478548,2,2,0.001,0.00367,0.99533
15960285,2,2,0.00321,0.02034,0.97645
13961319,2,2,0.02449,0.0348,0.94071
1519380,0,0,0.62847,0.3553,0.01623
33251557,2,2,0.00353,0.03392,0.96256
33717796,1,1,0.04188,0.92748,0.03064
17897364,2,2,0.00126,0.00604,0.9927
15895907,0,0,0.98444,0.01415,0.00141
17099207,2,2,0.00132,0.00717,0.99152
41496138,2,2,0.01658,0.28934,0.69408
7702861,2,2,0.00198,0.0035,0.99452
5530500,2,2,0.00178,0.01534,0.98288
9713688,2,2,0.00106,0.0041,0.99484
39353414,2,2,0.0024,0.01533,0.98227
35551631,0,0,0.98042,0.01785,0.00172
9826010,2,2,0.00138,0.00498,0.99364
32285486,2,2,0.00134,0.00494,0.99372
35314272,2,2,0.12459,0.15566,0.71976
30716676,0,0,0.9737,0.02459,0.00171
16303066,2,2,0.00104,0.0046,0.99435
35826241,2,2,0.00167,0.01588,0.98245
27783796,2,2,0.08856,0.2039,0.70754
32955352,2,2,0.01391,0.28932,0.69677
6365528,2,1,0.25371,0.60418,0.14211
6177725,2,2,0.0037,0.04794,0.94837
22510250,2,2,0.00109,0.00382,0.99509
37823379,2,2,0.00185,0.0075,0.99064
6874409,2,2,0.00749,0.11371,0.87881
35613331,2,2,0.00243,0.01857,0.979
36357566,2,2,0.00352,0.00627,0.99022
10918626,2,2,0.00185,0.01153,0.98662
22623198,1,1,0.17264,0.79828,0.02908
27095348,2,2,0.02232,0.40193,0.57574
3659056,2,2,0.15275,0.38854,0.45871
40603985,2,2,0.00091,0.00479,0.99431
30295241,2,2,0.00228,0.00449,0.99323
37349726,1,1,0.04389,0.90599,0.05012
35773379,2,2,0.0012,0.00663,0.99217
41539782,0,0,0.82627,0.16918,0.00454
6195035,2,2,0.00177,0.00792,0.99031
894713,0,0,0.90177,0.09431,0.00392
24462222,2,2,0.00115,0.00379,0.99506
20966084,2,2,0.00099,0.00648,0.99252
19253455,2,2,0.00367,0.0703,0.92603
968114,2,2,0.00142,0.00745,0.99113
5466061,2,1,0.21072,0.48994,0.29935
36249790,2,2,0.0017,0.01576,0.98254
17875535,2,2,0.00189,0.01656,0.98154
41379299,2,2,0.00239,0.01774,0.97987
35837759,2,2,0.00763,0.1102,0.88217
8684626,0,0,0.78858,0.20252,0.0089
31539209,2,2,0.00101,0.00581,0.99318
20988285,2,2,0.00091,0.00624,0.99286
6648311,2,2,0.00085,0.00546,0.99368
15646271,2,2,0.01599,0.39342,0.59059
25820665,2,2,0.00138,0.0083,0.99032
16139067,1,2,0.00848,0.05597,0.93555
11854159,2,2,0.00485,0.04142,0.95373
17770210,2,2,0.00126,0.00513,0.99361
15066635,2,2,0.00325,0.02098,0.97577
10949785,2,2,0.00212,0.01294,0.98494
1331733,1,2,0.01388,0.12062,0.8655
26609247,2,2,0.00111,0.00604,0.99285
31012256,0,0,0.74474,0.23526,0.02
38096226,2,2,0.00542,0.00847,0.98611
41106162,2,2,0.00173,0.01631,0.98196
3010766,2,2,0.00109,0.00805,0.99086
31163199,2,2,0.00198,0.01727,0.98074
1888161,1,1,0.07138,0.9016,0.02701
4441335,2,2,0.00149,0.00673,0.99177
17449606,2,2,0.00136,0.00337,0.99527
21592546,2,2,0.00228,0.03503,0.96269
40114738,0,0,0.74586,0.24789,0.00625
24182731,0,0,0.72754,0.25439,0.01807
28880022,1,1,0.10744,0.83443,0.05813
14186274,2,2,0.00241,0.00817,0.98942
11463182,2,2,0.00556,0.01442,0.98002
2717310,2,2,0.00285,0.01503,0.98212
14449452,2,2,0.01232,0.07506,0.91262
29036289,0,0,0.72014,0.27333,0.00653
8991429,2,2,0.002,0.01122,0.98678
5756413,2,2,0.00439,0.0177,0.97791
6310277,1,1,0.29348,0.69041,0.01611
14517383,2,2,0.03566,0.13336,0.83098
17627817,2,2,0.0106,0.25782,0.73158
36415647,2,2,0.00296,0.03807,0.95898
37009462,2,2,0.00634,0.02345,0.97021
12925491,0,0,0.96519,0.03308,0.00172
5606767,0,0,0.85442,0.05658,0.08901
14755929,0,0,0.96496,0.03229,0.00275
10158436,2,2,0.00173,0.01351,0.98476
7051183,2,2,0.00318,0.01424,0.98259
39160611,0,0,0.88677,0.10716,0.00607
21759041,0,0,0.52741,0.46181,0.01078
23507371,2,2,0.02274,0.46384,0.51342
18526595,2,2,0.00165,0.01409,0.98425
20904015,2,2,0.00094,0.00461,0.99446
16336666,2,2,0.00113,0.00376,0.99511
30399626,0,0,0.87823,0.11701,0.00475
20213240,2,2,0.00098,0.00568,0.99334
32361935,0,0,0.89971,0.09557,0.00472
25603913,2,2,0.00542,0.09789,0.89669
3084370,2,2,0.00106,0.00385,0.99509
31377842,2,2,0.03573,0.11875,0.84552
15513536,2,2,0.00115,0.00443,0.99442
32901353,2,2,0.00337,0.03122,0.96541
29516865,2,2,0.00235,0.01952,0.97813
35329719,2,2,0.0012,0.00711,0.99169
39140900,2,2,0.02313,0.03089,0.94598
26353640,2,2,0.00081,0.00446,0.99472
11407165,2,2,0.00211,0.01908,0.97881
26993331,2,2,0.00116,0.007,0.99184
24399176,2,2,0.00152,0.00416,0.99432
9076023,0,0,0.92891,0.06651,0.00458
12391252,0,0,0.85056,0.14438,0.00506
7404361,2,2,0.00442,0.04151,0.95407
28280193,2,2,0.00159,0.00722,0.99119
34704617,2,2,0.0012,0.00426,0.99454
31235358,1,0,0.39399,0.35873,0.24728
15369381,2,2,0.00537,0.0331,0.96153
39123441,2,2,0.00585,0.11194,0.88221
18736509,0,0,0.70828,0.24573,0.04599
24611337,2,2,0.00211,0.01851,0.97938
27510324,0,0,0.90456,0.09169,0.00375
1996121,2,2,0.00108,0.00564,0.99329
22166168,2,2,0.00103,0.00595,0.99302
23238101,1,1,0.03686,0.89664,0.06649
12772367,0,0,0.8842,0.11285,0.00295
15597963,0,1,0.0901,0.8848,0.0251
22849759,0,0,0.98471,0.01383,0.00146
32171699,2,2,0.00225,0.01533,0.98242
36320943,2,2,0.00759,0.07261,0.91979
40288914,2,2,0.00596,0.0675,0.92655
2463617,2,2,0.00124,0.0041,0.99466
3166379,2,2,0.02017,0.07406,0.90577
9515272,2,2,0.055,0.349,0.59599
41547989,2,2,0.00275,0.0341,0.96315
38090773,2,2,0.00101,0.00471,0.99427
13381143,2,2,0.00248,0.02664,0.97087
38809577,2,0,0.59727,0.32284,0.07989
7600562,2,1,0.02079,0.60772,0.37149
39787383,1,0,0.82867,0.1651,0.00623
9166600,2,2,0.0048,0.05222,0.94298
36974506,0,0,0.90597,0.08935,0.00468
28834601,2,2,0.00128,0.00674,0.99199
14747247,0,0,0.95704,0.04084,0.00213
25600271,2,2,0.00226,0.0264,0.97134
32428472,0,0,0.82168,0.17223,0.00608
2137166,2,2,0.00464,0.06859,0.92677
15646404,2,2,0.02839,0.05325,0.91836
14783784,2,2,0.00478,0.02459,0.97063
11557638,2,2,0.00134,0.00689,0.99177
27954643,2,2,0.00232,0.01649,0.98119
37575269,0,0,0.96789,0.02822,0.00389
13755793,2,2,0.00303,0.03076,0.96622
39991935,0,0,0.98659,0.011,0.00241
36218940,2,2,0.00766,0.07919,0.91315
10399728,2,2,0.00852,0.14925,0.84224
31858185,0,0,0.9377,0.05983,0.00247
23926224,2,0,0.79318,0.19744,0.00938
37534338,0,0,0.98817,0.00816,0.00368
33294741,2,2,0.00168,0.01114,0.98718
7583920,0,0,0.62317,0.35786,0.01897
31760561,2,2,0.00106,0.00604,0.9929
20785913,2,2,0.0028,0.01486,0.98234
31651657,2,2,0.00116,0.00429,0.99454
36793384,2,2,0.00101,0.00653,0.99246
2022559,2,2,0.00224,0.00668,0.99109
19123002,2,2,0.02918,0.18225,0.78857
38178994,0,0,0.98142,0.01709,0.0015
9832198,2,2,0.00095,0.00388,0.99517
20252840,0,0,0.96691,0.03087,0.00222
4921244,2,2,0.0062,0.10149,0.8923
38528427,0,0,0.86624,0.12553,0.00823
35527750,2,0,0.46998,0.41883,0.11119
2586663,2,2,0.00101,0.00513,0.99385
21197635,2,2,0.07055,0.18276,0.74669
40218507,1,1,0.03585,0.58767,0.37648
33535978,2,2,0.0061,0.08844,0.90546
11726006,2,1,0.0416,0.91776,0.04064
32426486,2,2,0.00391,0.04031,0.95579
18176270,2,2,0.00334,0.02667,0.96999
39203209,0,0,0.75764,0.22837,0.01399
34544378,2,2,0.02298,0.24515,0.73187
13534795,2,2,0.00351,0.00662,0.98987
31912111,2,0,0.50766,0.42417,0.06817
37203862,2,2,0.00116,0.00915,0.98969
22474689,1,1,0.0278,0.86479,0.10741
6132960,2,1,0.02868,0.67358,0.29773
29682446,0,0,0.98629,0.01218,0.00153
40011720,1,1,0.14212,0.83724,0.02064
10815367,2,2,0.00142,0.00922,0.98936
39003784,0,0,0.95323,0.04374,0.00303
15012459,2,2,0.12561,0.20851,0.66588
5088860,2,2,0.03301,0.06072,0.90627
8662194,0,0,0.60071,0.38785,0.01144
17276964,2,2,0.00156,0.00673,0.9917
14795297,2,2,0.00123,0.00873,0.99003
10378044,2,2,0.0014,0.00614,0.99246
11896508,1,1,0.45956,0.50473,0.03572
25989290,1,2,0.00852,0.09487,0.89661
14768185,2,2,0.00109,0.00784,0.99107
12330731,1,2,0.01235,0.05902,0.92863
12071733,2,2,0.00153,0.01136,0.98711
593079,2,2,0.00638,0.10454,0.88908
35974908,2,0,0.65912,0.28238,0.0585
38528497,2,2,0.00201,0.02153,0.97646
28361486,2,2,0.00092,0.0051,0.99398
22047098,2,2,0.00097,0.00483,0.99421
7511314,2,2,0.0013,0.00633,0.99237
16253945,1,1,0.17744,0.7555,0.06705
6471457,2,2,0.01219,0.26794,0.71986
5436547,2,2,0.01112,0.23951,0.74937
2902464,2,2,0.00102,0.00821,0.99076
24005905,2,2,0.00423,0.02404,0.97173
16017703,2,2,0.00121,0.00936,0.98942
23040320,2,2,0.00184,0.01285,0.98531
5881232,2,2,0.00265,0.03885,0.9585
38319515,2,2,0.00371,0.03045,0.96585
17341444,2,2,0.05747,0.07124,0.87129
3607769,2,2,0.00111,0.00482,0.99407
36225391,2,2,0.00214,0.00493,0.99293
36050789,0,0,0.77926,0.21138,0.00936
14195311,1,1,0.36593,0.61762,0.01646
38026244,2,2,0.00242,0.02099,0.97659
20723749,1,2,0.01462,0.38294,0.60244
3352763,2,2,0.00295,0.01062,0.98643
37283970,2,2,0.00669,0.02335,0.96996
39578296,2,2,0.00112,0.00867,0.99021
36548308,2,2,0.0012,0.00805,0.99075
34095784,1,1,0.02534,0.58132,0.39334
28409807,1,1,0.27219,0.71432,0.0135
8027592,2,2,0.01311,0.38903,0.59786
13815476,2,2,0.0016,0.01217,0.98622
9225094,2,2,0.00118,0.00977,0.98905
37828411,2,2,0.00104,0.00385,0.99511
33349008,0,0,0.97155,0.02559,0.00286
22674460,2,2,0.00122,0.0045,0.99428
32232949,2,2,0.00151,0.00733,0.99115
26940282,2,2,0.00115,0.00443,0.99442
1288866,2,2,0.02993,0.04618,0.92389
34171729,0,0,0.98954,0.0083,0.00216
1291180,2,2,0.00511,0.065,0.92988
25972890,2,2,0.00107,0.00919,0.98974
20289019,2,1,0.02358,0.5713,0.40512
34517038,2,2,0.00097,0.00407,0.99497
40009588,2,2,0.00102,0.00737,0.99161
276043,2,2,0.00426,0.06241,0.93334
11767992,2,2,0.0021,0.00618,0.99172
29276129,1,1,0.20765,0.77455,0.01779
31461061,0,0,0.98148,0.01605,0.00247
29408156,2,2,0.01718,0.01481,0.968
8233146,2,2,0.01193,0.12506,0.86301
10997619,2,2,0.00149,0.0078,0.99071
17852977,2,2,0.00111,0.00818,0.99071
27702465,2,2,0.00429,0.06994,0.92577
7189593,2,2,0.00208,0.01701,0.98091
6300840,2,2,0.00223,0.01075,0.98702
34098079,2,2,0.00103,0.00577,0.9932
29414001,2,2,0.00121,0.0119,0.98689
37031326,2,2,0.00103,0.00695,0.99202
20703597,2,2,0.00153,0.01,0.98847
35936608,2,2,0.00095,0.00595,0.9931
21519360,2,2,0.00084,0.00426,0.9949
7352558,2,2,0.00142,0.00944,0.98915
25860018,2,2,0.00095,0.00648,0.99257
32007214,2,2,0.00125,0.00981,0.98894
6660306,2,1,0.08115,0.63337,0.28548
1181744,2,2,0.00174,0.02158,0.97668
36338243,0,0,0.68322,0.30436,0.01242
26634890,1,0,0.81745,0.16902,0.01353
28920322,2,2,0.00112,0.00815,0.99073
40264410,0,0,0.93006,0.06698,0.00296
26619370,1,1,0.11856,0.81336,0.06808
31661276,0,0,0.9873,0.0111,0.0016
9005104,2,2,0.00225,0.01701,0.98074
8151443,2,2,0.001,0.00509,0.99391
3194574,2,2,0.00872,0.14241,0.84886
9622702,2,2,0.00261,0.00744,0.98995
15499693,0,0,0.52808,0.44817,0.02375
23904524,2,2,0.00099,0.00658,0.99242
8312604,0,0,0.81042,0.18368,0.0059
40545898,2,2,0.01164,0.05651,0.93185
4133490,2,2,0.00519,0.03617,0.95864
30633063,2,2,0.00289,0.01661,0.9805
20057528,2,2,0.0132,0.1699,0.8169
20576935,2,2,0.00168,0.01162,0.9867
26185479,2,2,0.00696,0.06651,0.92652
305802,2,2,0.00098,0.00426,0.99476
33797539,0,0,0.86762,0.12746,0.00492
19591738,0,0,0.7443,0.24259,0.01311
11301216,2,1,0.04335,0.7052,0.25145
15670000,0,0,0.79788,0.19477,0.00735
23845960,2,2,0.00098,0.00564,0.99338
671710,2,2,0.1195,0.12524,0.75526
31062413,1,1,0.21119,0.77854,0.01027
22118282,2,1,0.13907,0.82731,0.03362
22935941,2,2,0.0023,0.01096,0.98674
14646298,2,2,0.0025,0.00419,0.99331
12901574,2,1,0.01913,0.71783,0.26304
23271177,1,2,0.01023,0.20225,0.78752
2792024,2,2,0.00151,0.01015,0.98834
2232624,2,2,0.00184,0.01285,0.98531
10795362,2,2,0.00554,0.01721,0.97724
9641499,0,1,0.34377,0.64728,0.00895
27794376,2,2,0.00768,0.06165,0.93066
11241211,2,2,0.00224,0.00478,0.99298
30218713,2,2,0.00129,0.00818,0.99053
258012,2,2,0.00677,0.10708,0.88615
38029066,2,2,0.00106,0.00446,0.99448
18464584,2,2,0.00132,0.0041,0.99458
17155588,2,2,0.00413,0.04767,0.9482
17703865,2,2,0.00177,0.00501,0.99321
27786296,0,0,0.87884,0.11709,0.00407
34281693,0,1,0.47329,0.50777,0.01893
8797118,2,2,0.00313,0.01463,0.98225
35683975,2,2,0.0035,0.02481,0.97169
31745644,2,2,0.01043,0.2292,0.76037
12566797,2,2,0.00242,0.02202,0.97556
33803093,2,2,0.00226,0.0126,0.98515
37732710,2,2,0.00121,0.00908,0.98971
246029,2,2,0.00089,0.00443,0.99468
7925596,2,2,0.00175,0.01913,0.97912
11772964,0,0,0.89265,0.10455,0.0028
30686351,0,0,0.92201,0.07379,0.0042
39138571,0,0,0.90962,0.08561,0.00477
41144534,2,2,0.01199,0.16017,0.82784
2465117,2,2,0.00359,0.04779,0.94863
9552354,0,0,0.82621,0.16917,0.00462
2852545,2,2,0.00272,0.02735,0.96992
40152863,2,2,0.00293,0.03129,0.96578
15052433,0,0,0.98203,0.01619,0.00178
18322524,0,0,0.52064,0.44882,0.03054
34228522,2,2,0.00137,0.01213,0.9865
14085470,2,2,0.28334,0.26696,0.4497
39738789,0,0,0.97844,0.01976,0.0018
34370125,2,2,0.00097,0.00423,0.99481
12080192,2,2,0.00422,0.06988,0.9259
15341035,0,0,0.71544,0.27583,0.00873
20270965,2,0,0.6275,0.3281,0.0444
41060077,1,0,0.8897,0.10709,0.00321
8655955,2,2,0.0115,0.21287,0.77562
14010630,2,2,0.12561,0.20851,0.66588
31332600,2,2,0.00095,0.00572,0.99333
9759130,2,2,0.00207,0.00722,0.99071
23143891,0,0,0.96868,0.02888,0.00244
26466489,0,0,0.98078,0.01694,0.00228
6237414,2,2,0.00094,0.00416,0.9949
4371033,0,0,0.90346,0.09229,0.00425
34416126,2,2,0.00309,0.02553,0.97137
16840608,2,2,0.01554,0.07434,0.91012
29474937,2,2,0.00763,0.1102,0.88217
12745834,1,1,0.08247,0.84273,0.0748
3102903,2,2,0.00297,0.01856,0.97847
28928718,2,2,0.00097,0.00382,0.99521
22062410,2,2,0.00103,0.00521,0.99376
5914420,2,2,0.00103,0.00538,0.99359
4338316,2,2,0.00098,0.00388,0.99514
23238346,2,2,0.00152,0.00426,0.99422
17211975,2,2,0.00453,0.04669,0.94878
28846412,2,2,0.00091,0.00522,0.99388
5098205,0,0,0.65931,0.33412,0.00657
17098097,2,2,0.01516,0.29862,0.68622
36435535,2,2,0.00147,0.00568,0.99285
12114001,2,2,0.00169,0.00733,0.99098
25361395,0,0,0.7408,0.25205,0.00715
5381713,2,2,0.00127,0.00787,0.99086
7426679,0,0,0.97566,0.02147,0.00287
34078492,2,2,0.00098,0.007,0.99202
37058384,2,2,0.0049,0.03134,0.96375
9978914,2,1,0.06023,0.91681,0.02295
31602960,2,2,0.00125,0.00944,0.98931
20492901,2,2,0.0022,0.00594,0.99185
4262329,2,2,0.00582,0.10242,0.89175
4027864,2,2,0.00385,0.0529,0.94324
31260456,0,0,0.93631,0.06009,0.00359
39116921,0,0,0.79065,0.20148,0.00787
14446386,2,2,0.00098,0.00426,0.99476
20538154,2,0,0.88379,0.10997,0.00624
10249902,2,2,0.00122,0.00679,0.99199
30304913,2,2,0.09222,0.40532,0.50246
26944075,2,2,0.00131,0.00763,0.99106
27522725,2,2,0.00631,0.02783,0.96586
17025751,2,2,0.00149,0.00733,0.99117
17804890,2,2,0.05509,0.17248,0.77243
38742071,2,2,0.00335,0.02187,0.97477
5442295,2,2,0.02052,0.20359,0.77589
41527079,0,0,0.98817,0.00809,0.00373
25206713,2,2,0.00418,0.02025,0.97557
8964094,2,2,0.00097,0.00471,0.99432
21439482,0,0,0.92961,0.06682,0.00357
37679864,2,2,0.00762,0.08426,0.90812
38297222,0,0,0.52089,0.45969,0.01942
27956994,2,2,0.00103,0.00546,0.99351
21580881,2,2,0.00144,0.0111,0.98746
2340639,2,1,0.02552,0.49295,0.48153
24519054,2,2,0.01544,0.03675,0.94781
20088302,2,2,0.00133,0.00897,0.98969
9958101,2,2,0.00368,0.02229,0.97403
4542723,2,2,0.00184,0.01285,0.98531
36486958,2,2,0.00107,0.00854,0.99039
13916181,2,2,0.00119,0.0102,0.98861
16384734,2,2,0.00123,0.00992,0.98884
15713488,2,2,0.01199,0.03592,0.95209
5786163,2,2,0.00788,0.13622,0.8559
35338051,2,2,0.0012,0.00745,0.99135
29232664,2,2,0.00091,0.00577,0.99332
33457972,2,2,0.01651,0.03121,0.95227
1142692,1,1,0.12365,0.85997,0.01638
40655014,2,1,0.02838,0.88283,0.08879
17729221,2,2,0.00154,0.00351,0.99495
23307038,2,1,0.03808,0.50161,0.46031
3670985,1,1,0.24954,0.73632,0.01413
31003684,2,2,0.00339,0.04067,0.95594
6352151,2,2,0.00224,0.00525,0.99251
16922536,2,2,0.00763,0.1102,0.88217
26578240,1,0,0.8015,0.19112,0.00738
7728617,2,2,0.0012,0.00604,0.99276
19264697,2,2,0.00127,0.01127,0.98746
35896005,2,2,0.00343,0.04651,0.95006
11834751,2,2,0.00103,0.00388,0.99509
10588249,2,1,0.01854,0.60912,0.37235
21910051,2,2,0.00454,0.06098,0.93448
41225942,0,0,0.57595,0.41162,0.01243
8455057,1,0,0.92305,0.07146,0.00549
17225570,2,2,0.00151,0.00786,0.99062
21218042,0,0,0.98768,0.01047,0.00185
38428860,2,2,0.00184,0.01594,0.98222
40430708,2,2,0.00271,0.01574,0.98154
19706788,2,2,0.00243,0.01707,0.9805
36746746,1,1,0.42024,0.56549,0.01427
13584121,2,2,0.00193,0.0147,0.98337
23563235,2,2,0.00129,0.00781,0.9909
38861122,0,0,0.80025,0.19383,0.00592
24389547,2,2,0.00324,0.04033,0.95643
34728259,2,2,0.00118,0.00468,0.99414
5244962,2,1,0.06873,0.83398,0.0973
22393807,2,2,0.00132,0.00706,0.99163
20991189,2,2,0.00297,0.01856,0.97847
38021932,2,2,0.00738,0.09908,0.89354
40204388,2,2,0.00107,0.00831,0.99062
26075791,1,1,0.17659,0.518,0.30541
14584582,2,2,0.00278,0.00589,0.99132
16280639,0,0,0.98806,0.00988,0.00206
3737398,0,0,0.78932,0.2051,0.00557
26825593,2,2,0.00256,0.01034,0.98709
15252171,0,0,0.98569,0.01222,0.00209
13387111,2,2,0.00095,0.00394,0.99511
40883967,2,2,0.00135,0.01016,0.98849
20400661,2,2,0.00128,0.00348,0.99524
25428856,2,0,0.48281,0.22762,0.28957
7956619,2,2,0.00329,0.0099,0.9868
38345971,1,0,0.85326,0.14259,0.00414
4684135,0,1,0.32729,0.64332,0.02939
40941419,0,1,0.09547,0.89089,0.01363
3932554,2,2,0.00865,0.14923,0.84212
5356501,2,2,0.00389,0.01297,0.98314
14845411,2,2,0.00106,0.00502,0.99392
28308406,2,2,0.00109,0.00429,0.99461
555824,2,1,0.0431,0.758,0.1989
18311077,2,2,0.01129,0.13303,0.85568
29470656,0,0,0.81294,0.17547,0.0116
8430871,2,2,0.00117,0.01227,0.98655
11780650,2,2,0.00835,0.02614,0.96551
25751747,2,2,0.00438,0.05027,0.94535
10067014,2,2,0.00134,0.00674,0.99193
28979693,0,0,0.91321,0.08249,0.0043
35130968,0,0,0.81327,0.17726,0.00947
35627033,2,2,0.00225,0.01788,0.97988
1863892,2,2,0.00088,0.00609,0.99303
37905523,0,0,0.67935,0.31103,0.00962
2868445,2,2,0.00184,0.01695,0.98122
36594868,0,1,0.30144,0.67401,0.02455
4230799,2,2,0.014,0.22159,0.76441
2270799,2,1,0.01494,0.55188,0.43318
1691822,2,2,0.00195,0.02057,0.97749
717533,2,1,0.08468,0.74593,0.16939
27142507,2,2,0.00185,0.0085,0.98965
3900245,2,2,0.00118,0.00674,0.99208
17588530,2,2,0.00499,0.08759,0.90742
9710175,2,2,0.00113,0.00391,0.99496
24027142,0,0,0.51676,0.47421,0.00903
35661116,1,1,0.16108,0.67159,0.16733
29414146,2,2,0.00089,0.00518,0.99393
40241873,0,0,0.97553,0.02237,0.0021
32740568,2,2,0.001,0.00373,0.99527
17214580,2,2,0.001,0.00394,0.99506
39514299,2,2,0.00508,0.11281,0.88211
36061561,1,1,0.20294,0.73369,0.06336
8897645,2,1,0.03408,0.67384,0.29209
12617944,2,2,0.00122,0.00494,0.99384
23855167,2,2,0.00115,0.0049,0.99395
13146618,2,2,0.00999,0.04029,0.94972
19763723,2,2,0.00762,0.12539,0.86699
14229330,2,2,0.00119,0.01064,0.98817
34624495,2,1,0.03419,0.75429,0.21151
29028531,2,2,0.00213,0.00684,0.99103
27370944,2,2,0.00151,0.0108,0.98769
11740325,2,2,0.00546,0.06194,0.9326
6715204,2,2,0.00478,0.05607,0.93915
30148663,0,0,0.58446,0.40484,0.0107
9601375,2,2,0.00534,0.02402,0.97065
26202562,2,2,0.00331,0.01958,0.97711
29322626,0,0,0.72754,0.26043,0.01204
5421694,0,0,0.77691,0.21743,0.00566
36605459,2,2,0.00388,0.04755,0.94857
26281430,2,2,0.00199,0.01265,0.98536
7461057,0,0,0.98622,0.01213,0.00165
15680464,2,2,0.00108,0.00568,0.99324
10361817,2,2,0.00132,0.00689,0.99179
10375186,2,2,0.01215,0.44202,0.54582
29858353,2,2,0.00144,0.00768,0.99087
22228533,2,2,0.01105,0.24381,0.74514
25235250,2,2,0.00116,0.00482,0.99401
18480021,1,1,0.0489,0.89781,0.05329
23481935,0,0,0.56039,0.42966,0.00995
36935911,2,2,0.0016,0.0119,0.9865
29416400,2,2,0.0019,0.01528,0.98283
5021416,2,2,0.0027,0.00419,0.99311
41069847,2,2,0.0034,0.03888,0.95772
24053492,2,2,0.00666,0.01207,0.98127
20305793,2,2,0.00101,0.0046,0.99438
24449124,2,2,0.00308,0.03052,0.9664
27787962,0,0,0.59399,0.38955,0.01646
22306405,0,0,0.95252,0.04489,0.00259
31180599,0,1,0.04216,0.88046,0.07739
36522589,2,2,0.00218,0.01599,0.98182
20911825,0,1,0.27642,0.70036,0.02323
26580229,2,1,0.0311,0.92688,0.04202
24515068,2,2,0.00097,0.00382,0.99521
38857816,2,0,0.49664,0.48136,0.02199
26221763,2,2,0.01442,0.3959,0.58968
15159848,2,1,0.10337,0.56099,0.33564
19644866,0,0,0.91257,0.07966,0.00777
20107938,1,1,0.02866,0.7747,0.19664
4025140,0,0,0.98515,0.01325,0.0016
38626282,2,2,0.00078,0.00457,0.99465
7227738,2,2,0.0053,0.01601,0.9787
39196690,0,0,0.87326,0.12193,0.0048
32415092,2,2,0.00727,0.01786,0.97487
9742564,2,2,0.0065,0.07249,0.921
24876951,2,2,0.00101,0.0069,0.99209
16619660,2,2,0.001,0.00436,0.99464
40327572,2,2,0.0037,0.01615,0.98014
13322275,0,1,0.06772,0.90516,0.02712
4317999,2,2,0.00118,0.00439,0.99442
16626768,2,2,0.0012,0.00464,0.99416
4429343,2,2,0.01452,0.31282,0.67266
1130779,2,2,0.04232,0.05991,0.89777
27988506,2,2,0.00371,0.01348,0.9828
29973618,2,2,0.00173,0.01612,0.98215
15670887,2,2,0.00089,0.00486,0.99424
2001009,2,2,0.00093,0.00619,0.99288
20868764,0,1,0.20388,0.77243,0.02369
17458717,0,0,0.96928,0.02879,0.00193
35523344,2,2,0.00431,0.0346,0.96109
40823425,2,2,0.00238,0.0206,0.97702
27159487,2,2,0.00103,0.00568,0.99329
2042983,2,2,0.00145,0.00542,0.99313
30131881,2,2,0.00596,0.05269,0.94135
19412414,0,0,0.98934,0.00849,0.00216
12876008,2,2,0.00103,0.00397,0.995
27010141,2,2,0.00487,0.02168,0.97345
32549083,2,2,0.00092,0.00446,0.99461
18848504,1,0,0.94746,0.0486,0.00393
20489785,2,2,0.12737,0.2,0.67263
22425300,2,2,0.00123,0.00922,0.98955
33394632,2,2,0.00223,0.00897,0.9888
41224799,2,2,0.00111,0.00391,0.99498
28377485,1,1,0.12197,0.86162,0.01641
12522019,0,0,0.41048,0.26999,0.31953
29550744,0,0,0.94525,0.05165,0.0031
24438666,0,0,0.93367,0.06366,0.00266
28704437,2,2,0.00216,0.01023,0.98761
6701980,0,2,0.04298,0.0937,0.86332
8126644,0,0,0.9883,0.00954,0.00216
24020794,0,0,0.73266,0.2592,0.00814
8540073,0,1,0.30427,0.68034,0.01539
33500502,0,0,0.74561,0.24975,0.00465
20974804,2,2,0.00154,0.00568,0.99278
15848472,2,2,0.00209,0.01442,0.9835
11769250,2,2,0.00189,0.00486,0.99325
40391827,2,2,0.0024,0.01329,0.9843
34876451,0,0,0.88114,0.11202,0.00683
28948385,2,2,0.21619,0.28992,0.49389
38384875,0,0,0.94327,0.05316,0.00357
22046425,2,2,0.00551,0.0232,0.97129
22349731,2,2,0.00194,0.01092,0.98714
34181790,1,2,0.15855,0.21926,0.62219
893898,2,2,0.00289,0.03041,0.9667
18991826,2,2,0.00188,0.00805,0.99007
19234386,0,0,0.94316,0.05344,0.0034
11065149,2,2,0.00104,0.00391,0.99504
23717682,2,2,0.00109,0.00468,0.99423
28712126,0,0,0.96146,0.03502,0.00352
33251882,2,2,0.00607,0.04938,0.94455
14477358,2,2,0.00106,0.00808,0.99086
32327486,0,0,0.85131,0.14144,0.00725
18001953,2,2,0.00203,0.0108,0.98717
39975694,2,2,0.00084,0.00468,0.99448
31078791,0,1,0.06548,0.84912,0.0854
37773839,2,2,0.00431,0.0346,0.96109
33994647,2,2,0.04941,0.03629,0.9143
11484663,2,2,0.0118,0.04366,0.94454
41480714,0,1,0.40833,0.57584,0.01583
41238788,2,2,0.00164,0.00689,0.99147
34895242,2,2,0.0255,0.13647,0.83803
731649,2,2,0.00098,0.00413,0.99489
18784957,2,2,0.02687,0.27461,0.69851
8055177,2,2,0.00116,0.00915,0.98969
21157660,2,2,0.00502,0.02286,0.97212
31188636,2,1,0.08735,0.89367,0.01899
41249315,2,2,0.00126,0.00479,0.99396
34930429,2,2,0.0766,0.37265,0.55075
23838377,0,0,0.97295,0.02525,0.00179
14806417,0,0,0.76703,0.19737,0.0356
23965549,2,2,0.01442,0.07231,0.91327
17661774,0,0,0.92762,0.06766,0.00472
37235727,0,2,0.12561,0.20851,0.66588
1146028,2,1,0.04008,0.92656,0.03336
1270189,2,2,0.00363,0.02018,0.97619
22032779,2,2,0.00135,0.00966,0.98899
10442479,2,2,0.00146,0.01499,0.98355
36990363,2,2,0.00123,0.0085,0.99026
26946287,2,2,0.0016,0.01499,0.98341
34802020,2,2,0.0062,0.12948,0.86432
8517978,2,2,0.00507,0.0295,0.96544
35497263,2,2,0.24038,0.15235,0.60727
13964627,2,2,0.0012,0.00933,0.98948
1374056,2,2,0.00116,0.00502,0.99382
32580895,2,2,0.00186,0.00471,0.99343
23021633,2,2,0.0014,0.00985,0.98876
19068182,2,2,0.00486,0.02385,0.97129
1008663,2,2,0.00182,0.00762,0.99055
14015966,2,0,0.95063,0.04662,0.00275
1400644,2,2,0.00104,0.00551,0.99345
28276466,2,2,0.00088,0.00534,0.99378
34210611,2,0,0.76153,0.23135,0.00712
38989357,2,2,0.00114,0.00877,0.99009
40542628,0,0,0.96109,0.03453,0.00438
13652214,2,2,0.00194,0.00939,0.98867
36048182,0,0,0.92563,0.07208,0.00229
12438174,2,2,0.00108,0.00609,0.99283
5012303,2,2,0.00287,0.02074,0.97638
29682530,2,2,0.00219,0.01153,0.98628
11765539,2,2,0.00634,0.0668,0.92685
17313357,0,0,0.70003,0.2941,0.00587
15984148,2,2,0.00166,0.00824,0.9901
39513304,0,0,0.65419,0.33939,0.00641
29019648,2,2,0.00179,0.01335,0.98486
2617613,2,2,0.00193,0.01588,0.9822
26131950,1,1,0.09538,0.85007,0.05456
12757118,1,1,0.15234,0.82515,0.02251
26684333,0,0,0.68434,0.30605,0.00961
29502615,0,0,0.88754,0.10894,0.00352
28634425,2,2,0.0045,0.02413,0.97137
28437767,2,2,0.01729,0.05326,0.92945
23963379,2,2,0.00494,0.09606,0.899
37062763,2,2,0.00158,0.00936,0.98906
37669172,2,2,0.00393,0.03554,0.96054
4977604,2,2,0.00398,0.00693,0.98909
14351687,2,2,0.00192,0.02117,0.97692
27354759,2,2,0.00871,0.04529,0.94599
32765827,2,2,0.0012,0.00394,0.99486
23832365,2,2,0.04453,0.1475,0.80797
38296508,2,2,0.00114,0.00722,0.99163
9952618,2,2,0.00128,0.00382,0.9949
9150186,2,2,0.00228,0.01983,0.9779
37684265,2,2,0.0021,0.02136,0.97653
14989895,2,2,0.00089,0.00446,0.99464
18662455,2,2,0.00429,0.0245,0.9712
8593370,0,0,0.78448,0.19604,0.01949
20154728,2,2,0.00148,0.013,0.98552
19127629,0,0,0.84891,0.1458,0.00529
22058401,2,2,0.00101,0.00388,0.99511
15036675,0,0,0.97466,0.02292,0.00242
8901501,2,2,0.00173,0.013,0.98527
38458431,2,2,0.00394,0.01731,0.97875
35170757,1,1,0.35511,0.62323,0.02166
22498406,2,2,0.00244,0.02974,0.96782
24737519,2,2,0.00107,0.00966,0.98927
36994429,1,1,0.27483,0.70455,0.02062
24958336,0,0,0.96103,0.03528,0.00369
37314558,0,1,0.09547,0.76871,0.13582
34231464,2,2,0.00111,0.00568,0.99321
37231516,2,2,0.00084,0.0044,0.99477
648621,2,2,0.01767,0.12444,0.85789
37834714,2,2,0.00154,0.00572,0.99274
22644189,1,1,0.15697,0.80184,0.04119
13164031,2,2,0.0102,0.12721,0.86259
1359931,2,1,0.03395,0.83541,0.13064
27621165,0,0,0.98588,0.01241,0.00171
32639333,2,2,0.0012,0.00604,0.99276
14174256,2,1,0.21959,0.63414,0.14627
26961336,0,0,0.91271,0.08325,0.00403
17928674,2,2,0.00245,0.02386,0.97369
29408812,0,0,0.97342,0.02461,0.00197
20791920,0,0,0.88988,0.10587,0.00425
2188417,0,0,0.67562,0.31914,0.00524
3904901,2,2,0.00161,0.00969,0.9887
41571618,0,0,0.85161,0.144,0.0044
16152730,2,2,0.00188,0.00911,0.98901
5939548,2,1,0.03739,0.49258,0.47002
8443445,2,2,0.02999,0.15308,0.81693
26195463,2,2,0.00138,0.00757,0.99106
22527150,2,2,0.16515,0.17006,0.66478
35349309,2,2,0.0015,0.01336,0.98514
5258063,2,1,0.11181,0.85299,0.03521
19744544,2,2,0.00121,0.01114,0.98764
1243112,2,2,0.00092,0.00538,0.9937
33085726,2,2,0.00199,0.01212,0.98588
25668185,0,0,0.81809,0.1735,0.00841
16449285,2,2,0.00138,0.00918,0.98944
17031533,0,0,0.9834,0.01487,0.00173
39209850,0,0,0.97958,0.01888,0.00154
16395248,2,2,0.02184,0.04941,0.92874
5605702,2,2,0.00281,0.01156,0.98562
29393189,2,2,0.00101,0.00663,0.99236
16915892,0,1,0.11556,0.71206,0.17238
35536589,0,0,0.97088,0.02693,0.00219
30315713,2,2,0.02735,0.20406,0.7686
29027959,0,1,0.25432,0.72733,0.01835
6364239,2,2,0.01801,0.26259,0.7194
23244973,1,1,0.13554,0.81981,0.04465
17252607,2,2,0.02384,0.29038,0.68578
9591341,0,0,0.6778,0.31275,0.00944
35943993,2,2,0.00884,0.11714,0.87402
8353263,1,1,0.03096,0.88388,0.08516
29271455,2,2,0.00116,0.00915,0.98969
20302385,2,2,0.00115,0.00367,0.99518
11060995,0,0,0.98631,0.01227,0.00141
28915713,2,2,0.00084,0.00546,0.9937
22865798,2,2,0.00971,0.21853,0.77175
19170889,2,2,0.12561,0.20851,0.66588
19826516,2,2,0.00391,0.05415,0.94194
36923858,2,2,0.00103,0.00538,0.99359
7523070,2,1,0.04717,0.75539,0.19744
12452487,2,2,0.00138,0.00774,0.99088
26925635,2,2,0.00648,0.00879,0.98473
37386571,0,0,0.78131,0.21193,0.00676
20469136,0,0,0.50711,0.44927,0.04362
4134742,2,2,0.00106,0.007,0.99194
22768347,2,2,0.02018,0.08734,0.89248
20399567,2,2,0.00103,0.00542,0.99355
31000481,1,1,0.13942,0.77647,0.08411
25475287,2,2,0.00118,0.00555,0.99327
38409761,2,2,0.00183,0.02121,0.97696
4822795,2,2,0.00148,0.01552,0.983
38468084,2,2,0.00095,0.00436,0.99469
6808486,2,2,0.03216,0.38877,0.57907
35887590,0,0,0.97414,0.02392,0.00194
28052553,2,2,0.00101,0.00486,0.99413
27779577,2,2,0.00113,0.00619,0.99269
14156827,2,2,0.02042,0.0334,0.94618
22664948,1,1,0.05477,0.85334,0.09189
40644629,2,2,0.00137,0.01072,0.98791
10524316,2,2,0.00089,0.0044,0.99471
10162609,2,2,0.02767,0.27516,0.69717
36523672,2,1,0.02801,0.89905,0.07294
8720254,2,2,0.00173,0.01399,0.98428
21515504,0,0,0.95712,0.04069,0.00219
38268809,2,2,0.00141,0.0131,0.98548
40727665,2,2,0.00451,0.06675,0.92874
14029504,2,2,0.00143,0.00443,0.99415
28588599,2,2,0.00122,0.00643,0.99235
6908014,2,2,0.00106,0.00509,0.99385
2382296,0,0,0.59735,0.38871,0.01394
18589230,2,2,0.00264,0.01371,0.98366
11442598,2,2,0.05499,0.45682,0.48819
28523980,2,2,0.00087,0.0042,0.99494
38539163,2,2,0.00108,0.00416,0.99476
17766585,0,0,0.9637,0.03266,0.00364
24943482,2,2,0.00226,0.0258,0.97194
34448578,2,1,0.0244,0.64918,0.32643
3602866,2,2,0.00107,0.00796,0.99097
31976479,0,0,0.75659,0.23622,0.00719
14987112,0,1,0.44526,0.50258,0.05215
28921350,2,2,0.00136,0.0045,0.99414
3057659,2,2,0.00188,0.0087,0.98942
18866762,0,0,0.93611,0.06126,0.00263
26307524,0,0,0.85781,0.1384,0.00379
14589356,2,2,0.00255,0.01544,0.982
13396839,1,1,0.05968,0.89084,0.04948
15673417,2,2,0.00197,0.02414,0.97389
3907598,2,2,0.00246,0.02189,0.97565
41100286,2,2,0.0268,0.05741,0.91578
4185071,2,2,0.00129,0.00989,0.98882
29966632,2,2,0.00106,0.00335,0.99559
36880914,2,2,0.00107,0.00711,0.99181
1134657,2,2,0.00167,0.0041,0.99424
21021558,0,0,0.97807,0.01979,0.00214
23175231,1,1,0.30705,0.65512,0.03784
26434862,0,0,0.87346,0.12101,0.00553
6127401,2,2,0.00138,0.00769,0.99094
28226770,2,2,0.00205,0.01612,0.98183
17792570,0,0,0.93197,0.06358,0.00445
40338860,0,0,0.96313,0.0344,0.00246
33575333,2,2,0.00614,0.05412,0.93975
19926511,2,2,0.0012,0.0037,0.9951
5563585,2,2,0.0022,0.00618,0.99162
40023134,2,2,0.00363,0.02034,0.97603
31627957,2,2,0.002,0.00843,0.98957
5235000,2,2,0.00629,0.18302,0.81069
3149139,2,2,0.00342,0.03424,0.96234
12262404,2,2,0.00243,0.0172,0.98037
38521100,2,2,0.00444,0.00737,0.98819
27243974,2,1,0.07945,0.69989,0.22066
24790543,2,2,0.00111,0.00643,0.99246
24144096,2,2,0.00159,0.00457,0.99384
27935671,2,2,0.0013,0.00353,0.99517
29119796,2,2,0.00101,0.00669,0.9923
40101065,1,1,0.38603,0.60258,0.01139
1961276,2,2,0.00185,0.00824,0.98991
24581874,2,2,0.00093,0.00709,0.99198
8181381,2,2,0.00118,0.00787,0.99095
25729824,2,2,0.00137,0.01341,0.98522
659290,2,2,0.00247,0.03181,0.96572
39847262,0,0,0.91474,0.08135,0.00392
1773374,2,2,0.00215,0.01581,0.98204
34229651,2,2,0.00329,0.01138,0.98533
19006315,0,1,0.21521,0.76896,0.01584
21362507,2,2,0.00145,0.00436,0.99419
13697198,0,0,0.98567,0.0127,0.00163
17069818,1,1,0.16971,0.74971,0.08058
7570655,2,2,0.00773,0.02566,0.96661
18079502,2,2,0.00596,0.08147,0.91257
5396716,2,2,0.00132,0.00739,0.99129
28071957,1,0,0.78889,0.20579,0.00532
41628341,0,0,0.94585,0.05177,0.00238
24910171,2,2,0.00161,0.01076,0.98763
23438123,2,2,0.00125,0.00989,0.98886
10600107,2,2,0.0025,0.01864,0.97885
2167201,0,1,0.2428,0.74497,0.01223
17358513,2,2,0.01066,0.20596,0.78338
16702718,2,2,0.00109,0.00905,0.98987
40958955,2,2,0.00168,0.01043,0.98789
22969934,2,2,0.00204,0.00658,0.99139
28174360,2,2,0.00149,0.00962,0.98889
23247573,2,1,0.46352,0.50908,0.0274
23559659,2,2,0.00763,0.1102,0.88217
1482209,2,2,0.00147,0.00446,0.99407
16986640,2,2,0.0161,0.07668,0.90721
29862665,2,2,0.01843,0.47162,0.50995
34425063,2,2,0.0287,0.02826,0.94304
18309359,2,2,0.01315,0.10001,0.88683
28283956,2,2,0.00181,0.01499,0.9832
38694608,2,2,0.00113,0.00379,0.99508
40194821,2,2,0.00182,0.01135,0.98683
12117435,2,2,0.00316,0.01921,0.97763
36722328,0,0,0.97043,0.02784,0.00173
12022477,2,2,0.00298,0.03225,0.96478
6336861,0,0,0.93796,0.05915,0.00289
345726,2,2,0.00133,0.01097,0.9877
4068154,2,2,0.00137,0.00981,0.98882
6644402,1,0,0.76181,0.22519,0.01301
13895139,2,2,0.00095,0.00624,0.99282
29048647,0,0,0.68168,0.30967,0.00865
23945743,2,2,0.00097,0.00479,0.99425
22304513,2,2,0.00102,0.00815,0.99083
12328384,1,1,0.30548,0.68304,0.01148
41233724,2,2,0.00427,0.02902,0.96671
18366629,2,2,0.00113,0.00643,0.99244
9606610,2,2,0.01295,0.37265,0.6144
20841144,2,2,0.00188,0.0085,0.98962
15166537,0,1,0.2315,0.71308,0.05542
12727955,2,2,0.00752,0.1365,0.85598
31811363,2,2,0.00191,0.00954,0.98855
1875254,2,2,0.00195,0.00501,0.99304
20781816,2,2,0.00103,0.00382,0.99515
26829799,2,1,0.16243,0.71108,0.1265
5571546,2,2,0.00113,0.00745,0.99142
24863555,1,0,0.61758,0.30513,0.0773
30944705,2,2,0.00465,0.0521,0.94325
34356305,2,2,0.00274,0.00618,0.99108
40431175,2,2,0.00592,0.05811,0.93597
37029809,2,2,0.0255,0.13647,0.83803
34450500,0,0,0.97354,0.02423,0.00223
9900839,2,2,0.03346,0.18087,0.78567
38017145,2,2,0.00223,0.02575,0.97202
33902709,2,2,0.00149,0.00901,0.98951
2769316,2,2,0.00191,0.00762,0.99047
7567071,0,0,0.97623,0.02174,0.00204
37486677,2,2,0.0014,0.00577,0.99283
34199255,2,2,0.00299,0.01288,0.98413
13103846,2,2,0.0015,0.0034,0.99511
1108369,2,2,0.00197,0.0075,0.99052
26321453,0,0,0.76224,0.23156,0.0062
23756806,2,2,0.00092,0.0049,0.99418
29632855,0,0,0.89578,0.09837,0.00585
40159350,2,2,0.00307,0.01712,0.97981
31277335,2,2,0.00395,0.04368,0.95237
3887388,2,2,0.00095,0.00453,0.99452
2647169,2,2,0.00131,0.00769,0.991
31015444,2,2,0.00106,0.00595,0.99299
36536765,0,0,0.51197,0.30691,0.18113
27670218,2,2,0.00218,0.01675,0.98107
31196766,1,1,0.37677,0.6068,0.01643
34440635,0,0,0.9811,0.01698,0.00192
31831155,2,2,0.00116,0.00915,0.98969
36441911,0,1,0.32782,0.66221,0.00998
40177803,2,1,0.02265,0.73283,0.24451
16984972,0,0,0.97228,0.02368,0.00404
9996643,1,1,0.13293,0.79195,0.07512
16383706,2,2,0.00116,0.00706,0.99178
6226807,2,2,0.00104,0.00419,0.99476
27627446,2,2,0.00144,0.01064,0.98792
41028848,2,2,0.0131,0.06857,0.91833
18771785,2,2,0.00183,0.00348,0.99469
2801263,2,2,0.00106,0.00619,0.99276
25527034,1,1,0.04824,0.70339,0.24837
33375379,2,2,0.00343,0.01597,0.9806
37765410,2,2,0.00136,0.00843,0.99021
35164226,2,1,0.03185,0.70254,0.26561
35277795,0,0,0.67421,0.31847,0.00732
40786008,0,0,0.98299,0.01564,0.00137
23347220,0,0,0.58366,0.40114,0.01519
25967530,2,2,0.00126,0.00429,0.99445
39644271,0,0,0.97875,0.01927,0.00198
9488522,0,0,0.84137,0.15322,0.00541
36192302,0,1,0.03148,0.52013,0.44838
8911476,2,2,0.00131,0.0128,0.98589
21515852,2,2,0.0096,0.07017,0.92023
11556779,2,2,0.00194,0.00817,0.98989
29224872,2,2,0.00272,0.02767,0.96961
7524374,0,0,0.61455,0.37567,0.00978
31468395,2,2,0.01066,0.07357,0.91577
20585901,2,2,0.01519,0.3338,0.65101
26175325,0,0,0.61987,0.35045,0.02968
28658615,2,2,0.00104,0.00482,0.99413
20769825,2,2,0.0034,0.03837,0.95823
14576928,1,0,0.75631,0.23156,0.01213
17729109,2,2,0.00095,0.00643,0.99262
36386926,2,2,0.00375,0.03468,0.96157
27961548,2,2,0.00219,0.01255,0.98526
10861239,2,0,0.48622,0.41265,0.10112
29646923,2,2,0.00219,0.01096,0.98684
28185386,1,1,0.04216,0.89442,0.06341
23072886,0,0,0.96363,0.03183,0.00453
11263276,2,2,0.00131,0.01145,0.98724
14326992,2,2,0.00102,0.00763,0.99135
6630707,2,2,0.0322,0.18154,0.78626
20145573,2,2,0.00173,0.01162,0.98664
614403,2,2,0.00173,0.01637,0.9819
756968,0,2,0.04241,0.09918,0.85842
19781185,2,1,0.03157,0.80169,0.16674
31125461,2,2,0.00138,0.00623,0.99239
8143805,2,2,0.00118,0.00382,0.995
23977186,2,0,0.74846,0.20764,0.04391
29344466,0,0,0.70759,0.28589,0.00652
36132902,2,2,0.07728,0.05879,0.86393
16893231,2,2,0.00109,0.00546,0.99344
6177726,2,2,0.00412,0.06339,0.93248
3954196,2,2,0.00176,0.01208,0.98616
1772129,2,2,0.00601,0.07362,0.92037
19271183,2,2,0.00207,0.01994,0.97798
22912806,1,1,0.05656,0.85753,0.08591
35861706,2,2,0.00164,0.00457,0.99379
5682778,0,0,0.60221,0.37686,0.02093
30499966,2,2,0.00262,0.01997,0.97741
27238318,0,1,0.18946,0.79455,0.01598
11135884,2,2,0.00674,0.10992,0.88334
25546040,2,2,0.00126,0.00475,0.99399
25103305,2,2,0.0012,0.00623,0.99257
5914688,0,0,0.93663,0.06094,0.00243
24847085,2,2,0.00157,0.00432,0.99411
18778832,2,2,0.00361,0.05561,0.94078
6162281,2,2,0.00141,0.01357,0.98502
27509353,2,2,0.00103,0.00564,0.99334
14592727,2,2,0.00242,0.00409,0.99348
29987596,2,2,0.00113,0.0045,0.99437
1126043,2,2,0.00125,0.00827,0.99047
8926663,2,1,0.08469,0.76374,0.15157
17383522,0,1,0.17239,0.80495,0.02266
39502196,2,2,0.00088,0.00464,0.99448
4111715,2,2,0.00153,0.01465,0.98382
37525124,2,2,0.00559,0.0538,0.94061
26699635,2,2,0.00164,0.00376,0.9946
22615536,2,2,0.00096,0.00506,0.99398
36758836,2,2,0.00986,0.07418,0.91595
15349202,0,0,0.94766,0.05003,0.00231
706458,2,2,0.00129,0.00834,0.99037
10566507,2,2,0.00091,0.00446,0.99463
31848948,2,2,0.04439,0.057,0.89861
15538656,2,2,0.02046,0.068,0.91155
1153675,2,2,0.00146,0.00944,0.9891
13943433,2,2,0.00207,0.00413,0.9938
16925,2,1,0.06211,0.8777,0.0602
20696115,2,2,0.00087,0.00379,0.99534
11359111,2,2,0.00201,0.00529,0.9927
4687192,2,2,0.00223,0.0259,0.97187
26281446,2,2,0.0037,0.06239,0.93392
39354711,2,2,0.00237,0.01212,0.98551
33238808,2,2,0.00122,0.00475,0.99403
651467,0,0,0.9863,0.01194,0.00176
16450320,1,2,0.26855,0.11343,0.61802
31166425,2,2,0.04573,0.04645,0.90782
35984321,0,1,0.42596,0.55991,0.01413
28070744,1,1,0.09254,0.51015,0.39731
8149493,2,2,0.00432,0.01697,0.9787
21844471,2,2,0.00107,0.00638,0.99254
18552447,2,2,0.00235,0.01886,0.97879
17391789,2,1,0.2844,0.3763,0.3393
34205074,0,0,0.67831,0.31055,0.01114
8611911,2,2,0.00208,0.01781,0.98011
23133494,2,2,0.00111,0.006,0.99289
428230,2,2,0.00144,0.01246,0.9861
28242718,1,2,0.02663,0.44685,0.52652
11850020,0,0,0.9806,0.01751,0.00189
40971837,0,0,0.97147,0.02671,0.00182
22029223,2,2,0.00205,0.01409,0.98386
21438295,2,2,0.00139,0.01114,0.98746
34499728,2,2,0.00104,0.00373,0.99522
27809193,0,0,0.69815,0.29562,0.00623
19197008,0,0,0.98945,0.00798,0.00257
41540100,1,0,0.538,0.42893,0.03308
35523185,2,2,0.00377,0.06038,0.93585
21008293,2,2,0.00138,0.0084,0.99022
9427124,2,2,0.00216,0.00843,0.98941
17821980,2,2,0.00109,0.00391,0.995
38247759,2,2,0.00089,0.00648,0.99263
17858407,0,0,0.94581,0.05136,0.00283
12565571,2,2,0.0198,0.06992,0.91028
6748786,2,2,0.0027,0.00373,0.99357
17823362,0,0,0.94476,0.05051,0.00473
30329862,2,2,0.12561,0.20851,0.66588
14558739,2,2,0.00118,0.00955,0.98928
98514,2,1,0.03405,0.63259,0.33335
36873324,0,1,0.25792,0.71772,0.02437
15083759,2,2,0.0061,0.08844,0.90546
37013067,2,0,0.61617,0.21928,0.16455
3708732,2,0,0.76622,0.21953,0.01425
8932117,2,2,0.00855,0.07783,0.91362
32588355,2,2,0.01057,0.01574,0.9737
23785326,2,2,0.00134,0.0041,0.99456
24520673,2,2,0.00109,0.0045,0.99441
11117223,2,2,0.00163,0.01118,0.98719
13772971,2,2,0.00211,0.01754,0.98035
39366048,0,0,0.79639,0.19593,0.00769
39097502,2,2,0.00191,0.00653,0.99156
18606577,2,2,0.00273,0.02399,0.97328
36311942,2,2,0.0103,0.13249,0.85721
23857293,2,2,0.00352,0.02138,0.97511
6937809,2,2,0.00092,0.00638,0.9927
18219400,2,2,0.00915,0.24644,0.74441
608834,2,2,0.00124,0.00551,0.99326
4757501,2,2,0.0012,0.00391,0.99489
28475616,2,2,0.00138,0.00494,0.99368
27544218,2,2,0.00355,0.02749,0.96896
15081980,0,0,0.90266,0.09403,0.00331
5817603,2,2,0.00593,0.15467,0.8394
552138,2,2,0.00116,0.00915,0.98969
3549663,2,2,0.00281,0.02772,0.96947
27435373,2,2,0.04431,0.1884,0.76729
19573618,2,1,0.37626,0.52443,0.09931
37292507,1,1,0.02509,0.69979,0.27511
17273989,2,2,0.00171,0.01114,0.98715
16500935,2,2,0.00126,0.00453,0.99421
35644512,2,1,0.18261,0.80257,0.01481
35585837,2,2,0.00132,0.00648,0.9922
34811838,2,2,0.00164,0.00695,0.99142
15411531,2,2,0.00852,0.09487,0.89661
1534983,1,2,0.02703,0.33836,0.63461
21952055,2,2,0.00216,0.01157,0.98627
9534285,2,2,0.00116,0.004,0.99483
4045601,2,2,0.00118,0.00623,0.99259
24433171,2,2,0.00289,0.02912,0.96799
1178391,2,2,0.00204,0.00521,0.99275
40286260,0,0,0.90043,0.09565,0.00392
22648186,2,0,0.52232,0.43984,0.03784
29992274,2,2,0.01183,0.0337,0.95447
20931043,0,0,0.84663,0.14886,0.00451
37185965,1,1,0.11383,0.76285,0.12332
12373667,2,2,0.00183,0.00668,0.99149
15940226,2,2,0.00086,0.00577,0.99337
9187615,2,2,0.0013,0.00633,0.99237
37685316,0,0,0.9878,0.01007,0.00213
11843562,2,2,0.00159,0.00668,0.99173
20929300,2,2,0.00178,0.01656,0.98166
40018801,2,2,0.00133,0.01158,0.98709
41879,1,1,0.23306,0.75529,0.01165
6592182,2,2,0.01067,0.1929,0.79643
39320143,2,2,0.00109,0.00413,0.99478
29809364,2,2,0.00242,0.00632,0.99126
40677533,0,0,0.73255,0.25816,0.00929
1793433,2,2,0.04766,0.14623,0.80611
9490927,2,2,0.04692,0.17793,0.77515
17218552,2,2,0.10075,0.19166,0.70759
29026943,2,2,0.00993,0.1234,0.86667
4364881,2,2,0.31937,0.07161,0.60902
36006680,1,0,0.72939,0.26211,0.00849
33548345,2,2,0.00156,0.00525,0.99318
4323666,0,0,0.98687,0.01144,0.00168
2925589,2,2,0.00231,0.02036,0.97733
31560622,2,2,0.0451,0.20976,0.74514
40523005,2,2,0.0013,0.0045,0.9942
40452217,2,2,0.02777,0.05994,0.9123
12421551,2,2,0.00562,0.06347,0.93091
39918395,2,2,0.00935,0.01404,0.97661
13095313,2,2,0.00697,0.10856,0.88447
25051317,2,2,0.00088,0.00555,0.99357
23002142,2,1,0.03402,0.64696,0.31902
16497920,2,2,0.00132,0.00568,0.993
6842923,2,2,0.00232,0.01668,0.981
23599309,2,2,0.00166,0.00897,0.98937
13985782,2,2,0.00622,0.011,0.98278
13497642,2,2,0.00104,0.00367,0.99528
38045303,2,2,0.00171,0.01088,0.98741
18087838,2,2,0.00145,0.00403,0.99452
33861371,2,2,0.00135,0.01204,0.98661
19909713,0,0,0.98911,0.00779,0.0031
2194257,2,2,0.00506,0.01454,0.98039
41055547,2,2,0.0023,0.01212,0.98559
28671858,2,2,0.13641,0.31561,0.54799
24425829,2,2,0.00489,0.03305,0.96206
11326005,2,1,0.07524,0.83131,0.09345
39511703,2,2,0.00502,0.02304,0.97194
28252746,2,2,0.00092,0.0044,0.99468
19675730,2,2,0.00186,0.00572,0.99242
40861321,2,2,0.00868,0.04925,0.94207
18200724,2,2,0.00126,0.00468,0.99407
28301820,2,2,0.00344,0.04147,0.95508
25409755,0,0,0.967,0.03078,0.00222
31269298,2,2,0.00176,0.01367,0.98458
13379892,0,0,0.98514,0.0131,0.00176
25875249,2,2,0.00203,0.00786,0.9901
40242885,2,2,0.00171,0.00951,0.98878
26196457,2,2,0.00175,0.01669,0.98156
19962262,2,2,0.00124,0.0034,0.99536
25312743,2,1,0.08653,0.82744,0.08603
40957960,2,2,0.00619,0.03142,0.96239
14655407,0,0,0.71603,0.27284,0.01113
12730298,2,2,0.00151,0.00774,0.99074
11345802,2,2,0.00413,0.04597,0.9499
11060486,1,1,0.11134,0.82595,0.0627
17383122,2,2,0.00127,0.00911,0.98961
38717382,2,2,0.01169,0.00755,0.98076
33748603,2,2,0.00135,0.00985,0.9888
23803325,2,2,0.00098,0.00714,0.99188
21143094,2,2,0.00249,0.00984,0.98768
24946745,2,1,0.08311,0.88655,0.03034
20644419,2,2,0.00126,0.00684,0.9919
23072738,2,1,0.02754,0.63169,0.34077
15551694,2,1,0.02383,0.49381,0.48237
25016314,2,2,0.00313,0.04275,0.95412
29299731,0,0,0.85144,0.13954,0.00903
21891459,2,1,0.13829,0.57657,0.28514
26770391,2,2,0.00134,0.0037,0.99496
40614291,2,2,0.00098,0.00581,0.99321
33881496,2,2,0.00175,0.01689,0.98136
19636385,2,1,0.06325,0.82344,0.11331
31388955,0,1,0.45921,0.4701,0.0707
1636381,2,2,0.00098,0.00663,0.99239
3118421,2,2,0.01483,0.0529,0.93226
39950698,0,0,0.62846,0.36089,0.01065
23591888,2,2,0.00367,0.00916,0.98716
28475619,2,2,0.00138,0.00586,0.99276
4961094,2,2,0.00103,0.00623,0.99274
8039602,0,0,0.91644,0.08086,0.0027
16387325,1,1,0.37117,0.55937,0.06947
15742299,2,2,0.00275,0.01989,0.97736
12051031,2,2,0.00151,0.01118,0.98731
8150198,2,2,0.04939,0.10872,0.84189
18721964,2,2,0.0013,0.00534,0.99337
12305384,2,2,0.00126,0.00433,0.99442
31496600,2,2,0.00159,0.00572,0.99269
12295340,2,2,0.00111,0.00513,0.99376
20860390,2,2,0.00204,0.02153,0.97643
14856092,2,2,0.00115,0.00542,0.99343
1214459,0,0,0.86441,0.12949,0.0061
14670080,2,2,0.00134,0.00633,0.99233
35795341,2,2,0.01478,0.31107,0.67415
2800031,2,1,0.02574,0.87268,0.10158
38462234,2,2,0.00104,0.00426,0.9947
11162878,2,2,0.00099,0.00628,0.99272
13780620,2,2,0.00128,0.00577,0.99296
11896825,2,2,0.001,0.00433,0.99468
18626145,2,2,0.00122,0.00614,0.99264
31688382,2,2,0.00113,0.00728,0.99159
21174835,2,2,0.00184,0.01285,0.98531
22225613,1,1,0.02022,0.86646,0.11332
39058069,2,2,0.00109,0.00734,0.99157
39547544,0,0,0.8689,0.12542,0.00567
30639796,2,2,0.00616,0.03546,0.95838
16363276,2,2,0.00165,0.01558,0.98277
26073807,1,2,0.0528,0.10833,0.83887
6283887,2,2,0.00123,0.00944,0.98933
32117780,0,0,0.7836,0.20124,0.01516
15019089,2,2,0.00118,0.0059,0.99292
5996129,2,1,0.03461,0.84499,0.1204
20167976,0,0,0.71169,0.28089,0.00743
31813830,2,2,0.00171,0.00876,0.98952
12470003,2,2,0.00253,0.00678,0.99069
16214357,2,2,0.00246,0.02052,0.97702
38336730,2,2,0.00167,0.01755,0.98078
30781538,2,2,0.00194,0.00811,0.98995
24914372,0,0,0.90776,0.08797,0.00427
1562642,2,2,0.00737,0.02791,0.96473
41036884,2,2,0.00091,0.00638,0.99271
9936189,2,2,0.00629,0.0306,0.96311
17522084,2,2,0.00147,0.00475,0.99378
8462124,2,2,0.00438,0.02071,0.97491
360868,0,0,0.9746,0.02204,0.00335
39285950,0,0,0.98792,0.00835,0.00373
14637927,2,2,0.00293,0.01856,0.97851
27215811,1,1,0.06776,0.88566,0.04657
32201465,2,2,0.00092,0.0049,0.99418
16105581,2,2,0.00111,0.00722,0.99167
40978431,2,2,0.00718,0.10949,0.88333
28957088,2,2,0.00418,0.02048,0.97534
16664005,2,2,0.00168,0.01448,0.98384
17877214,0,1,0.45236,0.51661,0.03103
25757794,2,2,0.01436,0.00957,0.97607
35109691,2,2,0.00372,0.04244,0.95384
21283465,1,0,0.4852,0.47768,0.03712
3877506,0,0,0.82206,0.17231,0.00563
28824789,1,1,0.21367,0.76051,0.02582
35298783,2,2,0.02226,0.05299,0.92474
14294133,2,2,0.00343,0.04521,0.95136
3713653,2,2,0.02027,0.06925,0.91047
32594754,2,2,0.00396,0.01137,0.98466
14659613,2,2,0.0022,0.02249,0.97531
799451,2,2,0.04899,0.11592,0.83509
1187274,2,2,0.00203,0.00925,0.98872
10700859,2,2,0.00091,0.00391,0.99518
16510412,2,2,0.01237,0.30685,0.68078
28346289,2,2,0.00108,0.00513,0.99379
12186179,2,2,0.06166,0.25434,0.68399
2254503,2,2,0.02203,0.24827,0.7297
1873150,2,2,0.01739,0.01088,0.97173
35519853,2,2,0.00173,0.01426,0.98401
29200057,2,2,0.00142,0.01016,0.98843
32852434,2,2,0.00118,0.00684,0.99198
39335553,2,2,0.00095,0.00388,0.99517
27182628,1,1,0.13621,0.83521,0.02858
8724654,0,0,0.88403,0.11283,0.00314
15737169,2,2,0.00169,0.00668,0.99163
17545662,2,2,0.00163,0.01383,0.98455
33006984,2,2,0.00431,0.07922,0.91646
9631186,0,0,0.98929,0.00798,0.00274
37108135,0,1,0.4403,0.54796,0.01173
4236115,2,2,0.02005,0.02872,0.95122
17398855,2,2,0.00132,0.006,0.99269
5643257,2,2,0.0012,0.00423,0.99457
13631599,2,2,0.00122,0.007,0.99178
31579115,0,0,0.9873,0.0111,0.0016
38337049,0,2,0.03614,0.08129,0.88256
30361128,2,2,0.00242,0.01975,0.97783
25229615,2,2,0.0052,0.01939,0.97541
14890818,2,2,0.00136,0.00403,0.99461
23991252,0,0,0.98904,0.00883,0.00213
3041402,1,0,0.8787,0.11753,0.00376
34003223,2,2,0.00144,0.0089,0.98965
20603312,2,2,0.00104,0.007,0.99195
9313269,2,2,0.00111,0.00385,0.99504
17724582,2,2,0.0038,0.02254,0.97366
9350317,0,0,0.95787,0.0394,0.00273
17604072,2,1,0.14944,0.83353,0.01703
30745078,2,2,0.00748,0.07217,0.92035
31181405,2,2,0.00534,0.06895,0.92571
8287988,2,2,0.0018,0.0046,0.9936
19611623,0,0,0.86429,0.12998,0.00573
38472247,2,2,0.00323,0.01318,0.98359
5127944,0,1,0.3579,0.63307,0.00903
16917582,2,2,0.00652,0.05536,0.93812
40238377,0,0,0.86813,0.12654,0.00533
39718292,0,0,0.92989,0.06567,0.00444
28044021,0,0,0.76254,0.23256,0.0049
30241847,0,0,0.98664,0.01126,0.00209
25018010,0,0,0.98432,0.01415,0.00153
12982244,2,2,0.00171,0.0094,0.98889
15627982,2,2,0.0014,0.00643,0.99217
11239398,2,2,0.014,0.39052,0.59547
28864910,2,2,0.00307,0.03128,0.96564
7066635,2,2,0.00136,0.00365,0.99499
3111956,2,2,0.00184,0.01285,0.98531
26927837,2,2,0.00166,0.00739,0.99095
41145683,2,2,0.03044,0.27668,0.69287
39679688,2,2,0.00261,0.02417,0.97322
16140591,2,2,0.00722,0.09048,0.9023
17123543,0,0,0.95043,0.04317,0.0064
26047117,2,2,0.00461,0.01466,0.98073
6634814,2,2,0.00436,0.03881,0.95683
19097388,2,2,0.00613,0.01026,0.98361
29319731,2,2,0.00101,0.00559,0.9934
12138554,2,2,0.00183,0.00426,0.99391
27199638,0,0,0.61865,0.37231,0.00903
23989169,2,2,0.00852,0.09487,0.89661
20983771,2,2,0.0015,0.01372,0.98477
20433622,2,2,0.00188,0.00684,0.99128
26226368,2,2,0.00555,0.01588,0.97857
31407664,2,2,0.0018,0.00648,0.99172
12961896,2,2,0.01663,0.27055,0.71281
36067096,2,2,0.00497,0.03355,0.96148
3978845,2,2,0.00159,0.00757,0.99085
23594595,2,2,0.00269,0.02349,0.97382
25005973,0,0,0.74289,0.25276,0.00435
13448984,2,2,0.00188,0.00798,0.99013
15726642,0,0,0.98689,0.01153,0.00158
16950906,2,1,0.17541,0.77394,0.05065
12168227,2,1,0.20278,0.7182,0.07902
5291562,2,2,0.006,0.03131,0.96269
2878607,0,2,0.00276,0.01329,0.98395
6849520,2,1,0.43008,0.56093,0.009
30899931,2,1,0.01916,0.74186,0.23897
28505416,1,1,0.1215,0.85499,0.02351
3862977,2,2,0.00155,0.01351,0.98494
26858162,0,0,0.71476,0.27235,0.01289
33233061,2,2,0.00115,0.00551,0.99335
28630467,0,0,0.96347,0.03316,0.00337
8627511,2,2,0.00391,0.02499,0.97111
19519085,2,2,0.00103,0.00391,0.99506
5826494,2,2,0.00235,0.03529,0.96236
6846233,2,2,0.00706,0.00865,0.98429
28171731,0,1,0.29428,0.67098,0.03474
41439873,2,2,0.00109,0.00722,0.99168
2227169,1,1,0.12703,0.84961,0.02336
37333045,2,1,0.02321,0.87079,0.106
22383096,2,1,0.0144,0.58413,0.40147
21565448,2,2,0.00704,0.01856,0.9744
32574330,0,0,0.93361,0.06164,0.00475
14223074,1,2,0.18331,0.07954,0.73715
31399146,2,2,0.00222,0.01231,0.98547
19359581,2,2,0.00107,0.00717,0.99176
34414951,2,2,0.00135,0.00915,0.9895
32528810,0,0,0.91641,0.07914,0.00445
20095274,2,2,0.01574,0.38433,0.59993
22867299,0,0,0.9776,0.02033,0.00207
628069,2,2,0.00154,0.00475,0.99371
25475585,0,0,0.86748,0.12744,0.00508
10230802,0,0,0.72501,0.26881,0.00618
2260210,0,0,0.96656,0.03101,0.00243
17434717,2,2,0.00254,0.02136,0.97611
27397764,2,2,0.00098,0.004,0.99502
30398979,2,2,0.00128,0.00475,0.99397
4040158,2,2,0.01408,0.36322,0.6227
24299308,2,2,0.00388,0.07529,0.92083
32407407,2,2,0.00584,0.08567,0.90849
34849433,2,2,0.00121,0.00908,0.98971
39586483,2,2,0.00148,0.01325,0.98526
4111856,2,2,0.00312,0.03116,0.96571
8231182,2,2,0.00116,0.00413,0.99471
20922948,0,0,0.71627,0.26765,0.01607
21344018,2,1,0.18615,0.70563,0.10821
1570867,0,0,0.97765,0.02081,0.00154
8611461,2,2,0.00107,0.0074,0.99153
16879765,2,2,0.00116,0.00915,0.98969
15074743,0,0,0.96522,0.03223,0.00255
37825605,2,2,0.00782,0.16972,0.82246
10119505,1,1,0.09449,0.85459,0.05092
3082680,2,2,0.00163,0.01315,0.98522
12210201,2,2,0.0013,0.00595,0.99275
5601749,2,2,0.18129,0.1278,0.6909
11333447,2,2,0.00411,0.05122,0.94467
16477353,0,0,0.95706,0.04061,0.00234
32624347,2,2,0.00277,0.02459,0.97264
32760725,2,2,0.0013,0.00403,0.99467
31731159,0,0,0.80453,0.18961,0.00586
4541230,2,2,0.01843,0.376,0.60557
32620507,2,2,0.00142,0.0106,0.98799
17527665,2,2,0.00091,0.00522,0.99388
5978901,2,2,0.00124,0.00416,0.9946
37683772,0,0,0.53106,0.44371,0.02523
5978447,2,2,0.00142,0.01185,0.98673
14346049,2,2,0.00387,0.01869,0.97744
33455562,2,2,0.00114,0.00769,0.99117
30733232,2,2,0.00342,0.01855,0.97803
6598009,2,2,0.0012,0.00818,0.99063
24451737,2,2,0.00963,0.13713,0.85324
17172244,2,1,0.09414,0.87544,0.03043
8464484,2,2,0.00087,0.00494,0.9942
4440644,2,2,0.05156,0.02738,0.92106
16549816,2,2,0.00177,0.0059,0.99233
39019039,2,2,0.00103,0.00568,0.99329
34706344,2,2,0.00098,0.00658,0.99244
9149326,2,2,0.00275,0.03195,0.96529
18537575,2,2,0.01707,0.20399,0.77893
22570152,2,2,0.00185,0.00863,0.98952
33554494,1,0,0.96478,0.03336,0.00186
37637005,0,0,0.94656,0.04862,0.00481
29392363,0,0,0.88054,0.11371,0.00575
3857853,1,0,0.73029,0.25938,0.01034
20148306,0,0,0.67256,0.31522,0.01222
8656764,0,0,0.87456,0.12164,0.0038
18800373,2,1,0.0258,0.64485,0.32936
23036347,0,0,0.79538,0.19492,0.0097
27895376,0,0,0.9869,0.01131,0.00179
8250441,0,0,0.82614,0.16524,0.00862
25645094,2,2,0.00184,0.01265,0.98551
35454800,0,0,0.7249,0.24471,0.03039
29873388,2,1,0.06059,0.89912,0.04028
2157642,2,2,0.00172,0.00422,0.99406
22592670,2,2,0.00118,0.00831,0.99052
25525623,2,2,0.00116,0.00525,0.99358
36295948,2,2,0.00106,0.00479,0.99415
11339177,2,2,0.00349,0.02775,0.96875
2174762,0,0,0.78862,0.20572,0.00566
17852795,2,2,0.00815,0.10656,0.88529
19622699,2,2,0.00103,0.00436,0.99461
24898061,0,0,0.95244,0.04448,0.00308
14771852,2,2,0.00606,0.0811,0.91285
19743140,2,2,0.00094,0.00517,0.99389
17314698,2,2,0.00109,0.00658,0.99233
17298240,2,2,0.00144,0.01023,0.98833
13736144,2,2,0.00233,0.01269,0.98498
36311100,2,2,0.00095,0.00419,0.99485
9590442,2,2,0.00333,0.01391,0.98276
2762403,2,1,0.03066,0.87519,0.09416
15077527,2,2,0.08429,0.0374,0.87831
28523724,1,0,0.54893,0.34084,0.11022
26207258,2,2,0.00426,0.0306,0.96513
25768801,1,0,0.69911,0.28136,0.01952
770367,2,2,0.00112,0.00808,0.99079
5117993,2,2,0.00083,0.00486,0.99431
41393012,2,2,0.00109,0.00706,0.99185
19083390,2,2,0.0012,0.00564,0.99317
13874742,2,2,0.00126,0.00623,0.99251
27859994,0,0,0.9879,0.00816,0.00394
37331906,2,2,0.00126,0.00388,0.99486
13430426,2,2,0.00126,0.00367,0.99507
5448210,2,2,0.00158,0.01208,0.98634
24321389,0,0,0.92247,0.07382,0.00371
38560429,0,0,0.8309,0.14362,0.02549
37778261,0,0,0.96945,0.02846,0.00209
14695394,2,2,0.00088,0.00486,0.99426
13104400,2,2,0.00182,0.01185,0.98634
23264308,2,2,0.00264,0.01274,0.98462
8233138,1,1,0.16675,0.81756,0.01569
33354213,2,2,0.01228,0.08549,0.90223
19812173,2,2,0.01433,0.11283,0.87284
16914651,2,2,0.00161,0.00811,0.99028
25378668,2,2,0.00104,0.0049,0.99406
37058458,2,1,0.07657,0.75249,0.17093
8438586,2,2,0.00372,0.01229,0.98399
4151548,2,2,0.00804,0.11906,0.8729
16704066,2,2,0.00115,0.00546,0.99339
5115353,2,2,0.00095,0.00436,0.99469
4870218,2,1,0.11005,0.8724,0.01755
9709653,2,2,0.00106,0.00619,0.99276
23703647,1,1,0.02988,0.87997,0.09016
15505735,2,2,0.00283,0.01959,0.97758
39375111,2,2,0.0016,0.01582,0.98258
35829968,2,2,0.00238,0.02341,0.97421
29752187,2,2,0.00284,0.01592,0.98123
19494427,2,2,0.0009,0.00682,0.99228
35229559,0,0,0.92928,0.06771,0.003
38704886,1,1,0.05791,0.90758,0.03451
15052884,2,2,0.00101,0.00436,0.99463
36186537,2,2,0.00126,0.00394,0.9948
30858493,2,2,0.00153,0.01426,0.98421
11628556,0,0,0.94747,0.04911,0.00342
14690022,2,2,0.0027,0.02248,0.97482
40769090,2,2,0.00116,0.00805,0.99079
15798616,2,2,0.00366,0.04365,0.95269
13202314,2,2,0.00286,0.02583,0.97131
36296874,0,0,0.68555,0.3066,0.00786
29200539,2,2,0.00092,0.00394,0.99514
9327471,2,2,0.00109,0.00486,0.99404
40364725,2,2,0.00136,0.00436,0.99428
37013309,2,2,0.00223,0.0083,0.98947
7435585,2,2,0.0013,0.00633,0.99237
13171053,2,2,0.00168,0.01059,0.98772
35918102,2,2,0.00403,0.05388,0.94208
3010693,0,0,0.59853,0.39252,0.00895
7446697,0,0,0.93813,0.0581,0.00377
38850565,2,2,0.01865,0.44481,0.53654
33045659,2,2,0.00188,0.01088,0.98724
8678744,2,2,0.01038,0.05535,0.93428
39327830,2,2,0.00439,0.06251,0.9331
13030405,0,2,0.00644,0.05267,0.94089
15538261,2,2,0.00449,0.04194,0.95358
16551633,2,2,0.00256,0.02669,0.97075
7124980,2,2,0.00106,0.00416,0.99478
23608891,2,2,0.0014,0.01047,0.98813
14267110,0,1,0.08744,0.85931,0.05324
29019507,2,2,0.00089,0.00394,0.99516
40887631,2,2,0.0039,0.01173,0.98437
31538951,2,2,0.00118,0.00653,0.99229
16034776,0,0,0.9001,0.09599,0.00392
38157547,2,2,0.0012,0.00382,0.99498
17041195,2,2,0.00104,0.00679,0.99217
16449413,0,0,0.97885,0.01935,0.0018
33410951,2,2,0.00132,0.00351,0.99517
14355202,2,2,0.00329,0.01174,0.98498
14799015,2,2,0.11911,0.03119,0.8497
17350424,2,2,0.00116,0.00674,0.9921
39621891,2,2,0.00268,0.01193,0.98539
34432942,2,2,0.00242,0.02099,0.97659
24984469,2,2,0.0012,0.00551,0.99329
40260608,0,0,0.96371,0.0335,0.00279
3663061,2,2,0.00136,0.00745,0.99119
15613760,2,2,0.00105,0.0104,0.98855
4960842,2,2,0.00219,0.01088,0.98693
32070374,2,2,0.00108,0.00439,0.99453
11048949,2,2,0.00192,0.00361,0.99447
40437310,2,2,0.00169,0.00478,0.99352
5587821,2,2,0.00184,0.01285,0.98531
19804692,2,1,0.3081,0.59738,0.09452
38270544,2,2,0.00236,0.0134,0.98424
40850478,2,2,0.00091,0.0049,0.99419
13213507,2,2,0.00104,0.00653,0.99243
22118913,2,2,0.0033,0.03665,0.96005
31309562,2,2,0.00408,0.04215,0.95376
28306825,2,2,0.00978,0.06728,0.92293
18359573,2,2,0.00093,0.00581,0.99325
22679725,2,2,0.00114,0.00674,0.99212
26502652,2,2,0.00464,0.02403,0.97133
10866540,2,2,0.00187,0.01415,0.98398
10038171,2,2,0.00244,0.02674,0.97081
4084726,2,2,0.0105,0.33453,0.65497
10862606,2,2,0.00167,0.0195,0.97883
34134640,2,2,0.00153,0.00966,0.98881
16395469,2,2,0.00247,0.03181,0.96572
28908049,1,1,0.02258,0.77141,0.20601
26037557,2,2,0.00126,0.00581,0.99293
17468956,2,2,0.00144,0.01218,0.98639
9871735,2,2,0.00115,0.00475,0.9941
41353743,0,0,0.95576,0.04147,0.00277
37602633,2,2,0.00103,0.00534,0.99364
20902765,0,0,0.62481,0.3588,0.01639
11356381,0,0,0.94802,0.04951,0.00246
2441669,2,2,0.00351,0.00767,0.98882
3727558,2,2,0.00128,0.00663,0.99209
4370101,0,0,0.72366,0.26831,0.00804
32685497,0,1,0.3282,0.65782,0.01398
40622007,2,2,0.00941,0.08845,0.90213
29076614,2,2,0.00185,0.00716,0.99098
23291207,0,0,0.97772,0.02033,0.00195
29765380,2,2,0.00169,0.0055,0.99281
22331081,2,2,0.00118,0.00471,0.9941
5893227,2,2,0.06846,0.0943,0.83724
19591515,2,2,0.00095,0.00457,0.99448
26669244,2,2,0.03348,0.27275,0.69377
9702417,2,2,0.00108,0.00416,0.99476
15041812,2,2,0.00187,0.01361,0.98452
21112439,2,2,0.00204,0.00604,0.99192
37290218,2,2,0.00104,0.00581,0.99314
37108737,0,0,0.98244,0.01569,0.00187
9494981,2,2,0.00229,0.0125,0.98521
11214321,2,2,0.00272,0.03025,0.96704
9844440,0,0,0.97197,0.0259,0.00213
39598665,2,2,0.00097,0.00446,0.99457
16706232,2,2,0.00729,0.096,0.89671
11495079,2,2,0.01547,0.35204,0.6325
14243904,2,2,0.02845,0.17192,0.79963
40374137,1,2,0.00545,0.04941,0.94514
17803079,2,2,0.00164,0.00521,0.99315
6496257,2,2,0.00098,0.00695,0.99207
19902994,2,2,0.0013,0.00633,0.99237
4772836,2,2,0.00177,0.00792,0.99031
39507880,0,0,0.73957,0.19828,0.06215
21156611,1,1,0.48787,0.49943,0.0127
11834283,2,2,0.00088,0.0042,0.99493
34216517,2,2,0.0013,0.00521,0.99349
40683771,2,2,0.00177,0.00467,0.99355
26455463,0,0,0.9889,0.009,0.0021
33346294,0,0,0.97846,0.01968,0.00186
23897345,2,2,0.01607,0.12689,0.85704
11056624,0,0,0.79676,0.1764,0.02684
21621363,1,1,0.11244,0.87243,0.01513
24705107,2,2,0.00249,0.0103,0.98721
32949132,2,2,0.00566,0.04201,0.95233
23770387,2,2,0.00174,0.00904,0.98922
31640556,2,2,0.00704,0.11258,0.88037
28970602,2,2,0.03637,0.04743,0.9162
23016143,2,2,0.00124,0.0069,0.99187
25330918,0,0,0.94102,0.05575,0.00324
26467935,1,1,0.14346,0.68979,0.16675
32842632,2,2,0.01237,0.15985,0.82778
38334390,2,2,0.00474,0.06429,0.93098
28175039,0,0,0.91946,0.07757,0.00297
1087645,2,2,0.00278,0.00823,0.98899
947018,2,2,0.03942,0.38585,0.57473
37452851,2,2,0.01858,0.19745,0.78397
20888246,2,2,0.00244,0.02654,0.97101
36332073,0,1,0.30651,0.68002,0.01347
16253415,0,0,0.96109,0.03302,0.0059
26051782,2,2,0.16064,0.20647,0.63288
5122109,2,2,0.00104,0.007,0.99195
10808586,2,2,0.00082,0.00643,0.99274
21993442,2,2,0.00384,0.02586,0.9703
24794473,0,0,0.55054,0.44237,0.00709
8823543,0,0,0.96601,0.03221,0.00178
40274448,0,1,0.32579,0.65812,0.01609
35488137,2,2,0.00462,0.0294,0.96599
37330549,0,1,0.33864,0.65275,0.00861
11140795,2,2,0.002,0.00961,0.98839
31999077,2,2,0.00352,0.05057,0.94591
29747988,2,2,0.002,0.01088,0.98712
1525315,0,0,0.96369,0.03433,0.00198
1487741,2,2,0.00925,0.27258,0.71816
38101000,2,0,0.61298,0.27095,0.11608
8993457,2,2,0.0021,0.0078,0.9901
24136818,2,2,0.0016,0.0114,0.98699
3559860,1,0,0.49859,0.48325,0.01816
27066920,2,2,0.00392,0.05162,0.94446
1877698,2,2,0.00111,0.00623,0.99266
39974624,2,2,0.0068,0.03058,0.96262
10535001,2,2,0.00118,0.0041,0.99472
20702878,2,2,0.00118,0.00581,0.99301
24960853,2,2,0.00103,0.00638,0.99259
5728525,2,2,0.00094,0.00494,0.99413
19475742,0,0,0.84884,0.14579,0.00537
26619350,2,1,0.04995,0.48894,0.46111
20509084,0,0,0.89973,0.09483,0.00543
37009748,0,0,0.89124,0.10217,0.0066
19258355,2,2,0.00103,0.00513,0.99384
18241746,0,0,0.91735,0.07656,0.00609
27647682,2,2,0.00765,0.09437,0.89798
10160515,2,2,0.00134,0.00728,0.99138
7282110,2,2,0.00092,0.00498,0.9941
33925913,0,0,0.79286,0.20204,0.0051
30967121,2,2,0.00718,0.06642,0.92639
14832930,1,1,0.08965,0.85724,0.05312
32901363,2,2,0.00144,0.00706,0.9915
5359187,2,2,0.01025,0.13658,0.85317
1069022,2,2,0.00198,0.01823,0.97979
12596052,2,2,0.00356,0.03942,0.95702
18967498,1,1,0.06895,0.87692,0.05412
9769245,0,0,0.98672,0.01162,0.00165
29375312,2,1,0.02466,0.58356,0.39178
19554243,2,2,0.00298,0.03188,0.96514
16372173,2,1,0.02801,0.80599,0.166
4993936,2,1,0.04142,0.64283,0.31575
35642825,2,2,0.01556,0.42723,0.55721
37685343,0,0,0.95716,0.0397,0.00314
31172965,2,2,0.00097,0.00475,0.99428
8330658,2,1,0.17935,0.78979,0.03086
24690756,2,2,0.00109,0.00628,0.99263
25825813,0,0,0.9122,0.08435,0.00345
4218344,2,1,0.01954,0.53226,0.4482
26671072,2,1,0.13388,0.80388,0.06223
26290066,0,0,0.84215,0.15277,0.00509
20189952,0,0,0.59994,0.39345,0.00661
1303900,2,1,0.18326,0.55791,0.25882
3042642,0,0,0.86086,0.13515,0.00399
37587094,0,0,0.80039,0.1931,0.00651
7849480,0,0,0.98257,0.01092,0.00652
39678200,2,2,0.00156,0.01023,0.98821
36452541,2,2,0.00118,0.00695,0.99187
3964392,2,0,0.69456,0.1925,0.11294
6237509,2,2,0.00149,0.00873,0.98978
33479461,0,0,0.79727,0.19614,0.00658
39178035,2,0,0.54719,0.35956,0.09325
38931041,0,0,0.76093,0.23298,0.00609
36703286,2,2,0.00128,0.00388,0.99484
36035907,2,2,0.00108,0.00388,0.99504
38888323,2,2,0.00144,0.00936,0.9892
36314779,1,2,0.0128,0.34069,0.64651
37209183,1,0,0.92886,0.06722,0.00392
30452233,2,2,0.01587,0.4158,0.56833
40206751,2,2,0.00288,0.0202,0.97693
21401599,2,2,0.00325,0.03665,0.9601
34369749,2,2,0.00367,0.02528,0.97105
15266842,2,2,0.01257,0.34777,0.63966
38552218,0,0,0.62709,0.36293,0.00998
17480612,0,0,0.76567,0.22811,0.00622
18979255,2,2,0.00134,0.00468,0.99398
15987107,2,2,0.26682,0.26397,0.4692
16199550,2,2,0.00536,0.04951,0.94513
35479855,0,0,0.90788,0.0862,0.00593
39684718,2,2,0.00089,0.00687,0.99224
3055514,2,2,0.0123,0.12544,0.86226
32615841,0,0,0.90638,0.08922,0.0044
12057700,0,1,0.08691,0.88866,0.02443
7556610,2,2,0.00118,0.00633,0.99249
23951899,0,0,0.98198,0.01619,0.00184
3444395,2,2,0.00634,0.03815,0.95551
23179774,2,2,0.00085,0.00423,0.99492
8729169,1,0,0.78099,0.20175,0.01725
34314566,2,2,0.00144,0.00936,0.9892
22795593,2,2,0.0025,0.00618,0.99133
5270162,2,2,0.00148,0.01222,0.98629
23205571,2,2,0.00282,0.02412,0.97306
12284620,0,0,0.9054,0.09,0.0046
11483679,2,2,0.00114,0.00863,0.99022
13153313,0,0,0.93417,0.06308,0.00275
11778598,2,2,0.00397,0.02489,0.97114
5738719,0,1,0.02838,0.88283,0.08879
24868738,2,1,0.09625,0.88686,0.01689
6271187,0,1,0.49291,0.49678,0.01031
5931518,0,0,0.88686,0.11014,0.003
37429455,0,0,0.97356,0.02483,0.00161
33189467,2,2,0.00111,0.00453,0.99436
14542151,2,2,0.00226,0.01096,0.98678
26991208,2,2,0.00414,0.01287,0.98299
27257059,0,0,0.743,0.24887,0.00813
26928428,2,2,0.04735,0.17033,0.78232
25288096,2,2,0.00466,0.07898,0.91636
27654254,2,2,0.00203,0.02369,0.97428
1123210,2,2,0.00108,0.00513,0.99379
39565193,0,0,0.94234,0.05501,0.00265
37237290,2,2,0.00192,0.00429,0.99379
36068076,2,2,0.003,0.00755,0.98944
24963774,2,2,0.00512,0.04993,0.94495
26436265,0,0,0.98295,0.01555,0.0015
21792888,2,2,0.01601,0.44982,0.53417
34678495,2,2,0.00116,0.00643,0.99241
10814905,2,2,0.00211,0.01675,0.98114
28756694,2,2,0.00103,0.00669,0.99229
30487229,0,0,0.97677,0.02137,0.00186
26788946,2,2,0.0052,0.01947,0.97533
2944199,2,2,0.00375,0.00474,0.99152
33540234,2,2,0.00124,0.00546,0.9933
8506551,2,2,0.00111,0.0085,0.99039
33900410,2,2,0.00116,0.00628,0.99256
27591953,2,2,0.00102,0.00709,0.99189
40963764,2,2,0.00237,0.01189,0.98574
22474001,2,2,0.00088,0.00385,0.99527
21562716,2,2,0.00109,0.00821,0.9907
19554443,2,2,0.00648,0.10471,0.88881
16381416,2,2,0.00193,0.01217,0.9859
21218059,2,2,0.00097,0.00471,0.99432
8776621,2,2,0.00909,0.1331,0.85781
11553254,2,2,0.00348,0.03217,0.96435
1075048,2,2,0.00236,0.02975,0.96789
11333983,2,2,0.00281,0.02777,0.96942
40893132,2,2,0.01069,0.0707,0.91861
397109,2,2,0.00205,0.01637,0.98158
34800899,2,2,0.00463,0.01154,0.98383
33458327,2,2,0.00143,0.00498,0.9936
9809458,2,2,0.00262,0.02043,0.97695
29874501,2,2,0.00122,0.00494,0.99384
12045123,2,2,0.00279,0.01773,0.97947
8172751,2,2,0.05468,0.26341,0.68191
7919533,2,1,0.08973,0.62286,0.2874
31197338,0,0,0.77268,0.2154,0.01192
16525157,2,2,0.01138,0.06334,0.92529
5939267,2,2,0.00092,0.00446,0.99461
9605559,2,2,0.00114,0.00648,0.99238
15308812,1,0,0.89956,0.09744,0.003
5013861,2,2,0.06468,0.11919,0.81613
28553170,1,1,0.28568,0.69069,0.02363
31203963,2,2,0.00116,0.00619,0.99265
26690852,2,2,0.00107,0.00638,0.99254
1203641,2,2,0.00098,0.00471,0.99431
33554455,2,2,0.02679,0.46381,0.5094
1941487,2,2,0.01198,0.17399,0.81403
29362922,2,2,0.00099,0.00653,0.99247
7939759,2,2,0.00139,0.01357,0.98504
27718820,1,2,0.00968,0.18473,0.80559
32344899,2,2,0.00362,0.03804,0.95834
16344503,2,2,0.00694,0.02539,0.96767
15950356,2,2,0.00133,0.00992,0.98874
6115873,2,2,0.00302,0.03286,0.96412
13901157,0,0,0.97104,0.02659,0.00237
7605433,0,0,0.62183,0.35849,0.01968
8377530,2,2,0.0016,0.01465,0.98375
30246787,2,2,0.01366,0.37783,0.60851
27662757,2,2,0.00147,0.00734,0.9912
23035020,2,2,0.00164,0.00717,0.9912
7093274,2,2,0.00136,0.00406,0.99457
34678704,2,2,0.00103,0.00457,0.9944
34461216,0,0,0.87245,0.11388,0.01367
17046289,2,2,0.0013,0.00509,0.99361
19101538,2,2,0.00109,0.00695,0.99196
11963407,2,2,0.00158,0.01123,0.98719
38117239,2,2,0.00144,0.01127,0.98729
19417064,0,0,0.49982,0.48824,0.01194
21446766,2,2,0.00128,0.00439,0.99433
30981079,2,2,0.00216,0.0108,0.98705
35650839,2,2,0.00104,0.00407,0.99489
21421056,2,2,0.006,0.07473,0.91927
9592423,2,2,0.0234,0.05635,0.92024
28361499,2,2,0.00172,0.0188,0.97948
25874624,2,2,0.00211,0.00464,0.99326
15097029,2,2,0.0013,0.00382,0.99488
9400385,2,2,0.00124,0.00468,0.99408
34197163,2,2,0.00153,0.01162,0.98684
18523269,0,0,0.97067,0.02746,0.00187
7804582,0,0,0.89033,0.10592,0.00375
30633028,2,1,0.12828,0.77063,0.10108
33443058,2,2,0.00109,0.00403,0.99487
33684598,0,0,0.98933,0.0083,0.00238
9002824,2,2,0.00092,0.00734,0.99174
2940875,2,1,0.01459,0.49463,0.49078
1922339,0,0,0.98787,0.01003,0.00209
10757151,2,2,0.00246,0.03583,0.96171
19078249,2,2,0.04221,0.08297,0.87481
34431252,2,2,0.02652,0.44501,0.52847
513033,0,0,0.45047,0.35879,0.19074
31832031,1,1,0.11515,0.85421,0.03063
11032007,2,2,0.02421,0.31639,0.65941
29017511,2,1,0.08302,0.70886,0.20811
39915227,2,2,0.00109,0.00403,0.99487
11343275,2,2,0.00124,0.00517,0.99359
14186637,1,1,0.14047,0.84052,0.01901
16353171,0,1,0.25607,0.72948,0.01445
34391976,2,2,0.00177,0.00643,0.9918
34025015,2,1,0.0436,0.84215,0.11425
7251127,2,2,0.00089,0.00464,0.99447
1891942,2,2,0.00098,0.00482,0.99419
18181106,0,0,0.94653,0.04462,0.00885
13019391,2,2,0.00365,0.04504,0.95131
12273878,2,2,0.00086,0.00628,0.99285
9482932,2,2,0.00213,0.0075,0.99036
41210578,2,2,0.00279,0.01929,0.97792
18979697,2,2,0.00095,0.00464,0.99441
36915749,2,2,0.001,0.0041,0.99491
22047278,2,2,0.00156,0.00918,0.98926
19501732,2,2,0.00237,0.0245,0.97312
35267320,2,2,0.00116,0.00628,0.99256
32131533,2,2,0.0036,0.02926,0.96714
37182362,2,2,0.00191,0.00811,0.98998
33807256,2,2,0.00132,0.00745,0.99123
3726240,2,2,0.00148,0.01176,0.98676
6573827,2,2,0.00137,0.01346,0.98517
24786742,2,2,0.00588,0.05069,0.94343
38716451,2,2,0.00403,0.00895,0.98702
26657839,0,0,0.87864,0.11799,0.00337
17643193,0,0,0.62776,0.3321,0.04013
30088353,2,2,0.00184,0.01285,0.98531
32935923,2,2,0.00228,0.00497,0.99275
22024566,2,2,0.00547,0.08865,0.90588
38318649,0,0,0.92736,0.06945,0.00319
38557691,2,2,0.00101,0.004,0.99498
16251459,0,2,0.03303,0.4816,0.48537
31333975,2,2,0.00172,0.00668,0.9916
835335,1,1,0.464,0.50564,0.03037
25577488,2,2,0.00091,0.00391,0.99518
2003733,2,2,0.03549,0.42229,0.54223
23101252,0,0,0.98299,0.01546,0.00155
10055648,2,2,0.00133,0.01,0.98867
32635540,1,0,0.75892,0.2351,0.00598
19266537,2,2,0.01386,0.28063,0.70551
24148866,2,2,0.00168,0.0127,0.98562
34957458,2,2,0.0135,0.03252,0.95398
9969372,2,2,0.0226,0.40367,0.57373
41434256,2,2,0.00111,0.007,0.99189
22584981,2,2,0.00221,0.01894,0.97885
23828490,2,2,0.03067,0.28206,0.68727
3329759,0,2,0.00729,0.03783,0.95488
37003354,2,2,0.18147,0.25956,0.55897
18936509,2,2,0.0015,0.01465,0.98385
21969741,0,0,0.69866,0.29583,0.0055
40257149,2,2,0.02576,0.37861,0.59563
12156245,2,2,0.00182,0.01144,0.98674
24222555,2,2,0.00229,0.01264,0.98506
10183211,2,2,0.00643,0.03998,0.9536
7267992,0,0,0.96229,0.03377,0.00393
34033199,2,0,0.83249,0.15703,0.01048
3814431,1,0,0.49446,0.49061,0.01493
39887923,2,1,0.03839,0.7132,0.24841
7600835,2,2,0.0022,0.00976,0.98804
2169271,2,2,0.0015,0.01454,0.98396
10977349,2,2,0.00113,0.00343,0.99544
2278711,0,0,0.81263,0.13741,0.04996
33255266,0,0,0.96027,0.03757,0.00217
12772640,0,0,0.77244,0.22304,0.00452
11950140,2,2,0.00103,0.00586,0.99311
5366863,2,1,0.0445,0.72951,0.22599
5225196,2,2,0.00699,0.01906,0.97395
29947174,2,2,0.00089,0.00506,0.99405
28935132,0,0,0.98856,0.00829,0.00315
21228769,0,0,0.61505,0.37597,0.00898
23944146,0,0,0.86818,0.12704,0.00477
14784158,2,2,0.00101,0.00614,0.99285
27168384,0,0,0.97874,0.01912,0.00214
30944197,0,2,0.11297,0.12701,0.76002
32886943,2,2,0.00214,0.02033,0.97753
19735693,2,2,0.27467,0.18306,0.54227
9224872,2,2,0.04631,0.43597,0.51772
8446573,2,2,0.01522,0.08642,0.89836
32679059,2,2,0.00098,0.00498,0.99404
30047013,2,0,0.68525,0.24196,0.07279
2901545,2,2,0.00683,0.12613,0.86704
27771002,2,2,0.00792,0.02556,0.96653
21792621,2,2,0.01703,0.41906,0.56391
18560406,2,1,0.23745,0.74003,0.02252
5351658,0,0,0.88559,0.10977,0.00465
36926106,2,2,0.31525,0.34037,0.34438
11457984,2,2,0.00111,0.00413,0.99476
11552814,2,2,0.00151,0.00689,0.99159
38467634,2,2,0.00193,0.01487,0.9832
28873918,2,2,0.22658,0.15512,0.61831
18145857,0,0,0.97764,0.02061,0.00175
40642317,2,1,0.10522,0.86333,0.03145
16358044,2,2,0.00138,0.00929,0.98933
11362913,0,0,0.71871,0.27279,0.0085
27388845,2,2,0.01209,0.12675,0.86115
1676650,0,0,0.90108,0.09572,0.0032
41555256,2,2,0.00111,0.00847,0.99042
11130832,2,2,0.00392,0.05162,0.94446
4504066,2,2,0.00164,0.00478,0.99358
30853883,0,0,0.55221,0.42671,0.02108
2828557,0,0,0.98655,0.01149,0.00196
20869094,0,0,0.59732,0.3948,0.00788
12203511,2,2,0.0013,0.00542,0.99328
21341266,2,2,0.00565,0.07328,0.92107
18094877,0,0,0.98954,0.00836,0.0021
29580594,2,2,0.01201,0.25081,0.73718
11190550,2,2,0.00156,0.00751,0.99093
13016952,2,2,0.00142,0.00695,0.99163
271496,2,2,0.00209,0.01126,0.98664
25958697,0,0,0.53894,0.45384,0.00722
19718459,2,2,0.00111,0.00577,0.99312
39461505,0,0,0.75437,0.23552,0.01011
23322191,1,1,0.18988,0.72399,0.08613
23502252,2,1,0.16529,0.81043,0.02428
11604714,2,2,0.00345,0.03859,0.95796
9854245,2,2,0.00153,0.01008,0.98839
35905820,2,2,0.00108,0.00468,0.99425
18180603,2,2,0.0014,0.00505,0.99354
1174829,2,2,0.00162,0.01459,0.98378
7094310,0,0,0.98859,0.00896,0.00245
34122537,0,0,0.8146,0.17964,0.00575
8286517,0,0,0.95724,0.04076,0.002
14969851,0,0,0.95015,0.04749,0.00236
27274651,2,2,0.00153,0.00936,0.9891
2011949,0,0,0.79619,0.19134,0.01247
10263188,2,2,0.001,0.00486,0.99414
24866907,2,2,0.0013,0.00614,0.99257
7435854,0,1,0.21119,0.71724,0.07157
28440118,2,2,0.00094,0.00513,0.99393
259293,2,2,0.00176,0.0111,0.98714
5077426,2,2,0.00375,0.04956,0.94669
28090481,2,2,0.0008,0.00551,0.99369
22907857,2,2,0.04859,0.08331,0.8681
17304195,0,0,0.88215,0.10934,0.00851
18077596,2,2,0.00103,0.00376,0.99521
15709724,0,0,0.89712,0.09909,0.00378
27561870,0,0,0.55421,0.42162,0.02416
13843267,2,2,0.00696,0.0377,0.95534
26618288,2,2,0.00517,0.04011,0.95473
40047103,0,0,0.95178,0.04597,0.00225
12943139,0,0,0.90517,0.0905,0.00432
27704480,2,2,0.00113,0.00457,0.9943
10396649,2,2,0.0015,0.01421,0.98429
13336341,0,0,0.76188,0.22965,0.00846
26686632,0,0,0.98841,0.00829,0.0033
14623473,2,2,0.0057,0.12203,0.87227
7054290,2,2,0.00196,0.01335,0.98469
3015365,2,2,0.00215,0.01516,0.98269
41367730,0,0,0.63686,0.35447,0.00867
31295903,2,2,0.00126,0.00542,0.99332
9214498,2,2,0.00248,0.01408,0.98344
30898737,2,2,0.00147,0.00379,0.99474
27181521,2,2,0.00125,0.0086,0.99015
9643001,0,1,0.29085,0.57729,0.13187
9137182,0,1,0.34636,0.63706,0.01658
10048332,2,2,0.00176,0.01176,0.98648
13935299,2,2,0.01085,0.02802,0.96113
17265072,0,0,0.73458,0.25486,0.01056
10874229,2,2,0.00639,0.05984,0.93377
26343216,0,1,0.4795,0.4986,0.02191
13674992,0,0,0.98621,0.01029,0.0035
8354497,2,2,0.00086,0.00526,0.99388
6232888,2,2,0.00145,0.00453,0.99402
11437073,2,2,0.2217,0.28788,0.49042
23392560,0,0,0.96696,0.02087,0.01217
28939291,2,2,0.00454,0.01444,0.98102
15088972,1,2,0.03575,0.42217,0.54208
32371057,2,2,0.00114,0.00815,0.99071
37753210,2,2,0.00116,0.00416,0.99467
29526075,2,2,0.01132,0.10339,0.8853
14351525,0,1,0.16324,0.81454,0.02222
196892,2,1,0.03145,0.67247,0.29608
24482541,2,2,0.00195,0.01662,0.98142
2236737,1,2,0.00339,0.04055,0.95605
36738909,1,0,0.68028,0.29836,0.02136
12285634,2,2,0.00113,0.00517,0.9937
1004264,2,2,0.00094,0.00394,0.99512
29392458,0,0,0.52103,0.44566,0.03331
36883237,2,2,0.00122,0.00796,0.99083
9525029,2,2,0.00303,0.0152,0.98177
35753740,2,2,0.00129,0.01068,0.98803
23761546,2,2,0.00193,0.0133,0.98477
10835764,0,0,0.94458,0.05246,0.00296
40439067,2,2,0.00112,0.00781,0.99107
20960907,2,2,0.00088,0.00464,0.99448
14911097,0,0,0.98783,0.00855,0.00362
6849746,2,2,0.00149,0.00733,0.99117
13694618,2,2,0.00104,0.00628,0.99267
37966445,1,2,0.00085,0.00619,0.99296
1766384,2,2,0.00124,0.00614,0.99263
39297427,2,2,0.00149,0.00786,0.99065
11562630,2,0,0.88479,0.09181,0.0234
26230433,1,1,0.08203,0.81883,0.09914
28285663,2,2,0.00106,0.00757,0.99137
16219465,2,2,0.0013,0.00403,0.99467
13184891,2,2,0.00098,0.00475,0.99427
1931581,1,2,0.01948,0.1257,0.85482
30563681,0,0,0.82722,0.16675,0.00603
36189309,2,2,0.00251,0.03239,0.96511
18067065,2,2,0.00714,0.12782,0.86503
34212648,2,2,0.00103,0.00436,0.99461
14259274,2,2,0.0024,0.01387,0.98373
1299747,2,2,0.00136,0.00577,0.99287
36985143,2,2,0.01363,0.21833,0.76803
3310150,2,2,0.00196,0.01625,0.9818
22245638,2,2,0.00118,0.00763,0.99119
12435587,2,2,0.00083,0.00446,0.99471
5456068,0,0,0.89709,0.09813,0.00478
8597326,2,1,0.0349,0.78191,0.1832
36511387,0,0,0.94539,0.0523,0.00231
18159738,2,2,0.00278,0.03953,0.9577
5084243,0,0,0.5861,0.40282,0.01108
24469390,2,2,0.00229,0.01458,0.98313
21684852,2,2,0.00118,0.00521,0.9936
30297410,2,2,0.00405,0.03574,0.96022
16194549,1,0,0.50471,0.48537,0.00992
16667808,2,2,0.00104,0.00653,0.99243
27019103,2,2,0.00098,0.00397,0.99505
31823377,2,2,0.00136,0.00668,0.99196
10876158,0,0,0.50559,0.47496,0.01945
8808769,2,2,0.00156,0.00774,0.9907
1234788,2,2,0.00136,0.00423,0.99441
4856942,0,0,0.88257,0.11353,0.0039
11422805,2,2,0.00128,0.00385,0.99487
10232101,2,2,0.04325,0.07443,0.88232
8830407,2,2,0.00101,0.00345,0.99553
17751159,2,2,0.01258,0.09839,0.88903
33273203,2,2,0.00101,0.00706,0.99193
4248628,0,0,0.94164,0.05633,0.00203
9955881,2,2,0.00124,0.00653,0.99223
19052363,2,2,0.01423,0.27818,0.70759
9121900,2,2,0.00185,0.0089,0.98925
18817749,1,1,0.03562,0.92586,0.03851
3917757,2,2,0.00116,0.00446,0.99437
13501423,0,0,0.76731,0.22505,0.00764
26206855,2,2,0.00111,0.00433,0.99456
28598978,0,0,0.95583,0.04173,0.00244
10237657,2,2,0.00361,0.03998,0.95641
14318484,2,2,0.00222,0.01371,0.98407
10354599,2,2,0.00151,0.01068,0.98781
24586880,2,2,0.00399,0.03371,0.9623
19183617,2,2,0.00109,0.00433,0.99458
19079150,2,2,0.00269,0.01006,0.98725
34898321,2,2,0.00792,0.01757,0.97451
25315450,2,2,0.00136,0.00479,0.99385
24355082,2,2,0.0022,0.00976,0.98804
7817971,2,2,0.00095,0.00658,0.99247
1672027,2,2,0.00092,0.00534,0.99374
713156,0,0,0.98933,0.00876,0.00191
32793791,2,2,0.00193,0.01231,0.98575
6399135,2,2,0.00156,0.01023,0.98821
31157728,0,0,0.89643,0.10018,0.00339
2336034,2,2,0.00144,0.00996,0.9886
11162276,2,2,0.00097,0.00429,0.99474
24882348,2,2,0.00473,0.03551,0.95976
3755962,0,0,0.98663,0.01158,0.00179
34389957,2,2,0.00116,0.0076,0.99124
5780726,0,0,0.83438,0.16175,0.00386
31680462,2,2,0.00118,0.0049,0.99392
12362819,1,1,0.08808,0.8833,0.02862
24987386,0,0,0.90542,0.09071,0.00388
12662103,2,1,0.11482,0.60868,0.27651
18138624,1,1,0.03065,0.80935,0.15999
23675081,2,2,0.03436,0.14608,0.81956
19127575,0,0,0.98876,0.00918,0.00206
41476904,0,0,0.84337,0.15121,0.00542
9135341,2,2,0.00106,0.00397,0.99497
22629634,2,2,0.0043,0.00646,0.98924
13747829,0,2,0.05152,0.16742,0.78106
36171540,2,2,0.01319,0.05458,0.93223
40443338,2,2,0.00216,0.0127,0.98515
37633698,0,0,0.48944,0.48185,0.02871
8934581,2,2,0.00134,0.00722,0.99144
7111841,0,1,0.47783,0.51263,0.00954
11296878,2,2,0.00207,0.00397,0.99396
38269221,2,2,0.00126,0.00436,0.99438
35460723,2,2,0.00189,0.01656,0.98154
37160683,2,1,0.41791,0.55365,0.02844
18354971,2,2,0.0016,0.01465,0.98375
5892615,2,2,0.0044,0.01444,0.98116
1321143,2,2,0.00098,0.00423,0.99479
8837337,0,0,0.95721,0.04023,0.00257
33703703,2,2,0.00171,0.01084,0.98745
8938857,2,2,0.00188,0.01114,0.98699
19107348,2,2,0.00238,0.00613,0.99149
32546369,2,2,0.00215,0.01492,0.98292
21269118,2,2,0.12561,0.20851,0.66588
26925513,2,2,0.0019,0.01594,0.98217
6940905,2,2,0.00111,0.00796,0.99093
36036298,2,2,0.0022,0.02262,0.97518
28784269,2,2,0.00106,0.00416,0.99478
23941084,2,2,0.00321,0.05053,0.94626
894753,1,0,0.92625,0.07115,0.0026
41314770,1,0,0.82485,0.16823,0.00692
24844527,1,1,0.13465,0.74227,0.12308
8749843,1,2,0.02913,0.06463,0.90624
31468702,2,2,0.00101,0.00475,0.99424
27691428,0,0,0.87166,0.12411,0.00423
9636369,1,0,0.73493,0.25005,0.01502
17250978,2,2,0.00124,0.00722,0.99154
10686896,2,2,0.00094,0.00494,0.99413
17854600,2,2,0.0033,0.02138,0.97532
35580610,0,0,0.98896,0.00862,0.00241
5921198,2,2,0.00115,0.00373,0.99512
24882560,2,2,0.00728,0.0395,0.95322
11548323,2,2,0.00106,0.00359,0.99535
39254368,2,2,0.00142,0.01068,0.9879
11063279,0,0,0.98351,0.01465,0.00184
22154625,0,1,0.09902,0.86684,0.03414
33881166,2,2,0.00167,0.00467,0.99366
40735265,2,2,0.00174,0.00684,0.99142
30673317,2,2,0.0024,0.03125,0.96636
2264779,2,2,0.00103,0.00394,0.99503
26053719,2,2,0.00134,0.00457,0.99409
28894526,2,2,0.00124,0.00684,0.99192
8459995,1,0,0.55308,0.43074,0.01619
150231,2,2,0.00209,0.01035,0.98756
6876424,2,2,0.00375,0.01965,0.97661
38599962,2,2,0.05645,0.21723,0.72632
31319440,0,0,0.94214,0.05538,0.00249
29081122,0,0,0.90059,0.09511,0.0043
34368493,2,2,0.00339,0.04067,0.95594
21250918,2,2,0.01003,0.07329,0.91669
35037468,2,2,0.00146,0.01227,0.98627
35137663,0,0,0.98149,0.01643,0.00208
30261698,2,2,0.00447,0.04596,0.94958
33755366,1,1,0.27492,0.68578,0.0393
14236695,2,2,0.00318,0.02905,0.96777
6949947,0,1,0.11646,0.70786,0.17568
15944726,0,0,0.93007,0.06413,0.0058
26575894,2,2,0.00197,0.00939,0.98864
24284506,2,2,0.00139,0.01097,0.98763
7240373,2,2,0.00088,0.004,0.99512
18472943,2,2,0.00151,0.0089,0.98959
28977224,1,1,0.02155,0.59639,0.38206
25268179,2,2,0.00129,0.00955,0.98916
28821399,0,0,0.71401,0.27961,0.00637
33887249,2,2,0.0018,0.00576,0.99244
40259688,2,2,0.00216,0.00876,0.98908
33232358,2,2,0.00107,0.00834,0.99059
28517859,2,2,0.00101,0.00728,0.99171
2231506,2,2,0.00131,0.0097,0.98899
34060272,2,2,0.00294,0.02901,0.96805
1279976,2,1,0.35757,0.62756,0.01487
667852,2,2,0.00134,0.00373,0.99493
36041431,2,2,0.00582,0.07454,0.91964
14531959,0,0,0.98899,0.00836,0.00265
32225773,2,1,0.04419,0.63932,0.31649
35481829,2,2,0.00103,0.00619,0.99279
37441925,2,2,0.12561,0.20851,0.66588
39576824,2,2,0.00524,0.02703,0.96773
28155228,2,2,0.00154,0.00501,0.99345
22675664,2,2,0.00111,0.0069,0.992
19689864,2,2,0.00103,0.00453,0.99444
8771932,2,2,0.00231,0.00425,0.99343
4465437,2,2,0.00193,0.01516,0.98291
39917883,2,2,0.00115,0.00403,0.99482
25466557,0,0,0.96254,0.03492,0.00254
4134695,1,1,0.03465,0.85278,0.11257
40067789,0,0,0.98285,0.01558,0.00157
9494979,2,2,0.00218,0.01788,0.97994
24499721,2,1,0.08195,0.46978,0.44827
18093444,2,2,0.00196,0.01516,0.98288
40496535,2,2,0.00186,0.00397,0.99417
27376595,0,2,0.09091,0.11447,0.79461
716558,2,2,0.00342,0.01913,0.97745
3993671,2,2,0.00089,0.00479,0.99432
24721122,2,2,0.00095,0.0049,0.99415
22060568,2,2,0.00136,0.00443,0.99421
21297601,2,2,0.01297,0.32682,0.6602
14047943,0,0,0.56816,0.35555,0.07629
14027591,1,1,0.10469,0.83889,0.05642
17863584,2,1,0.18577,0.74593,0.06831
20318636,0,0,0.70041,0.28745,0.01215
22600071,0,1,0.48964,0.50125,0.00911
35029611,2,0,0.51839,0.46468,0.01693
23215527,2,2,0.00118,0.006,0.99282
4778621,1,0,0.5873,0.40364,0.00906
6988074,2,2,0.00134,0.00728,0.99138
3908835,2,2,0.00224,0.02198,0.97578
24535593,2,2,0.00142,0.01136,0.98722
4478750,2,2,0.00232,0.01822,0.97946
18302250,2,2,0.05936,0.09522,0.84542
37742392,2,2,0.00672,0.12723,0.86606
22780877,2,2,0.00116,0.00915,0.98969
9980154,2,2,0.00355,0.01248,0.98397
1722584,2,2,0.00977,0.06886,0.92137
34647537,0,0,0.96261,0.03455,0.00283
11859043,2,2,0.00171,0.01011,0.98818
29116272,2,2,0.00123,0.00857,0.9902
7852768,2,2,0.00152,0.0045,0.99399
16863766,2,2,0.00901,0.11452,0.87647
28012939,0,0,0.6964,0.29719,0.00641
28855743,2,2,0.00396,0.05632,0.93971
29036422,0,0,0.82485,0.16627,0.00888
17998363,2,2,0.00229,0.0151,0.98262
19420843,1,0,0.84269,0.14991,0.00741
27475810,2,2,0.00367,0.05439,0.94194
19289735,2,2,0.00118,0.00769,0.99113
3850386,1,1,0.20162,0.78814,0.01024
24099299,0,0,0.88564,0.11085,0.00351
34195255,0,0,0.89296,0.10377,0.00327
31769538,0,0,0.96,0.03608,0.00392
40693453,2,2,0.00315,0.03738,0.95946
26384905,2,2,0.00106,0.00439,0.99454
11875778,1,0,0.6837,0.28279,0.03351
17027023,2,2,0.00109,0.00568,0.99323
35118349,2,2,0.00114,0.00604,0.99281
3759346,2,2,0.0144,0.03735,0.94825
29673691,2,2,0.00523,0.02905,0.96572
5250567,2,2,0.00564,0.04522,0.94913
8514380,2,2,0.00147,0.00581,0.99272
4333921,2,2,0.00152,0.00599,0.99249
26972382,0,0,0.95469,0.04232,0.00299
28922584,2,2,0.00315,0.00647,0.99038
35235409,1,2,0.00556,0.06011,0.93433
2427074,2,2,0.00104,0.00581,0.99314
21060284,2,2,0.00247,0.01611,0.98142
40452715,2,2,0.00219,0.01113,0.98667
16161167,1,1,0.48364,0.49511,0.02125
37799848,0,0,0.62547,0.34006,0.03447
33193574,1,0,0.59416,0.39271,0.01313
10150034,2,2,0.0734,0.07999,0.84661
1511776,2,2,0.00184,0.0129,0.98526
12520132,2,2,0.00617,0.09195,0.90187
24482182,2,2,0.00215,0.01656,0.9813
37372997,2,2,0.00116,0.00915,0.98969
38078806,2,2,0.00084,0.00674,0.99242
13344344,2,1,0.10524,0.86668,0.02808
21332407,2,2,0.36858,0.14647,0.48496
4252039,2,2,0.00122,0.00482,0.99396
10286793,0,0,0.9877,0.01059,0.00171
14422417,0,0,0.92976,0.06709,0.00315
41477244,2,2,0.0013,0.00391,0.99479
2156023,2,2,0.00126,0.00379,0.99495
27199611,0,0,0.49656,0.47753,0.02591
29037353,2,1,0.21647,0.72236,0.06118
31468860,2,2,0.00235,0.00425,0.9934
13412299,2,2,0.00499,0.02933,0.96568
26930784,2,2,0.00152,0.00628,0.9922
39262504,2,2,0.00095,0.00526,0.99379
25616502,2,2,0.14932,0.24848,0.60221
38646259,2,2,0.01144,0.19888,0.78968
12773267,2,2,0.0062,0.04391,0.94989
4726961,2,2,0.00388,0.01698,0.97914
6569635,0,0,0.85548,0.13911,0.00541
29239488,2,2,0.00151,0.00973,0.98876
22165388,2,1,0.03736,0.8504,0.11223
9673181,0,0,0.97262,0.02562,0.00176
31940324,2,2,0.00179,0.0134,0.98481
20002136,2,2,0.00404,0.03853,0.95744
37768863,0,1,0.31523,0.62691,0.05786
37092965,0,1,0.22166,0.69759,0.08075
13230900,1,0,0.6036,0.36043,0.03597
15738,0,0,0.84856,0.14631,0.00513
36154181,2,2,0.01596,0.12626,0.85778
10339382,2,1,0.08131,0.78052,0.13817
30004398,2,2,0.00751,0.11098,0.88151
6449198,2,2,0.00515,0.02905,0.9658
2729936,2,2,0.00124,0.00345,0.99531
36129832,2,2,0.00122,0.00734,0.99145
14301722,2,2,0.00124,0.00517,0.99359
3027387,2,2,0.00115,0.004,0.99485
10116655,1,0,0.8962,0.09717,0.00663
3744917,2,2,0.00422,0.01044,0.98534
17710447,0,0,0.74507,0.24763,0.0073
11007719,2,2,0.00879,0.05129,0.93991
33746978,0,0,0.91342,0.07927,0.00731
31167012,0,0,0.9337,0.06298,0.00332
2977368,1,1,0.0592,0.85974,0.08107
4392494,2,2,0.00118,0.00457,0.99425
187037,2,2,0.00147,0.00734,0.9912
39025627,0,0,0.83859,0.14544,0.01597
15015920,0,0,0.97746,0.02085,0.00169
40504104,2,2,0.00174,0.009,0.98926
18021022,0,0,0.98941,0.00849,0.0021
6734378,2,2,0.00111,0.00376,0.99513
199054,1,2,0.01382,0.32569,0.66049
19907238,0,0,0.9846,0.01361,0.00179
6258869,0,0,0.96622,0.03076,0.00303
36030416,2,2,0.12734,0.15122,0.72144
4813867,2,2,0.05498,0.11149,0.83353
22083612,2,2,0.0366,0.16857,0.79483
22320985,0,0,0.90066,0.09642,0.00291
21520475,2,2,0.00191,0.02346,0.97462
14146688,2,2,0.02883,0.41868,0.5525
24918136,0,0,0.82242,0.17306,0.00452
24494808,2,2,0.00089,0.0049,0.99421
12978049,2,2,0.00968,0.11907,0.87125
19507119,2,2,0.0012,0.00674,0.99206
21888681,2,2,0.02475,0.14938,0.82588
35906554,0,1,0.2979,0.65834,0.04376
2309425,2,2,0.00192,0.01887,0.97921
19168732,2,2,0.00138,0.00494,0.99368
41311236,2,2,0.00274,0.00533,0.99193
36895879,1,0,0.57479,0.39659,0.02862
6611919,2,2,0.00321,0.02004,0.97676
40379583,0,0,0.7261,0.26504,0.00886
3758927,1,2,0.00286,0.0399,0.95724
25920313,2,2,0.00129,0.0141,0.98461
8431514,2,2,0.00188,0.007,0.99112
6170128,0,0,0.97809,0.01716,0.00475
40518744,2,2,0.00108,0.00416,0.99476
37703748,0,2,0.021,0.12016,0.85884
1657907,0,0,0.81455,0.17893,0.00652
12247536,2,2,0.00359,0.04566,0.95075
23320240,0,2,0.05335,0.11207,0.83458
39678769,1,1,0.0957,0.6774,0.2269
4922131,2,2,0.00405,0.01987,0.97608
18876219,2,2,0.00159,0.00568,0.99273
39944941,0,0,0.92774,0.06887,0.0034
23782848,2,2,0.01844,0.16601,0.81554
26580265,0,0,0.72536,0.26477,0.00987
27109043,2,2,0.01093,0.12118,0.86789
35125488,2,2,0.00085,0.00446,0.99468
30261079,2,2,0.00101,0.00763,0.99136
5078110,0,0,0.79247,0.20194,0.0056
15710079,0,0,0.98021,0.01572,0.00407
21340804,2,2,0.00128,0.00555,0.99318
34422990,2,2,0.00149,0.00933,0.98919
36888516,0,0,0.9253,0.0708,0.0039
20143426,2,2,0.00468,0.03117,0.96415
27815808,2,2,0.01429,0.05934,0.92638
1460425,2,2,0.00096,0.00609,0.99294
14168664,2,2,0.03706,0.02196,0.94098
4637739,2,2,0.00172,0.01708,0.98119
16415645,2,2,0.00118,0.00628,0.99254
28671328,2,2,0.0022,0.00976,0.98804
24611213,1,2,0.01718,0.01516,0.96766
38463977,0,1,0.16707,0.80016,0.03277
9707778,2,2,0.37503,0.18135,0.44362
4809933,2,2,0.00145,0.00609,0.99246
33000732,0,0,0.98183,0.01532,0.00285
30981819,2,2,0.02404,0.26248,0.71349
24239512,2,2,0.00094,0.00407,0.995
5175485,0,1,0.09583,0.74793,0.15624
41389534,0,0,0.87749,0.11737,0.00514
14856134,2,2,0.08018,0.38251,0.53732
15573833,0,0,0.64176,0.3462,0.01203
12671949,0,0,0.9873,0.0111,0.0016
33729472,2,2,0.0127,0.25505,0.73226
33027906,2,2,0.00763,0.1102,0.88217
18855512,0,0,0.91179,0.08448,0.00373
7310033,2,2,0.00113,0.00439,0.99448
14152445,2,2,0.0025,0.0199,0.9776
41188650,2,2,0.00159,0.00568,0.99273
4726299,2,2,0.0251,0.17559,0.79932
23377508,0,1,0.28571,0.70164,0.01265
29576813,2,2,0.0041,0.02432,0.97158
34491328,2,2,0.001,0.00429,0.99471
6538468,2,2,0.00114,0.00568,0.99318
31366802,1,1,0.45903,0.52834,0.01262
3425010,2,2,0.0014,0.00763,0.99097
278890,1,1,0.24061,0.73538,0.02401
11452816,1,1,0.2632,0.66299,0.07381
21203811,2,2,0.00115,0.00391,0.99494
5863463,1,1,0.17591,0.78836,0.03574
14115528,2,2,0.01671,0.17795,0.80534
38423446,2,2,0.00896,0.18487,0.80618
26409553,2,2,0.00098,0.00591,0.99312
12418506,2,2,0.00253,0.02181,0.97566
36782237,2,2,0.00139,0.01097,0.98763
22008090,2,2,0.00095,0.00379,0.99526
16372361,0,0,0.72745,0.26142,0.01113
6441385,2,2,0.00097,0.00382,0.99521
10195536,0,0,0.86699,0.12887,0.00414
17863650,2,2,0.00106,0.00619,0.99276
18466907,2,2,0.00115,0.00468,0.99418
12841436,0,0,0.51357,0.45677,0.02966
22760085,2,2,0.00128,0.00385,0.99487
10809099,1,1,0.02494,0.77582,0.19925
2339978,2,2,0.00215,0.01675,0.9811
37068861,2,2,0.0018,0.00348,0.99472
10155257,2,2,0.00099,0.00619,0.99282
37342119,2,2,0.00104,0.00407,0.99489
33262191,2,2,0.12561,0.20851,0.66588
29592159,2,1,0.09132,0.75274,0.15594
4327382,2,2,0.00128,0.00513,0.99359
10574942,2,2,0.00097,0.00479,0.99425
40071341,2,2,0.00116,0.00416,0.99467
34278719,2,2,0.00196,0.01436,0.98368
25887851,1,1,0.27552,0.66872,0.05576
22603447,0,0,0.93988,0.05722,0.0029
14126426,2,2,0.00234,0.02488,0.97278
14319790,0,0,0.89553,0.10166,0.00281
20342073,2,2,0.0014,0.00728,0.99132
15555549,0,0,0.9505,0.04695,0.00255
24679608,2,2,0.00869,0.00962,0.98168
23825033,0,0,0.98912,0.0081,0.00278
10187800,2,1,0.46366,0.50527,0.03106
19708247,1,1,0.05664,0.9142,0.02916
21845084,2,2,0.00198,0.00595,0.99208
35438400,2,2,0.00213,0.01084,0.98704
28690897,2,2,0.05148,0.1046,0.84392
18022812,2,2,0.00199,0.01464,0.98337
27569045,2,2,0.00584,0.08582,0.90834
27620191,0,0,0.50807,0.46623,0.02569
33493542,2,2,0.0255,0.13647,0.83803
37832557,2,2,0.11449,0.22921,0.6563
25352894,2,2,0.00859,0.02184,0.96957
33556548,2,1,0.02597,0.62924,0.34479
17731886,2,2,0.00143,0.00509,0.99348
11465109,2,2,0.00302,0.03317,0.96381
34082399,2,2,0.0024,0.01458,0.98302
4936843,0,0,0.98489,0.01341,0.0017
3780289,2,2,0.00969,0.27246,0.71784
34069701,2,2,0.10057,0.17634,0.72309
30359171,2,2,0.00269,0.00829,0.98901
2225149,1,1,0.03131,0.69071,0.27798
22338303,2,2,0.00287,0.02326,0.97387
8536763,2,1,0.34919,0.63727,0.01354
35994393,2,1,0.31733,0.63853,0.04414
16234399,0,0,0.96516,0.03037,0.00447
27398513,2,0,0.72787,0.26055,0.01158
1681783,2,2,0.00607,0.01255,0.98138
31906492,2,2,0.03163,0.1267,0.84167
20142454,2,2,0.0226,0.40367,0.57373
16312095,2,2,0.00196,0.01534,0.98271
1681975,2,2,0.0113,0.18385,0.80485
9034950,2,0,0.6258,0.35104,0.02315
2711682,2,2,0.0014,0.00475,0.99385
5950200,0,0,0.80962,0.18065,0.00972
18404463,0,0,0.55936,0.42223,0.01841
40375107,2,2,0.00175,0.01676,0.98149
31031461,0,0,0.97935,0.01851,0.00214
20068876,0,1,0.12931,0.85816,0.01253
12977660,2,2,0.00089,0.00457,0.99454
16970884,2,2,0.0067,0.00615,0.98715
39916442,2,2,0.01186,0.04617,0.94197
14480841,2,2,0.00386,0.00749,0.98866
13334020,2,2,0.00671,0.12853,0.86476
21505470,2,2,0.00113,0.00546,0.99341
10701554,2,0,0.96391,0.02357,0.01252
7594132,0,0,0.96313,0.03483,0.00204
12390305,2,2,0.00103,0.00595,0.99302
19506544,2,2,0.00101,0.00828,0.99072
38487953,2,2,0.00169,0.00337,0.99493
7874775,2,2,0.00104,0.00663,0.99232
1829895,2,2,0.00101,0.00394,0.99505
12130274,0,0,0.7158,0.27169,0.01251
20622613,0,0,0.50459,0.48526,0.01015
24495563,2,2,0.00548,0.01305,0.98147
11447016,2,2,0.00116,0.00648,0.99236
36717730,2,2,0.00829,0.09168,0.90004
30296790,2,2,0.00178,0.01795,0.98027
28324961,2,1,0.01969,0.49207,0.48824
36893480,2,2,0.00095,0.00407,0.99498
16472704,0,0,0.97728,0.01935,0.00336
326801,2,2,0.01317,0.23902,0.74781
7180998,2,2,0.00176,0.01093,0.98731
27516049,0,0,0.88329,0.11362,0.00309
40922924,2,0,0.80057,0.1843,0.01513
8322980,2,2,0.10411,0.13263,0.76326
29926167,2,2,0.00701,0.02282,0.97017
5673480,2,2,0.00852,0.09487,0.89661
18508810,2,1,0.13932,0.75025,0.11043
17558898,2,2,0.01116,0.07407,0.91477
9648280,0,0,0.90029,0.09315,0.00656
331170,1,1,0.06651,0.50313,0.43035
26268801,1,0,0.52298,0.40255,0.07446
2539650,2,2,0.00131,0.01004,0.98865
15794814,1,1,0.287,0.68578,0.02722
41076641,0,0,0.86918,0.1216,0.00921
5778865,2,2,0.00114,0.00763,0.99123
25224917,2,2,0.00365,0.0464,0.94995
12035424,0,2,0.00338,0.02921,0.96741
36095942,2,2,0.00216,0.01031,0.98753
41237840,2,1,0.04693,0.83504,0.11803
24728167,2,2,0.00409,0.06926,0.92665
38799950,0,0,0.58752,0.20624,0.20624
32989403,2,2,0.00092,0.00604,0.99304
29561468,0,0,0.91103,0.08507,0.0039
17846673,2,2,0.00117,0.00324,0.99559
5587902,2,2,0.001,0.00429,0.99471
16369457,2,2,0.00568,0.02456,0.96976
32456884,2,2,0.00142,0.00763,0.99095
41332271,2,0,0.43631,0.33355,0.23014
25444446,2,2,0.00155,0.01181,0.98664
25273322,2,2,0.00173,0.0147,0.98357
25797611,2,2,0.00136,0.00394,0.9947
21267534,2,2,0.00101,0.00542,0.99357
24603186,2,2,0.00116,0.00551,0.99333
30257218,2,1,0.03453,0.77365,0.19183
1726879,1,1,0.38508,0.55376,0.06117
28863388,2,1,0.05836,0.90754,0.03411
27263560,0,0,0.97375,0.02443,0.00182
17846965,0,0,0.58915,0.32663,0.08421
21951891,2,2,0.00236,0.01498,0.98266
40653222,2,2,0.01077,0.27994,0.70929
3803822,2,2,0.00132,0.00397,0.99471
38446123,0,0,0.71244,0.27682,0.01073
18917077,2,2,0.00376,0.03114,0.96509
24198284,2,2,0.00118,0.00863,0.99019
109938,2,2,0.00238,0.00836,0.98926
26620898,2,2,0.00436,0.03823,0.95741
35061479,2,2,0.0021,0.0089,0.98901
34375879,2,1,0.0317,0.83702,0.13128
25757215,2,2,0.00186,0.00604,0.9921
21220325,1,2,0.00114,0.00722,0.99163
14947606,2,2,0.00342,0.03424,0.96234
827296,2,2,0.00422,0.04102,0.95476
39470896,2,2,0.00104,0.00812,0.99084
23979904,2,2,0.00291,0.02344,0.97365
37265696,0,0,0.50536,0.47474,0.0199
4976787,2,2,0.00889,0.01081,0.98031
11501346,2,2,0.00109,0.0049,0.99401
34226971,0,0,0.86641,0.12728,0.00631
25645800,0,0,0.93497,0.06227,0.00275
17044735,0,0,0.81875,0.17297,0.00828
35974271,2,2,0.00176,0.01335,0.98489
33910823,2,2,0.00247,0.01509,0.98243
40540169,0,0,0.91103,0.08302,0.00595
23205698,1,1,0.28799,0.64018,0.07183
12396127,0,0,0.61808,0.37489,0.00703
21370121,0,0,0.93709,0.05328,0.00963
18275847,2,2,0.00553,0.0495,0.94497
22419641,2,2,0.00227,0.00817,0.98956
35237915,2,2,0.00108,0.00577,0.99316
1908842,2,2,0.01108,0.19343,0.79549
16231982,2,2,0.00124,0.00722,0.99154
28865952,2,2,0.00109,0.01056,0.98835
18924611,0,1,0.20105,0.77674,0.02221
34366919,2,2,0.0047,0.04193,0.95337
39026736,0,0,0.63561,0.16711,0.19729
9642100,2,2,0.00119,0.01032,0.98849
22686329,2,2,0.00149,0.00423,0.99428
38113043,2,2,0.00153,0.01153,0.98693
12087558,2,2,0.00127,0.00766,0.99107
21964165,2,2,0.00092,0.00436,0.99472
37151750,2,2,0.00225,0.01504,0.98271
4568177,2,2,0.0017,0.01372,0.98458
38230492,2,2,0.00116,0.00416,0.99467
40236581,2,2,0.01036,0.08536,0.90427
3941407,2,2,0.00095,0.0069,0.99215
16756237,2,2,0.00562,0.04845,0.94593
15829350,2,2,0.00134,0.00689,0.99177
13999362,2,2,0.00172,0.00689,0.99139
15047397,0,0,0.79179,0.2002,0.00801
15477398,2,2,0.00112,0.00805,0.99082
34660479,2,2,0.00147,0.00793,0.99061
28130191,2,2,0.00944,0.02774,0.96282
24348201,2,2,0.00191,0.00969,0.9884
25862094,0,0,0.52732,0.46174,0.01094
24661735,2,1,0.02292,0.84019,0.13689
29840154,2,2,0.00106,0.00695,0.99199
30399103,2,1,0.02226,0.58316,0.39458
175953,2,2,0.00179,0.0126,0.98561
15901438,2,2,0.0019,0.01217,0.98593
26390025,2,2,0.01426,0.07559,0.91015
16489081,2,2,0.00923,0.02651,0.96425
31185364,0,0,0.91802,0.07452,0.00746
36474088,2,2,0.00094,0.0049,0.99416
27335259,2,2,0.20986,0.32456,0.46559
38310471,2,1,0.47916,0.49825,0.02259
24377265,2,2,0.00538,0.03235,0.96227
3873403,2,2,0.00185,0.00973,0.98842
21277770,2,2,0.01193,0.0481,0.93998
25788954,2,2,0.00184,0.01285,0.98531
2282124,0,0,0.92589,0.0705,0.00361
29666379,0,0,0.78651,0.20278,0.01071
23260188,2,1,0.22947,0.73786,0.03267
18693461,2,2,0.00265,0.00727,0.99008
11002197,2,2,0.0012,0.00385,0.99495
22075920,2,2,0.00142,0.00824,0.99034
16876336,2,2,0.005,0.02787,0.96714
7442611,2,2,0.01486,0.47334,0.5118
24739121,0,0,0.98824,0.00976,0.002
40238379,2,2,0.00126,0.00658,0.99216
40809942,2,2,0.00132,0.00643,0.99225
26781501,1,1,0.05888,0.90492,0.0362
37922140,0,0,0.76058,0.21664,0.02279
32738500,0,0,0.81068,0.18231,0.00701
38035522,0,0,0.78473,0.20793,0.00734
37570644,2,2,0.00108,0.00443,0.99449
29883150,2,2,0.00261,0.00991,0.98748
8709152,0,1,0.22303,0.7313,0.04567
16474815,2,2,0.00763,0.1102,0.88217
40860219,1,2,0.00585,0.09785,0.8963
36802605,0,0,0.96419,0.03404,0.00178
39113516,2,2,0.00168,0.01176,0.98656
40304980,2,2,0.00184,0.01285,0.98531
11598417,2,2,0.00128,0.00429,0.99443
6101573,2,2,0.00328,0.02889,0.96784
27010305,2,2,0.01475,0.31777,0.66748
25914462,2,2,0.00516,0.02642,0.96842
30711592,2,2,0.00831,0.03171,0.95998
14000265,2,2,0.00814,0.12194,0.86992
36665811,2,2,0.00122,0.00572,0.99306
17845015,2,2,0.00097,0.00464,0.99439
8785619,1,1,0.0431,0.91782,0.03909
37564959,2,2,0.00111,0.00847,0.99042
21112706,1,1,0.25111,0.72945,0.01944
4437048,2,2,0.00116,0.00471,0.99412
18767557,2,1,0.44988,0.53424,0.01588
29876615,2,2,0.00188,0.00739,0.99073
37270926,2,1,0.02345,0.70711,0.26944
5895549,1,1,0.04584,0.84489,0.10927
21365226,2,2,0.0225,0.30946,0.66804
20512692,2,2,0.00227,0.00762,0.99011
28306537,2,2,0.01449,0.31954,0.66598
393772,2,2,0.00615,0.06625,0.9276
24259334,0,0,0.68778,0.27092,0.0413
14110973,0,0,0.83566,0.15825,0.00609
8333076,2,1,0.0278,0.64267,0.32953
22906886,2,2,0.002,0.01185,0.98616
20366498,2,2,0.00157,0.01775,0.98068
41564379,2,2,0.0018,0.00762,0.99058
35546197,2,2,0.12561,0.20851,0.66588
38794833,0,0,0.97721,0.02072,0.00207
9715154,2,2,0.00499,0.01336,0.98165
24023485,2,2,0.001,0.00526,0.99375
24392301,2,2,0.00098,0.00559,0.99343
14901396,2,2,0.00356,0.02388,0.97256
24771047,2,2,0.00106,0.00706,0.99188
10532834,2,2,0.00223,0.00869,0.98908
28791225,2,2,0.17619,0.02255,0.80126
23548106,2,2,0.00156,0.00992,0.98852
40092071,2,1,0.03479,0.77344,0.19177
10793470,2,1,0.12856,0.79293,0.07851
16108327,2,2,0.0062,0.05844,0.93536
33055182,2,2,0.00091,0.00468,0.99442
28215621,2,2,0.00101,0.00614,0.99285
12833422,2,2,0.00538,0.11815,0.87647
37772691,2,2,0.00098,0.00502,0.994
28063321,2,2,0.00623,0.1119,0.88187
23705678,2,2,0.00265,0.02506,0.97229
35934445,0,0,0.69725,0.27735,0.0254
26894318,2,2,0.00116,0.00464,0.9942
34041410,2,2,0.00322,0.0454,0.95138
31592648,2,2,0.00239,0.01879,0.97882
19203793,2,2,0.02709,0.39813,0.57477
24517081,0,1,0.47685,0.51158,0.01157
40699408,0,0,0.98801,0.01011,0.00188
6113822,2,2,0.0012,0.00834,0.99047
13323194,0,0,0.98845,0.00958,0.00197
2410187,0,0,0.89139,0.10563,0.00297
22076660,0,0,0.49907,0.48372,0.01721
36497114,0,0,0.96995,0.02789,0.00216
25554116,0,1,0.34642,0.61516,0.03841
37391240,2,2,0.00294,0.04288,0.95418
8870077,2,2,0.00131,0.00796,0.99073
3188239,2,2,0.05148,0.1046,0.84392
36496802,2,2,0.00232,0.03166,0.96601
3537274,0,0,0.7948,0.20017,0.00503
5528400,2,2,0.00182,0.00973,0.98845
22635338,2,2,0.00448,0.04399,0.95154
36862105,2,2,0.00185,0.02338,0.97477
37209096,2,2,0.00103,0.0045,0.99447
17052775,2,2,0.0017,0.01644,0.98186
4141476,0,0,0.67832,0.30935,0.01233
9276079,2,2,0.01199,0.16017,0.82784
18890452,2,1,0.13543,0.8526,0.01197
6832349,0,0,0.98173,0.01679,0.00148
6002485,2,1,0.03143,0.5658,0.40278
24343598,2,2,0.0012,0.00464,0.99416
23939901,0,1,0.05069,0.5282,0.42111
31144846,2,2,0.00111,0.00538,0.99351
34244361,2,2,0.00202,0.01382,0.98416
32844814,2,2,0.00137,0.0102,0.98843
33118361,2,2,0.00109,0.00486,0.99404
34552754,2,2,0.0075,0.03979,0.95271
32410235,0,0,0.46527,0.29546,0.23927
28239448,2,2,0.00142,0.00821,0.99037
16331651,2,2,0.0012,0.00604,0.99276
14853597,2,2,0.00095,0.0041,0.99495
3549115,2,2,0.22873,0.21826,0.55301
41488459,2,2,0.00628,0.01655,0.97717
9065844,2,2,0.00236,0.01569,0.98195
35337216,2,2,0.00132,0.00633,0.99235
24409464,2,2,0.00586,0.00907,0.98507
2710120,0,0,0.92648,0.07033,0.00319
25103286,2,2,0.00295,0.02608,0.97097
30863346,1,1,0.29174,0.69985,0.00841
7058502,0,1,0.35012,0.63897,0.01091
10386638,1,1,0.42882,0.55929,0.01188
37707749,0,0,0.64613,0.33652,0.01735
31637612,2,2,0.00485,0.0706,0.92455
30193839,2,2,0.00092,0.00461,0.99447
30074087,2,2,0.00213,0.00992,0.98796
28406808,2,2,0.00098,0.00385,0.99517
15198915,0,0,0.98178,0.01644,0.00178
29213698,2,2,0.01962,0.0499,0.93049
18602442,2,2,0.03758,0.06596,0.89645
7136526,2,2,0.00142,0.00643,0.99215
10316051,2,2,0.00113,0.00525,0.99362
6015037,2,2,0.00101,0.0079,0.99109
29398889,2,2,0.00238,0.02418,0.97344
24333916,2,2,0.001,0.00546,0.99354
13512290,0,1,0.29413,0.68388,0.02198
19021429,2,2,0.00098,0.00624,0.99279
36156359,2,2,0.0044,0.03107,0.96454
22173788,1,0,0.58664,0.40319,0.01017
7221471,2,1,0.09364,0.56915,0.33721
34656343,2,2,0.01096,0.1181,0.87094
35817223,2,2,0.0013,0.00663,0.99207
13644255,2,2,0.0015,0.00394,0.99457
21871494,0,1,0.12058,0.86522,0.01421
13238663,0,2,0.22953,0.35969,0.41078
14591720,1,1,0.09194,0.85208,0.05598
39925373,2,2,0.00242,0.00689,0.9907
24706401,2,2,0.00171,0.00762,0.99066
39813997,0,1,0.30444,0.58911,0.10645
16919383,0,0,0.70092,0.28766,0.01142
5559292,2,2,0.00547,0.00827,0.98626
19883902,2,2,0.00115,0.00505,0.9938
5018486,0,0,0.98775,0.01059,0.00166
19224974,2,2,0.00142,0.0119,0.98669
24837012,0,0,0.98704,0.01114,0.00182
6069441,2,2,0.00605,0.05264,0.94131
11216793,0,0,0.74922,0.24514,0.00563
28672640,2,2,0.00124,0.00763,0.99114
40235514,2,2,0.00098,0.00709,0.99194
32643254,2,2,0.01812,0.31752,0.66436
22453474,0,0,0.79637,0.19746,0.00618
36257054,0,0,0.8792,0.11533,0.00548
36969796,2,2,0.00122,0.00468,0.9941
13870633,0,0,0.93027,0.06699,0.00274
19695740,0,0,0.74866,0.244,0.00734
19262118,2,2,0.00118,0.00546,0.99336
25515052,2,2,0.001,0.00413,0.99487
8929291,2,2,0.00848,0.09932,0.8922
23046816,2,2,0.00174,0.00695,0.99131
2871170,2,2,0.00126,0.00446,0.99428
20832029,2,2,0.00099,0.00581,0.99319
1951365,2,2,0.00101,0.00482,0.99416
17111937,2,2,0.00951,0.03574,0.95475
4261185,2,2,0.00185,0.00876,0.98939
31668826,0,0,0.97365,0.02404,0.0023
33763377,2,2,0.00229,0.01458,0.98313
21117648,2,2,0.01245,0.20495,0.7826
29115916,2,2,0.00111,0.00725,0.99164
24320170,2,2,0.00111,0.00757,0.99132
39203786,2,2,0.00766,0.07919,0.91315
27377202,2,2,0.01719,0.01425,0.96855
39920339,2,2,0.00091,0.00461,0.99449
12045492,2,1,0.03359,0.79485,0.17156
9307860,2,2,0.00177,0.00609,0.99214
38536617,0,0,0.9344,0.06178,0.00382
10355645,2,2,0.00276,0.0283,0.96893
27746752,2,2,0.00351,0.00861,0.98788
17397943,1,0,0.59507,0.39026,0.01467
29128258,2,2,0.00086,0.00538,0.99376
16902023,0,0,0.8473,0.14439,0.00831
15504238,2,2,0.00115,0.00439,0.99446
4326645,1,1,0.3318,0.65472,0.01348
22404369,0,0,0.89218,0.10267,0.00514
38443919,2,2,0.00272,0.02863,0.96865
40670281,0,0,0.93795,0.05938,0.00268
28154911,2,2,0.00096,0.00766,0.99138
4094801,0,0,0.98929,0.0083,0.00241
34446991,2,2,0.05302,0.21508,0.7319
10358456,2,2,0.00706,0.02434,0.9686
39585497,2,2,0.01112,0.22767,0.76122
25897792,2,2,0.0012,0.00525,0.99355
5151211,2,2,0.01151,0.05994,0.92855
34356288,2,2,0.00097,0.00436,0.99467
39552600,2,2,0.00089,0.004,0.9951
28822542,2,2,0.00357,0.00767,0.98877
17167795,2,2,0.00884,0.06133,0.92984
4485854,2,2,0.00219,0.02811,0.96971
23379869,0,0,0.84983,0.14653,0.00364
1171011,2,2,0.00118,0.00873,0.99009
6294674,2,2,0.00914,0.04403,0.94684
36902622,0,0,0.71692,0.27211,0.01097
38567014,0,1,0.1912,0.79248,0.01632
36815566,0,0,0.9872,0.01114,0.00166
40166930,2,2,0.00166,0.00756,0.99077
34383927,2,2,0.00212,0.01309,0.98479
11874140,2,2,0.00198,0.02088,0.97714
36814718,2,2,0.00201,0.02057,0.97743
33729786,2,2,0.00187,0.01669,0.98144
17982607,2,2,0.00209,0.01113,0.98677
20930835,2,2,0.00122,0.00376,0.99502
29437626,0,0,0.92257,0.07354,0.00389
18412276,2,2,0.01232,0.07506,0.91262
32556266,2,2,0.00225,0.01533,0.98242
11160491,2,2,0.00645,0.03585,0.9577
264777,2,2,0.00147,0.00464,0.99389
29577774,0,0,0.82132,0.1611,0.01759
13056937,2,2,0.00511,0.00548,0.9894
27213873,1,1,0.03081,0.83283,0.13635
7205413,2,1,0.10373,0.88051,0.01575
37389119,2,2,0.00156,0.00774,0.9907
19903293,2,2,0.01523,0.33207,0.6527
29813467,2,2,0.00116,0.00915,0.98969
34911176,2,2,0.00114,0.00877,0.99009
10638702,2,2,0.0029,0.01087,0.98623
38134985,2,2,0.00153,0.01213,0.98634
14335364,0,0,0.83021,0.14226,0.02753
13546613,0,0,0.54856,0.43395,0.0175
1880681,1,1,0.10482,0.84773,0.04745
34993193,1,1,0.44529,0.52879,0.02592
15875764,2,2,0.0048,0.03618,0.95902
17865678,2,2,0.01,0.08955,0.90045
39399381,2,2,0.00137,0.01119,0.98744
40340451,2,2,0.00187,0.01217,0.98595
10118281,2,2,0.00111,0.00609,0.9928
30279689,0,0,0.913,0.07458,0.01243
19356737,1,0,0.69073,0.27208,0.03718
13895055,2,2,0.17209,0.1772,0.65071
41298237,0,0,0.87387,0.1225,0.00363
37890476,2,2,0.00463,0.02564,0.96973
14856547,2,2,0.00658,0.01655,0.97687
28713849,0,0,0.94177,0.05218,0.00605
13587699,2,2,0.00125,0.01012,0.98863
7272618,2,2,0.00697,0.10856,0.88447
8784983,0,0,0.74744,0.24648,0.00607
34687080,0,0,0.9627,0.03535,0.00195
18594701,2,2,0.00251,0.01649,0.981
26239233,2,2,0.03496,0.19385,0.77119
21082910,2,2,0.00487,0.05334,0.94179
2797594,1,1,0.15035,0.8128,0.03685
9259394,2,2,0.00095,0.00628,0.99277
4179037,2,2,0.00142,0.00908,0.9895
33504170,2,2,0.00231,0.00581,0.99188
12870436,1,0,0.9342,0.06259,0.00321
545405,2,2,0.00214,0.0046,0.99326
9352787,0,0,0.96278,0.03521,0.00201
23216994,0,0,0.92778,0.06961,0.00261
10567643,2,2,0.00121,0.00897,0.98981
5671399,2,2,0.00122,0.00853,0.99025
31179875,2,2,0.00128,0.00475,0.99397
30769533,1,0,0.54544,0.44518,0.00938
30421395,2,2,0.00477,0.02819,0.96704
21413156,2,2,0.00103,0.00502,0.99396
3956367,2,2,0.00156,0.01023,0.98821
7782694,0,0,0.62623,0.35961,0.01416
23525297,2,2,0.00104,0.00494,0.99402
41035555,2,2,0.00763,0.1102,0.88217
34288985,1,1,0.34391,0.64755,0.00854
40377846,2,2,0.00605,0.06758,0.92637
5892495,2,2,0.0033,0.00612,0.99057
3896734,2,2,0.00134,0.00403,0.99463
27101404,2,2,0.00258,0.00425,0.99317
41457477,2,2,0.00162,0.0046,0.99378
13406547,0,0,0.91229,0.0789,0.00881
27950554,2,2,0.0012,0.00623,0.99257
21313547,2,2,0.03589,0.15353,0.81057
19224897,2,2,0.00213,0.0231,0.97476
37878610,0,0,0.94749,0.05017,0.00235
8877937,2,2,0.00322,0.01623,0.98055
37646883,2,2,0.00149,0.00733,0.99117
31633617,2,2,0.00505,0.09092,0.90403
21644618,2,2,0.00159,0.00419,0.99422
36479455,0,0,0.7425,0.25066,0.00684
25555189,2,2,0.00129,0.00918,0.98952
27707025,2,2,0.00231,0.00581,0.99188
33610166,0,1,0.12738,0.82838,0.04425
4624655,2,2,0.36771,0.23236,0.39993
18138313,2,2,0.00104,0.00394,0.99501
15747697,2,2,0.00175,0.01848,0.97977
4834004,2,2,0.00107,0.00901,0.98992
34578859,2,2,0.00095,0.00572,0.99333
20471794,2,2,0.00231,0.02241,0.97529
1821989,0,0,0.82433,0.16296,0.01271
29726923,2,2,0.00098,0.00595,0.99307
41260432,0,0,0.97688,0.02158,0.00154
2112075,0,0,0.62702,0.36574,0.00724
25900556,2,2,0.00224,0.00493,0.99283
24160703,0,0,0.7475,0.24079,0.01171
27254564,2,2,0.00103,0.00471,0.99426
29079307,2,2,0.00314,0.0113,0.98557
21303319,2,2,0.00245,0.02446,0.97309
3313375,2,2,0.0014,0.00397,0.99462
6640091,2,2,0.00239,0.017,0.9806
33831168,0,0,0.76345,0.22833,0.00822
12528966,2,2,0.00106,0.00538,0.99356
40362098,0,0,0.88134,0.11471,0.00396
2180265,2,2,0.00221,0.0193,0.97849
38107424,2,2,0.0034,0.0229,0.9737
31429333,2,1,0.10339,0.84072,0.05589
36344121,0,0,0.92277,0.07231,0.00492
33142082,2,2,0.00089,0.00568,0.99343
28060982,2,2,0.00174,0.00643,0.99183
24116658,0,1,0.28127,0.70712,0.01161
12142916,2,2,0.0014,0.00745,0.99115
16149150,2,2,0.00122,0.00498,0.9938
35218348,0,0,0.59955,0.39319,0.00726
38621329,2,2,0.00092,0.0045,0.99458
22556650,0,0,0.97727,0.02084,0.00189
457555,2,2,0.00538,0.01582,0.9788
8986990,2,2,0.00111,0.00658,0.99231
16547919,2,2,0.00115,0.00373,0.99512
23003843,2,2,0.00267,0.01509,0.98224
12926342,2,2,0.00166,0.00786,0.99048
27110471,2,2,0.00343,0.03187,0.9647
23481499,2,2,0.0014,0.01992,0.97868
37485266,2,2,0.00866,0.14848,0.84286
17552299,2,2,0.00448,0.05713,0.93838
19528163,1,2,0.20986,0.32456,0.46559
24711815,2,2,0.00134,0.0049,0.99376
8787616,2,2,0.00135,0.01076,0.98789
3484026,2,2,0.00095,0.00403,0.99501
34558839,0,0,0.98941,0.00836,0.00223
37734678,0,0,0.86019,0.13557,0.00424
36884686,2,2,0.00227,0.02386,0.97387
15070311,2,1,0.02977,0.66716,0.30307
29752355,2,2,0.00297,0.01863,0.97839
9430970,0,0,0.97084,0.02643,0.00273
15464912,1,0,0.73383,0.25962,0.00655
9093304,2,2,0.00179,0.01315,0.98507
8372196,2,2,0.07452,0.13363,0.79185
4265195,2,2,0.00279,0.03417,0.96304
35823970,0,0,0.92372,0.06764,0.00864
9569628,2,2,0.00526,0.0387,0.95604
30014852,0,0,0.83788,0.15682,0.0053
33292192,2,2,0.00568,0.13767,0.85664
26496074,2,2,0.00208,0.01618,0.98174
38191792,2,2,0.00091,0.00471,0.99438
9027714,2,2,0.00099,0.00614,0.99287
28480083,2,2,0.00575,0.1145,0.87975
14256874,2,2,0.01392,0.28297,0.7031
14188493,2,2,0.0093,0.01185,0.97885
27161377,1,2,0.0057,0.12224,0.87206
33602087,2,2,0.01386,0.10814,0.878
9268861,1,1,0.43732,0.54852,0.01417
6594885,2,2,0.00094,0.00446,0.9946
21085663,0,0,0.5869,0.38791,0.02519
25751870,1,1,0.10934,0.85232,0.03834
25184770,2,2,0.00296,0.0238,0.97324
21009054,2,2,0.00159,0.00403,0.99438
1337944,2,2,0.01394,0.38871,0.59735
39658400,0,0,0.84234,0.15161,0.00604
41389887,2,2,0.00167,0.0041,0.99424
14388839,2,2,0.00302,0.01863,0.97835
7167576,2,2,0.0077,0.10259,0.88971
39123175,2,2,0.00263,0.01441,0.98296
29914865,2,2,0.001,0.00436,0.99464
35419946,2,2,0.00087,0.00453,0.9946
20417644,2,2,0.00335,0.02213,0.97452
7213276,2,2,0.00415,0.02675,0.9691
3305129,2,2,0.0016,0.0129,0.9855
35306644,2,2,0.00351,0.0383,0.95819
22866222,2,2,0.00188,0.01015,0.98797
38969444,2,2,0.00169,0.0049,0.99341
28977723,2,2,0.00603,0.08519,0.90878
37965414,2,2,0.0015,0.01448,0.98402
31221442,2,2,0.00302,0.01759,0.97939
3675825,2,2,0.0013,0.00658,0.99212
12077304,2,2,0.00117,0.00376,0.99507
9179537,0,0,0.8384,0.15753,0.00407
150059,2,2,0.00208,0.01557,0.98235
29999836,2,2,0.00196,0.01464,0.9834
33464910,2,1,0.02192,0.84847,0.12961
14354422,2,2,0.00312,0.01604,0.98084
243522,2,0,0.4561,0.33304,0.21087
16511332,2,2,0.00434,0.02935,0.96631
28658042,2,2,0.0043,0.00737,0.98833
17834019,2,2,0.00289,0.03088,0.96623
35895685,2,2,0.0105,0.25933,0.73017
2333626,2,2,0.00096,0.00522,0.99382
9710907,2,2,0.00104,0.00559,0.99337
32532355,2,2,0.00291,0.02248,0.97461
13845626,2,2,0.00632,0.08433,0.90934
1466779,2,2,0.00216,0.00991,0.98792
35408635,2,2,0.00126,0.00684,0.9919
13541507,2,2,0.0035,0.04243,0.95407
25139739,0,0,0.97147,0.02619,0.00233
16215268,1,2,0.00303,0.02928,0.96769
36129778,2,2,0.00133,0.0088,0.98986
14775948,2,2,0.00095,0.00483,0.99422
26968143,2,1,0.04299,0.70474,0.25227
9623610,2,2,0.00257,0.00823,0.9892
5805938,2,2,0.00095,0.0049,0.99415
39498145,2,2,0.00149,0.00717,0.99134
15063131,2,2,0.00129,0.00745,0.99125
29160845,0,0,0.83599,0.15955,0.00446
5281694,2,2,0.00321,0.03441,0.96238
20883279,0,0,0.79022,0.20454,0.00524
16912677,1,1,0.48518,0.50451,0.01031
27693316,0,0,0.70297,0.27102,0.02601
25527808,2,2,0.00339,0.04067,0.95594
35334271,2,2,0.00343,0.03115,0.96542
15737180,2,2,0.00091,0.00433,0.99477
5506402,2,1,0.02991,0.55559,0.4145
30021920,2,2,0.00171,0.00951,0.98878
10774611,0,0,0.9891,0.00856,0.00234
23491944,2,2,0.00198,0.00345,0.99457
622066,2,2,0.00189,0.00345,0.99466
9352565,0,0,0.89586,0.10012,0.00402
7839859,2,2,0.00134,0.00423,0.99443
33687511,2,0,0.79124,0.1843,0.02446
10025500,1,2,0.00753,0.03684,0.95563
33652038,2,2,0.00092,0.00609,0.99299
13645221,2,2,0.00149,0.00679,0.99172
19433546,2,2,0.00227,0.00798,0.98975
12228889,2,2,0.00511,0.05111,0.94379
901642,2,2,0.00755,0.04921,0.94324
35380285,2,2,0.02467,0.0567,0.91863
36586831,2,2,0.0014,0.00419,0.9944
35099257,2,2,0.00151,0.00793,0.99056
11782659,2,2,0.00813,0.03787,0.95401
24602077,2,2,0.00435,0.01228,0.98337
1909871,2,2,0.00182,0.00756,0.99061
10492890,2,2,0.00351,0.02221,0.97428
9265663,2,2,0.3566,0.23455,0.40885
1050007,0,0,0.8526,0.14248,0.00491
32242753,0,0,0.86934,0.12402,0.00664
26520333,0,0,0.92713,0.06199,0.01088
8276238,0,0,0.96597,0.0316,0.00243
20106498,2,2,0.00118,0.00663,0.99219
24158622,0,0,0.97515,0.0218,0.00306
17495070,1,1,0.09746,0.68987,0.21267
36742046,2,1,0.08969,0.47736,0.43295
15419625,2,2,0.00135,0.01534,0.98331
11202032,2,2,0.01438,0.16268,0.82294
1037815,2,2,0.00881,0.13336,0.85782
10492266,2,2,0.00087,0.0049,0.99423
16787508,2,2,0.08156,0.07844,0.84
8258147,2,2,0.00099,0.00614,0.99287
3347558,0,0,0.82366,0.16734,0.00901
15291075,2,2,0.00329,0.03929,0.95742
32383459,0,0,0.98494,0.01225,0.00281
4585804,2,1,0.04948,0.88394,0.06658
24559540,2,2,0.00473,0.01978,0.97549
20216981,0,1,0.29997,0.68664,0.01339
17058797,2,2,0.0009,0.00837,0.99072
25276498,2,2,0.00134,0.00577,0.99289
5154534,2,2,0.01564,0.11031,0.87405
15300518,2,2,0.00118,0.00962,0.9892
12377718,2,2,0.00094,0.00453,0.99453
11674807,2,1,0.02797,0.61216,0.35987
40040507,0,0,0.95983,0.03643,0.00374
31629516,2,2,0.00123,0.01052,0.98825
34164777,2,2,0.01571,0.07825,0.90604
24479672,2,2,0.0126,0.04735,0.94005
31672354,2,2,0.02298,0.0373,0.93972
26472448,2,2,0.00139,0.01421,0.9844
28452192,0,0,0.80877,0.1833,0.00793
11057141,2,2,0.0218,0.41143,0.56677
41237623,2,2,0.00152,0.00394,0.99454
30270929,0,0,0.85658,0.13553,0.00789
22586608,2,2,0.0013,0.00717,0.99154
22975269,2,2,0.00106,0.00929,0.98965
19054585,2,2,0.00118,0.00706,0.99176
40874528,0,0,0.98871,0.00761,0.00368
3829311,2,2,0.0012,0.00559,0.99321
11268223,2,2,0.00141,0.01246,0.98612
16595836,2,1,0.04366,0.82373,0.13261
12319636,2,2,0.00121,0.00897,0.98981
17249078,2,2,0.00882,0.01032,0.98086
16356282,0,0,0.87528,0.12079,0.00393
1274612,2,2,0.00113,0.00433,0.99454
37418798,2,2,0.00098,0.00633,0.99269
37385636,1,1,0.18011,0.71234,0.10755
32366829,0,0,0.98941,0.00856,0.00203
22950813,2,2,0.0012,0.00853,0.99027
25259635,2,2,0.2609,0.28654,0.45256
16133238,1,1,0.03429,0.92671,0.039
8045475,2,2,0.00263,0.01447,0.9829
6307601,0,0,0.96318,0.03394,0.00288
41042230,2,2,0.00325,0.02221,0.97454
14449721,0,0,0.83956,0.13942,0.02102
27755443,1,1,0.0406,0.9205,0.03889
36903918,2,2,0.00875,0.04095,0.9503
19825541,2,2,0.00106,0.00433,0.99461
27457109,2,2,0.00128,0.00419,0.99453
34898110,2,2,0.00594,0.04153,0.95254
8841002,2,2,0.00438,0.04967,0.94595
25697021,2,2,0.00539,0.05961,0.935
39441947,0,0,0.62913,0.34609,0.02478
14972444,2,2,0.00115,0.00517,0.99368
19232105,2,2,0.00767,0.06363,0.9287
25812853,0,0,0.95854,0.03949,0.00197
4174890,2,2,0.00149,0.0083,0.99021
7467824,2,2,0.00581,0.06252,0.93167
20001222,0,0,0.88268,0.11354,0.00378
25613692,2,2,0.01503,0.18344,0.80153
38169000,2,2,0.02002,0.06656,0.91342
36478522,2,2,0.00166,0.01076,0.98758
16208326,0,0,0.95581,0.0409,0.00329
38407951,2,2,0.00361,0.05734,0.93906
6651634,0,0,0.86946,0.12477,0.00577
18903247,0,0,0.94002,0.05717,0.00281
23089918,0,1,0.31587,0.6661,0.01803
23217296,1,0,0.71804,0.27147,0.01049
18670164,2,2,0.03842,0.17153,0.79005
5475383,2,2,0.00247,0.03181,0.96572
37529859,2,2,0.00156,0.00595,0.99249
27407664,2,2,0.00146,0.01132,0.98722
17448494,2,2,0.004,0.03167,0.96433
26477158,0,0,0.69726,0.29524,0.00751
25868356,0,0,0.87048,0.12443,0.0051
9028858,0,0,0.69079,0.29595,0.01326
11272902,0,1,0.10428,0.85746,0.03827
32933559,2,2,0.00167,0.01761,0.98071
26774296,2,2,0.00146,0.01499,0.98355
30572339,1,1,0.06544,0.55653,0.37804
20391988,2,2,0.00156,0.01023,0.98821
3062467,2,2,0.07122,0.15106,0.77772
26867270,0,0,0.79425,0.1905,0.01525
20270859,0,0,0.64532,0.27701,0.07768
14300006,2,2,0.00222,0.01569,0.98209
18445638,0,0,0.87727,0.11734,0.00538
31051516,0,0,0.94179,0.05568,0.00252
108368,2,2,0.00214,0.00599,0.99187
31828401,2,2,0.00159,0.00453,0.99388
22388673,2,2,0.00388,0.04766,0.94846
12257798,2,2,0.00173,0.01594,0.98233
23350915,2,2,0.00118,0.00498,0.99384
25876597,2,2,0.21961,0.2035,0.57689
41409279,2,2,0.00328,0.04296,0.95376
9480709,2,2,0.00536,0.01961,0.97502
1514197,0,0,0.84522,0.14688,0.00791
24662999,2,2,0.01689,0.06072,0.92239
879952,2,2,0.00102,0.00802,0.99095
25752052,2,2,0.00156,0.01023,0.98821
33058556,2,2,0.00097,0.00388,0.99515
2562423,2,2,0.00216,0.01148,0.98636
38919989,0,0,0.98669,0.01131,0.002
11299600,2,2,0.00957,0.10204,0.8884
35232125,0,1,0.25129,0.70752,0.04118
13095319,2,2,0.0013,0.00327,0.99543
15708066,2,2,0.00177,0.00728,0.99095
5510528,2,2,0.00138,0.00658,0.99204
22657326,2,2,0.00212,0.01539,0.98249
17467156,2,0,0.54411,0.34317,0.11272
17155261,2,2,0.00093,0.00577,0.9933
19248197,0,0,0.80401,0.17035,0.02564
5118044,2,2,0.00115,0.0049,0.99395
36850747,2,2,0.00401,0.04589,0.9501
30600254,2,2,0.03556,0.23325,0.73119
18208697,2,2,0.00195,0.01816,0.97989
32269472,2,2,0.00963,0.12323,0.86714
35224957,0,0,0.83936,0.15587,0.00476
17524953,2,1,0.35084,0.40303,0.24613
12494949,2,2,0.00138,0.00769,0.99094
13641969,1,0,0.57413,0.40712,0.01875
31450770,2,2,0.00085,0.00483,0.99432
32143120,2,2,0.01753,0.11757,0.8649
34301960,2,2,0.00086,0.00551,0.99363
11107303,0,0,0.86581,0.1292,0.00499
18504478,0,0,0.84164,0.15387,0.00449
24251109,2,2,0.00255,0.01562,0.98183
38746679,0,0,0.95694,0.04109,0.00197
33013379,2,2,0.00133,0.01101,0.98765
38075636,0,1,0.06929,0.88119,0.04952
21879552,2,2,0.00534,0.02285,0.9718
40928317,0,0,0.90228,0.09164,0.00608
35770822,2,2,0.00577,0.05434,0.9399
4779878,2,2,0.0014,0.00857,0.99004
36276563,2,2,0.00124,0.00337,0.99539
21796114,0,1,0.1231,0.85613,0.02077
7333396,2,2,0.00111,0.00433,0.99456
37876065,0,0,0.70426,0.28344,0.01231
37522695,2,2,0.01785,0.32266,0.65948
20485930,2,2,0.00317,0.03203,0.9648
23921454,2,2,0.00111,0.00426,0.99463
30494016,2,2,0.00671,0.11439,0.8789
28946794,1,1,0.33554,0.65185,0.01261
41012876,2,2,0.00235,0.01901,0.97864
29856516,2,1,0.21713,0.56403,0.21884
4129579,2,2,0.0126,0.19557,0.79183
32711078,2,2,0.00138,0.00689,0.99173
994054,2,2,0.00222,0.01618,0.98161
29982723,2,2,0.00091,0.00433,0.99477
3111099,2,2,0.00643,0.03998,0.9536
21149980,2,2,0.00115,0.00367,0.99518
6746435,0,0,0.68215,0.31231,0.00554
17023931,2,2,0.00149,0.00497,0.99353
16645426,2,2,0.00318,0.02787,0.96895
13931580,2,1,0.0577,0.85118,0.09113
26318710,2,2,0.001,0.00397,0.99503
2382037,2,2,0.00243,0.01829,0.97928
32371305,2,2,0.00575,0.04161,0.95263
22459310,2,2,0.00414,0.02969,0.96617
235681,2,2,0.0148,0.35582,0.62938
28785511,1,2,0.06123,0.39306,0.54571
8034401,2,2,0.00408,0.02843,0.96749
5232416,0,0,0.83729,0.15732,0.00538
26190620,2,2,0.00099,0.00653,0.99247
29258405,2,2,0.00092,0.00461,0.99447
39632383,0,0,0.98696,0.01114,0.00191
15680036,0,1,0.27388,0.68052,0.04559
31467972,0,1,0.16567,0.76753,0.0668
12215319,2,2,0.00452,0.04996,0.94552
6197904,2,2,0.00385,0.05404,0.94211
38715121,0,0,0.65491,0.32547,0.01962
26266597,2,2,0.00102,0.00769,0.99129
11345122,2,2,0.00167,0.00478,0.99355
4922189,1,0,0.69745,0.29074,0.01181
32291576,2,2,0.01123,0.00938,0.9794
30343985,2,1,0.0532,0.67924,0.26756
33223412,2,2,0.00111,0.00728,0.99161
12538794,2,2,0.00182,0.01131,0.98687
33327852,2,2,0.00194,0.00705,0.991
25929155,2,2,0.00131,0.00837,0.99032
22216424,0,0,0.98776,0.01039,0.00185
9184206,2,2,0.00589,0.01858,0.97553
27934776,2,2,0.00138,0.00734,0.99129
26114304,0,0,0.96754,0.03041,0.00205
20726714,2,2,0.00546,0.0473,0.94724
23923962,1,1,0.2237,0.69377,0.08254
3120703,2,2,0.00515,0.01315,0.98169
5619530,2,2,0.00094,0.00443,0.99463
23940481,0,0,0.85083,0.14108,0.00808
14155787,2,2,0.00299,0.04149,0.95551
32342270,2,2,0.00217,0.00474,0.99308
20525726,1,1,0.46443,0.51811,0.01745
21377468,2,1,0.03739,0.70001,0.2626
27306926,2,2,0.00136,0.00711,0.99153
31595048,2,1,0.06154,0.79807,0.14039
25728619,2,2,0.0013,0.00722,0.99148
3484346,2,2,0.00083,0.00461,0.99457
7849151,2,1,0.29827,0.37383,0.3279
461141,2,2,0.00088,0.00534,0.99378
11528671,2,2,0.00109,0.00572,0.99318
16682409,2,2,0.02525,0.0846,0.89015
13932590,1,1,0.36187,0.62525,0.01288
13439426,2,2,0.00122,0.00643,0.99235
23987975,2,2,0.00215,0.01377,0.98408
602253,2,2,0.0013,0.0049,0.9938
10499684,0,0,0.72862,0.26389,0.00749
36394880,0,0,0.92505,0.07161,0.00334
26843375,2,2,0.0021,0.00774,0.99016
16438339,2,2,0.00095,0.00433,0.99472
19326708,2,2,0.00608,0.1326,0.86131
33416765,2,2,0.00154,0.00457,0.99389
29598241,2,2,0.00132,0.00359,0.99509
6826628,2,2,0.00126,0.004,0.99474
34029106,2,1,0.22231,0.4983,0.27939
24601853,2,2,0.0032,0.037,0.9598
36942765,1,2,0.0143,0.29644,0.68925
24050948,2,2,0.02948,0.47578,0.49474
2558139,2,2,0.00116,0.00926,0.98958
714721,0,0,0.98576,0.01212,0.00212
39623028,2,0,0.51203,0.4466,0.04138
4272591,2,2,0.00101,0.00394,0.99505
31887702,2,2,0.00091,0.00546,0.99363
16822770,2,2,0.00116,0.00915,0.98969
25458990,2,2,0.01063,0.24391,0.74545
36722510,2,2,0.00104,0.00769,0.99127
24737127,2,2,0.00091,0.004,0.99509
29674445,0,0,0.75801,0.23118,0.01081
15819822,2,2,0.00533,0.03972,0.95494
2720553,0,0,0.98833,0.00958,0.0021
24673639,2,2,0.00361,0.01129,0.9851
22237690,2,2,0.00091,0.00394,0.99515
17246480,2,2,0.07209,0.10286,0.82504
1689676,2,1,0.03853,0.91199,0.04948
23618137,0,0,0.9407,0.05611,0.00319
39160539,0,0,0.96115,0.03539,0.00347
26175487,2,2,0.0109,0.23674,0.75236
6290211,0,0,0.96341,0.03458,0.00201
28625146,2,2,0.00091,0.00538,0.99371
9406905,1,1,0.37234,0.52304,0.10461
27546277,2,0,0.76177,0.23233,0.00591
6551626,2,2,0.00174,0.00954,0.98872
16815684,0,0,0.89741,0.09645,0.00614
30440930,2,2,0.00104,0.00498,0.99398
39571154,2,2,0.00415,0.02575,0.97009
32710095,0,0,0.76307,0.23001,0.00692
608409,2,2,0.00124,0.00572,0.99304
21238576,2,2,0.0018,0.0034,0.9948
1322758,2,2,0.00628,0.11764,0.87608
35873809,0,0,0.87897,0.1162,0.00483
8985417,2,2,0.00156,0.00633,0.99211
31305473,2,2,0.0012,0.00595,0.99285
13742250,2,2,0.05538,0.20941,0.73521
20658480,2,2,0.00156,0.00618,0.99225
37504615,0,1,0.28583,0.6992,0.01497
21834321,0,0,0.71604,0.26966,0.01429
37290588,2,2,0.00389,0.01439,0.98172
23347519,2,2,0.00114,0.00904,0.98981
4485091,2,1,0.16733,0.50346,0.32921
3717342,2,1,0.03195,0.76808,0.19997
7835888,0,0,0.62511,0.35065,0.02424
34720419,2,2,0.02808,0.19493,0.77699
13513228,2,2,0.00159,0.00762,0.99079
5628132,2,1,0.10544,0.84903,0.04553
2897872,2,2,0.00623,0.06982,0.92396
4980208,2,2,0.00376,0.01653,0.97971
25444816,1,1,0.04534,0.92872,0.02594
6329896,0,1,0.04445,0.7756,0.17995
10649350,2,1,0.10982,0.87569,0.01449
15089137,2,0,0.57594,0.40207,0.02199
16524586,2,2,0.00098,0.00464,0.99438
564607,2,2,0.00246,0.0185,0.97903
16123620,2,1,0.04298,0.60271,0.35431
32005712,0,0,0.75064,0.23898,0.01038
37712511,1,1,0.02528,0.91239,0.06233
34244397,0,0,0.79852,0.19341,0.00808
25575970,2,0,0.95372,0.04158,0.0047
15203549,1,0,0.92939,0.05102,0.01959
27670435,0,0,0.93353,0.06316,0.00331
38176271,0,0,0.69812,0.2933,0.00858
8677646,1,0,0.5154,0.45484,0.02977
11711726,2,2,0.00405,0.06558,0.93037
11194087,2,2,0.00086,0.00551,0.99363
23748639,0,0,0.98579,0.01198,0.00222
39996488,2,2,0.0018,0.02237,0.97583
38988092,2,2,0.00124,0.0053,0.99347
32650337,1,0,0.62432,0.35852,0.01717
38323882,2,2,0.00144,0.01222,0.98634
38809438,0,0,0.95455,0.04161,0.00384
33068255,2,2,0.00129,0.01305,0.98566
27541974,2,2,0.00096,0.00506,0.99398
15106215,2,2,0.0012,0.00643,0.99237
5812954,2,2,0.00094,0.00483,0.99424
28166612,2,2,0.00104,0.00426,0.9947
36316962,2,2,0.0014,0.00521,0.99338
24076989,0,0,0.822,0.17163,0.00637
33793331,2,2,0.00371,0.03027,0.96602
37136313,0,0,0.98904,0.00862,0.00234
14772845,2,2,0.02515,0.16757,0.80728
33864259,2,2,0.09328,0.15561,0.75111
266316,2,0,0.6039,0.38386,0.01224
33701587,0,0,0.91261,0.08179,0.0056
7647439,2,2,0.0014,0.01019,0.98841
36890110,2,2,0.00163,0.01101,0.98736
27917330,0,0,0.86813,0.12654,0.00533
1213807,2,2,0.00109,0.00391,0.995
36132111,2,2,0.00097,0.00391,0.99512
22665399,2,2,0.00169,0.00482,0.99349
1725800,2,2,0.01035,0.16711,0.82254
19260720,2,2,0.02672,0.18621,0.78706
33314199,2,2,0.01135,0.10132,0.88733
32148456,2,2,0.0026,0.01212,0.98528
25862742,2,2,0.00133,0.0085,0.99017
29665519,2,0,0.64241,0.32683,0.03076
23220759,2,2,0.00243,0.01872,0.97886
34500482,0,0,0.87552,0.11849,0.00599
26117429,2,2,0.00131,0.01213,0.98656
2772325,2,2,0.00091,0.00518,0.99392
7155703,2,2,0.00602,0.01284,0.98114
2176996,0,0,0.50654,0.48335,0.01011
36447234,2,2,0.00175,0.00529,0.99296
39725903,0,2,0.20346,0.08708,0.70946
22127703,2,1,0.01727,0.56752,0.41521
37473267,2,2,0.00222,0.028,0.96978
19229082,2,2,0.00191,0.00638,0.99171
40833796,2,2,0.00132,0.00546,0.99322
607846,2,2,0.00133,0.00936,0.9893
14391132,2,2,0.00096,0.0049,0.99413
12491387,1,0,0.83869,0.15394,0.00737
28899801,2,2,0.00336,0.02003,0.97661
20824599,2,2,0.00596,0.0376,0.95644
36674306,2,0,0.67487,0.18961,0.13551
1019775,2,2,0.00344,0.04277,0.95379
38528685,0,0,0.98299,0.01475,0.00225
12119483,1,1,0.23923,0.74848,0.01229
25315724,2,2,0.00295,0.0244,0.97265
32111845,0,0,0.81759,0.17682,0.0056
17465058,2,2,0.00164,0.00695,0.99142
6243583,2,2,0.00124,0.00595,0.99281
32218734,2,2,0.0009,0.0074,0.9917
2156614,2,2,0.0032,0.02352,0.97328
3574982,2,2,0.00122,0.00486,0.99392
8779287,2,2,0.00103,0.00423,0.99474
33496272,2,2,0.00096,0.00534,0.9937
10845857,2,2,0.00447,0.06086,0.93468
6330860,0,1,0.45292,0.5254,0.02169
278201,2,2,0.00295,0.0244,0.97265
19271308,0,0,0.50287,0.25936,0.23777
26023748,2,2,0.00481,0.04917,0.94602
1358799,2,2,0.00115,0.00413,0.99472
16962227,0,1,0.03008,0.8195,0.15041
19799637,2,2,0.00179,0.00965,0.98855
28389928,2,2,0.01987,0.31695,0.66318
20264152,2,2,0.00109,0.00407,0.99484
2910162,2,2,0.00118,0.00663,0.99219
32358031,0,0,0.80732,0.18513,0.00755
7567130,2,2,0.07005,0.1768,0.75314
36457101,2,2,0.01914,0.46364,0.51723
25030257,2,2,0.00258,0.02123,0.97619
12354734,2,2,0.00111,0.00658,0.99231
25546588,2,2,0.00169,0.00513,0.99318
12429570,2,2,0.00085,0.0045,0.99465
35896293,2,2,0.00786,0.12472,0.86742
23381407,2,2,0.00127,0.0088,0.98992
5361978,2,2,0.00095,0.00513,0.99392
36251266,2,2,0.00107,0.00977,0.98916
34177642,2,2,0.00285,0.01274,0.98441
32550381,0,0,0.55606,0.42969,0.01425
39447561,0,0,0.9768,0.021,0.0022
6383415,2,2,0.00192,0.00505,0.99303
7993316,1,0,0.76032,0.23279,0.00689
2416644,2,2,0.00124,0.00498,0.99379
24153067,2,1,0.09266,0.86133,0.04601
6527344,2,2,0.00249,0.02381,0.9737
12310751,2,2,0.16767,0.25617,0.57616
11129996,2,2,0.05562,0.16453,0.77986
36238821,2,2,0.00497,0.01874,0.97629
10231825,0,0,0.93673,0.05994,0.00333
38188017,2,2,0.00128,0.00513,0.99359
23979090,2,2,0.00154,0.02334,0.97512
15347281,0,0,0.79812,0.19559,0.00629
18310621,2,2,0.00106,0.00745,0.99149
31691267,2,2,0.00325,0.00554,0.99121
36607116,1,2,0.03974,0.40297,0.55729
40179710,2,2,0.00174,0.00745,0.99081
20493815,2,2,0.00124,0.0046,0.99416
4740353,2,2,0.01209,0.29066,0.69725
18056510,2,2,0.00187,0.01637,0.98176
10084745,2,2,0.00102,0.00802,0.99095
8162083,2,1,0.01947,0.61034,0.37019
26184725,0,0,0.98863,0.00914,0.00223
16167048,2,2,0.00285,0.01365,0.9835
29705306,2,2,0.00267,0.01475,0.98258
21618490,2,2,0.00144,0.00901,0.98955
4696580,2,2,0.00129,0.00887,0.98984
14265517,2,2,0.00103,0.00623,0.99274
8590156,0,0,0.83101,0.15768,0.01131
29614170,2,2,0.00898,0.04554,0.94548
21009746,2,2,0.00115,0.00391,0.99494
25680205,2,2,0.00164,0.00362,0.99474
17212362,2,2,0.02229,0.06616,0.91155
32322087,2,2,0.00176,0.02896,0.96929
8897260,2,2,0.12815,0.2885,0.58335
19862544,2,2,0.00763,0.1102,0.88217
10026280,0,1,0.15157,0.83554,0.01289
11379500,0,1,0.19462,0.76076,0.04463
37529193,0,0,0.98897,0.00886,0.00216
17989102,2,2,0.0014,0.00668,0.99192
37163050,2,2,0.00123,0.00977,0.989
12792298,2,2,0.00099,0.00559,0.99341
21228199,2,2,0.002,0.01149,0.98652
12399311,2,2,0.01777,0.07096,0.91127
8300438,2,2,0.00151,0.00757,0.99092
35865519,2,2,0.00131,0.00853,0.99015
37441766,2,2,0.00908,0.14768,0.84324
12649812,2,0,0.92399,0.07223,0.00378
28878947,2,2,0.0013,0.00505,0.99365
33465043,2,2,0.00183,0.01788,0.98028
9722875,2,2,0.00098,0.00388,0.99514
28932554,2,2,0.00233,0.02763,0.97004
6837109,2,2,0.00098,0.00502,0.994
41460343,0,0,0.95857,0.03824,0.0032
35947432,2,2,0.00138,0.00443,0.99419
37857416,2,2,0.00211,0.01872,0.97917
445423,2,2,0.02345,0.39044,0.58612
4471685,2,2,0.00096,0.00555,0.99349
11519828,2,2,0.00331,0.03392,0.96276
25950509,2,2,0.00552,0.0365,0.95798
20171218,0,0,0.83592,0.15373,0.01036
19836494,2,2,0.00136,0.00843,0.99021
22023987,0,0,0.83815,0.15687,0.00498
24260288,2,2,0.00148,0.01227,0.98625
15081433,2,2,0.00106,0.00439,0.99454
27734932,2,2,0.00147,0.00739,0.99114
22203633,2,0,0.65653,0.18446,0.15901
15582879,2,2,0.00104,0.00745,0.99151
5291959,2,2,0.00122,0.00668,0.9921
30378308,2,2,0.00286,0.04127,0.95588
4615105,0,0,0.98758,0.01084,0.00158
37619380,0,1,0.12465,0.85102,0.02433
30604091,0,0,0.84258,0.15166,0.00577
24086783,2,2,0.00103,0.00619,0.99279
21670059,2,2,0.00096,0.00679,0.99225
16298204,2,2,0.00095,0.00423,0.99482
19841587,2,2,0.00257,0.00662,0.9908
31961530,2,2,0.00517,0.00873,0.98609
22607350,2,2,0.00174,0.00843,0.98983
2974170,2,1,0.05709,0.56769,0.37522
38397716,1,0,0.72935,0.25503,0.01562
29754293,0,0,0.97525,0.02258,0.00217
18533353,2,2,0.00436,0.02488,0.97076
16675273,2,2,0.00997,0.14657,0.84346
32375590,1,2,0.00693,0.12655,0.86651
14324871,1,1,0.47918,0.50612,0.0147
6005111,2,2,0.00337,0.01772,0.97891
9223635,2,2,0.00461,0.06044,0.93495
40936333,2,2,0.00194,0.00694,0.99111
18670840,2,2,0.0015,0.01404,0.98445
36510135,2,2,0.00103,0.0034,0.99557
4371708,2,2,0.00246,0.01967,0.97787
37544403,2,2,0.00124,0.00419,0.99457
18876944,1,1,0.39699,0.5198,0.08321
41134626,2,2,0.00124,0.00679,0.99197
16090167,2,2,0.00718,0.09534,0.89748
31498346,2,2,0.00118,0.00457,0.99425
1800607,2,2,0.00116,0.00684,0.992
9249339,2,2,0.00149,0.00768,0.99083
24489495,0,0,0.88994,0.10485,0.00521
22606745,2,2,0.00176,0.01236,0.98588
40309150,2,2,0.00151,0.01237,0.98613
22187929,2,2,0.00293,0.03141,0.96566
30262457,2,2,0.00096,0.00546,0.99357
994848,2,2,0.00702,0.07298,0.92
14587417,2,2,0.01886,0.07927,0.90187
29535699,0,0,0.91033,0.08227,0.0074
37682763,0,0,0.97136,0.02604,0.0026
35208534,2,1,0.0413,0.52323,0.43547
23034462,1,1,0.12644,0.8117,0.06186
26131265,2,2,0.00738,0.04154,0.95108
15376777,2,2,0.01092,0.10804,0.88104
19106641,2,2,0.00282,0.00823,0.98895
11212874,2,2,0.00086,0.00506,0.99408
24185067,2,2,0.00098,0.0049,0.99412
5720343,2,1,0.28769,0.6534,0.05891
26415767,2,2,0.00641,0.01216,0.98143
29722523,2,2,0.00176,0.01093,0.98731
30343204,2,2,0.00114,0.00623,0.99262
39061528,2,2,0.0016,0.0129,0.9855
37097971,2,2,0.00152,0.00385,0.99463
36484565,2,2,0.00156,0.01072,0.98773
41022646,2,2,0.01019,0.04381,0.946
8828814,0,0,0.88413,0.10747,0.0084
10010540,2,2,0.00098,0.00486,0.99416
17707278,2,2,0.00875,0.20382,0.78744
37670717,0,0,0.98118,0.01715,0.00167
33318869,2,2,0.00103,0.00394,0.99503
1577384,1,1,0.39514,0.58855,0.01631
25608394,0,0,0.9532,0.04408,0.00272
38697246,2,2,0.01002,0.05228,0.9377
19985462,2,2,0.31135,0.28197,0.40668
27252815,2,2,0.00384,0.01155,0.98461
20878827,0,0,0.74027,0.24699,0.01274
38617162,2,2,0.00622,0.011,0.98278
12648931,2,2,0.00091,0.00391,0.99518
20027430,2,2,0.00502,0.02295,0.97203
17839077,2,2,0.00092,0.00407,0.99501
34566154,2,2,0.00144,0.01027,0.98829
3606212,2,2,0.00089,0.00475,0.99436
29620405,0,0,0.95108,0.04538,0.00354
32868717,0,0,0.92888,0.06542,0.0057
793880,2,2,0.00543,0.05171,0.94286
17081336,2,2,0.00571,0.09167,0.90262
21076739,2,2,0.00262,0.00501,0.99237
26915503,2,2,0.00698,0.13429,0.85873
14645909,0,0,0.98927,0.00843,0.0023
28270211,2,2,0.00096,0.00509,0.99394
21340723,2,2,0.00084,0.00677,0.9924
21424952,2,2,0.00154,0.00679,0.99167
8695916,2,2,0.00866,0.01383,0.97751
25615064,2,2,0.0023,0.01157,0.98613
13781278,0,0,0.61375,0.35799,0.02826
34980055,0,0,0.78586,0.20581,0.00833
35813443,2,2,0.00305,0.02291,0.97404
14480154,2,0,0.89095,0.10517,0.00388
273759,2,2,0.00151,0.01101,0.98748
28788208,0,0,0.92838,0.06871,0.00291
8977295,1,0,0.64436,0.3449,0.01075
30634803,2,0,0.7663,0.22041,0.01329
32786860,0,0,0.71712,0.27648,0.0064
33304823,2,2,0.00099,0.00796,0.99105
30181258,0,0,0.96269,0.03543,0.00189
10119640,2,0,0.69341,0.29476,0.01184
23065219,2,2,0.00123,0.01012,0.98865
13252531,1,2,0.01425,0.48325,0.5025
119773,2,2,0.00103,0.00446,0.99451
18434352,2,2,0.00127,0.0085,0.99023
12902032,1,1,0.0576,0.80135,0.14105
4131123,2,2,0.00137,0.01149,0.98714
4706949,1,2,0.02069,0.0356,0.94371
28177789,2,2,0.00111,0.00498,0.99391
33195968,2,2,0.00092,0.00471,0.99436
21496413,2,2,0.02188,0.05521,0.92292
4172319,2,2,0.00102,0.00778,0.9912
21722128,0,0,0.58725,0.40047,0.01228
41190031,2,2,0.00132,0.00546,0.99322
37657541,2,2,0.0012,0.00775,0.99106
1993215,2,2,0.00212,0.01545,0.98243
11300435,0,0,0.74024,0.2262,0.03356
15604885,2,2,0.00158,0.01336,0.98507
31585,1,1,0.11932,0.83635,0.04433
6244961,2,2,0.00087,0.00423,0.99491
20236690,1,0,0.71353,0.27083,0.01564
36987604,2,2,0.00323,0.01451,0.98226
38182640,2,2,0.00182,0.01189,0.98629
4478170,2,2,0.0017,0.01656,0.98174
16157723,2,2,0.01378,0.40918,0.57704
6284879,2,2,0.02715,0.16044,0.8124
898853,2,1,0.14965,0.8314,0.01895
23143848,2,2,0.00088,0.00555,0.99357
30908489,2,2,0.00147,0.00505,0.99348
6094682,0,0,0.85252,0.12153,0.02595
26843756,2,2,0.00111,0.00482,0.99407
14697853,2,2,0.01571,0.13976,0.84453
9429734,2,2,0.00124,0.00739,0.99137
7797438,0,1,0.11511,0.72754,0.15734
39197732,2,2,0.00118,0.00379,0.99503
39633777,2,2,0.00138,0.00633,0.99229
25134663,2,2,0.00151,0.01114,0.98735
23720800,0,0,0.98944,0.00836,0.0022
23629526,2,2,0.00414,0.04504,0.95082
32633916,2,2,0.0015,0.00394,0.99457
27421873,0,1,0.17366,0.80456,0.02178
34419981,2,2,0.00399,0.00549,0.99052
34894192,0,0,0.98201,0.01644,0.00155
18749793,2,2,0.00098,0.00416,0.99486
36024285,2,2,0.00094,0.00436,0.9947
38972226,2,1,0.03694,0.80228,0.16078
24859100,2,2,0.02346,0.34743,0.62911
10533307,2,2,0.00191,0.00925,0.98884
26021680,2,2,0.00133,0.0085,0.99017
13246659,2,2,0.00122,0.00614,0.99264
23619153,2,2,0.23701,0.29848,0.4645
17522082,1,0,0.81323,0.17383,0.01294
26194910,2,2,0.00243,0.01545,0.98212
14461513,2,2,0.00233,0.01092,0.98675
40218833,2,2,0.00116,0.00423,0.99461
31582673,2,2,0.00133,0.01199,0.98668
14277517,2,2,0.00109,0.00757,0.99134
4380819,2,2,0.00763,0.1102,0.88217
22908396,2,2,0.00103,0.006,0.99298
33253497,2,2,0.00116,0.0053,0.99354
16881682,2,2,0.00895,0.06372,0.92733
7221935,1,1,0.12355,0.85095,0.0255
1733927,0,1,0.04575,0.89764,0.05661
8524080,0,0,0.79674,0.19755,0.00571
24527057,2,2,0.11126,0.15178,0.73695
17784798,2,1,0.03364,0.49827,0.46808
36015904,2,2,0.01062,0.09154,0.89784
2067454,0,0,0.59681,0.39447,0.00871
4252928,0,1,0.28241,0.69624,0.02136
6401761,2,2,0.04898,0.10952,0.8415
32367605,0,0,0.91984,0.07699,0.00317
27759721,2,2,0.00543,0.0955,0.89907
10760602,2,2,0.00101,0.00542,0.99357
27083340,0,0,0.97504,0.02302,0.00194
4330444,2,2,0.02767,0.07037,0.90196
34389898,0,0,0.59849,0.3925,0.00902
4910221,2,1,0.43702,0.53964,0.02334
26662577,2,2,0.01725,0.04105,0.9417
24199286,1,1,0.08773,0.8655,0.04677
5732060,2,2,0.00219,0.01431,0.98351
29991437,2,2,0.0013,0.00633,0.99237
40202118,2,2,0.00103,0.00604,0.99293
39836527,2,2,0.00116,0.01008,0.98876
12942336,2,2,0.00402,0.01327,0.98271
22906310,2,2,0.00252,0.01087,0.9866
30035130,2,2,0.0034,0.03837,0.95823
12957679,2,2,0.00108,0.00385,0.99507
7649725,0,0,0.93681,0.05899,0.0042
2432434,2,2,0.00212,0.01533,0.98255
40121358,0,0,0.50674,0.48353,0.00973
16066221,2,2,0.01094,0.10626,0.8828
23689329,2,2,0.00151,0.01023,0.98826
37371218,2,2,0.00606,0.0654,0.92854
8650942,2,2,0.00524,0.05607,0.93869
28131938,2,2,0.00116,0.00486,0.99397
40474325,0,0,0.8414,0.15085,0.00775
25848618,2,2,0.00103,0.00542,0.99355
38450712,0,1,0.48769,0.50317,0.00914
6251668,0,0,0.96855,0.02916,0.00229
7924556,2,2,0.00113,0.00403,0.99484
22472078,2,2,0.00101,0.00388,0.99511
23258807,0,0,0.66806,0.32054,0.01141
26062538,2,2,0.00153,0.01388,0.98459
28509798,2,1,0.01807,0.54066,0.44127
2240529,2,2,0.00237,0.01166,0.98597
2951636,2,2,0.00233,0.02869,0.96898
39641815,2,2,0.00153,0.01011,0.98835
27352360,2,2,0.28665,0.31713,0.39622
37352874,2,2,0.00101,0.00486,0.99413
16777385,2,2,0.00489,0.06303,0.93208
23090079,2,2,0.01612,0.48617,0.4977
33744004,2,2,0.0012,0.00757,0.99123
8149390,0,0,0.86898,0.12617,0.00485
33813704,2,2,0.00193,0.01575,0.98232
17181469,2,1,0.45716,0.51803,0.0248
8652433,1,1,0.1503,0.80031,0.04939
8451942,2,2,0.0035,0.01053,0.98597
39043144,0,0,0.97639,0.02178,0.00183
22423434,2,2,0.00109,0.0053,0.99361
21128539,1,1,0.02015,0.77397,0.20588
2451108,0,0,0.93765,0.05907,0.00328
31172861,1,0,0.90167,0.09166,0.00667
9154654,2,2,0.00094,0.00502,0.99405
20736885,2,2,0.00173,0.01153,0.98673
9335505,2,2,0.00348,0.01519,0.98132
13207800,2,2,0.00382,0.01603,0.98015
16534252,2,1,0.20131,0.42038,0.37831
8461771,2,2,0.00158,0.01023,0.98819
30567031,2,2,0.00815,0.1983,0.79354
6439433,2,1,0.05452,0.90599,0.0395
22707390,0,0,0.88928,0.10518,0.00554
1645442,0,1,0.48883,0.49653,0.01465
20996221,0,0,0.94035,0.05675,0.0029
26865740,0,0,0.96989,0.02808,0.00202
17904839,1,2,0.00169,0.01931,0.97899
40289263,2,2,0.00112,0.00757,0.99131
18364888,2,2,0.00092,0.00436,0.99472
26582448,2,1,0.03747,0.55494,0.40759
31657104,0,0,0.5225,0.46837,0.00913
19158143,2,2,0.00121,0.00901,0.98978
24221362,2,2,0.00235,0.00529,0.99236
5069750,2,2,0.00115,0.00353,0.99532
14819060,2,2,0.00184,0.01285,0.98531
32483326,2,2,0.01571,0.01224,0.97205
25152302,2,2,0.00438,0.03402,0.9616
14382317,1,0,0.98859,0.00925,0.00216
36227425,2,2,0.00126,0.00433,0.99442
5911189,0,0,0.98365,0.01459,0.00176
17579271,2,2,0.00143,0.00379,0.99478
29253644,2,2,0.00101,0.00572,0.99327
25585743,0,1,0.45889,0.51999,0.02113
395831,2,2,0.00156,0.00805,0.99039
23241526,2,2,0.00207,0.00529,0.99264
11487247,0,0,0.91795,0.07835,0.00369
19633871,0,0,0.65031,0.33475,0.01494
18872301,2,2,0.00095,0.00546,0.99359
26528318,2,2,0.00759,0.08729,0.90512
15405840,2,2,0.0124,0.26108,0.72652
38967849,2,2,0.00171,0.00739,0.9909
32707595,2,2,0.01441,0.3631,0.62249
37626502,0,0,0.84087,0.15076,0.00837
40217426,0,0,0.86554,0.12815,0.00631
19921291,0,1,0.34535,0.64017,0.01448
38653410,2,2,0.00101,0.00542,0.99357
8881892,2,2,0.00185,0.0094,0.98875
26259772,2,2,0.03203,0.09544,0.87253
30295353,0,0,0.95972,0.03642,0.00386
12576629,2,2,0.00128,0.00416,0.99456
20789803,2,2,0.00097,0.00461,0.99443
38935020,2,2,0.01022,0.13914,0.85065
10896756,2,2,0.00194,0.01055,0.98751
12045369,2,2,0.00104,0.00609,0.99287
3534582,0,0,0.7781,0.20942,0.01248
41409367,2,2,0.00114,0.00643,0.99243
34903971,2,2,0.00114,0.00653,0.99232
39514589,2,2,0.00593,0.08558,0.90849
39881189,2,2,0.00311,0.03484,0.96205
12898335,0,0,0.89853,0.09848,0.003
3009249,2,1,0.28212,0.63577,0.0821
10166197,2,2,0.00146,0.00958,0.98895
3812357,2,2,0.00088,0.00429,0.99483
14930260,2,2,0.00392,0.02263,0.97346
35594342,2,2,0.00106,0.00546,0.99348
1552912,2,1,0.02653,0.8583,0.11517
15086582,2,2,0.00125,0.00922,0.98953
3284517,2,2,0.001,0.00542,0.99358
37289903,2,2,0.01536,0.14626,0.83838
15347341,0,0,0.78765,0.20387,0.00848
1533401,2,2,0.00172,0.01689,0.98139
2797719,1,0,0.7304,0.23992,0.02968
17523151,0,0,0.98222,0.01515,0.00263
5641328,2,2,0.001,0.0044,0.99461
36253056,2,2,0.00104,0.00394,0.99501
13573513,2,2,0.00196,0.01637,0.98167
30576629,2,2,0.00391,0.02489,0.9712
26383528,2,2,0.00146,0.00992,0.98861
35488544,0,0,0.73524,0.25809,0.00667
24869783,2,2,0.00436,0.06768,0.92795
31396006,2,2,0.00205,0.01643,0.98152
14311999,2,2,0.00359,0.06026,0.93615
13695794,2,2,0.00259,0.03178,0.96564
36908308,2,2,0.00134,0.00633,0.99233
30210505,2,2,0.00394,0.03246,0.9636
7224163,2,2,0.00156,0.01043,0.98801
38313529,1,0,0.5587,0.42173,0.01957
6333073,2,2,0.00111,0.00468,0.99421
33432991,0,0,0.97968,0.01837,0.00195
21061423,2,2,0.00154,0.00439,0.99407
40522642,2,2,0.00126,0.00684,0.9919
34392641,2,2,0.00214,0.01923,0.97863
39227179,0,0,0.95952,0.03778,0.0027
28980086,2,2,0.00163,0.00929,0.98908
37660529,2,2,0.03005,0.08493,0.88502
6927652,1,1,0.1867,0.7845,0.0288
34534652,2,2,0.00498,0.07603,0.919
18855261,0,0,0.93026,0.06713,0.00261
5184944,2,2,0.00197,0.02645,0.97158
41546331,0,0,0.68804,0.30058,0.01138
27603854,2,1,0.31608,0.56348,0.12044
363475,0,0,0.93644,0.05849,0.00507
23943659,2,2,0.00342,0.06269,0.93389
15124372,0,0,0.98373,0.01479,0.00148
2315557,2,2,0.00162,0.0046,0.99378
36110861,2,2,0.00194,0.00727,0.99078
31882314,2,2,0.00123,0.00985,0.98892
17551810,2,2,0.00103,0.00568,0.99329
5208407,2,0,0.9051,0.09103,0.00388
40558554,2,2,0.00113,0.00413,0.99474
41592315,0,0,0.97785,0.02045,0.00169
13296877,0,1,0.40559,0.57645,0.01796
28637237,2,2,0.00092,0.00475,0.99433
15597025,2,2,0.00214,0.00567,0.99219
24271423,2,1,0.02471,0.64727,0.32802
14152592,2,2,0.00513,0.07719,0.91768
19625817,0,1,0.21595,0.7567,0.02735
15046053,2,2,0.00118,0.00391,0.99491
37465407,2,2,0.00125,0.01114,0.98761
21922614,2,2,0.00168,0.01127,0.98705
35142190,2,2,0.00191,0.0083,0.98979
36390364,2,1,0.31215,0.48253,0.20532
16093390,2,2,0.00163,0.01241,0.98596
7929539,2,2,0.00132,0.00365,0.99503
17783123,2,0,0.78678,0.11513,0.09809
19548515,2,2,0.00627,0.0185,0.97523
31583757,0,0,0.89332,0.10161,0.00507
9662813,2,2,0.0008,0.0045,0.9947
4631666,2,2,0.00244,0.02837,0.96919
19054245,2,2,0.00166,0.00628,0.99206
28771596,0,0,0.80972,0.18568,0.00459
4516185,2,2,0.03584,0.41658,0.54758
25947025,2,2,0.00092,0.00394,0.99514
11988075,2,2,0.00108,0.00494,0.99399
13962408,2,2,0.00125,0.01154,0.98721
10817356,2,2,0.0018,0.00653,0.99167
29383536,2,2,0.00167,0.0165,0.98183
32499013,0,0,0.98393,0.01431,0.00176
37304742,2,2,0.00123,0.00844,0.99033
40898470,2,2,0.0018,0.00716,0.99104
2773538,2,2,0.00719,0.0363,0.95651
15081107,2,2,0.00099,0.00564,0.99337
4760883,2,2,0.00314,0.03915,0.95771
19938287,2,2,0.00281,0.02793,0.96926
9351220,2,2,0.00209,0.01153,0.98638
31299700,2,2,0.00584,0.08567,0.90849
6958115,0,1,0.43793,0.54077,0.0213
38241617,0,0,0.78437,0.20462,0.01101
1478687,0,0,0.97859,0.01969,0.00172
33255588,0,0,0.91626,0.08053,0.0032
23846502,2,2,0.00104,0.0074,0.99156
36536573,2,2,0.0016,0.01638,0.98203
19259970,0,0,0.88588,0.11002,0.0041
17346135,2,2,0.00133,0.0094,0.98927
5704066,0,0,0.71095,0.2828,0.00625
33346007,2,2,0.00168,0.0108,0.98752
23115752,2,2,0.00114,0.00572,0.99313
34976331,2,2,0.00115,0.0037,0.99515
18917878,2,2,0.00115,0.00394,0.99491
28473966,2,2,0.00156,0.01023,0.98821
17958627,2,2,0.01239,0.11895,0.86866
34560194,2,2,0.0014,0.00837,0.99023
25099296,2,1,0.09312,0.81714,0.08973
8578803,2,2,0.00114,0.01032,0.98854
16323523,1,1,0.23749,0.70211,0.0604
38922030,2,2,0.00216,0.01003,0.98781
22712935,2,2,0.00101,0.00763,0.99136
34997355,2,2,0.00089,0.00433,0.99478
19864666,2,2,0.00125,0.00769,0.99106
14110909,2,2,0.0027,0.02156,0.97574
13302130,2,2,0.00166,0.00799,0.99035
38012775,2,2,0.00109,0.00937,0.98955
5817927,2,2,0.00101,0.00638,0.99261
20297382,2,2,0.00091,0.0053,0.9938
5893542,2,2,0.00091,0.00413,0.99496
23690355,2,2,0.00237,0.01067,0.98696
37356303,2,2,0.00109,0.00413,0.99478
20288894,2,2,0.00098,0.00433,0.99469
13360365,2,2,0.02758,0.3095,0.66293
33391790,2,1,0.0249,0.69449,0.2806
19215307,2,1,0.02431,0.79253,0.18316
40115187,2,2,0.00102,0.00985,0.98913
39116013,1,1,0.15539,0.83022,0.0144
32555209,2,2,0.00896,0.09129,0.89975
41096601,0,0,0.92856,0.06819,0.00325
36722225,1,2,0.01444,0.4353,0.55027
14673620,2,2,0.00163,0.0094,0.98897
19410487,0,0,0.73532,0.25611,0.00856
26152626,2,1,0.01688,0.70647,0.27666
10089987,2,2,0.03314,0.16392,0.80293
26180698,2,2,0.00255,0.01681,0.98065
25468099,0,0,0.62798,0.35364,0.01838
5306831,2,2,0.00097,0.00419,0.99484
2965661,2,2,0.00284,0.03171,0.96545
18771857,2,2,0.00183,0.00728,0.9909
31787459,2,2,0.00117,0.00365,0.99519
11272966,2,2,0.00088,0.00446,0.99466
16206627,2,2,0.01075,0.0947,0.89455
29145561,2,2,0.00146,0.01043,0.9881
4335281,2,2,0.00414,0.01417,0.98169
11881094,2,2,0.00763,0.1102,0.88217
24038950,2,2,0.00553,0.01999,0.97448
25035392,0,0,0.81829,0.17628,0.00543
31508086,2,2,0.01416,0.43352,0.55232
24141633,2,2,0.00115,0.00498,0.99388
39931004,0,0,0.74375,0.25108,0.00517
17864089,2,2,0.00134,0.00689,0.99177
1767818,2,2,0.01072,0.11053,0.87875
36682123,2,2,0.00173,0.01372,0.98455
15711653,1,1,0.10133,0.86894,0.02973
38700819,0,0,0.74787,0.2381,0.01402
12506711,0,1,0.46141,0.52695,0.01164
35597554,2,2,0.0018,0.00443,0.99377
7292982,1,1,0.18782,0.77696,0.03522
38599766,2,2,0.00083,0.00483,0.99435
10971425,1,1,0.27155,0.70435,0.0241
29880412,2,2,0.0013,0.00572,0.99298
11818436,2,2,0.00159,0.00385,0.99456
20332553,2,0,0.74403,0.17846,0.07751
11286277,2,2,0.00103,0.00546,0.99351
14889487,2,2,0.00101,0.00343,0.99556
25436055,2,2,0.00256,0.02831,0.96913
27354875,2,2,0.00322,0.04528,0.9515
5197327,0,0,0.78297,0.19225,0.02478
7942620,1,1,0.26618,0.72072,0.0131
14573953,0,0,0.65924,0.33409,0.00667
36382648,0,0,0.86939,0.12427,0.00633
36656255,0,0,0.95512,0.04144,0.00344
40885111,2,2,0.00632,0.04036,0.95332
31230972,0,0,0.53407,0.45681,0.00912
15466116,2,1,0.34871,0.62408,0.02721
11017592,2,2,0.00149,0.00684,0.99167
36943573,2,2,0.00191,0.00756,0.99053
30769154,0,0,0.56768,0.40889,0.02343
17093629,2,2,0.00145,0.00379,0.99476
14595590,2,2,0.00118,0.00394,0.99488
20811640,2,0,0.58063,0.39596,0.02341
20348441,0,0,0.49446,0.49061,0.01493
28859473,2,2,0.00154,0.00364,0.99481
33528574,2,2,0.00329,0.01183,0.98488
29775192,2,2,0.00104,0.00509,0.99386
8288996,1,0,0.96638,0.03166,0.00196
40192174,2,2,0.00122,0.0049,0.99388
28478538,0,1,0.43563,0.55069,0.01368
12502437,2,2,0.01792,0.04852,0.93356
25166875,2,2,0.00287,0.02067,0.97646
35318963,2,2,0.02142,0.43033,0.54825
38635687,0,0,0.89103,0.10375,0.00522
12512685,1,1,0.08436,0.83226,0.08338
36644855,2,0,0.76603,0.21691,0.01706
26002546,2,2,0.00116,0.00915,0.98969
33714035,0,0,0.6713,0.3134,0.0153
10933967,2,2,0.00217,0.02297,0.97486
19855698,2,0,0.95823,0.0358,0.00597
8177222,2,2,0.02141,0.08943,0.88917
6943498,2,2,0.00116,0.0084,0.99044
26154647,2,2,0.0021,0.00883,0.98907
2694197,2,2,0.00445,0.03459,0.96095
20900864,2,2,0.00122,0.00643,0.99235
10974300,0,0,0.79454,0.18327,0.02219
39108737,2,2,0.00128,0.00439,0.99433
4504035,2,2,0.00188,0.01023,0.98789
1838005,2,2,0.00097,0.00426,0.99477
27982756,2,2,0.00123,0.00936,0.9894
6523864,0,0,0.98216,0.01597,0.00187
3102528,2,2,0.00581,0.09045,0.90374
25546164,0,0,0.98348,0.01431,0.00222
35416315,2,2,0.09063,0.20202,0.70735
15502851,2,2,0.00106,0.00577,0.99317
22280041,2,2,0.02884,0.39193,0.57923
34363680,2,2,0.00789,0.08008,0.91203
22881253,2,2,0.0211,0.28563,0.69327
28969873,0,0,0.78762,0.20546,0.00692
32207039,2,2,0.0433,0.21273,0.74396
30762227,0,0,0.8993,0.0959,0.00479
23197256,2,1,0.02728,0.8098,0.16292
2734909,2,2,0.00368,0.03861,0.95771
18657125,2,2,0.0022,0.00652,0.99127
38028785,2,2,0.00096,0.0049,0.99413
5023717,2,2,0.00373,0.02378,0.97248
23193590,2,2,0.00204,0.02088,0.97708
35320212,0,0,0.94642,0.05043,0.00316
35695275,0,0,0.74134,0.24068,0.01799
35356733,2,2,0.00121,0.01097,0.98781
11083269,2,2,0.00158,0.0128,0.98562
32669959,0,0,0.69186,0.27628,0.03186
24482696,2,2,0.00118,0.00595,0.99287
8893840,0,0,0.96241,0.0313,0.00629
24340335,2,2,0.00172,0.02183,0.97646
35734877,2,1,0.068,0.908,0.02401
10190147,2,2,0.003,0.04116,0.95584
39368648,2,2,0.0015,0.0165,0.982
9694296,2,2,0.00414,0.01439,0.98147
15604579,2,2,0.00228,0.01908,0.97864
21280865,2,2,0.00166,0.00981,0.98854
16183595,2,2,0.00686,0.08096,0.91218
29803173,2,2,0.00094,0.00429,0.99477
2098507,2,2,0.00131,0.01114,0.98755
39190868,0,0,0.498,0.49028,0.01171
12068655,2,2,0.00101,0.00457,0.99442
20715416,0,0,0.92807,0.05739,0.01454
9133784,2,2,0.00369,0.00571,0.9906
14872124,2,2,0.00109,0.00362,0.99529
41522549,0,0,0.95104,0.04598,0.00298
31888908,2,2,0.00201,0.00475,0.99324
37166674,2,2,0.00854,0.13385,0.85761
5365486,0,0,0.95994,0.03768,0.00238
22175349,1,1,0.25175,0.73132,0.01693
13409027,2,2,0.00092,0.00388,0.9952
14850740,2,2,0.00118,0.00351,0.99531
35843721,2,2,0.00114,0.00619,0.99267
40667039,2,2,0.01854,0.22937,0.75209
20494791,2,2,0.00097,0.00373,0.9953
14134340,1,0,0.96469,0.03247,0.00284
34209334,2,2,0.00187,0.0134,0.98473
19879557,0,0,0.84609,0.14703,0.00688
4866074,2,2,0.00666,0.06447,0.92887
37737052,2,2,0.02673,0.04548,0.92779
700691,2,2,0.01152,0.08721,0.90126
24526891,2,1,0.0195,0.68723,0.29327
35423358,2,2,0.00138,0.00805,0.99057
14034490,0,0,0.94756,0.04329,0.00915
6242419,2,2,0.00111,0.00453,0.99436
31315691,2,2,0.00282,0.04069,0.95649
33558972,2,2,0.03375,0.21,0.75625
34351399,2,2,0.00125,0.00787,0.99088
26712373,2,2,0.02892,0.16451,0.80657
36268933,2,2,0.00166,0.01101,0.98733
5189654,0,0,0.91152,0.08347,0.00501
38390457,2,1,0.06354,0.88399,0.05247
24673897,2,2,0.00333,0.01396,0.98271
36773296,2,2,0.00238,0.02083,0.97678
26373551,2,2,0.00245,0.02619,0.97136
19033744,2,2,0.00689,0.01706,0.97605
39882882,2,2,0.00307,0.04798,0.94895
35014852,2,2,0.31942,0.25616,0.42441
24847877,2,2,0.00142,0.00793,0.99065
31951587,2,2,0.00156,0.00623,0.99221
11558265,0,0,0.97234,0.02584,0.00182
13735994,2,2,0.00122,0.00413,0.99465
14309258,0,0,0.98569,0.01255,0.00176
8563687,2,1,0.04316,0.66986,0.28698
33932301,0,0,0.82963,0.16273,0.00764
24365118,2,2,0.00143,0.01476,0.9838
34175661,2,2,0.0041,0.05403,0.94187
26528693,1,0,0.70449,0.28912,0.00639
38086678,2,2,0.00138,0.00955,0.98908
16301094,2,2,0.0014,0.00563,0.99296
27129216,2,2,0.00113,0.00379,0.99508
1393364,2,2,0.00313,0.01313,0.98374
618346,2,2,0.00118,0.00521,0.9936
36916075,0,0,0.82159,0.16823,0.01018
32502555,2,2,0.00111,0.0049,0.99399
15313894,2,2,0.0033,0.0382,0.95851
30956122,2,2,0.00113,0.00416,0.99471
33038119,0,0,0.97702,0.02142,0.00156
30091119,2,2,0.00313,0.02776,0.96911
24779317,2,1,0.02877,0.61519,0.35604
28487445,2,2,0.00179,0.01208,0.98613
7837400,2,2,0.00113,0.00521,0.99366
23185261,0,0,0.94478,0.05273,0.00249
36328807,0,0,0.97759,0.02069,0.00172
1518017,2,2,0.0176,0.42634,0.55606
5358073,2,2,0.00563,0.03309,0.96129
5520253,0,0,0.98406,0.01398,0.00196
32851259,0,0,0.96965,0.0287,0.00165
7132333,2,2,0.00126,0.0041,0.99464
37421166,0,0,0.79288,0.1943,0.01282
1003817,2,2,0.00189,0.02045,0.97766
19328958,1,1,0.08836,0.68156,0.23008
18187098,2,2,0.00158,0.00901,0.98941
8074588,2,2,0.001,0.00362,0.99539
36436691,0,0,0.94966,0.04664,0.0037
40495676,2,2,0.00229,0.02752,0.97018
28315182,2,2,0.01032,0.05315,0.93653
26104394,2,0,0.60655,0.3104,0.08305
41498573,0,0,0.58064,0.39135,0.02802
37041283,2,0,0.98827,0.00988,0.00185
7524462,2,2,0.00142,0.00717,0.99141
21132876,0,0,0.85434,0.14111,0.00455
20120922,0,0,0.71522,0.25107,0.03371
35758433,2,2,0.00475,0.03237,0.96288
12452328,2,2,0.01703,0.45317,0.5298
38233171,0,0,0.98594,0.01087,0.00319
13320608,2,2,0.00195,0.00554,0.99251
9896144,0,0,0.95205,0.04544,0.00251
23098812,2,1,0.19305,0.76952,0.03742
2402543,2,1,0.05871,0.78241,0.15888
4867137,2,2,0.0068,0.02967,0.96353
4451481,1,1,0.02544,0.79132,0.18324
35648280,0,0,0.87737,0.1169,0.00573
2767763,1,1,0.45805,0.46891,0.07304
41007863,2,2,0.12561,0.20851,0.66588
23543575,2,2,0.00267,0.01801,0.97933
5491643,2,2,0.01997,0.40105,0.57898
1246783,2,2,0.0014,0.00857,0.99004
29546781,0,0,0.63417,0.35574,0.01009
10055878,2,2,0.00131,0.00847,0.99022
24543401,2,2,0.00095,0.00586,0.99319
39946787,0,0,0.95458,0.04176,0.00366
23152095,0,0,0.98851,0.00973,0.00176
10594923,2,2,0.00632,0.02669,0.96699
5308009,2,2,0.00184,0.01741,0.98075
38943886,2,2,0.00616,0.10752,0.88632
35521031,2,2,0.00683,0.01899,0.97418
19826934,0,0,0.98119,0.01656,0.00225
27516693,2,2,0.02873,0.44589,0.52538
26945840,2,1,0.06309,0.61275,0.32416
23767499,2,2,0.01943,0.1672,0.81338
25120528,0,2,0.14661,0.09265,0.76074
22738572,2,0,0.78694,0.19819,0.01487
34350500,2,2,0.00091,0.00619,0.99291
1572535,1,0,0.8688,0.12664,0.00456
13136187,2,2,0.00238,0.02083,0.97678
35657533,2,2,0.00122,0.00433,0.99445
14663760,2,2,0.00177,0.00932,0.98891
18231000,2,2,0.00496,0.0646,0.93044
26023307,2,2,0.05815,0.3748,0.56705
22813617,2,2,0.00138,0.00453,0.99409
14834457,1,1,0.12137,0.68495,0.19367
25841424,2,2,0.00133,0.01064,0.98803
29400076,2,2,0.00111,0.00348,0.99541
24845224,0,0,0.98418,0.01409,0.00173
1290817,2,2,0.0022,0.00976,0.98804
12408580,2,2,0.01197,0.34447,0.64356
9794643,2,2,0.00481,0.09192,0.90327
4242677,1,1,0.06745,0.89721,0.03534
29601708,0,0,0.91219,0.08402,0.00379
13528056,2,2,0.00109,0.00479,0.99412
10694450,2,2,0.00088,0.00461,0.99452
7124476,2,2,0.00304,0.02623,0.97073
26836594,2,2,0.00098,0.00397,0.99505
4917104,2,2,0.00151,0.01072,0.98777
22185621,2,2,0.02255,0.03333,0.94412
31738001,1,0,0.6691,0.29345,0.03745
23942918,2,2,0.00133,0.00992,0.98874
19467378,2,2,0.00103,0.00362,0.99535
10726349,1,0,0.52966,0.46018,0.01017
2417286,2,2,0.03104,0.04018,0.92878
17976940,2,2,0.00103,0.00413,0.99484
18489435,2,2,0.0351,0.29737,0.66753
27228103,0,0,0.98702,0.01127,0.00171
37171452,1,1,0.0992,0.87724,0.02356
9442507,0,0,0.98364,0.01392,0.00244
27070672,2,2,0.00104,0.00486,0.99409
22519059,2,2,0.00147,0.00774,0.99079
13923965,0,1,0.12368,0.54144,0.33488
35074385,2,2,0.00402,0.04164,0.95433
7535530,2,2,0.00109,0.0046,0.9943
41484772,2,2,0.0144,0.09494,0.89067
26300964,2,2,0.00179,0.0118,0.98641
20663766,2,2,0.00162,0.00367,0.99471
34139967,2,2,0.00107,0.00996,0.98896
31266827,0,0,0.98516,0.013,0.00184
11887986,2,2,0.00242,0.00397,0.99361
5769682,2,2,0.00122,0.00471,0.99407
19546473,2,2,0.00129,0.01246,0.98625
1366950,2,2,0.00141,0.00362,0.99498
31423823,2,2,0.00098,0.00731,0.99171
22238415,0,0,0.93678,0.05902,0.0042
16376652,0,0,0.97961,0.0184,0.00198
18727032,1,1,0.04702,0.7953,0.15768
33984306,1,0,0.52291,0.46508,0.01201
9340387,2,2,0.00263,0.01515,0.98222
14647746,2,2,0.00091,0.00494,0.99415
15776902,2,2,0.00163,0.01335,0.98502
28456356,2,2,0.01379,0.03427,0.95194
26008193,2,2,0.00122,0.00745,0.99133
26155414,2,2,0.00927,0.16948,0.82126
1064917,2,1,0.02392,0.49567,0.48042
36884893,2,2,0.00507,0.0295,0.96544
24895839,0,0,0.98105,0.01611,0.00284
35481822,2,2,0.00182,0.00792,0.99025
6716134,0,0,0.92294,0.07272,0.00434
26189047,0,0,0.87552,0.11849,0.00599
11334367,2,2,0.00765,0.14839,0.84396
30820511,1,1,0.03784,0.87478,0.08738
40227247,0,0,0.88385,0.11106,0.00509
20673788,2,2,0.00116,0.00429,0.99454
2938436,0,0,0.95667,0.04127,0.00206
15963864,2,2,0.00209,0.0133,0.98462
40909075,2,1,0.01713,0.68969,0.29318
10888094,0,0,0.63287,0.35225,0.01488
3662251,2,2,0.00763,0.1102,0.88217
34473437,2,2,0.00085,0.00443,0.99472
23584979,2,2,0.00107,0.007,0.99192
22765512,2,2,0.00368,0.00672,0.9896
29505367,2,2,0.00134,0.00787,0.9908
2238018,2,2,0.00538,0.07607,0.91856
10367965,2,2,0.00098,0.0044,0.99462
13240549,0,0,0.89951,0.04046,0.06003
39825174,2,2,0.00132,0.00332,0.99536
15265877,2,2,0.00103,0.00695,0.99202
36306783,1,0,0.7438,0.24147,0.01473
28360242,2,2,0.00806,0.07465,0.91729
25170339,2,2,0.0083,0.00955,0.98215
2556454,2,2,0.00129,0.00787,0.99084
31655747,2,2,0.00108,0.00534,0.99359
26838205,0,0,0.96507,0.03261,0.00232
37674552,2,0,0.88001,0.11476,0.00523
29250171,0,1,0.03959,0.74128,0.21912
10526491,2,2,0.00715,0.0116,0.98125
22297038,2,2,0.0013,0.00359,0.99511
20664022,1,2,0.12561,0.20851,0.66588
23516626,1,1,0.14469,0.81652,0.03879
34780083,2,2,0.00156,0.01023,0.98821
29664452,2,2,0.00117,0.00382,0.99501
29069986,2,2,0.00095,0.00453,0.99452
17710573,0,0,0.94721,0.04996,0.00283
32279819,2,2,0.0013,0.00505,0.99365
34062147,0,0,0.97861,0.0198,0.00159
23540132,0,1,0.46918,0.52341,0.00741
40657125,2,2,0.00229,0.01563,0.98209
16800664,0,0,0.83863,0.13831,0.02306
19828139,2,2,0.00175,0.00457,0.99369
40367511,0,0,0.90563,0.08915,0.00522
24783215,2,2,0.00207,0.02064,0.97729
9546322,2,2,0.01075,0.03624,0.95301
36753122,2,2,0.01524,0.15246,0.83229
9646561,2,2,0.00104,0.00609,0.99287
10823150,2,2,0.00103,0.006,0.99298
31291344,2,2,0.00201,0.01823,0.97976
30497150,0,0,0.96282,0.03504,0.00214
4495897,2,2,0.00562,0.01953,0.97485
9672948,2,0,0.71746,0.2702,0.01234
20593132,2,2,0.00114,0.00739,0.99146
38264067,2,2,0.00284,0.01787,0.9793
10101405,0,0,0.5603,0.4296,0.0101
7047576,2,2,0.01294,0.0867,0.90036
39548099,1,2,0.01946,0.39387,0.58667
16480907,2,2,0.00111,0.00577,0.99312
19986614,0,0,0.56493,0.42643,0.00865
8271028,2,2,0.04871,0.29955,0.65174
12398648,2,2,0.00149,0.00609,0.99242
4320227,2,2,0.00288,0.01922,0.97791
35689969,2,2,0.00085,0.00577,0.99338
13120706,2,2,0.00922,0.03522,0.95556
25681786,2,2,0.0012,0.00929,0.98951
27696401,2,2,0.00131,0.01035,0.98833
39311774,0,0,0.95867,0.03939,0.00194
11870793,2,2,0.00156,0.01023,0.98821
29911431,2,2,0.00092,0.00534,0.99374
34511523,0,0,0.52081,0.46685,0.01234
14987636,2,2,0.00098,0.00403,0.99498
21481392,2,2,0.00324,0.04117,0.95559
20646122,0,0,0.98528,0.0126,0.00212
31274604,0,1,0.36099,0.61406,0.02495
14297258,2,2,0.00147,0.00787,0.99067
9723627,2,2,0.00134,0.00486,0.9938
25437650,2,2,0.00112,0.00796,0.99092
35011275,1,0,0.90334,0.09085,0.00581
5580835,0,0,0.98016,0.01809,0.00175
37825893,0,0,0.94759,0.05027,0.00214
3907152,2,2,0.00196,0.01185,0.98619
2261849,2,2,0.00116,0.00915,0.98969
17483789,2,2,0.00235,0.01937,0.97828
29354770,2,2,0.00795,0.20589,0.78616
25235563,0,0,0.82431,0.16878,0.00691
12105456,1,0,0.91448,0.08212,0.0034
8028623,0,0,0.62974,0.36446,0.0058
33627101,2,1,0.44339,0.48507,0.07154
40067478,2,2,0.00179,0.01377,0.98444
34036491,2,2,0.05784,0.17432,0.76784
32516879,0,0,0.92278,0.06504,0.01217
27320960,2,1,0.019,0.51348,0.46753
18951229,2,2,0.00177,0.00904,0.98919
12878210,1,0,0.89557,0.09523,0.0092
25708054,1,1,0.04514,0.92444,0.03042
20039276,2,0,0.77093,0.21745,0.01161
31221853,2,2,0.01951,0.13134,0.84915
40196088,2,2,0.01449,0.05341,0.9321
31972198,2,2,0.00098,0.004,0.99502
27950302,0,0,0.73331,0.23075,0.03594
40436404,0,0,0.7423,0.24864,0.00906
12122792,2,2,0.00137,0.01149,0.98714
8008224,2,2,0.0159,0.10919,0.87491
3892111,2,2,0.11195,0.33487,0.55318
26665967,2,2,0.0086,0.10063,0.89077
31012828,2,2,0.00177,0.00623,0.992
7655222,2,2,0.00118,0.0053,0.99352
24571001,2,2,0.00102,0.00966,0.98932
2883208,2,2,0.00189,0.01656,0.98154
32687284,2,2,0.00322,0.0168,0.97999
38689625,2,2,0.0012,0.00787,0.99094
10903883,0,0,0.82021,0.16534,0.01445
26408987,0,0,0.98893,0.00862,0.00245
30145891,0,0,0.90065,0.09567,0.00368
25873236,2,2,0.00686,0.01365,0.97949
36280998,2,2,0.00104,0.00711,0.99185
12904813,2,2,0.00243,0.01674,0.98082
15917775,2,2,0.00095,0.00568,0.99337
13094464,2,2,0.00197,0.02328,0.97474
2919011,2,2,0.00161,0.01051,0.98788
33233906,2,2,0.00165,0.0147,0.98365
20972125,0,1,0.19367,0.79031,0.01602
21201792,2,2,0.00107,0.0074,0.99153
20207715,2,2,0.00137,0.01232,0.98631
31720430,2,2,0.00354,0.02954,0.96692
10442068,2,2,0.00103,0.00394,0.99503
1143849,2,2,0.00134,0.00376,0.9949
9034621,2,2,0.00275,0.01674,0.98051
34720069,2,2,0.00475,0.06139,0.93386
2437874,2,2,0.00316,0.0357,0.96114
34959829,2,2,0.00191,0.00711,0.99098
2044014,0,0,0.98325,0.01505,0.0017
4485288,2,2,0.00101,0.007,0.99199
16619628,2,2,0.00107,0.0084,0.99052
19000130,1,0,0.67934,0.3086,0.01206
8873352,2,2,0.00094,0.00483,0.99424
16299891,2,1,0.02639,0.6596,0.31402
22556319,2,2,0.00118,0.00628,0.99254
37716853,2,2,0.00404,0.06807,0.92789
19921621,2,2,0.0012,0.00663,0.99217
15738615,2,2,0.00339,0.02802,0.9686
22289294,2,2,0.03663,0.08977,0.87361
11426816,2,2,0.00116,0.00423,0.99461
19354560,2,2,0.00725,0.02888,0.96387
25987847,2,2,0.00562,0.09282,0.90156
28874670,0,0,0.95946,0.03834,0.0022
31018441,2,2,0.01912,0.40883,0.57205
8736739,2,2,0.00736,0.00601,0.98664
25313505,0,1,0.05546,0.91984,0.02471
8080613,2,2,0.00091,0.00379,0.9953
37108700,2,2,0.00097,0.00419,0.99484
15229885,2,2,0.0023,0.00817,0.98953
20404310,2,2,0.00206,0.01055,0.98739
23450492,2,2,0.00108,0.00505,0.99387
19882421,2,2,0.0013,0.00633,0.99237
19167160,0,0,0.87387,0.11966,0.00647
15757522,2,2,0.00085,0.00429,0.99485
26935500,2,2,0.00581,0.06203,0.93217
33328099,2,2,0.00085,0.00391,0.99524
963888,2,2,0.14485,0.18275,0.6724
26282433,2,2,0.00116,0.00614,0.9927
9407812,0,0,0.55542,0.42919,0.01539
6918093,2,2,0.00111,0.00534,0.99355
35835706,2,2,0.00144,0.0094,0.98916
39072086,2,2,0.00161,0.00577,0.99262
34770540,2,2,0.00668,0.00942,0.9839
239487,2,2,0.01563,0.0972,0.88718
25128221,2,2,0.00181,0.01701,0.98118
12233036,1,1,0.28863,0.68165,0.02972
37451323,2,2,0.00144,0.01051,0.98805
37597687,2,2,0.0044,0.06121,0.93439
8131547,2,2,0.0053,0.10284,0.89186
20665097,2,2,0.00141,0.01582,0.98277
17724474,2,2,0.00449,0.01102,0.98449
38191490,2,2,0.01839,0.03847,0.94314
40335215,0,0,0.98903,0.00856,0.00241
41346344,2,2,0.00124,0.00722,0.99154
13550781,2,2,0.00442,0.02594,0.96964
36826256,2,2,0.00108,0.00551,0.99342
14668865,0,0,0.94822,0.04772,0.00406
23961709,0,0,0.98604,0.01194,0.00203
10410418,1,1,0.19756,0.74266,0.05978
17721638,2,2,0.00383,0.01496,0.98122
33131380,2,2,0.00162,0.00426,0.99413
31312951,2,2,0.00094,0.0045,0.99457
588950,1,1,0.09039,0.88508,0.02453
34225953,1,1,0.04246,0.70695,0.2506
11386634,2,2,0.00098,0.00609,0.99293
24418869,0,0,0.77345,0.21062,0.01593
14301917,2,2,0.02232,0.40193,0.57574
28174840,2,2,0.00114,0.00706,0.9918
35415462,2,2,0.0022,0.02173,0.97606
26461091,2,2,0.00587,0.06603,0.9281
37667945,0,0,0.9696,0.0265,0.0039
806829,2,2,0.00119,0.01223,0.98658
8227248,2,2,0.00099,0.00669,0.99232
35535660,1,1,0.07112,0.90364,0.02524
37619135,0,0,0.96354,0.03329,0.00316
29525262,2,2,0.00113,0.00446,0.99441
9000748,2,1,0.05066,0.90156,0.04778
7847354,2,2,0.02338,0.09921,0.8774
29424394,1,0,0.78714,0.20695,0.00592
20273451,0,0,0.90966,0.08645,0.0039
289816,2,2,0.00109,0.00439,0.99451
30854953,2,2,0.00116,0.00734,0.9915
2541374,0,0,0.85973,0.13603,0.00424
17152559,2,2,0.00763,0.1102,0.88217
2116229,0,0,0.88739,0.10765,0.00496
2248419,2,2,0.00277,0.0252,0.97202
24852295,2,2,0.00138,0.00353,0.99508
39026113,0,0,0.95783,0.04043,0.00174
24751414,2,2,0.00318,0.02972,0.9671
26266752,0,0,0.83235,0.16262,0.00503
7754569,2,2,0.00147,0.00379,0.99474
41164131,0,0,0.96462,0.03262,0.00275
13360447,2,2,0.001,0.00509,0.99391
5288904,2,1,0.03361,0.90146,0.06492
18127171,0,0,0.67915,0.31094,0.00992
14207304,2,1,0.19283,0.64979,0.15738
28533267,1,1,0.04114,0.70135,0.25751
18946234,2,2,0.00094,0.00403,0.99503
39261219,2,2,0.00746,0.04561,0.94694
29771749,2,2,0.00116,0.00397,0.99486
25799294,2,1,0.03246,0.65713,0.31041
16453756,2,2,0.01191,0.01182,0.97627
36475044,2,2,0.00258,0.01878,0.97863
40667331,2,2,0.00114,0.0059,0.99295
17030016,2,2,0.00101,0.00586,0.99313
35442710,0,0,0.75722,0.22825,0.01453
4595959,2,1,0.02922,0.55134,0.41944
23789402,0,0,0.91275,0.08261,0.00464
20069625,2,2,0.00089,0.0045,0.99461
34009902,2,2,0.04996,0.03999,0.91006
29970847,2,2,0.00164,0.00464,0.99372
19147627,0,0,0.87173,0.10916,0.01911
38558400,2,2,0.00089,0.00429,0.99481
39913235,0,0,0.98904,0.00876,0.0022
17809582,2,2,0.00177,0.02093,0.9773
24314851,2,2,0.00101,0.00356,0.99543
10519073,2,2,0.00309,0.01211,0.9848
25938227,2,2,0.00092,0.00429,0.99478
17659913,2,2,0.00195,0.01761,0.98044
38780821,1,1,0.04309,0.73461,0.2223
39683840,2,2,0.00685,0.05318,0.93997
2131066,2,2,0.00184,0.01285,0.98531
6647654,0,0,0.73779,0.25497,0.00723
3383813,2,2,0.00383,0.02843,0.96773
2131037,0,0,0.84946,0.14533,0.00521
6931164,2,2,0.00104,0.00391,0.99504
32302919,2,1,0.10704,0.75322,0.13974
4927623,1,1,0.19502,0.78959,0.01539
32457113,0,1,0.40504,0.52621,0.06875
17857123,0,0,0.92176,0.07355,0.00469
38526778,0,1,0.26393,0.66613,0.06994
36188212,0,0,0.79287,0.19582,0.01131
34298768,0,0,0.80521,0.18072,0.01407
10154294,2,2,0.00098,0.00471,0.99431
29263837,0,0,0.92989,0.06671,0.00341
16213196,2,2,0.00416,0.039,0.95684
27190997,0,0,0.71862,0.26958,0.0118
35738061,2,2,0.01042,0.05849,0.93109
41191722,0,0,0.93079,0.06625,0.00296
24899275,0,1,0.28549,0.49401,0.2205
34985805,0,0,0.55664,0.41044,0.03291
21129207,2,0,0.69687,0.0412,0.26193
8986768,2,2,0.00101,0.00684,0.99215
36983623,0,0,0.68204,0.30983,0.00813
38810277,2,2,0.00111,0.00555,0.99334
36167356,2,2,0.03071,0.02885,0.94045
24840473,2,2,0.00379,0.0399,0.95631
5331898,2,2,0.0013,0.00633,0.99237
16091661,1,1,0.40366,0.58275,0.0136
24215603,0,0,0.98549,0.01202,0.00248
39686899,2,2,0.00209,0.0134,0.98451
3380699,2,2,0.00118,0.00391,0.99491
30404918,0,0,0.78888,0.20419,0.00693
12471785,2,2,0.00136,0.00426,0.99438
8531595,0,0,0.87249,0.10969,0.01783
34625791,2,2,0.00079,0.00486,0.99435
205626,2,2,0.00104,0.00426,0.9947
3600202,2,2,0.00627,0.01034,0.98338
9733843,2,2,0.00085,0.00728,0.99187
10160965,1,1,0.0996,0.77126,0.12914
7643993,0,0,0.7055,0.28283,0.01167
38904057,2,2,0.00099,0.00572,0.99328
7816915,2,1,0.253,0.73494,0.01207
8507396,2,2,0.00124,0.00353,0.99523
6212550,2,2,0.00133,0.0085,0.99017
36192494,2,2,0.011,0.05109,0.93791
9733515,2,2,0.00205,0.01557,0.98238
36295895,0,1,0.03708,0.84403,0.11888
23387179,1,1,0.08873,0.89437,0.0169
37582906,0,0,0.91104,0.08524,0.00372
38816302,2,2,0.00086,0.00605,0.99309
5689416,2,2,0.02536,0.36976,0.60488
14301818,2,2,0.00103,0.00628,0.99269
15087919,2,2,0.004,0.03191,0.96409
19862928,1,1,0.20134,0.77183,0.02683
9363379,2,2,0.00095,0.00546,0.99359
32828715,0,0,0.80149,0.16491,0.0336
10750337,2,2,0.00104,0.00367,0.99528
28422755,2,1,0.03879,0.823,0.13821
32002144,2,2,0.12561,0.20851,0.66588
27001838,2,2,0.00369,0.0659,0.93041
26481087,2,2,0.16124,0.39443,0.44433
17493648,2,2,0.00727,0.07047,0.92227
25706561,2,2,0.00171,0.0085,0.98979
28339831,0,0,0.97853,0.01893,0.00254
36761600,2,2,0.00125,0.00821,0.99054
24566838,2,2,0.02784,0.12628,0.84588
33726526,0,0,0.56778,0.41866,0.01356
23526543,2,2,0.00148,0.01172,0.9868
4323939,2,2,0.00217,0.02052,0.97731
15435996,0,0,0.8888,0.10615,0.00504
22995239,0,0,0.77666,0.21651,0.00683
19769720,2,1,0.03108,0.77701,0.19191
27682555,2,2,0.00172,0.00426,0.99402
15964251,0,0,0.60561,0.36022,0.03417
22668417,2,2,0.00763,0.1102,0.88217
23897911,2,2,0.00346,0.00726,0.98928
20635936,2,2,0.00106,0.00376,0.99518
39379622,2,0,0.78085,0.20529,0.01386
41419793,0,0,0.69768,0.29312,0.0092
11619000,2,2,0.00542,0.06866,0.92592
33597641,2,2,0.00124,0.00373,0.99503
32894832,2,2,0.00654,0.06659,0.92686
25263752,2,1,0.38325,0.59825,0.01849
23359303,2,2,0.00118,0.00728,0.99154
2367628,2,2,0.02687,0.03344,0.9397
21312545,2,2,0.0967,0.15154,0.75176
8996258,2,2,0.02219,0.09128,0.88653
9709154,2,2,0.00142,0.01047,0.98811
20695306,2,1,0.47153,0.47896,0.04951
1085218,2,2,0.00152,0.00538,0.99311
30962890,2,2,0.00676,0.06501,0.92822
8869660,0,0,0.93425,0.06321,0.00254
35152222,2,2,0.00115,0.00436,0.99449
17513457,0,0,0.98084,0.01769,0.00147
5926478,2,2,0.00536,0.094,0.90064
27797826,2,2,0.01498,0.26871,0.71631
8461729,2,2,0.00192,0.01675,0.98132
26763128,2,0,0.57654,0.25828,0.16518
11737026,2,2,0.00128,0.00623,0.99249
4094847,2,1,0.01824,0.64813,0.33363
13472027,1,0,0.94761,0.05022,0.00217
39708565,0,0,0.88286,0.11181,0.00533
34419620,2,2,0.00136,0.00643,0.99221
7504550,2,2,0.00581,0.03283,0.96136
22362100,2,2,0.00185,0.00897,0.98918
32195582,2,2,0.00096,0.00577,0.99327
3111979,2,2,0.00184,0.01285,0.98531
24915066,2,2,0.00117,0.00314,0.99569
8966550,2,2,0.00326,0.03342,0.96332
26378969,1,1,0.07935,0.85305,0.0676
7214667,2,2,0.02246,0.16069,0.81685
99762,2,2,0.00109,0.00538,0.99353
36347139,2,2,0.00138,0.00774,0.99088
2310664,0,0,0.59529,0.39655,0.00817
28244428,1,1,0.22339,0.70098,0.07563
38012643,0,0,0.79259,0.19499,0.01242
39608623,2,2,0.001,0.00534,0.99367
13952593,0,0,0.8094,0.18488,0.00572
2508094,0,0,0.98817,0.0098,0.00203
36686918,0,0,0.94943,0.0472,0.00337
25436669,1,2,0.01754,0.1697,0.81276
9366002,0,0,0.77772,0.21512,0.00716
6838908,0,0,0.98798,0.00828,0.00373
36798296,2,2,0.0013,0.00633,0.99237
20147508,2,2,0.00159,0.00457,0.99384
35638672,0,0,0.97646,0.02166,0.00189
23932898,2,2,0.00118,0.00728,0.99154
32867504,2,2,0.00133,0.01056,0.98811
33673832,0,0,0.98591,0.01261,0.00148
22597448,1,1,0.27636,0.70847,0.01517
28370714,2,2,0.31538,0.32286,0.36176
29519463,2,2,0.00149,0.01,0.98852
38822353,2,2,0.0053,0.01638,0.97832
73287,0,0,0.75616,0.23425,0.00959
39227256,0,0,0.59644,0.36602,0.03754
17863408,0,0,0.98139,0.01669,0.00192
10417675,2,2,0.00148,0.01356,0.98495
14013165,2,2,0.00103,0.00669,0.99229
31602879,2,2,0.0013,0.00633,0.99237
4165070,2,2,0.00106,0.00669,0.99226
35594115,2,1,0.03174,0.81219,0.15607
9643337,2,2,0.00563,0.04716,0.94721
891838,2,2,0.00104,0.00658,0.99238
2767748,1,2,0.02277,0.38068,0.59655
21522729,2,2,0.00319,0.02597,0.97084
13252039,2,2,0.00132,0.00436,0.99432
12984346,2,2,0.01859,0.33609,0.64531
30184251,2,2,0.00131,0.01315,0.98554
31858340,0,0,0.96083,0.0372,0.00197
33579964,2,2,0.00109,0.006,0.99291
23035697,2,2,0.00337,0.03163,0.965
39351424,2,2,0.09888,0.23848,0.66265
36620970,1,1,0.22547,0.74218,0.03236
41171137,0,0,0.7992,0.1607,0.0401
12168139,0,0,0.98126,0.01675,0.00199
41501745,2,2,0.0024,0.01345,0.98415
6130310,2,2,0.00116,0.006,0.99284
40971784,2,2,0.00087,0.00468,0.99446
2582143,0,0,0.98932,0.00823,0.00245
14648897,0,0,0.98136,0.01712,0.00152
38405986,2,2,0.00118,0.0034,0.99542
38275034,2,2,0.00198,0.00618,0.99184
15568014,0,0,0.98219,0.01619,0.00162
15288657,2,2,0.00146,0.00908,0.98946
33932767,2,1,0.07321,0.87291,0.05388
37595713,2,2,0.0047,0.01094,0.98436
8606705,2,2,0.00182,0.01015,0.98803
26019129,2,2,0.00135,0.01266,0.98599
23254430,2,2,0.00116,0.0086,0.99024
18764498,2,2,0.00292,0.00432,0.99276
4994189,2,2,0.00693,0.01125,0.98181
39517466,2,2,0.00134,0.00775,0.99092
38879816,2,2,0.00425,0.0184,0.97735
39038374,2,2,0.00126,0.007,0.99174
30042985,2,2,0.00107,0.00717,0.99176
3347653,2,2,0.00207,0.00823,0.9897
41234499,2,2,0.0039,0.02625,0.96985
19262914,0,0,0.72347,0.26824,0.00829
17512476,0,0,0.92295,0.07257,0.00448
30809763,2,2,0.00205,0.0147,0.98325
17543881,2,1,0.14669,0.54397,0.30934
19449264,0,0,0.53085,0.46121,0.00794
19750307,0,0,0.98377,0.01414,0.00209
3486340,1,1,0.23048,0.73247,0.03704
794753,2,2,0.00179,0.00943,0.98877
23788771,2,2,0.00085,0.00674,0.99241
25966686,1,1,0.03134,0.90872,0.05994
38022027,2,2,0.00108,0.00468,0.99425
19104031,2,2,0.0066,0.12921,0.8642
10871003,2,2,0.00479,0.00867,0.98654
35371552,0,0,0.85117,0.14169,0.00714
3653099,0,0,0.91403,0.08272,0.00325
2214120,2,2,0.00116,0.00915,0.98969
18450217,2,2,0.00092,0.00443,0.99465
19537076,2,2,0.00157,0.01437,0.98406
28848740,0,0,0.97713,0.0208,0.00207
20476531,2,2,0.0012,0.00457,0.99423
28960195,2,2,0.00413,0.04623,0.94964
6223115,0,0,0.96562,0.03242,0.00195
8183724,2,2,0.00095,0.0044,0.99465
36682243,2,2,0.00123,0.0094,0.98937
26006584,0,0,0.85301,0.142,0.00499
30191777,0,0,0.68404,0.31074,0.00522
19099434,2,2,0.00499,0.01296,0.98205
33934916,2,2,0.00192,0.02018,0.97791
38780179,2,1,0.15672,0.79824,0.04503
14768264,2,0,0.39481,0.28271,0.32249
15912871,0,0,0.96022,0.03732,0.00246
2947360,2,2,0.00147,0.00734,0.9912
39302450,0,0,0.73565,0.24835,0.016
26402610,1,1,0.15528,0.71242,0.1323
24980663,2,2,0.00157,0.01465,0.98378
10832003,2,2,0.00709,0.10668,0.88623
32541006,2,2,0.00328,0.05749,0.93923
19891238,2,2,0.00756,0.01744,0.97499
18765198,2,2,0.00131,0.01246,0.98623
16026220,2,2,0.00243,0.01787,0.9797
38316961,2,1,0.01639,0.56428,0.41934
33612369,2,2,0.00345,0.04017,0.95638
13899935,1,0,0.95141,0.04583,0.00276
1205195,2,2,0.00095,0.00572,0.99333
8651865,2,2,0.00316,0.04896,0.94787
28849178,1,1,0.03529,0.69779,0.26693
17520421,2,2,0.00231,0.00678,0.99091
8908678,2,2,0.00164,0.00577,0.9926
12635301,2,2,0.00125,0.00831,0.99044
25541826,2,2,0.00143,0.00521,0.99336
38563466,2,2,0.00092,0.00385,0.99523
15151042,0,0,0.98815,0.00924,0.00261
39992076,2,2,0.00099,0.00568,0.99332
11340362,2,2,0.00769,0.15748,0.83484
24482063,2,2,0.00763,0.1102,0.88217
18148042,0,0,0.74901,0.15158,0.09941
31285672,0,0,0.8911,0.06557,0.04334
35630684,2,2,0.00135,0.01023,0.98841
3424625,0,0,0.97145,0.02658,0.00197
27016319,0,1,0.02938,0.80646,0.16416
840414,2,2,0.00736,0.04361,0.94903
25630550,2,2,0.00177,0.0085,0.98974
10797056,2,2,0.00132,0.00332,0.99536
1178744,2,2,0.00283,0.0218,0.97537
6836792,2,2,0.00151,0.00717,0.99132
24304662,2,2,0.00329,0.02548,0.97123
30757543,2,2,0.01467,0.11908,0.86625
2019094,2,2,0.00111,0.00555,0.99334
18139254,2,2,0.00188,0.00638,0.99174
23750048,0,0,0.97974,0.01837,0.00189
20026831,0,0,0.9636,0.0311,0.0053
1171252,2,2,0.00173,0.01285,0.98542
19469714,2,2,0.00129,0.00966,0.98905
15466247,2,2,0.00387,0.03371,0.96241
15576694,2,1,0.04741,0.9122,0.04039
39206856,2,2,0.00098,0.00506,0.99396
12628029,0,0,0.89385,0.10226,0.00389
29630428,2,2,0.00114,0.00796,0.9909
39629714,2,2,0.00352,0.00463,0.99185
13729134,2,2,0.00186,0.02178,0.97636
20837486,2,2,0.00317,0.03041,0.96642
23529664,2,2,0.00111,0.007,0.99189
2758636,1,0,0.9391,0.05757,0.00333
36029741,0,0,0.4826,0.31465,0.20275
11867606,2,2,0.00162,0.00394,0.99444
15469074,2,2,0.00216,0.01088,0.98696
22228939,0,0,0.92523,0.06689,0.00788
39421086,1,0,0.88898,0.10271,0.00832
25661480,2,2,0.0017,0.01399,0.98431
39121080,0,0,0.98829,0.0098,0.00191
12868319,2,2,0.00131,0.00763,0.99106
827049,2,2,0.00098,0.00391,0.99511
4951760,2,2,0.0255,0.13647,0.83803
3681309,2,2,0.00124,0.00513,0.99363
37194152,2,2,0.00097,0.00443,0.9946
11425788,2,2,0.00101,0.00591,0.99308
9605499,2,2,0.00145,0.00546,0.99309
1672175,2,2,0.00666,0.10691,0.88643
24718228,2,2,0.00233,0.01447,0.9832
23647393,2,1,0.24481,0.48214,0.27304
28171684,2,2,0.00153,0.01031,0.98815
21743721,2,2,0.00377,0.02904,0.96719
28772426,2,2,0.00339,0.02703,0.96958
11362645,0,0,0.92531,0.06919,0.0055
36619532,2,2,0.00277,0.01188,0.98535
16352783,2,2,0.00131,0.00877,0.98992
4065209,2,2,0.0067,0.11518,0.87811
26840212,2,2,0.01099,0.03734,0.95167
19654194,2,2,0.00325,0.03641,0.96034
2635916,2,2,0.01773,0.41314,0.56913
11882924,2,2,0.00122,0.00486,0.99392
39841610,0,0,0.68338,0.29855,0.01807
1034004,2,2,0.00227,0.00946,0.98827
30781216,2,2,0.00136,0.00751,0.99113
23028100,2,2,0.0028,0.01509,0.98211
11196131,2,0,0.96367,0.03291,0.00342
16391504,2,2,0.00179,0.01265,0.98556
23437168,2,2,0.00278,0.02222,0.97499
35870484,2,2,0.00156,0.00774,0.9907
21016676,2,1,0.02384,0.59136,0.3848
26281175,2,2,0.04742,0.03664,0.91594
21866155,2,2,0.00191,0.02338,0.97471
12786423,0,0,0.93368,0.06274,0.00358
5572534,2,1,0.03934,0.68651,0.27415
2963736,1,1,0.26266,0.37587,0.36147
17121262,2,2,0.00106,0.00403,0.9949
9461376,2,2,0.00106,0.00643,0.99251
36100369,2,0,0.90898,0.08774,0.00328
3895697,2,2,0.00375,0.04963,0.94662
11556724,2,2,0.00142,0.01047,0.98811
16181754,2,1,0.44366,0.49882,0.05752
9123495,0,0,0.92522,0.06814,0.00664
40043485,2,2,0.00169,0.00653,0.99178
3463111,2,2,0.00196,0.01487,0.98317
21532363,2,2,0.00238,0.02319,0.97444
22219685,2,2,0.00131,0.00977,0.98892
2578334,2,2,0.00126,0.00734,0.99141
9947142,2,2,0.00116,0.00933,0.98951
29925394,2,2,0.0012,0.00385,0.99495
38113835,0,0,0.86575,0.12919,0.00507
27735473,0,0,0.7017,0.28798,0.01033
5644426,2,2,0.12702,0.23041,0.64257
4526127,2,2,0.00217,0.00798,0.98985
13237595,0,1,0.08099,0.86399,0.05502
18272211,2,2,0.00954,0.09047,0.89999
9655240,2,1,0.05782,0.52967,0.41251
36181208,2,2,0.00427,0.0139,0.98183
27579158,0,0,0.94573,0.05126,0.00301
28959766,2,2,0.00092,0.00684,0.99224
32522101,2,2,0.00184,0.01285,0.98531
26744799,2,2,0.11284,0.30051,0.58665
36171548,2,1,0.02066,0.85801,0.12134
28971449,0,0,0.60533,0.38779,0.00688
35471632,2,2,0.00101,0.00471,0.99427
13230691,2,2,0.01556,0.07996,0.90447
36293253,0,1,0.03044,0.56545,0.40411
32932915,0,0,0.97112,0.02715,0.00173
34424827,2,2,0.02029,0.09664,0.88307
11471813,0,0,0.73864,0.25527,0.0061
35642433,1,0,0.88332,0.11318,0.0035
27890159,2,2,0.00095,0.00382,0.99523
26457162,0,0,0.37431,0.33701,0.28868
33290335,2,2,0.00114,0.00796,0.9909
36851185,2,2,0.01207,0.01422,0.97371
6240455,2,2,0.00496,0.01992,0.97512
26772746,0,0,0.62636,0.35136,0.02229
5891426,2,2,0.00108,0.00482,0.9941
38800683,0,2,0.03722,0.08193,0.88085
4298783,2,2,0.00113,0.00362,0.99525
28696999,0,1,0.35223,0.5509,0.09686
5067741,2,1,0.0381,0.82103,0.14087
33277807,2,2,0.00548,0.10157,0.89296
20206541,2,2,0.01913,0.38118,0.59969
12638633,2,2,0.00255,0.0174,0.98006
1770949,2,2,0.00135,0.00955,0.9891
13469773,2,2,0.00161,0.00599,0.99239
17291804,2,2,0.001,0.00498,0.99403
20866533,2,2,0.00254,0.01944,0.97802
7110896,0,0,0.97682,0.02043,0.00274
32552869,2,1,0.20593,0.78022,0.01385
14468339,2,2,0.00242,0.00397,0.99361
37386722,2,2,0.08545,0.11635,0.7982
35534457,0,0,0.60858,0.37787,0.01355
5957402,2,2,0.00109,0.00367,0.99523
34916611,0,1,0.13902,0.8286,0.03238
32380130,2,2,0.00097,0.00391,0.99512
17725502,2,2,0.00138,0.00962,0.989
15271881,2,2,0.00145,0.00388,0.99467
36594619,2,2,0.00618,0.01747,0.97635
19485994,2,2,0.00174,0.00663,0.99163
40378460,0,0,0.59363,0.39854,0.00783
6065103,2,2,0.003,0.02335,0.97365
17043777,2,2,0.00378,0.01053,0.98569
901450,2,2,0.00726,0.05666,0.93608
7413268,1,0,0.884,0.10914,0.00686
40284942,2,2,0.00109,0.00827,0.99064
28826661,2,2,0.00567,0.01043,0.9839
40117730,2,2,0.00771,0.07256,0.91972
29880194,0,0,0.89623,0.09861,0.00517
30694015,0,0,0.90046,0.09603,0.00351
35819648,2,2,0.00113,0.00638,0.99249
15017638,2,1,0.02565,0.5793,0.39505
35930470,0,0,0.81953,0.1636,0.01688
22887923,0,0,0.50906,0.48197,0.00897
14947384,2,2,0.00103,0.00498,0.994
17229546,2,1,0.43931,0.51966,0.04102
26134187,0,0,0.93488,0.06288,0.00225
31740990,2,2,0.00106,0.00717,0.99177
19887321,2,2,0.00089,0.00526,0.99385
5384272,2,2,0.00113,0.00365,0.99522
40101819,2,2,0.00092,0.0049,0.99418
2185347,2,2,0.01024,0.08239,0.90737
26359656,2,2,0.00095,0.00388,0.99517
23771743,1,1,0.04834,0.9122,0.03946
17494619,2,2,0.00537,0.04905,0.94559
2770317,1,1,0.03386,0.53383,0.43231
27607221,2,2,0.00091,0.00416,0.99493
29434911,2,2,0.00347,0.04836,0.94816
35640653,2,0,0.47677,0.41261,0.11062
35015916,2,2,0.00229,0.02757,0.97013
16219382,2,0,0.66983,0.32391,0.00627
21869795,2,2,0.00131,0.00887,0.98982
19905338,0,0,0.88182,0.11277,0.00541
16823885,2,2,0.00097,0.0041,0.99494
27159275,0,0,0.81266,0.18133,0.00601
24271943,2,2,0.05588,0.19054,0.75358
27982406,1,1,0.44525,0.53708,0.01767
26387700,2,2,0.00185,0.01072,0.98744
8893096,2,2,0.00109,0.00362,0.99529
18691994,2,2,0.00272,0.03053,0.96675
15087480,2,2,0.00111,0.00643,0.99246
7544229,2,2,0.00101,0.00453,0.99445
14845290,2,2,0.00098,0.00595,0.99307
3065989,2,2,0.00106,0.00479,0.99415
34674930,0,0,0.5395,0.45077,0.00973
3579635,2,2,0.00233,0.01075,0.98691
26912961,2,2,0.00554,0.01823,0.97623
37002502,0,0,0.76743,0.21562,0.01695
30621522,2,2,0.00579,0.03574,0.95847
13533565,1,2,0.02519,0.39707,0.57774
9489916,2,2,0.00348,0.04583,0.95069
41047408,2,2,0.26334,0.28032,0.45634
38720935,2,2,0.00413,0.01724,0.97864
29304956,0,0,0.85989,0.13394,0.00617
10121031,2,2,0.00211,0.00397,0.99392
21630797,0,0,0.81098,0.18166,0.00735
2239248,2,2,0.00147,0.0083,0.99023
41197254,0,0,0.80218,0.18905,0.00877
29236281,0,0,0.9794,0.01898,0.00162
33479035,0,0,0.922,0.06937,0.00863
12362504,2,2,0.00106,0.00551,0.99343
14995072,1,1,0.16216,0.78426,0.05358
14451766,2,2,0.00168,0.01346,0.98486
37022617,2,2,0.09484,0.4024,0.50276
41487506,2,2,0.00169,0.00419,0.99411
34335887,0,0,0.91099,0.0854,0.00361
6303516,2,2,0.00488,0.03557,0.95955
22530131,2,2,0.00126,0.00423,0.99451
387965,2,2,0.00133,0.00857,0.9901
20171175,2,1,0.14432,0.79239,0.06329
40342193,2,2,0.00151,0.00799,0.9905
19593002,2,2,0.00222,0.01569,0.98209
31030838,2,2,0.00114,0.00609,0.99276
22360512,2,1,0.18374,0.57374,0.24252
41247976,2,2,0.00084,0.00464,0.99452
29104385,0,0,0.77682,0.21656,0.00662
6445538,2,2,0.00121,0.0106,0.98819
3406520,2,1,0.02144,0.63652,0.34204
6617021,2,2,0.00104,0.00821,0.99075
12744951,0,0,0.7935,0.19985,0.00665
11051809,2,2,0.03733,0.15831,0.80436
26699955,2,2,0.01915,0.16032,0.82054
35020919,2,2,0.00281,0.02852,0.96867
36784421,2,2,0.00178,0.01453,0.98368
32508845,2,2,0.00337,0.03163,0.965
36826916,0,0,0.98943,0.00804,0.00253
16109465,0,0,0.61369,0.37808,0.00822
37840548,2,2,0.08834,0.04013,0.87153
19769525,0,1,0.38823,0.59198,0.01979
17946055,2,2,0.00112,0.01311,0.98577
40864092,2,2,0.00162,0.00385,0.99454
30477328,0,0,0.93443,0.06157,0.004
2175951,2,2,0.00567,0.11294,0.8814
13944766,2,2,0.00094,0.00506,0.99401
35370245,2,2,0.00721,0.01899,0.97381
35733407,0,0,0.64933,0.33687,0.0138
7490828,2,2,0.00098,0.00423,0.99479
9408928,2,2,0.00269,0.02468,0.97263
41120327,2,2,0.00433,0.04495,0.95072
13173129,0,0,0.72014,0.27121,0.00865
15227294,2,2,0.00371,0.06053,0.93577
16602839,2,2,0.0018,0.00362,0.99458
5240640,2,2,0.01946,0.09284,0.88771
30422198,0,0,0.91028,0.08517,0.00456
22681361,2,2,0.0012,0.00416,0.99464
33383096,2,2,0.00206,0.0126,0.98534
28301988,0,0,0.97258,0.02529,0.00213
18346019,1,1,0.05677,0.91984,0.02339
8300011,2,2,0.00185,0.01092,0.98723
14335541,2,2,0.0013,0.00684,0.99186
32998071,2,2,0.00094,0.00391,0.99515
35146924,2,2,0.00115,0.004,0.99485
1491040,2,2,0.00087,0.00446,0.99467
22322888,2,2,0.00103,0.00568,0.99329
32075391,2,2,0.00231,0.02084,0.97685
27710680,2,2,0.00193,0.01372,0.98435
29061679,2,2,0.00287,0.02278,0.97435
26498607,0,0,0.75195,0.24222,0.00583
34080750,2,0,0.46761,0.08094,0.45145
12648439,2,2,0.00229,0.01618,0.98154
12962131,2,2,0.00112,0.0079,0.99098
2276419,2,2,0.00165,0.01437,0.98398
11483731,2,2,0.00138,0.00717,0.99145
11751650,0,0,0.91873,0.07811,0.00316
34020381,2,2,0.40495,0.13886,0.45619
31639374,2,1,0.08911,0.64067,0.27022
37147596,2,2,0.00405,0.01971,0.97623
28547069,2,2,0.02002,0.09485,0.88513
2169151,2,2,0.00125,0.00922,0.98953
21150718,2,1,0.02093,0.57471,0.40436
23629981,2,2,0.02621,0.27634,0.69745
36389818,2,2,0.00156,0.00915,0.98929
9052669,2,2,0.00274,0.00608,0.99118
26240342,0,0,0.98092,0.01741,0.00167
16156530,2,2,0.01324,0.02182,0.96494
2013971,2,1,0.12018,0.86066,0.01916
13097507,2,2,0.0075,0.02528,0.96722
11898241,2,2,0.00607,0.01226,0.98167
17111106,2,2,0.00104,0.00475,0.99421
768678,2,1,0.04322,0.91696,0.03982
13095559,2,2,0.00099,0.00658,0.99242
2421729,2,2,0.0012,0.00824,0.99056
19356232,2,2,0.00546,0.00981,0.98474
15084884,2,2,0.00113,0.00581,0.99306
7845584,0,0,0.65091,0.27886,0.07023
33938956,2,2,0.00282,0.03938,0.9578
22550295,2,2,0.00315,0.02264,0.97421
28491060,2,2,0.00691,0.07342,0.91967
16177830,1,0,0.62041,0.35627,0.02332
17219978,2,2,0.00103,0.00679,0.99218
40536821,0,0,0.9872,0.01114,0.00166
2369700,2,2,0.00106,0.0053,0.99364
2624760,2,2,0.00129,0.0094,0.98931
37214478,0,0,0.94477,0.05258,0.00265
4714862,0,0,0.84089,0.12895,0.03015
17925083,2,2,0.0023,0.00896,0.98873
37735785,2,2,0.00249,0.00917,0.98834
19911021,2,2,0.00128,0.0049,0.99382
4192922,2,2,0.00087,0.00483,0.99431
20263559,0,1,0.28854,0.6841,0.02737
8983376,2,2,0.00125,0.00887,0.98988
34772090,2,2,0.00101,0.0046,0.99438
533838,2,2,0.0013,0.00633,0.99237
24438831,2,2,0.0012,0.00551,0.99329
12999763,2,2,0.00111,0.00521,0.99368
25488648,0,0,0.97731,0.02105,0.00164
4798046,2,2,0.00096,0.00502,0.99402
1124323,2,2,0.00133,0.01176,0.98691
15418956,1,1,0.21591,0.75654,0.02756
12388925,2,2,0.00476,0.02873,0.9665
32834240,2,2,0.00171,0.00817,0.99011
6566669,2,2,0.00859,0.15579,0.83563
39398447,0,0,0.85343,0.14262,0.00395
12827498,2,2,0.00151,0.01023,0.98826
24431724,0,0,0.98213,0.01635,0.00152
7730595,2,2,0.00209,0.01403,0.98388
14840814,2,2,0.00427,0.02886,0.96687
27438319,0,0,0.90226,0.09362,0.00411
16036354,0,0,0.97039,0.02742,0.00219
36810718,0,0,0.95441,0.04326,0.00233
36194889,2,2,0.00108,0.00471,0.99421
2543679,2,2,0.00104,0.00359,0.99537
34812024,1,2,0.01016,0.07509,0.91475
17654111,2,2,0.00112,0.01008,0.9888
25796286,2,2,0.00165,0.0133,0.98504
5510711,2,0,0.86563,0.12519,0.00918
14312199,2,2,0.05949,0.23806,0.70245
9568601,2,2,0.00106,0.00443,0.99451
28167576,2,2,0.00116,0.00674,0.9921
41388895,0,0,0.79502,0.19945,0.00553
16317157,2,2,0.00212,0.0279,0.96998
8852508,2,2,0.00282,0.02248,0.9747
25230514,2,2,0.00169,0.00613,0.99218
23890382,2,2,0.0012,0.00674,0.99206
34197437,2,2,0.0028,0.01642,0.98078
23449586,2,2,0.00189,0.01887,0.97924
2286769,2,2,0.00132,0.00367,0.99501
25145978,1,1,0.02182,0.61335,0.36482
22650177,2,2,0.00429,0.02546,0.97026
1651761,2,2,0.00101,0.00653,0.99246
35394177,1,1,0.22835,0.67247,0.09918
28708607,2,2,0.00191,0.0089,0.98919
8251732,2,2,0.00278,0.03957,0.95766
24596406,2,2,0.00402,0.04343,0.95255
34100192,2,2,0.00268,0.01413,0.98319
18534320,0,0,0.7317,0.25188,0.01642
1587850,2,2,0.00113,0.00351,0.99536
19252337,1,1,0.06494,0.85883,0.07623
37489453,2,2,0.00257,0.02305,0.97438
23049706,0,0,0.78764,0.20228,0.01007
17708063,2,2,0.00239,0.02028,0.97733
41115176,2,2,0.00158,0.0111,0.98732
1572736,2,2,0.00088,0.00407,0.99505
7745217,2,2,0.00101,0.00581,0.99318
21235030,2,2,0.00094,0.00426,0.9948
12428082,2,2,0.00406,0.01791,0.97803
14219661,1,0,0.53655,0.36948,0.09397
35099710,2,2,0.00244,0.01157,0.98599
25984889,2,2,0.00094,0.00397,0.99509
7570310,2,1,0.02095,0.79844,0.18061
16232957,2,2,0.00118,0.00542,0.9934
39006305,0,0,0.96402,0.03356,0.00243
24394516,1,1,0.05606,0.86671,0.07723
28238711,2,2,0.00087,0.00475,0.99438
12724415,0,0,0.98954,0.00804,0.00241
10573465,2,2,0.01388,0.12062,0.8655
12294873,2,1,0.03671,0.90346,0.05982
30732446,2,1,0.03893,0.87223,0.08884
5134085,2,2,0.00167,0.00391,0.99442
23669148,2,2,0.00132,0.0034,0.99528
27454869,2,2,0.00116,0.00763,0.99121
27157519,0,0,0.92082,0.07485,0.00433
25659770,2,2,0.0016,0.01325,0.98515
11492235,0,0,0.96497,0.03336,0.00167
31554741,2,2,0.00091,0.00628,0.99281
4609855,2,2,0.0019,0.01388,0.98422
6216183,2,2,0.00313,0.02955,0.96732
41198010,2,1,0.0298,0.53232,0.43788
36185403,2,2,0.00355,0.04354,0.95292
8261809,1,1,0.19087,0.79424,0.01489
28624988,2,2,0.00579,0.1214,0.87281
6413489,2,2,0.00124,0.00423,0.99453
12224059,0,0,0.91204,0.08287,0.00509
7170025,0,1,0.1254,0.83667,0.03793
17723821,2,2,0.0012,0.00784,0.99097
25350593,2,2,0.00179,0.00897,0.98924
24757841,0,1,0.38611,0.57962,0.03427
32677872,2,2,0.01736,0.09221,0.89042
14880994,2,2,0.00122,0.00457,0.99421
38237378,2,2,0.00331,0.01913,0.97755
39745911,2,2,0.02754,0.07444,0.89802
15164516,2,2,0.0156,0.45956,0.52484
32446682,2,2,0.00136,0.0085,0.99014
27466789,2,2,0.00114,0.00706,0.9918
37994057,2,2,0.001,0.00426,0.99474
4673307,2,2,0.01281,0.0084,0.97879
26386832,0,0,0.98813,0.00946,0.00241
30704188,2,2,0.00121,0.00901,0.98978
34227268,2,2,0.00114,0.00728,0.99158
14405499,2,2,0.00215,0.01721,0.98065
29481029,0,0,0.76904,0.22293,0.00803
24758338,2,2,0.00292,0.01921,0.97786
18301402,2,2,0.00103,0.00643,0.99254
35897542,2,2,0.00854,0.13385,0.85761
25077387,2,2,0.00098,0.00526,0.99376
11214706,2,2,0.00647,0.09136,0.90217
32630522,2,2,0.00118,0.00717,0.99165
18574574,2,2,0.00144,0.01163,0.98694
30868091,0,1,0.35638,0.62546,0.01816
8394920,2,1,0.02283,0.60285,0.37432
27989908,2,2,0.00539,0.07437,0.92025
3510554,0,0,0.57612,0.40853,0.01535
1765281,2,2,0.00201,0.01894,0.97905
1985007,0,1,0.25379,0.68316,0.06305
18389415,2,2,0.00095,0.00388,0.99517
17448011,0,0,0.94298,0.05388,0.00315
34439185,2,1,0.04816,0.59597,0.35587
40411631,2,2,0.00167,0.00486,0.99347
39169220,2,2,0.00144,0.01176,0.9868
8842137,0,0,0.78336,0.21084,0.0058
4764473,2,2,0.00104,0.00397,0.99498
31017382,2,2,0.0012,0.00555,0.99325
39908325,2,2,0.00106,0.0074,0.99155
23664313,2,2,0.00095,0.00436,0.99469
28392800,2,2,0.00086,0.00542,0.99371
21233241,2,2,0.00751,0.1106,0.88189
29243163,2,2,0.00098,0.0045,0.99452
4146780,2,2,0.00126,0.00546,0.99328
40514652,2,2,0.00183,0.02049,0.97768
36103024,2,2,0.00112,0.00802,0.99085
21346735,2,2,0.00103,0.00658,0.99239
19807186,2,2,0.0087,0.01677,0.97453
15477218,0,0,0.94092,0.05618,0.0029
6372993,2,2,0.00132,0.00534,0.99335
36881036,2,2,0.00548,0.08755,0.90697
9171306,2,2,0.00693,0.04117,0.95189
29831839,2,2,0.00169,0.00439,0.99391
19657576,2,2,0.00125,0.00802,0.99072
13802,1,1,0.05612,0.904,0.03987
20429977,2,2,0.21565,0.27207,0.51228
14560719,2,2,0.11854,0.30927,0.57219
28598707,2,2,0.00106,0.00595,0.99299
27455315,2,2,0.0049,0.06225,0.93285
28626217,2,2,0.00092,0.00394,0.99514
8699233,0,0,0.56729,0.41504,0.01767
33918773,2,2,0.00222,0.01409,0.98369
17068336,2,2,0.00145,0.00376,0.99479
27814513,0,0,0.85657,0.13766,0.00577
29067759,0,0,0.9765,0.02116,0.00235
9343722,0,0,0.88042,0.11459,0.005
3588995,1,1,0.04608,0.91114,0.04278
31374980,0,0,0.8942,0.10191,0.00389
23774390,2,1,0.23931,0.50121,0.25948
1473484,1,0,0.90988,0.08091,0.0092
31670171,2,0,0.57463,0.26736,0.15802
20488624,2,2,0.0051,0.00748,0.98742
34978383,2,2,0.00108,0.00521,0.99371
17055514,2,2,0.00112,0.00905,0.98983
36321117,2,2,0.00167,0.00529,0.99304
12112671,2,2,0.00088,0.00486,0.99426
35635009,1,0,0.85757,0.12647,0.01595
739666,2,2,0.00103,0.00568,0.99329
34243529,2,2,0.00299,0.01235,0.98466
19853494,1,1,0.47334,0.5118,0.01486
19694549,2,2,0.0018,0.00432,0.99387
24854794,2,2,0.00118,0.00568,0.99314
6924637,0,0,0.97733,0.02072,0.00195
11631677,2,2,0.00368,0.00732,0.989
30294902,2,2,0.00138,0.0049,0.99372
16770794,2,2,0.00167,0.0182,0.98013
26462607,0,0,0.83666,0.15844,0.0049
17386607,2,2,0.00139,0.01181,0.9868
20406612,2,2,0.00094,0.00479,0.99428
36522064,2,2,0.00322,0.01706,0.97973
37148222,2,2,0.00108,0.00413,0.99479
5803219,2,1,0.03134,0.89465,0.07401
36228567,2,2,0.0039,0.04228,0.95382
402582,2,2,0.00146,0.01341,0.98513
10799977,2,2,0.00322,0.01706,0.97973
26864485,2,2,0.01002,0.02189,0.96808
13893763,0,0,0.92839,0.06666,0.00495
13173108,2,2,0.00172,0.00471,0.99357
28502670,2,2,0.00109,0.00854,0.99038
21957278,2,2,0.00113,0.00525,0.99362
29954297,2,2,0.01571,0.02757,0.95672
40392978,0,0,0.98815,0.00903,0.00282
4629659,2,2,0.00879,0.17456,0.81665
25601891,2,2,0.00156,0.00883,0.98961
719005,0,0,0.94253,0.05486,0.00261
18677830,2,2,0.00132,0.00648,0.9922
13549628,2,1,0.02855,0.89506,0.0764
7546830,2,2,0.01143,0.18736,0.80122
18281367,0,0,0.82958,0.16335,0.00707
16087431,2,2,0.0847,0.19493,0.72037
19104015,2,2,0.00311,0.03504,0.96185
11409516,2,2,0.0009,0.00714,0.99195
19971117,2,0,0.39002,0.24359,0.36639
41357544,2,2,0.00136,0.00351,0.99513
37857336,2,2,0.00327,0.01592,0.98081
39001519,2,1,0.03215,0.73757,0.23028
35141946,2,2,0.00177,0.0046,0.99362
6378710,0,0,0.9747,0.02333,0.00197
22048367,0,0,0.78805,0.20398,0.00797
9506474,2,0,0.92658,0.06878,0.00464
13951265,2,2,0.00108,0.0037,0.99522
3105790,2,2,0.00436,0.02368,0.97196
33002286,2,2,0.00404,0.06666,0.92929
29236507,2,2,0.00108,0.00416,0.99476
34748251,2,2,0.00324,0.00945,0.9873
30273053,0,1,0.42169,0.50866,0.06965
25758099,0,1,0.07852,0.76563,0.15585
4296829,2,2,0.00095,0.00555,0.9935
29236398,2,2,0.00171,0.0094,0.98889
6843307,2,2,0.00163,0.01171,0.98666
41544724,0,0,0.96093,0.03721,0.00186
30964451,0,0,0.76176,0.22694,0.0113
5186028,2,2,0.00224,0.0055,0.99226
13083311,2,2,0.00144,0.00837,0.99019
25600574,2,2,0.00081,0.00483,0.99436
28491823,0,0,0.86688,0.12489,0.00824
16136796,2,2,0.00149,0.00679,0.99172
12295716,2,2,0.00099,0.00643,0.99257
18728082,2,2,0.00274,0.00804,0.98922
38443583,2,2,0.0088,0.13472,0.85648
3960430,1,1,0.45058,0.50266,0.04675
32947355,2,2,0.00207,0.00673,0.9912
31267571,2,2,0.0148,0.39389,0.5913
27055845,0,0,0.98678,0.01167,0.00155
36886860,0,0,0.73822,0.24727,0.01451
22413562,2,2,0.07496,0.033,0.89204
40397440,2,2,0.08446,0.1802,0.73534
10653924,2,2,0.05148,0.1046,0.84392
26735401,0,1,0.05496,0.83649,0.10855
2865930,2,2,0.0013,0.004,0.9947
22319821,2,2,0.00176,0.01246,0.98578
36714988,0,0,0.95483,0.04301,0.00215
26163583,2,2,0.00154,0.00739,0.99107
12993504,0,0,0.94513,0.0528,0.00207
31910242,2,2,0.00669,0.01655,0.97677
38367774,2,2,0.00448,0.0589,0.93662
3980818,2,1,0.03496,0.85367,0.11136
35844303,0,0,0.96458,0.03307,0.00235
30778384,2,2,0.00095,0.00343,0.99562
29531300,2,1,0.01826,0.62893,0.3528
32179677,0,0,0.9335,0.06334,0.00316
1521735,2,2,0.00123,0.01185,0.98692
40377967,0,0,0.95384,0.04368,0.00248
13212386,0,0,0.95997,0.03758,0.00246
36281483,0,0,0.60489,0.36832,0.02679
39871287,2,2,0.00104,0.00551,0.99345
16903852,1,1,0.03304,0.77574,0.19122
34817310,2,2,0.00103,0.00591,0.99307
12391855,2,2,0.00317,0.03087,0.96596
33445554,0,0,0.94937,0.04839,0.00225
7906840,2,2,0.00187,0.01612,0.98201
324510,2,2,0.00363,0.03535,0.96102
3579133,0,0,0.93673,0.06047,0.0028
10057736,2,2,0.00097,0.00453,0.9945
20134569,0,0,0.84934,0.14417,0.00648
5548470,2,2,0.0011,0.01097,0.98792
36883391,2,2,0.00555,0.03121,0.96324
36497544,2,2,0.02993,0.26164,0.70843
10970991,2,2,0.00726,0.02687,0.96587
5330240,2,2,0.00168,0.01,0.98832
12847833,2,2,0.00113,0.00679,0.99208
16401985,2,2,0.01617,0.34301,0.64082
17369735,1,0,0.67202,0.32244,0.00555
20871562,2,2,0.04812,0.16311,0.78877
6309777,2,2,0.00199,0.01487,0.98314
39153963,0,0,0.86836,0.12364,0.008
25374942,2,2,0.0013,0.00623,0.99247
37265901,2,2,0.00777,0.12136,0.87086
20124005,0,0,0.67658,0.30496,0.01846
26908453,2,2,0.00114,0.00684,0.99201
21104129,2,1,0.09484,0.7577,0.14746
10103433,2,2,0.00107,0.00751,0.99142
33554023,2,1,0.0343,0.56228,0.40342
12605951,1,1,0.07944,0.51397,0.40659
33299294,0,0,0.56026,0.42956,0.01018
2148452,0,1,0.32557,0.65,0.02443
28919586,2,2,0.00143,0.00505,0.99352
28185750,1,1,0.15796,0.68346,0.15858
16792801,0,0,0.90166,0.09503,0.0033
40016962,0,0,0.91469,0.0823,0.003
26728924,2,2,0.00304,0.04161,0.95535
21254093,0,0,0.9556,0.04203,0.00237
13459288,2,2,0.0027,0.03548,0.96182
25349275,1,0,0.85787,0.12826,0.01387
26694819,2,2,0.003,0.02308,0.97391
34698205,0,1,0.06344,0.88782,0.04874
20572419,2,2,0.00094,0.00522,0.99385
35015856,2,2,0.00249,0.01014,0.98737
27757750,2,2,0.0026,0.01193,0.98547
3225733,2,2,0.00109,0.00898,0.98994
13471963,2,2,0.00172,0.02007,0.97821
19760275,2,2,0.00141,0.01237,0.98622
16637732,2,2,0.00086,0.00614,0.993
29817281,0,0,0.96891,0.02869,0.0024
24640713,1,1,0.11195,0.87196,0.0161
18484565,2,2,0.01249,0.17786,0.80965
23048171,0,0,0.93963,0.05687,0.0035
13766307,2,2,0.00126,0.00633,0.99241
15018686,2,2,0.00154,0.00695,0.99152
964295,2,2,0.00124,0.00373,0.99503
22776904,2,2,0.00122,0.00513,0.99365
20177694,2,2,0.0049,0.01595,0.97915
25765051,0,0,0.93639,0.06039,0.00322
3886595,1,1,0.04327,0.81013,0.1466
18082044,2,2,0.00095,0.00778,0.99127
28709183,2,2,0.00303,0.01568,0.9813
5627093,2,2,0.00157,0.00362,0.99482
9392480,1,1,0.09588,0.88187,0.02225
32464156,2,2,0.13389,0.19672,0.6694
37324898,0,1,0.44313,0.52624,0.03063
40372577,2,2,0.00291,0.00924,0.98785
38619976,0,0,0.87157,0.12265,0.00578
3405354,2,2,0.00096,0.00517,0.99386
5714969,2,2,0.001,0.00479,0.99422
22893224,0,0,0.96563,0.03134,0.00303
27544934,2,2,0.00489,0.03426,0.96086
9183761,2,2,0.00396,0.01219,0.98385
1545925,2,2,0.00157,0.00457,0.99387
33047585,1,1,0.22445,0.75929,0.01626
30667357,2,2,0.00127,0.00887,0.98986
4255171,2,2,0.00179,0.01162,0.98659
14615490,0,0,0.97919,0.01738,0.00342
309372,2,2,0.00396,0.01219,0.98385
37695701,0,0,0.98797,0.00976,0.00226
36547118,2,2,0.00108,0.00429,0.99463
30403314,2,2,0.00225,0.01747,0.98028
32980182,0,1,0.35027,0.63923,0.01049
33101720,2,1,0.10502,0.45798,0.437
36042983,2,2,0.00095,0.0041,0.99495
17175041,0,0,0.60729,0.38602,0.00669
27935177,2,2,0.00093,0.00555,0.99352
13091352,2,2,0.00128,0.00391,0.99481
13252040,1,0,0.51194,0.45533,0.03273
5477461,0,0,0.6479,0.33613,0.01597
39273845,2,2,0.12561,0.20851,0.66588
32225429,1,2,0.0106,0.27999,0.70941
36333042,2,2,0.00124,0.00356,0.9952
6118386,2,2,0.00436,0.06861,0.92703
17450290,0,0,0.97336,0.02461,0.00203
11185046,2,2,0.00542,0.06876,0.92582
14246615,2,2,0.00144,0.00925,0.9893
26499337,0,0,0.98406,0.01448,0.00146
35896245,2,1,0.06895,0.69641,0.23464
35772432,2,1,0.08541,0.85758,0.05701
1665198,2,2,0.00281,0.01165,0.98553
14761584,0,1,0.29138,0.68816,0.02046
6633409,2,2,0.00097,0.00367,0.99536
8114219,2,1,0.06831,0.90333,0.02836
16372320,0,0,0.97563,0.02281,0.00156
39401753,0,1,0.32322,0.49189,0.18489
17263950,2,2,0.00202,0.01436,0.98362
5372578,2,2,0.00559,0.02523,0.96918
22787029,2,2,0.00106,0.00419,0.99475
39705804,2,2,0.00124,0.00586,0.9929
15036096,2,2,0.00209,0.0259,0.972
31010368,2,2,0.00089,0.00502,0.99409
23047090,2,2,0.00164,0.00443,0.99393
31806615,0,0,0.9123,0.0842,0.0035
10265947,2,2,0.00217,0.00633,0.99151
26045152,0,0,0.9364,0.06128,0.00232
26880330,2,2,0.00111,0.0085,0.99039
31971280,2,2,0.01825,0.16204,0.81971
40733011,2,2,0.00617,0.01092,0.98291
2623237,2,2,0.00113,0.00684,0.99203
19033233,1,1,0.41107,0.57519,0.01374
39833718,2,2,0.02015,0.09593,0.88392
6485283,2,2,0.00164,0.00728,0.99109
16472222,2,2,0.00111,0.00359,0.9953
13189258,2,2,0.00153,0.01218,0.98629
12293942,2,2,0.00174,0.00922,0.98905
22929405,0,0,0.93366,0.06391,0.00243
18650908,0,2,0.00817,0.0246,0.96723
41434095,2,1,0.06386,0.89539,0.04075
17337904,2,2,0.00124,0.00426,0.9945
17387284,2,2,0.00189,0.01809,0.98002
8768563,2,2,0.00095,0.00728,0.99177
31911527,2,2,0.00131,0.00887,0.98982
32377420,0,1,0.19292,0.61548,0.1916
2741462,2,2,0.00283,0.01951,0.97765
1425610,0,1,0.41452,0.5755,0.00998
2082486,2,2,0.00163,0.01084,0.98753
37806920,2,2,0.0023,0.02474,0.97296
3211569,2,1,0.28245,0.69635,0.02119
36376208,2,2,0.00111,0.00498,0.99391
33839565,2,2,0.00145,0.00479,0.99377
10227032,2,2,0.00169,0.0087,0.98962
10890271,2,2,0.00167,0.00513,0.9932
38103446,2,2,0.00177,0.00689,0.99134
18922095,2,2,0.00111,0.004,0.99489
4023640,2,2,0.00165,0.01448,0.98387
15329600,2,2,0.0014,0.0078,0.9908
32327234,2,2,0.00097,0.00471,0.99432
13686713,2,2,0.00493,0.06958,0.92549
41114336,0,0,0.66298,0.3282,0.00881
15221734,2,2,0.00352,0.05186,0.94463
35879351,2,2,0.00232,0.01557,0.98211
5923328,2,2,0.01232,0.07506,0.91262
40389785,0,0,0.989,0.00862,0.00238
25714485,0,0,0.62962,0.3644,0.00598
18587297,2,2,0.01129,0.0192,0.96951
35288733,2,2,0.0013,0.00604,0.99266
33464599,2,2,0.00111,0.00985,0.98905
36637004,2,2,0.00952,0.07805,0.91243
29765446,2,2,0.00111,0.0059,0.99299
19331525,0,0,0.98257,0.01266,0.00477
20383536,0,1,0.24589,0.73409,0.02003
24583277,0,0,0.49635,0.48866,0.01499
30804381,2,2,0.00905,0.20124,0.78971
18151399,2,2,0.00125,0.01199,0.98676
19247179,1,1,0.28412,0.7032,0.01268
25657942,0,0,0.93635,0.06033,0.00332
182288,2,2,0.00124,0.00376,0.995
36140733,0,0,0.96606,0.03207,0.00186
41626755,2,2,0.00087,0.0042,0.99494
3068168,2,2,0.00172,0.00443,0.99385
5581286,2,2,0.00156,0.00533,0.9931
25617892,2,2,0.0012,0.00863,0.99017
25181819,2,2,0.00458,0.03599,0.95943
37074767,0,0,0.6895,0.28519,0.02531
10765715,0,0,0.98173,0.01606,0.00222
27902294,2,2,0.00134,0.00501,0.99365
18759101,2,2,0.038,0.43324,0.52875
36853587,0,0,0.70836,0.28177,0.00987
24118316,2,2,0.00122,0.00772,0.99107
27048568,2,2,0.00124,0.00419,0.99457
31353191,0,0,0.96977,0.02751,0.00272
28647790,2,2,0.00127,0.00734,0.99139
34661316,0,0,0.77395,0.2166,0.00944
33277762,2,2,0.00092,0.00546,0.99362
35999886,2,2,0.00325,0.02317,0.97359
25756884,2,2,0.00115,0.00525,0.9936
32381286,0,0,0.89033,0.10592,0.00375
853121,0,1,0.27403,0.71637,0.0096
29113458,0,0,0.57916,0.40117,0.01966
14032866,2,2,0.00095,0.00436,0.99469
13093866,2,2,0.00137,0.01039,0.98823
37523070,1,1,0.21182,0.76577,0.02241
9230364,2,2,0.01944,0.19789,0.78267
10672018,2,2,0.00588,0.09412,0.9
8409548,1,0,0.72019,0.26598,0.01382
14748239,2,1,0.03749,0.88045,0.08205
98584,2,1,0.10106,0.81853,0.08041
14543696,2,2,0.0014,0.00534,0.99326
4681846,2,2,0.0013,0.00653,0.99217
17804613,2,2,0.00292,0.01944,0.97764
230005,2,2,0.00109,0.00423,0.99468
26821454,2,2,0.00103,0.00643,0.99254
33165526,2,2,0.0009,0.00679,0.9923
16548107,1,0,0.60843,0.35908,0.0325
11028432,2,2,0.00097,0.00416,0.99487
14469321,2,2,0.00453,0.033,0.96247
16296992,2,2,0.00097,0.00461,0.99443
2665677,2,2,0.00728,0.0541,0.93862
1238779,2,2,0.00151,0.01208,0.98641
37417604,0,0,0.98901,0.00914,0.00185
26362427,2,2,0.00376,0.01585,0.98039
13794169,2,2,0.00149,0.00728,0.99123
32614423,2,2,0.003,0.02394,0.97306
34745185,2,2,0.00147,0.00453,0.994
17638175,2,2,0.00245,0.02249,0.97506
27520249,2,2,0.00129,0.00989,0.98882
7116524,0,1,0.36719,0.61975,0.01306
17096865,2,2,0.00136,0.00475,0.99389
26445561,0,0,0.38936,0.24129,0.36936
9528866,2,2,0.00346,0.03675,0.95979
31099284,0,0,0.90669,0.08856,0.00476
31596446,0,0,0.89426,0.09858,0.00716
30387981,2,2,0.00458,0.02261,0.97281
6057360,2,2,0.0038,0.00566,0.99053
35842070,2,2,0.01694,0.47617,0.50688
17530497,2,2,0.00098,0.00534,0.99368
5128756,1,1,0.3249,0.66147,0.01362
12784125,2,2,0.00204,0.01975,0.9782
27202172,0,0,0.98791,0.00999,0.00209
33184995,2,2,0.00238,0.02336,0.97426
10806737,2,2,0.00169,0.00345,0.99485
31387331,2,2,0.00136,0.00385,0.99479
26812094,2,2,0.00137,0.0106,0.98803
19535175,2,2,0.00141,0.00348,0.99512
20224646,0,0,0.94014,0.05608,0.00378
35876314,2,2,0.00091,0.00538,0.99371
32347774,2,2,0.00104,0.00471,0.99424
9527469,2,2,0.20986,0.32456,0.46559
37429660,2,0,0.89678,0.08489,0.01832
36156771,2,2,0.0012,0.00831,0.9905
6978763,2,2,0.00104,0.00413,0.99483
39446223,2,2,0.00109,0.00559,0.99332
24150643,2,2,0.00116,0.00416,0.99467
33879357,2,2,0.0096,0.01851,0.97189
37644546,2,2,0.001,0.00397,0.99503
39250542,0,1,0.28759,0.67655,0.03586
30828296,0,0,0.9756,0.02279,0.00161
39448642,0,0,0.98941,0.00836,0.00223
27290296,2,2,0.00089,0.00379,0.99531
18544610,2,2,0.0013,0.00722,0.99148
15405875,2,2,0.00167,0.01844,0.97989
34847286,0,1,0.19437,0.5081,0.29753
16348974,2,2,0.00377,0.01507,0.98116
23989667,2,1,0.06493,0.88248,0.05258
4692823,2,2,0.00191,0.00824,0.98985
30427335,2,2,0.00147,0.00486,0.99367
28094911,2,2,0.00348,0.01654,0.97998
36882017,2,2,0.00256,0.02863,0.96881
24911941,2,2,0.00439,0.0472,0.94841
37115477,0,1,0.25342,0.71912,0.02745
37337319,2,2,0.00122,0.00494,0.99384
15764204,2,1,0.22144,0.55669,0.22187
28980483,1,1,0.02833,0.71921,0.25247
283116,2,2,0.00106,0.00933,0.98961
11421260,2,2,0.00325,0.00715,0.9896
31113784,2,2,0.0014,0.00894,0.98966
19379895,2,2,0.00131,0.00793,0.99076
28481426,2,2,0.00095,0.00443,0.99462
36188114,2,2,0.0012,0.00873,0.99007
38486216,2,2,0.00376,0.01672,0.97952
30031863,0,0,0.90991,0.08732,0.00276
20597331,2,2,0.00293,0.03207,0.965
23229578,0,0,0.81685,0.17597,0.00718
17482363,2,2,0.00138,0.00486,0.99376
15422122,1,0,0.61313,0.37188,0.01499
17732387,2,2,0.0137,0.26149,0.72482
887856,2,2,0.00821,0.14154,0.85026
32542066,0,0,0.98688,0.01109,0.00203
26269110,2,2,0.00173,0.0114,0.98687
6022481,2,1,0.03769,0.88852,0.07379
17502307,2,2,0.07051,0.29112,0.63836
22566245,2,2,0.00144,0.00787,0.99069
32743761,2,2,0.00172,0.0055,0.99278
28717368,2,2,0.00211,0.03185,0.96604
38423639,1,0,0.97969,0.01877,0.00154
24963809,0,1,0.36373,0.61872,0.01755
34430567,2,2,0.01594,0.44794,0.53612
30237455,2,2,0.01946,0.09284,0.88771
16936968,2,2,0.0014,0.00391,0.99469
25230042,2,1,0.13226,0.80426,0.06349
29149967,2,2,0.00388,0.01704,0.97908
35403093,2,2,0.01525,0.13238,0.85237
12006429,2,1,0.16808,0.44111,0.3908
18287384,0,0,0.89844,0.09713,0.00443
10423138,2,2,0.00175,0.01528,0.98297
5472444,2,2,0.00104,0.00772,0.99124
17905790,0,0,0.98717,0.01034,0.00249
17488339,2,2,0.00103,0.00413,0.99484
22311220,2,2,0.00172,0.00633,0.99196
19168950,0,0,0.95235,0.04489,0.00276
35061164,2,2,0.00118,0.00502,0.9938
14767919,0,0,0.89025,0.1055,0.00425
31257943,0,0,0.5559,0.42623,0.01787
26481593,2,2,0.04537,0.16294,0.79169
25203857,2,2,0.00189,0.01656,0.98154
8681815,0,1,0.31881,0.6365,0.04469
37140234,2,2,0.00282,0.00823,0.98895
13977450,2,2,0.00328,0.02872,0.968
37721193,2,2,0.00265,0.03915,0.9582
2869238,2,2,0.00098,0.0087,0.99032
11109566,2,2,0.00305,0.02282,0.97413
32733245,2,2,0.00094,0.00382,0.99524
11985315,2,2,0.00236,0.01334,0.98429
18903692,2,2,0.00097,0.00379,0.99524
9090724,2,2,0.00114,0.00568,0.99318
26885927,2,2,0.00689,0.04789,0.94522
30793121,2,2,0.00155,0.0128,0.98565
15623506,2,2,0.00144,0.00787,0.99069
7744297,2,2,0.00448,0.0282,0.96732
13162667,2,2,0.00248,0.01104,0.98647
3841468,2,2,0.00091,0.00604,0.99305
20430817,2,2,0.04431,0.22369,0.73201
31158561,2,2,0.00491,0.01443,0.98066
20571368,0,2,0.04911,0.05971,0.89118
6333935,2,1,0.04795,0.85652,0.09554
7415138,2,2,0.00139,0.01149,0.98711
16103491,2,2,0.00292,0.00482,0.99226
31090634,2,2,0.00169,0.007,0.99131
39891504,2,2,0.00113,0.00397,0.9949
1746474,2,2,0.00096,0.006,0.99304
12228618,1,0,0.53121,0.45793,0.01085
25878321,2,2,0.00834,0.05738,0.93428
18602688,0,0,0.64158,0.34611,0.01231
23810056,2,2,0.00485,0.01028,0.98487
26842761,2,2,0.00106,0.007,0.99194
8239736,2,2,0.00101,0.00674,0.99225
9941127,2,2,0.003,0.02454,0.97246
40652208,2,2,0.00392,0.03635,0.95973
10508088,2,1,0.03516,0.92841,0.03642
33820716,0,1,0.32302,0.66279,0.01419
8294983,2,2,0.01615,0.21187,0.77198
23604132,2,2,0.00177,0.00426,0.99397
35453652,2,2,0.00093,0.00538,0.99369
21140370,2,2,0.00227,0.02266,0.97507
5013976,2,2,0.00283,0.0218,0.97537
27552560,2,2,0.00089,0.00429,0.99481
19662575,2,0,0.47704,0.44292,0.08003
10456027,2,2,0.00239,0.0196,0.97802
41535153,2,2,0.00709,0.01273,0.98018
16866865,2,2,0.01751,0.35042,0.63206
34339884,0,0,0.95022,0.04635,0.00343
23741946,2,2,0.001,0.00433,0.99468
37306996,2,2,0.00158,0.00805,0.99037
35543018,0,0,0.77069,0.21823,0.01108
21314745,2,2,0.00095,0.00376,0.99529
7616276,2,2,0.43212,0.10968,0.4582
12633525,2,2,0.00304,0.02623,0.97073
17374337,2,2,0.00161,0.00572,0.99267
35665640,0,0,0.703,0.28073,0.01628
34315751,2,2,0.00763,0.1102,0.88217
5990692,0,0,0.93402,0.06282,0.00316
10799524,0,0,0.95208,0.04503,0.00289
23881306,0,1,0.42268,0.56435,0.01296
28828187,2,2,0.00422,0.02555,0.97022
34328744,2,1,0.02621,0.66551,0.30828
23520613,2,2,0.00134,0.0059,0.99276
28430395,2,2,0.00101,0.00457,0.99442
26175469,0,0,0.95364,0.044,0.00236
8051711,2,2,0.00131,0.0087,0.98999
37433012,2,2,0.00098,0.00717,0.99185
21436914,2,2,0.00168,0.01114,0.98718
21123357,2,2,0.00236,0.01733,0.98031
5006982,0,0,0.78108,0.20778,0.01114
22737341,0,0,0.63417,0.35574,0.01009
39491470,0,0,0.70557,0.27956,0.01487
21891198,2,1,0.0437,0.79298,0.16332
15894989,1,1,0.03759,0.73172,0.2307
11555547,2,1,0.27496,0.68855,0.03649
7014224,2,2,0.00153,0.01222,0.98625
842183,2,2,0.001,0.00538,0.99363
40651091,2,2,0.00283,0.01989,0.97728
21404432,0,0,0.80562,0.18912,0.00526
31183629,2,2,0.00097,0.00433,0.99471
329734,2,2,0.0019,0.01557,0.98253
10873369,2,2,0.00153,0.01055,0.98791
35744575,2,2,0.01224,0.07426,0.9135
9832992,2,0,0.49651,0.46461,0.03889
1551299,0,0,0.93996,0.04866,0.01138
22056707,0,0,0.67676,0.31472,0.00852
28506331,2,2,0.00207,0.02207,0.97586
29420550,0,0,0.97091,0.02623,0.00286
14949597,0,0,0.9751,0.02316,0.00174
33193407,2,2,0.00109,0.0037,0.9952
10056162,0,0,0.89146,0.10441,0.00413
16658329,2,2,0.00098,0.007,0.99202
23019575,2,2,0.00149,0.00513,0.99337
25110712,0,1,0.47545,0.51008,0.01447
2781515,2,2,0.00136,0.00663,0.99201
1173852,2,2,0.00127,0.01044,0.98829
12156698,2,2,0.00914,0.05851,0.93235
1939796,1,1,0.04109,0.90636,0.05255
8879208,2,2,0.02279,0.0811,0.89611
40422428,2,2,0.00295,0.00882,0.98822
17252409,2,2,0.00153,0.01199,0.98648
22904265,1,0,0.64759,0.34393,0.00848
19125449,2,1,0.21028,0.77519,0.01453
28046972,0,0,0.85035,0.1399,0.00975
26618178,2,2,0.00284,0.03299,0.96417
37714134,0,0,0.98885,0.00921,0.00194
8594960,2,2,0.00126,0.00429,0.99445
21434963,0,0,0.98907,0.00836,0.00257
38001448,2,2,0.00851,0.1763,0.81519
10047195,2,2,0.00214,0.004,0.99386
24228915,2,1,0.24853,0.73619,0.01528
651478,1,0,0.67291,0.31786,0.00923
3851459,2,2,0.00101,0.00609,0.9929
38508619,0,0,0.96234,0.03464,0.00302
14485189,2,2,0.00597,0.06556,0.92847
1406073,2,2,0.00126,0.00475,0.99399
1295576,0,0,0.89409,0.10051,0.0054
17773636,0,0,0.72839,0.26587,0.00574
12203391,2,2,0.00142,0.00653,0.99205
9972730,2,2,0.00109,0.00534,0.99357
31158026,2,2,0.00909,0.16012,0.8308
29634719,1,1,0.35781,0.62308,0.01911
1029712,0,0,0.85691,0.1388,0.00429
31851467,0,0,0.94594,0.04322,0.01084
11706684,2,2,0.00116,0.00745,0.99139
8569068,2,2,0.05045,0.07603,0.87352
16662537,2,2,0.00128,0.00628,0.99244
17251570,2,2,0.02523,0.48358,0.49119
7344714,2,2,0.01277,0.01917,0.96806
17378005,0,0,0.86375,0.13143,0.00482
10339162,2,2,0.00149,0.00633,0.99218
9275182,2,2,0.01689,0.06072,0.92239
17498804,0,2,0.15384,0.12361,0.72255
10238030,2,2,0.02162,0.38933,0.58904
15081313,2,2,0.00136,0.00824,0.9904
13542716,2,2,0.00144,0.00787,0.99069
8848419,2,2,0.00138,0.00936,0.98926
12716929,2,2,0.01503,0.17096,0.81401
8912928,2,2,0.00139,0.01261,0.986
7874864,2,2,0.00137,0.01204,0.98659
35390091,0,0,0.97893,0.01912,0.00195
9807356,2,2,0.00124,0.007,0.99176
15547156,2,2,0.00282,0.02459,0.97259
37899194,0,1,0.40391,0.58311,0.01298
31345022,0,0,0.97397,0.02386,0.00216
32224286,2,2,0.00118,0.0037,0.99511
10147672,2,2,0.00097,0.00382,0.99521
41137018,0,0,0.98886,0.00929,0.00185
27282328,2,2,0.00132,0.00751,0.99118
23596966,2,2,0.00124,0.00379,0.99497
37129096,2,2,0.00116,0.00944,0.9894
36220004,0,0,0.97541,0.02232,0.00227
27094640,2,2,0.00121,0.00908,0.98971
17769197,2,2,0.02022,0.36542,0.61436
1768618,2,2,0.00188,0.0085,0.98962
24282344,2,2,0.0048,0.09372,0.90147
26512129,2,2,0.00145,0.004,0.99455
34404427,2,2,0.00568,0.08289,0.91143
20611618,2,2,0.00852,0.1221,0.86937
9770163,2,1,0.37435,0.38699,0.23865
14144092,2,2,0.00431,0.01956,0.97613
30078813,2,2,0.00201,0.02195,0.97605
27635201,2,2,0.00169,0.00799,0.99033
24684253,2,2,0.00113,0.00382,0.99505
312778,0,0,0.96767,0.02756,0.00477
12150806,2,2,0.01111,0.0198,0.96909
36254717,2,2,0.00198,0.00475,0.99328
26649383,2,2,0.00111,0.006,0.99289
30914178,1,1,0.09274,0.87964,0.02762
33859864,2,2,0.0092,0.10926,0.88154
15531415,2,2,0.00134,0.00722,0.99144
9255337,2,1,0.05918,0.83312,0.10769
28380272,2,2,0.00154,0.00471,0.99375
599970,2,2,0.00153,0.01241,0.98606
38209760,2,2,0.00115,0.0037,0.99515
8616963,2,2,0.00932,0.02533,0.96536
6205181,2,2,0.00124,0.00498,0.99379
24247136,2,2,0.00108,0.00359,0.99533
24879831,0,0,0.9851,0.01274,0.00215
28170769,2,2,0.00689,0.01693,0.97618
29656861,2,2,0.00544,0.06468,0.92987
2415985,2,2,0.00109,0.00385,0.99506
3680418,2,2,0.00132,0.00356,0.99512
38586408,0,1,0.23732,0.75127,0.01141
28789782,2,2,0.00113,0.00734,0.99154
2646162,2,2,0.00122,0.00443,0.99435
13180241,2,2,0.00203,0.02711,0.97086
30557557,2,2,0.00173,0.01367,0.9846
33524191,2,2,0.00279,0.01871,0.9785
6408326,2,1,0.08634,0.68441,0.22925
6867181,2,2,0.00114,0.00695,0.99191
11246455,0,0,0.88045,0.11304,0.00652
9122338,2,2,0.00804,0.10546,0.8865
23344431,2,2,0.00114,0.00674,0.99212
23103070,2,2,0.00186,0.00638,0.99177
30709289,2,2,0.00148,0.01199,0.98653
37194836,2,2,0.00153,0.01222,0.98625
40156025,2,2,0.00156,0.00722,0.99122
4895957,2,2,0.01836,0.06876,0.91287
23716433,2,0,0.92794,0.06296,0.0091
986238,2,2,0.0012,0.00614,0.99266
38968077,2,2,0.00093,0.006,0.99307
4884649,2,2,0.19251,0.15498,0.65251
32541130,2,2,0.01793,0.03311,0.94896
8177693,2,2,0.00121,0.01321,0.98558
36684348,2,2,0.01766,0.06213,0.9202
7530790,2,2,0.00544,0.10835,0.88621
24702417,2,2,0.00221,0.01836,0.97943
2573974,2,2,0.00092,0.00376,0.99532
34928112,2,2,0.00104,0.00433,0.99463
8488536,2,2,0.00127,0.00799,0.99074
8149558,2,2,0.00108,0.00413,0.99479
12883954,2,2,0.00128,0.00638,0.99234
6054460,2,2,0.00186,0.0035,0.99463
9343905,0,0,0.61716,0.36139,0.02145
25595008,2,2,0.03563,0.07369,0.89068
2176704,2,2,0.00106,0.007,0.99194
6533005,2,0,0.79762,0.18434,0.01804
27010843,2,2,0.00108,0.00379,0.99513
28967566,2,2,0.01071,0.05523,0.93407
31509482,2,2,0.00793,0.07592,0.91615
31180646,2,2,0.12561,0.20851,0.66588
30405390,2,2,0.00104,0.00546,0.99349
28503846,2,2,0.07031,0.11868,0.81101
33737474,2,2,0.00117,0.00365,0.99519
32187932,2,2,0.0029,0.0113,0.9858
12954711,2,2,0.0012,0.00695,0.99185
22058678,2,2,0.00153,0.00901,0.98946
14480606,0,0,0.98656,0.01083,0.0026
11403471,2,2,0.00111,0.00568,0.99321
4996817,2,2,0.00389,0.04535,0.95077
35047094,0,0,0.66524,0.32169,0.01307
32217000,0,0,0.98323,0.01505,0.00173
39367387,0,0,0.80486,0.18674,0.0084
29356883,2,2,0.00109,0.00494,0.99397
2587061,0,0,0.983,0.01522,0.00178
12923572,2,2,0.00538,0.03063,0.96399
5073263,0,0,0.91868,0.07541,0.00591
8167094,2,2,0.00588,0.05041,0.94371
15465896,2,2,0.04688,0.135,0.81812
34107009,1,1,0.02331,0.80907,0.16761
21828166,0,0,0.67643,0.31704,0.00653
36886853,0,0,0.97771,0.02021,0.00207
18404394,2,2,0.00145,0.00628,0.99227
36596514,2,2,0.00331,0.0195,0.97719
32476084,2,1,0.08047,0.80013,0.11939
7901232,2,0,0.53022,0.30359,0.16619
31407631,2,2,0.0019,0.01431,0.98379
10019394,2,2,0.00141,0.01482,0.98377
24038466,2,2,0.16345,0.41092,0.42563
2632417,2,2,0.00119,0.01218,0.98663
21297066,2,2,0.00114,0.00775,0.99111
34361192,0,0,0.87465,0.12023,0.00512
21488363,2,2,0.00098,0.00526,0.99376
14752176,1,2,0.05879,0.09731,0.8439
14386178,2,2,0.00338,0.01462,0.982
30454168,2,1,0.04304,0.83782,0.11915
24132250,1,1,0.1807,0.79417,0.02513
35393237,2,0,0.77218,0.22037,0.00745
20883193,1,0,0.90504,0.09014,0.00482
15984382,2,2,0.00106,0.0088,0.99014
5824630,2,2,0.00116,0.00394,0.99489
20141046,2,2,0.00117,0.0037,0.99513
7129454,2,2,0.00111,0.00391,0.99498
5005927,2,2,0.00186,0.00436,0.99378
20109084,2,2,0.00095,0.00513,0.99392
17978687,2,2,0.00127,0.00834,0.99039
17911537,2,2,0.00114,0.00711,0.99174
23472138,2,2,0.02078,0.0312,0.94802
6940538,0,1,0.04053,0.75285,0.20662
19513439,1,1,0.33528,0.65645,0.00826
35246029,2,2,0.00092,0.00498,0.9941
15072694,2,2,0.00181,0.01482,0.98337
15141685,0,0,0.87833,0.11841,0.00327
12522280,2,2,0.00281,0.01303,0.98416
153596,2,2,0.00108,0.00526,0.99367
36421954,2,2,0.00111,0.00329,0.99559
39370202,0,0,0.98874,0.00869,0.00257
12359064,2,2,0.00093,0.00551,0.99356
28447198,2,2,0.0018,0.02141,0.97679
2986749,2,2,0.00323,0.02978,0.967
33509938,2,2,0.00189,0.01946,0.97865
19375126,2,1,0.04811,0.91137,0.04051
31450498,2,2,0.0012,0.00446,0.99434
32570936,2,2,0.00118,0.00359,0.99523
32763028,0,0,0.86212,0.11122,0.02665
41320006,1,0,0.82018,0.17531,0.00451
23474203,2,2,0.00126,0.00684,0.9919
20293601,2,2,0.00184,0.01255,0.9856
14027565,2,2,0.0014,0.00416,0.99444
5170609,0,1,0.452,0.52845,0.01955
5996143,2,2,0.00301,0.02172,0.97528
700687,2,2,0.00088,0.00388,0.99524
39965165,2,2,0.00285,0.03042,0.96674
30098724,0,0,0.52932,0.44573,0.02495
4219352,2,2,0.00371,0.05964,0.93665
30040683,0,0,0.98795,0.01031,0.00174
41061507,2,2,0.00103,0.00568,0.99329
39411834,0,0,0.92627,0.07059,0.00314
22703236,2,2,0.00115,0.00446,0.99439
18860242,2,2,0.00089,0.00479,0.99432
17562597,2,2,0.00204,0.00604,0.99192
26688606,2,2,0.00408,0.02843,0.96749
11635668,0,0,0.56622,0.42078,0.01301
15646291,2,2,0.00425,0.06339,0.93236
34122143,2,2,0.00174,0.00745,0.99081
27802505,2,2,0.00631,0.09989,0.8938
16741082,2,2,0.00138,0.00563,0.99299
16468672,1,0,0.61621,0.37375,0.01004
4479019,0,0,0.69778,0.29316,0.00906
5886294,2,2,0.00138,0.00486,0.99376
10026821,0,1,0.33461,0.63498,0.0304
24844548,0,0,0.84909,0.13861,0.0123
32799977,0,0,0.93964,0.05799,0.00237
1448262,2,2,0.00104,0.00663,0.99232
41342455,2,2,0.00093,0.00559,0.99347
19389020,2,2,0.00126,0.00684,0.9919
40420689,0,0,0.77625,0.21472,0.00904
20791566,1,2,0.01919,0.39767,0.58314
23138152,2,2,0.00438,0.03402,0.9616
31262917,2,2,0.00345,0.01006,0.9865
37985610,2,2,0.00138,0.00388,0.99474
14839760,2,2,0.0012,0.0094,0.9894
3778439,2,2,0.00183,0.00658,0.9916
10932693,2,2,0.00107,0.00778,0.99115
15112160,2,2,0.3235,0.26636,0.41014
23438764,0,1,0.29488,0.4798,0.22532
16086266,2,2,0.00227,0.00768,0.99005
24817341,2,2,0.00301,0.0209,0.97609
30853391,2,2,0.0012,0.00695,0.99185
13125109,2,2,0.00136,0.00572,0.99292
25148262,0,0,0.82963,0.16273,0.00764
18750776,2,2,0.00543,0.02208,0.97249
26971007,2,2,0.00153,0.0111,0.98737
25181611,1,0,0.79694,0.18027,0.02278
33726724,2,2,0.12702,0.23041,0.64257
7787060,2,2,0.00095,0.00457,0.99448
30502656,2,2,0.00153,0.01199,0.98648
25909912,2,2,0.00132,0.00513,0.99355
2633191,2,1,0.05931,0.87503,0.06566
1685581,2,2,0.01023,0.11068,0.87909
1600550,2,2,0.00095,0.0044,0.99465
37296722,2,2,0.00199,0.0151,0.98291
4833090,0,0,0.66468,0.32648,0.00884
25268154,1,2,0.00379,0.05397,0.94224
39135004,2,2,0.00654,0.13709,0.85637
24077504,2,2,0.00274,0.02206,0.9752
27110860,2,2,0.00116,0.00955,0.98929
17636839,2,2,0.00151,0.00745,0.99104
7181985,2,2,0.00165,0.01227,0.98608
24722912,1,0,0.84414,0.15076,0.0051
25472784,2,2,0.00156,0.01023,0.98821
28688198,2,2,0.01614,0.05332,0.93054
19703847,2,2,0.00154,0.00572,0.99274
6125475,2,2,0.00103,0.00633,0.99264
8569775,2,2,0.00491,0.02928,0.96581
12762110,2,2,0.00568,0.0689,0.92543
35018713,2,2,0.00111,0.00365,0.99524
20127311,2,2,0.00583,0.05798,0.93619
8587319,2,2,0.01065,0.24824,0.74111
26693431,0,0,0.98719,0.01097,0.00185
1697043,2,2,0.19294,0.13628,0.67079
17303300,0,0,0.88863,0.1051,0.00627
6105113,2,2,0.00189,0.01656,0.98154
29472941,1,2,0.12702,0.23041,0.64257
38585380,2,2,0.00177,0.0078,0.99043
27574772,2,2,0.00103,0.00526,0.99372
15639957,1,1,0.33066,0.63736,0.03198
12206784,0,0,0.98521,0.0128,0.00199
28722659,2,2,0.00141,0.00329,0.9953
12611327,2,2,0.12561,0.20851,0.66588
2096711,2,2,0.00247,0.03181,0.96572
16534225,2,2,0.00103,0.00423,0.99474
20886554,0,0,0.98392,0.01344,0.00264
15415516,2,2,0.00109,0.00407,0.99484
3985271,2,2,0.0091,0.07746,0.91345
3544250,2,0,0.82145,0.17218,0.00637
13677334,0,0,0.50054,0.46292,0.03654
23648696,2,2,0.00116,0.00915,0.98969
14770430,0,1,0.13073,0.84583,0.02344
542118,0,0,0.78563,0.20655,0.00782
15225583,2,2,0.00176,0.01335,0.98489
35896490,2,2,0.00445,0.0795,0.91606
24613542,2,2,0.00166,0.01011,0.98823
19391946,0,0,0.64568,0.3456,0.00872
4718628,2,2,0.00169,0.0087,0.98962
14319206,2,2,0.00126,0.00416,0.99458
8831413,0,0,0.98613,0.01135,0.00252
31172127,2,2,0.00419,0.01646,0.97935
22584904,2,2,0.00106,0.00711,0.99183
17030777,2,2,0.0018,0.00568,0.99252
26685306,2,2,0.00108,0.0059,0.99302
3040638,2,2,0.00148,0.01199,0.98653
19651421,2,2,0.00114,0.00812,0.99074
34760684,2,2,0.00158,0.01,0.98842
31882602,2,2,0.00218,0.01612,0.9817
20160551,2,1,0.16494,0.48859,0.34646
8946050,1,0,0.50762,0.47315,0.01923
39700197,0,0,0.93051,0.06597,0.00352
17711143,2,2,0.00183,0.01837,0.9798
10635334,2,2,0.00154,0.00618,0.99228
601728,2,2,0.00465,0.02261,0.97274
430445,1,2,0.01555,0.32342,0.66103
12575888,2,2,0.00405,0.02048,0.97547
38772537,0,0,0.91598,0.08004,0.00398
26410733,2,2,0.00132,0.00468,0.99401
35706201,2,2,0.01582,0.16646,0.81773
15139735,2,2,0.00116,0.00426,0.99458
35830597,2,2,0.00107,0.00623,0.99269
5808772,2,2,0.00178,0.00373,0.99449
37265376,2,2,0.00258,0.03463,0.96279
13266715,2,2,0.00347,0.0481,0.94842
15057686,2,2,0.0017,0.01631,0.98199
2803734,0,1,0.35071,0.63011,0.01918
22750926,2,1,0.05147,0.83068,0.11784
27879661,2,1,0.1083,0.84478,0.04692
33297393,2,2,0.00417,0.06599,0.92984
11418439,2,0,0.53349,0.42203,0.04448
39269346,2,2,0.00301,0.03649,0.9605
1784758,2,2,0.00814,0.05104,0.94082
29227929,2,2,0.00248,0.01117,0.98634
29216259,0,0,0.90199,0.09305,0.00496
6135039,0,0,0.98536,0.01216,0.00248
15647330,2,2,0.00213,0.02341,0.97445
2134463,2,2,0.04381,0.01593,0.94027
33733963,2,2,0.00399,0.0488,0.94721
1631217,1,2,0.00652,0.12596,0.86752
31271165,2,2,0.00248,0.01299,0.98453
25861525,0,1,0.48504,0.50043,0.01453
21349036,2,2,0.00193,0.01569,0.98238
5637987,2,2,0.003,0.00842,0.98858
7980491,2,2,0.00838,0.03858,0.95305
6402865,0,0,0.54536,0.43142,0.02322
20357647,2,2,0.00484,0.08776,0.9074
29849906,2,2,0.00368,0.00636,0.98995
33066283,2,2,0.00397,0.03882,0.95721
14912856,2,2,0.01365,0.00697,0.97938
24054050,0,0,0.4822,0.4272,0.0906
582309,0,0,0.80575,0.18695,0.00731
15755578,2,2,0.00168,0.00973,0.98859
13473964,2,2,0.00337,0.0336,0.96303
5443219,2,2,0.0062,0.07304,0.92076
20439232,2,2,0.0008,0.00468,0.99452
14587464,2,2,0.00108,0.00397,0.99495
34330606,2,2,0.01232,0.07506,0.91262
12631358,2,2,0.00122,0.00831,0.99048
33136423,0,0,0.97443,0.02371,0.00185
40576252,2,2,0.00167,0.00382,0.99451
20225997,2,2,0.00092,0.00564,0.99344
25898282,0,0,0.94367,0.05319,0.00315
27398322,2,2,0.00479,0.02412,0.97109
19666323,2,2,0.00091,0.00619,0.99291
28359143,2,2,0.21751,0.34052,0.44196
19649655,2,2,0.00165,0.01516,0.98319
25073856,2,2,0.00464,0.05441,0.94095
25932087,2,2,0.00405,0.03662,0.95933
8785402,2,2,0.00273,0.02482,0.97244
30000141,0,0,0.98466,0.01361,0.00173
28808813,0,0,0.81918,0.17373,0.00709
10667247,2,2,0.00147,0.00351,0.99502
32945337,0,0,0.92402,0.0728,0.00318
21232075,0,0,0.55875,0.39467,0.04659
14732915,2,2,0.0021,0.02096,0.97694
31467570,2,2,0.02289,0.15763,0.81949
9891384,2,1,0.30502,0.66103,0.03396
19038618,2,2,0.01119,0.22222,0.76659
28128268,2,2,0.00171,0.00954,0.98875
4971970,2,2,0.00436,0.0235,0.97214
16380701,0,0,0.67667,0.31468,0.00865
40075206,2,2,0.00124,0.00426,0.9945
32216678,2,2,0.00116,0.00904,0.9898
25172047,2,2,0.00782,0.07447,0.91771
14136378,2,2,0.00128,0.00479,0.99394
1432612,2,2,0.0012,0.006,0.9928
4764501,2,2,0.00148,0.01528,0.98324
32411980,2,2,0.00276,0.03106,0.96619
9696978,2,1,0.023,0.553,0.424
40479847,2,2,0.00854,0.13385,0.85761
15228828,2,2,0.00095,0.00502,0.99403
38482427,2,2,0.00812,0.02305,0.96882
29456968,2,2,0.00145,0.00658,0.99197
23594311,0,0,0.98501,0.01315,0.00184
4223962,2,2,0.01376,0.25256,0.73368
19552063,2,1,0.08901,0.63999,0.27099
33300576,0,0,0.64919,0.31027,0.04054
2602432,2,2,0.00763,0.1102,0.88217
1090449,0,0,0.97895,0.01897,0.00208
29342119,2,2,0.00236,0.02853,0.9691
18310166,2,2,0.00257,0.00882,0.98861
36573927,2,2,0.00146,0.00951,0.98903
35939935,2,2,0.00103,0.00526,0.99372
23683369,2,2,0.01731,0.03766,0.94503
12117169,2,2,0.00103,0.00407,0.99491
10119990,2,2,0.00116,0.00926,0.98958
1066256,2,2,0.01139,0.0475,0.94111
2154186,0,0,0.96552,0.03237,0.00211
15962840,1,2,0.00933,0.18894,0.80172
34034372,2,2,0.0223,0.08006,0.89764
17776996,2,2,0.03884,0.47683,0.48434
34266113,2,2,0.14967,0.14735,0.70298
4874187,2,2,0.00083,0.0049,0.99427
4026270,2,1,0.10235,0.55545,0.3422
20495011,2,2,0.01166,0.11832,0.87002
32000717,2,2,0.00109,0.0041,0.99481
18088815,2,2,0.00163,0.01367,0.98471
38505627,2,2,0.01266,0.37276,0.61458
2515444,2,2,0.00344,0.01239,0.98417
36176486,1,1,0.24832,0.70878,0.0429
171381,1,1,0.14573,0.7569,0.09736
20972344,2,2,0.13267,0.21938,0.64795
39139526,2,2,0.02393,0.19607,0.78001
7887944,1,0,0.7205,0.27029,0.00921
15627080,2,2,0.02688,0.40282,0.57029
32218511,2,2,0.003,0.02539,0.97161
13458761,2,2,0.00256,0.0123,0.98514
23155625,2,2,0.00592,0.0297,0.96439
16694142,2,2,0.00571,0.01816,0.97613
39189471,2,2,0.0012,0.00915,0.98965
8382587,2,2,0.00391,0.03824,0.95784
30890583,2,2,0.00111,0.00443,0.99446
3042700,2,2,0.00293,0.0178,0.97928
16794292,1,1,0.10612,0.85364,0.04024
29743853,0,0,0.7416,0.2436,0.0148
15676051,2,2,0.02225,0.18123,0.79652
2406575,0,1,0.39381,0.58658,0.01961
1603778,2,1,0.10789,0.84157,0.05054
38608255,2,2,0.00421,0.02908,0.96672
6051312,2,2,0.00127,0.01068,0.98805
35632678,0,0,0.93849,0.05866,0.00285
26458579,2,2,0.00611,0.0585,0.93539
27620572,2,2,0.00394,0.01711,0.97895
32059691,2,2,0.00138,0.00391,0.99471
29311900,1,1,0.16713,0.8036,0.02927
38851839,2,2,0.00095,0.00542,0.99363
14291106,0,1,0.39178,0.58356,0.02466
20845815,2,2,0.00532,0.04218,0.9525
31668044,0,0,0.98023,0.01827,0.0015
30636546,2,2,0.00208,0.01533,0.98258
4768406,0,0,0.97927,0.01898,0.00175
36830809,2,2,0.00254,0.01922,0.97824
23998422,1,0,0.85842,0.13796,0.00362
20527374,2,2,0.00123,0.00873,0.99003
26782700,2,2,0.00318,0.0123,0.98452
37268167,0,0,0.7813,0.20144,0.01726
12196751,2,2,0.00373,0.0405,0.95577
17263501,0,0,0.86649,0.12729,0.00621
23379957,2,2,0.00257,0.00683,0.99059
13151699,2,1,0.04905,0.68783,0.26312
32451300,2,2,0.00208,0.01781,0.98011
26866654,2,2,0.00673,0.09759,0.89568
16334529,0,0,0.95504,0.04135,0.00361
37313739,0,0,0.58764,0.39145,0.02091
11397964,2,2,0.0012,0.00684,0.99196
2990814,0,1,0.40301,0.553,0.044
16402169,0,0,0.88647,0.10881,0.00473
12388373,0,0,0.98963,0.00817,0.0022
29199654,2,2,0.00106,0.00769,0.99126
29628289,2,2,0.00166,0.02356,0.97478
15880588,2,2,0.00286,0.02487,0.97227
19364468,2,2,0.00522,0.07546,0.91932
1409853,2,2,0.00429,0.08264,0.91307
11609459,0,0,0.81881,0.17365,0.00754
33560794,2,2,0.0027,0.0058,0.9915
24861840,0,0,0.88988,0.10566,0.00446
40524522,2,2,0.00728,0.02397,0.96875
8069078,0,1,0.11137,0.84082,0.04781
12455375,2,2,0.00203,0.0083,0.98967
4316801,2,0,0.5788,0.41043,0.01077
5276741,2,2,0.00359,0.04572,0.95069
23892737,2,2,0.00286,0.00968,0.98746
20921312,0,1,0.44697,0.54338,0.00965
36801775,2,0,0.78066,0.21259,0.00675
9888506,2,2,0.00287,0.02123,0.9759
18441019,2,1,0.02738,0.78771,0.18492
26281008,2,2,0.00162,0.004,0.99438
32798846,2,2,0.0013,0.00439,0.99431
31110774,0,1,0.23808,0.74779,0.01413
33840883,0,0,0.55737,0.4307,0.01193
8473285,2,2,0.00189,0.02113,0.97699
27011223,2,2,0.00129,0.00787,0.99084
16883190,2,2,0.00132,0.007,0.99168
8976851,2,2,0.00876,0.16468,0.82656
15952440,2,2,0.00204,0.02041,0.97755
13577089,0,0,0.59501,0.39636,0.00862
36365562,0,0,0.85671,0.13267,0.01062
20579880,2,2,0.00096,0.00638,0.99265
17449817,2,2,0.00086,0.00614,0.993
31556648,2,2,0.0758,0.08007,0.84413
8210265,2,2,0.00486,0.0243,0.97083
34889464,2,2,0.0019,0.0127,0.9854
3801134,2,1,0.09762,0.79846,0.10392
37452167,2,2,0.00183,0.01768,0.98049
11066502,2,2,0.00543,0.05248,0.94209
2426998,2,2,0.00095,0.00416,0.99489
10915896,2,1,0.02489,0.85042,0.12469
35349358,1,0,0.69922,0.29148,0.0093
12756390,2,2,0.03293,0.01599,0.95109
22768225,2,2,0.00177,0.00932,0.98891
653423,2,2,0.0043,0.05217,0.94352
14777261,2,1,0.01388,0.50077,0.48536
2952001,2,2,0.00308,0.04565,0.95128
40830695,2,2,0.0034,0.03837,0.95823
31197686,2,2,0.00113,0.00638,0.99249
20579948,2,2,0.00087,0.0044,0.99474
15385858,2,2,0.00142,0.01068,0.9879
27149845,2,2,0.00142,0.01076,0.98782
11485045,2,2,0.00111,0.00439,0.99449
38235200,2,2,0.00109,0.00379,0.99511
41100207,1,1,0.46845,0.49866,0.03289
15928684,0,0,0.83201,0.16192,0.00606
25043762,2,2,0.19331,0.1716,0.63509
9461255,2,2,0.02673,0.04548,0.92779
37279849,2,2,0.00314,0.02708,0.96978
15598458,2,2,0.00269,0.02478,0.97253
13094595,2,2,0.00116,0.00633,0.99251
36478309,2,2,0.00111,0.00362,0.99527
6131761,0,0,0.84504,0.14742,0.00754
9631386,2,2,0.00166,0.00988,0.98846
21046566,0,0,0.96958,0.02816,0.00226
17106068,2,2,0.00155,0.01265,0.98579
15839634,2,2,0.00154,0.00658,0.99188
27136108,2,2,0.00485,0.01218,0.98297
20850351,1,0,0.91933,0.07725,0.00342
40040204,2,2,0.01778,0.07045,0.91178
32392048,2,2,0.00118,0.00739,0.99143
8284689,2,2,0.00109,0.00385,0.99506
13453088,2,2,0.00659,0.03036,0.96305
21775613,2,2,0.00184,0.0128,0.98536
40529381,1,1,0.19234,0.78487,0.02279
4775153,2,2,0.00253,0.00924,0.98823
7969246,0,0,0.56248,0.42791,0.0096
31409957,0,0,0.7188,0.27283,0.00837
11089237,2,2,0.00229,0.02816,0.96955
29884496,2,2,0.00155,0.01393,0.98451
22795799,2,2,0.00128,0.00385,0.99487
13231796,2,2,0.03838,0.29716,0.66446
12665741,2,2,0.05589,0.18452,0.75959
3797444,2,1,0.16302,0.57121,0.26577
10423970,2,2,0.00101,0.00464,0.99435
40483883,2,2,0.00128,0.00353,0.99519
38061407,2,2,0.00094,0.00391,0.99515
37228622,2,2,0.00211,0.01701,0.98088
10029889,2,2,0.00211,0.00429,0.9936
18709731,2,2,0.00095,0.00555,0.9935
17396604,2,1,0.0178,0.5895,0.39269
33713946,2,2,0.00109,0.0069,0.99201
29368136,2,2,0.00641,0.10023,0.89336
2394934,1,0,0.93018,0.06647,0.00335
5623612,2,2,0.0014,0.00739,0.99121
32911484,2,2,0.00268,0.02725,0.97007
28437727,2,2,0.00124,0.00581,0.99295
8357147,2,2,0.21496,0.18101,0.60403
38569451,2,2,0.00116,0.00915,0.98969
11189775,0,0,0.98441,0.01366,0.00193
8083446,2,2,0.00248,0.01175,0.98577
3741605,2,2,0.00123,0.01136,0.98741
33341436,0,1,0.4118,0.55413,0.03407
29142842,2,2,0.01566,0.45762,0.52672
21550348,1,1,0.39204,0.57714,0.03083
1416343,2,1,0.0149,0.52521,0.45989
26182035,2,1,0.17758,0.52093,0.30149
33401056,2,2,0.00113,0.00581,0.99306
31689073,2,2,0.00396,0.005,0.99104
15848367,0,0,0.82258,0.17041,0.00701
10917782,2,2,0.00137,0.01241,0.98621
29221767,0,0,0.80174,0.18136,0.0169
9018959,0,0,0.98609,0.01203,0.00187
27393050,2,2,0.00139,0.01204,0.98657
27752227,0,0,0.78055,0.21339,0.00605
13998632,0,0,0.93502,0.06122,0.00376
9978843,2,2,0.00108,0.00517,0.99375
38896618,2,2,0.00424,0.02211,0.97366
919615,0,0,0.88027,0.11301,0.00672
24893813,0,1,0.28697,0.6938,0.01923
39231384,2,2,0.00278,0.00618,0.99104
13754457,2,2,0.00159,0.00786,0.99055
34814602,2,2,0.00724,0.05954,0.93322
3866559,2,2,0.03364,0.05722,0.90914
4000287,2,2,0.01254,0.07337,0.91409
36575559,2,2,0.00783,0.02897,0.9632
36486963,2,2,0.00146,0.01027,0.98826
30897825,2,2,0.00154,0.007,0.99146
36252296,2,2,0.00101,0.00403,0.99495
16494546,2,2,0.00431,0.0346,0.96109
3580081,2,2,0.0024,0.01334,0.98425
40314326,0,0,0.94035,0.05675,0.0029
1614527,2,2,0.00885,0.21939,0.77176
13551473,0,0,0.96529,0.0322,0.00251
10135004,2,2,0.00133,0.00973,0.98893
5221906,2,2,0.00461,0.01589,0.9795
14792718,1,1,0.03212,0.62526,0.34262
15433938,2,2,0.01232,0.07506,0.91262
15956707,2,2,0.13015,0.12964,0.74021
9146985,2,2,0.00128,0.00397,0.99475
4634615,0,0,0.66612,0.30617,0.02771
37282247,2,1,0.19271,0.63371,0.17359
29424211,2,1,0.02258,0.50589,0.47154
12145046,2,2,0.00135,0.013,0.98565
16456018,2,2,0.00147,0.007,0.99153
17860677,2,2,0.00103,0.00509,0.99388
22256786,2,1,0.02901,0.89532,0.07568
31472034,0,0,0.82583,0.16843,0.00574
36447222,2,2,0.01266,0.02038,0.96696
40897996,2,2,0.0014,0.00453,0.99406
415853,2,2,0.00151,0.0078,0.99068
29593275,2,2,0.00092,0.00426,0.99482
9400097,2,2,0.00847,0.11379,0.87774
16221577,2,2,0.00354,0.01555,0.98091
31468398,2,2,0.00086,0.00526,0.99388
3948436,0,0,0.57177,0.41832,0.00991
10679069,0,0,0.71897,0.26657,0.01446
5917884,1,1,0.17175,0.79416,0.03408
8622717,0,2,0.02573,0.08824,0.88603
29614294,2,2,0.00162,0.0045,0.99389
18265889,1,1,0.02663,0.79064,0.18273
39925392,0,1,0.38944,0.55785,0.05271
28029928,2,2,0.00089,0.00423,0.99488
20487165,2,2,0.00145,0.00494,0.99362
13048734,2,2,0.0022,0.0075,0.9903
18730610,0,0,0.98432,0.00899,0.00668
20194579,0,0,0.93488,0.06215,0.00298
6065260,2,2,0.01434,0.05605,0.92962
719499,2,2,0.00094,0.00522,0.99385
29244296,1,1,0.04596,0.7958,0.15824
26464001,2,2,0.00446,0.03257,0.96297
25647556,2,1,0.29745,0.67822,0.02432
26267274,2,1,0.37668,0.51285,0.11048
15583541,0,1,0.30351,0.68397,0.01253
16276276,0,0,0.94992,0.04746,0.00263
20455457,2,2,0.00149,0.00774,0.99077
14421382,2,2,0.0119,0.04253,0.94557
33116592,0,0,0.98537,0.0127,0.00193
36665919,2,2,0.00234,0.02165,0.97601
3120127,2,2,0.00118,0.00351,0.99531
32274174,1,1,0.07469,0.86992,0.0554
33426454,2,2,0.00092,0.00443,0.99465
17133797,2,2,0.0039,0.02576,0.97034
38277727,2,2,0.00108,0.00394,0.99498
32955472,2,2,0.00126,0.00684,0.9919
34757932,2,2,0.00116,0.006,0.99284
36840339,2,2,0.00173,0.01493,0.98334
14282912,0,1,0.01731,0.70771,0.27499
32888403,2,2,0.00092,0.00475,0.99433
33789760,0,1,0.10708,0.87406,0.01886
11120216,2,2,0.00126,0.00394,0.9948
23023915,2,2,0.01255,0.1148,0.87265
10616177,2,2,0.00402,0.042,0.95398
17234712,2,2,0.00098,0.0053,0.99372
35487561,2,2,0.00138,0.00568,0.99294
30985743,2,2,0.00104,0.00695,0.99201
4396576,2,2,0.00185,0.01039,0.98776
23874908,2,1,0.02854,0.51794,0.45352
23926682,2,2,0.00189,0.01656,0.98154
12471997,1,0,0.52467,0.46665,0.00868
5022247,1,0,0.83948,0.15468,0.00584
36361151,0,0,0.98743,0.01088,0.00168
10226508,2,2,0.00106,0.00663,0.99231
20677701,2,2,0.00126,0.00439,0.99435
31688704,2,2,0.00095,0.00382,0.99523
1648641,2,2,0.00605,0.05338,0.94058
16324602,2,2,0.00207,0.004,0.99393
23998287,2,2,0.03712,0.30483,0.65805
5034678,2,2,0.00122,0.00595,0.99283
2536152,2,2,0.00116,0.00669,0.99215
25876090,0,0,0.89415,0.10131,0.00455
19231326,2,2,0.00263,0.0172,0.98018
2429293,2,2,0.00198,0.00442,0.9936
24338067,2,2,0.00094,0.00419,0.99487
37029874,2,2,0.00206,0.02727,0.97067
17799805,1,0,0.6542,0.28636,0.05944
25152916,0,0,0.92034,0.07674,0.00293
31583337,0,0,0.93565,0.05795,0.0064
10644740,2,2,0.01439,0.04537,0.94024
23589778,2,2,0.00139,0.01154,0.98707
33903137,0,0,0.96728,0.03085,0.00187
17709827,2,2,0.02535,0.04554,0.92911
21755203,2,0,0.36329,0.35488,0.28183
40701434,2,2,0.02999,0.01855,0.95146
40480126,2,2,0.00154,0.00362,0.99484
29326109,2,2,0.00095,0.00502,0.99403
20833754,0,0,0.8582,0.13685,0.00495
31349422,2,2,0.00123,0.00962,0.98915
32610284,2,2,0.00209,0.0262,0.97171
38104422,0,0,0.9828,0.01558,0.00162
23379372,2,2,0.00194,0.01114,0.98693
19833126,2,2,0.00557,0.0428,0.95163
15624254,2,2,0.0014,0.01023,0.98837
9822206,1,2,0.01428,0.35423,0.63149
24281446,2,2,0.00491,0.01488,0.98021
20795460,2,2,0.0019,0.01631,0.9818
35418802,2,2,0.00101,0.00359,0.9954
2816999,2,2,0.02844,0.04439,0.92717
31116296,2,2,0.00148,0.0132,0.98532
18465105,2,2,0.00561,0.0367,0.95769
38843535,0,0,0.97518,0.02302,0.0018
20221235,2,2,0.03607,0.22798,0.73594
22036916,2,2,0.0018,0.0059,0.9923
32037594,0,1,0.37853,0.59551,0.02596
37228204,2,2,0.00096,0.0069,0.99214
28664921,2,2,0.00166,0.00648,0.99186
15144684,2,2,0.00718,0.03798,0.95485
38750027,2,2,0.00817,0.03282,0.95902
15351427,2,0,0.68908,0.29869,0.01223
17647487,2,2,0.00201,0.02072,0.97727
33264788,1,2,0.01812,0.095,0.88688
8251188,2,2,0.00086,0.0053,0.99384
32606690,2,2,0.00115,0.00464,0.99421
29734317,2,2,0.00417,0.00784,0.98799
9172671,2,2,0.00252,0.01264,0.98484
1584358,2,2,0.00257,0.00976,0.98768
30248176,2,2,0.00189,0.01931,0.9788
23186236,2,2,0.00149,0.00695,0.99156
121045,2,2,0.00307,0.03128,0.96564
12868716,1,0,0.60618,0.38531,0.00851
3077645,0,0,0.83898,0.15279,0.00823
12256209,2,2,0.00168,0.01076,0.98756
23048243,0,0,0.68506,0.30638,0.00856
26335955,1,0,0.82509,0.1696,0.0053
5249957,2,2,0.00305,0.00798,0.98897
9952198,2,2,0.00109,0.00502,0.99389
28278214,0,0,0.94641,0.05001,0.00358
41600592,2,2,0.00152,0.01582,0.98265
41451429,2,2,0.00116,0.00572,0.99311
34474038,2,2,0.0018,0.00362,0.99458
20882966,2,2,0.00131,0.00863,0.99005
13262361,2,2,0.01254,0.33903,0.64842
7829731,0,0,0.95752,0.03979,0.00269
11825025,2,2,0.00089,0.004,0.9951
4591618,2,2,0.00125,0.00775,0.991
30847954,2,2,0.00362,0.00848,0.9879
2984632,2,2,0.00325,0.03651,0.96023
35605223,0,0,0.92647,0.06986,0.00367
23091040,2,2,0.00212,0.01504,0.98284
34323846,2,2,0.00103,0.00407,0.99491
32035778,2,2,0.00169,0.00422,0.99408
17666439,0,0,0.64597,0.34577,0.00826
33636061,0,1,0.45471,0.53578,0.00951
2429123,2,2,0.00115,0.00397,0.99488
13155769,1,2,0.00521,0.07663,0.91816
31116701,0,1,0.1788,0.76613,0.05507
39959389,2,2,0.00085,0.00494,0.99421
8215860,1,0,0.80249,0.1921,0.00541
6936976,2,1,0.31809,0.66296,0.01895
6645174,0,1,0.27651,0.67244,0.05105
37931215,2,2,0.00139,0.01199,0.98662
34232476,2,2,0.00278,0.02344,0.97378
35373177,2,2,0.0013,0.00572,0.99298
29991241,2,2,0.00254,0.00478,0.99268
4035759,2,2,0.00957,0.02948,0.96096
5106012,0,0,0.80999,0.17933,0.01069
2434986,2,2,0.22671,0.2584,0.51489
37859026,0,0,0.7054,0.24188,0.05272
30602535,2,2,0.00092,0.00538,0.9937
16233579,2,2,0.00116,0.00853,0.99031
8010698,2,2,0.00471,0.05505,0.94024
19702276,2,2,0.00251,0.01713,0.98036
14753018,2,2,0.00119,0.01036,0.98845
24243232,0,0,0.84408,0.14957,0.00634
10523779,2,2,0.10105,0.35478,0.54416
8625857,0,0,0.96378,0.03383,0.00239
14641993,0,0,0.89171,0.10282,0.00547
14926299,2,2,0.00496,0.07967,0.91537
3556721,2,2,0.00104,0.00521,0.99374
5224274,2,1,0.10563,0.87413,0.02024
15501702,2,2,0.00161,0.0055,0.99288
5576072,0,0,0.68171,0.31211,0.00618
12128485,2,2,0.11302,0.12658,0.7604
12300659,2,2,0.01774,0.05805,0.92421
8005364,2,2,0.00106,0.00505,0.99389
41481535,2,2,0.00122,0.00663,0.99215
17974882,2,2,0.00406,0.03339,0.96255
4951770,2,2,0.00191,0.00977,0.98833
36683675,1,0,0.56825,0.419,0.01275
31394549,0,0,0.69328,0.29586,0.01086
8563339,2,2,0.00114,0.00695,0.99191
19219039,2,1,0.03456,0.93034,0.0351
6118932,0,0,0.48558,0.42353,0.09088
39097121,2,2,0.00134,0.00568,0.99298
17880323,2,2,0.00096,0.00522,0.99382
29812755,2,2,0.00859,0.26511,0.7263
24762770,0,0,0.97738,0.02077,0.00186
20797530,0,0,0.85579,0.1362,0.00801
14099354,2,2,0.00279,0.02067,0.97655
38774389,2,2,0.00165,0.01516,0.98319
40247900,0,0,0.98463,0.01367,0.0017
35738550,2,2,0.00223,0.00911,0.98866
3683469,2,2,0.02531,0.16219,0.81249
22659421,2,2,0.0012,0.0053,0.9935
36394688,2,2,0.00521,0.04744,0.94735
12661782,0,0,0.62489,0.35884,0.01627
6837518,2,2,0.00219,0.01171,0.9861
29556652,0,0,0.77289,0.21462,0.01249
12381602,2,2,0.00277,0.01038,0.98685
13133544,2,2,0.01894,0.12375,0.85731
31535743,2,2,0.28837,0.23965,0.47198
25086341,2,2,0.00339,0.01239,0.98422
9983866,0,0,0.98486,0.01341,0.00173
23979041,0,0,0.50309,0.48382,0.0131
31395748,0,0,0.97739,0.02109,0.00152
2470575,2,2,0.01109,0.02844,0.96046
40531274,1,1,0.03977,0.91226,0.04797
10121311,2,2,0.00302,0.01712,0.97985
24422908,2,2,0.01195,0.12336,0.86469
36290946,2,2,0.00232,0.00348,0.99421
11786860,2,2,0.00192,0.01931,0.97877
2324692,1,1,0.01694,0.57891,0.40415
39169215,0,0,0.80862,0.18471,0.00668
7471558,2,2,0.00156,0.00936,0.98908
36867443,2,2,0.0123,0.02603,0.96167
35030871,2,2,0.00098,0.00669,0.99234
22476585,2,2,0.00128,0.00525,0.99347
31794056,2,2,0.00186,0.00604,0.9921
4247669,2,2,0.02083,0.42494,0.55423
18375552,2,1,0.02459,0.88726,0.08815
21207055,2,2,0.00193,0.0132,0.98487
40894359,0,0,0.98183,0.01625,0.00193
38695047,2,2,0.00414,0.05981,0.93605
30645217,2,2,0.00195,0.02145,0.9766
4129957,0,0,0.92143,0.07309,0.00548
40761018,2,2,0.00179,0.013,0.98522
18988843,2,2,0.00124,0.00586,0.9929
36507066,0,0,0.74086,0.24816,0.01099
37083744,1,1,0.39653,0.59063,0.01285
26403276,2,2,0.00312,0.03099,0.96589
40767155,0,0,0.98507,0.01169,0.00323
2682492,2,2,0.0042,0.01513,0.98067
20808414,0,0,0.84287,0.15171,0.00542
23660857,0,0,0.7036,0.27878,0.01761
36132084,2,2,0.00103,0.00416,0.99481
18150687,2,2,0.00695,0.08264,0.91041
14198399,2,2,0.00144,0.0131,0.98546
10032573,2,2,0.00982,0.04938,0.94081
39859245,1,1,0.25353,0.71943,0.02704
21902480,2,2,0.00189,0.02149,0.97662
10282680,2,2,0.00103,0.00619,0.99279
8815008,0,1,0.0883,0.8944,0.0173
6140743,2,2,0.00111,0.00479,0.9941
4279672,0,0,0.89943,0.09743,0.00314
25482934,2,2,0.00472,0.08216,0.91312
22791305,2,2,0.00147,0.00793,0.99061
18179098,2,2,0.00091,0.00407,0.99503
16721826,2,2,0.00116,0.004,0.99483
9236900,2,2,0.00237,0.01319,0.98444
14146277,2,2,0.01273,0.09472,0.89255
6148064,2,2,0.00273,0.0103,0.98697
2794035,1,1,0.04065,0.8793,0.08005
33015199,2,1,0.02931,0.69368,0.27701
24712828,0,0,0.79676,0.19602,0.00722
11165595,2,2,0.00138,0.00342,0.99519
5802268,2,2,0.00094,0.00426,0.9948
25900484,0,0,0.91308,0.08427,0.00265
11984090,1,1,0.39659,0.58612,0.01729
5854153,2,2,0.00111,0.00966,0.98923
39338299,1,2,0.00626,0.02021,0.97354
35342324,2,2,0.00415,0.01146,0.98439
28357775,2,2,0.0013,0.00633,0.99237
28435445,2,2,0.00225,0.01734,0.98042
3254443,2,2,0.01435,0.04026,0.94539
8017811,2,2,0.00116,0.00915,0.98969
37407380,2,2,0.00337,0.03163,0.965
25638557,2,2,0.00098,0.00628,0.99274
39038379,0,1,0.0263,0.81193,0.16176
34598127,2,2,0.00095,0.00385,0.9952
31744087,2,2,0.0014,0.00439,0.9942
39919606,1,0,0.91503,0.08105,0.00392
30867992,0,0,0.98724,0.01042,0.00234
39979263,2,2,0.01125,0.02212,0.96663
27345436,2,2,0.00088,0.00479,0.99433
16542271,1,1,0.07067,0.87451,0.05482
40008044,1,0,0.52842,0.4627,0.00888
4059558,2,2,0.00165,0.01199,0.98636
13402691,2,2,0.01247,0.03523,0.9523
9443655,0,0,0.98555,0.01226,0.00219
26459755,2,2,0.00613,0.16565,0.82822
2285219,2,2,0.00125,0.00911,0.98963
28601341,2,2,0.00118,0.00538,0.99344
17789441,2,2,0.00128,0.00614,0.99259
21739948,2,2,0.00138,0.00745,0.99117
6353062,2,2,0.00151,0.00866,0.98982
25658092,0,0,0.88867,0.10014,0.01119
38018200,0,0,0.61867,0.20885,0.17247
35698247,0,0,0.78302,0.2124,0.00458
30691924,2,2,0.00111,0.004,0.99489
40856626,2,2,0.00154,0.00695,0.99152
29914026,2,2,0.00137,0.0131,0.98553
17496479,2,2,0.00376,0.01566,0.98057
20420486,2,2,0.00149,0.00618,0.99232
30918424,0,0,0.7894,0.20274,0.00786
22677489,2,2,0.00408,0.05808,0.93784
22754803,2,2,0.00095,0.0045,0.99455
19999125,2,2,0.001,0.00397,0.99503
25226132,2,2,0.00351,0.00688,0.98961
18969636,2,2,0.00106,0.007,0.99194
41620486,0,0,0.83195,0.16318,0.00487
29264865,2,2,0.00151,0.00901,0.98948
8558031,2,2,0.00088,0.00461,0.99452
5953604,2,2,0.00957,0.12882,0.86161
2095993,2,2,0.00104,0.00555,0.99341
35691221,0,1,0.35034,0.62211,0.02755
23400177,2,2,0.00108,0.00416,0.99476
23677061,0,0,0.58368,0.4043,0.01202
6543409,2,2,0.02082,0.26788,0.7113
6027344,2,2,0.00173,0.01558,0.9827
36772026,2,2,0.00151,0.01194,0.98655
32298205,2,2,0.01152,0.168,0.82048
4959836,2,2,0.02181,0.0931,0.88508
26716654,2,2,0.00115,0.00464,0.99421
21070547,2,2,0.11757,0.03551,0.84693
30689113,0,0,0.98653,0.01194,0.00153
13107777,2,2,0.00614,0.02363,0.97022
19837502,2,2,0.00254,0.02005,0.97741
37585520,2,2,0.00148,0.01199,0.98653
5842198,2,2,0.00103,0.00564,0.99334
37934324,2,2,0.00429,0.02498,0.97073
4646117,0,1,0.06872,0.70772,0.22356
32508623,2,2,0.00101,0.00436,0.99463
17557611,0,0,0.92953,0.06649,0.00398
1149949,2,2,0.00108,0.00542,0.9935
13988159,2,2,0.00122,0.00356,0.99522
3692941,2,2,0.00118,0.0102,0.98863
6466997,2,2,0.00213,0.02585,0.97202
6297010,2,2,0.00115,0.00475,0.9941
30104509,0,0,0.5405,0.45161,0.00789
23210089,0,1,0.10843,0.79187,0.0997
4898977,0,0,0.50003,0.48088,0.01909
4784365,1,0,0.55405,0.4248,0.02115
16974239,2,2,0.09154,0.15973,0.74873
2774191,2,2,0.00122,0.00429,0.99449
38814747,2,2,0.00167,0.00529,0.99304
16846228,2,2,0.00118,0.00638,0.99244
9370299,2,2,0.00144,0.00988,0.98868
9310543,2,2,0.00108,0.00482,0.9941
9482604,2,2,0.09146,0.16337,0.74516
24530701,2,1,0.04914,0.84425,0.1066
27737386,0,0,0.94296,0.05404,0.003
10568209,0,0,0.84663,0.14886,0.00451
18304611,0,0,0.97042,0.02798,0.0016
41161372,2,2,0.00508,0.02662,0.9683
33269048,0,0,0.96392,0.03413,0.00195
23739002,2,2,0.00142,0.01172,0.98687
24966278,2,2,0.00172,0.00711,0.99118
9997742,0,0,0.6546,0.32532,0.02008
28097217,2,2,0.00427,0.01347,0.98225
9935855,2,2,0.00288,0.01864,0.97848
28984238,2,2,0.00188,0.0089,0.98922
1096645,2,2,0.00156,0.01023,0.98821
6220515,2,2,0.00124,0.00633,0.99243
18916974,2,0,0.82243,0.08601,0.09156
17655798,0,0,0.73441,0.2578,0.00778
17814008,2,2,0.00475,0.01565,0.9796
14593566,2,2,0.0013,0.00633,0.99237
40259478,2,2,0.00135,0.0131,0.98555
7079344,2,0,0.58024,0.33779,0.08197
6675478,0,1,0.43493,0.52462,0.04045
28833547,1,0,0.81995,0.17595,0.00411
4320715,2,2,0.00159,0.00478,0.99363
32240566,2,2,0.0016,0.01232,0.98608
33388222,0,0,0.95219,0.04526,0.00255
19409744,2,2,0.00279,0.00419,0.99302
3547255,2,2,0.0013,0.00684,0.99186
12304162,2,2,0.00393,0.02002,0.97605
23430538,2,2,0.00131,0.0086,0.99009
37822436,2,2,0.0013,0.00633,0.99237
24107965,2,2,0.0212,0.36416,0.61464
5077661,2,2,0.0045,0.00908,0.98642
15151489,2,2,0.00183,0.01976,0.97841
17089184,2,2,0.00092,0.00522,0.99386
22294408,2,2,0.0016,0.01208,0.98632
31880251,1,1,0.05819,0.67641,0.2654
2671373,2,2,0.00111,0.00332,0.99557
39449157,0,0,0.96589,0.03207,0.00205
35215236,2,2,0.00204,0.00745,0.99052
21892184,1,0,0.69709,0.29517,0.00774
7269101,2,2,0.00138,0.00847,0.99016
20047936,2,2,0.02322,0.20178,0.775
38081204,2,2,0.00154,0.00799,0.99048
11512013,2,2,0.00474,0.01889,0.97637
18127321,0,0,0.7406,0.24807,0.01133
7454228,2,2,0.00134,0.00406,0.9946
782112,2,2,0.01287,0.30095,0.68619
28964274,2,2,0.00793,0.03113,0.96094
34165811,2,2,0.05579,0.16198,0.78224
39858509,1,0,0.82581,0.16647,0.00773
39625282,2,2,0.00402,0.02779,0.96819
26098498,0,0,0.98604,0.01166,0.0023
32423752,0,1,0.1888,0.74671,0.06449
23634470,2,2,0.00282,0.00862,0.98856
35121445,2,0,0.65414,0.32382,0.02204
11933451,2,2,0.00192,0.00388,0.9942
27090399,2,2,0.00138,0.0089,0.98972
23241314,2,2,0.01482,0.31943,0.66575
10195895,2,2,0.00251,0.01694,0.98055
11031451,1,1,0.03523,0.76516,0.1996
1488098,0,0,0.97419,0.02078,0.00503
30670880,2,2,0.00305,0.02407,0.97288
19357037,2,2,0.01211,0.13864,0.84925
39029964,0,0,0.79323,0.19822,0.00854
758793,1,0,0.82017,0.17058,0.00925
8833816,2,2,0.00763,0.1102,0.88217
6058772,2,2,0.00142,0.00768,0.99089
33505841,1,1,0.26964,0.69939,0.03097
8047230,2,2,0.00161,0.00876,0.98963
21880277,2,2,0.00111,0.00446,0.99443
19218300,2,2,0.00118,0.00604,0.99278
32246344,0,0,0.96429,0.03296,0.00275
36137612,2,2,0.00108,0.00446,0.99446
37329437,0,0,0.97234,0.02579,0.00188
36549851,0,0,0.80221,0.1898,0.00799
11993744,2,2,0.00089,0.004,0.9951
10475641,2,2,0.00482,0.07652,0.91866
18424605,2,2,0.00115,0.00509,0.99376
23430154,1,1,0.05518,0.74414,0.20067
1834083,0,0,0.73069,0.2575,0.01181
21364995,0,1,0.428,0.53474,0.03725
1473578,2,2,0.00766,0.16008,0.83225
10960752,0,2,0.00288,0.01997,0.97716
6211788,2,2,0.00113,0.00416,0.99471
12341025,2,2,0.00207,0.00733,0.9906
5228909,0,0,0.61346,0.32138,0.06516
8289158,2,2,0.00906,0.05214,0.9388
18032124,2,2,0.00348,0.01591,0.98061
13501573,2,2,0.00111,0.00653,0.99236
20042034,2,2,0.00089,0.00581,0.99329
20384634,2,2,0.00122,0.00614,0.99264
30140231,2,2,0.01323,0.03016,0.95662
12906500,1,1,0.3228,0.65462,0.02258
28670277,2,2,0.00166,0.00805,0.99029
11657648,2,2,0.00199,0.01294,0.98506
269690,2,2,0.00111,0.00568,0.99321
36789776,2,2,0.00591,0.08972,0.90437
38029008,2,2,0.00104,0.00494,0.99402
41045952,2,2,0.00092,0.00555,0.99353
40396396,0,0,0.95194,0.04585,0.00222
23493641,2,2,0.00207,0.03445,0.96348
5505017,2,2,0.001,0.00453,0.99447
17754726,2,2,0.00147,0.00711,0.99142
25453502,2,2,0.36005,0.08772,0.55223
2978483,0,0,0.98815,0.00903,0.00282
285976,2,2,0.00249,0.02422,0.97329
6535786,2,1,0.35356,0.62538,0.02107
5154233,2,1,0.42894,0.55945,0.01161
39690335,0,1,0.44262,0.53809,0.0193
36817353,1,2,0.00584,0.08567,0.90849
4480078,2,1,0.14098,0.82647,0.03255
3498246,2,2,0.00466,0.0501,0.94524
8701033,2,2,0.00696,0.0077,0.98534
1524595,2,2,0.00871,0.06056,0.93074
38133759,2,2,0.00094,0.00368,0.99539
34404633,0,0,0.97635,0.02204,0.00161
29841986,0,0,0.98577,0.0126,0.00163
20861692,2,2,0.10515,0.06453,0.83032
36570970,2,2,0.00164,0.00793,0.99044
17091322,2,2,0.01613,0.04649,0.93738
24226333,2,2,0.00127,0.0097,0.98903
39098292,2,2,0.0013,0.00509,0.99361
37129707,0,2,0.02304,0.15213,0.82483
41547981,1,1,0.18331,0.79628,0.02041
1458322,2,2,0.00089,0.00522,0.99389
9142013,2,2,0.00165,0.01393,0.98442
33345188,2,2,0.00915,0.02818,0.96268
37387266,2,2,0.00123,0.00834,0.99043
37282684,1,1,0.27686,0.48307,0.24007
22588897,2,2,0.00189,0.01656,0.98154
33769894,2,2,0.0024,0.01259,0.985
28579653,2,2,0.00163,0.00901,0.98936
39780406,0,0,0.9855,0.01241,0.00209
13079030,0,0,0.94357,0.05402,0.00241
14035167,1,0,0.83026,0.16222,0.00753
32074881,0,0,0.89765,0.09601,0.00634
7116333,2,2,0.00185,0.00811,0.99004
8665975,2,2,0.00155,0.01437,0.98408
18756761,2,2,0.00123,0.01048,0.98829
22833523,2,2,0.00184,0.0129,0.98526
12995119,2,2,0.00197,0.0078,0.99023
13261383,2,2,0.00135,0.01208,0.98657
28683025,2,2,0.00144,0.00751,0.99105
38043334,1,1,0.05585,0.92359,0.02056
34506030,0,1,0.18317,0.80191,0.01492
31728476,2,1,0.05631,0.85371,0.08998
4114904,2,2,0.00175,0.00471,0.99354
10651292,2,2,0.00345,0.03995,0.9566
15128232,2,2,0.0013,0.00335,0.99535
7383968,2,2,0.01539,0.1243,0.86031
39625297,2,2,0.00124,0.00419,0.99457
28844088,2,0,0.60715,0.31745,0.0754
3429965,2,2,0.00174,0.00576,0.99249
14653623,2,2,0.0012,0.00695,0.99185
16150122,1,0,0.82611,0.16718,0.00671
13623790,2,2,0.00164,0.00457,0.99379
9256546,1,1,0.0298,0.86396,0.10624
1937348,2,2,0.00311,0.03441,0.96247
8573468,2,2,0.00244,0.01475,0.98281
396185,2,2,0.0037,0.01799,0.97831
7046039,2,2,0.00191,0.00648,0.99161
9841192,2,2,0.00593,0.04295,0.95112
20149227,2,2,0.0013,0.00376,0.99494
26710450,0,0,0.85202,0.14073,0.00726
15453349,2,2,0.00178,0.01409,0.98412
41332025,2,2,0.00245,0.0103,0.98725
16289053,2,1,0.02498,0.86677,0.10825
35610030,0,0,0.97441,0.02355,0.00203
339474,2,2,0.00098,0.00577,0.99325
25784738,2,2,0.0133,0.04732,0.93938
18595789,0,0,0.59595,0.38779,0.01626
22924836,2,2,0.00124,0.00388,0.99488
32338640,2,2,0.0057,0.02061,0.97369
14537394,0,0,0.97028,0.02788,0.00184
36875177,0,0,0.8843,0.11068,0.00502
15330781,2,2,0.00297,0.01752,0.9795
34057153,0,0,0.93989,0.05767,0.00244
36024002,2,1,0.08332,0.86319,0.05348
41116278,0,0,0.82224,0.17168,0.00608
32639095,0,0,0.74954,0.24334,0.00712
35083639,0,0,0.6638,0.29571,0.04049
20874714,2,2,0.0021,0.00774,0.99016
26741683,2,2,0.00855,0.09141,0.90004
14559012,2,2,0.01417,0.27586,0.70997
1887560,2,2,0.00113,0.00457,0.9943
22433447,0,0,0.97863,0.01988,0.00149
26248874,0,0,0.90327,0.08961,0.00712
2819980,1,1,0.08193,0.81787,0.10019
34908452,2,2,0.00124,0.00394,0.99482
16647187,2,2,0.00277,0.02679,0.97044
8773335,2,2,0.00513,0.04666,0.94821
6789072,2,2,0.00097,0.00379,0.99524
26293792,2,2,0.0013,0.00501,0.99369
16329901,2,2,0.00099,0.00648,0.99252
7632207,2,2,0.00167,0.01715,0.98118
41375089,0,0,0.7926,0.20197,0.00542
25104052,2,2,0.00576,0.04099,0.95325
22821018,2,0,0.91046,0.08469,0.00485
11698684,2,2,0.00136,0.00353,0.9951
28997663,0,0,0.61784,0.36893,0.01323
22639986,2,2,0.00118,0.00564,0.99318
1638545,2,2,0.0012,0.00653,0.99227
17150426,2,0,0.9331,0.06337,0.00353
31857774,2,2,0.00497,0.07644,0.91859
34583996,2,2,0.00118,0.00684,0.99198
25535492,0,1,0.30178,0.62163,0.0766
41189309,2,2,0.00152,0.00609,0.9924
16186092,0,0,0.94076,0.05705,0.00219
30631038,1,1,0.28698,0.66725,0.04576
20176869,2,2,0.00155,0.01275,0.98569
10176600,2,2,0.00214,0.01968,0.97818
6465541,2,2,0.00397,0.02378,0.97225
31538015,2,2,0.00112,0.00837,0.9905
16226157,2,2,0.02547,0.05521,0.91932
13749708,2,2,0.02976,0.14021,0.83003
2702291,1,1,0.04118,0.8944,0.06441
37445930,0,0,0.86677,0.12783,0.0054
40130712,2,2,0.02949,0.35931,0.6112
39199797,2,2,0.00095,0.00564,0.99341
17128792,2,2,0.00815,0.03447,0.95738
35854557,0,0,0.73534,0.20884,0.05582
27278633,2,2,0.00963,0.20112,0.78925
14300147,2,2,0.00267,0.03147,0.96585
39425461,2,0,0.88057,0.11394,0.00549
15502808,2,2,0.00111,0.00359,0.9953
29279550,2,2,0.00732,0.04868,0.944
39574448,2,2,0.00134,0.00382,0.99484
36696223,2,2,0.00122,0.00353,0.99525
28848405,2,2,0.00306,0.00617,0.99077
22223166,2,2,0.00124,0.00586,0.9929
12544847,2,2,0.01866,0.31317,0.66817
26623052,2,2,0.00161,0.0085,0.98989
13543186,2,2,0.0018,0.0078,0.9904
20531353,2,2,0.00202,0.01284,0.98513
18964539,0,0,0.98198,0.0155,0.00251
18430444,2,2,0.00226,0.02522,0.97252
26210319,2,2,0.00092,0.00461,0.99447
27184597,2,2,0.00111,0.00429,0.9946
277929,2,2,0.00091,0.00513,0.99396
41110427,0,0,0.80064,0.179,0.02036
24411542,2,2,0.0022,0.00976,0.98804
23122723,2,2,0.0015,0.01351,0.98498
40435549,2,2,0.01556,0.19867,0.78577
26047457,2,2,0.00214,0.01781,0.98005
36633969,2,2,0.00116,0.00475,0.99409
37118833,2,2,0.00102,0.00799,0.99098
3901004,2,2,0.00141,0.00351,0.99509
31576922,2,1,0.06463,0.79357,0.14179
30765515,2,2,0.01046,0.10493,0.88461
36235335,2,2,0.00665,0.06667,0.92668
23365464,2,2,0.00116,0.00915,0.98969
39823184,2,2,0.00578,0.02258,0.97164
24375962,0,0,0.97945,0.01808,0.00247
38029554,2,1,0.07437,0.8544,0.07124
21851785,0,0,0.52426,0.46629,0.00945
30451225,2,2,0.01153,0.04319,0.94528
21129206,0,0,0.95436,0.04345,0.00219
22542221,2,2,0.00229,0.01314,0.98457
36419865,2,2,0.17155,0.18731,0.64114
5856195,2,2,0.00766,0.09271,0.89962
9252034,2,2,0.00383,0.05901,0.93716
9795147,2,1,0.0417,0.59386,0.36444
33078651,2,2,0.00408,0.04343,0.95249
11045633,2,2,0.00094,0.00388,0.99518
23836761,2,2,0.00111,0.00343,0.99546
16125821,2,2,0.00179,0.0127,0.98551
16350845,2,2,0.00111,0.00722,0.99167
40254865,2,2,0.00349,0.01429,0.98223
29615084,2,2,0.00592,0.07399,0.92009
17673294,2,2,0.00315,0.00785,0.989
2650567,0,1,0.1756,0.76276,0.06164
40545982,2,2,0.00118,0.00426,0.99456
15083036,2,2,0.00921,0.1484,0.84239
22643343,0,0,0.90429,0.08901,0.00669
22153666,2,2,0.00193,0.01415,0.98393
19075269,2,2,0.18637,0.268,0.54563
17021273,2,2,0.0029,0.04363,0.95348
38704496,2,2,0.00123,0.00955,0.98922
160086,2,2,0.00328,0.02938,0.96734
37173177,2,2,0.01426,0.07559,0.91015
12484075,2,2,0.00088,0.00551,0.99361
37796243,2,2,0.00109,0.00471,0.99419
4907204,2,1,0.01931,0.50184,0.47886
32704413,2,2,0.02721,0.23145,0.74133
14604463,2,2,0.00337,0.03163,0.965
33473928,2,2,0.34104,0.26238,0.39658
23048186,2,0,0.72846,0.23928,0.03226
8835684,0,0,0.77632,0.21558,0.0081
30918670,2,2,0.00111,0.00609,0.9928
7569308,1,1,0.09849,0.8558,0.04571
19798427,2,2,0.00104,0.00391,0.99504
8015901,2,2,0.00239,0.01967,0.97794
10816215,2,2,0.01047,0.1042,0.88533
37577792,2,2,0.00257,0.00689,0.99054
3190959,2,2,0.00169,0.0087,0.98962
35103692,0,0,0.43505,0.41431,0.15064
9176441,2,1,0.03238,0.65554,0.31208
30770421,2,2,0.00195,0.01662,0.98142
9094771,2,2,0.00147,0.00436,0.99417
18807239,0,0,0.98827,0.01007,0.00166
30472853,2,2,0.00096,0.00679,0.99225
37974478,2,2,0.00321,0.03336,0.96343
16634567,0,0,0.89053,0.10553,0.00394
34136980,0,0,0.80872,0.18187,0.00942
38072885,2,2,0.00211,0.01606,0.98183
6426347,1,2,0.00716,0.12609,0.86675
37730905,2,2,0.0128,0.0541,0.9331
26753091,2,1,0.03345,0.57466,0.39189
37156601,2,2,0.00371,0.01445,0.98184
4972259,0,0,0.84158,0.15386,0.00456
28828292,2,2,0.00216,0.0083,0.98954
33295992,0,0,0.97025,0.02785,0.0019
18495724,2,2,0.00536,0.03482,0.95981
5126465,2,2,0.00097,0.00433,0.99471
39129344,0,0,0.93663,0.06035,0.00303
7173247,2,2,0.00385,0.00998,0.98618
26267259,2,2,0.00126,0.00684,0.9919
29586648,0,0,0.98859,0.00876,0.00265
18286614,2,2,0.00147,0.00811,0.99042
30392819,0,0,0.65642,0.32622,0.01736
6418093,2,2,0.00107,0.00821,0.99072
30358940,2,2,0.00185,0.00947,0.98868
30548842,0,0,0.785,0.20398,0.01102
8581747,2,2,0.00087,0.00391,0.99522
11217715,2,2,0.00404,0.02315,0.97281
32735316,2,2,0.00122,0.00818,0.99061
31328097,2,2,0.0494,0.41528,0.53532
3768127,2,2,0.00296,0.02398,0.97306
29152700,2,2,0.01149,0.27197,0.71654
23088274,2,2,0.00103,0.00413,0.99484
6030008,2,2,0.00204,0.01908,0.97887
2159928,2,2,0.00104,0.00581,0.99314
3638350,1,2,0.01596,0.4214,0.56264
37076719,2,2,0.01775,0.47962,0.50264
9528176,2,2,0.0058,0.03365,0.96055
37133978,2,2,0.00095,0.00443,0.99462
240836,0,0,0.97994,0.0182,0.00186
21492637,0,0,0.96979,0.02687,0.00334
39902512,2,2,0.00189,0.01663,0.98148
1647506,2,2,0.00495,0.06636,0.92869
32728847,2,2,0.00212,0.01563,0.98225
14439011,2,2,0.00093,0.00633,0.99273
5272709,2,2,0.00112,0.00877,0.99011
36921202,2,2,0.00121,0.00897,0.98981
29053276,2,2,0.00126,0.00446,0.99428
7884631,2,1,0.17012,0.665,0.16489
22591190,2,2,0.00189,0.01656,0.98154
23947010,2,2,0.01419,0.18624,0.79957
35405780,0,1,0.23477,0.74029,0.02494
34950288,1,0,0.75511,0.2376,0.00729
31267215,2,2,0.00311,0.03484,0.96205
29877612,0,0,0.84237,0.15221,0.00542
36327069,0,0,0.87963,0.1172,0.00317
11525907,0,0,0.5239,0.46597,0.01013
5292650,0,0,0.60494,0.37856,0.0165
14092501,2,2,0.00249,0.02579,0.97172
9099828,2,2,0.00782,0.04458,0.9476
30221709,0,0,0.98016,0.01809,0.00175
37959821,1,0,0.79803,0.19633,0.00564
27921290,0,0,0.98322,0.01511,0.00168
11781795,2,2,0.00932,0.15212,0.83857
21503099,2,1,0.07757,0.75929,0.16315
396855,2,2,0.00118,0.00475,0.99407
27886058,2,1,0.40457,0.56169,0.03373
22595422,0,0,0.9501,0.04735,0.00255
4308267,2,2,0.00911,0.00992,0.98097
17401127,2,2,0.00124,0.00595,0.99281
1800676,2,2,0.00154,0.00695,0.99152
26823412,2,2,0.00111,0.00745,0.99144
14339112,2,1,0.05918,0.69883,0.24198
29626704,0,0,0.57763,0.4096,0.01276
40238687,0,0,0.98425,0.01409,0.00165
38951487,2,2,0.00246,0.01857,0.97896
35168067,1,0,0.73899,0.25241,0.0086
2212166,2,2,0.00174,0.00581,0.99245
16861469,2,2,0.00099,0.00595,0.99305
18543696,2,2,0.00166,0.00762,0.99071
34417538,2,2,0.00104,0.0069,0.99206
30059910,2,2,0.00381,0.03462,0.96157
28817739,2,2,0.00184,0.01372,0.98444
22349871,2,1,0.05816,0.91338,0.02846
14534711,2,2,0.00163,0.01162,0.98675
22616689,2,2,0.00366,0.02722,0.96911
40040454,0,0,0.96301,0.03341,0.00358
33514447,2,2,0.02353,0.1339,0.84257
9187592,0,0,0.90802,0.08886,0.00312
3380181,0,0,0.98677,0.01135,0.00188
11371514,1,1,0.47646,0.50325,0.02029
29264500,2,2,0.00151,0.01275,0.98574
36071501,2,2,0.00111,0.00633,0.99256
5940330,1,1,0.29688,0.69027,0.01284
731054,2,0,0.36724,0.32472,0.30804
34190578,2,2,0.00116,0.00834,0.9905
20262453,2,2,0.00092,0.00433,0.99475
8335998,2,2,0.00637,0.09104,0.90258
25730929,0,0,0.87112,0.12452,0.00436
2336032,0,0,0.67393,0.31834,0.00772
6410289,2,2,0.00159,0.00443,0.99398
22929688,2,2,0.00098,0.00534,0.99368
30126746,2,2,0.00151,0.0129,0.98559
16395222,2,2,0.03801,0.1743,0.78769
37263069,2,2,0.0012,0.00403,0.99476
22620223,2,2,0.00089,0.00706,0.99205
30140553,2,2,0.00878,0.0672,0.92402
11124433,2,2,0.0008,0.00479,0.99441
14831923,0,0,0.94606,0.05148,0.00246
19212181,0,0,0.50551,0.47861,0.01587
21951851,0,0,0.95704,0.04052,0.00245
39504190,2,2,0.00115,0.00551,0.99335
9755040,1,0,0.71416,0.27533,0.01051
3265873,2,1,0.05564,0.81127,0.13309
24141256,2,2,0.00856,0.18436,0.80709
18981138,0,1,0.14065,0.80131,0.05805
33729341,2,2,0.00116,0.00577,0.99307
17867616,2,1,0.22293,0.44727,0.3298
36725430,2,2,0.00106,0.0088,0.99014
22839262,1,1,0.05133,0.75422,0.19446
28932630,2,2,0.00163,0.01064,0.98773
17731905,2,2,0.00127,0.0111,0.98763
17952376,1,1,0.14362,0.78632,0.07006
22628070,2,2,0.00111,0.00638,0.99251
38752270,0,0,0.94811,0.04947,0.00242
12225575,0,0,0.98398,0.01387,0.00215
37193820,2,2,0.00094,0.00443,0.99463
22631880,2,2,0.00273,0.02648,0.97079
21978345,0,0,0.90517,0.09015,0.00468
32456035,2,2,0.00113,0.00643,0.99244
3711739,0,0,0.92415,0.07281,0.00303
10016451,2,2,0.00603,0.0257,0.96826
41625041,2,2,0.00136,0.00581,0.99283
37228150,2,2,0.00461,0.05989,0.9355
10426475,1,1,0.0658,0.87358,0.06062
1683503,0,0,0.97659,0.02067,0.00274
10247864,2,2,0.00752,0.01484,0.97763
11363153,2,2,0.00556,0.05864,0.9358
25401930,2,2,0.00095,0.00391,0.99514
14655064,2,2,0.00208,0.03274,0.96518
26785379,2,2,0.00191,0.00653,0.99156
1252409,2,2,0.0017,0.01594,0.98236
6940166,2,0,0.92838,0.05752,0.0141
13735704,2,1,0.03121,0.5278,0.44099
14069003,2,2,0.00398,0.00709,0.98893
28804949,2,2,0.00228,0.03203,0.96569
33311792,0,0,0.89693,0.09946,0.00361
40090110,2,2,0.00235,0.01945,0.9782
35198853,2,2,0.00512,0.03444,0.96044
13980462,2,2,0.00299,0.02868,0.96834
16603090,0,0,0.98255,0.01498,0.00247
21089579,0,0,0.73922,0.24568,0.0151
9586802,2,2,0.00232,0.01636,0.98131
5355277,2,2,0.0027,0.00482,0.99248
26732017,2,2,0.0018,0.00478,0.99341
31881140,2,2,0.00997,0.01184,0.97819
21270346,2,2,0.01255,0.16113,0.82632
26826736,0,0,0.98129,0.01698,0.00172
33122749,1,1,0.40244,0.50084,0.09671
17906021,2,2,0.00142,0.00577,0.99281
21714824,2,2,0.00269,0.00991,0.9874
7654831,2,2,0.00652,0.15305,0.84043
18509825,2,2,0.00149,0.00436,0.99415
19675301,1,0,0.74304,0.24029,0.01667
125481,0,0,0.98577,0.01217,0.00206
36877506,2,2,0.00217,0.00768,0.99016
5410214,1,1,0.14798,0.81974,0.03229
13358786,2,2,0.00195,0.01976,0.9783
30394869,0,0,0.80837,0.18683,0.00481
23259510,0,0,0.93295,0.06374,0.00331
19764300,2,2,0.00256,0.02679,0.97065
27402832,2,2,0.00261,0.00896,0.98843
37399387,0,0,0.78173,0.20958,0.00868
31438266,0,0,0.92134,0.07533,0.00332
12398143,2,2,0.00103,0.00568,0.99329
12044340,2,2,0.00208,0.03084,0.96707
16715161,2,2,0.00122,0.00643,0.99235
9881599,2,2,0.00118,0.00397,0.99485
4071570,2,1,0.46458,0.52234,0.01308
11010349,2,1,0.04013,0.60363,0.35624
14310619,2,2,0.00313,0.02911,0.96776
35833011,2,1,0.4505,0.51449,0.03501
7673955,2,2,0.00301,0.02155,0.97544
39293906,0,1,0.32004,0.65926,0.0207
23020826,2,2,0.00207,0.02084,0.97709
31902183,2,2,0.0101,0.09447,0.89543
39797653,2,2,0.00094,0.0049,0.99416
26874527,2,2,0.00303,0.01592,0.98105
30666833,2,2,0.00133,0.01027,0.98839
2756939,2,2,0.0012,0.00517,0.99363
32993478,2,2,0.00183,0.01748,0.98069
33786891,2,2,0.00113,0.00551,0.99337
24953286,2,2,0.00541,0.05637,0.93822
38037300,2,2,0.0013,0.00633,0.99237
28277489,2,2,0.00096,0.00494,0.9941
40410004,2,2,0.00656,0.03426,0.95917
10419510,2,2,0.00176,0.01199,0.98625
34071311,0,0,0.89273,0.10415,0.00312
30361993,2,2,0.00406,0.01678,0.97915
29476111,2,2,0.00377,0.01439,0.98184
29774952,2,2,0.00095,0.006,0.99305
38842831,2,2,0.01231,0.20183,0.78586
3159100,2,2,0.00134,0.00643,0.99223
29487656,2,1,0.07622,0.48172,0.44206
8912911,1,1,0.11461,0.8661,0.01928
32407458,2,2,0.00153,0.01208,0.98639
26906271,2,2,0.00245,0.03908,0.95847
41374505,2,2,0.00347,0.02003,0.9765
14022438,2,2,0.00142,0.00857,0.99001
17336722,0,0,0.969,0.02878,0.00222
10283130,2,2,0.01549,0.29447,0.69004
5746080,1,0,0.94598,0.05127,0.00274
22380206,0,0,0.68473,0.30623,0.00903
39155895,0,0,0.97803,0.02046,0.00152
34623137,0,0,0.76568,0.22633,0.00799
29707583,2,2,0.00154,0.00695,0.99152
23300392,2,2,0.07378,0.37466,0.55156
30400479,2,2,0.0013,0.00555,0.99316
24590465,0,0,0.68693,0.30482,0.00825
33265817,0,0,0.57499,0.40455,0.02046
25495623,2,1,0.02171,0.69126,0.28704
41520215,2,0,0.81017,0.09269,0.09714
30645726,0,0,0.89147,0.1034,0.00514
32822384,2,2,0.00209,0.0267,0.97121
31687407,2,2,0.00102,0.00818,0.9908
28176040,2,2,0.00511,0.06548,0.92941
40709439,2,2,0.01587,0.28241,0.70172
26960099,0,0,0.98183,0.01428,0.00389
25601566,0,0,0.87757,0.11103,0.0114
26366496,2,2,0.00245,0.00903,0.98852
29230697,1,1,0.09202,0.87817,0.02982
21707510,2,2,0.10499,0.03122,0.86379
34825825,0,1,0.09997,0.86618,0.03385
30259720,0,0,0.73639,0.25449,0.00913
2665766,0,0,0.91815,0.07648,0.00537
10886754,2,2,0.00125,0.01012,0.98863
342567,2,2,0.00126,0.00505,0.99369
21157741,2,2,0.00095,0.00475,0.9943
20345209,2,2,0.28543,0.21315,0.50143
40881496,2,2,0.00124,0.00494,0.99382
35807535,0,0,0.70452,0.28688,0.0086
26963280,2,2,0.00189,0.00436,0.99375
16308122,2,2,0.00088,0.00591,0.99322
4874067,2,2,0.00129,0.00901,0.9897
32419584,2,2,0.00157,0.00475,0.99369
1012407,2,2,0.00104,0.00674,0.99222
31759413,2,2,0.00106,0.00595,0.99299
20384608,2,1,0.05865,0.88919,0.05216
1031740,2,2,0.00676,0.05083,0.94241
27558787,2,2,0.00162,0.00332,0.99506
32901053,1,0,0.90293,0.09406,0.00301
13872321,2,0,0.70824,0.26987,0.02189
24748241,2,2,0.00123,0.0106,0.98817
27421600,2,2,0.00139,0.01505,0.98356
38112117,0,0,0.63781,0.35499,0.0072
8808739,1,0,0.72649,0.26518,0.00833
21157161,2,2,0.00127,0.01024,0.98849
37415997,2,2,0.00201,0.00413,0.99386
36883115,2,2,0.00309,0.02663,0.97029
22778923,2,2,0.01265,0.08673,0.90063
14079238,2,2,0.00315,0.02155,0.9753
35393117,2,2,0.00156,0.00695,0.99149
37231679,2,2,0.00199,0.01625,0.98177
14325558,2,2,0.0081,0.08479,0.90712
38140226,0,0,0.67834,0.31546,0.0062
19391778,0,0,0.96901,0.02727,0.00372
7833142,2,2,0.0012,0.00595,0.99285
15304132,0,0,0.69036,0.3016,0.00804
1100253,0,0,0.63149,0.35423,0.01428
17566899,0,1,0.25793,0.72338,0.01868
37003466,2,2,0.00149,0.00555,0.99296
36404347,2,2,0.00159,0.00497,0.99344
13401178,2,1,0.25973,0.41687,0.3234
32234888,2,2,0.0016,0.01383,0.98457
39574286,0,1,0.11864,0.74692,0.13444
24860155,2,2,0.0121,0.08479,0.90311
22296872,2,2,0.00111,0.00453,0.99436
39774787,2,0,0.54526,0.43472,0.02002
28885955,2,2,0.00154,0.00805,0.99041
31396723,0,0,0.98693,0.01038,0.00269
16218949,2,2,0.0022,0.00976,0.98804
15550879,2,2,0.00309,0.02693,0.96998
34033102,0,0,0.78706,0.20693,0.00601
27622600,2,2,0.00245,0.00862,0.98893
25401036,2,2,0.00148,0.0119,0.98662
29442641,2,2,0.00101,0.00362,0.99537
36844416,0,0,0.96819,0.02901,0.00281
2182012,2,2,0.00094,0.00391,0.99515
7495285,1,1,0.10632,0.86958,0.0241
14739682,0,0,0.78857,0.15819,0.05325
34581408,2,2,0.00146,0.0131,0.98544
8051454,1,1,0.3055,0.6831,0.01139
38411778,2,2,0.00803,0.06341,0.92856
32962784,2,2,0.00095,0.00475,0.9943
19115877,2,2,0.00195,0.0165,0.98155
31130085,0,0,0.80388,0.18871,0.0074
20801641,2,2,0.00138,0.00416,0.99446
40712435,2,2,0.00499,0.02851,0.9665
41384799,2,2,0.1238,0.43211,0.44409
38999594,2,2,0.00104,0.00407,0.99489
5661487,2,2,0.00217,0.0075,0.99033
17277273,2,2,0.01177,0.20068,0.78754
34051637,2,1,0.13985,0.72851,0.13164
40617900,2,2,0.00466,0.064,0.93134
25711766,0,1,0.14585,0.6213,0.23284
33047441,0,0,0.97537,0.02307,0.00156
36319279,0,0,0.88728,0.10976,0.00296
2136654,0,1,0.43388,0.5316,0.03452
16141824,2,2,0.00171,0.01039,0.9879
5887215,2,2,0.00171,0.00911,0.98918
4590116,2,2,0.001,0.0053,0.99371
2273321,2,2,0.00109,0.00663,0.99227
1523264,2,2,0.00325,0.00848,0.98827
35522267,2,2,0.00257,0.0245,0.97293
14688312,2,2,0.00138,0.00757,0.99106
16126471,2,2,0.00081,0.00526,0.99393
38337773,2,2,0.00114,0.00766,0.9912
18752294,2,2,0.00161,0.00711,0.99128
32724244,2,2,0.0035,0.04059,0.95591
15437891,0,0,0.98704,0.0114,0.00156
40201687,1,1,0.1013,0.8548,0.04391
35266067,2,2,0.00116,0.006,0.99284
40633239,0,0,0.98935,0.00823,0.00241
418826,2,2,0.00222,0.01587,0.98191
847724,2,2,0.00324,0.01078,0.98598
22546684,2,2,0.02591,0.48134,0.49275
14138603,2,2,0.00294,0.01293,0.98413
10797907,2,2,0.00116,0.00628,0.99256
2023430,2,2,0.00185,0.00798,0.99016
37002006,2,2,0.00392,0.05162,0.94446
26644145,0,0,0.95568,0.04155,0.00277
30011460,2,2,0.00136,0.00751,0.99113
36712638,2,2,0.0032,0.00791,0.98889
23636486,2,2,0.00208,0.01481,0.9831
30266552,0,0,0.98714,0.00895,0.00391
38607931,0,0,0.8756,0.1185,0.0059
36821415,2,2,0.03572,0.15754,0.80673
15181110,2,0,0.55052,0.41718,0.0323
19647887,2,2,0.00124,0.00513,0.99363
40703620,0,0,0.9882,0.00992,0.00188
19523669,1,1,0.14034,0.83484,0.02482
36692592,2,2,0.00175,0.00376,0.99449
39289805,2,2,0.00234,0.02395,0.97371
17719920,2,1,0.01985,0.66235,0.3178
32297894,2,2,0.00122,0.00559,0.99319
36664014,0,0,0.96253,0.03533,0.00214
36286832,1,0,0.7027,0.28392,0.01338
34313079,2,2,0.00103,0.00619,0.99279
7654840,2,2,0.02245,0.19241,0.78514
40593455,2,2,0.00163,0.01011,0.98825
10128691,2,2,0.02119,0.02721,0.9516
17467617,2,2,0.00118,0.00482,0.99399
24025373,2,2,0.00165,0.0147,0.98365
22331516,2,1,0.34389,0.57817,0.07794
22529711,2,2,0.00132,0.00568,0.993
12149427,2,2,0.00255,0.01733,0.98012
23511837,2,2,0.00193,0.01425,0.98382
30246565,0,0,0.8519,0.13961,0.00848
23330736,2,2,0.00136,0.004,0.99464
6533908,0,0,0.81292,0.18068,0.0064
27944500,2,2,0.00544,0.05152,0.94305
2393804,2,2,0.00142,0.01222,0.98636
40249602,0,0,0.73708,0.24117,0.02174
6746290,2,2,0.00155,0.01185,0.98659
3370661,2,1,0.08454,0.60074,0.31472
36396901,2,2,0.00113,0.00391,0.99496
22516942,2,2,0.00356,0.03862,0.95782
39552009,1,1,0.2001,0.64467,0.15523
36970902,0,1,0.43329,0.55636,0.01035
41372755,0,0,0.72524,0.24772,0.02704
29478617,0,0,0.98126,0.01702,0.00172
17491839,2,2,0.00674,0.10992,0.88334
29218354,2,2,0.00103,0.00419,0.99478
26923895,0,0,0.51192,0.47345,0.01464
12351893,0,0,0.78987,0.20286,0.00727
21078623,2,1,0.39985,0.4315,0.16865
955937,0,0,0.574,0.41022,0.01578
24300897,2,2,0.00116,0.0046,0.99423
27556522,2,2,0.00428,0.05695,0.93877
7622339,2,2,0.00114,0.00977,0.98909
16160016,2,2,0.00114,0.00802,0.99084
34094870,2,2,0.14066,0.17235,0.68699
24335950,2,2,0.00355,0.02626,0.97018
37421827,2,2,0.00116,0.0049,0.99394
17828530,2,1,0.11848,0.84271,0.0388
11765021,2,2,0.0014,0.00774,0.99086
39760755,0,0,0.81315,0.18003,0.00682
27485608,2,0,0.94807,0.04918,0.00275
35158764,2,2,0.00098,0.00674,0.99228
36281312,0,0,0.9744,0.02369,0.00191
8810901,2,2,0.00098,0.00586,0.99316
30637294,0,0,0.9285,0.06752,0.00398
36253875,0,0,0.9883,0.00988,0.00182
25539775,2,2,0.00118,0.0085,0.99032
11682063,2,2,0.04055,0.05786,0.90159
15488050,2,2,0.00086,0.00669,0.99245
7956317,2,2,0.00743,0.06453,0.92805
8329561,0,0,0.76646,0.22045,0.01309
38323648,0,0,0.98435,0.0121,0.00355
39185474,0,1,0.23329,0.60955,0.15716
7111732,2,2,0.00256,0.02565,0.97179
22470324,2,2,0.01331,0.45488,0.53181
10448627,0,0,0.8003,0.19009,0.00961
19623189,2,2,0.0087,0.07588,0.91542
32323603,2,2,0.00104,0.00353,0.99542
40687847,2,2,0.0027,0.02051,0.97679
27600310,2,2,0.00808,0.14179,0.85013
9486619,2,2,0.00126,0.004,0.99474
11821123,2,2,0.0025,0.00618,0.99133
9942762,2,2,0.00139,0.01367,0.98494
28359348,2,2,0.00098,0.0037,0.99532
37316925,2,2,0.01413,0.17728,0.80859
16212745,2,2,0.00113,0.00457,0.9943
26437485,2,2,0.0029,0.02819,0.96891
25993103,2,2,0.00146,0.0129,0.98564
37669046,2,2,0.00097,0.00407,0.99497
7396112,2,2,0.00129,0.01039,0.98831
20279669,2,2,0.00238,0.00594,0.99167
31808100,2,2,0.00118,0.00391,0.99491
7766769,2,2,0.00111,0.0079,0.99099
5676247,2,2,0.00169,0.00883,0.98948
17195525,0,0,0.88065,0.11552,0.00383
9941614,0,0,0.95014,0.04719,0.00267
12049685,2,2,0.00095,0.00506,0.99399
7873162,2,2,0.01915,0.47128,0.50957
2289509,2,2,0.00126,0.00391,0.99483
17137973,2,2,0.00115,0.00453,0.99432
4670570,2,2,0.009,0.16788,0.82312
4329587,1,0,0.81015,0.08212,0.10773
22531952,2,2,0.00188,0.01101,0.98712
19947644,2,2,0.0013,0.00614,0.99257
36107504,2,2,0.00634,0.02214,0.97151
21165855,2,2,0.00231,0.00756,0.99013
20634745,2,2,0.00943,0.10072,0.88985
3018118,2,2,0.00218,0.01498,0.98283
9845164,2,0,0.85275,0.10736,0.03988
28911591,0,0,0.72468,0.26246,0.01286
239517,2,2,0.00171,0.00739,0.9909
15084660,2,2,0.00515,0.00645,0.9884
26724192,0,0,0.69685,0.28823,0.01492
38726627,2,2,0.00137,0.01336,0.98527
30258331,0,0,0.681,0.30936,0.00964
13939672,0,0,0.66825,0.32314,0.00861
15196146,2,2,0.00244,0.01221,0.98535
7112437,2,2,0.00131,0.01305,0.98564
28505410,2,2,0.00156,0.0108,0.98764
9065671,2,2,0.00095,0.0044,0.99465
30715774,2,2,0.00151,0.01123,0.98726
33818154,2,2,0.00135,0.0111,0.98755
15059252,2,2,0.00217,0.00762,0.99021
23974089,2,2,0.00987,0.02241,0.96773
39708084,0,0,0.95913,0.03741,0.00346
41401170,2,2,0.00234,0.02186,0.9758
9838994,2,2,0.00134,0.00653,0.99213
3851535,2,2,0.00097,0.0037,0.99533
19921455,0,0,0.92546,0.07221,0.00233
39214994,2,2,0.00484,0.04275,0.9524
23369031,2,2,0.00086,0.00717,0.99197
5470784,0,0,0.89017,0.1059,0.00393
8371374,2,2,0.00131,0.00843,0.99025
21413171,2,2,0.00143,0.00426,0.99431
25301683,2,2,0.0029,0.02699,0.97011
37168176,1,1,0.48478,0.49628,0.01894
24916758,2,2,0.00123,0.01295,0.98582
14800615,2,2,0.00147,0.00811,0.99042
6214779,2,2,0.00101,0.00802,0.99097
23688575,2,2,0.0008,0.00586,0.99334
7286496,2,2,0.00197,0.00727,0.99075
6926416,2,2,0.00252,0.02589,0.97158
35571939,2,2,0.00114,0.00638,0.99247
9707039,2,2,0.00282,0.02463,0.97255
13708347,1,1,0.24502,0.55223,0.20276
25744439,2,2,0.00191,0.0089,0.98919
20624932,2,2,0.00097,0.00407,0.99497
31418255,2,2,0.00143,0.00525,0.99332
30429891,2,2,0.00111,0.00684,0.99205
27407940,2,2,0.12561,0.20851,0.66588
34366408,2,2,0.00109,0.00359,0.99532
23049835,1,1,0.04408,0.88195,0.07397
31326659,2,2,0.00496,0.06367,0.93136
37573908,0,0,0.98499,0.01335,0.00165
33517674,2,1,0.12986,0.81937,0.05077
10407865,2,2,0.00169,0.00382,0.99449
11357931,0,0,0.89449,0.09727,0.00824
14604430,2,2,0.0073,0.01333,0.97937
12885236,0,0,0.9883,0.00855,0.00315
35721582,2,2,0.10444,0.17905,0.71651
21790141,2,2,0.00232,0.01649,0.98119
926110,2,2,0.00154,0.00599,0.99247
23669697,2,2,0.00116,0.00542,0.99342
5023262,0,2,0.02001,0.18078,0.79921
9192174,2,2,0.00095,0.00479,0.99426
37677150,2,2,0.00174,0.00762,0.99064
24494364,2,2,0.0741,0.42147,0.50443
23272104,0,0,0.72354,0.26411,0.01235
33349025,2,2,0.00512,0.07747,0.91741
32814296,1,1,0.02023,0.71325,0.26652
20930468,0,0,0.82234,0.17237,0.00529
34994999,1,1,0.02463,0.76013,0.21524
31579328,2,2,0.00358,0.01988,0.97655
23947121,2,2,0.00147,0.00599,0.99254
22282335,2,2,0.00621,0.07183,0.92196
25958528,0,2,0.01603,0.16805,0.81592
31524737,2,2,0.00753,0.03698,0.9555
37568050,2,2,0.00264,0.01403,0.98334
5053145,2,2,0.00116,0.00706,0.99178
26678595,2,2,0.0071,0.01108,0.98182
13330472,2,1,0.11645,0.8554,0.02815
37634726,0,0,0.65576,0.33756,0.00668
36671254,2,2,0.00095,0.00572,0.99333
24524054,2,2,0.00198,0.021,0.97702
21530783,2,2,0.00265,0.00976,0.9876
26029109,2,2,0.00194,0.01092,0.98714
25697061,2,2,0.00395,0.03061,0.96544
3477355,0,0,0.94655,0.04886,0.00459
8154924,1,1,0.14177,0.80552,0.05272
16522538,2,2,0.0025,0.0214,0.97611
22092142,2,2,0.00337,0.04755,0.94908
37031294,1,1,0.04847,0.91452,0.03702
7494023,2,1,0.30385,0.68473,0.01142
10146940,2,2,0.00265,0.02516,0.97219
34392605,2,2,0.00096,0.00502,0.99402
27158158,2,2,0.00138,0.00376,0.99486
29273771,2,2,0.00091,0.00429,0.9948
26001730,2,2,0.00182,0.01255,0.98563
18950059,2,0,0.51605,0.46987,0.01408
15930283,0,0,0.90164,0.09356,0.00481
19805770,0,0,0.60358,0.38667,0.00976
22906578,0,0,0.91459,0.08117,0.00424
5099684,2,2,0.00104,0.00394,0.99501
1466262,2,1,0.0437,0.79298,0.16332
7397618,2,2,0.00183,0.01924,0.97893
18979404,1,1,0.01294,0.54158,0.44549
2245083,2,2,0.00322,0.01654,0.98024
38089940,2,2,0.00268,0.02751,0.96981
21963464,2,2,0.00126,0.00706,0.99169
18807089,2,2,0.00111,0.00517,0.99372
27642097,2,2,0.00127,0.00821,0.99052
19511535,2,1,0.04786,0.82229,0.12985
15944880,2,2,0.00144,0.00936,0.9892
19263534,2,2,0.00113,0.00614,0.99274
22775605,2,2,0.0022,0.02409,0.97371
35141666,1,1,0.23827,0.72253,0.0392
9531036,2,2,0.00101,0.00959,0.98941
5053351,2,2,0.08746,0.2273,0.68524
39242733,2,2,0.00097,0.00483,0.99421
21167773,2,2,0.00113,0.00359,0.99528
28877337,2,2,0.00113,0.00577,0.9931
38198945,2,2,0.00154,0.00745,0.99101
13794500,2,2,0.00238,0.02103,0.97658
32933804,0,0,0.95835,0.03819,0.00346
2432253,0,0,0.98664,0.01149,0.00188
3029157,2,2,0.00135,0.01097,0.98768
7453968,2,2,0.00113,0.00436,0.99451
39665784,0,0,0.94139,0.05389,0.00471
31881992,2,2,0.00093,0.00546,0.9936
35905068,2,2,0.00098,0.00416,0.99486
33313365,2,2,0.00153,0.01149,0.98698
39657887,2,2,0.00151,0.0087,0.98979
37737155,1,2,0.00154,0.00604,0.99242
31519897,2,2,0.00292,0.00652,0.99056
14641314,2,2,0.04778,0.34219,0.61003
12644166,2,2,0.01855,0.07378,0.90767
12730795,2,1,0.45821,0.5274,0.01439
12287752,2,2,0.0026,0.02858,0.96883
21673778,2,2,0.00668,0.06247,0.93085
34256088,2,2,0.00094,0.00416,0.9949
20208459,2,2,0.00339,0.01239,0.98422
25015692,2,2,0.01502,0.3052,0.67978
16825965,2,2,0.02164,0.44156,0.5368
36073689,2,2,0.00099,0.00723,0.99178
8497628,2,1,0.28097,0.51527,0.20376
26620649,1,1,0.32638,0.65417,0.01945
35924054,2,2,0.00119,0.01056,0.98825
24100605,0,1,0.49127,0.499,0.00973
20028426,2,2,0.00111,0.00572,0.99317
28038622,2,1,0.1554,0.75636,0.08824
6869965,2,2,0.00126,0.00734,0.99141
26421077,0,0,0.87128,0.12237,0.00635
21465923,0,1,0.45187,0.54082,0.0073
20309682,2,1,0.02521,0.53484,0.43995
23155102,0,0,0.86751,0.12522,0.00727
3175123,2,2,0.0021,0.02076,0.97713
39033969,2,2,0.00227,0.02148,0.97624
36283377,2,2,0.00368,0.00672,0.9896
18088806,2,2,0.00138,0.00563,0.99299
40152861,0,0,0.78241,0.21223,0.00535
19167604,2,2,0.00265,0.00823,0.98912
1002059,2,2,0.00101,0.00623,0.99276
5041624,2,2,0.00141,0.01613,0.98246
16466021,2,2,0.00585,0.02561,0.96854
29007675,2,2,0.00101,0.00486,0.99413
29751705,2,2,0.00175,0.01528,0.98297
16500784,2,2,0.00098,0.00394,0.99508
20472733,2,2,0.00113,0.00464,0.99423
16663985,2,2,0.00183,0.00643,0.99175
24241860,2,2,0.00257,0.03824,0.95919
40651459,0,2,0.25831,0.31372,0.42797
20848473,0,0,0.81938,0.17651,0.0041
6053499,2,2,0.00374,0.02229,0.97397
35046768,0,0,0.79896,0.18393,0.01711
26104895,0,0,0.98107,0.01604,0.00289
19992631,2,2,0.00177,0.00962,0.98862
3058516,2,2,0.00229,0.01299,0.98472
10118194,2,2,0.14042,0.29324,0.56634
7023970,0,0,0.74434,0.24932,0.00634
9302501,2,2,0.00501,0.05428,0.94071
11863623,2,2,0.00224,0.01908,0.97868
22198963,1,1,0.11367,0.8269,0.05943
35962172,2,2,0.00113,0.00351,0.99536
6250816,2,2,0.00084,0.00591,0.99326
29253708,2,2,0.00545,0.06405,0.9305
10983948,0,0,0.62867,0.35128,0.02005
16958436,2,2,0.00358,0.03469,0.96173
12866659,2,2,0.00254,0.01808,0.97938
6094887,2,2,0.00143,0.01499,0.98357
14996201,0,1,0.12556,0.71415,0.16029
33282254,2,2,0.00124,0.00509,0.99367
34168067,2,2,0.0149,0.01125,0.97385
18439667,2,1,0.17405,0.53505,0.2909
38371348,1,1,0.18941,0.48556,0.32504
29579016,0,0,0.86348,0.13088,0.00564
28459822,2,2,0.00142,0.00847,0.99011
14828065,2,2,0.001,0.00498,0.99403
13309972,2,2,0.00141,0.01482,0.98377
21027535,2,2,0.00099,0.00648,0.99252
28813694,2,2,0.00103,0.00436,0.99461
14750002,2,2,0.00096,0.00754,0.9915
463667,0,2,0.03706,0.38319,0.57975
24602445,0,0,0.63935,0.34089,0.01976
39285823,0,1,0.32849,0.62094,0.05057
7756726,2,2,0.00694,0.01772,0.97533
37970580,2,2,0.00139,0.01181,0.9868
34305314,2,2,0.00492,0.04204,0.95304
35750395,0,0,0.98828,0.00969,0.00203
15245719,2,2,0.00184,0.01285,0.98531
33647239,0,0,0.84737,0.14783,0.00481
5747130,2,2,0.0047,0.05678,0.93852
38016132,2,2,0.00116,0.00821,0.99063
20437943,2,2,0.00114,0.00818,0.99068
39606079,0,0,0.92824,0.06857,0.00319
32446784,2,2,0.00138,0.00586,0.99276
22029590,2,1,0.01981,0.72033,0.25987
15022370,2,1,0.20297,0.76901,0.02801
11118191,2,2,0.02892,0.05708,0.914
21300411,0,0,0.86953,0.11185,0.01862
20657846,0,0,0.98722,0.00938,0.0034
38471952,2,2,0.00204,0.02284,0.97512
14539550,0,0,0.81495,0.17902,0.00603
1875738,2,2,0.00443,0.02488,0.9707
28256888,2,2,0.00136,0.00734,0.99131
5384735,2,2,0.00135,0.0141,0.98455
23736196,2,2,0.00112,0.00884,0.99004
6728344,2,2,0.00247,0.01668,0.98085
19281175,2,2,0.00092,0.00555,0.99353
30828808,2,2,0.00116,0.00805,0.99079
11387014,2,2,0.00092,0.00664,0.99245
15039209,0,1,0.19594,0.76893,0.03513
24162911,2,2,0.02398,0.05469,0.92133
5123030,2,2,0.00136,0.00494,0.9937
5412104,2,2,0.00252,0.0124,0.98508
6699012,2,2,0.00098,0.00522,0.99381
2886926,2,0,0.79464,0.20092,0.00444
26885473,0,0,0.74976,0.24152,0.00873
35522232,2,2,0.00107,0.00674,0.99219
16258893,2,2,0.00095,0.00619,0.99286
35130832,2,2,0.00416,0.054,0.94184
1390211,2,2,0.00118,0.00643,0.99239
34974511,2,2,0.00092,0.0069,0.99218
4036580,2,2,0.0032,0.02299,0.97381
11170856,2,2,0.00423,0.02377,0.972
33502473,2,1,0.04394,0.88598,0.07008
27680796,2,2,0.00114,0.01056,0.9883
34054471,2,2,0.00109,0.00775,0.99116
9186857,2,2,0.00161,0.00586,0.99253
29974169,0,0,0.90482,0.09154,0.00364
5580948,2,2,0.00229,0.01366,0.98405
24456906,0,0,0.55294,0.39209,0.05496
40557693,2,2,0.00107,0.00745,0.99147
24570783,2,2,0.00207,0.00774,0.99019
19144737,0,0,0.89422,0.09715,0.00863
37103638,2,2,0.00147,0.00513,0.9934
33191784,0,0,0.98507,0.01284,0.00209
28988682,0,0,0.81706,0.16993,0.013
4781421,2,2,0.00123,0.00908,0.98969
23266026,2,2,0.00271,0.01787,0.97942
5646716,2,2,0.00147,0.00768,0.99085
29812301,0,0,0.68222,0.3075,0.01028
18130149,1,1,0.10483,0.87944,0.01573
6795314,2,2,0.00113,0.007,0.99187
36545352,2,2,0.00091,0.00443,0.99466
23703636,2,1,0.02245,0.76703,0.21052
23412382,0,1,0.47566,0.51431,0.01003
8487390,1,0,0.4212,0.41224,0.16656
18151881,2,2,0.00115,0.00534,0.99352
2098173,2,2,0.00189,0.01656,0.98154
24603875,0,0,0.90818,0.08408,0.00774
41624783,2,2,0.04845,0.09267,0.85887
8613135,2,2,0.00242,0.02124,0.97634
2593068,2,2,0.00115,0.00379,0.99506
18858224,2,2,0.00193,0.01135,0.98671
36156567,2,2,0.00109,0.00542,0.99349
33637602,2,2,0.00455,0.04293,0.95252
22840069,1,0,0.57469,0.38432,0.04099
8152229,2,2,0.02089,0.34922,0.62989
34581573,2,2,0.03549,0.11136,0.85315
37807961,2,2,0.00197,0.00947,0.98856
20428003,2,2,0.00491,0.02895,0.96614
31814125,1,1,0.36189,0.5897,0.04841
29605557,0,0,0.86669,0.12782,0.00549
13872203,2,2,0.0022,0.00836,0.98944
5267864,2,2,0.02887,0.34899,0.62214
20491134,2,2,0.02754,0.48053,0.49193
28155719,2,2,0.00096,0.0074,0.99164
11956353,2,2,0.00156,0.0108,0.98764
6840092,2,2,0.00212,0.01361,0.98427
35055923,0,1,0.06791,0.90414,0.02795
33729866,2,2,0.00639,0.00736,0.98625
33623652,2,2,0.00147,0.00429,0.99424
528937,2,2,0.00094,0.00453,0.99453
23225117,0,0,0.56458,0.42285,0.01257
8736632,2,2,0.00427,0.03009,0.96565
38746366,0,0,0.51336,0.45304,0.0336
38725711,1,0,0.6628,0.31926,0.01794
11581463,2,2,0.00149,0.00595,0.99256
22541786,2,2,0.00186,0.00426,0.99388
36380569,2,2,0.00139,0.0111,0.98751
35102115,2,2,0.00252,0.01198,0.9855
39096976,2,2,0.00171,0.01047,0.98782
26352052,2,2,0.00104,0.00426,0.9947
37708927,0,0,0.83373,0.161,0.00528
17778288,1,1,0.34377,0.64226,0.01397
14753762,0,0,0.79947,0.17562,0.02491
13554208,2,2,0.00176,0.01499,0.98326
16232592,1,1,0.07437,0.77801,0.14762
14765687,2,1,0.11129,0.75315,0.13556
20922548,0,0,0.84347,0.14772,0.0088
34482288,2,1,0.01982,0.82335,0.15683
30491861,2,0,0.4442,0.21522,0.34058
26785930,1,1,0.11086,0.87542,0.01371
17884007,2,2,0.00409,0.01045,0.98546
39694728,0,1,0.15039,0.76803,0.08158
23370106,2,2,0.00152,0.00628,0.9922
6899555,1,1,0.24676,0.73383,0.0194
31008253,2,2,0.00159,0.00521,0.9932
30438370,2,2,0.00168,0.01399,0.98434
39320167,0,0,0.88917,0.10455,0.00628
18333133,2,2,0.00854,0.13385,0.85761
23632026,0,0,0.72942,0.22094,0.04964
19256748,2,2,0.00136,0.00413,0.99451
4214646,0,1,0.44898,0.53736,0.01366
28797908,2,2,0.00646,0.03518,0.95836
10404686,2,2,0.00092,0.00517,0.9939
17036034,1,0,0.58982,0.39598,0.0142
1523533,1,0,0.70535,0.28057,0.01408
8222999,2,2,0.00889,0.09824,0.89287
34443794,1,1,0.31522,0.46654,0.21824
3140983,2,2,0.00132,0.00674,0.99195
9412904,2,2,0.00253,0.02168,0.97578
34389494,0,0,0.55797,0.4179,0.02414
556089,2,2,0.00189,0.01656,0.98154
11063340,2,2,0.00326,0.03348,0.96326
10570640,2,2,0.00822,0.02644,0.96534
9883351,2,2,0.08174,0.06646,0.8518
25768110,0,0,0.98419,0.01382,0.00199
12674351,0,0,0.94727,0.0499,0.00283
32720307,0,0,0.96926,0.02859,0.00215
10374316,2,2,0.0026,0.01022,0.98717
9804569,2,2,0.00102,0.0085,0.99047
40861274,2,2,0.00109,0.00356,0.99534
17910847,2,2,0.00154,0.00599,0.99247
12595569,2,2,0.02902,0.11634,0.85464
16881032,1,2,0.00887,0.04242,0.9487
20019970,2,2,0.00763,0.1102,0.88217
11320731,2,1,0.08474,0.62859,0.28667
35792898,2,2,0.00092,0.00486,0.99422
6576930,2,2,0.00116,0.00915,0.98969
39488676,0,0,0.79526,0.19718,0.00756
38057810,2,2,0.00101,0.00482,0.99416
35896844,2,2,0.00166,0.00638,0.99196
6783881,1,1,0.0243,0.64156,0.33414
24446427,2,2,0.00316,0.03451,0.96233
36499172,0,2,0.20218,0.28153,0.51629
541334,2,2,0.0012,0.00517,0.99363
2094056,2,2,0.00104,0.00674,0.99222
41442986,2,2,0.00154,0.00397,0.99449
34406213,1,2,0.01671,0.38945,0.59384
13849827,0,0,0.747,0.24633,0.00667
34077135,2,2,0.00193,0.01594,0.98214
31915951,2,2,0.00136,0.00679,0.99185
4161141,0,0,0.84613,0.14761,0.00626
14839424,2,2,0.00244,0.01425,0.98332
5661314,0,0,0.92818,0.06803,0.00379
31167106,2,2,0.01215,0.0599,0.92795
6618124,2,2,0.00521,0.01789,0.9769
35531682,1,2,0.05092,0.26783,0.68126
19278039,2,2,0.00166,0.00824,0.9901
9587571,2,2,0.00243,0.03411,0.96346
5761908,2,2,0.00129,0.0094,0.98931
36391188,2,0,0.71084,0.24614,0.04302
27060364,0,1,0.30168,0.54043,0.15789
32478496,2,2,0.00153,0.01336,0.98512
1214497,1,2,0.32731,0.30933,0.36336
36057482,2,2,0.00161,0.0078,0.99059
7048971,0,0,0.91083,0.08589,0.00328
21674821,2,2,0.01366,0.19232,0.79402
28622788,1,0,0.74218,0.25055,0.00728
26006494,2,2,0.0051,0.06732,0.92757
14315526,2,2,0.00869,0.15835,0.83295
2915510,0,0,0.97563,0.02237,0.002
26694413,2,2,0.00096,0.00513,0.9939
35845052,2,2,0.00098,0.00502,0.994
25315805,2,2,0.04393,0.11416,0.84191
40211295,2,2,0.01279,0.04047,0.94674
23550842,2,2,0.00351,0.03762,0.95887
23372696,2,2,0.00086,0.00643,0.9927
9282030,0,0,0.8921,0.10408,0.00382
19964653,1,0,0.80647,0.18858,0.00495
26473127,0,0,0.79037,0.19984,0.0098
27728779,2,2,0.00104,0.00679,0.99217
6007526,2,2,0.00315,0.00835,0.9885
33509951,2,1,0.1031,0.50551,0.39139
16164161,2,2,0.00163,0.01055,0.98782
14837267,2,2,0.00209,0.01241,0.9855
18465127,2,2,0.00085,0.00404,0.99511
20098005,2,2,0.00327,0.03267,0.96407
28620043,2,2,0.00093,0.00754,0.99153
107524,2,2,0.00261,0.00694,0.99045
11117194,1,1,0.33544,0.65165,0.01291
23021630,2,2,0.02232,0.09289,0.88478
32333831,2,2,0.00101,0.00559,0.9934
26170033,2,2,0.00149,0.00733,0.99117
39713673,0,0,0.84343,0.14628,0.01029
28133350,0,1,0.07975,0.84249,0.07775
29603820,2,2,0.01946,0.09284,0.88771
38827385,2,2,0.00106,0.00711,0.99183
19997128,2,2,0.01363,0.31393,0.67243
19207110,2,2,0.00182,0.00962,0.98856
37864282,2,2,0.0013,0.00614,0.99257
5922370,2,2,0.0012,0.00446,0.99434
27105007,2,2,0.00387,0.01883,0.9773
18873191,2,2,0.00093,0.00638,0.99268
3898045,2,2,0.00208,0.01481,0.9831
33607996,2,2,0.00278,0.00896,0.98826
19540481,2,1,0.17702,0.79491,0.02806
28285424,0,0,0.95752,0.04035,0.00213
26182798,2,2,0.10659,0.11799,0.77542
21492961,2,2,0.00116,0.006,0.99284
5638610,2,2,0.01397,0.34377,0.64226
19114220,2,2,0.0218,0.46619,0.51201
23554960,2,2,0.00139,0.01145,0.98716
13357316,0,1,0.08905,0.69227,0.21868
20877571,2,2,0.00083,0.00479,0.99439
21685352,2,2,0.00249,0.00678,0.99072
13259261,2,2,0.00339,0.04067,0.95594
3112561,2,1,0.03851,0.54422,0.41727
6123409,2,2,0.00865,0.12272,0.86863
31948553,0,0,0.73936,0.2322,0.02844
22723848,2,2,0.00494,0.02348,0.97158
17872567,0,0,0.96715,0.03098,0.00187
19112256,0,1,0.19811,0.78971,0.01218
2358122,2,2,0.00103,0.00348,0.99549
20196064,2,2,0.00104,0.0045,0.99446
36099187,0,1,0.27302,0.71371,0.01328
6138764,2,2,0.00506,0.03134,0.9636
364027,2,2,0.00169,0.0087,0.98962
6309273,1,0,0.89385,0.10107,0.00507
28971204,2,2,0.00433,0.01536,0.98031
21201281,2,2,0.00113,0.00498,0.9939
23350369,0,0,0.98837,0.0091,0.00253
564857,2,1,0.28536,0.70077,0.01388
19565121,2,2,0.00247,0.03083,0.9667
27342464,2,0,0.5622,0.41779,0.02
7417736,0,0,0.8082,0.18533,0.00647
7994014,2,2,0.01638,0.03181,0.95181
2599899,2,2,0.00559,0.05487,0.93954
31631692,2,2,0.00143,0.00505,0.99352
13277499,0,0,0.96999,0.02822,0.00179
23228953,2,2,0.00254,0.03369,0.96376
15290663,2,2,0.01495,0.16905,0.816
2959741,2,2,0.00198,0.01931,0.97871
16780652,2,2,0.01603,0.05255,0.93143
22045965,2,2,0.00147,0.00373,0.9948
1693554,2,2,0.00242,0.00694,0.99064
25813859,2,2,0.00149,0.00679,0.99172
7884615,2,2,0.00534,0.02402,0.97065
17146579,0,0,0.98431,0.01399,0.0017
17494178,2,2,0.00101,0.00802,0.99097
9425592,2,2,0.0013,0.00343,0.99527
38202535,2,2,0.00397,0.00828,0.98774
31437436,2,2,0.00384,0.04084,0.95531
37413815,0,0,0.93784,0.05908,0.00308
13275387,2,2,0.00089,0.00443,0.99468
12650537,2,2,0.00346,0.03762,0.95892
24955305,2,2,0.00116,0.00614,0.9927
6097780,2,2,0.00111,0.0046,0.99428
17702149,2,2,0.00212,0.01118,0.9867
17035244,2,2,0.00096,0.00658,0.99245
37604316,2,2,0.00317,0.01474,0.98209
19064579,2,2,0.00336,0.00432,0.99232
15053206,2,2,0.00103,0.00628,0.99269
34882142,2,2,0.00203,0.0241,0.97387
9798380,2,2,0.00127,0.01223,0.98651
18051881,2,2,0.00113,0.00525,0.99362
39425530,2,2,0.00763,0.1102,0.88217
11626730,2,2,0.00101,0.00446,0.99452
27995111,2,2,0.00318,0.02867,0.96815
21687820,2,2,0.00202,0.01714,0.98084
25993336,2,2,0.00143,0.00413,0.99445
7091297,2,2,0.00084,0.00446,0.9947
38298500,2,2,0.00227,0.00637,0.99135
25922506,2,2,0.00373,0.05465,0.94162
13884884,2,2,0.02045,0.14991,0.82964
16853478,0,0,0.92911,0.06659,0.0043
34628677,2,2,0.0087,0.08949,0.90181
29407827,0,0,0.98492,0.01346,0.00163
10238368,0,1,0.38234,0.6015,0.01616
8059876,2,2,0.00228,0.02068,0.97705
1385069,2,2,0.00097,0.0037,0.99533
9547012,2,2,0.00162,0.00426,0.99413
5352324,2,2,0.0034,0.03837,0.95823
28594363,2,2,0.00442,0.01005,0.98553
19822275,2,2,0.00136,0.00433,0.99431
11699695,2,2,0.0018,0.00464,0.99356
34631851,2,2,0.00354,0.03034,0.96612
27520281,2,2,0.00228,0.01662,0.9811
35995887,1,0,0.71194,0.28319,0.00487
23686325,2,2,0.01278,0.15874,0.82848
28116149,0,0,0.78029,0.21499,0.00471
20235202,2,2,0.00665,0.12213,0.87122
25659233,2,2,0.00431,0.05097,0.94472
8609066,2,2,0.00096,0.00517,0.99386
17030044,0,0,0.73608,0.25839,0.00553
37124823,0,1,0.31327,0.63035,0.05639
41162891,2,1,0.01606,0.5035,0.48044
28628936,2,2,0.00088,0.00669,0.99244
37204158,2,2,0.00108,0.0045,0.99442
936024,2,2,0.00616,0.07986,0.91398
14345454,2,2,0.00372,0.02801,0.96827
1241676,2,2,0.00295,0.0244,0.97265
27010666,0,0,0.90742,0.08811,0.00447
19591817,2,2,0.00174,0.00856,0.9897
1036327,1,0,0.59096,0.39366,0.01538
8290563,2,2,0.00104,0.00453,0.99442
23136434,2,2,0.00419,0.04825,0.94756
14833763,2,2,0.01221,0.26113,0.72666
11516348,2,2,0.00118,0.00433,0.99449
6438712,2,2,0.00345,0.02519,0.97136
26004916,2,0,0.56242,0.41148,0.0261
163566,2,2,0.00147,0.00863,0.9899
4381363,2,0,0.74274,0.24589,0.01137
37937185,2,2,0.00421,0.05717,0.93862
23233240,2,2,0.00192,0.01768,0.9804
5115226,2,1,0.02504,0.78516,0.1898
20744273,2,2,0.00324,0.04164,0.95513
13922289,2,1,0.1548,0.58765,0.25754
3974825,2,2,0.00197,0.01114,0.9869
37090116,2,2,0.00495,0.08148,0.91357
36029415,2,1,0.03413,0.61442,0.35146
29202044,2,2,0.00114,0.00802,0.99084
35918888,2,2,0.00486,0.02554,0.96961
10651393,2,2,0.00398,0.02289,0.97314
11930510,2,2,0.00149,0.01015,0.98836
34971385,2,2,0.00604,0.00914,0.98482
28438774,2,0,0.3696,0.2644,0.36601
17098163,2,2,0.00162,0.00314,0.99524
34001616,2,2,0.00153,0.01131,0.98715
18447248,2,2,0.00462,0.0294,0.96599
5658174,2,2,0.00101,0.00482,0.99416
5362344,2,2,0.0031,0.00744,0.98946
26261676,2,2,0.22094,0.14718,0.63188
13811354,0,0,0.98836,0.00996,0.00168
33295841,2,2,0.00166,0.01114,0.9872
41086766,2,0,0.66385,0.32102,0.01513
26268439,2,1,0.02882,0.80984,0.16135
5675510,2,2,0.01649,0.02495,0.95855
23049255,2,2,0.00159,0.00376,0.99465
26363809,0,0,0.98594,0.01241,0.00165
33415341,2,2,0.00106,0.00679,0.99215
38059474,2,2,0.00124,0.00359,0.99517
697166,2,2,0.00224,0.00376,0.994
38284988,0,1,0.45637,0.53355,0.01008
29171917,2,2,0.01863,0.44102,0.54035
37672680,0,0,0.98176,0.01657,0.00167
31415277,0,0,0.981,0.01708,0.00192
40374960,2,2,0.00111,0.00609,0.9928
12302475,2,2,0.0012,0.00385,0.99495
35028314,2,2,0.00104,0.00775,0.99121
24405275,2,2,0.00109,0.00505,0.99385
34263920,2,2,0.00094,0.00464,0.99442
2740567,2,2,0.00273,0.01046,0.98681
19340357,0,0,0.91725,0.07361,0.00913
36963811,0,0,0.73628,0.25346,0.01026
16676767,2,2,0.00106,0.0037,0.99524
6912548,2,2,0.00109,0.00521,0.99369
38237274,2,2,0.00106,0.00555,0.99339
19746418,2,2,0.00179,0.00904,0.98917
25499445,2,2,0.00147,0.00419,0.99434
9707251,2,2,0.003,0.00875,0.98825
28606973,1,1,0.07919,0.67352,0.24729
237035,2,2,0.00927,0.03768,0.95305
1781890,1,0,0.67811,0.31535,0.00654
28503389,2,2,0.00109,0.00379,0.99511
25846220,0,0,0.98393,0.01459,0.00148
32250074,2,2,0.07578,0.1795,0.74472
28276412,0,0,0.98715,0.01127,0.00158
4040438,2,2,0.01273,0.03755,0.94972
1684512,2,2,0.00241,0.02507,0.97252
34537222,2,2,0.01659,0.04154,0.94187
30715436,0,0,0.51257,0.44882,0.03861
32036215,2,2,0.00091,0.00581,0.99328
24488707,2,2,0.001,0.00446,0.99454
15340312,2,2,0.00095,0.00506,0.99399
13784237,2,2,0.00236,0.03116,0.96648
38634208,0,0,0.66424,0.32882,0.00693
30137499,2,2,0.00161,0.00805,0.99034
36645016,2,2,0.00207,0.01994,0.97798
14225728,2,2,0.00276,0.01623,0.98101
14976165,2,2,0.00177,0.0217,0.97653
14301377,2,2,0.00149,0.00733,0.99117
12286890,2,2,0.00085,0.00464,0.99451
18476676,2,2,0.00155,0.01204,0.98641
41320580,2,2,0.00279,0.01929,0.97792
2816757,2,2,0.00204,0.00449,0.99346
21922024,2,2,0.01394,0.06101,0.92505
24358198,2,2,0.00203,0.00863,0.98934
17089148,2,2,0.06167,0.11321,0.82513
12403276,2,2,0.00115,0.00453,0.99432
27407710,2,2,0.00109,0.00863,0.99028
41103227,0,0,0.56892,0.40185,0.02922
39363230,0,0,0.90725,0.08664,0.00611
36746588,2,2,0.00129,0.0102,0.98851
24699867,2,2,0.0012,0.00581,0.99299
36194882,2,2,0.00104,0.00555,0.99341
10233976,2,2,0.0013,0.00365,0.99506
20149709,2,2,0.00092,0.00591,0.99317
31566665,2,2,0.00217,0.00689,0.99094
19479254,1,1,0.42707,0.5441,0.02884
30019929,2,2,0.00709,0.09326,0.89965
32480526,2,2,0.04752,0.04884,0.90365
26970514,2,2,0.00243,0.01624,0.98133
800650,2,1,0.09318,0.82247,0.08435
10119564,2,2,0.00886,0.20634,0.78481
15908193,2,2,0.00095,0.0049,0.99415
34997174,2,2,0.00242,0.02257,0.97501
38414624,0,0,0.66486,0.29734,0.0378
23858078,2,2,0.00099,0.00772,0.99129
27181478,0,2,0.01621,0.45546,0.52834
23965499,1,1,0.09507,0.89064,0.01428
4306608,0,0,0.79664,0.19145,0.01191
10260125,0,0,0.90449,0.0924,0.00311
2999652,0,0,0.96998,0.02809,0.00193
34442084,0,0,0.98533,0.01265,0.00202
24031650,2,2,0.0085,0.0085,0.98299
24636482,2,2,0.00107,0.0079,0.99103
6350219,2,2,0.00149,0.00559,0.99292
39190763,0,0,0.84243,0.15104,0.00653
4199607,2,1,0.17634,0.72309,0.10057
16025399,2,2,0.28968,0.32721,0.38311
30144334,2,2,0.00146,0.01266,0.98589
36247487,2,2,0.00224,0.02076,0.977
28033395,2,2,0.00854,0.13385,0.85761
10122018,1,0,0.50515,0.46355,0.0313
21567780,0,1,0.17132,0.80781,0.02087
19087668,2,2,0.00091,0.00526,0.99384
35320165,0,1,0.1159,0.8682,0.0159
85147,0,0,0.7082,0.2817,0.0101
5715363,0,0,0.86718,0.1264,0.00642
12175326,2,2,0.00092,0.00446,0.99461
30278093,2,2,0.00704,0.09982,0.89315
32566184,2,1,0.20775,0.4873,0.30495
19548813,2,2,0.00096,0.00653,0.9925
9460151,2,1,0.02313,0.73674,0.24012
38788456,2,2,0.00112,0.00922,0.98966
28336685,2,2,0.00287,0.00792,0.98922
34872378,2,2,0.01515,0.24351,0.74134
11058979,2,1,0.04161,0.89665,0.06174
20418424,0,0,0.68504,0.25648,0.05847
6276468,2,2,0.00136,0.0046,0.99404
25326144,2,2,0.00189,0.01656,0.98154
11995743,0,0,0.81119,0.18242,0.00639
28496865,2,2,0.00253,0.00983,0.98764
17523531,2,0,0.86324,0.13187,0.0049
40665625,0,0,0.91463,0.08246,0.00291
36669661,1,1,0.0338,0.89926,0.06695
37279706,1,1,0.39878,0.58936,0.01186
27510998,2,2,0.00116,0.00619,0.99265
37759212,1,1,0.24446,0.74131,0.01423
34132566,0,0,0.88328,0.11186,0.00486
35865360,2,2,0.00151,0.00943,0.98905
31651719,2,2,0.09232,0.08809,0.8196
8597939,2,1,0.02695,0.84508,0.12796
14641949,0,0,0.85071,0.14134,0.00796
37461585,2,2,0.00725,0.10085,0.8919
11551338,2,2,0.02576,0.13456,0.83969
36245204,2,2,0.00184,0.01285,0.98531
6008107,1,0,0.7847,0.20631,0.00899
25358383,2,2,0.00124,0.00563,0.99313
24588385,0,0,0.92865,0.06489,0.00646
960007,2,2,0.00278,0.02147,0.97574
2059592,2,2,0.0054,0.07241,0.92219
23237765,2,2,0.00287,0.02043,0.9767
29218053,2,2,0.00266,0.01937,0.97797
38189864,0,0,0.67464,0.31251,0.01285
10857819,2,2,0.00101,0.00426,0.99473
11418787,2,2,0.01525,0.46356,0.52119
9750070,0,0,0.69385,0.2961,0.01005
17982821,2,2,0.00245,0.00738,0.99016
18456540,2,2,0.00133,0.01023,0.98843
10970061,2,2,0.00554,0.01789,0.97657
18174536,2,1,0.03412,0.87994,0.08594
40414291,2,2,0.0029,0.0123,0.9848
38653874,2,2,0.00118,0.00397,0.99485
13457986,2,1,0.04669,0.87405,0.07926
7253847,0,0,0.94071,0.05595,0.00334
21663889,0,0,0.91982,0.07462,0.00556
32893049,2,2,0.00261,0.02261,0.97477
35697811,0,0,0.98711,0.0114,0.00148
28265555,0,0,0.98809,0.01023,0.00168
40346829,0,0,0.67462,0.20395,0.12143
25044868,2,2,0.00536,0.04983,0.94481
4063815,2,2,0.00284,0.01766,0.9795
34363721,1,2,0.00302,0.03268,0.9643
13980012,2,2,0.00111,0.00564,0.99325
11227149,2,2,0.00128,0.00722,0.9915
17219132,2,2,0.00681,0.08759,0.9056
29585946,1,0,0.64145,0.34334,0.0152
18094534,2,2,0.00134,0.00486,0.9938
35563185,2,2,0.00253,0.02223,0.97524
1780154,2,2,0.00373,0.05465,0.94162
30329685,2,2,0.00296,0.02122,0.97581
13201437,0,0,0.98553,0.0126,0.00187
4836689,1,1,0.26522,0.72094,0.01384
32029534,2,2,0.00103,0.00365,0.99533
5257229,0,0,0.97422,0.02401,0.00177
23816653,2,2,0.00189,0.01656,0.98154
156415,2,2,0.00169,0.00581,0.9925
24053518,2,2,0.00201,0.00537,0.99262
8876868,0,1,0.18034,0.78952,0.03014
19939234,0,0,0.89274,0.08271,0.02455
26791595,2,2,0.00104,0.00542,0.99354
839073,2,2,0.00156,0.00695,0.99149
5254884,2,2,0.00722,0.07608,0.9167
35859553,2,2,0.00326,0.03418,0.96256
22090200,2,2,0.00157,0.016,0.98242
21101015,1,1,0.17215,0.80854,0.01931
22798085,2,1,0.11228,0.87113,0.01659
16038470,1,0,0.76099,0.20927,0.02974
7884397,0,0,0.97474,0.02306,0.0022
35614970,2,2,0.00111,0.00564,0.99325
41375446,0,0,0.93562,0.06183,0.00255
19101235,2,2,0.00803,0.17301,0.81896
27816137,2,2,0.00116,0.006,0.99284
28350560,2,2,0.02493,0.19956,0.77551
24672885,2,2,0.00259,0.01753,0.97988
29571951,0,0,0.98584,0.01246,0.00171
24063125,2,2,0.00196,0.01436,0.98368
18646582,2,2,0.00122,0.00787,0.99092
30561967,2,2,0.00176,0.01203,0.98621
2186951,2,2,0.00111,0.00498,0.99391
4201885,0,0,0.59681,0.39447,0.00871
7892914,2,2,0.00162,0.01735,0.98103
16022721,2,2,0.00154,0.00774,0.99072
15826044,2,2,0.00099,0.00674,0.99227
23357100,2,2,0.00156,0.00908,0.98936
29310967,2,2,0.00465,0.10996,0.8854
9242166,2,2,0.0089,0.09721,0.89389
1893272,0,0,0.87846,0.11842,0.00312
10804727,2,2,0.00595,0.024,0.97005
37407434,2,2,0.00106,0.00648,0.99246
34279500,2,2,0.00397,0.01037,0.98567
6831690,2,2,0.00219,0.01382,0.984
33650722,2,2,0.00104,0.00754,0.99142
13889998,2,2,0.00331,0.02011,0.97658
15066952,2,1,0.06357,0.8085,0.12792
40956908,2,2,0.00341,0.02221,0.97438
37741372,2,2,0.00194,0.00768,0.99038
24875467,0,0,0.8892,0.10662,0.00418
3122167,2,2,0.00092,0.00446,0.99461
17874811,1,1,0.01504,0.55561,0.42935
18678830,0,0,0.98689,0.01058,0.00252
14164090,0,0,0.92917,0.06679,0.00404
7455958,1,1,0.32098,0.65604,0.02298
13148701,2,2,0.0158,0.29117,0.69304
24738459,2,2,0.00109,0.00443,0.99448
2786061,2,2,0.00132,0.00684,0.99184
35268158,1,1,0.29958,0.68574,0.01468
33231732,2,1,0.11285,0.57311,0.31404
10384241,2,2,0.00355,0.04159,0.95486
27211072,2,2,0.00273,0.02594,0.97134
3986755,2,2,0.04109,0.0383,0.92062
23708288,2,2,0.00343,0.02916,0.96741
5021391,2,2,0.08038,0.0521,0.86752
14511391,2,2,0.00411,0.03567,0.96022
36826443,0,0,0.95167,0.04561,0.00272
12754860,2,2,0.00332,0.01598,0.9807
3916103,2,2,0.00694,0.07012,0.92294
27534904,0,0,0.71918,0.27191,0.00891
3603368,2,2,0.00188,0.01039,0.98773
7561525,2,0,0.80673,0.1567,0.03657
5247794,2,2,0.00227,0.02284,0.97489
7994586,2,2,0.00131,0.00799,0.9907
7882849,2,2,0.00114,0.00717,0.99169
40678390,0,0,0.86313,0.12248,0.01439
250097,0,0,0.93954,0.05637,0.00409
15091571,1,1,0.34206,0.61218,0.04575
34488154,2,2,0.00125,0.0119,0.98685
18641681,2,2,0.02464,0.05796,0.9174
9678135,2,2,0.01185,0.13072,0.85742
12614721,2,2,0.04596,0.19465,0.75939
36867522,2,2,0.00116,0.00609,0.99275
11366152,2,2,0.00244,0.02891,0.96865
10127367,0,0,0.97568,0.02194,0.00238
37187608,0,0,0.9846,0.01361,0.00179
20788665,2,2,0.00269,0.03815,0.95916
10453327,2,2,0.00094,0.00433,0.99474
18921039,2,2,0.00136,0.00811,0.99053
22997634,2,2,0.00265,0.00786,0.98949
20603020,2,2,0.08388,0.41613,0.49999
14663159,2,2,0.0012,0.00717,0.99163
24476688,2,2,0.00116,0.0059,0.99293
19159535,0,1,0.20026,0.74841,0.05133
21486683,2,2,0.00354,0.04507,0.95139
39926878,2,2,0.00187,0.01588,0.98226
13505722,2,2,0.00146,0.01008,0.98846
27434479,2,2,0.00098,0.00591,0.99312
23596106,2,2,0.01526,0.1184,0.86634
33773947,2,2,0.00108,0.00457,0.99435
5405840,2,1,0.0296,0.91368,0.05672
31110014,2,2,0.0027,0.02005,0.97725
2016055,2,2,0.0012,0.00653,0.99227
39980030,2,2,0.00103,0.00388,0.99509
1342260,2,2,0.00184,0.01285,0.98531
39505485,2,2,0.00573,0.01476,0.97951
29479336,2,0,0.69074,0.20082,0.10844
24779934,2,2,0.00089,0.0041,0.99501
32402341,0,0,0.95557,0.04179,0.00264
38083054,2,2,0.00435,0.02685,0.96881
6184131,1,0,0.70634,0.28206,0.0116
23110242,2,2,0.00965,0.05097,0.93938
9269373,0,0,0.63565,0.3456,0.01875
12290808,2,2,0.00201,0.01901,0.97898
37087463,2,2,0.00644,0.03851,0.95506
4786201,2,2,0.00129,0.0088,0.98991
19974356,0,0,0.85918,0.13594,0.00487
14028296,2,2,0.00138,0.00811,0.99051
32555907,0,0,0.95681,0.04042,0.00277
2502,2,2,0.0012,0.00479,0.99401
16799022,2,2,0.00085,0.00475,0.9944
6328022,2,2,0.00103,0.00433,0.99465
7616278,0,0,0.95462,0.04286,0.00252
6802073,2,0,0.62703,0.35727,0.0157
38615284,2,2,0.00149,0.0059,0.99261
29710792,0,0,0.63144,0.33536,0.0332
12032355,2,2,0.00131,0.01043,0.98825
37029377,2,2,0.0013,0.00614,0.99257
6726454,2,2,0.00169,0.00824,0.99008
8453133,2,2,0.00233,0.01335,0.98433
5817014,1,0,0.79293,0.20206,0.00502
33094836,2,2,0.00118,0.01,0.98882
1626826,2,2,0.0114,0.24372,0.74488
35769446,2,2,0.00207,0.0201,0.97783
20549948,2,2,0.00136,0.00394,0.9947
32213404,2,2,0.00156,0.00517,0.99326
24569346,0,1,0.23728,0.67728,0.08544
37137504,0,0,0.97676,0.02158,0.00166
16429760,2,2,0.00116,0.00799,0.99085
6726188,0,0,0.98783,0.01043,0.00174
13284977,1,1,0.09984,0.8343,0.06586
21375208,2,1,0.11547,0.55302,0.33151
9632162,2,2,0.00223,0.02531,0.97246
1487382,0,0,0.74874,0.24499,0.00628
25757690,2,2,0.00503,0.05071,0.94426
14877596,2,2,0.00092,0.00403,0.99504
29213709,1,0,0.8101,0.18076,0.00914
12110513,0,0,0.98926,0.00883,0.00191
25135797,2,2,0.00245,0.00903,0.98852
13641320,2,2,0.00167,0.01695,0.98138
14583394,2,2,0.07411,0.23368,0.69221
35179982,2,2,0.00137,0.01132,0.98731
17112423,2,2,0.00192,0.0188,0.97928
27959629,2,2,0.0012,0.00475,0.99405
15945499,0,0,0.93581,0.06071,0.00348
18801553,2,2,0.001,0.00517,0.99383
17277952,0,0,0.90816,0.08835,0.00349
2442016,2,2,0.00111,0.00517,0.99372
2881834,0,0,0.97884,0.01938,0.00178
16273726,0,0,0.93837,0.05786,0.00378
25936693,1,0,0.82847,0.16377,0.00775
27959462,0,0,0.75137,0.24015,0.00848
8682061,2,2,0.00414,0.07253,0.92332
37869573,2,0,0.48937,0.42186,0.08877
28806553,2,2,0.00126,0.00684,0.9919
11781647,2,2,0.00127,0.01149,0.98724
23024094,2,2,0.00156,0.01136,0.98709
26832622,2,2,0.00523,0.01326,0.98151
41117454,2,2,0.00102,0.00711,0.99186
36456497,0,0,0.97893,0.01909,0.00198
19920212,2,2,0.00154,0.00446,0.994
15900036,2,2,0.00534,0.00765,0.987
11376124,2,2,0.00144,0.01068,0.98788
38847627,2,2,0.00284,0.01661,0.98055
12144071,2,2,0.02401,0.15552,0.82046
5306521,2,2,0.00257,0.00727,0.99016
12454493,2,1,0.06039,0.76203,0.17758
39657410,0,1,0.1318,0.84779,0.02041
41196277,2,2,0.00203,0.0262,0.97177
19322563,1,1,0.05632,0.92149,0.02219
27010972,2,2,0.00101,0.00413,0.99486
18923220,2,1,0.02067,0.61854,0.36079
35175432,2,2,0.00182,0.00824,0.98994
18535206,2,2,0.22085,0.24989,0.52927
31880193,2,2,0.00126,0.00468,0.99407
11027050,2,2,0.00119,0.01036,0.98845
21684222,2,2,0.00089,0.0042,0.99491
5865039,0,0,0.95937,0.03767,0.00296
6152463,2,2,0.0009,0.00669,0.99241
36131898,0,1,0.38846,0.55644,0.0551
4126458,2,1,0.30391,0.67689,0.0192
12845476,2,2,0.00121,0.00897,0.98981
22413302,2,1,0.01908,0.63193,0.34899
35392202,0,0,0.93842,0.05854,0.00303
16865975,2,2,0.00094,0.00457,0.99449
26829196,2,1,0.06158,0.91194,0.02648
39002684,0,0,0.82921,0.16456,0.00623
37081118,2,1,0.05003,0.50925,0.44072
40424394,2,2,0.00155,0.01222,0.98622
34434550,2,2,0.00136,0.00837,0.99028
27192932,0,0,0.90463,0.09063,0.00475
16301199,2,2,0.00385,0.05425,0.9419
8149912,2,2,0.00202,0.01481,0.98317
12244048,2,2,0.00122,0.0045,0.99428
29593363,2,1,0.38304,0.45222,0.16474
30119404,1,2,0.06713,0.26013,0.67274
30113444,2,2,0.00358,0.03347,0.96295
2117750,2,2,0.00095,0.00479,0.99426
35317394,2,2,0.00278,0.00862,0.9886
2045032,2,2,0.00115,0.00327,0.99558
11357709,2,1,0.02656,0.5171,0.45634
14443405,2,2,0.01011,0.10794,0.88195
29728329,2,2,0.001,0.0044,0.99461
3745039,2,2,0.00253,0.00756,0.98991
29209879,2,2,0.00288,0.03551,0.96162
41582917,2,2,0.00144,0.01367,0.98489
7493740,2,1,0.04947,0.84983,0.10071
7828864,2,2,0.02274,0.04722,0.93004
35286558,0,0,0.98481,0.01346,0.00173
9901839,2,2,0.00173,0.01682,0.98145
25464791,0,0,0.78897,0.20342,0.00761
38880167,2,2,0.00476,0.03024,0.965
27817644,2,2,0.00098,0.00453,0.99449
305689,2,2,0.00104,0.0074,0.99156
34033059,2,2,0.01252,0.1365,0.85098
9137361,2,1,0.10924,0.80878,0.08198
2814840,2,2,0.02059,0.16972,0.80969
33800544,2,2,0.00132,0.00464,0.99404
11642917,0,0,0.9879,0.01031,0.00179
40327201,0,0,0.98417,0.0142,0.00163
41555686,2,2,0.00097,0.00471,0.99432
5119812,2,2,0.00388,0.04676,0.94936
20338305,2,2,0.00115,0.00446,0.99439
14786396,2,2,0.00559,0.00887,0.98554
15624109,2,2,0.00139,0.01167,0.98694
3099357,2,2,0.00827,0.05085,0.94088
34957161,0,0,0.83641,0.15472,0.00887
38929297,0,0,0.98537,0.0127,0.00193
29188545,2,1,0.03921,0.86489,0.09591
36191215,0,0,0.95224,0.04427,0.00349
39750991,2,2,0.00763,0.1102,0.88217
36805093,0,1,0.12047,0.84111,0.03843
14837636,0,0,0.98729,0.01026,0.00245
6475453,2,0,0.44882,0.43501,0.11617
21469226,2,2,0.00302,0.03458,0.9624
4716212,2,2,0.00203,0.0114,0.98658
16853018,2,2,0.00106,0.00609,0.99285
12809813,2,1,0.03343,0.62096,0.34561
28525314,2,2,0.00272,0.01329,0.98399
22877878,2,2,0.001,0.00498,0.99403
21280142,2,2,0.00211,0.01643,0.98145
17430677,0,0,0.91416,0.07673,0.0091
27802308,2,2,0.00108,0.00443,0.99449
3306834,2,2,0.00366,0.02866,0.96769
32085947,2,2,0.00125,0.00867,0.99008
35414348,2,2,0.00089,0.00382,0.99529
28726738,0,0,0.90028,0.09507,0.00465
14467469,2,2,0.00114,0.00619,0.99267
23776351,2,2,0.00159,0.00618,0.99223
37153125,0,1,0.10391,0.87212,0.02398
3217495,0,0,0.86674,0.12733,0.00593
8295639,2,1,0.14761,0.54416,0.30824
36245880,2,2,0.00711,0.07643,0.91646
31274010,2,2,0.00215,0.01398,0.98387
18266463,2,2,0.00111,0.00894,0.98995
38853085,0,0,0.89074,0.10473,0.00453
6472181,2,2,0.00127,0.00908,0.98965
40352066,0,1,0.22494,0.70791,0.06714
4173666,2,2,0.00212,0.01504,0.98284
13353444,2,2,0.00084,0.00605,0.99312
36843447,0,0,0.92135,0.07563,0.00303
31576962,2,2,0.00104,0.00821,0.99075
12517739,2,2,0.0093,0.05644,0.93426
38951691,0,0,0.98169,0.01605,0.00225
40773262,2,1,0.08716,0.73264,0.1802
32465471,2,2,0.00116,0.01016,0.98868
31087642,2,2,0.0014,0.00595,0.99265
20759529,2,2,0.00118,0.0037,0.99511
33238072,2,2,0.00117,0.00365,0.99519
14829703,1,2,0.04232,0.3642,0.59347
357870,2,1,0.04873,0.8706,0.08066
5432038,0,0,0.72376,0.27045,0.00579
28076001,0,0,0.8662,0.12925,0.00455
4632869,2,2,0.00151,0.01171,0.98678
26497143,2,2,0.00097,0.00416,0.99487
37173124,2,2,0.00111,0.00382,0.99507
30498561,2,2,0.00106,0.00595,0.99299
27376755,2,2,0.00104,0.00844,0.99052
5212735,2,2,0.00269,0.02318,0.97413
37500182,2,2,0.00289,0.03088,0.96623
22715907,2,2,0.00092,0.00416,0.99492
24405813,2,2,0.001,0.00521,0.99379
37156177,2,1,0.02643,0.73707,0.2365
40293880,2,2,0.00205,0.01414,0.9838
37993064,2,2,0.00111,0.00486,0.99403
33318878,0,1,0.43962,0.5514,0.00898
14858575,2,2,0.00194,0.00678,0.99127
36527057,2,1,0.10512,0.82845,0.06643
16360360,2,2,0.00557,0.02828,0.96615
35153781,2,2,0.00144,0.0085,0.99006
34466308,0,1,0.33275,0.63392,0.03333
40263778,2,2,0.0012,0.00426,0.99454
12217235,0,0,0.82839,0.16699,0.00463
13106884,2,2,0.00544,0.01984,0.97472
22132397,2,2,0.00096,0.00564,0.9934
18298893,0,1,0.03874,0.92414,0.03711
30310487,0,0,0.98811,0.01007,0.00182
23420411,2,2,0.00131,0.00911,0.98957
18893278,2,2,0.00163,0.00943,0.98893
39641774,2,2,0.00137,0.01047,0.98815
28584309,0,0,0.74781,0.24278,0.00941
15317099,2,2,0.00154,0.0086,0.98987
23757921,2,2,0.00084,0.00486,0.9943
22609433,2,2,0.03113,0.04477,0.9241
30918036,0,0,0.80063,0.18795,0.01142
3683684,2,2,0.0019,0.01356,0.98454
38584127,2,2,0.02912,0.079,0.89188
30477825,2,2,0.00154,0.00695,0.99152
31631407,2,2,0.00145,0.0049,0.99365
789848,1,0,0.69721,0.28951,0.01328
30113905,2,2,0.00109,0.00446,0.99444
40401376,0,0,0.91312,0.0772,0.00968
18488657,2,2,0.00264,0.01148,0.98588
33081972,2,2,0.00251,0.01747,0.98003
29266748,0,0,0.97863,0.01942,0.00195
10563300,2,2,0.00251,0.03145,0.96604
6737581,2,2,0.00253,0.02436,0.97311
1180836,2,2,0.00685,0.02344,0.96971
6904972,2,2,0.00166,0.00638,0.99196
6562700,0,0,0.97043,0.02705,0.00252
27177253,2,2,0.00113,0.00525,0.99362
21448090,2,2,0.001,0.00416,0.99484
20003898,2,2,0.00126,0.00471,0.99403
27968522,2,2,0.00443,0.02314,0.97243
36693807,1,0,0.64864,0.34181,0.00955
17861794,2,2,0.01127,0.03595,0.95279
34886511,1,1,0.17528,0.79638,0.02834
26698471,2,2,0.00839,0.00701,0.98461
12907895,2,2,0.00088,0.00687,0.99225
18821567,2,2,0.00099,0.00577,0.99324
4379251,1,1,0.25794,0.7122,0.02986
21672149,2,2,0.00263,0.03042,0.96695
27858837,1,1,0.05884,0.91141,0.02976
6643910,2,2,0.00146,0.01476,0.98378
6625454,2,2,0.00304,0.01303,0.98393
11761190,2,1,0.08402,0.86194,0.05404
20886917,1,1,0.11605,0.69717,0.18677
7038219,0,0,0.60967,0.36979,0.02054
19977350,2,2,0.00122,0.00525,0.99353
18810036,0,0,0.98114,0.01682,0.00205
35545632,2,1,0.08524,0.7278,0.18696
5350849,2,2,0.0022,0.00689,0.99091
22329235,2,2,0.00094,0.00403,0.99503
630556,1,0,0.67055,0.31428,0.01517
34786321,2,2,0.00188,0.00939,0.98873
13855386,0,0,0.49758,0.48987,0.01255
12730657,2,2,0.00116,0.00648,0.99236
37193006,2,2,0.0032,0.00848,0.98832
10616054,2,2,0.00159,0.00406,0.99435
18767469,2,2,0.0125,0.12445,0.86304
25709939,2,2,0.00141,0.00362,0.99498
23031239,2,2,0.00189,0.01663,0.98148
15003697,2,2,0.00116,0.00915,0.98969
38259119,2,2,0.00217,0.00446,0.99337
10939146,1,1,0.20137,0.69977,0.09886
31810871,2,2,0.01756,0.02345,0.95898
27791700,2,2,0.00136,0.00572,0.99292
29509750,2,2,0.00124,0.00426,0.9945
28685012,1,1,0.05128,0.85729,0.09142
25653082,0,0,0.82886,0.16385,0.00728
19732558,1,0,0.98723,0.01092,0.00185
7186591,2,2,0.00089,0.0045,0.99461
1500535,2,2,0.00318,0.01457,0.98226
16697232,2,2,0.001,0.00385,0.99515
13779738,1,0,0.6776,0.28357,0.03883
27912424,2,2,0.00118,0.00351,0.99531
13210093,2,2,0.00089,0.00577,0.99334
38726411,2,2,0.00133,0.01039,0.98827
9134686,2,2,0.00136,0.00359,0.99505
41076261,0,0,0.78869,0.20255,0.00876
1648556,2,2,0.00098,0.00638,0.99264
4617677,2,2,0.00763,0.1102,0.88217
24310131,2,2,0.00156,0.00658,0.99186
31203191,2,2,0.00112,0.01176,0.98712
29900798,0,0,0.84463,0.15203,0.00335
15911642,2,2,0.00234,0.00678,0.99087
11551947,0,0,0.87372,0.12058,0.00571
32543226,0,1,0.15477,0.83015,0.01509
32508935,2,2,0.01606,0.24544,0.7385
10588512,2,2,0.0014,0.00824,0.99036
28872419,0,0,0.98171,0.01669,0.0016
40573476,2,2,0.00142,0.00674,0.99184
21022524,0,0,0.58717,0.40356,0.00927
15121933,0,0,0.95706,0.04045,0.00249
24397624,2,2,0.00115,0.00517,0.99368
21952321,2,2,0.00088,0.00591,0.99322
35965265,2,1,0.32811,0.49351,0.17839
8360908,1,1,0.18686,0.7821,0.03104
17670334,2,2,0.00189,0.01656,0.98154
16388403,2,2,0.00125,0.01295,0.9858
38268975,2,2,0.00132,0.007,0.99168
36804834,2,2,0.00209,0.01101,0.9869
1445584,2,2,0.00545,0.06343,0.93112
17580590,2,2,0.03679,0.23572,0.72749
6184068,2,2,0.00288,0.02027,0.97685
16962543,2,2,0.00912,0.02393,0.96696
24559630,0,0,0.84876,0.1222,0.02904
31215579,2,2,0.00101,0.00784,0.99115
3645626,2,2,0.00198,0.01953,0.97849
38696870,2,2,0.00092,0.00413,0.99495
30121899,2,2,0.00089,0.00397,0.99513
2784349,2,2,0.00085,0.00475,0.9944
37402910,2,2,0.00097,0.00345,0.99558
1967388,2,2,0.00142,0.00793,0.99065
41327953,2,1,0.02277,0.81515,0.16209
37885624,1,1,0.18217,0.80378,0.01405
19817963,2,2,0.00118,0.00778,0.99104
24773878,2,2,0.00662,0.02559,0.96779
25716207,2,2,0.00259,0.01611,0.9813
11898902,2,2,0.00103,0.00509,0.99388
10527571,2,2,0.00103,0.00669,0.99229
16145790,2,1,0.2684,0.65272,0.07888
21356789,2,2,0.00156,0.00751,0.99093
6599360,2,2,0.00164,0.00768,0.99068
4295201,2,2,0.00227,0.00969,0.98805
14078348,2,2,0.00654,0.10994,0.88352
11273478,2,2,0.00197,0.02475,0.97328
20851517,0,0,0.97388,0.02396,0.00216
36169807,2,2,0.00157,0.00388,0.99455
24728044,1,0,0.69734,0.29527,0.00739
27212630,0,0,0.7086,0.14911,0.14228
4787899,2,2,0.07444,0.09337,0.83219
6721864,2,2,0.00106,0.00362,0.99532
17190065,2,2,0.01048,0.19476,0.79475
32366996,0,0,0.9802,0.01788,0.00192
26691732,2,0,0.47482,0.38754,0.13764
12992268,2,2,0.00118,0.00754,0.99128
17474662,1,0,0.86972,0.12287,0.00741
13078795,0,0,0.66402,0.31122,0.02476
32429382,2,2,0.01967,0.10399,0.87634
36674568,2,2,0.00149,0.00887,0.98964
11840771,2,2,0.00124,0.00695,0.99181
14587478,2,2,0.00114,0.00564,0.99322
33316792,1,0,0.50027,0.48868,0.01105
16502631,2,2,0.00142,0.00918,0.9894
26281210,0,0,0.93668,0.0565,0.00682
10963088,2,2,0.00101,0.00426,0.99473
35071193,2,2,0.0016,0.01341,0.98499
30996579,2,2,0.00199,0.01335,0.98466
28218372,2,2,0.00249,0.01007,0.98745
34300898,2,2,0.00106,0.00818,0.99076
10164534,2,2,0.01153,0.02821,0.96025
20265572,2,2,0.00328,0.01407,0.98265
2500172,0,1,0.16235,0.81328,0.02437
990678,2,2,0.00333,0.04505,0.95162
5031316,2,2,0.00433,0.01602,0.97965
1698371,0,1,0.22187,0.75942,0.01872
30045925,2,2,0.00138,0.00529,0.99332
36791484,2,2,0.00926,0.07531,0.91543
15415283,2,2,0.00137,0.01047,0.98815
24487950,0,1,0.15704,0.82608,0.01688
20226327,2,2,0.00226,0.01193,0.98581
27554432,2,2,0.00159,0.00623,0.99218
6328642,2,2,0.00911,0.06176,0.92913
34047289,2,1,0.02092,0.5523,0.42678
6895441,2,2,0.03142,0.16448,0.8041
29959252,2,1,0.02345,0.67477,0.30178
8667030,0,0,0.98879,0.00936,0.00185
21471951,0,0,0.86712,0.12788,0.005
25438870,0,0,0.92972,0.06524,0.00503
6607114,2,2,0.00116,0.00951,0.98933
31386351,2,2,0.00236,0.01398,0.98366
40971344,2,2,0.00162,0.01619,0.98219
39333540,2,2,0.00219,0.01203,0.98578
20412333,2,2,0.00242,0.02132,0.97626
8705620,2,2,0.00253,0.00727,0.9902
36952788,2,2,0.00091,0.00573,0.99337
16742552,2,2,0.00183,0.00403,0.99414
30627910,2,2,0.00202,0.01734,0.98064
10415013,2,2,0.0014,0.01085,0.98776
33141138,2,2,0.00104,0.0046,0.99435
2295994,2,2,0.00088,0.006,0.99312
11259409,1,1,0.06194,0.9155,0.02256
32312892,0,0,0.92376,0.07321,0.00303
29410883,0,0,0.98115,0.01698,0.00186
8288442,2,0,0.5114,0.2926,0.19601
31192451,2,2,0.00183,0.00542,0.99275
37174268,2,1,0.05989,0.58172,0.35839
31159573,0,0,0.98882,0.00947,0.00171
2548809,2,2,0.00099,0.00734,0.99167
24357284,2,2,0.00382,0.03302,0.96316
27643893,2,2,0.00324,0.04007,0.95669
4824877,2,2,0.00092,0.00638,0.9927
19224174,1,1,0.07098,0.90137,0.02765
22904511,2,2,0.01388,0.12062,0.8655
36855902,2,2,0.00118,0.00407,0.99475
7520486,2,2,0.00349,0.05944,0.93707
2309381,0,0,0.95523,0.0411,0.00367
14548464,2,2,0.00103,0.00426,0.99471
19363968,2,2,0.00692,0.10053,0.89255
28029781,2,2,0.00295,0.03952,0.95752
6836072,2,2,0.00148,0.01619,0.98233
21842702,1,1,0.33981,0.63733,0.02285
36095380,2,2,0.001,0.00433,0.99468
33722495,2,2,0.00089,0.00464,0.99447
19561049,1,0,0.62486,0.36734,0.0078
838487,2,2,0.00773,0.19165,0.80062
27438018,2,2,0.0047,0.05579,0.9395
16358942,2,1,0.28567,0.52084,0.19349
19087997,2,2,0.00118,0.00706,0.99176
27634349,0,0,0.96399,0.03434,0.00167
28799795,1,0,0.5534,0.43437,0.01223
14272177,2,2,0.00698,0.09245,0.90057
28539924,0,0,0.77815,0.2119,0.00995
15151796,1,1,0.31541,0.56558,0.11902
18425850,2,2,0.00116,0.00915,0.98969
37989705,0,0,0.97925,0.01843,0.00232
33381338,2,2,0.00122,0.00663,0.99215
13810214,2,2,0.00276,0.02885,0.96839
36803214,0,0,0.9854,0.01295,0.00165
31172961,2,2,0.00881,0.07864,0.91256
11553587,2,2,0.36643,0.22117,0.4124
37767832,2,2,0.00092,0.00546,0.99362
18747932,2,2,0.00098,0.00633,0.99269
8553916,0,0,0.72328,0.27027,0.00646
40547726,0,0,0.98808,0.01015,0.00176
35548828,2,2,0.00096,0.00648,0.99255
16367391,2,2,0.00137,0.01505,0.98358
27260330,0,1,0.47901,0.49037,0.03062
24926141,0,0,0.79815,0.19483,0.00701
39817795,2,2,0.00142,0.00929,0.98929
19206023,0,0,0.98798,0.00999,0.00203
38392311,2,2,0.01397,0.09429,0.89174
26531876,2,2,0.002,0.01031,0.98769
18401269,2,2,0.00202,0.01721,0.98078
14748361,2,2,0.01889,0.45421,0.52689
1324752,2,2,0.00131,0.0087,0.98999
7947856,2,2,0.00134,0.00464,0.99402
37848168,2,0,0.76272,0.18072,0.05656
33750872,2,2,0.00118,0.00379,0.99503
15346746,2,2,0.00891,0.03134,0.95975
26273437,2,2,0.0027,0.02172,0.97558
12322464,2,2,0.0023,0.02332,0.97437
40252889,2,2,0.00228,0.02068,0.97705
18558212,0,0,0.97881,0.01908,0.00211
41008120,2,2,0.00177,0.0078,0.99043
33571761,2,2,0.00184,0.01217,0.98598
31087920,2,2,0.31498,0.29655,0.38847
2872365,0,1,0.25128,0.6911,0.05762
14480007,2,2,0.00101,0.00551,0.99348
11918621,2,2,0.00189,0.01873,0.97938
34805102,0,0,0.82638,0.16855,0.00507
20506978,0,0,0.95165,0.04512,0.00322
19562843,2,2,0.00088,0.00494,0.99418
25492615,2,2,0.00781,0.01615,0.97604
36984277,2,2,0.00324,0.02398,0.97278
36497744,2,2,0.00106,0.00407,0.99487
21333729,2,2,0.00088,0.00404,0.99509
34415497,0,0,0.57796,0.41305,0.00898
32563439,2,2,0.00099,0.00555,0.99346
35163727,2,2,0.00315,0.03731,0.95953
27986713,2,2,0.00111,0.00509,0.9938
25078691,2,2,0.0029,0.01283,0.98427
3156292,0,1,0.45196,0.53672,0.01131
14152929,2,2,0.00216,0.00863,0.98921
37325236,2,0,0.93581,0.06148,0.00271
13936634,2,1,0.02538,0.57763,0.397
3037325,2,0,0.76397,0.22671,0.00932
21360478,2,2,0.00104,0.004,0.99495
39493460,1,1,0.03053,0.89219,0.07728
33754776,2,1,0.02661,0.4943,0.47909
27438768,2,2,0.0018,0.00751,0.9907
36104574,2,2,0.01481,0.00987,0.97533
34720619,2,2,0.00098,0.00609,0.99293
5166618,2,2,0.01202,0.1586,0.82938
9143031,2,2,0.00585,0.05468,0.93946
30302275,1,0,0.8358,0.16014,0.00406
22257059,2,2,0.00513,0.03164,0.96323
28846828,2,2,0.00128,0.00394,0.99478
1654164,2,1,0.01875,0.52697,0.45428
36407495,2,2,0.00103,0.00439,0.99458
18175034,2,2,0.00782,0.15642,0.83576
39089574,2,2,0.00216,0.00954,0.9883
7996209,2,2,0.00522,0.01638,0.9784
14460197,2,2,0.00168,0.01176,0.98656
35348449,2,2,0.00108,0.00619,0.99274
35600621,1,1,0.48246,0.4939,0.02365
37849388,2,2,0.00111,0.00419,0.99469
2362314,2,2,0.00144,0.00904,0.98952
32389920,0,0,0.90795,0.08816,0.00389
15620593,2,2,0.00126,0.00534,0.99341
17879468,2,1,0.30469,0.66032,0.035
15117903,2,2,0.00196,0.01459,0.98345
28808626,0,1,0.28942,0.44442,0.26616
21445995,2,2,0.00171,0.00786,0.99042
18066124,0,0,0.9223,0.07238,0.00532
24322966,2,2,0.02335,0.08675,0.88991
35444523,0,0,0.91438,0.08131,0.0043
38945034,0,1,0.40926,0.51736,0.07338
14958644,2,2,0.00134,0.00453,0.99413
2020141,2,2,0.00109,0.00784,0.99107
35633988,0,1,0.221,0.74765,0.03135
17453118,2,2,0.00097,0.00436,0.99467
12129345,2,2,0.00113,0.00479,0.99408
36769870,1,0,0.63482,0.3438,0.02139
9481008,2,2,0.00189,0.01656,0.98154
26233550,2,2,0.00196,0.01294,0.98509
6412669,2,2,0.00141,0.0037,0.99489
3857189,0,0,0.5705,0.41738,0.01212
35393490,2,2,0.00158,0.00981,0.98861
3771441,2,2,0.00103,0.00413,0.99484
20796146,2,2,0.00355,0.02707,0.96938
21554728,2,2,0.00171,0.00904,0.98925
19366550,2,2,0.00154,0.00684,0.99162
2504958,2,2,0.00854,0.04926,0.9422
37560734,2,2,0.02429,0.04263,0.93308
17069811,2,2,0.01985,0.41786,0.56229
16929371,2,2,0.00155,0.01638,0.98208
28589046,0,0,0.92242,0.07324,0.00434
12531269,2,2,0.00115,0.00509,0.99376
734923,2,2,0.0012,0.00947,0.98933
13011267,2,2,0.00097,0.00426,0.99477
27779004,2,2,0.00295,0.02472,0.97232
40097301,0,0,0.70028,0.29421,0.00552
37445751,2,2,0.00189,0.01656,0.98154
33182958,2,2,0.00094,0.00376,0.9953
27865460,2,2,0.01214,0.06777,0.92009
13491202,2,2,0.03184,0.23207,0.73609
22963981,2,2,0.00478,0.02544,0.96978
34747042,2,2,0.00164,0.00443,0.99393
41567855,2,2,0.00864,0.1375,0.85387
17118487,1,1,0.12944,0.84406,0.0265
36453645,2,2,0.00428,0.04132,0.95439
39356618,2,2,0.06831,0.14377,0.78792
31085003,2,2,0.00203,0.00843,0.98954
18078838,2,2,0.00122,0.00509,0.99369
34103278,0,0,0.62812,0.35789,0.01399
20453487,2,2,0.00871,0.06,0.93129
39159679,0,1,0.02194,0.84944,0.12862
17472348,2,2,0.00227,0.00673,0.991
38649474,0,0,0.83942,0.15168,0.0089
898740,2,2,0.00154,0.00432,0.99413
33085371,2,2,0.01042,0.02139,0.96819
30871775,2,2,0.0014,0.00947,0.98913
6382945,1,1,0.33433,0.65458,0.01109
10165604,1,1,0.11715,0.84679,0.03606
13694692,2,2,0.01002,0.18175,0.80823
32066880,0,0,0.88615,0.10729,0.00656
22871082,2,2,0.00145,0.004,0.99455
3989350,0,0,0.98176,0.01644,0.00181
25410619,2,2,0.00109,0.00498,0.99393
40098880,2,2,0.01426,0.07559,0.91015
1184121,0,0,0.86658,0.12681,0.00662
41398836,0,0,0.81042,0.18512,0.00446
37273850,0,0,0.93988,0.05722,0.0029
31082590,2,2,0.01145,0.09306,0.89549
25916240,2,2,0.00189,0.02041,0.9777
22537585,0,1,0.08128,0.87383,0.04489
16719615,2,2,0.00122,0.00353,0.99525
5522730,2,2,0.00109,0.00446,0.99444
22906530,2,2,0.00154,0.00695,0.99152
14630491,2,2,0.00111,0.007,0.99189
40463426,0,1,0.36967,0.61908,0.01125
15998992,2,2,0.00419,0.03233,0.96348
31992495,2,2,0.00155,0.01167,0.98678
16125030,0,0,0.76905,0.21523,0.01571
38054629,2,2,0.00149,0.00618,0.99232
27371161,1,2,0.01587,0.06881,0.91532
3359115,0,0,0.58407,0.40142,0.01451
39523735,2,1,0.05214,0.83814,0.10973
11058454,2,2,0.00088,0.00486,0.99426
35538918,2,2,0.00089,0.00464,0.99447
11724464,2,2,0.00228,0.01688,0.98084
38235506,2,2,0.01834,0.33532,0.64635
13733840,2,2,0.02017,0.02321,0.95662
35040586,2,2,0.00547,0.0296,0.96493
38851234,2,2,0.00106,0.00419,0.99475
27777794,0,0,0.97071,0.02643,0.00286
37764433,0,0,0.85452,0.13895,0.00652
36145926,2,2,0.00276,0.01402,0.98321
15056825,2,2,0.00529,0.03205,0.96265
35516750,2,2,0.00095,0.0074,0.99166
20424018,2,2,0.00166,0.01059,0.98775
35934619,1,2,0.00403,0.04133,0.95464
30310919,0,0,0.88809,0.10732,0.00459
18788069,0,0,0.9696,0.02843,0.00196
16931241,1,2,0.02359,0.45204,0.52437
6539660,0,0,0.96066,0.0372,0.00213
39062963,2,2,0.00144,0.0086,0.98996
21236266,2,2,0.00163,0.00929,0.98908
11041493,2,2,0.00227,0.00722,0.99051
39871403,2,2,0.00129,0.00808,0.99062
23459317,2,2,0.00138,0.00628,0.99234
3835017,2,2,0.00097,0.00446,0.99457
6496092,2,2,0.00468,0.05996,0.93536
39551994,2,2,0.0504,0.11031,0.83929
11962816,2,2,0.00151,0.00643,0.99206
25804309,0,1,0.40864,0.5808,0.01055
17694817,2,2,0.00348,0.01772,0.97881
33203400,2,2,0.00285,0.0137,0.98345
33480895,1,1,0.12417,0.8569,0.01893
19271217,2,2,0.03376,0.09561,0.87064
20229463,2,2,0.00127,0.00781,0.99092
23763897,2,2,0.00354,0.01616,0.98031
10178325,0,0,0.91482,0.0812,0.00398
11490126,2,2,0.03742,0.45406,0.50852
6104506,2,2,0.00722,0.09096,0.90182
14099494,2,2,0.00749,0.04123,0.95128
6071176,2,2,0.00353,0.01751,0.97895
2473967,2,2,0.00263,0.03042,0.96695
30276930,0,0,0.79009,0.2045,0.00541
13021166,2,2,0.00116,0.00926,0.98958
35853420,2,2,0.0013,0.00595,0.99275
8906475,2,2,0.00079,0.00446,0.99475
4228590,2,2,0.00431,0.0346,0.96109
24217250,2,2,0.00139,0.01383,0.98478
22164135,2,2,0.00116,0.00494,0.9939
12848776,2,2,0.003,0.02317,0.97382
11298195,2,2,0.00128,0.0049,0.99382
15624505,2,2,0.01035,0.01329,0.97636
13908365,2,2,0.00197,0.02433,0.9737
3325908,2,2,0.01334,0.03669,0.94997
39442264,1,0,0.53803,0.45307,0.0089
31717300,2,2,0.00255,0.01707,0.98039
30380405,0,0,0.84975,0.13275,0.0175
31158446,2,2,0.01099,0.21825,0.77075
13152562,0,0,0.92552,0.07109,0.00339
3528382,0,1,0.42417,0.54892,0.02691
14893534,0,0,0.80675,0.18356,0.00969
26818265,0,0,0.86681,0.12415,0.00905
37017145,0,1,0.34776,0.63465,0.01759
26283370,2,2,0.00104,0.00351,0.99545
27800677,2,2,0.00427,0.01444,0.98129
36590625,2,2,0.00144,0.0078,0.99075
24493684,2,2,0.00123,0.00831,0.99046
22907489,2,2,0.00396,0.01297,0.98308
39208445,0,2,0.12561,0.20851,0.66588
8539643,2,2,0.0014,0.00981,0.9888
14812511,1,1,0.04781,0.74206,0.21013
23306625,2,2,0.07995,0.047,0.87305
7553122,2,1,0.10938,0.60299,0.28763
12736157,2,2,0.00169,0.00555,0.99276
35270982,2,2,0.0012,0.00643,0.99237
17221610,2,2,0.00107,0.00745,0.99147
29808432,2,2,0.01032,0.1034,0.88628
8347191,1,0,0.93812,0.05376,0.00812
40017709,0,0,0.98536,0.01255,0.00209
8092642,2,2,0.00169,0.00663,0.99168
36181435,2,2,0.00168,0.01251,0.98581
23218430,2,1,0.10453,0.79073,0.10474
1834785,0,0,0.61392,0.36946,0.01662
27923218,0,0,0.94096,0.05604,0.00299
13625677,2,2,0.00239,0.03224,0.96537
29356435,2,2,0.00455,0.00452,0.99093
39868448,2,2,0.00127,0.00734,0.99139
20365515,2,2,0.00371,0.01434,0.98195
14480655,2,2,0.00186,0.02162,0.97653
6184565,2,2,0.00107,0.00638,0.99254
37311977,2,1,0.09872,0.78875,0.11253
14447026,2,2,0.00143,0.00426,0.99431
21949066,2,2,0.0016,0.01708,0.98132
20774378,2,2,0.008,0.21297,0.77902
9430276,0,0,0.98816,0.00957,0.00227
4912984,2,2,0.00124,0.0059,0.99286
13971310,2,2,0.00163,0.0126,0.98577
2470885,2,2,0.00265,0.00705,0.9903
16383348,2,2,0.01064,0.07577,0.9136
9237609,0,0,0.86726,0.12891,0.00383
29505178,0,0,0.98845,0.00925,0.0023
9628199,0,0,0.93579,0.06088,0.00332
39505462,2,2,0.00149,0.01012,0.9884
36295572,2,2,0.00095,0.00648,0.99257
24545597,2,2,0.00094,0.00483,0.99424
14660876,2,2,0.00092,0.00416,0.99492
16747992,2,2,0.00235,0.00453,0.99312
18106223,2,2,0.00326,0.01877,0.97797
14301829,2,2,0.00315,0.02299,0.97386
9466055,2,2,0.00358,0.04864,0.94778
27986079,2,2,0.00096,0.00725,0.99178
1788979,2,0,0.76339,0.22654,0.01007
22082,2,2,0.00094,0.00388,0.99518
12753011,2,2,0.00375,0.05,0.94625
34920965,1,2,0.00129,0.00962,0.98909
21099086,2,2,0.00191,0.01031,0.98778
33449692,2,2,0.00211,0.00394,0.99396
25912775,0,0,0.90675,0.08943,0.00382
22838412,0,0,0.96557,0.03248,0.00195
23484332,2,2,0.00117,0.00337,0.99546
28641884,2,2,0.00104,0.00581,0.99314
31692712,2,2,0.05913,0.20339,0.73747
2542289,1,0,0.52865,0.4593,0.01205
29999751,1,1,0.054,0.89221,0.05379
4330915,2,2,0.00103,0.00394,0.99503
38244521,2,2,0.00173,0.01482,0.98345
5008437,2,2,0.06619,0.32515,0.60866
28914833,2,2,0.00383,0.03021,0.96596
32078790,2,2,0.00198,0.021,0.97702
41454188,2,2,0.00178,0.01809,0.98013
28242511,2,2,0.00113,0.00416,0.99471
1996029,2,2,0.002,0.00824,0.98976
19207133,2,2,0.03336,0.07908,0.88756
20009109,0,0,0.83412,0.1617,0.00418
24106073,2,2,0.00149,0.00433,0.99418
24705766,2,2,0.00151,0.0111,0.98739
24781607,2,2,0.00106,0.00379,0.99515
4151802,2,1,0.05336,0.71395,0.23269
4287405,2,1,0.02374,0.49576,0.48051
17580422,0,0,0.87068,0.12446,0.00486
628552,2,2,0.00148,0.01167,0.98685
6919929,2,2,0.00308,0.04452,0.9524
39457273,1,1,0.40734,0.57894,0.01372
23478767,2,2,0.00135,0.00911,0.98953
14755998,2,2,0.00481,0.0488,0.94638
6045626,2,2,0.00088,0.00479,0.99433
31410382,2,2,0.00621,0.11484,0.87895
7639356,2,2,0.00124,0.00695,0.99181
4413382,2,2,0.00148,0.01089,0.98763
21990034,2,2,0.00363,0.00677,0.9896
31135011,2,2,0.00122,0.00379,0.99499
14703974,2,2,0.0012,0.0053,0.9935
21251508,2,2,0.00134,0.00423,0.99443
5012837,2,2,0.00239,0.01937,0.97824
244935,0,0,0.93452,0.0608,0.00468
31944517,0,0,0.82466,0.16952,0.00582
1329132,1,1,0.13254,0.83766,0.0298
22881618,2,2,0.00459,0.02039,0.97502
29856273,2,2,0.00095,0.00628,0.99277
19174849,0,0,0.83511,0.16126,0.00363
22050721,2,2,0.00183,0.0188,0.97937
20646174,2,2,0.04735,0.17033,0.78232
40035005,0,0,0.93554,0.06207,0.00239
24018793,2,2,0.0046,0.01811,0.97729
365883,2,2,0.00096,0.00717,0.99187
25844042,1,1,0.42902,0.55955,0.01143
15914967,2,2,0.00149,0.00786,0.99065
10874451,2,2,0.01228,0.34788,0.63984
37071799,2,2,0.00122,0.00505,0.99373
9827546,2,2,0.00219,0.02595,0.97186
24185404,0,0,0.86968,0.12677,0.00355
19516541,2,2,0.05419,0.22071,0.7251
19666864,2,2,0.00149,0.00733,0.99117
29927455,0,0,0.97829,0.01991,0.0018
9713578,0,0,0.94112,0.0557,0.00319
5499090,2,1,0.06761,0.87678,0.05561
30261267,2,2,0.00621,0.01304,0.98075
20223079,2,2,0.0032,0.00642,0.99038
23302233,2,2,0.11662,0.32264,0.56074
27898659,2,2,0.01582,0.01281,0.97136
12736556,2,2,0.00129,0.0088,0.98991
38893722,0,0,0.92371,0.06737,0.00892
28935093,2,2,0.00341,0.0198,0.97678
20151405,2,2,0.00114,0.00695,0.99191
26470602,2,2,0.00108,0.00609,0.99283
616784,2,2,0.00089,0.00664,0.99247
25259701,2,2,0.00493,0.04126,0.95381
40917658,2,2,0.00132,0.00397,0.99471
10683593,0,0,0.79293,0.20206,0.00502
22779789,0,0,0.82606,0.1698,0.00414
7765201,2,2,0.00631,0.09989,0.8938
37586024,2,2,0.00128,0.006,0.99273
30707907,2,2,0.00387,0.03352,0.9626
26752906,2,1,0.06508,0.8914,0.04352
17768855,2,2,0.00136,0.00818,0.99047
36107342,2,2,0.00134,0.00479,0.99387
16494034,2,0,0.64069,0.33368,0.02563
4547198,2,2,0.00358,0.02026,0.97616
20830333,2,2,0.00124,0.00619,0.99258
11064925,0,0,0.98139,0.01708,0.00152
18699427,2,2,0.00865,0.17514,0.8162
12139533,0,0,0.69937,0.29154,0.00908
17646697,2,2,0.002,0.01031,0.98769
25388264,2,2,0.0016,0.01582,0.98258
2970200,2,2,0.00984,0.02484,0.96532
37648429,0,0,0.8633,0.13188,0.00482
25202802,0,0,0.89626,0.10056,0.00318
1310502,2,0,0.86238,0.12694,0.01069
20950431,2,2,0.00174,0.01031,0.98795
39057683,0,0,0.56534,0.40561,0.02904
33652039,2,2,0.00162,0.00373,0.99465
3454821,2,2,0.00109,0.00559,0.99332
34330597,2,2,0.00138,0.00915,0.98948
21916889,2,2,0.00321,0.01996,0.97683
532140,0,0,0.49496,0.48729,0.01775
16927263,0,0,0.57336,0.41622,0.01042
37913003,2,2,0.00274,0.02059,0.97667
16773032,2,2,0.00153,0.01261,0.98587
23956700,2,2,0.06167,0.11321,0.82513
13391183,0,0,0.96199,0.03594,0.00207
30948108,2,2,0.00231,0.02124,0.97645
10666201,2,2,0.00128,0.00513,0.99359
7517162,2,2,0.00099,0.00619,0.99282
24306397,2,2,0.00197,0.00856,0.98947
37803702,2,2,0.00108,0.00426,0.99466
37258106,2,2,0.0018,0.02033,0.97786
3517840,0,0,0.57912,0.31333,0.10755
27968027,0,0,0.85557,0.14021,0.00422
25723002,1,1,0.03412,0.92955,0.03633
17306795,2,2,0.00296,0.02214,0.9749
17215319,2,2,0.00174,0.01035,0.98791
28924147,2,2,0.00398,0.02237,0.97365
18230915,0,0,0.98553,0.01265,0.00182
15683348,2,2,0.00098,0.00498,0.99404
30348270,0,0,0.98756,0.01076,0.00168
11170866,2,2,0.00116,0.00604,0.99279
249020,2,2,0.00882,0.04843,0.94275
3064933,0,0,0.90978,0.08327,0.00695
22397864,2,2,0.00169,0.00918,0.98913
31036757,2,2,0.00132,0.00614,0.99255
39305949,1,2,0.0697,0.22633,0.70397
35039197,0,0,0.89401,0.10228,0.00371
27462998,1,1,0.05797,0.64301,0.29903
30074750,2,2,0.00492,0.04344,0.95165
16209360,2,2,0.00124,0.0046,0.99416
39864596,2,2,0.00201,0.00563,0.99236
20719640,1,1,0.37355,0.60634,0.02011
18512658,2,2,0.00103,0.00695,0.99202
40138173,0,0,0.91456,0.08229,0.00315
40937891,2,2,0.00128,0.00674,0.99199
27640539,2,2,0.00146,0.01043,0.9881
14555372,2,2,0.00136,0.00546,0.99318
19860367,2,2,0.00098,0.00624,0.99279
19587634,2,2,0.00959,0.12751,0.8629
4391215,2,1,0.02539,0.74203,0.23258
39169424,2,2,0.00134,0.00751,0.99116
37989572,0,0,0.833,0.16023,0.00677
37671118,2,2,0.00485,0.0111,0.98405
26004081,2,2,0.00104,0.00731,0.99165
27270039,2,2,0.01705,0.21103,0.77192
16420102,0,0,0.6803,0.31146,0.00824
23890636,2,2,0.01442,0.12107,0.86452
33786579,2,2,0.00124,0.00416,0.9946
16316587,2,2,0.00201,0.00604,0.99196
9050094,2,2,0.00194,0.0089,0.98916
10012715,2,2,0.00348,0.01573,0.98079
3892605,2,2,0.00226,0.01071,0.98703
29834228,2,2,0.00132,0.004,0.99468
41084939,2,2,0.01136,0.16694,0.8217
36509383,2,2,0.00141,0.00356,0.99503
29195925,2,2,0.01313,0.06606,0.92081
2775868,2,2,0.00132,0.00529,0.99339
21435946,2,1,0.0328,0.50908,0.45812
25906821,2,2,0.1043,0.10677,0.78893
22227437,2,2,0.002,0.01092,0.98708
40297374,0,0,0.83504,0.15059,0.01437
23264001,2,2,0.00153,0.01149,0.98698
21741201,0,0,0.70942,0.27138,0.0192
9095500,2,2,0.00091,0.00624,0.99286
9717803,2,2,0.00097,0.00376,0.99527
28906791,2,2,0.00118,0.00884,0.98999
8304272,0,0,0.95304,0.04424,0.00272
20992357,2,2,0.00215,0.0134,0.98445
601124,2,2,0.00677,0.03432,0.95891
27444672,0,0,0.91857,0.07779,0.00364
22835115,0,0,0.83481,0.1612,0.00399
26307209,0,0,0.53724,0.44192,0.02083
33396043,2,2,0.00205,0.01637,0.98158
30030402,1,0,0.84964,0.13897,0.01139
5873345,2,2,0.00311,0.03484,0.96205
39852883,2,2,0.00215,0.01533,0.98252
12198822,2,0,0.63223,0.28386,0.08391
15146710,1,1,0.0238,0.78194,0.19426
3985766,2,2,0.00158,0.01315,0.98527
15347984,2,2,0.00386,0.06535,0.93078
3771534,2,2,0.00131,0.01172,0.98697
14999876,2,2,0.00762,0.01785,0.97453
1225226,2,2,0.00113,0.00648,0.99239
20041405,2,2,0.00114,0.00577,0.99309
24052413,0,0,0.89732,0.0955,0.00718
15963433,2,2,0.00136,0.00577,0.99287
27837805,1,1,0.08974,0.63275,0.27751
6360496,2,2,0.00126,0.00505,0.99369
32662895,2,2,0.0018,0.00684,0.99136
4689648,2,1,0.03868,0.86662,0.0947
30115363,2,2,0.00189,0.02045,0.97766
14147162,2,2,0.03095,0.34737,0.62168
28954737,2,2,0.00322,0.01497,0.98181
27787805,2,2,0.00532,0.05753,0.93715
10562663,2,1,0.21851,0.72634,0.05514
41359112,0,0,0.9409,0.05601,0.00309
14993309,2,2,0.00594,0.02571,0.96835
21281277,2,2,0.00092,0.0041,0.99498
6719649,1,1,0.29613,0.62692,0.07695
35865387,2,2,0.00374,0.05139,0.94487
28071178,2,2,0.00227,0.00637,0.99135
35466196,2,2,0.00137,0.01064,0.98799
40981964,2,2,0.00108,0.00379,0.99513
17492251,2,2,0.00111,0.00498,0.99391
24886605,2,2,0.00689,0.11838,0.87473
10846114,2,2,0.00184,0.01388,0.98428
36216655,0,0,0.79681,0.19757,0.00563
29452083,2,2,0.00528,0.01947,0.97525
26443853,2,2,0.00096,0.00781,0.99123
5351497,1,0,0.89468,0.10077,0.00455
24349538,2,2,0.01214,0.04564,0.94221
40543278,2,2,0.00147,0.00863,0.9899
4413926,0,0,0.92472,0.07145,0.00384
10090966,2,2,0.00697,0.10856,0.88447
13332512,2,2,0.00151,0.01265,0.98584
17360094,2,2,0.00101,0.00403,0.99495
10461876,2,1,0.03104,0.51284,0.45613
28427454,2,2,0.0012,0.00538,0.99342
20418315,2,2,0.00104,0.00464,0.99432
20270532,1,1,0.31332,0.67375,0.01293
28579064,2,2,0.00184,0.01437,0.98379
36330210,2,0,0.85673,0.13877,0.0045
1137285,2,2,0.00132,0.00376,0.99492
27230124,2,2,0.00088,0.00555,0.99357
23628166,2,2,0.00098,0.00737,0.99166
24859608,2,2,0.00132,0.00728,0.99141
4910745,2,2,0.00113,0.00513,0.99374
2416443,2,2,0.00084,0.00426,0.9949
22081852,0,0,0.95941,0.03864,0.00194
5523756,2,2,0.00111,0.00443,0.99446
35424835,2,1,0.02,0.78037,0.19963
36846057,2,2,0.00246,0.01879,0.97875
5186822,2,2,0.00175,0.01789,0.98036
19426114,0,2,0.2707,0.25072,0.47858
20599670,2,1,0.09003,0.7193,0.19067
29480876,2,2,0.00108,0.00479,0.99414
12665110,2,2,0.00187,0.0134,0.98473
35316782,0,0,0.50284,0.47608,0.02108
27775554,2,2,0.00111,0.0041,0.99479
32890966,2,2,0.00377,0.05961,0.93662
9955205,2,2,0.00103,0.0037,0.99527
24908908,0,0,0.81888,0.16062,0.0205
15264302,2,2,0.00724,0.03011,0.96265
40731344,0,0,0.97387,0.02433,0.00179
13410496,2,2,0.00106,0.00394,0.995
26565031,0,0,0.98768,0.01039,0.00194
17795142,0,1,0.14076,0.80057,0.05868
30801988,0,0,0.75626,0.23797,0.00577
19223088,1,1,0.30707,0.66288,0.03005
36271503,2,2,0.00103,0.00604,0.99293
23473479,2,2,0.00575,0.07118,0.92307
13170194,2,2,0.00123,0.00894,0.98983
34089089,0,0,0.98918,0.00863,0.0022
16959196,2,2,0.00157,0.0041,0.99434
13646246,2,2,0.0021,0.00521,0.99269
19667829,0,0,0.93978,0.05544,0.00478
14821511,0,2,0.37347,0.11105,0.51548
39699328,2,2,0.04506,0.11781,0.83713
3474490,0,0,0.98839,0.00958,0.00203
30015071,2,2,0.00101,0.00745,0.99154
2553060,1,0,0.80498,0.18897,0.00605
1229138,2,2,0.00393,0.07833,0.91774
27717341,2,2,0.1035,0.03662,0.85988
37142536,2,2,0.00135,0.00951,0.98914
18252524,2,2,0.01231,0.00981,0.97788
39211889,0,0,0.87256,0.12327,0.00417
15695551,1,1,0.03892,0.84519,0.11589
33690321,2,2,0.00094,0.00517,0.99389
31687714,0,0,0.98196,0.01654,0.0015
36082275,2,1,0.0992,0.53004,0.37075
21128248,2,2,0.00175,0.00513,0.99312
36015668,2,2,0.00247,0.03172,0.96581
36102972,2,2,0.00094,0.00419,0.99487
41561241,2,2,0.00245,0.0235,0.97405
39722115,2,2,0.00191,0.00973,0.98836
4419532,2,2,0.00501,0.05438,0.94061
14094009,2,2,0.02773,0.03942,0.93285
33208211,2,2,0.00164,0.00577,0.9926
10852563,2,2,0.00545,0.06396,0.93059
33422454,2,2,0.01829,0.47552,0.50619
31392531,2,2,0.00415,0.02655,0.9693
34968874,2,2,0.13828,0.11419,0.74753
40660861,2,2,0.0247,0.33831,0.637
26112162,0,0,0.84932,0.1453,0.00538
4700623,2,2,0.03875,0.2797,0.68154
4966568,2,2,0.02475,0.15572,0.81953
23259386,0,0,0.64517,0.32441,0.03041
988394,2,2,0.00186,0.00648,0.99167
4372520,1,1,0.06877,0.89875,0.03248
19272789,2,2,0.00154,0.00581,0.99265
918796,2,2,0.00248,0.01324,0.98428
32769239,2,2,0.00095,0.00426,0.99479
15084891,2,0,0.96452,0.03294,0.00254
16891124,2,2,0.03788,0.28542,0.6767
40765220,2,2,0.00232,0.01515,0.98252
33002586,2,2,0.00109,0.00669,0.99222
35559086,1,0,0.8289,0.16258,0.00852
41338192,2,2,0.00148,0.01218,0.98634
25380423,2,1,0.11799,0.81265,0.06936
33517857,2,2,0.00474,0.11987,0.87539
30143116,2,2,0.00118,0.00413,0.99469
25428528,0,1,0.10773,0.84819,0.04408
29446056,0,0,0.97973,0.01841,0.00186
10433700,2,1,0.06308,0.89315,0.04378
6024399,2,2,0.00299,0.02835,0.96866
4776005,2,2,0.00133,0.0088,0.98986
3996467,2,2,0.00386,0.02064,0.97549
16653715,2,2,0.00107,0.00653,0.99239
26870928,2,2,0.00117,0.01271,0.98612
32974516,2,2,0.001,0.00457,0.99443
8163614,2,2,0.00118,0.01008,0.98874
115289,2,2,0.03813,0.14669,0.81518
4418182,1,2,0.00101,0.00577,0.99322
1275246,0,0,0.93828,0.05917,0.00255
22861904,0,0,0.64066,0.34158,0.01775
30309654,0,0,0.97455,0.02376,0.00169
9603013,1,1,0.14854,0.82688,0.02458
28460239,1,0,0.92379,0.07186,0.00435
28310392,2,2,0.0012,0.00568,0.99312
32973239,0,0,0.78386,0.15755,0.05859
9592149,2,2,0.03187,0.05132,0.91681
2880903,2,2,0.00092,0.00461,0.99447
4195968,2,2,0.00099,0.00692,0.99208
12606062,2,2,0.01013,0.06353,0.92634
36708053,2,0,0.46539,0.36139,0.17323
15279445,2,1,0.05774,0.73146,0.2108
40988093,2,2,0.01193,0.03281,0.95525
6869672,2,2,0.00184,0.01695,0.98122
39942909,2,2,0.00091,0.0051,0.994
19613373,0,0,0.98868,0.00929,0.00203
8041087,2,2,0.0022,0.00946,0.98834
28858017,2,1,0.03323,0.75633,0.21044
40915442,2,2,0.00128,0.00367,0.99505
40564739,2,2,0.00159,0.00739,0.99102
40311552,2,2,0.00109,0.00577,0.99314
3872689,2,2,0.00095,0.0044,0.99465
16708076,0,0,0.85615,0.13976,0.00409
19202639,1,1,0.03753,0.79009,0.17238
3560375,2,2,0.00119,0.00977,0.98903
26675654,0,0,0.98523,0.01275,0.00202
7327736,2,2,0.00346,0.02171,0.97483
27306652,2,2,0.00113,0.00413,0.99474
36664950,0,0,0.61606,0.37366,0.01027
14328652,0,0,0.53876,0.45015,0.01109
41034947,2,2,0.00091,0.00502,0.99408
26571184,2,2,0.00169,0.00453,0.99378
22991393,2,2,0.01032,0.07494,0.91474
14324097,0,0,0.93603,0.0615,0.00247
30774664,2,2,0.00274,0.03592,0.96134
31298927,2,2,0.00118,0.00609,0.99273
19591098,0,0,0.9748,0.02354,0.00166
5262174,2,1,0.01637,0.5091,0.47453
9115994,2,2,0.00111,0.00385,0.99504
12734977,2,2,0.00101,0.0045,0.99449
7210138,1,1,0.07153,0.91164,0.01683
12555426,0,0,0.98749,0.00822,0.0043
36356707,2,2,0.01061,0.03451,0.95488
37566566,2,2,0.00207,0.00391,0.99402
4921383,2,2,0.20986,0.32456,0.46559
11698762,2,2,0.00435,0.07057,0.92508
32640610,2,2,0.01402,0.2381,0.74787
20479663,2,2,0.0015,0.004,0.9945
35233773,2,2,0.00248,0.02731,0.97021
9721351,0,0,0.57687,0.33257,0.09056
38840140,0,0,0.64379,0.33661,0.01959
22401221,2,2,0.00129,0.00908,0.98963
9599603,0,1,0.34477,0.6391,0.01613
4501299,2,2,0.0018,0.00604,0.99216
19194808,2,2,0.00131,0.00763,0.99106
21950955,2,2,0.00214,0.02132,0.97654
32965781,2,2,0.0371,0.42622,0.53669
15369863,0,0,0.96842,0.02933,0.00226
40583424,0,0,0.96519,0.03298,0.00183
2006104,2,2,0.00101,0.00772,0.99127
26528181,2,2,0.00172,0.00334,0.99493
9402450,2,2,0.0024,0.02789,0.96971
34357312,2,2,0.00208,0.01701,0.98091
15558394,0,0,0.52477,0.45951,0.01572
8478307,0,1,0.16021,0.81363,0.02615
29926214,0,0,0.97082,0.02669,0.00248
27561489,2,2,0.0012,0.00595,0.99285
19924324,2,2,0.18931,0.1984,0.61229
17032191,2,2,0.02515,0.1739,0.80095
38717051,1,1,0.29604,0.6366,0.06736
6177372,2,2,0.00555,0.07557,0.91888
8827220,2,2,0.00097,0.00483,0.99421
14301952,2,2,0.00322,0.01706,0.97973
6182090,2,2,0.0012,0.00382,0.99498
16542306,0,0,0.48866,0.37982,0.13152
20829604,2,1,0.04435,0.85659,0.09906
961686,2,2,0.00823,0.09787,0.89389
29122251,2,2,0.12561,0.20851,0.66588
4707440,2,2,0.00091,0.00538,0.99371
16647481,2,2,0.00098,0.0044,0.99462
4122041,2,2,0.00125,0.01482,0.98393
89666,2,2,0.00109,0.00367,0.99523
20199389,1,1,0.35071,0.63011,0.01918
31561562,2,2,0.00301,0.02074,0.97625
33767479,2,2,0.00142,0.00653,0.99205
7530571,2,2,0.00496,0.0353,0.95974
17327836,1,1,0.02086,0.80137,0.17777
40520602,2,2,0.00136,0.0046,0.99404
10147998,2,2,0.00104,0.00351,0.99545
24389770,0,1,0.15458,0.82913,0.01629
10945011,2,2,0.00317,0.03218,0.96465
14405502,2,2,0.00104,0.00446,0.99449
35739301,2,2,0.00525,0.00908,0.98567
614955,2,2,0.00091,0.00413,0.99496
17967011,2,2,0.00463,0.02574,0.96963
26009292,2,2,0.00179,0.00969,0.98852
23140655,2,2,0.00233,0.01198,0.98569
20861546,2,2,0.01372,0.31474,0.67154
9568125,0,0,0.98465,0.01356,0.00179
34436433,2,2,0.00297,0.03455,0.96248
38391880,2,0,0.67903,0.30014,0.02083
3775696,2,2,0.00113,0.00648,0.99239
17494729,2,2,0.00146,0.01246,0.98608
26157586,0,0,0.98126,0.01649,0.00225
27984122,0,0,0.8605,0.13352,0.00598
28011130,2,2,0.00103,0.00382,0.99515
25846281,2,2,0.0013,0.00464,0.99406
31778544,0,0,0.65522,0.33075,0.01403
11713512,2,2,0.00444,0.03681,0.95875
19896877,2,2,0.00089,0.00429,0.99481
18372412,2,2,0.001,0.0037,0.9953
38005611,2,2,0.00171,0.00733,0.99095
19081631,2,2,0.00254,0.02067,0.97679
25440580,2,2,0.00763,0.1102,0.88217
6105151,2,2,0.00238,0.03916,0.95847
6843710,2,0,0.95873,0.02272,0.01855
41587237,0,0,0.74641,0.24807,0.00552
23001196,2,2,0.00128,0.00362,0.9951
16666339,2,2,0.00094,0.00475,0.99431
39731514,2,2,0.0016,0.0129,0.9855
16926797,2,2,0.00116,0.00763,0.99121
19063850,1,1,0.04715,0.69291,0.25994
5821963,2,2,0.0021,0.00678,0.99112
35179619,2,2,0.00523,0.04354,0.95123
26208482,0,0,0.98467,0.01377,0.00155
36812223,2,2,0.00172,0.00628,0.992
4468771,2,1,0.36015,0.58917,0.05068
32844627,2,2,0.00097,0.00446,0.99457
15467545,0,0,0.96446,0.03211,0.00342
22881736,2,2,0.00109,0.00379,0.99511
14153421,2,2,0.00124,0.00619,0.99258
36449386,0,0,0.98288,0.01555,0.00157
39302452,2,2,0.00144,0.01237,0.9862
31537733,2,2,0.00242,0.00505,0.99253
19618984,2,2,0.00586,0.08303,0.91112
25935279,2,2,0.00088,0.00475,0.99437
23412466,2,2,0.00118,0.00464,0.99418
28635056,2,2,0.00162,0.0045,0.99389
8444151,0,0,0.86518,0.13062,0.0042
34102648,2,2,0.00183,0.00623,0.99194
4455968,2,2,0.00123,0.00981,0.98896
39845058,2,2,0.00187,0.01534,0.9828
4538194,1,1,0.38919,0.59344,0.01737
19373551,2,2,0.01029,0.1192,0.87051
3979591,2,2,0.01159,0.25979,0.72861
23583897,2,2,0.01715,0.15674,0.82611
7395070,2,2,0.0062,0.07357,0.92023
12529936,2,2,0.00189,0.01656,0.98154
6392088,2,2,0.00149,0.00436,0.99415
16473323,2,2,0.00149,0.00534,0.99317
14962847,2,2,0.00109,0.01024,0.98868
30485757,2,2,0.04662,0.04925,0.90413
9182673,2,2,0.00128,0.00406,0.99466
22023042,2,2,0.0016,0.01315,0.98525
18990265,2,2,0.00103,0.00475,0.99422
11056,2,2,0.00125,0.01176,0.98699
8686744,2,2,0.00118,0.00962,0.9892
5581001,0,0,0.73023,0.24033,0.02944
33002162,0,0,0.98277,0.01534,0.0019
25462203,2,1,0.10537,0.46129,0.43334
26492722,2,2,0.00095,0.00376,0.99529
26938687,2,2,0.00392,0.05162,0.94446
28571459,2,2,0.00106,0.00653,0.99241
20434707,2,2,0.00295,0.02658,0.97047
10272181,0,0,0.53093,0.45413,0.01494
36919714,2,2,0.00091,0.00513,0.99396
28685317,2,2,0.00156,0.00973,0.98871
15701331,2,2,0.09764,0.33161,0.57074
17448625,0,0,0.7468,0.23963,0.01357
2082794,2,2,0.00692,0.02011,0.97296
207386,2,2,0.0014,0.0087,0.9899
11117641,2,1,0.01788,0.50257,0.47955
10438691,0,0,0.87672,0.11773,0.00555
29146368,2,2,0.00915,0.14093,0.84992
21551434,0,1,0.3429,0.64564,0.01146
7676269,2,2,0.00574,0.04377,0.95049
31345404,2,2,0.00104,0.0059,0.99305
16746179,2,2,0.00183,0.00409,0.99407
30089765,2,2,0.00106,0.00464,0.9943
22427074,2,2,0.00538,0.03098,0.96364
10795100,1,1,0.03418,0.75398,0.21184
12213704,1,1,0.45588,0.53297,0.01115
23201511,0,0,0.69613,0.29476,0.00911
32916576,2,2,0.00118,0.00815,0.99068
24548460,2,2,0.00274,0.02172,0.97554
3679239,2,2,0.00138,0.00769,0.99094
23979347,2,2,0.00755,0.07777,0.91468
9360396,2,2,0.00128,0.00542,0.9933
28050769,0,0,0.98848,0.00755,0.00398
5477959,2,2,0.01122,0.31053,0.67825
35461839,2,2,0.00195,0.01695,0.9811
3449769,2,2,0.00186,0.00668,0.99146
6181243,2,2,0.00123,0.00837,0.9904
19197779,0,0,0.85447,0.12926,0.01627
32734418,0,0,0.70289,0.28847,0.00864
30461363,2,2,0.03366,0.43988,0.52647
1081898,2,1,0.03797,0.87103,0.091
15101214,0,2,0.10243,0.23483,0.66274
12304504,2,2,0.00407,0.03143,0.9645
36392896,2,2,0.0078,0.1317,0.86049
37241217,2,2,0.0012,0.0059,0.9929
6318575,2,2,0.00185,0.02324,0.9749
40054310,2,2,0.00336,0.00637,0.99028
34234675,0,0,0.78494,0.20238,0.01269
18778294,2,2,0.00387,0.04962,0.94652
16400480,0,0,0.98799,0.01019,0.00182
16138611,2,2,0.00189,0.01656,0.98154
37373918,1,1,0.21695,0.72257,0.06048
14295584,0,0,0.98624,0.01208,0.00168
22937215,2,2,0.05962,0.42533,0.51505
1950673,0,1,0.40575,0.58577,0.00849
14353107,2,2,0.00092,0.00787,0.99121
26430631,2,2,0.00088,0.00416,0.99496
30398167,0,0,0.65082,0.31967,0.0295
16618306,2,2,0.00136,0.00821,0.99044
30099391,2,2,0.00171,0.01227,0.98603
23689130,2,2,0.00103,0.00436,0.99461
41624114,0,0,0.90028,0.09676,0.00296
39968519,2,2,0.00481,0.02039,0.9748
2553568,2,2,0.01732,0.43971,0.54297
27500528,0,0,0.71017,0.27273,0.0171
11832579,2,2,0.02027,0.30851,0.67122
3186082,2,2,0.0073,0.02121,0.97148
23050505,0,0,0.87046,0.12394,0.0056
5908808,2,0,0.50722,0.06398,0.42879
1234789,2,2,0.00123,0.00802,0.99074
12731875,2,2,0.00116,0.00604,0.99279
37534354,2,2,0.00089,0.00483,0.99428
3261016,2,2,0.00116,0.00505,0.99378
19988837,2,2,0.00103,0.00464,0.99433
30482122,0,0,0.97886,0.01931,0.00183
13094698,2,2,0.00743,0.17311,0.81946
3092980,0,0,0.86062,0.13301,0.00637
24566325,2,2,0.00111,0.00542,0.99347
27639047,2,1,0.05015,0.90292,0.04693
28972828,2,2,0.01679,0.40049,0.58272
3348663,2,1,0.01904,0.76646,0.21451
41301091,2,2,0.00279,0.02075,0.97647
25249320,2,2,0.00092,0.00379,0.99529
19457752,2,2,0.01089,0.11041,0.8787
24514666,2,2,0.00125,0.0087,0.99005
19948633,2,2,0.00111,0.00397,0.99492
38309548,2,2,0.00718,0.09542,0.8974
12325219,2,2,0.00142,0.00774,0.99083
12401027,2,2,0.00224,0.0208,0.97696
39669918,2,1,0.19088,0.78195,0.02718
5930355,2,2,0.00098,0.00464,0.99438
14037182,2,2,0.00585,0.05468,0.93946
8553744,2,2,0.00204,0.00482,0.99314
23843538,2,2,0.00286,0.00875,0.98838
37441866,2,2,0.00115,0.00509,0.99376
10375142,2,2,0.00174,0.00679,0.99147
38864352,2,2,0.00788,0.13645,0.85567
22541693,2,2,0.00118,0.00376,0.99506
30018250,2,2,0.00512,0.07838,0.9165
1095402,1,1,0.25207,0.73225,0.01568
29596611,2,2,0.02001,0.04562,0.93437
6715568,0,0,0.5796,0.29748,0.12292
19222093,2,2,0.00095,0.00382,0.99523
9895465,2,2,0.00126,0.00658,0.99216
6060989,2,2,0.00114,0.00628,0.99257
31979985,2,2,0.00104,0.00397,0.99498
19642585,0,0,0.92234,0.07274,0.00492
21696914,0,1,0.09557,0.88829,0.01614
6972157,2,2,0.00332,0.0166,0.98008
24091786,2,2,0.00087,0.004,0.99513
35387358,0,2,0.12981,0.21355,0.65665
29473938,2,2,0.05936,0.09522,0.84542
19328657,1,1,0.02906,0.86931,0.10163
29894322,0,0,0.89225,0.10329,0.00447
1455209,0,0,0.98895,0.00836,0.00269
28601098,2,2,0.00124,0.00443,0.99433
2551067,2,2,0.01237,0.16011,0.82752
36763777,0,0,0.84905,0.13806,0.01289
18470491,2,2,0.00206,0.01148,0.98646
1527795,2,2,0.00405,0.00452,0.99143
3815216,2,2,0.00096,0.00498,0.99406
27686536,2,2,0.00103,0.00638,0.99259
463033,2,2,0.00103,0.00356,0.99541
7492346,2,2,0.00474,0.01776,0.97749
23291671,2,2,0.00154,0.00695,0.99152
23212904,0,0,0.91698,0.0795,0.00352
17617625,2,2,0.00548,0.01346,0.98106
14532238,2,2,0.0028,0.01661,0.98059
31872017,0,0,0.98042,0.01734,0.00225
14835971,2,2,0.03342,0.36492,0.60166
21855407,2,2,0.00095,0.00581,0.99324
35937839,2,2,0.00158,0.0111,0.98732
13303498,2,1,0.09786,0.86077,0.04137
8572581,1,0,0.61777,0.36602,0.01621
16278549,2,1,0.02391,0.50329,0.4728
40814762,2,2,0.00285,0.01254,0.98461
18369020,2,2,0.00496,0.0786,0.91643
27895039,2,2,0.00172,0.01735,0.98093
3385572,2,2,0.00122,0.00373,0.99505
20176825,2,2,0.01194,0.24359,0.74447
5634691,2,2,0.00148,0.0131,0.98542
4486761,2,2,0.01606,0.40451,0.57943
21231397,2,1,0.02483,0.56502,0.41016
5962094,1,0,0.87842,0.11704,0.00454
26608643,2,2,0.00327,0.01629,0.98044
33255059,0,0,0.77787,0.21601,0.00613
25081515,2,2,0.001,0.00362,0.99539
34825843,0,0,0.85386,0.13777,0.00837
4366977,2,2,0.00186,0.02191,0.97624
16448097,2,2,0.00204,0.00567,0.99229
36224445,0,0,0.9878,0.01011,0.00209
40286288,2,2,0.00091,0.00581,0.99328
20386606,0,0,0.85474,0.14063,0.00463
20811345,2,2,0.00101,0.00551,0.99348
18995622,0,1,0.27134,0.70931,0.01935
24281956,1,0,0.96782,0.03007,0.00212
31278304,2,2,0.00113,0.00356,0.99531
11756155,2,2,0.02981,0.4164,0.55379
37751285,2,2,0.00098,0.00581,0.99321
25447178,2,2,0.00125,0.00887,0.98988
9843475,2,2,0.00149,0.00925,0.98926
22332973,2,2,0.14338,0.13416,0.72246
4949977,2,2,0.00151,0.01136,0.98713
35964416,2,2,0.00111,0.00436,0.99453
24096032,2,2,0.00203,0.00911,0.98886
18039450,0,0,0.98195,0.01612,0.00193
9960067,2,2,0.02322,0.16467,0.81211
35298749,2,2,0.00127,0.01097,0.98776
19503374,0,0,0.77694,0.20268,0.02038
27973377,2,2,0.0012,0.0084,0.9904
26225507,2,2,0.00204,0.00453,0.99343
22333032,2,2,0.00723,0.04528,0.94749
16791639,2,2,0.00116,0.00915,0.98969
29190241,0,0,0.91185,0.08465,0.0035
26267150,2,2,0.00151,0.00711,0.99138
16878572,2,2,0.00248,0.027,0.97052
25264959,2,2,0.00173,0.01426,0.98401
3128858,2,2,0.0126,0.04735,0.94005
16927045,0,0,0.62623,0.35961,0.01416
28712775,0,1,0.06036,0.86977,0.06988
8415046,1,0,0.51447,0.46479,0.02074
11400160,2,2,0.01796,0.12991,0.85212
30737691,2,2,0.0012,0.006,0.9928
37339166,2,2,0.00103,0.00633,0.99264
5564783,2,2,0.00199,0.01625,0.98177
14308557,2,1,0.02543,0.85537,0.1192
33054001,0,0,0.96446,0.03303,0.00251
339707,2,2,0.00093,0.00581,0.99325
4016928,2,2,0.00147,0.00787,0.99067
25707621,2,2,0.00088,0.00628,0.99284
20648290,2,2,0.00097,0.0044,0.99464
33977687,1,0,0.89567,0.10049,0.00384
2096281,1,1,0.19253,0.77498,0.03249
22880095,2,2,0.00993,0.1234,0.86667
8825844,1,1,0.04593,0.80776,0.14632
20311168,2,1,0.04442,0.78126,0.17432
18310198,2,2,0.00165,0.01715,0.98121
27793070,0,0,0.98758,0.01051,0.00191
3111977,2,2,0.00154,0.00695,0.99152
1718028,2,1,0.33299,0.37329,0.29372
1361802,2,2,0.28318,0.2916,0.42521
40434637,2,2,0.00134,0.00684,0.99182
29954239,2,2,0.00091,0.004,0.99509
21581900,0,0,0.98927,0.00873,0.002
2331038,0,0,0.9717,0.02659,0.00171
22702749,2,2,0.0012,0.00679,0.99201
38860759,2,2,0.00118,0.00538,0.99344
20576332,2,2,0.001,0.00494,0.99407
12385429,2,2,0.00888,0.22818,0.76294
40622685,2,2,0.00213,0.00792,0.98995
19943817,2,2,0.00127,0.00887,0.98986
5981922,2,2,0.00398,0.06771,0.92832
34706381,2,2,0.00124,0.00722,0.99154
21268599,2,2,0.00275,0.01937,0.97789
6992593,2,2,0.00203,0.02423,0.97373
41394870,0,0,0.98692,0.01092,0.00216
29772178,2,2,0.00188,0.0085,0.98962
39161510,2,2,0.00208,0.01539,0.98252
25940333,2,2,0.00146,0.00966,0.98888
32069481,2,1,0.03601,0.91077,0.05322
27641291,0,0,0.63875,0.35,0.01125
33928603,0,0,0.88849,0.10066,0.01084
28626261,2,2,0.00122,0.00365,0.99513
20341328,2,2,0.00627,0.04846,0.94527
12044534,2,2,0.00109,0.00793,0.99098
22125286,2,2,0.00521,0.09042,0.90436
13888229,2,2,0.0023,0.02404,0.97365
9137082,0,0,0.80772,0.18741,0.00488
1461570,0,0,0.90012,0.09637,0.00351
31957221,2,1,0.02472,0.70006,0.27522
31627121,0,1,0.47849,0.50935,0.01217
36120134,1,1,0.13192,0.84358,0.0245
15263066,1,0,0.89236,0.10411,0.00353
40503170,2,2,0.00109,0.00581,0.99309
31800321,2,2,0.00104,0.00468,0.99428
25413404,2,2,0.00134,0.00471,0.99395
21889023,0,0,0.67477,0.3138,0.01143
32623024,1,0,0.52658,0.46471,0.00871
6891837,2,0,0.63586,0.34706,0.01708
13312304,2,2,0.00295,0.0244,0.97265
36929571,2,2,0.00184,0.01285,0.98531
41308401,2,2,0.00161,0.00572,0.99267
39098248,2,2,0.00122,0.00572,0.99306
14095796,0,0,0.98683,0.01135,0.00182
17779199,2,2,0.0081,0.13943,0.85247
10806745,2,2,0.00095,0.00568,0.99337
28241408,0,0,0.87011,0.12633,0.00356
26736773,0,0,0.91099,0.08557,0.00344
15543566,2,2,0.00403,0.05532,0.94065
8934830,2,2,0.00216,0.00961,0.98823
13181411,2,2,0.00127,0.01154,0.98719
25924585,2,2,0.00523,0.01357,0.9812
34596609,2,2,0.00111,0.00426,0.99463
12079800,2,2,0.00095,0.00572,0.99333
30456789,2,2,0.00115,0.00538,0.99348
1426184,2,2,0.00091,0.00522,0.99388
4424234,2,2,0.00103,0.00367,0.9953
12438254,2,2,0.00136,0.00505,0.99359
6140464,2,2,0.01084,0.30238,0.68677
16032412,2,2,0.00126,0.00563,0.99311
25638849,2,2,0.00111,0.0041,0.99479
3148719,2,2,0.00111,0.00805,0.99084
36636873,2,1,0.32656,0.5948,0.07863
28600264,2,2,0.00331,0.02066,0.97604
24829938,2,2,0.00155,0.01232,0.98613
8677809,2,2,0.00781,0.04584,0.94634
25975945,0,0,0.98888,0.00918,0.00194
25866207,0,0,0.98706,0.01101,0.00194
15629351,2,1,0.42319,0.53079,0.04602
9505818,2,2,0.00108,0.00542,0.9935
14790935,0,0,0.92274,0.07413,0.00313
27567615,2,2,0.00166,0.00633,0.99201
37590126,2,1,0.02864,0.74435,0.22701
37257450,0,0,0.76921,0.22561,0.00518
22768253,1,1,0.0555,0.7905,0.154
8789864,2,2,0.00437,0.08116,0.91447
31519192,2,2,0.01151,0.02998,0.95851
12796555,2,2,0.00115,0.00457,0.99429
30180138,2,2,0.00095,0.00577,0.99328
32438684,2,2,0.00118,0.00821,0.99061
4182342,2,2,0.0012,0.00376,0.99504
35646662,0,1,0.3937,0.59565,0.01066
34084513,2,2,0.00169,0.00883,0.98948
1125570,2,2,0.00109,0.00376,0.99514
40592274,0,0,0.85679,0.13716,0.00605
5018816,2,2,0.00145,0.00513,0.99342
10575184,0,0,0.86145,0.13366,0.00489
19815492,2,1,0.05669,0.54206,0.40125
22836486,2,2,0.00126,0.00367,0.99507
8545856,2,2,0.00155,0.01546,0.98299
13385126,1,0,0.51158,0.48059,0.00783
20345483,2,2,0.00138,0.00894,0.98969
11600642,1,0,0.77993,0.20747,0.01261
41329054,2,2,0.00441,0.02757,0.96802
26867807,1,1,0.04836,0.70509,0.24655
10025937,2,2,0.00173,0.01231,0.98595
3375668,2,2,0.00125,0.00981,0.98894
16011516,0,0,0.86514,0.13011,0.00476
7979967,2,2,0.00175,0.01564,0.98261
23896820,2,2,0.00164,0.00805,0.99032
23590767,2,2,0.00198,0.021,0.97702
38240342,2,2,0.00111,0.00609,0.9928
39017078,2,2,0.00246,0.02177,0.97577
20068898,2,2,0.0019,0.0132,0.9849
19237182,2,2,0.00143,0.00505,0.99352
27040650,0,0,0.94259,0.05476,0.00265
26455798,2,2,0.00325,0.02138,0.97537
35937672,1,0,0.95302,0.04462,0.00236
13168165,2,2,0.00154,0.00581,0.99265
5268684,2,2,0.00199,0.01294,0.98506
24060478,0,0,0.98275,0.01042,0.00683
17138871,2,2,0.01301,0.07507,0.91192
26408842,2,2,0.00136,0.00388,0.99476
34077976,2,2,0.00176,0.013,0.98524
38943332,2,2,0.00665,0.02164,0.97171
16648049,2,2,0.00176,0.01127,0.98697
3740467,0,0,0.98875,0.00855,0.00269
10746494,2,2,0.00393,0.01964,0.97643
858168,2,2,0.00118,0.00894,0.98988
5727176,0,0,0.98501,0.01315,0.00184
15516438,1,1,0.1199,0.82257,0.05753
39936481,2,2,0.00096,0.00542,0.99361
16958232,0,0,0.62757,0.36038,0.01205
6762512,2,2,0.00136,0.00834,0.99031
19942433,1,1,0.32831,0.48949,0.1822
9468671,1,1,0.04541,0.8704,0.08418
20740709,2,1,0.0451,0.82484,0.13006
18281530,2,2,0.00092,0.00564,0.99344
19059026,2,2,0.00179,0.01039,0.98782
16976868,2,0,0.56862,0.37145,0.05993
4717018,0,0,0.62805,0.35785,0.01409
15145589,0,0,0.98524,0.013,0.00176
20280826,0,0,0.98464,0.01388,0.00148
22019994,1,1,0.24391,0.74545,0.01063
6690206,1,1,0.20657,0.77052,0.02291
34660,2,1,0.04731,0.80651,0.14618
40511145,2,1,0.03808,0.62911,0.33281
7822406,0,0,0.5961,0.39093,0.01297
24452457,2,2,0.00264,0.02594,0.97142
25729680,2,1,0.32565,0.61316,0.06119
39097999,2,2,0.00232,0.03098,0.96669
27805335,0,0,0.54235,0.41583,0.04182
2184386,2,2,0.00093,0.00577,0.9933
8285308,2,2,0.00111,0.00663,0.99226
23446081,2,2,0.00363,0.04958,0.94678
39947811,2,2,0.00205,0.01545,0.9825
40228133,0,0,0.92594,0.07154,0.00252
9794190,2,2,0.00899,0.0154,0.97561
28608058,0,1,0.29205,0.68435,0.0236
34460173,2,2,0.00101,0.00676,0.99223
22776465,2,2,0.00098,0.00362,0.9954
6373241,0,0,0.97103,0.02744,0.00153
30071048,2,2,0.00146,0.01494,0.98361
9619764,1,0,0.53023,0.45,0.01977
27650214,2,2,0.00141,0.00373,0.99486
540462,2,2,0.00092,0.00546,0.99362
20222665,0,0,0.95147,0.04609,0.00243
26776403,2,2,0.00164,0.00722,0.99114
18426369,2,2,0.00084,0.00407,0.99509
14528569,2,2,0.00101,0.00457,0.99442
28310352,1,1,0.3824,0.60632,0.01128
37263605,2,2,0.00114,0.0076,0.99126
35086607,0,1,0.35493,0.61087,0.03419
28813432,0,0,0.98061,0.01789,0.0015
31195454,0,0,0.98436,0.01377,0.00187
34450052,2,2,0.04412,0.33242,0.62347
31447799,2,2,0.12561,0.20851,0.66588
6121015,2,2,0.00581,0.03283,0.96136
37705188,2,2,0.01581,0.198,0.78618
3784194,0,0,0.6935,0.2824,0.0241
30083126,2,2,0.00085,0.00494,0.99421
11420590,2,2,0.00207,0.00863,0.98931
38607616,2,2,0.00763,0.1102,0.88217
124839,2,2,0.00268,0.01397,0.98335
35060496,0,0,0.92066,0.07557,0.00376
24607937,2,2,0.00098,0.00359,0.99543
2543965,2,2,0.00258,0.02091,0.97651
14326311,0,0,0.98973,0.00786,0.00242
5577531,0,1,0.38283,0.58833,0.02884
2547640,1,0,0.6886,0.29849,0.01291
29564072,2,2,0.00092,0.00526,0.99382
16142819,2,2,0.00092,0.00513,0.99394
38811323,2,1,0.06556,0.86356,0.07089
37593148,2,2,0.00204,0.02141,0.97655
6123109,2,2,0.00114,0.00581,0.99304
37147853,0,0,0.9896,0.00843,0.00197
33305415,2,2,0.00145,0.00542,0.99313
41316514,2,2,0.00088,0.004,0.99512
1697164,0,0,0.90003,0.09561,0.00437
23142642,2,2,0.0012,0.00426,0.99454
28574829,2,2,0.00453,0.03232,0.96315
11171921,2,2,0.0015,0.01377,0.98472
20344647,2,2,0.01441,0.37754,0.60804
39353843,2,2,0.00213,0.00668,0.99119
10495602,0,1,0.38091,0.6087,0.01039
25639088,2,2,0.01101,0.07262,0.91637
12818960,2,2,0.01264,0.0729,0.91446
18891427,2,2,0.00085,0.0045,0.99465
5944643,0,0,0.9809,0.01748,0.00162
16407614,2,2,0.00118,0.00951,0.98931
39072865,2,2,0.00269,0.00756,0.98975
11742782,0,1,0.06955,0.9121,0.01835
7278866,2,2,0.0062,0.02924,0.96456
2137447,2,2,0.0014,0.00674,0.99186
32725739,2,2,0.00111,0.00394,0.99495
32879602,0,0,0.9808,0.01748,0.00172
11502292,0,0,0.98261,0.01558,0.00181
23230048,2,2,0.00138,0.00397,0.99465
9785068,2,2,0.00156,0.01023,0.98821
5777765,0,0,0.96146,0.03592,0.00262
37592969,2,2,0.00118,0.00457,0.99425
28281731,2,2,0.00158,0.01325,0.98517
6095096,2,2,0.00114,0.00684,0.99201
30728041,2,2,0.02352,0.12116,0.85532
32027667,2,2,0.00184,0.01372,0.98444
19481629,2,2,0.0281,0.07698,0.89492
29200345,2,2,0.00176,0.01194,0.9863
34861312,0,0,0.91812,0.07914,0.00275
39205956,0,0,0.80641,0.1842,0.00939
22667984,0,0,0.90213,0.09508,0.00278
15008112,2,2,0.00101,0.0045,0.99449
21106430,2,2,0.0138,0.30558,0.68062
29403802,2,2,0.00094,0.0051,0.99397
11582308,2,2,0.01146,0.18499,0.80355
6273967,0,0,0.6999,0.29176,0.00834
25833777,2,2,0.02505,0.16463,0.81032
17845477,2,2,0.00088,0.00453,0.99459
27097106,2,2,0.00161,0.01023,0.98816
28054034,1,2,0.08334,0.11347,0.80319
5842764,1,1,0.05827,0.76452,0.17721
7398542,1,1,0.16518,0.80198,0.03284
25579991,2,2,0.00173,0.01131,0.98695
11718717,2,2,0.00114,0.00863,0.99022
8631045,2,2,0.14829,0.17135,0.68036
17230183,2,2,0.00089,0.00653,0.99258
39891913,2,2,0.00134,0.00781,0.99086
41024587,2,2,0.00156,0.01136,0.98709
26973184,2,2,0.0014,0.00734,0.99126
23935848,2,2,0.00385,0.00828,0.98786
27197819,2,2,0.00103,0.00568,0.99329
20937553,2,2,0.01258,0.01874,0.96868
25313724,0,0,0.50206,0.49043,0.00751
16047009,2,2,0.00197,0.01084,0.98719
23722097,2,2,0.00089,0.00568,0.99343
22982815,2,2,0.00594,0.05583,0.93824
35926726,2,2,0.00242,0.00529,0.99229
31156240,2,1,0.01528,0.49428,0.49044
9166580,2,2,0.00154,0.00695,0.99152
33968158,2,2,0.00731,0.09382,0.89887
11264835,2,1,0.02624,0.69276,0.281
9580978,2,2,0.00393,0.01819,0.97787
34981211,2,2,0.00128,0.00577,0.99296
24444724,2,2,0.00697,0.10856,0.88447
32592325,2,2,0.0014,0.00969,0.98891
34201738,1,0,0.73379,0.25359,0.01263
1385026,2,2,0.0017,0.01372,0.98458
35318830,2,1,0.06917,0.83937,0.09146
5802285,2,2,0.00197,0.00984,0.98819
27431678,0,0,0.81396,0.1802,0.00584
22474357,2,2,0.00094,0.00471,0.99435
11158857,2,2,0.00889,0.01081,0.98031
21590282,2,2,0.00632,0.04143,0.95225
35845148,2,2,0.00164,0.00695,0.99142
30182570,2,2,0.01158,0.29971,0.68872
16757627,2,1,0.2668,0.70019,0.03301
19969443,0,0,0.66424,0.32882,0.00693
32829805,0,0,0.98138,0.01675,0.00187
16781232,2,2,0.00094,0.0051,0.99397
34726682,2,2,0.00087,0.00461,0.99453
32567421,0,0,0.70672,0.28112,0.01216
21739026,2,2,0.00174,0.00733,0.99093
17208747,2,2,0.0117,0.01433,0.97397
12896690,2,2,0.00235,0.01829,0.97936
27380228,2,2,0.01309,0.15129,0.83562
32551686,2,2,0.00216,0.00817,0.98966
35748618,0,0,0.75418,0.23731,0.00851
23567215,2,2,0.03265,0.26389,0.70346
8697610,2,2,0.01169,0.1158,0.87251
30292664,2,2,0.00376,0.01792,0.97833
13006820,2,2,0.02138,0.28713,0.69149
23564355,2,2,0.00205,0.01371,0.98423
23314974,0,0,0.98159,0.01666,0.00175
35307247,2,2,0.0027,0.02067,0.97663
27544408,0,0,0.60489,0.36832,0.02679
41611,2,2,0.00101,0.00416,0.99483
2506053,2,2,0.00581,0.07655,0.91764
8821889,2,2,0.00397,0.02451,0.97152
34751262,2,1,0.02109,0.53141,0.44749
11902604,2,2,0.00234,0.00786,0.9898
22779403,2,2,0.13682,0.41979,0.44339
25654935,1,1,0.12717,0.8164,0.05643
29153955,2,1,0.02454,0.72855,0.24691
23131871,2,2,0.00103,0.00397,0.995
37602669,1,0,0.85673,0.13609,0.00718
31499383,2,1,0.20407,0.51204,0.28388
36332791,2,2,0.00664,0.05369,0.93967
40213310,0,0,0.79652,0.17009,0.03339
20284143,0,0,0.86248,0.13382,0.00369
7322460,2,2,0.00214,0.01844,0.97942
27947821,2,2,0.00491,0.02895,0.96614
32151179,2,2,0.10445,0.37539,0.52016
20906847,2,2,0.00113,0.00385,0.99502
23552524,0,2,0.12561,0.20851,0.66588
7913882,1,0,0.84992,0.1454,0.00467
38932114,2,2,0.00156,0.00668,0.99176
15476536,2,2,0.01802,0.05072,0.93126
27601118,2,2,0.0012,0.004,0.9948
8005370,2,2,0.00136,0.00538,0.99326
26740982,2,2,0.00156,0.01084,0.9876
6383409,2,2,0.0072,0.17315,0.81964
18786317,2,2,0.00332,0.04744,0.94924
35401662,0,0,0.66005,0.3345,0.00545
19585412,2,2,0.00081,0.00494,0.99425
29741378,0,0,0.95226,0.04471,0.00303
6512308,0,2,0.00915,0.04313,0.94772
27856744,1,0,0.58334,0.35799,0.05867
1895907,2,1,0.04128,0.89301,0.06571
38641699,2,2,0.01676,0.37846,0.60478
30848056,1,2,0.01217,0.16119,0.82664
12533455,2,2,0.00161,0.00711,0.99128
33747905,2,2,0.00116,0.00413,0.99471
8625877,2,2,0.04005,0.28791,0.67204
26768747,2,2,0.00496,0.07889,0.91615
5265809,2,2,0.00447,0.01495,0.98058
35791190,0,0,0.82153,0.1722,0.00627
4935566,2,2,0.00101,0.0053,0.99369
20702489,2,2,0.00376,0.03079,0.96544
18873807,2,2,0.00161,0.00717,0.99122
16565241,2,2,0.00687,0.06453,0.9286
13022143,2,1,0.03013,0.78313,0.18674
39581486,2,2,0.00095,0.00479,0.99426
22083431,2,2,0.00354,0.01555,0.98091
8620457,2,2,0.00133,0.00877,0.9899
36238446,2,2,0.00764,0.05285,0.93952
35156054,2,2,0.003,0.02603,0.97098
37223618,0,0,0.90914,0.08691,0.00396
2369989,0,0,0.8651,0.12959,0.00531
9763641,2,2,0.00103,0.00482,0.99415
39739345,2,2,0.00395,0.02898,0.96707
40165206,0,0,0.81581,0.16672,0.01747
16512375,2,1,0.04121,0.82778,0.13101
25768685,0,0,0.96656,0.03142,0.00202
10526526,2,2,0.00112,0.00772,0.99116
32990994,2,2,0.00088,0.00426,0.99486
16573777,2,2,0.00115,0.00362,0.99524
3331383,2,2,0.00118,0.0037,0.99511
6795328,2,2,0.00116,0.00915,0.98969
38587518,0,0,0.97291,0.01867,0.00842
36449130,0,0,0.8261,0.16653,0.00737
980991,2,2,0.00312,0.01752,0.97936
37452986,2,2,0.03437,0.13932,0.8263
23184766,2,2,0.00356,0.00895,0.98749
22989402,0,0,0.96806,0.03001,0.00193
17851306,0,0,0.8668,0.12246,0.01074
15096454,2,2,0.00125,0.00815,0.9906
4337712,0,0,0.92984,0.0667,0.00346
23753194,2,2,0.0013,0.00633,0.99237
19954842,2,2,0.00151,0.0089,0.98959
27707689,2,2,0.00104,0.00413,0.99483
41200134,0,0,0.71436,0.24069,0.04496
17289712,2,2,0.00101,0.00443,0.99456
19423995,1,1,0.03214,0.74302,0.22484
27944576,2,2,0.00101,0.00362,0.99537
38110666,0,0,0.65551,0.33743,0.00706
31878315,1,0,0.80814,0.18103,0.01083
14749262,1,0,0.54858,0.43736,0.01406
30974667,2,2,0.00338,0.03023,0.9664
6523367,2,2,0.00851,0.24878,0.74271
19363095,2,2,0.00103,0.00426,0.99471
28381613,2,2,0.00145,0.00679,0.99177
32667330,2,2,0.00186,0.00464,0.9935
19625762,2,2,0.00492,0.04196,0.95312
6035738,2,2,0.00311,0.03484,0.96205
31437228,2,2,0.00081,0.00407,0.99512
5398892,2,2,0.00101,0.007,0.99199
26688956,2,2,0.00507,0.02894,0.96599
21236352,2,2,0.00531,0.0442,0.9505
1231116,2,2,0.00251,0.017,0.98049
16585862,2,2,0.00099,0.00564,0.99337
16816887,2,2,0.00136,0.00663,0.99201
8025136,2,2,0.00101,0.00443,0.99456
21481560,2,2,0.00267,0.01475,0.98258
5869581,2,2,0.00122,0.00706,0.99173
40917371,2,2,0.00172,0.00394,0.99434
2172765,2,2,0.00202,0.01522,0.98276
24440003,0,0,0.86641,0.12828,0.00532
14858963,2,2,0.00218,0.01624,0.98158
23179600,1,0,0.49821,0.47539,0.0264
15903638,2,2,0.01951,0.05494,0.92555
24215902,0,2,0.02743,0.07129,0.90128
40094748,2,2,0.00279,0.02012,0.97709
25798637,0,0,0.94243,0.05389,0.00368
38184128,2,2,0.00113,0.00479,0.99408
41277105,2,2,0.00838,0.03077,0.96086
24515841,2,2,0.00143,0.01505,0.98352
30837349,2,2,0.00136,0.00397,0.99467
21822909,0,0,0.73837,0.19558,0.06605
38990836,0,0,0.97846,0.01968,0.00186
17137601,0,0,0.98607,0.01194,0.00199
20134219,0,0,0.98317,0.0151,0.00173
41476287,0,0,0.71564,0.27807,0.00629
26306602,2,2,0.00092,0.00433,0.99475
22907173,2,2,0.00146,0.0094,0.98914
39297951,2,2,0.0012,0.00559,0.99321
28475819,2,2,0.00969,0.23844,0.75187
17210871,2,2,0.00173,0.01465,0.98362
22012188,2,2,0.00093,0.00619,0.99288
10513263,2,2,0.00936,0.05108,0.93957
38921187,2,2,0.00244,0.02649,0.97106
10114905,2,2,0.00089,0.00426,0.99485
34424302,2,2,0.02599,0.46799,0.50602
35362732,2,2,0.00111,0.00614,0.99275
18522971,2,2,0.00155,0.01399,0.98446
31880501,2,2,0.00679,0.09028,0.90293
34367230,2,2,0.00197,0.007,0.99103
12564879,2,2,0.00641,0.11344,0.88015
7085224,1,1,0.37035,0.6154,0.01425
34017736,2,2,0.01769,0.28111,0.7012
30520947,2,2,0.00744,0.04805,0.94451
6158944,2,1,0.02322,0.72809,0.24869
2048114,2,2,0.0016,0.0114,0.98699
8593185,2,2,0.00174,0.01093,0.98734
6786439,2,2,0.00782,0.04466,0.94751
38758443,2,1,0.04978,0.80976,0.14046
14538368,0,0,0.97122,0.02644,0.00233
25813927,2,2,0.00154,0.0083,0.99016
34788337,2,2,0.00163,0.00837,0.99
20452586,2,2,0.00737,0.09961,0.89302
15341386,0,0,0.64222,0.34917,0.00861
6189297,2,2,0.00274,0.00563,0.99163
30349117,0,0,0.91096,0.0844,0.00463
20428294,2,2,0.00166,0.00977,0.98857
21552140,2,2,0.00103,0.00534,0.99364
23624796,2,1,0.12483,0.66308,0.21209
2959478,2,2,0.00115,0.00475,0.9941
21625825,2,2,0.00159,0.00509,0.99332
38496741,2,2,0.00136,0.00479,0.99385
24500554,0,0,0.61063,0.3762,0.01318
31302955,2,2,0.00092,0.00609,0.99299
30714920,0,0,0.84752,0.14443,0.00805
28430744,2,2,0.00091,0.00468,0.99442
37211259,2,1,0.03139,0.86851,0.1001
9819042,2,2,0.00604,0.05482,0.93914
36460182,2,2,0.00122,0.00577,0.99301
19595413,0,0,0.95247,0.04435,0.00318
6224619,2,0,0.86082,0.12117,0.01801
18579263,2,2,0.00126,0.00643,0.99231
38356033,2,2,0.00128,0.0046,0.99412
25712743,2,2,0.00111,0.00394,0.99495
7359419,2,2,0.0091,0.01796,0.97294
28244486,0,0,0.94876,0.0484,0.00284
38358749,2,2,0.00182,0.00843,0.98975
3125778,2,2,0.00118,0.00362,0.9952
23135681,2,2,0.04348,0.11669,0.83983
37430063,2,2,0.05811,0.13341,0.80848
5909603,2,2,0.00091,0.00546,0.99363
1713714,2,2,0.00434,0.0298,0.96586
16341413,2,2,0.01139,0.39526,0.59335
12110785,0,0,0.82443,0.16947,0.0061
40848896,2,2,0.00598,0.07867,0.91536
35707078,2,1,0.32753,0.63629,0.03618
9132831,2,2,0.00364,0.01905,0.97731
4967403,2,2,0.00124,0.00775,0.99102
28825808,2,2,0.00183,0.00663,0.99154
20176454,2,0,0.70304,0.1883,0.10866
1878942,0,1,0.2025,0.74363,0.05387
16804442,2,2,0.00114,0.00564,0.99322
5296449,2,1,0.01993,0.57344,0.40663
17718306,2,2,0.00163,0.01251,0.98586
14833030,0,1,0.07373,0.89297,0.0333
39633898,0,0,0.78851,0.19782,0.01367
2700996,2,2,0.00533,0.08352,0.91115
2722137,2,2,0.00167,0.00525,0.99308
11057602,2,2,0.00131,0.01204,0.98665
32578950,1,0,0.45814,0.4043,0.13756
30173620,2,2,0.00127,0.01089,0.98784
16781146,0,0,0.96816,0.02994,0.0019
24865568,2,2,0.00111,0.00373,0.99516
40983848,2,2,0.00133,0.01158,0.98709
1704060,2,1,0.06338,0.86809,0.06853
38710770,2,2,0.00104,0.00669,0.99227
8110889,2,2,0.06167,0.11321,0.82513
6319233,2,2,0.00197,0.0247,0.97333
38098674,2,2,0.00434,0.05891,0.93676
28363470,2,2,0.00919,0.16354,0.82727
4384073,2,1,0.40511,0.48107,0.11382
3051798,0,0,0.64459,0.34773,0.00768
35499655,2,2,0.001,0.00457,0.99443
22931863,2,2,0.00114,0.00877,0.99009
23164751,0,0,0.98837,0.0095,0.00213
41287035,2,1,0.37677,0.51902,0.10422
36434281,2,2,0.00146,0.00918,0.98935
28401358,2,2,0.01501,0.20888,0.7761
22474485,2,2,0.00829,0.13321,0.85851
18957170,2,2,0.00409,0.0403,0.95561
22836298,2,2,0.00297,0.02027,0.97676
39546803,2,2,0.00154,0.00695,0.99152
6976139,2,2,0.00215,0.01649,0.98136
40553444,0,0,0.92193,0.07494,0.00312
24018960,2,2,0.00897,0.10463,0.8864
13104483,2,2,0.00161,0.00509,0.99329
16147441,1,1,0.2346,0.74847,0.01693
38462207,2,2,0.0012,0.00734,0.99147
6334886,2,2,0.00168,0.01176,0.98656
26951974,2,1,0.11956,0.62158,0.25886
38528859,2,0,0.35494,0.29562,0.34944
23224646,2,2,0.001,0.00385,0.99515
37810266,2,2,0.00135,0.01266,0.98599
36096857,1,1,0.2156,0.76435,0.02005
12406838,2,2,0.00216,0.00904,0.9888
41534333,2,2,0.00296,0.02106,0.97597
17994027,2,2,0.00108,0.00359,0.99533
37374828,0,0,0.7305,0.16589,0.10361
36058488,2,2,0.0055,0.04093,0.95358
33417418,0,0,0.85287,0.08954,0.05759
22736108,2,2,0.00127,0.01035,0.98837
14226808,2,2,0.01789,0.20956,0.77255
9762395,2,2,0.00326,0.00422,0.99252
41373063,2,2,0.00315,0.02291,0.97395
40358114,2,2,0.00087,0.0045,0.99464
7286619,2,2,0.00445,0.02024,0.97531
35546437,2,2,0.001,0.00436,0.99464
37998186,2,2,0.00248,0.01339,0.98413
2283302,2,2,0.00109,0.00365,0.99526
8383328,2,2,0.00103,0.00394,0.99503
41216860,2,2,0.00097,0.00359,0.99544
5240619,2,1,0.10092,0.52264,0.37644
23245456,2,2,0.00161,0.00628,0.99211
13064747,0,0,0.70192,0.28807,0.01001
9479818,1,0,0.5269,0.46137,0.01173
33302045,0,0,0.98875,0.0094,0.00185
4069884,2,2,0.00225,0.01688,0.98087
8073596,2,2,0.003,0.02335,0.97365
3144347,2,2,0.00231,0.01952,0.97816
17217910,2,2,0.00307,0.01673,0.98019
3827936,2,1,0.20245,0.41784,0.37971
23138283,2,2,0.0021,0.02141,0.97649
32527185,0,0,0.64065,0.3376,0.02175
40717213,2,2,0.01232,0.07506,0.91262
35765563,0,1,0.29637,0.68105,0.02259
26925677,2,2,0.00315,0.02114,0.97571
20051033,2,2,0.00189,0.01754,0.98056
11844020,2,2,0.00176,0.01093,0.98731
33399673,1,1,0.14206,0.8304,0.02754
8726408,2,2,0.00389,0.04368,0.95242
2043641,2,2,0.00092,0.00461,0.99447
6235501,2,2,0.00806,0.06076,0.93118
26800525,2,2,0.00157,0.00486,0.99357
40256094,0,0,0.71787,0.26825,0.01389
28524187,0,0,0.84346,0.14946,0.00707
12224669,0,0,0.90902,0.08513,0.00584
601955,1,1,0.09064,0.89157,0.0178
24792643,0,0,0.83454,0.15559,0.00987
27050139,1,0,0.98422,0.0142,0.00158
7331490,2,2,0.00396,0.02779,0.96825
17123785,2,2,0.00117,0.00359,0.99525
26552154,0,0,0.91743,0.0797,0.00287
12100998,0,0,0.97711,0.02109,0.0018
21853115,2,2,0.00092,0.00502,0.99406
36676602,0,0,0.84715,0.14493,0.00792
40966889,2,2,0.00261,0.02436,0.97303
6659804,2,2,0.00116,0.0094,0.98944
13540008,1,0,0.54276,0.42936,0.02788
4449441,1,2,0.20197,0.31542,0.48261
12670228,2,2,0.00129,0.00769,0.99102
39671466,2,2,0.00121,0.00904,0.98974
8460980,2,2,0.00092,0.00373,0.99535
4889081,2,2,0.00196,0.01487,0.98317
34384451,2,2,0.00212,0.01345,0.98443
25247634,2,2,0.00156,0.00658,0.99186
12362139,2,2,0.00213,0.00798,0.98989
36456429,2,2,0.00231,0.00613,0.99156
40491185,2,2,0.00403,0.01086,0.98512
3348393,2,1,0.05158,0.85216,0.09627
31997786,2,2,0.00149,0.00739,0.99112
33526106,0,0,0.60622,0.38534,0.00845
4541539,2,2,0.0244,0.32643,0.64918
38135078,2,2,0.00577,0.02337,0.97085
15670113,2,2,0.00262,0.03443,0.96295
21062041,2,2,0.00103,0.00429,0.99468
28447209,2,2,0.03321,0.04776,0.91902
7728781,0,0,0.88155,0.10409,0.01436
25211555,0,0,0.81684,0.17528,0.00788
17139294,2,2,0.00156,0.00563,0.9928
30121487,2,2,0.00127,0.01346,0.98527
26664367,2,1,0.08942,0.54139,0.36919
41349455,2,1,0.10162,0.84093,0.05745
29520021,2,2,0.01041,0.06703,0.92256
38147961,2,2,0.00198,0.00537,0.99265
22115572,0,0,0.70222,0.29045,0.00733
26778351,2,2,0.00136,0.00433,0.99431
31688879,2,2,0.32279,0.1151,0.56211
15745007,2,2,0.00137,0.01326,0.98537
30203446,2,2,0.00203,0.00836,0.9896
1183026,2,2,0.00345,0.05535,0.9412
923282,2,2,0.00364,0.04725,0.9491
26955090,2,2,0.00138,0.00546,0.99316
41494412,0,0,0.84869,0.14576,0.00554
7896788,2,2,0.00447,0.0454,0.95013
37282974,2,2,0.00084,0.00471,0.99445
9233237,2,2,0.00302,0.03299,0.96399
19505379,2,2,0.00625,0.08014,0.9136
26838716,0,1,0.12734,0.60043,0.27223
27953264,2,2,0.00107,0.0084,0.99052
37671245,2,2,0.00177,0.00517,0.99306
1074711,0,0,0.96553,0.03254,0.00192
6242273,1,0,0.83999,0.15599,0.00401
26282959,1,0,0.67175,0.3198,0.00846
32198188,2,2,0.0013,0.00501,0.99369
18296710,2,2,0.00098,0.00551,0.99351
29431204,0,0,0.66511,0.2917,0.04319
3779820,2,2,0.00113,0.0045,0.99437
34787498,2,2,0.00655,0.09406,0.89939
27216130,2,2,0.00125,0.00818,0.99057
39089172,2,2,0.001,0.00453,0.99447
33970465,0,0,0.85683,0.13933,0.00385
36321135,0,0,0.73936,0.25057,0.01006
6413474,2,2,0.00124,0.00513,0.99363
23743014,0,0,0.91434,0.079,0.00666
21289838,2,1,0.10312,0.8644,0.03249
15797499,2,2,0.01039,0.12483,0.86478
13386317,2,2,0.01395,0.03059,0.95545
3515165,2,2,0.00249,0.02332,0.97419
6451136,2,2,0.00681,0.00552,0.98767
37249688,0,0,0.90356,0.09303,0.00342
25303156,1,2,0.19208,0.23558,0.57234
4193143,2,2,0.00087,0.00494,0.9942
10707431,2,2,0.00145,0.00609,0.99246
33724178,0,0,0.58565,0.40567,0.00869
8832456,2,2,0.00217,0.00537,0.99246
25496111,2,2,0.01006,0.30098,0.68896
2251428,2,1,0.02966,0.74152,0.22882
41033597,2,2,0.00122,0.00831,0.99048
14454847,2,2,0.00238,0.02083,0.97678
25436179,0,1,0.19681,0.59915,0.20405
16483215,2,2,0.00265,0.00939,0.98796
15465665,2,2,0.00167,0.01708,0.98125
22172984,2,2,0.00195,0.00379,0.99426
19889469,0,1,0.41287,0.57771,0.00941
33984601,0,1,0.34731,0.61433,0.03836
29261214,2,1,0.02088,0.58214,0.39698
1088023,2,2,0.00184,0.01675,0.98141
9530268,2,2,0.00207,0.02203,0.9759
6904652,2,2,0.10675,0.14937,0.74388
26846157,0,0,0.98412,0.01366,0.00222
39586180,2,2,0.00097,0.00419,0.99484
29882750,2,2,0.00378,0.02748,0.96874
29095080,2,1,0.47634,0.4992,0.02447
30408747,1,1,0.06615,0.89556,0.03829
22093390,2,2,0.00322,0.04713,0.94965
26165930,2,0,0.68429,0.30129,0.01443
5488505,2,2,0.00288,0.01959,0.97754
36897829,2,0,0.486,0.45124,0.06276
30949871,2,2,0.01227,0.16706,0.82068
26200172,0,1,0.18916,0.78559,0.02525
33815897,2,2,0.0024,0.03072,0.96688
19100380,2,2,0.00104,0.00471,0.99424
26522860,2,2,0.00141,0.01776,0.98084
4238525,1,2,0.00392,0.05162,0.94446
28659168,2,2,0.00323,0.04248,0.95428
14780596,2,2,0.01019,0.11419,0.87562
1883065,2,2,0.00874,0.02703,0.96422
38633915,2,2,0.00148,0.01222,0.98629
39733510,2,2,0.0014,0.00988,0.98872
4182730,1,1,0.14099,0.46049,0.39852
21474652,2,2,0.00401,0.03067,0.96532
13803181,2,2,0.0013,0.00633,0.99237
15770860,2,2,0.00376,0.03079,0.96544
39882936,2,2,0.00188,0.00925,0.98887
37236703,2,1,0.02828,0.70133,0.27039
30490848,1,0,0.86713,0.1199,0.01296
39362253,2,2,0.00162,0.00403,0.99435
2431663,2,2,0.00435,0.04254,0.95312
29421217,2,2,0.0022,0.00976,0.98804
6213682,2,2,0.00111,0.00799,0.9909
8829933,2,2,0.01973,0.1009,0.87936
29508407,2,2,0.00116,0.00915,0.98969
31888491,2,1,0.05681,0.53477,0.40842
28204174,2,2,0.00118,0.00684,0.99198
27361791,2,2,0.07056,0.1406,0.78883
726790,2,2,0.00745,0.08974,0.90281
35620645,2,2,0.01603,0.05255,0.93143
32456902,2,2,0.00131,0.01012,0.98857
5648286,2,2,0.12561,0.20851,0.66588
5251065,2,2,0.00263,0.04482,0.95255
26981645,2,2,0.00152,0.00457,0.99392
14889268,2,2,0.00116,0.00426,0.99458
13895988,2,1,0.47864,0.49771,0.02364
33481423,1,1,0.10578,0.72286,0.17136
27868904,2,2,0.00089,0.00426,0.99485
39009497,2,2,0.00149,0.00733,0.99117
20993228,2,2,0.0013,0.00722,0.99148
11058673,2,2,0.00207,0.01953,0.9784
28653227,2,2,0.01151,0.12988,0.85861
30937441,2,2,0.00087,0.0045,0.99464
28286407,2,2,0.00085,0.00479,0.99436
37706744,2,2,0.00346,0.00575,0.99078
34727674,2,2,0.00202,0.01404,0.98394
38345883,2,2,0.00106,0.00367,0.99526
33938094,2,2,0.00191,0.01076,0.98734
7760085,2,2,0.00106,0.00359,0.99535
4347894,2,2,0.0015,0.0132,0.98529
27058579,2,2,0.00176,0.01459,0.98365
38648723,2,2,0.12561,0.20851,0.66588
19287264,0,0,0.72829,0.22694,0.04477
40451980,2,2,0.0013,0.00373,0.99497
10215068,2,2,0.00098,0.00577,0.99325
1585605,2,2,0.00196,0.01631,0.98174
5393763,2,2,0.00086,0.00538,0.99376
11805630,2,2,0.01161,0.08007,0.90832
25625931,2,2,0.00103,0.00555,0.99342
13474047,1,1,0.02253,0.85205,0.12542
18065376,2,2,0.00159,0.00497,0.99344
37068502,0,0,0.73229,0.25606,0.01165
40051965,0,0,0.98887,0.00904,0.0021
22801096,2,2,0.00108,0.00348,0.99544
20144104,2,2,0.00123,0.00951,0.98926
5431426,2,2,0.00106,0.00663,0.99231
17425068,1,0,0.62161,0.36258,0.01581
18543950,2,2,0.001,0.0041,0.99491
29768675,2,2,0.01773,0.17326,0.80901
6226863,2,2,0.00339,0.04288,0.95374
41267229,0,0,0.95333,0.04415,0.00252
31578300,2,2,0.00223,0.00849,0.98928
16539724,0,0,0.90482,0.09065,0.00453
39976496,2,2,0.00115,0.00542,0.99343
8263647,2,2,0.001,0.00453,0.99447
37841145,2,2,0.00106,0.00416,0.99478
23022215,2,2,0.0021,0.02378,0.97413
20330698,2,2,0.00592,0.00645,0.98763
11045088,2,2,0.00095,0.00483,0.99422
21227472,0,1,0.18655,0.79777,0.01568
39802230,2,2,0.00299,0.02663,0.97038
21776889,2,2,0.00391,0.02405,0.97204
34820748,0,0,0.91553,0.08142,0.00305
21394600,2,1,0.0562,0.59952,0.34428
10346097,2,2,0.00104,0.00628,0.99267
18445700,2,2,0.00179,0.00947,0.98874
14657109,2,2,0.00116,0.00486,0.99397
18250627,2,2,0.00289,0.01532,0.98179
12754492,2,2,0.001,0.00538,0.99363
8284066,2,1,0.10309,0.84812,0.04879
38971093,0,0,0.8871,0.10846,0.00444
23508336,2,2,0.05074,0.12388,0.82537
15051188,2,2,0.00791,0.01178,0.98032
33828543,2,2,0.00578,0.09547,0.89875
4396279,2,2,0.00154,0.00695,0.99152
25140374,2,2,0.00316,0.01936,0.97748
21871692,2,2,0.00635,0.12154,0.87211
3068869,2,2,0.00161,0.00668,0.99171
32992486,2,2,0.0051,0.00853,0.98637
27471218,2,2,0.00342,0.04714,0.94944
5152325,0,0,0.96868,0.029,0.00233
31372822,2,2,0.00736,0.04378,0.94886
20110371,0,0,0.89048,0.10594,0.00358
8837553,0,0,0.62871,0.34857,0.02272
31970063,2,2,0.01416,0.05353,0.93231
2618512,2,2,0.01242,0.09603,0.89155
25106323,2,2,0.0028,0.01661,0.98059
3731114,2,2,0.00111,0.00502,0.99387
11661474,2,2,0.00087,0.00416,0.99497
35286492,2,2,0.01584,0.06328,0.92087
1921895,1,1,0.02912,0.87111,0.09977
38406078,2,2,0.00137,0.01047,0.98815
25583322,0,0,0.80201,0.18975,0.00824
33767124,2,2,0.00095,0.00397,0.99508
30196347,2,2,0.00175,0.004,0.99425
21982765,2,2,0.00147,0.0049,0.99363
28960080,2,2,0.00233,0.01436,0.98332
1661156,2,2,0.00113,0.00564,0.99324
8802108,0,0,0.98614,0.01213,0.00173
38236084,2,2,0.00224,0.00471,0.99305
2351172,0,1,0.36957,0.61891,0.01151
3332400,2,2,0.00618,0.03251,0.96131
14352347,0,1,0.44646,0.44996,0.10359
16732958,0,0,0.89718,0.09833,0.00449
11424048,2,2,0.00103,0.00546,0.99351
6106930,0,0,0.95799,0.03941,0.00261
35646226,2,2,0.00154,0.00501,0.99345
14256858,2,2,0.00169,0.00684,0.99147
30928150,2,2,0.00269,0.02372,0.97359
3457224,2,2,0.00211,0.01901,0.97888
3058402,2,2,0.00147,0.00717,0.99137
17682866,0,0,0.94565,0.05161,0.00274
32961229,0,0,0.80862,0.18471,0.00668
32651490,2,2,0.01091,0.34484,0.64425
24258380,2,2,0.00156,0.01035,0.98809
27268572,2,2,0.00109,0.00526,0.99365
40056308,1,0,0.93018,0.06751,0.00231
13977846,2,2,0.00093,0.00555,0.99352
10502866,2,2,0.00318,0.01183,0.98498
18468815,2,2,0.00099,0.00728,0.99172
13686286,2,2,0.0012,0.00628,0.99252
6660001,2,2,0.00096,0.00628,0.99275
27271374,2,2,0.00088,0.00494,0.99418
1258916,2,2,0.00331,0.05077,0.94593
27505106,1,0,0.51105,0.48009,0.00886
30462409,2,2,0.00118,0.00343,0.99539
26826092,2,2,0.00199,0.01194,0.98607
27052133,2,2,0.00206,0.01043,0.98751
24020686,2,2,0.0033,0.00773,0.98897
23964253,2,2,0.00144,0.00969,0.98886
23765735,0,0,0.91612,0.07989,0.00399
39178676,2,2,0.00305,0.03764,0.95931
24285903,0,0,0.98282,0.01534,0.00184
5624896,2,2,0.00095,0.00609,0.99296
6215253,2,2,0.00145,0.00382,0.99473
25551268,2,2,0.01858,0.08601,0.8954
27705574,0,1,0.39385,0.59124,0.01492
2079004,0,0,0.9737,0.02423,0.00206
15492806,2,2,0.00349,0.02791,0.9686
30346489,0,0,0.97099,0.0273,0.00171
36915375,0,0,0.96886,0.02825,0.0029
35492201,0,0,0.70647,0.28322,0.01032
20723600,2,2,0.0014,0.00648,0.99212
38549033,1,0,0.71746,0.26705,0.01548
13020582,2,2,0.02176,0.08133,0.8969
31410026,0,0,0.49575,0.48806,0.01619
14432539,2,2,0.00763,0.1102,0.88217
4952782,0,0,0.81894,0.17642,0.00465
14925904,2,2,0.01258,0.11933,0.86809
13732736,0,0,0.93574,0.05979,0.00447
26614365,2,1,0.38813,0.59647,0.01541
40555001,0,0,0.82426,0.1701,0.00564
4384281,2,2,0.00199,0.0147,0.98331
37468990,2,1,0.06351,0.69352,0.24297
25605054,2,2,0.00085,0.00526,0.99389
21281725,2,2,0.01342,0.18171,0.80487
9723626,2,1,0.05975,0.87462,0.06562
8021685,2,2,0.0085,0.15074,0.84076
14328516,2,2,0.00201,0.0046,0.99339
29695424,2,2,0.0096,0.17895,0.81145
13211647,2,1,0.0308,0.64828,0.32092
4255666,1,0,0.97619,0.02174,0.00207
36432647,2,2,0.00213,0.00798,0.98989
28632754,0,0,0.98812,0.01003,0.00185
36387860,1,1,0.39027,0.59045,0.01928
3853658,0,0,0.78689,0.2085,0.00461
839630,2,2,0.00174,0.00911,0.98915
534590,2,2,0.00126,0.00534,0.99341
36664746,2,2,0.00111,0.006,0.99289
40776080,0,0,0.97331,0.02475,0.00194
15924343,2,2,0.00101,0.00796,0.99103
22953778,2,2,0.00197,0.00869,0.98934
35536657,2,2,0.00188,0.0078,0.99032
18419390,2,1,0.12614,0.50673,0.36713
1362119,2,2,0.00091,0.00522,0.99388
23563252,2,2,0.00111,0.0041,0.99479
27901965,0,0,0.98955,0.00792,0.00253
14066975,0,0,0.63854,0.35263,0.00883
25115846,2,2,0.01948,0.02725,0.95327
7478644,2,2,0.00127,0.00831,0.99042
33860273,0,1,0.02017,0.63735,0.34248
14723163,0,1,0.24034,0.39355,0.36611
28503005,2,2,0.00116,0.01093,0.98791
27352253,2,2,0.00168,0.01213,0.98619
12406721,2,2,0.0083,0.13141,0.86028
4817647,0,0,0.73404,0.25072,0.01523
25846522,2,2,0.00263,0.01532,0.98204
24318563,2,2,0.00092,0.0072,0.99188
15058672,2,1,0.04156,0.85457,0.10387
6549463,2,2,0.00234,0.00918,0.98849
36363771,2,2,0.00172,0.01741,0.98086
35377580,2,2,0.00111,0.00464,0.99425
35321432,0,0,0.50451,0.4814,0.01409
25305307,2,2,0.00119,0.01163,0.98718
38071988,2,0,0.51399,0.15737,0.32863
37809746,2,2,0.00225,0.0176,0.98015
29408549,1,1,0.16901,0.80157,0.02943
27457300,2,2,0.00124,0.00679,0.99197
22516362,2,1,0.02225,0.63513,0.34263
21624481,2,2,0.00087,0.00404,0.9951
3575430,1,1,0.09793,0.86685,0.03522
28958086,1,1,0.0271,0.65662,0.31628
41378772,2,0,0.78699,0.1959,0.01712
24025652,2,2,0.00099,0.00604,0.99296
40947490,0,1,0.10474,0.87866,0.0166
18510237,2,2,0.00932,0.17729,0.81339
7221965,2,2,0.00114,0.00604,0.99281
38919387,2,2,0.00092,0.00809,0.991
12240714,2,2,0.01999,0.07542,0.90459
29565251,0,0,0.97505,0.01745,0.0075
40256814,0,0,0.91558,0.07731,0.0071
32510705,0,0,0.76622,0.21953,0.01425
10869279,1,1,0.40829,0.5803,0.0114
15274933,2,2,0.00205,0.01409,0.98386
39146205,2,2,0.00192,0.00467,0.99341
22329729,0,0,0.93014,0.06699,0.00287
39990934,2,2,0.00143,0.00505,0.99352
23829082,2,2,0.00116,0.0046,0.99423
41350249,0,0,0.81552,0.17228,0.01219
40063957,2,2,0.00094,0.0051,0.99397
20452635,2,2,0.0013,0.00464,0.99406
17983289,0,0,0.98934,0.00856,0.0021
38090175,2,2,0.00411,0.03553,0.96036
8071738,2,2,0.00327,0.01532,0.98141
33552650,2,2,0.00091,0.00581,0.99328
36578359,2,2,0.00333,0.01413,0.98255
1168191,2,2,0.00116,0.0069,0.99194
25242770,0,0,0.9865,0.01144,0.00206
41455457,2,2,0.00115,0.00534,0.99352
12177361,2,2,0.00155,0.01232,0.98613
11296920,2,2,0.00197,0.00798,0.99004
38780748,2,2,0.00293,0.03082,0.96625
1355291,2,1,0.03701,0.91434,0.04865
26772579,2,2,0.00392,0.05162,0.94446
26821054,2,2,0.00096,0.006,0.99304
41592442,2,2,0.00194,0.01088,0.98718
8075367,2,2,0.00109,0.00805,0.99086
6897721,2,2,0.00645,0.03688,0.95668
15158724,2,2,0.00147,0.00711,0.99142
9457329,2,2,0.0027,0.00442,0.99288
23593712,2,2,0.00127,0.0088,0.98992
2127186,0,0,0.79742,0.19695,0.00563
8134131,2,2,0.00352,0.00627,0.99022
9245369,2,2,0.00171,0.00792,0.99036
19838753,2,2,0.00097,0.00457,0.99447
20914949,2,2,0.00088,0.00573,0.9934
15950606,0,0,0.5316,0.45827,0.01012
37684835,2,2,0.01524,0.15246,0.83229
35019770,2,2,0.00104,0.00482,0.99413
34243411,2,2,0.01133,0.08822,0.90044
37123376,2,2,0.00272,0.01207,0.98521
6678163,1,2,0.00227,0.02088,0.97685
16486536,2,1,0.28975,0.67898,0.03126
20177803,2,2,0.00177,0.00936,0.98887
4939367,2,2,0.00128,0.00482,0.9939
15249108,2,2,0.00134,0.00769,0.99098
12751826,0,0,0.57032,0.40442,0.02525
40021589,0,0,0.95617,0.0415,0.00233
18330021,2,2,0.0012,0.00581,0.99299
17979750,2,2,0.0013,0.00633,0.99237
37137347,2,2,0.02014,0.0613,0.91856
18979212,0,0,0.95124,0.04672,0.00205
6792488,2,2,0.00101,0.00591,0.99308
9084651,2,2,0.00122,0.00367,0.9951
8888346,2,2,0.0036,0.01418,0.98223
40009261,2,2,0.00106,0.00486,0.99408
4274461,2,2,0.00092,0.00728,0.9918
29670195,0,1,0.05061,0.88665,0.06274
17683874,2,2,0.00103,0.00555,0.99342
8252953,2,2,0.00138,0.00908,0.98955
30305946,0,1,0.22201,0.75106,0.02693
6873646,2,2,0.00224,0.00442,0.99333
17711521,2,2,0.00098,0.00513,0.99389
2889933,0,1,0.35251,0.56111,0.08639
4608437,2,2,0.00106,0.00436,0.99458
7520589,2,0,0.77111,0.22179,0.0071
36165432,1,1,0.30132,0.68436,0.01431
27834603,2,2,0.00183,0.02022,0.97795
17916539,2,2,0.00097,0.00382,0.99521
24911063,2,2,0.02305,0.07752,0.89943
1689699,2,2,0.00438,0.03402,0.9616
22369383,2,2,0.0012,0.00453,0.99427
21337999,2,2,0.01416,0.32473,0.66111
11889501,2,2,0.00088,0.00464,0.99448
29581414,2,1,0.3021,0.62107,0.07683
13312934,0,0,0.97492,0.0232,0.00188
27282850,0,0,0.85893,0.1375,0.00357
17003145,2,2,0.00091,0.00429,0.9948
16361163,2,2,0.00124,0.0049,0.99386
37078309,2,2,0.01568,0.13492,0.8494
16918538,2,2,0.00106,0.00534,0.9936
31296662,0,1,0.49176,0.49951,0.00873
27209595,2,2,0.00142,0.0111,0.98748
6974363,2,2,0.00339,0.02775,0.96886
13303528,2,2,0.00107,0.00695,0.99198
32840044,2,2,0.02938,0.08469,0.88593
10999835,2,2,0.00132,0.00457,0.99411
23137570,2,2,0.00129,0.00763,0.99108
22584283,2,2,0.00547,0.03086,0.96368
1677407,2,2,0.00292,0.02043,0.97665
2911583,0,0,0.93482,0.05758,0.0076
14920970,2,2,0.00124,0.00403,0.99473
38637212,2,2,0.01396,0.38319,0.60285
22907353,2,2,0.00166,0.01007,0.98827
14479136,2,2,0.00122,0.00419,0.99459
21865369,2,2,0.02065,0.35194,0.62741
29758304,2,2,0.00432,0.0322,0.96347
8623961,2,2,0.00085,0.00404,0.99511
27542581,2,2,0.00115,0.00337,0.99548
1489107,2,1,0.11034,0.7181,0.17157
8832329,2,2,0.05647,0.08058,0.86294
33570808,0,0,0.86589,0.13022,0.00389
25649073,0,0,0.95683,0.04073,0.00245
11402160,1,1,0.05158,0.9268,0.02163
23841188,0,0,0.92832,0.06771,0.00398
19000884,2,2,0.01215,0.01535,0.9725
23834916,2,2,0.00112,0.0088,0.99007
8336454,2,1,0.0333,0.71188,0.25482
19612876,2,2,0.00234,0.00843,0.98923
40798279,0,0,0.96794,0.03044,0.00162
12902887,2,2,0.00109,0.00482,0.99408
7286107,2,2,0.00204,0.0059,0.99206
6541967,2,2,0.00096,0.00538,0.99366
40029975,2,2,0.00102,0.00711,0.99186
17984346,2,2,0.00109,0.0053,0.99361
16862871,2,2,0.00351,0.03961,0.95688
6436329,2,2,0.00197,0.00999,0.98804
8707684,2,2,0.06317,0.04063,0.8962
28452367,2,2,0.01016,0.03165,0.95819
35392175,0,0,0.95545,0.04229,0.00226
4785477,2,2,0.00125,0.01048,0.98827
13307870,2,2,0.00782,0.13015,0.86204
20167603,2,2,0.00149,0.00563,0.99287
16216755,2,2,0.00101,0.00407,0.99492
33490756,2,2,0.00164,0.01928,0.97908
24678771,1,2,0.02377,0.23089,0.74533
17814462,0,0,0.9852,0.01275,0.00206
32089669,0,0,0.98046,0.01806,0.00147
1344286,0,0,0.64209,0.3491,0.00881
22260697,2,2,0.00358,0.04889,0.94753
26006489,2,2,0.0303,0.18818,0.78152
26004426,0,0,0.98399,0.01393,0.00209
19329633,2,2,0.00208,0.01545,0.98247
10982363,2,2,0.00081,0.00461,0.99458
17532244,2,2,0.00101,0.00653,0.99246
27657211,2,2,0.01235,0.32874,0.65891
39682442,2,2,0.00187,0.01675,0.98138
11821478,2,2,0.02059,0.16324,0.81616
36363683,2,2,0.00142,0.0083,0.99028
19872177,2,1,0.01901,0.58694,0.39405
41027031,2,2,0.0179,0.04943,0.93267
24150850,0,0,0.63838,0.35531,0.00631
20223557,0,0,0.93895,0.05761,0.00344
15163961,0,0,0.86555,0.12372,0.01073
8046114,2,2,0.00089,0.0049,0.99421
34911051,2,2,0.00118,0.00397,0.99485
25269893,2,2,0.00342,0.03304,0.96354
36583937,2,2,0.00116,0.0094,0.98944
22747440,2,2,0.00093,0.00595,0.99311
17391771,2,2,0.00409,0.01061,0.9853
6037548,1,2,0.00343,0.04677,0.9498
13989182,0,0,0.95606,0.04065,0.00329
8832033,2,2,0.02923,0.09639,0.87438
18843461,2,2,0.00156,0.01114,0.9873
41583228,0,0,0.98753,0.00961,0.00286
16517777,2,2,0.00342,0.06408,0.9325
36260491,2,1,0.0368,0.69442,0.26877
6887315,2,2,0.00236,0.03003,0.96761
30008617,2,2,0.00104,0.00706,0.9919
14345846,2,1,0.07066,0.85412,0.07522
12364046,2,2,0.00149,0.00689,0.99162
38974701,0,1,0.11307,0.85909,0.02783
2539712,2,2,0.00165,0.01415,0.9842
71514,2,2,0.00129,0.0114,0.98731
21320622,2,2,0.00109,0.00494,0.99397
11148261,0,0,0.95661,0.04058,0.00282
19845943,0,0,0.62833,0.35384,0.01782
8525468,2,2,0.00095,0.00475,0.9943
12839576,2,2,0.00098,0.00604,0.99298
2737799,2,2,0.00174,0.00947,0.98879
4722532,2,2,0.01645,0.25041,0.73314
19388228,2,2,0.00766,0.07919,0.91315
24389093,0,0,0.97296,0.02538,0.00166
18303526,0,0,0.85482,0.14009,0.00508
34272236,2,2,0.00545,0.01127,0.98328
16345701,2,2,0.00129,0.00989,0.98882
29540980,2,2,0.00132,0.00376,0.99492
894053,2,2,0.00766,0.07919,0.91315
265729,2,2,0.00148,0.01181,0.98671
16905924,2,2,0.00154,0.004,0.99446
34021198,0,0,0.94895,0.04763,0.00342
20738163,2,2,0.00691,0.02955,0.96353
10186337,2,2,0.00176,0.0114,0.98684
39027616,2,2,0.00219,0.02911,0.9687
13277278,2,2,0.00136,0.00403,0.99461
31760923,2,2,0.00091,0.00619,0.99291
21063316,0,0,0.6306,0.36212,0.00728
14946840,2,2,0.0088,0.07903,0.91217
34323147,2,2,0.00153,0.00915,0.98932
6015085,1,1,0.02459,0.81441,0.16099
6672468,2,2,0.00544,0.0203,0.97426
36478386,2,2,0.01467,0.13944,0.84589
14922882,2,2,0.00179,0.0134,0.98481
8512903,1,2,0.07197,0.22896,0.69907
38375419,2,2,0.00092,0.0053,0.99378
36483031,2,2,0.00471,0.05427,0.94102
13170410,2,2,0.00124,0.006,0.99277
30566799,2,2,0.00384,0.02666,0.9695
30995560,0,1,0.33562,0.62702,0.03736
14834986,2,2,0.00278,0.02344,0.97378
39620976,0,0,0.77908,0.20126,0.01966
40856582,0,0,0.66034,0.32689,0.01277
22374605,0,0,0.98874,0.00816,0.0031
12150336,2,2,0.00404,0.00848,0.98749
19420285,2,2,0.00546,0.01796,0.97659
17212666,0,0,0.82237,0.16904,0.00858
18553464,2,2,0.00128,0.00663,0.99209
19019921,2,2,0.01031,0.04659,0.9431
22967229,2,2,0.00572,0.0476,0.94669
34527272,2,2,0.00092,0.00559,0.99349
26262976,0,0,0.65326,0.33627,0.01048
26379145,0,0,0.98872,0.00954,0.00174
31371060,2,2,0.00156,0.01131,0.98713
9143742,2,2,0.00196,0.01393,0.98411
8942502,2,2,0.0012,0.00423,0.99457
18914274,2,2,0.00163,0.01,0.98837
9782699,2,2,0.00122,0.00586,0.99292
39217974,2,2,0.0012,0.0046,0.99419
19375281,2,2,0.00227,0.02219,0.97554
28195054,2,2,0.00182,0.01067,0.98751
11550572,2,2,0.01479,0.17773,0.80748
40798107,2,2,0.00124,0.00781,0.99096
23504413,2,2,0.02478,0.1611,0.81413
13885561,2,2,0.00108,0.00586,0.99307
5847550,0,0,0.91557,0.0819,0.00253
39313012,0,0,0.97081,0.02761,0.00158
29038386,0,0,0.94076,0.05705,0.00219
899052,2,2,0.00449,0.00989,0.98561
40063072,2,2,0.00093,0.00534,0.99373
28828674,2,2,0.0036,0.05803,0.93837
16244752,2,2,0.00985,0.03095,0.95919
36564003,2,2,0.00197,0.01105,0.98698
36139734,0,1,0.10112,0.87483,0.02405
11409779,2,2,0.00142,0.00805,0.99053
38776317,2,2,0.00254,0.01801,0.97945
19490631,2,2,0.00109,0.00407,0.99484
11834636,0,0,0.86802,0.12263,0.00935
38443308,2,2,0.00555,0.0088,0.98565
2168378,2,2,0.00132,0.00471,0.99397
29139390,2,2,0.01198,0.08665,0.90137
9116785,2,2,0.01191,0.1403,0.84779
41473024,0,0,0.86351,0.13242,0.00406
2135415,2,2,0.00118,0.0069,0.99192
41123160,2,2,0.00095,0.00522,0.99384
39792783,1,1,0.0895,0.78229,0.12821
33149823,2,2,0.01561,0.33108,0.65331
17663288,2,2,0.00263,0.03014,0.96723
10928023,2,2,0.00825,0.00851,0.98325
12578209,2,2,0.00109,0.00808,0.99083
33183909,0,0,0.98315,0.01522,0.00162
29050658,0,0,0.5081,0.46992,0.02198
35466979,2,2,0.00094,0.00426,0.9948
17003719,2,2,0.17662,0.21767,0.60571
1673375,2,2,0.00147,0.007,0.99153
36355981,2,2,0.02199,0.2668,0.71121
24455409,2,2,0.00329,0.05491,0.9418
32797186,2,2,0.00981,0.21128,0.77891
9726658,0,0,0.8413,0.15143,0.00728
25213804,1,0,0.64959,0.3129,0.03752
16666981,0,0,0.67057,0.32174,0.00769
28401280,2,2,0.00116,0.00915,0.98969
26652077,2,2,0.00101,0.00586,0.99313
25787501,2,2,0.00177,0.00911,0.98912
17185820,2,2,0.01888,0.29993,0.6812
16608331,2,2,0.01154,0.01979,0.96866
9523497,2,2,0.00083,0.00413,0.99504
5842655,2,2,0.00131,0.01246,0.98623
8550774,2,2,0.00228,0.01675,0.98097
10247888,0,1,0.474,0.51654,0.00946
13523448,2,2,0.00134,0.0034,0.99526
7414242,2,2,0.00288,0.01914,0.97798
800670,2,2,0.00314,0.02627,0.97059
18076872,2,2,0.00258,0.00478,0.99264
24108226,2,2,0.00771,0.14208,0.85021
14900024,2,2,0.00101,0.00887,0.99012
26282164,2,2,0.00156,0.00947,0.98897
10836949,2,2,0.00454,0.01553,0.97993
27681437,2,2,0.00272,0.01458,0.98271
27224274,2,2,0.00246,0.00608,0.99146
11979015,2,2,0.02311,0.08903,0.88785
11786730,1,2,0.01329,0.30492,0.68179
33752775,2,2,0.00223,0.00984,0.98793
10783815,2,2,0.00116,0.00538,0.99346
33262524,1,1,0.46173,0.5151,0.02317
13579762,0,0,0.90304,0.0895,0.00746
41168917,2,2,0.00649,0.11681,0.8767
13727022,2,2,0.00293,0.01635,0.98071
23753003,2,2,0.00096,0.00506,0.99398
36802018,0,0,0.93234,0.06413,0.00352
36080180,2,2,0.00111,0.00379,0.9951
9097231,0,2,0.05832,0.35725,0.58443
24987323,0,1,0.29312,0.68419,0.02269
19689756,2,2,0.00108,0.00382,0.9951
12036591,2,2,0.0012,0.00633,0.99247
21733358,0,0,0.93813,0.05893,0.00294
38665577,1,1,0.103,0.8709,0.02609
32495420,2,2,0.00191,0.01019,0.9879
17724409,2,2,0.00237,0.0257,0.97193
25450727,2,2,0.00272,0.01309,0.98419
25791781,2,2,0.00184,0.01285,0.98531
30628048,2,2,0.00125,0.00781,0.99094
328010,2,1,0.04448,0.79457,0.16095
30605541,2,2,0.00306,0.03554,0.9614
15698162,2,2,0.01326,0.08548,0.90125
35720693,0,0,0.97091,0.02547,0.00361
10313387,2,2,0.00183,0.0059,0.99227
29129251,2,2,0.00879,0.01438,0.97684
29079928,2,2,0.00154,0.00572,0.99274
4764875,2,1,0.03536,0.8433,0.12134
10325881,2,2,0.00114,0.00837,0.99049
19868913,2,0,0.83176,0.11983,0.04841
41248651,2,2,0.00694,0.0251,0.96796
77045,0,0,0.98414,0.0144,0.00146
23877653,0,0,0.48669,0.48669,0.02661
35314547,0,0,0.75526,0.21766,0.02708
34583523,2,2,0.00172,0.00478,0.9935
20485258,2,2,0.00218,0.01675,0.98107
25363743,2,2,0.00226,0.02527,0.97247
14224843,1,1,0.19582,0.76248,0.04169
9567341,2,2,0.00108,0.00538,0.99354
12500402,0,0,0.98169,0.01605,0.00225
8155061,2,2,0.00158,0.0087,0.98972
8821186,0,0,0.98031,0.01667,0.00302
30453697,0,0,0.64741,0.32937,0.02322
34452848,2,2,0.0073,0.21247,0.78023
23986220,1,0,0.74319,0.24894,0.00788
35780063,2,2,0.00103,0.00619,0.99279
38591085,2,2,0.00145,0.00388,0.99467
35052912,1,1,0.3821,0.58263,0.03526
17122124,2,2,0.00751,0.01616,0.97633
28944731,2,2,0.00317,0.04709,0.94974
38360709,2,2,0.00109,0.00482,0.99408
7521233,2,2,0.01099,0.07395,0.91506
2130579,2,2,0.00107,0.00769,0.99124
37083480,2,2,0.00114,0.0069,0.99196
14187351,2,2,0.01483,0.14978,0.83539
38462410,2,2,0.00095,0.00413,0.99492
5504074,2,2,0.00924,0.10543,0.88533
4432568,2,2,0.00137,0.0131,0.98553
3564612,0,0,0.86701,0.12837,0.00462
37924574,2,1,0.02656,0.64858,0.32486
31804742,2,2,0.0059,0.03314,0.96096
18175860,2,1,0.01988,0.61368,0.36644
4904119,2,2,0.001,0.00506,0.99395
11482449,2,2,0.00503,0.05116,0.94381
21316067,2,2,0.00111,0.00653,0.99236
14160464,0,0,0.96764,0.02988,0.00247
10973707,2,2,0.00097,0.00394,0.99509
3662896,2,2,0.00101,0.00663,0.99236
37502450,2,1,0.02806,0.85285,0.11908
40874904,2,2,0.00742,0.17424,0.81834
22674633,2,2,0.00147,0.00538,0.99315
14275786,2,2,0.0014,0.00695,0.99165
26698691,2,2,0.01132,0.13079,0.85789
29188428,2,2,0.00164,0.00464,0.99372
6618791,2,2,0.00113,0.00423,0.99464
24712104,2,2,0.0039,0.02605,0.97004
1157958,2,2,0.00127,0.00815,0.99058
37142364,2,1,0.04702,0.63412,0.31886
14476551,2,2,0.00126,0.00604,0.9927
24735499,2,2,0.00086,0.00568,0.99345
25749941,2,2,0.00242,0.02124,0.97634
2456932,1,1,0.25558,0.73093,0.01349
29596203,2,2,0.00103,0.00362,0.99535
31369840,2,2,0.00108,0.00324,0.99568
36065952,2,2,0.02862,0.08798,0.8834
3187855,0,0,0.96557,0.03242,0.00202
910007,2,2,0.00674,0.08229,0.91097
11553726,2,2,0.00149,0.0106,0.98792
22837717,2,2,0.00197,0.02351,0.97452
5846187,0,0,0.7278,0.26359,0.00861
39720565,2,2,0.00315,0.00667,0.99018
29132587,2,2,0.03649,0.26962,0.69389
23407073,2,2,0.05148,0.1046,0.84392
5790901,2,2,0.00162,0.00475,0.99364
37672944,2,2,0.00198,0.02108,0.97694
11392818,2,2,0.00763,0.1102,0.88217
23163291,2,2,0.00159,0.0037,0.99471
36679402,2,2,0.01378,0.04982,0.9364
9490779,2,2,0.00132,0.00433,0.99435
27825082,2,2,0.00115,0.00538,0.99348
8978292,2,2,0.00153,0.01176,0.98671
33267844,0,0,0.46802,0.31391,0.21807
19173980,2,2,0.00308,0.02984,0.96708
11484078,2,2,0.01232,0.07506,0.91262
9077257,2,2,0.00401,0.04589,0.9501
1652624,0,0,0.88805,0.10606,0.00589
29035746,2,1,0.02058,0.69758,0.28185
22025607,2,2,0.00097,0.0037,0.99533
17364656,2,2,0.00112,0.00772,0.99116
14411732,2,2,0.00114,0.0059,0.99295
22748334,0,0,0.71102,0.27199,0.01699
6332970,2,2,0.00499,0.04355,0.95145
23663010,2,1,0.15213,0.53203,0.31584
25682592,2,2,0.00095,0.00443,0.99462
15336414,1,0,0.7727,0.2171,0.01019
12870562,2,2,0.00122,0.00388,0.9949
40718316,0,0,0.94447,0.05266,0.00287
32875864,0,0,0.5499,0.39608,0.05402
485390,2,2,0.00234,0.00976,0.9879
30692417,2,2,0.00137,0.01068,0.98795
25432477,1,1,0.0624,0.90634,0.03126
2474013,2,2,0.00154,0.02325,0.97521
5028809,0,0,0.92908,0.06757,0.00335
2446650,2,2,0.00366,0.04357,0.95277
3404365,2,2,0.00302,0.01863,0.97835
20055552,0,0,0.88928,0.10518,0.00554
3143891,2,2,0.00176,0.0126,0.98564
21293842,2,2,0.00469,0.05925,0.93606
14160027,2,2,0.00194,0.01055,0.98751
34017281,2,2,0.00085,0.00468,0.99447
33262520,2,2,0.00092,0.00443,0.99465
8776624,2,2,0.00221,0.01945,0.97834
25642784,2,2,0.00091,0.00423,0.99487
4209367,0,0,0.63566,0.35104,0.0133
4758205,0,0,0.98467,0.01377,0.00155
9728261,2,2,0.00918,0.0685,0.92232
7592363,2,2,0.04231,0.17794,0.77976
35846415,2,2,0.00104,0.00359,0.99537
24212456,2,2,0.00287,0.00773,0.9894
34112427,2,2,0.00953,0.28503,0.70545
12452190,2,2,0.0052,0.01866,0.97613
37830702,2,2,0.00171,0.01047,0.98782
21742015,2,2,0.00092,0.00674,0.99234
1781507,2,2,0.00102,0.00706,0.99192
10744520,2,2,0.00192,0.01865,0.97943
34209149,2,2,0.00106,0.00365,0.99529
17419182,2,2,0.00468,0.08872,0.9066
21011125,0,1,0.32845,0.58553,0.08602
39682809,2,2,0.01076,0.21698,0.77226
8960888,2,2,0.00116,0.00423,0.99461
1995978,0,0,0.98851,0.00939,0.0021
22570203,2,2,0.00118,0.01,0.98882
36844563,0,0,0.97644,0.02204,0.00151
13866557,2,2,0.00094,0.00471,0.99435
38551169,2,2,0.00106,0.00468,0.99426
5272938,2,2,0.00137,0.01101,0.98761
35341697,0,0,0.98779,0.01039,0.00182
938484,2,2,0.00156,0.00568,0.99276
16262,2,2,0.13481,0.08486,0.78033
26169593,2,2,0.01124,0.12303,0.86573
26844412,2,2,0.00098,0.00433,0.99469
19564039,2,2,0.02244,0.03817,0.93939
40001031,2,2,0.00575,0.07118,0.92307
19694215,2,2,0.00181,0.01558,0.98261
26435151,0,0,0.95771,0.03995,0.00234
10799382,2,1,0.04076,0.75707,0.20218
17914650,0,0,0.98917,0.00883,0.002
25752150,1,1,0.04685,0.69387,0.25928
36301380,2,2,0.00107,0.00643,0.99249
27698040,2,2,0.001,0.00436,0.99464
39130588,2,2,0.00271,0.01617,0.98112
26035092,0,0,0.78607,0.20829,0.00564
39513300,2,2,0.00099,0.00658,0.99242
37194124,2,2,0.00222,0.01498,0.9828
27939850,2,2,0.01329,0.25563,0.73108
11749323,2,2,0.0441,0.38847,0.56743
4540401,1,0,0.72605,0.26399,0.00996
26952733,0,0,0.80424,0.1888,0.00696
1934415,1,1,0.0788,0.90052,0.02069
22841032,0,0,0.75988,0.21308,0.02704
35398066,2,2,0.00294,0.02798,0.96908
20129493,2,2,0.00163,0.01064,0.98773
16471326,2,1,0.04048,0.72883,0.23069
16099982,1,0,0.93207,0.06418,0.00375
25296537,2,2,0.00192,0.01695,0.98113
22409159,1,0,0.66161,0.32752,0.01086
17355033,2,2,0.00199,0.01203,0.98598
2157168,2,2,0.00135,0.01362,0.98503
21918629,2,2,0.00149,0.00901,0.98951
14364807,1,0,0.91901,0.0747,0.00629
32593106,2,2,0.00095,0.00471,0.99434
1705682,2,2,0.00201,0.00497,0.99302
22839326,2,2,0.00732,0.07724,0.91543
19766829,2,2,0.0013,0.00633,0.99237
17389463,2,2,0.0014,0.0078,0.9908
37806916,2,2,0.00146,0.01114,0.9874
22334824,2,2,0.01161,0.31878,0.66961
18968597,1,1,0.33126,0.54829,0.12044
83703,0,0,0.9758,0.02229,0.00191
33665676,2,2,0.00174,0.00954,0.98872
14543570,2,1,0.01777,0.78585,0.19638
24676530,2,2,0.00587,0.12285,0.87128
14116511,1,1,0.43737,0.48602,0.0766
9456262,2,2,0.00114,0.00568,0.99318
34779499,2,2,0.00188,0.00973,0.98839
22954830,0,0,0.83196,0.15724,0.01081
9917822,2,2,0.00113,0.00722,0.99165
25414384,2,2,0.00816,0.20969,0.78215
13997879,0,0,0.98541,0.0124,0.00219
35459156,2,2,0.00104,0.00658,0.99238
17711687,2,2,0.00201,0.01788,0.9801
3039028,2,2,0.00094,0.00376,0.9953
20367330,2,2,0.00266,0.02051,0.97683
5302522,1,0,0.45138,0.43494,0.11368
37264128,0,0,0.80239,0.1891,0.00851
8048779,2,2,0.01451,0.42391,0.56159
25436386,2,2,0.00097,0.0044,0.99464
34450888,1,0,0.79776,0.19703,0.00521
4220505,2,2,0.00114,0.00802,0.99084
28121529,0,0,0.87601,0.11005,0.01394
31349083,2,2,0.00983,0.30105,0.68912
7296872,0,1,0.2007,0.76785,0.03145
28000240,2,2,0.00159,0.00638,0.99203
37641075,0,0,0.85102,0.14334,0.00565
38401714,0,0,0.9104,0.08652,0.00308
23030406,2,2,0.02575,0.45293,0.52132
36172294,2,2,0.00155,0.01448,0.98397
3221877,2,0,0.60632,0.37648,0.0172
115530,2,2,0.00126,0.00475,0.99399
33433181,2,2,0.00095,0.00379,0.99526
36812969,0,0,0.98311,0.01453,0.00236
8442917,0,1,0.02918,0.87293,0.09789
5204875,2,2,0.0068,0.08806,0.90514
20435642,2,2,0.00218,0.01587,0.98195
5215730,2,2,0.00215,0.01707,0.98078
36784967,2,2,0.00137,0.01101,0.98761
31794194,0,0,0.95665,0.04025,0.00309
695181,2,1,0.01772,0.58217,0.40012
2970275,2,2,0.00103,0.00362,0.99535
34190771,2,2,0.00474,0.01804,0.97722
29929135,2,0,0.8512,0.13028,0.01851
29693442,2,2,0.00091,0.00624,0.99286
40302414,2,2,0.00727,0.01772,0.97501
13273282,2,2,0.01906,0.17054,0.81041
5173262,2,2,0.01232,0.07506,0.91262
3197893,2,2,0.00112,0.01136,0.98752
21021156,2,2,0.00189,0.02045,0.97766
36244401,2,1,0.38516,0.57595,0.03889
4525742,2,2,0.00082,0.00568,0.99349
12350966,2,2,0.0012,0.00867,0.99014
37827485,2,2,0.00149,0.00733,0.99117
5256958,2,2,0.0018,0.00679,0.99142
16831861,2,2,0.00786,0.01744,0.9747
9352872,2,2,0.00685,0.03742,0.95572
21132720,2,2,0.00094,0.00385,0.99521
28603529,2,2,0.02096,0.3166,0.66244
28223322,2,2,0.00137,0.01047,0.98815
8855091,2,2,0.00578,0.02166,0.97256
16219049,1,1,0.27817,0.67516,0.04667
30624311,0,0,0.57055,0.41742,0.01203
2793311,2,2,0.00474,0.04777,0.94748
20120639,2,2,0.00116,0.007,0.99184
4530852,2,1,0.14617,0.68787,0.16596
17901252,1,0,0.79109,0.20238,0.00653
26142821,0,0,0.79447,0.20009,0.00544
22556807,2,2,0.00245,0.0103,0.98725
24758385,2,2,0.00132,0.00674,0.99195
9918618,2,2,0.17495,0.15961,0.66544
32083733,2,2,0.00129,0.00775,0.99096
40121315,2,1,0.35226,0.61104,0.0367
32029176,2,2,0.00214,0.02084,0.97702
36958310,2,1,0.02266,0.7927,0.18464
16216889,2,2,0.00853,0.03564,0.95583
5352246,0,0,0.98791,0.01027,0.00182
563361,2,2,0.00557,0.08723,0.9072
24833394,2,2,0.00242,0.00406,0.99352
14364563,1,2,0.00532,0.04147,0.9532
35672026,2,2,0.00091,0.00522,0.99388
26900672,2,2,0.00115,0.00443,0.99442
22953177,0,0,0.92313,0.07202,0.00484
9280241,1,1,0.12786,0.80104,0.0711
8834372,2,2,0.0013,0.00633,0.99237
10917280,2,2,0.00184,0.01285,0.98531
8859371,2,2,0.00458,0.02119,0.97423
25780261,2,2,0.0146,0.15006,0.83534
19203423,0,0,0.63249,0.35479,0.01272
36506445,2,2,0.00116,0.00413,0.99471
35588773,0,1,0.16121,0.6401,0.19868
21347386,2,2,0.0029,0.01278,0.98432
17605464,2,2,0.00099,0.006,0.99301
16086829,2,2,0.00405,0.03594,0.96001
2483504,2,2,0.0041,0.00803,0.98787
1392573,2,2,0.00161,0.00962,0.98877
21417470,2,2,0.00122,0.00551,0.99328
18582601,2,2,0.00268,0.01441,0.98291
6505597,2,2,0.00144,0.00981,0.98875
33722136,2,2,0.00381,0.04849,0.9477
2997578,2,2,0.00303,0.02928,0.96769
23401015,2,0,0.76043,0.22922,0.01035
19863155,2,2,0.00092,0.00436,0.99472
17251582,0,0,0.58544,0.40553,0.00903
19502203,2,2,0.002,0.00762,0.99038
1761828,2,2,0.00118,0.01076,0.98806
26287519,0,0,0.98874,0.00816,0.0031
9271049,2,2,0.01931,0.13995,0.84073
32334604,2,2,0.00274,0.02075,0.97651
37289878,0,0,0.64915,0.33942,0.01143
21509472,0,0,0.98904,0.00876,0.0022
13943458,2,2,0.12561,0.20851,0.66588
3197359,2,2,0.00092,0.00388,0.9952
4460804,1,1,0.42127,0.49832,0.0804
18367236,2,2,0.00645,0.13481,0.85873
15914747,2,2,0.00268,0.02804,0.96928
4850006,2,2,0.00138,0.00884,0.98979
35750906,2,2,0.00172,0.0035,0.99477
23735979,2,2,0.00101,0.00769,0.9913
31925847,2,2,0.00114,0.0104,0.98846
23054617,1,1,0.10941,0.85809,0.0325
26629256,0,0,0.90535,0.09123,0.00342
28455103,2,2,0.00263,0.03054,0.96683
37734090,2,2,0.00425,0.03307,0.96268
26044688,0,0,0.90098,0.09533,0.00368
4283688,0,1,0.38088,0.60865,0.01047
7523212,2,2,0.00284,0.03343,0.96373
11060405,2,2,0.00379,0.0389,0.95731
33316583,2,2,0.00109,0.00799,0.99092
29512912,2,2,0.00332,0.01579,0.98088
36239404,2,2,0.00339,0.04067,0.95594
24741402,2,2,0.00487,0.06713,0.928
15471916,0,0,0.71081,0.28274,0.00644
25171746,0,0,0.9457,0.05079,0.00352
32780914,2,2,0.00135,0.00962,0.98903
31797282,0,0,0.90742,0.08811,0.00447
4762688,2,2,0.00096,0.00658,0.99245
13138241,2,1,0.08154,0.82678,0.09168
33101012,2,2,0.00687,0.03504,0.95809
11514510,2,2,0.00138,0.00446,0.99416
26160619,0,1,0.12004,0.8476,0.03236
19426510,1,0,0.73037,0.25539,0.01424
31108132,2,2,0.00123,0.00977,0.989
7207026,2,2,0.00277,0.02689,0.97034
7103252,2,2,0.00109,0.00847,0.99044
22829493,2,2,0.00134,0.004,0.99466
10069202,2,2,0.00278,0.02248,0.97474
24503933,0,0,0.6775,0.30897,0.01352
13848445,2,2,0.00846,0.07291,0.91863
15012635,0,0,0.60961,0.38149,0.0089
31990475,2,2,0.00217,0.00684,0.991
40678906,0,0,0.98508,0.01305,0.00187
7102748,2,2,0.00148,0.01136,0.98716
2465354,2,2,0.01943,0.29009,0.69047
14826926,0,0,0.95663,0.04134,0.00203
1542132,2,2,0.00104,0.00577,0.99319
4170170,0,0,0.83197,0.15878,0.00924
24183958,2,2,0.00366,0.01348,0.98286
32640475,1,0,0.83757,0.15737,0.00506
11361238,2,2,0.00449,0.02644,0.96907
11895526,2,2,0.00138,0.00391,0.99471
11242083,2,2,0.03282,0.07998,0.88719
4843514,2,2,0.00118,0.00922,0.9896
12473863,2,2,0.00477,0.0283,0.96693
14961493,2,2,0.00122,0.00446,0.99432
172945,2,2,0.03456,0.40331,0.56213
39647487,2,2,0.00118,0.00564,0.99318
29517307,2,2,0.00148,0.01443,0.98409
10269001,2,2,0.00195,0.00554,0.99251
3640188,0,0,0.75109,0.24384,0.00506
12428022,2,2,0.0169,0.39675,0.58636
30659129,2,2,0.00103,0.00604,0.99293
17803877,2,2,0.00089,0.00385,0.99526
41529442,2,2,0.0014,0.00521,0.99338
29760977,2,1,0.04367,0.92285,0.03348
36581030,0,0,0.85578,0.13201,0.01221
26460246,2,2,0.00166,0.00932,0.98902
15897221,0,0,0.84273,0.14875,0.00852
13650476,2,2,0.00267,0.03059,0.96673
31554545,2,2,0.00098,0.0049,0.99412
4367663,2,2,0.00263,0.03148,0.96589
18854122,0,1,0.21405,0.76184,0.02411
40163787,0,0,0.9239,0.07034,0.00576
12352712,0,0,0.92489,0.06994,0.00517
19215677,2,2,0.01402,0.42601,0.55997
15216154,2,2,0.00154,0.00599,0.99247
34836733,2,2,0.00457,0.02296,0.97247
19343425,2,2,0.00194,0.01122,0.98684
604405,0,2,0.11563,0.09111,0.79326
35124558,2,2,0.00098,0.00498,0.99404
36741972,2,2,0.00139,0.01454,0.98407
33253936,2,2,0.00177,0.007,0.99123
22998175,2,2,0.00149,0.00643,0.99208
34622015,2,2,0.00133,0.01,0.98867
39862297,2,2,0.00092,0.00506,0.99402
4609225,2,2,0.01113,0.0551,0.93377
10016637,2,2,0.00215,0.01425,0.9836
31455210,2,2,0.0013,0.004,0.9947
26900256,0,0,0.96912,0.0282,0.00268
33181435,2,2,0.00139,0.01114,0.98746
28177889,2,1,0.03753,0.49439,0.46808
41594014,2,0,0.5174,0.10109,0.38151
6316977,2,2,0.00251,0.03008,0.96741
21552940,1,1,0.23794,0.71593,0.04613
27629485,2,2,0.01687,0.04732,0.9358
24878928,2,2,0.00251,0.03107,0.96642
29993857,2,2,0.01533,0.06567,0.91901
13907854,2,2,0.01231,0.02477,0.96291
12174004,2,2,0.00109,0.00643,0.99248
22002826,2,2,0.00099,0.00595,0.99305
21708357,2,2,0.00145,0.0059,0.99265
2953179,2,2,0.00256,0.02907,0.96837
23732350,0,1,0.18956,0.76748,0.04296
13163816,0,0,0.80194,0.18679,0.01126
25454799,2,2,0.0124,0.03305,0.95455
5711263,2,2,0.00254,0.01843,0.97903
16599647,2,2,0.00268,0.02664,0.97068
27291436,2,2,0.00635,0.09408,0.89957
28283653,2,2,0.00335,0.00896,0.9877
14385904,0,0,0.97845,0.02021,0.00134
19998398,2,2,0.00854,0.13385,0.85761
20526850,2,2,0.00475,0.01671,0.97855
16514095,2,2,0.00103,0.0053,0.99368
27218082,2,1,0.387,0.57644,0.03656
39878450,2,0,0.41919,0.31642,0.26438
6156802,2,2,0.00085,0.0049,0.99425
29645135,2,2,0.00278,0.02107,0.97615
26716900,2,2,0.00116,0.00962,0.98922
34460545,2,2,0.01156,0.01833,0.97011
6443271,1,1,0.11794,0.84736,0.0347
14264154,2,2,0.00098,0.00633,0.99269
34625808,0,0,0.86562,0.13018,0.0042
29386961,2,2,0.00096,0.00559,0.99344
18373688,2,2,0.00128,0.007,0.99172
23368158,2,2,0.00084,0.00468,0.99448
14572715,2,2,0.00394,0.04624,0.94982
40150908,2,2,0.00109,0.00739,0.99151
39947909,2,2,0.0012,0.00373,0.99507
33796807,2,2,0.00146,0.01222,0.98632
10652049,2,2,0.00084,0.0049,0.99426
33861401,2,2,0.00084,0.00423,0.99493
36089548,1,0,0.54934,0.4019,0.04876
1428739,2,2,0.00129,0.01097,0.98774
37247416,2,2,0.00174,0.00679,0.99147
30433154,2,2,0.00163,0.01383,0.98455
20011105,2,2,0.001,0.00376,0.99524
8925261,2,2,0.00104,0.00542,0.99354
18766308,2,2,0.00237,0.01294,0.98469
7468861,2,2,0.00128,0.00619,0.99254
40301623,2,2,0.00083,0.0049,0.99427
28614107,2,2,0.00092,0.00513,0.99394
32720480,0,0,0.98071,0.01765,0.00164
10182949,2,2,0.00108,0.00359,0.99533
36896896,0,0,0.98516,0.01336,0.00148
39971527,2,2,0.00109,0.0041,0.99481
28605259,2,2,0.00095,0.00638,0.99267
16144816,2,2,0.00743,0.03488,0.95769
19120307,2,2,0.00378,0.05777,0.93846
39097073,2,2,0.02767,0.11169,0.86065
678289,2,2,0.00185,0.01189,0.98626
14551833,2,2,0.00199,0.01345,0.98455
36907569,2,2,0.00207,0.00638,0.99156
34878464,2,2,0.00364,0.03378,0.96258
10404495,1,2,0.14752,0.31077,0.54171
28171103,0,0,0.98875,0.00962,0.00163
20575708,2,2,0.00114,0.00711,0.99174
23239174,2,2,0.00434,0.07272,0.92294
5569825,2,2,0.01138,0.03397,0.95465
38678670,2,2,0.01012,0.16074,0.82915
32158198,2,2,0.0014,0.0086,0.99
15888021,2,2,0.00167,0.02061,0.97772
24151035,1,1,0.22224,0.75478,0.02297
19924035,1,1,0.12098,0.8555,0.02352
13034556,2,2,0.00101,0.00609,0.9929
25870234,2,2,0.00187,0.01162,0.9865
12896928,0,0,0.82488,0.16956,0.00556
36568470,0,0,0.96308,0.03488,0.00204
31529641,0,0,0.98888,0.00921,0.00191
14648393,2,2,0.00109,0.00658,0.99233
7209416,1,0,0.80852,0.18541,0.00608
31820691,2,2,0.00176,0.01505,0.9832
11207035,2,2,0.00121,0.01024,0.98855
41065309,0,0,0.79941,0.18476,0.01583
37824855,2,2,0.00466,0.0342,0.96114
30445944,0,0,0.96336,0.03322,0.00342
22167171,2,2,0.00099,0.00745,0.99155
24623860,1,1,0.43711,0.52111,0.04178
13583291,2,2,0.00126,0.00604,0.9927
11439233,0,0,0.74874,0.24499,0.00628
11767582,2,2,0.00156,0.01023,0.98821
11702376,2,2,0.00126,0.00633,0.99241
23879338,2,2,0.00113,0.00525,0.99362
36667496,2,2,0.0017,0.01476,0.98354
6376239,2,2,0.00522,0.08938,0.9054
17354175,2,2,0.00095,0.00388,0.99517
31362731,2,2,0.00854,0.13385,0.85761
13861593,0,0,0.6606,0.33217,0.00722
33822444,2,2,0.00118,0.00887,0.98995
8337941,2,2,0.00146,0.01227,0.98627
9990729,2,2,0.00431,0.0346,0.96109
16489874,2,2,0.00802,0.02032,0.97165
1766944,0,0,0.94138,0.05593,0.00269
13765490,2,2,0.00142,0.00534,0.99324
18425204,2,2,0.0013,0.00684,0.99186
3314281,2,2,0.01211,0.02584,0.96205
8016821,2,2,0.00158,0.0141,0.98433
22148271,2,2,0.00702,0.02978,0.96321
33924969,2,2,0.00527,0.02101,0.97371
32946689,2,2,0.00736,0.02866,0.96398
8034279,2,2,0.00561,0.02133,0.97306
23259722,2,2,0.00087,0.00468,0.99446
12037132,2,2,0.0013,0.00633,0.99237
34114756,2,2,0.00109,0.00359,0.99532
39596135,2,2,0.00337,0.04883,0.94781
24240342,2,0,0.67581,0.30106,0.02313
11060611,2,2,0.00389,0.01439,0.98172
17027561,2,1,0.10981,0.86709,0.02311
4264653,2,2,0.2952,0.22762,0.47718
27962792,2,2,0.00207,0.01994,0.97798
16037249,2,2,0.00101,0.00362,0.99537
5260607,2,1,0.03345,0.57466,0.39189
2343752,2,2,0.00118,0.00551,0.99331
28960258,2,2,0.00373,0.05465,0.94162
39601053,2,2,0.00178,0.01656,0.98166
28524115,2,2,0.00116,0.00674,0.9921
3486267,2,2,0.00307,0.01635,0.98057
7205258,2,2,0.00116,0.00653,0.99231
40964581,2,2,0.00123,0.00962,0.98915
4963893,1,1,0.1037,0.87849,0.01781
22368963,2,2,0.00308,0.01491,0.98201
13188805,0,0,0.93744,0.05923,0.00333
14931614,2,2,0.00605,0.11038,0.88358
8536292,2,2,0.00149,0.0088,0.98971
23580948,2,2,0.00159,0.00482,0.99359
26135593,2,2,0.00115,0.00475,0.9941
6366391,2,2,0.00088,0.00468,0.99444
29886671,2,2,0.01815,0.07262,0.90923
14028229,2,2,0.00368,0.02212,0.9742
40691174,2,2,0.09002,0.18798,0.722
38945786,0,0,0.98595,0.01175,0.0023
33570908,2,2,0.00124,0.0045,0.99426
20232847,2,2,0.00403,0.01077,0.9852
10350032,2,2,0.00216,0.00836,0.98947
40396345,2,2,0.00242,0.00486,0.99272
37837245,2,2,0.00252,0.0257,0.97178
28345931,2,2,0.00807,0.02897,0.96296
6688206,2,2,0.00265,0.0245,0.97285
9644890,2,2,0.00172,0.00529,0.99299
22072973,2,2,0.0012,0.00356,0.99524
25856094,0,1,0.1025,0.7633,0.1342
32620207,2,2,0.0013,0.00509,0.99361
38740385,2,2,0.0043,0.03794,0.95776
2061214,0,0,0.83088,0.16297,0.00615
9825442,2,2,0.01553,0.13654,0.84793
3851490,1,1,0.02779,0.91304,0.05917
24562278,2,2,0.00121,0.00908,0.98971
1613895,2,2,0.00106,0.00486,0.99408
13431949,0,0,0.96199,0.03604,0.00198
20536858,2,2,0.00146,0.01132,0.98722
4615542,2,2,0.01562,0.05515,0.92923
2475307,2,2,0.00381,0.04995,0.94625
18302227,2,2,0.03153,0.07534,0.89312
40973996,0,0,0.63045,0.36204,0.00751
25904934,2,2,0.00271,0.01864,0.97866
40860299,1,2,0.00125,0.01012,0.98863
7556947,2,2,0.00653,0.02436,0.96911
7534338,1,2,0.00745,0.09046,0.90209
151864,2,2,0.01427,0.01605,0.96968
2048971,0,1,0.12308,0.62263,0.25428
4246496,2,2,0.00127,0.00728,0.99145
17797945,2,2,0.00106,0.00586,0.99308
26319272,2,2,0.00086,0.00614,0.993
1077902,2,2,0.00109,0.0094,0.98951
16829657,0,0,0.98812,0.01003,0.00185
8080216,2,2,0.00135,0.01047,0.98817
33813651,2,1,0.05562,0.83015,0.11423
19016179,2,2,0.00165,0.01388,0.98447
35439579,2,2,0.00295,0.00931,0.98773
18966736,2,1,0.10908,0.8548,0.03612
20547484,0,0,0.84365,0.15067,0.00568
40036315,2,2,0.00297,0.01899,0.97804
9593152,0,0,0.98971,0.0078,0.00249
15461440,0,0,0.93736,0.06028,0.00236
11882866,1,0,0.60851,0.37489,0.0166
12777015,2,2,0.00231,0.02253,0.97516
9183311,2,2,0.00148,0.01185,0.98667
17476086,0,0,0.83804,0.15808,0.00388
26725604,2,2,0.00136,0.0049,0.99374
31460808,2,2,0.00169,0.00843,0.98988
8802886,2,2,0.00245,0.01022,0.98733
13701442,2,2,0.002,0.01076,0.98725
21846893,2,2,0.00101,0.00382,0.99517
30619304,2,2,0.00118,0.00844,0.99039
5474046,2,1,0.02235,0.54585,0.4318
15532060,2,2,0.00481,0.0789,0.91629
30614765,2,2,0.00196,0.01208,0.98596
10912222,2,2,0.00138,0.00479,0.99383
19584279,0,1,0.17695,0.78841,0.03464
5604617,2,2,0.00142,0.00581,0.99276
10289345,2,2,0.00184,0.01708,0.98108
167673,2,2,0.00454,0.06098,0.93448
41532782,1,2,0.00182,0.01059,0.98759
41373406,2,1,0.0566,0.90642,0.03698
28525653,2,0,0.39835,0.33577,0.26588
34272298,2,2,0.00103,0.00385,0.99512
16091720,2,2,0.01304,0.33367,0.65329
22150190,2,2,0.00101,0.00376,0.99523
23049293,0,0,0.89266,0.10273,0.00461
16737170,2,2,0.00154,0.00471,0.99375
38747409,1,0,0.9689,0.02892,0.00219
19769946,2,2,0.00107,0.00643,0.99249
11688444,0,0,0.60591,0.37622,0.01787
12098499,2,2,0.00401,0.01439,0.9816
37009346,2,2,0.00392,0.05162,0.94446
25323321,2,2,0.00261,0.03692,0.96047
264922,2,2,0.00134,0.00745,0.99121
41192735,1,1,0.32162,0.6651,0.01327
9835265,0,1,0.40095,0.58338,0.01567
40636528,0,0,0.84251,0.15224,0.00525
23353658,2,2,0.0171,0.42091,0.56199
8601829,2,2,0.00089,0.00687,0.99224
3849656,2,2,0.00113,0.00345,0.99542
21733285,2,2,0.00134,0.0041,0.99456
36523978,0,0,0.85587,0.13863,0.0055
37171055,2,2,0.0389,0.04045,0.92065
3371387,2,2,0.00708,0.03665,0.95628
11211570,0,2,0.40867,0.17784,0.41349
22181305,2,1,0.02515,0.87278,0.10207
24675671,2,2,0.00639,0.08817,0.90543
33188370,2,2,0.00367,0.0099,0.98643
39212048,2,2,0.0014,0.01052,0.98809
10456721,0,0,0.82602,0.16716,0.00682
35949210,2,2,0.00207,0.00792,0.99001
28637247,2,2,0.00098,0.004,0.99502
36051819,2,2,0.00085,0.0049,0.99425
33601084,2,2,0.00158,0.00996,0.98846
19412325,0,0,0.6506,0.32714,0.02226
36191625,0,0,0.97526,0.02289,0.00185
4726398,2,2,0.00318,0.02755,0.96927
27221384,2,2,0.00195,0.01741,0.98064
20966111,2,1,0.02715,0.52435,0.4485
7215824,2,2,0.00214,0.02006,0.9778
8978071,2,2,0.00156,0.00653,0.99191
2023712,2,2,0.00092,0.00502,0.99406
41152625,2,2,0.00096,0.00502,0.99402
17803750,2,2,0.00138,0.00628,0.99234
22331614,0,0,0.97232,0.02468,0.003
31878732,2,2,0.0164,0.25262,0.73098
34165909,2,2,0.00156,0.00988,0.98856
17459770,2,2,0.00096,0.00513,0.9939
37527815,2,2,0.01455,0.20325,0.7822
17667118,2,2,0.00104,0.00778,0.99118
19690429,2,2,0.00448,0.04362,0.9519
8734294,2,2,0.00217,0.0078,0.99004
14339344,2,2,0.00546,0.01715,0.97739
23807903,2,2,0.00103,0.00464,0.99433
9205357,2,1,0.15266,0.63278,0.21456
37602986,2,2,0.00179,0.01047,0.98774
26179602,2,2,0.00092,0.00453,0.99454
21553353,2,2,0.0012,0.00633,0.99247
36610176,2,2,0.03227,0.32463,0.6431
39702908,1,1,0.03957,0.80738,0.15304
1126765,2,2,0.01217,0.24068,0.74715
196648,2,2,0.00597,0.03573,0.95829
38799911,2,2,0.00838,0.05305,0.93857
38777727,2,2,0.2386,0.23307,0.52833
7111362,2,2,0.0078,0.17083,0.82137
38434691,0,0,0.82332,0.16564,0.01103
2322758,0,0,0.97983,0.01816,0.00201
2577372,0,1,0.19302,0.70327,0.10372
31173793,2,2,0.00369,0.00571,0.9906
23356251,2,2,0.00088,0.00538,0.99374
4083404,2,2,0.00113,0.00391,0.99496
29790942,1,1,0.08907,0.88542,0.02551
37107486,2,2,0.00128,0.00446,0.99426
16031280,2,2,0.0046,0.01658,0.97882
22910129,0,1,0.47571,0.51036,0.01392
10520097,2,2,0.00366,0.00477,0.99156
10252614,2,2,0.00225,0.01788,0.97988
38972809,2,2,0.00094,0.00486,0.9942
28656368,1,1,0.39072,0.59114,0.01813
20318761,2,0,0.94252,0.05204,0.00543
5293924,2,2,0.00099,0.006,0.99301
21885899,0,0,0.54221,0.40928,0.0485
39921853,2,2,0.0012,0.00739,0.99141
40062971,2,2,0.00288,0.01885,0.97827
14346350,2,2,0.00109,0.00772,0.99119
6103732,2,2,0.00205,0.01409,0.98386
30989615,2,2,0.00154,0.00475,0.99371
30064917,2,2,0.00132,0.006,0.99269
17014764,0,0,0.97807,0.0201,0.00183
9053106,2,2,0.00655,0.03625,0.95719
18119278,2,2,0.00098,0.00382,0.9952
36240698,1,1,0.15435,0.81829,0.02735
28096419,0,0,0.84629,0.14764,0.00607
7466402,0,0,0.78607,0.20506,0.00887
38898056,2,2,0.00668,0.06247,0.93085
20941543,2,1,0.0437,0.79298,0.16332
40082487,2,1,0.08357,0.88196,0.03447
26619371,2,2,0.00172,0.01782,0.98046
11028507,2,2,0.00295,0.02578,0.97127
36396285,2,2,0.00307,0.01814,0.97879
8975859,2,2,0.00262,0.02107,0.97631
22380594,2,2,0.00405,0.03655,0.9594
21744934,2,1,0.04541,0.69381,0.26078
28384971,2,1,0.45529,0.49422,0.05049
9304823,0,0,0.96999,0.02657,0.00344
14545538,0,0,0.94347,0.05307,0.00346
28151621,2,2,0.01064,0.16979,0.81957
30586944,2,2,0.0016,0.0141,0.9843
30128813,2,2,0.00161,0.01055,0.98784
25941890,0,0,0.98441,0.01366,0.00193
40222019,2,1,0.15636,0.67259,0.17106
6166049,2,2,0.06314,0.20864,0.72822
4803692,2,2,0.00104,0.00695,0.99201
17231310,0,0,0.89327,0.10061,0.00611
9701123,2,2,0.00103,0.00595,0.99302
16224154,2,2,0.0017,0.01415,0.98415
23717370,2,2,0.00157,0.00505,0.99338
26016256,0,1,0.35417,0.62646,0.01937
17234544,1,1,0.32384,0.61695,0.05921
617110,2,1,0.13208,0.78189,0.08603
2378524,2,2,0.00763,0.1102,0.88217
17941987,2,2,0.00655,0.09406,0.89939
18329990,2,2,0.00116,0.00429,0.99454
395414,2,2,0.00142,0.01068,0.9879
23071097,2,1,0.0268,0.84025,0.13295
9648461,2,2,0.00436,0.0246,0.97105
36918473,2,2,0.00291,0.00721,0.98987
8082324,2,2,0.01616,0.39151,0.59233
20794347,2,2,0.00096,0.00509,0.99394
3864956,0,0,0.75408,0.23728,0.00864
28517799,0,0,0.70101,0.28995,0.00903
36967823,2,2,0.00103,0.00416,0.99481
29796598,2,0,0.90177,0.09449,0.00374
10536201,2,2,0.00161,0.00623,0.99216
31427355,0,0,0.97422,0.02282,0.00296
31226205,2,2,0.00185,0.01031,0.98784
31551493,1,2,0.00397,0.05419,0.94184
37929524,2,2,0.00156,0.00684,0.9916
14623389,2,2,0.00648,0.03153,0.96199
9788723,2,2,0.00118,0.00564,0.99318
30214530,2,2,0.0046,0.01797,0.97743
7528012,2,2,0.00098,0.00898,0.99005
8837024,0,1,0.41905,0.55083,0.03012
39743410,2,2,0.00607,0.0199,0.97403
35078208,2,2,0.00114,0.00863,0.99022
30477719,2,2,0.00733,0.09087,0.9018
5603568,2,2,0.00104,0.00717,0.99179
28234307,2,1,0.07877,0.49205,0.42918
40123221,0,0,0.87941,0.11626,0.00434
24272784,2,2,0.00091,0.00426,0.99483
26022274,2,2,0.00907,0.13514,0.85579
27691478,2,2,0.00165,0.01546,0.98289
25402089,2,2,0.01535,0.38082,0.60382
1487442,2,2,0.00433,0.03008,0.96558
33113154,1,1,0.29586,0.67196,0.03217
9742930,0,1,0.06757,0.86945,0.06298
41314235,2,2,0.00094,0.00453,0.99453
29044062,2,2,0.00168,0.01114,0.98718
26799428,2,2,0.00221,0.01774,0.98005
20976254,1,1,0.03321,0.88378,0.08301
685573,1,1,0.06255,0.85681,0.08064
17619901,2,2,0.00114,0.00643,0.99243
13253542,2,2,0.00115,0.00464,0.99421
9513259,2,2,0.00099,0.00581,0.99319
4950820,0,1,0.16363,0.74651,0.08986
39216639,2,2,0.00175,0.02053,0.97772
35839908,2,2,0.00116,0.00769,0.99115
19988590,0,0,0.51789,0.43103,0.05108
30445403,2,2,0.00198,0.00464,0.99338
11557286,2,2,0.09436,0.4484,0.45724
29796330,2,2,0.00279,0.03417,0.96304
28332648,0,0,0.96498,0.03325,0.00178
18751879,2,2,0.00526,0.09637,0.89837
23101454,2,1,0.02834,0.83484,0.13682
17863750,2,2,0.00113,0.00534,0.99354
12963229,0,0,0.83109,0.15893,0.00998
729737,0,0,0.97785,0.02037,0.00177
38220350,2,2,0.0014,0.00711,0.99149
16883317,2,2,0.01054,0.09825,0.89121
26012795,2,2,0.00106,0.00464,0.9943
9100049,0,0,0.84552,0.14983,0.00465
13641108,0,0,0.93352,0.06266,0.00382
5218345,2,2,0.00154,0.00673,0.99173
7715900,2,2,0.00162,0.00403,0.99435
3583394,2,2,0.0131,0.03971,0.94719
3349624,1,1,0.10395,0.87037,0.02567
29535901,2,2,0.04451,0.10248,0.85302
32983307,2,2,0.00136,0.00586,0.99278
19148006,2,2,0.001,0.00506,0.99395
9973309,2,1,0.06011,0.64629,0.29359
12681273,2,2,0.00166,0.01153,0.98681
34043933,2,2,0.0093,0.05644,0.93426
8123666,2,2,0.0521,0.06333,0.88457
30677676,2,2,0.00276,0.01492,0.98233
8878610,2,2,0.00117,0.01176,0.98706
846587,0,0,0.72615,0.26299,0.01086
4258643,2,2,0.0047,0.05686,0.93844
864638,2,2,0.00128,0.00679,0.99194
41600603,0,1,0.31926,0.64492,0.03582
20452623,2,2,0.00237,0.02789,0.96975
29267031,2,2,0.00108,0.00397,0.99495
28112670,0,0,0.97927,0.01865,0.00208
31690028,2,2,0.00262,0.00554,0.99184
29505229,2,2,0.0018,0.00529,0.99291
30202986,2,2,0.00113,0.00394,0.99493
21801774,0,1,0.12501,0.85761,0.01739
13823042,1,0,0.52151,0.46023,0.01827
32028620,2,1,0.14069,0.82034,0.03897
32508639,2,2,0.00153,0.0111,0.98737
11940244,2,2,0.01498,0.17969,0.80533
14434805,0,0,0.95604,0.04092,0.00304
25762318,2,2,0.0013,0.00391,0.99479
39342825,0,0,0.88679,0.1097,0.00351
28381078,0,0,0.93787,0.0588,0.00333
33364154,0,0,0.81744,0.1677,0.01486
5841045,2,2,0.00274,0.03736,0.9599
13399046,2,2,0.00548,0.07369,0.92083
8748579,2,2,0.00497,0.01762,0.9774
40899523,0,0,0.98459,0.01351,0.0019
6028381,2,2,0.00106,0.00568,0.99326
33487798,1,0,0.61581,0.37644,0.00775
8641571,2,1,0.02318,0.73244,0.24438
26759803,2,1,0.04018,0.876,0.08382
38190359,2,2,0.00494,0.06857,0.92649
32724808,1,1,0.17361,0.8059,0.02049
14481988,1,0,0.80736,0.18587,0.00677
12930635,2,2,0.00109,0.00382,0.99509
36066663,2,2,0.00136,0.00799,0.99066
21549935,2,2,0.00104,0.00509,0.99386
6699103,2,2,0.01679,0.38209,0.60112
19783009,0,0,0.90776,0.08797,0.00427
30636168,2,2,0.00374,0.00553,0.99072
5250803,0,0,0.98629,0.01218,0.00153
41117040,2,2,0.00312,0.03122,0.96565
19723654,0,0,0.94075,0.05611,0.00314
23712143,2,2,0.00118,0.00568,0.99314
35060935,2,2,0.00101,0.0074,0.9916
28062620,2,2,0.00109,0.006,0.99291
36723394,2,2,0.00152,0.00586,0.99263
13699422,1,1,0.08509,0.7948,0.12011
18402705,2,2,0.00095,0.00568,0.99337
461390,2,2,0.00088,0.0053,0.99382
22954102,2,0,0.62964,0.31908,0.05128
17153426,0,0,0.89661,0.09904,0.00435
475420,2,2,0.01429,0.08057,0.90514
30067626,2,0,0.63558,0.31464,0.04978
32035512,0,1,0.19726,0.6696,0.13315
28028771,2,2,0.00136,0.00595,0.99269
28063446,2,2,0.15002,0.18025,0.66973
12854893,2,2,0.00171,0.00876,0.98952
31848163,2,2,0.01296,0.14662,0.84042
17481605,2,2,0.00095,0.00737,0.99168
19373012,2,2,0.00098,0.00766,0.99136
19888487,2,2,0.00272,0.01413,0.98315
35532641,2,2,0.00573,0.0891,0.90517
4480261,2,2,0.01313,0.10874,0.87814
19056556,2,2,0.0017,0.0142,0.98409
2538453,0,0,0.63642,0.35422,0.00937
10539623,2,2,0.00109,0.00559,0.99332
26553651,2,2,0.00493,0.06999,0.92508
24988133,1,1,0.20799,0.77882,0.01319
21487148,2,2,0.00108,0.00551,0.99342
13537865,2,2,0.00142,0.01163,0.98696
15343311,2,2,0.00088,0.00619,0.99293
29525535,2,2,0.00271,0.01642,0.98087
6762535,2,2,0.00306,0.02171,0.97523
21361182,2,2,0.00176,0.01482,0.98343
35034229,1,0,0.65205,0.34093,0.00702
18330237,2,2,0.002,0.00992,0.98808
6890417,2,2,0.00643,0.08246,0.91111
31037875,0,1,0.19216,0.62213,0.18571
5667217,2,2,0.00262,0.02148,0.97591
22317033,2,2,0.00137,0.01047,0.98815
6075604,2,2,0.00136,0.00457,0.99407
32228118,0,0,0.92829,0.06871,0.003
4893087,2,0,0.86084,0.13279,0.00637
17197340,2,2,0.00092,0.00614,0.99294
5246998,1,1,0.40639,0.5776,0.01601
23828051,2,2,0.00124,0.00663,0.99213
36338231,2,2,0.00301,0.00642,0.99057
26822813,2,1,0.02131,0.51227,0.46642
15728729,2,2,0.00593,0.07224,0.92183
6219293,1,1,0.34431,0.59492,0.06077
20058274,2,2,0.00275,0.03262,0.96462
34184171,2,2,0.02001,0.18078,0.79921
18329004,0,1,0.06208,0.91224,0.02568
34399780,2,2,0.0015,0.00373,0.99477
31975392,2,2,0.00172,0.00711,0.99118
19068999,1,1,0.12366,0.84339,0.03296
30827443,0,0,0.9038,0.09107,0.00513
5774562,0,1,0.19271,0.76666,0.04063
4631694,0,2,0.00449,0.02594,0.96957
34477540,2,2,0.00193,0.0118,0.98627
12853814,2,2,0.00101,0.00643,0.99256
11919280,2,2,0.04222,0.09645,0.86133
35935938,0,0,0.91831,0.07838,0.00331
36772228,2,2,0.16103,0.40802,0.43095
24340786,0,0,0.94037,0.05748,0.00216
16691145,2,2,0.00837,0.08234,0.90929
25977881,2,2,0.00778,0.14788,0.84435
35020627,0,0,0.8175,0.17474,0.00777
36384714,0,0,0.96074,0.03743,0.00183
40178443,2,2,0.00505,0.04723,0.94772
11686512,2,2,0.00588,0.02006,0.97406
15490957,0,0,0.98752,0.01072,0.00176
25320403,2,0,0.58486,0.39574,0.0194
23607809,2,2,0.00212,0.02737,0.97051
11874738,2,2,0.00302,0.04789,0.94909
35185085,2,2,0.0014,0.00751,0.99109
14146039,2,2,0.00091,0.00573,0.99337
984119,2,2,0.00361,0.04005,0.95633
10398740,0,0,0.98607,0.01222,0.00171
696440,2,2,0.0198,0.24884,0.73137
22453040,0,0,0.98852,0.00918,0.0023
33419907,2,2,0.00197,0.0089,0.98913
10299970,2,2,0.00171,0.0127,0.98559
21046696,2,2,0.00195,0.00497,0.99308
15017661,1,2,0.00091,0.006,0.9931
1119691,2,2,0.0033,0.03899,0.95771
23800609,1,1,0.41872,0.56345,0.01783
16699760,2,2,0.00153,0.01176,0.98671
35416601,2,2,0.00114,0.00648,0.99238
8421469,2,0,0.76821,0.2262,0.0056
2898323,2,2,0.00111,0.007,0.99189
40874489,2,2,0.00147,0.00482,0.99371
21983524,2,2,0.00177,0.00406,0.99416
27587349,2,2,0.00124,0.0041,0.99466
27736437,1,0,0.83612,0.15833,0.00555
14176591,2,2,0.07078,0.06701,0.86222
28457919,2,2,0.0167,0.33157,0.65173
5840004,2,2,0.00126,0.00453,0.99421
32124053,2,2,0.0013,0.00633,0.99237
10126868,2,2,0.00097,0.00376,0.99527
10647626,2,2,0.00294,0.0152,0.98186
16822719,2,2,0.00129,0.01181,0.9869
1270441,2,2,0.00085,0.00426,0.99489
15930659,2,1,0.05005,0.78902,0.16093
37048327,2,2,0.00264,0.01087,0.98648
29429910,2,2,0.00472,0.03729,0.95799
39088958,0,0,0.87697,0.11915,0.00388
8409181,2,2,0.00165,0.0132,0.98515
38765623,2,2,0.00697,0.10856,0.88447
17497187,2,0,0.58252,0.34513,0.07234
6836565,2,2,0.0087,0.04701,0.94429
24759272,2,2,0.00153,0.00929,0.98918
15275600,0,0,0.55875,0.42841,0.01284
29694518,1,1,0.40729,0.57888,0.01383
10075662,0,0,0.8088,0.18117,0.01002
29192584,0,0,0.98719,0.01071,0.00209
13859430,1,1,0.15096,0.6583,0.19074
10773823,0,0,0.9129,0.0815,0.0056
37259725,2,2,0.00191,0.00711,0.99098
6229056,2,1,0.12582,0.82986,0.04433
1202963,2,2,0.00246,0.02005,0.97749
26769572,0,0,0.76646,0.22045,0.01309
11852680,2,2,0.00251,0.01492,0.98257
26785644,2,2,0.00157,0.01644,0.98199
27220520,2,2,0.0014,0.01019,0.98841
26217834,2,2,0.00118,0.00857,0.99025
16422723,0,0,0.74204,0.25247,0.00549
23451833,2,2,0.00092,0.00802,0.99106
15158652,2,2,0.00116,0.00509,0.99374
38617017,2,2,0.00257,0.00721,0.99021
4349692,2,2,0.00409,0.05642,0.93949
27950993,2,2,0.00376,0.03079,0.96544
39626319,2,2,0.00181,0.01528,0.98291
30827523,1,0,0.54278,0.44648,0.01075
27704908,2,2,0.00356,0.00931,0.98713
38091594,2,2,0.00252,0.01274,0.98474
29652466,1,0,0.49221,0.44992,0.05787
1745955,0,0,0.85627,0.13924,0.00449
6207684,2,2,0.02102,0.07098,0.908
5980754,2,2,0.00125,0.01012,0.98863
20117051,0,0,0.98522,0.01183,0.00295
16545866,2,2,0.00196,0.01551,0.98253
34938704,1,1,0.45685,0.53411,0.00905
37291606,2,2,0.00206,0.01059,0.98735
35279508,2,2,0.00113,0.00559,0.99328
13162724,2,2,0.00437,0.02152,0.97411
36822820,2,2,0.00434,0.02896,0.9667
26826913,1,0,0.81559,0.17916,0.00524
15538645,0,1,0.38893,0.58843,0.02264
32449862,2,2,0.00183,0.00521,0.99296
28900686,2,1,0.10931,0.747,0.14369
4281504,2,2,0.01416,0.21295,0.77289
24557970,2,2,0.0013,0.00513,0.99357
26953868,2,2,0.00488,0.09372,0.9014
9034631,2,2,0.00656,0.03452,0.95892
30188469,0,0,0.94786,0.04979,0.00235
34961295,2,2,0.00207,0.0083,0.98964
21216704,2,2,0.00183,0.01851,0.97965
11555358,2,2,0.00387,0.02025,0.97588
3082854,2,2,0.00116,0.00546,0.99337
8807266,0,1,0.13924,0.84467,0.01609
19781891,2,2,0.0014,0.01035,0.98825
33494870,2,2,0.00181,0.0147,0.98349
28094852,2,2,0.00719,0.05072,0.94209
40062448,2,2,0.00918,0.18957,0.80125
24176962,2,2,0.0013,0.00628,0.99242
26005921,2,2,0.00177,0.00529,0.99293
30419487,1,0,0.81087,0.18093,0.0082
18271683,2,2,0.00428,0.05746,0.93826
23047371,0,0,0.98622,0.01232,0.00146
6996515,2,2,0.00722,0.06225,0.93053
39896807,2,2,0.00138,0.00787,0.99076
28156071,2,1,0.0352,0.82006,0.14475
11915758,2,2,0.00387,0.03384,0.96229
5414620,0,0,0.98135,0.01715,0.0015
598942,2,2,0.0014,0.00901,0.98959
2647059,2,2,0.01138,0.02635,0.96227
13876923,0,0,0.53633,0.45163,0.01204
2889325,2,2,0.00113,0.00513,0.99374
22773898,0,1,0.20428,0.71685,0.07887
36591869,2,2,0.00153,0.00904,0.98942
30603012,2,2,0.00304,0.02588,0.97108
7711190,2,2,0.00187,0.01551,0.98262
28180721,2,2,0.00106,0.0076,0.99134
15214750,2,2,0.01444,0.36668,0.61888
23717613,0,1,0.37489,0.60851,0.0166
8825795,2,2,0.00123,0.01028,0.98849
31397126,2,2,0.00178,0.01741,0.98081
7410153,1,1,0.26667,0.67566,0.05767
15170126,2,2,0.01718,0.10853,0.87429
5105765,2,2,0.00109,0.00887,0.99004
20587664,0,1,0.48225,0.50539,0.01236
8751891,0,0,0.93467,0.06274,0.00258
26825758,0,0,0.72321,0.24896,0.02782
2586344,2,2,0.00103,0.0053,0.99368
37865645,2,2,0.00763,0.1102,0.88217
27378768,2,1,0.27346,0.51906,0.20748
24141916,2,2,0.00472,0.038,0.95728
25855162,2,2,0.00413,0.01724,0.97864
7974704,2,2,0.00109,0.00695,0.99196
32222259,2,2,0.00115,0.00502,0.99384
7961522,0,0,0.97707,0.02113,0.0018
35753856,2,2,0.00255,0.01599,0.98146
19296181,2,2,0.08347,0.187,0.72954
16185085,2,2,0.00184,0.01437,0.98379
27730942,2,2,0.00095,0.00391,0.99514
38461950,2,2,0.00092,0.00391,0.99517
22636463,0,1,0.33847,0.64734,0.01419
20698322,0,0,0.98837,0.00992,0.00171
14090719,2,2,0.00167,0.0041,0.99424
26122700,2,2,0.00099,0.00679,0.99222
26419028,0,0,0.7007,0.2921,0.0072
11849524,2,2,0.00185,0.00745,0.9907
8356692,2,2,0.01279,0.1577,0.82951
35713188,2,2,0.00553,0.01902,0.97545
2429703,2,2,0.00367,0.02443,0.9719
37256923,2,2,0.00146,0.0127,0.98584
37771538,2,2,0.00725,0.12781,0.86494
30552848,2,2,0.00262,0.01893,0.97845
30792519,2,2,0.00633,0.06815,0.92552
33335990,0,0,0.7507,0.24182,0.00748
7841021,2,2,0.00766,0.03547,0.95687
24193421,2,2,0.00318,0.029,0.96782
7249886,2,2,0.01019,0.2171,0.7727
33673510,2,2,0.00379,0.0236,0.97261
6573850,2,2,0.00435,0.02705,0.9686
17793956,1,1,0.0723,0.78336,0.14434
37570571,0,0,0.65815,0.33615,0.00569
30229260,2,1,0.10385,0.79169,0.10446
1897148,0,0,0.90918,0.08759,0.00323
10750350,0,0,0.90946,0.08711,0.00344
38929181,2,2,0.00127,0.01285,0.98588
31468964,1,0,0.94154,0.05532,0.00314
19270706,0,0,0.97573,0.0225,0.00177
23767998,2,1,0.03748,0.68011,0.28241
36550342,2,2,0.00168,0.0094,0.98892
30257602,2,2,0.00337,0.03163,0.965
1842299,2,2,0.00464,0.00834,0.98702
16571456,2,2,0.00113,0.00353,0.99534
35859645,2,2,0.00167,0.01965,0.97868
25309549,0,0,0.97851,0.01988,0.00162
17984,2,1,0.03719,0.83321,0.1296
36744442,2,2,0.00998,0.02629,0.96373
31879154,2,2,0.00125,0.0104,0.98835
17063051,0,0,0.91291,0.08174,0.00534
11149631,2,2,0.00145,0.00468,0.99388
219404,1,0,0.68415,0.30837,0.00748
25152341,2,2,0.00283,0.03462,0.96255
19698321,2,2,0.00089,0.00564,0.99347
16103209,2,1,0.22866,0.75859,0.01275
38355308,2,2,0.00198,0.01761,0.98041
34357670,2,2,0.00224,0.02224,0.97553
20406903,2,2,0.0022,0.00976,0.98804
20950349,2,2,0.00108,0.00433,0.9946
7784229,0,2,0.02596,0.15998,0.81405
2588385,1,0,0.7951,0.19792,0.00699
27788518,2,2,0.00096,0.00614,0.9929
8438380,0,1,0.42325,0.56072,0.01603
9132384,2,2,0.00141,0.01362,0.98497
22525200,2,2,0.00922,0.21076,0.78002
28305294,2,2,0.00257,0.00823,0.9892
30504975,2,2,0.00141,0.01285,0.98573
31659622,2,2,0.00386,0.03746,0.95868
14068259,2,2,0.00111,0.00784,0.99106
37613859,2,2,0.00188,0.02591,0.97221
25982762,0,0,0.90051,0.09454,0.00495
15748561,2,2,0.00098,0.00658,0.99244
15026708,2,2,0.00199,0.01453,0.98348
7550841,2,2,0.00122,0.00572,0.99306
27252171,2,2,0.00138,0.00416,0.99446
34488785,2,2,0.00533,0.05461,0.94006
22017892,2,2,0.00142,0.01132,0.98727
29560957,1,1,0.12269,0.70191,0.1754
6451968,2,2,0.00366,0.02717,0.96916
27862473,2,2,0.00106,0.00345,0.99549
7335480,2,2,0.00142,0.01068,0.9879
18282435,2,2,0.03401,0.30909,0.6569
10588242,0,0,0.6069,0.37979,0.0133
22470397,0,0,0.77471,0.21937,0.00592
20391302,2,2,0.00431,0.02017,0.97552
12945508,2,2,0.00474,0.04954,0.94573
6810265,2,2,0.00419,0.0164,0.97941
10813178,2,1,0.0456,0.8981,0.0563
38186796,2,2,0.00189,0.01873,0.97938
19066220,1,1,0.07361,0.91177,0.01462
27431601,2,2,0.00168,0.0142,0.98412
15383990,2,2,0.00227,0.00537,0.99235
14336796,2,2,0.00129,0.00973,0.98897
16883128,2,2,0.00134,0.00689,0.99177
26173788,2,2,0.00116,0.00555,0.99329
10816352,2,2,0.00218,0.01675,0.98107
25658254,2,1,0.01818,0.69849,0.28332
21360987,2,2,0.0013,0.00648,0.99222
11849625,2,1,0.03851,0.77343,0.18806
25248477,0,0,0.58572,0.39632,0.01797
28481391,0,0,0.86067,0.13459,0.00473
25210294,2,2,0.01516,0.06127,0.92356
32446781,2,2,0.01187,0.21872,0.76941
29986295,0,1,0.33235,0.65071,0.01694
38132677,2,1,0.09914,0.86488,0.03598
31312908,2,1,0.01949,0.66594,0.31457
16251775,2,2,0.00164,0.0037,0.99466
17875501,2,2,0.00132,0.0041,0.99458
36350922,2,2,0.0014,0.00887,0.98973
2601131,2,2,0.0012,0.00619,0.99262
969197,2,2,0.003,0.02501,0.97199
30254663,0,0,0.77698,0.21745,0.00557
4163093,0,0,0.62959,0.34097,0.02945
25537461,2,2,0.00216,0.01131,0.98653
39329502,2,2,0.0052,0.06392,0.93088
23109891,2,2,0.00296,0.00667,0.99037
35128334,2,2,0.00273,0.02487,0.9724
14410532,2,2,0.00137,0.01172,0.98691
24120110,2,2,0.00541,0.04078,0.95381
41219641,2,2,0.00568,0.06865,0.92568
4595981,2,2,0.00128,0.00595,0.99277
7308412,2,2,0.00104,0.00717,0.99179
2298758,2,2,0.00141,0.01241,0.98617
39546630,2,2,0.00097,0.00419,0.99484
38152742,2,2,0.00124,0.0069,0.99187
20877864,2,2,0.00153,0.01346,0.98501
4197573,2,2,0.00154,0.00599,0.99247
12363570,2,2,0.00397,0.03846,0.95757
7742168,1,0,0.57757,0.39541,0.02701
15084157,2,2,0.01586,0.3099,0.67424
39415228,2,2,0.00115,0.00509,0.99376
31007034,2,2,0.02354,0.03604,0.94042
33610548,2,2,0.00188,0.00918,0.98894
19957395,1,1,0.09247,0.87773,0.0298
36362265,2,2,0.00091,0.00397,0.99512
21446831,2,2,0.00106,0.00568,0.99326
29099121,2,2,0.00354,0.04572,0.95074
23876939,2,2,0.00138,0.0084,0.99022
30675917,2,2,0.00194,0.00694,0.99111
15134981,2,2,0.00227,0.00744,0.99029
4521091,2,2,0.00192,0.01901,0.97907
272566,2,2,0.002,0.00984,0.98816
31113611,2,2,0.00103,0.00419,0.99478
28109476,2,2,0.00142,0.01158,0.987
27458118,2,2,0.00098,0.00847,0.99055
28596828,1,1,0.19772,0.63732,0.16496
33321256,2,2,0.00109,0.00439,0.99451
12613347,2,2,0.0014,0.01076,0.98784
36996756,2,2,0.00094,0.00419,0.99487
5427239,2,2,0.0012,0.00684,0.99196
1404012,2,2,0.00163,0.0133,0.98507
21241826,2,2,0.01212,0.03269,0.9552
38950055,2,2,0.00129,0.00757,0.99114
14192284,2,2,0.00166,0.00689,0.99144
40875849,0,0,0.97609,0.0205,0.00341
23669676,2,2,0.00135,0.01185,0.9868
35764531,2,2,0.00189,0.01656,0.98154
36003469,2,2,0.00091,0.00506,0.99404
3492501,1,1,0.0666,0.86873,0.06467
32320284,2,2,0.00106,0.00619,0.99276
8904740,2,2,0.0012,0.00356,0.99524
19923204,0,0,0.89312,0.09962,0.00726
5608490,2,2,0.00155,0.0132,0.98525
26994318,2,2,0.00589,0.07776,0.91635
27730883,0,0,0.9736,0.02367,0.00273
29649147,0,0,0.97747,0.02053,0.00201
40504307,2,2,0.00096,0.00568,0.99336
20906568,0,0,0.965,0.03268,0.00232
8368723,2,2,0.00136,0.00509,0.99355
13203699,2,2,0.00089,0.00453,0.99457
15805012,2,2,0.00178,0.01844,0.97978
7275739,2,2,0.00135,0.01008,0.98857
17875983,1,2,0.00359,0.04651,0.9499
39203160,2,2,0.00102,0.00734,0.99164
32280690,2,2,0.0013,0.00538,0.99332
40777914,1,1,0.02761,0.8723,0.10009
25007772,0,0,0.98564,0.0129,0.00146
22084019,2,2,0.00174,0.00633,0.99193
12891002,2,2,0.00089,0.00568,0.99343
10080269,2,2,0.00185,0.0085,0.98965
6833430,2,2,0.00153,0.00966,0.98881
442701,2,2,0.00156,0.00925,0.98919
23713456,2,2,0.00289,0.03088,0.96623
10819586,0,1,0.48216,0.49747,0.02037
8955155,2,2,0.00112,0.00805,0.99082
21365494,2,2,0.00091,0.00591,0.99319
41366176,2,2,0.01077,0.07809,0.91113
19814614,2,2,0.00181,0.0129,0.98529
28109643,2,2,0.00314,0.01046,0.9864
29579369,2,2,0.00267,0.01521,0.98212
31180438,2,0,0.79412,0.19845,0.00743
37802082,2,2,0.00135,0.01,0.98865
5175396,2,2,0.00777,0.0292,0.96304
5929786,2,0,0.51031,0.46829,0.02139
31639264,2,2,0.00706,0.11046,0.88248
26163974,2,2,0.00089,0.0053,0.99381
29740180,2,2,0.15052,0.2588,0.59068
20908899,0,0,0.76002,0.23179,0.00818
6123744,2,2,0.00294,0.01293,0.98413
33716066,0,0,0.94408,0.05241,0.00351
15626444,2,2,0.00116,0.00711,0.99173
13521710,2,2,0.00117,0.00385,0.99499
36007045,2,1,0.22544,0.73917,0.03539
26059893,0,0,0.7108,0.27944,0.00975
27202651,2,2,0.00115,0.0053,0.99356
30377392,2,2,0.00161,0.0084,0.98999
1368112,2,2,0.00106,0.0045,0.99444
6948536,2,1,0.04965,0.86639,0.08396
40320917,2,2,0.00111,0.00901,0.98988
15392212,0,0,0.80925,0.18485,0.0059
29311284,2,2,0.00332,0.04659,0.95009
41146612,2,2,0.00824,0.11071,0.88105
14797741,2,2,0.00135,0.00977,0.98888
35393279,2,1,0.02124,0.50658,0.47218
25313791,2,2,0.00297,0.01996,0.97707
27369998,0,1,0.16975,0.8004,0.02985
36109733,2,0,0.98773,0.01072,0.00156
22013774,0,0,0.9817,0.01663,0.00167
1413071,2,2,0.00186,0.00521,0.99293
387054,2,2,0.0022,0.00976,0.98804
33758069,2,2,0.00088,0.00468,0.99444
22932804,2,2,0.008,0.03823,0.95377
11208971,2,2,0.02124,0.47218,0.50658
9245372,2,2,0.01131,0.0614,0.92729
6040920,0,0,0.9302,0.06563,0.00418
18042922,2,2,0.01067,0.10086,0.88847
29368634,2,2,0.00098,0.00385,0.99517
35362064,2,2,0.00112,0.00757,0.99131
5011310,2,2,0.04644,0.42208,0.53148
2773578,2,2,0.00161,0.00943,0.98896
1726443,2,2,0.0152,0.2748,0.71
15085042,2,1,0.22607,0.57197,0.20196
40707686,0,0,0.91423,0.08242,0.00335
36201585,2,2,0.00106,0.00684,0.9921
2838011,0,0,0.98805,0.01027,0.00168
6246568,2,1,0.02292,0.58643,0.39065
34952629,2,2,0.00187,0.016,0.98213
26468646,2,2,0.02243,0.22304,0.75453
22571539,0,0,0.56975,0.13639,0.29386
31992794,0,0,0.9286,0.06766,0.00374
30181619,2,2,0.00766,0.07919,0.91315
1711683,0,0,0.98546,0.01255,0.00199
10341953,2,2,0.00168,0.01388,0.98444
36129394,2,2,0.00129,0.01181,0.9869
28835918,0,0,0.95548,0.04215,0.00237
24846601,2,2,0.00091,0.00426,0.99483
5121088,2,2,0.0012,0.00373,0.99507
8241031,2,2,0.00152,0.00529,0.99319
37357823,2,2,0.00149,0.00733,0.99117
4420895,2,2,0.00124,0.00379,0.99497
19646655,2,2,0.00086,0.00555,0.99359
27821894,2,2,0.00123,0.00873,0.99003
24548133,2,2,0.00115,0.00475,0.9941
35927365,2,2,0.13267,0.21938,0.64795
23934371,0,0,0.69994,0.28951,0.01055
33261520,2,0,0.46436,0.2351,0.30055
1455323,2,2,0.00116,0.00915,0.98969
2404961,2,2,0.00132,0.00521,0.99347
5335297,1,1,0.02303,0.4923,0.48467
23141683,2,2,0.00856,0.09036,0.90108
5377537,2,2,0.0015,0.01709,0.98142
13528269,2,2,0.00085,0.00506,0.99409
31217065,2,2,0.00304,0.01264,0.98433
40004223,2,2,0.00177,0.00505,0.99318
23534993,0,0,0.9256,0.07096,0.00344
9248065,2,0,0.81783,0.1315,0.05067
17935351,2,2,0.01435,0.02598,0.95968
26772113,2,1,0.0357,0.55412,0.41018
20020769,2,2,0.00177,0.00883,0.9894
3765028,2,2,0.00198,0.021,0.97702
33078750,2,1,0.02812,0.89545,0.07643
29836429,2,2,0.00106,0.00542,0.99352
20565383,2,1,0.02016,0.56211,0.41773
21709986,2,2,0.00696,0.06651,0.92652
28913686,0,0,0.86041,0.13455,0.00504
33077177,2,2,0.00133,0.00821,0.99046
38127591,2,2,0.00169,0.00382,0.99449
18225286,2,2,0.00147,0.00467,0.99385
35627035,2,2,0.00511,0.02015,0.97473
27607229,0,0,0.98911,0.00883,0.00206
13971699,2,2,0.00325,0.00642,0.99033
26980940,2,2,0.00178,0.00345,0.99477
21728375,2,2,0.01524,0.15246,0.83229
10367319,2,2,0.00172,0.0055,0.99278
6388943,0,0,0.97009,0.02806,0.00184
20707423,1,1,0.07373,0.87913,0.04714
34964082,2,2,0.00176,0.00973,0.98851
25178107,2,2,0.04334,0.04437,0.91229
21846712,2,2,0.00189,0.01656,0.98154
4940127,2,2,0.00127,0.00787,0.99086
37059071,2,2,0.00101,0.00787,0.99112
3798519,2,2,0.12185,0.149,0.72914
36900185,2,2,0.00104,0.00419,0.99476
17991801,2,1,0.10742,0.87175,0.02082
9157979,2,2,0.0012,0.00407,0.99473
37402627,2,1,0.03712,0.49084,0.47204
37423169,2,2,0.00128,0.00419,0.99453
17836555,0,0,0.87742,0.11921,0.00337
13040541,2,2,0.00147,0.00373,0.9948
18435292,2,2,0.00089,0.00526,0.99385
20646372,0,0,0.95052,0.04746,0.00202
37822058,2,2,0.0014,0.00479,0.99381
13104341,2,2,0.00315,0.02106,0.97579
23757627,2,2,0.00118,0.00423,0.99459
12101047,2,2,0.00531,0.05879,0.9359
27803052,2,2,0.00479,0.00725,0.98795
27208948,2,2,0.00164,0.00464,0.99372
6548859,2,2,0.00098,0.00577,0.99325
4437011,2,2,0.0027,0.00694,0.99036
30736840,2,1,0.1383,0.77629,0.08541
28156021,2,2,0.0062,0.0586,0.9352
19400599,2,2,0.00092,0.00457,0.99451
10150818,0,0,0.78832,0.20645,0.00523
19997563,2,2,0.00373,0.02508,0.97119
31556533,2,2,0.00892,0.18783,0.80325
29191110,1,1,0.21923,0.66709,0.11368
35423640,2,2,0.00209,0.01118,0.98673
25695261,2,0,0.64265,0.19581,0.16154
16905858,0,0,0.98696,0.00821,0.00483
38286429,1,1,0.0498,0.77295,0.17725
41335553,2,2,0.00307,0.03218,0.96475
13138459,2,2,0.01364,0.0665,0.91985
32091935,2,2,0.0012,0.00538,0.99342
41104288,2,2,0.00603,0.05554,0.93843
10105671,2,2,0.00308,0.04482,0.9521
16144864,2,2,0.00089,0.00679,0.99232
5572712,2,2,0.00115,0.00382,0.99503
14803646,2,2,0.00128,0.00513,0.99359
18582865,2,1,0.02483,0.74863,0.22654
29869302,0,0,0.82731,0.16483,0.00786
23717070,2,2,0.00212,0.01345,0.98443
29029340,0,0,0.95972,0.03754,0.00274
37304806,1,1,0.35474,0.62746,0.0178
31583558,2,2,0.00221,0.00449,0.9933
24822522,2,2,0.0012,0.00525,0.99355
36832191,2,2,0.00272,0.02946,0.96783
14926661,2,2,0.00244,0.01198,0.98558
14160500,2,2,0.0029,0.02564,0.97146
8938569,0,0,0.69133,0.24387,0.06481
38572045,0,2,0.03417,0.24092,0.72491
21565339,2,2,0.002,0.00995,0.98805
2485659,2,2,0.02888,0.12042,0.8507
8746021,2,2,0.00184,0.01588,0.98228
20191361,2,2,0.00787,0.09714,0.895
16235225,0,0,0.95684,0.03976,0.0034
27930536,2,2,0.00109,0.00365,0.99526
28071262,0,0,0.71889,0.18607,0.09504
31478849,0,0,0.98545,0.01285,0.00171
6197523,2,2,0.00236,0.01492,0.98272
29817963,2,2,0.00108,0.00475,0.99417
13457160,2,2,0.00493,0.0106,0.98447
20414522,2,2,0.00536,0.06378,0.93086
23184431,2,2,0.00361,0.04127,0.95512
11238248,0,1,0.40036,0.48671,0.11293
34897356,2,2,0.00161,0.00805,0.99034
40125077,0,0,0.78643,0.20757,0.006
22742107,1,2,0.15854,0.18177,0.6597
1502826,2,2,0.001,0.00429,0.99471
6180538,2,1,0.04773,0.7824,0.16987
34486242,2,2,0.00104,0.00486,0.99409
22347858,2,2,0.00099,0.0087,0.99031
3470179,2,2,0.0046,0.0629,0.9325
28874284,0,0,0.97841,0.01964,0.00195
37215667,1,0,0.53847,0.43948,0.02205
7057484,1,1,0.11184,0.86271,0.02545
36129576,2,2,0.00132,0.00376,0.99492
18969068,2,2,0.00113,0.00581,0.99306
21123343,2,2,0.00132,0.00728,0.99141
6599850,2,2,0.00095,0.00494,0.99411
7993479,0,0,0.92418,0.06854,0.00728
20737390,2,2,0.00101,0.004,0.99498
10199812,1,1,0.11933,0.86134,0.01933
39040710,2,2,0.00144,0.01035,0.98821
16777240,2,2,0.00104,0.00542,0.99354
10463259,2,2,0.08954,0.29132,0.61914
38197143,2,2,0.00177,0.00419,0.99403
5867061,2,2,0.00099,0.00663,0.99237
23707210,2,2,0.001,0.0053,0.99371
28324382,2,2,0.00168,0.00954,0.98877
38140965,2,2,0.00587,0.02174,0.97239
21503680,2,2,0.00102,0.00775,0.99123
28121966,2,2,0.01132,0.03162,0.95706
9224652,2,2,0.00408,0.01248,0.98344
18855423,2,1,0.02332,0.85474,0.12194
32696188,2,2,0.00531,0.0433,0.95139
9412211,2,2,0.00115,0.00464,0.99421
38669178,2,2,0.00106,0.00379,0.99515
116867,2,1,0.08583,0.86351,0.05066
36903677,2,2,0.00168,0.01409,0.98423
16704132,1,0,0.50196,0.45171,0.04633
13488570,1,0,0.83038,0.16287,0.00675
19746004,2,2,0.01223,0.11653,0.87123
37474048,2,1,0.18657,0.79166,0.02177
6253776,2,2,0.00097,0.00433,0.99471
22193576,0,1,0.32324,0.63785,0.03891
40497173,2,2,0.00299,0.01147,0.98553
28706679,2,2,0.00124,0.00391,0.99485
29915900,2,2,0.00096,0.00591,0.99313
24449214,2,2,0.00196,0.01528,0.98277
8287799,1,1,0.03879,0.90377,0.05744
4767014,2,2,0.0012,0.00884,0.98997
6749410,2,2,0.00129,0.00904,0.98966
32140700,2,2,0.00107,0.00669,0.99224
2267728,2,1,0.31469,0.59602,0.08929
2213420,0,0,0.95054,0.04485,0.00461
14432885,2,2,0.00195,0.01972,0.97833
13179614,0,0,0.79446,0.19776,0.00779
16652199,2,2,0.0023,0.02706,0.97065
20629600,2,2,0.00109,0.00609,0.99282
21185400,2,2,0.00118,0.00595,0.99287
33120868,2,2,0.00091,0.00471,0.99438
20141273,2,2,0.00133,0.0111,0.98757
25323007,2,2,0.23709,0.24201,0.5209
36106834,0,1,0.2814,0.70743,0.01117
23121223,2,2,0.00414,0.02816,0.9677
23879102,1,2,0.02552,0.29548,0.679
32217199,2,2,0.00106,0.00577,0.99317
21178533,2,2,0.00334,0.04177,0.95489
17346119,2,2,0.00687,0.01996,0.97317
7944152,2,2,0.00109,0.00385,0.99506
32994039,2,2,0.00124,0.00423,0.99453
3663064,2,2,0.00572,0.10479,0.88949
35905651,2,2,0.00099,0.00604,0.99296
1192085,2,2,0.00113,0.00453,0.99434
19764508,2,2,0.00131,0.00947,0.98921
34291685,1,1,0.43184,0.53326,0.0349
8269382,2,2,0.00637,0.09112,0.9025
15224902,2,2,0.00364,0.01876,0.9776
39399719,2,2,0.0013,0.00633,0.99237
23311610,2,2,0.00339,0.04218,0.95443
11227226,2,2,0.00383,0.01412,0.98205
12594556,2,2,0.00319,0.04018,0.95662
6103458,2,2,0.0225,0.4773,0.5002
10588222,2,2,0.00454,0.04506,0.9504
7873475,2,2,0.00132,0.00525,0.99343
12162839,2,2,0.00142,0.01097,0.98761
40061490,2,2,0.02622,0.06388,0.9099
857167,0,1,0.15256,0.83447,0.01297
1672085,2,2,0.07028,0.1095,0.82022
24834015,2,2,0.00089,0.00468,0.99443
345381,1,2,0.00207,0.00849,0.98944
39980179,2,2,0.00153,0.01055,0.98791
17150737,2,2,0.00173,0.01361,0.98466
26085310,2,2,0.00157,0.01715,0.98128
13808825,2,2,0.00226,0.01088,0.98686
16187301,2,2,0.00482,0.04711,0.94807
37254966,2,2,0.00172,0.00364,0.99464
38197616,2,2,0.00185,0.00876,0.98939
7548609,2,1,0.06816,0.8501,0.08174
9081006,2,2,0.00306,0.035,0.96193
36879389,0,0,0.80424,0.1888,0.00696
26712393,2,2,0.00083,0.00514,0.99404
2397370,2,2,0.00094,0.0045,0.99457
3153669,2,2,0.00341,0.0372,0.95939
11575217,2,2,0.0012,0.00429,0.99451
4468218,2,2,0.00264,0.02689,0.97047
5293402,1,1,0.26581,0.70306,0.03113
5313746,1,1,0.0437,0.79298,0.16332
8302055,2,2,0.00126,0.0041,0.99464
22069910,2,2,0.0017,0.01335,0.98494
2017893,2,2,0.00251,0.03169,0.9658
12245996,2,2,0.00219,0.01431,0.98351
10052461,2,2,0.00095,0.00446,0.99459
32668498,2,2,0.00128,0.00385,0.99487
18408873,0,0,0.81768,0.17546,0.00686
14122375,2,2,0.0017,0.0133,0.98499
15769519,2,2,0.00238,0.02103,0.97658
25271498,2,2,0.00093,0.00638,0.99268
19918216,2,2,0.00169,0.00762,0.99069
1789679,2,2,0.04127,0.04825,0.91047
1777690,2,2,0.01288,0.07016,0.91696
36521649,2,2,0.00143,0.00345,0.99512
19376983,2,2,0.00091,0.00453,0.99456
708952,0,0,0.9856,0.01255,0.00184
8978745,1,1,0.18288,0.73469,0.08243
28325479,2,1,0.38315,0.60278,0.01407
7102675,1,0,0.94432,0.05322,0.00245
4317291,2,2,0.00138,0.0037,0.99491
40754872,0,0,0.84214,0.15396,0.0039
8883001,2,2,0.00113,0.00555,0.99332
14242754,2,2,0.0015,0.01448,0.98402
21412699,2,1,0.02428,0.82315,0.15257
1360000,0,0,0.91075,0.08219,0.00706
36424458,0,0,0.83225,0.16008,0.00766
11172213,2,2,0.02821,0.30929,0.66249
11059088,2,2,0.00148,0.01149,0.98702
15261713,2,2,0.02001,0.18078,0.79921
39392335,0,0,0.90236,0.08996,0.00769
8845217,0,0,0.88255,0.1122,0.00525
17341344,0,0,0.98774,0.01047,0.00179
40164581,2,2,0.00131,0.00811,0.99057
34007086,1,0,0.94591,0.04957,0.00452
5141374,2,2,0.00332,0.01604,0.98064
22999667,2,2,0.204,0.27406,0.52195
16967758,2,1,0.0969,0.87642,0.02667
6063160,2,2,0.0012,0.00877,0.99004
33184207,2,2,0.00213,0.00798,0.98989
28015476,0,0,0.95703,0.04067,0.0023
14699368,2,2,0.00251,0.01527,0.98222
8992919,2,2,0.07665,0.37437,0.54898
3736932,2,2,0.00126,0.00359,0.99515
17750324,2,2,0.01551,0.1377,0.84679
37049568,0,0,0.87797,0.1179,0.00413
12594651,2,2,0.00091,0.00436,0.99473
4298700,0,0,0.62986,0.3617,0.00844
31399155,2,2,0.00112,0.00781,0.99107
22821934,2,2,0.00217,0.02241,0.97542
18632478,2,2,0.00154,0.00883,0.98963
27786042,0,0,0.62551,0.3592,0.0153
32175159,2,2,0.00238,0.00817,0.98945
25836967,2,2,0.00698,0.06481,0.92822
34452075,2,2,0.00147,0.00521,0.99332
1995194,2,2,0.00229,0.01575,0.98196
5862842,2,2,0.00696,0.00713,0.98591
39362060,0,0,0.97739,0.0206,0.00201
3117267,2,2,0.01946,0.09284,0.88771
20175992,0,0,0.98594,0.01222,0.00184
24766891,0,0,0.9779,0.02022,0.00189
37929311,2,2,0.00118,0.00981,0.98901
20824690,2,2,0.00711,0.04674,0.94615
24643349,2,2,0.00449,0.02497,0.97054
32638256,2,2,0.00424,0.0512,0.94456
36428989,1,0,0.9111,0.08475,0.00415
22523779,2,2,0.0428,0.0241,0.9331
5508684,2,2,0.00122,0.00433,0.99445
32213068,2,2,0.00212,0.01309,0.98479
13811876,0,0,0.93159,0.06579,0.00262
32483023,2,2,0.029,0.37465,0.59635
17861772,2,1,0.0208,0.66755,0.31165
30172798,2,2,0.01966,0.18905,0.79129
22614661,2,1,0.02058,0.51837,0.46105
13308789,2,2,0.00115,0.0046,0.99425
37141019,2,2,0.00201,0.02108,0.97691
36915372,2,2,0.00132,0.00633,0.99235
17784958,2,2,0.01325,0.05069,0.93606
17493896,2,2,0.00118,0.00551,0.99331
24131256,2,2,0.00156,0.00663,0.99181
40060741,2,2,0.00922,0.0285,0.96229
30520820,1,1,0.29617,0.45007,0.25376
19875684,2,2,0.00122,0.00385,0.99493
13361919,2,2,0.00106,0.00572,0.99322
23452388,2,2,0.00092,0.0053,0.99378
35733351,2,2,0.00197,0.00911,0.98892
4139023,0,1,0.18357,0.79738,0.01905
29732746,2,2,0.00138,0.006,0.99262
19675676,0,0,0.96381,0.03394,0.00224
33120301,0,0,0.9876,0.01043,0.00197
19677623,0,0,0.95601,0.04162,0.00237
22843323,2,2,0.00138,0.00799,0.99063
1957557,0,0,0.89729,0.09815,0.00456
14610344,2,2,0.00475,0.0169,0.97835
37005260,2,2,0.00548,0.05805,0.93647
28941407,2,2,0.00154,0.0046,0.99386
35180133,2,1,0.30843,0.45184,0.23973
23560791,2,2,0.00232,0.01857,0.97911
21435061,2,2,0.00163,0.0087,0.98967
27038897,2,2,0.00262,0.00501,0.99237
29836629,1,0,0.66797,0.32301,0.00902
11650418,2,2,0.00129,0.00922,0.98949
21957649,2,1,0.05807,0.62922,0.31271
10585157,2,2,0.00158,0.01217,0.98625
26809446,2,2,0.00101,0.00542,0.99357
35235393,0,0,0.97471,0.02338,0.00191
22687470,1,0,0.80274,0.19141,0.00585
33138980,2,2,0.00361,0.00982,0.98656
14399314,2,2,0.00194,0.01088,0.98718
29735975,2,2,0.00703,0.04347,0.94951
7806661,2,2,0.00085,0.00453,0.99461
11887219,2,2,0.00177,0.00521,0.99302
41567451,2,1,0.07519,0.89131,0.0335
31944483,2,2,0.00109,0.00784,0.99107
30624939,0,0,0.97094,0.02587,0.00319
40055862,2,2,0.00304,0.02623,0.97073
35734900,2,2,0.0026,0.02751,0.96989
11818332,2,2,0.00148,0.01644,0.98208
18812245,2,1,0.05237,0.53728,0.41034
38265329,0,0,0.92113,0.07303,0.00583
3661254,2,2,0.00101,0.00555,0.99344
39828821,0,0,0.96874,0.02897,0.00229
30829574,2,2,0.00095,0.00559,0.99346
31294897,0,1,0.27434,0.70054,0.02512
15024629,2,2,0.00804,0.07657,0.91539
13272132,1,1,0.03583,0.88175,0.08242
1906707,2,2,0.00184,0.01612,0.98204
16650091,2,2,0.00156,0.01105,0.98739
35204417,2,2,0.0023,0.01203,0.98568
20316396,2,2,0.00184,0.01285,0.98531
8835517,1,0,0.9207,0.07587,0.00343
1550572,2,2,0.00167,0.00559,0.99275
27998512,2,2,0.00145,0.00563,0.99292
23964763,1,1,0.1952,0.78727,0.01753
24666081,1,1,0.4089,0.49322,0.09788
22323630,2,2,0.00491,0.02895,0.96614
11902291,2,2,0.00109,0.00679,0.99212
8905112,1,0,0.56474,0.42297,0.01228
35736973,0,0,0.52477,0.45951,0.01572
6159772,2,2,0.00111,0.00534,0.99355
24746250,2,2,0.00092,0.00526,0.99382
9840246,2,2,0.00124,0.00604,0.99272
10594896,2,2,0.00646,0.0344,0.95914
34894495,2,2,0.00134,0.0037,0.99496
18894991,2,2,0.00096,0.00509,0.99394
20455207,0,0,0.71874,0.27494,0.00632
33416951,2,2,0.00118,0.00929,0.98953
26291107,1,0,0.66215,0.32524,0.01261
29361140,0,0,0.83618,0.15468,0.00915
5756358,2,2,0.00092,0.00555,0.99353
13811042,2,2,0.00807,0.0068,0.98514
20262185,2,2,0.00159,0.00482,0.99359
22886312,2,1,0.01414,0.51025,0.47561
36804642,2,2,0.00483,0.01553,0.97964
27423865,2,1,0.03791,0.67196,0.29014
32171294,0,0,0.54006,0.44773,0.01221
37824807,0,0,0.92161,0.07506,0.00332
36542003,0,0,0.98908,0.00907,0.00185
31778988,0,0,0.92619,0.0699,0.00391
26233121,0,0,0.98047,0.01789,0.00164
30031608,0,0,0.79066,0.20069,0.00865
22423956,2,2,0.00207,0.01994,0.97798
30178317,1,1,0.04272,0.89933,0.05794
11276037,1,0,0.57024,0.41395,0.0158
11407554,2,2,0.01092,0.24098,0.7481
14311347,2,2,0.00111,0.00534,0.99355
17060876,0,0,0.70786,0.27938,0.01276
28877063,2,2,0.00123,0.00958,0.98918
3020839,2,2,0.00123,0.00887,0.9899
24053501,0,0,0.98726,0.01055,0.00219
36207343,1,0,0.66891,0.31845,0.01264
12178075,2,2,0.00181,0.01448,0.98371
33207121,1,1,0.48077,0.49603,0.0232
16320700,2,2,0.00093,0.00577,0.9933
6028318,2,2,0.00122,0.006,0.99279
37616801,0,2,0.24648,0.33954,0.41398
14778517,1,1,0.15018,0.80238,0.04744
15916592,1,1,0.04062,0.89948,0.05991
38188487,0,0,0.97868,0.01931,0.00201
41473163,2,2,0.00134,0.00433,0.99433
38319487,2,2,0.00083,0.0051,0.99408
26756974,2,2,0.00116,0.00413,0.99471
1476154,2,2,0.1577,0.23184,0.61046
12392549,2,2,0.00205,0.01425,0.98369
32710329,2,2,0.00253,0.02377,0.97371
26652071,2,2,0.00142,0.00787,0.99071
33499029,0,0,0.95411,0.04295,0.00294
8395782,1,1,0.46698,0.50099,0.03203
38073778,2,2,0.00171,0.00904,0.98925
38590,2,2,0.00108,0.00505,0.99387
32457106,2,2,0.00196,0.01241,0.98563
19474615,2,2,0.00174,0.00716,0.99109
5589065,2,2,0.00093,0.00542,0.99364
41221591,2,0,0.52028,0.45557,0.02414
34131181,2,2,0.00414,0.04504,0.95082
28730468,2,2,0.01093,0.16061,0.82847
1827260,2,2,0.00149,0.00768,0.99083
1494079,2,2,0.00278,0.00889,0.98833
15300893,2,2,0.00091,0.00471,0.99438
8099909,1,1,0.01745,0.75972,0.22283
36854141,2,2,0.00174,0.0055,0.99275
1313220,2,2,0.00124,0.00614,0.99263
3791929,2,2,0.0015,0.01404,0.98445
26875007,2,2,0.00103,0.00551,0.99347
4933280,2,2,0.00101,0.00429,0.99469
23866617,0,1,0.05581,0.52535,0.41884
41097794,2,2,0.00111,0.0045,0.99439
1893036,2,2,0.00132,0.00382,0.99486
17205265,2,2,0.00707,0.02317,0.96977
37346940,0,0,0.97071,0.02763,0.00165
15087080,2,2,0.02673,0.04548,0.92779
21186283,2,2,0.0012,0.00947,0.98933
37258821,2,2,0.00296,0.02291,0.97413
12517549,2,2,0.00639,0.04464,0.94896
1353376,0,0,0.59667,0.35768,0.04565
41288034,0,0,0.77466,0.20768,0.01766
12549753,0,0,0.61265,0.37744,0.0099
39908893,2,1,0.20462,0.75877,0.03661
39243297,2,2,0.00227,0.00823,0.9895
7846441,2,0,0.96193,0.03426,0.00381
2336463,2,2,0.02367,0.08132,0.89501
17234889,2,2,0.00664,0.1105,0.88286
8929918,0,1,0.1444,0.83911,0.01649
3789677,2,2,0.23874,0.10399,0.65726
5157460,2,2,0.00194,0.00762,0.99044
21751176,2,2,0.00102,0.0085,0.99047
16648131,1,0,0.84268,0.15108,0.00624
10755789,0,0,0.95104,0.04612,0.00284
30083352,0,0,0.87076,0.12135,0.0079
20414807,2,2,0.00113,0.00633,0.99254
7047373,2,1,0.04686,0.87056,0.08257
24429908,2,2,0.00309,0.0252,0.97171
14365626,2,1,0.05632,0.91429,0.02939
7859636,2,2,0.00189,0.01656,0.98154
5053812,0,0,0.97488,0.02365,0.00147
33363443,2,2,0.11785,0.10159,0.78056
29925593,2,2,0.04134,0.06789,0.89077
3619120,2,2,0.00111,0.0085,0.99039
35133128,2,2,0.13772,0.17909,0.68319
6018300,2,2,0.00141,0.0128,0.98578
26384747,2,2,0.00269,0.02292,0.97439
39953777,2,0,0.93975,0.05721,0.00304
12702782,0,0,0.73633,0.25847,0.0052
39401722,2,1,0.03209,0.91956,0.04836
35916980,2,2,0.10505,0.24384,0.65111
33308778,1,0,0.71845,0.27483,0.00672
35646168,2,2,0.00986,0.19489,0.79526
6582849,2,2,0.00763,0.1102,0.88217
29587256,2,2,0.00141,0.00337,0.99522
11189786,2,2,0.00096,0.00538,0.99366
10612106,0,1,0.11878,0.87084,0.01038
15524594,2,2,0.00136,0.00805,0.99059
8380293,2,2,0.00201,0.00576,0.99223
35947918,2,2,0.01918,0.33074,0.65009
17812926,2,2,0.01143,0.01434,0.97423
6888811,2,2,0.00254,0.01794,0.97952
41448641,2,2,0.00438,0.03402,0.9616
19893309,0,0,0.96199,0.03621,0.0018
22747133,2,2,0.00667,0.01878,0.97455
32083804,2,2,0.01183,0.23302,0.75515
31307327,2,2,0.0037,0.01813,0.97818
22018955,0,0,0.98682,0.01014,0.00304
35718734,2,2,0.0012,0.0045,0.9943
9151806,2,2,0.00168,0.00984,0.98847
37957593,2,2,0.00089,0.0049,0.99421
34189991,0,0,0.84193,0.14488,0.01319
29317458,2,2,0.01687,0.04732,0.9358
29472199,0,0,0.96166,0.03603,0.00231
33456495,2,2,0.00508,0.12657,0.86835
22874615,2,2,0.00107,0.00722,0.9917
36733081,2,2,0.00166,0.01055,0.98779
5795289,2,0,0.60113,0.38812,0.01075
2722561,2,2,0.00479,0.02252,0.97268
32203112,2,2,0.00224,0.00694,0.99082
18672682,2,2,0.00156,0.01101,0.98743
33457042,0,0,0.83286,0.15649,0.01065
14649712,0,0,0.82254,0.17174,0.00572
5027982,2,1,0.05119,0.60442,0.34439
31539820,2,2,0.00297,0.03268,0.96435
31556997,2,2,0.00145,0.00517,0.99338
10497006,2,2,0.00192,0.00453,0.99355
23851854,2,2,0.00892,0.02961,0.96147
25931933,0,0,0.91289,0.08425,0.00286
3703475,0,0,0.98359,0.01398,0.00244
16547764,2,2,0.00095,0.00368,0.99537
39198802,2,2,0.00103,0.00365,0.99533
6444908,1,1,0.2846,0.65914,0.05626
32582699,1,1,0.4612,0.51854,0.02026
35736674,2,2,0.0245,0.08436,0.89114
38349178,2,2,0.00097,0.00373,0.9953
27468783,2,2,0.00191,0.00911,0.98898
41280060,0,0,0.84172,0.15269,0.00558
35739267,2,1,0.02597,0.66977,0.30426
40897230,0,0,0.87895,0.11574,0.00531
13722787,2,2,0.00091,0.00453,0.99456
21082555,2,2,0.00395,0.03038,0.96567
27796005,0,0,0.90819,0.08888,0.00294
13923842,2,1,0.02582,0.54766,0.42652
20071826,2,2,0.0012,0.00745,0.99135
36440256,1,1,0.07059,0.89419,0.03522
10354775,2,1,0.08574,0.80396,0.1103
20949000,2,2,0.00106,0.00653,0.99241
14406868,2,2,0.01786,0.18614,0.796
24848941,2,2,0.001,0.00413,0.99487
36259582,2,2,0.00485,0.00405,0.9911
27525306,2,2,0.00238,0.0083,0.98933
12706205,2,2,0.00111,0.00805,0.99084
18753078,0,0,0.98804,0.01035,0.00161
23339386,0,0,0.80447,0.18812,0.00741
5418534,2,2,0.00161,0.00837,0.99002
39624540,2,2,0.00101,0.00394,0.99505
7398222,2,2,0.00219,0.01171,0.9861
35683957,2,2,0.00184,0.01437,0.98379
13859904,2,0,0.5692,0.3023,0.1285
40824649,2,2,0.00095,0.00674,0.99231
28988901,2,2,0.001,0.00433,0.99468
33755445,2,2,0.00189,0.01656,0.98154
30703215,2,1,0.15433,0.83103,0.01464
14300288,2,2,0.07516,0.20046,0.72437
32213293,2,2,0.00122,0.00426,0.99452
12657446,2,2,0.00798,0.02565,0.96637
40875999,0,0,0.96385,0.0338,0.00235
27654053,2,2,0.02438,0.48209,0.49353
32292541,2,1,0.03281,0.80755,0.15964
19695783,2,2,0.00094,0.00446,0.9946
23004714,2,2,0.00111,0.00609,0.9928
28342867,2,2,0.00411,0.06636,0.92954
16974913,2,2,0.00195,0.00581,0.99225
5668943,2,2,0.00391,0.00982,0.98627
307771,2,2,0.00138,0.0046,0.99401
14905830,2,2,0.00234,0.02546,0.97221
37284128,2,2,0.00685,0.06787,0.92529
11182922,0,0,0.86763,0.12696,0.00541
9991018,1,1,0.25013,0.71535,0.03452
6146155,0,0,0.64182,0.34624,0.01194
11228774,0,1,0.18616,0.42281,0.39103
543092,2,0,0.90332,0.09337,0.00331
31643244,2,2,0.00188,0.01023,0.98789
15902105,2,2,0.00123,0.00973,0.98903
21740749,2,2,0.00301,0.03494,0.96205
20672389,2,2,0.00106,0.00669,0.99226
28799199,2,2,0.00133,0.00908,0.98959
22008277,2,2,0.01134,0.15535,0.8333
7913164,2,2,0.00106,0.0046,0.99434
24856444,2,2,0.01451,0.38298,0.60251
17933343,2,2,0.00763,0.1102,0.88217
14113297,2,2,0.00131,0.01176,0.98693
24217619,2,2,0.00097,0.00483,0.99421
25020021,2,2,0.00113,0.00734,0.99154
34335832,2,2,0.00115,0.00376,0.99509
23205267,2,2,0.00104,0.00559,0.99337
17708365,1,1,0.07157,0.83849,0.08994
2684747,2,2,0.00149,0.00563,0.99287
535152,2,2,0.00189,0.01656,0.98154
39117939,2,2,0.00115,0.00555,0.99331
37748232,2,2,0.00135,0.00884,0.98981
32377375,2,2,0.00149,0.00563,0.99287
16373021,2,2,0.00163,0.01068,0.98769
33298209,2,2,0.00256,0.04181,0.95563
22453575,2,1,0.02364,0.61932,0.35704
38527668,2,0,0.49648,0.43473,0.06878
9705268,0,0,0.97541,0.02276,0.00183
38724497,2,2,0.00101,0.00551,0.99348
38355249,0,0,0.96558,0.03244,0.00198
26201112,2,2,0.0038,0.00593,0.99026
20434658,2,2,0.0031,0.00835,0.98855
19790350,0,1,0.49072,0.49844,0.01084
2596726,2,2,0.0011,0.01154,0.98736
14851201,0,0,0.89079,0.10454,0.00467
40229706,0,1,0.4777,0.48902,0.03328
23002990,2,2,0.00098,0.00475,0.99427
7116007,2,2,0.00584,0.05619,0.93796
35609842,2,2,0.00111,0.00526,0.99363
3284808,2,2,0.00146,0.01039,0.98814
38883350,2,1,0.32662,0.60545,0.06793
15487799,2,2,0.00436,0.00874,0.9869
34593237,0,0,0.98561,0.0126,0.00179
20269121,2,2,0.00116,0.00457,0.99427
35177226,2,2,0.00302,0.01752,0.97945
36731075,2,2,0.00098,0.00591,0.99312
28570549,2,0,0.73831,0.25022,0.01148
38638406,2,2,0.00897,0.01742,0.97361
1310330,2,2,0.00104,0.00429,0.99466
21153158,2,2,0.00174,0.00572,0.99254
24140831,2,2,0.00116,0.00595,0.99289
9520512,2,2,0.00191,0.00883,0.98926
13675731,2,2,0.17443,0.25585,0.56971
8744374,2,2,0.00238,0.00608,0.99153
31221214,2,2,0.00199,0.01516,0.98285
10801309,2,2,0.00098,0.00468,0.99434
18441725,1,0,0.8841,0.1124,0.0035
6460715,1,0,0.9028,0.09405,0.00316
15271910,2,2,0.00088,0.00538,0.99374
20530359,0,0,0.78043,0.21005,0.00952
29747820,2,2,0.00435,0.00459,0.99107
8730138,0,0,0.92323,0.07374,0.00303
36954501,0,0,0.85042,0.14436,0.00522
31329162,2,1,0.03476,0.91773,0.04751
12489817,2,2,0.00364,0.01692,0.97944
25242355,0,0,0.8824,0.11218,0.00541
39035200,2,2,0.00133,0.01181,0.98686
34537287,2,2,0.00114,0.00818,0.99068
32517970,0,0,0.97037,0.02784,0.00179
13876963,2,2,0.0047,0.08607,0.90923
1370558,2,2,0.00351,0.02415,0.97234
13418116,2,2,0.00101,0.00433,0.99466
39387793,2,2,0.00161,0.00883,0.98956
39005257,2,2,0.00093,0.00653,0.99253
19279532,2,2,0.0022,0.00722,0.99058
10001135,2,2,0.001,0.00502,0.99399
11429379,2,2,0.00445,0.06413,0.93142
26500867,2,2,0.00184,0.01285,0.98531
27415869,0,0,0.91528,0.08171,0.00301
22893465,2,2,0.00104,0.00416,0.99479
7125375,2,2,0.00116,0.00475,0.99409
36827907,2,2,0.00109,0.00653,0.99238
21166917,2,2,0.0476,0.06818,0.88422
20072145,2,2,0.00126,0.00373,0.99501
14446983,2,2,0.00189,0.01656,0.98154
20783801,2,0,0.54115,0.42808,0.03077
26142632,1,2,0.00424,0.02186,0.97391
11217968,2,1,0.09661,0.63244,0.27095
24052697,2,2,0.00091,0.00379,0.9953
36681999,2,2,0.00088,0.0041,0.99502
24348930,2,2,0.00218,0.01581,0.98201
13438419,2,2,0.00218,0.01675,0.98107
19140704,0,0,0.76738,0.219,0.01362
29585891,2,2,0.02126,0.03118,0.94755
17832395,2,2,0.00154,0.00824,0.99023
28593287,2,2,0.00095,0.00379,0.99526
28390087,2,2,0.00098,0.00482,0.99419
15490951,2,2,0.00149,0.00733,0.99117
1800947,0,0,0.545,0.44136,0.01364
28178505,0,1,0.13952,0.80684,0.05363
23800159,0,0,0.83122,0.16368,0.0051
20062381,2,2,0.00111,0.00324,0.99564
16800361,0,0,0.6134,0.38087,0.00574
4159185,0,0,0.80883,0.17768,0.01349
15585801,2,2,0.00218,0.01447,0.98334
3565805,2,2,0.00753,0.10888,0.88359
28453139,2,2,0.00237,0.01117,0.98646
33132859,0,0,0.64051,0.35097,0.00852
8918900,2,2,0.00299,0.01273,0.98428
16629799,2,2,0.00103,0.00379,0.99518
3497220,0,0,0.91465,0.0815,0.00386
30665490,0,0,0.72409,0.26847,0.00744
34055940,2,2,0.00528,0.03424,0.96048
39532985,2,2,0.00088,0.00446,0.99466
23946934,1,1,0.14915,0.82702,0.02383
26961278,2,2,0.00095,0.0041,0.99495
19389984,2,2,0.0021,0.02084,0.97706
22352625,0,0,0.74323,0.24798,0.00879
32222722,2,2,0.00106,0.00362,0.99532
36934235,2,2,0.00463,0.02564,0.96973
39325384,0,0,0.8032,0.18929,0.00751
15957291,0,0,0.97204,0.0259,0.00206
8602564,2,2,0.00108,0.00494,0.99399
30716188,2,2,0.0023,0.02337,0.97433
18004322,2,2,0.00132,0.00423,0.99445
6027041,1,1,0.18927,0.79374,0.017
27667022,0,0,0.98734,0.01084,0.00182
22977778,1,1,0.25738,0.70237,0.04025
23272447,2,2,0.00633,0.12513,0.86855
152920,2,2,0.00104,0.00723,0.99173
15904896,2,2,0.00318,0.01165,0.98516
25188513,0,0,0.91645,0.08039,0.00315
26979444,2,2,0.00851,0.05236,0.93912
3980828,0,0,0.97772,0.01974,0.00254
10112921,2,2,0.00245,0.00896,0.98859
30624414,2,1,0.26249,0.60763,0.12988
3329136,2,2,0.00547,0.11612,0.8784
36396532,2,1,0.02054,0.76463,0.21483
23176196,2,1,0.09255,0.87039,0.03707
33725112,2,2,0.00766,0.12117,0.87118
39127853,0,0,0.92665,0.06905,0.00429
35877821,2,2,0.02233,0.20861,0.76905
20972670,2,2,0.00209,0.01299,0.98492
6744093,0,1,0.05513,0.918,0.02687
33442722,2,2,0.00138,0.00623,0.99239
23430272,2,1,0.1246,0.80852,0.06689
22269329,0,0,0.98057,0.017,0.00243
27244122,2,1,0.01954,0.70532,0.27513
23649671,2,2,0.00103,0.00416,0.99481
40489783,2,2,0.00375,0.01862,0.97763
30119409,2,2,0.12561,0.20851,0.66588
25937079,2,2,0.00177,0.00837,0.98987
12130397,0,1,0.43416,0.55313,0.01271
26985385,2,2,0.00173,0.01255,0.98571
4095209,0,0,0.78736,0.19753,0.01511
18539780,2,2,0.00361,0.04051,0.95588
25775565,1,1,0.06742,0.90819,0.02439
21251510,2,2,0.00662,0.04042,0.95295
16981477,2,2,0.0013,0.00623,0.99247
27645240,2,2,0.00088,0.00518,0.99395
35801092,2,2,0.001,0.00353,0.99547
3252629,0,0,0.93604,0.06043,0.00354
8818554,2,2,0.00427,0.00557,0.99015
16015732,2,2,0.00096,0.00509,0.99394
41044744,0,1,0.10289,0.83335,0.06376
11670264,2,1,0.02633,0.88552,0.08815
2629112,2,2,0.00497,0.00944,0.98559
38190890,2,2,0.00091,0.00426,0.99483
16580037,2,2,0.01013,0.02649,0.96338
41271657,0,0,0.4941,0.42428,0.08161
36238859,2,2,0.0013,0.00633,0.99237
15087003,2,2,0.00118,0.0049,0.99392
9265799,2,2,0.00295,0.01193,0.98513
33240060,1,0,0.81466,0.18107,0.00427
5807001,2,2,0.00534,0.02448,0.97019
19388843,1,1,0.13577,0.83984,0.02439
1473695,0,1,0.34628,0.5068,0.14691
1434371,2,1,0.03142,0.67169,0.2969
21563946,1,0,0.86425,0.13254,0.00322
9557958,2,2,0.00491,0.06032,0.93478
1245337,0,0,0.59338,0.38014,0.02648
33255158,2,2,0.0017,0.01499,0.98331
38689773,2,2,0.0082,0.18093,0.81087
38401392,2,2,0.00159,0.00581,0.9926
11495068,2,2,0.00093,0.00614,0.99293
28199098,2,2,0.00094,0.00353,0.99553
4482652,2,2,0.00238,0.02068,0.97694
28592422,0,1,0.23067,0.73883,0.0305
6477986,2,2,0.00121,0.00977,0.98901
26740760,2,2,0.00525,0.0836,0.91115
37167532,0,0,0.98499,0.01335,0.00165
29276471,2,2,0.00109,0.00517,0.99373
40869584,1,1,0.45951,0.52477,0.01572
37930271,2,2,0.00251,0.03048,0.967
24218564,2,2,0.00177,0.00436,0.99387
38559144,2,2,0.00106,0.00784,0.99111
27272321,2,2,0.00139,0.01185,0.98675
24537956,2,2,0.00717,0.06864,0.9242
36653118,2,2,0.00128,0.00619,0.99254
26327434,2,2,0.00224,0.00513,0.99263
9263075,2,2,0.01239,0.09129,0.89632
28701398,1,1,0.08185,0.48594,0.43221
680733,2,2,0.02839,0.15482,0.81679
9640855,2,1,0.11518,0.85027,0.03455
13691005,2,2,0.00087,0.00498,0.99416
26932128,2,2,0.00128,0.00475,0.99397
17147672,2,2,0.00217,0.02157,0.97626
27331583,2,2,0.00128,0.00595,0.99277
34742960,2,2,0.00104,0.00475,0.99421
19014547,2,2,0.02601,0.47939,0.4946
14031199,0,1,0.48685,0.50231,0.01084
39666784,2,0,0.40515,0.24694,0.3479
37467869,2,2,0.00097,0.0041,0.99494
25736909,2,2,0.0022,0.00976,0.98804
5774564,2,1,0.02434,0.56715,0.40851
14115391,2,2,0.00763,0.1102,0.88217
16206637,2,2,0.01062,0.1455,0.84387
1632107,2,2,0.00122,0.00581,0.99297
31429497,1,0,0.51609,0.46625,0.01766
2246510,0,0,0.92193,0.07568,0.00239
40703181,2,1,0.27609,0.51732,0.20658
17345245,1,2,0.01631,0.27915,0.70454
35910188,2,2,0.00111,0.00643,0.99246
26283676,2,2,0.20986,0.32456,0.46559
12218173,0,0,0.95667,0.04072,0.0026
256680,2,2,0.00093,0.00754,0.99153
2721028,2,2,0.20661,0.0936,0.69979
11705833,2,2,0.00103,0.00559,0.99338
1498959,2,2,0.00218,0.01865,0.97918
6036022,2,2,0.00175,0.01606,0.98218
18304336,2,2,0.00156,0.01023,0.98821
22266458,2,2,0.00324,0.00896,0.9878
15127037,2,2,0.00279,0.03571,0.9615
19129009,2,2,0.00163,0.00947,0.9889
21196112,2,2,0.00456,0.04097,0.95447
21503158,2,2,0.00235,0.01952,0.97813
10384997,2,2,0.00281,0.0113,0.98589
9842264,2,2,0.00239,0.00379,0.99383
12467312,2,2,0.02661,0.24281,0.73058
30383429,0,0,0.97611,0.02203,0.00186
14772353,2,2,0.02031,0.33293,0.64677
22445654,2,2,0.00109,0.00619,0.99272
899547,2,2,0.00432,0.062,0.93367
36925348,2,2,0.00128,0.00581,0.99291
18003627,2,2,0.00126,0.00684,0.9919
10445748,1,1,0.02351,0.7257,0.25079
40850265,2,2,0.00121,0.00897,0.98981
4371043,2,2,0.00334,0.0409,0.95576
10942795,2,2,0.0013,0.00663,0.99207
20876957,2,2,0.0017,0.01837,0.97993
786115,0,0,0.79731,0.19463,0.00806
33756782,2,2,0.00189,0.01656,0.98154
29938187,2,2,0.00129,0.01346,0.98525
34725942,2,2,0.00644,0.08194,0.91162
10802826,2,2,0.0034,0.03837,0.95823
29280457,2,2,0.00339,0.04067,0.95594
7978930,2,2,0.00197,0.00678,0.99124
18873749,0,0,0.58511,0.3763,0.03859
12655973,2,2,0.00097,0.00416,0.99487
10176031,2,2,0.00481,0.02031,0.97488
40859374,2,2,0.00101,0.0069,0.99209
2577962,2,2,0.00104,0.00674,0.99222
1015655,2,2,0.00093,0.00551,0.99356
38918254,2,2,0.00109,0.00722,0.99168
23217362,2,2,0.00198,0.01909,0.97893
22897886,2,2,0.00138,0.00403,0.99458
27763328,2,2,0.00104,0.0074,0.99156
29578758,2,2,0.00128,0.00439,0.99433
1925746,2,2,0.00139,0.01185,0.98675
32117822,0,0,0.84228,0.14984,0.00788
4607862,2,2,0.00184,0.01285,0.98531
5480943,1,0,0.82885,0.16194,0.00921
12202134,0,0,0.9859,0.01236,0.00173
41467816,2,2,0.01366,0.48161,0.50473
35038966,0,0,0.92038,0.07674,0.00288
20830161,2,2,0.00516,0.04211,0.95274
30008685,2,2,0.00234,0.02502,0.97264
3642051,2,2,0.00219,0.0134,0.98441
19780856,0,0,0.96713,0.02943,0.00343
34340628,0,0,0.91607,0.07804,0.00589
10043227,2,2,0.00357,0.0379,0.95853
22808245,2,2,0.00118,0.00439,0.99442
9826713,0,0,0.94925,0.04791,0.00284
22791818,2,2,0.00149,0.00604,0.99247
24746619,2,2,0.00092,0.00419,0.99488
13026058,2,2,0.00098,0.00471,0.99431
5037876,0,0,0.75358,0.23345,0.01297
19668237,2,2,0.00368,0.03754,0.95878
26777818,2,2,0.03965,0.07885,0.8815
8158054,1,0,0.91271,0.08293,0.00436
23916261,2,2,0.00438,0.04921,0.94641
36581503,2,2,0.00165,0.01482,0.98353
33499112,0,1,0.03542,0.73982,0.22475
41344779,0,0,0.97901,0.01916,0.00183
1285101,2,2,0.0217,0.45672,0.52159
36552919,2,2,0.00245,0.02404,0.97351
13443158,2,0,0.556,0.42964,0.01436
32580871,0,0,0.97327,0.02262,0.0041
21407700,2,2,0.00492,0.04212,0.95296
10681766,0,0,0.94619,0.05174,0.00207
34782783,2,2,0.00298,0.03135,0.96567
10752198,0,0,0.98838,0.00939,0.00223
30481908,2,2,0.00115,0.00365,0.99521
32219815,0,0,0.85151,0.14454,0.00394
36635654,1,1,0.26456,0.70799,0.02745
38570763,2,2,0.00126,0.00684,0.9919
31717893,2,2,0.00322,0.0168,0.97999
24494962,2,2,0.00183,0.00554,0.99263
20755650,2,2,0.00106,0.00648,0.99246
26577728,2,2,0.00111,0.00482,0.99407
15865996,1,1,0.08717,0.87526,0.03757
35268421,2,2,0.0036,0.01451,0.9819
1718496,2,2,0.00083,0.00457,0.9946
2458599,2,2,0.01015,0.03214,0.95771
1704642,1,2,0.0031,0.02326,0.97364
11231277,2,2,0.01637,0.02477,0.95886
41065923,2,2,0.00091,0.00664,0.99246
28893482,2,2,0.00095,0.00763,0.99142
16126793,2,2,0.00167,0.01522,0.9831
17200469,1,0,0.59174,0.40039,0.00787
18156315,0,1,0.12434,0.85057,0.02509
11128456,2,2,0.00115,0.00382,0.99503
27545128,2,2,0.00165,0.01582,0.98253
15140246,2,1,0.03649,0.60767,0.35584
40335038,2,2,0.04957,0.0296,0.92083
10665598,2,2,0.00175,0.01909,0.97916
25240691,2,2,0.00199,0.01382,0.98419
23286905,2,2,0.00092,0.0045,0.99458
10527177,2,2,0.00131,0.00958,0.9891
18966244,0,0,0.94052,0.05484,0.00464
41445730,2,2,0.00101,0.00628,0.99271
10969599,0,0,0.90646,0.08871,0.00483
16586065,0,0,0.9888,0.00943,0.00177
13677643,2,2,0.00118,0.00638,0.99244
22040202,2,2,0.00392,0.05162,0.94446
20700127,2,2,0.00113,0.00521,0.99366
23266158,0,0,0.85014,0.14431,0.00555
20183182,2,2,0.00221,0.01788,0.97991
32029604,2,2,0.00109,0.00521,0.99369
32260150,2,2,0.00274,0.02012,0.97713
28591960,2,2,0.00204,0.02029,0.97767
15402942,2,2,0.00287,0.02051,0.97662
39606629,2,2,0.00194,0.00658,0.99148
3899352,2,2,0.02289,0.31849,0.65862
14947033,2,2,0.00108,0.0045,0.99442
31144341,2,1,0.38526,0.58287,0.03187
14643585,0,0,0.55683,0.43028,0.01289
19120714,2,2,0.0031,0.0075,0.9894
16872912,2,2,0.00328,0.02933,0.9674
22395197,2,2,0.00154,0.00546,0.993
5897398,2,2,0.00151,0.00695,0.99154
21805600,2,2,0.00339,0.01288,0.98374
24674556,2,2,0.00101,0.00648,0.99251
20726853,2,2,0.00184,0.01285,0.98531
15963231,0,0,0.61702,0.37424,0.00873
16483154,2,2,0.00773,0.04061,0.95166
3956273,2,2,0.00817,0.04774,0.94409
15170066,2,2,0.00111,0.00739,0.9915
28415179,1,2,0.02551,0.19331,0.78118
24354348,2,2,0.00194,0.00918,0.98888
24310450,0,0,0.78254,0.21227,0.00519
18269237,2,1,0.02405,0.72529,0.25065
23709867,2,2,0.00101,0.00633,0.99266
1808630,0,0,0.95931,0.03084,0.00986
20840622,2,1,0.03959,0.70725,0.25316
3422425,1,0,0.49641,0.49254,0.01105
24659954,2,2,0.00345,0.03895,0.9576
25480669,2,2,0.00116,0.00619,0.99265
30251362,2,2,0.0013,0.00633,0.99237
24167777,2,2,0.00493,0.04172,0.95335
25327019,2,2,0.00174,0.00705,0.9912
34305916,1,0,0.85603,0.13544,0.00852
5532614,2,2,0.01404,0.03201,0.95395
33524596,2,2,0.00176,0.0108,0.98744
21683934,2,1,0.16051,0.82796,0.01154
20366949,2,2,0.00122,0.00385,0.99493
26422692,0,0,0.95295,0.04138,0.00567
26392618,1,0,0.50471,0.48537,0.00992
3561813,0,0,0.96966,0.02838,0.00196
5729526,2,2,0.00422,0.04175,0.95403
24583755,2,2,0.00255,0.0163,0.98115
25108720,2,2,0.00436,0.02386,0.97178
41054123,2,2,0.00181,0.01377,0.98442
17876040,0,0,0.84269,0.14991,0.00741
5021824,2,2,0.00151,0.00866,0.98982
16870469,0,0,0.98917,0.00856,0.00227
2239389,0,1,0.10247,0.86352,0.03401
18001612,2,2,0.00098,0.00538,0.99364
22614945,0,0,0.98955,0.0078,0.00265
1839120,0,0,0.60107,0.39112,0.00781
38489966,2,2,0.00113,0.00717,0.99171
23149904,2,2,0.01171,0.14127,0.84702
16874432,0,0,0.75261,0.23682,0.01057
13116188,2,2,0.00093,0.00546,0.9936
24593379,2,2,0.00202,0.01404,0.98394
36481050,1,1,0.06907,0.83817,0.09276
19208916,2,2,0.00184,0.01563,0.98253
17951102,2,2,0.00103,0.00382,0.99515
38322315,2,2,0.00956,0.05951,0.93092
28758851,2,2,0.00483,0.08886,0.9063
21816786,1,0,0.52944,0.45999,0.01057
2885373,2,2,0.00147,0.0083,0.99023
10184889,2,2,0.00177,0.00722,0.99101
23347836,2,1,0.08491,0.8526,0.06249
34576463,2,2,0.00138,0.0041,0.99452
33455820,2,2,0.00807,0.1288,0.86313
40341042,2,2,0.009,0.14238,0.84863
234398,2,2,0.00535,0.0215,0.97315
1490560,2,2,0.00111,0.00748,0.99141
35936039,2,2,0.00216,0.0083,0.98954
19052058,2,2,0.00115,0.00551,0.99335
1955082,2,2,0.00248,0.01355,0.98397
34368433,1,1,0.33891,0.62579,0.0353
5197090,2,2,0.00127,0.00787,0.99086
33242151,2,2,0.00242,0.00792,0.98967
14488646,2,2,0.00096,0.00628,0.99275
11956897,2,2,0.00576,0.02561,0.96863
33396354,2,2,0.00329,0.02587,0.97084
1100217,2,2,0.00094,0.00429,0.99477
10153228,0,0,0.9808,0.01765,0.00155
16320079,2,2,0.00094,0.00513,0.99393
23757055,0,0,0.9853,0.01152,0.00319
29332873,2,2,0.00093,0.006,0.99307
6180602,2,2,0.00113,0.00362,0.99525
11055264,0,1,0.20032,0.64522,0.15446
21752063,0,1,0.21467,0.76106,0.02427
7600412,2,1,0.03573,0.7821,0.18217
37934422,0,1,0.33271,0.62892,0.03836
14517923,0,0,0.98323,0.01333,0.00344
22750910,2,2,0.00118,0.00831,0.99052
14464608,2,1,0.02923,0.53451,0.43626
39882683,2,2,0.0016,0.01552,0.98288
19117877,2,2,0.00109,0.00926,0.98965
40760760,0,0,0.90483,0.09136,0.00382
3246332,2,2,0.00153,0.01093,0.98754
9721062,2,1,0.05633,0.84412,0.09954
19317688,1,1,0.0587,0.89699,0.04431
12237328,0,0,0.97921,0.01836,0.00243
33435745,2,2,0.00098,0.00391,0.99511
1267365,2,1,0.0296,0.83203,0.13837
8069048,2,2,0.23098,0.21762,0.5514
22615494,2,0,0.64391,0.34198,0.01412
34290503,2,1,0.04768,0.78162,0.1707
19232121,0,0,0.97876,0.01935,0.00189
1061175,0,1,0.0896,0.87538,0.03502
6468769,2,2,0.0022,0.02169,0.97611
33746542,0,0,0.92613,0.06836,0.00551
26907738,2,2,0.00152,0.00335,0.99514
33105794,0,0,0.6756,0.20746,0.11694
38853462,2,2,0.00127,0.01028,0.98845
15766276,2,2,0.00185,0.02611,0.97205
14299736,2,2,0.00264,0.01096,0.9864
12384193,2,2,0.00188,0.00711,0.99101
25612754,2,2,0.00095,0.00648,0.99257
28863773,2,2,0.00185,0.00947,0.98868
31676412,2,2,0.00091,0.00391,0.99518
11895005,0,2,0.00435,0.01228,0.98337
705960,2,2,0.00124,0.0059,0.99286
23826785,2,2,0.00284,0.03375,0.96342
17162181,2,2,0.00324,0.02453,0.97223
19813672,2,0,0.63365,0.2657,0.10065
29138590,2,2,0.00111,0.00787,0.99102
27873971,2,2,0.00124,0.00388,0.99488
1304332,2,2,0.04949,0.08002,0.87048
18104049,2,2,0.00127,0.00799,0.99074
37728826,2,2,0.00111,0.00385,0.99504
35778566,0,1,0.24398,0.73698,0.01904
6311751,2,1,0.16003,0.8159,0.02407
7316455,2,1,0.08664,0.62536,0.288
22790135,2,0,0.72438,0.24839,0.02722
4275150,0,0,0.93561,0.06141,0.00298
14191571,2,2,0.00152,0.00577,0.99272
39682058,2,2,0.00166,0.01118,0.98716
39887015,2,2,0.00118,0.00475,0.99407
23536110,0,0,0.98101,0.01688,0.00211
30197385,2,2,0.00242,0.00513,0.99245
24817644,0,0,0.74909,0.2451,0.00581
16343594,2,2,0.00288,0.0328,0.96431
25000145,0,0,0.76497,0.22524,0.00978
28249315,2,2,0.00111,0.00494,0.99395
39939872,2,2,0.00127,0.00805,0.99067
37320679,0,0,0.98148,0.01663,0.00189
13886362,2,2,0.00149,0.00805,0.99046
20431153,2,2,0.00183,0.01887,0.9793
31549597,2,1,0.01732,0.67075,0.31193
8837170,2,2,0.00234,0.00896,0.9887
12683491,2,2,0.0014,0.00468,0.99392
11673817,2,2,0.00448,0.0589,0.93662
35987368,2,2,0.00098,0.0044,0.99462
16903726,2,2,0.00422,0.05528,0.9405
26273246,2,2,0.00139,0.01123,0.98738
40955730,2,2,0.00226,0.01051,0.98723
38445477,2,2,0.00192,0.01675,0.98132
16436991,2,2,0.00385,0.03923,0.95692
20693587,2,2,0.00995,0.05181,0.93825
8075642,2,2,0.00118,0.00837,0.99045
23862339,0,0,0.97541,0.02189,0.0027
15938944,2,2,0.0043,0.05204,0.94366
33387967,2,2,0.00203,0.02581,0.97216
37741130,2,2,0.06509,0.18418,0.75073
9050596,1,0,0.6749,0.29832,0.02679
38626103,2,2,0.01067,0.20532,0.78401
14685561,2,2,0.00137,0.01213,0.9865
37540586,2,2,0.01239,0.07704,0.91057
142130,2,2,0.001,0.00388,0.99512
35585456,1,1,0.21199,0.74864,0.03937
10476360,2,2,0.00126,0.00684,0.9919
38811642,2,2,0.00092,0.0049,0.99418
13339914,2,2,0.00132,0.00498,0.99371
6945821,2,2,0.00147,0.00706,0.99148
21388229,2,1,0.11457,0.80622,0.07921
20510629,2,2,0.00126,0.00468,0.99407
7578346,0,0,0.81723,0.17536,0.00741
6722158,2,2,0.00151,0.00793,0.99056
31358877,2,2,0.00138,0.00653,0.99209
35585513,0,0,0.98533,0.01255,0.00212
37326105,2,2,0.00238,0.02103,0.97658
33836344,2,2,0.00116,0.00874,0.99011
24264570,2,2,0.00114,0.00944,0.98942
27226186,2,2,0.00095,0.00475,0.9943
29798495,2,1,0.15459,0.56657,0.27884
4182403,2,2,0.00818,0.06064,0.93117
4167068,2,2,0.0012,0.00382,0.99498
4475770,2,2,0.00129,0.00757,0.99114
21694430,2,2,0.00194,0.00756,0.9905
15928427,2,0,0.97262,0.02243,0.00495
18678600,2,2,0.00191,0.0075,0.99058
24533007,2,2,0.00199,0.01516,0.98285
19968365,2,2,0.00159,0.00668,0.99173
12440898,2,2,0.00257,0.02214,0.97528
23144238,2,2,0.06021,0.3124,0.62739
31746186,2,2,0.0019,0.01493,0.98317
7937763,2,1,0.2361,0.66605,0.09785
10138123,2,2,0.00182,0.01092,0.98726
18340741,2,2,0.00275,0.00378,0.99347
27114602,1,1,0.11784,0.86061,0.02154
5561713,0,0,0.98396,0.01437,0.00168
3742600,0,2,0.3079,0.301,0.3911
22520515,2,2,0.00106,0.00391,0.99503
5633769,2,2,0.00156,0.00728,0.99116
5834008,0,0,0.98213,0.016,0.00187
16714101,2,2,0.00401,0.07314,0.92285
25291941,2,1,0.30483,0.67629,0.01889
23752964,2,2,0.00161,0.01076,0.98763
39030245,2,2,0.00091,0.00416,0.99493
6422273,2,2,0.00091,0.00453,0.99456
39251588,2,2,0.00127,0.00769,0.99104
14156772,2,2,0.00089,0.0042,0.99491
41343349,0,0,0.58579,0.40261,0.0116
16745777,2,2,0.02746,0.42954,0.543
5898169,1,1,0.05594,0.83831,0.10575
29104399,2,2,0.00228,0.00391,0.99382
36992485,2,2,0.00498,0.03164,0.96338
4317480,2,2,0.00089,0.00586,0.99325
21749510,2,2,0.00146,0.00904,0.98949
24147592,2,2,0.00233,0.02655,0.97112
29744510,0,0,0.74975,0.22336,0.02689
35884357,2,2,0.02177,0.0307,0.94754
7309128,2,2,0.00144,0.00811,0.99044
4093116,0,0,0.92994,0.0671,0.00296
5438181,0,0,0.81815,0.17488,0.00697
3509200,2,2,0.00142,0.01004,0.98854
6477601,2,2,0.00111,0.00623,0.99266
13639776,2,2,0.00103,0.00446,0.99451
14661836,0,0,0.78426,0.14721,0.06853
29322260,2,2,0.00204,0.0222,0.97576
7792279,2,2,0.00461,0.0299,0.96548
28531964,2,1,0.28508,0.3926,0.32231
40119309,2,1,0.04652,0.90218,0.0513
5766965,2,2,0.00138,0.00818,0.99045
33955489,2,2,0.00204,0.00567,0.99229
3125011,2,1,0.06267,0.88559,0.05175
6447358,2,2,0.00123,0.0104,0.98837
27359159,0,0,0.48698,0.45038,0.06264
41407098,2,2,0.00145,0.0182,0.98035
18589765,2,2,0.30444,0.20919,0.48637
9989166,2,2,0.00125,0.00787,0.99088
14961079,1,2,0.14089,0.10929,0.74982
12869147,2,2,0.00092,0.00542,0.99366
11954594,2,2,0.00103,0.0045,0.99447
9591779,2,2,0.00101,0.00457,0.99442
23293454,1,1,0.38977,0.58512,0.02511
27751720,2,2,0.00155,0.0154,0.98305
32561578,0,0,0.92816,0.06394,0.00791
10043929,2,2,0.00298,0.01686,0.98016
38780801,2,2,0.00371,0.06047,0.93582
16246106,2,2,0.0248,0.33569,0.63952
26699134,0,0,0.98832,0.00992,0.00176
603186,2,2,0.00529,0.01852,0.9762
7497764,1,1,0.03846,0.69247,0.26907
9704320,2,1,0.39255,0.59857,0.00888
41136186,2,2,0.0019,0.01361,0.98449
28921375,2,2,0.00112,0.00847,0.99041
17888833,2,2,0.10822,0.22102,0.67076
35661678,2,2,0.00114,0.00884,0.99002
15954447,2,2,0.00745,0.13108,0.86146
14665912,2,2,0.00128,0.00555,0.99318
4365011,2,2,0.00123,0.01145,0.98732
12784516,0,0,0.80203,0.19124,0.00673
33350371,0,0,0.80987,0.18644,0.00369
10068595,1,0,0.88836,0.1061,0.00554
21368535,2,2,0.00116,0.00619,0.99265
31125017,2,2,0.00176,0.01335,0.98489
21394216,0,0,0.83994,0.15598,0.00408
33794940,2,2,0.00254,0.01997,0.97749
887854,2,2,0.00142,0.01181,0.98678
27024396,2,2,0.00148,0.01106,0.98746
35982336,2,2,0.00133,0.0114,0.98727
5009006,2,2,0.00664,0.03757,0.95579
32820562,2,2,0.00098,0.00436,0.99466
34948869,0,0,0.98707,0.00902,0.00391
33289725,2,2,0.00174,0.00745,0.99081
35235354,2,2,0.03083,0.25072,0.71844
17578228,0,0,0.98371,0.01476,0.00153
38468318,2,2,0.0225,0.44496,0.53254
19283864,2,2,0.00116,0.00915,0.98969
14634488,2,1,0.02595,0.69062,0.28343
5872003,2,2,0.00152,0.00439,0.99409
25926991,2,2,0.00096,0.00604,0.99299
35685249,2,2,0.00285,0.03019,0.96697
11082359,0,0,0.88319,0.11272,0.00409
20264548,0,0,0.83663,0.15905,0.00432
24007708,2,2,0.00118,0.00555,0.99327
11041563,2,2,0.00108,0.00546,0.99346
5978344,2,2,0.00108,0.00505,0.99387
15704918,0,0,0.98591,0.01203,0.00206
3483731,2,2,0.11212,0.04637,0.84151
21702913,2,2,0.00217,0.00581,0.99202
26674566,0,0,0.81272,0.17853,0.00875
30862993,2,2,0.005,0.02745,0.96755
31217073,0,0,0.93707,0.0599,0.00303
33412496,2,2,0.00184,0.01285,0.98531
33028398,2,2,0.00107,0.00679,0.99214
23538574,2,1,0.06603,0.89736,0.03661
5319551,2,2,0.00635,0.00574,0.98791
21014838,2,2,0.00716,0.01806,0.97478
32699501,2,2,0.00136,0.00498,0.99366
23897504,2,2,0.00184,0.01528,0.98288
4424821,2,1,0.12941,0.85716,0.01343
14915379,0,0,0.93687,0.05873,0.00441
32813778,2,2,0.00134,0.00663,0.99203
20540226,2,2,0.00671,0.02803,0.96526
481886,2,2,0.00363,0.02073,0.97564
12593750,2,2,0.00207,0.00567,0.99225
15251781,0,0,0.89577,0.09953,0.0047
28834927,1,2,0.00857,0.15734,0.8341
5942104,2,2,0.00108,0.00509,0.99383
23946521,2,2,0.00189,0.02045,0.97766
1299875,2,2,0.00094,0.00416,0.9949
10753460,2,2,0.07535,0.13644,0.78822
22984057,1,1,0.24659,0.74196,0.01144
28683817,2,2,0.00833,0.08734,0.90433
31599078,1,2,0.06468,0.11919,0.81613
11572212,2,2,0.00175,0.01721,0.98104
15604752,0,1,0.48153,0.49681,0.02166
29620944,2,2,0.00529,0.10465,0.89005
36384607,2,2,0.00268,0.02669,0.97063
40107553,2,2,0.00138,0.00763,0.991
25109075,2,2,0.00749,0.05675,0.93576
13765112,2,2,0.01689,0.0165,0.9666
1694508,2,2,0.00118,0.00604,0.99278
15433047,2,2,0.0062,0.00665,0.98715
36066911,2,1,0.04322,0.85803,0.09874
6910315,2,2,0.00109,0.0069,0.99201
2484388,0,0,0.95464,0.04276,0.0026
6009414,2,2,0.00129,0.00837,0.99034
10423993,2,2,0.00096,0.00778,0.99126
18541862,2,2,0.00249,0.02249,0.97502
23780784,2,2,0.00158,0.01222,0.9862
41366272,0,0,0.94127,0.05664,0.00209
18641578,2,2,0.0028,0.02951,0.96769
39082038,2,2,0.00197,0.00947,0.98856
34164036,2,2,0.0014,0.00397,0.99462
39988300,2,2,0.01184,0.23232,0.75583
19828058,0,0,0.91258,0.08292,0.0045
32732300,2,2,0.01818,0.09214,0.88968
11068385,2,2,0.00184,0.01285,0.98531
3059637,2,2,0.00098,0.00479,0.99423
26387628,2,2,0.00201,0.00604,0.99196
32217508,0,0,0.7689,0.21185,0.01925
10141351,2,2,0.00181,0.0183,0.97989
26292356,2,2,0.00357,0.02272,0.97371
11227790,0,0,0.6738,0.3158,0.01039
828647,2,2,0.00138,0.00863,0.98999
35560638,0,0,0.78666,0.20844,0.0049
15356860,2,2,0.00109,0.00722,0.99168
36844542,2,2,0.00178,0.01688,0.98134
31301795,0,0,0.9336,0.06328,0.00311
41018739,2,2,0.00255,0.01661,0.98084
17327626,2,2,0.00103,0.00591,0.99307
15537424,2,2,0.04974,0.10245,0.84781
15911482,2,2,0.00359,0.03097,0.96543
14185512,2,2,0.00118,0.01048,0.98835
6577095,2,2,0.00207,0.02258,0.97535
3596136,0,0,0.98822,0.00816,0.00362
15928426,0,0,0.95882,0.03911,0.00206
18168955,2,2,0.00089,0.00479,0.99432
22724542,1,2,0.00408,0.02843,0.96749
15842221,0,0,0.90848,0.08787,0.00366
13520531,2,2,0.00103,0.00568,0.99329
35433774,1,0,0.83006,0.16154,0.0084
13960011,0,0,0.68246,0.30402,0.01352
7728898,2,2,0.00116,0.00423,0.99461
26607777,2,2,0.00158,0.00843,0.98998
34565662,2,2,0.00147,0.00757,0.99097
20538291,2,2,0.00101,0.00397,0.99502
38063420,0,0,0.9868,0.01167,0.00153
20528703,2,2,0.00265,0.02372,0.97363
25895762,2,2,0.0031,0.00829,0.98861
36490206,2,2,0.00527,0.02118,0.97355
28601955,2,1,0.02886,0.90482,0.06632
21459341,2,2,0.03065,0.05954,0.90981
4344622,2,2,0.00128,0.00638,0.99234
19361884,2,2,0.0012,0.00376,0.99504
41289921,0,0,0.90228,0.09235,0.00537
27367962,2,2,0.00136,0.00365,0.99499
25007517,2,2,0.00401,0.01428,0.98171
18308964,0,0,0.98861,0.00954,0.00185
19680738,0,0,0.98699,0.01114,0.00188
40149411,2,2,0.00096,0.00609,0.99294
26797845,0,0,0.92098,0.07575,0.00327
13461429,2,2,0.00729,0.02352,0.9692
14006192,2,2,0.0012,0.00382,0.99498
24641317,2,2,0.00114,0.01167,0.98719
4665566,2,2,0.00597,0.01265,0.98138
36310099,1,0,0.8939,0.10227,0.00383
16311896,2,2,0.00195,0.00505,0.993
11669494,1,0,0.50114,0.37314,0.12572
3262312,0,0,0.98882,0.00849,0.00269
12953188,2,2,0.00217,0.004,0.99383
33544945,0,2,0.05505,0.11034,0.83461
11142638,0,0,0.83348,0.16221,0.00431
32499139,2,2,0.00103,0.00391,0.99506
28345334,2,2,0.03531,0.37669,0.588
41105015,0,0,0.77755,0.2134,0.00905
15465360,0,0,0.70942,0.28219,0.00839
26453660,2,2,0.0012,0.00937,0.98944
24023757,2,2,0.02621,0.07839,0.8954
3276692,1,1,0.02578,0.88078,0.09344
37108252,2,2,0.00089,0.00518,0.99393
22498566,2,2,0.16019,0.25386,0.58595
585429,2,2,0.00311,0.01835,0.97854
1708267,1,1,0.32121,0.66946,0.00933
15205730,2,2,0.00213,0.01084,0.98704
32481645,0,0,0.90226,0.09399,0.00375
33030631,2,2,0.00521,0.10558,0.88921
29790520,2,2,0.0173,0.19956,0.78314
1597045,2,2,0.002,0.01118,0.98682
19870960,2,2,0.00156,0.01023,0.98821
11093029,2,2,0.00169,0.00379,0.99452
18063931,2,1,0.15982,0.80375,0.03644
35268200,0,1,0.20627,0.78149,0.01224
4560592,0,0,0.81193,0.17905,0.00902
1568267,1,1,0.06359,0.91097,0.02544
3901232,2,2,0.00109,0.00367,0.99523
14789340,2,2,0.00407,0.01428,0.98165
8581472,2,2,0.00119,0.00962,0.98918
38337948,2,2,0.00305,0.02501,0.97195
31594283,2,2,0.00514,0.01443,0.98043
30112716,2,2,0.00109,0.00551,0.9934
23460091,2,2,0.00307,0.01773,0.97921
3634316,2,2,0.00111,0.00796,0.99093
15786021,2,2,0.00128,0.00416,0.99456
36389580,0,0,0.88941,0.10748,0.00311
15271542,2,2,0.00525,0.00936,0.98538
36724653,1,1,0.09206,0.87721,0.03073
35046756,2,2,0.04422,0.02866,0.92712
34845670,0,0,0.86862,0.1276,0.00378
6268836,2,2,0.00198,0.00554,0.99248
23200002,0,0,0.96133,0.03681,0.00186
12626984,2,1,0.05698,0.91252,0.0305
22566983,2,2,0.0018,0.00817,0.99003
5563608,2,2,0.00328,0.0122,0.98452
26063757,2,2,0.0016,0.01399,0.98441
11538652,0,0,0.82507,0.16438,0.01055
27354356,0,0,0.96759,0.03009,0.00232
10711848,2,2,0.00096,0.00633,0.9927
10583216,2,2,0.00371,0.05848,0.93781
18840866,2,2,0.00353,0.03157,0.9649
9315935,2,2,0.00334,0.04167,0.95499
29920489,2,2,0.00172,0.00643,0.99186
18161394,2,2,0.00098,0.0053,0.99372
37997139,2,2,0.00206,0.00925,0.98869
35403995,2,2,0.00169,0.00856,0.98975
32996303,2,2,0.00109,0.00784,0.99107
39400071,2,2,0.00094,0.00394,0.99512
39585063,2,2,0.04403,0.18757,0.7684
3595213,2,2,0.00118,0.00475,0.99407
31314862,2,2,0.00153,0.00908,0.98939
5034107,2,2,0.00102,0.00731,0.99167
22882148,0,0,0.54252,0.43935,0.01813
30410988,2,2,0.00138,0.00559,0.99303
32109873,2,2,0.00091,0.00586,0.99323
24345408,2,2,0.00109,0.00513,0.99377
3420740,2,2,0.00137,0.01119,0.98744
4282875,2,2,0.00147,0.00429,0.99424
24687747,2,0,0.87168,0.11401,0.01431
21017670,2,2,0.00312,0.01661,0.98028
36303006,2,2,0.01066,0.02213,0.96721
16267782,2,2,0.00202,0.01356,0.98442
22156325,2,2,0.00957,0.07345,0.91698
15967257,2,2,0.00101,0.00419,0.99479
30215226,2,2,0.00153,0.01131,0.98715
21455304,2,2,0.01325,0.10736,0.87939
828021,2,1,0.0665,0.84574,0.08776
3153608,2,1,0.09281,0.82399,0.0832
13504425,2,2,0.00139,0.01149,0.98711
15905480,2,2,0.00158,0.0128,0.98562
5654869,2,2,0.00219,0.02635,0.97146
14112401,2,2,0.00469,0.04324,0.95206
3757119,2,2,0.00739,0.01666,0.97595
19317077,2,2,0.00324,0.02472,0.97204
31186264,0,0,0.97908,0.01935,0.00157
32044832,2,2,0.01806,0.30426,0.67768
9618293,0,0,0.68501,0.29926,0.01574
13062865,2,2,0.00113,0.00351,0.99536
20433439,2,2,0.00149,0.0049,0.99361
36192437,2,2,0.00166,0.02424,0.9741
22534149,1,1,0.4301,0.53947,0.03043
6134176,2,2,0.00409,0.02595,0.96996
5864437,0,0,0.85205,0.14184,0.00611
16686215,2,1,0.02472,0.90621,0.06907
37516703,2,2,0.00722,0.09048,0.9023
22918062,1,2,0.00473,0.09473,0.90054
35519870,2,2,0.00282,0.00896,0.98822
4965382,1,2,0.01369,0.2729,0.7134
5985552,0,0,0.94995,0.04781,0.00225
33286883,0,1,0.43364,0.54391,0.02245
349058,2,2,0.00322,0.04533,0.95144
27596359,0,0,0.9372,0.05991,0.00289
2116257,2,0,0.70573,0.22601,0.06826
21565413,2,0,0.44336,0.25311,0.30353
24744219,0,0,0.51878,0.46141,0.0198
6170407,1,1,0.0586,0.90781,0.03359
9637949,0,0,0.97339,0.02461,0.002
11336614,0,0,0.92144,0.07534,0.00322
13811493,2,2,0.00689,0.03261,0.9605
4716616,2,2,0.00298,0.01509,0.98193
13710977,0,0,0.69283,0.29222,0.01495
32360546,2,2,0.00511,0.06587,0.92902
15608967,2,2,0.00122,0.00385,0.99493
35748485,0,0,0.9744,0.02369,0.00191
25860442,2,2,0.00091,0.00614,0.99296
34328727,0,0,0.98656,0.01144,0.002
31785983,2,2,0.00165,0.01516,0.98319
18544088,2,2,0.00138,0.00388,0.99474
12401791,2,2,0.00136,0.00706,0.99159
25839549,1,0,0.6098,0.37276,0.01743
20234179,2,2,0.00367,0.04089,0.95544
8457225,2,2,0.00641,0.09953,0.89406
26109686,1,0,0.92679,0.06954,0.00367
15844315,2,2,0.00129,0.01072,0.98799
7430084,0,0,0.87642,0.11861,0.00497
2025530,2,2,0.00551,0.02268,0.97181
319574,1,1,0.15757,0.81122,0.03121
12135599,1,0,0.7975,0.19391,0.00859
35058672,0,0,0.86725,0.12691,0.00584
29796431,2,2,0.13889,0.31606,0.54505
8343027,0,0,0.88026,0.1139,0.00584
8395264,2,2,0.00153,0.00954,0.98892
19088209,2,2,0.00098,0.00757,0.99145
30731502,2,2,0.00103,0.00494,0.99403
37407619,2,2,0.00797,0.12642,0.86561
26420345,2,2,0.00116,0.00581,0.99302
5200829,2,2,0.00184,0.01415,0.98401
30184726,2,2,0.00174,0.00638,0.99188
37678591,0,0,0.98305,0.0147,0.00225
31127165,2,2,0.00192,0.01894,0.97914
34083555,2,2,0.00167,0.00494,0.9934
26498483,2,2,0.0012,0.00811,0.99069
11415327,2,2,0.00118,0.01056,0.98827
8532095,2,2,0.00173,0.01285,0.98542
2386668,0,0,0.84277,0.15288,0.00435
17784894,2,2,0.00087,0.00391,0.99522
25779744,0,0,0.95607,0.04116,0.00277
4168152,2,2,0.00747,0.02909,0.96344
32858034,1,1,0.28712,0.68607,0.02681
19218339,2,2,0.00318,0.01202,0.9848
29325271,2,2,0.00205,0.01747,0.98048
9215460,0,1,0.40833,0.56031,0.03136
6123911,0,0,0.63476,0.35055,0.0147
39124396,2,2,0.00093,0.00538,0.99369
31397712,2,2,0.00115,0.00538,0.99348
22067675,0,0,0.93913,0.0552,0.00567
10111361,2,1,0.03522,0.72412,0.24066
5394155,2,2,0.00198,0.00505,0.99297
18280638,2,2,0.00148,0.01426,0.98426
36979448,2,2,0.00283,0.03687,0.9603
32212756,1,2,0.00118,0.00769,0.99113
28722083,2,2,0.00471,0.03908,0.9562
7810889,2,2,0.00189,0.00581,0.99231
34637416,2,2,0.00104,0.00898,0.98998
24958443,2,2,0.00111,0.00674,0.99215
37770339,2,2,0.00501,0.02477,0.97022
34102640,2,2,0.00824,0.03983,0.95193
17696967,2,2,0.00142,0.00658,0.992
1409879,2,2,0.00091,0.00457,0.99452
20336527,0,0,0.81252,0.18272,0.00476
29010662,0,0,0.89858,0.09564,0.00578
22977674,2,1,0.03799,0.92756,0.03445
35249392,2,2,0.0099,0.27395,0.71615
4475364,2,2,0.00089,0.00426,0.99485
27886246,2,2,0.00133,0.00988,0.98878
23039937,2,2,0.00223,0.02442,0.97335
34018302,2,2,0.32336,0.13826,0.53837
11980226,2,2,0.00312,0.03224,0.96464
39100003,2,2,0.00195,0.01823,0.97982
28443426,2,2,0.00277,0.02613,0.9711
12105253,2,2,0.02512,0.13641,0.83847
9452459,2,2,0.01348,0.0562,0.93032
27940236,2,2,0.0013,0.00457,0.99413
40115784,2,2,0.00339,0.04152,0.95509
25574292,0,0,0.5827,0.40679,0.01051
27645057,2,2,0.00092,0.00628,0.9928
20214551,2,2,0.00312,0.04727,0.94961
18039581,2,2,0.00097,0.0037,0.99533
18383643,2,1,0.40564,0.57653,0.01782
903840,0,0,0.98096,0.01735,0.0017
37021445,0,1,0.34963,0.6331,0.01727
21880157,1,0,0.84234,0.15102,0.00664
40022798,2,2,0.00097,0.00379,0.99524
20189114,0,0,0.83757,0.14813,0.0143
28893728,2,2,0.00136,0.007,0.99164
35619983,2,2,0.00152,0.00501,0.99347
35821824,2,2,0.00118,0.00407,0.99475
15755327,2,2,0.01418,0.08803,0.89779
38575061,2,1,0.37176,0.58487,0.04337
38090542,2,2,0.00094,0.00443,0.99463
28153116,2,2,0.12561,0.20851,0.66588
17953506,2,2,0.0015,0.01388,0.98462
30580798,2,2,0.0069,0.03105,0.96205
9745413,2,1,0.04344,0.92515,0.03141
8154746,0,0,0.95313,0.04475,0.00212
15531072,2,2,0.00217,0.00733,0.9905
25839925,2,2,0.00108,0.00494,0.99399
23840949,2,2,0.00106,0.00763,0.99132
22011786,0,0,0.98847,0.00977,0.00176
38565544,2,2,0.14585,0.15285,0.70129
18465418,2,2,0.00098,0.0041,0.99492
15000886,1,1,0.027,0.89418,0.07882
41101854,2,2,0.00396,0.04295,0.95309
30813243,2,2,0.00114,0.00663,0.99222
28822800,1,0,0.76068,0.23019,0.00914
40414540,2,2,0.00092,0.00577,0.99331
10069280,2,2,0.00134,0.00717,0.9915
21552906,2,2,0.00109,0.00453,0.99437
34370771,2,2,0.0013,0.00633,0.99237
4826883,0,0,0.98473,0.01367,0.0016
35318766,2,2,0.00146,0.00955,0.98899
28773205,1,1,0.25904,0.70139,0.03957
31855695,2,1,0.06912,0.82256,0.10832
36087688,1,0,0.50847,0.4666,0.02492
38978009,2,2,0.00366,0.01258,0.98376
41261032,0,0,0.61973,0.35036,0.02991
1999470,2,2,0.00234,0.02522,0.97245
18614765,2,2,0.00368,0.00732,0.989
5606751,1,0,0.79536,0.19876,0.00589
17393162,2,2,0.00237,0.01038,0.98724
2032568,2,2,0.00108,0.00379,0.99513
32171351,2,2,0.00211,0.01788,0.98001
38797321,2,2,0.00132,0.00722,0.99146
20644195,2,2,0.00122,0.00586,0.99292
5359671,2,2,0.00148,0.0111,0.98742
37850296,2,1,0.10113,0.59341,0.30546
37699353,0,0,0.84876,0.13482,0.01642
37924048,2,2,0.00299,0.02648,0.97053
16507211,1,0,0.67014,0.31903,0.01083
7085856,2,2,0.00113,0.00555,0.99332
38569327,2,2,0.00133,0.0111,0.98757
30539600,0,0,0.98677,0.0084,0.00483
24897704,2,2,0.00495,0.02151,0.97354
18260928,2,2,0.00094,0.00461,0.99446
16624661,2,1,0.2204,0.593,0.1866
18834633,2,2,0.00106,0.00433,0.99461
19870674,2,2,0.00686,0.09503,0.89811
34582233,2,2,0.00265,0.03965,0.95771
29017532,0,0,0.982,0.01647,0.00152
27491371,0,0,0.97477,0.02329,0.00194
5827161,2,1,0.40795,0.54681,0.04524
40520598,2,2,0.12561,0.20851,0.66588
33682912,2,2,0.00106,0.00443,0.99451
19848477,1,1,0.40687,0.52243,0.0707
7541864,2,2,0.00127,0.00739,0.99133
20600669,1,0,0.80108,0.19177,0.00715
13993006,1,1,0.42582,0.51163,0.06255
30432821,2,2,0.00158,0.00958,0.98884
32800453,2,2,0.01235,0.25292,0.73473
10600614,2,2,0.01022,0.05535,0.93443
22792924,0,0,0.97677,0.02129,0.00195
6236313,0,0,0.90084,0.04774,0.05142
36237901,0,0,0.89085,0.10557,0.00358
13020486,2,2,0.00197,0.00824,0.98979
10114888,2,2,0.00763,0.1102,0.88217
27429344,2,2,0.0024,0.01366,0.98394
38743757,0,0,0.93748,0.05958,0.00294
22245454,0,0,0.98809,0.00862,0.0033
18832872,2,2,0.01152,0.08726,0.90122
2468641,2,2,0.01672,0.34107,0.64221
28317992,2,2,0.03756,0.14034,0.8221
37830618,2,2,0.10897,0.03893,0.8521
21963520,2,2,0.00111,0.00674,0.99215
41083402,2,2,0.00177,0.02166,0.97657
5492298,0,0,0.96775,0.03003,0.00222
31073176,2,2,0.00097,0.00471,0.99432
6206464,2,2,0.02822,0.14064,0.83114
12144790,2,2,0.00227,0.00689,0.99084
21125558,2,2,0.00467,0.01867,0.97666
41045593,2,2,0.00877,0.1507,0.84053
29166586,0,0,0.72071,0.26826,0.01103
35763602,2,2,0.00103,0.00591,0.99307
30267405,2,2,0.00113,0.00614,0.99274
34847563,0,1,0.4171,0.57458,0.00832
29925153,2,2,0.00108,0.00546,0.99346
895440,2,2,0.00088,0.0053,0.99382
7711510,2,2,0.00241,0.01202,0.98557
31355305,2,2,0.00346,0.02307,0.97347
20044276,1,0,0.87912,0.11487,0.00602
34191884,2,0,0.89756,0.09685,0.00559
1175040,2,1,0.18717,0.79729,0.01554
25323258,2,2,0.00126,0.00577,0.99298
6720398,2,2,0.00321,0.03402,0.96277
34914204,1,1,0.34196,0.64893,0.00911
21033188,2,2,0.00184,0.01285,0.98531
40230313,2,2,0.00341,0.03536,0.96123
36982991,2,2,0.00124,0.00586,0.9929
36653208,2,2,0.01512,0.19113,0.79375
32850298,2,2,0.00348,0.01519,0.98132
18414744,2,1,0.05237,0.92284,0.02479
27179113,1,1,0.29944,0.68542,0.01514
102021,2,2,0.00179,0.01285,0.98537
25748576,2,2,0.00763,0.1102,0.88217
31634154,2,2,0.00159,0.00546,0.99295
37171092,2,2,0.00127,0.00802,0.99071
23178778,2,2,0.00449,0.08548,0.91004
32082170,0,0,0.96823,0.02993,0.00184
16994080,0,0,0.88423,0.10981,0.00596
28992805,1,1,0.07745,0.89248,0.03007
36263172,2,2,0.00154,0.00786,0.9906
36916918,2,2,0.00276,0.01329,0.98395
24288467,2,1,0.02067,0.56743,0.41191
12909122,2,2,0.01282,0.21851,0.76867
38612849,0,1,0.26898,0.626,0.10502
37281303,0,0,0.79198,0.2026,0.00542
40803566,2,2,0.00145,0.00563,0.99292
29257318,0,0,0.63326,0.35523,0.01151
21649838,2,2,0.00088,0.00573,0.9934
1495453,2,2,0.01217,0.24068,0.74715
27334615,2,2,0.00104,0.00802,0.99094
5540727,0,0,0.82625,0.16526,0.00849
16238297,2,2,0.00099,0.00586,0.99315
12348488,2,2,0.00108,0.0046,0.99432
37352615,2,2,0.00084,0.00526,0.99391
24916444,2,2,0.00109,0.00711,0.9918
26645716,0,0,0.88246,0.11441,0.00313
26210018,2,2,0.00312,0.03122,0.96565
11611767,1,1,0.26882,0.67845,0.05273
3957641,0,0,0.8189,0.17504,0.00606
5827559,2,2,0.00143,0.00505,0.99352
4796866,2,2,0.00157,0.01613,0.9823
29163383,2,1,0.06575,0.88491,0.04934
16652354,0,0,0.97892,0.01828,0.00279
34519598,2,2,0.00125,0.00944,0.98931
7407783,2,2,0.00169,0.0078,0.99051
5021629,2,2,0.00179,0.00911,0.9891
36151156,2,2,0.00742,0.02073,0.97185
35989557,2,2,0.00106,0.00638,0.99256
10529947,2,2,0.00204,0.00648,0.99149
13131962,2,2,0.00126,0.00429,0.99445
8470322,1,1,0.07195,0.90166,0.02639
16155072,2,2,0.00346,0.00699,0.98955
8229170,2,2,0.02248,0.03649,0.94103
36732989,0,0,0.88354,0.11189,0.00456
19497766,2,2,0.001,0.00513,0.99387
36887834,2,2,0.00799,0.03962,0.9524
27048436,0,1,0.13662,0.84514,0.01824
30985269,0,0,0.9861,0.01222,0.00168
32965821,2,2,0.12561,0.20851,0.66588
40386843,2,2,0.00736,0.00547,0.98717
10911746,2,2,0.00152,0.00453,0.99395
5402532,0,1,0.47002,0.51622,0.01376
7338163,2,1,0.189,0.70605,0.10495
16689352,0,0,0.97394,0.02424,0.00182
22589507,2,2,0.00095,0.00517,0.99388
39141163,2,2,0.00271,0.01623,0.98105
30566485,2,2,0.00236,0.01371,0.98393
12199888,0,0,0.97951,0.01866,0.00183
16533074,0,1,0.45904,0.52424,0.01672
3699714,0,0,0.75777,0.22575,0.01648
5657881,0,0,0.84202,0.15156,0.00643
12404606,2,2,0.00114,0.00711,0.99174
23698798,2,2,0.00402,0.01201,0.98397
26899331,2,2,0.02594,0.1218,0.85227
23983722,2,2,0.00088,0.00628,0.99284
21470102,2,2,0.00249,0.02236,0.97515
27894275,2,2,0.00239,0.01655,0.98105
5224338,0,0,0.98168,0.0166,0.00173
38660908,2,2,0.00511,0.06485,0.93003
36971487,2,2,0.00189,0.01802,0.98009
41378815,2,2,0.00103,0.00482,0.99415
19084239,2,2,0.00114,0.00648,0.99238
31997032,2,2,0.00088,0.00471,0.99441
40373581,0,0,0.92594,0.07016,0.0039
39196620,2,2,0.00241,0.01109,0.9865
28756110,2,2,0.00118,0.00416,0.99466
37160574,2,2,0.00229,0.01605,0.98166
17035416,2,2,0.00634,0.02345,0.97021
20134623,2,2,0.0017,0.01613,0.98218
18401996,2,2,0.00106,0.00362,0.99532
36771723,2,2,0.00136,0.0059,0.99274
30665120,2,2,0.03517,0.21292,0.75192
31380046,2,2,0.00243,0.03239,0.96518
34958115,2,2,0.00169,0.00705,0.99126
16040391,2,2,0.0075,0.08431,0.90819
37821794,2,2,0.00175,0.00482,0.99343
9540361,2,2,0.00101,0.00619,0.9928
20253263,1,0,0.51163,0.47689,0.01148
9545240,2,2,0.001,0.0045,0.99451
6964742,2,2,0.0025,0.02059,0.97691
8492622,2,2,0.00508,0.05591,0.939
34544763,2,2,0.03402,0.10217,0.86381
13291529,2,2,0.00097,0.00403,0.995
37245242,2,2,0.00136,0.01709,0.98155
486616,2,2,0.00111,0.00595,0.99294
20384435,2,2,0.00577,0.03817,0.95605
14362720,0,0,0.90008,0.09249,0.00743
2925471,2,2,0.0335,0.03222,0.93428
2477336,1,2,0.01129,0.07758,0.91113
36213650,0,0,0.90404,0.09308,0.00288
37349832,2,2,0.00085,0.00692,0.99223
29633382,2,2,0.00118,0.00643,0.99239
17759429,2,2,0.00129,0.01176,0.98695
11119646,2,2,0.00334,0.01078,0.98588
35188126,2,2,0.00149,0.01035,0.98816
38187369,2,2,0.00763,0.1102,0.88217
40363907,0,0,0.92058,0.07542,0.004
23015302,1,1,0.38966,0.58953,0.02081
15615162,2,2,0.00098,0.00423,0.99479
34353487,2,2,0.01924,0.09615,0.88461
26309151,0,0,0.98598,0.01217,0.00184
7189475,2,2,0.00093,0.00551,0.99356
32083349,1,1,0.29915,0.56548,0.13537
35954203,2,2,0.00179,0.01351,0.98471
6836534,2,2,0.00138,0.00446,0.99416
23763087,2,2,0.01669,0.39498,0.58833
2628424,2,2,0.00179,0.01088,0.98733
16476387,0,0,0.93937,0.05786,0.00277
8612849,2,2,0.00286,0.02435,0.97278
3998717,2,2,0.00111,0.00648,0.99241
39668005,2,2,0.00097,0.00413,0.9949
29480505,2,2,0.00113,0.00439,0.99448
26480468,2,2,0.0012,0.00609,0.99271
5220248,2,2,0.00394,0.04711,0.94895
35145620,0,0,0.81673,0.17663,0.00664
14584897,2,2,0.00113,0.00546,0.99341
4319658,1,1,0.06701,0.90188,0.0311
40264654,0,0,0.7849,0.20717,0.00794
37638778,1,1,0.24133,0.57328,0.18539
15537346,1,1,0.06031,0.47627,0.46342
29253995,0,0,0.81601,0.17306,0.01093
897006,0,0,0.90921,0.08624,0.00455
23507065,2,2,0.13987,0.04493,0.8152
8680946,2,2,0.00108,0.00502,0.99391
36550538,2,2,0.0012,0.00471,0.99409
37081279,2,1,0.4296,0.4868,0.08361
33060197,2,2,0.00258,0.03496,0.96247
26569986,2,2,0.0014,0.00811,0.99049
26152156,2,2,0.01299,0.03266,0.95435
6364974,2,2,0.00161,0.00546,0.99293
28233901,2,2,0.00868,0.13293,0.85839
33804540,0,0,0.91547,0.08157,0.00296
22997311,2,2,0.00222,0.01299,0.98479
7796910,2,2,0.00103,0.00568,0.99329
25817066,2,2,0.03271,0.3643,0.60298
2725686,2,2,0.00293,0.03171,0.96536
23472919,2,2,0.00183,0.00471,0.99346
26391546,2,2,0.00576,0.02591,0.96834
29774396,0,0,0.94794,0.04807,0.004
28185372,0,0,0.82253,0.17309,0.00438
12473563,2,2,0.00534,0.06783,0.92683
8493060,2,2,0.01715,0.15674,0.82611
25195025,0,0,0.9163,0.07753,0.00617
23219576,0,0,0.75771,0.2329,0.00939
13157235,0,1,0.46924,0.52347,0.00729
31534984,2,2,0.00089,0.00385,0.99526
20150473,0,0,0.64456,0.33439,0.02105
4102705,2,2,0.00085,0.00413,0.99502
40937486,2,2,0.00154,0.00663,0.99183
14863430,2,2,0.00697,0.10856,0.88447
28088397,2,2,0.03197,0.38794,0.58009
37502633,2,2,0.00149,0.00623,0.99228
19288952,2,2,0.00117,0.01145,0.98738
25318319,0,0,0.90852,0.08753,0.00395
17236846,2,2,0.00725,0.02073,0.97202
35655743,0,0,0.89507,0.10121,0.00372
34260039,2,2,0.00103,0.00388,0.99509
218902,2,2,0.0042,0.01422,0.98157
33610957,2,2,0.00128,0.007,0.99172
31339997,2,2,0.00194,0.01092,0.98714
28324399,2,2,0.00084,0.0051,0.99407
13101544,2,2,0.00118,0.00439,0.99442
19624977,2,2,0.00091,0.00403,0.99506
7518022,2,2,0.00224,0.02112,0.97664
4769195,2,2,0.00336,0.01965,0.97698
38681406,2,2,0.00118,0.00633,0.99249
3402651,1,2,0.01481,0.47529,0.50991
34262702,0,0,0.75708,0.23637,0.00655
24884081,2,2,0.00384,0.04193,0.95423
25174845,2,2,0.00177,0.0089,0.98933
14089421,2,2,0.01222,0.11754,0.87024
17875209,0,0,0.58545,0.39305,0.02149
578409,0,0,0.91179,0.08498,0.00324
38288996,0,0,0.59469,0.39307,0.01225
24990833,2,2,0.00346,0.03596,0.96058
41488139,2,2,0.00657,0.01126,0.98218
3117259,1,1,0.03219,0.79847,0.16934
5578699,0,0,0.58287,0.38526,0.03187
8702818,0,0,0.98601,0.01217,0.00182
2427479,2,2,0.00126,0.00475,0.99399
35212669,2,2,0.00209,0.01126,0.98664
37125639,2,2,0.00213,0.00798,0.98989
30568512,1,0,0.90057,0.09492,0.00451
36223301,1,0,0.58165,0.40924,0.00911
28109894,2,2,0.00182,0.01072,0.98747
21301307,2,2,0.00106,0.00413,0.99481
23699525,2,2,0.00089,0.00522,0.99389
14909199,2,2,0.00201,0.0055,0.99249
8825402,2,2,0.01359,0.24462,0.7418
25641840,2,2,0.00921,0.05175,0.93904
21031209,2,2,0.00118,0.00419,0.99462
8643804,2,2,0.01253,0.01547,0.97201
12032657,1,0,0.85028,0.1449,0.00482
23652262,2,2,0.00231,0.02157,0.97613
39560411,1,0,0.85294,0.1387,0.00836
36986987,2,2,0.00888,0.05677,0.93435
30443448,0,0,0.67201,0.29704,0.03094
30165985,2,2,0.00101,0.00572,0.99327
27375154,2,2,0.00128,0.00471,0.99401
4086064,2,2,0.00612,0.05709,0.93679
41425939,0,0,0.59384,0.38945,0.01671
2023699,2,2,0.00308,0.01349,0.98343
18770804,2,2,0.00191,0.00733,0.99076
26945538,0,0,0.67175,0.31117,0.01708
27954629,2,2,0.00092,0.00436,0.99472
26241697,2,2,0.00148,0.0128,0.98572
17675250,0,0,0.96937,0.02851,0.00212
31278031,2,2,0.00106,0.00684,0.9921
3191831,0,1,0.06407,0.87759,0.05834
22634243,0,1,0.33746,0.57968,0.08286
16360906,2,2,0.00455,0.02767,0.96778
18222100,2,2,0.01105,0.08312,0.90583
34594169,2,2,0.00103,0.00388,0.99509
24267644,2,2,0.00133,0.01089,0.98778
24284762,2,1,0.0356,0.82946,0.13494
14154186,2,2,0.0583,0.17978,0.76192
38004032,1,2,0.22019,0.35951,0.4203
13804839,2,2,0.00217,0.02173,0.9761
14804920,2,2,0.00115,0.00471,0.99414
29821504,0,0,0.97804,0.01975,0.00221
10117169,2,2,0.00934,0.12326,0.8674
4330461,2,2,0.00087,0.00498,0.99416
28937528,2,0,0.62361,0.36375,0.01264
4544083,2,2,0.0012,0.00365,0.99515
39251612,2,2,0.00134,0.00534,0.99333
22263616,0,0,0.96447,0.03378,0.00175
9641859,2,2,0.00089,0.00628,0.99282
24626138,2,2,0.0016,0.01476,0.98364
35581243,2,0,0.68538,0.29135,0.02327
27664861,2,2,0.00133,0.00929,0.98938
22244964,2,2,0.00401,0.02987,0.96612
29571671,2,2,0.00339,0.01211,0.98451
1845799,0,0,0.8756,0.11621,0.00819
16284909,2,2,0.00554,0.04859,0.94588
7919345,1,1,0.03052,0.88504,0.08444
5905194,2,2,0.00157,0.01488,0.98355
30321550,2,2,0.00113,0.00568,0.99319
37339606,0,1,0.46304,0.52061,0.01635
18629266,2,2,0.00136,0.00471,0.99393
32468770,2,2,0.00186,0.02101,0.97714
20561289,2,1,0.08223,0.89167,0.0261
34664882,0,0,0.98134,0.01685,0.00181
38416327,2,2,0.00103,0.00568,0.99329
40503848,0,0,0.98752,0.01072,0.00176
8394759,2,2,0.01607,0.3165,0.66743
20517751,1,1,0.39684,0.54882,0.05434
3326119,2,2,0.0039,0.05563,0.94047
6998939,2,2,0.00359,0.06026,0.93615
41226199,2,2,0.00091,0.00483,0.99427
13261741,2,2,0.00089,0.00461,0.9945
11230961,2,2,0.001,0.00397,0.99503
28649631,2,1,0.02617,0.58174,0.39209
14347975,2,2,0.00156,0.00943,0.98901
5651013,2,2,0.00132,0.00643,0.99225
36308005,0,0,0.87492,0.12027,0.00481
35762015,2,2,0.00095,0.00609,0.99296
40430242,0,1,0.34835,0.64071,0.01094
37233399,2,2,0.00103,0.00546,0.99351
20361365,2,2,0.0044,0.01602,0.97958
4695775,2,2,0.00237,0.02521,0.97241
17321868,2,2,0.00126,0.00604,0.9927
30832565,2,2,0.00157,0.01888,0.97956
13210926,0,0,0.78439,0.20542,0.01019
30073256,2,2,0.00088,0.00461,0.99452
2030220,2,2,0.00143,0.00521,0.99336
33609359,2,2,0.0134,0.28868,0.69793
2866127,2,2,0.01776,0.0642,0.91804
14221856,2,2,0.00107,0.00751,0.99142
14501937,0,0,0.57795,0.40033,0.02172
30132694,1,0,0.66595,0.3271,0.00695
32128103,2,2,0.01605,0.05858,0.92537
29521618,0,0,0.68444,0.3061,0.00946
10215649,2,2,0.01021,0.0113,0.97849
20209059,2,2,0.00277,0.01211,0.98512
24669062,1,1,0.09705,0.85491,0.04804
38239853,1,1,0.06618,0.88033,0.05349
23490195,2,2,0.0187,0.46384,0.51745
21224806,2,2,0.00124,0.00633,0.99243
24284921,2,2,0.00186,0.02117,0.97698
11840102,1,2,0.01198,0.32887,0.65916
36447430,2,2,0.0022,0.00976,0.98804
9004610,0,0,0.90663,0.09083,0.00255
29137721,2,2,0.00149,0.00733,0.99117
14139377,0,0,0.98956,0.00744,0.00301
18483877,1,0,0.76642,0.22479,0.00878
23485419,2,2,0.00268,0.02799,0.96933
1904203,2,0,0.8308,0.16106,0.00814
16261268,2,2,0.00355,0.02712,0.96932
18007593,2,2,0.00103,0.00376,0.99521
28574147,2,2,0.00108,0.006,0.99293
16055556,2,2,0.00266,0.02148,0.97587
5017603,2,2,0.00711,0.00942,0.98347
32892367,2,2,0.00237,0.02736,0.97027
17327453,2,2,0.0037,0.01641,0.97989
22913811,2,1,0.49072,0.49844,0.01084
23893493,2,2,0.00395,0.03038,0.96567
29734780,0,0,0.98384,0.0142,0.00196
29351432,2,2,0.0017,0.01594,0.98236
14860246,2,2,0.01745,0.3279,0.65466
16908942,0,0,0.97955,0.0184,0.00204
24145799,2,2,0.00328,0.02961,0.96712
453843,2,2,0.00129,0.00763,0.99108
20683682,0,0,0.92126,0.07503,0.00371
1746228,1,1,0.34481,0.64419,0.011
22568334,0,1,0.10365,0.80105,0.0953
25064714,0,0,0.97669,0.021,0.00231
32542440,2,2,0.00514,0.0304,0.96446
18838803,2,2,0.02162,0.11481,0.86357
38331162,2,0,0.92724,0.07039,0.00237
36668383,2,2,0.00142,0.01019,0.98839
41514304,0,1,0.17352,0.78069,0.0458
30504299,2,2,0.00206,0.00911,0.98883
1022856,2,2,0.00103,0.00684,0.99213
1878808,0,0,0.95687,0.04031,0.00282
35861249,2,2,0.001,0.00498,0.99403
32053495,2,2,0.00087,0.0042,0.99494
14981049,1,1,0.06267,0.88909,0.04824
13028106,0,0,0.90986,0.08681,0.00333
6363122,1,2,0.01554,0.45768,0.52678
16288648,0,0,0.61916,0.36684,0.014
34486900,2,2,0.00126,0.00429,0.99445
5950238,2,2,0.00136,0.00843,0.99021
27135733,2,0,0.69287,0.30034,0.00679
7971631,0,0,0.98932,0.00823,0.00245
37498852,2,2,0.00104,0.00436,0.9946
11782543,0,0,0.89929,0.09703,0.00368
30935289,2,2,0.00165,0.0118,0.98654
35604423,2,2,0.01376,0.42801,0.55823
22409792,2,2,0.00158,0.00817,0.99024
41099902,2,2,0.0015,0.00391,0.9946
15092127,2,2,0.00116,0.0106,0.98824
30854257,2,2,0.00126,0.00595,0.99279
18100430,2,2,0.00356,0.01029,0.98615
10996533,2,2,0.00189,0.01656,0.98154
25753837,2,2,0.00138,0.00471,0.99391
10952233,0,0,0.92097,0.0756,0.00343
39153798,2,2,0.00104,0.00439,0.99456
34718609,2,2,0.02734,0.26761,0.70505
16340846,2,1,0.14068,0.8215,0.03783
38445715,2,2,0.00095,0.00403,0.99501
24630576,2,2,0.00179,0.01167,0.98654
36263064,2,1,0.38887,0.53778,0.07335
40743522,2,2,0.00124,0.0049,0.99386
25907797,2,2,0.00099,0.00595,0.99305
15858833,2,2,0.00241,0.02669,0.9709
31152645,0,1,0.25834,0.72737,0.01429
3670210,2,2,0.00416,0.05435,0.94149
22617305,2,2,0.00619,0.04618,0.94763
32077120,2,2,0.00191,0.00969,0.9884
36548211,2,2,0.00254,0.01801,0.97945
6776846,2,2,0.00088,0.0049,0.99422
39904837,2,2,0.00287,0.03803,0.9591
16171208,0,0,0.55675,0.4336,0.00965
29031004,2,2,0.00118,0.00423,0.99459
35113817,2,0,0.95715,0.03162,0.01123
20875207,2,2,0.00818,0.04634,0.94548
4379564,2,2,0.0009,0.00669,0.99241
22982949,2,1,0.0386,0.86492,0.09647
14651217,2,2,0.0012,0.00394,0.99486
20459400,2,2,0.00168,0.01361,0.98471
36513366,0,0,0.98515,0.0132,0.00165
18087841,2,2,0.00083,0.0037,0.99547
11270932,2,2,0.00098,0.00464,0.99438
8189118,2,1,0.13174,0.83751,0.03075
24068977,2,2,0.00647,0.06238,0.93114
11768993,1,0,0.7069,0.28561,0.00749
5183176,0,0,0.97697,0.02108,0.00195
16317766,0,0,0.85338,0.1404,0.00622
29519186,2,2,0.00132,0.0045,0.99418
25941569,2,2,0.00202,0.0165,0.98149
33835200,2,2,0.00128,0.00416,0.99456
39827561,2,2,0.01174,0.1254,0.86285
27533947,2,2,0.00795,0.05901,0.93304
26278032,0,0,0.95345,0.04446,0.00209
24659524,2,2,0.00098,0.00407,0.99495
24706354,2,2,0.00142,0.01068,0.9879
29708749,2,2,0.00103,0.00509,0.99388
25098765,2,2,0.00189,0.01656,0.98154
14388391,2,1,0.04411,0.72879,0.2271
17453580,2,2,0.00125,0.01012,0.98863
19300889,0,0,0.96963,0.02841,0.00196
30738198,2,2,0.00131,0.01176,0.98693
18009233,2,2,0.11111,0.04677,0.84212
2884108,0,0,0.8866,0.10882,0.00458
8826663,2,2,0.00346,0.03661,0.95993
11097765,2,2,0.00238,0.00642,0.9912
19399775,2,2,0.00092,0.00648,0.9926
25588120,2,2,0.00164,0.01762,0.98074
1933167,2,2,0.00089,0.00619,0.99292
14019806,2,2,0.00275,0.01966,0.97759
3145500,2,2,0.00817,0.18443,0.8074
12296834,2,2,0.0267,0.28478,0.68852
29897592,0,1,0.47948,0.5025,0.01802
19640174,2,0,0.5378,0.35547,0.10673
25619820,2,2,0.00179,0.01372,0.9845
12425367,2,2,0.01325,0.24041,0.74634
30224043,2,2,0.00246,0.00572,0.99183
23236121,0,0,0.7326,0.25817,0.00922
32280492,2,2,0.00337,0.0187,0.97794
39900078,2,2,0.0017,0.01346,0.98484
5058927,2,2,0.0022,0.00976,0.98804
12917537,2,2,0.00165,0.01208,0.98627
28626266,2,2,0.00132,0.00525,0.99343
238909,0,0,0.91541,0.08014,0.00444
34533211,2,2,0.00284,0.01598,0.98117
38976948,0,0,0.93936,0.05792,0.00272
1026238,2,2,0.00111,0.00787,0.99102
2902793,2,2,0.00189,0.01656,0.98154
12839515,2,2,0.04746,0.40518,0.54736
34837232,0,0,0.98825,0.00835,0.0034
2241144,2,2,0.00528,0.04878,0.94594
35486196,2,2,0.01659,0.11257,0.87085
19408467,2,2,0.00123,0.01064,0.98813
40264674,2,2,0.001,0.00486,0.99414
20710750,0,0,0.93909,0.05676,0.00415
21031539,2,2,0.00148,0.01415,0.98437
38042138,1,0,0.96609,0.03176,0.00215
36819010,2,1,0.24975,0.72267,0.02759
33630506,2,2,0.0022,0.00976,0.98804
5551697,0,1,0.32439,0.66043,0.01517
40550880,2,2,0.04428,0.08018,0.87555
2944071,2,2,0.00098,0.00436,0.99466
37874120,2,2,0.00134,0.00379,0.99487
36917861,0,0,0.98148,0.01514,0.00338
30801745,0,0,0.8692,0.12571,0.00509
20188732,2,2,0.00114,0.00623,0.99262
6979758,2,2,0.00096,0.00614,0.9929
5368408,2,2,0.0251,0.0902,0.8847
16852622,2,2,0.00454,0.01495,0.98051
1186417,2,1,0.11448,0.85836,0.02716
24004752,2,2,0.00766,0.07864,0.9137
38744654,2,2,0.00939,0.24494,0.74567
39098884,0,0,0.77598,0.21887,0.00515
14773796,2,2,0.00474,0.01903,0.97623
2293868,1,0,0.98662,0.00874,0.00464
610546,1,2,0.00639,0.04574,0.94787
3803501,1,1,0.05009,0.87746,0.07245
33198935,0,0,0.83006,0.16538,0.00456
21533462,2,2,0.01486,0.36293,0.62221
19544528,2,2,0.00688,0.03361,0.95951
24557674,2,2,0.00089,0.00653,0.99258
8842459,2,2,0.00358,0.02049,0.97593
2462436,1,1,0.01366,0.53736,0.44898
24096171,2,2,0.01786,0.07317,0.90897
13465787,2,2,0.00108,0.00595,0.99297
14649199,2,2,0.00227,0.02096,0.97677
29061417,0,1,0.47189,0.51024,0.01787
35393504,0,0,0.98362,0.01371,0.00268
20420828,2,2,0.00123,0.00834,0.99043
59139,2,2,0.00603,0.05579,0.93817
15157882,2,1,0.05498,0.81752,0.1275
10794905,2,2,0.00162,0.00475,0.99364
21527958,2,2,0.01366,0.11408,0.87225
1998222,2,2,0.00103,0.00403,0.99494
39694819,0,0,0.98731,0.01084,0.00185
349821,2,2,0.00749,0.08552,0.90699
15159304,2,2,0.00118,0.00436,0.99446
3998272,2,2,0.0025,0.01982,0.97768
34411491,0,0,0.8818,0.11343,0.00477
28985391,2,2,0.00469,0.01286,0.98245
34319591,2,2,0.00135,0.0128,0.98585
15958170,2,2,0.00113,0.00653,0.99234
21439453,2,2,0.00209,0.02737,0.97054
16798714,2,2,0.04623,0.22491,0.72886
1897955,2,2,0.00134,0.00505,0.99361
3190306,2,2,0.0118,0.29155,0.69665
23338020,2,2,0.00218,0.01714,0.98068
7615903,2,2,0.00301,0.02019,0.97679
4968378,2,2,0.0125,0.02468,0.96282
24397360,1,0,0.96622,0.03197,0.00181
41246467,0,0,0.82024,0.17532,0.00444
28564963,1,0,0.78756,0.20868,0.00376
528938,2,2,0.00266,0.03366,0.96368
3255801,2,2,0.00249,0.02288,0.97463
27814807,2,2,0.00122,0.00376,0.99502
27490190,2,2,0.00146,0.00973,0.9888
3648407,2,2,0.00302,0.01766,0.97932
40816985,2,0,0.56933,0.41653,0.01414
14096259,2,2,0.00094,0.00413,0.99493
37769472,2,1,0.12508,0.76772,0.1072
8320520,2,2,0.00625,0.12259,0.87116
36674414,0,0,0.64445,0.28709,0.06846
16889732,2,2,0.0055,0.0984,0.8961
7830149,0,0,0.98783,0.00968,0.00249
40828450,2,2,0.00185,0.00745,0.9907
14265548,2,2,0.00181,0.01644,0.98176
6555937,0,0,0.96652,0.03178,0.0017
36328811,2,2,0.00287,0.03807,0.95906
24816954,0,0,0.91295,0.0836,0.00345
29382128,2,2,0.00124,0.0049,0.99386
4642001,2,2,0.0012,0.00604,0.99276
8466593,1,2,0.02879,0.10326,0.86796
19693472,2,2,0.00096,0.00534,0.9937
23933710,2,2,0.00108,0.00379,0.99513
31083470,0,0,0.79068,0.19528,0.01404
23625020,2,2,0.00246,0.02189,0.97565
13040976,1,0,0.5901,0.40241,0.00749
35619709,2,2,0.00268,0.01376,0.98356
11510114,2,2,0.00128,0.0046,0.99412
26093594,0,0,0.89744,0.09952,0.00304
17818249,2,2,0.00135,0.01213,0.98652
16942327,2,2,0.0014,0.00793,0.99067
35290730,2,2,0.00094,0.00426,0.9948
26800573,2,1,0.01458,0.59144,0.39398
1578110,2,2,0.00104,0.00464,0.99432
36651345,0,0,0.84903,0.14525,0.00572
22990072,2,2,0.0034,0.03837,0.95823
11739985,2,2,0.00406,0.01805,0.97789
18171502,2,2,0.00085,0.00494,0.99421
23133975,2,2,0.0012,0.00443,0.99437
29853878,2,2,0.00371,0.04493,0.95136
41217349,2,2,0.00257,0.00862,0.98881
28332350,2,2,0.00261,0.02427,0.97313
22785099,2,2,0.00917,0.04032,0.95051
7708093,2,2,0.00764,0.08119,0.91117
35840981,0,0,0.95205,0.04501,0.00294
25753242,2,2,0.00111,0.004,0.99489
8214002,2,2,0.00215,0.01606,0.9818
23283780,2,2,0.00107,0.00901,0.98992
31398614,0,0,0.97091,0.02431,0.00479
30750399,2,2,0.02341,0.45212,0.52447
18907433,2,2,0.00128,0.00577,0.99296
25539184,0,0,0.58236,0.39559,0.02206
21186186,2,2,0.00103,0.00555,0.99342
34847413,0,0,0.5985,0.37307,0.02843
35626722,2,2,0.01794,0.47377,0.50828
14043783,2,2,0.00128,0.00563,0.99309
14911265,2,2,0.00115,0.00356,0.99529
37265430,2,2,0.00154,0.02065,0.97781
40463457,2,2,0.00305,0.02335,0.9736
14728017,0,0,0.72507,0.26466,0.01026
20651901,2,2,0.00475,0.03201,0.96324
31735563,0,0,0.7502,0.23884,0.01095
20812240,2,2,0.00682,0.0716,0.92158
27883496,1,1,0.42264,0.54057,0.03679
11551582,2,2,0.00209,0.01092,0.98699
24161746,2,2,0.00742,0.06507,0.92751
17302760,2,2,0.0049,0.00847,0.98663
10433550,2,2,0.00704,0.04203,0.95094
2998553,0,0,0.5235,0.46199,0.01451
25858853,2,2,0.00296,0.03803,0.95901
11944154,2,2,0.00369,0.02105,0.97527
7534139,2,2,0.00209,0.02806,0.96986
15426611,2,2,0.001,0.00457,0.99443
38801352,2,2,0.00199,0.01637,0.98164
28518172,2,2,0.00197,0.00689,0.99114
32005420,2,2,0.00091,0.00419,0.9949
18863428,2,0,0.6638,0.32605,0.01016
13087546,2,2,0.0089,0.08368,0.90742
39969742,2,2,0.0013,0.00385,0.99485
14682778,2,2,0.00305,0.03803,0.95892
6230549,2,2,0.00768,0.1714,0.82092
37664662,1,1,0.38041,0.59846,0.02113
33832894,2,2,0.00103,0.00433,0.99465
15938073,1,2,0.01077,0.13332,0.8559
18114491,2,2,0.0014,0.00406,0.99453
22641110,2,2,0.00766,0.07919,0.91315
26376325,2,2,0.00132,0.00443,0.99425
11746844,2,2,0.00158,0.01039,0.98803
41472937,1,0,0.70787,0.27612,0.01601
10398378,0,0,0.96402,0.03305,0.00293
37844828,2,2,0.20061,0.26982,0.52957
28925593,2,1,0.02648,0.62192,0.3516
30412107,0,0,0.9799,0.01809,0.00201
21341096,0,0,0.86898,0.12666,0.00435
38725280,2,2,0.00156,0.00628,0.99216
11973754,2,1,0.04702,0.71282,0.24017
18603324,1,0,0.75322,0.23517,0.01162
22215961,0,0,0.86349,0.11332,0.02319
25586378,2,2,0.00111,0.00559,0.9933
30808074,2,2,0.00151,0.01093,0.98756
32008152,0,0,0.98783,0.01035,0.00182
29904129,2,2,0.00505,0.04812,0.94684
27057752,2,1,0.25743,0.68624,0.05633
23081935,2,2,0.00095,0.00706,0.99199
30055185,0,0,0.98858,0.00869,0.00273
100446,2,0,0.7386,0.24262,0.01878
32839974,0,0,0.98726,0.01105,0.00168
40227780,2,1,0.01886,0.65456,0.32657
41550979,2,2,0.00091,0.00471,0.99438
15286448,2,2,0.00151,0.00973,0.98876
23981830,2,2,0.00122,0.00356,0.99522
36637599,2,2,0.00252,0.01264,0.98484
31890243,2,2,0.00272,0.01376,0.98352
36299908,2,2,0.00095,0.00538,0.99367
32935324,2,2,0.00104,0.00367,0.99528
26631350,0,0,0.84021,0.15421,0.00557
28267097,2,2,0.00347,0.03576,0.96078
11906851,2,2,0.00113,0.0069,0.99198
5203037,2,2,0.00088,0.00464,0.99448
39921815,2,2,0.00113,0.00348,0.99539
2737362,2,2,0.00111,0.0049,0.99399
5499127,0,0,0.87484,0.11771,0.00745
9941873,2,2,0.00103,0.00559,0.99338
17685857,2,2,0.00106,0.00595,0.99299
32861272,2,2,0.00088,0.00436,0.99476
38206905,2,2,0.00135,0.00901,0.98964
17531244,2,2,0.02091,0.14375,0.83534
1167296,1,1,0.18749,0.71731,0.0952
8866503,2,2,0.00332,0.01725,0.97943
7105787,2,2,0.00881,0.0635,0.92768
14686749,2,2,0.00235,0.01915,0.9785
30434906,2,2,0.00224,0.00585,0.99191
11247484,2,1,0.31977,0.50603,0.1742
1372852,2,2,0.00343,0.03011,0.96646
25379711,2,2,0.00113,0.00572,0.99315
12947239,2,2,0.00763,0.1102,0.88217
11369448,2,2,0.00367,0.02581,0.97052
35007006,2,2,0.00198,0.021,0.97702
29602114,2,2,0.00129,0.01315,0.98556
19852999,2,1,0.16947,0.79286,0.03767
28639282,2,2,0.00142,0.006,0.99258
38792304,2,2,0.00191,0.00774,0.99035
32366574,2,2,0.00792,0.159,0.83309
5511111,2,2,0.02212,0.35142,0.62647
24318257,2,2,0.00144,0.01132,0.98725
12809957,2,2,0.00103,0.00559,0.99338
2188462,2,2,0.00107,0.0106,0.98833
15954417,2,2,0.00227,0.00537,0.99235
8529846,2,2,0.00155,0.01227,0.98618
1254257,2,2,0.00124,0.00486,0.9939
32461058,0,1,0.28449,0.66925,0.04626
22771578,2,2,0.00175,0.01999,0.97826
11626199,2,2,0.00852,0.09487,0.89661
5999121,2,2,0.00413,0.0461,0.94977
18308853,2,2,0.00118,0.00423,0.99459
37280401,0,0,0.94011,0.05665,0.00324
12659721,2,2,0.00314,0.02617,0.97069
31538325,2,2,0.00089,0.00416,0.99494
16828192,0,0,0.84775,0.14617,0.00608
40676150,0,2,0.00427,0.02969,0.96604
24494392,2,2,0.00114,0.00568,0.99318
3414425,2,2,0.00184,0.02915,0.96901
12941122,1,1,0.0452,0.67466,0.28014
11239879,2,2,0.00107,0.00874,0.99019
38964116,0,0,0.93166,0.06528,0.00306
17046296,0,0,0.95026,0.04671,0.00302
35029350,2,2,0.00104,0.00568,0.99328
38807764,2,2,0.00115,0.00413,0.99472
40021866,0,0,0.8106,0.16958,0.01982
21281463,2,2,0.00134,0.00643,0.99223
30126975,2,2,0.0014,0.00668,0.99192
6943318,0,0,0.8509,0.14557,0.00353
18212604,2,2,0.02313,0.17426,0.80262
41467181,2,1,0.02904,0.84218,0.12877
257645,2,2,0.04168,0.24222,0.7161
36485449,2,2,0.001,0.00506,0.99395
21880430,0,0,0.77863,0.1823,0.03907
8110476,2,2,0.00094,0.00506,0.99401
36574918,0,0,0.97067,0.02517,0.00416
19726979,2,2,0.02684,0.06315,0.91001
12404760,2,1,0.18485,0.67549,0.13967
40234246,0,1,0.36454,0.60811,0.02735
15100296,2,2,0.0014,0.00985,0.98876
5556640,2,2,0.28095,0.18981,0.52923
35902557,2,2,0.00125,0.0111,0.98765
37700438,2,2,0.00109,0.00653,0.99238
18191317,2,2,0.00099,0.00581,0.99319
40736125,2,2,0.01313,0.25864,0.72822
17569645,0,0,0.71795,0.2725,0.00955
3559397,2,2,0.00223,0.01039,0.98739
24579229,2,2,0.00124,0.00745,0.99131
21499216,0,0,0.98021,0.01767,0.00211
20157347,2,2,0.00435,0.04105,0.9546
15654613,0,0,0.62631,0.35686,0.01682
6382821,2,2,0.00085,0.00379,0.99536
21032130,2,2,0.01642,0.02175,0.96183
4160677,2,2,0.00284,0.01605,0.98111
39408172,2,2,0.00882,0.11917,0.87201
29665540,0,0,0.8469,0.14774,0.00536
25172820,2,2,0.00115,0.00439,0.99446
18166260,1,2,0.01728,0.40587,0.57685
14691595,2,2,0.00552,0.02166,0.97282
15902449,2,2,0.00104,0.00494,0.99402
28640344,2,2,0.00094,0.0041,0.99497
4768282,2,2,0.00097,0.00436,0.99467
28968089,2,2,0.00255,0.03139,0.96606
2569793,1,2,0.01635,0.20796,0.77569
24222780,2,2,0.00122,0.0059,0.99288
3362693,1,0,0.78106,0.21104,0.0079
14278224,2,2,0.00101,0.00439,0.99459
31502861,2,2,0.00214,0.00376,0.9941
1417254,2,0,0.96995,0.02809,0.00196
16165304,2,2,0.00414,0.02848,0.96738
16229385,0,0,0.93889,0.05772,0.00339
14119116,2,2,0.00269,0.01071,0.98661
38598431,0,0,0.95178,0.04593,0.00229
15243101,2,1,0.29675,0.67136,0.03189
19971684,2,2,0.00242,0.004,0.99358
24702150,2,2,0.00121,0.01036,0.98843
8328310,2,2,0.00151,0.00684,0.99165
21697592,0,1,0.39769,0.59236,0.00996
18777791,0,1,0.36857,0.61725,0.01418
20858230,2,2,0.001,0.00443,0.99457
11747314,2,2,0.00524,0.02765,0.96711
15402965,2,2,0.00145,0.00494,0.99362
32730618,2,2,0.00145,0.00581,0.99274
34001982,1,1,0.26915,0.67928,0.05157
40428608,0,0,0.98899,0.00907,0.00194
37706030,0,0,0.98463,0.01372,0.00165
19814068,1,2,0.0127,0.38002,0.60727
41437205,2,2,0.00097,0.00436,0.99467
15662072,2,1,0.27207,0.66944,0.05849
8232216,2,2,0.0022,0.00786,0.98994
20897486,2,2,0.00872,0.10213,0.88916
41107982,0,0,0.96164,0.03632,0.00204
26510683,0,1,0.23356,0.69591,0.07054
34684697,2,2,0.00455,0.05875,0.9367
21586402,2,2,0.0018,0.00436,0.99384
14514938,2,1,0.07175,0.79897,0.12929
35480029,1,0,0.9376,0.057,0.0054
36891006,1,1,0.31241,0.67179,0.0158
38471167,2,2,0.00184,0.01285,0.98531
22245892,2,2,0.00402,0.02655,0.96943
41006681,2,2,0.00138,0.00763,0.991
37343565,1,1,0.0449,0.77135,0.18375
31730944,1,1,0.02934,0.50806,0.4626
3998697,2,2,0.0239,0.41055,0.56555
9644723,1,2,0.12561,0.20851,0.66588
27352426,2,2,0.00142,0.01136,0.98722
26717963,2,2,0.00089,0.00498,0.99413
31092555,2,2,0.00147,0.00745,0.99108
23825611,0,0,0.96722,0.03002,0.00276
1038703,2,2,0.04118,0.15077,0.80805
27168590,0,0,0.7788,0.21043,0.01077
4391387,2,2,0.00102,0.00831,0.99067
6018842,2,2,0.01002,0.1688,0.82118
940381,2,2,0.00085,0.00551,0.99364
103402,2,2,0.00122,0.00769,0.9911
33628390,0,0,0.84887,0.14523,0.0059
23202256,2,2,0.01429,0.07357,0.91214
36408066,0,0,0.68618,0.30688,0.00694
39958010,0,1,0.23281,0.62946,0.13773
40090160,0,0,0.85986,0.13058,0.00955
21911075,0,0,0.70456,0.28915,0.00629
26434576,2,2,0.00454,0.03059,0.96487
33205866,2,2,0.00186,0.0183,0.97984
39504780,2,2,0.0012,0.00555,0.99325
10434714,0,0,0.97125,0.02634,0.00241
1227483,1,0,0.66779,0.31791,0.0143
29838460,0,0,0.72977,0.24302,0.02721
27023,0,1,0.34305,0.64592,0.01103
34151147,0,0,0.86449,0.1295,0.00601
21741254,0,0,0.93766,0.05813,0.00421
6791038,2,2,0.00097,0.00429,0.99474
34272890,2,2,0.02896,0.08412,0.88692
9582506,2,2,0.00094,0.00526,0.99381
32538516,2,2,0.00227,0.00657,0.99115
5832275,0,0,0.97979,0.01823,0.00198
1232674,2,2,0.01091,0.05932,0.92977
29133547,2,2,0.00134,0.00351,0.99515
33385981,2,2,0.00175,0.00382,0.99443
28467475,2,2,0.00246,0.00422,0.99332
8581512,2,2,0.00213,0.00658,0.99129
20793267,0,0,0.52196,0.46424,0.0138
6101810,2,2,0.00189,0.01901,0.9791
15427227,2,2,0.00168,0.01487,0.98345
18173506,2,2,0.00114,0.00711,0.99174
21950668,2,2,0.00145,0.00353,0.99502
321679,2,2,0.00191,0.0085,0.98959
41163630,2,2,0.0029,0.02628,0.97082
33946636,2,2,0.00138,0.00774,0.99088
24825587,2,2,0.00109,0.00619,0.99272
40260012,2,2,0.00657,0.09183,0.9016
31134954,2,2,0.00122,0.00775,0.99104
15615818,2,2,0.00109,0.00397,0.99493
24055711,2,2,0.01813,0.20504,0.77683
40594711,2,2,0.00104,0.00572,0.99323
24593810,2,2,0.00392,0.05162,0.94446
5047636,2,2,0.00122,0.00407,0.99471
24748930,0,0,0.96559,0.03209,0.00232
33306293,2,2,0.00097,0.00464,0.99439
19877628,2,2,0.00095,0.00494,0.99411
16414388,2,2,0.00259,0.0148,0.9826
13752607,2,2,0.00333,0.0276,0.96907
3076314,2,2,0.00106,0.00407,0.99487
7561515,2,2,0.00126,0.00614,0.99261
20009442,2,1,0.19457,0.78164,0.02379
26150236,2,2,0.0015,0.01459,0.9839
33749279,2,2,0.00455,0.04357,0.95188
14265648,0,0,0.64527,0.34539,0.00935
11664808,2,2,0.00162,0.01631,0.98206
6208707,0,0,0.987,0.00874,0.00426
24267491,1,1,0.26648,0.69661,0.03692
5988725,2,2,0.0012,0.00663,0.99217
14467931,0,0,0.98544,0.0125,0.00206
26423076,2,2,0.00147,0.00559,0.99294
40567054,2,2,0.00126,0.00684,0.9919
30480289,2,2,0.001,0.0044,0.99461
29710195,2,2,0.00149,0.00457,0.99394
25650663,1,1,0.05865,0.51467,0.42668
3871820,2,2,0.0021,0.0078,0.9901
32833279,2,2,0.01164,0.05651,0.93185
6812040,2,2,0.00351,0.03762,0.95887
5097177,2,2,0.00264,0.02923,0.96813
13106055,1,1,0.04311,0.80714,0.14974
1274687,2,2,0.0054,0.02796,0.96664
19635891,0,1,0.45652,0.48407,0.05942
22221119,2,1,0.02844,0.61275,0.35881
25758968,1,1,0.06165,0.8314,0.10695
17226807,2,2,0.00109,0.00711,0.9918
11136058,1,2,0.01571,0.45187,0.53243
39147047,2,2,0.00336,0.0496,0.94703
14902061,0,0,0.94785,0.04936,0.00279
40330565,2,2,0.00144,0.00955,0.98901
36982885,2,2,0.00193,0.01487,0.9832
13926470,2,2,0.00742,0.13491,0.85767
27961473,0,0,0.97464,0.02333,0.00203
18102778,2,2,0.12561,0.20851,0.66588
10238948,2,2,0.00101,0.0049,0.99409
4749229,2,2,0.00112,0.00772,0.99116
17570848,2,2,0.05059,0.05261,0.8968
3316034,2,2,0.00103,0.00538,0.99359
41103189,2,2,0.00446,0.04844,0.94711
19103789,2,2,0.0013,0.00382,0.99488
2140589,2,2,0.00114,0.00757,0.99129
5506652,2,2,0.00157,0.00482,0.99361
29028127,2,2,0.00156,0.00706,0.99138
14071708,2,2,0.00142,0.00663,0.99195
402345,2,2,0.001,0.00407,0.99494
26714382,0,0,0.96998,0.02787,0.00216
3116501,2,2,0.00551,0.00833,0.98616
32528169,1,2,0.17518,0.24477,0.58005
6136433,2,2,0.00109,0.00426,0.99465
14673801,2,2,0.00141,0.01426,0.98433
1801548,2,2,0.04421,0.02163,0.93416
30059006,2,2,0.05174,0.08665,0.8616
21343065,2,2,0.00113,0.00653,0.99234
13013440,2,1,0.07417,0.90143,0.0244
22137241,2,2,0.00344,0.0291,0.96746
9735960,2,2,0.00106,0.00388,0.99506
1544037,2,1,0.06524,0.89714,0.03761
6926428,2,2,0.0022,0.00976,0.98804
6167763,2,2,0.00235,0.00497,0.99268
39954687,2,2,0.00136,0.00436,0.99428
41018466,0,0,0.6871,0.3049,0.008
12247208,2,2,0.00113,0.00426,0.99461
5916467,2,2,0.01305,0.05023,0.93672
14287596,2,0,0.61562,0.29394,0.09044
9825105,0,0,0.9896,0.00798,0.00241
5863302,1,0,0.78705,0.20773,0.00522
16574244,2,2,0.00289,0.03041,0.9667
15910799,2,2,0.0017,0.01676,0.98154
13534035,2,2,0.00279,0.01951,0.9777
9315090,2,2,0.00118,0.00388,0.99494
13350889,2,2,0.00233,0.01212,0.98555
28677439,2,2,0.00271,0.01623,0.98105
29991349,2,2,0.00265,0.00903,0.98832
18077238,2,2,0.001,0.00397,0.99503
1872762,0,0,0.6019,0.37227,0.02583
35585833,2,2,0.00432,0.0327,0.96298
15113259,1,1,0.0571,0.90901,0.0339
18908745,2,0,0.65205,0.30323,0.04472
2848789,2,2,0.00962,0.17667,0.81371
21312004,2,2,0.02301,0.02886,0.94814
35888592,0,0,0.8447,0.15145,0.00385
7849288,2,2,0.00091,0.00581,0.99328
37870468,2,2,0.0014,0.00446,0.99413
4255315,2,1,0.22266,0.69324,0.0841
39212030,2,2,0.00378,0.01238,0.98384
37044770,2,2,0.00547,0.04621,0.94832
7272520,2,2,0.00147,0.00757,0.99097
25496713,2,2,0.00094,0.00388,0.99518
17626632,0,0,0.69478,0.29882,0.0064
12168784,2,2,0.03771,0.03433,0.92796
25451435,2,2,0.00122,0.00658,0.9922
24040470,2,2,0.00122,0.00706,0.99173
8520910,0,0,0.79367,0.20146,0.00487
22162789,2,2,0.00217,0.00618,0.99165
37184874,2,1,0.29242,0.6933,0.01428
28266725,2,2,0.00212,0.01304,0.98484
9491933,2,2,0.00228,0.01836,0.97936
9643928,2,2,0.00334,0.02481,0.97185
35937564,2,2,0.00177,0.00786,0.99037
32717063,1,1,0.04564,0.92384,0.03052
22981264,2,2,0.00432,0.01743,0.97824
3839586,2,2,0.00095,0.00538,0.99367
35650054,2,2,0.0032,0.03798,0.95882
144467,2,2,0.02729,0.06888,0.90382
11794652,2,2,0.00125,0.00772,0.99103
1083058,1,1,0.3458,0.63602,0.01818
5044905,2,1,0.03008,0.86533,0.1046
40861511,2,2,0.00095,0.00595,0.9931
7473420,2,2,0.00092,0.00581,0.99327
1745826,2,2,0.00231,0.01952,0.97816
11430074,2,2,0.00172,0.01715,0.98113
38572761,0,0,0.76051,0.22132,0.01817
33737152,1,1,0.36822,0.62149,0.01028
39888074,0,0,0.96345,0.03472,0.00183
30021482,2,2,0.0034,0.03837,0.95823
23647652,2,2,0.00143,0.00482,0.99375
22892454,2,1,0.03788,0.51483,0.44729
37023686,0,0,0.93899,0.05692,0.00408
5040565,2,1,0.09343,0.6435,0.26306
7341077,2,0,0.78054,0.21008,0.00938
27618712,2,2,0.00291,0.023,0.97409
23485818,0,0,0.94149,0.05583,0.00269
26966337,2,2,0.00111,0.00534,0.99355
12935355,2,2,0.00092,0.00443,0.99465
41064440,2,2,0.00111,0.00443,0.99446
113183,2,0,0.92959,0.06643,0.00398
36881102,2,2,0.00101,0.00653,0.99246
21378180,2,2,0.00181,0.013,0.98519
31695896,2,2,0.00408,0.02816,0.96776
13993437,2,2,0.0015,0.00324,0.99526
26624858,2,2,0.00312,0.04634,0.95054
12828259,2,2,0.00182,0.0087,0.98948
38880119,0,0,0.98724,0.01105,0.00171
21969929,0,0,0.88683,0.10971,0.00346
34033384,2,2,0.00208,0.01631,0.98161
8913664,2,2,0.00431,0.05142,0.94428
14461518,2,2,0.00306,0.0354,0.96154
12167122,2,2,0.00184,0.01212,0.98603
6058932,2,2,0.00208,0.01809,0.97984
19709515,2,2,0.00398,0.02137,0.97465
14019544,0,0,0.96929,0.02834,0.00237
32435260,2,2,0.00144,0.00915,0.98941
20114354,1,1,0.12281,0.85749,0.0197
24600833,2,2,0.00107,0.0069,0.99203
20978826,2,2,0.00097,0.00443,0.9946
27619416,0,0,0.45872,0.08257,0.45872
6131186,2,2,0.0009,0.00731,0.99178
6118408,2,2,0.00446,0.06242,0.93312
9409680,2,2,0.01163,0.07882,0.90955
18227722,2,2,0.00098,0.00648,0.99254
22619135,2,2,0.01046,0.13247,0.85708
19277804,1,1,0.33745,0.65045,0.0121
22451098,2,2,0.00111,0.00863,0.99026
25991458,0,1,0.3687,0.61265,0.01865
21032804,0,0,0.98736,0.01101,0.00163
15309331,2,2,0.00339,0.04067,0.95594
4203794,0,0,0.59631,0.34647,0.05723
22519796,2,2,0.00096,0.00802,0.99101
16266483,2,2,0.00088,0.00404,0.99509
17802936,2,2,0.00707,0.05234,0.94059
21696611,0,0,0.53234,0.43618,0.03147
18738973,1,1,0.08786,0.84015,0.07199
2241276,2,2,0.00107,0.00769,0.99124
39046851,2,2,0.00138,0.00572,0.9929
26551784,2,2,0.00361,0.02749,0.96891
34171724,2,2,0.00118,0.01052,0.98831
12467913,2,2,0.00122,0.00643,0.99235
12315003,2,2,0.0032,0.00617,0.99062
11409045,0,1,0.06428,0.89604,0.03968
17755532,2,2,0.00099,0.00586,0.99315
26751811,2,2,0.00149,0.01051,0.988
6867218,2,2,0.00394,0.04594,0.95012
20231657,2,2,0.00316,0.01943,0.97741
19668560,2,2,0.00837,0.03938,0.95225
11117971,2,2,0.00467,0.09079,0.90453
35708554,0,1,0.31939,0.66567,0.01494
27100102,2,2,0.00145,0.00385,0.9947
39211552,2,2,0.00484,0.07288,0.92228
13986638,0,0,0.9888,0.00943,0.00177
21131926,2,2,0.00094,0.0041,0.99497
4503613,2,2,0.0017,0.01367,0.98463
27299860,2,2,0.00132,0.0055,0.99318
28128072,2,2,0.00585,0.04061,0.95354
17867271,2,2,0.00103,0.00498,0.994
20307475,2,2,0.00185,0.00863,0.98952
3441120,1,1,0.05784,0.88719,0.05497
6017008,2,2,0.00146,0.0106,0.98794
24604127,0,0,0.56778,0.41866,0.01356
17966372,2,2,0.00254,0.02083,0.97663
28971772,2,2,0.01355,0.24105,0.7454
14821219,2,2,0.00109,0.00436,0.99455
26387345,2,2,0.00582,0.0312,0.96299
8560209,1,2,0.0038,0.02065,0.97555
14476238,2,2,0.02408,0.30978,0.66614
36925232,2,2,0.00104,0.00706,0.9919
3140792,2,2,0.00129,0.00926,0.98945
9178875,2,2,0.00096,0.00498,0.99406
10980022,0,0,0.93751,0.05597,0.00652
27670248,1,1,0.03702,0.85582,0.10716
16004613,2,2,0.02039,0.07077,0.90884
39897161,2,2,0.00107,0.00706,0.99187
15211724,2,2,0.00447,0.01602,0.97952
8103960,2,2,0.00784,0.04231,0.94985
29747747,0,0,0.90946,0.08677,0.00378
28456737,0,0,0.93757,0.05935,0.00308
14265291,2,2,0.0022,0.00976,0.98804
28341111,0,0,0.97871,0.01912,0.00217
2967723,0,0,0.58835,0.38736,0.02428
11270761,2,2,0.00235,0.00572,0.99194
26653115,2,2,0.01324,0.05106,0.93569
22229983,2,2,0.00171,0.01105,0.98724
3969749,0,0,0.93394,0.06331,0.00275
29305949,2,2,0.00092,0.00687,0.99221
8777431,0,0,0.9868,0.01149,0.00171
695313,0,0,0.98652,0.01149,0.002
9148428,2,2,0.00136,0.00529,0.99335
29426705,2,2,0.00151,0.007,0.99148
5158473,0,1,0.32808,0.64235,0.02958
3116769,2,2,0.0251,0.05482,0.92007
2633107,2,2,0.00323,0.01396,0.98281
8736286,2,2,0.00399,0.0644,0.93161
12726207,2,2,0.00094,0.00464,0.99442
10256333,2,1,0.02097,0.58943,0.38959
28185820,2,2,0.00292,0.00361,0.99346
1638511,2,2,0.00213,0.00804,0.98982
21318793,2,2,0.00089,0.00568,0.99343
22671927,2,2,0.01081,0.1947,0.79449
34917635,2,2,0.00098,0.00538,0.99364
32542611,2,2,0.00215,0.01393,0.98392
38845301,2,2,0.00392,0.05162,0.94446
40382507,2,1,0.32234,0.35024,0.32742
25098631,2,1,0.02583,0.8291,0.14506
4122033,2,2,0.00146,0.01251,0.98603
19254550,0,1,0.12488,0.85839,0.01674
7386560,0,0,0.86654,0.1167,0.01676
5981342,2,2,0.00484,0.0283,0.96686
40675937,2,1,0.02052,0.50504,0.47444
17482116,2,2,0.00189,0.01656,0.98154
36478388,1,0,0.79878,0.19575,0.00547
14964942,2,2,0.00096,0.00669,0.99235
15958645,0,0,0.9352,0.06205,0.00275
36822999,2,2,0.00268,0.02979,0.96753
18205450,2,2,0.02735,0.1415,0.83115
19938911,2,2,0.00137,0.01023,0.98839
25187565,0,0,0.90591,0.0897,0.0044
6181634,1,1,0.01999,0.61718,0.36282
19862342,2,2,0.00491,0.05948,0.93561
2127216,2,2,0.00863,0.00985,0.98152
13474306,2,2,0.00118,0.00581,0.99301
31596005,2,2,0.00147,0.00824,0.99029
37914387,2,2,0.0012,0.00555,0.99325
28634029,2,2,0.00117,0.0037,0.99513
32126369,0,0,0.9584,0.03895,0.00265
18536252,2,2,0.00122,0.00739,0.99139
12289302,2,2,0.00186,0.00638,0.99177
13721206,2,2,0.00302,0.03255,0.96443
33346878,2,2,0.00292,0.02098,0.9761
1480836,2,2,0.00134,0.00722,0.99144
15288700,2,2,0.03959,0.07338,0.88703
12391861,2,2,0.00546,0.04761,0.94693
9263738,2,2,0.00215,0.01393,0.98392
29512010,2,2,0.00084,0.00397,0.99519
13374047,2,2,0.00178,0.01802,0.9802
32559903,2,2,0.00111,0.00568,0.99321
35955381,2,2,0.00324,0.01121,0.98556
26143997,2,2,0.00095,0.00426,0.99479
22716866,2,2,0.00317,0.01654,0.98029
13599217,2,2,0.00092,0.00486,0.99422
34811907,0,1,0.21393,0.76439,0.02168
7072638,2,2,0.03143,0.25312,0.71545
40038229,0,1,0.0446,0.81557,0.13983
23505488,2,2,0.00179,0.0085,0.98971
33086207,2,2,0.00109,0.00638,0.99253
20425412,2,2,0.00109,0.00464,0.99427
33760258,2,2,0.00104,0.00609,0.99287
9227392,2,2,0.00183,0.00733,0.99084
27750872,2,2,0.00132,0.00674,0.99195
24019803,1,0,0.63229,0.35468,0.01302
26845268,2,2,0.00147,0.00416,0.99437
7381076,2,2,0.00208,0.01563,0.98229
17406426,2,2,0.00316,0.01951,0.97733
9635773,2,2,0.00189,0.01656,0.98154
10821407,2,0,0.42405,0.19953,0.37642
29103745,2,2,0.00285,0.01526,0.98189
14665219,2,2,0.00108,0.00433,0.9946
20688756,0,0,0.66321,0.31206,0.02473
30605049,2,2,0.00106,0.00413,0.99481
26262573,2,2,0.00094,0.00513,0.99393
37777454,2,2,0.00204,0.00379,0.99417
38105459,2,2,0.00246,0.01967,0.97787
4738172,2,2,0.00106,0.00426,0.99468
9472184,2,1,0.02432,0.69958,0.27611
38677299,2,2,0.00388,0.04766,0.94846
20234742,2,2,0.00153,0.01181,0.98666
31742879,2,0,0.73147,0.22726,0.04127
25710564,0,0,0.974,0.02322,0.00278
200600,2,2,0.0013,0.00498,0.99373
35621970,2,2,0.00087,0.00433,0.99481
30986516,0,0,0.92842,0.06858,0.003
3553792,2,2,0.01504,0.23715,0.7478
19831214,2,2,0.00136,0.00501,0.99363
30628163,2,2,0.00421,0.04314,0.95265
7611837,2,2,0.00114,0.00619,0.99267
10983667,2,2,0.0031,0.05418,0.94272
34973675,2,2,0.00763,0.1102,0.88217
8070279,2,2,0.00155,0.01305,0.9854
1432136,1,1,0.11993,0.824,0.05607
2046390,2,2,0.03267,0.11159,0.85574
21756774,0,0,0.94689,0.05028,0.00283
18727731,2,2,0.00126,0.00457,0.99417
67755,1,1,0.05801,0.86588,0.0761
11669408,0,0,0.9554,0.04258,0.00203
36304907,2,2,0.05148,0.1046,0.84392
34636034,2,2,0.00154,0.02162,0.97684
37334967,2,2,0.00196,0.01588,0.98217
36992781,2,2,0.00552,0.09533,0.89916
26921569,0,0,0.98102,0.01655,0.00243
7425997,2,2,0.00133,0.01158,0.98709
2337523,2,2,0.00402,0.04323,0.95275
12404348,0,0,0.92805,0.06855,0.0034
23558211,0,0,0.94153,0.05583,0.00264
10232052,1,1,0.038,0.75132,0.21068
41599835,0,0,0.98447,0.01383,0.0017
40198770,0,0,0.9871,0.01127,0.00163
17495004,2,2,0.00126,0.00684,0.9919
16231260,2,2,0.00101,0.00376,0.99523
36664681,2,2,0.00122,0.00818,0.99061
6130148,2,2,0.00103,0.00586,0.99311
40098811,0,0,0.98558,0.0126,0.00182
1818503,2,2,0.00268,0.01184,0.98548
2051162,2,2,0.01916,0.48659,0.49425
33678030,2,2,0.00654,0.03814,0.95532
21646289,2,2,0.00399,0.05005,0.94596
17654928,2,2,0.00116,0.0079,0.99094
5874618,2,2,0.0012,0.00766,0.99115
33870865,2,2,0.00322,0.01641,0.98037
5244491,0,0,0.63675,0.33817,0.02508
16692718,2,2,0.00138,0.00706,0.99156
24580891,2,2,0.01144,0.32392,0.66464
39264951,2,2,0.00182,0.01007,0.98811
23522394,1,1,0.46448,0.52632,0.0092
40888811,1,1,0.04302,0.83744,0.11954
8237138,2,2,0.00101,0.00382,0.99517
33640481,0,0,0.56784,0.4187,0.01346
7785435,2,2,0.00252,0.0125,0.98498
27713316,2,2,0.00199,0.01612,0.98189
8148320,2,2,0.00431,0.06538,0.93031
8535955,2,2,0.00487,0.03778,0.95735
8610671,2,1,0.33324,0.58944,0.07732
40050132,0,0,0.89855,0.09695,0.0045
39354003,0,0,0.98123,0.01675,0.00202
25162998,2,2,0.00101,0.00595,0.99304
37441431,2,2,0.19746,0.22331,0.57923
10326721,0,0,0.62702,0.36574,0.00724
19781432,2,2,0.00124,0.00638,0.99238
2795888,2,2,0.00124,0.00623,0.99253
16097584,2,2,0.00094,0.00475,0.99431
11528197,2,2,0.00145,0.00653,0.99202
20713617,0,0,0.9617,0.03647,0.00183
38986205,2,2,0.00162,0.01917,0.97922
5880658,2,1,0.07648,0.75744,0.16608
16093158,2,2,0.01419,0.04405,0.94176
38523439,2,2,0.00911,0.15829,0.83261
7566116,2,2,0.00091,0.00526,0.99384
4364725,2,2,0.00565,0.05878,0.93557
21115481,0,0,0.80107,0.18732,0.01161
34533828,2,1,0.20798,0.63687,0.15516
9869477,2,1,0.016,0.50161,0.48239
40584536,2,2,0.00443,0.03866,0.95691
26510317,2,2,0.00157,0.01695,0.98148
11609177,2,2,0.00631,0.01189,0.9818
39494942,0,2,0.02065,0.24002,0.73933
31011348,2,2,0.0037,0.01785,0.97845
11176918,2,2,0.00104,0.00367,0.99528
29708687,0,2,0.37453,0.20846,0.41701
14685708,2,2,0.00089,0.00605,0.99306
39884115,2,2,0.0285,0.05668,0.91482
4895736,2,2,0.001,0.00403,0.99497
1776156,2,2,0.00109,0.00534,0.99357
15128222,2,2,0.01583,0.17248,0.81169
3791436,0,1,0.17039,0.81287,0.01674
4171896,2,0,0.72867,0.16677,0.10457
12256421,2,2,0.00355,0.05623,0.94022
21861955,2,2,0.00079,0.00464,0.99457
38272709,1,2,0.01663,0.11717,0.8662
30474062,2,2,0.00127,0.00884,0.98989
18227531,2,2,0.00388,0.01548,0.98063
31823031,0,0,0.98557,0.01255,0.00187
26571946,0,0,0.84799,0.14621,0.0058
13698723,2,1,0.0211,0.64108,0.33782
8443572,2,2,0.00154,0.00668,0.99178
1332459,0,2,0.01258,0.23284,0.75457
8726547,2,2,0.00134,0.0059,0.99276
33285473,2,2,0.00098,0.00731,0.99171
7535628,0,0,0.98574,0.01217,0.00209
19725545,2,2,0.00122,0.00781,0.99098
31448227,0,0,0.6245,0.37001,0.00549
35664438,2,2,0.00087,0.0049,0.99423
9755238,2,2,0.00169,0.00695,0.99137
10926680,2,2,0.00128,0.00581,0.99291
24094966,2,1,0.06164,0.8215,0.11686
39189699,2,2,0.00666,0.06512,0.92822
16086410,0,0,0.95309,0.04363,0.00328
25203472,2,2,0.00126,0.00359,0.99515
29640889,1,2,0.00413,0.01685,0.97903
37826116,2,2,0.0015,0.00385,0.99466
13985341,0,0,0.59225,0.38841,0.01934
4760057,2,2,0.00108,0.00416,0.99476
34173211,0,0,0.65148,0.33799,0.01053
14031096,2,2,0.00111,0.00509,0.9938
6413473,2,2,0.00098,0.00498,0.99404
31142754,2,2,0.00501,0.02458,0.97041
38644449,2,2,0.0284,0.12842,0.84317
33716577,0,0,0.98715,0.00881,0.00403
13499026,2,2,0.1015,0.0487,0.84981
32105950,2,2,0.01165,0.22077,0.76757
22321081,1,0,0.85862,0.13323,0.00816
27541826,2,2,0.00431,0.06538,0.93031
29437711,2,2,0.00116,0.00643,0.99241
40575088,0,0,0.98638,0.01194,0.00168
36472041,1,0,0.82834,0.16503,0.00663
7190356,2,2,0.05414,0.02293,0.92293
26808484,2,2,0.0027,0.0055,0.9918
33380344,0,0,0.91551,0.07968,0.0048
6228605,2,2,0.00138,0.00479,0.99383
8823306,2,2,0.00091,0.00498,0.99412
8412079,0,0,0.85493,0.14066,0.00442
40587630,0,0,0.74511,0.24475,0.01014
28052706,0,0,0.63432,0.35582,0.00986
36017477,2,2,0.00085,0.00638,0.99277
2591820,2,2,0.00116,0.00494,0.9939
28568345,2,2,0.00212,0.01135,0.98652
15399657,2,2,0.00122,0.00433,0.99445
20499538,2,1,0.02108,0.82886,0.15006
35114864,2,2,0.00089,0.00423,0.99488
14772561,0,0,0.68084,0.31171,0.00745
31759791,2,2,0.00264,0.02815,0.96921
15785595,2,2,0.00188,0.0087,0.98942
11337779,2,2,0.00088,0.00379,0.99533
21560285,2,2,0.00099,0.00728,0.99172
31347215,1,0,0.53756,0.45267,0.00977
17687179,2,2,0.00305,0.02265,0.9743
16673722,2,2,0.01126,0.10847,0.88027
5311504,2,2,0.00287,0.00705,0.99008
2872492,2,2,0.00198,0.02149,0.97653
38301921,0,0,0.93434,0.06146,0.00419
23872978,2,1,0.15318,0.8042,0.04262
8871481,2,2,0.00116,0.00962,0.98922
41558300,2,2,0.00104,0.00486,0.99409
24271592,0,0,0.9185,0.07718,0.00432
10716164,2,2,0.0013,0.007,0.9917
34493122,2,2,0.16901,0.40941,0.42158
6379317,2,2,0.00123,0.01028,0.98849
9369862,2,2,0.00427,0.01307,0.98266
39347661,0,0,0.98554,0.01275,0.00171
13100071,1,2,0.00839,0.2242,0.76741
27176605,2,2,0.00124,0.00745,0.99131
41206395,2,2,0.01094,0.23393,0.75513
24899228,2,2,0.00212,0.02655,0.97132
9278808,2,2,0.00101,0.00546,0.99353
11964903,2,1,0.16396,0.8102,0.02584
6221400,2,2,0.00216,0.00897,0.98887
6469331,2,2,0.01446,0.02607,0.95947
30358489,2,2,0.02071,0.45337,0.52592
22982586,2,2,0.00104,0.00623,0.99272
28435252,2,2,0.00104,0.00648,0.99248
8705005,2,2,0.01174,0.06262,0.92563
19489194,2,2,0.00107,0.00674,0.99219
31151597,2,2,0.00335,0.02179,0.97485
24897705,2,2,0.00224,0.01894,0.97882
18895670,2,2,0.0012,0.00614,0.99266
20233335,0,0,0.79997,0.193,0.00703
35701016,2,2,0.20696,0.28678,0.50626
33629031,1,1,0.0643,0.82416,0.11154
9642457,2,2,0.00448,0.04362,0.9519
13725883,2,2,0.00258,0.02059,0.97683
8532584,2,2,0.00111,0.00416,0.99473
10483601,2,2,0.00182,0.01213,0.98606
33359140,0,0,0.98832,0.0098,0.00188
90331,1,0,0.92064,0.07233,0.00703
39452594,2,2,0.00178,0.01902,0.97921
34139203,2,2,0.00223,0.01148,0.98629
23429991,0,0,0.80751,0.18445,0.00804
5666625,2,1,0.41246,0.57713,0.01041
37580976,1,1,0.11399,0.87411,0.0119
36756876,0,0,0.55749,0.41106,0.03145
13739175,2,2,0.00221,0.02006,0.97774
27920857,0,1,0.40749,0.56134,0.03118
32546121,2,0,0.50925,0.43729,0.05347
39030011,0,0,0.90856,0.08736,0.00408
12615476,2,2,0.0697,0.20971,0.7206
39815759,2,2,0.00756,0.0476,0.94484
25540026,0,0,0.89124,0.10257,0.0062
21051522,2,2,0.00153,0.01158,0.98689
36161945,2,2,0.00299,0.01239,0.98462
20421115,2,2,0.00087,0.00436,0.99477
2366142,0,0,0.98241,0.01527,0.00232
16817963,2,2,0.00277,0.01161,0.98562
2285846,2,2,0.00202,0.01682,0.98117
28624568,2,2,0.00118,0.0037,0.99511
32577892,2,2,0.00244,0.02891,0.96865
28368627,2,2,0.00097,0.00468,0.99436
36737790,1,0,0.88293,0.11357,0.0035
37370120,2,2,0.0012,0.00471,0.99409
18208916,2,2,0.00114,0.00564,0.99322
19575837,2,2,0.00106,0.00475,0.99419
4969530,2,1,0.02511,0.53678,0.43811
41152661,0,1,0.04922,0.82918,0.1216
33603565,0,0,0.73632,0.24092,0.02276
19824335,0,0,0.98444,0.01399,0.00158
31701382,1,1,0.13773,0.847,0.01527
2021683,0,0,0.75986,0.23356,0.00657
32592543,2,2,0.00116,0.00494,0.9939
19114993,2,2,0.00155,0.01471,0.98374
33693532,0,0,0.90547,0.09214,0.00239
7815083,0,0,0.98007,0.01753,0.00239
39252556,2,2,0.00157,0.00478,0.99365
38734311,2,2,0.00412,0.06427,0.93161
21618126,0,0,0.97656,0.02137,0.00207
17532458,2,2,0.00186,0.00638,0.99177
19594249,2,2,0.00089,0.0044,0.99471
27671450,1,1,0.06657,0.84993,0.0835
25864150,0,0,0.75337,0.24079,0.00584
9090515,2,2,0.00128,0.00668,0.99204
9448306,2,2,0.00129,0.01232,0.98639
32164023,2,1,0.04235,0.81812,0.13952
34152723,2,2,0.00098,0.0053,0.99372
12232065,2,1,0.03313,0.91319,0.05368
18871613,2,2,0.00168,0.01136,0.98696
26711725,2,0,0.51937,0.45477,0.02586
24992759,0,0,0.72787,0.26055,0.01158
14140844,2,2,0.00104,0.00506,0.9939
29709445,2,2,0.00116,0.00763,0.99121
30518636,2,2,0.00345,0.0404,0.95615
4087419,1,0,0.65419,0.33939,0.00641
23925538,2,2,0.0015,0.01745,0.98105
9888443,2,1,0.01734,0.50284,0.47982
35243843,0,0,0.93813,0.0571,0.00477
26945618,0,0,0.98148,0.01702,0.0015
15051762,2,2,0.00986,0.12944,0.8607
9974743,2,2,0.00099,0.00787,0.99114
29692235,2,2,0.00129,0.01119,0.98752
35456543,1,1,0.31576,0.65298,0.03126
7950710,2,2,0.00121,0.01172,0.98707
28457800,2,2,0.00204,0.0059,0.99206
27355289,2,2,0.02473,0.3991,0.57617
749587,0,0,0.81599,0.17373,0.01027
40539056,2,2,0.00201,0.02137,0.97663
18825415,2,2,0.00087,0.00376,0.99537
18979311,0,0,0.61641,0.35815,0.02544
36882295,2,2,0.00215,0.02953,0.96832
31785595,2,2,0.00207,0.0193,0.97862
33879547,2,2,0.002,0.01076,0.98725
8135201,0,0,0.98384,0.0136,0.00256
24168825,2,2,0.01859,0.01308,0.96834
23070069,2,2,0.00132,0.00419,0.99449
9393751,2,2,0.00103,0.00468,0.9943
1980235,1,1,0.02818,0.59776,0.37407
135675,2,2,0.00122,0.00356,0.99522
17899039,2,2,0.00084,0.00526,0.99391
11815153,2,2,0.00241,0.00896,0.98862
40705341,2,2,0.00426,0.01724,0.97851
36695105,2,2,0.00097,0.00471,0.99432
30843141,0,0,0.9242,0.07225,0.00355
17702288,0,0,0.98895,0.00911,0.00194
3059337,0,1,0.39128,0.59663,0.0121
40011764,0,0,0.53309,0.44541,0.02149
22353636,2,2,0.00143,0.00403,0.99454
22116021,2,2,0.00084,0.00522,0.99395
3582770,2,2,0.00108,0.00388,0.99504
665485,2,2,0.00352,0.01988,0.9766
5467516,0,1,0.37982,0.49926,0.12092
3859834,2,2,0.00588,0.0801,0.91402
40989803,2,2,0.00096,0.00609,0.99294
10828603,2,2,0.00115,0.0146,0.98425
27641720,2,2,0.00463,0.04035,0.95501
18082604,2,2,0.01232,0.07506,0.91262
36269618,2,2,0.00221,0.00397,0.99382
38462768,2,2,0.00111,0.00433,0.99456
27415720,2,2,0.00217,0.02157,0.97626
14564551,2,2,0.02789,0.05568,0.91642
37054131,2,2,0.13267,0.21938,0.64795
2865856,2,2,0.0335,0.22757,0.73893
8673963,2,2,0.00103,0.00367,0.9953
22122210,2,2,0.09737,0.23982,0.66281
20484097,0,0,0.78004,0.2019,0.01806
15976116,2,2,0.00113,0.00513,0.99374
29107117,0,0,0.71871,0.27279,0.0085
35139642,2,2,0.00202,0.0147,0.98328
8691747,2,2,0.00084,0.00486,0.9943
31604258,2,2,0.0013,0.00521,0.99349
8470205,2,2,0.00273,0.02618,0.97109
9380088,0,0,0.82318,0.17054,0.00629
16290249,2,2,0.00487,0.05166,0.94346
3188247,2,2,0.00455,0.02746,0.96799
22572895,0,0,0.97824,0.0193,0.00246
36560900,2,2,0.02036,0.21553,0.76411
6785702,0,0,0.83797,0.15501,0.00703
24607353,2,2,0.00111,0.00348,0.99541
39189940,2,2,0.00138,0.00793,0.9907
17500484,1,1,0.46,0.52533,0.01467
25217106,2,1,0.02267,0.50393,0.4734
29923180,2,2,0.00297,0.03497,0.96206
38630052,2,2,0.00151,0.00818,0.99031
19345087,2,2,0.00296,0.00603,0.991
19956007,2,1,0.06955,0.86063,0.06982
15716405,0,0,0.96069,0.03493,0.00438
2596855,2,2,0.00095,0.00717,0.99188
40923534,2,2,0.00142,0.00944,0.98915
15387585,2,2,0.00154,0.00695,0.99152
15645464,0,0,0.87647,0.11815,0.00538
21526368,2,2,0.00116,0.00915,0.98969
12401652,2,2,0.00309,0.01087,0.98604
879618,2,2,0.00122,0.00815,0.99064
1669997,2,2,0.00288,0.01793,0.97918
21263997,2,2,0.0602,0.18312,0.75668
10224079,1,0,0.87872,0.11571,0.00556
13438173,2,2,0.00163,0.01367,0.98471
6192124,2,2,0.0027,0.01915,0.97815
26414242,2,1,0.04318,0.84068,0.11613
39527622,1,1,0.02752,0.68794,0.28454
18979722,2,2,0.00104,0.00933,0.98963
36002997,2,2,0.00084,0.0044,0.99477
37925806,2,2,0.01011,0.13523,0.85467
21742172,2,2,0.00194,0.00774,0.99032
16092819,0,0,0.62721,0.36018,0.01262
33918974,2,2,0.00401,0.03102,0.96498
10604184,0,0,0.98744,0.01059,0.00197
41226872,2,2,0.00101,0.00521,0.99377
37499723,2,2,0.00157,0.01476,0.98366
3997602,2,2,0.00178,0.01453,0.98368
19801054,2,2,0.00669,0.10378,0.88953
34119206,0,0,0.82369,0.16475,0.01157
4195009,0,0,0.89895,0.09662,0.00443
25091493,2,2,0.00121,0.00992,0.98886
22951182,0,0,0.97438,0.02374,0.00188
30819126,0,0,0.68348,0.29743,0.01909
16350081,0,1,0.31486,0.66396,0.02118
11552860,2,2,0.00936,0.03575,0.95489
35576464,2,2,0.002,0.01144,0.98656
38954071,0,0,0.53907,0.4469,0.01403
35639369,0,1,0.06952,0.8653,0.06518
241662,0,0,0.64175,0.30433,0.05393
40048764,2,2,0.00432,0.03376,0.96192
6006632,2,2,0.00087,0.00433,0.99481
32508342,2,2,0.00312,0.03218,0.9647
25649354,2,2,0.00122,0.00362,0.99516
1671510,2,2,0.00156,0.00706,0.99138
30964624,0,0,0.63637,0.35419,0.00944
28789705,2,2,0.03926,0.20833,0.75241
27992172,1,1,0.47448,0.49725,0.02827
41469724,2,2,0.00156,0.01023,0.98821
33732365,2,2,0.00547,0.03086,0.96368
26666738,2,2,0.00386,0.02153,0.97461
40972843,2,2,0.00106,0.00604,0.9929
33653262,0,0,0.989,0.00897,0.00203
39084233,2,2,0.00098,0.00614,0.99288
16376699,2,2,0.00094,0.0045,0.99457
27759700,2,2,0.01161,0.05162,0.93677
14123803,2,2,0.00384,0.01219,0.98397
1862502,2,1,0.0608,0.83934,0.09985
35238033,2,2,0.00129,0.00944,0.98927
18934165,2,1,0.31171,0.42606,0.26223
22901983,2,2,0.00092,0.00433,0.99475
38693613,2,2,0.02531,0.28519,0.6895
10696675,2,2,0.34313,0.23399,0.42288
4609907,0,0,0.80808,0.18603,0.00589
20706461,2,2,0.00136,0.00367,0.99496
16558758,2,2,0.00116,0.00517,0.99366
20647422,2,2,0.00109,0.00745,0.99146
19332994,2,2,0.00098,0.00403,0.99498
12116965,2,2,0.00524,0.01085,0.98391
5927329,2,2,0.00098,0.00581,0.99321
35289013,0,0,0.8287,0.16318,0.00812
9766358,2,2,0.00109,0.00464,0.99427
13831752,2,2,0.01858,0.0432,0.93822
33792265,1,0,0.84164,0.15387,0.00449
32902609,2,2,0.00197,0.01118,0.98686
16920277,0,0,0.98963,0.00817,0.0022
4450724,0,0,0.98822,0.00969,0.0021
32164301,2,2,0.001,0.00453,0.99447
8964206,2,2,0.00098,0.00391,0.99511
35897110,2,2,0.00091,0.00468,0.99442
27033240,0,0,0.91662,0.08072,0.00266
36752202,0,0,0.96333,0.03404,0.00262
24425322,1,1,0.13916,0.8194,0.04144
28497055,2,2,0.00686,0.05197,0.94117
18662158,0,0,0.72737,0.25834,0.01429
40430815,2,2,0.12561,0.20851,0.66588
28092690,1,2,0.01328,0.12596,0.86077
11616580,2,2,0.00469,0.01266,0.98264
31858858,0,0,0.98893,0.00842,0.00265
23984760,0,0,0.98421,0.01426,0.00153
32527295,2,0,0.64485,0.28448,0.07067
19524012,2,2,0.002,0.02645,0.97155
5566681,2,2,0.0008,0.00522,0.99398
17056192,0,0,0.9896,0.0083,0.0021
20625306,2,2,0.00183,0.00576,0.99241
16959203,2,2,0.00125,0.0104,0.98835
37121549,2,2,0.00098,0.00737,0.99166
33239761,0,0,0.98896,0.00862,0.00241
28302485,2,2,0.00157,0.00385,0.99458
18953324,2,2,0.00402,0.07202,0.92396
34779580,2,2,0.0014,0.00446,0.99413
40595977,2,2,0.00425,0.01956,0.97619
5332473,2,2,0.00262,0.00403,0.99335
14223472,2,2,0.00988,0.02869,0.96143
24012142,0,0,0.95586,0.04124,0.0029
24143022,2,2,0.00163,0.01105,0.98732
23674837,0,0,0.9551,0.0426,0.00229
39210215,2,2,0.04434,0.09242,0.86324
14150331,2,2,0.0013,0.00367,0.99503
32670335,0,0,0.96014,0.03783,0.00204
35947846,2,2,0.0032,0.03889,0.95792
13453006,2,2,0.00214,0.021,0.97686
36063365,2,2,0.05148,0.1046,0.84392
14364214,1,0,0.97064,0.02664,0.00273
3643233,2,2,0.00088,0.0051,0.99403
37575163,2,2,0.00482,0.01797,0.97721
27237529,2,2,0.00105,0.00948,0.98947
33316611,2,2,0.0021,0.0083,0.9896
41161915,2,2,0.00118,0.00638,0.99244
5109917,2,2,0.00127,0.00781,0.99092
49516,2,2,0.00204,0.00394,0.99402
40109633,2,0,0.69939,0.22485,0.07576
21189302,2,2,0.00118,0.00722,0.9916
27881090,2,2,0.00091,0.0053,0.9938
10794316,0,0,0.98665,0.01075,0.0026
11233094,2,2,0.00171,0.00943,0.98886
29819049,2,2,0.00133,0.01008,0.98859
38689158,2,2,0.00111,0.00468,0.99421
23847776,0,0,0.60564,0.36734,0.02703
27917359,0,0,0.93474,0.06183,0.00342
39982312,2,2,0.00212,0.01345,0.98443
34352243,2,2,0.00385,0.02351,0.97264
34370505,1,1,0.35027,0.63923,0.01049
2304139,2,2,0.00183,0.00705,0.99112
2292109,2,2,0.00093,0.00534,0.99373
17282680,1,0,0.64857,0.34445,0.00698
10711486,2,2,0.0015,0.00394,0.99457
139577,2,2,0.00163,0.01101,0.98736
26467018,2,2,0.0217,0.43586,0.54244
3310237,2,2,0.00258,0.00422,0.9932
12798796,2,2,0.00188,0.02315,0.97496
29800362,2,2,0.00186,0.00643,0.99172
38159328,2,2,0.00118,0.00586,0.99296
2887211,0,0,0.61758,0.37458,0.00784
40932152,2,2,0.00107,0.01036,0.98857
4267899,0,0,0.83095,0.15613,0.01292
15159375,2,1,0.02347,0.8468,0.12973
28659869,2,2,0.00093,0.00648,0.99258
23352974,2,2,0.02479,0.09431,0.8809
19049083,2,2,0.00096,0.00604,0.99299
27587200,2,2,0.00113,0.00717,0.99171
29837501,2,2,0.00098,0.00471,0.99431
11097304,1,1,0.0535,0.86681,0.07969
32847122,0,0,0.75541,0.23493,0.00966
13592703,2,2,0.0012,0.0034,0.9954
14758967,1,1,0.44742,0.51498,0.0376
30493689,2,2,0.00421,0.02869,0.9671
18671132,0,2,0.17672,0.39437,0.42892
21008244,0,0,0.98824,0.00943,0.00234
36707290,2,2,0.00227,0.00946,0.98827
10937095,2,2,0.00172,0.00623,0.99205
24617596,0,0,0.98198,0.01606,0.00196
13492556,2,2,0.00106,0.00359,0.99535
21416359,2,2,0.00166,0.00901,0.98934
15600715,2,2,0.00116,0.004,0.99483
25092650,2,2,0.10042,0.07177,0.82781
25577359,2,2,0.00319,0.01014,0.98667
8218448,2,2,0.00113,0.00669,0.99219
2199929,0,0,0.9488,0.04745,0.00376
32584256,0,0,0.85846,0.13689,0.00465
11995563,0,0,0.98762,0.00882,0.00356
31036860,2,2,0.00098,0.00509,0.99393
501728,2,2,0.00187,0.01588,0.98226
10703313,2,2,0.00286,0.02564,0.9715
9183250,1,1,0.04641,0.90342,0.05018
24673685,2,2,0.00204,0.01872,0.97923
29608487,2,2,0.00194,0.00824,0.98982
22084419,2,2,0.0013,0.00633,0.99237
22360062,2,2,0.00137,0.01047,0.98815
33633030,0,0,0.98695,0.01092,0.00213
18173200,2,2,0.00854,0.10633,0.88512
16407804,1,1,0.04096,0.66107,0.29797
19337328,2,2,0.00295,0.04004,0.957
12539284,2,2,0.00106,0.00416,0.99478
37786491,2,1,0.05392,0.88052,0.06555
34780443,0,1,0.11024,0.8654,0.02436
22287564,2,2,0.02149,0.02099,0.95752
29676917,2,2,0.00177,0.02049,0.97774
10462265,0,0,0.89916,0.09626,0.00457
19762028,2,2,0.00172,0.01715,0.98113
32792501,2,2,0.00118,0.00546,0.99336
19022197,2,1,0.07787,0.85368,0.06845
29719501,2,2,0.00108,0.00619,0.99274
19777020,2,0,0.49119,0.48358,0.02523
32216993,2,2,0.01108,0.01434,0.97457
10025859,2,2,0.00106,0.00542,0.99352
38171808,2,1,0.3995,0.51902,0.08148
39395267,2,2,0.00128,0.00388,0.99484
5638609,1,0,0.86148,0.13263,0.0059
40040351,1,2,0.10723,0.27089,0.62189
17508093,2,2,0.00144,0.00824,0.99032
29912581,0,0,0.97741,0.02085,0.00175
26911323,1,1,0.21661,0.76794,0.01545
36771301,2,2,0.00182,0.01222,0.98596
31990474,0,0,0.96512,0.03283,0.00205
17612357,2,2,0.00126,0.00416,0.99458
4661830,0,0,0.60107,0.39112,0.00781
20663562,2,2,0.00423,0.00743,0.98834
7516927,2,2,0.00111,0.00614,0.99275
24384356,2,2,0.00155,0.01499,0.98346
11618351,2,2,0.00373,0.00967,0.9866
17185768,2,2,0.00116,0.00863,0.99021
23534842,2,2,0.00281,0.02735,0.96984
10939078,0,0,0.98584,0.01246,0.00171
16863816,0,0,0.8692,0.12719,0.00361
31831660,2,2,0.0013,0.00525,0.99345
34094319,2,2,0.03837,0.11522,0.84641
40238420,2,2,0.00101,0.00446,0.99452
37266867,2,2,0.00122,0.00359,0.99519
31596300,0,1,0.25075,0.73413,0.01512
9923268,1,1,0.0809,0.83315,0.08595
24196198,0,0,0.56235,0.42782,0.00983
30764877,2,2,0.00873,0.05842,0.93285
40028241,0,0,0.96439,0.03224,0.00337
22840731,0,0,0.6838,0.30582,0.01038
8273168,2,2,0.00221,0.00385,0.99395
8362619,2,2,0.00625,0.06599,0.92776
34924280,2,2,0.00192,0.00486,0.99322
23732853,2,2,0.00104,0.00628,0.99267
39218956,0,0,0.92964,0.06787,0.00249
9706906,2,2,0.05949,0.36725,0.57327
5053442,2,2,0.00191,0.00999,0.9881
35757356,2,2,0.00979,0.14955,0.84066
40752828,1,1,0.19237,0.78501,0.02262
23714198,2,2,0.00103,0.00568,0.99329
38336133,2,2,0.00623,0.02446,0.96931
40228107,0,1,0.13013,0.78634,0.08353
28013109,2,2,0.00376,0.01653,0.97971
39992736,0,0,0.86931,0.12281,0.00788
27801781,2,2,0.00129,0.00933,0.98938
3718430,2,2,0.00116,0.00853,0.99031
2728624,2,2,0.00101,0.00373,0.99526
19030735,2,2,0.00179,0.01275,0.98546
20975952,2,1,0.08397,0.88618,0.02985
22085469,2,2,0.00116,0.00915,0.98969
15481473,2,2,0.00114,0.00568,0.99318
39533551,1,1,0.04148,0.92955,0.02896
33590024,1,0,0.64087,0.34572,0.01341
34805055,2,1,0.11682,0.77681,0.10637
6991661,2,2,0.00376,0.03186,0.96438
15821268,2,2,0.00238,0.00585,0.99177
18007780,2,2,0.00339,0.04067,0.95594
10751080,1,0,0.58486,0.39574,0.0194
29171452,2,2,0.02077,0.05386,0.92537
21550552,0,1,0.31181,0.56022,0.12797
21195757,2,2,0.23533,0.31283,0.45184
15802966,2,2,0.00167,0.01695,0.98138
19890043,0,1,0.36003,0.62696,0.01301
95979,0,0,0.54306,0.44324,0.0137
23907978,2,2,0.00535,0.02251,0.97215
29766909,2,0,0.8301,0.15843,0.01148
6611101,0,0,0.82064,0.16935,0.01001
1452585,2,2,0.00183,0.01946,0.97871
13976957,2,2,0.00151,0.00722,0.99126
20922708,0,0,0.98507,0.01315,0.00179
30222832,2,2,0.00135,0.01266,0.98599
1471326,2,2,0.00573,0.0601,0.93417
7480380,2,2,0.00147,0.00433,0.9942
7534732,2,2,0.0013,0.0053,0.99341
39808104,2,1,0.35312,0.57542,0.07146
16697360,2,2,0.00101,0.00643,0.99256
26836070,2,2,0.00111,0.00385,0.99504
13962570,2,2,0.00334,0.00945,0.9872
15634552,2,2,0.00207,0.00768,0.99025
7462456,2,2,0.00121,0.00908,0.98971
33619002,0,0,0.83686,0.15602,0.00713
24967573,2,2,0.00108,0.00397,0.99495
29289027,1,1,0.35401,0.61647,0.02952
14638346,2,2,0.00362,0.02307,0.97331
5532934,0,0,0.56854,0.41595,0.01551
8247420,2,2,0.00122,0.00359,0.99519
35499627,2,2,0.00208,0.01481,0.9831
32052267,0,0,0.94306,0.05468,0.00227
40212433,1,2,0.00425,0.06279,0.93295
11387564,2,1,0.02979,0.90515,0.06506
7967351,2,2,0.00259,0.03136,0.96605
23760676,0,0,0.96178,0.03639,0.00183
21527415,1,0,0.86432,0.131,0.00468
12404272,2,2,0.00647,0.06234,0.93119
4551428,2,2,0.00284,0.01574,0.98142
17472466,2,2,0.00447,0.05965,0.93588
31085023,2,2,0.00111,0.00604,0.99285
18444421,2,2,0.0022,0.00976,0.98804
27471356,2,2,0.00114,0.007,0.99185
20910396,0,0,0.8393,0.15285,0.00785
5337858,2,2,0.00156,0.00929,0.98915
20217242,0,0,0.94411,0.05347,0.00241
31616245,1,1,0.1359,0.85223,0.01187
14478415,2,2,0.00143,0.00367,0.9949
16219140,2,1,0.01783,0.65865,0.32352
35291038,2,2,0.00107,0.00653,0.99239
20570313,2,2,0.00181,0.01516,0.98303
20157280,2,2,0.00131,0.00962,0.98907
8805128,2,2,0.00116,0.00525,0.99358
18097015,2,2,0.00115,0.00394,0.99491
18238617,2,2,0.00245,0.0227,0.97484
6133675,0,0,0.59514,0.3903,0.01455
16686132,2,2,0.00197,0.00925,0.98878
17570663,2,2,0.00138,0.00628,0.99234
27662071,2,2,0.0465,0.09653,0.85698
20668221,1,1,0.02631,0.90598,0.06771
39300790,2,2,0.0012,0.0086,0.9902
24860333,2,2,0.00852,0.09487,0.89661
41158788,0,0,0.60768,0.3476,0.04471
5629094,2,2,0.00195,0.00367,0.99438
33858898,2,2,0.00111,0.00581,0.99308
7712160,2,2,0.00256,0.0113,0.98614
37689020,2,2,0.0193,0.02104,0.95966
16876300,2,2,0.00264,0.04156,0.9558
22755267,2,2,0.00263,0.01574,0.98163
33822172,2,2,0.00448,0.04362,0.9519
26237784,2,2,0.00139,0.01218,0.98643
37926441,2,2,0.00111,0.00403,0.99485
26946837,2,1,0.41429,0.44883,0.13688
22948539,2,2,0.0012,0.00572,0.99308
734068,2,2,0.00137,0.01213,0.9865
28504153,2,2,0.00124,0.00468,0.99408
17600881,2,2,0.00188,0.00876,0.98936
13924933,2,2,0.00174,0.00863,0.98963
23311725,2,2,0.00128,0.00711,0.99161
24819855,2,2,0.01284,0.33374,0.65342
10396761,2,1,0.05043,0.89734,0.05223
36947835,0,0,0.97793,0.01914,0.00292
11958703,2,2,0.00171,0.00811,0.99018
22045410,2,2,0.00195,0.00456,0.99349
26865400,2,2,0.00123,0.00844,0.99033
36647845,2,2,0.00153,0.01136,0.98711
24877451,2,2,0.00255,0.01562,0.98183
18121789,2,2,0.00249,0.02194,0.97557
17790959,2,1,0.37197,0.61327,0.01476
26151635,2,2,0.00244,0.01436,0.98321
24877753,2,2,0.00157,0.01718,0.98125
29461102,2,2,0.00351,0.02212,0.97436
33973322,2,2,0.00763,0.1102,0.88217
19412393,1,1,0.06667,0.89729,0.03604
19764179,0,0,0.95756,0.03962,0.00282
40725090,0,0,0.98934,0.00779,0.00287
40381639,2,2,0.12561,0.20851,0.66588
22471999,2,2,0.0119,0.065,0.9231
36320094,2,2,0.00189,0.01748,0.98063
12846077,2,2,0.0013,0.00633,0.99237
37812507,2,2,0.00214,0.02173,0.97613
323897,2,2,0.00277,0.01157,0.98567
35894613,2,2,0.00242,0.00652,0.99106
10738678,2,2,0.00259,0.0306,0.96681
15536188,2,2,0.00454,0.00651,0.98895
11584873,2,2,0.00132,0.00406,0.99462
8421210,2,2,0.04224,0.10272,0.85504
38717331,2,2,0.00103,0.00643,0.99254
39717722,2,2,0.00092,0.00468,0.9944
1452457,2,2,0.00164,0.0188,0.97955
825900,2,2,0.00172,0.00609,0.9922
10732625,2,2,0.00109,0.0037,0.9952
18035795,0,0,0.85244,0.14135,0.00621
3731587,2,2,0.00526,0.08153,0.91321
35157220,2,1,0.0171,0.68324,0.29965
6858027,2,2,0.00097,0.00443,0.9946
14289095,2,2,0.00322,0.0477,0.94908
1969922,2,2,0.00251,0.01436,0.98313
18774072,2,2,0.00204,0.02289,0.97508
5415644,1,1,0.03562,0.65662,0.30775
23448763,2,2,0.00938,0.04867,0.94195
34988366,2,1,0.05883,0.85111,0.09006
1238777,2,2,0.00781,0.04662,0.94557
18421669,2,2,0.0018,0.01866,0.97954
22439190,2,2,0.00116,0.00787,0.99097
16823068,2,2,0.00165,0.01256,0.98579
36301253,2,2,0.00096,0.00633,0.9927
34923590,0,0,0.92164,0.07477,0.00359
35631944,2,2,0.00134,0.00722,0.99144
29400363,0,0,0.98418,0.01283,0.00299
31256037,2,2,0.00112,0.0076,0.99128
19507846,2,2,0.00116,0.00674,0.9921
2656332,0,0,0.9879,0.00976,0.00234
40208696,2,2,0.02295,0.15531,0.82174
36029034,0,0,0.97167,0.02646,0.00188
8315362,2,2,0.0034,0.02416,0.97245
17210269,2,2,0.0163,0.11451,0.86919
34565436,2,2,0.00306,0.01973,0.9772
36756877,0,0,0.96458,0.03275,0.00267
28838889,2,2,0.06997,0.0909,0.83914
37685776,2,2,0.00166,0.00586,0.99248
3738843,2,2,0.00096,0.00834,0.9907
13475014,2,2,0.00108,0.00595,0.99297
36159327,2,2,0.00304,0.02663,0.97033
649358,2,2,0.00109,0.00388,0.99503
28655295,2,2,0.00581,0.01643,0.97775
28484975,2,2,0.00815,0.13436,0.8575
22625204,2,2,0.00182,0.0075,0.99067
33988260,2,2,0.00126,0.00525,0.99349
9731972,2,2,0.0012,0.00379,0.99501
35921725,2,2,0.00434,0.00612,0.98954
1709061,2,1,0.46893,0.51502,0.01605
18172906,2,2,0.00379,0.05442,0.94179
12323140,2,2,0.00196,0.01581,0.98223
41005778,0,0,0.53111,0.34899,0.1199
12683019,2,1,0.04826,0.90348,0.04826
32899548,2,2,0.00149,0.00563,0.99287
23781055,2,2,0.00189,0.02045,0.97766
22427620,2,2,0.00439,0.01805,0.97757
32794640,0,0,0.97184,0.0261,0.00206
18235278,2,2,0.00601,0.08782,0.90617
19726486,1,0,0.74289,0.23468,0.02243
27434731,2,2,0.32321,0.2241,0.45269
14517574,2,2,0.00262,0.00489,0.99249
36772209,2,2,0.00084,0.00475,0.99441
17452501,2,2,0.00131,0.01158,0.98711
37983734,2,2,0.00324,0.00953,0.98723
26873779,2,2,0.00177,0.00943,0.9888
31618350,1,0,0.88186,0.11344,0.0047
18301231,0,0,0.98046,0.01799,0.00154
22960398,2,1,0.30294,0.67738,0.01967
29691737,0,0,0.92326,0.07189,0.00484
3112548,2,2,0.03986,0.03153,0.92862
29131497,0,0,0.98904,0.00911,0.00185
20448385,2,2,0.0014,0.01039,0.98821
36362409,0,0,0.96192,0.03562,0.00246
4810264,2,2,0.00085,0.00559,0.99356
37642526,2,2,0.00084,0.00502,0.99414
1938904,2,1,0.20695,0.4878,0.30525
32685761,0,0,0.79128,0.20322,0.0055
7882969,0,1,0.25923,0.72703,0.01374
25541947,2,2,0.00098,0.00373,0.99529
12701588,2,2,0.00669,0.0307,0.96261
33708601,2,2,0.00101,0.00367,0.99531
9230796,2,2,0.00854,0.13385,0.85761
11587644,1,1,0.0959,0.88235,0.02175
1254803,2,2,0.00257,0.00642,0.991
14490865,2,2,0.00562,0.06347,0.93091
32528336,2,2,0.00098,0.00506,0.99396
41325856,2,2,0.00118,0.00633,0.99249
21628711,2,2,0.00575,0.07118,0.92307
4768480,2,2,0.00297,0.01951,0.97752
17356731,2,2,0.00092,0.00397,0.99511
41140612,0,0,0.641,0.3458,0.0132
30755327,0,0,0.95393,0.04371,0.00236
10509241,2,2,0.12561,0.20851,0.66588
36020339,2,2,0.01199,0.05722,0.93078
24868561,0,1,0.03548,0.57255,0.39197
34784936,2,2,0.00147,0.0059,0.99263
9562131,2,2,0.00092,0.00416,0.99492
23006019,2,2,0.00174,0.00716,0.99109
8095936,2,2,0.00278,0.02399,0.97324
39764231,2,2,0.00131,0.01027,0.98841
9507118,2,2,0.02389,0.05844,0.91768
33308445,2,2,0.00219,0.02881,0.96901
36465910,0,0,0.98887,0.00936,0.00177
558243,0,0,0.97427,0.02359,0.00213
36779480,2,2,0.01727,0.27655,0.70618
12114241,2,2,0.01184,0.22073,0.76743
15911530,2,2,0.00181,0.01415,0.98404
33877960,2,2,0.0014,0.00911,0.98949
17714996,2,2,0.12074,0.14823,0.73103
36044522,2,2,0.00175,0.0045,0.99376
327517,2,2,0.00129,0.0094,0.98931
34309103,0,0,0.9889,0.00869,0.00241
34732814,0,0,0.79934,0.1906,0.01006
36071829,2,2,0.0015,0.01341,0.98509
40831555,0,0,0.81797,0.17484,0.00719
24505937,0,1,0.25965,0.72821,0.01214
30491187,2,2,0.00237,0.02483,0.97279
6117543,2,2,0.03408,0.14664,0.81928
15696864,2,2,0.00154,0.00673,0.99173
8587305,2,2,0.01966,0.20726,0.77308
19191320,2,2,0.00227,0.0091,0.98863
22424542,2,2,0.00097,0.00443,0.9946
15692441,2,2,0.00964,0.13621,0.85415
41116976,2,2,0.00102,0.00908,0.9899
10458896,2,2,0.00216,0.00843,0.98941
4093560,2,2,0.00111,0.00722,0.99167
29215266,2,2,0.00955,0.183,0.80745
13078308,0,0,0.89303,0.10257,0.0044
4769062,2,2,0.00137,0.01119,0.98744
19348849,2,2,0.00223,0.02493,0.97284
21587369,2,2,0.00132,0.00658,0.9921
11269706,2,2,0.16306,0.25429,0.58265
3489245,0,0,0.87018,0.12585,0.00397
17990529,2,2,0.00114,0.00581,0.99304
37537828,0,0,0.53363,0.43896,0.02741
33350817,0,1,0.12782,0.78604,0.08615
18662502,2,2,0.00645,0.14857,0.84498
10512432,2,2,0.0026,0.01254,0.98486
21343286,2,2,0.0024,0.01235,0.98524
34540578,2,2,0.00168,0.01241,0.98591
41300278,2,2,0.00396,0.01229,0.98375
30681596,2,2,0.00349,0.01407,0.98244
7776518,2,2,0.00139,0.01167,0.98694
38428632,2,2,0.01283,0.02971,0.95746
39559159,2,2,0.00103,0.00568,0.99329
9178961,2,2,0.00189,0.01923,0.97888
4931891,2,2,0.0087,0.03206,0.95924
26345234,2,2,0.00106,0.00546,0.99348
29067277,2,2,0.00635,0.08078,0.91287
37273352,0,0,0.98749,0.0108,0.00171
951632,0,0,0.52476,0.46309,0.01215
19250964,0,1,0.24172,0.73875,0.01953
351341,2,2,0.00185,0.00798,0.99016
5787010,2,2,0.00124,0.00337,0.99539
4138571,2,2,0.00103,0.00604,0.99293
24997081,1,1,0.43641,0.55168,0.01191
33289083,0,0,0.79379,0.19377,0.01244
18665214,0,0,0.9257,0.07028,0.00403
10654060,0,0,0.88193,0.11213,0.00594
40001193,2,2,0.0069,0.08884,0.90426
123415,2,2,0.00096,0.00568,0.99336
20539143,2,2,0.00165,0.01431,0.98404
13608733,0,1,0.30139,0.68452,0.0141
10869680,2,2,0.00088,0.00457,0.99455
10970994,2,2,0.00284,0.01623,0.98093
29600987,2,2,0.00322,0.02995,0.96683
8834168,2,2,0.00183,0.01768,0.98049
25714324,2,2,0.00177,0.00509,0.99314
3741759,2,2,0.00505,0.07692,0.91803
995078,2,2,0.00125,0.01204,0.98671
26324876,0,0,0.8789,0.11619,0.00491
16738182,0,0,0.92775,0.06934,0.00291
38987331,2,2,0.00085,0.00498,0.99417
1936320,2,2,0.00212,0.01436,0.98352
27777010,0,0,0.95663,0.04118,0.00219
19420836,2,2,0.00113,0.00711,0.99176
36476266,2,2,0.00136,0.00521,0.99343
10542154,2,2,0.31925,0.21782,0.46293
36243218,2,2,0.00516,0.0111,0.98374
18964380,2,2,0.00232,0.01815,0.97953
10228766,2,2,0.00115,0.0041,0.99476
14039527,2,2,0.00103,0.00568,0.99329
33379350,0,0,0.89527,0.10064,0.00408
38386332,0,0,0.88587,0.10726,0.00687
9078601,2,2,0.001,0.00521,0.99379
11991655,2,2,0.00089,0.0042,0.99491
16911449,2,2,0.00134,0.00722,0.99144
2120135,2,2,0.00093,0.00595,0.99311
8826808,0,0,0.80581,0.18917,0.00502
25802042,0,0,0.88759,0.1081,0.00431
30314218,2,2,0.01208,0.25818,0.72975
2432423,2,2,0.00101,0.00559,0.9934
16663757,2,0,0.53646,0.43444,0.02911
15028670,1,1,0.07614,0.86123,0.06263
40185427,2,2,0.3836,0.14732,0.46908
31986073,2,2,0.00272,0.01497,0.98231
39087066,2,2,0.00727,0.025,0.96773
37337250,2,2,0.17832,0.11225,0.70943
18174272,1,0,0.69219,0.29771,0.01011
24303574,2,1,0.04378,0.52095,0.43527
29944545,2,2,0.00118,0.00648,0.99234
39133839,2,2,0.0013,0.00633,0.99237
15051543,2,2,0.00469,0.01326,0.98205
31168852,2,2,0.00849,0.20324,0.78827
4631433,0,0,0.98626,0.01162,0.00212
4234436,2,2,0.00103,0.00623,0.99274
3670929,2,2,0.00133,0.01426,0.98441
31518513,2,2,0.00523,0.02927,0.9655
22251694,2,1,0.25805,0.67195,0.07
39604967,0,0,0.98939,0.00804,0.00257
28574766,2,2,0.00151,0.00733,0.99115
27760812,0,0,0.85353,0.13637,0.01009
6244511,2,2,0.0012,0.00482,0.99398
24320631,0,0,0.94419,0.0528,0.00301
30206944,2,2,0.00126,0.00595,0.99279
15296448,2,2,0.0016,0.01511,0.98329
29155071,1,1,0.0281,0.75938,0.21253
4626083,2,2,0.03017,0.3733,0.59653
31013906,1,0,0.6928,0.29565,0.01155
14296037,0,0,0.55575,0.41139,0.03286
21995210,2,2,0.00592,0.07339,0.92069
16253709,2,2,0.00302,0.03361,0.96337
12619524,2,2,0.00232,0.01593,0.98175
40336844,2,2,0.0014,0.00653,0.99207
34204546,2,2,0.10739,0.0707,0.82191
23162440,1,1,0.15002,0.82056,0.02943
14549976,2,2,0.00199,0.01581,0.9822
2777755,2,2,0.03309,0.34747,0.61944
26803477,0,0,0.96488,0.03323,0.00189
24696015,2,2,0.00127,0.0079,0.99083
3588405,2,2,0.00179,0.00969,0.98852
17981292,2,2,0.00157,0.0045,0.99394
28311518,2,2,0.00128,0.00577,0.99296
14797590,2,2,0.00159,0.00467,0.99374
10999490,2,2,0.00111,0.00446,0.99443
503804,2,2,0.00122,0.00775,0.99104
31611387,0,0,0.93429,0.06296,0.00275
36252016,0,0,0.9873,0.01114,0.00156
36838047,2,2,0.00182,0.0083,0.98988
3430619,2,2,0.00143,0.00486,0.99371
40722095,1,0,0.59231,0.39766,0.01003
29414382,2,2,0.001,0.00388,0.99512
20743353,2,2,0.00342,0.04968,0.9469
6487933,2,2,0.00508,0.04114,0.95378
9748200,1,1,0.46158,0.52714,0.01129
30893907,2,2,0.00176,0.01051,0.98773
6897789,2,2,0.00767,0.04848,0.94385
6838467,2,2,0.00149,0.00436,0.99415
28150776,2,2,0.00107,0.00827,0.99065
30338635,2,2,0.00486,0.02554,0.96961
2980061,0,0,0.90579,0.08829,0.00592
19031999,2,2,0.09943,0.19949,0.70107
36796734,2,2,0.00197,0.00811,0.98992
27543096,2,2,0.01508,0.12876,0.85616
13553473,2,2,0.00113,0.00663,0.99224
21676507,2,2,0.00164,0.0041,0.99426
15890435,2,2,0.01225,0.07326,0.91449
36933761,0,0,0.57576,0.41471,0.00953
16687260,2,2,0.00246,0.00572,0.99183
32097366,2,2,0.00366,0.02801,0.96833
4623907,0,0,0.98371,0.01459,0.0017
37001719,2,2,0.00185,0.01105,0.9871
18109559,2,0,0.85814,0.083,0.05886
41428040,0,0,0.97372,0.02419,0.0021
34316252,2,2,0.02876,0.04798,0.92325
8355565,2,2,0.35129,0.06498,0.58373
2160949,2,2,0.00138,0.00397,0.99465
3737821,0,0,0.89816,0.09805,0.00379
30524379,2,1,0.37438,0.60296,0.02266
3862846,2,2,0.001,0.00407,0.99494
38175000,2,2,0.00099,0.00628,0.99272
20807643,2,2,0.00126,0.00711,0.99163
21218948,0,0,0.94047,0.05737,0.00216
3877959,2,2,0.00852,0.09487,0.89661
26647258,2,2,0.00126,0.00391,0.99483
39382358,2,2,0.01306,0.0494,0.93754
24779478,2,2,0.00127,0.00811,0.99061
4338904,2,2,0.0034,0.00726,0.98933
38247148,0,1,0.33472,0.64518,0.0201
35693239,2,2,0.00588,0.05013,0.94399
40669222,0,1,0.21907,0.72818,0.05275
38674866,2,2,0.0053,0.08946,0.90524
22028718,2,2,0.0012,0.00443,0.99437
39536902,2,2,0.00092,0.00385,0.99523
7729135,2,2,0.00169,0.00403,0.99427
15696610,2,1,0.38847,0.57637,0.03516
18949993,2,2,0.00207,0.02088,0.97705
23826131,2,2,0.00096,0.00546,0.99357
3828632,0,0,0.88823,0.10093,0.01084
22231705,2,2,0.00208,0.016,0.98192
13626574,1,0,0.68399,0.3083,0.00772
6850942,2,2,0.00155,0.01305,0.9854
14116685,2,2,0.00801,0.0521,0.93989
27739826,2,2,0.00313,0.04253,0.95434
41286666,2,2,0.00099,0.00763,0.99138
16696465,2,2,0.00154,0.00609,0.99237
13927253,2,2,0.00136,0.007,0.99164
34256145,2,2,0.00116,0.00433,0.99451
20358846,2,2,0.00109,0.00429,0.99461
12456130,2,2,0.00122,0.00643,0.99235
24330696,2,2,0.06888,0.04482,0.8863
36292322,0,0,0.88437,0.10919,0.00644
11141061,0,0,0.97307,0.0247,0.00223
27297325,2,1,0.05223,0.62153,0.32624
11727256,2,2,0.00097,0.00486,0.99417
19346496,2,2,0.00415,0.05604,0.93981
27923607,2,2,0.00295,0.02506,0.97199
5417272,2,2,0.00137,0.0102,0.98843
22337752,1,1,0.17217,0.80393,0.0239
28665966,0,0,0.85673,0.13877,0.0045
18418506,2,2,0.0029,0.02663,0.97047
38100858,2,2,0.00136,0.01709,0.98155
11459517,0,0,0.84562,0.14695,0.00743
1310747,2,2,0.00104,0.00446,0.99449
12387606,2,2,0.00103,0.00403,0.99494
15762406,2,2,0.0012,0.00471,0.99409
35894104,2,2,0.00119,0.01064,0.98817
14746257,2,2,0.00101,0.00643,0.99256
36854872,1,1,0.04707,0.89504,0.05789
14565226,2,2,0.00102,0.00784,0.99114
9086156,2,2,0.00123,0.00922,0.98955
868512,2,2,0.0008,0.00464,0.99456
33603826,0,0,0.92107,0.07516,0.00376
27236269,2,2,0.00367,0.0407,0.95564
25709494,2,2,0.00111,0.00905,0.98985
38342617,2,2,0.00504,0.03444,0.96052
20914891,2,2,0.00514,0.04563,0.94923
15140234,2,2,0.00138,0.00479,0.99383
29462154,2,2,0.00713,0.02188,0.971
18847643,1,1,0.35325,0.63467,0.01209
6322079,2,2,0.00116,0.00595,0.99289
19647109,2,2,0.02398,0.23016,0.74587
28124668,2,2,0.00121,0.01028,0.98851
33809237,2,2,0.00106,0.00663,0.99231
13602967,0,0,0.80492,0.18314,0.01194
672968,2,2,0.00879,0.17456,0.81665
32960322,1,2,0.01411,0.42219,0.5637
16299919,0,0,0.64088,0.35117,0.00794
8352041,2,2,0.00949,0.03767,0.95284
8409377,0,0,0.96304,0.03417,0.00279
21967878,2,2,0.00166,0.00977,0.98857
3704460,0,0,0.89916,0.09459,0.00625
6790698,2,2,0.00266,0.0202,0.97714
18111677,2,2,0.00152,0.00501,0.99347
38687742,2,2,0.00095,0.00461,0.99444
16836368,2,2,0.00171,0.00932,0.98896
39317763,2,2,0.00448,0.02831,0.96721
29673987,2,2,0.01181,0.2635,0.7247
13117606,2,2,0.00134,0.00406,0.9946
34713497,2,2,0.00168,0.01203,0.98629
22664859,2,2,0.0009,0.00723,0.99187
8871026,0,0,0.96418,0.03381,0.00201
21146410,1,0,0.95302,0.04446,0.00251
11149434,2,2,0.00181,0.01482,0.98337
30265443,2,2,0.0018,0.00436,0.99384
3834535,2,2,0.00339,0.01014,0.98647
17708321,2,2,0.0026,0.01345,0.98396
38790417,2,2,0.00104,0.00359,0.99537
36194060,2,2,0.00302,0.03176,0.96521
31602764,2,2,0.00182,0.00837,0.98981
29247732,2,2,0.0022,0.00976,0.98804
23539336,2,2,0.00162,0.00439,0.99399
36372896,0,0,0.9513,0.04568,0.00303
35966535,0,0,0.89163,0.10566,0.00271
34987955,2,2,0.00258,0.01871,0.97871
3777103,0,0,0.98393,0.01426,0.00181
31576749,2,2,0.00138,0.00944,0.98919
2707991,0,0,0.92314,0.07373,0.00313
33876386,2,1,0.02274,0.61456,0.3627
24007260,2,2,0.00242,0.00637,0.99121
26018824,2,1,0.02537,0.63914,0.33549
17924195,2,2,0.00145,0.0055,0.99305
37560151,2,2,0.0012,0.00787,0.99094
26404794,2,2,0.00128,0.00648,0.99224
11196760,2,2,0.02152,0.41902,0.55946
16462396,2,2,0.00184,0.01285,0.98531
20576696,2,2,0.00397,0.03911,0.95692
39946768,0,0,0.84341,0.15181,0.00479
2544206,2,2,0.00136,0.00668,0.99196
31282709,2,2,0.00445,0.01993,0.97562
34313579,0,0,0.6194,0.36986,0.01074
17491413,2,2,0.00098,0.00382,0.9952
33552577,0,0,0.76329,0.23098,0.00574
25383054,0,0,0.98899,0.00907,0.00194
41422037,0,0,0.49083,0.47946,0.02971
32216978,2,2,0.14213,0.15278,0.70508
20146853,2,2,0.00144,0.01064,0.98792
10419263,2,2,0.00494,0.0682,0.92686
31537478,2,2,0.0021,0.00823,0.98967
20470823,2,2,0.02098,0.46277,0.51625
32206976,2,2,0.00106,0.00742,0.99152
25146040,0,0,0.9584,0.03895,0.00265
4366721,2,2,0.00173,0.01528,0.98299
16003544,0,1,0.18446,0.74833,0.0672
14911106,2,2,0.00134,0.00433,0.99433
10534487,0,0,0.78679,0.20525,0.00796
1188082,2,2,0.0016,0.01131,0.98708
30376610,0,0,0.60323,0.3588,0.03797
34683039,0,0,0.78376,0.20606,0.01018
15368055,2,2,0.00188,0.00962,0.98851
1999769,2,2,0.00156,0.00638,0.99206
36473579,0,0,0.98834,0.0081,0.00356
21024167,0,2,0.00369,0.02097,0.97535
9359085,2,2,0.00351,0.00732,0.98917
10723223,2,2,0.0013,0.00356,0.99514
25955925,2,2,0.00233,0.01153,0.98614
26492647,2,2,0.01315,0.02053,0.96632
14086361,2,2,0.00113,0.00365,0.99522
9408545,2,2,0.01039,0.23827,0.75134
16072884,1,1,0.44215,0.52098,0.03687
34486421,2,2,0.00088,0.00468,0.99444
34405698,2,2,0.0052,0.01954,0.97526
14804832,2,2,0.00101,0.00436,0.99463
15623048,2,2,0.01931,0.08603,0.89467
41564406,1,1,0.13453,0.8189,0.04656
2587090,2,2,0.00114,0.00751,0.99135
9253208,2,1,0.36198,0.62544,0.01258
17767395,0,0,0.98797,0.01015,0.00188
34574021,0,0,0.92154,0.07433,0.00414
40572575,2,2,0.00272,0.01299,0.98429
35114473,0,0,0.91956,0.05948,0.02096
35401098,2,2,0.00111,0.00359,0.9953
18152625,2,2,0.00161,0.00873,0.98966
25014963,2,2,0.00375,0.04956,0.94669
32252532,2,2,0.00292,0.02214,0.97495
8487219,2,2,0.0013,0.00521,0.99349
14467732,2,2,0.00182,0.0089,0.98928
8026881,2,0,0.49277,0.25993,0.2473
40541586,2,2,0.005,0.07149,0.92351
2161225,2,2,0.00451,0.02111,0.97438
23899346,2,2,0.00151,0.01171,0.98678
9924986,2,2,0.0032,0.02317,0.97364
1147464,2,2,0.002,0.0225,0.9755
32399103,0,1,0.42357,0.55677,0.01966
9478055,2,2,0.0013,0.00546,0.99324
35438362,0,0,0.68954,0.29773,0.01273
23049514,2,2,0.00468,0.04548,0.94984
9641496,2,2,0.03772,0.02297,0.93931
2587095,2,2,0.00134,0.00479,0.99387
12514880,2,2,0.00137,0.01237,0.98626
37150982,2,1,0.04532,0.84848,0.1062
23443043,2,2,0.07317,0.205,0.72183
19640059,2,2,0.0089,0.02439,0.96671
31163485,2,2,0.00116,0.00439,0.99444
29203296,2,2,0.00465,0.08158,0.91377
704506,2,2,0.00274,0.02291,0.97435
41420701,2,2,0.00138,0.00643,0.99219
9704833,2,1,0.03952,0.85151,0.10897
38901043,0,0,0.84733,0.14898,0.00369
9403726,2,2,0.00121,0.00891,0.98988
6778919,2,2,0.00088,0.00471,0.99441
22165683,0,0,0.6268,0.36561,0.00759
24246400,0,0,0.91298,0.08279,0.00423
27169824,0,0,0.98879,0.00876,0.00245
4448901,2,2,0.00116,0.00915,0.98969
18891430,2,2,0.00101,0.00551,0.99348
8552469,2,2,0.00824,0.11071,0.88105
8060787,2,2,0.00183,0.00576,0.99241
31067027,2,2,0.00188,0.01122,0.9869
19052340,2,2,0.00696,0.12377,0.86927
36570550,0,0,0.97443,0.02383,0.00174
16370300,2,2,0.0097,0.08954,0.90076
33722351,0,2,0.08318,0.13687,0.77996
34575701,2,2,0.00205,0.01377,0.98418
24139610,2,2,0.08235,0.21725,0.7004
21342568,2,0,0.59157,0.39407,0.01435
24580691,1,0,0.88329,0.11362,0.00309
3013782,0,1,0.15822,0.81615,0.02563
9138097,2,2,0.001,0.00509,0.99391
4080391,0,0,0.80126,0.19181,0.00693
30476688,1,0,0.66123,0.33249,0.00628
8568142,1,0,0.53281,0.43828,0.02891
19921237,0,0,0.826,0.16651,0.00749
13116524,0,2,0.0094,0.01625,0.97435
1226873,2,2,0.00123,0.00857,0.9902
32708910,2,1,0.03353,0.66295,0.30352
10031033,0,0,0.95607,0.0402,0.00373
36389629,2,2,0.00115,0.00453,0.99432
12518517,2,2,0.0047,0.01077,0.98453
24290291,2,1,0.02222,0.83398,0.1438
22831838,2,2,0.00481,0.03524,0.95995
40940925,0,0,0.98621,0.01166,0.00212
14030053,2,2,0.00213,0.02585,0.97202
26022297,2,2,0.00113,0.00525,0.99362
24846680,2,2,0.00221,0.00497,0.99282
39685128,2,2,0.00122,0.00706,0.99173
28876552,2,2,0.00109,0.00568,0.99323
28457591,0,0,0.86804,0.12902,0.00294
6108684,2,2,0.00285,0.02841,0.96874
20409875,2,2,0.00273,0.02589,0.97138
8836560,2,2,0.00186,0.01809,0.98005
21052702,0,0,0.81624,0.17791,0.00585
41137145,2,2,0.00099,0.00577,0.99324
17242024,1,1,0.02421,0.71857,0.25722
38626514,2,2,0.00242,0.00637,0.99121
19530290,0,0,0.96958,0.02877,0.00165
22990339,2,2,0.00558,0.05582,0.9386
10622981,2,2,0.00315,0.00767,0.98918
19734677,2,2,0.00116,0.004,0.99483
37939616,2,0,0.53047,0.45021,0.01932
7400779,1,1,0.15412,0.74522,0.10066
39788692,2,2,0.00232,0.0185,0.97918
19056543,2,2,0.00266,0.01997,0.97737
977458,2,2,0.02289,0.45616,0.52095
35287003,2,2,0.00182,0.00977,0.98841
14444664,2,2,0.00149,0.00443,0.99408
23441121,0,0,0.98693,0.01114,0.00194
37389825,2,2,0.00091,0.00614,0.99296
34611216,2,2,0.00198,0.021,0.97702
38679507,2,2,0.00192,0.0055,0.99258
9742803,2,2,0.00143,0.01632,0.98225
28949125,2,2,0.00231,0.0037,0.99399
22366355,2,2,0.00427,0.01489,0.98084
25557591,0,0,0.58947,0.39886,0.01167
2360211,2,2,0.00665,0.02115,0.9722
11833970,2,2,0.00176,0.01351,0.98473
14648140,2,2,0.00165,0.01528,0.98307
23827714,2,2,0.00138,0.00521,0.99341
34801661,0,1,0.36795,0.62103,0.01102
17630886,2,2,0.00104,0.00595,0.99301
16640152,0,0,0.95775,0.03896,0.0033
25487807,2,0,0.88247,0.1111,0.00643
29484621,0,0,0.97945,0.01808,0.00247
12475472,2,2,0.00149,0.00733,0.99117
3102511,2,2,0.00867,0.03524,0.95609
20791426,2,2,0.00134,0.00648,0.99218
32350517,0,0,0.97577,0.02259,0.00164
32399314,2,2,0.00207,0.01994,0.97798
18207745,0,0,0.98296,0.01452,0.00251
36748247,2,2,0.0022,0.00976,0.98804
10416627,1,1,0.06286,0.9139,0.02324
27330801,2,2,0.01718,0.11555,0.86727
14360702,2,1,0.01657,0.6828,0.30063
6642262,2,2,0.00101,0.00551,0.99348
186797,2,2,0.00107,0.00633,0.99259
30516848,2,2,0.00116,0.00915,0.98969
38131108,0,0,0.80918,0.18483,0.00599
36510630,1,0,0.94676,0.05062,0.00262
18034718,0,0,0.98799,0.01007,0.00194
34451711,2,2,0.00124,0.00722,0.99154
22919872,1,0,0.68569,0.25053,0.06378
28006709,2,2,0.00387,0.01812,0.978
31356104,2,2,0.00267,0.0155,0.98183
24600750,2,2,0.00097,0.0041,0.99494
7544348,0,0,0.98112,0.01649,0.00239
39026609,1,0,0.83759,0.15494,0.00748
9164768,2,1,0.09107,0.51796,0.39097
35867788,2,2,0.01793,0.36448,0.61758
22427673,2,2,0.00116,0.0041,0.99474
17237186,0,0,0.95058,0.04605,0.00338
14552241,2,2,0.00164,0.01816,0.98019
20071963,2,2,0.00132,0.00595,0.99273
20308359,2,2,0.00127,0.00843,0.99029
7309211,0,1,0.46498,0.51873,0.01629
33410291,2,2,0.00205,0.01487,0.98308
10367533,2,2,0.00113,0.00695,0.99192
17326784,2,2,0.00108,0.00446,0.99446
4261289,0,0,0.58387,0.40129,0.01485
8963865,0,0,0.84668,0.14828,0.00503
15185730,1,2,0.01099,0.07425,0.91476
28464,2,2,0.00128,0.00559,0.99313
18425963,0,0,0.83927,0.1493,0.01142
25340765,1,1,0.05498,0.86003,0.08499
25005137,2,2,0.00289,0.03001,0.9671
15656005,2,2,0.0117,0.02153,0.96677
9248287,2,2,0.00209,0.01126,0.98664
18488388,0,0,0.97394,0.02465,0.00142
2931381,0,0,0.87756,0.11624,0.0062
9178291,2,2,0.03376,0.46238,0.50387
15274369,2,2,0.00098,0.00809,0.99094
12448813,2,2,0.00106,0.00812,0.99083
39037567,2,2,0.00171,0.01118,0.98711
27115746,2,2,0.00593,0.07224,0.92183
40237706,0,0,0.98691,0.01149,0.0016
5021309,2,2,0.00717,0.06768,0.92515
12486543,2,2,0.00086,0.00614,0.993
12555190,2,2,0.00283,0.0218,0.97537
25388652,2,2,0.00101,0.00453,0.99445
2128225,2,2,0.00104,0.00506,0.9939
27974285,0,0,0.86115,0.13206,0.00678
2395540,2,2,0.00443,0.02497,0.9706
31181406,0,0,0.97015,0.02766,0.00219
6160545,1,0,0.7466,0.24429,0.00911
31020273,2,2,0.01805,0.07055,0.9114
15518399,2,2,0.00116,0.00757,0.99127
32171787,2,2,0.00625,0.03737,0.95638
15889443,2,2,0.00153,0.01227,0.9862
23620250,2,2,0.00138,0.00385,0.99477
16099248,0,0,0.90665,0.08574,0.0076
24842564,0,0,0.98053,0.01799,0.00147
28512614,0,0,0.97466,0.02324,0.0021
5007233,2,2,0.00167,0.00436,0.99397
3648767,2,2,0.00101,0.0041,0.99489
12922802,2,2,0.00376,0.03144,0.9648
39781299,0,0,0.80113,0.18661,0.01226
16666573,1,2,0.00468,0.00815,0.98717
38020109,2,2,0.00116,0.00915,0.98969
5576402,1,1,0.43199,0.49722,0.0708
17430902,2,2,0.00218,0.01675,0.98107
14292499,2,2,0.00107,0.00751,0.99142
36089278,2,2,0.0024,0.01314,0.98446
36924583,0,0,0.91001,0.08665,0.00333
8058410,2,2,0.00377,0.00584,0.99038
19321640,2,2,0.1109,0.2919,0.59719
13890146,2,2,0.00104,0.00397,0.99498
26866197,2,2,0.00301,0.00637,0.99062
18522054,2,2,0.0014,0.00572,0.99288
5838507,2,2,0.00146,0.013,0.98554
39170647,2,0,0.7652,0.22797,0.00683
19514013,2,2,0.00114,0.00572,0.99313
9675657,0,0,0.95749,0.0399,0.00261
20045260,0,0,0.7102,0.2825,0.0073
3726685,0,1,0.34529,0.63508,0.01963
39422553,0,0,0.38451,0.23322,0.38227
35214424,0,0,0.97995,0.01855,0.0015
33066482,0,0,0.85321,0.14259,0.00421
839306,2,2,0.00129,0.01331,0.9854
36518297,2,2,0.03129,0.04001,0.9287
12505096,0,0,0.61706,0.35993,0.02301
29421650,2,2,0.00089,0.00534,0.99377
12113319,2,1,0.11773,0.70862,0.17365
6252423,2,2,0.00096,0.00723,0.99181
1502905,2,2,0.00142,0.00918,0.9894
33013078,2,2,0.05195,0.18471,0.76335
39651380,2,2,0.0029,0.02569,0.97141
14748584,2,2,0.00313,0.02873,0.96814
11000558,1,0,0.72858,0.26594,0.00548
28428487,2,2,0.00965,0.07972,0.91062
27591571,1,0,0.84455,0.15142,0.00404
37872924,0,0,0.61816,0.3536,0.02824
5124277,2,2,0.0079,0.12031,0.87179
4170327,2,2,0.00418,0.035,0.96082
4501775,2,2,0.01529,0.32436,0.66036
303425,0,0,0.91423,0.0829,0.00286
21215139,2,2,0.02148,0.12041,0.85811
9330426,2,2,0.00804,0.10491,0.88704
7255738,2,2,0.00093,0.00763,0.99144
32707736,2,2,0.12561,0.20851,0.66588
23223303,1,2,0.00713,0.05857,0.93429
1327365,0,0,0.95139,0.04075,0.00785
38956647,0,1,0.20932,0.77166,0.01902
11946265,2,2,0.00547,0.03086,0.96368
3897714,2,2,0.00374,0.02333,0.97293
20626439,2,2,0.00087,0.00373,0.9954
26017669,0,1,0.42325,0.54772,0.02903
34085119,2,2,0.00577,0.08311,0.91112
33333677,0,0,0.92817,0.06843,0.0034
39427541,0,0,0.73797,0.2501,0.01193
12961105,2,2,0.00329,0.02682,0.96989
7257049,1,1,0.30053,0.68791,0.01156
35279613,2,2,0.0111,0.22291,0.76599
40571797,2,2,0.00169,0.00873,0.98958
16150231,2,2,0.001,0.0049,0.9941
31747156,0,0,0.98705,0.01075,0.00219
31292269,2,2,0.01165,0.08441,0.90394
39409871,0,0,0.8532,0.14314,0.00365
21325070,2,2,0.00826,0.06644,0.9253
34812084,0,0,0.81165,0.18396,0.00439
16766909,2,2,0.00109,0.00912,0.9898
19714364,2,2,0.00138,0.00525,0.99337
37406016,2,0,0.56323,0.30089,0.13589
416825,2,2,0.00138,0.00373,0.99489
10671505,1,1,0.36031,0.62257,0.01712
4280356,2,2,0.02173,0.31803,0.66024
8656750,2,2,0.00098,0.00351,0.99551
37045700,2,2,0.00113,0.00669,0.99219
14853760,2,2,0.00116,0.00796,0.99088
37977939,0,0,0.66695,0.32504,0.00801
10121723,2,2,0.01267,0.0347,0.95263
715318,2,2,0.00763,0.1102,0.88217
21882207,2,2,0.00188,0.007,0.99112
39240376,0,0,0.98557,0.00866,0.00577
8928733,0,0,0.71754,0.27448,0.00797
28184134,0,0,0.93985,0.05778,0.00237
11153358,2,2,0.00257,0.02404,0.97339
35052289,0,1,0.3342,0.6195,0.0463
21515083,0,0,0.69365,0.29834,0.00801
29881007,0,0,0.72335,0.2703,0.00636
24968894,1,2,0.00266,0.01944,0.9779
8916621,2,2,0.00296,0.03663,0.96041
757203,2,2,0.00301,0.02035,0.97664
12969619,2,2,0.00104,0.0049,0.99406
6228884,2,2,0.00177,0.00559,0.99264
4460610,2,2,0.02631,0.04618,0.92751
37150100,0,0,0.93486,0.06239,0.00275
28677079,2,2,0.0046,0.03177,0.96362
2163985,2,2,0.00103,0.0053,0.99368
38624878,2,1,0.09339,0.52702,0.3796
22748894,2,2,0.00118,0.00837,0.99045
2626251,2,2,0.00116,0.00443,0.99441
40203693,2,2,0.0021,0.00792,0.98998
23871299,2,2,0.00109,0.00413,0.99478
441218,2,2,0.00099,0.00648,0.99252
21741801,2,2,0.00111,0.00413,0.99476
33518140,2,2,0.001,0.00468,0.99433
29120672,0,0,0.67133,0.3196,0.00907
31245726,2,2,0.00678,0.07727,0.91595
41210887,0,0,0.97678,0.02083,0.00238
27104309,2,2,0.00101,0.00407,0.99492
26628531,2,2,0.00205,0.01637,0.98158
10634985,2,2,0.02523,0.24315,0.73162
37295626,0,0,0.82269,0.14664,0.03068
38197917,2,2,0.00142,0.006,0.99258
41534019,2,2,0.00103,0.00423,0.99474
8621284,0,0,0.48648,0.46421,0.04931
3539018,0,0,0.83866,0.15635,0.00499
28790987,0,0,0.64457,0.33967,0.01576
21377618,0,0,0.69019,0.27995,0.02985
7699016,2,2,0.00642,0.12619,0.86739
24346058,2,2,0.00104,0.00429,0.99466
14715918,2,2,0.0018,0.00679,0.99142
15484001,2,2,0.00201,0.02006,0.97793
6509905,2,2,0.00128,0.00359,0.99513
4539986,0,0,0.97204,0.02555,0.00241
22770269,2,2,0.00874,0.02724,0.96402
3793890,2,2,0.00231,0.02068,0.97701
28963759,1,0,0.6372,0.34916,0.01364
35680455,1,1,0.0702,0.88069,0.04911
25949984,2,2,0.05921,0.14232,0.79847
17345341,0,0,0.91098,0.08573,0.00329
11934568,2,2,0.005,0.05621,0.93878
28536473,0,0,0.67286,0.30806,0.01909
11693106,2,2,0.00228,0.01788,0.97984
30145020,2,2,0.00189,0.02057,0.97755
5563579,2,2,0.00195,0.00576,0.99229
13542702,2,2,0.00171,0.00943,0.98886
34884208,2,2,0.00123,0.00891,0.98986
2125666,2,2,0.00109,0.00769,0.99122
22731293,1,1,0.34146,0.64294,0.0156
15902068,2,2,0.00763,0.1102,0.88217
28086136,2,2,0.0085,0.20198,0.78952
5866902,2,2,0.00355,0.01078,0.98567
17622148,1,1,0.04354,0.63478,0.32169
15151121,0,0,0.98431,0.01404,0.00165
20987070,1,1,0.0652,0.8983,0.0365
19576375,0,0,0.98559,0.0127,0.00171
36463612,2,0,0.86453,0.09719,0.03828
22139322,2,2,0.03421,0.04111,0.92468
17776328,0,0,0.56778,0.41866,0.01356
12848658,2,2,0.00528,0.01992,0.9748
8833352,2,1,0.03005,0.88498,0.08497
26492221,2,1,0.02859,0.69265,0.27876
37329903,2,2,0.12561,0.20851,0.66588
7025358,2,2,0.00101,0.00348,0.99551
31304390,2,2,0.00851,0.01506,0.97643
1124127,0,0,0.8151,0.17905,0.00585
17952675,0,0,0.73532,0.25611,0.00856
14726720,0,0,0.92113,0.07517,0.00371
38268676,2,2,0.00415,0.02645,0.9694
38270724,2,2,0.00103,0.00555,0.99342
38919352,2,2,0.00151,0.0111,0.98739
36327595,1,0,0.84908,0.14413,0.00679
37635391,2,2,0.00247,0.01527,0.98226
24312260,2,2,0.0016,0.01199,0.98641
38560581,2,2,0.00092,0.004,0.99507
26708479,2,2,0.06823,0.28445,0.64732
35878292,2,2,0.00315,0.00767,0.98918
37221558,2,1,0.02657,0.80117,0.17225
12208668,2,2,0.00111,0.00471,0.99418
11141406,2,0,0.37273,0.31325,0.31402
5163097,2,2,0.00154,0.00751,0.99096
3862927,2,2,0.00231,0.00711,0.99059
26992497,2,2,0.02874,0.13121,0.84004
21417116,2,2,0.00283,0.02222,0.97495
14791809,2,1,0.09978,0.80501,0.09521
23212377,2,2,0.00109,0.00385,0.99506
30725413,2,2,0.02659,0.0929,0.88051
14960375,2,2,0.0012,0.00397,0.99483
27325227,2,2,0.0065,0.05807,0.93542
3056208,2,2,0.00324,0.02472,0.97204
13812314,2,2,0.17272,0.20773,0.61955
16764091,2,2,0.00177,0.00546,0.99277
14445064,2,2,0.00101,0.00479,0.9942
18606946,2,2,0.00152,0.00542,0.99306
12130203,1,1,0.06513,0.91868,0.01618
10790813,2,2,0.00159,0.01855,0.97985
21924610,2,2,0.00235,0.02013,0.97752
27945293,2,2,0.00138,0.00815,0.99048
17607489,0,1,0.36849,0.61711,0.0144
35121204,1,0,0.78115,0.20699,0.01186
27664710,2,2,0.00451,0.02095,0.97454
29773647,2,0,0.62314,0.36064,0.01622
19469705,2,2,0.0014,0.01068,0.98793
34584234,2,2,0.00769,0.07492,0.91739
13984941,2,2,0.00205,0.01774,0.98021
37587700,2,2,0.00101,0.00679,0.9922
3212631,2,2,0.02001,0.11557,0.86442
40034200,1,0,0.88099,0.11288,0.00612
36507343,2,2,0.00651,0.02741,0.96608
16233800,0,0,0.94574,0.05156,0.0027
19001324,1,1,0.03,0.89064,0.07936
38462646,2,2,0.00133,0.01119,0.98748
29140967,2,2,0.00092,0.0049,0.99418
16444247,0,0,0.78348,0.21005,0.00647
3728996,2,2,0.0168,0.27979,0.7034
23911172,2,2,0.00091,0.00475,0.99434
36146194,0,0,0.83317,0.16278,0.00404
34011992,2,2,0.05726,0.21171,0.73103
22286227,2,2,0.00199,0.01618,0.98183
15986835,2,2,0.00402,0.04343,0.95255
22470758,2,2,0.00131,0.0088,0.98988
18964772,2,2,0.01068,0.05026,0.93906
35474292,0,0,0.94579,0.05074,0.00346
9585277,2,2,0.00109,0.0041,0.99481
39562876,2,2,0.00462,0.07369,0.9217
23743682,2,2,0.00092,0.00494,0.99414
16208680,2,2,0.00987,0.15507,0.83505
40605509,2,2,0.00178,0.00385,0.99438
40929146,0,0,0.83568,0.15763,0.00669
17030715,2,2,0.00258,0.00509,0.99234
9970653,2,2,0.0015,0.01331,0.98519
22147779,2,2,0.0031,0.0238,0.97311
17873074,0,0,0.79526,0.19489,0.00986
23186542,2,1,0.06915,0.85234,0.07851
38715619,2,1,0.03224,0.8316,0.13615
29214210,2,2,0.00091,0.00581,0.99328
18079095,2,2,0.01351,0.24897,0.73752
16237324,0,0,0.90933,0.08744,0.00323
3319241,2,1,0.15522,0.8213,0.02348
27159550,2,1,0.04413,0.88296,0.0729
29023045,2,2,0.00109,0.00831,0.9906
30451630,2,2,0.00126,0.00513,0.99361
24459281,2,2,0.00179,0.01039,0.98782
33556107,2,2,0.00532,0.02733,0.96735
32543031,0,0,0.84158,0.15266,0.00576
29258146,0,0,0.85551,0.13483,0.00965
36690437,2,2,0.00113,0.00468,0.9942
26918609,0,0,0.72266,0.25868,0.01867
39319329,2,2,0.001,0.00457,0.99443
37119223,2,2,0.00219,0.01382,0.984
34047548,2,2,0.00118,0.00799,0.99083
40928863,2,2,0.00133,0.01256,0.98611
36624851,2,2,0.00488,0.03511,0.96001
3780959,2,2,0.00249,0.00968,0.98783
17627684,2,2,0.02737,0.43146,0.54117
36412680,0,2,0.00767,0.09198,0.90035
22836731,0,0,0.76914,0.22296,0.0079
35614684,2,1,0.0293,0.91151,0.05919
31660081,0,0,0.80702,0.18506,0.00791
10922480,2,2,0.00231,0.02169,0.976
22870333,2,2,0.00229,0.01527,0.98244
455808,0,0,0.98852,0.00797,0.00351
36791053,2,1,0.17083,0.52313,0.30603
17720621,1,2,0.00396,0.07157,0.92447
29178138,2,2,0.00484,0.01316,0.982
5988691,2,2,0.00101,0.00757,0.99142
24284836,2,2,0.00215,0.01393,0.98392
39995263,0,0,0.98684,0.01153,0.00163
4998539,1,1,0.40272,0.58595,0.01134
18628435,0,0,0.44557,0.40808,0.14636
10744950,2,2,0.00218,0.01453,0.98329
2128072,2,2,0.00104,0.00734,0.99162
3284462,2,2,0.00135,0.01222,0.98642
36946430,0,0,0.79012,0.19977,0.0101
39636017,2,2,0.0013,0.00633,0.99237
20270874,2,2,0.02881,0.06076,0.91043
34248403,0,0,0.90911,0.08522,0.00567
3818304,0,0,0.95749,0.03793,0.00457
5166972,2,1,0.02843,0.87069,0.10088
6831109,2,2,0.00092,0.00376,0.99532
25782143,2,2,0.12561,0.20851,0.66588
4070709,2,2,0.00084,0.00468,0.99448
16263813,2,2,0.02099,0.13397,0.84504
38971992,0,0,0.98185,0.01663,0.00152
3752126,2,2,0.08822,0.24182,0.66996
30977718,2,2,0.00246,0.01908,0.97846
24710626,2,2,0.00533,0.0401,0.95457
2259641,2,2,0.01239,0.11895,0.86866
38015578,2,2,0.00369,0.0192,0.97711
4550669,2,2,0.00998,0.04855,0.94147
3892699,2,2,0.0036,0.04279,0.95361
250802,2,2,0.0012,0.00757,0.99123
32860898,0,0,0.74625,0.24609,0.00767
20508357,2,2,0.00106,0.0034,0.99554
40577997,0,1,0.27773,0.69277,0.0295
10662098,2,1,0.02356,0.73854,0.2379
33226049,0,0,0.93719,0.05927,0.00354
15338886,2,2,0.001,0.00423,0.99478
11882938,2,2,0.00095,0.00479,0.99426
34739489,2,2,0.00138,0.00799,0.99063
1574293,2,0,0.85687,0.05993,0.0832
31084960,2,2,0.00678,0.09068,0.90253
11458398,0,0,0.97506,0.02188,0.00306
28789982,2,2,0.00759,0.08768,0.90474
18473217,2,2,0.00165,0.01409,0.98425
16920276,2,1,0.33195,0.60344,0.0646
12947908,1,1,0.20015,0.64168,0.15817
32508945,2,2,0.00093,0.00538,0.99369
39563233,2,2,0.00088,0.00514,0.99399
26492677,2,2,0.00088,0.00643,0.99269
28411770,2,2,0.00156,0.01023,0.98821
33220506,1,1,0.05273,0.89536,0.05191
6352410,0,0,0.8433,0.15119,0.00551
21689116,2,2,0.00307,0.0158,0.98113
15369594,2,2,0.00248,0.01207,0.98545
13603246,2,2,0.00191,0.00996,0.98814
18580158,0,1,0.05542,0.88055,0.06404
36724994,1,1,0.08932,0.84085,0.06983
24053346,2,2,0.00122,0.00728,0.9915
33165861,2,2,0.00085,0.00433,0.99482
8691762,2,2,0.00131,0.0084,0.99028
41046786,2,2,0.00247,0.01492,0.98261
40472780,0,0,0.82294,0.17116,0.0059
7565413,2,2,0.00086,0.006,0.99314
40970197,2,2,0.00101,0.00717,0.99182
6232096,2,2,0.0349,0.21298,0.75212
7930669,2,2,0.0013,0.00468,0.99403
41201469,2,2,0.00109,0.00416,0.99474
37306290,0,0,0.80395,0.1917,0.00435
96477,2,2,0.00395,0.05928,0.93677
32650552,2,2,0.00128,0.00475,0.99397
13765922,2,2,0.00189,0.01656,0.98154
4974838,2,2,0.00191,0.00973,0.98836
24457755,2,2,0.00316,0.02058,0.97626
33549023,0,0,0.90891,0.08791,0.00318
41101292,0,1,0.02289,0.74045,0.23666
28069733,2,2,0.00443,0.08248,0.91309
14284521,2,2,0.00557,0.04345,0.95099
40774732,2,1,0.47038,0.47966,0.04997
11768756,2,1,0.07098,0.85803,0.07098
18129272,2,2,0.00096,0.00676,0.99227
35573202,2,2,0.00103,0.00695,0.99202
242140,0,0,0.93207,0.06506,0.00288
13116899,2,2,0.0015,0.0141,0.9844
1222121,2,2,0.00084,0.0045,0.99466
34177794,1,1,0.04495,0.76619,0.18887
31633509,2,2,0.00165,0.01203,0.98631
5998461,2,2,0.00134,0.00419,0.99447
8221233,2,2,0.0021,0.02324,0.97466
30980183,2,2,0.00193,0.01499,0.98309
11659531,2,1,0.01832,0.80374,0.17794
34451870,0,0,0.98903,0.00856,0.00241
14042158,2,2,0.00854,0.13385,0.85761
27286257,2,2,0.00088,0.00628,0.99284
1724901,0,0,0.9038,0.09215,0.00406
10386812,0,1,0.44681,0.46825,0.08494
16946349,0,0,0.76653,0.22482,0.00865
33658903,0,2,0.05071,0.24381,0.70548
30710701,0,1,0.4053,0.55182,0.04289
15029938,0,0,0.86362,0.13244,0.00394
20432668,2,2,0.00239,0.02021,0.97741
36554024,2,2,0.00111,0.007,0.99189
27704477,2,2,0.00704,0.09982,0.89315
26189154,2,2,0.00173,0.01415,0.98412
26690916,2,0,0.84471,0.14968,0.0056
35953891,0,0,0.78694,0.20852,0.00454
27279594,2,2,0.00455,0.01316,0.98229
30898796,0,0,0.90742,0.08811,0.00447
841223,2,2,0.17332,0.19147,0.63521
8837646,2,2,0.00109,0.00669,0.99222
9176270,1,1,0.09257,0.8856,0.02183
33373468,2,2,0.00106,0.00498,0.99396
12416923,2,2,0.00082,0.00633,0.99284
4489899,2,2,0.12561,0.20851,0.66588
2981630,2,2,0.05543,0.09766,0.84692
24443186,2,2,0.00213,0.01088,0.987
29722506,2,2,0.00257,0.00804,0.98939
25319608,2,2,0.00182,0.00805,0.99013
7569652,2,2,0.00118,0.00787,0.99095
32036144,0,2,0.18151,0.29533,0.52316
23186618,2,2,0.00189,0.01656,0.98154
39717581,0,0,0.82237,0.16257,0.01506
2174719,2,2,0.00097,0.00461,0.99443
28556251,2,2,0.00118,0.00373,0.99508
34138015,2,2,0.00291,0.02331,0.97378
40203936,1,1,0.43999,0.51844,0.04157
8813235,2,2,0.00125,0.0085,0.99025
31881626,2,2,0.00697,0.10856,0.88447
28590431,2,2,0.00116,0.00853,0.99031
7017521,2,2,0.00835,0.13963,0.85202
4799090,2,2,0.00113,0.00751,0.99136
13266442,2,2,0.00144,0.0083,0.99025
8354533,2,2,0.03437,0.05119,0.91445
35463420,2,2,0.00106,0.00728,0.99166
14541921,2,2,0.00106,0.00521,0.99373
9255109,0,0,0.73039,0.26453,0.00508
31223189,2,2,0.001,0.00433,0.99468
23474907,2,2,0.00114,0.00568,0.99318
8671762,1,1,0.0169,0.58636,0.39675
10227497,2,2,0.00435,0.05715,0.9385
36080766,0,1,0.3488,0.56948,0.08172
28035218,2,2,0.00115,0.00373,0.99512
3585636,2,2,0.00381,0.03352,0.96266
27541506,0,2,0.2942,0.29615,0.40965
13216154,1,1,0.27217,0.6869,0.04093
13794423,2,2,0.01071,0.21435,0.77493
27755582,0,0,0.98845,0.00921,0.00234
34365426,2,2,0.00126,0.00365,0.99509
40831248,2,2,0.04106,0.08794,0.871
13186015,2,2,0.004,0.01627,0.97972
27339554,0,0,0.60546,0.38787,0.00667
11009988,2,2,0.05277,0.05466,0.89257
34113429,0,1,0.42106,0.57104,0.00789
31602773,2,2,0.00223,0.01051,0.98727
12992460,2,1,0.03979,0.75658,0.20363
14312924,2,2,0.00122,0.00793,0.99086
2912379,0,0,0.64139,0.34872,0.00989
21803156,2,2,0.0027,0.00521,0.99209
26975860,2,2,0.04872,0.05674,0.89454
20572158,2,2,0.00258,0.0058,0.99162
29741521,2,2,0.00117,0.00359,0.99525
30178412,0,0,0.98624,0.01139,0.00237
20701392,2,2,0.08941,0.16493,0.74567
6884554,2,2,0.00253,0.00856,0.98892
35763067,0,0,0.95389,0.04405,0.00205
21172076,2,2,0.00103,0.00385,0.99512
33511488,2,2,0.00091,0.00486,0.99423
14721622,2,2,0.001,0.00443,0.99457
11072971,2,2,0.00237,0.0271,0.97053
5185965,2,2,0.00432,0.03376,0.96192
41269925,2,2,0.00121,0.00897,0.98981
23041677,2,2,0.04961,0.19831,0.75208
32628705,2,2,0.09726,0.15543,0.74731
39029893,0,0,0.94747,0.05061,0.00192
34429882,2,2,0.00134,0.00618,0.99248
2025053,2,1,0.23453,0.68933,0.07614
21800755,2,2,0.00128,0.00468,0.99405
14289362,2,2,0.0022,0.00658,0.99122
16832706,2,2,0.00129,0.00918,0.98952
35607790,2,2,0.12702,0.23041,0.64257
5013133,2,2,0.00092,0.00483,0.99425
7353443,2,2,0.01515,0.28816,0.69669
26940835,0,0,0.92571,0.07,0.00429
26526,2,2,0.001,0.00517,0.99383
8528005,2,2,0.00404,0.02288,0.97308
16342986,2,2,0.00091,0.00464,0.99445
18464991,2,2,0.00824,0.11071,0.88105
6183518,2,2,0.00118,0.00471,0.9941
29818889,1,0,0.884,0.11239,0.00361
26558826,2,2,0.00158,0.01185,0.98657
6094604,2,2,0.00103,0.00542,0.99355
30935218,0,0,0.92875,0.06887,0.00238
1389555,2,2,0.00118,0.0104,0.98843
6082368,2,2,0.00363,0.03495,0.96141
33183688,0,0,0.98144,0.01709,0.00148
22539816,2,2,0.00635,0.07963,0.91401
27185789,2,2,0.00126,0.00614,0.99261
13295609,2,2,0.01095,0.1457,0.84335
31097612,2,2,0.0019,0.01487,0.98323
5523716,0,0,0.98865,0.00947,0.00188
25112454,2,1,0.19947,0.75871,0.04181
33296783,2,2,0.00122,0.00684,0.99194
10386009,2,2,0.01239,0.11895,0.86866
28738584,2,2,0.00183,0.00513,0.99304
29900622,2,2,0.00091,0.0044,0.9947
24238699,2,2,0.01162,0.14779,0.84058
14838333,2,2,0.0017,0.01702,0.98129
12722641,1,1,0.02095,0.68299,0.29606
36764422,2,2,0.01425,0.11781,0.86794
36883160,2,2,0.00374,0.00738,0.98889
4021607,2,2,0.00129,0.00831,0.9904
6912776,2,2,0.00109,0.0049,0.99401
29535117,0,0,0.83361,0.15972,0.00667
3918131,1,0,0.88075,0.11089,0.00837
36151925,2,2,0.00124,0.00479,0.99397
24001851,2,2,0.01828,0.23428,0.74744
7804713,2,2,0.00153,0.01399,0.98448
23861111,2,2,0.00103,0.00407,0.99491
3960063,2,2,0.00122,0.00505,0.99373
23494663,1,0,0.82673,0.166,0.00727
12012485,2,2,0.00165,0.0128,0.98555
29913641,2,2,0.00331,0.02114,0.97556
26134283,2,2,0.00145,0.00517,0.99338
34136304,2,2,0.00466,0.05,0.94534
25906504,2,2,0.00424,0.03513,0.96063
41534096,2,2,0.00274,0.03571,0.96154
13166824,2,2,0.00185,0.00969,0.98846
33645768,2,0,0.83279,0.0516,0.1156
30608988,2,2,0.00107,0.00915,0.98978
14473294,2,2,0.00251,0.01425,0.98324
12773852,1,0,0.80195,0.19122,0.00683
36915157,0,0,0.74659,0.2462,0.00721
30802572,2,2,0.00118,0.01044,0.98839
21595272,1,1,0.22532,0.42054,0.35413
30593090,0,0,0.9724,0.02564,0.00197
23572089,2,1,0.04994,0.76306,0.187
25087914,2,2,0.00097,0.00388,0.99515
26282995,0,0,0.95169,0.04619,0.00211
2629574,0,1,0.04708,0.63491,0.31801
32144005,2,2,0.00358,0.01848,0.97794
24211553,2,1,0.01907,0.77355,0.20739
23001640,2,2,0.00201,0.02088,0.97711
5561215,2,2,0.01161,0.16155,0.82684
29144899,2,2,0.00284,0.01674,0.98042
27759436,2,2,0.00177,0.00521,0.99302
4691161,0,0,0.81685,0.17597,0.00718
13473371,2,2,0.00151,0.01093,0.98756
22784180,2,2,0.00223,0.00762,0.99015
15694286,2,2,0.00089,0.00413,0.99498
24704730,2,0,0.98619,0.01208,0.00173
22130200,2,2,0.07917,0.26315,0.65769
15923261,2,2,0.00275,0.03452,0.96273
20766213,0,1,0.45368,0.53876,0.00757
12010994,2,2,0.00137,0.01027,0.98835
3534409,2,2,0.00217,0.02337,0.97447
37147365,2,2,0.00215,0.01492,0.98292
9981526,2,2,0.0013,0.00509,0.99361
37781815,0,0,0.98403,0.01437,0.0016
12864627,2,2,0.02417,0.04732,0.92851
11698408,2,2,0.00533,0.09877,0.89591
21430019,2,2,0.00101,0.00542,0.99357
31292621,2,2,0.00095,0.00433,0.99472
29342117,2,2,0.0538,0.16173,0.78447
31966730,2,2,0.00157,0.00419,0.99424
21583829,2,2,0.00113,0.00502,0.99386
26707245,1,1,0.37301,0.60545,0.02154
25891084,2,1,0.11065,0.82237,0.06698
14769448,2,2,0.00669,0.06068,0.93263
2172270,2,2,0.00266,0.02206,0.97529
10719646,2,2,0.02125,0.48364,0.49511
13891666,0,0,0.8232,0.17255,0.00425
35213512,0,0,0.96582,0.03197,0.00221
17868937,0,0,0.95365,0.04368,0.00268
8062417,2,2,0.04311,0.07052,0.88637
2863747,2,2,0.00108,0.00373,0.99519
17587565,2,2,0.00486,0.08408,0.91106
5579900,0,0,0.9717,0.02433,0.00397
6136564,2,2,0.00126,0.00479,0.99396
24583813,0,0,0.95427,0.03773,0.008
15628488,2,2,0.00147,0.00763,0.99091
30339247,0,0,0.96826,0.02851,0.00323
21457539,2,2,0.00181,0.0147,0.98349
28351221,2,2,0.00224,0.00489,0.99286
25807053,2,2,0.00098,0.00695,0.99207
22404396,2,2,0.00175,0.00432,0.99393
23335613,2,1,0.4414,0.54081,0.0178
37810571,2,1,0.10161,0.87821,0.02018
1231633,2,2,0.00115,0.00376,0.99509
36027698,2,2,0.00083,0.00522,0.99396
40415507,2,1,0.02531,0.8923,0.08239
22897206,0,0,0.61298,0.27095,0.11608
28361522,2,2,0.00198,0.021,0.97702
10253749,2,2,0.00109,0.0049,0.99401
34609348,1,1,0.03929,0.78906,0.17165
26535802,0,0,0.64747,0.32177,0.03076
17747992,2,2,0.001,0.00426,0.99474
13962815,1,1,0.04888,0.81385,0.13728
8883597,2,2,0.0012,0.004,0.9948
23096584,2,2,0.00701,0.06027,0.93272
9771676,2,2,0.00351,0.02415,0.97234
23833666,2,2,0.00638,0.08952,0.9041
23899657,0,0,0.68477,0.21265,0.10258
4578819,2,2,0.00114,0.00781,0.99105
28851166,0,0,0.77749,0.21759,0.00492
4627302,2,1,0.03993,0.59141,0.36865
18764730,1,1,0.09813,0.86276,0.03911
28597668,2,2,0.001,0.0041,0.99491
41602736,0,1,0.40967,0.55995,0.03038
5817231,1,2,0.01066,0.28708,0.70226
21488379,1,1,0.33452,0.58367,0.08182
14677084,2,2,0.00127,0.01449,0.98425
17050440,2,2,0.00242,0.0345,0.96307
41012416,2,1,0.35773,0.4332,0.20907
12685197,2,2,0.00082,0.00586,0.99331
39160253,2,2,0.004,0.01757,0.97843
11636096,2,2,0.0081,0.11208,0.87982
15327959,2,2,0.00159,0.00525,0.99316
10061324,0,0,0.97371,0.0245,0.00179
4386539,2,2,0.001,0.00376,0.99524
39979983,1,2,0.01202,0.15834,0.82964
24494848,2,2,0.0014,0.00403,0.99456
4144066,2,2,0.00089,0.00436,0.99475
24739722,0,0,0.95558,0.04252,0.0019
39047165,0,0,0.98401,0.01409,0.0019
25346950,2,2,0.00342,0.01834,0.97824
38388823,2,2,0.01589,0.28715,0.69696
14259021,2,2,0.02149,0.13345,0.84506
8611894,2,2,0.00188,0.00798,0.99013
37263141,2,2,0.00493,0.05587,0.9392
28184753,0,1,0.22119,0.721,0.05781
39382534,2,2,0.00099,0.00674,0.99227
9064249,2,2,0.02178,0.42078,0.55744
23042494,2,2,0.01248,0.28974,0.69777
38986677,2,2,0.00109,0.00416,0.99474
26982958,2,0,0.50753,0.42405,0.06842
8955256,2,2,0.00742,0.0647,0.92787
16432327,0,1,0.24657,0.73326,0.02016
35199571,1,1,0.29137,0.69896,0.00966
7384755,2,2,0.0012,0.00628,0.99252
6046585,1,1,0.23434,0.74182,0.02385
27517706,1,1,0.07258,0.83069,0.09672
11769982,0,0,0.92822,0.06843,0.00335
3285088,2,1,0.16829,0.50637,0.32534
31446585,2,2,0.00156,0.0083,0.99014
26364753,2,2,0.00956,0.24274,0.7477
16222675,2,2,0.00132,0.00416,0.99452
29518133,2,0,0.67617,0.29196,0.03187
32564333,2,2,0.001,0.00388,0.99512
15082433,2,2,0.00153,0.01199,0.98648
37372995,2,2,0.00425,0.06279,0.93295
25567439,2,2,0.0204,0.29865,0.68095
17230042,2,2,0.01307,0.31663,0.6703
35015368,2,2,0.00099,0.00674,0.99227
22755550,2,2,0.04303,0.20015,0.75682
4076117,2,2,0.00133,0.01181,0.98686
3627690,2,2,0.00249,0.02579,0.97172
14327301,2,2,0.0012,0.00471,0.99409
16189553,2,2,0.00097,0.00373,0.9953
22007594,2,2,0.03737,0.09195,0.87068
13174486,0,0,0.82701,0.16606,0.00693
36066823,2,2,0.00435,0.04071,0.95494
5192911,0,0,0.66711,0.31145,0.02144
2084184,0,0,0.9654,0.03262,0.00198
1109774,2,2,0.17132,0.25024,0.57844
18185333,2,2,0.00153,0.01204,0.98643
40136975,0,0,0.6968,0.29736,0.00584
12456125,0,0,0.80151,0.18669,0.0118
11779877,2,2,0.01472,0.12312,0.86216
383737,0,0,0.98159,0.01663,0.00178
30547354,0,0,0.70788,0.25688,0.03524
16331545,0,0,0.84217,0.14464,0.01319
28277309,2,2,0.00188,0.00817,0.98995
20049168,2,2,0.00918,0.0685,0.92232
19202737,2,2,0.00154,0.00811,0.99035
12477254,2,2,0.00106,0.00717,0.99177
40523065,2,2,0.00109,0.00739,0.99151
39083555,2,2,0.00095,0.00394,0.99511
27653819,0,0,0.84284,0.15052,0.00664
34165190,2,1,0.03129,0.59495,0.37377
4727904,2,2,0.00126,0.00362,0.99512
35608142,2,2,0.0037,0.04842,0.94789
8907675,2,2,0.00329,0.00889,0.98782
1718868,2,2,0.01477,0.07867,0.90656
26678320,2,0,0.57355,0.36457,0.06188
4896625,2,2,0.0031,0.0238,0.97311
8863136,2,2,0.01189,0.08707,0.90104
37359460,0,0,0.96378,0.03203,0.00419
17671112,2,2,0.00214,0.01975,0.97811
23939437,2,2,0.04257,0.4703,0.48713
7060076,2,2,0.00096,0.00546,0.99357
7550221,2,2,0.0026,0.01212,0.98528
34314394,2,2,0.0015,0.00359,0.99492
14023826,2,1,0.40996,0.57814,0.01191
22118097,0,0,0.77261,0.22049,0.0069
22898788,2,1,0.05062,0.69332,0.25606
33701098,2,2,0.00156,0.0083,0.99014
5510927,2,2,0.00188,0.00694,0.99117
7214597,1,0,0.79672,0.19832,0.00496
19281655,2,2,0.00137,0.01145,0.98718
19270238,2,2,0.00124,0.00722,0.99154
31538587,2,2,0.00247,0.01575,0.98178
40277597,0,0,0.95883,0.03913,0.00203
12904157,0,0,0.70324,0.27325,0.02351
21458420,2,2,0.00548,0.00579,0.98873
27159886,0,0,0.92568,0.06915,0.00517
27348279,2,2,0.00805,0.0759,0.91605
10529689,0,1,0.30108,0.67322,0.0257
132846,0,0,0.97539,0.0231,0.00151
35442771,2,1,0.04571,0.79144,0.16285
40311331,2,2,0.00104,0.00551,0.99345
4935515,2,1,0.0206,0.5656,0.4138
37840440,0,0,0.95814,0.03909,0.00278
7530657,2,2,0.00109,0.00486,0.99404
31043138,1,1,0.16235,0.77833,0.05932
22867515,2,2,0.00118,0.00728,0.99154
21631265,2,2,0.00109,0.00382,0.99509
23185451,0,0,0.93889,0.05852,0.0026
12567906,1,1,0.1792,0.80626,0.01454
28430729,0,0,0.82673,0.16796,0.00532
23539817,0,0,0.98748,0.01067,0.00185
7885740,2,2,0.00637,0.11967,0.87396
11361508,0,0,0.8445,0.15023,0.00526
8578086,0,0,0.71372,0.2795,0.00678
27541203,0,0,0.97314,0.0247,0.00216
15736425,2,2,0.00106,0.00351,0.99543
2431110,1,0,0.70873,0.28192,0.00935
27803137,2,2,0.00158,0.01136,0.98706
16901725,2,1,0.07267,0.90194,0.02539
7039890,2,2,0.00156,0.01023,0.98821
8745733,2,2,0.0023,0.00843,0.98927
1904451,2,2,0.00399,0.01847,0.97753
17703672,1,1,0.1166,0.85483,0.02857
4845538,2,2,0.00099,0.00717,0.99184
12825694,0,0,0.9873,0.0108,0.00191
23999424,2,2,0.01147,0.14611,0.84243
737955,2,2,0.00098,0.00614,0.99288
17546965,2,2,0.04272,0.27855,0.67873
6143738,1,2,0.00494,0.05416,0.94091
18822187,2,2,0.0029,0.02852,0.96859
22435463,2,2,0.0014,0.00774,0.99086
19698440,2,2,0.00261,0.02408,0.97331
8580554,0,1,0.18471,0.75521,0.06008
34541271,2,2,0.0012,0.0087,0.9901
30412180,2,2,0.00136,0.00394,0.9947
18659053,2,1,0.05555,0.87924,0.0652
9135088,2,2,0.00103,0.00471,0.99426
37367091,0,0,0.91168,0.08513,0.00319
18459800,2,2,0.01388,0.12062,0.8655
4381477,2,2,0.00091,0.00568,0.99341
5337322,2,2,0.00136,0.00811,0.99053
16390952,2,2,0.00128,0.00419,0.99453
19160461,0,0,0.94612,0.05153,0.00235
41435814,2,2,0.00121,0.00908,0.98971
31789124,0,0,0.76958,0.21039,0.02003
1780443,2,2,0.00097,0.00413,0.9949
13182449,0,0,0.89747,0.09875,0.00378
4788801,2,2,0.01596,0.27847,0.70557
37986223,2,2,0.00329,0.0251,0.97161
38285552,0,0,0.885,0.11077,0.00423
31253861,0,0,0.69068,0.29706,0.01226
37217405,2,2,0.00309,0.01014,0.98677
21350701,1,1,0.15019,0.8135,0.03631
20861659,2,0,0.90478,0.08959,0.00564
38567941,2,2,0.00237,0.01231,0.98533
21411626,2,2,0.1649,0.08664,0.74846
30357226,2,2,0.11049,0.27081,0.61869
37846547,0,1,0.17639,0.75837,0.06524
14657259,2,2,0.00237,0.027,0.97063
41085196,2,2,0.00405,0.03461,0.96134
14260833,2,2,0.00097,0.00376,0.99527
16307798,2,2,0.00426,0.03089,0.96484
19040878,2,2,0.03327,0.26635,0.70038
8324790,2,1,0.02667,0.79176,0.18156
5153358,2,2,0.00158,0.00877,0.98965
6504637,0,0,0.96608,0.03112,0.0028
23811031,2,2,0.00969,0.09066,0.89966
35937927,0,0,0.82862,0.16127,0.01011
20127638,0,0,0.91389,0.0832,0.00291
17748699,0,1,0.10516,0.85801,0.03683
6238515,2,2,0.00778,0.09303,0.89919
4096641,2,2,0.0037,0.01615,0.98014
13798517,2,2,0.0021,0.00918,0.98873
20088431,2,1,0.16758,0.7258,0.10662
12067152,2,2,0.003,0.01054,0.98647
20038173,2,2,0.00375,0.00425,0.992
691526,2,2,0.00253,0.02521,0.97226
26313733,2,2,0.00164,0.00436,0.994
6267704,2,2,0.0058,0.06281,0.93139
6840033,2,2,0.00098,0.00453,0.99449
6868649,2,2,0.00134,0.00757,0.9911
1794197,0,0,0.97414,0.02359,0.00227
7314945,2,2,0.00093,0.00706,0.99201
11140022,2,1,0.16005,0.72789,0.11206
31827181,2,2,0.00176,0.01194,0.9863
30413573,2,2,0.00113,0.0053,0.99358
28409847,2,2,0.00194,0.00824,0.98982
37654695,2,2,0.00142,0.01068,0.9879
8996642,0,1,0.40797,0.56201,0.03002
28658063,2,2,0.0017,0.0165,0.9818
5950765,2,2,0.00171,0.00915,0.98914
22013511,2,2,0.00103,0.00604,0.99293
39328366,2,2,0.00174,0.0098,0.98846
21343780,1,1,0.07407,0.87968,0.04626
18289604,2,2,0.00132,0.00658,0.9921
22018200,0,1,0.43981,0.51218,0.04801
15677569,2,2,0.00111,0.00564,0.99325
37970330,2,2,0.00323,0.01323,0.98354
39969348,0,1,0.25707,0.71258,0.03035
23468377,0,0,0.71019,0.2803,0.00952
607451,2,2,0.00167,0.00348,0.99485
15915388,2,2,0.01808,0.13106,0.85086
18502215,2,2,0.00113,0.00648,0.99239
33471659,2,2,0.00406,0.04814,0.9478
16597765,2,2,0.00138,0.0046,0.99401
38003216,2,2,0.00116,0.00695,0.99189
5473081,2,2,0.00725,0.07182,0.92092
17963927,2,2,0.0015,0.01465,0.98385
8646367,2,2,0.00115,0.00505,0.9938
37816394,1,1,0.48687,0.49454,0.01859
4061021,2,2,0.00377,0.04453,0.9517
20074261,0,1,0.36575,0.60775,0.02649
33778977,2,2,0.00239,0.0174,0.98021
38968852,2,2,0.00109,0.00542,0.99349
17197508,2,2,0.0538,0.34945,0.59675
23347595,1,1,0.0331,0.54264,0.42426
7880956,2,2,0.00136,0.00818,0.99047
34430103,2,2,0.00187,0.01265,0.98548
31882977,2,2,0.00098,0.00464,0.99438
5485123,0,0,0.96726,0.03011,0.00263
23314314,2,2,0.10647,0.27361,0.61992
25167386,2,2,0.02001,0.18078,0.79921
20322685,2,2,0.00686,0.00601,0.98713
6362967,2,2,0.01397,0.05849,0.92754
7216438,2,2,0.00123,0.01008,0.98869
34244520,2,2,0.00853,0.13476,0.85671
9264722,2,2,0.0022,0.00954,0.98827
3507559,2,2,0.00192,0.01754,0.98053
33909510,2,2,0.00116,0.0059,0.99293
36754707,2,2,0.00582,0.00703,0.98715
24189193,2,2,0.00208,0.01551,0.98241
22149924,2,2,0.00128,0.0041,0.99462
28389124,2,2,0.00171,0.02656,0.97173
5043008,2,0,0.73399,0.24778,0.01823
3110727,0,0,0.97014,0.02641,0.00344
12818192,0,0,0.76062,0.22927,0.01011
24234222,0,0,0.91202,0.08516,0.00281
37699868,2,2,0.00149,0.00733,0.99117
19952202,1,1,0.03057,0.78219,0.18724
33499520,2,2,0.00123,0.01089,0.98788
25149476,2,2,0.02163,0.01452,0.96385
10869647,0,1,0.06809,0.91192,0.01999
13409882,2,2,0.00147,0.00757,0.99097
32766428,2,2,0.00231,0.00537,0.99232
36327515,2,0,0.73115,0.25666,0.01219
2486489,1,0,0.52819,0.4625,0.0093
26583829,2,2,0.00686,0.03707,0.95607
10848970,0,0,0.88731,0.10934,0.00335
8373634,2,2,0.00262,0.00435,0.99303
16245432,2,2,0.00132,0.00475,0.99393
5511178,2,2,0.00421,0.05778,0.93801
994357,1,1,0.27428,0.7004,0.02531
8369156,2,2,0.00417,0.03791,0.95792
13033654,0,0,0.96496,0.03312,0.00192
1357740,2,2,0.02681,0.2485,0.72469
15948550,0,0,0.93336,0.06401,0.00262
39455726,0,1,0.46461,0.52647,0.00892
17712496,2,1,0.15338,0.6585,0.18811
35595577,2,2,0.00276,0.01365,0.98359
19565624,0,0,0.93057,0.06499,0.00445
11880833,2,1,0.21232,0.74833,0.03935
6925517,2,2,0.00389,0.07434,0.92177
28998030,0,0,0.8151,0.17905,0.00585
12679927,1,1,0.38899,0.60248,0.00853
2619015,2,2,0.00132,0.00521,0.99347
960104,2,2,0.00372,0.04329,0.953
35524899,1,0,0.57328,0.41292,0.0138
8445287,2,2,0.0053,0.08946,0.90524
14146834,2,2,0.00132,0.00382,0.99486
18741318,0,0,0.92278,0.07327,0.00395
27736749,0,0,0.59368,0.38331,0.02302
25002927,2,2,0.00109,0.006,0.99291
33153270,2,2,0.00494,0.03907,0.95599
8003565,1,0,0.8885,0.10863,0.00287
26924866,2,2,0.00092,0.00546,0.99362
34681008,2,2,0.00126,0.006,0.99275
35499790,2,2,0.00112,0.00834,0.99054
33566446,2,2,0.01268,0.01068,0.97663
26237049,2,2,0.01067,0.07284,0.91649
20106861,2,2,0.00721,0.06292,0.92986
451417,2,2,0.00144,0.01378,0.98479
34082769,2,2,0.01385,0.16842,0.81773
8396656,0,0,0.93456,0.0508,0.01464
23611939,0,0,0.96705,0.03001,0.00294
38331597,1,1,0.29687,0.67689,0.02625
17599352,0,0,0.98706,0.01071,0.00223
34149072,2,2,0.00103,0.00674,0.99224
21435942,0,0,0.8052,0.18902,0.00578
6805815,1,1,0.18325,0.79602,0.02072
22490931,2,2,0.00295,0.0244,0.97265
15091851,0,0,0.6016,0.30968,0.08872
37260626,2,2,0.00134,0.0046,0.99406
34460954,0,0,0.97595,0.02207,0.00197
19056079,2,2,0.00406,0.06205,0.93389
22993752,0,0,0.98936,0.0083,0.00234
1010368,2,2,0.00085,0.004,0.99514
36171494,2,2,0.00169,0.00497,0.99333
3241642,2,2,0.01618,0.22244,0.76138
14759518,2,2,0.00118,0.00901,0.98981
16941394,0,1,0.23559,0.72142,0.04299
29297566,2,2,0.00144,0.01356,0.985
11211602,2,2,0.00131,0.00873,0.98995
40892431,2,2,0.00206,0.0108,0.98714
26451466,2,2,0.0026,0.02609,0.97131
38498012,2,2,0.00248,0.0281,0.96942
9018437,0,0,0.48039,0.2848,0.23481
9899844,2,2,0.08156,0.28689,0.63155
20343774,2,2,0.00146,0.01118,0.98735
542938,2,2,0.00116,0.00433,0.99451
17190550,0,1,0.19288,0.784,0.02313
12351492,0,0,0.51288,0.29016,0.19696
10384040,2,2,0.00764,0.06694,0.92542
16469813,2,1,0.41486,0.56263,0.02251
28440114,2,2,0.00152,0.00394,0.99454
24360899,0,1,0.23954,0.58696,0.1735
33985775,2,2,0.00162,0.00367,0.99471
16747967,2,2,0.00131,0.00799,0.9907
36772695,2,2,0.00116,0.00619,0.99265
30625280,2,2,0.01184,0.15837,0.82979
7967421,2,2,0.00097,0.00483,0.99421
9773348,2,2,0.00217,0.02149,0.97634
1083130,2,1,0.05315,0.87131,0.07554
38823647,2,2,0.00622,0.08442,0.90936
22602567,2,2,0.01483,0.29791,0.68726
15270037,2,2,0.00421,0.01307,0.98272
19880096,2,2,0.01946,0.09284,0.88771
36325695,2,2,0.00202,0.01275,0.98523
4660261,2,2,0.18996,0.12193,0.6881
7052510,2,2,0.00976,0.23281,0.75743
22988132,2,0,0.59352,0.38924,0.01724
12057686,0,0,0.74105,0.25213,0.00682
15180388,2,2,0.00905,0.2134,0.77755
3722036,0,0,0.63711,0.35184,0.01105
40690131,2,1,0.04774,0.61432,0.33794
22832260,2,2,0.00189,0.01656,0.98154
6240960,2,2,0.01391,0.06306,0.92303
16973604,2,2,0.00546,0.03145,0.96309
2612488,2,2,0.00775,0.06825,0.92401
13678845,0,1,0.36474,0.62044,0.01482
41532657,2,2,0.0085,0.03159,0.95991
22303700,0,0,0.86642,0.12654,0.00704
4764401,0,1,0.31351,0.67415,0.01235
39300018,2,2,0.00101,0.00787,0.99112
12256511,2,2,0.00124,0.00534,0.99343
7558155,0,1,0.47552,0.50224,0.02224
6408800,0,0,0.96013,0.03774,0.00213
9289916,2,2,0.00126,0.00486,0.99388
17101490,2,2,0.00159,0.00345,0.99496
20437256,2,2,0.00615,0.06627,0.92758
6654613,2,2,0.11415,0.15301,0.73283
25211939,2,2,0.00099,0.006,0.99301
700694,2,2,0.00725,0.05803,0.93472
32952359,2,2,0.00157,0.00382,0.99461
18516166,0,0,0.96176,0.03578,0.00246
39536002,0,0,0.86593,0.04082,0.09325
601713,0,0,0.75467,0.23654,0.00879
35532758,2,0,0.88385,0.10314,0.01301
7234879,2,2,0.00197,0.00653,0.9915
1670698,2,2,0.00214,0.00608,0.99178
35812895,2,2,0.01021,0.11281,0.87698
13213976,2,1,0.21428,0.76564,0.02009
7123637,2,2,0.00122,0.00534,0.99344
12511347,2,2,0.00267,0.01475,0.98258
24972528,2,2,0.00348,0.03063,0.96589
4594634,1,1,0.45525,0.53224,0.01252
16995737,2,1,0.02228,0.57021,0.40751
27526995,2,2,0.00147,0.00595,0.99258
9711050,0,0,0.87912,0.11668,0.0042
26503874,0,0,0.94989,0.04704,0.00307
10465132,2,2,0.00165,0.01409,0.98425
3354652,1,2,0.07857,0.06338,0.85804
19720443,0,0,0.96352,0.03431,0.00217
39165794,0,0,0.66007,0.27949,0.06044
22025231,2,0,0.98684,0.01122,0.00194
33500003,0,0,0.80067,0.14133,0.058
1231480,0,0,0.82358,0.16929,0.00713
41355996,2,2,0.00103,0.00407,0.99491
30421485,2,2,0.00245,0.01014,0.98741
8761474,2,2,0.02647,0.18774,0.78579
23103840,2,2,0.01161,0.19947,0.78892
4333078,2,2,0.02746,0.20688,0.76566
19210960,2,2,0.00221,0.00359,0.99421
25086737,2,2,0.00407,0.05935,0.93658
30996805,0,0,0.6857,0.30907,0.00524
15947700,0,0,0.68369,0.30577,0.01054
14017850,0,1,0.49076,0.5024,0.00684
22075337,2,2,0.01934,0.23194,0.74872
16478379,2,2,0.00172,0.00367,0.99461
8841567,2,2,0.00161,0.01043,0.98796
2924781,2,0,0.63122,0.32747,0.04131
27596672,2,2,0.00092,0.00595,0.99313
28820065,2,2,0.00502,0.05388,0.94111
246806,2,2,0.00133,0.01167,0.987
38479577,2,1,0.10161,0.45007,0.44832
40595381,2,0,0.78485,0.20078,0.01437
12402322,0,0,0.62957,0.35872,0.01171
35376988,2,2,0.00314,0.00991,0.98695
26283678,2,2,0.00742,0.065,0.92758
38518472,2,2,0.00109,0.00479,0.99412
11293480,1,1,0.04715,0.90005,0.0528
37190073,2,2,0.00096,0.00703,0.992
35618810,2,2,0.00092,0.0037,0.99537
14219405,2,2,0.00118,0.00353,0.99528
26978782,2,1,0.32626,0.51128,0.16246
16577974,1,2,0.00763,0.1102,0.88217
34176378,2,2,0.00296,0.00849,0.98856
7681371,2,2,0.00165,0.0131,0.98525
37209006,0,0,0.81975,0.17183,0.00842
35503730,0,1,0.40416,0.57442,0.02142
11339221,0,0,0.69955,0.28045,0.02
1000880,2,2,0.00138,0.00429,0.99433
20487773,2,2,0.01358,0.11282,0.8736
39287751,0,0,0.98226,0.01581,0.00193
15083829,0,0,0.55135,0.43276,0.01589
7417110,2,2,0.00132,0.00406,0.99462
14056377,2,2,0.00391,0.02369,0.9724
20830158,2,2,0.00872,0.07384,0.91744
25204518,2,2,0.00149,0.00534,0.99317
13252802,2,2,0.00114,0.0059,0.99295
25508110,0,0,0.81665,0.17456,0.00879
37247114,0,0,0.81438,0.181,0.00462
12762409,2,2,0.00118,0.00348,0.99534
14370194,2,2,0.00511,0.00536,0.98953
24916229,2,2,0.00119,0.0111,0.9877
22757339,2,2,0.00213,0.00947,0.98841
4034780,2,1,0.05634,0.87104,0.07262
17993884,2,2,0.002,0.0225,0.9755
14259018,2,2,0.00715,0.05578,0.93706
15085379,2,2,0.00133,0.00962,0.98905
13305870,1,0,0.6408,0.35113,0.00807
12826927,0,0,0.87976,0.11676,0.00348
38038772,0,0,0.97501,0.02325,0.00174
4612973,2,2,0.00324,0.04079,0.95597
29578023,0,0,0.95526,0.04218,0.00256
4762654,2,1,0.02756,0.79305,0.17939
6781959,0,0,0.89577,0.10129,0.00294
17816575,2,2,0.0012,0.00475,0.99405
31528995,2,2,0.26092,0.32619,0.41289
1971631,2,2,0.00095,0.00407,0.99498
23832937,2,2,0.00218,0.01593,0.98189
8996068,2,2,0.00221,0.01945,0.97834
7359559,0,0,0.94442,0.05312,0.00245
14701742,2,1,0.02176,0.64581,0.33243
21337325,0,0,0.93317,0.06413,0.0027
21562342,2,2,0.0162,0.02,0.9638
21955040,0,0,0.62931,0.35578,0.01492
38901336,2,2,0.00696,0.06651,0.92652
14666772,2,2,0.00167,0.01552,0.98281
20893928,2,2,0.00095,0.00757,0.99148
2213627,2,2,0.0018,0.00805,0.99016
24125921,2,2,0.00267,0.03331,0.96402
34177438,0,0,0.73222,0.25905,0.00873
8802215,2,1,0.03862,0.75781,0.20356
39324311,0,1,0.12977,0.8274,0.04283
36320353,2,2,0.00103,0.00468,0.9943
24334013,2,2,0.00202,0.01587,0.98211
37669908,2,2,0.00926,0.04603,0.9447
38033388,2,2,0.00249,0.0255,0.97201
30186900,2,1,0.3562,0.49647,0.14733
36596023,2,2,0.00116,0.00586,0.99298
8696361,2,2,0.00114,0.00739,0.99146
9095591,2,2,0.00087,0.00461,0.99453
40194682,1,0,0.51797,0.46431,0.01772
18366015,2,2,0.00167,0.01834,0.97999
5352163,2,2,0.00149,0.00513,0.99337
24148857,2,2,0.00118,0.006,0.99282
34080185,2,2,0.00138,0.00546,0.99316
27631201,2,2,0.0014,0.0055,0.99309
25958839,2,1,0.14554,0.82941,0.02505
24340400,2,1,0.20349,0.65351,0.143
15466224,2,0,0.61551,0.36326,0.02123
26371239,2,2,0.00132,0.0045,0.99418
9603103,2,2,0.00101,0.00534,0.99365
2158743,2,2,0.00116,0.00429,0.99454
37487134,2,2,0.00315,0.02344,0.97342
25634400,2,2,0.0013,0.00433,0.99438
22800265,2,2,0.00091,0.00498,0.99412
4306811,2,2,0.00097,0.00385,0.99518
26470027,2,2,0.00106,0.00577,0.99317
34613368,0,0,0.90964,0.08713,0.00323
11340984,2,2,0.00083,0.00479,0.99439
35652029,2,2,0.00101,0.00619,0.9928
26196143,0,0,0.90049,0.09381,0.0057
26057077,2,2,0.00146,0.00908,0.98946
11216192,2,2,0.0013,0.00633,0.99237
26959892,2,2,0.00271,0.04795,0.94934
20131233,2,2,0.00867,0.22279,0.76854
7501154,2,2,0.00108,0.00538,0.99354
35190280,2,2,0.00272,0.02863,0.96865
920446,2,2,0.01145,0.22284,0.76572
5636473,2,2,0.00135,0.0097,0.98895
35868406,0,0,0.87241,0.12016,0.00743
7429514,2,2,0.00122,0.00643,0.99235
27241347,2,2,0.00121,0.00992,0.98886
36270746,2,2,0.0022,0.00969,0.98812
14711756,0,0,0.9871,0.01067,0.00223
32439077,2,2,0.002,0.00727,0.99072
26755401,2,2,0.00101,0.00433,0.99466
17419397,1,1,0.05006,0.89431,0.05563
2293408,0,0,0.68706,0.30016,0.01278
37528833,2,2,0.00671,0.07186,0.92143
15386394,2,2,0.0012,0.00348,0.99532
2929126,2,2,0.00118,0.0037,0.99511
24158118,2,2,0.0012,0.00908,0.98972
27517847,0,0,0.79728,0.19386,0.00886
29238566,2,2,0.00106,0.00559,0.99335
37254770,2,2,0.001,0.00388,0.99512
2565657,2,1,0.08668,0.51871,0.39461
9491171,2,2,0.00089,0.00479,0.99432
14300469,2,2,0.00128,0.00351,0.99521
37052662,2,2,0.0022,0.00976,0.98804
37133563,2,2,0.00263,0.03124,0.96613
32293310,2,2,0.00336,0.03496,0.96168
16481195,2,2,0.02952,0.08728,0.8832
14474465,2,2,0.00943,0.04312,0.94745
30375245,2,2,0.04783,0.19807,0.7541
8838307,2,2,0.00126,0.006,0.99275
14765605,1,1,0.06482,0.90182,0.03337
21369821,1,1,0.3285,0.39916,0.27234
14217981,2,2,0.00174,0.01015,0.98811
39649432,1,2,0.01083,0.21171,0.77745
30870632,2,2,0.00118,0.00525,0.99356
30422951,2,2,0.00745,0.06113,0.93141
38108930,2,2,0.0028,0.03129,0.96591
20683798,2,1,0.08567,0.88833,0.026
3859583,2,2,0.00161,0.00745,0.99094
19488677,2,1,0.34075,0.6366,0.02265
28953472,2,2,0.00593,0.01304,0.98103
36390111,2,1,0.14532,0.78349,0.07119
3041643,2,2,0.01479,0.36117,0.62404
32670626,0,0,0.98735,0.01043,0.00223
13903488,0,0,0.7778,0.21515,0.00705
11683286,2,1,0.0437,0.79298,0.16332
27994212,2,2,0.0041,0.00888,0.98702
8547642,2,2,0.00595,0.08317,0.91088
20125492,0,1,0.41842,0.56305,0.01853
33707413,2,2,0.00111,0.00379,0.9951
12219104,0,0,0.98552,0.0129,0.00158
7044426,2,2,0.00176,0.01426,0.98399
30514727,0,0,0.78032,0.2125,0.00719
12619538,2,2,0.001,0.00468,0.99433
19756896,0,0,0.75212,0.24039,0.00749
10122216,2,2,0.00165,0.01437,0.98398
23657561,2,2,0.0012,0.00356,0.99524
7798708,2,2,0.00383,0.0595,0.93667
40088070,2,2,0.00104,0.00559,0.99337
34178951,2,2,0.00605,0.05225,0.94169
26526529,2,2,0.00654,0.02336,0.97011
20856596,2,2,0.001,0.00397,0.99503
28983781,2,1,0.04296,0.4916,0.46544
12953153,1,1,0.06695,0.86479,0.06827
20850285,2,2,0.00127,0.00805,0.99067
29732061,2,2,0.00107,0.00857,0.99036
29785037,2,2,0.00123,0.01048,0.98829
31807314,0,0,0.9888,0.00897,0.00223
12513279,2,1,0.15009,0.44113,0.40878
6485630,1,1,0.01841,0.54237,0.43922
29432380,2,2,0.00195,0.00493,0.99312
297340,2,2,0.00283,0.01989,0.97728
31087469,2,2,0.00113,0.00638,0.99249
5898908,2,2,0.00384,0.02566,0.97049
9452956,0,1,0.35753,0.61776,0.02471
25279149,2,2,0.00097,0.00446,0.99457
37237289,2,2,0.00124,0.00436,0.9944
10158655,0,0,0.98019,0.01838,0.00143
35720972,2,2,0.00104,0.00706,0.9919
10586060,0,0,0.87968,0.1136,0.00672
26331214,2,2,0.00181,0.013,0.98519
14313962,0,0,0.88711,0.09763,0.01526
24573730,2,2,0.01094,0.01156,0.9775
14762793,2,2,0.00146,0.00911,0.98942
2756667,2,2,0.09239,0.18938,0.71823
39419378,2,2,0.00208,0.01844,0.97949
4253842,2,2,0.00557,0.02828,0.96615
11978105,2,2,0.00182,0.01027,0.98791
2241969,0,0,0.79945,0.17734,0.02322
35656091,2,2,0.00104,0.00457,0.99439
1505776,2,2,0.00121,0.00973,0.98905
15370727,2,2,0.00134,0.00436,0.9943
29390384,2,2,0.0018,0.00493,0.99326
34400062,2,2,0.00116,0.00397,0.99486
34957354,2,2,0.00128,0.00581,0.99291
10665004,2,2,0.00502,0.05277,0.94221
37842114,2,2,0.00142,0.00568,0.9929
2578799,2,2,0.00761,0.08529,0.90711
3568736,2,2,0.00107,0.00717,0.99176
36947684,0,1,0.38679,0.5944,0.01881
15261603,1,1,0.384,0.57871,0.03729
9279067,0,1,0.22162,0.76155,0.01682
39580158,1,1,0.07086,0.89769,0.03145
33986901,2,1,0.01862,0.64616,0.33522
28869750,2,2,0.00101,0.00403,0.99495
8652465,2,2,0.00773,0.05534,0.93692
35932911,2,2,0.00116,0.00955,0.98929
11484098,2,2,0.00512,0.01085,0.98403
2007496,2,2,0.00209,0.01387,0.98404
8401795,2,2,0.00151,0.01019,0.9883
10795751,2,2,0.00274,0.02185,0.97541
15161895,2,2,0.00092,0.00475,0.99433
12362073,0,0,0.92558,0.07033,0.00409
9352961,2,2,0.00103,0.00457,0.9944
6134049,2,2,0.00882,0.04843,0.94275
19712308,2,2,0.00713,0.05944,0.93343
8652047,2,2,0.00585,0.01092,0.98323
26655207,0,0,0.91688,0.07949,0.00363
22501892,2,1,0.02859,0.54797,0.42344
14633785,2,2,0.00088,0.00413,0.99499
14688584,0,0,0.76043,0.22303,0.01654
20652660,2,2,0.01574,0.46716,0.5171
5801366,0,0,0.64589,0.34572,0.00839
10903514,2,2,0.00194,0.01092,0.98714
17674621,0,0,0.66916,0.32107,0.00977
34356755,2,2,0.00546,0.10537,0.88917
28328691,0,0,0.86452,0.11279,0.02268
13908093,0,1,0.05222,0.77939,0.16839
22985764,2,1,0.42908,0.5424,0.02852
3418870,2,2,0.00106,0.00542,0.99352
2230822,2,2,0.00171,0.01275,0.98554
12649263,2,2,0.00135,0.00908,0.98957
4325918,2,2,0.00125,0.01032,0.98843
20220907,2,2,0.0074,0.12393,0.86867
4339862,0,0,0.9508,0.04688,0.00232
17224739,2,2,0.00115,0.00542,0.99343
29575426,2,2,0.00098,0.00568,0.99334
12614549,2,2,0.00462,0.01316,0.98222
33172174,2,2,0.00585,0.05573,0.93842
1691063,2,2,0.00563,0.04716,0.94721
14382966,2,2,0.00118,0.00674,0.99208
5226741,0,0,0.92292,0.074,0.00308
17300293,2,2,0.00281,0.01269,0.9845
11788408,2,2,0.00277,0.01148,0.98575
21141997,2,2,0.00266,0.03665,0.96069
6333000,2,2,0.06167,0.11321,0.82513
25753840,2,2,0.00179,0.01361,0.9846
7455763,2,2,0.0158,0.44419,0.54
34251017,2,2,0.01096,0.04805,0.94099
11535965,2,2,0.05878,0.24174,0.69949
27451362,2,2,0.00523,0.10124,0.89353
11238295,2,2,0.00149,0.00733,0.99117
15188075,0,2,0.00139,0.01341,0.9852
31449223,2,2,0.00196,0.0129,0.98514
28069634,2,0,0.89213,0.10167,0.0062
34172734,0,2,0.09423,0.3698,0.53596
22755787,0,0,0.78983,0.20205,0.00811
22383765,0,0,0.89542,0.09633,0.00825
20111979,0,0,0.98537,0.0127,0.00193
24754658,2,2,0.00371,0.01537,0.98092
37699885,0,2,0.01942,0.01524,0.96534
4503521,2,2,0.00359,0.03068,0.96572
27413153,2,2,0.00249,0.00917,0.98834
3361656,2,2,0.00272,0.01355,0.98373
26408988,0,0,0.91115,0.0836,0.00525
32454055,1,0,0.50009,0.40027,0.09964
17603829,0,1,0.423,0.54103,0.03596
26445675,2,2,0.00236,0.0135,0.98414
4256224,2,2,0.00103,0.00658,0.99239
25900363,2,2,0.00189,0.01656,0.98154
33426706,2,2,0.00097,0.00367,0.99536
14622782,2,2,0.07436,0.22287,0.70277
36635371,2,2,0.02296,0.13545,0.84159
17949281,2,2,0.00123,0.00894,0.98983
27138903,2,2,0.00107,0.0069,0.99203
3903129,2,2,0.0012,0.00525,0.99355
35935188,2,2,0.00243,0.01668,0.98089
6284967,2,2,0.00169,0.00716,0.99115
36002904,2,2,0.00282,0.02283,0.97435
3189514,2,2,0.00134,0.00658,0.99208
27161449,2,2,0.0012,0.00446,0.99434
23922889,2,2,0.00215,0.0142,0.98365
25259846,2,2,0.00106,0.00874,0.99021
32135099,2,2,0.00177,0.00936,0.98887
39549579,2,2,0.00255,0.01568,0.98177
23196885,2,2,0.00195,0.01695,0.9811
17372724,2,2,0.00439,0.0481,0.94751
16681317,2,2,0.00334,0.04098,0.95568
25892632,2,2,0.01219,0.04953,0.93828
11284952,2,2,0.00106,0.00534,0.9936
39352181,2,2,0.00279,0.01929,0.97792
3939755,2,2,0.00381,0.01855,0.97764
41240537,2,2,0.00095,0.00471,0.99434
4392089,2,2,0.00088,0.00506,0.99407
31435325,2,2,0.00223,0.01007,0.9877
17606321,0,0,0.9888,0.00911,0.0021
20271246,0,0,0.97868,0.01901,0.00231
33769563,1,1,0.18957,0.77054,0.03989
41531833,2,2,0.00097,0.00486,0.99417
14025311,2,1,0.03478,0.67175,0.29347
12742730,2,2,0.01487,0.44843,0.5367
19028729,2,2,0.0052,0.09188,0.90292
6052981,0,0,0.86362,0.13244,0.00394
840542,2,2,0.00314,0.0096,0.98725
20717355,2,1,0.02661,0.4943,0.47909
868072,1,0,0.66829,0.32316,0.00855
5889332,2,2,0.01412,0.22089,0.76499
23690062,2,2,0.00132,0.00717,0.99152
19131327,2,2,0.01799,0.03763,0.94438
38667974,2,2,0.00516,0.01119,0.98365
39136296,2,2,0.06072,0.03301,0.90627
5724271,0,0,0.76376,0.23022,0.00602
35253889,2,2,0.00092,0.00633,0.99275
19888966,0,0,0.6812,0.30945,0.00934
12644729,0,0,0.93038,0.06661,0.00301
25012966,2,2,0.00116,0.00595,0.99289
38372316,2,2,0.00089,0.00664,0.99247
32654878,2,2,0.00096,0.00614,0.9929
40770744,2,2,0.00267,0.03071,0.96662
34319580,2,2,0.00359,0.04591,0.9505
40253583,2,2,0.00145,0.00581,0.99274
21015121,1,1,0.08182,0.88826,0.02992
15856374,2,2,0.00805,0.02469,0.96726
12039770,0,0,0.98472,0.0132,0.00209
26472601,2,2,0.09696,0.28057,0.62247
8494767,2,2,0.00146,0.01118,0.98735
7839747,2,2,0.00128,0.00568,0.99304
3957273,2,2,0.00534,0.08218,0.91248
1152508,2,1,0.09133,0.70723,0.20144
1573605,2,2,0.00106,0.00394,0.995
2786919,2,1,0.40828,0.57577,0.01595
34094238,2,2,0.00146,0.01064,0.9879
33729809,2,2,0.00128,0.00343,0.99529
9405392,0,0,0.85661,0.13875,0.00464
4069092,2,1,0.27647,0.70599,0.01754
22996367,2,2,0.00147,0.00873,0.9898
39619554,1,1,0.18614,0.80224,0.01162
33120305,2,2,0.30771,0.2102,0.48209
36583700,2,2,0.00109,0.00793,0.99098
17290636,2,2,0.0033,0.02255,0.97414
8183772,1,2,0.00883,0.10483,0.88634
25218732,2,2,0.00222,0.02805,0.96973
6808041,2,2,0.00711,0.01745,0.97544
23472633,2,2,0.00089,0.004,0.9951
31279170,2,2,0.00188,0.00739,0.99073
35061045,2,2,0.0471,0.13736,0.81554
25997465,0,0,0.93134,0.0652,0.00347
20441784,2,2,0.001,0.00482,0.99418
3056737,2,2,0.00195,0.00348,0.99457
40861250,2,2,0.00217,0.00478,0.99305
18738154,2,2,0.00098,0.0041,0.99492
41323247,2,2,0.0016,0.01383,0.98457
5443943,2,2,0.001,0.0034,0.9956
41282257,0,0,0.93174,0.06485,0.00341
35814652,2,2,0.0022,0.00628,0.99152
21437244,2,2,0.0022,0.00976,0.98804
37302354,0,1,0.09778,0.81073,0.0915
39060214,2,2,0.00842,0.14558,0.84599
14583018,2,1,0.03499,0.59178,0.37323
25984933,2,2,0.00248,0.01345,0.98408
11794299,2,2,0.0084,0.0655,0.9261
22826748,2,2,0.00555,0.04694,0.94751
17299252,2,2,0.00088,0.00546,0.99366
41435114,2,2,0.00518,0.00827,0.98655
29126619,2,2,0.00415,0.05688,0.93897
22320750,2,2,0.00089,0.00581,0.99329
994736,2,2,0.00158,0.01136,0.98706
27220819,1,0,0.84056,0.15428,0.00516
1715128,0,0,0.62096,0.35939,0.01965
2442573,0,0,0.9895,0.00823,0.00227
34653852,0,0,0.98567,0.01143,0.0029
7314011,2,2,0.00097,0.00388,0.99515
33315126,2,2,0.00196,0.01231,0.98572
29935358,2,2,0.00945,0.01167,0.97889
6295991,2,2,0.00484,0.01296,0.9822
24445469,2,2,0.00201,0.00618,0.99181
11390428,2,2,0.00142,0.00883,0.98975
29522266,2,2,0.00242,0.00567,0.99191
35971748,0,0,0.98664,0.01176,0.0016
1645383,0,0,0.98092,0.01728,0.00181
2427118,2,2,0.00122,0.00695,0.99183
559462,0,0,0.63751,0.35483,0.00766
21180401,2,2,0.01454,0.14016,0.84529
25273170,2,2,0.0016,0.01199,0.98641
10649072,2,2,0.00158,0.01008,0.98834
10890872,0,0,0.93633,0.06104,0.00263
40246115,2,2,0.0076,0.02811,0.96429
27959838,2,2,0.00281,0.02884,0.96835
18830684,2,2,0.00205,0.01409,0.98386
17809032,2,2,0.00702,0.02978,0.96321
33763918,0,1,0.45204,0.52437,0.02359
4371601,2,2,0.01412,0.09128,0.8946
25656208,2,2,0.00465,0.00682,0.98853
20062963,1,0,0.56863,0.39852,0.03284
17043906,2,0,0.48692,0.44509,0.06799
10109442,2,2,0.00456,0.01119,0.98425
28202836,2,2,0.00097,0.0037,0.99533
1149493,2,2,0.00319,0.02496,0.97185
18175392,2,2,0.00125,0.00769,0.99106
5185681,2,2,0.01946,0.09284,0.88771
289300,2,2,0.00176,0.0111,0.98714
16091418,0,1,0.07003,0.83988,0.09009
5844374,2,2,0.01119,0.22834,0.76047
27407535,2,2,0.00173,0.016,0.98227
6860837,2,2,0.00106,0.0041,0.99484
3576982,2,2,0.00095,0.00436,0.99469
2300263,2,2,0.00092,0.00555,0.99353
3237863,0,0,0.94862,0.04892,0.00246
6035813,2,2,0.00362,0.03957,0.95681
19169303,2,2,0.00128,0.00711,0.99161
27140553,2,2,0.02211,0.09457,0.88332
17052114,2,2,0.01451,0.02213,0.96335
12622824,2,2,0.00101,0.00403,0.99495
37292445,2,1,0.01995,0.6606,0.31945
36479920,1,0,0.87224,0.12419,0.00356
502797,2,2,0.00207,0.01994,0.97798
14005100,1,1,0.20336,0.77048,0.02616
3933459,2,2,0.01301,0.06051,0.92648
39518997,2,2,0.00093,0.00717,0.9919
1657198,2,2,0.0042,0.04636,0.94945
11214228,2,2,0.00183,0.00517,0.993
36944696,2,2,0.00111,0.00471,0.99418
26282643,2,0,0.97938,0.01787,0.00275
24301266,2,2,0.00184,0.01285,0.98531
39341417,2,2,0.00756,0.06251,0.92993
1810538,2,2,0.00138,0.0086,0.99002
31548333,2,2,0.00151,0.00984,0.98865
32506520,2,2,0.00196,0.01166,0.98637
10558566,0,0,0.83483,0.16058,0.00459
35052697,2,2,0.00168,0.00965,0.98866
15984400,2,2,0.01224,0.04547,0.94229
91622,2,2,0.002,0.01118,0.98682
41137282,2,2,0.0014,0.00908,0.98952
1330920,2,2,0.00481,0.04853,0.94665
32978145,0,0,0.91179,0.08498,0.00324
9324266,0,0,0.98617,0.01213,0.00171
14434584,2,2,0.00247,0.03254,0.96499
2104319,2,2,0.00195,0.01695,0.9811
35600138,2,2,0.00103,0.00457,0.9944
19024042,2,2,0.00187,0.01522,0.98291
23133971,2,2,0.00135,0.01351,0.98514
15869456,2,2,0.00109,0.00919,0.98972
6352928,2,2,0.00158,0.01199,0.98643
4671245,2,2,0.00163,0.01055,0.98782
15909227,2,2,0.00421,0.04412,0.95167
38783026,2,2,0.12561,0.20851,0.66588
22746940,2,2,0.00104,0.00577,0.99319
8778390,0,0,0.98401,0.01426,0.00173
828405,2,2,0.02094,0.39512,0.58394
19517441,2,2,0.00247,0.01733,0.9802
13298310,0,0,0.69282,0.29336,0.01383
23538570,0,0,0.93234,0.06087,0.00679
11947245,0,0,0.83301,0.16212,0.00488
22838635,2,2,0.0076,0.042,0.95039
2815640,0,0,0.8561,0.13206,0.01184
10067106,2,2,0.00115,0.0053,0.99356
37598429,0,0,0.98811,0.01015,0.00174
13110286,2,2,0.00109,0.00638,0.99253
1129133,2,2,0.0064,0.04309,0.95051
20508961,1,0,0.70471,0.28696,0.00833
32991183,1,0,0.89272,0.10154,0.00574
27533924,2,2,0.00155,0.01702,0.98143
29411446,2,2,0.00186,0.02014,0.978
41383348,0,0,0.71703,0.27429,0.00868
12604868,2,2,0.00268,0.01299,0.98433
6365414,2,2,0.00113,0.00633,0.99254
14115502,2,1,0.05549,0.90965,0.03486
30492699,2,2,0.00181,0.01594,0.98225
34330730,2,2,0.00158,0.01167,0.98675
6113985,2,2,0.00174,0.00843,0.98983
19345602,2,2,0.00377,0.02954,0.96669
4183968,0,0,0.92299,0.06915,0.00786
25202067,2,2,0.0064,0.10147,0.89213
33285230,2,2,0.00103,0.00379,0.99518
18197617,2,2,0.01048,0.04589,0.94363
33486306,0,0,0.89573,0.1005,0.00378
24063215,2,2,0.00214,0.02178,0.97609
23709344,0,0,0.64904,0.3447,0.00626
41108066,2,1,0.03304,0.84541,0.12155
35101389,2,2,0.00394,0.07515,0.9209
39418849,0,0,0.95005,0.04678,0.00317
39609573,1,0,0.63033,0.2995,0.07017
16001014,2,1,0.04671,0.77785,0.17544
19286788,2,2,0.00436,0.03823,0.95741
34453424,2,2,0.00104,0.00609,0.99287
30491240,2,2,0.00783,0.04376,0.94841
13788313,2,1,0.4186,0.57215,0.00925
41222536,0,0,0.98791,0.01027,0.00182
8862737,2,2,0.00438,0.02024,0.97538
38513292,2,2,0.04196,0.10204,0.85601
34361281,2,2,0.03568,0.09987,0.86445
23652109,0,0,0.88631,0.10858,0.00511
29387639,0,0,0.90472,0.09046,0.00482
20486789,2,2,0.00151,0.00663,0.99185
25838874,2,1,0.06741,0.49812,0.43447
38436853,2,2,0.00373,0.05465,0.94162
20396129,2,2,0.00122,0.00643,0.99235
32460018,0,1,0.41749,0.5662,0.01631
38652539,2,2,0.04428,0.08018,0.87555
28534000,2,2,0.0062,0.00665,0.98715
4497677,2,2,0.0016,0.01708,0.98132
13523449,2,2,0.00344,0.01298,0.98359
11334365,2,2,0.00249,0.02521,0.9723
33848915,2,2,0.00107,0.00959,0.98934
24485008,0,0,0.98887,0.009,0.00213
13391501,0,2,0.05193,0.4069,0.54117
35848559,2,2,0.00111,0.00509,0.9938
29315428,2,2,0.00466,0.06397,0.93137
14229347,2,0,0.52556,0.37414,0.1003
318346,2,2,0.00621,0.05793,0.93586
6834925,1,0,0.81365,0.18014,0.00621
23022458,2,2,0.00208,0.01557,0.98235
25936441,2,2,0.00168,0.01194,0.98638
1082879,2,2,0.00099,0.00577,0.99324
2202852,2,2,0.00322,0.01673,0.98005
41616955,2,2,0.00297,0.004,0.99304
7827694,2,2,0.00256,0.01079,0.98665
20632809,0,0,0.95542,0.04119,0.00339
37794112,0,0,0.95916,0.03818,0.00265
31402662,1,1,0.02183,0.49291,0.48527
10636606,0,0,0.95171,0.04517,0.00313
38049481,2,2,0.00147,0.00679,0.99174
40322911,2,2,0.05003,0.09719,0.85279
8833789,2,0,0.57235,0.41548,0.01216
1944241,2,2,0.00104,0.00595,0.99301
30568035,2,2,0.00246,0.01967,0.97787
14041553,0,0,0.92726,0.06876,0.00397
23349446,1,0,0.5525,0.43706,0.01044
19752827,2,2,0.00124,0.00577,0.99299
38547377,0,0,0.89484,0.10001,0.00516
40051295,2,0,0.84547,0.12445,0.03008
16825890,2,2,0.00104,0.0085,0.99046
1935284,0,0,0.72069,0.27354,0.00577
20694516,2,2,0.03927,0.20817,0.75257
927767,2,2,0.00099,0.00619,0.99282
2436545,2,2,0.0022,0.00976,0.98804
21305032,1,2,0.0403,0.12456,0.83514
31440380,2,2,0.00449,0.01173,0.98379
37743487,2,2,0.00511,0.05108,0.94381
14012046,0,0,0.83956,0.1547,0.00575
36447438,0,0,0.85688,0.13934,0.00379
15992896,1,0,0.96124,0.03662,0.00214
18729643,2,0,0.77186,0.20896,0.01917
8046414,2,2,0.14457,0.23477,0.62066
34036357,2,1,0.0943,0.77731,0.12839
40032043,2,2,0.00591,0.00759,0.9865
16484172,2,2,0.00195,0.01995,0.97811
10973041,2,2,0.00103,0.00506,0.99392
34598902,2,2,0.00101,0.00628,0.99271
17432421,2,2,0.00095,0.006,0.99305
29814782,2,1,0.46928,0.5154,0.01532
16977902,2,2,0.00129,0.00973,0.98897
1178480,2,2,0.00289,0.031,0.96612
31841803,1,0,0.82237,0.16904,0.00858
31811049,2,1,0.04804,0.54975,0.40221
23680859,2,2,0.00294,0.02901,0.96805
13520688,2,2,0.00175,0.01546,0.98279
34899073,2,2,0.00103,0.00559,0.99338
23671382,2,2,0.00125,0.00908,0.98967
1992038,2,2,0.00091,0.00446,0.99463
12999471,2,2,0.00095,0.00426,0.99479
12291614,2,2,0.00808,0.02821,0.96371
6541495,2,2,0.00107,0.00857,0.99036
35373301,2,2,0.00115,0.00376,0.99509
17732517,1,0,0.511,0.47631,0.01269
29267585,2,2,0.00129,0.00808,0.99062
15530974,1,1,0.04745,0.92726,0.0253
9109099,2,1,0.05314,0.85432,0.09254
24393455,2,2,0.03481,0.01337,0.95183
17970295,2,1,0.09221,0.77813,0.12966
24344454,2,2,0.00115,0.0049,0.99395
10151863,2,2,0.00147,0.00581,0.99272
18160779,2,2,0.06985,0.13702,0.79313
40969972,0,0,0.90642,0.08957,0.00401
12130084,2,2,0.00763,0.15137,0.841
33786983,2,2,0.00213,0.00943,0.98844
34893410,2,2,0.00753,0.01417,0.9783
11162206,0,1,0.1894,0.77438,0.03622
10876924,1,0,0.49653,0.49267,0.0108
41168168,2,2,0.01232,0.0899,0.89779
37706368,2,2,0.00278,0.02431,0.97292
29695200,2,2,0.00403,0.0403,0.95567
25014949,0,0,0.72686,0.26325,0.00989
19830299,0,0,0.81026,0.18436,0.00537
23368973,2,2,0.00118,0.00734,0.99148
36131861,2,2,0.0018,0.00525,0.99295
12410132,2,1,0.14162,0.78891,0.06947
14086576,2,2,0.00104,0.0059,0.99305
4888551,2,2,0.00093,0.00577,0.9933
30871388,2,2,0.00092,0.00397,0.99511
9633821,2,2,0.00109,0.00568,0.99323
7927761,2,2,0.00123,0.00996,0.9888
20402174,2,2,0.00503,0.02226,0.97272
26631620,2,2,0.00334,0.0096,0.98705
21471777,2,2,0.00707,0.1227,0.87022
31567373,2,2,0.00103,0.00542,0.99355
35491300,2,2,0.00411,0.02136,0.97453
21803002,0,0,0.60688,0.38276,0.01036
32156548,2,2,0.002,0.01051,0.98749
16462397,2,2,0.00184,0.01285,0.98531
32465805,2,2,0.00085,0.0041,0.99505
28785565,0,0,0.8105,0.18227,0.00723
24339712,2,2,0.00871,0.04529,0.94599
23337487,2,2,0.00452,0.09293,0.90256
15510548,2,2,0.0024,0.01498,0.98262
2608262,2,2,0.00852,0.09487,0.89661
38129797,2,2,0.01671,0.43429,0.549
23645749,2,2,0.00084,0.00475,0.99441
15880108,0,1,0.15708,0.76911,0.07381
7177345,2,2,0.00101,0.00397,0.99502
12331082,2,2,0.00094,0.00403,0.99503
35367091,2,2,0.00092,0.00457,0.99451
35548906,2,2,0.00138,0.00494,0.99368
18154065,2,2,0.00117,0.00345,0.99538
11423038,2,2,0.01217,0.24068,0.74715
3920435,2,2,0.00118,0.00546,0.99336
40232444,2,2,0.00345,0.05458,0.94197
30397368,2,2,0.00615,0.05215,0.9417
12935845,2,2,0.00135,0.00894,0.98971
37900564,0,1,0.42097,0.56206,0.01697
40194774,2,2,0.00262,0.01989,0.97749
23115132,2,2,0.00102,0.00751,0.99146
28588650,2,2,0.00136,0.00745,0.99119
15640529,0,0,0.9861,0.01005,0.00385
37061023,2,2,0.01156,0.0189,0.96954
2659398,2,1,0.04326,0.82902,0.12773
37271981,2,2,0.00494,0.03974,0.95532
21287258,1,2,0.04368,0.46415,0.49216
4272621,0,0,0.78626,0.20591,0.00783
21859718,2,2,0.05811,0.10119,0.84069
32061688,0,0,0.56485,0.39126,0.0439
29029195,2,2,0.00234,0.00856,0.9891
12764766,0,1,0.23377,0.75169,0.01454
4769465,2,2,0.00087,0.0042,0.99494
11104007,2,2,0.00125,0.00772,0.99103
7743764,2,2,0.01472,0.31359,0.67169
31050895,2,0,0.56751,0.40717,0.02533
23692741,2,2,0.00111,0.00775,0.99115
3373547,2,2,0.00281,0.01079,0.9864
15698825,1,0,0.51958,0.45496,0.02547
19990152,2,2,0.00106,0.0059,0.99304
38180472,2,2,0.0013,0.00446,0.99424
20571775,2,2,0.00176,0.0142,0.98404
27785627,2,2,0.00581,0.0468,0.94739
7109757,2,2,0.00175,0.01851,0.97974
27587770,2,2,0.07708,0.06121,0.86171
5838976,0,0,0.8323,0.16135,0.00635
38934136,0,0,0.93973,0.05755,0.00272
17360248,2,2,0.00533,0.00951,0.98516
10815689,2,2,0.00204,0.01927,0.97869
20570445,1,0,0.59163,0.40032,0.00805
15177993,1,0,0.72944,0.26213,0.00843
4341288,2,2,0.00313,0.0284,0.96847
26869662,2,2,0.00116,0.00915,0.98969
28457219,2,2,0.00176,0.01097,0.98727
26242964,2,2,0.00211,0.01916,0.97874
10591356,2,1,0.05886,0.85814,0.083
15515599,0,0,0.88982,0.10565,0.00453
4022979,2,2,0.0019,0.0154,0.98271
13454977,2,2,0.00346,0.02329,0.97325
36499917,2,2,0.00134,0.0055,0.99316
18636703,2,2,0.00099,0.00555,0.99346
18375955,2,2,0.01707,0.31702,0.66591
8139846,2,2,0.00104,0.0045,0.99446
33089052,2,2,0.00227,0.00792,0.98981
30077996,2,2,0.00194,0.01076,0.98731
29541818,2,2,0.00525,0.0845,0.91025
11048692,1,1,0.12329,0.85578,0.02093
22512459,2,2,0.00116,0.00784,0.991
31345852,0,0,0.97067,0.02669,0.00264
33522028,2,2,0.00103,0.00367,0.9953
35175109,2,2,0.00764,0.08174,0.91063
7385983,2,2,0.15508,0.22433,0.62059
3216867,2,0,0.5018,0.4714,0.0268
3026460,1,0,0.60173,0.38248,0.01579
19944316,0,0,0.93723,0.05939,0.00338
14350089,2,2,0.06859,0.11199,0.81943
24023370,2,2,0.00453,0.06145,0.93401
27621250,0,0,0.93068,0.05823,0.01109
41489618,2,2,0.00963,0.13736,0.85301
32553466,2,2,0.00129,0.01012,0.98859
11690187,2,2,0.09081,0.07737,0.83182
31213901,0,1,0.12502,0.84689,0.02809
40038068,2,2,0.0289,0.16511,0.80599
3209040,2,2,0.00097,0.00407,0.99497
17869267,2,2,0.00104,0.00723,0.99173
9146246,2,2,0.00131,0.00863,0.99005
9752229,2,2,0.00174,0.02204,0.97622
40776597,2,2,0.0027,0.03589,0.96141
17991249,1,2,0.00431,0.0346,0.96109
11392124,2,2,0.00088,0.00391,0.99521
24580984,2,2,0.00109,0.00784,0.99107
34437754,1,1,0.35999,0.59352,0.04649
30799770,1,2,0.00302,0.04721,0.94977
20329857,2,1,0.034,0.83669,0.12932
4043974,1,0,0.69186,0.2999,0.00825
6305845,2,2,0.00246,0.00662,0.99092
3168907,1,0,0.68423,0.30601,0.00976
39340470,2,2,0.00142,0.00883,0.98975
14475040,0,0,0.72328,0.24801,0.02871
35299656,2,2,0.00193,0.01388,0.98419
18054351,2,2,0.00111,0.00367,0.99521
14294613,0,0,0.9879,0.0098,0.0023
1120317,2,2,0.002,0.01035,0.98765
3047191,0,0,0.82402,0.16938,0.00659
5575794,2,2,0.00092,0.00368,0.9954
22232827,2,2,0.00264,0.02912,0.96824
16081637,0,1,0.45933,0.52049,0.02018
35466231,2,2,0.00134,0.00781,0.99086
2528550,2,2,0.00301,0.03645,0.96054
61416,2,2,0.00083,0.00479,0.99439
8932707,0,2,0.06226,0.25256,0.68519
17672016,0,1,0.04917,0.74544,0.20539
21293754,2,2,0.00098,0.00394,0.99508
33857384,0,2,0.10934,0.21034,0.68032
7751201,2,2,0.00124,0.00781,0.99096
16403827,2,2,0.00106,0.00815,0.9908
16623394,2,1,0.44701,0.4777,0.07529
4703948,2,2,0.0143,0.21686,0.76884
9030201,2,2,0.00356,0.03942,0.95702
5007628,2,2,0.00154,0.00757,0.9909
18275956,0,2,0.01712,0.12525,0.85763
16436888,2,2,0.00299,0.04122,0.95578
14302287,2,2,0.00678,0.10541,0.88781
34220981,2,2,0.06012,0.08027,0.85961
17818290,2,1,0.04431,0.84265,0.11304
41510103,0,0,0.81158,0.17968,0.00874
20803932,2,2,0.00138,0.00482,0.9938
35572639,2,2,0.00085,0.00385,0.9953
32240579,2,1,0.02912,0.6627,0.30818
28016723,2,2,0.00733,0.0326,0.96007
39011348,0,0,0.91528,0.08092,0.0038
41255212,0,0,0.95665,0.0409,0.00245
5430742,2,2,0.00146,0.00936,0.98917
15500891,2,2,0.00125,0.00996,0.98879
37705408,2,2,0.00172,0.00505,0.99323
22413459,2,2,0.00914,0.05824,0.93262
39842169,2,1,0.02892,0.86521,0.10587
34170674,0,0,0.93729,0.05888,0.00383
19361716,2,2,0.00238,0.02103,0.97658
6692202,2,2,0.00101,0.00734,0.99165
32941106,2,2,0.0012,0.00658,0.99222
33731171,2,2,0.00773,0.12645,0.86582
28174849,2,2,0.00122,0.00757,0.99122
9341749,2,2,0.00292,0.01914,0.97793
24180541,0,1,0.29141,0.69362,0.01497
36051767,2,2,0.00459,0.03498,0.96043
37394008,2,2,0.00252,0.01216,0.98532
2063651,2,2,0.00163,0.01158,0.98679
204961,2,1,0.0525,0.68087,0.26663
14891084,1,1,0.03904,0.73095,0.23
36983019,2,2,0.00124,0.0037,0.99506
32819009,2,2,0.00104,0.00394,0.99501
31102111,2,2,0.00766,0.07864,0.9137
35220731,2,2,0.00095,0.00653,0.99252
16382066,1,1,0.199,0.72436,0.07665
36982517,2,2,0.00191,0.01047,0.98762
40140119,2,2,0.00134,0.00517,0.99349
7101825,0,0,0.93752,0.05976,0.00272
10530714,2,1,0.03172,0.71083,0.25745
12231106,2,2,0.00095,0.00653,0.99252
26935601,2,2,0.34486,0.19649,0.45865
30277155,0,0,0.98506,0.01346,0.00148
22286763,1,1,0.27989,0.70917,0.01094
23060387,2,2,0.00086,0.00586,0.99328
13409906,2,2,0.00101,0.00581,0.99318
12447127,0,1,0.33096,0.55643,0.1126
28824575,2,2,0.00204,0.0049,0.99306
32990638,2,2,0.00099,0.00633,0.99267
7923036,0,1,0.32954,0.66051,0.00995
32685330,2,2,0.00107,0.00908,0.98985
25351624,0,0,0.8313,0.16433,0.00436
15534550,2,2,0.00521,0.01803,0.97676
7195590,1,1,0.04428,0.84858,0.10715
19619829,2,2,0.02799,0.18539,0.78663
26523604,2,2,0.00882,0.04843,0.94275
18515688,0,0,0.54515,0.42457,0.03028
31007487,2,2,0.00113,0.00429,0.99458
9784558,2,1,0.17513,0.80663,0.01824
37679683,2,2,0.00799,0.15132,0.84069
39504820,2,2,0.00128,0.00482,0.9939
35177937,2,2,0.00139,0.01145,0.98716
33395862,2,2,0.0013,0.004,0.9947
6517624,1,0,0.85564,0.13485,0.00951
28169499,2,2,0.00144,0.00951,0.98905
35887114,0,0,0.67668,0.31102,0.0123
7280379,2,2,0.00213,0.02432,0.97355
11457667,2,2,0.00109,0.004,0.9949
37885237,0,0,0.96992,0.02808,0.00199
20149133,2,2,0.04517,0.37818,0.57665
4402866,2,2,0.00249,0.00984,0.98768
40793120,2,2,0.00189,0.01656,0.98154
16261267,2,2,0.02191,0.08205,0.89604
39422015,2,2,0.00175,0.00443,0.99383
33677839,2,2,0.00332,0.018,0.97869
34793325,2,2,0.00166,0.01068,0.98767
9908109,2,2,0.00103,0.00546,0.99351
34983635,2,2,0.00221,0.00379,0.994
2262164,2,2,0.00111,0.00751,0.99138
8461574,0,0,0.80976,0.18139,0.00886
13388837,0,0,0.98629,0.01148,0.00223
39229403,0,0,0.48265,0.31178,0.20557
26742482,2,2,0.00118,0.00517,0.99364
27313622,2,2,0.00646,0.10637,0.88717
4266954,0,0,0.93596,0.06137,0.00267
8699488,0,0,0.79086,0.19918,0.00996
3143828,0,0,0.7693,0.21114,0.01956
13682361,2,2,0.00093,0.00564,0.99343
678793,2,2,0.00118,0.00534,0.99348
33976013,2,2,0.03771,0.10393,0.85836
29663733,2,1,0.02838,0.88283,0.08879
8302258,1,2,0.00663,0.06864,0.92473
28316030,2,2,0.01036,0.39196,0.59767
12985075,2,2,0.00093,0.00604,0.99302
36167929,2,2,0.00995,0.02891,0.96114
34122670,2,2,0.00342,0.0331,0.96348
20778543,2,2,0.08536,0.14491,0.76973
25926262,2,2,0.33488,0.21338,0.45173
23548134,0,0,0.77275,0.21796,0.00928
31081904,0,0,0.94571,0.0506,0.00369
20431961,2,2,0.00174,0.00595,0.99231
22978436,2,2,0.00109,0.00623,0.99267
17432697,2,2,0.00443,0.05483,0.94075
6821043,2,2,0.00088,0.00407,0.99505
24449996,0,0,0.9363,0.06027,0.00343
4137404,2,2,0.00123,0.00844,0.99033
13452138,2,2,0.00548,0.05787,0.93665
9721087,2,2,0.00251,0.01617,0.98132
28278326,0,0,0.90819,0.08767,0.00414
36141203,2,2,0.00234,0.02279,0.97487
38013169,2,2,0.00142,0.00918,0.9894
737867,0,0,0.63397,0.35841,0.00762
26784938,2,2,0.00106,0.00568,0.99326
4587643,2,2,0.00224,0.01923,0.97853
34992719,0,0,0.49348,0.4221,0.08442
31718393,2,2,0.00159,0.007,0.99141
22775679,2,2,0.0059,0.09068,0.90342
27887924,2,2,0.00108,0.00385,0.99507
9117047,0,1,0.39352,0.57481,0.03168
13799145,2,2,0.00151,0.00658,0.99191
9222132,2,2,0.00208,0.01851,0.97942
19733694,0,0,0.94882,0.04848,0.00271
17993224,2,2,0.00128,0.00668,0.99204
30578379,2,2,0.00175,0.0049,0.99336
3184053,2,2,0.00111,0.00757,0.99132
12224611,2,2,0.00172,0.00436,0.99392
23818185,2,1,0.02498,0.63422,0.3408
22528487,2,2,0.00195,0.02076,0.97729
996592,2,2,0.00309,0.01121,0.9857
35868306,2,2,0.00435,0.01013,0.98552
13263550,2,2,0.00114,0.0059,0.99295
11698759,1,1,0.05397,0.85422,0.09181
39089530,0,0,0.98794,0.0098,0.00226
39495682,2,2,0.00098,0.00609,0.99293
31486190,0,0,0.9826,0.01374,0.00366
35758397,2,2,0.00415,0.04227,0.95358
28736063,1,0,0.67353,0.32065,0.00583
33660478,2,2,0.01449,0.02407,0.96145
40197728,0,0,0.57124,0.41468,0.01408
29558950,2,2,0.00663,0.02417,0.9692
24354297,0,0,0.9872,0.00999,0.00282
25427319,2,2,0.00364,0.03423,0.96213
31994990,0,0,0.98133,0.01715,0.00152
3473148,2,2,0.00209,0.01255,0.98536
14750125,0,0,0.71905,0.26556,0.0154
27619131,2,2,0.00171,0.00876,0.98952
8054975,2,2,0.00857,0.08916,0.90226
33529099,2,2,0.00608,0.04865,0.94527
35196883,2,2,0.00916,0.14046,0.85039
15684824,2,2,0.00192,0.01865,0.97943
34214138,2,2,0.00168,0.0133,0.98502
25744946,2,2,0.00116,0.00534,0.9935
14316482,2,2,0.00113,0.00362,0.99525
18615651,2,2,0.01056,0.22575,0.76369
40223119,2,2,0.00113,0.00684,0.99203
28131336,0,0,0.80709,0.18436,0.00856
1120131,2,2,0.00193,0.013,0.98507
9303740,1,0,0.84736,0.14553,0.00711
22486299,2,2,0.00902,0.05593,0.93504
22776354,2,2,0.08348,0.12754,0.78897
18624001,1,2,0.00297,0.03429,0.96274
4595064,0,0,0.9181,0.07898,0.00292
4557281,0,0,0.89371,0.10145,0.00484
1806746,2,2,0.0014,0.00873,0.98987
11149385,2,2,0.00097,0.00385,0.99518
22300243,2,2,0.22431,0.25567,0.52002
16678536,2,2,0.00337,0.03181,0.96482
32218767,2,2,0.00143,0.01715,0.98142
17677,2,2,0.00197,0.02671,0.97133
36624940,2,2,0.0012,0.00443,0.99437
38756039,2,2,0.00539,0.04494,0.94967
15181709,2,2,0.00134,0.00775,0.99092
18751008,2,1,0.03231,0.89402,0.07367
24894182,2,2,0.00166,0.00876,0.98958
2501481,2,2,0.00088,0.00416,0.99496
18034921,2,2,0.08621,0.01546,0.89833
8611588,2,2,0.00124,0.00446,0.9943
37173609,1,0,0.63184,0.34893,0.01923
4802987,2,2,0.00114,0.0059,0.99295
16247651,0,0,0.97333,0.02353,0.00315
3038787,2,2,0.00114,0.00844,0.99042
7729678,2,2,0.00272,0.02863,0.96865
32457514,0,0,0.57415,0.40082,0.02503
21039691,2,2,0.01782,0.19423,0.78795
23596157,0,0,0.881,0.11466,0.00434
39563121,2,2,0.00623,0.08322,0.91055
13995656,2,2,0.00157,0.00391,0.99452
22976396,2,2,0.00107,0.00993,0.989
21910729,2,2,0.00111,0.00884,0.99006
37944454,2,2,0.0036,0.01434,0.98206
4202203,0,0,0.91712,0.0776,0.00529
3588047,2,2,0.33706,0.28858,0.37436
6886393,0,0,0.60748,0.28058,0.11194
5265416,2,2,0.01958,0.39015,0.59028
22632889,0,0,0.82691,0.16734,0.00575
20619699,2,2,0.00525,0.05489,0.93986
19284864,2,2,0.00214,0.00388,0.99398
17122561,2,2,0.00303,0.04623,0.95074
5553514,0,0,0.54431,0.44774,0.00795
30012582,0,0,0.98714,0.00895,0.00391
2690196,2,1,0.08972,0.72808,0.18221
28886343,2,2,0.00107,0.00633,0.99259
28074557,2,2,0.00116,0.00416,0.99467
12777921,0,0,0.94181,0.05514,0.00304
18954996,2,2,0.00337,0.04683,0.9498
5798616,2,2,0.00324,0.02398,0.97278
33757301,2,2,0.00224,0.00541,0.99235
26200257,0,0,0.64657,0.34072,0.01271
13869146,1,1,0.1332,0.80564,0.06116
12622818,2,2,0.00113,0.0046,0.99427
28939257,2,2,0.00106,0.00787,0.99108
30210346,2,2,0.00114,0.0079,0.99096
27455630,2,2,0.00139,0.0132,0.9854
35929147,0,0,0.86677,0.12934,0.00389
38571827,0,0,0.93887,0.05589,0.00524
29803729,2,2,0.00129,0.00793,0.99078
16512273,2,1,0.03751,0.67539,0.2871
36472166,2,2,0.01075,0.00647,0.98278
36427477,2,2,0.0013,0.007,0.9917
37337381,0,0,0.57723,0.41253,0.01025
23389441,2,2,0.00187,0.0126,0.98553
35891656,1,1,0.1944,0.78404,0.02156
17896008,1,0,0.54845,0.44069,0.01086
31344625,2,2,0.0021,0.00961,0.98829
10571395,2,2,0.00104,0.00457,0.99439
28524003,2,2,0.00101,0.00343,0.99556
2675552,2,2,0.00218,0.01714,0.98068
19366738,2,2,0.00091,0.00573,0.99337
6969952,0,1,0.21155,0.75295,0.03549
17285265,2,2,0.00267,0.01636,0.98097
13846117,2,1,0.02236,0.58126,0.39638
34153314,2,2,0.00124,0.00509,0.99367
22455395,0,0,0.98831,0.00969,0.002
31659857,2,2,0.00156,0.01064,0.98781
14443024,0,0,0.615,0.37594,0.00905
22549478,2,2,0.00194,0.00618,0.99187
9751175,2,2,0.02073,0.27095,0.70831
35329741,0,0,0.96264,0.03535,0.00201
213043,2,2,0.16064,0.20647,0.63288
38880009,0,0,0.97963,0.01851,0.00186
1984707,2,2,0.00118,0.00581,0.99301
6617666,0,0,0.97727,0.02084,0.00189
22437703,0,1,0.22042,0.74422,0.03536
22340442,2,2,0.00316,0.00485,0.99199
27120974,2,2,0.00098,0.00403,0.99498
34780516,2,1,0.07961,0.4934,0.427
40418178,1,2,0.01525,0.41231,0.57244
27850848,2,1,0.02161,0.70461,0.27378
3054844,0,1,0.20144,0.74262,0.05594
32437852,2,1,0.02689,0.7325,0.24061
23212971,2,2,0.00193,0.01404,0.98403
17768190,0,0,0.835,0.15029,0.01471
31654674,0,0,0.8425,0.15164,0.00586
29631917,1,1,0.05358,0.87489,0.07154
25249632,2,1,0.19823,0.75252,0.04925
9942877,2,2,0.00384,0.04142,0.95474
17542242,2,2,0.00493,0.02603,0.96904
28586501,0,0,0.87608,0.1209,0.00301
30902091,0,0,0.88751,0.10851,0.00398
8090856,2,2,0.01335,0.06532,0.92133
21510354,2,2,0.00142,0.00936,0.98922
41168676,2,2,0.00825,0.16369,0.82806
14055022,2,2,0.00756,0.03259,0.95985
34301047,2,2,0.00103,0.00564,0.99334
3225102,2,2,0.00507,0.02905,0.96588
15805359,2,2,0.00159,0.00379,0.99462
28432888,2,2,0.00126,0.00722,0.99152
14792702,2,2,0.00903,0.16571,0.82526
3912815,2,2,0.02019,0.06594,0.91387
352312,2,2,0.00557,0.00561,0.98882
7260664,2,1,0.0426,0.73764,0.21976
4624393,2,2,0.00242,0.02314,0.97444
24861160,2,2,0.00144,0.01232,0.98624
12100924,2,0,0.54979,0.37639,0.07383
13067876,2,2,0.06506,0.06791,0.86703
27729853,0,1,0.24946,0.73896,0.01158
39523205,0,0,0.80104,0.18297,0.01599
9002740,2,2,0.00107,0.00648,0.99244
37758825,2,2,0.00428,0.02604,0.96967
24021774,2,2,0.00226,0.02507,0.97266
36236985,2,2,0.00091,0.00385,0.99524
39702932,2,2,0.01254,0.18714,0.80032
16222318,2,0,0.70059,0.28417,0.01524
17552043,2,2,0.37824,0.09867,0.52309
8091050,2,2,0.01595,0.09275,0.8913
16462515,2,2,0.00251,0.01447,0.98302
12516461,0,0,0.92802,0.06703,0.00495
7799401,2,2,0.003,0.01038,0.98663
31490437,2,0,0.64702,0.32789,0.02509
28910017,2,2,0.00099,0.00564,0.99337
34927715,2,2,0.00234,0.02493,0.97273
40769355,2,2,0.00197,0.01015,0.98788
31511326,1,2,0.02198,0.05052,0.9275
21492195,2,2,0.00163,0.0131,0.98527
26325303,2,2,0.00115,0.00351,0.99535
4724823,2,2,0.35022,0.2118,0.43799
21120364,2,2,0.00144,0.0089,0.98965
22492295,2,2,0.00164,0.00717,0.9912
29613731,2,2,0.00116,0.00486,0.99397
37700655,2,2,0.0032,0.02106,0.97574
27640604,2,2,0.00124,0.00663,0.99213
21035815,2,2,0.00124,0.00419,0.99457
23340080,2,2,0.03745,0.04082,0.92173
27734790,0,0,0.94658,0.05059,0.00283
31788415,2,2,0.00182,0.00837,0.98981
12244392,2,2,0.00099,0.00844,0.99057
1998351,2,2,0.00149,0.00887,0.98964
22609991,2,2,0.00219,0.01212,0.98569
17487765,0,0,0.87323,0.12051,0.00626
16467495,2,2,0.00113,0.00509,0.99378
7149496,1,0,0.69208,0.2919,0.01602
14398963,2,2,0.11171,0.2013,0.68699
13667394,2,2,0.00243,0.01713,0.98043
16332785,2,2,0.00478,0.06952,0.92569
27817770,0,1,0.40353,0.57803,0.01844
4413470,2,2,0.00236,0.0134,0.98424
8460526,0,0,0.8979,0.0965,0.0056
6940184,2,2,0.00133,0.01154,0.98713
25817146,2,1,0.05779,0.88305,0.05916
30796089,0,1,0.12772,0.81315,0.05913
30116031,2,2,0.00366,0.04406,0.95228
20160297,0,0,0.97828,0.01651,0.00521
4290491,2,2,0.0133,0.06855,0.91814
39582433,2,2,0.00134,0.00436,0.9943
38045757,2,2,0.00796,0.08575,0.90628
9312486,2,2,0.00106,0.00551,0.99343
1358959,2,2,0.00109,0.00728,0.99163
9750705,2,2,0.00095,0.00498,0.99407
32000916,2,2,0.00118,0.00847,0.99035
37334604,2,2,0.02992,0.06091,0.90917
21882170,2,2,0.00208,0.01481,0.9831
30766465,2,2,0.001,0.00538,0.99363
35648795,2,2,0.02103,0.12582,0.85315
34216473,0,0,0.931,0.06543,0.00357
4191365,0,0,0.98756,0.00983,0.00261
23794642,0,0,0.98315,0.01525,0.0016
32223554,1,1,0.36662,0.56341,0.06997
18419432,1,2,0.00257,0.02395,0.97349
40431741,2,2,0.00112,0.00766,0.99122
34625149,0,0,0.88145,0.07292,0.04563
17315650,2,2,0.00112,0.00812,0.99076
20467722,1,1,0.33489,0.65568,0.00943
22026543,1,0,0.94566,0.05156,0.00278
14644130,0,0,0.89656,0.09627,0.00717
22549760,2,2,0.00104,0.00812,0.99084
23361971,2,2,0.0039,0.01277,0.98333
16294627,2,2,0.00175,0.01715,0.9811
18391381,0,1,0.23943,0.73463,0.02594
5003122,2,2,0.00294,0.01419,0.98288
41059218,0,0,0.94598,0.05213,0.00188
21267886,2,2,0.00213,0.02355,0.97432
28028726,2,2,0.01618,0.03631,0.94751
17027754,2,2,0.0036,0.05892,0.93748
37364329,0,0,0.98574,0.0126,0.00165
2128543,2,0,0.79542,0.18419,0.02039
30612454,2,2,0.0256,0.31928,0.65512
20627878,1,1,0.35144,0.57045,0.07811
38932337,1,1,0.10799,0.80575,0.08626
33040454,2,2,0.00248,0.01408,0.98344
7513957,0,0,0.90114,0.09535,0.00351
36634278,2,2,0.00509,0.02583,0.96909
3530350,2,2,0.00109,0.01056,0.98835
11226183,2,2,0.0122,0.14551,0.84228
41093305,2,2,0.00197,0.00817,0.98986
17565020,0,0,0.85033,0.14547,0.00419
27001582,0,0,0.97419,0.02422,0.00158
8137778,2,2,0.0016,0.01399,0.98441
123474,0,0,0.93427,0.06153,0.00419
24858405,2,2,0.00168,0.01241,0.98591
18428270,2,0,0.92127,0.07308,0.00565
20146966,2,2,0.00104,0.00468,0.99428
23056884,2,2,0.00472,0.0368,0.95847
194957,2,2,0.0014,0.00722,0.99138
4282371,1,2,0.01633,0.42124,0.56243
36269479,2,2,0.00131,0.00837,0.99032
32551294,2,2,0.00126,0.00407,0.99468
36140070,0,0,0.91569,0.08033,0.00398
19734174,2,2,0.00086,0.00546,0.99367
33604921,2,2,0.00128,0.00638,0.99234
14051602,2,2,0.00109,0.00475,0.99416
33894374,2,1,0.37021,0.59856,0.03123
41497515,0,0,0.62287,0.36904,0.00809
29047381,2,2,0.00169,0.00856,0.98975
28510186,2,2,0.0022,0.00727,0.99053
22023976,2,2,0.00101,0.00403,0.99495
6920830,1,1,0.25669,0.72556,0.01774
21642734,2,2,0.0012,0.00403,0.99476
39978760,0,0,0.95543,0.04213,0.00244
29145905,2,2,0.05308,0.17305,0.77387
4359795,2,2,0.00196,0.01208,0.98596
39089085,2,2,0.00104,0.0041,0.99486
39975677,2,2,0.00286,0.01054,0.9866
27552262,2,1,0.36716,0.59829,0.03455
36847939,2,2,0.00096,0.00506,0.99398
5231829,2,2,0.00197,0.00762,0.99041
4311143,2,2,0.00109,0.00633,0.99258
32156263,2,2,0.00091,0.0049,0.99419
36003054,2,2,0.00126,0.00337,0.99537
15140435,2,2,0.0054,0.04305,0.95155
41353637,2,2,0.00132,0.0045,0.99418
20386181,2,2,0.00118,0.00815,0.99068
31208497,2,2,0.00296,0.02231,0.97473
35663203,2,2,0.00197,0.02186,0.97616
10067016,2,2,0.00355,0.04289,0.95356
20825,2,2,0.01297,0.39093,0.5961
39337770,2,2,0.00104,0.00436,0.9946
39558627,2,2,0.00338,0.02955,0.96707
11357981,2,2,0.00218,0.01767,0.98015
18530780,2,2,0.0014,0.00768,0.99092
21351170,1,1,0.04959,0.84533,0.10508
20574109,0,1,0.22628,0.7625,0.01122
29041660,2,2,0.00646,0.01135,0.98219
4478310,2,2,0.00301,0.00589,0.9911
22352561,2,1,0.0406,0.90623,0.05316
12821215,2,2,0.09893,0.2407,0.66038
39512967,2,2,0.00195,0.00385,0.9942
24742215,2,2,0.00216,0.01171,0.98614
24016924,2,2,0.00099,0.00595,0.99305
13800612,2,2,0.00757,0.07604,0.9164
749346,2,2,0.00993,0.1234,0.86667
9814525,2,2,0.00101,0.00356,0.99543
23837059,0,0,0.88034,0.11192,0.00774
41183648,2,2,0.00152,0.00538,0.99311
12249833,2,2,0.00101,0.00373,0.99526
29620450,0,0,0.80893,0.1812,0.00987
28885590,2,2,0.00211,0.01837,0.97952
36932653,2,2,0.01599,0.39342,0.59059
17115875,2,2,0.00122,0.00419,0.99459
21185656,1,1,0.06451,0.86996,0.06553
13923813,2,2,0.02626,0.3275,0.64624
18561068,2,2,0.00142,0.01068,0.9879
21948269,0,0,0.41669,0.38764,0.19568
15985198,2,2,0.01134,0.04434,0.94432
23613344,1,1,0.13238,0.84238,0.02524
10994398,2,2,0.00108,0.00471,0.99421
22246416,2,2,0.00375,0.01898,0.97727
5296556,2,2,0.00159,0.00595,0.99246
18003076,2,2,0.00895,0.01185,0.9792
36201884,1,1,0.46424,0.5179,0.01786
20337075,2,2,0.00814,0.03647,0.95539
2199104,2,2,0.00749,0.02616,0.96635
26411318,2,2,0.00168,0.01285,0.98547
40414328,0,0,0.98512,0.01336,0.00153
6791789,2,2,0.00264,0.01202,0.98534
18668786,2,2,0.00245,0.03778,0.95976
23195229,2,2,0.00109,0.0049,0.99401
31565035,2,2,0.00204,0.00542,0.99254
24449826,2,2,0.00639,0.04565,0.94796
17534422,2,2,0.00167,0.01669,0.98163
24115232,2,2,0.00159,0.00432,0.99408
27233564,2,2,0.00969,0.18356,0.80675
30886252,0,0,0.98315,0.01257,0.00428
24076931,2,2,0.00242,0.03713,0.96045
36416159,0,0,0.68168,0.30967,0.00865
11293454,2,2,0.00754,0.09272,0.89973
8846115,0,0,0.76034,0.2283,0.01137
35851571,2,2,0.00116,0.0084,0.99044
29723745,0,0,0.98872,0.00823,0.00305
30185350,0,0,0.98734,0.00809,0.00457
10677188,2,2,0.00131,0.01176,0.98693
40562479,0,0,0.96677,0.0306,0.00263
5057880,2,2,0.06959,0.30527,0.62514
36361424,2,2,0.00265,0.02516,0.97219
25015558,1,2,0.01426,0.2008,0.78493
23004001,2,2,0.00307,0.03128,0.96564
4025506,1,1,0.10687,0.87065,0.02249
8452038,2,2,0.00091,0.00457,0.99452
35720408,2,2,0.00092,0.00348,0.9956
21105844,1,0,0.88303,0.11226,0.00471
21967747,2,2,0.00091,0.004,0.99509
2570905,2,2,0.00085,0.00446,0.99468
15317260,0,0,0.91807,0.07806,0.00387
6344207,0,0,0.89828,0.09768,0.00403
14093431,2,1,0.03811,0.70246,0.25943
14020415,2,2,0.0021,0.02262,0.97527
25530783,0,0,0.75644,0.22448,0.01909
41601772,2,2,0.00125,0.01266,0.98609
37236157,0,0,0.68448,0.2967,0.01882
15238319,2,2,0.00186,0.00478,0.99336
22142919,0,2,0.28655,0.30518,0.40827
18006042,2,2,0.00217,0.0196,0.97823
33182325,2,2,0.00153,0.0128,0.98567
1269380,2,2,0.02564,0.12543,0.84893
13042583,2,2,0.00334,0.01037,0.98628
29810320,2,2,0.00091,0.00436,0.99473
3316933,2,2,0.00139,0.01261,0.986
4201196,2,2,0.00586,0.0975,0.89664
6679165,2,2,0.01187,0.01489,0.97323
15787651,2,2,0.00106,0.00426,0.99468
36680449,2,2,0.00088,0.00404,0.99509
23941996,2,2,0.00339,0.0107,0.98591
39016818,2,2,0.00174,0.01043,0.98783
9392459,2,2,0.00092,0.0041,0.99498
17307683,0,0,0.72473,0.2687,0.00657
19951413,1,1,0.34444,0.6435,0.01207
17768856,2,1,0.18885,0.76312,0.04803
2024335,2,2,0.11531,0.28989,0.59481
25729603,2,2,0.00124,0.00376,0.995
8182210,1,1,0.27775,0.70926,0.01299
40174222,2,2,0.00156,0.01023,0.98821
27420394,2,2,0.01017,0.02266,0.96717
14346364,1,0,0.69995,0.28838,0.01167
16853154,2,2,0.02419,0.4423,0.53352
19880184,0,0,0.96196,0.03607,0.00198
29766082,1,1,0.1922,0.75203,0.05577
26532103,2,2,0.00113,0.00722,0.99165
32719379,0,1,0.43737,0.55289,0.00974
27928826,2,2,0.00419,0.01791,0.9779
1020221,1,1,0.12413,0.82643,0.04944
14629420,2,2,0.00373,0.05502,0.94126
35230714,2,2,0.01074,0.03012,0.95914
30231763,2,2,0.04054,0.07906,0.8804
4542296,2,2,0.0184,0.28563,0.69597
39669336,0,0,0.75215,0.24229,0.00557
3660650,2,2,0.00101,0.00663,0.99236
30132042,2,2,0.00325,0.00744,0.98931
28480978,2,2,0.00106,0.00407,0.99487
20133921,2,2,0.00155,0.01265,0.98579
11675022,2,2,0.00162,0.01522,0.98315
13683938,2,2,0.00282,0.02335,0.97382
5959950,2,2,0.00762,0.08385,0.90853
3725346,2,2,0.00912,0.13042,0.86046
13179705,2,2,0.00111,0.00679,0.9921
31912911,0,0,0.84828,0.14683,0.00489
34239307,2,2,0.00088,0.00595,0.99317
33055928,2,2,0.00511,0.022,0.97289
6091933,2,1,0.11205,0.85651,0.03144
22422827,2,2,0.00124,0.00668,0.99208
39563699,1,1,0.30957,0.67617,0.01425
24789150,2,2,0.00101,0.00559,0.9934
22727579,2,2,0.00232,0.01886,0.97882
35265627,0,0,0.80601,0.18268,0.01132
12189308,2,2,0.00111,0.00614,0.99275
40206763,2,2,0.00192,0.00537,0.99271
9855760,0,0,0.89109,0.1056,0.00332
20241688,2,2,0.08532,0.19751,0.71717
6284044,2,2,0.00156,0.01023,0.98821
8791004,2,2,0.01993,0.12612,0.85395
35433347,2,0,0.95017,0.04641,0.00343
14148907,2,2,0.0094,0.02466,0.96594
21882629,2,2,0.00228,0.00525,0.99248
28432842,2,2,0.00167,0.00555,0.99279
6197586,2,2,0.00778,0.02727,0.96495
1206954,2,2,0.00155,0.01232,0.98613
33660123,0,0,0.71008,0.28025,0.00966
26114890,0,2,0.12561,0.20851,0.66588
19669935,1,1,0.09433,0.86698,0.03869
37103832,2,2,0.01881,0.21785,0.76334
21071406,2,2,0.00146,0.01012,0.98842
15485661,2,2,0.0022,0.00976,0.98804
12903686,0,0,0.7788,0.21043,0.01077
35835245,2,2,0.00097,0.004,0.99503
36108957,2,2,0.00807,0.08763,0.90429
24118536,2,2,0.0062,0.07357,0.92023
22774993,2,2,0.00096,0.00517,0.99386
15765839,2,2,0.001,0.00468,0.99433
40901252,1,1,0.37287,0.61476,0.01237
13281381,0,0,0.86568,0.12867,0.00565
2017254,0,1,0.39592,0.58513,0.01896
34234385,2,2,0.00149,0.00623,0.99228
11847066,2,2,0.00353,0.03316,0.96331
36943616,2,2,0.00171,0.00739,0.9909
23852467,2,2,0.04351,0.38781,0.56868
4829201,2,2,0.00091,0.00394,0.99515
8564488,2,2,0.00216,0.01039,0.98745
13645178,2,2,0.00106,0.00479,0.99415
401646,2,2,0.00087,0.00461,0.99453
36091937,2,2,0.00098,0.00658,0.99244
17875905,0,1,0.46546,0.50723,0.02731
7893554,0,0,0.77575,0.21711,0.00714
5178477,2,2,0.00121,0.01048,0.98831
35122897,2,2,0.00174,0.00988,0.98838
38338790,0,1,0.43118,0.49242,0.0764
5921364,2,2,0.00111,0.00479,0.9941
16344908,2,2,0.00132,0.00343,0.99525
14701407,2,2,0.00301,0.00525,0.99174
26270734,0,0,0.8849,0.08796,0.02714
784292,2,2,0.00315,0.02122,0.97563
31831570,2,2,0.02156,0.3676,0.61083
4587990,2,2,0.00152,0.00538,0.99311
22501004,2,2,0.00469,0.05833,0.93698
7002061,2,2,0.00095,0.00546,0.99359
24697377,2,2,0.00134,0.00689,0.99177
6641295,2,2,0.00167,0.0035,0.99483
11426037,2,2,0.00142,0.00969,0.98889
18438553,2,2,0.00108,0.0037,0.99522
19479256,2,2,0.00124,0.00403,0.99473
21121862,2,2,0.0019,0.01212,0.98597
27646913,0,0,0.96689,0.03096,0.00215
20302726,2,2,0.00688,0.07737,0.91575
33626544,2,2,0.00125,0.00802,0.99072
239422,2,2,0.0012,0.00498,0.99382
32148535,2,2,0.00097,0.00419,0.99484
22681317,2,2,0.00127,0.00929,0.98944
6170504,2,2,0.00156,0.0083,0.99014
17758417,2,2,0.00096,0.00663,0.9924
30844115,2,2,0.00234,0.02245,0.97521
5295907,2,2,0.00781,0.07521,0.91697
16864718,2,2,0.00124,0.00457,0.99419
31670563,0,0,0.97493,0.02297,0.0021
31864963,0,0,0.85572,0.13861,0.00568
36262562,1,1,0.47413,0.50471,0.02116
27649393,2,2,0.00134,0.00793,0.99074
12562420,0,0,0.98611,0.01148,0.00241
20922675,2,2,0.00157,0.01669,0.98173
5753542,2,2,0.00326,0.00516,0.99158
29918865,2,2,0.00101,0.00426,0.99473
22128583,0,0,0.67158,0.32223,0.00619
30990039,0,1,0.26693,0.63225,0.10082
901282,2,2,0.0012,0.0085,0.9903
34077531,2,2,0.00108,0.00376,0.99516
4211927,2,2,0.00237,0.01221,0.98542
16556156,0,0,0.95205,0.04482,0.00313
40016968,2,2,0.07397,0.13083,0.7952
7561040,2,0,0.56112,0.39173,0.04715
34627596,0,0,0.88664,0.10968,0.00368
10627949,0,0,0.91244,0.08372,0.00385
3008373,2,2,0.00134,0.00648,0.99218
24405628,2,2,0.002,0.00904,0.98896
22908452,0,1,0.42486,0.51248,0.06266
23783888,2,1,0.03041,0.68668,0.28292
14473668,2,1,0.02817,0.76126,0.21057
18590283,2,2,0.00149,0.00467,0.99383
35545510,0,0,0.89947,0.09743,0.0031
32441290,0,0,0.90504,0.09014,0.00482
41384922,2,2,0.00214,0.02029,0.97757
33379098,2,2,0.00305,0.05441,0.94254
13464881,2,2,0.01056,0.08235,0.90709
10967699,2,2,0.00136,0.004,0.99464
14320045,2,2,0.00149,0.00706,0.99145
17491403,1,1,0.33158,0.60513,0.06328
40862402,0,0,0.74396,0.24153,0.01451
238171,0,0,0.87723,0.11965,0.00311
3061089,2,2,0.01329,0.25563,0.73108
16419782,2,2,0.0014,0.00684,0.99176
20015977,2,2,0.00101,0.00745,0.99154
20263913,2,2,0.00091,0.0044,0.9947
14416577,1,0,0.7585,0.2216,0.0199
23835080,0,2,0.0653,0.08787,0.84683
14525226,2,2,0.00284,0.03268,0.96448
29079894,0,0,0.52311,0.44396,0.03292
33829082,2,2,0.00242,0.00716,0.99042
29527364,0,1,0.05586,0.8806,0.06354
21455495,2,2,0.00235,0.02036,0.97729
39498389,0,0,0.9842,0.01409,0.0017
1471185,0,2,0.01658,0.11267,0.87075
37824910,2,2,0.00092,0.00433,0.99475
2210988,2,2,0.00237,0.00969,0.98794
21197118,0,0,0.72069,0.27354,0.00577
1121359,2,2,0.00171,0.01127,0.98702
20867542,0,0,0.78376,0.20606,0.01018
13101484,0,1,0.03014,0.80206,0.16779
15380908,2,2,0.0014,0.00674,0.99186
34483354,2,2,0.00272,0.02863,0.96865
20200209,2,2,0.12328,0.17832,0.69841
15472145,2,2,0.0028,0.03189,0.96531
14592606,2,2,0.00155,0.0128,0.98565
35604017,2,2,0.00196,0.0127,0.98534
5701434,2,1,0.27728,0.38216,0.34056
23025535,2,2,0.00116,0.00416,0.99467
34683096,2,1,0.07421,0.75541,0.17038
35095661,2,2,0.00109,0.00728,0.99163
37108334,0,0,0.89186,0.10284,0.0053
35739043,2,2,0.00084,0.00429,0.99487
7850861,0,0,0.9805,0.01754,0.00195
40682371,2,2,0.00242,0.02223,0.97535
13242848,0,0,0.95151,0.04373,0.00476
31291241,2,0,0.44145,0.14787,0.41068
21568402,2,2,0.01494,0.13708,0.84798
36325559,2,2,0.0221,0.0881,0.8898
2621941,2,2,0.00173,0.0127,0.98557
18601297,2,2,0.0013,0.006,0.99271
2288475,0,0,0.9559,0.04115,0.00295
28502410,2,2,0.00134,0.00717,0.9915
28877884,0,0,0.81611,0.1765,0.0074
620125,0,0,0.52658,0.46471,0.00871
6652834,1,0,0.86544,0.12965,0.00491
15084308,2,2,0.00101,0.00658,0.99241
36401512,2,2,0.00115,0.00419,0.99466
31228231,2,1,0.03555,0.82831,0.13614
16882569,2,2,0.00189,0.01656,0.98154
9761673,0,0,0.58865,0.39213,0.01922
4505423,0,0,0.96278,0.03439,0.00283
38817803,2,2,0.0033,0.0382,0.95851
20467119,2,2,0.00177,0.00904,0.98919
29980668,0,0,0.94626,0.05116,0.00258
12046592,2,2,0.00118,0.00966,0.98916
17841626,2,2,0.00134,0.00525,0.99341
37090260,2,1,0.03802,0.6687,0.29328
30423779,2,2,0.00358,0.03404,0.96238
39574262,2,2,0.00146,0.01213,0.98641
26363802,0,0,0.97238,0.02571,0.00191
37555107,2,2,0.0024,0.01464,0.98296
39301219,2,2,0.00088,0.00426,0.99486
30119024,2,2,0.00194,0.00727,0.99078
34498385,2,2,0.00254,0.03618,0.96128
30779691,2,2,0.00083,0.0053,0.99388
620031,2,2,0.00279,0.03495,0.96226
35372166,1,1,0.05947,0.73012,0.21041
5918614,2,2,0.0012,0.006,0.9928
781108,2,2,0.00189,0.01656,0.98154
28171004,2,2,0.00116,0.00874,0.99011
24488505,2,2,0.00111,0.0076,0.99129
4435405,2,2,0.00145,0.01594,0.9826
6706294,0,0,0.90159,0.09484,0.00357
13672046,2,2,0.00122,0.00388,0.9949
12724194,2,2,0.00491,0.02895,0.96614
10783170,0,0,0.88363,0.11234,0.00403
29925526,2,2,0.00427,0.02963,0.9661
41593674,0,0,0.69829,0.28324,0.01846
21267853,1,0,0.93383,0.06275,0.00342
3148460,2,2,0.0022,0.00976,0.98804
31097913,2,2,0.00567,0.08522,0.90911
7801381,2,2,0.01433,0.06384,0.92183
26632654,0,0,0.81806,0.17692,0.00502
3348092,2,2,0.00359,0.04572,0.95069
27802627,2,2,0.00218,0.01551,0.98231
28330716,2,2,0.00545,0.07737,0.91717
8978336,2,2,0.00114,0.00919,0.98967
5220794,1,1,0.2444,0.69488,0.06072
37143180,2,2,0.00548,0.01315,0.98137
347439,2,2,0.00252,0.0136,0.98388
27651327,2,2,0.00132,0.00529,0.99339
11007721,0,0,0.55544,0.43258,0.01199
2696299,2,2,0.00192,0.00416,0.99392
21684107,2,2,0.02335,0.09354,0.88311
23085929,0,0,0.60512,0.37573,0.01915
23621473,2,2,0.00458,0.03681,0.95861
17724749,1,0,0.54664,0.43924,0.01412
33902132,0,0,0.76868,0.22545,0.00587
15290539,0,2,0.13783,0.10384,0.75833
16559862,0,0,0.98927,0.00873,0.002
6136566,0,0,0.9868,0.00975,0.00345
1970501,2,2,0.00136,0.00679,0.99185
36567570,2,2,0.12561,0.20851,0.66588
18882723,2,2,0.00242,0.01997,0.9776
35927658,0,0,0.82699,0.16867,0.00434
34301683,2,2,0.00159,0.00529,0.99312
15072257,0,0,0.82267,0.16714,0.0102
3866021,2,2,0.00106,0.00475,0.99419
39997861,2,2,0.00558,0.07017,0.92425
9140825,2,2,0.0075,0.02586,0.96664
30580334,2,2,0.00134,0.00391,0.99475
27602505,0,0,0.98023,0.01366,0.00611
23716628,2,2,0.00094,0.00446,0.9946
39323307,2,2,0.01816,0.0429,0.93894
26679818,2,2,0.00235,0.03464,0.96301
13842593,2,2,0.00111,0.00737,0.99153
40082808,2,0,0.45009,0.33269,0.21722
41498732,0,0,0.90461,0.09223,0.00316
5426045,2,1,0.26398,0.72319,0.01284
23962712,1,1,0.45688,0.51368,0.02944
30449564,0,0,0.66858,0.32079,0.01064
24505374,0,0,0.95226,0.04531,0.00244
22708331,2,2,0.00205,0.01447,0.98347
19664354,2,2,0.00328,0.02966,0.96706
6464804,2,2,0.00126,0.00332,0.99542
23849449,2,2,0.00092,0.00619,0.99289
36996450,2,2,0.00393,0.01876,0.97731
5016390,2,2,0.00161,0.01039,0.988
16219358,2,2,0.00277,0.0272,0.97004
39323160,0,0,0.97332,0.0248,0.00188
4193929,0,0,0.7183,0.27477,0.00693
14776244,2,2,0.00087,0.00502,0.99412
20591407,2,2,0.00151,0.01241,0.98608
6789806,0,0,0.60458,0.3667,0.02872
19540741,2,2,0.00145,0.00663,0.99192
3348702,1,0,0.61999,0.37022,0.00979
10120856,0,1,0.46821,0.48686,0.04493
5180579,2,2,0.02092,0.05405,0.92503
26981229,0,0,0.8638,0.1294,0.0068
33834485,2,2,0.00157,0.00432,0.99411
40284690,2,2,0.00315,0.02122,0.97563
36156073,2,2,0.00096,0.00663,0.9924
36649511,0,0,0.67699,0.18221,0.1408
29699995,2,2,0.06225,0.16145,0.7763
38824402,0,0,0.92031,0.07569,0.004
26796097,0,1,0.41695,0.55237,0.03068
18538527,1,0,0.94821,0.04809,0.0037
25927155,2,1,0.16406,0.67801,0.15793
39866522,0,0,0.72181,0.26867,0.00952
41423458,2,2,0.00159,0.00397,0.99444
13187210,2,2,0.00107,0.00706,0.99187
5213284,2,2,0.00155,0.01199,0.98646
20379379,2,2,0.00116,0.00572,0.99311
16085697,2,2,0.00138,0.00929,0.98933
39171802,1,0,0.69692,0.28268,0.0204
39594008,2,2,0.00483,0.07461,0.92056
7167125,2,2,0.05318,0.23532,0.7115
9390817,2,2,0.00874,0.02703,0.96422
32781655,2,2,0.00254,0.01871,0.97874
37014858,0,0,0.91541,0.08172,0.00287
18767095,2,2,0.00309,0.02617,0.97074
8482731,2,2,0.00106,0.00413,0.99481
16822209,2,2,0.00097,0.00457,0.99447
27088372,2,2,0.00114,0.01128,0.98759
35025861,2,2,0.00214,0.02186,0.97601
18358949,2,0,0.5717,0.25258,0.17573
30754179,2,2,0.00466,0.02001,0.97533
16660251,2,2,0.01441,0.31285,0.67274
36998854,0,0,0.76075,0.23202,0.00723
32244961,2,2,0.01579,0.46139,0.52282
16578032,2,2,0.00271,0.01687,0.98042
22838471,2,2,0.00086,0.006,0.99314
23330620,2,2,0.00425,0.06385,0.9319
1150139,2,2,0.00115,0.00439,0.99446
15983125,2,2,0.00516,0.04258,0.95226
28452387,0,0,0.98909,0.00897,0.00194
33898746,2,2,0.00815,0.03473,0.95712
37907694,2,2,0.00083,0.00471,0.99446
3182894,2,2,0.00345,0.00835,0.98819
27216431,0,1,0.18331,0.76726,0.04943
27269734,2,2,0.05009,0.34909,0.60082
37862837,0,0,0.98897,0.0089,0.00213
38387552,2,1,0.36284,0.56198,0.07517
28420007,2,0,0.45989,0.32707,0.21304
36779337,2,2,0.00121,0.00897,0.98981
10574125,2,2,0.00109,0.00808,0.99083
13608696,2,2,0.00101,0.00351,0.99548
4958076,2,2,0.00769,0.06073,0.93158
25299556,0,1,0.0441,0.87881,0.07709
29471180,2,0,0.47989,0.40569,0.11443
39909,2,2,0.01283,0.022,0.96517
23354427,2,2,0.00783,0.04392,0.94825
21636475,2,2,0.00109,0.00397,0.99493
20706112,2,2,0.00173,0.01564,0.98264
1234737,2,2,0.00868,0.18492,0.8064
25554639,2,2,0.00134,0.00356,0.9951
27023728,2,2,0.00212,0.01545,0.98243
10263793,2,2,0.001,0.00443,0.99457
6599380,2,1,0.30327,0.63702,0.05972
2437296,2,2,0.00478,0.06952,0.92569
25532964,2,2,0.20127,0.26534,0.53339
32274940,2,2,0.00106,0.00653,0.99241
18808824,2,2,0.01948,0.09206,0.88847
18704631,2,2,0.01149,0.33592,0.65258
38730941,2,2,0.00174,0.00613,0.99212
32969678,0,1,0.07699,0.9029,0.0201
26951890,2,2,0.00288,0.02027,0.97685
29107514,0,0,0.88042,0.11392,0.00566
17876607,2,2,0.00098,0.00526,0.99376
26778798,2,2,0.00107,0.00844,0.99049
24636213,2,2,0.00123,0.01089,0.98788
32185404,2,2,0.00183,0.01995,0.97822
5870274,2,2,0.00193,0.01315,0.98492
16569037,2,2,0.00581,0.03283,0.96136
10122235,2,2,0.00186,0.00638,0.99177
11060798,2,0,0.62909,0.35845,0.01246
487996,2,2,0.01584,0.07097,0.91319
36628354,2,2,0.00089,0.00385,0.99526
10293305,2,2,0.00109,0.00784,0.99107
21122158,2,2,0.00166,0.01127,0.98708
16435700,2,2,0.00194,0.00678,0.99127
23530265,1,1,0.1599,0.8073,0.0328
40469386,2,2,0.00129,0.01276,0.98596
40263875,0,0,0.9432,0.05345,0.00335
8747571,2,2,0.03461,0.21369,0.7517
7892586,2,2,0.03385,0.45292,0.51323
25370685,0,0,0.82788,0.16688,0.00524
23508974,2,2,0.00211,0.01721,0.98068
11091550,2,2,0.0015,0.01638,0.98212
21060767,0,0,0.98783,0.0098,0.00237
33146957,2,2,0.00124,0.00416,0.9946
24001359,2,2,0.00151,0.00973,0.98876
18984267,2,2,0.00124,0.00351,0.99525
11830928,2,0,0.57745,0.3892,0.03335
26686482,1,1,0.2186,0.76001,0.02139
35523327,2,2,0.00103,0.00362,0.99535
19057164,2,0,0.50282,0.46503,0.03214
4981499,2,2,0.00102,0.00751,0.99146
26207496,2,2,0.00089,0.00494,0.99417
33942756,2,2,0.00175,0.01689,0.98136
36838175,0,0,0.67528,0.31037,0.01435
18326169,2,2,0.00243,0.01533,0.98224
9041712,2,2,0.0013,0.00643,0.99227
40673741,0,0,0.53903,0.45038,0.01059
14087407,0,0,0.77808,0.21355,0.00838
39319479,0,0,0.43041,0.23862,0.33097
24999028,0,1,0.30254,0.68179,0.01566
23563499,2,2,0.00115,0.0046,0.99425
4136726,0,1,0.01927,0.87238,0.10834
38970189,2,2,0.00113,0.00394,0.99493
28340986,1,0,0.54812,0.44388,0.008
23184677,2,2,0.0024,0.01279,0.98481
2288295,2,2,0.00098,0.00586,0.99316
20445917,2,2,0.00101,0.006,0.99299
36762261,2,2,0.00493,0.01102,0.98406
11043804,2,2,0.00513,0.01729,0.97758
11991626,0,0,0.87594,0.11994,0.00412
6260717,0,0,0.97987,0.01859,0.00154
31679402,2,2,0.00857,0.13116,0.86028
23067088,0,0,0.94951,0.04821,0.00228
18876607,1,1,0.04222,0.87495,0.08283
27962475,1,1,0.21344,0.77163,0.01493
3605887,0,0,0.96234,0.03595,0.00172
951160,2,2,0.01056,0.24899,0.74045
38402717,0,0,0.95219,0.04521,0.00259
38630191,2,2,0.00113,0.00633,0.99254
23829032,2,2,0.00156,0.01011,0.98833
36359286,2,2,0.01749,0.37094,0.61158
22228741,2,1,0.026,0.57358,0.40042
26987861,2,2,0.00108,0.00423,0.9947
15246477,2,2,0.00315,0.0218,0.97505
10644267,2,2,0.001,0.0049,0.9941
17454090,2,2,0.00838,0.18853,0.80309
36972736,2,2,0.0014,0.00901,0.98959
2297575,2,2,0.00335,0.03784,0.95881
23870972,2,2,0.0012,0.00426,0.99454
12920350,0,0,0.87995,0.1143,0.00575
26016978,2,2,0.00118,0.00784,0.99098
244826,2,2,0.00216,0.01071,0.98713
20051021,0,0,0.98529,0.01231,0.0024
35844354,2,2,0.0043,0.02359,0.97212
35689500,0,0,0.98011,0.01841,0.00147
19032438,2,2,0.00202,0.01594,0.98205
19629111,0,0,0.98855,0.00936,0.0021
2115121,2,2,0.00097,0.004,0.99503
8048943,0,0,0.96671,0.03012,0.00317
27279287,2,2,0.00104,0.00614,0.99282
5898171,0,0,0.924,0.07015,0.00585
33321634,2,2,0.00128,0.00619,0.99254
11456788,2,2,0.00113,0.00436,0.99451
18418972,2,2,0.00137,0.01047,0.98815
26955434,2,2,0.00123,0.01326,0.98551
25847879,1,1,0.19341,0.79231,0.01429
2796268,2,2,0.00095,0.00433,0.99472
36103030,0,0,0.90227,0.09381,0.00393
14685651,2,2,0.03039,0.12871,0.8409
7284057,2,2,0.0014,0.00679,0.99181
17620356,2,2,0.00106,0.00513,0.99381
12360211,2,2,0.00586,0.03897,0.95517
10417401,2,2,0.00256,0.01355,0.98389
8684784,2,2,0.00385,0.00809,0.98805
12438082,2,2,0.00161,0.00805,0.99034
8906792,2,2,0.00109,0.00614,0.99277
17550037,2,2,0.00173,0.01351,0.98476
5784029,2,2,0.00101,0.00367,0.99531
24695051,2,2,0.00241,0.00932,0.98827
34474667,0,0,0.98377,0.01442,0.00181
37273245,2,2,0.00132,0.0034,0.99528
17864721,2,2,0.00378,0.01182,0.9844
20659844,2,2,0.0025,0.0055,0.992
3854762,2,1,0.44918,0.46708,0.08374
12120673,2,2,0.00344,0.02791,0.96865
7085815,1,0,0.65097,0.34037,0.00866
20644953,0,0,0.83722,0.15608,0.0067
39340755,2,2,0.0013,0.00717,0.99154
39602514,0,0,0.9824,0.0161,0.0015
19583698,2,2,0.0091,0.11934,0.87156
11690377,2,1,0.29401,0.43899,0.26701
17787264,2,2,0.00298,0.01424,0.98278
7105729,0,0,0.95363,0.04438,0.00199
3497878,2,2,0.00191,0.01118,0.98691
10125360,1,1,0.3335,0.52775,0.13875
11788600,2,2,0.00177,0.0094,0.98884
20788727,2,2,0.0161,0.09794,0.88596
18772480,1,0,0.51353,0.47494,0.01152
14030775,1,1,0.06273,0.8592,0.07807
32845059,2,2,0.00944,0.05716,0.9334
32678940,1,2,0.02973,0.11496,0.85531
29626385,2,1,0.35413,0.61909,0.02678
34226406,2,2,0.00203,0.00918,0.98879
37508948,2,2,0.00118,0.00711,0.99171
36368204,2,2,0.00104,0.00847,0.99049
29097076,2,2,0.04276,0.08487,0.87237
29619417,0,0,0.77644,0.21393,0.00962
7226270,0,0,0.91217,0.08386,0.00397
5787703,2,1,0.02358,0.85103,0.12539
25833776,0,0,0.96164,0.03597,0.00238
38213836,2,2,0.00841,0.04926,0.94233
28595532,2,2,0.00682,0.11438,0.87881
30733746,2,2,0.00169,0.00376,0.99455
22906205,2,2,0.0151,0.19204,0.79286
10145077,2,2,0.00106,0.00643,0.99251
32560539,2,2,0.0028,0.03036,0.96684
14505882,2,2,0.00096,0.00572,0.99331
25259738,0,0,0.51065,0.4686,0.02075
5356733,1,0,0.81591,0.17714,0.00695
39810260,0,1,0.19384,0.7941,0.01206
36955757,0,0,0.95079,0.04632,0.00289
11496602,2,2,0.01504,0.29865,0.6863
39102503,2,2,0.00132,0.00689,0.99179
33928954,1,0,0.80215,0.16863,0.02922
15210485,0,0,0.81909,0.17236,0.00855
23702305,2,2,0.00237,0.01226,0.98537
8197622,2,2,0.00144,0.00787,0.99069
22293775,2,2,0.00357,0.00693,0.9895
7821054,1,0,0.50682,0.38859,0.10459
32926407,2,2,0.00372,0.01258,0.9837
23900682,2,2,0.00232,0.01707,0.98061
5813770,2,2,0.00578,0.05212,0.9421
6776976,2,2,0.00144,0.0078,0.99075
36047241,2,2,0.00308,0.01268,0.98423
34802682,2,2,0.00102,0.00891,0.99007
3398029,2,2,0.00578,0.1235,0.87073
40522775,2,2,0.00095,0.00391,0.99514
11392739,2,2,0.00091,0.00506,0.99404
25832234,0,0,0.82737,0.16678,0.00584
33210519,2,1,0.22109,0.75676,0.02215
28865958,2,1,0.02753,0.8045,0.16797
17752210,2,2,0.00339,0.01249,0.98413
39263642,2,2,0.00507,0.02894,0.96599
14770794,0,0,0.98842,0.00925,0.00234
21032865,2,2,0.00643,0.03998,0.9536
24312457,2,2,0.01773,0.08694,0.89533
7009281,2,2,0.00242,0.02206,0.97552
39461360,2,2,0.00125,0.00947,0.98927
1386681,2,2,0.00166,0.00648,0.99186
1960379,1,1,0.1582,0.82891,0.01288
3485044,0,0,0.98297,0.01522,0.00181
31730429,0,0,0.80108,0.19177,0.00715
36187487,0,0,0.70467,0.27595,0.01937
38147645,2,2,0.00155,0.01341,0.98504
24505862,0,0,0.8825,0.11242,0.00509
35100571,2,2,0.00116,0.00505,0.99378
27875899,0,0,0.90045,0.0964,0.00315
24397234,2,2,0.00089,0.00546,0.99364
35957978,0,0,0.7235,0.26101,0.01549
25108534,2,2,0.00277,0.01207,0.98517
12823657,2,2,0.001,0.00376,0.99524
8744998,2,0,0.43144,0.22122,0.34735
35987620,2,2,0.0012,0.00426,0.99454
37302827,2,2,0.00259,0.01503,0.98237
26001621,2,2,0.00144,0.01008,0.98848
20342655,2,2,0.00095,0.00684,0.99221
35649717,2,2,0.00169,0.0045,0.99381
