item_id,y,pred,p_neg,p_neu,p_pos
20024997,2,2,0.00369,0.06365,0.93265
1970494,1,0,0.84986,0.13928,0.01087
21169967,0,1,0.19758,0.73701,0.06541
30573840,0,0,0.79234,0.20112,0.00654
26780676,2,2,0.00213,0.02475,0.97313
29200636,2,2,0.00515,0.05826,0.93659
3161564,2,2,0.02164,0.05836,0.92001
21800112,0,0,0.97583,0.02152,0.00266
16216949,0,0,0.75326,0.23888,0.00786
24553794,2,2,0.00161,0.00808,0.99031
16670677,2,2,0.00466,0.03518,0.96016
12122076,2,1,0.02019,0.58991,0.38991
32700091,2,2,0.00128,0.00648,0.99224
20088078,2,1,0.04265,0.84993,0.10742
11388486,2,2,0.00118,0.00929,0.98953
29331876,0,0,0.79474,0.19629,0.00897
6836482,2,2,0.0012,0.00595,0.99285
7674736,2,2,0.00453,0.0179,0.97757
37674941,2,2,0.00433,0.0319,0.96377
19907872,0,0,0.97897,0.0192,0.00183
19285231,2,2,0.00163,0.0085,0.98987
11975430,2,2,0.00868,0.06326,0.92806
2394899,2,1,0.30567,0.67287,0.02146
4773732,1,0,0.53708,0.44525,0.01767
21139325,0,1,0.42787,0.55805,0.01408
11135136,2,2,0.00134,0.00643,0.99223
39719468,2,2,0.22064,0.3204,0.45896
13053431,2,2,0.00104,0.0053,0.99366
21337324,2,2,0.00227,0.00744,0.99029
5140633,2,2,0.00361,0.06967,0.92672
4258752,2,2,0.00141,0.01641,0.98218
11862286,2,2,0.00167,0.0154,0.98293
4965230,2,2,0.00142,0.00679,0.99179
17460813,2,2,0.00514,0.0311,0.96376
10901666,2,2,0.00132,0.00742,0.99126
334297,2,2,0.00436,0.02516,0.97048
33122586,2,2,0.0351,0.04542,0.91948
20972484,0,0,0.97989,0.01866,0.00145
31507213,2,2,0.00189,0.03284,0.96527
25859363,0,0,0.9548,0.04243,0.00277
40859698,0,0,0.72267,0.24975,0.02759
30240162,0,0,0.97637,0.02066,0.00297
14585960,2,2,0.00226,0.01055,0.98719
21555591,2,2,0.03861,0.22134,0.74005
28781771,2,2,0.00419,0.01784,0.97797
36409131,2,2,0.00566,0.02671,0.96763
16220547,2,2,0.16053,0.19458,0.64489
20095898,2,2,0.00113,0.00711,0.99176
16586532,0,0,0.98545,0.01295,0.0016
30518310,2,2,0.00405,0.0352,0.96075
40899538,0,0,0.82933,0.16267,0.008
40982758,0,0,0.60516,0.38167,0.01316
25422662,2,2,0.00136,0.00843,0.99021
10242259,0,0,0.94996,0.04757,0.00247
17868322,0,0,0.83688,0.15663,0.00649
33872818,2,2,0.00404,0.02333,0.97264
39140377,0,1,0.44947,0.53376,0.01676
25064568,2,2,0.00131,0.00897,0.98971
17209346,2,2,0.00189,0.01785,0.98026
25303985,2,2,0.03948,0.14883,0.81169
27206457,2,2,0.00258,0.02103,0.97639
17609093,2,2,0.00193,0.01464,0.98343
16523159,2,2,0.00126,0.00679,0.99196
28974668,2,2,0.00133,0.00857,0.9901
29180939,2,2,0.0016,0.01426,0.98414
28009127,1,0,0.75001,0.2416,0.0084
23528009,1,1,0.12711,0.82082,0.05207
1275183,2,2,0.00138,0.00742,0.9912
12372467,2,2,0.0024,0.02805,0.96955
30845494,2,2,0.01247,0.30682,0.68071
3114296,2,2,0.01763,0.09893,0.88344
8123065,2,1,0.03826,0.82454,0.13719
3583043,1,1,0.23034,0.68668,0.08298
21367437,2,2,0.0111,0.16058,0.82832
14383542,1,2,0.01115,0.03138,0.95747
11588612,2,2,0.00122,0.0059,0.99288
17066067,2,2,0.00342,0.01699,0.97959
41525915,2,2,0.00307,0.01856,0.97837
10507393,2,2,0.00124,0.00684,0.99192
2849466,0,0,0.81292,0.1821,0.00499
7856370,2,2,0.00217,0.02092,0.97691
23094148,2,2,0.02165,0.40221,0.57614
34720569,2,2,0.00131,0.00763,0.99106
24943573,2,2,0.00325,0.05284,0.94391
25488335,0,0,0.67948,0.3027,0.01783
41085792,0,0,0.97047,0.02777,0.00176
21674045,2,2,0.00116,0.00684,0.992
40275905,0,0,0.8997,0.09632,0.00398
442675,2,2,0.01524,0.04901,0.93574
19935264,2,2,0.00464,0.0539,0.94146
24897226,2,2,0.002,0.0078,0.9902
10709131,2,2,0.0023,0.02363,0.97406
14343129,2,2,0.00187,0.01448,0.98365
8449917,2,2,0.0012,0.00802,0.99078
2617690,2,2,0.00319,0.03953,0.95728
31811239,2,2,0.00109,0.00725,0.99166
40817223,2,2,0.00226,0.01212,0.98562
41279271,1,1,0.04798,0.87742,0.0746
40810958,0,1,0.18786,0.71665,0.09548
2651926,2,2,0.0057,0.02029,0.974
13194570,0,0,0.97526,0.0228,0.00194
17303626,2,2,0.00287,0.02184,0.97529
27293193,0,1,0.17064,0.80108,0.02828
5717078,2,2,0.00303,0.01339,0.98358
26804936,1,1,0.05663,0.88933,0.05404
9359027,2,2,0.00401,0.03015,0.96584
28186920,2,2,0.01187,0.02297,0.96517
9669157,2,2,0.00112,0.00775,0.99113
37872042,0,0,0.90573,0.09021,0.00407
7767774,2,2,0.00465,0.03768,0.95767
27983307,2,1,0.27455,0.6782,0.04725
403261,2,2,0.00156,0.00943,0.98901
20808,2,2,0.00116,0.00684,0.992
18170369,2,2,0.00129,0.00799,0.99072
10530946,2,2,0.00539,0.05907,0.93554
8702244,2,2,0.00134,0.00648,0.99218
21302304,1,0,0.8587,0.13693,0.00437
39243083,2,2,0.00213,0.00856,0.98931
17330563,2,2,0.0051,0.0952,0.8997
11558532,0,0,0.92822,0.06843,0.00335
30978866,2,2,0.00207,0.01979,0.97813
7887119,2,1,0.06773,0.76315,0.16912
20382888,0,0,0.9044,0.09185,0.00375
25991727,2,2,0.0039,0.04193,0.95417
9592880,2,2,0.00197,0.01071,0.98732
548101,2,2,0.00134,0.00586,0.9928
16066261,0,1,0.16961,0.76648,0.06391
5714597,2,2,0.00251,0.01515,0.98234
14281583,2,2,0.00844,0.13029,0.86127
7956490,2,2,0.0014,0.00847,0.99014
15012367,0,2,0.00928,0.16838,0.82234
25167156,0,0,0.54245,0.41917,0.03838
2553232,1,0,0.53098,0.45774,0.01128
20397515,2,2,0.00253,0.00882,0.98865
8625189,2,2,0.09344,0.15122,0.75534
16959903,2,2,0.04818,0.36022,0.59159
15396408,2,2,0.00144,0.0129,0.98566
15711675,2,2,0.0043,0.02245,0.97325
40114489,0,0,0.91209,0.0832,0.00471
21275547,2,2,0.00151,0.01047,0.98802
27098575,2,2,0.00294,0.02962,0.96745
5781254,2,2,0.00382,0.01653,0.97965
4877402,2,1,0.46687,0.51678,0.01635
35119988,2,2,0.01969,0.29161,0.6887
12182371,2,2,0.00177,0.0094,0.98884
35312208,2,2,0.0016,0.01383,0.98457
40067665,0,0,0.96619,0.03211,0.0017
16297454,0,0,0.83927,0.15525,0.00548
20693325,2,1,0.08251,0.83335,0.08414
34358223,2,0,0.51837,0.46105,0.02058
24541751,2,2,0.00144,0.00711,0.99144
14929254,2,2,0.00193,0.01366,0.98441
22748080,1,1,0.03383,0.62846,0.33771
34347469,1,2,0.00415,0.0576,0.93826
37150333,2,2,0.01273,0.44176,0.54551
23549105,2,2,0.00158,0.0083,0.99011
23999911,2,2,0.00489,0.01925,0.97586
13723993,2,2,0.00199,0.01464,0.98337
1285123,2,2,0.00321,0.03588,0.96091
26770437,0,1,0.34909,0.6079,0.04302
32183390,0,0,0.64578,0.34163,0.01259
32148350,2,2,0.00144,0.01097,0.98759
16021634,2,2,0.00134,0.00572,0.99294
17905069,2,2,0.00235,0.01774,0.97991
17777961,2,2,0.00339,0.01165,0.98496
33827043,2,2,0.00134,0.006,0.99267
21864482,2,2,0.00767,0.09198,0.90035
9151760,2,2,0.00899,0.12977,0.86124
19427052,2,2,0.00114,0.00604,0.99281
6926765,2,2,0.00206,0.0114,0.98654
22569095,2,2,0.00297,0.04768,0.94934
20995188,2,2,0.00343,0.01666,0.97991
33240495,0,1,0.25826,0.67052,0.07123
25284960,1,2,0.14177,0.36343,0.49481
4627226,2,2,0.11884,0.18104,0.70012
10645792,0,0,0.97906,0.01836,0.00258
18473735,2,2,0.0014,0.00805,0.99055
23856383,0,0,0.90779,0.08832,0.00389
11961448,2,2,0.01808,0.09684,0.88508
2206075,2,2,0.02261,0.35653,0.62086
21002398,2,2,0.00355,0.04173,0.95471
40759042,0,0,0.98031,0.0181,0.00159
37140393,0,0,0.98425,0.01415,0.0016
37912630,2,2,0.00158,0.00908,0.98934
24479561,2,2,0.00267,0.03077,0.96656
35178471,1,1,0.07743,0.76992,0.15265
24345593,2,2,0.00113,0.00714,0.99173
33176181,2,2,0.00208,0.01734,0.98058
22779117,2,2,0.00135,0.01056,0.98809
15056908,1,0,0.89486,0.10079,0.00434
3959411,2,2,0.00151,0.01039,0.9881
8446470,2,2,0.0013,0.00568,0.99302
362060,2,2,0.00233,0.02655,0.97112
28453087,2,2,0.00126,0.00711,0.99163
10713878,2,2,0.00149,0.00628,0.99223
6181201,2,2,0.00126,0.00698,0.99177
22175122,2,2,0.00156,0.0114,0.98704
8576248,0,0,0.63491,0.31801,0.04708
32771611,0,0,0.96664,0.03169,0.00167
4069941,2,2,0.00173,0.01669,0.98158
34076716,2,2,0.00149,0.00628,0.99223
10054017,0,2,0.13453,0.20846,0.65701
40237886,0,0,0.9836,0.01448,0.00193
691449,2,2,0.00358,0.02026,0.97616
33130845,0,0,0.78941,0.19421,0.01638
22729204,0,0,0.91918,0.07724,0.00358
9453878,2,2,0.00205,0.01425,0.98369
21977345,2,2,0.00173,0.01158,0.98669
11055849,2,2,0.16866,0.31788,0.51346
21443951,0,0,0.88943,0.1052,0.00537
14236550,2,0,0.8192,0.16353,0.01727
28114798,2,2,0.08242,0.4579,0.45969
18079735,2,2,0.00118,0.00604,0.99278
1391801,2,1,0.04801,0.87126,0.08072
39317903,2,1,0.07573,0.60977,0.3145
39264693,2,2,0.00787,0.23817,0.75396
15089738,0,0,0.93997,0.0554,0.00463
13876322,0,0,0.89131,0.10562,0.00307
6027741,2,2,0.00153,0.00973,0.98874
15310757,2,2,0.00151,0.01167,0.98682
2282496,2,2,0.0017,0.01315,0.98515
12007886,2,2,0.00126,0.00572,0.99302
33551362,2,2,0.0051,0.0952,0.8997
24801174,2,2,0.00122,0.00834,0.99045
4224859,2,2,0.00179,0.00843,0.98977
15026414,2,2,0.00182,0.01076,0.98742
2389947,2,2,0.05392,0.11572,0.83036
21920694,2,2,0.00126,0.00692,0.99182
33506426,2,2,0.00163,0.01213,0.98624
9662808,2,2,0.00356,0.01006,0.98639
13377519,2,2,0.01407,0.02956,0.95636
17572015,0,1,0.27684,0.69869,0.02447
26019485,0,0,0.87057,0.12493,0.0045
8788741,2,2,0.00209,0.01023,0.98768
36984334,2,2,0.00237,0.00965,0.98798
37414742,2,2,0.00144,0.01097,0.98759
39891346,0,0,0.9682,0.03012,0.00168
16055502,2,2,0.00124,0.0059,0.99286
38272328,2,2,0.00158,0.00827,0.99014
12027519,1,2,0.00536,0.03496,0.95968
24191297,2,2,0.0012,0.00638,0.99242
15643606,2,2,0.00139,0.01213,0.98648
24444057,2,2,0.00161,0.00768,0.99071
27680126,1,1,0.04839,0.81851,0.1331
26985869,2,2,0.00168,0.0114,0.98692
39301932,2,2,0.00297,0.03432,0.96271
41477403,2,2,0.00113,0.00619,0.99269
38529271,2,2,0.00131,0.00929,0.9894
39635656,0,0,0.98683,0.01105,0.00213
6029158,0,0,0.9566,0.04111,0.0023
8072117,2,2,0.00135,0.01016,0.98849
13847786,2,2,0.00476,0.01368,0.98156
15664783,2,2,0.00122,0.0076,0.99119
7341768,2,2,0.00895,0.04901,0.94204
3759845,1,1,0.10495,0.60158,0.29347
1235747,0,0,0.73997,0.24689,0.01314
32171577,0,0,0.88511,0.11122,0.00367
29311036,2,2,0.00161,0.00824,0.99015
2169736,0,0,0.76452,0.22955,0.00593
26032481,2,2,0.00322,0.01491,0.98187
15014006,0,2,0.01817,0.4167,0.56513
9346014,0,1,0.46292,0.52048,0.0166
29513290,0,0,0.5236,0.45848,0.01792
8511435,2,2,0.01158,0.03161,0.95681
3113715,0,0,0.63743,0.35202,0.01055
1561914,2,2,0.00408,0.01317,0.98275
35878904,0,0,0.92741,0.06945,0.00314
36561208,2,2,0.02275,0.47145,0.5058
33256815,1,0,0.5625,0.40993,0.02757
15841600,0,0,0.77571,0.21373,0.01056
26753740,2,2,0.00202,0.01382,0.98416
15896239,2,2,0.00171,0.00954,0.98875
39951511,2,2,0.002,0.00969,0.98831
10647490,1,1,0.14447,0.55383,0.3017
36551020,2,2,0.0016,0.01383,0.98457
6488434,2,2,0.0018,0.00756,0.99064
11174267,2,2,0.00108,0.00534,0.99359
36166266,2,2,0.00147,0.0085,0.99004
13459125,2,2,0.0014,0.01035,0.98825
9373005,2,2,0.00397,0.02465,0.97138
17575429,0,0,0.75511,0.22584,0.01905
24284516,0,0,0.96277,0.03513,0.00211
28972701,2,2,0.00185,0.01,0.98816
14210929,2,0,0.5425,0.41758,0.03992
40000035,0,0,0.5595,0.42898,0.01152
8879687,0,0,0.93663,0.06052,0.00284
15148964,0,0,0.78311,0.19379,0.0231
21396308,2,2,0.00479,0.05423,0.94099
1842842,2,2,0.01795,0.41492,0.56713
9997811,0,0,0.70565,0.27959,0.01476
5345763,2,2,0.00203,0.0095,0.98847
31116070,1,1,0.0981,0.73339,0.16851
22180343,1,1,0.23306,0.74792,0.01902
38230580,2,2,0.13443,0.26308,0.60249
14628522,2,2,0.00147,0.01831,0.98022
22505014,1,1,0.39027,0.57904,0.03069
24938659,0,0,0.97322,0.02227,0.00451
6716099,0,0,0.96281,0.03536,0.00183
23641287,1,2,0.00685,0.11029,0.88287
1393494,2,2,0.00158,0.00977,0.98865
41148517,2,2,0.01367,0.0502,0.93613
6240136,2,2,0.00371,0.02898,0.9673
6993687,2,2,0.00128,0.00464,0.99408
129168,2,2,0.00287,0.02168,0.97545
38816273,2,2,0.00122,0.00763,0.99116
28029980,2,2,0.00288,0.01835,0.97877
11225879,2,2,0.06902,0.06689,0.86409
9128236,2,2,0.00252,0.0117,0.98578
25306057,1,0,0.54007,0.44425,0.01568
38945512,0,0,0.90836,0.08633,0.00532
6724636,2,2,0.01099,0.05926,0.92974
3938679,0,0,0.97541,0.02287,0.00171
13472085,2,1,0.34796,0.59655,0.05549
8573292,2,2,0.00261,0.00829,0.9891
23208932,2,2,0.00204,0.00572,0.99224
30532339,0,0,0.95347,0.04431,0.00222
18605424,2,2,0.00154,0.0078,0.99066
33306731,2,2,0.00766,0.12013,0.8722
4963193,2,2,0.00821,0.19277,0.79902
17071016,2,0,0.58251,0.39108,0.02641
558173,2,2,0.00114,0.00802,0.99084
5183351,1,1,0.25916,0.69762,0.04323
40262332,2,2,0.00295,0.01193,0.98513
23154992,1,0,0.90742,0.08811,0.00447
26086610,2,2,0.17159,0.28947,0.53895
39565306,2,1,0.02751,0.79776,0.17473
5668351,2,0,0.58892,0.39077,0.02031
19917104,2,2,0.00183,0.02033,0.97784
21161237,2,2,0.00532,0.02796,0.96672
17494119,2,2,0.00156,0.00856,0.98988
37930259,2,2,0.00129,0.00922,0.98949
14222914,2,2,0.0014,0.00517,0.99342
7293315,2,2,0.00458,0.05208,0.94334
12696430,2,2,0.00168,0.0128,0.98552
1834466,2,2,0.00819,0.05292,0.9389
20218766,2,2,0.00251,0.03025,0.96723
29182460,0,0,0.86238,0.13225,0.00537
35131950,1,0,0.90171,0.09412,0.00418
10508843,0,2,0.29784,0.12974,0.57242
14027052,2,2,0.20453,0.15148,0.64399
41577910,1,0,0.76917,0.2178,0.01303
23907937,2,0,0.86625,0.12382,0.00993
23845401,1,1,0.04349,0.8016,0.15491
38312117,1,0,0.88175,0.11276,0.00549
38573543,0,0,0.85321,0.14148,0.00532
15079409,2,2,0.00795,0.10096,0.89109
17293978,2,2,0.00139,0.01101,0.98759
18317013,2,2,0.0012,0.00623,0.99257
18418899,2,1,0.03123,0.61275,0.35602
22764399,2,2,0.00549,0.05745,0.93707
30108412,2,2,0.0024,0.01498,0.98262
38087753,0,0,0.62176,0.36267,0.01557
3058769,0,0,0.83515,0.15692,0.00794
27992951,2,2,0.00129,0.00793,0.99078
24346486,2,2,0.00591,0.02355,0.97054
30370508,0,0,0.67593,0.25555,0.06851
10249410,0,0,0.8161,0.17857,0.00533
32862169,2,2,0.00211,0.01656,0.98133
34424850,0,0,0.98283,0.01528,0.0019
19420917,2,2,0.00389,0.0297,0.96641
15487122,0,0,0.97942,0.01906,0.00152
26844041,2,1,0.05178,0.62099,0.32724
22173160,2,2,0.01858,0.05051,0.93091
32839942,0,0,0.86343,0.1319,0.00467
5642597,2,2,0.00156,0.00762,0.99081
6164915,2,2,0.00168,0.01171,0.98661
15721759,2,2,0.0023,0.02418,0.97352
35215106,2,0,0.98354,0.01493,0.00153
24598837,2,2,0.00126,0.00648,0.99226
17461947,1,1,0.0224,0.78337,0.19424
8042670,2,2,0.00124,0.00577,0.99299
41584891,0,0,0.62247,0.33711,0.04042
35856142,0,0,0.93992,0.05779,0.00229
11546842,2,2,0.09648,0.16801,0.73551
16441232,2,2,0.00884,0.11754,0.87362
18522133,2,2,0.00407,0.01627,0.97966
35872168,0,0,0.88566,0.11042,0.00391
14624176,2,2,0.01086,0.03411,0.95503
10295083,0,0,0.98532,0.01245,0.00222
9129897,2,2,0.00249,0.00856,0.98895
14268679,2,2,0.00259,0.0155,0.98191
33713493,2,2,0.00263,0.03217,0.9652
16299102,0,0,0.98457,0.01388,0.00155
19772908,2,2,0.00161,0.00628,0.99211
21250919,2,2,0.00216,0.02763,0.97021
32638795,2,2,0.00261,0.00689,0.9905
1579949,2,2,0.00822,0.13965,0.85213
41393903,2,2,0.00169,0.00679,0.99152
9640438,2,2,0.00109,0.00564,0.99327
30771445,2,2,0.00171,0.00904,0.98925
25848267,2,2,0.00165,0.01546,0.98289
16780668,0,0,0.96646,0.03181,0.00173
35695278,2,1,0.12203,0.84211,0.03586
22811117,2,2,0.00142,0.00996,0.98862
35853768,0,0,0.75442,0.23925,0.00633
882230,2,2,0.00147,0.00648,0.99205
13894778,0,0,0.91646,0.08071,0.00283
29939575,2,2,0.00182,0.01131,0.98687
30783334,2,2,0.0042,0.04554,0.95026
36299314,2,2,0.00974,0.04223,0.94803
23709021,2,2,0.00197,0.00984,0.98819
27846261,2,2,0.009,0.23022,0.76078
2672112,2,2,0.0014,0.00774,0.99086
21266566,0,1,0.20112,0.774,0.02488
13571485,2,1,0.07059,0.85658,0.07283
25953028,2,1,0.24659,0.46886,0.28455
17303715,2,2,0.00242,0.00739,0.9902
29651976,2,2,0.00188,0.00733,0.99078
8857308,2,2,0.00111,0.00619,0.9927
14523581,2,2,0.00149,0.0079,0.99062
9831328,2,2,0.00145,0.00663,0.99192
342027,2,2,0.00146,0.01127,0.98727
28317670,2,2,0.00108,0.00619,0.99274
1173717,2,2,0.00124,0.00525,0.99351
10044785,2,2,0.00124,0.00781,0.99096
8315195,2,2,0.00142,0.00643,0.99215
34687038,0,0,0.94602,0.05188,0.0021
26395646,2,2,0.08412,0.20327,0.71261
2651628,1,2,0.00537,0.06254,0.93209
27210468,2,2,0.00232,0.01694,0.98074
29175746,2,0,0.47406,0.36776,0.15817
12303975,2,2,0.00122,0.00751,0.99127
15393812,2,2,0.00111,0.00671,0.99218
37078340,2,2,0.00551,0.09668,0.89781
24794869,2,2,0.00167,0.01534,0.98299
33909325,2,2,0.05867,0.09921,0.84212
6596983,0,0,0.5205,0.46657,0.01293
5102384,2,2,0.00111,0.00614,0.99275
10223237,2,2,0.00606,0.12262,0.87132
28629442,2,2,0.00144,0.00929,0.98927
31738105,2,1,0.08631,0.8649,0.04879
24986576,2,2,0.0018,0.00439,0.99381
15534059,1,0,0.64826,0.335,0.01674
36756739,0,0,0.97729,0.02105,0.00166
41188406,0,0,0.82528,0.16832,0.0064
28803266,0,0,0.65466,0.3279,0.01745
35658584,2,2,0.03115,0.32332,0.64553
15926349,2,2,0.00118,0.00714,0.99168
10919978,2,2,0.00273,0.00953,0.98774
5537735,2,2,0.00259,0.01674,0.98067
38028035,0,0,0.98662,0.0118,0.00158
28411139,2,2,0.00191,0.00658,0.99151
26584265,0,0,0.98591,0.01261,0.00148
21226478,1,0,0.89511,0.10161,0.00328
17616476,2,2,0.00118,0.00628,0.99254
18836723,2,2,0.00145,0.00674,0.99182
4571694,2,2,0.00247,0.01727,0.98027
20034321,2,2,0.00205,0.01643,0.98152
12318823,2,2,0.00179,0.0114,0.98681
21338669,0,0,0.67743,0.30894,0.01363
30901987,2,2,0.06108,0.07905,0.85987
17853350,2,2,0.00113,0.0053,0.99358
16049577,1,0,0.56412,0.42251,0.01337
28557021,0,0,0.86335,0.12858,0.00808
36689535,2,2,0.00526,0.02312,0.97162
37830470,2,2,0.00151,0.00873,0.98976
23738751,2,2,0.04538,0.03604,0.91858
27793451,0,0,0.94844,0.04958,0.00198
6944505,2,2,0.0023,0.00849,0.9892
128237,2,2,0.00129,0.00811,0.99059
26378647,2,2,0.00145,0.00658,0.99197
31719109,2,2,0.00182,0.00897,0.98921
15456941,2,2,0.00156,0.01101,0.98743
31028958,2,2,0.00132,0.00728,0.99141
27799383,1,1,0.15668,0.81137,0.03196
40696449,2,2,0.00153,0.01097,0.9875
18466814,0,0,0.90887,0.08791,0.00323
17502237,0,1,0.27491,0.66724,0.05785
18096718,2,2,0.00641,0.07094,0.92265
36659064,2,2,0.00286,0.01117,0.98597
29582477,2,2,0.00277,0.00961,0.98762
24792253,0,0,0.96579,0.03259,0.00162
21834111,0,0,0.50363,0.48434,0.01203
27270918,0,0,0.95157,0.04641,0.00202
2489606,2,2,0.00131,0.00784,0.99085
32146196,2,2,0.0012,0.00494,0.99386
10401402,2,2,0.00147,0.0087,0.98984
32658799,2,2,0.24237,0.15944,0.59819
23738063,0,0,0.93667,0.0607,0.00263
18877134,0,0,0.94924,0.04848,0.00228
1555105,2,2,0.00199,0.01275,0.98526
1991058,2,0,0.75392,0.22993,0.01614
9127874,1,1,0.04976,0.85488,0.09536
29473388,2,2,0.00185,0.01118,0.98697
3560826,2,2,0.00262,0.01907,0.9783
37134129,0,1,0.40186,0.58471,0.01343
16627077,2,2,0.00431,0.05037,0.94532
24164724,2,2,0.00261,0.02253,0.97486
40156557,2,2,0.00192,0.00513,0.99295
24444806,2,2,0.00247,0.01787,0.97966
34084370,2,2,0.00149,0.0085,0.99001
10930360,2,1,0.17774,0.78384,0.03842
26728320,2,2,0.06433,0.35325,0.58242
27465711,2,2,0.00439,0.0102,0.98541
4824949,2,2,0.00847,0.01281,0.97872
26481882,2,2,0.00203,0.0265,0.97147
36115886,0,0,0.95961,0.03805,0.00234
11652125,0,0,0.94191,0.05536,0.00273
826627,0,0,0.72825,0.25664,0.01511
18159322,2,2,0.00187,0.01404,0.98409
298050,2,2,0.0127,0.21987,0.76743
12614892,1,1,0.07138,0.83625,0.09237
41483791,2,2,0.07719,0.2185,0.70431
14116648,2,2,0.02797,0.44435,0.52768
36372339,2,2,0.0013,0.00568,0.99302
14309031,2,0,0.98224,0.01606,0.0017
4457488,1,0,0.97085,0.02727,0.00187
23241971,2,2,0.00118,0.00658,0.99224
21133645,0,0,0.80349,0.18715,0.00935
2866473,2,1,0.01734,0.58794,0.39472
34738438,2,2,0.00164,0.00604,0.99232
21522817,2,1,0.05785,0.64667,0.29549
9034517,2,2,0.0027,0.00652,0.99078
39269868,2,0,0.6053,0.35863,0.03607
26731074,2,2,0.00124,0.00658,0.99218
40852203,2,2,0.00173,0.01442,0.98385
7405656,2,2,0.00137,0.01043,0.98819
8697666,0,0,0.96723,0.03122,0.00155
35448841,2,2,0.00819,0.11581,0.876
37354902,2,2,0.0012,0.00687,0.99193
23226401,2,2,0.00178,0.01692,0.9813
7165313,0,1,0.06586,0.75968,0.17446
37255715,1,1,0.03623,0.82461,0.13916
40299137,2,2,0.00358,0.06389,0.93253
35766224,2,1,0.054,0.80606,0.13994
19805574,2,2,0.00572,0.06222,0.93206
18843788,2,2,0.00142,0.00628,0.9923
18798322,0,0,0.9125,0.08405,0.00345
19416001,0,1,0.46468,0.52245,0.01288
35619958,2,2,0.00176,0.01361,0.98463
11782860,2,2,0.00412,0.01791,0.97796
34973467,0,0,0.98598,0.01217,0.00184
19274968,1,1,0.15355,0.82164,0.02481
21474962,2,2,0.00174,0.00668,0.99158
27566743,0,0,0.7944,0.1962,0.00939
34614159,2,2,0.00168,0.01136,0.98696
36856888,0,0,0.96194,0.03615,0.00192
3310761,2,2,0.00166,0.01051,0.98783
23854671,1,0,0.51295,0.4744,0.01264
19961640,2,1,0.03427,0.69927,0.26645
19001596,2,2,0.00185,0.0075,0.99064
3673981,2,2,0.00157,0.01628,0.98215
19915587,0,1,0.38684,0.59449,0.01867
18450210,2,2,0.17159,0.28947,0.53895
11059498,2,2,0.0015,0.0131,0.98539
26651106,0,0,0.70198,0.28585,0.01217
19973059,2,2,0.11863,0.05953,0.82184
8671629,0,0,0.77342,0.18085,0.04573
17413360,2,2,0.0017,0.01453,0.98376
37360009,2,1,0.12356,0.84766,0.02878
3787107,2,2,0.00154,0.00653,0.99193
16566970,2,2,0.00137,0.00992,0.9887
15935495,0,0,0.90074,0.09475,0.00451
18389856,2,2,0.03879,0.36378,0.59743
27659189,1,1,0.03907,0.82241,0.13852
31409298,0,0,0.59304,0.35137,0.05559
8549883,0,0,0.93263,0.06165,0.00572
36162295,1,0,0.71575,0.2738,0.01045
5734929,1,1,0.24497,0.72706,0.02797
15843758,2,2,0.01438,0.30871,0.67691
3299749,2,2,0.00125,0.00811,0.99063
5384308,0,0,0.97888,0.0192,0.00192
14772120,2,2,0.00163,0.0133,0.98507
20350920,2,2,0.0014,0.00568,0.99292
29129852,2,2,0.0012,0.0088,0.99
29470134,2,2,0.00124,0.00509,0.99367
15374464,0,0,0.98362,0.0147,0.00168
1329437,2,2,0.00372,0.04331,0.95298
20655714,0,0,0.97345,0.02451,0.00203
34261360,2,2,0.00433,0.03026,0.96541
403468,2,2,0.00132,0.00751,0.99118
21299976,2,2,0.00282,0.00785,0.98932
32353303,2,2,0.00574,0.02817,0.96609
39397648,2,2,0.0014,0.006,0.9926
29784799,0,1,0.46404,0.51768,0.01828
4345516,1,1,0.38642,0.57333,0.04025
3940394,2,2,0.00161,0.01076,0.98763
41132932,0,1,0.40401,0.52899,0.06699
32492546,1,1,0.28764,0.6714,0.04096
23528874,1,0,0.75523,0.22368,0.02109
37922570,2,2,0.00142,0.00711,0.99147
526110,2,2,0.00149,0.00614,0.99237
37249858,2,2,0.00118,0.00714,0.99168
13658332,1,0,0.98036,0.01827,0.00136
31655751,0,1,0.38501,0.59865,0.01633
347086,0,1,0.2886,0.68424,0.02716
10294310,2,2,0.00152,0.01613,0.98235
19803557,2,2,0.00138,0.00922,0.9894
30262701,1,1,0.07102,0.87537,0.05361
28557932,2,2,0.00128,0.00653,0.99219
14572114,2,2,0.0041,0.05393,0.94198
40392649,2,2,0.00581,0.01027,0.98393
1387309,0,0,0.82469,0.17085,0.00446
17254090,0,0,0.81886,0.17299,0.00815
11084532,2,2,0.00199,0.01203,0.98598
18083335,2,2,0.00519,0.0215,0.97331
40101769,0,0,0.84651,0.14884,0.00466
16162170,2,1,0.19359,0.72067,0.08574
11427717,2,2,0.00838,0.03019,0.96143
31670320,2,2,0.00116,0.00781,0.99103
39570844,2,2,0.00261,0.00668,0.99071
21431535,2,2,0.00588,0.12139,0.87273
14002703,2,2,0.01887,0.02833,0.9528
35127476,2,2,0.0013,0.00648,0.99222
8946133,2,2,0.00189,0.01688,0.98122
33795411,2,2,0.00181,0.01459,0.9836
35312160,2,2,0.00176,0.01127,0.98697
24971018,2,2,0.00244,0.01469,0.98287
9588439,2,2,0.00258,0.02067,0.97675
19474177,2,2,0.00127,0.00731,0.99142
11249199,2,2,0.00411,0.02228,0.97362
18807611,0,1,0.39958,0.57237,0.02805
3391010,2,2,0.00209,0.01289,0.98502
31769403,2,2,0.00149,0.0078,0.99071
35366344,2,2,0.00274,0.02028,0.97698
13161383,2,2,0.00406,0.01744,0.9785
1997892,2,2,0.00169,0.00705,0.99126
17579043,1,1,0.3587,0.62221,0.01909
22067872,0,0,0.90384,0.09269,0.00347
29342224,2,2,0.00556,0.01534,0.97911
34353035,1,0,0.76141,0.22951,0.00907
3456271,2,2,0.00138,0.00877,0.98986
6253272,2,2,0.00311,0.03645,0.96045
19847427,2,2,0.00337,0.04795,0.94868
4131656,2,2,0.00111,0.00669,0.99221
5463955,2,2,0.00149,0.00883,0.98968
9634653,2,2,0.00209,0.02678,0.97113
38057474,2,2,0.00136,0.0059,0.99274
31177687,0,0,0.97626,0.02225,0.00149
19526897,2,2,0.0014,0.00534,0.99326
15274723,0,0,0.64262,0.34667,0.01072
32458239,0,0,0.56556,0.40736,0.02708
35252918,0,0,0.98611,0.01213,0.00176
34432954,2,2,0.00122,0.00831,0.99048
22423602,0,1,0.02969,0.82804,0.14227
23037343,2,2,0.00137,0.00988,0.98874
34584969,0,0,0.94444,0.05287,0.00269
23656594,1,2,0.00411,0.0212,0.97469
27143121,2,2,0.00299,0.01188,0.98513
3885015,2,2,0.00123,0.00837,0.9904
35697066,2,2,0.00131,0.0076,0.99109
11786892,0,2,0.01975,0.14707,0.83319
21988997,2,1,0.02812,0.84117,0.13071
35693899,2,2,0.00151,0.00887,0.98962
20131403,2,2,0.00937,0.15981,0.83082
27177261,2,2,0.00161,0.00833,0.99006
13576785,2,2,0.00247,0.01469,0.98283
35754993,2,1,0.10058,0.80041,0.09902
25299900,2,2,0.0049,0.01639,0.97871
3599081,0,0,0.93436,0.06321,0.00243
35750267,2,0,0.41557,0.30624,0.27819
4197164,2,2,0.00454,0.04542,0.95004
37931999,2,0,0.82146,0.16527,0.01328
13317655,2,2,0.00294,0.0148,0.98226
36218655,2,2,0.00176,0.01227,0.98597
20887902,2,2,0.00129,0.00863,0.99007
19863343,2,2,0.07447,0.07331,0.85222
51459,2,2,0.00143,0.00517,0.9934
23532406,2,2,0.0143,0.05129,0.93441
15347733,0,0,0.87898,0.11012,0.01089
2835964,2,2,0.00655,0.03646,0.95699
38977954,2,2,0.00581,0.01019,0.98401
29428525,0,0,0.98385,0.01476,0.00139
27861793,2,2,0.00135,0.00897,0.98967
3987839,2,2,0.0016,0.0127,0.9857
38775325,2,2,0.0014,0.0087,0.9899
13296409,2,2,0.0388,0.07822,0.88299
13931939,2,2,0.01716,0.02391,0.95893
37230134,0,0,0.96152,0.03654,0.00195
19544812,2,2,0.00291,0.00931,0.98778
18209344,0,0,0.86323,0.1329,0.00387
2881715,0,0,0.72861,0.25979,0.01159
14410089,2,2,0.00201,0.01802,0.97997
30528128,2,2,0.00174,0.01059,0.98767
19113523,2,2,0.00153,0.01027,0.98819
20222856,2,2,0.00349,0.01354,0.98297
15718241,2,1,0.02989,0.8141,0.15602
10109497,2,2,0.00216,0.01043,0.98741
5010614,2,2,0.00129,0.00944,0.98927
33456501,2,2,0.01209,0.12719,0.86072
36198374,2,2,0.00132,0.00728,0.99141
12032121,2,2,0.04778,0.34219,0.61003
27117636,0,0,0.80636,0.18709,0.00655
17808054,2,2,0.00151,0.01035,0.98814
25149251,2,2,0.00113,0.006,0.99288
2207424,2,2,0.00164,0.00786,0.9905
14610861,2,0,0.62268,0.31371,0.06361
40695128,2,2,0.00175,0.01695,0.9813
35328834,2,2,0.0013,0.00711,0.99159
14318145,2,2,0.00133,0.01181,0.98686
20461511,2,1,0.28907,0.68537,0.02556
25382512,2,2,0.00815,0.06454,0.92731
34416635,2,2,0.12116,0.21874,0.6601
31913303,2,2,0.00388,0.04741,0.94872
14298143,0,0,0.9079,0.08867,0.00343
37537856,0,0,0.88477,0.11161,0.00362
5351773,2,2,0.00128,0.00722,0.9915
27157170,2,2,0.00196,0.01569,0.98235
22129557,1,1,0.06354,0.8636,0.07285
14709989,1,1,0.07194,0.78556,0.1425
12166477,2,2,0.00149,0.00786,0.99065
3926021,2,2,0.00163,0.01019,0.98818
17677855,2,2,0.00572,0.06223,0.93205
13299695,2,2,0.00122,0.00643,0.99235
20276354,2,2,0.01134,0.03746,0.9512
34798311,2,2,0.24147,0.35375,0.40478
13984789,0,1,0.37311,0.6009,0.02599
28399445,2,2,0.00614,0.06781,0.92605
32877497,2,2,0.00335,0.00875,0.9879
25439851,0,0,0.81127,0.18244,0.00629
27133428,2,2,0.00298,0.01598,0.98104
22106772,2,2,0.00687,0.07923,0.9139
4769400,2,2,0.00278,0.00721,0.99001
6262146,0,0,0.91307,0.08264,0.00429
3858201,0,0,0.96859,0.02945,0.00196
15416330,0,0,0.87527,0.11845,0.00628
34356884,2,2,0.0102,0.02741,0.96239
35627707,0,0,0.88009,0.11589,0.00401
29823100,0,0,0.9533,0.04371,0.00299
4626727,2,2,0.00133,0.00894,0.98973
12395566,2,1,0.0874,0.839,0.0736
24945101,0,0,0.85162,0.14066,0.00772
15944011,0,1,0.25088,0.70912,0.04001
39737872,1,1,0.38535,0.59918,0.01548
3763560,2,2,0.00276,0.01556,0.98168
6210524,2,2,0.01025,0.04565,0.94411
3094339,2,2,0.00297,0.03529,0.96174
13253477,2,2,0.00163,0.01351,0.98486
34328769,2,2,0.0043,0.03769,0.95801
19619273,2,2,0.0012,0.0085,0.9903
3611868,2,2,0.00165,0.01335,0.98499
15299477,2,2,0.00206,0.01284,0.9851
19591669,2,2,0.00185,0.00943,0.98872
21785396,2,1,0.16806,0.80135,0.03059
13432129,2,2,0.00133,0.00818,0.99049
4301518,2,2,0.01127,0.09378,0.89496
40029173,2,2,0.00151,0.00915,0.98934
15900317,2,2,0.00615,0.05167,0.94218
25847689,2,2,0.00118,0.00551,0.99331
25635713,2,1,0.01796,0.58109,0.40094
14196982,2,2,0.00828,0.24593,0.74578
15980530,2,2,0.00131,0.0085,0.99019
20200097,2,0,0.64759,0.33076,0.02165
36088468,2,2,0.00221,0.02009,0.9777
40947416,2,2,0.17159,0.28947,0.53895
9687876,2,2,0.00125,0.01044,0.98831
36102880,2,1,0.04362,0.82296,0.13343
38586487,2,2,0.00268,0.01413,0.98319
31842304,2,2,0.0014,0.00505,0.99354
21874417,2,2,0.18666,0.17195,0.64139
29700615,2,2,0.00124,0.00638,0.99238
40088733,2,0,0.42088,0.31133,0.26779
19337353,0,1,0.39369,0.50158,0.10473
22280103,2,2,0.01723,0.04199,0.94078
25102148,0,0,0.98505,0.01289,0.00206
24150684,2,2,0.00387,0.01942,0.97671
35834929,2,2,0.00259,0.03211,0.9653
14144763,2,2,0.00115,0.0053,0.99356
36152671,2,2,0.00169,0.00756,0.99075
29259026,2,2,0.00996,0.12089,0.86915
25440079,2,2,0.00108,0.0059,0.99302
12506097,2,2,0.00163,0.01076,0.98761
38278946,2,2,0.0026,0.02828,0.96912
37309144,0,0,0.96267,0.03553,0.0018
34781904,2,2,0.12805,0.34739,0.52456
5732445,2,2,0.17159,0.28947,0.53895
2556358,0,0,0.97977,0.01293,0.00731
1223157,2,2,0.00599,0.1191,0.87491
31124390,2,2,0.04055,0.41271,0.54675
37895136,2,2,0.00322,0.01537,0.9814
12408472,1,0,0.7379,0.24333,0.01876
37331412,2,2,0.00144,0.00925,0.9893
28693131,1,1,0.02048,0.52414,0.45538
27670376,2,2,0.00245,0.01092,0.98664
30451758,2,2,0.01284,0.02861,0.95855
7291384,2,2,0.00185,0.01122,0.98693
23286697,2,2,0.00199,0.01208,0.98593
16451470,2,2,0.0012,0.00781,0.991
41179814,2,0,0.39261,0.32091,0.28647
39537522,2,2,0.00227,0.00657,0.99115
2073384,2,2,0.00241,0.01015,0.98745
24527586,0,1,0.39781,0.58792,0.01427
2424488,2,1,0.16736,0.80037,0.03227
5966441,2,2,0.00197,0.00673,0.99129
24386751,2,2,0.00239,0.03351,0.9641
37528799,2,2,0.0024,0.01371,0.98389
800663,2,1,0.02305,0.57162,0.40534
37317253,2,2,0.00138,0.0088,0.98982
12027412,2,2,0.00992,0.19003,0.80006
3831960,2,2,0.00322,0.01635,0.98043
17171222,2,2,0.00156,0.0087,0.98974
36148167,0,0,0.79379,0.19377,0.01244
4473774,1,0,0.74681,0.24436,0.00883
16821033,2,2,0.00434,0.01322,0.98244
37036494,2,2,0.00121,0.0106,0.98819
34663261,1,1,0.08237,0.86168,0.05595
18444397,0,0,0.97247,0.0262,0.00133
40372446,2,2,0.00709,0.01273,0.98018
22746069,2,2,0.00185,0.02298,0.97517
32367868,0,0,0.97278,0.02235,0.00487
26253578,2,2,0.00194,0.00716,0.99089
29825869,0,1,0.29424,0.53228,0.17348
32541717,0,0,0.97197,0.026,0.00203
17540434,2,2,0.0019,0.01481,0.98329
12609501,2,2,0.01315,0.02806,0.95879
21320768,2,2,0.00144,0.00834,0.99022
13133812,2,2,0.00196,0.01557,0.98247
12453860,2,2,0.00138,0.00777,0.99085
30666565,0,0,0.98169,0.01653,0.00178
32244873,0,1,0.32644,0.60513,0.06843
30034620,2,2,0.00179,0.01325,0.98496
2979969,0,1,0.48957,0.49341,0.01702
19508937,2,2,0.00244,0.01504,0.98253
17723082,2,2,0.0444,0.2277,0.72789
39694468,2,2,0.00558,0.01844,0.97598
5998066,0,1,0.09282,0.79564,0.11153
13587572,0,0,0.7493,0.24231,0.00839
35896804,2,2,0.00329,0.02582,0.97089
35370483,1,0,0.69791,0.2898,0.01229
20306646,2,2,0.00234,0.02546,0.97221
1417557,2,2,0.00408,0.01257,0.98334
1778272,1,2,0.00347,0.03453,0.962
12766792,2,2,0.00227,0.02488,0.97285
20043706,2,2,0.00182,0.0075,0.99067
14432671,2,2,0.00226,0.01038,0.98735
35498055,2,2,0.00203,0.00907,0.9889
20027937,2,2,0.00214,0.0214,0.97646
9511045,2,2,0.00142,0.01008,0.9885
1352710,2,1,0.05287,0.55955,0.38759
4313080,0,0,0.52893,0.29699,0.17408
19340469,2,2,0.18502,0.2247,0.59028
35220795,2,2,0.00142,0.01031,0.98827
36131293,2,2,0.00126,0.00538,0.99336
15245353,2,2,0.00244,0.01414,0.98342
13409215,2,2,0.00194,0.01027,0.98779
6253429,2,2,0.00174,0.02225,0.97601
8913650,2,2,0.11924,0.23867,0.64209
7835174,0,0,0.76957,0.20036,0.03007
1229987,2,2,0.00194,0.01039,0.98768
29008877,2,2,0.00153,0.01421,0.98427
18524671,2,2,0.0014,0.00609,0.99251
950622,1,1,0.04243,0.82609,0.13147
38540702,0,0,0.89399,0.10268,0.00333
4688570,2,2,0.00667,0.04835,0.94498
17098795,0,0,0.9445,0.05334,0.00217
19008430,2,2,0.05682,0.11477,0.82841
37787111,2,2,0.00156,0.00996,0.98848
2533641,0,1,0.12246,0.82709,0.05045
10328219,2,1,0.05425,0.81612,0.12963
35715653,2,2,0.0017,0.01442,0.98387
25573869,2,2,0.0041,0.06851,0.9274
449540,2,2,0.00226,0.01345,0.98429
21885303,2,2,0.00212,0.01377,0.98411
37255735,2,2,0.00225,0.01781,0.97994
41223162,2,2,0.00138,0.00494,0.99368
30427014,2,2,0.00231,0.00774,0.98996
15463306,2,2,0.00219,0.01067,0.98714
24169952,2,0,0.74536,0.23917,0.01547
6978327,0,0,0.84838,0.14514,0.00648
27130854,2,1,0.1796,0.43421,0.38619
18027357,1,1,0.06815,0.87355,0.0583
20623947,0,0,0.97246,0.02541,0.00213
25836950,1,0,0.54505,0.43796,0.01698
25546753,2,2,0.00149,0.01012,0.9884
3689686,2,2,0.0016,0.01194,0.98645
20367307,0,0,0.91893,0.07647,0.0046
9164611,2,2,0.00346,0.03771,0.95883
12645298,2,1,0.04608,0.88311,0.07081
19642740,2,2,0.00149,0.00843,0.99008
19727297,0,0,0.95155,0.04623,0.00222
19628049,2,2,0.0035,0.01095,0.98555
14693076,2,2,0.0014,0.00853,0.99007
27709301,2,2,0.00156,0.00679,0.99165
39254572,0,0,0.90579,0.08899,0.00522
27770220,0,0,0.85038,0.14323,0.00639
32142795,0,0,0.98071,0.01765,0.00164
10322596,0,0,0.98322,0.01528,0.0015
11134440,2,2,0.00354,0.0296,0.96686
20105833,2,2,0.00138,0.00638,0.99224
11316399,0,1,0.33283,0.63408,0.03308
7873784,0,0,0.80601,0.18268,0.01132
9255364,2,2,0.02235,0.02749,0.95017
34629982,2,2,0.00123,0.00894,0.98983
20401548,2,2,0.00212,0.01414,0.98374
18969632,2,2,0.00187,0.01493,0.9832
23712274,2,2,0.05515,0.08558,0.85927
28563634,2,2,0.00632,0.02619,0.96749
31079725,2,2,0.00333,0.00567,0.991
18416417,2,2,0.00329,0.06957,0.92714
25877682,2,2,0.00573,0.07468,0.91959
30657975,1,0,0.56071,0.41995,0.01934
38965331,1,1,0.42537,0.55914,0.01549
4832912,2,2,0.00953,0.04866,0.94181
33733604,2,2,0.00155,0.01404,0.98441
3113059,2,2,0.00142,0.00818,0.9904
37222851,2,2,0.00131,0.00821,0.99048
22246047,2,1,0.12261,0.77494,0.10245
33652624,2,2,0.0022,0.02236,0.97543
9709770,2,2,0.00222,0.02864,0.96913
31415011,0,0,0.75594,0.23145,0.01261
25010380,0,1,0.44664,0.47359,0.07977
9506268,0,0,0.9802,0.01802,0.00178
34751642,2,2,0.0021,0.02228,0.97562
3683169,2,2,0.00165,0.01167,0.98668
1095122,2,2,0.00225,0.01464,0.98311
39298454,2,2,0.0012,0.00623,0.99257
29366291,2,2,0.00661,0.02782,0.96557
27158406,2,2,0.00425,0.01934,0.97642
20935613,2,2,0.00139,0.01106,0.98755
38388676,2,2,0.00142,0.00618,0.99239
28650340,1,1,0.44007,0.53919,0.02074
37759859,0,1,0.42082,0.49199,0.08718
35686589,2,2,0.00114,0.00609,0.99276
30229597,0,0,0.92663,0.06641,0.00697
10943417,2,2,0.00218,0.01861,0.97921
11341140,0,1,0.08401,0.85848,0.05751
36764407,1,1,0.07405,0.85746,0.06849
27098856,2,2,0.01947,0.11277,0.86775
25995301,2,2,0.00178,0.01409,0.98412
1537493,0,0,0.69914,0.29259,0.00827
9338809,2,2,0.00168,0.01346,0.98486
38503137,2,2,0.00147,0.00653,0.992
29829381,2,2,0.00126,0.00687,0.99188
20526916,2,2,0.00265,0.00946,0.98789
12243072,0,0,0.84415,0.15135,0.0045
29050764,2,2,0.00302,0.01958,0.9774
32471535,2,2,0.00136,0.00719,0.99145
26328844,0,0,0.98621,0.01208,0.00171
12346862,2,2,0.00297,0.01921,0.97782
5761500,0,0,0.85764,0.13517,0.00719
32944246,2,2,0.00149,0.00944,0.98908
17281952,2,2,0.00249,0.03755,0.95996
30683585,2,2,0.00144,0.0111,0.98746
31139867,2,2,0.17159,0.28947,0.53895
19009038,1,1,0.36688,0.61201,0.02111
564605,0,0,0.91146,0.08445,0.00409
26889505,1,0,0.80643,0.18638,0.0072
16378833,2,2,0.00116,0.00671,0.99213
24168583,2,2,0.01753,0.07636,0.90611
953134,2,2,0.002,0.02447,0.97353
36004695,0,0,0.73539,0.21008,0.05453
3725939,2,2,0.00249,0.02531,0.97221
20407603,2,2,0.0014,0.00706,0.99154
3649848,2,2,0.00123,0.01024,0.98853
20362751,2,1,0.13548,0.61192,0.2526
30399906,2,2,0.00931,0.08419,0.90649
25880905,2,2,0.00127,0.0094,0.98933
35458458,0,2,0.17159,0.28947,0.53895
36630885,2,2,0.00144,0.01097,0.98759
17188943,1,0,0.74819,0.24481,0.007
17730592,2,0,0.4189,0.30625,0.27485
31980109,2,2,0.17159,0.28947,0.53895
24363433,0,0,0.96356,0.03393,0.0025
12657495,2,2,0.00318,0.01323,0.98359
40218164,2,2,0.00107,0.00834,0.99059
35461824,0,0,0.8942,0.10111,0.00469
35176647,2,2,0.00184,0.01393,0.98423
27332601,2,2,0.00411,0.05173,0.94416
18243835,2,2,0.04451,0.41742,0.53807
11798658,0,0,0.90676,0.09031,0.00293
11218001,2,2,0.00183,0.00568,0.9925
34521093,2,2,0.00107,0.00641,0.99252
205868,0,2,0.05079,0.16087,0.78834
14294,2,1,0.38854,0.55438,0.05708
5875408,2,2,0.00131,0.01154,0.98715
7842211,0,0,0.66408,0.29816,0.03776
35460747,2,1,0.36102,0.5929,0.04608
23838749,2,2,0.0084,0.13432,0.85727
28316566,2,2,0.00144,0.00857,0.98999
35119925,2,2,0.0013,0.00692,0.99178
17326378,2,2,0.00811,0.1513,0.84059
14323318,0,0,0.68978,0.29667,0.01355
40619306,2,2,0.0014,0.00814,0.99046
32472313,2,2,0.0037,0.06114,0.93516
19457421,2,2,0.00158,0.01027,0.98815
1438889,2,2,0.00146,0.01008,0.98846
39681179,2,2,0.04642,0.09124,0.86233
41319512,2,2,0.00204,0.00567,0.99229
22537029,0,0,0.82384,0.16869,0.00747
41405115,2,2,0.00132,0.00648,0.9922
27733160,2,2,0.00456,0.02659,0.96886
30231807,2,2,0.01008,0.20165,0.78827
23187029,2,2,0.00209,0.01126,0.98664
17818551,2,2,0.00622,0.16672,0.82706
36330132,0,1,0.24838,0.72293,0.0287
5789709,2,2,0.00393,0.01964,0.97643
38719942,2,2,0.0208,0.45523,0.52397
24950992,2,2,0.00194,0.01027,0.98779
2535521,2,1,0.45639,0.49929,0.04431
6359945,0,0,0.9798,0.01848,0.00172
15679,1,0,0.69701,0.2883,0.01469
29508858,0,0,0.9744,0.02416,0.00144
23190822,2,2,0.00257,0.03933,0.95811
4626845,2,2,0.00318,0.01418,0.98264
13333306,2,2,0.07497,0.10308,0.82195
6400372,2,2,0.00122,0.00728,0.9915
823441,0,0,0.91472,0.08055,0.00473
22882736,0,1,0.43687,0.48357,0.07956
40119673,2,2,0.00203,0.01109,0.98688
1684380,2,2,0.00632,0.11208,0.88159
36791068,2,2,0.00187,0.01227,0.98586
34188732,2,2,0.00216,0.01198,0.98586
14086882,1,0,0.90967,0.08611,0.00421
36326296,0,1,0.14477,0.72521,0.13002
40917522,2,2,0.00257,0.00903,0.9884
1196570,2,2,0.00229,0.01309,0.98462
1074695,2,2,0.00331,0.02003,0.97666
9163193,2,2,0.04974,0.03711,0.91316
12716182,2,1,0.22518,0.74411,0.03071
36756873,2,2,0.08768,0.28193,0.63039
18833606,2,2,0.00151,0.00951,0.98898
13502660,2,2,0.01341,0.38891,0.59767
20458388,0,1,0.26685,0.64454,0.0886
1469454,2,2,0.00404,0.00761,0.98836
768856,2,2,0.00138,0.00808,0.99054
18975234,2,2,0.00229,0.01371,0.984
37842716,1,1,0.02171,0.55561,0.42268
12850696,2,2,0.00254,0.01944,0.97802
13804390,2,2,0.00159,0.00762,0.99079
22296020,2,2,0.00177,0.00768,0.99055
22358832,0,0,0.92945,0.06687,0.00368
15524665,2,2,0.00425,0.03383,0.96192
29704704,2,2,0.00268,0.01408,0.98324
21870807,2,0,0.79155,0.20171,0.00674
1716195,2,2,0.00118,0.00663,0.99219
29146950,2,2,0.00182,0.01007,0.98811
19544947,2,1,0.03397,0.55695,0.40907
9152878,0,0,0.94076,0.056,0.00324
30253559,2,2,0.00162,0.01493,0.98344
22442090,2,2,0.0014,0.00609,0.99251
5994343,1,1,0.38774,0.59587,0.01638
13255428,2,2,0.00185,0.00922,0.98893
37477272,2,2,0.04096,0.04481,0.91423
11131299,2,2,0.00118,0.00676,0.99206
23690289,2,2,0.00127,0.00734,0.99139
35329264,0,0,0.98823,0.00992,0.00185
19832649,2,2,0.04538,0.14385,0.81076
35198169,2,2,0.00153,0.01236,0.98611
37270825,2,2,0.00135,0.01089,0.98776
19966594,2,2,0.00128,0.00682,0.99191
20384162,2,2,0.01351,0.04661,0.93988
15405827,0,1,0.20343,0.77375,0.02282
9673927,2,2,0.00187,0.01176,0.98637
4601171,0,0,0.70863,0.28078,0.01059
11641531,2,2,0.00116,0.00682,0.99202
14487389,0,1,0.2244,0.75469,0.02091
13354897,2,2,0.08058,0.15792,0.76151
38915925,0,0,0.79365,0.19833,0.00803
30402640,0,0,0.93724,0.05968,0.00308
11341813,2,2,0.00138,0.0076,0.99103
27411804,1,1,0.10457,0.85359,0.04184
13582419,2,2,0.00113,0.00722,0.99165
22163729,2,2,0.00168,0.01351,0.98481
26121014,2,1,0.25128,0.56765,0.18108
40144121,0,0,0.97025,0.02807,0.00168
35767193,2,0,0.49252,0.48868,0.0188
931392,2,2,0.00122,0.00739,0.99139
9735187,1,0,0.9015,0.0952,0.0033
17110329,2,2,0.00225,0.0325,0.96525
31502473,2,2,0.00447,0.01596,0.97958
17795611,0,0,0.8803,0.11368,0.00602
8663298,0,0,0.9473,0.05008,0.00262
26151879,0,0,0.98406,0.01382,0.00212
20218440,2,2,0.00156,0.00668,0.99176
3306003,0,0,0.56079,0.4233,0.01591
7362629,1,2,0.01778,0.33035,0.65187
6936682,1,1,0.21814,0.74011,0.04175
39729326,2,2,0.00123,0.01032,0.98845
38264258,0,0,0.98016,0.01792,0.00192
33914566,2,2,0.06303,0.31025,0.62672
7541229,1,1,0.17384,0.67424,0.15192
17497054,1,0,0.68953,0.29425,0.01622
37266435,2,0,0.96643,0.03168,0.0019
39264459,2,2,0.00129,0.00857,0.99014
1014041,2,1,0.46505,0.48358,0.05137
1204169,2,2,0.00299,0.02906,0.96796
23684957,2,2,0.00142,0.01123,0.98735
14326929,2,2,0.00242,0.01956,0.97802
24229069,2,0,0.61104,0.36917,0.0198
35179759,2,0,0.53714,0.42825,0.03461
23743160,2,2,0.0012,0.00668,0.99212
40133962,0,0,0.9151,0.08122,0.00368
19752470,2,2,0.00129,0.00873,0.98997
30746957,0,2,0.11726,0.41898,0.46377
24929641,0,0,0.97322,0.02504,0.00174
37803430,2,2,0.00345,0.04092,0.95564
24526400,1,0,0.93176,0.06472,0.00352
26750975,2,2,0.00176,0.01067,0.98756
24365532,2,2,0.0019,0.01442,0.98368
6517769,2,1,0.09196,0.864,0.04404
30292443,2,2,0.00206,0.01007,0.98787
454545,2,2,0.00253,0.02323,0.97424
28767987,0,0,0.95982,0.03827,0.00191
34404870,2,2,0.00203,0.01241,0.98557
24088008,2,2,0.00624,0.03902,0.95474
10552084,1,2,0.02034,0.32185,0.65782
38449056,2,2,0.00442,0.01182,0.98377
35453885,2,2,0.00516,0.02744,0.9674
23179311,1,0,0.97928,0.01883,0.00189
38800392,0,0,0.93589,0.06062,0.00348
34115152,2,2,0.00309,0.02458,0.97232
25648169,2,2,0.00199,0.01481,0.9832
26919611,2,2,0.00127,0.00973,0.98899
13215896,0,0,0.82949,0.16143,0.00907
21413292,2,2,0.0012,0.0049,0.9939
23799346,2,2,0.00194,0.00914,0.98892
5857308,2,2,0.00116,0.00666,0.99218
15775317,2,2,0.00854,0.01261,0.97885
9034484,0,0,0.8138,0.16794,0.01826
4261970,2,2,0.00438,0.03389,0.96173
19481707,2,2,0.002,0.01015,0.98785
1452984,2,2,0.00149,0.00568,0.99283
34466358,2,2,0.01537,0.04874,0.9359
39935028,2,2,0.00174,0.00992,0.98834
23833979,0,0,0.91348,0.08332,0.00319
8638940,0,0,0.83322,0.1233,0.04347
8209414,2,2,0.00221,0.0172,0.98058
27544546,2,0,0.45137,0.35221,0.19642
36211271,2,2,0.00151,0.00988,0.98861
26813936,0,0,0.98467,0.0134,0.00193
13102068,2,2,0.00108,0.00564,0.99329
10384032,2,2,0.0151,0.03594,0.94896
22795291,2,2,0.01036,0.11318,0.87645
36543304,2,2,0.00589,0.04955,0.94456
32744662,2,2,0.00114,0.0072,0.99166
36108498,0,0,0.84682,0.14773,0.00544
36232351,2,2,0.16619,0.3318,0.502
31214346,2,2,0.00223,0.02522,0.97255
17110995,2,2,0.00376,0.07723,0.91902
34174502,2,2,0.0091,0.05537,0.93553
28921185,2,2,0.0012,0.00619,0.99262
41162993,2,2,0.00258,0.01907,0.97834
30139588,2,2,0.00489,0.03438,0.96073
24485054,2,2,0.00306,0.01885,0.97809
6835685,2,1,0.04956,0.8853,0.06514
9340701,2,0,0.55256,0.14584,0.3016
32472022,2,1,0.15229,0.71668,0.13103
15543673,1,0,0.71876,0.26858,0.01266
36508289,2,2,0.0048,0.05173,0.94347
24364962,2,2,0.00557,0.11492,0.87952
15647285,2,2,0.00213,0.00762,0.99025
2282624,2,1,0.11704,0.822,0.06096
4466023,2,2,0.00227,0.02314,0.97459
29321744,2,2,0.00263,0.01562,0.98175
12408890,2,2,0.00347,0.05023,0.94631
14019280,2,2,0.00541,0.08419,0.9104
25576978,2,2,0.00401,0.0442,0.95179
13247946,2,2,0.01017,0.05257,0.93726
40050877,2,2,0.00128,0.00595,0.99277
12396898,2,1,0.16066,0.77474,0.0646
8131497,2,2,0.00209,0.01387,0.98404
25118153,0,0,0.98437,0.01173,0.0039
36021366,2,2,0.00267,0.0174,0.97994
22737534,0,0,0.93571,0.06112,0.00317
39320245,2,2,0.00131,0.01043,0.98825
78368,2,2,0.00168,0.01043,0.98789
34552805,0,0,0.87065,0.12133,0.00802
8943431,2,2,0.00132,0.00708,0.9916
5124621,0,0,0.97262,0.02584,0.00153
26811283,2,2,0.00335,0.03914,0.95752
10802207,2,2,0.00146,0.00958,0.98895
25000460,2,2,0.00142,0.01123,0.98735
18127718,2,2,0.00388,0.03216,0.96396
10443014,2,2,0.00196,0.01255,0.98549
15473895,2,1,0.01546,0.49227,0.49227
31339011,0,1,0.41136,0.57112,0.01752
23949830,2,2,0.02987,0.26315,0.70698
32473587,2,2,0.0024,0.01299,0.98461
35475926,0,0,0.62934,0.35858,0.01208
15301810,2,2,0.00625,0.05128,0.94246
29667673,2,2,0.00238,0.02391,0.97372
3249376,2,0,0.69225,0.19251,0.11524
29059335,0,0,0.98468,0.01351,0.00181
39096178,0,0,0.71371,0.21367,0.07263
431961,2,2,0.0024,0.02765,0.96995
27131695,2,2,0.00126,0.00614,0.99261
31633206,2,2,0.00145,0.00679,0.99177
28853610,0,0,0.96422,0.03335,0.00243
36988454,0,0,0.79497,0.1823,0.02273
32563944,1,1,0.08751,0.87522,0.03727
32482038,0,0,0.95932,0.03854,0.00213
21188138,2,2,0.00155,0.01362,0.98483
21590164,0,0,0.98431,0.01421,0.00148
39643377,2,2,0.00583,0.02964,0.96453
17481254,2,1,0.03527,0.72514,0.23959
5106889,1,1,0.041,0.81074,0.14826
1226843,1,1,0.25105,0.69724,0.05171
18200916,2,2,0.00427,0.05874,0.93699
39980039,2,0,0.53467,0.44326,0.02207
21537701,2,2,0.01032,0.08214,0.90754
39408928,2,2,0.00895,0.06427,0.92679
13543040,2,2,0.0027,0.02032,0.97698
27884199,2,2,0.00163,0.01217,0.9862
31360090,0,0,0.97925,0.01928,0.00147
13405124,2,0,0.45778,0.43004,0.11218
5365910,2,2,0.00126,0.00684,0.9919
23080219,2,2,0.00126,0.00498,0.99377
18613076,2,2,0.00144,0.00722,0.99133
8243459,0,0,0.93955,0.05731,0.00313
30515745,2,2,0.00138,0.00618,0.99244
28713271,0,0,0.50396,0.46974,0.02629
12145100,1,0,0.67268,0.31528,0.01204
3885390,2,2,0.00216,0.02753,0.97032
37967669,2,2,0.00166,0.00796,0.99038
18883871,2,2,0.00167,0.01679,0.98154
25406529,2,2,0.00218,0.01771,0.98011
1960559,2,2,0.00133,0.01048,0.98819
29068770,0,0,0.55035,0.42528,0.02437
32132123,2,2,0.00234,0.01042,0.98724
37581294,2,2,0.00126,0.00643,0.99231
2181469,2,2,0.0086,0.1001,0.8913
29427919,2,2,0.00174,0.00932,0.98894
8950084,0,0,0.73714,0.25575,0.00711
31353283,0,0,0.84657,0.14885,0.00458
15630587,2,2,0.00474,0.0177,0.97756
33900362,0,0,0.96612,0.0317,0.00218
26567438,0,1,0.34507,0.62974,0.02519
37143650,2,1,0.13526,0.54341,0.32133
6528425,2,2,0.00307,0.03182,0.96511
8382536,2,2,0.0039,0.028,0.9681
19339643,2,2,0.00841,0.02008,0.97151
12732520,2,2,0.00189,0.01781,0.98029
21636736,1,1,0.38867,0.59497,0.01636
6117676,2,2,0.0013,0.00714,0.99156
25756248,2,2,0.00153,0.01015,0.98831
25628796,2,2,0.007,0.07684,0.91617
10777739,2,1,0.09123,0.82273,0.08604
39826182,2,2,0.00217,0.00722,0.99062
19829859,0,0,0.77583,0.21713,0.00703
33189760,2,2,0.00129,0.01,0.98871
16551748,0,0,0.92944,0.06799,0.00257
16454357,2,2,0.0024,0.01551,0.9821
38018997,2,2,0.00305,0.02222,0.97473
29481863,2,2,0.00196,0.01231,0.98572
28157286,0,1,0.34894,0.62694,0.02412
4244730,2,2,0.0031,0.03928,0.95763
27161746,2,2,0.00176,0.01059,0.98764
38542150,2,2,0.00135,0.01154,0.98711
14310178,2,2,0.00138,0.00763,0.991
11633259,2,2,0.00156,0.0088,0.98964
25682468,2,2,0.12502,0.32554,0.54945
8451393,0,0,0.88451,0.11158,0.00391
23672837,2,2,0.02443,0.08024,0.89533
36947031,2,1,0.05456,0.86697,0.07847
9805236,2,2,0.00161,0.01039,0.988
8296193,1,1,0.13434,0.75665,0.10901
36945491,2,2,0.00123,0.00847,0.9903
12193825,2,2,0.00138,0.00748,0.99114
33207147,2,2,0.0015,0.0141,0.9844
12373810,2,2,0.00323,0.01435,0.98243
12202499,0,0,0.74283,0.24211,0.01506
21485718,2,2,0.00128,0.00546,0.99326
32899235,2,2,0.00113,0.00643,0.99244
10818154,2,2,0.02839,0.08136,0.89024
20528965,2,2,0.00108,0.00482,0.9941
3501852,2,2,0.0013,0.00638,0.99232
20891248,0,0,0.7177,0.27347,0.00883
9705250,2,2,0.00111,0.00638,0.99251
32769701,2,2,0.00323,0.01225,0.98452
18692727,2,2,0.00396,0.01103,0.98501
35114762,2,2,0.00515,0.07312,0.92173
33990614,2,0,0.69208,0.29534,0.01258
26202428,2,1,0.04346,0.66926,0.28728
36224311,2,2,0.00176,0.01185,0.98639
40830662,2,2,0.00243,0.01624,0.98133
29174612,1,0,0.74296,0.25081,0.00623
22623653,2,2,0.00147,0.0086,0.98994
13981713,2,2,0.0012,0.00884,0.98997
2016853,2,2,0.00144,0.007,0.99155
854391,2,2,0.00151,0.0114,0.98709
28539778,2,2,0.00166,0.0059,0.99243
31002027,2,2,0.00139,0.0111,0.98751
38369335,0,0,0.97768,0.02057,0.00175
10593439,2,1,0.09933,0.84812,0.05255
31245180,0,0,0.94499,0.05223,0.00278
9330041,0,0,0.98096,0.01776,0.00128
273079,0,1,0.10908,0.84961,0.04132
31737633,2,2,0.00118,0.00687,0.99195
37071342,1,1,0.19034,0.42064,0.38903
26143955,2,2,0.00133,0.0084,0.99026
15100711,2,2,0.00171,0.00965,0.98863
6276515,2,1,0.01994,0.66563,0.31442
9790471,2,2,0.00149,0.00706,0.99145
834721,2,2,0.00254,0.02148,0.97599
23283460,2,2,0.00312,0.0455,0.95137
14088266,2,2,0.25844,0.29979,0.44177
39991840,2,2,0.03524,0.12426,0.8405
32598336,2,2,0.00379,0.00816,0.98805
10011989,2,2,0.00223,0.00843,0.98934
17000990,2,2,0.00166,0.00762,0.99071
8384785,2,2,0.00146,0.01295,0.98559
20850578,2,2,0.00122,0.0084,0.99038
13898247,2,1,0.024,0.50515,0.47085
8617764,2,2,0.00131,0.00778,0.99091
19622771,2,2,0.00118,0.007,0.99182
27787680,2,2,0.00416,0.0546,0.94124
30727589,2,2,0.0019,0.01582,0.98229
30986683,2,2,0.00401,0.02925,0.96674
6964039,2,2,0.00779,0.10549,0.88672
31777265,0,0,0.84801,0.13682,0.01517
10405074,2,2,0.20731,0.36314,0.42955
20849260,2,2,0.00197,0.01027,0.98776
35324545,0,0,0.94415,0.05332,0.00253
11690085,2,2,0.00322,0.01592,0.98086
37925720,0,0,0.90481,0.091,0.00419
14855069,2,2,0.00884,0.10301,0.88814
19133195,2,2,0.01173,0.25088,0.73738
28673237,2,2,0.00223,0.02293,0.97484
32274442,0,0,0.9759,0.02224,0.00185
30614060,2,2,0.02293,0.13666,0.84041
13486857,2,2,0.00111,0.00669,0.99221
23950268,2,2,0.00253,0.02236,0.97511
14711790,0,0,0.98669,0.01158,0.00173
19484088,2,2,0.00116,0.00692,0.99192
35878938,2,2,0.00142,0.0085,0.99008
6575240,2,2,0.00126,0.00538,0.99336
10091850,2,2,0.00144,0.0127,0.98586
5572608,2,2,0.01013,0.06406,0.92582
17490569,2,2,0.00158,0.00904,0.98938
23226957,2,2,0.00187,0.01194,0.98619
27989169,2,2,0.00265,0.00792,0.98943
6287040,2,2,0.00168,0.01448,0.98384
9128188,2,2,0.00661,0.10004,0.89335
14356545,2,2,0.0012,0.00668,0.99212
29618991,2,2,0.00128,0.00668,0.99204
29551645,2,2,0.00145,0.00679,0.99177
13282661,2,2,0.00149,0.00609,0.99242
30888082,2,2,0.00628,0.02521,0.96851
10621681,2,2,0.00486,0.06827,0.92687
5285685,0,0,0.95174,0.04642,0.00184
24168168,2,2,0.00378,0.02806,0.96816
32450625,2,2,0.01863,0.12506,0.85631
30731046,2,2,0.00316,0.05049,0.94636
13629244,2,2,0.00265,0.02427,0.97309
22035334,2,2,0.00179,0.01199,0.98623
19694562,2,2,0.00385,0.00938,0.98678
13781264,2,2,0.00245,0.00744,0.9901
24457087,0,0,0.98152,0.01689,0.0016
39789065,0,0,0.84895,0.14299,0.00807
34585778,2,2,0.00208,0.01475,0.98316
38729947,0,0,0.50431,0.47747,0.01823
11177403,2,2,0.01546,0.27939,0.70515
16967780,2,1,0.16853,0.49826,0.33321
10274006,0,0,0.92202,0.07495,0.00303
4705118,2,2,0.00132,0.00559,0.99309
40545515,0,0,0.51648,0.45937,0.02416
25313336,0,0,0.91506,0.08153,0.0034
18220453,2,2,0.00124,0.00658,0.99218
5831459,2,2,0.00273,0.00889,0.98838
32349551,0,0,0.98593,0.01198,0.00209
7997267,2,2,0.0016,0.01285,0.98555
3569000,2,1,0.08587,0.68876,0.22536
4140511,2,2,0.00864,0.02304,0.96832
3264226,2,2,0.00485,0.04184,0.95331
14116610,2,2,0.12163,0.38204,0.49633
10066527,1,1,0.19932,0.74966,0.05102
26208213,0,0,0.97227,0.02594,0.00179
31736355,2,2,0.03517,0.11266,0.85217
38281965,2,2,0.00136,0.00739,0.99125
17321458,2,2,0.00192,0.00471,0.99337
104875,0,0,0.91771,0.07848,0.00381
10558996,2,2,0.00617,0.01937,0.97446
34178054,2,2,0.00224,0.00711,0.99066
22830578,0,1,0.09587,0.86961,0.03452
36020272,0,0,0.96897,0.0293,0.00173
18872631,2,2,0.00322,0.03098,0.96579
6144359,2,2,0.00142,0.00784,0.99074
10888293,2,2,0.00366,0.02871,0.96763
14603288,2,2,0.00193,0.01275,0.98532
40762943,0,0,0.83148,0.16373,0.00479
19652497,2,2,0.0023,0.01184,0.98586
19922874,2,2,0.01309,0.23203,0.75488
39908316,0,0,0.88954,0.105,0.00546
6170751,2,2,0.01301,0.18236,0.80463
19811793,2,2,0.00223,0.02711,0.97067
17555229,2,2,0.00135,0.0108,0.98784
40079040,2,2,0.17159,0.28947,0.53895
16765691,2,2,0.00125,0.0079,0.99085
14358807,2,2,0.00111,0.00711,0.99178
14329440,2,2,0.0036,0.01462,0.98178
6312605,1,1,0.09813,0.49832,0.40355
8128748,0,1,0.20569,0.76422,0.0301
9955395,2,1,0.07627,0.47088,0.45284
18949356,2,2,0.0012,0.0049,0.9939
21106769,0,0,0.71911,0.26871,0.01218
10154083,2,2,0.00665,0.08069,0.91266
24534359,2,2,0.00494,0.0244,0.97067
2284963,2,2,0.01141,0.42146,0.56713
8579494,2,2,0.00287,0.02147,0.97566
10631128,2,2,0.00129,0.0094,0.98931
1195889,2,2,0.00298,0.0295,0.96751
34982167,2,2,0.01349,0.04113,0.94538
13631766,2,2,0.00461,0.03141,0.96398
21760752,0,0,0.926,0.07071,0.00329
20385926,2,2,0.00262,0.03599,0.96139
25231251,0,0,0.96618,0.03209,0.00173
12121397,0,0,0.84999,0.14428,0.00573
12481652,2,2,0.006,0.02382,0.97018
5318776,2,2,0.00346,0.02129,0.97524
8064572,2,2,0.00156,0.01127,0.98717
20945320,2,2,0.0025,0.02083,0.97667
15536817,2,2,0.00515,0.10124,0.89361
20608641,2,2,0.00116,0.00676,0.99208
23927159,2,2,0.18647,0.10635,0.70718
37108826,2,2,0.00244,0.01255,0.98501
20138904,1,0,0.58891,0.39848,0.01261
15044291,2,2,0.00119,0.01024,0.98857
40994018,2,2,0.00132,0.00471,0.99397
4479754,2,2,0.00225,0.03179,0.96596
10440857,1,1,0.46995,0.48867,0.04139
21180749,2,1,0.0897,0.70829,0.20201
28388237,2,2,0.00219,0.01425,0.98356
24437763,0,1,0.06575,0.66931,0.26494
2796808,2,1,0.28445,0.6904,0.02515
717138,2,0,0.59413,0.3821,0.02377
30406149,2,2,0.01618,0.18587,0.79796
11480368,2,1,0.02504,0.70367,0.27129
4697726,2,2,0.00163,0.00958,0.98879
22586577,2,2,0.00158,0.01019,0.98823
29794598,0,1,0.13853,0.80578,0.0557
14280678,2,2,0.00491,0.05908,0.93601
18563031,0,0,0.82172,0.16957,0.00871
13474412,2,2,0.00292,0.0506,0.94648
38755992,0,0,0.9652,0.03318,0.00162
30449823,1,2,0.00943,0.16781,0.82276
18150948,2,1,0.11308,0.54799,0.33893
23962001,0,0,0.98455,0.0133,0.00215
5668538,2,2,0.00118,0.00577,0.99305
29668889,2,2,0.00204,0.00663,0.99134
9580439,2,2,0.00171,0.0111,0.9872
2415205,2,2,0.00209,0.01403,0.98388
32914427,2,2,0.00234,0.02404,0.97362
11976133,2,2,0.006,0.03072,0.96327
9224348,2,2,0.00127,0.00793,0.9908
27566155,2,2,0.01849,0.42408,0.55744
35426470,2,1,0.03067,0.81616,0.15317
3901415,2,1,0.08592,0.86773,0.04635
40569639,2,2,0.00703,0.04278,0.95019
6738821,2,2,0.00309,0.01104,0.98587
22128914,2,2,0.00138,0.00482,0.9938
35672823,1,1,0.14649,0.75419,0.09932
34909264,2,2,0.00135,0.00981,0.98884
7769333,2,2,0.00242,0.01952,0.97805
19168973,2,2,0.00154,0.00847,0.99
40459238,2,2,0.00136,0.00633,0.99231
28098104,2,2,0.00111,0.00604,0.99285
36897275,0,0,0.69496,0.28857,0.01647
13824437,2,2,0.00422,0.04142,0.95436
19687386,1,1,0.13582,0.83686,0.02732
30878908,2,2,0.00124,0.00609,0.99267
6868821,2,2,0.02005,0.33646,0.64349
23264353,2,2,0.00272,0.01254,0.98473
17912010,2,1,0.24997,0.52508,0.22495
2325817,2,2,0.00453,0.06271,0.93277
11880954,1,1,0.39073,0.55534,0.05392
9950666,2,2,0.02247,0.05874,0.91879
20093907,1,1,0.33504,0.64329,0.02167
17558177,2,2,0.00128,0.00663,0.99209
650526,2,2,0.02697,0.32981,0.64322
30062791,0,0,0.88976,0.10503,0.00521
39979502,0,0,0.66965,0.30899,0.02136
17893270,0,0,0.87143,0.12003,0.00854
6640834,2,2,0.00193,0.01131,0.98676
21882592,2,2,0.03471,0.24044,0.72486
24529161,2,2,0.00219,0.01171,0.9861
38062856,2,2,0.00113,0.0053,0.99358
33264340,2,2,0.00193,0.01612,0.98195
40923947,0,0,0.96687,0.03117,0.00196
9817494,2,2,0.00142,0.00586,0.99272
29033765,2,2,0.00116,0.00894,0.9899
10051670,1,2,0.02085,0.30998,0.66917
17002687,0,0,0.65086,0.33635,0.01279
28954034,2,2,0.00151,0.01019,0.9883
21754101,2,2,0.01003,0.1146,0.87537
40073683,2,2,0.17159,0.28947,0.53895
26200316,0,0,0.91919,0.07769,0.00311
23931235,2,2,0.00164,0.00793,0.99044
5212242,2,1,0.02275,0.56435,0.41289
13005021,2,2,0.00288,0.01766,0.97946
3976360,2,2,0.00147,0.00771,0.99082
22605034,2,2,0.00161,0.0089,0.98949
7019440,2,2,0.00743,0.16012,0.83245
28958189,2,2,0.00299,0.01288,0.98413
17913034,2,1,0.03563,0.57064,0.39373
35197879,2,2,0.00138,0.00717,0.99145
661390,2,2,0.00261,0.00738,0.99
9184931,2,2,0.00445,0.02016,0.97539
19203581,2,2,0.00178,0.01663,0.98159
27867770,2,2,0.01741,0.37821,0.60438
1495756,0,0,0.97803,0.01784,0.00412
9001827,2,2,0.0088,0.13472,0.85648
1295633,2,2,0.00131,0.00873,0.98995
26486009,2,2,0.00116,0.00703,0.99181
19558148,0,0,0.92276,0.0737,0.00354
19666934,2,2,0.00234,0.00943,0.98824
27885600,2,2,0.00172,0.02216,0.97612
19267459,2,2,0.00127,0.00815,0.99058
12852648,2,2,0.00144,0.01068,0.98788
24148658,2,2,0.06861,0.29055,0.64084
13241811,2,2,0.00157,0.01635,0.98208
9199593,0,0,0.78536,0.20729,0.00735
19617374,2,2,0.00177,0.00751,0.99073
30082966,2,2,0.00194,0.00792,0.99014
2368164,2,2,0.0179,0.0785,0.90361
12853369,2,2,0.00109,0.006,0.99291
2573372,0,0,0.9717,0.02646,0.00185
19922730,0,0,0.80795,0.18528,0.00678
36378227,2,2,0.00412,0.01934,0.97654
8921918,2,2,0.00201,0.00673,0.99126
26381847,2,1,0.12848,0.5243,0.34722
10527505,2,2,0.00135,0.01261,0.98604
26449618,2,2,0.00476,0.014,0.98124
23196968,0,1,0.23019,0.74889,0.02092
40798577,2,2,0.0014,0.00623,0.99237
39612431,2,2,0.00222,0.01309,0.98469
6518427,2,2,0.00122,0.00811,0.99067
13629506,2,2,0.00601,0.07305,0.92093
32663371,2,2,0.00848,0.14008,0.85144
32541221,2,2,0.00118,0.00638,0.99244
6403715,1,1,0.05042,0.88682,0.06275
19150589,2,2,0.00142,0.00973,0.98885
14665449,2,2,0.00131,0.00784,0.99085
11700809,2,2,0.01011,0.07967,0.91022
24151175,1,0,0.92058,0.07542,0.004
9352194,0,0,0.98298,0.0154,0.00162
22541778,2,2,0.00149,0.0084,0.99011
26609226,2,2,0.00126,0.00643,0.99231
29657705,0,0,0.95978,0.03834,0.00188
1724775,2,2,0.00656,0.09364,0.8998
15938373,1,0,0.95094,0.04663,0.00243
25812483,2,2,0.00342,0.03335,0.96323
20802012,1,1,0.14396,0.79905,0.05699
20638497,0,0,0.98532,0.01305,0.00163
22604578,2,2,0.01186,0.13006,0.85808
37917751,2,2,0.0014,0.00863,0.98997
5756430,2,0,0.71485,0.26712,0.01804
40553133,2,2,0.00144,0.00977,0.98879
6833671,2,2,0.00193,0.01217,0.9859
29578752,2,2,0.00194,0.00853,0.98953
11519131,2,2,0.00142,0.00653,0.99205
23314074,2,2,0.01987,0.2852,0.69493
2041412,2,2,0.00269,0.02579,0.97152
20900803,0,0,0.57906,0.40425,0.01669
20620342,2,2,0.0037,0.03337,0.96293
39659732,2,2,0.00515,0.02911,0.96575
19830297,2,2,0.00179,0.01203,0.98618
14845132,2,2,0.00113,0.00577,0.9931
9190335,2,2,0.00144,0.00908,0.98948
702328,2,2,0.24938,0.34186,0.40876
6856715,2,2,0.00135,0.01158,0.98707
37931871,0,0,0.97649,0.02213,0.00138
27566715,2,2,0.0018,0.00808,0.99013
34169623,0,0,0.9669,0.03117,0.00193
3654906,2,2,0.00127,0.00831,0.99042
21073174,0,0,0.98257,0.01504,0.0024
11368390,2,2,0.00123,0.01181,0.98696
17644247,2,2,0.26656,0.20872,0.52472
26058947,2,2,0.00198,0.0201,0.97792
13074867,2,2,0.00286,0.02613,0.97101
32103577,1,0,0.63119,0.34722,0.0216
26148784,1,1,0.42129,0.5625,0.01621
32685017,1,1,0.25722,0.69648,0.0463
8420580,1,2,0.00127,0.0104,0.98833
38381054,0,0,0.93925,0.05842,0.00233
23588660,2,2,0.00151,0.01167,0.98682
31181949,2,2,0.00639,0.02283,0.97078
40531953,0,0,0.90388,0.0918,0.00432
16033076,2,2,0.14394,0.20082,0.65525
16217843,2,2,0.00884,0.11754,0.87362
35935928,2,1,0.17443,0.61122,0.21435
1878187,1,1,0.1831,0.78686,0.03004
5357477,2,2,0.02159,0.06767,0.91074
18514759,0,0,0.87104,0.1221,0.00686
90441,0,0,0.93906,0.0583,0.00264
41068186,1,1,0.44809,0.51776,0.03415
25780805,2,2,0.00174,0.00821,0.99005
18521620,2,2,0.00118,0.00684,0.99198
5643885,2,2,0.00247,0.03291,0.96462
31043574,2,2,0.00129,0.00887,0.98984
19316841,2,2,0.00154,0.00805,0.99041
17539981,2,2,0.00149,0.00883,0.98968
25376567,2,2,0.00116,0.00698,0.99186
38341398,1,1,0.0435,0.89443,0.06207
8094650,2,2,0.00128,0.00687,0.99186
32228571,0,0,0.79796,0.19555,0.00649
4182856,1,0,0.80389,0.19094,0.00517
17936413,2,2,0.00134,0.00766,0.99101
30510492,2,2,0.00146,0.01295,0.98559
10551001,2,2,0.0017,0.01499,0.98331
16037413,0,0,0.98369,0.01488,0.00143
28440835,2,2,0.01492,0.20762,0.77746
11263615,0,2,0.01005,0.03479,0.95516
25915365,0,0,0.8003,0.19233,0.00737
37709153,2,2,0.00219,0.01355,0.98426
25639350,2,2,0.00109,0.00763,0.99128
10221436,2,1,0.16869,0.80713,0.02418
26614190,2,2,0.00511,0.02184,0.97306
9296842,2,2,0.00563,0.01795,0.97642
35353705,0,0,0.95791,0.0394,0.00269
17739775,0,1,0.46882,0.5109,0.02028
7037712,1,0,0.58407,0.40142,0.01451
18850253,0,0,0.76724,0.20771,0.02505
26643454,1,0,0.68955,0.30007,0.01039
30964183,0,0,0.98348,0.01488,0.00165
21122399,2,2,0.00171,0.00873,0.98956
24033598,2,2,0.0017,0.01482,0.98348
25848427,2,2,0.00118,0.0079,0.99092
11099501,0,0,0.98693,0.01059,0.00248
41416764,2,2,0.0024,0.0134,0.9842
712642,2,2,0.0013,0.00663,0.99207
9109929,0,0,0.95494,0.03965,0.00542
2330642,2,2,0.00227,0.00811,0.98963
16549984,2,2,0.00114,0.0072,0.99166
22893818,2,2,0.00266,0.01989,0.97745
18349715,2,2,0.00552,0.05208,0.9424
33205621,2,0,0.60283,0.3802,0.01697
24971834,2,2,0.00498,0.03029,0.96472
31443994,2,2,0.00109,0.00623,0.99267
24711268,2,2,0.00242,0.02165,0.97594
6620019,2,2,0.0013,0.00714,0.99156
39358524,0,0,0.9556,0.04131,0.00309
14590310,0,1,0.04359,0.69809,0.25832
6882980,2,1,0.05059,0.8164,0.13301
36052997,2,2,0.00153,0.01162,0.98684
39914555,0,0,0.98536,0.00951,0.00513
7196051,2,1,0.27494,0.48466,0.24039
14812271,0,0,0.68943,0.30119,0.00938
19104389,2,2,0.00487,0.08127,0.91386
38779822,0,1,0.41923,0.55974,0.02104
41064207,2,2,0.11268,0.10361,0.78371
11003871,2,2,0.03801,0.33881,0.62317
30256590,2,2,0.01566,0.30254,0.68179
17498441,2,2,0.0015,0.01537,0.98313
23436380,2,2,0.00138,0.00604,0.99258
2811524,2,2,0.00491,0.05856,0.93652
5131857,2,2,0.00226,0.02522,0.97252
37564309,1,1,0.24025,0.70614,0.05361
41600141,1,0,0.76093,0.20641,0.03266
36511639,2,2,0.00184,0.01356,0.9846
37860798,0,0,0.96241,0.03573,0.00186
39999098,0,0,0.9778,0.02077,0.00142
239128,2,2,0.00116,0.00546,0.99337
3780544,2,2,0.00125,0.00778,0.99097
38080156,2,2,0.00317,0.04534,0.95149
15529722,2,1,0.03635,0.62939,0.33426
1111295,2,2,0.00175,0.01972,0.97853
37712055,2,0,0.44734,0.24203,0.31062
21382982,0,0,0.92825,0.0687,0.00305
7887690,2,2,0.00317,0.03023,0.96659
36632656,2,2,0.03694,0.19165,0.77142
254169,1,2,0.10306,0.16745,0.72949
40122140,2,2,0.0019,0.01246,0.98564
39782974,0,0,0.92538,0.07206,0.00256
4198149,2,2,0.00111,0.00717,0.99172
15297844,2,2,0.00147,0.00464,0.99389
12706099,1,0,0.57252,0.4156,0.01188
19344045,2,2,0.00125,0.00958,0.98916
244487,2,2,0.00126,0.00609,0.99265
10849031,2,2,0.00602,0.02029,0.97369
33456686,2,2,0.00172,0.02061,0.97767
29774282,2,2,0.00243,0.01815,0.97942
22856835,2,2,0.01981,0.17013,0.81006
33858721,2,2,0.00124,0.00772,0.99105
16459750,2,2,0.00126,0.00525,0.99349
18979281,2,2,0.0066,0.14224,0.85116
6020219,2,2,0.02334,0.14738,0.82928
1748333,0,0,0.97351,0.02483,0.00166
27494042,2,2,0.00114,0.00638,0.99247
22821774,0,0,0.66325,0.31576,0.02099
20306258,0,1,0.44392,0.53547,0.0206
20281863,1,1,0.33096,0.65307,0.01597
4174029,2,2,0.00164,0.00643,0.99193
41341152,0,2,0.00228,0.01801,0.9797
14388126,0,0,0.50997,0.46797,0.02206
28484011,1,0,0.87281,0.11998,0.00721
21789590,2,2,0.01179,0.08766,0.90056
34324292,2,2,0.03,0.12023,0.84977
11972291,0,0,0.70692,0.28119,0.01188
11025607,2,1,0.22438,0.72361,0.05201
23024540,0,0,0.87781,0.11559,0.0066
12158855,2,2,0.00136,0.00719,0.99145
31124236,0,0,0.86226,0.12942,0.00832
31782815,2,2,0.02248,0.46587,0.51165
28121111,1,2,0.00982,0.25727,0.73291
31496741,2,2,0.00106,0.00586,0.99308
8797934,2,2,0.00113,0.00513,0.99374
10252464,2,2,0.00156,0.00947,0.98897
6212542,2,2,0.00166,0.01023,0.98811
8958632,2,2,0.00138,0.00628,0.99234
31191486,2,0,0.79767,0.19095,0.01138
7762621,2,2,0.00147,0.00847,0.99007
12115031,0,0,0.86669,0.12832,0.00499
16131987,2,2,0.00233,0.02867,0.969
39238283,1,1,0.16687,0.80944,0.02369
29569960,2,2,0.0041,0.0246,0.9713
6876137,2,2,0.00169,0.00799,0.99033
9230575,2,2,0.01573,0.35106,0.63321
13116301,2,2,0.00333,0.02786,0.9688
29559618,2,2,0.0026,0.04151,0.95588
14392492,0,0,0.8855,0.1104,0.0041
21239160,2,2,0.00124,0.00658,0.99218
13089491,2,2,0.00139,0.01194,0.98666
29215521,2,2,0.00263,0.03025,0.96712
27697680,2,2,0.00124,0.006,0.99277
17105958,2,2,0.00587,0.01493,0.97921
23096123,2,2,0.00299,0.0117,0.98531
37396774,2,2,0.00225,0.01605,0.98169
12935621,2,2,0.02479,0.4326,0.54261
26916335,2,2,0.00114,0.00559,0.99326
16235537,2,2,0.0015,0.01377,0.98472
40081988,0,0,0.98472,0.0132,0.00209
11606295,2,2,0.00218,0.01795,0.97988
35463627,2,2,0.00118,0.00703,0.99179
17065457,0,0,0.84403,0.15133,0.00464
7708577,0,0,0.9802,0.01824,0.00157
21154021,0,0,0.77378,0.20624,0.01999
11738439,2,2,0.00123,0.00824,0.99052
27401466,2,2,0.03584,0.39911,0.56504
12834169,2,2,0.00135,0.00897,0.98967
7197697,0,0,0.96065,0.03708,0.00227
29672068,0,0,0.93307,0.06387,0.00306
14156872,0,0,0.92482,0.07076,0.00442
2401682,2,2,0.00288,0.01807,0.97905
6369830,2,2,0.00139,0.01208,0.98652
3266611,2,2,0.00266,0.0338,0.96353
35370806,0,0,0.63236,0.35334,0.0143
40586198,0,0,0.98065,0.01796,0.00139
11288954,2,2,0.00186,0.00604,0.9921
22830708,1,1,0.31045,0.56051,0.12904
2968179,0,0,0.88146,0.10672,0.01181
39746238,0,0,0.96538,0.03295,0.00167
12579303,2,2,0.00144,0.00736,0.99119
39230698,2,2,0.00106,0.00555,0.99339
9121420,2,2,0.00106,0.00636,0.99258
8671784,2,2,0.00248,0.02839,0.96913
240057,2,2,0.00374,0.02081,0.97545
15443753,2,2,0.00124,0.00668,0.99208
12871577,2,2,0.0045,0.06749,0.92801
7453464,0,0,0.55172,0.41161,0.03668
23845499,1,0,0.49987,0.48829,0.01185
20390573,0,1,0.25583,0.61521,0.12896
19646104,0,0,0.97379,0.02414,0.00206
10307868,2,2,0.00182,0.01246,0.98573
15805818,2,2,0.00876,0.03974,0.9515
11559138,0,0,0.80241,0.18985,0.00774
28769241,0,0,0.59883,0.37182,0.02935
18872873,2,2,0.00118,0.00827,0.99055
12884270,2,2,0.00146,0.00944,0.9891
34095919,2,2,0.00923,0.02651,0.96425
10796278,2,2,0.00242,0.02279,0.97479
2542196,2,0,0.45138,0.21742,0.3312
23759587,0,0,0.98522,0.0131,0.00168
36881097,2,2,0.00216,0.01184,0.986
36199227,2,2,0.01547,0.07119,0.91334
2196649,2,2,0.00146,0.01227,0.98627
6991728,2,2,0.0016,0.01448,0.98392
37705842,2,2,0.00209,0.01184,0.98607
15792165,2,2,0.00291,0.02445,0.97265
13346530,2,2,0.00129,0.00918,0.98952
10869713,2,2,0.0076,0.03521,0.95719
32976316,2,2,0.00112,0.00763,0.99125
14445648,0,0,0.97163,0.02679,0.00158
33945824,2,2,0.00165,0.0126,0.98574
40146268,2,2,0.00109,0.00623,0.99267
31259597,2,2,0.00203,0.02559,0.97238
39625849,0,0,0.8414,0.15085,0.00775
26645550,2,2,0.00153,0.01256,0.98591
10676145,2,2,0.00387,0.01876,0.97737
32207220,0,0,0.97217,0.02603,0.00179
35562742,2,2,0.00225,0.01481,0.98294
14592698,0,0,0.93456,0.06273,0.00271
32299697,2,2,0.01376,0.04407,0.94218
259239,2,2,0.00179,0.01015,0.98806
28596638,2,2,0.00185,0.00846,0.98969
36105585,2,2,0.00172,0.01708,0.98119
3333695,0,1,0.33522,0.64616,0.01862
6906817,0,0,0.97248,0.02581,0.00171
26086967,0,0,0.97612,0.02234,0.00154
18166058,2,2,0.01225,0.12891,0.85884
36383776,0,0,0.88081,0.11352,0.00566
4054289,2,0,0.82884,0.16005,0.01111
6491391,2,2,0.00128,0.0072,0.99153
12971279,2,2,0.00154,0.00759,0.99087
14671457,0,0,0.62594,0.35945,0.01461
16252359,2,1,0.32078,0.66077,0.01845
37965588,2,2,0.00122,0.00695,0.99183
41127378,2,2,0.00538,0.10428,0.89034
34460627,2,2,0.00602,0.1001,0.89388
4870377,0,0,0.96526,0.03293,0.00181
8366388,2,2,0.00184,0.01366,0.98449
27122638,0,0,0.79736,0.19162,0.01102
28639133,2,2,0.0027,0.02103,0.97627
20017620,2,2,0.00303,0.01463,0.98234
29851130,2,2,0.00133,0.00973,0.98893
24284675,2,2,0.00149,0.00722,0.99129
11000622,2,2,0.00304,0.00994,0.98701
33365867,2,2,0.00127,0.00955,0.98918
24605632,2,2,0.06912,0.39774,0.53314
11832755,2,2,0.00133,0.01145,0.98722
19878874,2,2,0.00148,0.01261,0.98591
12246799,2,2,0.00155,0.01341,0.98504
4038653,2,2,0.00189,0.01848,0.97963
29311706,0,0,0.68007,0.30894,0.01099
40128100,1,0,0.50695,0.47624,0.01681
18901097,2,2,0.00295,0.05459,0.94246
12734387,0,2,0.01118,0.03595,0.95287
34730159,2,2,0.00181,0.01705,0.98115
24846371,0,1,0.06692,0.57134,0.36175
36868882,0,0,0.50452,0.47767,0.01781
31634056,2,2,0.02309,0.10373,0.87318
3438957,2,2,0.00154,0.00725,0.99121
37248382,2,2,0.00104,0.00614,0.99282
9121501,0,0,0.97184,0.02442,0.00373
23064182,0,0,0.91729,0.07853,0.00418
40608784,2,2,0.0026,0.01152,0.98588
32109,2,2,0.00253,0.02219,0.97528
23587181,1,1,0.03379,0.83163,0.13457
28732454,2,2,0.00175,0.01789,0.98036
24469769,2,2,0.00137,0.01035,0.98827
10549052,2,2,0.00168,0.00992,0.9884
695653,2,2,0.00125,0.01016,0.98859
6090270,2,2,0.04591,0.05691,0.89718
31906032,2,2,0.03161,0.42958,0.53881
11390825,2,2,0.00194,0.02166,0.9764
16895737,1,1,0.17695,0.77503,0.04802
31904182,2,2,0.00249,0.03717,0.96033
8035728,2,2,0.00192,0.00572,0.99236
38414535,2,2,0.00169,0.0059,0.99241
31456974,2,2,0.00231,0.01897,0.97871
15835236,2,2,0.00884,0.11754,0.87362
11835666,2,2,0.00111,0.00711,0.99178
4227829,2,2,0.03584,0.16735,0.79681
4702750,2,2,0.00155,0.01236,0.98608
2952989,2,2,0.00293,0.01706,0.98001
26984265,2,1,0.14534,0.62397,0.2307
28351331,2,2,0.0025,0.02177,0.97574
754185,1,1,0.26529,0.52534,0.20937
19236341,0,0,0.58122,0.40894,0.00985
3672479,1,1,0.12475,0.81349,0.06176
35650710,2,0,0.73777,0.19143,0.0708
41116517,0,0,0.98023,0.01799,0.00178
21118044,0,0,0.5303,0.42945,0.04026
25848147,2,2,0.0023,0.0103,0.9874
35219126,2,0,0.93961,0.05679,0.00361
3215708,2,2,0.00222,0.01504,0.98274
16697668,2,2,0.00227,0.02423,0.9735
17034250,2,1,0.06252,0.81388,0.1236
22295533,2,2,0.00221,0.02021,0.97758
38566507,0,0,0.77221,0.21866,0.00913
17896442,2,2,0.13685,0.20384,0.6593
12061309,2,2,0.00552,0.01459,0.97989
5332009,2,2,0.00134,0.00751,0.99116
34467103,0,0,0.92102,0.0756,0.00337
39926462,0,1,0.15537,0.81647,0.02816
26495225,2,2,0.00249,0.01011,0.98741
17193989,2,2,0.00142,0.01004,0.98854
7350135,2,2,0.0051,0.0952,0.8997
29658833,2,2,0.00147,0.00757,0.99097
14352712,0,0,0.82236,0.1661,0.01155
17260057,0,0,0.53618,0.45151,0.01232
32159886,2,2,0.00129,0.01093,0.98778
26347816,1,1,0.034,0.80476,0.16124
26722090,1,1,0.10119,0.85391,0.0449
16885745,2,2,0.00689,0.04671,0.9464
24376976,2,2,0.00178,0.01505,0.98317
22763958,0,0,0.86969,0.12335,0.00696
16722465,2,2,0.00461,0.08984,0.90556
15916065,0,1,0.41896,0.56819,0.01285
34304932,1,1,0.02501,0.69207,0.28292
38057488,0,0,0.95931,0.03862,0.00207
4646157,2,2,0.00298,0.01486,0.98216
40506451,2,2,0.00116,0.0059,0.99293
40537993,2,2,0.19958,0.22178,0.57864
27055829,1,1,0.10075,0.81441,0.08484
19054753,2,2,0.00909,0.1975,0.79341
760781,2,2,0.00124,0.00623,0.99253
37715542,2,2,0.00176,0.01227,0.98597
20037930,2,2,0.00136,0.00742,0.99122
16590034,2,2,0.04311,0.4635,0.49339
16705780,2,2,0.00138,0.00734,0.99129
40242406,2,2,0.00166,0.01059,0.98775
9066545,0,0,0.95455,0.04293,0.00252
26175223,2,2,0.00176,0.01315,0.98509
29644271,2,2,0.00181,0.01688,0.98131
28925757,2,2,0.00423,0.05419,0.94158
29867528,2,2,0.00185,0.01114,0.98702
35916039,1,0,0.47298,0.41335,0.11367
16351044,2,2,0.00855,0.07769,0.91376
23719406,2,2,0.0012,0.00509,0.99371
36335466,2,2,0.0027,0.02079,0.97651
12508442,2,2,0.01632,0.05729,0.92639
34110880,2,2,0.01275,0.31757,0.66968
19000986,2,1,0.03135,0.84083,0.12782
1655003,1,2,0.00266,0.01974,0.9776
1891083,2,2,0.00159,0.00538,0.99303
12847710,2,2,0.01505,0.1631,0.82185
17055492,2,2,0.00144,0.01097,0.98759
12498809,2,2,0.00128,0.00581,0.99291
35548053,0,0,0.97784,0.02033,0.00183
22296427,2,2,0.00309,0.02467,0.97223
38605730,2,2,0.00174,0.0089,0.98936
28389526,2,2,0.00114,0.00604,0.99281
23903791,2,2,0.00323,0.01429,0.98248
40315923,0,0,0.98024,0.01817,0.00159
34583139,1,1,0.05503,0.88819,0.05678
24494622,0,0,0.94132,0.05604,0.00264
12165752,0,0,0.52364,0.46574,0.01062
11128264,2,2,0.00213,0.00663,0.99124
23146906,2,2,0.00144,0.01097,0.98759
1699075,0,2,0.17159,0.28947,0.53895
12258498,2,2,0.00118,0.00525,0.99356
37003231,0,0,0.95867,0.03936,0.00197
10690526,2,2,0.00149,0.0079,0.99062
17193745,0,1,0.05464,0.69759,0.24777
37388076,0,1,0.13959,0.70889,0.15152
20725723,2,1,0.14781,0.79669,0.0555
23473673,0,0,0.98494,0.01225,0.00281
3067398,2,2,0.00199,0.01325,0.98476
39629345,2,2,0.00129,0.00981,0.9889
26177479,2,2,0.17159,0.28947,0.53895
39206325,2,2,0.17159,0.28947,0.53895
36499907,2,1,0.10462,0.77306,0.12232
2730722,2,2,0.00123,0.00908,0.98969
5506483,2,2,0.00154,0.00818,0.99029
19284986,2,2,0.00143,0.0141,0.98447
24930517,2,1,0.27189,0.60675,0.12136
38400560,0,1,0.13213,0.81495,0.05292
22291621,2,2,0.00115,0.00555,0.99331
6131257,1,0,0.60948,0.38141,0.00911
36080785,2,1,0.04884,0.71215,0.23901
24436902,2,2,0.00114,0.00679,0.99207
4252220,2,1,0.13104,0.69739,0.17157
35384676,2,2,0.00297,0.04775,0.94928
32789859,1,1,0.28122,0.69332,0.02545
1036141,1,1,0.03777,0.88005,0.08218
21418893,2,2,0.00708,0.10855,0.88437
39593001,2,2,0.00163,0.0089,0.98946
16016455,2,0,0.40594,0.31777,0.27629
37131548,1,1,0.04552,0.75792,0.19656
37505693,2,2,0.00196,0.01231,0.98572
5918638,2,2,0.00372,0.01187,0.98441
1337169,0,1,0.36421,0.59814,0.03765
29125585,2,2,0.00908,0.02786,0.96306
5669245,0,0,0.92557,0.07109,0.00334
3147588,2,2,0.00122,0.0072,0.99159
10499548,0,0,0.65465,0.33698,0.00837
22569070,2,2,0.00109,0.0053,0.99361
25536530,2,2,0.00144,0.00958,0.98898
6627550,2,2,0.00118,0.0053,0.99352
41175580,0,0,0.97034,0.02791,0.00176
37760328,2,2,0.00208,0.01826,0.97966
22991514,2,2,0.00467,0.01797,0.97736
24347404,2,2,0.00185,0.01135,0.9868
40527128,0,0,0.60572,0.22965,0.16463
26629185,2,2,0.00397,0.02346,0.97256
40970752,2,2,0.00142,0.01019,0.98839
12363044,2,2,0.00177,0.00739,0.99084
22782984,0,0,0.98431,0.01393,0.00176
27795042,2,2,0.00243,0.03175,0.96582
16496940,2,2,0.0027,0.02197,0.97533
16668467,2,2,0.00206,0.00969,0.98825
8667370,2,2,0.008,0.08167,0.91033
5329738,2,2,0.00111,0.00577,0.99312
22787246,2,2,0.00153,0.00904,0.98942
12448753,2,2,0.00151,0.01118,0.98731
18669117,2,2,0.00114,0.0069,0.99196
6479113,2,2,0.00537,0.0771,0.91753
26119008,2,2,0.008,0.09576,0.89624
25926053,2,2,0.0027,0.02039,0.9769
35256219,2,2,0.00191,0.02246,0.97563
7357831,2,2,0.00136,0.00618,0.99246
8101526,2,2,0.00126,0.00643,0.99231
23494812,0,1,0.48391,0.49927,0.01682
4203530,2,2,0.00436,0.03833,0.9573
17636614,0,0,0.69343,0.29824,0.00833
25261639,2,2,0.02034,0.09437,0.88529
20237376,0,0,0.91993,0.0767,0.00337
39638667,2,2,0.01511,0.04287,0.94202
24139878,2,2,0.00153,0.00992,0.98855
40878824,2,2,0.00153,0.01232,0.98615
10847799,1,0,0.56513,0.41024,0.02464
29894265,2,2,0.0019,0.0128,0.9853
26552329,2,2,0.00299,0.01402,0.98299
29242497,0,0,0.92913,0.06757,0.0033
8991132,0,0,0.87639,0.11814,0.00546
9935238,2,2,0.00152,0.00614,0.99235
35498734,2,2,0.0014,0.00695,0.99165
41475867,0,2,0.25963,0.08765,0.65272
41465299,0,0,0.98721,0.01006,0.00273
12602681,2,2,0.07053,0.15925,0.77022
8423396,2,2,0.00195,0.01819,0.97985
23024085,2,2,0.00682,0.12678,0.86639
33874062,0,0,0.91625,0.07944,0.00431
16463989,2,2,0.00207,0.00863,0.98931
18641340,2,2,0.02304,0.32434,0.65262
26719459,0,1,0.44262,0.54656,0.01082
25013053,2,2,0.00242,0.00739,0.9902
37002480,0,0,0.93673,0.06047,0.0028
4775486,2,2,0.00221,0.0193,0.97849
22568043,2,2,0.00687,0.19856,0.79457
15641232,0,0,0.8326,0.15553,0.01188
40397361,2,2,0.00225,0.01464,0.98311
13665368,1,1,0.12404,0.70274,0.17322
12809298,0,0,0.9085,0.08736,0.00414
23300564,0,0,0.95309,0.04495,0.00196
6473698,2,2,0.00178,0.01711,0.98111
8522785,2,2,0.00372,0.04293,0.95335
36522748,2,2,0.00153,0.00954,0.98892
11985324,2,2,0.00165,0.0142,0.98415
26685852,1,2,0.0238,0.39948,0.57672
6341553,2,2,0.00149,0.01047,0.98804
20062428,2,2,0.00464,0.05511,0.94025
33970883,2,2,0.00431,0.0344,0.96128
5113986,1,0,0.81136,0.17963,0.00901
28529718,2,2,0.00158,0.01072,0.9877
39538692,2,1,0.42208,0.53564,0.04228
6330702,2,2,0.00256,0.01334,0.9841
33405707,2,2,0.00131,0.0094,0.98929
24688797,2,2,0.00151,0.00774,0.99074
17595036,2,2,0.00127,0.00834,0.99039
32377296,2,2,0.04047,0.10104,0.85849
37512499,2,2,0.00656,0.09364,0.8998
26911305,2,2,0.00153,0.01204,0.98643
34056633,2,2,0.00335,0.03809,0.95856
32364098,2,2,0.00741,0.02246,0.97013
8950726,0,0,0.87672,0.11958,0.0037
2050039,2,2,0.00208,0.01631,0.98161
16938374,2,2,0.00364,0.01905,0.97731
34008855,2,2,0.00122,0.00787,0.99092
16161390,1,1,0.19766,0.75918,0.04317
33674150,1,1,0.24434,0.71677,0.03889
8872954,2,2,0.00124,0.00572,0.99304
37958009,1,0,0.97508,0.02316,0.00177
14724023,2,2,0.00719,0.09466,0.89815
5297823,2,2,0.00273,0.0255,0.97178
38320235,2,2,0.01161,0.0658,0.92259
26564799,1,1,0.39258,0.58934,0.01808
17778338,0,0,0.79462,0.19171,0.01367
3853399,0,0,0.9174,0.07732,0.00529
18971724,1,1,0.48957,0.49341,0.01702
36284088,1,1,0.16574,0.80788,0.02638
30512107,2,2,0.00253,0.02292,0.97455
23049211,2,2,0.00287,0.05098,0.94614
27228170,2,1,0.03364,0.69709,0.26928
9796482,2,2,0.00191,0.00859,0.9895
40396609,2,2,0.00849,0.2269,0.7646
6309561,0,0,0.90738,0.0888,0.00383
41241003,0,0,0.93897,0.05898,0.00205
1179821,2,2,0.02666,0.08342,0.88991
3808794,2,2,0.0017,0.01676,0.98154
33342991,2,2,0.00124,0.00706,0.99171
41585875,2,2,0.00151,0.01213,0.98636
40967772,2,2,0.00154,0.00786,0.9906
2392999,2,2,0.00491,0.04397,0.95112
1947400,2,1,0.12639,0.84124,0.03236
36088612,2,1,0.07019,0.73717,0.19263
1288781,1,1,0.23724,0.72791,0.03485
36698015,2,2,0.00337,0.01699,0.97964
2332966,0,0,0.9364,0.06128,0.00232
24974233,0,0,0.97325,0.02529,0.00146
29959019,1,0,0.68407,0.30833,0.0076
40464470,0,0,0.86658,0.12681,0.00662
23828185,2,2,0.00179,0.01076,0.98745
3149680,2,2,0.00177,0.0088,0.98944
14888359,2,2,0.00179,0.01295,0.98527
38203884,0,0,0.98194,0.01538,0.00267
27874249,0,0,0.50793,0.46976,0.02232
5098136,2,2,0.01571,0.09942,0.88487
10042609,2,2,0.00163,0.00984,0.98852
6328149,2,2,0.00503,0.06684,0.92813
21002289,2,2,0.00142,0.00894,0.98964
14082062,0,0,0.93939,0.05821,0.0024
35724458,2,2,0.00171,0.00947,0.98882
2089011,2,2,0.00144,0.00992,0.98864
29577834,0,1,0.25994,0.55109,0.18897
3385569,2,2,0.00199,0.01569,0.98232
22466619,2,2,0.17912,0.24154,0.57934
15892182,2,2,0.00144,0.01101,0.98755
17145202,0,0,0.73707,0.2365,0.02643
18767787,0,0,0.97666,0.02192,0.00142
20646319,1,1,0.25343,0.72763,0.01894
10222159,1,1,0.35389,0.52404,0.12206
9134898,2,2,0.00419,0.03326,0.96255
35307345,1,0,0.89586,0.09993,0.00421
39949046,0,0,0.96665,0.03139,0.00196
20579896,2,2,0.01345,0.02132,0.96523
16205196,2,2,0.00147,0.00689,0.99164
8098825,2,2,0.00244,0.0125,0.98506
39725265,2,2,0.00182,0.02746,0.97073
10941838,2,2,0.00295,0.01002,0.98703
13993649,2,2,0.00137,0.01085,0.98778
9905941,0,0,0.98127,0.01695,0.00178
38332207,2,2,0.00127,0.01,0.98873
27819169,0,0,0.62634,0.35272,0.02094
20098704,2,2,0.00216,0.0247,0.97314
16116706,2,2,0.00163,0.01097,0.9874
22927811,2,2,0.00403,0.01021,0.98576
12052629,2,2,0.00304,0.04061,0.95635
35909591,2,2,0.0186,0.02718,0.95422
9366084,0,0,0.71821,0.2726,0.00918
20639242,2,2,0.00146,0.01093,0.98761
1828146,0,0,0.86891,0.12616,0.00493
6688433,2,2,0.00177,0.00863,0.9896
16504627,2,2,0.00123,0.00933,0.98944
14853878,0,0,0.93917,0.0576,0.00323
37828573,2,2,0.00194,0.01088,0.98718
7766257,2,2,0.00179,0.01275,0.98546
38524801,0,0,0.97773,0.02065,0.00161
11569869,2,2,0.00151,0.00668,0.9918
30923821,2,2,0.0025,0.02083,0.97667
37406766,2,0,0.8549,0.13847,0.00663
16144320,2,2,0.00116,0.00586,0.99298
22680848,1,0,0.5148,0.46508,0.02012
3462381,2,2,0.00151,0.00954,0.98894
40433784,2,0,0.89777,0.09343,0.0088
22301109,2,2,0.01024,0.25494,0.73482
21643852,2,2,0.00135,0.0114,0.98724
9640321,2,2,0.00149,0.0084,0.99011
40256354,2,2,0.17159,0.28947,0.53895
40644540,2,2,0.00114,0.00572,0.99313
10714215,2,2,0.00492,0.11499,0.88009
20051787,2,2,0.00111,0.00482,0.99407
25883780,2,2,0.00263,0.03193,0.96545
26494453,2,2,0.00111,0.00479,0.9941
11678437,2,2,0.00351,0.03928,0.95722
18989683,2,2,0.00416,0.06881,0.92703
29775108,2,2,0.16619,0.3318,0.502
37935884,0,0,0.93711,0.06026,0.00263
10933668,2,2,0.00176,0.01093,0.98731
21242959,2,2,0.004,0.01798,0.97802
35118849,2,2,0.01492,0.05459,0.93049
19779445,2,2,0.00131,0.0085,0.99019
33443903,0,0,0.92812,0.06723,0.00465
24038416,0,0,0.77949,0.2131,0.00741
23934843,2,1,0.1012,0.8149,0.0839
31208,2,2,0.00124,0.00604,0.99272
21590249,2,2,0.00137,0.01023,0.98839
14194218,2,2,0.00508,0.02672,0.96819
15861669,2,2,0.00122,0.0046,0.99418
24334696,2,2,0.0018,0.00529,0.99291
26454419,2,2,0.00138,0.0083,0.99032
36358858,0,0,0.9378,0.05705,0.00516
8808016,1,1,0.02328,0.55097,0.42575
41118390,0,0,0.98076,0.01772,0.00152
5047391,0,1,0.44195,0.46135,0.0967
26204966,1,1,0.02722,0.55527,0.41751
5868077,0,0,0.88432,0.11025,0.00543
39960493,0,0,0.78666,0.20203,0.01131
22606210,0,0,0.88818,0.1067,0.00512
518854,2,2,0.00168,0.00954,0.98877
14965456,2,2,0.00359,0.03247,0.96394
19672492,1,0,0.77425,0.21839,0.00736
24956252,2,2,0.0022,0.00939,0.98841
3955823,2,2,0.00123,0.00799,0.99078
29424970,2,2,0.00132,0.00643,0.99225
19356779,0,0,0.97054,0.02726,0.00219
11832610,2,2,0.00174,0.01084,0.98742
28282228,2,2,0.00122,0.00555,0.99323
21153875,2,2,0.00174,0.00653,0.99173
19651589,2,2,0.00125,0.00894,0.98981
20381210,2,2,0.00213,0.00739,0.99048
34065139,2,2,0.00182,0.01092,0.98726
40946974,1,1,0.11336,0.85663,0.03001
22806898,2,1,0.07169,0.58632,0.342
3285240,2,2,0.00158,0.01047,0.98795
14037231,2,2,0.07061,0.19073,0.73866
40340445,2,2,0.00265,0.02478,0.97257
31248207,2,2,0.00163,0.01236,0.98601
7686569,2,1,0.06823,0.80254,0.12923
13995071,0,0,0.66834,0.31942,0.01224
22056845,2,2,0.00176,0.01088,0.98735
28600063,2,2,0.00128,0.00698,0.99175
31623467,2,2,0.00154,0.0059,0.99256
21976816,2,1,0.05931,0.86482,0.07586
2867481,2,2,0.00165,0.01222,0.98613
37627224,2,2,0.00189,0.01701,0.98109
13891349,2,2,0.00642,0.05488,0.9387
3567152,2,2,0.00127,0.00831,0.99042
22157831,2,2,0.00251,0.03291,0.96458
2094895,2,2,0.17034,0.36844,0.46122
28843412,2,1,0.08847,0.69314,0.2184
15143420,2,0,0.60704,0.27711,0.11585
7820545,2,2,0.00187,0.01158,0.98655
10583168,2,0,0.4356,0.19254,0.37186
20339542,2,2,0.00251,0.0178,0.97969
11548283,2,2,0.00304,0.01303,0.98393
38159118,0,0,0.56617,0.39217,0.04166
37057867,0,2,0.07942,0.19306,0.72752
28072634,2,2,0.00239,0.01843,0.97918
18342658,0,0,0.95784,0.03925,0.00291
32585463,1,1,0.27288,0.70781,0.01931
16770157,0,0,0.98007,0.01834,0.00159
40372131,0,2,0.11744,0.28146,0.6011
36949618,0,0,0.53726,0.45242,0.01031
23257170,2,2,0.00856,0.00948,0.98196
11509239,2,2,0.00156,0.00887,0.98957
24666667,0,0,0.89212,0.10127,0.0066
23686008,2,2,0.00138,0.00777,0.99085
30169136,2,2,0.00187,0.01212,0.986
29606278,2,2,0.00135,0.01208,0.98657
38451791,2,2,0.29255,0.32083,0.38662
7645136,2,2,0.05877,0.2686,0.67263
38044544,0,0,0.88186,0.11256,0.00558
36169185,2,2,0.00161,0.01068,0.98772
33451699,2,2,0.17159,0.28947,0.53895
6233879,0,0,0.83313,0.15654,0.01033
28255049,0,0,0.56723,0.42153,0.01123
38817376,0,0,0.98518,0.0126,0.00222
13627,2,2,0.00269,0.03814,0.95916
22816087,2,2,0.00238,0.02262,0.975
37932829,2,2,0.00133,0.01056,0.98811
8205291,2,2,0.00279,0.03401,0.9632
15474888,2,2,0.01131,0.06185,0.92684
10511460,2,2,0.00222,0.0142,0.98358
11436210,2,2,0.00125,0.01036,0.98839
28621056,2,2,0.00391,0.05381,0.94228
32099435,2,2,0.00268,0.02777,0.96955
24414573,2,2,0.00149,0.00725,0.99126
6897630,2,2,0.00762,0.21502,0.77736
25901218,2,0,0.51014,0.41637,0.07349
32933537,0,0,0.9521,0.04531,0.00259
11684659,2,2,0.00253,0.02189,0.97557
36879816,2,2,0.00185,0.02606,0.97209
14893393,2,2,0.00308,0.01463,0.9823
2130909,2,2,0.00142,0.00883,0.98975
15701357,2,2,0.00845,0.30476,0.68679
17455573,1,0,0.9585,0.03885,0.00265
16861796,2,2,0.00151,0.00808,0.99041
27347908,2,2,0.00124,0.00781,0.99096
3658008,2,2,0.00134,0.00772,0.99095
22409447,2,2,0.0014,0.00689,0.99171
38086976,2,2,0.00154,0.00863,0.98983
26609964,2,1,0.21783,0.73978,0.04239
1110482,2,2,0.00362,0.02447,0.97191
25959328,2,2,0.00136,0.00731,0.99134
12470060,0,0,0.95824,0.03967,0.0021
18890520,2,2,0.00136,0.00784,0.99081
17383781,2,2,0.00886,0.04429,0.94686
19674765,2,1,0.08061,0.77384,0.14554
39562109,2,2,0.00214,0.02076,0.9771
11714721,2,2,0.00183,0.00716,0.99101
15277297,0,0,0.89562,0.10049,0.0039
41180823,2,2,0.00142,0.0111,0.98748
26792655,0,0,0.88543,0.10679,0.00778
27741832,2,2,0.00671,0.03524,0.95805
13741420,2,2,0.00108,0.00568,0.99324
15248238,2,2,0.00135,0.00884,0.98981
32151338,2,1,0.08047,0.61585,0.30368
9612442,2,2,0.00764,0.13694,0.85542
2165483,2,2,0.00181,0.01588,0.98231
8477834,0,0,0.9847,0.01274,0.00256
15615551,2,2,0.03958,0.04538,0.91504
6033927,0,0,0.55922,0.28243,0.15835
14026902,2,2,0.00447,0.01547,0.98006
26934717,2,2,0.00328,0.02744,0.96927
41600938,2,2,0.01646,0.29985,0.68369
29147122,2,2,0.00309,0.01014,0.98677
25705768,2,2,0.00802,0.12112,0.87086
29117071,0,0,0.88609,0.10813,0.00579
35336778,2,2,0.00208,0.01593,0.98198
30266398,2,2,0.01224,0.03771,0.95005
17605111,2,2,0.00128,0.0049,0.99382
24418435,2,2,0.00169,0.00643,0.99188
30943749,0,0,0.97622,0.02026,0.00352
28345526,2,2,0.00222,0.01414,0.98364
22127581,2,2,0.00187,0.01426,0.98387
3707803,2,2,0.00533,0.02592,0.96875
33638929,2,2,0.00963,0.12323,0.86714
41062918,2,2,0.00187,0.01241,0.98572
17338156,2,2,0.00149,0.00837,0.99014
21707592,0,0,0.98613,0.01185,0.00203
40202906,2,2,0.01375,0.0449,0.94136
32472707,2,2,0.00111,0.00614,0.99275
32668585,2,2,0.0014,0.00996,0.98864
9944202,2,2,0.02973,0.44731,0.52296
12898524,0,0,0.62367,0.36378,0.01255
29621262,2,2,0.00275,0.01918,0.97807
30029584,2,2,0.17616,0.28755,0.53629
1548244,2,2,0.00252,0.01259,0.98489
19249899,0,0,0.71938,0.27198,0.00864
21494467,2,2,0.00182,0.01231,0.98587
1526363,2,0,0.50629,0.47935,0.01436
11474571,2,2,0.00453,0.06271,0.93277
36548371,1,1,0.28692,0.68026,0.03283
37615497,2,2,0.0012,0.00951,0.98929
17065784,2,2,0.00459,0.01172,0.98369
29036470,1,0,0.48282,0.47906,0.03811
6937345,2,0,0.82328,0.1719,0.00482
39157713,2,2,0.00355,0.05716,0.93929
13813270,2,2,0.00193,0.01404,0.98403
38571001,2,2,0.00341,0.02058,0.97601
11255380,0,0,0.5472,0.43287,0.01993
271545,2,2,0.0215,0.36942,0.60907
15834576,2,2,0.00291,0.00995,0.98715
20161079,2,2,0.00128,0.00563,0.99309
39606699,2,2,0.00184,0.01409,0.98407
27159099,0,0,0.74435,0.24835,0.0073
40600366,2,2,0.00127,0.00751,0.99122
21432521,2,2,0.00355,0.01078,0.98567
22761579,2,2,0.00477,0.02709,0.96814
15001716,2,2,0.00139,0.0131,0.98551
14187152,2,2,0.00118,0.00525,0.99356
34894480,0,2,0.02908,0.12766,0.84326
21664568,0,0,0.92151,0.07564,0.00284
36366545,0,0,0.9653,0.03295,0.00175
33418627,2,2,0.00146,0.01372,0.98482
2093364,2,2,0.00151,0.00911,0.98938
8882323,2,2,0.00126,0.00717,0.99158
24921351,2,2,0.00407,0.03119,0.96474
17614321,2,2,0.00103,0.00551,0.99347
2104094,2,2,0.00308,0.02895,0.96797
1082365,2,2,0.00215,0.01453,0.98332
2370005,0,0,0.53602,0.36128,0.1027
13703372,2,2,0.00176,0.01158,0.98666
23725903,2,2,0.00357,0.03589,0.96054
13442670,2,2,0.00191,0.00648,0.99161
32702390,1,1,0.09453,0.86591,0.03956
5813310,0,0,0.98401,0.01415,0.00184
39486636,2,2,0.00343,0.04515,0.95141
5969308,2,2,0.00676,0.02846,0.96478
32240605,2,2,0.00144,0.01,0.98856
32304720,1,1,0.47373,0.50428,0.02198
26570173,2,2,0.00132,0.00742,0.99126
2599259,2,2,0.0032,0.02209,0.97471
21367648,1,1,0.02884,0.68779,0.28337
3323132,1,1,0.21851,0.75823,0.02326
24101453,2,2,0.0021,0.00663,0.99127
2574344,0,0,0.98481,0.01362,0.00158
28320198,2,2,0.01402,0.04799,0.93798
39602531,0,0,0.91306,0.08207,0.00487
5513955,2,2,0.00322,0.04551,0.95127
26870830,2,2,0.00726,0.02718,0.96556
36354376,2,2,0.00144,0.00894,0.98962
27087998,0,0,0.61458,0.37276,0.01266
36162241,0,0,0.9697,0.02865,0.00165
29885038,1,1,0.27194,0.70813,0.01993
27751239,2,2,0.00981,0.22865,0.76153
17940483,2,2,0.00294,0.01441,0.98266
15817290,0,0,0.98046,0.01799,0.00154
9882376,0,0,0.87543,0.11778,0.00679
20342236,2,2,0.00183,0.0059,0.99227
4375121,1,1,0.28952,0.69452,0.01596
30993180,0,0,0.96294,0.03537,0.00169
8581869,2,1,0.04443,0.58067,0.37491
21031822,0,0,0.98566,0.01061,0.00373
7556239,2,2,0.00627,0.10565,0.88808
38623171,0,1,0.27412,0.69998,0.0259
14126647,2,2,0.00691,0.18233,0.81077
17765108,0,0,0.91366,0.08237,0.00397
2219986,2,2,0.00116,0.00572,0.99311
35370185,0,0,0.7847,0.20711,0.00819
40826390,0,0,0.98442,0.01299,0.0026
3392377,2,2,0.01093,0.17362,0.81545
33317303,0,0,0.80305,0.19,0.00695
20376537,2,1,0.08238,0.66336,0.25425
10329315,2,2,0.01689,0.48964,0.49348
11307400,2,2,0.00596,0.08176,0.91228
14177313,2,2,0.0012,0.00745,0.99135
11443367,2,2,0.00483,0.06063,0.93455
11184430,2,2,0.00218,0.0163,0.98151
24653654,2,2,0.00108,0.00604,0.99288
6091212,1,1,0.04135,0.60286,0.35579
16140806,2,2,0.00314,0.02703,0.96983
37244696,2,1,0.21487,0.72973,0.0554
27025666,2,2,0.00561,0.08027,0.91413
32752802,2,2,0.00161,0.00904,0.98935
18003143,2,2,0.0028,0.01733,0.97988
37697622,2,2,0.00204,0.02178,0.97618
36358917,2,2,0.03304,0.3337,0.63326
33941716,0,0,0.69205,0.26012,0.04784
21947367,0,0,0.70763,0.28038,0.01199
26208497,0,0,0.93513,0.06228,0.00259
13528809,2,2,0.00757,0.02442,0.96801
28610797,0,1,0.36326,0.61073,0.02601
24980260,2,0,0.77363,0.21736,0.00901
34810608,2,2,0.00116,0.00546,0.99337
24749601,2,2,0.00197,0.01118,0.98686
5909657,0,0,0.96473,0.03312,0.00214
35454604,0,0,0.52761,0.45129,0.02111
1844997,2,2,0.0014,0.00595,0.99265
17014992,0,0,0.98239,0.01607,0.00155
9567184,2,2,0.00273,0.02684,0.97044
28875404,2,2,0.00118,0.00734,0.99148
9005333,0,1,0.09316,0.73849,0.16836
33740970,2,2,0.00342,0.01725,0.97933
18518440,1,1,0.14929,0.79845,0.05225
35622219,2,2,0.01503,0.17096,0.81401
15705454,2,2,0.0014,0.00684,0.99176
17038352,0,0,0.98156,0.01692,0.00152
592897,1,1,0.43661,0.53914,0.02425
1460081,2,2,0.00319,0.04075,0.95606
33122254,2,2,0.00528,0.03457,0.96015
22673944,2,2,0.002,0.0088,0.9892
26236448,2,2,0.00297,0.01807,0.97896
24110216,2,1,0.13188,0.70463,0.16349
6479091,2,2,0.00166,0.01023,0.98811
35216822,1,1,0.13302,0.80536,0.06162
31160610,2,2,0.00858,0.08861,0.90281
32191676,2,2,0.00329,0.03943,0.95727
11289680,2,2,0.00257,0.00957,0.98786
15476940,2,2,0.00142,0.01213,0.98645
27492917,0,0,0.91217,0.07561,0.01222
4764413,0,0,0.98705,0.01127,0.00168
27211311,2,2,0.00193,0.01255,0.98552
13983510,2,2,0.00173,0.01136,0.98691
37253815,2,2,0.00236,0.01733,0.98031
4048988,2,2,0.00156,0.01004,0.98841
19889071,2,2,0.00127,0.00955,0.98918
6469591,0,0,0.78596,0.20745,0.00659
85916,2,2,0.00208,0.01631,0.98161
26494671,2,2,0.00826,0.2934,0.69834
41407436,1,0,0.89121,0.1052,0.00359
10206322,2,2,0.0137,0.40361,0.58268
23540171,0,0,0.94701,0.0488,0.00418
18443181,2,1,0.03635,0.62939,0.33426
28240033,2,2,0.00638,0.00957,0.98405
20720829,2,2,0.0045,0.02441,0.9711
4790434,2,2,0.00152,0.00471,0.99377
38695909,2,2,0.00181,0.01453,0.98365
34833698,2,2,0.00238,0.00798,0.98964
34068874,2,2,0.00205,0.01356,0.98439
41488107,1,0,0.64187,0.34491,0.01322
27528950,2,2,0.00447,0.0076,0.98793
9021753,2,2,0.00138,0.00546,0.99316
35006388,0,0,0.97102,0.02728,0.00171
174768,2,2,0.00249,0.0221,0.9754
12331468,2,2,0.00151,0.00814,0.99034
18807096,2,2,0.00368,0.00861,0.98771
34189326,0,0,0.95251,0.04556,0.00193
7108388,1,1,0.06839,0.87312,0.0585
7787783,2,2,0.00286,0.01075,0.9864
10337665,2,2,0.01971,0.09524,0.88505
36138356,2,2,0.00124,0.006,0.99277
22847937,1,2,0.03385,0.13956,0.82659
33285864,2,2,0.00179,0.00965,0.98855
16349293,2,2,0.00326,0.04859,0.94815
29285987,0,0,0.95977,0.03849,0.00174
23128975,2,2,0.0105,0.11574,0.87377
21131687,1,1,0.48172,0.49314,0.02513
27272037,2,2,0.00116,0.00482,0.99401
30653979,2,2,0.00158,0.0088,0.98962
34369203,2,2,0.00483,0.07549,0.91968
18785047,2,2,0.00155,0.01204,0.98641
20425635,2,2,0.00156,0.00711,0.99133
6287692,0,1,0.18739,0.77141,0.0412
12515694,1,0,0.81545,0.17704,0.00751
33290135,2,1,0.42512,0.5229,0.05198
15043039,2,1,0.0437,0.89147,0.06483
22707422,0,0,0.98743,0.0103,0.00226
8647900,2,2,0.00155,0.01256,0.98589
21755397,2,2,0.01433,0.36672,0.61895
28217294,0,0,0.87306,0.12167,0.00527
29611190,2,2,0.0012,0.00551,0.99329
7318969,2,2,0.00103,0.00542,0.99355
9717788,0,0,0.90178,0.09486,0.00336
1317767,2,2,0.00251,0.01568,0.9818
15805748,1,1,0.12384,0.82832,0.04784
15605712,2,2,0.00192,0.01795,0.98013
35718740,0,0,0.94003,0.05712,0.00285
33615428,0,2,0.17159,0.28947,0.53895
9528781,0,0,0.82285,0.1698,0.00735
23368704,0,0,0.91094,0.08607,0.00299
32502164,1,0,0.97127,0.02718,0.00155
13420470,2,2,0.00197,0.00859,0.98944
9634037,1,1,0.15291,0.80509,0.04201
29601733,1,0,0.60869,0.35504,0.03627
17325321,2,2,0.00543,0.03726,0.9573
6119983,0,0,0.94931,0.04848,0.00221
38895731,0,0,0.9795,0.0188,0.00169
9359621,2,0,0.59602,0.35729,0.04668
15547312,2,2,0.00745,0.1037,0.88885
33779000,2,2,0.0025,0.01926,0.97824
16672713,2,2,0.00527,0.09535,0.89938
25170030,0,0,0.68085,0.30929,0.00986
25313329,2,2,0.00151,0.00904,0.98945
8512574,2,2,0.00741,0.16277,0.82983
35131848,2,2,0.00417,0.03766,0.95817
12223338,2,2,0.00112,0.00915,0.98973
32221471,2,2,0.00198,0.02178,0.97625
22790272,2,2,0.00405,0.05105,0.9449
36435773,2,2,0.00345,0.00829,0.98826
925654,2,2,0.00122,0.00703,0.99175
28907203,0,0,0.77464,0.21765,0.00771
27442030,2,2,0.00151,0.00786,0.99062
38143906,2,2,0.00453,0.06199,0.93348
32699373,2,2,0.00153,0.01093,0.98754
21132885,2,0,0.65287,0.33607,0.01106
30206849,2,2,0.00841,0.01978,0.97181
28961437,2,2,0.00988,0.02108,0.96904
25636806,2,2,0.00351,0.03919,0.95731
24448475,1,2,0.00381,0.06488,0.93131
1103329,2,2,0.01603,0.32326,0.66071
2085831,2,2,0.00116,0.00754,0.9913
21623154,2,2,0.02333,0.32086,0.6558
36730859,2,2,0.00168,0.00996,0.98836
13190569,2,2,0.0013,0.0046,0.9941
8204952,2,2,0.00124,0.00546,0.9933
21154830,2,2,0.00158,0.01261,0.98582
34677743,2,2,0.00147,0.00706,0.99148
13194429,0,0,0.96247,0.03581,0.00172
39264922,2,2,0.00161,0.01008,0.98832
10226447,2,2,0.00134,0.00542,0.99324
4962157,2,2,0.00677,0.04971,0.94352
33383143,2,0,0.9811,0.01728,0.00162
18008800,2,2,0.01971,0.08092,0.89936
5845020,2,2,0.00239,0.01798,0.97963
13586959,0,1,0.41042,0.57428,0.0153
2760940,2,2,0.00133,0.00811,0.99055
22688973,0,0,0.85801,0.13789,0.0041
36712970,2,2,0.00254,0.01919,0.97827
29918501,0,0,0.85986,0.13368,0.00646
31529849,2,2,0.00144,0.00824,0.99032
29227075,2,2,0.00163,0.0132,0.98517
34490416,2,2,0.00189,0.01819,0.97991
19432887,2,2,0.00113,0.00546,0.99341
32037105,2,2,0.00123,0.00824,0.99052
25796663,0,0,0.62502,0.35752,0.01746
20418649,2,2,0.00229,0.01269,0.98501
19649579,2,2,0.00136,0.00674,0.99191
36573420,2,2,0.002,0.02428,0.97372
11857851,2,2,0.0031,0.05285,0.94405
16195689,1,0,0.75238,0.24047,0.00715
16256183,2,2,0.00677,0.01989,0.97335
41370126,2,2,0.00144,0.01097,0.98759
38672810,2,2,0.00129,0.00736,0.99134
21020670,0,1,0.186,0.64164,0.17236
26248699,1,0,0.70135,0.28783,0.01082
8666127,0,0,0.76256,0.22807,0.00938
30798413,2,1,0.17407,0.44276,0.38318
7266814,2,0,0.98052,0.01796,0.00152
25639711,2,2,0.00111,0.00534,0.99355
17310580,2,2,0.0056,0.0672,0.9272
38709037,2,2,0.00171,0.00973,0.98856
1408634,2,2,0.00648,0.04608,0.94744
20511910,2,2,0.00468,0.01645,0.97887
29144363,0,0,0.96214,0.03312,0.00474
13792342,2,2,0.00205,0.0151,0.98285
36826261,2,2,0.00128,0.00648,0.99224
28435893,2,2,0.04023,0.22972,0.73005
22588499,2,0,0.51461,0.45237,0.03303
11561071,0,0,0.80431,0.18661,0.00908
31914834,1,1,0.27969,0.67094,0.04937
37245147,2,2,0.00799,0.17696,0.81505
10080529,2,2,0.02569,0.03273,0.94159
39597921,2,2,0.00161,0.00739,0.991
12868422,2,2,0.00158,0.0114,0.98702
30213403,2,2,0.0023,0.03993,0.95777
23375366,2,2,0.00216,0.02474,0.97309
29402594,2,2,0.00336,0.01913,0.9775
25570385,2,2,0.03601,0.07774,0.88625
19263092,2,2,0.00349,0.04516,0.95136
19950056,2,2,0.00122,0.00781,0.99098
40471242,2,2,0.0034,0.02471,0.97189
38292993,2,2,0.00163,0.00922,0.98915
20847789,0,0,0.55351,0.43445,0.01204
6278359,2,2,0.00147,0.00464,0.99389
7070481,2,2,0.00185,0.0075,0.99064
4683576,2,2,0.00461,0.01444,0.98095
2997000,2,2,0.00203,0.01148,0.98649
37266901,2,2,0.00235,0.01908,0.97857
35686390,2,2,0.00223,0.01035,0.98743
30806719,2,2,0.0012,0.00853,0.99027
6092304,0,1,0.35486,0.6228,0.02233
20362719,2,2,0.00337,0.01622,0.9804
32620863,0,1,0.34974,0.63577,0.01449
23543456,2,2,0.00239,0.01714,0.98047
32192299,2,1,0.15739,0.80634,0.03627
13543104,2,2,0.00188,0.00886,0.98925
20697689,0,0,0.87976,0.0968,0.02344
25859424,0,0,0.77364,0.21068,0.01568
18546382,2,2,0.00144,0.00768,0.99087
35720849,0,0,0.69593,0.25853,0.04554
22053831,0,0,0.63839,0.25024,0.11137
35784245,2,2,0.00183,0.00436,0.99381
26591503,2,2,0.00125,0.00775,0.991
25399114,2,2,0.00135,0.00897,0.98967
14109678,0,1,0.44376,0.45606,0.10018
30678046,2,0,0.9028,0.09368,0.00352
26553193,0,0,0.92756,0.06865,0.00379
17324344,2,2,0.0038,0.03561,0.96059
17884685,1,1,0.29836,0.68564,0.016
11970864,2,2,0.00387,0.01847,0.97765
28382482,0,0,0.89846,0.09287,0.00867
38707347,2,2,0.01077,0.14694,0.84229
22892290,2,2,0.00263,0.03121,0.96616
2954756,2,2,0.00114,0.00751,0.99135
3487437,1,0,0.8748,0.11862,0.00658
6616396,2,2,0.01449,0.27655,0.70896
25441505,2,2,0.00492,0.01209,0.98299
2115453,2,2,0.00134,0.00679,0.99187
36211388,2,2,0.00124,0.0053,0.99347
315317,0,0,0.73975,0.24875,0.0115
36629114,1,1,0.39725,0.58025,0.0225
36033879,2,2,0.00163,0.00973,0.98864
13675379,2,2,0.00246,0.01871,0.97882
4055231,1,1,0.02432,0.69413,0.28155
40520417,0,0,0.63993,0.35065,0.00942
32545715,2,0,0.4811,0.21621,0.30269
7754281,2,2,0.00114,0.00564,0.99322
4250141,2,2,0.00668,0.10469,0.88863
7524098,0,1,0.31425,0.6274,0.05836
25816120,2,2,0.00142,0.01093,0.98765
24861770,2,2,0.00156,0.00586,0.99258
16034322,2,2,0.00673,0.22799,0.76528
28395298,2,2,0.00194,0.01027,0.98779
28451152,2,2,0.00394,0.01751,0.97856
13875479,2,2,0.00236,0.01533,0.98231
18244505,2,2,0.00366,0.01229,0.98405
29263160,1,1,0.1877,0.78332,0.02898
11506935,2,2,0.00152,0.00599,0.99249
7721467,2,2,0.00133,0.01004,0.98863
9327332,2,2,0.00136,0.00703,0.99161
14934811,1,1,0.07419,0.876,0.04981
20599575,0,0,0.85361,0.13935,0.00705
16040528,2,2,0.00206,0.00999,0.98794
5313593,2,2,0.00319,0.02398,0.97283
8618729,2,2,0.00136,0.00734,0.99131
28482244,0,0,0.93508,0.0618,0.00312
7869724,2,2,0.00116,0.00674,0.9921
27990314,2,2,0.00127,0.00725,0.99147
17371771,2,2,0.00161,0.00977,0.98862
35941458,0,0,0.97724,0.02138,0.00138
34399445,2,2,0.00111,0.00609,0.9928
15998437,2,2,0.00217,0.00618,0.99165
3328730,1,1,0.22139,0.7563,0.02231
40984143,0,1,0.35328,0.61761,0.02911
30353665,0,0,0.95791,0.03979,0.0023
16841496,2,2,0.00118,0.00623,0.99259
26871037,2,2,0.00142,0.01181,0.98678
12050833,2,2,0.00103,0.00559,0.99338
18868825,2,2,0.00146,0.01106,0.98748
30261704,1,0,0.77808,0.21355,0.00838
37533715,0,0,0.96874,0.02961,0.00165
4911083,2,2,0.00663,0.11166,0.88171
19872555,2,2,0.00127,0.00802,0.99071
9142467,0,0,0.98537,0.013,0.00163
7678494,2,2,0.00164,0.007,0.99136
35649352,2,2,0.00882,0.05538,0.9358
26183301,0,0,0.96128,0.03645,0.00227
5670883,2,2,0.00441,0.07205,0.92353
18698876,2,2,0.00187,0.01594,0.9822
34786716,2,2,0.00219,0.01011,0.9877
18318164,0,0,0.96996,0.02822,0.00181
39255499,2,2,0.00199,0.01393,0.98408
29671879,0,0,0.662,0.32643,0.01157
19840916,2,2,0.00301,0.01989,0.9771
27405492,2,1,0.04166,0.87014,0.0882
39277778,2,2,0.00192,0.01751,0.98057
28968562,2,2,0.00126,0.0059,0.99284
19406646,0,0,0.60658,0.38257,0.01085
24592506,2,2,0.00218,0.03317,0.96465
35542362,2,2,0.00317,0.01567,0.98115
612980,2,2,0.00208,0.01504,0.98288
12239331,2,2,0.00262,0.00558,0.9918
4277015,2,2,0.0012,0.00633,0.99247
13175679,2,2,0.00144,0.00748,0.99108
18479019,0,0,0.86113,0.13414,0.00474
25830064,2,2,0.00203,0.01067,0.9873
35435853,2,2,0.0122,0.22132,0.76648
12426797,2,2,0.00136,0.00815,0.9905
17141234,2,2,0.00934,0.04586,0.94481
2944136,2,2,0.00566,0.12693,0.86741
34492836,2,2,0.00228,0.02068,0.97705
38392678,0,0,0.4936,0.45829,0.04811
39243948,2,2,0.00156,0.00915,0.98929
36905272,0,0,0.68915,0.28173,0.02912
26695772,2,2,0.00338,0.01491,0.98171
12381383,2,2,0.00185,0.009,0.98915
22920245,2,2,0.00144,0.01008,0.98848
16429612,2,2,0.00133,0.00981,0.98886
35982259,2,2,0.01036,0.2746,0.71504
20409560,2,2,0.00116,0.00638,0.99246
33128812,2,2,0.00274,0.03759,0.95967
10306138,2,2,0.00111,0.00604,0.99285
22248587,0,1,0.45183,0.514,0.03417
31869536,2,0,0.81766,0.15666,0.02567
2446555,2,2,0.00147,0.00679,0.99174
18422784,2,1,0.02783,0.72896,0.24322
30984615,0,0,0.78929,0.2043,0.00641
22874688,2,2,0.00165,0.01341,0.98494
23792891,2,2,0.00128,0.00482,0.9939
6017869,2,2,0.00171,0.00866,0.98962
28470608,1,0,0.49796,0.49024,0.0118
8530236,1,1,0.47756,0.50836,0.01409
6226845,0,0,0.96769,0.02589,0.00642
5587627,2,2,0.00158,0.00811,0.9903
6830509,2,2,0.01623,0.0478,0.93597
34757601,0,0,0.50597,0.47531,0.01872
409496,1,1,0.01913,0.55895,0.42192
8513355,2,2,0.00142,0.00757,0.99101
36891253,2,2,0.00232,0.0163,0.98138
31811048,2,1,0.45129,0.49178,0.05693
17491578,2,2,0.00217,0.02072,0.97711
37037504,0,0,0.96324,0.0349,0.00186
36854976,0,0,0.55313,0.38766,0.05922
22815424,0,1,0.33676,0.63656,0.02669
32429265,2,1,0.38022,0.47319,0.14659
27418015,2,2,0.00486,0.0244,0.97074
36915123,2,2,0.00836,0.03318,0.95846
5021263,0,0,0.95331,0.04443,0.00225
36407695,1,0,0.86775,0.12748,0.00477
4675571,0,0,0.62112,0.33246,0.04642
36399704,2,2,0.00206,0.02819,0.96975
989765,0,0,0.78608,0.19529,0.01863
37731708,2,2,0.00195,0.01927,0.97878
22672749,0,0,0.86771,0.12187,0.01042
39177783,0,0,0.93599,0.06161,0.00239
2201185,2,1,0.02242,0.49452,0.48306
365595,0,0,0.96442,0.03359,0.00198
2280243,2,2,0.00226,0.01398,0.98377
1339507,2,1,0.05789,0.8709,0.07121
41550286,2,2,0.00319,0.00946,0.98735
16955970,2,2,0.00228,0.02002,0.97771
9245271,0,0,0.92877,0.06874,0.00249
15933904,2,2,0.00198,0.01792,0.9801
458245,2,2,0.01036,0.02035,0.96929
26082468,2,2,0.00166,0.01023,0.98811
8620164,2,2,0.00282,0.00903,0.98815
21701189,2,2,0.01172,0.20447,0.78381
16440020,2,2,0.00272,0.01245,0.98483
12731164,0,0,0.97127,0.0247,0.00403
14408958,2,2,0.00156,0.00834,0.9901
938744,2,2,0.00579,0.1214,0.87281
33412656,2,0,0.87863,0.11661,0.00476
18943833,2,2,0.00165,0.01203,0.98631
41303427,0,0,0.97324,0.02499,0.00176
11962104,0,0,0.85168,0.14095,0.00737
12843322,2,2,0.00127,0.00908,0.98965
9647893,1,0,0.65296,0.3348,0.01224
22153066,1,1,0.08011,0.67601,0.24388
9752943,2,2,0.00172,0.00542,0.99286
12299235,0,0,0.96573,0.03206,0.00221
3225857,0,0,0.98555,0.0128,0.00165
31576001,2,2,0.05088,0.04724,0.90188
36066290,2,2,0.00352,0.06407,0.9324
36019601,2,2,0.00261,0.00928,0.98811
27981962,2,2,0.02096,0.09472,0.88432
6098434,0,0,0.86429,0.13049,0.00522
41403849,0,0,0.96533,0.03302,0.00164
36640265,0,0,0.47069,0.20644,0.32287
8636897,2,2,0.00165,0.0119,0.98645
23588243,2,2,0.0012,0.00844,0.99037
33263863,2,2,0.00534,0.02439,0.97028
7763273,2,2,0.00323,0.01283,0.98394
1871242,0,0,0.82301,0.1705,0.00648
32522936,0,0,0.80675,0.18356,0.00969
12384478,2,1,0.26923,0.44291,0.28786
27654535,2,2,0.00124,0.00757,0.9912
26938571,0,0,0.9845,0.01269,0.00281
7747667,1,0,0.7592,0.23336,0.00744
12707145,2,2,0.00305,0.03824,0.95871
21791976,0,1,0.40447,0.53375,0.06179
11208216,0,0,0.64016,0.35078,0.00906
35974119,2,2,0.00187,0.0129,0.98523
94777,2,2,0.00123,0.00919,0.98958
25338374,2,2,0.00178,0.01751,0.98071
3589752,2,2,0.00184,0.01426,0.9839
28404409,2,2,0.00232,0.03037,0.9673
25918165,2,2,0.00547,0.01465,0.97988
23570156,1,1,0.17597,0.79717,0.02685
9770271,2,2,0.00158,0.01072,0.9877
4415363,2,2,0.00212,0.0118,0.98608
11673912,2,2,0.00244,0.01387,0.98369
33236517,0,0,0.98094,0.01758,0.00147
14052056,2,2,0.00884,0.11754,0.87362
16349379,2,2,0.00469,0.01281,0.9825
11091677,0,0,0.74281,0.24305,0.01415
16040173,2,1,0.03736,0.82405,0.13859
15039726,2,2,0.00127,0.00731,0.99142
30352538,2,2,0.00234,0.0078,0.98986
26420470,2,2,0.00147,0.00623,0.9923
16781821,0,0,0.84486,0.14971,0.00543
17175554,1,2,0.02174,0.05371,0.92455
4477231,2,1,0.02557,0.64415,0.33029
38333100,2,2,0.00447,0.0306,0.96493
20453129,2,2,0.00114,0.00643,0.99243
25465067,2,2,0.00118,0.00643,0.99239
13422921,2,2,0.00154,0.00883,0.98963
26275138,2,2,0.00223,0.02364,0.97413
24595980,2,0,0.57488,0.41084,0.01428
30069134,0,0,0.97405,0.02401,0.00194
16183631,2,2,0.05433,0.1089,0.83676
367018,1,1,0.2787,0.66207,0.05922
33941314,2,2,0.00802,0.12112,0.87086
30354385,2,2,0.02016,0.03098,0.94886
38667059,2,2,0.04069,0.05455,0.90476
37771941,2,2,0.00657,0.07757,0.91587
1471056,2,2,0.02582,0.3536,0.62059
38224886,2,2,0.00142,0.00837,0.99021
14835068,2,1,0.02891,0.73414,0.23695
41409594,2,2,0.00168,0.01088,0.98743
8946111,2,2,0.00191,0.02376,0.97433
37959158,2,2,0.01004,0.11381,0.87615
15673692,0,0,0.98687,0.01101,0.00213
9464088,2,2,0.00206,0.02484,0.9731
40283471,0,0,0.97523,0.02316,0.00161
32244812,2,2,0.00138,0.00763,0.991
3045056,2,2,0.00834,0.03466,0.957
4228274,1,2,0.01675,0.48202,0.50122
29811978,0,0,0.8066,0.16727,0.02613
12904370,2,2,0.00134,0.00563,0.99303
11217105,2,2,0.00268,0.01392,0.9834
18088902,2,2,0.00115,0.00555,0.99331
19449898,2,2,0.00129,0.00843,0.99027
36040052,2,1,0.06179,0.59086,0.34735
13471284,2,2,0.00187,0.01393,0.9842
23206781,2,2,0.00159,0.00689,0.99152
40288756,0,0,0.82881,0.16577,0.00541
14798398,0,0,0.93371,0.06146,0.00482
18137706,2,2,0.00129,0.00827,0.99043
3698385,2,2,0.00223,0.02522,0.97255
9466027,2,2,0.00229,0.01504,0.98267
23622150,2,2,0.00376,0.03091,0.96533
34910872,2,2,0.002,0.01162,0.98639
27017157,2,2,0.00142,0.0087,0.98988
12495817,2,2,0.0023,0.02418,0.97352
24746047,0,0,0.97984,0.01859,0.00157
35422698,2,2,0.00215,0.01294,0.9849
30236986,0,0,0.91689,0.0798,0.00331
7945676,0,0,0.93494,0.06251,0.00255
8344593,2,2,0.00152,0.00482,0.99366
6652932,2,2,0.0031,0.02402,0.97288
23542551,1,1,0.30983,0.66884,0.02133
17191922,2,2,0.00255,0.01527,0.98218
8772571,2,2,0.0044,0.01553,0.98007
21109720,2,2,0.01209,0.34794,0.63996
14362611,2,2,0.00126,0.00572,0.99302
24724722,2,2,0.00134,0.00653,0.99213
3074447,2,2,0.04616,0.10302,0.85082
896745,2,2,0.00304,0.01192,0.98504
24147575,2,2,0.00179,0.013,0.98522
23679932,0,0,0.87922,0.11555,0.00523
8419947,2,2,0.00142,0.00586,0.99272
40369598,2,2,0.00133,0.0086,0.99007
38670003,2,2,0.0097,0.03119,0.9591
4699660,0,0,0.67265,0.31038,0.01697
29421827,2,2,0.0026,0.01122,0.98618
37290901,1,1,0.43215,0.45644,0.11142
41418942,2,2,0.00114,0.00628,0.99257
28451252,0,0,0.96495,0.03322,0.00183
19278075,0,0,0.57622,0.41503,0.00875
5268901,2,2,0.04627,0.10758,0.84616
10755698,2,2,0.00881,0.19817,0.79302
39395983,2,2,0.003,0.02353,0.97347
8688572,0,0,0.73389,0.25863,0.00748
39986483,2,2,0.00175,0.01718,0.98107
1348475,2,1,0.28929,0.68857,0.02213
20605162,0,0,0.89592,0.09915,0.00493
16670157,2,2,0.00278,0.0239,0.97333
23355648,2,2,0.00159,0.00765,0.99076
9165566,2,2,0.04889,0.43571,0.5154
9380615,2,2,0.00185,0.0083,0.98985
18575500,2,2,0.00128,0.00698,0.99175
37545076,2,2,0.00159,0.00643,0.99198
40003852,2,2,0.00144,0.00793,0.99063
36409092,2,2,0.00138,0.00722,0.9914
34092596,0,0,0.92652,0.06559,0.00789
41336129,2,2,0.01234,0.05967,0.92799
10399470,0,0,0.87457,0.11906,0.00637
40671597,2,2,0.00407,0.01596,0.97997
14360726,2,2,0.00144,0.00734,0.99122
26080108,1,1,0.09424,0.87344,0.03232
2756536,2,2,0.00187,0.01227,0.98586
1149481,2,2,0.00624,0.01557,0.97819
36226647,2,0,0.76784,0.22171,0.01045
28891491,2,2,0.00134,0.00633,0.99233
6429633,2,2,0.00151,0.0078,0.99068
3444251,2,0,0.7518,0.24029,0.00791
36569269,2,2,0.00378,0.04229,0.95393
7105513,2,2,0.00308,0.0155,0.98143
4239976,2,2,0.00173,0.01217,0.98609
7912890,2,1,0.45401,0.51245,0.03354
24054380,2,2,0.00154,0.00609,0.99237
29405165,2,2,0.00449,0.02488,0.97063
12052255,0,0,0.98502,0.01325,0.00173
4900293,0,1,0.09073,0.83434,0.07493
18170875,0,0,0.82561,0.16578,0.00862
30441762,2,2,0.00596,0.06657,0.92747
494125,2,2,0.00132,0.00623,0.99245
35157066,2,0,0.50381,0.45516,0.04103
5487690,2,2,0.00148,0.01136,0.98716
35327527,2,1,0.08149,0.83922,0.07929
13653040,1,2,0.012,0.04945,0.93855
28208463,2,2,0.00943,0.02141,0.96916
36152983,0,0,0.62857,0.3526,0.01883
22142634,2,2,0.00129,0.0102,0.98851
23005896,2,2,0.00241,0.02667,0.97092
16241743,1,0,0.86182,0.12986,0.00832
34739278,2,2,0.00136,0.00674,0.99191
15466313,2,2,0.00479,0.02376,0.97145
28067495,0,0,0.86266,0.13229,0.00505
12446196,2,2,0.00104,0.00614,0.99282
8133692,2,2,0.00114,0.00619,0.99267
29621578,2,2,0.00114,0.00748,0.99138
8776990,2,2,0.00421,0.02747,0.96832
25912941,2,2,0.00732,0.15962,0.83306
30320259,2,2,0.00146,0.01004,0.9885
793340,2,2,0.0051,0.02384,0.97106
3097348,2,2,0.00226,0.04353,0.95421
24749502,0,0,0.91712,0.07936,0.00352
20287369,2,2,0.00144,0.00894,0.98962
23898772,2,2,0.00137,0.0102,0.98843
40189927,2,2,0.00158,0.01008,0.98834
26476604,2,2,0.0012,0.00674,0.99206
6410271,1,0,0.77228,0.21954,0.00819
15737940,0,0,0.90922,0.0876,0.00318
22959592,0,0,0.95254,0.04499,0.00247
1349194,2,2,0.00973,0.07217,0.91809
4216818,2,2,0.00467,0.10582,0.88951
16302842,1,2,0.01941,0.34275,0.63784
21179676,0,0,0.63715,0.34237,0.02048
4395503,1,1,0.11704,0.83819,0.04477
10832696,2,2,0.00158,0.01341,0.98502
15748037,2,2,0.00172,0.00432,0.99396
23631943,2,2,0.00128,0.00534,0.99339
13743461,2,2,0.00165,0.01203,0.98631
36186208,2,2,0.0016,0.01118,0.98721
29561866,2,2,0.00342,0.03431,0.96228
37385821,0,0,0.98078,0.01772,0.0015
35709244,2,2,0.00429,0.02575,0.96997
39330869,2,2,0.03615,0.08792,0.87592
23966174,2,2,0.00223,0.02522,0.97255
27714476,2,2,0.00782,0.04533,0.94685
39554634,0,0,0.84284,0.1523,0.00486
13767018,2,2,0.00142,0.00623,0.99234
35609091,2,2,0.00136,0.00847,0.99018
39442117,2,2,0.00154,0.00796,0.99051
34468674,2,2,0.01251,0.03929,0.9482
5953575,2,2,0.00144,0.01132,0.98725
26921117,2,2,0.0023,0.02465,0.97305
259183,2,2,0.00444,0.03633,0.95923
36874589,2,2,0.00132,0.0055,0.99318
39476737,2,2,0.00132,0.00577,0.99292
1389957,2,2,0.0038,0.03649,0.95971
4851760,0,0,0.98636,0.01213,0.00151
29683008,2,2,0.00223,0.01109,0.98668
22294145,2,2,0.00122,0.00711,0.99167
18317573,2,2,0.00149,0.00695,0.99156
21494667,2,2,0.00113,0.00609,0.99278
7635606,2,2,0.00742,0.01282,0.97975
28494653,2,2,0.0013,0.00577,0.99294
19480700,1,1,0.05783,0.88366,0.05851
1245193,1,0,0.81996,0.16593,0.01411
37444881,1,1,0.18344,0.78676,0.0298
10460704,2,2,0.00197,0.00943,0.9886
40077467,2,2,0.00243,0.01908,0.9785
13379912,2,2,0.00168,0.00936,0.98895
35836390,0,0,0.72514,0.25957,0.01529
17844914,2,2,0.00177,0.00789,0.99034
18942916,2,2,0.01317,0.11286,0.87397
15837808,0,0,0.68213,0.30987,0.008
14106360,2,2,0.01838,0.03163,0.94999
2571637,2,2,0.00449,0.02689,0.96862
17981527,2,1,0.03471,0.84743,0.11787
2612168,0,0,0.92941,0.06759,0.003
34121589,2,2,0.00115,0.00538,0.99348
23994909,2,2,0.00136,0.0079,0.99075
36031266,0,0,0.7563,0.23705,0.00665
5658294,2,1,0.14896,0.58916,0.26188
16391553,1,1,0.04258,0.88937,0.06805
34618837,2,2,0.00503,0.02167,0.9733
39248032,2,2,0.00279,0.01835,0.97885
35241114,2,2,0.00258,0.03424,0.96318
4216103,2,2,0.00153,0.01295,0.98552
11766722,2,2,0.0025,0.02083,0.97667
26955358,2,1,0.28578,0.62117,0.09305
5781347,2,2,0.00597,0.03567,0.95836
16384735,2,2,0.00138,0.00717,0.99145
28675846,2,2,0.00187,0.01499,0.98314
11427386,2,2,0.00138,0.00911,0.98951
36028920,2,2,0.00116,0.00464,0.9942
36028535,2,2,0.00407,0.04522,0.95071
27326803,0,0,0.97476,0.02393,0.00131
13698269,0,1,0.04149,0.86647,0.09204
8931886,2,2,0.00198,0.01883,0.97919
13809174,2,2,0.0013,0.00679,0.99192
25950482,2,2,0.00177,0.00922,0.98902
8333220,2,0,0.41164,0.31362,0.27475
479564,2,2,0.00813,0.02941,0.96246
3308118,2,2,0.00146,0.00877,0.98977
10717714,2,2,0.00161,0.00786,0.99053
5532196,1,1,0.21055,0.74791,0.04154
34105712,2,2,0.01052,0.25784,0.73164
36972267,0,0,0.96573,0.03255,0.00172
34322206,1,0,0.50722,0.4156,0.07718
8838479,0,0,0.96882,0.02963,0.00155
30410313,2,2,0.00136,0.00824,0.9904
25725687,0,0,0.76247,0.22715,0.01038
10425455,0,0,0.64319,0.34427,0.01254
25770581,0,0,0.73751,0.24607,0.01642
28782462,2,2,0.00167,0.00497,0.99336
35529839,2,2,0.00163,0.01341,0.98497
6709118,2,2,0.00146,0.01149,0.98705
9356822,2,2,0.00195,0.01682,0.98123
30455530,2,2,0.00191,0.01092,0.98717
30332822,0,0,0.97678,0.02175,0.00147
8833456,0,0,0.82891,0.16515,0.00595
18086576,1,1,0.11054,0.84436,0.0451
14745449,2,2,0.00148,0.01275,0.98577
9000623,2,2,0.00166,0.01035,0.98799
33130427,0,0,0.83314,0.15716,0.0097
25301313,2,2,0.00251,0.03083,0.96666
31524827,2,2,0.00156,0.00668,0.99176
29397546,2,2,0.00136,0.00695,0.99169
18403812,2,0,0.39832,0.3068,0.29488
30530041,0,0,0.97064,0.02748,0.00187
12736042,2,2,0.00114,0.00581,0.99304
34818464,0,0,0.68679,0.30476,0.00845
29395237,2,2,0.00205,0.01581,0.98214
35969019,2,2,0.00122,0.00766,0.99113
19480282,1,1,0.3329,0.64418,0.02292
28565515,0,0,0.98837,0.00954,0.0021
4855997,1,1,0.06786,0.59548,0.33665
15579262,0,0,0.94906,0.04851,0.00243
30525215,2,2,0.00179,0.01305,0.98517
33836498,2,2,0.00174,0.00559,0.99267
34385588,2,2,0.00181,0.01388,0.98431
21359417,0,0,0.98486,0.01341,0.00173
12846026,2,2,0.00227,0.02177,0.97595
23033217,0,0,0.93854,0.05683,0.00463
41542050,0,0,0.86138,0.13365,0.00496
34101288,0,0,0.95413,0.04306,0.00281
24570028,2,2,0.00192,0.0165,0.98158
40207594,0,0,0.97158,0.02674,0.00168
6140379,2,2,0.01309,0.37079,0.61612
32364071,2,2,0.00121,0.00911,0.98967
27844104,0,2,0.07795,0.30411,0.61794
35082374,2,2,0.0041,0.0542,0.9417
15129061,0,0,0.74194,0.24949,0.00857
6632709,0,0,0.86456,0.13104,0.0044
2367697,1,0,0.56981,0.40248,0.02771
14647249,2,0,0.45138,0.21742,0.3312
19725387,2,2,0.00136,0.00586,0.99278
23103643,0,0,0.93629,0.06044,0.00327
8364022,2,1,0.23402,0.74082,0.02515
9715751,2,2,0.00707,0.03784,0.95509
27328625,0,0,0.98637,0.01166,0.00196
5463035,2,2,0.00132,0.00618,0.9925
29770873,2,2,0.00449,0.04182,0.95369
32193183,2,2,0.00153,0.01136,0.98711
35693585,2,2,0.00146,0.01004,0.9885
15739972,1,1,0.35743,0.5536,0.08897
19900943,2,2,0.00177,0.00811,0.99012
24901808,0,0,0.85232,0.14299,0.00469
34212532,0,1,0.29505,0.67274,0.03221
31559608,0,0,0.97177,0.026,0.00223
347340,2,2,0.00427,0.05874,0.93699
913626,2,2,0.01016,0.03916,0.95068
20039790,0,0,0.92907,0.06783,0.0031
9364110,2,1,0.13983,0.81655,0.04362
26016966,2,2,0.0014,0.00777,0.99083
21118989,2,0,0.78801,0.20238,0.00961
19480186,0,1,0.27415,0.69461,0.03124
21032446,2,2,0.00163,0.01118,0.98719
40538895,2,2,0.00187,0.01563,0.9825
19119595,0,0,0.97324,0.02536,0.0014
2124379,2,2,0.00151,0.01106,0.98744
16225592,0,0,0.91636,0.08007,0.00357
16299369,2,2,0.00126,0.00648,0.99226
41463984,2,2,0.00178,0.01931,0.97891
6178878,2,2,0.00249,0.00817,0.98934
7232786,1,1,0.1648,0.80057,0.03463
5313345,2,2,0.00181,0.01398,0.9842
20565107,2,2,0.17895,0.27094,0.55012
10556902,2,2,0.00116,0.00805,0.99079
14088001,2,2,0.0024,0.01299,0.98461
21145688,2,2,0.0039,0.05622,0.93987
18103730,0,0,0.95749,0.04058,0.00194
19233385,2,2,0.00139,0.01218,0.98643
20336014,2,2,0.00138,0.00739,0.99123
34857805,1,1,0.19531,0.68235,0.12234
25441238,1,0,0.94428,0.05338,0.00234
553230,0,0,0.9729,0.02575,0.00135
36591112,2,1,0.27087,0.58875,0.14039
39648601,2,2,0.00278,0.02248,0.97474
28868036,2,2,0.00213,0.00907,0.9888
37807422,2,2,0.01399,0.29573,0.69028
876090,2,1,0.36589,0.58242,0.05169
10816367,2,2,0.04089,0.36299,0.59613
16067000,2,2,0.00295,0.00924,0.98781
22069825,2,2,0.00256,0.01148,0.98596
22882370,2,2,0.00127,0.00781,0.99092
305548,0,0,0.97218,0.02621,0.00161
17506660,2,2,0.12138,0.10546,0.77316
16672001,2,1,0.02538,0.64937,0.32525
5744945,0,0,0.95783,0.03926,0.00291
36287709,2,2,0.0014,0.0089,0.9897
19725169,0,0,0.48406,0.37994,0.136
4128717,2,2,0.00194,0.00653,0.99153
36688008,0,0,0.98779,0.00965,0.00257
12448783,2,2,0.00118,0.00887,0.98995
26928800,2,2,0.00132,0.006,0.99269
10134643,2,2,0.0064,0.02115,0.97245
37732360,2,2,0.00197,0.00897,0.98906
18101902,2,2,0.00106,0.00586,0.99308
37068597,2,2,0.00206,0.01059,0.98735
8204437,0,0,0.70428,0.28567,0.01005
21245646,2,2,0.0034,0.0096,0.987
32993383,2,1,0.05631,0.82747,0.11622
27933082,2,2,0.13164,0.28528,0.58308
13285130,1,1,0.29674,0.68458,0.01868
4783487,2,2,0.00239,0.03267,0.96494
28900915,2,2,0.00101,0.00604,0.99295
20485076,2,2,0.01936,0.44069,0.53995
9061889,2,2,0.07062,0.18484,0.74455
40814254,0,0,0.98836,0.00973,0.00191
26574224,0,0,0.98794,0.00972,0.00234
40743701,2,2,0.00147,0.00711,0.99142
352628,2,2,0.00111,0.00631,0.99258
39378058,0,0,0.98224,0.01619,0.00157
35759602,0,1,0.11065,0.8112,0.07815
4939344,2,2,0.00138,0.00884,0.98979
37994973,2,2,0.00355,0.01333,0.98313
25768445,0,0,0.85795,0.13789,0.00416
26460126,2,2,0.002,0.00969,0.98831
41039339,2,2,0.00232,0.0174,0.98028
3585138,2,2,0.00291,0.02295,0.97413
24224606,2,2,0.05061,0.17004,0.77936
11480374,2,2,0.00122,0.00521,0.99357
17308832,0,0,0.98221,0.01619,0.0016
31633570,2,1,0.07168,0.85966,0.06866
34299880,2,2,0.00122,0.00751,0.99127
2367418,2,2,0.00118,0.00633,0.99249
3943507,1,1,0.07004,0.8803,0.04966
2622244,2,2,0.00815,0.06454,0.92731
41212338,2,1,0.04178,0.75812,0.2001
29013825,2,2,0.00124,0.00728,0.99148
686083,2,2,0.00171,0.00883,0.98946
11230595,2,2,0.00151,0.01118,0.98731
23796359,2,2,0.0029,0.04095,0.95615
12571324,2,2,0.0014,0.00981,0.9888
17854789,2,2,0.00648,0.07632,0.9172
9398066,2,2,0.00154,0.00695,0.99152
24702996,2,2,0.00728,0.02471,0.96801
20476828,2,2,0.00134,0.00538,0.99328
13723200,2,1,0.1305,0.83777,0.03173
8942227,2,1,0.05525,0.81828,0.12647
2671803,2,2,0.00116,0.00737,0.99147
8451055,2,2,0.00252,0.01397,0.98351
14245414,2,2,0.00291,0.02492,0.97218
4876485,2,2,0.01088,0.09047,0.89865
27736419,1,0,0.89532,0.10124,0.00344
29242076,2,2,0.00118,0.00821,0.99061
41113531,2,2,0.00166,0.00679,0.99155
21995573,2,2,0.05346,0.41078,0.53576
20005557,0,0,0.50961,0.47501,0.01539
9306494,0,1,0.07567,0.78542,0.13891
41556735,2,2,0.03395,0.07666,0.88939
14312535,2,2,0.00136,0.00784,0.99081
32864403,2,2,0.00136,0.00643,0.99221
21440735,1,1,0.16557,0.77159,0.06284
10497270,2,2,0.0014,0.00628,0.99232
29509670,2,2,0.00169,0.00863,0.98968
13195250,0,0,0.96812,0.03018,0.0017
27401772,2,2,0.00942,0.03739,0.95319
30505764,2,2,0.00124,0.00633,0.99243
20641266,2,2,0.00163,0.01088,0.98748
7773527,2,2,0.00194,0.01027,0.98779
14838327,2,2,0.00329,0.02563,0.97108
28453099,2,2,0.00245,0.0091,0.98845
29484698,0,0,0.92399,0.07251,0.00349
226882,2,2,0.00371,0.03016,0.96613
33012656,0,0,0.86496,0.12149,0.01355
7830900,2,2,0.01103,0.01174,0.97723
9276313,0,1,0.12068,0.84259,0.03673
27270967,0,1,0.33313,0.64717,0.0197
27112385,2,2,0.00174,0.01072,0.98755
5589975,0,0,0.96755,0.03083,0.00162
31247541,2,2,0.17159,0.28947,0.53895
31320341,2,2,0.00256,0.01221,0.98523
9097988,0,0,0.85724,0.13511,0.00765
17574401,2,0,0.41071,0.35823,0.23106
14282733,2,2,0.00138,0.00863,0.98999
25628482,2,2,0.00211,0.01751,0.98038
13043701,2,2,0.00178,0.01582,0.9824
22567830,2,2,0.0044,0.03071,0.96489
15678062,0,0,0.52324,0.46538,0.01138
27940317,2,2,0.00123,0.00867,0.9901
11995754,1,1,0.09987,0.84278,0.05735
4678052,2,2,0.00395,0.04427,0.95178
23905030,2,2,0.00163,0.01097,0.9874
17951101,2,2,0.00126,0.00538,0.99336
5447647,2,2,0.0025,0.02083,0.97667
34156612,0,2,0.07719,0.2185,0.70431
25981831,2,2,0.00169,0.00821,0.99011
20824934,0,0,0.98423,0.01409,0.00168
32320316,2,2,0.00214,0.01837,0.97949
12703529,2,2,0.00171,0.01158,0.98672
6160688,2,2,0.01405,0.35965,0.62629
15929022,2,2,0.00148,0.01162,0.98689
16770676,2,2,0.00176,0.0114,0.98684
6210064,0,0,0.94245,0.05486,0.00269
28988429,2,1,0.29794,0.6662,0.03586
679457,2,0,0.55726,0.35353,0.08921
14460947,0,0,0.82087,0.16742,0.01171
20176937,2,2,0.00175,0.01891,0.97934
16409943,0,1,0.4432,0.53879,0.01801
30703764,0,1,0.44265,0.52157,0.03577
16481561,0,0,0.75341,0.23987,0.00673
28895188,0,0,0.94851,0.04887,0.00262
2219040,2,2,0.00193,0.01409,0.98398
16925532,2,2,0.0012,0.00818,0.99063
4031349,2,2,0.002,0.02298,0.97502
12815823,2,2,0.00404,0.02254,0.97342
38223001,2,2,0.03698,0.15986,0.80316
315542,2,1,0.02994,0.82828,0.14179
21305145,2,2,0.00151,0.01027,0.98822
33205652,0,0,0.98805,0.00954,0.00241
12664055,0,0,0.98586,0.01265,0.00148
8054132,0,0,0.98525,0.00958,0.00517
17368885,2,2,0.00188,0.01088,0.98724
16892006,2,2,0.00159,0.00648,0.99193
40302444,0,2,0.17159,0.28947,0.53895
41356454,2,2,0.00172,0.00711,0.99118
25715125,1,1,0.1053,0.83471,0.06
2185289,2,2,0.00163,0.01097,0.9874
11667938,1,1,0.06827,0.67882,0.25291
28104935,0,0,0.93112,0.06653,0.00234
41598861,0,0,0.9202,0.07553,0.00426
30136005,1,0,0.88914,0.10661,0.00425
26871538,2,2,0.00261,0.0245,0.97289
29455827,2,2,0.0057,0.01246,0.98184
28865715,2,2,0.00274,0.05156,0.9457
12282578,1,1,0.06984,0.84754,0.08262
38599674,0,0,0.92371,0.07335,0.00294
28279735,0,0,0.78371,0.19281,0.02348
1784018,2,2,0.00223,0.0078,0.98997
26324537,2,2,0.01146,0.03409,0.95444
9428590,2,2,0.00243,0.03402,0.96356
604384,2,2,0.00204,0.00658,0.99139
29521966,0,0,0.84899,0.14355,0.00746
38395217,2,0,0.60721,0.37118,0.02161
40666620,1,2,0.02485,0.28218,0.69297
31594875,2,2,0.00126,0.00674,0.99201
11478941,2,2,0.00147,0.00555,0.99298
30874392,2,2,0.00439,0.03363,0.96198
6953391,2,2,0.03426,0.45837,0.50737
35360784,2,2,0.04891,0.43939,0.5117
22774465,2,2,0.00195,0.02084,0.97721
28535014,2,2,0.00337,0.03175,0.96488
5185266,2,2,0.00328,0.01225,0.98447
39985504,2,2,0.00983,0.23912,0.75105
5926101,2,2,0.0012,0.006,0.9928
18875600,2,2,0.0046,0.01652,0.97888
33761660,0,0,0.69333,0.29357,0.0131
5265941,2,2,0.00122,0.00799,0.99079
35453483,0,0,0.98097,0.01748,0.00155
17960454,2,2,0.03223,0.17458,0.79319
36291248,2,1,0.10435,0.86015,0.0355
41271641,0,0,0.97111,0.02731,0.00158
33915445,1,0,0.95613,0.04185,0.00203
27404715,0,0,0.8173,0.17745,0.00525
10815298,2,2,0.00453,0.04781,0.94766
31666536,2,2,0.01143,0.22965,0.75891
14888184,2,2,0.00134,0.00784,0.99083
9431173,2,2,0.00197,0.00733,0.9907
16509428,0,0,0.95046,0.04675,0.0028
33737980,0,2,0.30498,0.3414,0.35362
39793952,2,2,0.00158,0.00887,0.98955
14257003,0,0,0.88001,0.11476,0.00523
18788065,2,2,0.09412,0.07022,0.83565
1653531,2,2,0.00186,0.0059,0.99224
35469103,2,2,0.0014,0.0088,0.9898
26757031,2,2,0.00204,0.00716,0.9908
1337095,2,2,0.21487,0.33378,0.45135
14806563,2,1,0.31846,0.43998,0.24156
31053655,1,0,0.6085,0.38079,0.01072
32511164,0,0,0.98215,0.01612,0.00173
33871980,2,2,0.02975,0.26619,0.70406
25088653,0,1,0.43138,0.44161,0.12702
9428937,2,2,0.00147,0.00827,0.99026
2401720,0,0,0.90174,0.09034,0.00792
8546682,2,2,0.0025,0.0185,0.979
10592070,2,2,0.01465,0.22822,0.75713
38967672,2,1,0.02681,0.5777,0.3955
17771262,2,2,0.0028,0.03213,0.96507
1357076,0,0,0.82234,0.16416,0.0135
12167061,2,2,0.00191,0.01127,0.98683
4272574,2,2,0.00207,0.02088,0.97705
2839855,2,2,0.01542,0.18134,0.80324
4632207,2,2,0.00298,0.01617,0.98085
11940343,2,2,0.00681,0.02878,0.96441
28052125,0,0,0.98731,0.01047,0.00223
41117645,2,2,0.00116,0.00831,0.99053
6908460,1,0,0.79852,0.19341,0.00808
10971179,2,2,0.01166,0.11129,0.87705
12175851,2,2,0.00163,0.00992,0.98845
19205749,0,1,0.33774,0.64343,0.01883
18311784,0,0,0.97462,0.02337,0.002
4380281,2,2,0.00241,0.01071,0.98688
19662770,2,2,0.00366,0.02671,0.96962
14306802,2,2,0.00188,0.00705,0.99106
8936765,2,2,0.00103,0.00669,0.99229
27740111,2,2,0.00174,0.00936,0.9889
13464029,0,1,0.24778,0.73399,0.01823
4763801,2,2,0.01562,0.09783,0.88655
2968592,2,2,0.0027,0.02032,0.97698
39219791,0,0,0.96601,0.03166,0.00232
14560193,2,2,0.00161,0.00777,0.99062
11185004,2,2,0.00174,0.00756,0.99069
67734,1,1,0.10909,0.71417,0.17673
16097085,2,2,0.008,0.10959,0.88241
5962767,2,2,0.00216,0.02474,0.97309
36504719,2,2,0.00656,0.06444,0.929
25503711,0,0,0.98087,0.01748,0.00165
10058982,2,2,0.00139,0.01127,0.98733
36333743,2,2,0.00135,0.00911,0.98953
24010752,0,0,0.91831,0.07672,0.00497
3961187,2,2,0.00138,0.00947,0.98915
28536692,2,2,0.00158,0.01275,0.98567
4659248,2,1,0.04667,0.71865,0.23468
6728412,0,0,0.90982,0.08663,0.00355
30436097,0,0,0.97399,0.02453,0.00149
38387612,2,2,0.00151,0.00689,0.99159
12521141,2,2,0.04121,0.18114,0.77765
25214167,2,2,0.00288,0.01706,0.98005
14542394,2,2,0.00136,0.00623,0.99241
22234369,0,1,0.44957,0.52973,0.0207
28457086,2,2,0.02814,0.42831,0.54355
35428854,2,2,0.0018,0.00722,0.99098
6312997,2,2,0.00604,0.03947,0.95448
7941032,1,1,0.48209,0.49353,0.02438
8502422,0,0,0.85323,0.13983,0.00693
16007262,2,2,0.17159,0.28947,0.53895
11782911,0,1,0.24293,0.73666,0.02041
3577132,2,2,0.00142,0.00706,0.99152
30081426,0,0,0.96752,0.02976,0.00272
22602191,2,2,0.00137,0.01437,0.98426
18814640,0,0,0.96423,0.03376,0.00201
40558723,2,0,0.45138,0.21742,0.3312
11514502,2,2,0.0014,0.00853,0.99007
17725026,0,1,0.43089,0.54896,0.02015
23765686,0,0,0.83657,0.15536,0.00807
8371099,2,2,0.00127,0.00992,0.9888
2950782,2,2,0.00197,0.0088,0.98923
24930071,0,0,0.88256,0.11309,0.00435
20649787,2,2,0.00181,0.01516,0.98303
750222,0,0,0.9052,0.08721,0.00759
31444797,2,2,0.00124,0.00498,0.99379
34089868,2,2,0.00151,0.01089,0.98761
28027507,2,0,0.82826,0.16309,0.00864
5532855,2,2,0.00218,0.03155,0.96627
11082979,2,2,0.0029,0.01318,0.98392
6183260,2,2,0.00414,0.01292,0.98294
38407358,0,0,0.95456,0.04296,0.00248
39702394,0,0,0.88294,0.11181,0.00525
34973131,2,2,0.01213,0.03159,0.95628
21862331,0,0,0.95384,0.04426,0.0019
14602955,2,2,0.00241,0.00995,0.98764
7452486,0,0,0.96686,0.03157,0.00157
18314991,2,2,0.00127,0.00894,0.98979
12595386,1,1,0.38035,0.56654,0.05311
27144421,2,2,0.00176,0.01043,0.98781
27010116,2,2,0.00211,0.01942,0.97848
13908310,2,2,0.01371,0.04757,0.93873
8789321,2,2,0.00174,0.00705,0.9912
24989247,2,2,0.00527,0.09451,0.90022
39449748,0,1,0.12029,0.822,0.05771
27814065,0,0,0.98289,0.01546,0.00165
7227112,0,0,0.94274,0.05439,0.00286
2194505,1,1,0.27456,0.65479,0.07065
8531762,0,0,0.98787,0.00972,0.00241
27828789,2,2,0.00248,0.01166,0.98586
39621317,0,0,0.74681,0.24436,0.00883
40922077,0,0,0.74336,0.20362,0.05301
29456714,0,1,0.3338,0.6212,0.045
31180505,0,0,0.92993,0.0675,0.00257
30013254,0,2,0.17159,0.28947,0.53895
17771487,0,0,0.96732,0.03017,0.00251
9641375,2,2,0.00237,0.00957,0.98805
12737460,2,1,0.3456,0.63565,0.01875
4202761,2,2,0.00332,0.01692,0.97976
25175281,2,1,0.07835,0.86566,0.05599
10721697,2,2,0.00306,0.02171,0.97523
609712,2,2,0.00172,0.00568,0.99261
18795075,2,2,0.00539,0.10301,0.89161
2951080,2,1,0.0516,0.8263,0.1221
13646563,2,2,0.0018,0.00745,0.99076
18301029,2,2,0.00111,0.00742,0.99147
22736202,1,0,0.95561,0.0423,0.00209
31863657,1,2,0.00159,0.00802,0.9904
3681477,2,1,0.2591,0.70705,0.03385
28669675,2,2,0.0153,0.10261,0.88209
38546082,1,1,0.06516,0.83511,0.09974
33155653,2,2,0.00259,0.01521,0.9822
20652246,2,2,0.00132,0.007,0.99168
3785380,1,1,0.0551,0.85513,0.08978
7874523,2,2,0.00379,0.0093,0.98691
4281257,0,0,0.85476,0.13498,0.01027
15640283,2,2,0.00309,0.01156,0.98535
22863850,2,2,0.00685,0.08206,0.91109
22878354,1,0,0.96008,0.03768,0.00224
29667666,2,2,0.00122,0.00551,0.99328
24275136,2,2,0.00185,0.01076,0.9874
14206546,1,1,0.10183,0.4954,0.40276
23803478,0,0,0.93933,0.05764,0.00304
18837303,2,2,0.05206,0.13365,0.8143
18934660,2,2,0.0014,0.00581,0.99279
27710011,0,0,0.96991,0.0283,0.00179
15519848,1,1,0.08133,0.85409,0.06459
32030581,2,2,0.00434,0.04463,0.95103
32092545,1,1,0.06521,0.65862,0.27617
33165514,2,2,0.00182,0.00922,0.98896
16326822,2,1,0.30867,0.59847,0.09286
17422706,0,0,0.67161,0.31355,0.01484
17275845,2,2,0.066,0.36384,0.57016
15809545,2,2,0.0039,0.02774,0.96836
20936366,2,2,0.01989,0.1917,0.7884
37390733,0,0,0.81488,0.17761,0.0075
35587618,2,2,0.00129,0.00834,0.99037
34936854,2,2,0.00137,0.00985,0.98878
37224538,2,2,0.00127,0.00778,0.99095
29525008,2,2,0.00192,0.00546,0.99262
37177769,0,0,0.96322,0.03467,0.00211
21002347,2,2,0.00114,0.0059,0.99295
5323926,1,0,0.80703,0.18652,0.00646
40692561,0,0,0.8086,0.18184,0.00956
6859454,2,2,0.00111,0.00695,0.99194
35419406,2,2,0.00464,0.02478,0.97059
23049984,2,2,0.00815,0.06454,0.92731
25579925,2,2,0.00149,0.01072,0.9878
30205306,2,2,0.00571,0.03475,0.95955
1397109,0,0,0.71095,0.26775,0.0213
9715353,0,0,0.91372,0.08205,0.00423
17808530,2,2,0.00332,0.01579,0.98088
9740038,2,2,0.00346,0.02343,0.97312
5363341,2,2,0.00313,0.01503,0.98185
10815632,0,0,0.77614,0.21637,0.00749
33669381,0,0,0.96662,0.03071,0.00267
34070116,0,0,0.97996,0.01578,0.00426
22829582,0,0,0.94602,0.04999,0.00399
34401350,0,0,0.97399,0.02177,0.00424
10291589,2,2,0.00116,0.00711,0.99173
17282847,2,2,0.00142,0.01,0.98858
21420297,2,2,0.0014,0.0076,0.991
16354487,2,2,0.00363,0.02162,0.97475
9006223,2,1,0.02414,0.63736,0.3385
11860912,2,2,0.00158,0.00922,0.9892
18291015,2,2,0.00549,0.05745,0.93707
14432153,2,2,0.00129,0.00769,0.99102
5243860,2,2,0.00269,0.00842,0.98888
23595566,2,2,0.00513,0.06261,0.93226
8306704,2,2,0.00171,0.01171,0.98658
12902467,2,2,0.00972,0.11523,0.87505
24424159,2,2,0.00163,0.01035,0.98802
30565115,0,1,0.4145,0.56656,0.01894
13061934,2,2,0.00159,0.00586,0.99256
17664675,2,2,0.0015,0.0161,0.9824
27559369,2,2,0.00154,0.00689,0.99157
34950652,2,2,0.00216,0.01203,0.98582
33310697,0,0,0.69273,0.29562,0.01164
23885465,2,2,0.00536,0.10705,0.88759
40588845,0,0,0.94239,0.05461,0.003
11266700,0,0,0.80288,0.19145,0.00567
2844332,0,1,0.28232,0.69876,0.01891
8662832,2,2,0.00136,0.00763,0.99102
30510215,2,2,0.00202,0.02942,0.96856
32427462,2,2,0.00169,0.00684,0.99147
10118162,2,2,0.00978,0.08171,0.90851
2752059,2,2,0.00205,0.01612,0.98183
27710857,2,2,0.0101,0.08113,0.90877
39829605,0,0,0.8373,0.1561,0.0066
12673573,2,1,0.02391,0.50329,0.4728
32915936,0,0,0.66916,0.24306,0.08777
32222576,2,2,0.00251,0.01587,0.98162
16257134,0,1,0.02818,0.86296,0.10886
27221636,0,0,0.94662,0.05076,0.00262
33827555,2,2,0.00124,0.00687,0.9919
30402894,0,0,0.59718,0.38407,0.01875
4422876,2,2,0.00358,0.04983,0.9466
30807075,2,2,0.00176,0.01275,0.98549
29894994,2,2,0.17159,0.28947,0.53895
18457866,2,2,0.00111,0.0072,0.9917
16359662,0,0,0.98252,0.01256,0.00492
7770660,2,2,0.00466,0.02071,0.97464
17723760,2,2,0.00154,0.00748,0.99098
22475278,2,2,0.00178,0.01751,0.98071
24032950,2,2,0.00122,0.00546,0.99332
35824698,2,2,0.14914,0.25172,0.59914
1655185,2,2,0.00376,0.04627,0.94997
36308205,2,2,0.00129,0.00877,0.98994
2433311,0,1,0.36119,0.61922,0.0196
19866817,2,2,0.00211,0.01972,0.97818
1826318,2,2,0.00173,0.0118,0.98646
7276996,1,1,0.05641,0.76072,0.18286
17820292,2,2,0.00217,0.00525,0.99258
1844531,2,2,0.00508,0.02612,0.96879
2550574,0,0,0.89366,0.10086,0.00548
28529153,0,0,0.70164,0.28571,0.01265
12357879,0,0,0.86151,0.13212,0.00638
4627610,2,2,0.00239,0.01994,0.97768
21308438,2,2,0.00197,0.02302,0.97501
40905446,2,2,0.0016,0.01325,0.98515
26084146,2,2,0.00142,0.0111,0.98748
1720468,2,2,0.00136,0.00847,0.99018
706659,2,2,0.0016,0.01127,0.98713
37944839,2,2,0.00143,0.01973,0.97884
26828853,2,2,0.00195,0.01792,0.98013
3634341,1,0,0.90557,0.0909,0.00353
23559449,2,2,0.00129,0.01208,0.98663
29055805,2,2,0.00113,0.00653,0.99234
10013427,2,2,0.00129,0.00766,0.99105
6314845,1,1,0.06794,0.87767,0.05438
9192117,2,2,0.00142,0.00904,0.98954
36390848,2,2,0.00315,0.0233,0.97355
35457670,0,0,0.97448,0.02381,0.00171
30853444,2,2,0.00585,0.04061,0.95354
28261333,2,2,0.00153,0.00988,0.98858
41293583,2,2,0.00206,0.00873,0.98921
2307127,2,2,0.00409,0.04156,0.95435
20442772,0,2,0.17159,0.28947,0.53895
39107985,2,2,0.17159,0.28947,0.53895
41181021,2,2,0.00252,0.02775,0.96973
38272163,2,2,0.00112,0.00853,0.99034
21106521,0,1,0.3826,0.59957,0.01782
8758008,2,2,0.00144,0.00728,0.99128
37030359,0,0,0.97775,0.02017,0.00207
36174366,2,2,0.00147,0.00586,0.99267
11034447,1,1,0.19905,0.77657,0.02438
16441892,2,2,0.09004,0.15019,0.75977
40594713,2,2,0.0038,0.02073,0.97547
18417312,2,2,0.0069,0.01526,0.97784
9742736,2,2,0.0012,0.00766,0.99115
12152301,2,2,0.00202,0.01545,0.98253
37390418,2,2,0.00132,0.00595,0.99273
953001,2,2,0.00234,0.00999,0.98767
17844424,1,0,0.80061,0.19091,0.00849
23026731,2,1,0.04473,0.78661,0.16867
36584692,2,2,0.00427,0.02947,0.96627
20893531,2,2,0.00166,0.00595,0.99239
8716467,2,2,0.00918,0.01708,0.97374
1881584,0,0,0.77986,0.21237,0.00777
20436730,2,2,0.0012,0.00643,0.99237
35366801,2,2,0.00319,0.00889,0.98792
4136820,2,2,0.00138,0.00658,0.99204
22100636,2,2,0.00355,0.05793,0.93853
20238497,2,2,0.00295,0.03999,0.95706
32547638,2,2,0.00133,0.01016,0.98851
28223741,2,2,0.00114,0.00643,0.99243
38964763,1,2,0.02166,0.48153,0.49681
25799851,1,0,0.8701,0.11961,0.01029
9129231,2,2,0.10293,0.27145,0.62562
9674662,2,2,0.00145,0.00581,0.99274
8779101,0,0,0.98673,0.0114,0.00188
6589451,1,1,0.35742,0.61999,0.02258
34106246,2,2,0.00526,0.09552,0.89922
10561104,2,2,0.00166,0.00876,0.98958
4695918,2,2,0.00327,0.01502,0.9817
40303664,0,0,0.82166,0.17156,0.00678
30903421,2,2,0.13267,0.2393,0.62802
39907875,2,2,0.00142,0.01076,0.98782
10229144,2,2,0.00433,0.06077,0.9349
38805460,2,2,0.00264,0.01109,0.98627
11109905,0,1,0.23016,0.74587,0.02398
8798737,1,1,0.17498,0.76465,0.06036
4310492,0,0,0.86556,0.1274,0.00703
39817592,2,2,0.00504,0.0338,0.96116
23268855,0,0,0.84572,0.14696,0.00732
23134111,0,0,0.94543,0.04895,0.00562
21224205,2,2,0.01661,0.47058,0.51281
3596597,2,2,0.0016,0.0127,0.9857
27317328,0,0,0.79514,0.19334,0.01152
8367328,2,2,0.0019,0.01437,0.98374
19889108,2,2,0.0028,0.01719,0.98001
4975042,0,0,0.9519,0.04584,0.00225
31607383,2,2,0.00316,0.02074,0.97611
39342244,1,1,0.36141,0.62202,0.01658
20777627,2,2,0.00158,0.01035,0.98807
18930442,2,2,0.00239,0.03301,0.9646
40442993,2,2,0.00182,0.01167,0.98652
3774076,1,1,0.2512,0.56636,0.18244
23698908,2,2,0.0013,0.00525,0.99345
11336516,2,1,0.15938,0.798,0.04262
5282412,2,2,0.02544,0.30279,0.67177
8515452,2,2,0.00221,0.02025,0.97755
4116479,2,2,0.00107,0.00628,0.99264
3217788,2,2,0.00173,0.01576,0.98252
36526456,0,0,0.53015,0.44993,0.01992
12536440,2,2,0.00133,0.0089,0.98976
36469433,2,2,0.00364,0.04743,0.94893
22128782,0,0,0.94897,0.04875,0.00228
4881720,1,2,0.03492,0.33135,0.63373
20045736,0,0,0.79293,0.19661,0.01046
35541594,1,1,0.08579,0.58855,0.32566
15154315,0,0,0.85463,0.13762,0.00775
13124741,2,2,0.00301,0.02151,0.97548
23963334,0,0,0.82606,0.16234,0.0116
24426544,2,2,0.0016,0.01285,0.98555
14076873,2,2,0.00171,0.01265,0.98564
35808916,0,0,0.49152,0.49152,0.01695
11271458,2,2,0.0151,0.05789,0.92701
16785878,2,2,0.0016,0.01383,0.98457
28496418,2,2,0.00109,0.00551,0.9934
4298020,2,2,0.11856,0.183,0.69844
11748242,2,2,0.00187,0.01631,0.98182
23373985,2,2,0.00604,0.00958,0.98439
29962845,2,2,0.00194,0.00663,0.99143
8727887,0,0,0.40072,0.25248,0.34679
7153894,2,2,0.00123,0.00947,0.98929
35972384,2,2,0.00332,0.01786,0.97883
21160849,0,0,0.97485,0.02315,0.002
18818617,1,1,0.48651,0.50196,0.01153
6925640,2,2,0.0019,0.01135,0.98674
15668537,2,1,0.44327,0.48875,0.06798
25820047,2,1,0.03844,0.88176,0.0798
37750181,0,0,0.78769,0.20151,0.01081
26263023,2,2,0.00175,0.01692,0.98133
39528130,2,2,0.00145,0.00623,0.99232
16855430,2,2,0.00399,0.03601,0.96001
23847311,0,1,0.0514,0.72641,0.22219
41016740,2,2,0.0012,0.00887,0.98993
18373612,2,2,0.00176,0.0134,0.98484
12255006,0,0,0.60625,0.3606,0.03315
40916606,0,0,0.93781,0.05943,0.00276
30886081,0,1,0.35922,0.6063,0.03447
19081410,0,0,0.73663,0.25358,0.00979
21741074,2,2,0.00172,0.00684,0.99145
21779283,0,0,0.74014,0.24889,0.01098
35574700,0,0,0.84945,0.1414,0.00915
27142649,2,2,0.00125,0.00818,0.99057
23253101,2,2,0.00182,0.01019,0.98799
16749978,0,0,0.66325,0.32833,0.00841
27262934,0,0,0.9561,0.0418,0.00209
35641697,2,2,0.01288,0.02572,0.9614
10808648,2,2,0.00159,0.00529,0.99312
13123130,2,2,0.00229,0.01539,0.98232
2345437,2,2,0.00312,0.01807,0.97882
25276752,2,2,0.00466,0.04981,0.94553
38178488,2,2,0.00973,0.20488,0.78539
17212472,2,2,0.00111,0.00581,0.99308
26915630,2,2,0.00128,0.00555,0.99318
9689029,2,2,0.00131,0.00857,0.99012
32611392,2,2,0.00297,0.01814,0.97889
40991737,0,0,0.59811,0.38466,0.01723
41275181,0,0,0.80982,0.17999,0.01019
22346977,2,1,0.23989,0.71477,0.04534
34125721,2,2,0.10045,0.37322,0.52633
22124811,0,0,0.88351,0.11015,0.00634
19136525,0,0,0.98134,0.01702,0.00165
13019652,2,2,0.01324,0.41503,0.57173
26935150,0,0,0.97203,0.02639,0.00158
4151946,0,0,0.9868,0.01034,0.00286
27407813,2,2,0.00184,0.01516,0.983
8796989,2,2,0.00238,0.02413,0.97349
13334796,2,2,0.00132,0.00681,0.99187
9568225,2,2,0.0012,0.00674,0.99206
17776439,2,2,0.00127,0.00918,0.98954
10532490,2,2,0.01123,0.28296,0.70581
17415569,2,2,0.00122,0.00663,0.99215
33498675,0,0,0.75614,0.237,0.00686
17628564,2,2,0.00203,0.01148,0.98649
25599912,2,2,0.00122,0.00769,0.9911
32913339,0,0,0.98339,0.01499,0.00162
23520330,2,2,0.00116,0.00714,0.9917
718530,2,2,0.00148,0.01222,0.98629
7832195,2,2,0.0016,0.0141,0.9843
12979115,2,2,0.00138,0.00572,0.9929
2172033,2,2,0.0014,0.00973,0.98887
7733881,2,2,0.02355,0.05025,0.9262
2053969,2,2,0.00198,0.01862,0.9794
1182390,2,2,0.0035,0.01006,0.98644
23239822,2,2,0.00132,0.00663,0.99205
35061784,2,2,0.00116,0.00784,0.991
32146527,2,2,0.00278,0.02156,0.97566
8549527,2,2,0.01855,0.22868,0.75276
41439067,2,2,0.00153,0.01171,0.98675
36809019,2,2,0.00122,0.00781,0.99098
10294824,2,2,0.00164,0.01813,0.98023
28676161,0,0,0.97215,0.02637,0.00148
25165803,2,2,0.00126,0.00446,0.99428
4608103,2,2,0.00137,0.01047,0.98815
11095792,2,2,0.00224,0.00576,0.992
30292312,0,0,0.89241,0.10452,0.00307
7124520,2,2,0.00358,0.04977,0.94665
28971118,2,2,0.02483,0.31452,0.66065
21146532,2,2,0.00113,0.00564,0.99324
5533435,2,2,0.00173,0.01499,0.98328
36892255,2,2,0.00171,0.00824,0.99005
37248570,2,2,0.00118,0.00502,0.9938
18608522,1,1,0.02408,0.80364,0.17228
4271160,0,0,0.61528,0.37319,0.01154
22314986,2,2,0.002,0.01144,0.98656
41271844,2,2,0.00301,0.02188,0.97511
24089484,2,2,0.00114,0.00619,0.99267
39747177,1,2,0.00903,0.16517,0.8258
25077059,2,2,0.00373,0.01013,0.98614
4641707,2,2,0.0012,0.00502,0.99378
16882184,0,0,0.69586,0.29235,0.01179
16574768,0,0,0.97282,0.02552,0.00166
9094239,2,2,0.00135,0.00958,0.98906
16788992,0,0,0.98725,0.01084,0.00191
15510119,2,2,0.00142,0.00936,0.98922
4072510,2,2,0.0028,0.03195,0.96525
512588,2,2,0.00127,0.00901,0.98972
41179191,2,1,0.0181,0.53304,0.44886
37545685,2,2,0.00132,0.00628,0.9924
12917658,2,2,0.0025,0.01978,0.97772
25725418,2,2,0.00181,0.01377,0.98442
35196065,1,1,0.39171,0.59033,0.01797
4594692,2,2,0.01128,0.04949,0.93923
11219832,2,2,0.00131,0.00853,0.99015
19324403,2,2,0.00226,0.02512,0.97261
4963686,2,2,0.00147,0.00837,0.99017
588271,2,2,0.00223,0.02522,0.97255
3995321,0,0,0.45513,0.42093,0.12394
1483674,2,2,0.00122,0.00663,0.99215
1199199,0,0,0.95037,0.04773,0.00189
1891837,2,2,0.00129,0.01181,0.9869
18225347,2,2,0.00124,0.00653,0.99223
17120546,2,2,0.00307,0.04734,0.94959
19415549,2,2,0.0012,0.0085,0.9903
29725551,2,2,0.01691,0.19964,0.78345
19037191,2,2,0.00182,0.00936,0.98882
21115070,1,0,0.65557,0.33093,0.0135
8567488,2,2,0.00171,0.00843,0.98986
34294477,2,2,0.00176,0.01404,0.9842
19128745,2,2,0.00124,0.00658,0.99218
25470335,1,0,0.56839,0.4094,0.02221
7552934,2,2,0.00404,0.03767,0.95829
22747050,2,2,0.0014,0.00717,0.99143
26812928,0,0,0.98377,0.01234,0.0039
7775039,2,2,0.00156,0.01076,0.98768
4167042,2,2,0.00131,0.0094,0.98929
33810398,0,0,0.65027,0.34,0.00972
37035448,2,2,0.00177,0.00962,0.98862
7498495,2,2,0.00422,0.02546,0.97032
33144820,2,2,0.00111,0.00619,0.9927
26825833,0,0,0.9311,0.06569,0.0032
40553416,2,2,0.00125,0.00844,0.99031
39385737,2,2,0.00149,0.00834,0.99018
12218864,2,2,0.00232,0.03063,0.96704
19213126,2,2,0.00142,0.01093,0.98765
18564460,0,0,0.95229,0.04495,0.00276
15263132,2,2,0.00226,0.01088,0.98686
38830538,0,0,0.88703,0.10845,0.00451
7565031,1,0,0.71349,0.27941,0.0071
38502983,2,2,0.00128,0.00717,0.99156
22434619,2,2,0.00202,0.01315,0.98483
40616546,2,2,0.00144,0.00843,0.99012
19289694,2,2,0.01796,0.10287,0.87917
21670055,2,2,0.0184,0.2693,0.7123
29017391,1,1,0.32764,0.65158,0.02078
2436348,2,2,0.00142,0.0086,0.98998
9380614,0,0,0.761,0.23119,0.00782
10466818,2,2,0.01462,0.05937,0.92601
9649600,2,2,0.0049,0.03087,0.96422
32151170,0,0,0.94243,0.05512,0.00245
7705841,2,2,0.0014,0.01039,0.98821
16372314,2,2,0.00209,0.0142,0.98372
10534174,2,2,0.00144,0.00936,0.9892
35967129,2,2,0.00153,0.01372,0.98475
9833481,2,2,0.00353,0.01848,0.97799
31604656,1,1,0.0647,0.80688,0.12842
79893,2,2,0.00336,0.01921,0.97743
24835296,2,0,0.87648,0.11862,0.0049
28621227,0,0,0.87321,0.11189,0.01491
2669222,0,2,0.00275,0.01937,0.97789
36364102,2,2,0.00199,0.01409,0.98392
19057183,2,2,0.00126,0.00604,0.9927
9751856,2,2,0.01089,0.33095,0.65816
22568976,0,0,0.96011,0.03626,0.00363
22157445,2,2,0.00111,0.00722,0.99167
29003348,0,0,0.94107,0.05624,0.00268
6020907,2,2,0.00124,0.0076,0.99117
37925978,2,2,0.00174,0.00922,0.98905
172408,2,1,0.27129,0.67539,0.05332
17877189,2,2,0.0085,0.03219,0.95931
40372998,2,2,0.00392,0.06625,0.92983
39763940,2,2,0.00196,0.01361,0.98443
33550565,0,1,0.47747,0.50431,0.01823
26259180,2,2,0.00492,0.02678,0.9683
17451611,2,2,0.0014,0.00648,0.99212
23835639,2,2,0.00212,0.01361,0.98427
26594949,0,0,0.9386,0.05873,0.00268
36467949,0,1,0.02895,0.83956,0.13148
20022949,2,2,0.00142,0.00706,0.99152
19027574,2,2,0.00178,0.0154,0.98282
40512986,2,0,0.90713,0.08825,0.00461
26429264,2,2,0.00158,0.00977,0.98865
43001,2,2,0.00416,0.06863,0.92721
5244145,2,2,0.00302,0.03409,0.96289
28656457,0,0,0.66261,0.32801,0.00938
32353045,2,2,0.00324,0.04058,0.95618
19828536,2,2,0.00156,0.00771,0.99073
14150885,2,2,0.00882,0.03317,0.95801
13551069,2,2,0.00182,0.00774,0.99043
19300250,2,2,0.0032,0.00785,0.98895
28022893,2,2,0.00161,0.00904,0.98935
38085624,2,2,0.00201,0.00542,0.99258
27910281,2,1,0.16843,0.71329,0.11828
14700157,2,1,0.06884,0.82243,0.10873
9708608,1,0,0.45764,0.44183,0.10053
14947506,2,2,0.00808,0.02072,0.9712
7840163,2,2,0.00119,0.01004,0.98877
2374492,0,0,0.86774,0.12898,0.00328
22727758,2,2,0.04671,0.30341,0.64988
9230747,2,2,0.00159,0.00754,0.99088
14770837,2,2,0.00197,0.00996,0.98808
37918706,2,2,0.09382,0.1145,0.79168
240865,1,0,0.88236,0.11131,0.00633
17614877,2,2,0.00305,0.02515,0.9718
15144027,2,2,0.00137,0.01204,0.98659
16147938,1,1,0.20682,0.76993,0.02325
20289865,2,2,0.00171,0.01217,0.98612
11958015,2,2,0.0014,0.00546,0.99314
28705488,2,2,0.00204,0.02178,0.97618
9451809,2,2,0.02668,0.34194,0.63138
35580167,2,2,0.00778,0.04207,0.95014
20920230,1,1,0.12414,0.84341,0.03245
15045835,2,2,0.31392,0.21575,0.47033
38547360,0,0,0.94721,0.05054,0.00224
30634697,2,2,0.00189,0.01721,0.9809
37030929,2,2,0.00415,0.0428,0.95305
19006912,2,2,0.08654,0.34027,0.57319
2435017,2,2,0.00121,0.00922,0.98956
9532006,0,0,0.96124,0.03669,0.00207
27992830,2,2,0.00329,0.0711,0.92562
28578533,0,0,0.98806,0.00988,0.00206
3506987,2,2,0.00144,0.01185,0.98671
5987482,2,2,0.00147,0.00808,0.99045
10612007,2,2,0.00732,0.04918,0.9435
41205359,2,2,0.0018,0.00827,0.98994
20644614,2,2,0.00731,0.02728,0.96541
15204286,2,2,0.00183,0.01927,0.9789
23238041,2,2,0.00114,0.00577,0.99309
8542219,2,2,0.00171,0.00739,0.9909
1096815,2,2,0.00155,0.01232,0.98613
21576856,2,2,0.17159,0.28947,0.53895
39572561,2,2,0.00255,0.01562,0.98183
25424660,2,1,0.30431,0.36761,0.32808
41219184,0,0,0.78273,0.19752,0.01975
41467912,2,2,0.00213,0.01105,0.98683
22628056,0,0,0.55868,0.41194,0.02938
6837611,2,2,0.00122,0.00748,0.9913
32345702,0,0,0.97503,0.02341,0.00156
21574436,2,2,0.00138,0.00824,0.99038
28581448,2,2,0.00182,0.01246,0.98573
8331435,1,2,0.00756,0.20917,0.78327
5998894,2,2,0.03573,0.44735,0.51692
34430695,2,2,0.00272,0.0283,0.96897
6625019,2,2,0.00144,0.00992,0.98864
39652177,2,2,0.00122,0.00628,0.9925
17749178,2,1,0.07523,0.81511,0.10967
29394251,0,0,0.93365,0.06403,0.00231
3782527,2,2,0.00131,0.00802,0.99067
20941747,2,2,0.00428,0.0112,0.98452
579589,0,0,0.94557,0.05108,0.00336
17243779,2,1,0.33873,0.49045,0.17082
26527464,2,2,0.0016,0.01383,0.98457
32689977,2,2,0.00254,0.03447,0.96299
18534397,2,1,0.02964,0.61903,0.35134
13702253,0,0,0.98674,0.01135,0.0019
473887,2,2,0.00234,0.00678,0.99087
17043718,2,2,0.00162,0.01454,0.98384
16498576,2,2,0.00439,0.03196,0.96365
33301185,2,2,0.17159,0.28947,0.53895
25473385,2,2,0.17159,0.28947,0.53895
25407074,0,1,0.3755,0.60475,0.01975
29257327,1,0,0.97351,0.02507,0.00142
38807858,2,2,0.0013,0.00498,0.99373
1333895,2,2,0.00243,0.01707,0.9805
28488630,2,2,0.00138,0.0085,0.99012
860508,2,1,0.11093,0.85564,0.03344
17852568,2,2,0.00166,0.00716,0.99117
10205604,0,0,0.97946,0.01895,0.00159
31988737,2,2,0.00118,0.00638,0.99244
31555139,2,2,0.00158,0.01171,0.98671
23565877,2,2,0.00166,0.00774,0.9906
29067247,2,2,0.00802,0.12112,0.87086
2949658,2,2,0.05967,0.3698,0.57053
9523993,2,2,0.00123,0.00805,0.99071
12952190,2,2,0.01793,0.23716,0.74491
36784449,0,0,0.87828,0.11634,0.00539
14746197,2,0,0.75734,0.2337,0.00896
39333129,0,1,0.36735,0.38385,0.2488
27607209,2,2,0.00239,0.01994,0.97768
39863767,2,1,0.08658,0.47543,0.43799
2217066,2,2,0.00194,0.00824,0.98982
29244519,0,0,0.80586,0.18624,0.0079
5571893,0,0,0.96792,0.03024,0.00184
26221066,0,0,0.98049,0.017,0.00251
29395000,2,2,0.00261,0.02253,0.97486
4337933,2,2,0.00262,0.01829,0.97909
27078263,2,0,0.39914,0.38236,0.2185
3775861,2,1,0.04984,0.8234,0.12677
5227311,2,1,0.14475,0.47833,0.37692
33504817,2,2,0.00169,0.00792,0.99039
28196575,0,1,0.1496,0.81842,0.03198
22316343,2,2,0.00151,0.00911,0.98938
29553720,2,2,0.00356,0.03855,0.95789
14711561,2,2,0.00669,0.07549,0.91783
10200713,2,1,0.0319,0.56552,0.40258
724966,1,1,0.45823,0.50327,0.03851
17869891,2,2,0.00153,0.01204,0.98643
10650274,2,2,0.00257,0.02358,0.97385
13670836,0,0,0.97443,0.02296,0.00261
33757256,0,0,0.92706,0.06915,0.00379
1265555,2,2,0.00346,0.02146,0.97508
41323845,2,2,0.00325,0.02277,0.97398
20371590,2,2,0.00266,0.02135,0.97599
12312706,0,0,0.92354,0.07348,0.00299
35976394,2,2,0.14846,0.40832,0.44322
39547099,0,0,0.95704,0.04084,0.00213
4391294,2,2,0.00413,0.03246,0.96342
21437860,2,2,0.00136,0.00863,0.99001
15894211,1,1,0.14674,0.81485,0.03841
11206517,2,2,0.00225,0.01593,0.98182
23014548,0,0,0.89296,0.10297,0.00407
39461247,2,0,0.68874,0.30089,0.01038
11715935,2,2,0.00136,0.00769,0.99096
16277841,1,0,0.97238,0.02556,0.00206
8803362,2,2,0.00113,0.00653,0.99234
4460536,0,0,0.96905,0.02027,0.01068
27530970,0,0,0.987,0.00909,0.00391
35602796,2,2,0.0014,0.00793,0.99067
28444314,2,2,0.00106,0.00609,0.99285
15165885,2,2,0.00147,0.00703,0.9915
31162987,2,2,0.00127,0.00897,0.98975
33420178,2,2,0.02062,0.29134,0.68805
7635431,1,1,0.17902,0.76829,0.05269
21847930,0,0,0.6508,0.33239,0.01681
23208044,2,0,0.86319,0.13032,0.00649
31813223,2,2,0.00293,0.0328,0.96427
16049970,0,0,0.9663,0.03183,0.00187
10702894,0,0,0.8694,0.11801,0.0126
7607837,2,2,0.00252,0.01345,0.98404
2929974,2,2,0.00146,0.00936,0.98917
14873798,2,2,0.00133,0.00827,0.99039
35290110,2,2,0.32389,0.20668,0.46942
7796373,2,2,0.00134,0.00736,0.9913
30226963,2,2,0.00304,0.01192,0.98504
15710462,2,2,0.0062,0.05922,0.93458
38694482,2,2,0.00175,0.01558,0.98267
33628925,0,0,0.85398,0.1416,0.00441
25074279,2,2,0.01149,0.17019,0.81832
11835508,2,2,0.00114,0.0069,0.99196
32147153,2,2,0.00815,0.06454,0.92731
39657606,2,2,0.00597,0.12179,0.87224
7486462,0,0,0.94795,0.04995,0.00211
28641915,2,2,0.0013,0.00581,0.99289
14626290,0,1,0.09766,0.78948,0.11285
7307161,2,2,0.00199,0.01222,0.98579
28720972,0,0,0.96138,0.03624,0.00238
22226454,0,0,0.55791,0.42443,0.01766
34209215,0,0,0.97413,0.0241,0.00177
2290953,1,1,0.14158,0.79741,0.06101
8548551,2,1,0.38302,0.48041,0.13657
3743169,1,2,0.00185,0.01055,0.9876
13096859,2,2,0.00118,0.00604,0.99278
1173519,0,0,0.57438,0.2336,0.19202
16960511,2,2,0.00196,0.0151,0.98294
20503482,2,2,0.0047,0.02725,0.96805
2737389,0,0,0.89012,0.10569,0.00419
25578756,2,2,0.00515,0.02938,0.96547
41213004,2,2,0.00128,0.0059,0.99282
26791006,2,2,0.00128,0.00633,0.99239
17787936,2,2,0.00185,0.02285,0.9753
26080591,2,2,0.02123,0.07615,0.90263
23545587,2,2,0.00213,0.01019,0.98769
19598796,2,1,0.05832,0.63191,0.30978
12967416,1,1,0.10397,0.70776,0.18827
14356198,2,2,0.00452,0.03479,0.96069
7991996,2,2,0.00238,0.02266,0.97496
34309120,0,1,0.22299,0.72016,0.05685
37719797,0,0,0.98755,0.00888,0.00356
41481062,2,2,0.00116,0.00722,0.99161
39410287,0,0,0.89725,0.09853,0.00422
38750478,2,2,0.00406,0.01833,0.97761
37095327,0,0,0.97393,0.02377,0.0023
11611244,0,0,0.88516,0.11122,0.00362
31934085,2,2,0.00131,0.00853,0.99015
32481644,2,2,0.00257,0.03831,0.95912
3484476,2,2,0.00236,0.03089,0.96675
39650437,2,2,0.00146,0.00911,0.98942
4860668,2,2,0.00194,0.0236,0.97446
1858925,2,2,0.01681,0.10081,0.88239
10182087,2,2,0.00302,0.01821,0.97877
8758668,0,2,0.05855,0.1822,0.75926
10787242,2,2,0.00185,0.01051,0.98764
30184152,1,2,0.0251,0.40819,0.56672
10209454,0,0,0.89043,0.10593,0.00364
3276593,0,1,0.30468,0.6707,0.02462
19367804,2,2,0.03992,0.28481,0.67527
13082944,1,1,0.15458,0.47893,0.36649
4569009,2,1,0.01549,0.54588,0.43863
2950391,2,2,0.00156,0.00623,0.99221
11259950,0,0,0.8273,0.16195,0.01074
6248911,2,2,0.00397,0.02479,0.97124
28429571,2,2,0.00335,0.03773,0.95892
38689835,2,2,0.00261,0.00942,0.98797
11496395,2,2,0.00156,0.01015,0.98829
5990558,2,2,0.00208,0.01551,0.98241
9818356,2,2,0.0012,0.00728,0.99152
35709465,1,0,0.87503,0.11889,0.00608
32725252,1,1,0.23583,0.40947,0.35471
11885653,2,2,0.00185,0.01101,0.98714
26530315,2,1,0.06726,0.61372,0.31902
17752434,2,1,0.08944,0.81609,0.09447
15586905,2,2,0.01492,0.4294,0.55568
16549010,0,0,0.9876,0.01043,0.00197
9633302,2,2,0.00296,0.03777,0.95927
10355038,0,0,0.98428,0.01409,0.00163
3868482,2,2,0.0036,0.02877,0.96763
25806904,2,2,0.00119,0.0102,0.98861
2424427,0,0,0.83763,0.14039,0.02198
377498,1,1,0.4739,0.50842,0.01767
8208439,2,2,0.00221,0.01701,0.98078
22362082,2,2,0.00125,0.0094,0.98935
20667748,2,2,0.0027,0.02005,0.97725
6366287,2,2,0.00171,0.01007,0.98822
20976890,2,2,0.00507,0.10143,0.8935
5604101,2,2,0.00144,0.00944,0.98912
41443332,2,2,0.00136,0.00572,0.99292
32929070,2,2,0.00176,0.01335,0.98489
24419054,2,2,0.00126,0.00674,0.99201
6043150,2,2,0.00128,0.00595,0.99277
29584452,0,0,0.97518,0.02293,0.00188
22368763,2,0,0.43401,0.32395,0.24204
2236735,2,2,0.00248,0.02589,0.97162
1290603,2,2,0.00131,0.0079,0.99079
7246617,1,1,0.41759,0.54041,0.042
10635139,2,2,0.00194,0.01027,0.98779
6965011,2,2,0.09581,0.15936,0.74483
35960450,2,2,0.01009,0.09598,0.89393
3170876,0,0,0.95583,0.04226,0.0019
38100345,2,2,0.01161,0.19947,0.78892
30030951,2,2,0.01746,0.19829,0.78425
6013160,1,1,0.03151,0.56298,0.4055
10379741,2,2,0.02671,0.23434,0.73895
36996260,2,2,0.00272,0.01184,0.98544
4998672,2,2,0.01048,0.33627,0.65326
23020852,2,2,0.00704,0.07138,0.92159
1956151,2,2,0.00527,0.05212,0.94262
22638856,2,2,0.00125,0.0097,0.98905
1429936,0,0,0.92504,0.06801,0.00695
3769818,2,2,0.00315,0.03871,0.95815
13681917,2,2,0.00144,0.01241,0.98615
7230200,0,0,0.95861,0.03951,0.00188
40249805,2,2,0.00104,0.00604,0.99291
31012627,2,2,0.00207,0.0059,0.99203
30717447,2,2,0.00584,0.02722,0.96694
38491016,1,1,0.06478,0.86679,0.06842
17445440,0,0,0.93401,0.06251,0.00348
11551372,2,2,0.00127,0.00748,0.99125
29337929,2,2,0.00148,0.01114,0.98737
5365996,2,2,0.00133,0.01068,0.98799
15951341,0,1,0.40287,0.56152,0.03562
16461269,2,1,0.07016,0.86817,0.06167
20385409,2,2,0.00156,0.00577,0.99267
36512109,0,0,0.97373,0.02462,0.00166
990049,2,2,0.0016,0.01325,0.98515
23201475,2,2,0.00159,0.00733,0.99108
32260571,2,2,0.00173,0.01399,0.98428
12935294,2,2,0.00153,0.01246,0.98601
33530752,2,2,0.00302,0.01842,0.97856
14246105,2,2,0.00799,0.0827,0.90931
17352313,2,0,0.61195,0.33663,0.05142
17311633,2,2,0.0025,0.02083,0.97667
8804968,2,2,0.00222,0.01319,0.98458
22958365,2,2,0.00268,0.0271,0.97022
18004304,2,1,0.36497,0.45957,0.17546
40243178,0,0,0.96982,0.02159,0.00859
3426504,2,2,0.13955,0.14482,0.71563
18433834,1,0,0.59701,0.38395,0.01904
19380869,2,2,0.0042,0.02936,0.96644
9513587,0,0,0.80765,0.18234,0.01001
33100925,0,0,0.98348,0.01482,0.0017
1951264,2,2,0.05238,0.11531,0.83231
21530922,2,2,0.00484,0.07274,0.92242
10094336,2,2,0.01517,0.33987,0.64496
30192390,2,2,0.00216,0.01231,0.98553
16947130,2,2,0.0027,0.02071,0.97659
15224794,2,2,0.00432,0.06212,0.93356
22292222,2,2,0.00146,0.00944,0.9891
16537609,2,2,0.0022,0.02084,0.97696
19207615,2,2,0.00144,0.01051,0.98805
4057674,2,2,0.00131,0.01119,0.9875
8624871,2,1,0.04278,0.82635,0.13087
6847416,2,2,0.00926,0.10297,0.88777
39744256,0,0,0.91245,0.08421,0.00334
33319237,2,2,0.00122,0.00538,0.9934
26633440,2,2,0.00657,0.03369,0.95975
14473729,0,0,0.56142,0.29183,0.14674
5714583,2,2,0.00189,0.02153,0.97658
28081410,2,2,0.0019,0.02661,0.97149
34518737,2,2,0.0012,0.00711,0.99169
34329197,2,2,0.0016,0.01493,0.98347
38357403,2,2,0.0041,0.03784,0.95805
24021939,0,0,0.51558,0.45146,0.03296
34900796,2,1,0.41866,0.54817,0.03318
21902488,0,0,0.8574,0.13726,0.00534
5344309,2,2,0.0051,0.09672,0.89818
11894291,2,2,0.0028,0.01636,0.98084
41491856,2,2,0.00151,0.01167,0.98682
22696007,2,2,0.00733,0.09128,0.9014
12595881,2,2,0.00242,0.00727,0.99031
10388319,2,2,0.00168,0.01093,0.98739
18472224,0,0,0.95064,0.04429,0.00507
2021861,2,2,0.01465,0.08631,0.89904
27934111,2,2,0.01047,0.0471,0.94243
21645901,2,2,0.00187,0.0134,0.98473
23737842,2,2,0.00211,0.01747,0.98042
28242671,0,2,0.26625,0.36043,0.37332
2780398,0,0,0.94019,0.05752,0.00229
33508310,1,2,0.08973,0.29944,0.61082
26170505,2,0,0.51173,0.45871,0.02955
18728058,2,2,0.00114,0.00684,0.99201
4775138,2,2,0.00183,0.02065,0.97752
22771675,0,0,0.76792,0.22523,0.00685
29357117,2,2,0.00921,0.13535,0.85544
12725782,2,2,0.00136,0.0085,0.99014
29679369,2,2,0.00125,0.00922,0.98953
35666169,0,0,0.56839,0.38459,0.04702
32404512,2,2,0.00209,0.01084,0.98707
22805723,2,2,0.00138,0.00973,0.98889
16986503,2,2,0.00316,0.01966,0.97718
9581141,2,2,0.00125,0.00951,0.98924
35514629,0,0,0.96376,0.03422,0.00201
17978684,1,0,0.8107,0.17809,0.01121
38667455,0,1,0.11316,0.80723,0.07961
10791882,2,2,0.00125,0.00818,0.99057
16740014,2,2,0.00259,0.01726,0.98015
6774792,2,2,0.00181,0.01356,0.98463
20500058,1,0,0.92269,0.07398,0.00333
36822813,0,0,0.58695,0.38045,0.0326
21002224,2,2,0.00109,0.00546,0.99344
22403192,2,2,0.00153,0.01246,0.98601
13929535,2,2,0.00541,0.05506,0.93953
39077990,2,2,0.00173,0.01377,0.9845
11334333,0,0,0.96256,0.03549,0.00195
15399292,2,2,0.00379,0.03854,0.95767
5714381,2,1,0.24053,0.7195,0.03996
15824735,0,0,0.61148,0.37379,0.01472
2461298,1,1,0.02222,0.57765,0.40013
26084771,2,2,0.00108,0.00619,0.99274
17979186,2,1,0.45983,0.48568,0.05449
15462616,2,2,0.00412,0.01798,0.9779
28441526,2,2,0.00197,0.00792,0.99011
25254738,2,2,0.00149,0.00799,0.99052
17073157,2,2,0.00116,0.00568,0.99316
29017270,0,0,0.91031,0.08401,0.00567
19619745,0,0,0.98258,0.01564,0.00178
17875053,2,2,0.00156,0.00765,0.99078
21802555,2,2,0.00333,0.02813,0.96854
11319346,2,2,0.00136,0.00653,0.99211
20109115,2,2,0.00142,0.00853,0.99005
15275154,2,2,0.00365,0.01679,0.97957
36988273,2,2,0.00142,0.00847,0.99011
28847924,2,2,0.00142,0.00992,0.98866
26752912,2,2,0.00128,0.00633,0.99239
34674621,2,2,0.00151,0.00653,0.99196
3586864,2,2,0.0012,0.00763,0.99118
37825280,2,2,0.00176,0.00992,0.98832
18028758,0,2,0.00485,0.05679,0.93836
9354536,2,2,0.00229,0.01637,0.98135
8356914,2,2,0.00183,0.00653,0.99165
30349638,2,2,0.00161,0.00984,0.98855
34143459,2,2,0.01119,0.02049,0.96832
27416702,2,2,0.00698,0.13429,0.85873
29513498,2,2,0.00113,0.00521,0.99366
17409718,2,1,0.08707,0.86234,0.05059
17292300,2,2,0.00312,0.03087,0.96601
27363294,2,2,0.01248,0.0338,0.95371
2164091,2,2,0.00244,0.02791,0.96965
2437905,2,1,0.04148,0.84621,0.11231
6246661,2,2,0.002,0.0118,0.9862
10249888,0,1,0.2578,0.66412,0.07809
25177131,2,2,0.00128,0.00614,0.99259
3541904,2,2,0.00118,0.00679,0.99203
32240166,2,2,0.00156,0.00834,0.9901
40476121,2,2,0.00561,0.03541,0.95897
472408,2,2,0.00436,0.04014,0.95551
8757935,1,1,0.05074,0.63781,0.31145
39816017,0,0,0.98466,0.01367,0.00168
39150831,2,2,0.00118,0.00711,0.99171
17483788,1,0,0.96382,0.0341,0.00208
19388158,0,0,0.83942,0.15407,0.00651
27249055,0,0,0.9381,0.0591,0.0028
7123600,2,2,0.00331,0.03615,0.96054
2236554,2,2,0.00594,0.09905,0.89501
23784048,2,2,0.00232,0.01694,0.98074
9795719,1,0,0.50775,0.46959,0.02266
8133293,2,2,0.00186,0.01855,0.97959
16392962,0,1,0.25693,0.7025,0.04057
18868857,0,0,0.93629,0.06104,0.00267
3183441,2,2,0.00171,0.01222,0.98607
4628002,2,2,0.0013,0.00521,0.99349
17471890,2,2,0.009,0.1419,0.8491
30735942,2,2,0.00154,0.00604,0.99242
22809970,0,0,0.79148,0.19856,0.00996
25901679,2,2,0.00144,0.01246,0.9861
11477479,1,1,0.41157,0.56696,0.02147
717566,2,2,0.00207,0.02052,0.9774
28686196,2,2,0.00122,0.00614,0.99264
38589025,2,2,0.0012,0.00837,0.99043
6989213,2,2,0.00199,0.01409,0.98392
8822396,2,2,0.0683,0.07327,0.85843
8386925,2,2,0.00125,0.00775,0.991
538349,2,2,0.00113,0.00638,0.99249
33057917,2,2,0.0014,0.007,0.9916
2427739,2,2,0.01678,0.16846,0.81476
10591509,2,2,0.00177,0.00568,0.99255
12247744,1,1,0.08262,0.63235,0.28502
15892796,2,2,0.00112,0.00766,0.99122
7866639,1,0,0.7916,0.19859,0.00981
3535345,2,2,0.00754,0.14791,0.84455
20658376,1,1,0.23743,0.72,0.04257
29780703,2,2,0.00124,0.00586,0.9929
28325087,2,2,0.00134,0.00769,0.99098
26821620,2,2,0.00118,0.00695,0.99187
38613350,0,0,0.84014,0.1542,0.00566
23176762,2,2,0.00572,0.11771,0.87657
20190736,2,2,0.00598,0.01908,0.97494
34579241,2,2,0.00474,0.07841,0.91685
11003045,2,2,0.00431,0.02071,0.97498
20131355,2,1,0.10123,0.47918,0.41959
11836809,2,2,0.0019,0.01569,0.98241
8350187,2,2,0.00353,0.01869,0.97778
34803353,2,2,0.01021,0.20352,0.78627
30184698,2,2,0.00364,0.01711,0.97924
8169526,0,1,0.20794,0.74446,0.04759
9129425,0,0,0.64602,0.34579,0.0082
12921717,2,2,0.00256,0.01304,0.98441
4040794,2,1,0.11726,0.64387,0.23887
33163522,2,2,0.00186,0.01761,0.98052
13729576,2,2,0.08184,0.0851,0.83306
31198057,2,1,0.22211,0.74993,0.02796
32244849,0,0,0.73007,0.25329,0.01664
39166107,0,0,0.91043,0.08602,0.00355
6577780,2,2,0.00175,0.02049,0.97776
11174368,2,2,0.00142,0.00604,0.99253
22447122,2,2,0.00161,0.00808,0.99031
24076497,2,2,0.00299,0.04291,0.9541
24197737,0,0,0.83271,0.15404,0.01325
27436456,2,2,0.0016,0.01114,0.98725
39353794,2,2,0.00134,0.00628,0.99238
18704986,2,2,0.00106,0.00623,0.99271
26496576,2,2,0.00147,0.00748,0.99105
33868348,2,0,0.97628,0.02187,0.00186
4556490,2,2,0.00401,0.07474,0.92125
31064958,2,2,0.00196,0.01377,0.98427
22421451,2,2,0.01133,0.06001,0.92866
14474550,2,2,0.00169,0.00739,0.99092
30780961,0,0,0.94664,0.05086,0.0025
14926149,0,0,0.94188,0.05547,0.00265
8644460,2,2,0.00179,0.00883,0.98937
25544537,0,0,0.97382,0.0245,0.00169
13116931,2,2,0.0012,0.007,0.9918
27101425,2,1,0.0187,0.58159,0.39972
19765251,2,2,0.00186,0.00509,0.99305
37548186,2,2,0.00113,0.00546,0.99341
1001440,2,2,0.00919,0.20121,0.7896
16128254,2,2,0.04485,0.05781,0.89733
30103779,2,2,0.00225,0.01545,0.9823
6769755,2,2,0.0036,0.02866,0.96774
6089002,2,2,0.00136,0.00538,0.99326
8561319,2,2,0.00189,0.00554,0.99257
5875434,2,2,0.009,0.05857,0.93243
26605338,0,0,0.54057,0.37153,0.0879
35687000,2,2,0.00122,0.00674,0.99205
4044845,2,0,0.65338,0.22481,0.12181
38429511,0,0,0.66768,0.32161,0.01071
38913959,0,0,0.96308,0.03328,0.00364
22835233,2,2,0.00254,0.0204,0.97706
30410756,2,2,0.0103,0.01822,0.97149
129126,2,2,0.00481,0.06376,0.93143
9171709,1,1,0.11559,0.85493,0.02948
17616670,2,1,0.01863,0.60725,0.37412
34397314,2,2,0.00192,0.01979,0.97829
37423350,2,2,0.00195,0.01781,0.98023
21368090,2,2,0.02096,0.21084,0.7682
37062357,2,2,0.0052,0.01992,0.97488
25949939,2,2,0.00169,0.00918,0.98913
12831111,2,2,0.00187,0.01437,0.98376
23883140,2,2,0.00176,0.01035,0.98789
15084580,2,2,0.00254,0.03461,0.96285
41402579,2,2,0.00182,0.00762,0.99055
23207683,1,0,0.76193,0.22877,0.0093
29000407,0,0,0.63508,0.34529,0.01963
30845655,2,2,0.00128,0.00633,0.99239
19711998,0,0,0.95704,0.04094,0.00203
40809056,0,0,0.91308,0.08096,0.00596
33917740,2,2,0.00582,0.10314,0.89104
4631503,2,2,0.00151,0.00954,0.98894
16728876,2,2,0.00221,0.0174,0.98038
39298850,0,0,0.81701,0.17059,0.01241
22812273,1,1,0.30943,0.64113,0.04944
2297683,2,2,0.00981,0.16026,0.82992
39272853,0,1,0.34411,0.58879,0.0671
18661482,0,0,0.97442,0.02364,0.00194
2518265,2,2,0.00241,0.01007,0.98752
16047137,2,2,0.00136,0.0079,0.99075
2023805,2,2,0.00218,0.01879,0.97903
26418916,2,2,0.0013,0.00581,0.99289
36407854,2,2,0.00125,0.00748,0.99126
24072621,2,2,0.0022,0.00572,0.99208
38577325,2,2,0.00114,0.00643,0.99243
12548557,2,2,0.00137,0.01089,0.98774
35454290,0,0,0.81625,0.17379,0.00996
18640825,2,2,0.00624,0.03859,0.95518
29017235,0,0,0.89909,0.09777,0.00314
29731805,0,0,0.97175,0.02643,0.00182
32441878,2,1,0.26633,0.49611,0.23757
86348,2,2,0.00142,0.00837,0.99021
14475639,2,2,0.00131,0.00772,0.99097
7572459,0,0,0.93577,0.06059,0.00365
4630198,1,0,0.54407,0.43717,0.01876
39960711,0,0,0.93631,0.06015,0.00354
15125834,2,2,0.00244,0.02747,0.97009
6128983,0,0,0.84481,0.14369,0.0115
21038334,2,2,0.0024,0.0134,0.9842
37209590,2,2,0.0014,0.00517,0.99342
28922840,0,0,0.74675,0.23775,0.0155
14024138,2,2,0.0078,0.14543,0.84677
25949119,2,2,0.0012,0.00505,0.99375
15024868,1,1,0.14203,0.53602,0.32195
14356343,2,1,0.0646,0.87106,0.06434
28594695,2,2,0.01455,0.43525,0.5502
37709062,2,2,0.00144,0.0088,0.98976
9450769,2,1,0.01751,0.61246,0.37003
24990594,2,0,0.97542,0.02294,0.00164
38084723,2,2,0.00147,0.00834,0.9902
18952420,2,2,0.0018,0.0078,0.9904
20247299,2,2,0.03808,0.08157,0.88035
7142579,1,1,0.35397,0.59978,0.04625
6653529,2,2,0.00182,0.01241,0.98578
15865748,2,2,0.00138,0.0083,0.99032
31199404,2,2,0.00169,0.00774,0.99057
12550052,1,2,0.09808,0.44303,0.45888
9429917,2,2,0.00186,0.00653,0.99162
15811062,2,1,0.29607,0.63914,0.06478
35965671,2,2,0.00137,0.01047,0.98815
21337980,2,2,0.00113,0.00648,0.99239
997560,2,1,0.02372,0.65132,0.32496
7141260,2,2,0.00162,0.01558,0.9828
6726796,2,2,0.00334,0.00975,0.98691
41150908,2,2,0.00229,0.02969,0.96802
15822936,2,2,0.0018,0.01898,0.97922
3149804,2,2,0.00195,0.02018,0.97788
10207545,0,0,0.96067,0.03655,0.00278
5443664,2,2,0.00229,0.01587,0.98184
36910464,2,2,0.00151,0.00897,0.98952
12069300,2,2,0.00142,0.00668,0.99189
24533269,2,0,0.50572,0.44282,0.05146
17765893,2,2,0.00172,0.01898,0.9793
1491265,2,2,0.00136,0.00711,0.99153
19581856,2,2,0.03127,0.19307,0.77565
7418021,2,2,0.00168,0.01068,0.98764
32324904,2,1,0.09574,0.86169,0.04257
15814870,2,2,0.0014,0.01035,0.98825
9706931,0,1,0.17707,0.78089,0.04204
14881754,2,2,0.00953,0.27951,0.71097
33539394,0,0,0.87527,0.12126,0.00347
10014891,2,2,0.09953,0.30719,0.59328
31649598,2,2,0.00131,0.0128,0.98589
25741234,0,1,0.3548,0.61784,0.02736
8215319,2,2,0.00184,0.01625,0.98192
11237178,2,2,0.00219,0.01436,0.98345
39870419,0,2,0.1635,0.35782,0.47868
34231927,0,0,0.84542,0.14691,0.00767
21794542,0,0,0.98737,0.01007,0.00256
10471463,2,2,0.00321,0.03425,0.96254
6641213,2,2,0.01233,0.293,0.69467
1784264,2,2,0.003,0.03812,0.95888
14864731,0,0,0.82064,0.16935,0.01001
34938088,2,2,0.00695,0.03188,0.96117
17217467,2,2,0.00492,0.11341,0.88166
16659086,0,0,0.98111,0.01732,0.00157
15194822,2,2,0.00615,0.1224,0.87145
11474784,2,2,0.00118,0.00763,0.99119
29774221,0,0,0.98555,0.01226,0.00219
6244302,2,2,0.00171,0.00947,0.98882
12124251,2,2,0.00225,0.01458,0.98316
17914418,2,2,0.0012,0.00877,0.99004
2811382,2,2,0.00161,0.0088,0.98959
26435909,2,2,0.00384,0.0265,0.96965
6388835,0,0,0.9876,0.01055,0.00185
11839241,0,0,0.73344,0.25248,0.01408
11519130,0,0,0.83989,0.15597,0.00414
14764062,2,2,0.00234,0.00817,0.98949
2685616,1,0,0.92949,0.06786,0.00265
14474043,2,2,0.00232,0.01857,0.97911
23351899,2,2,0.00167,0.01516,0.98316
30937617,0,0,0.80014,0.19456,0.00531
31369531,2,2,0.01039,0.22647,0.76314
12559558,0,0,0.98299,0.01528,0.00173
25545103,2,2,0.05581,0.08476,0.85943
31398065,0,0,0.83349,0.15907,0.00744
14622924,2,2,0.01834,0.28249,0.69917
8697373,2,2,0.00109,0.00494,0.99397
32412246,0,0,0.57222,0.40576,0.02201
35389429,2,2,0.00111,0.00609,0.9928
18741802,2,2,0.00285,0.01381,0.98334
10504361,0,0,0.89673,0.0961,0.00718
12292648,2,2,0.00193,0.01487,0.9832
39950359,0,0,0.92795,0.06855,0.00351
40259280,0,0,0.94076,0.05639,0.00286
40374642,0,0,0.52875,0.41828,0.05297
21909206,2,2,0.0035,0.02514,0.97136
19768239,1,1,0.05795,0.83834,0.10371
26549449,2,2,0.00168,0.01194,0.98638
25957110,2,0,0.49051,0.42783,0.08165
25496285,2,2,0.00258,0.01956,0.97786
24707651,2,2,0.00144,0.00915,0.98941
31917210,0,0,0.76729,0.22242,0.01028
40181861,2,2,0.01764,0.45861,0.52375
18023265,2,2,0.00891,0.08211,0.90898
11600645,2,2,0.00165,0.01616,0.9822
39904008,2,2,0.00375,0.0342,0.96205
16439647,0,0,0.97691,0.02129,0.0018
17297487,0,1,0.24411,0.73305,0.02284
8273335,2,2,0.00325,0.02188,0.97487
41078769,2,2,0.00421,0.01282,0.98297
25640266,2,1,0.01521,0.55741,0.42738
40237825,0,0,0.98743,0.01063,0.00194
34105315,2,2,0.00309,0.0103,0.98661
2076107,2,2,0.01053,0.01921,0.97026
6943623,2,2,0.00163,0.0126,0.98577
14609993,2,2,0.00503,0.10802,0.88695
22167762,2,2,0.00271,0.03177,0.96552
23363510,1,1,0.09124,0.83574,0.07303
4348260,0,0,0.84176,0.1521,0.00613
19751970,2,2,0.00532,0.08556,0.90912
30886438,2,2,0.002,0.00869,0.9893
13537791,2,2,0.00126,0.00648,0.99226
40432846,0,2,0.10608,0.10859,0.78533
21598432,2,2,0.00188,0.00633,0.99179
39610110,2,1,0.0757,0.74683,0.17747
27424395,2,2,0.0057,0.05035,0.94395
38293592,2,2,0.00501,0.06926,0.92573
4483296,2,2,0.00237,0.00925,0.98838
34399110,2,2,0.00251,0.03181,0.96568
18520970,2,2,0.0053,0.03075,0.96395
38335002,0,0,0.98387,0.01414,0.00199
20346070,2,0,0.82908,0.15217,0.01875
39178025,2,2,0.0032,0.0229,0.9739
36790919,2,2,0.07962,0.22992,0.69046
39519064,0,0,0.98765,0.00895,0.0034
22971352,0,0,0.70545,0.28392,0.01063
5783626,2,2,0.06211,0.18707,0.75081
14899509,2,2,0.00632,0.09902,0.89467
29144614,2,2,0.00191,0.01071,0.98738
1726514,2,2,0.00451,0.05175,0.94374
40001095,0,0,0.97925,0.01928,0.00147
3752479,1,0,0.64875,0.33789,0.01336
15872083,2,2,0.01146,0.10639,0.88215
23176630,2,2,0.00268,0.01226,0.98506
38084916,2,2,0.00256,0.04114,0.95629
872924,2,2,0.03036,0.19265,0.77698
21408634,2,2,0.00244,0.0269,0.97066
15566988,0,0,0.90731,0.08966,0.00303
4589776,1,2,0.00266,0.02107,0.97627
14425582,2,2,0.00293,0.03096,0.9661
572806,2,2,0.0068,0.04521,0.94799
19811891,2,2,0.00108,0.00551,0.99342
34393165,2,2,0.00246,0.02017,0.97737
5079037,2,2,0.00167,0.01552,0.98281
5751828,2,2,0.00233,0.0126,0.98507
24008053,2,2,0.002,0.01101,0.987
6622978,2,2,0.00381,0.064,0.93219
20912107,0,0,0.51811,0.46808,0.01381
23253676,2,2,0.00197,0.00863,0.9894
13700859,2,2,0.00326,0.03329,0.96344
23086647,1,1,0.18461,0.73371,0.08168
7963743,2,2,0.01472,0.02352,0.96176
29449648,2,2,0.00142,0.00883,0.98975
28068645,2,2,0.00156,0.01131,0.98713
15077336,2,2,0.01185,0.17013,0.81802
10212473,2,2,0.00227,0.02293,0.9748
1343421,2,2,0.00332,0.04669,0.94998
5213844,2,2,0.00186,0.00653,0.99162
6471667,0,0,0.91032,0.08634,0.00333
10121859,2,2,0.00723,0.0604,0.93237
13313986,2,2,0.00154,0.00883,0.98963
21139050,0,1,0.37957,0.5925,0.02793
39763023,2,2,0.00292,0.01981,0.97727
31215997,2,1,0.05977,0.86813,0.0721
9936319,0,0,0.9773,0.02072,0.00198
28399032,1,0,0.94543,0.05137,0.0032
30106761,2,2,0.00246,0.00689,0.99066
13021779,0,0,0.88606,0.10833,0.00561
4628255,0,0,0.96402,0.03428,0.00169
35781072,0,0,0.94926,0.04527,0.00547
4260150,2,2,0.00163,0.013,0.98537
9247977,2,2,0.00399,0.035,0.96101
7740722,2,2,0.00122,0.00751,0.99127
8650648,2,2,0.00151,0.00908,0.98941
3964173,2,2,0.00938,0.10569,0.88493
28782928,0,0,0.88639,0.10545,0.00816
19462952,2,2,0.00223,0.02306,0.97471
36061930,1,1,0.09474,0.86103,0.04423
7124392,2,2,0.00748,0.04328,0.94924
14415159,0,0,0.98739,0.01034,0.00226
8139052,2,2,0.00134,0.00668,0.99198
11231094,2,2,0.0086,0.05737,0.93403
33538942,2,2,0.00138,0.00736,0.99126
21143998,2,1,0.04021,0.78899,0.1708
40013760,2,2,0.00144,0.00988,0.98868
32528786,2,2,0.00606,0.0946,0.89934
14796266,2,2,0.00147,0.00739,0.99114
7330856,2,2,0.00433,0.04661,0.94906
26166855,2,2,0.00144,0.0106,0.98796
9768821,0,0,0.8724,0.12181,0.00579
30474000,2,2,0.00224,0.02144,0.97632
18930885,2,2,0.00847,0.11379,0.87774
12308107,2,2,0.00122,0.0059,0.99288
1726030,0,0,0.88462,0.11159,0.00379
10481778,2,1,0.4546,0.52735,0.01804
19736143,2,2,0.0049,0.07494,0.92015
31603657,2,2,0.3416,0.23987,0.41853
39631401,2,2,0.00633,0.00957,0.9841
37759135,2,2,0.00299,0.02673,0.97028
32429230,2,0,0.41495,0.36978,0.21527
19377197,2,2,0.00136,0.00818,0.99047
41322893,0,0,0.85007,0.14374,0.00619
18596535,2,2,0.0014,0.01012,0.98849
20422826,0,1,0.16304,0.80525,0.03171
8548458,1,1,0.3241,0.65215,0.02375
11228567,2,2,0.00131,0.00837,0.99032
26564835,2,2,0.00189,0.01799,0.98012
10284143,2,2,0.00147,0.00706,0.99148
32066884,2,2,0.00127,0.00947,0.98925
13674875,0,0,0.97082,0.02727,0.0019
28391960,2,2,0.0012,0.0084,0.9904
21474622,0,0,0.96769,0.03069,0.00162
14310952,0,0,0.65368,0.33387,0.01245
1162111,0,0,0.97587,0.02203,0.0021
19709910,2,2,0.00323,0.01206,0.98471
35706759,2,2,0.00712,0.01567,0.97721
31933490,2,2,0.00224,0.02157,0.9762
8903686,0,0,0.97301,0.02526,0.00174
20815369,2,2,0.01198,0.37848,0.60955
33674433,2,2,0.00799,0.01602,0.97598
20539134,2,2,0.00378,0.04121,0.95501
9742019,2,2,0.0125,0.13835,0.84915
5674748,0,1,0.08229,0.85412,0.06359
15766061,2,2,0.00153,0.00929,0.98918
12263333,2,2,0.00125,0.01114,0.98761
32892265,2,2,0.00129,0.0079,0.99081
19760179,1,1,0.23625,0.73629,0.02746
16636332,2,2,0.04619,0.12866,0.82515
912791,2,2,0.0026,0.01289,0.98452
12296537,2,2,0.02038,0.13304,0.84658
14527447,0,0,0.97216,0.02626,0.00158
14121414,2,2,0.00111,0.00725,0.99164
16916266,0,0,0.72264,0.26689,0.01047
37233095,0,0,0.48439,0.44104,0.07457
39438691,2,2,0.00322,0.01485,0.98192
37617410,2,2,0.00149,0.00955,0.98897
20832285,2,2,0.01979,0.01903,0.96117
25635267,2,2,0.00267,0.03229,0.96504
31456060,0,0,0.57003,0.4138,0.01617
11226099,0,0,0.95725,0.03994,0.00282
12408279,2,2,0.0012,0.00706,0.99174
4930042,1,1,0.03635,0.62939,0.33426
17604454,1,1,0.28325,0.69019,0.02655
41477904,2,2,0.00138,0.00966,0.98897
32196944,0,0,0.79436,0.1924,0.01325
18590142,2,2,0.00154,0.00538,0.99308
2498044,2,2,0.00263,0.03051,0.96686
2199350,2,2,0.00182,0.00965,0.98853
4446684,2,2,0.07018,0.30427,0.62554
6366400,2,2,0.00147,0.00618,0.99235
41037494,0,0,0.97049,0.02798,0.00153
4052382,2,2,0.00159,0.00478,0.99363
16361465,1,0,0.55188,0.43657,0.01154
41276388,2,2,0.00185,0.00827,0.98988
14328157,2,2,0.00189,0.02033,0.97778
28219007,2,2,0.01605,0.16056,0.82339
35681899,1,2,0.01104,0.0982,0.89076
36251074,1,0,0.73015,0.24745,0.0224
19927493,2,2,0.00444,0.02227,0.97329
28997263,2,1,0.06008,0.86914,0.07079
19134562,2,2,0.00116,0.00609,0.99275
5118011,2,2,0.01578,0.25869,0.72553
3443778,2,2,0.01522,0.43116,0.55362
35189219,2,2,0.00324,0.04037,0.95639
13041607,2,2,0.00254,0.01986,0.9776
8824474,2,2,0.03396,0.41369,0.55235
19977135,1,1,0.14246,0.80787,0.04967
12180460,2,2,0.00296,0.03912,0.95793
39144334,2,2,0.00126,0.00479,0.99396
16592840,1,0,0.91712,0.07936,0.00352
5066168,0,0,0.98578,0.01246,0.00176
11984474,0,0,0.74905,0.23478,0.01617
8571731,2,1,0.02686,0.54801,0.42513
31644581,2,2,0.00145,0.00679,0.99177
28501235,2,2,0.00116,0.00784,0.991
12973547,0,0,0.76776,0.21487,0.01736
19216302,2,2,0.00166,0.00996,0.98838
28103778,2,1,0.10157,0.85708,0.04136
23269280,2,1,0.23,0.3882,0.3818
12604841,2,2,0.01187,0.0672,0.92093
15205310,0,1,0.37013,0.61263,0.01724
36102484,2,2,0.00333,0.03006,0.96662
36980721,2,2,0.00124,0.00725,0.99151
27378126,2,2,0.00406,0.06328,0.93266
22942870,0,0,0.98566,0.01231,0.00203
6535215,2,2,0.00367,0.03918,0.95715
16340481,2,2,0.00139,0.01208,0.98652
17926833,0,0,0.69338,0.28015,0.02647
700200,2,2,0.08941,0.3543,0.5563
35039451,2,2,0.0014,0.00808,0.99052
18304104,2,2,0.00132,0.00745,0.99123
3577137,2,2,0.01234,0.21204,0.77562
8570647,2,2,0.00124,0.00709,0.99168
36336023,0,0,0.94973,0.04803,0.00225
10721699,2,2,0.00677,0.07839,0.91484
14942061,2,2,0.00171,0.01035,0.98794
34675101,2,2,0.00144,0.00969,0.98886
2172778,2,2,0.00148,0.01101,0.9875
39810072,2,2,0.00179,0.00922,0.98899
36695115,2,2,0.00123,0.00853,0.99023
25291608,0,0,0.9824,0.01626,0.00134
36282181,2,2,0.00178,0.01398,0.98423
3539269,2,2,0.00123,0.01044,0.98833
29778707,0,0,0.97774,0.02069,0.00156
5068396,1,0,0.53706,0.44873,0.0142
17329389,0,0,0.96083,0.03746,0.00172
21794779,1,1,0.08831,0.77491,0.13678
32536524,2,2,0.0019,0.01415,0.98396
19691085,2,2,0.00114,0.00572,0.99313
19335559,0,0,0.84441,0.14905,0.00655
10385296,2,2,0.00465,0.09474,0.90061
1104554,2,2,0.00298,0.01474,0.98228
2989894,0,0,0.5477,0.43327,0.01904
19900239,2,2,0.00122,0.0079,0.99089
20060361,0,1,0.23016,0.73719,0.03264
14194554,2,2,0.00254,0.01974,0.97772
40282103,0,0,0.58751,0.28886,0.12363
15688312,2,2,0.00242,0.0059,0.99168
14411840,1,2,0.00698,0.10706,0.88596
646818,2,2,0.00145,0.00689,0.99166
16521290,1,1,0.06072,0.62296,0.31632
39555982,2,2,0.00643,0.09693,0.89663
4126261,2,2,0.00138,0.00843,0.99019
40357185,1,0,0.45138,0.21742,0.3312
28880526,2,2,0.0012,0.00844,0.99037
15604398,1,1,0.04403,0.87748,0.07849
40937012,2,2,0.00178,0.01465,0.98357
12638621,2,0,0.91184,0.0822,0.00595
15408473,2,2,0.01382,0.17062,0.81557
35809192,0,0,0.8741,0.12087,0.00504
23877216,2,2,0.00134,0.00714,0.99152
2974194,2,2,0.0033,0.02281,0.97389
17114716,2,2,0.00256,0.02535,0.97208
38717283,2,2,0.0013,0.00633,0.99237
27142679,0,0,0.85542,0.13508,0.0095
36449366,0,0,0.93595,0.06125,0.0028
27567391,2,2,0.00182,0.00843,0.98975
17396841,2,2,0.00153,0.01383,0.98465
30255838,2,2,0.00124,0.00695,0.99181
25321196,0,0,0.96977,0.02833,0.0019
38098057,2,2,0.00382,0.06153,0.93465
37661078,2,2,0.00255,0.01674,0.98071
17176672,2,2,0.00211,0.01956,0.97833
36377273,2,2,0.00151,0.00925,0.98924
30140836,2,2,0.0145,0.3029,0.6826
17658400,1,1,0.04267,0.83068,0.12665
3074525,0,0,0.95341,0.04369,0.0029
8860212,2,1,0.03635,0.62939,0.33426
33944525,2,2,0.00303,0.01452,0.98245
8738253,0,0,0.98164,0.0165,0.00187
3042572,2,2,0.00251,0.01668,0.98081
4707873,2,2,0.00171,0.00962,0.98867
38704594,0,2,0.19691,0.13041,0.67268
8557024,2,2,0.00134,0.00443,0.99423
20592755,2,2,0.00369,0.0192,0.97711
12155187,0,0,0.9756,0.02263,0.00177
11916089,2,2,0.00158,0.0085,0.98992
25212346,2,2,0.00125,0.00802,0.99072
40622766,0,0,0.98636,0.01185,0.00179
13316499,0,1,0.23428,0.7431,0.02262
3499414,2,2,0.00333,0.0434,0.95326
41305319,2,2,0.00163,0.01118,0.98719
37357705,0,0,0.97485,0.02356,0.00158
19922677,2,2,0.00522,0.08851,0.90626
35694824,2,2,0.01537,0.13203,0.85259
1866672,2,2,0.0014,0.00814,0.99046
41011766,0,0,0.98183,0.0167,0.00148
2458775,2,2,0.00197,0.00786,0.99017
37942808,2,2,0.00494,0.02339,0.97166
1476767,2,2,0.0012,0.00577,0.99303
21868534,2,2,0.00232,0.01504,0.98264
14114573,2,2,0.00153,0.00911,0.98935
23927708,2,2,0.00485,0.04065,0.9545
14436012,2,1,0.01571,0.6036,0.38069
23336194,2,2,0.00154,0.00722,0.99124
2996644,2,2,0.00261,0.00768,0.98971
20731439,2,0,0.67093,0.30958,0.01948
34803774,2,2,0.0018,0.0055,0.9927
36836628,2,2,0.03862,0.29789,0.66349
20335846,2,2,0.00118,0.01048,0.98835
20046611,2,2,0.00364,0.01785,0.97851
40267564,2,2,0.00158,0.01246,0.98596
38286164,0,0,0.72246,0.26786,0.00968
41430203,2,1,0.33188,0.42015,0.24796
2535712,2,2,0.00321,0.05073,0.94606
37090707,0,0,0.98477,0.01378,0.00146
31676194,0,0,0.91835,0.07854,0.00311
36382340,0,1,0.05965,0.8664,0.07395
32241536,2,2,0.00203,0.01144,0.98653
15126655,2,2,0.0013,0.0059,0.9928
22368538,2,2,0.00169,0.0084,0.98991
2785960,2,2,0.00247,0.01593,0.9816
14649114,2,2,0.00172,0.01913,0.97915
36749706,2,2,0.00113,0.00698,0.9919
15041772,0,0,0.89875,0.09547,0.00578
2258202,2,2,0.01049,0.41243,0.57709
9806607,2,2,0.00114,0.00619,0.99267
18863176,1,1,0.13445,0.839,0.02655
15128671,2,2,0.00187,0.01171,0.98641
21412041,0,0,0.93035,0.067,0.00265
21520945,2,2,0.07719,0.2185,0.70431
6483417,1,1,0.03683,0.54979,0.41338
28968257,0,0,0.96169,0.03675,0.00156
24240212,2,2,0.00121,0.00891,0.98988
2361621,2,2,0.00163,0.01105,0.98732
23035640,1,0,0.63402,0.35565,0.01033
1197426,0,0,0.9832,0.01493,0.00187
18640813,2,2,0.0128,0.08987,0.89733
38322479,2,2,0.00222,0.01309,0.98469
35773320,2,2,0.0023,0.01148,0.98622
34212540,2,2,0.00345,0.02548,0.97108
1881247,1,1,0.06262,0.66801,0.26937
40008369,2,2,0.00773,0.23962,0.75265
25544110,0,0,0.87769,0.11423,0.00808
17751950,2,2,0.00236,0.0135,0.98414
10943251,2,1,0.01851,0.49266,0.48883
36899586,2,2,0.08558,0.2413,0.67312
9129704,0,0,0.96535,0.0327,0.00195
26118379,2,2,0.00531,0.02861,0.96608
16252432,2,2,0.00232,0.01649,0.98119
26834721,2,2,0.00164,0.01873,0.97963
27453741,2,2,0.00218,0.01851,0.97932
10684513,2,2,0.00277,0.02709,0.97014
1252207,2,2,0.00136,0.00811,0.99053
33155994,2,2,0.00128,0.00525,0.99347
8968802,2,2,0.00496,0.0351,0.95994
9674099,2,1,0.05011,0.71364,0.23625
15729924,0,0,0.90396,0.09307,0.00297
9061746,2,0,0.51932,0.44247,0.03821
30992562,2,2,0.00138,0.00711,0.99151
5081696,2,2,0.00224,0.01998,0.97778
31393455,2,2,0.00135,0.01089,0.98776
22847117,2,2,0.00182,0.01023,0.98795
25349140,2,2,0.00325,0.02251,0.97424
14052523,2,2,0.00133,0.00847,0.9902
344085,2,1,0.12417,0.81921,0.05663
26807060,2,2,0.00576,0.04023,0.95401
7729338,2,2,0.00187,0.01499,0.98314
32579512,2,2,0.00156,0.0085,0.98994
759891,2,2,0.00133,0.01185,0.98682
18529495,2,2,0.00189,0.0208,0.97731
17217045,2,2,0.00686,0.12294,0.8702
4661507,2,2,0.00118,0.00534,0.99348
14970874,2,2,0.00139,0.01163,0.98698
14006070,2,2,0.00764,0.09512,0.89723
10571159,2,2,0.04127,0.04111,0.91761
22633557,2,2,0.00625,0.09409,0.89966
25993096,2,2,0.00567,0.13907,0.85525
21724368,0,0,0.9432,0.05442,0.00237
40625744,2,2,0.00481,0.06493,0.93026
19506680,2,2,0.00589,0.04823,0.94587
9034900,0,0,0.89426,0.10112,0.00462
17123245,1,0,0.9767,0.02091,0.00238
20613422,2,2,0.15893,0.25974,0.58134
21428378,2,2,0.00242,0.00594,0.99164
8663674,2,2,0.04725,0.23076,0.72199
33106961,0,0,0.42684,0.4121,0.16106
38221106,2,2,0.00113,0.00614,0.99274
26023430,2,2,0.00153,0.01106,0.98741
31473607,0,0,0.9722,0.02601,0.00179
8575442,2,2,0.00122,0.00653,0.99225
11508344,2,2,0.00154,0.00834,0.99013
41537879,2,2,0.00297,0.03491,0.96212
23478344,2,2,0.00146,0.00911,0.98942
16439365,2,2,0.00275,0.01828,0.97897
36426879,2,2,0.00273,0.00921,0.98806
9816972,2,2,0.00276,0.03156,0.96568
35861443,2,2,0.00144,0.01097,0.98759
276669,2,2,0.00205,0.01356,0.98439
8876453,2,2,0.00433,0.04661,0.94906
37934081,0,0,0.91769,0.07879,0.00352
27235669,0,0,0.66121,0.31233,0.02645
25172596,2,2,0.00253,0.00917,0.9883
27417211,0,0,0.85299,0.14089,0.00612
17259600,2,2,0.00384,0.04099,0.95516
3304242,2,2,0.00129,0.0084,0.9903
32955445,2,2,0.0012,0.00731,0.99149
9073236,2,2,0.00171,0.01222,0.98607
6709811,2,1,0.03645,0.74371,0.21984
6908252,2,2,0.00155,0.01511,0.98334
35578261,2,2,0.00576,0.04061,0.95363
12998426,1,1,0.19183,0.75961,0.04856
2431271,2,2,0.00135,0.00904,0.9896
38034341,2,2,0.00109,0.00534,0.99357
33124434,1,1,0.2438,0.57304,0.18316
2439085,2,2,0.21129,0.39397,0.39474
16376858,2,2,0.02053,0.1529,0.82657
20043912,2,2,0.0056,0.10928,0.88512
33418825,2,2,0.24114,0.27694,0.48192
9082728,2,2,0.00132,0.00609,0.99259
13998641,2,2,0.01548,0.45962,0.5249
35880829,0,0,0.86304,0.13132,0.00564
4546341,2,2,0.00165,0.0131,0.98525
38857578,1,0,0.62929,0.33291,0.03779
35193888,2,1,0.03669,0.68687,0.27644
14555276,1,0,0.71686,0.25862,0.02453
25884153,0,0,0.74692,0.24631,0.00677
33412802,2,2,0.00835,0.05678,0.93488
32300825,1,2,0.00976,0.25065,0.73959
19528743,2,2,0.00459,0.06504,0.93038
10479152,0,0,0.91389,0.08271,0.0034
13091996,2,2,0.00122,0.00628,0.9925
26575705,1,1,0.02791,0.79687,0.17522
26294063,2,2,0.00479,0.06778,0.92743
18896714,2,2,0.00126,0.00703,0.99171
28193053,2,2,0.00164,0.01855,0.97981
5855270,0,0,0.97012,0.02809,0.00179
20484906,0,0,0.94887,0.04874,0.00239
33697688,0,1,0.31884,0.66193,0.01922
29904632,2,2,0.0168,0.05145,0.93175
28153850,2,2,0.00128,0.00648,0.99224
8903250,2,2,0.00163,0.01051,0.98786
33799090,2,2,0.00163,0.00821,0.99016
25071449,2,2,0.00153,0.00973,0.98874
10173314,0,0,0.82875,0.16129,0.00995
11029824,2,2,0.00133,0.00808,0.99058
36729801,2,2,0.00151,0.00908,0.98941
32239966,2,2,0.00123,0.00904,0.98972
30830111,2,2,0.00131,0.01326,0.98544
5090803,2,2,0.00143,0.01383,0.98474
17243966,2,2,0.00987,0.02215,0.96798
21161375,2,2,0.00129,0.0106,0.98811
21792225,0,0,0.9841,0.0135,0.0024
13488427,2,2,0.0019,0.01575,0.98235
20529373,2,2,0.00168,0.01019,0.98812
1296614,2,2,0.01025,0.07436,0.9154
9363931,0,1,0.43022,0.54173,0.02805
31126244,2,2,0.00453,0.06271,0.93277
22745752,2,2,0.00403,0.02541,0.97056
20243834,0,0,0.96467,0.03322,0.00211
7535222,2,2,0.00156,0.00771,0.99073
12031364,2,2,0.00518,0.12357,0.87125
34729320,2,2,0.00601,0.14328,0.85071
5338470,0,0,0.95852,0.03974,0.00174
14240158,2,2,0.00127,0.00748,0.99125
14905012,2,2,0.00124,0.00572,0.99304
5014995,2,2,0.00127,0.00742,0.9913
17075501,2,2,0.00181,0.01688,0.98131
21389610,2,2,0.01727,0.09674,0.88599
23219253,2,2,0.00193,0.0142,0.98387
11461586,0,0,0.86297,0.13131,0.00572
8779851,2,2,0.0012,0.00581,0.99299
19786430,2,2,0.00158,0.00933,0.98909
14133185,2,2,0.00132,0.00609,0.99259
3220895,2,2,0.00536,0.02061,0.97403
24485582,0,0,0.94533,0.05276,0.00191
22761437,2,2,0.00388,0.03174,0.96438
19600566,2,2,0.00118,0.00734,0.99148
2171982,1,0,0.53029,0.37238,0.09733
5158561,0,0,0.93529,0.06169,0.00302
6928561,2,2,0.01046,0.30086,0.68868
39686597,2,2,0.00288,0.0328,0.96431
24172419,2,2,0.00158,0.01261,0.98582
17322056,2,2,0.00149,0.00922,0.98929
1186040,2,2,0.00306,0.01929,0.97765
22421523,2,2,0.0097,0.10365,0.88666
28390540,2,2,0.00135,0.00936,0.98928
35966601,2,2,0.00372,0.02743,0.96885
30778385,2,2,0.00172,0.01768,0.98059
24511161,2,2,0.00128,0.00609,0.99263
17863359,2,2,0.00188,0.02267,0.97544
20306928,2,2,0.00138,0.00457,0.99405
18296722,2,2,0.00111,0.00614,0.99275
17658154,2,2,0.00822,0.08561,0.90617
11611543,2,2,0.00226,0.01304,0.9847
13612336,2,2,0.0022,0.0095,0.9883
2205165,2,2,0.00241,0.00917,0.98841
19541980,0,1,0.26963,0.68315,0.04722
37160035,2,2,0.00258,0.01907,0.97834
9732618,2,2,0.00193,0.01131,0.98676
19953034,2,2,0.00194,0.00873,0.98933
17072630,2,2,0.07671,0.2709,0.65239
30461282,1,1,0.40907,0.55914,0.03179
24131207,2,2,0.00259,0.01753,0.97988
38114778,1,0,0.68492,0.29922,0.01586
2797691,2,2,0.00563,0.10462,0.88975
24460023,0,0,0.83529,0.15942,0.00529
32156419,0,0,0.77226,0.21698,0.01076
30273333,2,1,0.0411,0.83194,0.12696
2074671,1,0,0.84189,0.15035,0.00775
16041886,2,2,0.00127,0.00867,0.99006
36640107,2,2,0.00203,0.00836,0.9896
23503382,2,2,0.00151,0.0129,0.98559
14991988,2,2,0.0061,0.04478,0.94912
17985296,2,1,0.04605,0.81621,0.13774
34831569,2,2,0.01153,0.20514,0.78333
29195406,2,2,0.00318,0.01303,0.98379
8252176,2,2,0.00104,0.00604,0.99291
15628858,0,0,0.79641,0.1967,0.00689
17991288,2,1,0.09001,0.68083,0.22917
17772428,0,0,0.94365,0.05184,0.00451
17336646,2,2,0.00128,0.00559,0.99313
532835,2,2,0.00505,0.07664,0.91831
3081820,2,1,0.02624,0.61147,0.36228
4612594,2,0,0.84208,0.15216,0.00576
35598178,0,1,0.30442,0.6432,0.05239
8880342,0,0,0.62314,0.36064,0.01622
5721556,1,0,0.79067,0.20227,0.00706
33347025,2,2,0.02123,0.04013,0.93864
2955963,2,2,0.00201,0.01771,0.98028
7562143,2,1,0.04846,0.82609,0.12545
7676954,0,0,0.94889,0.04597,0.00514
363815,2,2,0.0049,0.03087,0.96422
38672301,1,1,0.18673,0.78616,0.02711
40144298,0,0,0.93379,0.06367,0.00254
39977622,2,2,0.004,0.03333,0.96267
3728049,0,0,0.95713,0.04096,0.00191
29526133,2,2,0.00122,0.00668,0.9921
25841932,2,2,0.01615,0.27531,0.70854
4145196,2,2,0.0014,0.00653,0.99207
31906134,2,2,0.00122,0.00811,0.99067
30973914,2,2,0.00178,0.0154,0.98282
14873857,2,2,0.0014,0.00818,0.99042
25566587,2,2,0.01088,0.13788,0.85124
33836016,2,2,0.02237,0.09794,0.87969
4192384,2,2,0.00132,0.00734,0.99135
15142115,2,2,0.00154,0.00689,0.99157
29762921,2,2,0.00197,0.00792,0.99011
14169417,2,2,0.00141,0.01383,0.98476
17704338,1,1,0.46612,0.47346,0.06043
39800160,0,0,0.98388,0.01471,0.00141
7502855,0,0,0.95786,0.03987,0.00227
13299953,2,2,0.00295,0.0401,0.95695
36879091,2,1,0.21633,0.74119,0.04247
38938782,2,2,0.00276,0.01402,0.98321
8039856,2,2,0.00182,0.00943,0.98875
39397775,2,2,0.00203,0.02315,0.97481
32381988,2,2,0.00806,0.01507,0.97687
22081640,2,2,0.00259,0.01726,0.98015
37472355,2,2,0.00168,0.00977,0.98855
24093089,2,2,0.00302,0.01654,0.98043
16496616,2,2,0.00134,0.00546,0.9932
34648840,2,2,0.00182,0.00969,0.98849
15320977,2,2,0.0014,0.01089,0.98772
25614183,0,1,0.4802,0.5072,0.0126
25746998,0,0,0.71394,0.26887,0.01719
31990856,1,2,0.04804,0.42321,0.52875
18265284,1,1,0.07532,0.70906,0.21562
8275819,2,2,0.00118,0.00551,0.99331
36948901,0,0,0.87278,0.12116,0.00607
29380546,2,2,0.00114,0.00711,0.99174
5779340,0,1,0.19792,0.77594,0.02614
34781713,1,1,0.0179,0.60226,0.37984
27218969,2,2,0.00233,0.0258,0.97187
40499632,2,2,0.0092,0.02259,0.96821
9196552,0,0,0.90193,0.09432,0.00374
23904744,2,2,0.00147,0.00757,0.99097
19220806,2,2,0.00153,0.01171,0.98675
11781614,2,2,0.00399,0.01897,0.97703
31128321,1,1,0.28132,0.699,0.01967
28960388,0,0,0.90054,0.09473,0.00473
25924370,0,0,0.92433,0.07268,0.00299
13675228,2,2,0.0014,0.00653,0.99207
4163695,2,2,0.00155,0.01246,0.98599
9947724,2,2,0.00134,0.00663,0.99203
28706381,2,2,0.03,0.303,0.667
29949598,0,0,0.95904,0.0389,0.00207
17919770,2,2,0.00205,0.01459,0.98336
9392272,2,2,0.00773,0.02566,0.96661
30793760,2,2,0.00109,0.00526,0.99365
20827834,2,2,0.00367,0.06979,0.92654
34292136,2,2,0.00768,0.06149,0.93082
9220688,2,2,0.00545,0.01823,0.97631
23302740,2,2,0.00328,0.029,0.96773
6660188,2,2,0.00692,0.01344,0.97964
26061724,2,2,0.00124,0.00628,0.99248
34678647,2,2,0.01063,0.02463,0.96474
250490,2,2,0.00131,0.0076,0.99109
32765902,2,2,0.00177,0.00618,0.99205
4704139,2,2,0.00106,0.00669,0.99226
4752167,1,1,0.08238,0.83524,0.08238
17787618,2,2,0.00124,0.00706,0.99171
2980279,2,2,0.00113,0.00658,0.99229
11484324,2,2,0.00422,0.09905,0.89673
18704230,2,2,0.00168,0.01118,0.98714
17297192,2,2,0.00523,0.02966,0.96511
36787931,2,1,0.11899,0.71483,0.16618
4708066,2,2,0.00144,0.01097,0.98759
33493765,2,2,0.00297,0.02035,0.97668
11133865,2,1,0.02558,0.79581,0.17861
943165,1,2,0.02927,0.40091,0.56982
5212904,2,2,0.00153,0.01171,0.98675
16463657,2,2,0.00189,0.01806,0.98005
37523586,2,2,0.00293,0.03141,0.96566
40707360,2,2,0.00177,0.0078,0.99043
129341,2,2,0.0013,0.00698,0.99173
28910051,2,2,0.00114,0.00572,0.99313
22611723,2,2,0.00218,0.03246,0.96536
41423101,2,2,0.00136,0.0059,0.99274
22998369,2,2,0.00267,0.01668,0.98065
24486992,0,0,0.96641,0.03091,0.00267
22807059,0,0,0.90284,0.09277,0.00438
31653722,2,2,0.0049,0.01639,0.97871
3558005,0,0,0.98051,0.01806,0.00143
18301450,2,2,0.00225,0.01539,0.98236
40381876,2,2,0.00191,0.00694,0.99114
15892159,2,2,0.00178,0.0166,0.98162
31882733,2,2,0.01013,0.05681,0.93307
19493153,2,2,0.00378,0.01282,0.9834
20708611,2,2,0.00208,0.01504,0.98288
30631315,2,2,0.00111,0.0059,0.99299
9171504,2,2,0.00184,0.01493,0.98323
40859649,2,2,0.00127,0.00808,0.99064
20210070,2,2,0.00174,0.00973,0.98853
21808251,2,2,0.00134,0.00802,0.99064
35826803,0,0,0.98628,0.01166,0.00206
8602475,2,2,0.00124,0.006,0.99277
34651369,0,0,0.97948,0.01895,0.00157
40736754,1,1,0.16581,0.80037,0.03382
21890627,2,2,0.00134,0.00546,0.9932
19564005,2,2,0.00254,0.01978,0.97768
23589535,2,2,0.00267,0.01532,0.982
5236128,2,2,0.00206,0.01131,0.98663
25446898,0,0,0.95193,0.04582,0.00225
6264604,0,0,0.98609,0.01203,0.00187
25243419,2,2,0.01024,0.01611,0.97365
39907327,2,2,0.01885,0.10084,0.88031
36674406,2,2,0.00647,0.01117,0.98236
31459663,2,2,0.00119,0.00985,0.98896
17043029,2,2,0.00254,0.02148,0.97599
4888993,2,1,0.03636,0.48464,0.479
28390432,2,2,0.00393,0.01854,0.97752
24759194,2,2,0.00262,0.02079,0.97659
33570279,1,0,0.64212,0.3464,0.01149
24653900,2,2,0.00162,0.01448,0.9839
12124566,2,2,0.0135,0.22575,0.76074
15068804,2,2,0.02412,0.40953,0.56635
30010550,0,0,0.9405,0.05709,0.00241
8708370,2,2,0.00823,0.20329,0.78848
35693573,0,0,0.98454,0.01111,0.00435
1875983,2,2,0.07962,0.22992,0.69046
25591890,0,0,0.91544,0.08093,0.00363
1898452,2,2,0.00142,0.0119,0.98669
31607139,2,2,0.00591,0.08908,0.90501
30079468,2,2,0.00313,0.01365,0.98322
10696741,0,1,0.39285,0.58515,0.02199
7940238,2,2,0.00133,0.00911,0.98955
14323683,0,0,0.75307,0.23882,0.00811
33261965,2,2,0.0081,0.02575,0.96615
12860645,2,2,0.00122,0.00731,0.99148
39757322,0,0,0.96786,0.0303,0.00184
34825860,0,0,0.98551,0.01265,0.00184
28876580,2,2,0.0029,0.02623,0.97087
26797388,0,0,0.70675,0.28333,0.00992
16728783,2,2,0.00532,0.02791,0.96677
32027952,1,1,0.27251,0.70134,0.02615
4071416,0,1,0.09333,0.85492,0.05174
20945670,2,2,0.00194,0.00663,0.99143
39578389,1,2,0.00923,0.32806,0.6627
11121431,2,2,0.00168,0.01118,0.98714
15892976,0,0,0.93674,0.05924,0.00401
18515528,1,0,0.58844,0.40128,0.01028
4249245,2,2,0.00146,0.01552,0.98302
12452070,2,2,0.00244,0.01492,0.98264
30385616,0,0,0.9684,0.02967,0.00193
23589479,0,0,0.8812,0.11514,0.00366
6963040,2,2,0.01234,0.12226,0.8654
35347930,2,2,0.0108,0.08976,0.89944
30600321,2,2,0.00123,0.00877,0.99
41232400,0,0,0.95852,0.03957,0.00191
474538,2,2,0.00197,0.01122,0.98681
31687757,0,0,0.82753,0.16812,0.00434
4278889,0,0,0.86483,0.12655,0.00861
17010793,2,2,0.00182,0.01227,0.98592
30693474,2,2,0.00129,0.00867,0.99004
10829216,2,2,0.00131,0.00775,0.99094
287843,2,2,0.00294,0.01273,0.98432
11289471,2,2,0.00303,0.0451,0.95187
2442012,2,2,0.00218,0.03404,0.96378
24441664,2,2,0.00122,0.00737,0.99142
39371611,0,0,0.63496,0.35341,0.01163
21420645,2,2,0.00142,0.01127,0.98731
17971430,2,2,0.00476,0.02945,0.96579
15889324,0,0,0.97456,0.02393,0.00151
25394114,0,0,0.79781,0.19098,0.0112
31034506,0,0,0.65081,0.33764,0.01155
25135484,2,2,0.00144,0.00765,0.9909
9567149,2,2,0.00204,0.00745,0.99052
32115057,2,2,0.00123,0.00911,0.98965
40917124,0,0,0.87634,0.11837,0.00529
21087889,2,2,0.00111,0.00676,0.99213
22835516,2,2,0.0015,0.01331,0.98519
38366719,0,0,0.97871,0.01957,0.00172
39059535,0,0,0.98452,0.01345,0.00202
40370219,0,0,0.90523,0.0873,0.00747
14859170,2,0,0.93966,0.05794,0.0024
16320097,0,0,0.6863,0.29865,0.01504
15202568,2,2,0.00174,0.01027,0.98799
7409792,2,0,0.75072,0.23256,0.01672
38265183,2,2,0.00324,0.06881,0.92794
34391378,0,0,0.92028,0.07613,0.00359
14154058,2,2,0.00136,0.0084,0.99024
39026805,2,2,0.00493,0.02668,0.9684
17713973,2,2,0.00112,0.00766,0.99122
13099836,2,2,0.00272,0.03002,0.96726
24074961,2,2,0.00168,0.01346,0.98486
37766806,0,0,0.82836,0.16184,0.0098
14231471,2,2,0.0057,0.01265,0.98165
6439228,2,2,0.00123,0.00796,0.99081
39804064,2,2,0.0013,0.00643,0.99227
36136212,0,1,0.22747,0.7517,0.02083
17274487,2,2,0.01069,0.08536,0.90395
11004682,0,0,0.9323,0.06013,0.00758
9386272,0,0,0.98008,0.01767,0.00225
26709462,2,1,0.046,0.80902,0.14498
24148535,2,2,0.00114,0.00643,0.99243
2405048,2,2,0.00389,0.08785,0.90826
8548112,2,2,0.00118,0.00559,0.99323
23360829,2,2,0.00153,0.01171,0.98675
35725572,0,1,0.18005,0.7898,0.03015
18183253,2,2,0.0184,0.05985,0.92175
6216330,2,2,0.00136,0.00555,0.99309
6641292,2,0,0.79817,0.1781,0.02373
7452037,2,2,0.09487,0.39629,0.50885
1868975,1,2,0.00546,0.04688,0.94766
22410587,2,2,0.00151,0.00658,0.99191
2116600,2,2,0.00245,0.02288,0.97467
26998146,2,2,0.17159,0.28947,0.53895
29407874,2,2,0.00171,0.01149,0.9868
21851743,2,2,0.00188,0.01105,0.98707
7203375,2,1,0.02892,0.57644,0.39464
7776447,2,1,0.03916,0.82424,0.13661
22855924,2,2,0.00166,0.01076,0.98758
15958696,2,2,0.0125,0.08362,0.90388
16917502,2,2,0.00114,0.00586,0.993
35317775,2,2,0.00161,0.01031,0.98808
1916705,0,0,0.96659,0.03101,0.0024
26263384,2,2,0.00179,0.00843,0.98977
32423051,2,2,0.00147,0.00728,0.99125
34842277,0,1,0.25623,0.66074,0.08302
4793835,0,0,0.98701,0.00902,0.00397
19668118,2,2,0.00129,0.00805,0.99065
29311708,2,2,0.00153,0.01089,0.98758
33377197,2,2,0.00135,0.01039,0.98825
37921845,0,0,0.89116,0.10038,0.00847
4256065,2,2,0.00225,0.02958,0.96816
17498390,1,1,0.11643,0.77419,0.10938
11057572,2,2,0.0251,0.40819,0.56672
17638244,2,2,0.0018,0.00638,0.99182
11075374,2,2,0.01169,0.07432,0.91399
28158238,2,2,0.00109,0.00687,0.99204
35910687,2,2,0.00386,0.02049,0.97565
9269138,2,2,0.00349,0.01445,0.98206
32889286,2,2,0.00369,0.03397,0.96233
36956427,2,2,0.00227,0.02219,0.97554
35625822,2,2,0.00176,0.0098,0.98843
19087133,0,0,0.73934,0.25352,0.00714
31369417,0,0,0.90599,0.09059,0.00342
37707275,0,0,0.90152,0.09502,0.00346
21289254,2,2,0.00269,0.02322,0.97408
31558678,2,2,0.00166,0.00668,0.99166
13803458,2,2,0.00115,0.00525,0.9936
37821673,2,2,0.00146,0.01047,0.98806
12171024,0,0,0.90807,0.08731,0.00462
3139317,2,2,0.00193,0.01563,0.98244
10963473,2,2,0.00118,0.00799,0.99083
26997530,0,0,0.81849,0.17563,0.00587
16326044,1,1,0.0782,0.83421,0.08758
39528532,2,2,0.00163,0.00866,0.9897
8556494,2,2,0.00184,0.01366,0.98449
17942596,2,2,0.0021,0.02368,0.97422
35900132,1,0,0.56532,0.4234,0.01128
3995782,2,2,0.0012,0.00577,0.99303
24262396,1,1,0.0891,0.79101,0.11989
28621273,0,0,0.90538,0.08964,0.00498
35015398,0,0,0.90818,0.0853,0.00651
24014924,0,0,0.6434,0.33905,0.01755
8218687,0,0,0.55456,0.39324,0.05219
20366079,2,2,0.00188,0.00833,0.98979
37114879,2,2,0.00142,0.00563,0.99294
10034509,2,2,0.00128,0.00684,0.99188
5922657,2,2,0.00272,0.01386,0.98342
12872427,2,2,0.00129,0.01119,0.98752
19079512,0,0,0.90499,0.09137,0.00364
14764035,0,0,0.64075,0.33897,0.02028
23125958,0,0,0.90213,0.09306,0.00481
21233839,1,2,0.01423,0.20269,0.78308
14044391,2,2,0.00385,0.08372,0.91244
40864997,0,0,0.79722,0.19159,0.0112
27468280,2,2,0.00176,0.0127,0.98554
8227019,0,0,0.9775,0.02033,0.00217
18604737,2,2,0.00162,0.01426,0.98412
21458745,2,2,0.00164,0.00513,0.99323
20388336,2,2,0.00136,0.00775,0.9909
22837071,2,2,0.00507,0.12875,0.86618
18892053,2,2,0.00133,0.00815,0.99052
18354563,2,2,0.00332,0.04583,0.95084
15957432,0,0,0.96931,0.0289,0.00179
32976944,2,2,0.00142,0.00843,0.99015
9387006,2,2,0.00261,0.02236,0.97503
19971249,2,2,0.00118,0.00638,0.99244
12553948,2,2,0.00297,0.03561,0.96143
35905198,2,2,0.00235,0.0177,0.97994
17189054,0,0,0.58999,0.39301,0.017
5956778,0,0,0.80942,0.17677,0.01382
32556351,2,2,0.03214,0.12582,0.84204
29419281,2,2,0.00169,0.01969,0.97862
34552316,2,2,0.00171,0.01217,0.98612
31937414,2,2,0.00113,0.00628,0.99259
5278482,2,2,0.00444,0.07971,0.91584
1109274,0,1,0.39538,0.58892,0.01569
41039907,2,2,0.00179,0.00907,0.98913
6395041,2,0,0.50598,0.45891,0.03511
36545516,2,2,0.05929,0.18378,0.75693
8054677,2,2,0.00124,0.00784,0.99093
29149566,2,2,0.00262,0.03673,0.96066
1629897,2,2,0.00427,0.05874,0.93699
22746050,2,1,0.0218,0.62226,0.35594
11781862,1,0,0.67435,0.31483,0.01082
17340313,1,0,0.50348,0.47669,0.01983
38852956,2,2,0.00306,0.04935,0.94759
27813485,2,2,0.02865,0.03736,0.93399
24787079,0,0,0.9687,0.02797,0.00333
13212760,2,2,0.01834,0.29362,0.68804
31060338,0,0,0.56283,0.415,0.02217
21717055,0,2,0.00509,0.03918,0.95573
13312036,2,2,0.00775,0.08191,0.91034
8421154,2,2,0.00159,0.00628,0.99213
34431836,2,2,0.00131,0.01076,0.98793
30012383,2,1,0.15038,0.80425,0.04537
35695381,0,0,0.51413,0.46448,0.02139
5022924,2,2,0.00346,0.02179,0.97475
2043669,2,2,0.00191,0.01039,0.9877
1774025,1,0,0.70011,0.14848,0.15141
25599409,2,2,0.00189,0.00609,0.99203
2348996,2,2,0.00142,0.00586,0.99272
9837010,0,1,0.08092,0.84986,0.06922
26410185,2,2,0.00528,0.05029,0.94444
28501135,2,1,0.32324,0.65297,0.02378
3694645,2,0,0.76491,0.22877,0.00631
5899467,2,2,0.00307,0.03274,0.96419
38344435,0,0,0.97474,0.02386,0.0014
34221597,2,2,0.00138,0.0076,0.99103
13688679,2,2,0.00691,0.12983,0.86327
2369622,2,2,0.00528,0.03483,0.95989
22231174,2,2,0.00178,0.01637,0.98185
32204500,2,1,0.36583,0.60788,0.02629
9647737,2,2,0.00149,0.00933,0.98919
6392178,2,2,0.00136,0.00793,0.99072
4404686,2,2,0.00167,0.01631,0.98201
31425095,1,2,0.17159,0.28947,0.53895
28367637,0,0,0.8975,0.09779,0.00471
33633997,2,2,0.05062,0.06251,0.88687
28127602,2,2,0.00597,0.12179,0.87224
2284009,0,0,0.64782,0.34138,0.0108
20038369,1,0,0.90733,0.08665,0.00602
2200314,2,2,0.00118,0.00748,0.99134
28922942,2,2,0.00693,0.08565,0.90742
28046962,2,2,0.00163,0.01236,0.98601
11246159,2,2,0.00208,0.01575,0.98217
20413108,2,2,0.00405,0.03597,0.95998
27235717,2,2,0.00405,0.02145,0.97451
3732373,0,0,0.98511,0.01305,0.00184
41446205,0,1,0.0881,0.83915,0.07275
19106502,2,2,0.00405,0.02128,0.97467
13679917,2,2,0.02322,0.1959,0.78088
32575469,2,2,0.0022,0.0083,0.9895
38353780,0,0,0.98633,0.01171,0.00196
8243369,2,2,0.0045,0.02367,0.97183
5984860,2,2,0.00136,0.00658,0.99206
17400110,1,1,0.39399,0.58455,0.02146
7701355,2,0,0.85611,0.13625,0.00764
9510320,2,2,0.00197,0.01015,0.98788
9277319,2,1,0.02119,0.63407,0.34474
28753428,0,0,0.92443,0.0708,0.00478
34371111,0,0,0.86292,0.13079,0.00629
5417257,2,2,0.00104,0.00661,0.99235
3462876,0,0,0.94684,0.05077,0.00238
12578506,2,2,0.00114,0.00751,0.99135
36989453,0,1,0.30758,0.65625,0.03617
23358783,2,2,0.01093,0.21105,0.77803
36245830,2,2,0.00158,0.01265,0.98577
28750039,2,2,0.00278,0.02287,0.97435
25230110,0,1,0.37197,0.61327,0.01476
15471930,2,2,0.00411,0.03714,0.95876
36499440,2,2,0.00144,0.0085,0.99006
39260796,0,0,0.68151,0.2897,0.0288
11863719,2,1,0.08315,0.4995,0.41735
31805719,2,2,0.00201,0.01909,0.9789
3976457,2,2,0.00179,0.0088,0.98941
6471004,2,2,0.0012,0.00837,0.99043
39866136,2,2,0.0018,0.00618,0.99202
22806627,0,0,0.91904,0.07799,0.00297
5588155,2,2,0.00619,0.13125,0.86256
12203422,2,2,0.03064,0.27202,0.69734
23989609,2,2,0.00352,0.03685,0.95964
20700893,1,0,0.55455,0.43189,0.01356
9593722,2,2,0.00611,0.12905,0.86484
9738461,2,2,0.00267,0.01623,0.9811
35694129,2,2,0.00324,0.0113,0.98547
22882290,2,2,0.00124,0.00619,0.99258
41014275,2,2,0.00298,0.0295,0.96751
26980729,2,2,0.0017,0.0132,0.9851
16981707,2,2,0.00122,0.0084,0.99038
40434558,2,2,0.00307,0.03105,0.96588
3410116,2,2,0.00118,0.00763,0.99119
30620054,1,0,0.88473,0.11117,0.0041
1142996,0,0,0.98659,0.0118,0.0016
18844286,2,1,0.2667,0.70267,0.03063
35256675,0,0,0.95704,0.04063,0.00234
40233746,1,1,0.04348,0.55512,0.4014
406661,2,2,0.0021,0.00925,0.98866
26936343,2,2,0.00237,0.02446,0.97317
19301169,2,2,0.00142,0.00614,0.99244
14763502,0,0,0.40128,0.36466,0.23406
21558753,2,2,0.00268,0.02785,0.96947
4403216,2,2,0.00217,0.02198,0.97585
19340738,2,2,0.00636,0.17386,0.81978
14745878,2,2,0.00131,0.00958,0.9891
20786418,2,2,0.00145,0.00618,0.99237
31541231,0,1,0.43493,0.44524,0.11983
30423817,2,2,0.00227,0.02224,0.97549
38281593,1,0,0.64099,0.32995,0.02906
36227402,2,2,0.00241,0.00987,0.98772
21525714,2,2,0.00116,0.00908,0.98976
36052338,2,2,0.00456,0.0402,0.95523
14035847,0,0,0.96602,0.03226,0.00172
24210021,2,2,0.00187,0.01227,0.98586
10239527,0,0,0.96614,0.03178,0.00208
4628057,2,2,0.02382,0.44247,0.53372
5748827,2,1,0.18545,0.78919,0.02537
40458816,0,0,0.81851,0.17359,0.0079
29418229,2,2,0.00167,0.01778,0.98054
34417463,0,0,0.61291,0.36314,0.02395
22608237,0,0,0.98605,0.01227,0.00168
23898814,2,2,0.00219,0.02541,0.97239
33189682,2,2,0.02574,0.05984,0.91442
12214781,2,2,0.00125,0.00831,0.99044
4153629,2,2,0.01571,0.02726,0.95703
13336673,0,0,0.98463,0.01361,0.00176
40052413,2,2,0.00152,0.00628,0.9922
34242068,2,0,0.80346,0.17546,0.02108
13702964,2,2,0.00254,0.03408,0.96338
11453971,2,2,0.00257,0.00647,0.99095
23808784,2,2,0.00633,0.06885,0.92482
38210309,2,2,0.00295,0.02638,0.97067
31745043,2,2,0.02704,0.20099,0.77197
1525624,2,2,0.00129,0.00769,0.99102
40326290,2,2,0.01847,0.34047,0.64106
11148743,2,2,0.00206,0.00943,0.98851
24393119,2,2,0.00163,0.01097,0.9874
30770948,2,1,0.18582,0.50511,0.30907
16347760,2,2,0.00366,0.01151,0.98483
32536265,0,0,0.94982,0.04696,0.00322
23717330,2,2,0.00241,0.02432,0.97327
10945740,2,2,0.00122,0.0079,0.99089
25465161,0,0,0.83483,0.15686,0.00831
22744713,2,1,0.42376,0.56139,0.01484
24819805,0,1,0.34907,0.62228,0.02865
15957421,0,0,0.95159,0.04574,0.00267
32812322,0,0,0.51684,0.46693,0.01623
59921,2,2,0.00188,0.00886,0.98925
25669909,2,2,0.00123,0.00847,0.9903
14154021,0,0,0.93835,0.05871,0.00294
34103251,1,0,0.90353,0.09194,0.00452
36898750,2,2,0.01217,0.02896,0.95888
26422021,0,0,0.98397,0.01355,0.00248
9071684,2,2,0.00131,0.0089,0.98978
27705418,2,2,0.06906,0.3792,0.55174
32934161,2,1,0.01766,0.58034,0.40199
36471450,2,2,0.00131,0.00802,0.99067
2348257,2,2,0.00142,0.00894,0.98964
13429632,0,1,0.38073,0.60367,0.01559
23022598,2,2,0.00142,0.00623,0.99234
17734065,2,2,0.00127,0.00958,0.98914
2503133,2,2,0.00273,0.01166,0.98562
28196990,2,2,0.01747,0.15388,0.82865
37406219,2,2,0.0021,0.02437,0.97353
22091143,2,2,0.00266,0.00642,0.99092
24518247,0,0,0.57072,0.38018,0.0491
29774030,2,2,0.00553,0.10722,0.88725
19698602,2,2,0.00312,0.01635,0.98053
21601967,1,1,0.25533,0.71889,0.02578
7252067,0,0,0.98314,0.01481,0.00205
12800418,0,0,0.91189,0.08432,0.00379
29714020,2,2,0.00179,0.01213,0.98609
39467528,2,2,0.00135,0.00936,0.98928
15320974,1,1,0.03528,0.7662,0.19851
31459900,2,2,0.00227,0.00946,0.98827
35246375,2,2,0.00417,0.02177,0.97405
28816015,0,0,0.9823,0.01613,0.00157
937313,2,2,0.1786,0.39547,0.42593
5818225,2,2,0.00298,0.03155,0.96547
37587093,2,2,0.00113,0.006,0.99288
35799302,2,2,0.00118,0.00577,0.99305
330400,0,0,0.82544,0.16349,0.01106
2171220,2,2,0.00142,0.01127,0.98731
3160729,2,2,0.0049,0.0307,0.9644
19967852,0,0,0.98198,0.01612,0.0019
19070897,2,2,0.00122,0.0069,0.99189
10919562,2,2,0.03553,0.04456,0.91991
2249531,2,2,0.00278,0.0221,0.97512
19050723,2,2,0.00255,0.01486,0.98259
2186294,0,0,0.92694,0.07037,0.00269
20726006,2,2,0.00156,0.01097,0.98747
17334125,2,2,0.00144,0.00877,0.98979
31898863,2,1,0.09551,0.78114,0.12335
1095061,1,1,0.24878,0.64402,0.10721
17152460,1,0,0.72183,0.26763,0.01054
12027734,1,1,0.17151,0.79035,0.03814
12504757,2,2,0.00202,0.01356,0.98442
38084749,2,2,0.00214,0.01872,0.97914
37842798,2,2,0.01518,0.12275,0.86207
35611165,2,2,0.00187,0.01382,0.98431
37450162,0,0,0.75604,0.22789,0.01606
30001565,2,2,0.00314,0.02458,0.97228
19728960,0,0,0.98161,0.0165,0.00189
31833655,0,0,0.6973,0.28729,0.01541
31915660,0,0,0.86103,0.13308,0.00589
13454516,2,2,0.00142,0.00763,0.99095
9225763,2,2,0.00916,0.05642,0.93442
40120073,2,2,0.0019,0.01377,0.98433
34951370,2,2,0.00262,0.02075,0.97663
29635260,2,2,0.00153,0.01199,0.98648
38238086,0,1,0.40205,0.42299,0.17496
5573355,2,2,0.00165,0.01442,0.98393
21419886,2,2,0.00149,0.00628,0.99223
33797939,2,2,0.00127,0.00763,0.9911
19270753,0,0,0.93993,0.05739,0.00268
9950846,2,2,0.00308,0.02776,0.96915
38244965,2,2,0.00302,0.03225,0.96473
34438889,0,0,0.95662,0.04122,0.00216
10230013,2,2,0.0023,0.01019,0.98752
21184251,2,2,0.00923,0.28038,0.7104
17553473,0,0,0.64243,0.26058,0.09699
8141593,2,1,0.17526,0.74583,0.07892
2628686,1,1,0.05145,0.75016,0.19839
34295577,2,2,0.00273,0.01042,0.98685
267995,2,2,0.00154,0.00843,0.99003
9816384,2,2,0.03011,0.18733,0.78256
12648043,2,1,0.07151,0.86105,0.06744
36940989,2,2,0.02545,0.05603,0.91852
6528245,2,2,0.00133,0.01213,0.98654
17704225,2,2,0.00182,0.01189,0.98629
38552164,2,2,0.00179,0.00883,0.98937
19055347,2,2,0.0012,0.00947,0.98933
11313571,2,2,0.00763,0.03846,0.95391
13905429,2,2,0.00688,0.02709,0.96604
17930798,2,2,0.00336,0.03623,0.96041
1368165,2,2,0.00142,0.00529,0.99328
16616858,0,0,0.73101,0.25661,0.01238
26726097,2,2,0.00124,0.00633,0.99243
271171,2,2,0.00144,0.01068,0.98788
3146479,2,2,0.00659,0.02239,0.97101
13552773,2,2,0.00128,0.00643,0.99229
28923117,2,2,0.00609,0.03166,0.96224
18143850,0,1,0.29067,0.68916,0.02017
30990399,0,0,0.98549,0.0127,0.00182
38450341,2,2,0.00206,0.00999,0.98794
12361484,2,2,0.00269,0.02314,0.97417
22158820,2,2,0.01803,0.04242,0.93954
31823844,1,0,0.80419,0.18659,0.00922
3956341,2,2,0.00462,0.01271,0.98266
17820103,2,2,0.00137,0.01114,0.98748
3043190,0,0,0.87662,0.11957,0.00381
23664645,2,2,0.04523,0.35435,0.60042
36045861,1,0,0.88082,0.11286,0.00632
21153964,2,2,0.02309,0.10373,0.87318
23682707,1,0,0.87152,0.12361,0.00487
14360824,2,2,0.00118,0.00857,0.99025
17511921,0,0,0.84102,0.14903,0.00995
34925533,0,0,0.85362,0.14044,0.00593
20081018,2,2,0.00153,0.01199,0.98648
1522156,2,2,0.00106,0.00609,0.99285
11727068,2,1,0.0206,0.5656,0.4138
9527649,2,2,0.00113,0.00656,0.99232
14592599,2,2,0.00183,0.00689,0.99128
29827527,2,2,0.00131,0.00821,0.99048
35101152,2,2,0.00159,0.00663,0.99178
33628657,2,2,0.00312,0.01654,0.98034
4023998,2,2,0.00111,0.00559,0.9933
17620044,0,0,0.98297,0.01522,0.00181
22775648,2,2,0.00517,0.02467,0.97016
13782553,2,2,0.00146,0.00955,0.98899
12152352,2,2,0.00134,0.00618,0.99248
19201652,0,0,0.85323,0.14093,0.00584
29135045,0,0,0.72025,0.25883,0.02092
37732550,2,2,0.00213,0.00722,0.99065
28071155,2,2,0.00135,0.01023,0.98841
33795208,2,1,0.42683,0.5189,0.05427
1428831,0,0,0.79412,0.19922,0.00666
17808526,2,2,0.00158,0.01404,0.98438
32137692,2,2,0.00775,0.20213,0.79012
23473578,2,2,0.00207,0.01953,0.9784
16160878,2,1,0.07681,0.52697,0.39622
5316758,2,1,0.03036,0.57741,0.39223
27941832,0,0,0.91716,0.07859,0.00425
34721694,2,2,0.00106,0.00551,0.99343
17653442,2,2,0.00168,0.01063,0.98768
25580448,0,0,0.91275,0.08358,0.00367
31433510,0,0,0.98194,0.01654,0.00152
12860648,2,1,0.03294,0.5704,0.39665
35686747,2,2,0.00168,0.01068,0.98764
6314216,0,1,0.13972,0.82352,0.03675
23590136,2,2,0.0018,0.00658,0.99162
3515797,2,0,0.70045,0.27323,0.02632
18085012,2,2,0.00247,0.03283,0.9647
34328320,2,2,0.0016,0.01383,0.98457
18092325,0,0,0.90012,0.09637,0.00351
1075585,2,2,0.00151,0.00742,0.99107
27393412,2,2,0.0018,0.00604,0.99216
1723563,0,0,0.498,0.49028,0.01171
33029425,0,0,0.80457,0.18814,0.00729
39533776,2,2,0.00131,0.00766,0.99103
26238187,2,2,0.00334,0.0099,0.98675
21907131,0,1,0.23715,0.73909,0.02376
8091540,0,0,0.91738,0.0783,0.00432
25168481,2,2,0.01393,0.02473,0.96134
13499921,2,2,0.002,0.02537,0.97263
17956386,0,0,0.74713,0.24161,0.01126
19585842,2,2,0.02714,0.22196,0.7509
5753615,2,2,0.00113,0.00676,0.99211
30409915,2,2,0.00131,0.01031,0.98837
22385086,1,0,0.51235,0.4665,0.02115
25211439,2,2,0.00138,0.00689,0.99173
5782905,2,2,0.0449,0.18976,0.76534
21096543,1,0,0.62615,0.36239,0.01147
13698177,2,0,0.94243,0.05443,0.00314
22269681,2,2,0.00122,0.00754,0.99124
19450371,2,2,0.00231,0.02181,0.97588
527877,2,2,0.00271,0.01605,0.98124
21136549,2,2,0.00199,0.01682,0.9812
19897918,2,2,0.00171,0.01101,0.98728
30488568,2,2,0.00181,0.0151,0.98309
39047012,0,0,0.97015,0.02812,0.00173
28972133,0,0,0.9794,0.01898,0.00162
24349600,2,2,0.00182,0.00893,0.98924
21092686,2,2,0.00118,0.00577,0.99305
4872582,0,0,0.93159,0.06554,0.00287
17494876,0,0,0.85562,0.14022,0.00415
4347300,0,0,0.97667,0.02179,0.00154
31776554,1,0,0.78795,0.20316,0.00889
15819420,2,2,0.0024,0.01334,0.98425
32446419,2,2,0.00427,0.05874,0.93699
8441516,2,1,0.12727,0.75708,0.11565
18389221,2,2,0.00282,0.02525,0.97193
33301063,0,0,0.84541,0.14548,0.0091
11496343,2,2,0.01015,0.20863,0.78123
2283596,2,2,0.01741,0.29794,0.68465
12081963,2,2,0.00434,0.07311,0.92255
18149661,0,0,0.82345,0.16861,0.00795
709483,2,2,0.00197,0.01003,0.988
23527403,2,2,0.00511,0.10801,0.88688
15319401,2,2,0.00281,0.01274,0.98446
30379010,2,2,0.17159,0.28947,0.53895
36878459,2,2,0.00208,0.01624,0.98168
17822162,2,2,0.00651,0.04181,0.95167
27328545,2,2,0.00165,0.01265,0.98569
31632944,2,2,0.01519,0.21799,0.76682
4795458,2,2,0.00133,0.0087,0.98997
38599117,0,0,0.98701,0.01042,0.00256
10554792,0,0,0.97772,0.02081,0.00147
21138985,2,2,0.0012,0.00614,0.99266
4241115,2,2,0.0493,0.06306,0.88764
32089403,0,1,0.38569,0.57899,0.03532
30572901,2,1,0.02554,0.77626,0.1982
29939611,2,2,0.00121,0.00992,0.98886
39078528,2,2,0.00145,0.00638,0.99218
172751,1,1,0.02319,0.75596,0.22086
5489345,0,0,0.95082,0.0472,0.00198
31471961,2,2,0.00132,0.00595,0.99273
41177859,0,0,0.95096,0.04711,0.00192
17800543,0,0,0.98768,0.00991,0.00241
7562014,2,1,0.14636,0.56765,0.28599
41269182,2,2,0.00111,0.0072,0.9917
35036478,2,2,0.17159,0.28947,0.53895
35735303,0,0,0.65576,0.33232,0.01192
30806707,2,2,0.00122,0.00663,0.99215
27175256,2,2,0.0343,0.09488,0.87082
4381064,0,0,0.98618,0.01222,0.0016
33884433,2,2,0.00144,0.007,0.99155
15133470,0,0,0.84759,0.11743,0.03498
35796481,2,2,0.00138,0.00572,0.9929
2028955,0,0,0.75541,0.23219,0.0124
11802513,2,2,0.00154,0.00604,0.99242
14593871,2,2,0.00132,0.00577,0.99292
6446430,2,2,0.01314,0.12133,0.86553
6013775,0,0,0.96484,0.02791,0.00725
14005383,2,2,0.00144,0.00977,0.98879
17273267,2,2,0.03304,0.17895,0.78801
32528425,0,0,0.92523,0.07149,0.00329
38671765,0,0,0.97335,0.02504,0.00161
25489519,0,1,0.16527,0.80951,0.02522
19879967,2,2,0.00537,0.06225,0.93237
39333205,2,2,0.00168,0.0126,0.98572
9921742,2,2,0.00203,0.01217,0.9858
34363332,2,2,0.00524,0.02755,0.96722
14143293,0,0,0.9311,0.0664,0.0025
40983742,2,2,0.00113,0.00436,0.99451
35598453,2,2,0.00221,0.01815,0.97963
9366074,0,0,0.9826,0.0161,0.0013
19811127,2,2,0.00958,0.16778,0.82264
36625581,2,2,0.00136,0.00827,0.99037
34442260,0,0,0.96079,0.03686,0.00234
6819648,1,0,0.63302,0.35233,0.01466
32861374,2,2,0.00446,0.01658,0.97895
15300550,2,2,0.00417,0.02186,0.97397
11366978,2,1,0.11237,0.53191,0.35572
32126723,0,0,0.8028,0.18482,0.01238
30144779,2,2,0.00132,0.00679,0.9919
17530249,0,0,0.98342,0.01459,0.00199
32256485,2,2,0.00129,0.00778,0.99093
39105652,2,2,0.00221,0.0204,0.97739
4873765,2,2,0.00127,0.00805,0.99067
5380857,2,2,0.05567,0.13264,0.8117
30677516,2,2,0.03334,0.05124,0.91541
2746739,2,2,0.00419,0.06235,0.93346
37886627,2,2,0.00498,0.01511,0.9799
19722780,2,2,0.0012,0.00555,0.99325
20488354,2,1,0.03155,0.49746,0.47099
4424932,2,2,0.00148,0.01114,0.98737
35572685,0,0,0.41119,0.31046,0.27836
30132213,1,0,0.64373,0.34322,0.01305
31452210,2,2,0.00656,0.09364,0.8998
8561664,2,2,0.00315,0.00694,0.98991
40527799,0,0,0.41587,0.3114,0.27273
6834139,2,2,0.00134,0.00745,0.99121
9171943,0,0,0.73724,0.2528,0.00996
33130347,2,1,0.3448,0.54776,0.10744
891043,2,2,0.00393,0.05031,0.94577
39174439,2,2,0.0022,0.00954,0.98827
8166435,1,1,0.47105,0.51332,0.01562
30254512,2,2,0.0012,0.00586,0.99294
241984,2,2,0.00109,0.00717,0.99174
22592669,2,2,0.00859,0.10125,0.89016
14351858,1,1,0.16193,0.80332,0.03475
17720007,2,2,0.00412,0.01833,0.97755
36088501,2,2,0.00427,0.05874,0.93699
11109609,2,2,0.00116,0.00581,0.99302
2312583,2,2,0.00308,0.01259,0.98433
9694330,2,1,0.39046,0.58844,0.0211
15517784,2,2,0.00187,0.0134,0.98473
3306888,2,2,0.00379,0.01021,0.986
34720692,2,2,0.0014,0.00883,0.98977
16742866,2,2,0.00189,0.01781,0.98029
29988163,1,1,0.41515,0.56302,0.02183
36170743,2,2,0.0035,0.02476,0.97174
2892658,1,0,0.40633,0.35268,0.24098
23810105,0,0,0.9857,0.0127,0.0016
8810202,2,2,0.00171,0.0114,0.98689
13108418,2,2,0.00163,0.01114,0.98723
32196571,2,2,0.01586,0.04808,0.93606
36166413,1,1,0.30972,0.66862,0.02166
23430329,2,2,0.00348,0.0474,0.94912
1479757,2,2,0.00159,0.00581,0.9926
8588868,2,1,0.02571,0.62767,0.34663
24528054,2,2,0.00543,0.10968,0.88489
8789323,2,2,0.00164,0.00643,0.99193
27060466,2,2,0.00257,0.02502,0.97242
33742328,0,0,0.98591,0.01246,0.00163
880096,2,2,0.00134,0.00638,0.99228
26626031,0,1,0.18554,0.67604,0.13842
33858881,2,2,0.00209,0.01425,0.98366
39914154,2,2,0.00282,0.01038,0.98681
2228817,0,0,0.98624,0.01208,0.00168
2751869,2,2,0.00445,0.06314,0.9324
38206788,2,2,0.00207,0.0078,0.99013
4885311,0,0,0.98046,0.01806,0.00147
6893450,2,2,0.03871,0.29626,0.66503
25102888,0,0,0.96819,0.02952,0.00229
1496697,1,1,0.30589,0.57148,0.12263
9242196,2,1,0.1296,0.4649,0.40549
19300906,0,1,0.07181,0.87825,0.04994
7454369,2,2,0.00106,0.00638,0.99256
6335300,2,2,0.00124,0.00633,0.99243
5844475,2,2,0.00144,0.00883,0.98972
40199062,0,1,0.37982,0.59288,0.0273
39197914,2,2,0.00151,0.00951,0.98898
7699641,2,0,0.52603,0.36153,0.11244
35189746,2,2,0.00122,0.00682,0.99197
17795374,2,2,0.00121,0.00922,0.98956
5563986,2,2,0.00431,0.01247,0.98322
34104982,2,1,0.08483,0.8336,0.08158
6496185,2,2,0.20154,0.24525,0.55321
11573614,2,2,0.00447,0.01571,0.97982
3598360,2,2,0.00412,0.04902,0.94686
41091022,0,0,0.69522,0.29668,0.00809
40528481,2,2,0.00385,0.02452,0.97164
29144019,1,1,0.1556,0.8003,0.0441
40915476,2,2,0.00186,0.02113,0.97702
6083346,1,1,0.13938,0.7134,0.14722
40033754,2,2,0.01373,0.17593,0.81034
27266320,1,1,0.03167,0.76736,0.20096
40049910,2,2,0.01736,0.04245,0.94019
28078261,2,2,0.05268,0.12974,0.81758
9224488,0,0,0.9289,0.06795,0.00315
23713281,2,2,0.00376,0.07557,0.92066
36094410,0,1,0.08566,0.86177,0.05257
22980078,2,2,0.00188,0.00925,0.98887
6001342,2,2,0.00175,0.01698,0.98127
18331667,0,1,0.35869,0.61977,0.02154
8650419,2,2,0.00424,0.03617,0.95959
33544670,2,0,0.44406,0.14845,0.40749
8619574,2,2,0.00149,0.00538,0.99313
32036897,2,2,0.0023,0.0246,0.9731
22095698,2,2,0.00109,0.00679,0.99212
19420143,2,2,0.0012,0.00619,0.99262
28157237,2,2,0.00863,0.02458,0.96679
1466370,2,2,0.00408,0.01214,0.98377
33149812,2,2,0.0014,0.00805,0.99055
3784053,2,2,0.00134,0.00614,0.99253
33533760,2,2,0.00384,0.02547,0.97069
27495111,0,0,0.98274,0.01486,0.0024
36629286,2,2,0.00182,0.00843,0.98975
6315091,2,2,0.00437,0.02194,0.97369
16030382,2,2,0.00163,0.00821,0.99016
35101126,2,1,0.02046,0.61689,0.36265
22691967,2,2,0.00237,0.00999,0.98764
37110671,0,1,0.21319,0.67225,0.11456
9569676,2,2,0.00315,0.02398,0.97288
25038314,2,2,0.00111,0.00586,0.99303
4193280,2,1,0.0193,0.5095,0.47121
27687989,0,0,0.98096,0.01759,0.00145
33906861,2,2,0.01103,0.03385,0.95512
22983858,2,2,0.00131,0.00873,0.98995
15001978,2,2,0.00111,0.00568,0.99321
10685753,0,0,0.54972,0.42812,0.02216
39174858,2,2,0.00116,0.00796,0.99088
37349219,0,0,0.89106,0.10518,0.00376
24498835,2,2,0.04926,0.11749,0.83325
17447789,2,2,0.00182,0.01285,0.98534
26294780,2,2,0.0016,0.01431,0.98409
32063087,0,2,0.01161,0.13548,0.85291
25277184,0,1,0.20549,0.75239,0.04212
27667751,0,0,0.97474,0.02377,0.00149
6532572,1,2,0.00156,0.01,0.98844
37929710,2,2,0.00134,0.00784,0.99083
25957793,2,2,0.00228,0.01662,0.9811
1405141,2,2,0.00184,0.01382,0.98434
20338136,0,0,0.84251,0.15224,0.00525
23641760,2,2,0.00236,0.01469,0.98294
30627637,2,2,0.004,0.01634,0.97966
4823398,2,2,0.00109,0.00646,0.99245
32555488,2,2,0.00151,0.00853,0.98996
26308826,2,2,0.00333,0.02786,0.9688
4456292,2,2,0.00375,0.0342,0.96205
24604481,1,0,0.66286,0.31804,0.0191
28179329,0,0,0.54594,0.43187,0.02218
41306982,2,2,0.00578,0.05128,0.94293
29456804,2,2,0.00252,0.0255,0.97197
38595960,2,2,0.00169,0.02276,0.97555
11864016,0,0,0.50174,0.46951,0.02875
21977620,2,2,0.00214,0.01894,0.97892
14433044,0,0,0.86381,0.13144,0.00475
40063705,2,1,0.10542,0.50291,0.39167
37407173,0,0,0.98027,0.01775,0.00198
23125899,2,2,0.00184,0.01431,0.98385
5520443,1,1,0.07506,0.74339,0.18155
9012259,2,2,0.00197,0.00792,0.99011
18226984,2,2,0.00138,0.00648,0.99214
18958661,2,2,0.00374,0.0228,0.97346
4618474,1,0,0.71357,0.27944,0.007
26055526,2,2,0.00244,0.01381,0.98375
41078970,2,2,0.00133,0.01012,0.98855
37921389,2,2,0.0012,0.00884,0.98997
16561955,2,2,0.0031,0.02155,0.97535
32144496,2,0,0.65532,0.3321,0.01258
6694029,0,0,0.91386,0.08127,0.00487
12536231,2,2,0.00179,0.02761,0.9706
4697136,2,2,0.00475,0.01729,0.97796
18272152,2,2,0.0036,0.0296,0.96681
5276720,2,2,0.00111,0.00628,0.99261
12017414,2,1,0.13203,0.83199,0.03599
32191580,2,2,0.00347,0.03549,0.96105
9879056,2,2,0.00218,0.01563,0.98219
36146479,2,2,0.00116,0.00577,0.99307
19222127,2,1,0.3833,0.57092,0.04578
5218746,0,1,0.12172,0.7799,0.09838
8133704,2,2,0.00158,0.01285,0.98557
10078502,2,2,0.00289,0.0158,0.98131
27532004,0,0,0.81815,0.17625,0.0056
38633182,1,0,0.49865,0.4871,0.01426
1807948,2,1,0.02966,0.56406,0.40628
13778942,2,1,0.0947,0.75367,0.15163
1261567,2,2,0.00226,0.0098,0.98794
36965471,0,0,0.95704,0.0409,0.00206
12449026,2,2,0.00223,0.00946,0.9883
14091556,2,1,0.07131,0.49694,0.43175
34925815,2,2,0.00375,0.01935,0.9769
12130119,2,2,0.00122,0.00778,0.99101
13361228,2,1,0.01712,0.5202,0.46268
17938301,2,2,0.0012,0.00915,0.98965
24868263,0,1,0.394,0.58916,0.01684
41245288,2,2,0.00134,0.00757,0.9911
28857744,2,2,0.00124,0.00563,0.99313
11562131,2,2,0.00144,0.01246,0.9861
32261782,2,2,0.01815,0.05119,0.93067
23338346,2,2,0.00349,0.02866,0.96785
20893824,0,0,0.54265,0.44289,0.01446
16507230,0,0,0.98581,0.01251,0.00168
36002190,0,0,0.97903,0.01935,0.00162
28071433,0,0,0.82289,0.17182,0.00529
12462812,2,2,0.00209,0.0118,0.98611
3072615,2,2,0.00135,0.00985,0.9888
15162248,2,2,0.00114,0.00687,0.99199
27046876,2,2,0.00554,0.03372,0.96074
14589763,2,2,0.0067,0.14223,0.85107
1963947,2,2,0.00177,0.00936,0.98887
15677169,2,2,0.01861,0.04146,0.93993
24310096,1,0,0.40019,0.286,0.31381
12648826,2,2,0.0032,0.05092,0.94588
13827738,2,2,0.00207,0.02319,0.97474
29598481,0,0,0.91506,0.07941,0.00553
16134060,2,2,0.01036,0.02782,0.96182
26915805,2,1,0.03825,0.82421,0.13754
24677664,2,2,0.00589,0.04882,0.94529
12111273,2,2,0.00175,0.01558,0.98267
4842863,2,2,0.00648,0.09063,0.90289
39448235,2,2,0.00261,0.00939,0.988
16127078,2,1,0.40147,0.56176,0.03676
16561101,0,0,0.75721,0.23457,0.00822
31627353,2,2,0.00209,0.01231,0.9856
11218679,2,2,0.00236,0.02955,0.96809
15383954,2,2,0.00184,0.01442,0.98374
41548194,2,2,0.01429,0.16137,0.82433
17696284,2,2,0.00124,0.00638,0.99238
25575887,2,2,0.01014,0.05561,0.93425
39175545,2,2,0.00146,0.01043,0.9881
29429029,2,2,0.00143,0.01454,0.98403
36142359,0,0,0.96484,0.03346,0.0017
10857991,0,0,0.78924,0.198,0.01276
26806116,2,2,0.00134,0.00628,0.99238
17917447,2,2,0.00146,0.01154,0.987
26925966,0,0,0.98291,0.01441,0.00268
36559731,2,2,0.00183,0.01792,0.98025
15280558,2,2,0.0014,0.00799,0.99061
5222773,2,2,0.00147,0.00805,0.99048
4483941,2,1,0.28975,0.59454,0.11571
35899707,2,2,0.00335,0.02303,0.97362
39632081,1,0,0.67935,0.30741,0.01325
20218767,2,2,0.00218,0.01788,0.97994
35478394,2,2,0.00227,0.00744,0.99029
4711128,2,2,0.01767,0.18266,0.79967
10117995,2,2,0.00283,0.03603,0.96114
7555120,2,2,0.00125,0.00884,0.98991
22402861,0,0,0.84008,0.15299,0.00694
5835092,2,2,0.00393,0.04988,0.94619
7437024,2,2,0.0042,0.04451,0.95129
3867551,2,2,0.00132,0.00679,0.9919
21521228,0,0,0.70466,0.28694,0.0084
11071277,0,0,0.97009,0.02715,0.00277
32819403,2,2,0.00126,0.0053,0.99345
8219414,0,0,0.92195,0.07144,0.00661
31474331,2,2,0.00317,0.032,0.96483
22380489,2,1,0.04613,0.76817,0.18569
8099804,2,2,0.00245,0.02609,0.97146
5270425,2,2,0.00771,0.04384,0.94845
5575804,2,2,0.00485,0.0275,0.96765
16681983,0,0,0.83239,0.162,0.00561
13777075,2,1,0.02654,0.60415,0.36931
9097579,2,2,0.00474,0.06243,0.93282
26875746,0,0,0.88944,0.10644,0.00412
11237146,0,0,0.88355,0.11059,0.00586
1480289,0,0,0.98583,0.01198,0.00219
39851599,2,2,0.0024,0.03098,0.96662
4698330,2,2,0.00351,0.02392,0.97257
19459335,2,1,0.07995,0.74388,0.17617
24637564,2,2,0.0012,0.00609,0.99271
28834175,2,2,0.00413,0.01652,0.97935
28449884,2,2,0.00437,0.02152,0.97411
21614730,2,0,0.49083,0.47946,0.02971
20178353,2,2,0.00251,0.01458,0.98291
37937367,0,0,0.98163,0.01682,0.00155
16737419,2,2,0.00116,0.00648,0.99236
23770668,1,1,0.40411,0.53119,0.06469
25814887,1,1,0.18932,0.78932,0.02137
37988918,2,2,0.0044,0.06118,0.93442
12099754,2,2,0.00151,0.00951,0.98898
39721942,2,2,0.00226,0.00976,0.98797
17972892,2,2,0.00493,0.09846,0.89661
36549528,2,2,0.00437,0.09476,0.90086
5217592,0,0,0.50658,0.47218,0.02124
10954770,2,2,0.0022,0.00744,0.99036
30540250,2,2,0.00522,0.10321,0.89157
16832879,2,2,0.00279,0.03275,0.96446
38073655,2,2,0.00152,0.00609,0.9924
20053228,0,0,0.43894,0.31072,0.25034
19389277,2,2,0.00168,0.01047,0.98785
35208214,0,0,0.74184,0.24946,0.0087
3000870,0,0,0.93392,0.06306,0.00302
24362656,2,2,0.00172,0.00572,0.99256
8668416,2,2,0.00338,0.03034,0.96628
37925472,2,2,0.00108,0.00542,0.9935
17773438,2,2,0.00516,0.1126,0.88223
3093927,2,2,0.00157,0.01758,0.98085
18795569,2,1,0.13087,0.68038,0.18875
34127403,2,2,0.00207,0.00792,0.99001
23135331,0,0,0.59665,0.39436,0.00899
2315716,2,1,0.13556,0.74149,0.12295
18226110,2,2,0.00279,0.03614,0.96108
32354209,2,2,0.00285,0.03013,0.96702
35896298,2,2,0.00459,0.01896,0.97644
16540495,2,2,0.02055,0.04948,0.92997
16372316,2,2,0.00807,0.11522,0.8767
16628816,2,2,0.00169,0.0083,0.99001
3777802,2,2,0.00317,0.03099,0.96584
40110642,2,2,0.17911,0.24722,0.57367
7031374,0,0,0.97134,0.02679,0.00188
18075449,2,2,0.00171,0.00992,0.98837
35698202,0,0,0.81936,0.17309,0.00755
15261674,0,0,0.74797,0.24378,0.00824
40063599,2,2,0.00107,0.00623,0.99269
41074693,0,0,0.95616,0.04197,0.00187
19311830,0,0,0.97923,0.01928,0.0015
4115790,2,2,0.00384,0.02596,0.9702
13565119,2,2,0.00137,0.01114,0.98748
715555,2,2,0.00205,0.01768,0.98028
26050196,2,1,0.29075,0.47102,0.23823
36974037,2,2,0.00325,0.02334,0.97341
32018507,0,0,0.80585,0.18336,0.0108
8568442,2,2,0.00127,0.00772,0.99101
9265325,2,2,0.00151,0.01237,0.98613
24319779,0,0,0.98,0.01848,0.00152
5845653,1,0,0.92639,0.06958,0.00403
6777149,2,2,0.00283,0.03667,0.96051
39566189,2,2,0.00197,0.02224,0.97578
22878588,0,1,0.38931,0.53839,0.0723
13958225,2,2,0.00167,0.02089,0.97745
27519450,2,2,0.00183,0.00694,0.99123
24948567,2,2,0.00142,0.00734,0.99124
37715168,2,2,0.00426,0.01608,0.97965
27662592,2,2,0.0028,0.01739,0.97981
3974578,1,0,0.96066,0.03743,0.00191
36158101,2,2,0.00612,0.02629,0.96758
2805611,2,2,0.00122,0.0086,0.99018
15696046,2,2,0.00173,0.01582,0.98246
15347518,1,1,0.06591,0.8853,0.04879
38697626,1,0,0.80624,0.18779,0.00597
365173,0,0,0.90991,0.08406,0.00604
22940804,2,2,0.00181,0.01597,0.98222
4809206,2,2,0.00293,0.03195,0.96512
7472231,2,1,0.08335,0.79702,0.11963
22547890,2,2,0.00138,0.00884,0.98979
29162263,2,1,0.18673,0.69446,0.11881
11824378,0,0,0.66098,0.32593,0.01309
17655044,2,2,0.00874,0.03497,0.95629
6360674,2,2,0.00521,0.06283,0.93196
10067230,0,0,0.96201,0.03614,0.00186
12409568,2,2,0.00128,0.00679,0.99194
4254978,1,0,0.64128,0.3301,0.02862
32578844,0,0,0.79436,0.19928,0.00636
14326806,2,2,0.00127,0.00748,0.99125
10779371,2,0,0.62124,0.36807,0.01069
36665067,2,2,0.00124,0.00534,0.99343
40133794,2,2,0.00136,0.00757,0.99108
17777051,2,2,0.0025,0.02177,0.97574
18019073,2,0,0.76429,0.22069,0.01502
37657538,0,0,0.7611,0.23032,0.00859
39281105,0,0,0.98501,0.0132,0.00179
4164333,2,2,0.00138,0.00774,0.99088
11435881,0,0,0.70606,0.28305,0.01089
9744091,2,2,0.00168,0.0127,0.98562
9666123,2,2,0.00133,0.00847,0.9902
10551769,2,2,0.00658,0.06136,0.93206
17912675,2,2,0.00132,0.00542,0.99326
11310266,1,1,0.31855,0.65362,0.02783
32210362,2,2,0.00285,0.01259,0.98456
3997700,2,2,0.02635,0.17904,0.79461
28962890,2,2,0.00179,0.00866,0.98954
37920593,0,0,0.88672,0.10863,0.00465
14882010,2,2,0.00309,0.02529,0.97161
29944378,2,2,0.00114,0.00904,0.98981
35806214,2,2,0.0018,0.00623,0.99197
12569261,2,2,0.00108,0.00546,0.99346
9141865,2,1,0.03151,0.8384,0.13009
12407267,2,2,0.00525,0.02429,0.97045
24641596,2,2,0.00284,0.03362,0.96354
1890401,2,2,0.17034,0.36844,0.46122
15001507,2,2,0.00258,0.01882,0.9786
6909395,2,2,0.00116,0.00908,0.98976
32745794,2,2,0.01424,0.18388,0.80188
32290089,2,2,0.0012,0.00754,0.99126
22736854,2,2,0.00194,0.01059,0.98747
16287403,2,2,0.02641,0.05701,0.91658
36449993,0,0,0.96305,0.03477,0.00217
40578114,0,0,0.83449,0.1568,0.00871
24794862,0,0,0.8622,0.13171,0.00609
36859613,2,2,0.00137,0.0119,0.98673
34847517,0,0,0.94216,0.05444,0.0034
9172754,2,2,0.08745,0.33785,0.5747
28728765,1,1,0.11818,0.84634,0.03548
27673851,2,2,0.00213,0.01096,0.98691
27933819,2,2,0.00853,0.19885,0.79262
21912521,2,2,0.00312,0.03243,0.96446
38126656,2,2,0.00171,0.01076,0.98753
7762411,2,2,0.00219,0.01075,0.98705
26290750,2,2,0.01522,0.1139,0.87088
23990456,1,0,0.83381,0.15851,0.00768
31482468,0,0,0.96453,0.03367,0.0018
19884537,2,2,0.38443,0.19827,0.4173
11685459,0,1,0.44584,0.542,0.01216
1058887,2,2,0.00149,0.00925,0.98926
34081509,2,2,0.01491,0.1051,0.87999
38898487,2,2,0.00124,0.00703,0.99173
39843834,2,2,0.00177,0.02347,0.97476
28836259,2,2,0.01419,0.28606,0.69975
10868326,2,2,0.00637,0.17274,0.82089
9747538,2,1,0.02641,0.58707,0.38652
493217,2,2,0.00129,0.00799,0.99072
5376165,2,2,0.00131,0.0086,0.99009
28959945,2,2,0.00147,0.00618,0.99235
2765245,2,2,0.00134,0.00769,0.99098
22013593,2,2,0.1446,0.24302,0.61238
38350682,2,2,0.12651,0.08477,0.78872
7526844,2,2,0.00133,0.00821,0.99046
12331466,1,1,0.3431,0.63106,0.02584
13961127,2,2,0.00124,0.00754,0.99123
34527865,2,2,0.00161,0.0088,0.98959
9064905,2,1,0.0239,0.76718,0.20892
11521703,2,2,0.00342,0.06361,0.93297
10261053,2,1,0.15817,0.77704,0.06479
2521128,2,2,0.00146,0.01315,0.98539
25777466,2,2,0.01237,0.23429,0.75334
17256392,2,2,0.00192,0.01685,0.98123
41011849,1,1,0.34897,0.61727,0.03375
10553397,2,2,0.00665,0.03666,0.95669
41214516,0,0,0.90972,0.08487,0.00541
25993622,2,2,0.02423,0.4067,0.56907
32280586,0,0,0.80852,0.18541,0.00608
38276087,0,0,0.91937,0.0771,0.00353
25695341,2,2,0.00256,0.01264,0.9848
32609488,0,0,0.98627,0.00937,0.00436
27317715,2,2,0.00466,0.10694,0.8884
18318594,2,2,0.00187,0.01295,0.98518
25265207,2,2,0.00854,0.09222,0.89923
2387792,2,2,0.1837,0.31401,0.50228
21036303,2,2,0.0082,0.07322,0.91858
30841159,2,2,0.00171,0.00733,0.99095
14885730,2,0,0.93213,0.05415,0.01372
20030355,2,2,0.00203,0.0125,0.98547
3473936,1,0,0.9459,0.05182,0.00227
32319512,0,0,0.96504,0.03291,0.00205
5208464,0,0,0.70788,0.27398,0.01814
20085871,2,2,0.00388,0.0324,0.96372
5399453,2,2,0.00133,0.00843,0.99023
11239944,0,1,0.08084,0.80063,0.11854
37560446,2,2,0.00122,0.00784,0.99095
39907234,2,2,0.00177,0.00954,0.98869
28645095,2,2,0.00164,0.00658,0.99178
28337637,2,2,0.00204,0.0212,0.97676
6795251,2,0,0.5306,0.44681,0.0226
29721609,0,0,0.9811,0.01728,0.00162
30151821,2,2,0.00507,0.05921,0.93573
21702031,2,2,0.0014,0.0055,0.99309
1424128,2,2,0.00109,0.00674,0.99217
16470724,2,2,0.00146,0.01106,0.98748
28801891,1,0,0.49167,0.48404,0.02429
18464683,2,2,0.00197,0.00988,0.98815
34886401,2,2,0.00467,0.01052,0.98481
203580,2,2,0.00585,0.08385,0.9103
11669883,2,0,0.68083,0.30808,0.01109
25299285,0,0,0.90124,0.09388,0.00488
34771290,2,2,0.0018,0.00792,0.99028
19054104,2,2,0.04672,0.30827,0.64501
18729454,2,2,0.00268,0.01143,0.98588
10530440,2,2,0.00391,0.03879,0.9573
6783758,0,0,0.95608,0.04169,0.00223
1550076,2,2,0.00109,0.00748,0.99143
3302667,2,2,0.00174,0.01072,0.98755
9751421,2,2,0.00372,0.01196,0.98432
33979458,2,2,0.0019,0.01522,0.98288
8140692,0,0,0.7829,0.19911,0.01799
41271609,2,2,0.00243,0.01662,0.98095
36963697,0,0,0.87674,0.11636,0.00691
1426620,2,2,0.00237,0.02493,0.9727
20683782,1,0,0.89104,0.10477,0.00419
9556477,2,2,0.00188,0.00977,0.98836
22213447,2,2,0.0034,0.01006,0.98655
30010227,0,0,0.95543,0.04231,0.00226
14472935,2,2,0.00182,0.0078,0.99037
23906542,0,0,0.92358,0.07234,0.00408
4908627,2,2,0.00363,0.02113,0.97524
24240627,2,1,0.36809,0.59281,0.0391
35422091,2,2,0.03585,0.16096,0.80319
1902982,0,0,0.89125,0.10337,0.00538
9605471,2,2,0.01402,0.23251,0.75348
3311627,2,2,0.00172,0.00577,0.99252
21777451,2,2,0.00114,0.00656,0.9923
38189992,2,2,0.00218,0.01587,0.98195
27943628,2,2,0.00368,0.06638,0.92993
19387995,0,0,0.88753,0.10767,0.00481
11065383,2,2,0.00287,0.00727,0.98986
2861193,2,2,0.00385,0.09805,0.89811
40247893,2,2,0.00213,0.01051,0.98737
31126166,2,2,0.0038,0.03578,0.96042
17991330,2,2,0.00109,0.00609,0.99282
19352251,2,2,0.00265,0.00999,0.98737
3475167,2,2,0.00158,0.00901,0.98941
8484831,2,2,0.02315,0.09459,0.88226
14326988,2,2,0.00122,0.0086,0.99018
39778784,0,0,0.96254,0.02907,0.00839
19703606,1,0,0.9426,0.05162,0.00578
2276944,2,2,0.00133,0.0086,0.99007
18317960,2,2,0.00194,0.00722,0.99084
27179330,0,0,0.83834,0.14314,0.01852
20036670,2,2,0.00425,0.03386,0.96189
10966759,2,1,0.15135,0.58704,0.26161
11136727,2,1,0.38334,0.49414,0.12252
33121347,2,2,0.00263,0.03065,0.96672
6581981,2,2,0.00745,0.01616,0.97639
36903463,0,0,0.98557,0.01103,0.00339
14484504,1,0,0.84152,0.15206,0.00643
13682912,0,2,0.33482,0.29293,0.37225
34199592,2,2,0.00862,0.06992,0.92146
39729137,2,2,0.00192,0.01741,0.98067
7440979,2,2,0.00515,0.07372,0.92114
28309236,2,2,0.00726,0.02667,0.96607
26545598,2,2,0.00116,0.00638,0.99246
4131947,1,1,0.06578,0.88011,0.05411
19826608,2,2,0.00149,0.01051,0.988
7848816,2,2,0.00156,0.00984,0.9886
27788287,2,2,0.00142,0.00857,0.99001
29092668,2,2,0.0016,0.01597,0.98243
27328803,2,2,0.00754,0.06508,0.92738
31007145,2,2,0.00802,0.05011,0.94187
25546739,1,1,0.44942,0.50728,0.0433
14139426,2,2,0.0017,0.0142,0.98409
6444776,2,2,0.00136,0.00658,0.99206
28397113,2,1,0.09106,0.68879,0.22015
6634167,2,2,0.00344,0.02641,0.97014
34600435,2,2,0.00349,0.04475,0.95176
879805,1,1,0.04551,0.86539,0.0891
36074631,2,2,0.0014,0.0085,0.9901
17818321,2,1,0.01627,0.52639,0.45734
18762103,2,2,0.00169,0.00922,0.9891
9579522,2,2,0.00204,0.0189,0.97905
5384601,2,2,0.01323,0.23548,0.75129
13759390,1,1,0.28857,0.69225,0.01918
4852557,0,0,0.67023,0.3166,0.01317
40827816,0,0,0.757,0.23177,0.01123
9412902,0,0,0.4278,0.38273,0.18947
41251965,2,2,0.05064,0.15722,0.79214
19460433,0,0,0.89685,0.09887,0.00429
15348415,2,2,0.01,0.20802,0.78198
3631766,0,0,0.75341,0.23987,0.00673
34620412,2,2,0.00327,0.03258,0.96416
39378229,0,0,0.75796,0.22231,0.01973
22857835,2,2,0.00233,0.01113,0.98653
31431447,2,2,0.00483,0.07508,0.92009
39212362,0,0,0.90807,0.08731,0.00462
26389927,2,2,0.00153,0.01336,0.98512
39118080,0,0,0.96095,0.03622,0.00283
37507013,2,2,0.00109,0.00555,0.99336
13342128,2,2,0.00332,0.01705,0.97963
31664773,2,2,0.00135,0.0131,0.98555
11603153,2,2,0.00163,0.00863,0.98974
18022373,2,2,0.0021,0.00663,0.99127
30512545,2,2,0.00187,0.01212,0.986
15768001,2,2,0.00176,0.01059,0.98764
40493247,2,2,0.01167,0.03888,0.94944
14334930,2,2,0.00159,0.00668,0.99173
39841530,2,2,0.00805,0.02413,0.96781
21847722,2,2,0.00151,0.00853,0.98996
6586925,0,0,0.95291,0.04294,0.00415
11978047,1,1,0.06278,0.86664,0.07058
17523859,2,2,0.01439,0.30293,0.68267
14899606,0,0,0.7683,0.21418,0.01751
19896958,2,2,0.00235,0.02092,0.97674
33620891,2,2,0.03797,0.17522,0.78681
39932949,2,1,0.01612,0.56819,0.41569
7489131,2,2,0.00163,0.01409,0.98428
3144058,0,0,0.93817,0.05928,0.00255
35894605,2,2,0.00149,0.00834,0.99018
3613132,0,1,0.43586,0.54244,0.0217
16218494,1,2,0.00272,0.02868,0.9686
22261581,2,2,0.00129,0.00784,0.99087
1723661,0,0,0.9253,0.06977,0.00493
35045182,2,2,0.00161,0.0108,0.98759
13543340,2,1,0.42422,0.55329,0.02248
34402899,0,0,0.54315,0.43644,0.02041
4626471,2,2,0.00127,0.00751,0.99122
29458130,0,0,0.98416,0.01432,0.00153
1081288,2,0,0.54696,0.41611,0.03693
29926283,2,2,0.0035,0.04099,0.95551
19415949,2,2,0.00123,0.0085,0.99026
14294226,2,2,0.00483,0.06096,0.93421
19173457,2,2,0.00226,0.01027,0.98747
35967041,2,2,0.00251,0.01481,0.98268
20734973,2,2,0.0033,0.00875,0.98795
26791419,2,2,0.00294,0.01491,0.98215
21442651,0,0,0.96102,0.03601,0.00296
41175922,0,0,0.97429,0.0242,0.00151
17456288,2,2,0.00116,0.00538,0.99346
36622536,2,2,0.00414,0.01327,0.98259
6084452,2,2,0.0019,0.01431,0.98379
3011925,2,2,0.00901,0.03562,0.95537
3703043,2,1,0.064,0.79192,0.14408
9937455,2,2,0.00126,0.00717,0.99158
13586098,1,1,0.2738,0.68566,0.04054
12616542,2,2,0.00827,0.1213,0.87043
26409250,2,2,0.00116,0.00802,0.99082
10496014,2,2,0.00159,0.00733,0.99108
34617522,2,2,0.00113,0.00711,0.99176
28509085,2,2,0.00237,0.02639,0.97124
5793504,2,2,0.00156,0.01068,0.98777
1334609,2,2,0.00427,0.05874,0.93699
6614444,0,0,0.68118,0.30109,0.01773
8669853,2,2,0.04368,0.39859,0.55773
1671909,2,2,0.00179,0.01285,0.98537
19170,2,2,0.00298,0.02976,0.96726
23904256,0,0,0.97594,0.02242,0.00164
17087106,1,0,0.50173,0.48251,0.01575
36062537,2,2,0.00197,0.00921,0.98882
11572868,1,1,0.36585,0.61991,0.01424
34679888,1,0,0.72834,0.2597,0.01196
8597554,0,0,0.97555,0.0164,0.00805
832421,2,1,0.08083,0.84557,0.0736
2880033,1,1,0.20539,0.7706,0.02401
30068112,2,2,0.01034,0.1285,0.86116
16453818,0,1,0.19775,0.76997,0.03228
28615042,2,2,0.00109,0.0049,0.99401
10737667,2,2,0.00396,0.04216,0.95388
2513462,0,0,0.72555,0.26587,0.00858
17383495,0,0,0.90611,0.09077,0.00312
40254971,1,2,0.06145,0.37789,0.56067
26757060,2,2,0.00184,0.01377,0.98439
25628478,0,0,0.55969,0.38618,0.05413
20476702,2,2,0.00847,0.02798,0.96355
29780577,0,0,0.74883,0.23563,0.01554
5217750,2,2,0.00864,0.16309,0.82826
18337986,0,0,0.55801,0.30997,0.13202
34029806,2,2,0.00261,0.00694,0.99045
20194219,0,1,0.38093,0.57633,0.04274
488099,2,2,0.00299,0.04291,0.9541
7617511,2,2,0.00193,0.01534,0.98274
13417533,2,2,0.00142,0.01023,0.98835
6243792,2,2,0.02172,0.39113,0.58715
9196061,2,2,0.00199,0.0133,0.98471
34174013,2,2,0.0012,0.00676,0.99204
18590095,2,1,0.01785,0.5728,0.40936
13918263,2,2,0.00154,0.00765,0.99081
22485086,0,2,0.15563,0.3905,0.45387
22676331,2,2,0.00114,0.00709,0.99177
18939460,1,2,0.01187,0.29799,0.69014
11260791,2,2,0.02866,0.04438,0.92696
6586392,2,2,0.00473,0.06452,0.93074
30312744,1,1,0.26963,0.70762,0.02275
34461027,2,2,0.00514,0.10249,0.89236
35564814,2,2,0.0013,0.0049,0.9938
274794,2,2,0.00114,0.00559,0.99326
29186078,2,0,0.48356,0.31069,0.20575
10315575,1,1,0.14752,0.81083,0.04165
35750393,2,2,0.00266,0.02091,0.97643
41103029,2,2,0.00146,0.00985,0.98869
6399943,2,2,0.00114,0.00763,0.99123
23897921,2,1,0.14997,0.56377,0.28626
41261469,0,0,0.98275,0.01573,0.00152
10582923,2,2,0.00127,0.00904,0.98968
22626083,0,1,0.34674,0.4207,0.23256
10844928,2,2,0.00563,0.10462,0.88975
4478191,2,2,0.00138,0.0076,0.99103
18209162,0,0,0.91442,0.08276,0.00282
38657466,2,2,0.002,0.00886,0.98913
30727666,0,0,0.96705,0.03148,0.00148
13993502,2,2,0.00116,0.00643,0.99241
6734402,2,1,0.0404,0.64186,0.31774
39003679,2,2,0.00963,0.04525,0.94511
30776904,1,1,0.0897,0.7933,0.117
10102777,2,2,0.00115,0.00542,0.99343
30012581,0,0,0.76002,0.23179,0.00818
26596383,2,2,0.00206,0.0126,0.98534
677095,2,2,0.00183,0.00467,0.9935
15295052,0,0,0.96802,0.0304,0.00157
35443167,2,2,0.00223,0.02522,0.97255
23453758,2,2,0.00133,0.00811,0.99055
21451893,2,2,0.0037,0.03235,0.96395
28426010,1,0,0.69091,0.30066,0.00843
39788728,1,1,0.34408,0.63287,0.02305
6715281,2,2,0.00227,0.02428,0.97346
37573996,2,2,0.05427,0.15451,0.79122
19410349,2,2,0.00104,0.00538,0.99358
27300721,0,0,0.9792,0.0192,0.00159
3923301,2,2,0.01154,0.04223,0.94623
31887320,2,2,0.00134,0.00689,0.99177
20481235,2,2,0.00153,0.01131,0.98715
15749909,2,2,0.01993,0.10585,0.87422
36951323,2,2,0.0059,0.03215,0.96195
40562599,2,2,0.00678,0.0333,0.95992
29335623,2,2,0.00554,0.06313,0.93133
8812742,2,2,0.00624,0.05244,0.94132
30093598,2,2,0.00137,0.01199,0.98664
12771355,0,0,0.75836,0.23039,0.01125
35008428,2,2,0.0016,0.01199,0.98641
34080169,2,2,0.00473,0.0505,0.94477
13218236,2,2,0.00403,0.06901,0.92696
6034675,2,2,0.01658,0.45528,0.52814
6018743,2,2,0.0015,0.0141,0.9844
2659235,0,0,0.87762,0.11557,0.00681
41263434,2,2,0.00149,0.00572,0.99279
23253819,1,0,0.72408,0.2643,0.01161
33242409,2,2,0.00113,0.00669,0.99219
26260973,2,2,0.00133,0.00837,0.9903
8503379,2,1,0.03934,0.73648,0.22418
5732571,0,1,0.22791,0.72289,0.04919
14174483,1,1,0.09376,0.86724,0.03901
36118935,2,2,0.02423,0.15434,0.82143
19282594,2,2,0.00129,0.0087,0.99001
20795244,2,2,0.00267,0.03229,0.96504
9154280,2,2,0.00681,0.14269,0.8505
41153593,2,2,0.00111,0.00581,0.99308
11461346,1,0,0.62019,0.36034,0.01947
37766218,2,2,0.0012,0.00824,0.99056
529853,0,0,0.92087,0.075,0.00413
24989583,2,2,0.00147,0.00748,0.99105
12639685,0,0,0.94399,0.0541,0.00191
19716160,2,1,0.03114,0.80946,0.15939
9022810,2,2,0.00118,0.00604,0.99278
9059344,0,0,0.62938,0.33953,0.03109
4930872,0,0,0.97075,0.02767,0.00158
39975602,2,2,0.00142,0.0088,0.98978
4566578,2,2,0.00489,0.077,0.91811
30203023,2,2,0.00128,0.00658,0.99214
1446312,2,2,0.00247,0.01687,0.98066
5695898,2,2,0.00362,0.06916,0.92722
30986653,2,2,0.00101,0.00671,0.99228
28615960,2,2,0.00108,0.00534,0.99359
39777542,2,2,0.00162,0.01437,0.98401
28674463,2,2,0.00182,0.0085,0.98968
31595605,2,2,0.00213,0.0083,0.98957
28618682,0,0,0.98323,0.01487,0.0019
23554954,2,2,0.00113,0.00633,0.99254
17747546,2,2,0.00109,0.00475,0.99416
23905085,1,0,0.68402,0.30591,0.01007
37200474,2,2,0.00142,0.00546,0.99311
38619443,0,0,0.80509,0.18462,0.01029
25691132,2,2,0.0014,0.0086,0.99
27930012,1,0,0.5739,0.41661,0.0095
17172130,0,1,0.21336,0.75201,0.03463
28069716,2,2,0.00312,0.03267,0.96421
24528528,2,2,0.00797,0.05612,0.93591
3889367,2,2,0.00319,0.01143,0.98539
17433681,2,2,0.00113,0.0053,0.99358
3397307,2,2,0.00153,0.01106,0.98741
17914429,2,2,0.0012,0.00818,0.99063
22936228,2,2,0.00196,0.0134,0.98464
38184271,2,2,0.00156,0.00668,0.99176
12420133,0,0,0.98609,0.01203,0.00187
4376901,2,2,0.00151,0.0108,0.98769
27590298,2,2,0.00563,0.07598,0.91839
19573917,2,2,0.00715,0.15296,0.83989
39122501,2,2,0.00536,0.02061,0.97403
2641016,2,2,0.0014,0.00958,0.98902
34448877,2,2,0.00151,0.00733,0.99115
2510602,2,2,0.00579,0.09363,0.90058
39700473,2,2,0.00118,0.00728,0.99154
20004868,2,2,0.00244,0.0269,0.97066
5768208,2,2,0.0014,0.006,0.9926
9901438,2,2,0.02009,0.10521,0.8747
35477294,2,2,0.0012,0.00648,0.99232
22753629,2,2,0.00392,0.03632,0.95976
3793103,2,2,0.00161,0.00643,0.99196
33813724,2,2,0.0012,0.00728,0.99152
26882775,2,2,0.00157,0.00482,0.99361
11932089,2,2,0.00164,0.00771,0.99065
22952326,0,0,0.56043,0.42304,0.01653
34084539,2,2,0.02129,0.17997,0.79874
10998387,2,2,0.00163,0.00887,0.9895
33102736,2,2,0.0012,0.00766,0.99115
21562812,2,0,0.84503,0.148,0.00698
33364520,2,2,0.0016,0.01383,0.98457
6738051,2,2,0.00126,0.00648,0.99226
4957432,2,2,0.00131,0.00908,0.98961
9286878,2,2,0.00413,0.0621,0.93377
11749195,2,0,0.8882,0.10691,0.00488
36655710,2,2,0.00137,0.01101,0.98761
23865238,2,2,0.00174,0.00856,0.9897
38178053,2,2,0.00174,0.00824,0.99002
25235530,1,1,0.03001,0.83037,0.13962
16726711,2,2,0.00127,0.00725,0.99147
31869271,0,0,0.96267,0.03535,0.00198
9039033,2,2,0.00519,0.0516,0.94321
424248,2,2,0.0037,0.01827,0.97804
20936241,2,2,0.00471,0.06934,0.92595
24885810,2,2,0.00254,0.01897,0.97849
33796409,2,2,0.00528,0.06414,0.93058
30468268,2,2,0.00743,0.17311,0.81946
9998605,2,2,0.00382,0.03073,0.96544
16687510,0,0,0.96632,0.03178,0.00189
29744188,0,2,0.01488,0.26268,0.72245
41278036,2,2,0.00259,0.01713,0.98028
19968894,2,2,0.00403,0.06989,0.92608
7746596,2,2,0.01621,0.06372,0.92007
14408169,2,2,0.00104,0.00728,0.99168
23547736,1,1,0.27316,0.69211,0.03473
14724132,2,2,0.00124,0.00551,0.99326
24459882,2,2,0.00229,0.03012,0.96759
1033976,2,2,0.00124,0.00703,0.99173
33447473,2,2,0.00224,0.01998,0.97778
2533090,0,2,0.40079,0.15035,0.44886
2281796,2,2,0.00149,0.00877,0.98975
2121113,2,2,0.00751,0.12391,0.86857
2741433,2,2,0.00236,0.01403,0.98361
38843711,0,0,0.98265,0.0151,0.00225
8401774,1,0,0.73005,0.25929,0.01066
13211658,2,2,0.00327,0.01508,0.98164
31887209,0,0,0.87106,0.12186,0.00708
21693526,2,2,0.00324,0.02558,0.97118
21207452,0,0,0.80701,0.18578,0.0072
9188775,0,0,0.65042,0.34008,0.0095
13594300,2,2,0.00168,0.00954,0.98877
34105103,2,2,0.00142,0.0086,0.98998
31080866,1,2,0.02301,0.44094,0.53605
26591397,2,2,0.02309,0.10373,0.87318
15469729,2,2,0.00579,0.03554,0.95867
8547505,1,1,0.11554,0.83723,0.04723
22415796,0,0,0.84292,0.13787,0.01921
18536842,2,2,0.00161,0.00911,0.98928
40265325,2,2,0.00731,0.14745,0.84523
25712032,2,2,0.00453,0.06271,0.93277
40154406,0,0,0.76616,0.22559,0.00825
39740054,2,2,0.00154,0.0085,0.98997
601102,2,2,0.00149,0.01008,0.98844
32837073,0,0,0.5456,0.43499,0.01941
38729762,2,2,0.00336,0.01906,0.97758
24122965,0,0,0.79988,0.19298,0.00714
9224182,2,2,0.00127,0.0087,0.99003
35988156,2,2,0.00138,0.0097,0.98893
15668733,0,0,0.98006,0.01838,0.00157
3855085,2,2,0.00104,0.0059,0.99305
22256360,0,0,0.98542,0.01221,0.00237
11511159,0,0,0.92775,0.06934,0.00291
33236322,2,2,0.00191,0.00846,0.98963
14965847,2,2,0.00241,0.02354,0.97404
8545901,2,2,0.01451,0.02966,0.95582
28884306,0,0,0.97587,0.02264,0.00149
17003639,2,2,0.00116,0.006,0.99284
28365357,2,2,0.00568,0.08223,0.91209
38977314,0,0,0.97977,0.01873,0.0015
22983029,1,0,0.72639,0.26205,0.01156
37734958,0,0,0.93515,0.06253,0.00232
23982705,2,2,0.00197,0.00811,0.98992
14889902,2,2,0.00137,0.01101,0.98761
22489107,2,2,0.00764,0.05275,0.93961
18042882,1,1,0.27031,0.7094,0.02028
14672352,0,0,0.9629,0.035,0.00211
40559368,2,1,0.04529,0.80283,0.15188
14235316,2,2,0.00505,0.06236,0.93259
28955675,2,2,0.00285,0.03013,0.96702
3518289,2,2,0.00223,0.02522,0.97255
11678868,2,2,0.00212,0.01377,0.98411
7180115,0,1,0.43905,0.53375,0.0272
14155173,0,0,0.97979,0.01884,0.00136
7381436,2,2,0.00116,0.00559,0.99325
4471544,2,1,0.04505,0.72706,0.22789
37014006,0,0,0.97409,0.0242,0.00171
23087413,2,2,0.00116,0.00711,0.99173
15700318,2,0,0.86327,0.12534,0.01139
25453955,2,2,0.00226,0.01175,0.98599
29219650,2,2,0.00168,0.01241,0.98591
32073864,2,2,0.00291,0.0234,0.97369
30315783,2,2,0.00131,0.0084,0.99028
30974235,2,2,0.00561,0.09398,0.90041
9081271,2,2,0.0018,0.00733,0.99087
6429170,2,2,0.00945,0.19132,0.79923
23137866,0,0,0.72183,0.26763,0.01054
18110633,2,2,0.00116,0.00586,0.99298
3235483,1,1,0.10971,0.57035,0.31994
22236490,2,2,0.00177,0.00521,0.99302
3676950,2,2,0.00113,0.00714,0.99173
39599343,2,2,0.00144,0.01145,0.98711
11676941,0,0,0.7158,0.25623,0.02797
21888321,2,2,0.00111,0.00551,0.99338
11186701,0,0,0.66711,0.31024,0.02265
7773987,2,2,0.00128,0.00604,0.99268
35178473,2,2,0.00195,0.01847,0.97957
2052767,2,2,0.00202,0.01382,0.98416
1892640,2,2,0.00179,0.01027,0.98794
9335574,2,2,0.00134,0.00482,0.99384
8685947,0,0,0.8325,0.15734,0.01016
9114613,2,2,0.00218,0.01521,0.9826
36408931,2,2,0.01011,0.03626,0.95363
2372635,2,2,0.00111,0.00676,0.99213
20455330,2,2,0.00146,0.00877,0.98977
32816459,0,0,0.97622,0.0224,0.00138
19568114,2,2,0.00168,0.00988,0.98843
29853429,2,2,0.00124,0.00581,0.99295
9247123,2,2,0.00226,0.02744,0.9703
39607288,2,2,0.03643,0.1344,0.82917
35245905,2,2,0.00168,0.01051,0.98781
39212390,2,2,0.00207,0.02052,0.9774
18086292,1,0,0.8403,0.15184,0.00786
35498956,2,1,0.46933,0.51145,0.01922
1909281,0,0,0.6963,0.28913,0.01456
17495531,2,2,0.00162,0.01679,0.98159
28009866,2,2,0.00571,0.15987,0.83442
17449373,2,2,0.00113,0.00538,0.99349
6951718,2,2,0.00144,0.01123,0.98733
28475940,0,1,0.10149,0.86316,0.03535
31315763,1,0,0.54981,0.41665,0.03354
34507893,2,2,0.00281,0.01161,0.98558
17926815,2,2,0.00249,0.00976,0.98775
28441978,2,2,0.00222,0.01265,0.98513
34626061,0,0,0.9303,0.06739,0.00231
17138221,2,2,0.00258,0.02119,0.97623
26944090,2,2,0.00185,0.01097,0.98719
2192823,1,1,0.08371,0.79112,0.12517
20940123,0,0,0.97186,0.02657,0.00158
1884307,2,2,0.0061,0.08891,0.90499
17525785,2,2,0.00487,0.02348,0.97165
15302539,2,2,0.00215,0.01335,0.9845
9025683,2,2,0.00123,0.00908,0.98969
41144781,0,0,0.96909,0.02904,0.00187
33660044,2,2,0.00188,0.01047,0.98765
339913,2,2,0.00149,0.01035,0.98816
23076653,2,2,0.00868,0.10595,0.88537
19209946,2,2,0.00199,0.01587,0.98214
9906331,0,0,0.97934,0.01909,0.00157
30227122,2,1,0.04231,0.811,0.14669
6249326,2,2,0.00129,0.00857,0.99014
20486658,2,2,0.00136,0.00695,0.99169
23612623,2,2,0.00479,0.08157,0.91364
16466482,1,0,0.63003,0.3333,0.03667
35697999,2,2,0.00421,0.04365,0.95214
40033726,0,0,0.9743,0.02401,0.00169
37085270,2,2,0.01769,0.16913,0.81319
26023609,2,2,0.00249,0.00924,0.98827
27397323,0,0,0.85768,0.13308,0.00923
33607926,2,2,0.00138,0.00509,0.99353
2768332,1,0,0.72609,0.26711,0.00679
40644168,2,2,0.00218,0.01872,0.9791
29108779,0,0,0.95389,0.04399,0.00212
6088304,1,1,0.04775,0.88002,0.07224
31375178,2,2,0.00284,0.01544,0.98172
41504705,0,0,0.90505,0.09049,0.00446
21435785,2,1,0.04078,0.54569,0.41352
24443438,2,2,0.00107,0.00661,0.99232
5319687,2,2,0.00159,0.00494,0.99347
22712542,2,2,0.00424,0.03727,0.95849
21281346,2,1,0.08884,0.48402,0.42714
21450044,2,2,0.0012,0.00619,0.99262
23548029,2,2,0.00488,0.05014,0.94498
39223884,2,2,0.00259,0.01713,0.98028
39971787,2,2,0.01396,0.03722,0.94881
14077392,0,1,0.27738,0.50559,0.21703
15195705,2,2,0.007,0.14506,0.84794
39584097,2,2,0.00148,0.01204,0.98648
2008239,0,0,0.9586,0.0392,0.0022
31270720,2,2,0.00509,0.03925,0.95565
35944882,2,2,0.00245,0.01071,0.98684
24363583,2,2,0.01373,0.09605,0.89022
7760870,2,2,0.0014,0.00951,0.98909
9931371,0,0,0.71338,0.27396,0.01266
2268114,2,2,0.00503,0.06623,0.92874
38430982,2,2,0.00184,0.01275,0.98541
3385674,2,0,0.4817,0.46144,0.05686
9960570,2,2,0.00588,0.03594,0.95818
27039443,2,2,0.00116,0.00482,0.99401
18914244,0,0,0.71843,0.25918,0.02238
22901764,2,2,0.00849,0.16472,0.82678
24192848,2,2,0.01159,0.16314,0.82527
30792349,2,2,0.07887,0.12144,0.79969
1371082,2,2,0.00688,0.10577,0.88735
27472506,2,2,0.00509,0.02544,0.96948
33981064,0,0,0.98382,0.01431,0.00187
28044895,2,2,0.00282,0.00917,0.98801
38082887,2,2,0.00165,0.01285,0.9855
11286691,0,1,0.47929,0.50623,0.01447
22121592,2,2,0.00414,0.07313,0.92273
16601664,2,2,0.0014,0.00969,0.98891
12166557,2,2,0.00161,0.00962,0.98877
39111411,0,0,0.52185,0.46414,0.01402
31656107,2,2,0.00127,0.00867,0.99006
22742222,2,1,0.03032,0.78209,0.18759
1483179,2,1,0.12183,0.83093,0.04725
21801604,0,0,0.76834,0.22624,0.00543
33499421,2,2,0.00161,0.00768,0.99071
10582901,0,0,0.92066,0.07602,0.00332
20250963,2,2,0.00257,0.02526,0.97218
17533428,2,2,0.00127,0.00947,0.98925
1784189,2,2,0.00227,0.0078,0.98993
15510884,2,2,0.00499,0.04392,0.95109
26496063,2,2,0.00171,0.00824,0.99005
31197554,0,0,0.8343,0.15923,0.00647
7957874,2,2,0.0041,0.03838,0.95752
11799659,2,2,0.00628,0.0316,0.96212
19849168,2,2,0.00113,0.00581,0.99306
3628729,2,2,0.00781,0.08891,0.90327
6154935,0,0,0.927,0.06955,0.00345
24781872,2,2,0.01348,0.3422,0.64432
31261056,2,2,0.00124,0.0072,0.99157
4691068,2,2,0.01041,0.24253,0.74706
37556532,2,2,0.00189,0.00568,0.99244
41559993,2,2,0.0012,0.00728,0.99152
4673871,2,2,0.0114,0.38052,0.60808
37792387,0,1,0.45131,0.52148,0.02721
17564685,0,0,0.82888,0.16132,0.0098
34457266,0,0,0.94864,0.0489,0.00246
10252547,2,2,0.00628,0.02521,0.96851
38009559,2,2,0.00494,0.05394,0.94112
29578941,2,2,0.00177,0.0087,0.98954
10094680,2,2,0.00266,0.03665,0.96069
35499588,0,0,0.82669,0.14967,0.02364
1923750,1,0,0.59442,0.39597,0.00961
19832681,2,2,0.00264,0.04333,0.95403
25467526,2,2,0.00124,0.00595,0.99281
38657447,0,1,0.3301,0.64128,0.02862
39933344,2,2,0.00225,0.01527,0.98248
19323791,1,0,0.67914,0.30731,0.01356
18663983,2,2,0.00385,0.02351,0.97264
3590145,2,2,0.00114,0.00586,0.993
7444152,2,2,0.00161,0.00765,0.99074
14957077,2,2,0.00129,0.00815,0.99056
40152363,0,0,0.95427,0.03878,0.00695
21639429,0,0,0.74142,0.24641,0.01217
20920765,2,2,0.00787,0.15084,0.84129
38163580,2,2,0.00151,0.01123,0.98726
25382321,2,2,0.01331,0.25415,0.73254
2668789,2,2,0.00153,0.00992,0.98855
32997626,0,0,0.97272,0.02567,0.00161
36964836,0,0,0.96705,0.03119,0.00175
1648394,2,0,0.94077,0.05568,0.00356
10550392,2,2,0.00136,0.0087,0.98995
32077817,0,0,0.96564,0.03221,0.00215
24930121,2,2,0.00179,0.00943,0.98877
28809441,2,1,0.18398,0.50305,0.31296
4268208,2,2,0.00192,0.01682,0.98126
29874379,0,0,0.98541,0.0125,0.00209
21754842,2,2,0.00202,0.01557,0.98241
20512344,2,2,0.00688,0.01821,0.97491
13214239,0,0,0.67765,0.31268,0.00967
13884938,2,2,0.00138,0.00947,0.98915
18009568,2,2,0.01191,0.2038,0.78429
37827999,2,2,0.05931,0.29306,0.64764
37365278,1,0,0.72224,0.26778,0.00999
9572891,2,2,0.07274,0.09159,0.83568
9457086,2,2,0.00281,0.02658,0.9706
23304560,2,2,0.00234,0.00739,0.99027
6974944,2,2,0.00223,0.00846,0.98931
7831483,2,2,0.00344,0.0563,0.94025
2233244,2,2,0.00123,0.00867,0.9901
37375680,2,1,0.09686,0.46391,0.43922
30635309,0,0,0.98386,0.01454,0.0016
22339202,2,2,0.00134,0.00648,0.99218
39354061,2,2,0.00302,0.01779,0.97918
32114278,2,2,0.00166,0.00805,0.99029
12928751,1,0,0.85183,0.14125,0.00692
24157984,2,1,0.1725,0.56562,0.26188
40462015,2,2,0.00123,0.0087,0.99007
24773852,2,2,0.00116,0.00623,0.9926
38319473,1,1,0.35008,0.63144,0.01848
1936288,2,2,0.00247,0.03086,0.96667
2182158,2,2,0.00586,0.06888,0.92526
1490145,2,2,0.00707,0.17599,0.81694
33294983,2,2,0.00491,0.08776,0.90733
40482139,0,0,0.81915,0.1674,0.01345
15198394,2,2,0.00168,0.01055,0.98776
23733254,2,2,0.00113,0.00555,0.99332
6324147,2,2,0.00304,0.05711,0.93985
41510942,0,0,0.98809,0.00965,0.00227
15213237,1,2,0.01215,0.36933,0.61851
16637414,0,0,0.70971,0.25604,0.03425
23304665,0,0,0.98535,0.01275,0.0019
27657947,1,1,0.03816,0.82877,0.13307
20302425,2,2,0.00121,0.01089,0.9879
21944021,1,1,0.04043,0.85096,0.10861
25731856,2,2,0.00113,0.00638,0.99249
8887301,2,2,0.00199,0.01226,0.98574
6744133,0,0,0.98045,0.01803,0.00152
32999933,2,2,0.00185,0.0078,0.99035
13831841,2,2,0.00154,0.00679,0.99167
21969568,2,2,0.00154,0.00799,0.99048
34334728,2,2,0.00227,0.0091,0.98863
3884139,2,2,0.00176,0.01043,0.98781
31034256,0,0,0.97643,0.02208,0.00149
17727581,2,1,0.16311,0.73816,0.09874
27067238,0,0,0.94959,0.04779,0.00263
36891252,0,0,0.78034,0.20921,0.01046
28878004,2,2,0.17159,0.28947,0.53895
22881819,2,2,0.00752,0.08178,0.9107
40958459,2,0,0.86421,0.12997,0.00582
2023034,2,2,0.00195,0.01887,0.97918
10259417,0,0,0.78897,0.20342,0.00761
23899583,2,2,0.00159,0.0055,0.99291
37727709,2,2,0.00172,0.01898,0.9793
37181997,2,2,0.00114,0.00748,0.99138
23395197,2,2,0.00229,0.03084,0.96687
39823859,2,0,0.40882,0.30655,0.28464
3113783,2,2,0.0019,0.01464,0.98346
32494076,0,0,0.91566,0.08017,0.00417
40375817,2,2,0.03326,0.09549,0.87125
40340619,0,1,0.33002,0.64362,0.02636
11384528,2,2,0.00147,0.00774,0.99079
16177946,2,2,0.00124,0.00563,0.99313
39395525,2,2,0.00118,0.00559,0.99323
25006058,2,2,0.00213,0.00817,0.9897
37362989,0,0,0.654,0.33143,0.01456
3859928,2,2,0.00637,0.01843,0.9752
40520570,2,2,0.01815,0.06524,0.91661
35167414,2,2,0.00136,0.0079,0.99075
27349628,2,2,0.00122,0.0076,0.99119
39027196,2,2,0.00123,0.0087,0.99007
25982564,2,2,0.00164,0.00494,0.99342
41122607,2,2,0.00213,0.0075,0.99036
25469521,0,0,0.98724,0.01105,0.00171
38710665,0,0,0.93755,0.05964,0.0028
16702072,0,0,0.88361,0.11278,0.00361
37015532,2,2,0.00303,0.02939,0.96758
33572231,2,2,0.00122,0.00604,0.99274
9181955,1,0,0.63651,0.35427,0.00922
7526724,0,0,0.95133,0.04695,0.00173
4346741,2,2,0.00156,0.0059,0.99253
12142840,0,0,0.98646,0.01135,0.00219
6104284,0,1,0.2991,0.65458,0.04632
3739953,2,2,0.00129,0.01227,0.98644
31888334,0,1,0.13136,0.8078,0.06085
7182496,2,1,0.3492,0.6274,0.0234
31288347,2,0,0.53622,0.44455,0.01923
9038306,2,2,0.0022,0.00814,0.98966
11171086,2,2,0.00921,0.06581,0.92498
11634264,2,2,0.01558,0.37166,0.61276
16432901,2,2,0.00178,0.01898,0.97924
28862020,0,0,0.8952,0.10162,0.00318
35690191,0,0,0.98061,0.01591,0.00348
18096720,2,2,0.00136,0.00555,0.99309
35366803,2,2,0.00131,0.01043,0.98825
11882957,2,2,0.00815,0.06454,0.92731
29774913,2,2,0.09119,0.43844,0.47038
6173755,2,2,0.00188,0.01092,0.9872
36730069,1,2,0.00714,0.16765,0.82521
20845836,2,2,0.00179,0.01295,0.98527
14570692,2,2,0.00409,0.0265,0.96941
29024650,2,2,0.00123,0.00853,0.99023
15255473,0,0,0.55081,0.42897,0.02022
37674025,0,0,0.71153,0.27864,0.00984
25898466,1,0,0.69242,0.29204,0.01554
30276733,2,0,0.87343,0.11468,0.01189
41227323,0,0,0.98617,0.0118,0.00203
31278282,2,2,0.00978,0.05318,0.93705
35518249,2,2,0.00147,0.00706,0.99148
14646666,2,2,0.0019,0.01162,0.98648
35664260,0,0,0.66829,0.31445,0.01726
17698302,0,0,0.98185,0.01637,0.00178
36148404,0,0,0.95848,0.03948,0.00203
23513177,1,0,0.74601,0.23658,0.01741
28160062,2,1,0.13374,0.82487,0.04139
2988943,0,0,0.79706,0.19381,0.00914
26558220,2,2,0.00706,0.09704,0.8959
41102058,2,2,0.00395,0.07294,0.9231
32636955,2,2,0.00769,0.24971,0.7426
27020893,0,1,0.27795,0.70151,0.02053
22894563,2,2,0.0027,0.00603,0.99127
21598665,0,0,0.84063,0.15489,0.00448
11007321,0,0,0.96155,0.03679,0.00166
8408828,2,2,0.00113,0.00745,0.99142
29583924,2,2,0.00296,0.03736,0.95968
13960692,2,1,0.10216,0.84545,0.05238
20635740,2,2,0.00232,0.01747,0.98021
9452126,0,0,0.74762,0.2298,0.02258
34293197,2,2,0.00328,0.05842,0.9383
26356217,2,2,0.00185,0.00992,0.98823
32419884,0,0,0.9859,0.01217,0.00193
19833507,2,2,0.00149,0.01064,0.98788
37038942,0,0,0.68526,0.30527,0.00947
38097580,2,2,0.00217,0.02029,0.97754
3161952,2,2,0.07246,0.41862,0.50892
15684119,2,1,0.02861,0.61176,0.35963
35635113,2,2,0.00135,0.00992,0.98872
28223447,2,0,0.67048,0.2839,0.04563
32416214,2,2,0.01188,0.3445,0.64362
26561507,2,2,0.04236,0.38647,0.57117
15672472,2,2,0.00323,0.01308,0.98369
17961535,2,2,0.00129,0.00742,0.99128
5111088,2,2,0.00114,0.00564,0.99322
19915869,2,2,0.00138,0.00966,0.98897
7967170,0,0,0.63717,0.35051,0.01233
4593899,2,2,0.00394,0.01584,0.98021
10124486,2,2,0.00406,0.04846,0.94748
36702682,0,0,0.49923,0.48767,0.0131
12621210,2,2,0.01479,0.23232,0.75288
41287965,0,0,0.76867,0.21513,0.0162
14362375,2,2,0.00166,0.00572,0.99261
25427675,1,1,0.07917,0.86789,0.05294
6651668,2,2,0.00127,0.00818,0.99055
37919775,2,0,0.71124,0.26996,0.01881
20301187,2,2,0.00125,0.00799,0.99076
6130981,2,2,0.00118,0.00658,0.99224
27791319,1,0,0.82767,0.16684,0.00549
18991456,2,2,0.002,0.00883,0.98917
13453691,2,2,0.00182,0.00774,0.99043
1722636,0,0,0.81351,0.17731,0.00918
17517938,2,2,0.00142,0.00725,0.99133
16090529,2,2,0.00126,0.00577,0.99298
730809,2,2,0.00452,0.03414,0.96134
20611802,2,2,0.00506,0.06094,0.934
35223602,0,0,0.95065,0.0442,0.00515
15283646,2,2,0.00176,0.01213,0.98611
29264930,2,2,0.00114,0.00805,0.99081
209437,2,2,0.00132,0.00628,0.9924
15252432,2,2,0.00889,0.16519,0.82591
14614390,1,0,0.79474,0.19629,0.00897
18913499,2,2,0.00111,0.00656,0.99233
19460904,2,2,0.0012,0.00709,0.99172
3189919,2,2,0.00645,0.05047,0.94307
8167928,2,2,0.00148,0.0114,0.98711
39037256,0,0,0.75073,0.24278,0.0065
17119111,2,2,0.00142,0.00742,0.99116
17478384,2,2,0.02953,0.33406,0.63641
3738592,2,2,0.0049,0.01639,0.97871
1156477,0,0,0.82481,0.16955,0.00565
2876838,0,0,0.85244,0.14135,0.00621
10231199,2,2,0.00131,0.00887,0.98982
2399374,2,2,0.00294,0.01429,0.98277
38241523,2,1,0.03799,0.84464,0.11736
36172662,2,2,0.00225,0.01539,0.98236
35479197,2,2,0.00174,0.01072,0.98755
15888384,2,2,0.00148,0.01097,0.98754
39872844,2,2,0.0013,0.00684,0.99186
26515171,1,1,0.14972,0.79919,0.05109
28356584,2,2,0.07048,0.26341,0.66611
3285917,2,2,0.00519,0.02167,0.97314
40126,2,2,0.0014,0.00821,0.99039
18218984,2,2,0.00386,0.0524,0.94375
33863383,2,2,0.00135,0.01004,0.98861
22532545,1,1,0.22569,0.75312,0.0212
41111004,1,2,0.00647,0.11925,0.87428
21638667,2,2,0.0013,0.00618,0.99252
15902555,0,0,0.80266,0.18843,0.00892
20800307,2,2,0.00226,0.01189,0.98585
12853905,0,0,0.74834,0.23918,0.01248
40607852,0,0,0.9863,0.01194,0.00176
28452790,2,1,0.05841,0.8651,0.07648
39468725,2,2,0.00131,0.00873,0.98995
9447999,2,1,0.10652,0.45198,0.44151
14295631,2,2,0.11641,0.36996,0.51363
40842246,0,0,0.89926,0.09571,0.00502
32997808,2,2,0.00123,0.00793,0.99084
8788029,2,2,0.00197,0.00936,0.98867
33676463,2,2,0.0049,0.01639,0.97871
17247049,2,2,0.00138,0.00542,0.9932
27851428,2,2,0.00138,0.00679,0.99183
9151677,2,2,0.00138,0.00799,0.99063
37789023,2,2,0.00329,0.03932,0.95738
1783362,2,2,0.00603,0.01872,0.97525
35100807,2,2,0.01816,0.0575,0.92434
7148422,2,2,0.00542,0.0392,0.95538
5565472,2,2,0.00118,0.00663,0.99219
7554802,2,2,0.00198,0.01768,0.98034
15975895,0,1,0.26359,0.70541,0.03099
16271982,2,1,0.06867,0.54227,0.38906
12816022,2,2,0.00236,0.0134,0.98424
34549896,1,1,0.0556,0.89031,0.0541
38870284,2,2,0.00125,0.01056,0.98819
1241621,2,0,0.94261,0.03641,0.02099
22388892,2,2,0.00144,0.01,0.98856
36345780,0,1,0.24051,0.73219,0.0273
993186,2,2,0.00151,0.00799,0.9905
20206681,2,1,0.10042,0.61517,0.28441
9176328,2,2,0.00285,0.01355,0.9836
23643404,2,2,0.00109,0.00651,0.9924
8453217,2,2,0.00235,0.03318,0.96447
22557367,2,2,0.0012,0.00564,0.99317
29620463,2,2,0.00205,0.0151,0.98285
36144061,0,0,0.94005,0.05701,0.00295
18252429,1,0,0.63803,0.35235,0.00961
28290881,2,0,0.97918,0.01928,0.00154
439896,2,2,0.00134,0.0055,0.99316
22814511,2,2,0.00243,0.0333,0.96427
9166024,0,0,0.98798,0.00972,0.0023
38075431,2,2,0.00433,0.01548,0.98019
15475037,2,2,0.00173,0.01612,0.98215
7916423,2,2,0.03853,0.03157,0.9299
387034,2,2,0.17159,0.28947,0.53895
15658709,2,2,0.00127,0.00904,0.98968
4404363,2,2,0.00163,0.01199,0.98638
15272048,0,0,0.76875,0.22372,0.00754
5314861,2,2,0.0046,0.0093,0.9861
17725503,2,2,0.00317,0.04544,0.95139
2289976,2,2,0.00795,0.03634,0.95571
34620963,0,0,0.96921,0.02927,0.00153
14279709,2,2,0.00261,0.02408,0.97331
26988344,0,0,0.94381,0.05393,0.00227
35069273,2,2,0.00276,0.03022,0.96702
38495344,2,2,0.00211,0.0199,0.97799
16778089,2,2,0.00181,0.0151,0.98309
38243521,0,0,0.98397,0.01339,0.00264
24929607,2,2,0.00613,0.01084,0.98304
12328886,2,2,0.00222,0.02821,0.96957
6263818,0,0,0.74304,0.23935,0.01761
28321223,0,0,0.74123,0.24064,0.01813
7822633,2,2,0.00245,0.01007,0.98749
391199,0,0,0.97968,0.01833,0.00198
37355651,2,2,0.00253,0.00999,0.98749
5542299,2,2,0.0019,0.01275,0.98535
29398447,0,0,0.89866,0.09565,0.00569
2136864,0,0,0.95636,0.04167,0.00197
24700575,0,0,0.89857,0.09583,0.0056
41560539,2,2,0.00954,0.01023,0.98024
37663902,2,2,0.01603,0.01529,0.96868
1887495,1,1,0.47477,0.50936,0.01587
20474334,2,2,0.00126,0.00638,0.99236
27726703,2,2,0.00161,0.00765,0.99074
38842569,2,1,0.04133,0.86331,0.09536
25242974,2,2,0.00243,0.01668,0.98089
14495622,1,1,0.44574,0.48955,0.06472
38874820,2,2,0.00179,0.01019,0.98802
11017491,1,1,0.05134,0.8221,0.12657
36893505,2,2,0.00124,0.00563,0.99313
38372422,2,2,0.00209,0.02909,0.96883
29010038,2,2,0.00223,0.02386,0.9739
4897443,1,1,0.08095,0.87033,0.04872
37921380,2,2,0.00129,0.00834,0.99037
37919320,2,2,0.00277,0.03988,0.95734
40257681,2,2,0.0017,0.01588,0.98242
40697102,2,2,0.23694,0.17807,0.585
19183571,2,2,0.11385,0.09587,0.79028
17940756,2,2,0.0014,0.00988,0.98872
40612638,0,1,0.14916,0.80009,0.05075
23192511,2,1,0.12123,0.73396,0.14481
19285655,2,2,0.11061,0.11257,0.77682
14885468,0,0,0.94272,0.05509,0.0022
33247579,2,2,0.00232,0.03264,0.96504
1902621,2,2,0.00398,0.03652,0.9595
28856034,2,2,0.00146,0.00883,0.9897
26709775,2,2,0.00243,0.017,0.98057
37401907,2,2,0.00472,0.01577,0.97951
23944655,0,0,0.9534,0.04416,0.00244
30857024,0,1,0.05937,0.80056,0.14007
36231935,2,2,0.00162,0.01552,0.98286
37507592,1,1,0.09642,0.86105,0.04254
800071,0,0,0.97962,0.01884,0.00154
19941040,0,0,0.67252,0.31644,0.01104
41131442,0,1,0.2189,0.74488,0.03623
34340358,2,2,0.0062,0.05953,0.93428
16549819,2,2,0.00268,0.02664,0.97068
19455210,0,0,0.92215,0.07351,0.00434
38921028,0,1,0.48647,0.49801,0.01552
22241412,2,2,0.00123,0.00844,0.99033
19851941,2,2,0.00138,0.00799,0.99063
24814458,2,2,0.00156,0.01015,0.98829
20293487,1,1,0.02691,0.84381,0.12928
15031075,1,1,0.13197,0.7079,0.16013
32793783,2,2,0.0012,0.00695,0.99185
15741907,2,2,0.00506,0.02995,0.96499
36366151,0,0,0.98298,0.0154,0.00162
20152912,2,2,0.00249,0.02257,0.97493
38718635,2,2,0.00163,0.01097,0.9874
32980950,2,2,0.00506,0.0602,0.93474
16346550,2,2,0.00239,0.02017,0.97745
11296252,2,2,0.0049,0.04634,0.94875
8682523,2,1,0.35441,0.51971,0.12588
6987643,0,0,0.93372,0.06404,0.00224
41016746,2,2,0.00125,0.00815,0.9906
36452798,2,2,0.0082,0.05905,0.93275
12457132,0,0,0.98219,0.016,0.00181
30983827,0,0,0.97574,0.02292,0.00134
23383178,0,0,0.75215,0.24134,0.00651
16847149,2,2,0.00146,0.00897,0.98956
30242081,2,2,0.00158,0.00873,0.98968
35265817,0,0,0.90466,0.0917,0.00364
26082024,2,2,0.00116,0.0079,0.99094
33106717,2,1,0.423,0.50233,0.07466
8363313,2,2,0.00253,0.02464,0.97283
21362914,0,1,0.47419,0.48734,0.03847
41542262,2,2,0.00206,0.01171,0.98623
28262610,0,0,0.92169,0.07478,0.00354
4090509,2,0,0.52103,0.41866,0.06031
9714461,2,2,0.00926,0.11709,0.87365
23305515,0,0,0.78479,0.20393,0.01128
34478681,2,2,0.01463,0.24079,0.74458
1343901,0,0,0.83859,0.15634,0.00506
16031980,1,1,0.17268,0.61461,0.21271
24346594,2,2,0.00144,0.00824,0.99032
41140926,0,0,0.90173,0.09375,0.00452
37912130,2,2,0.00313,0.04251,0.95436
1696989,2,2,0.01368,0.23328,0.75304
4956474,2,2,0.00578,0.05259,0.94163
13884395,2,2,0.00177,0.00904,0.98919
8532100,2,2,0.00118,0.00643,0.99239
16634770,2,2,0.0014,0.00695,0.99165
4616520,2,2,0.07484,0.08188,0.84327
19375916,2,2,0.00153,0.0089,0.98956
18596277,0,1,0.04412,0.59499,0.36088
35742274,0,0,0.88932,0.10663,0.00405
38295136,2,2,0.00138,0.007,0.99162
18039056,2,2,0.00134,0.00482,0.99384
1465167,0,0,0.68217,0.30748,0.01036
19484501,2,2,0.00151,0.00777,0.99071
3218271,2,2,0.00181,0.01409,0.9841
8483938,0,0,0.87803,0.11472,0.00725
34984031,0,2,0.17159,0.28947,0.53895
3623747,2,2,0.01251,0.05412,0.93338
5780603,0,0,0.96819,0.03016,0.00165
20496064,0,0,0.98017,0.01788,0.00195
1278863,2,2,0.00149,0.00643,0.99208
12856836,2,2,0.00279,0.03346,0.96374
35498829,2,2,0.00188,0.00996,0.98817
38926347,2,2,0.01092,0.02921,0.95987
1436271,2,2,0.00415,0.0264,0.96945
27985991,2,2,0.00191,0.0236,0.97449
714983,2,2,0.00189,0.01795,0.98016
37123967,1,0,0.79945,0.19363,0.00692
3741924,0,1,0.37713,0.60031,0.02256
36480591,2,2,0.00173,0.01372,0.98455
30294805,2,2,0.00949,0.10904,0.88147
5998914,2,2,0.00725,0.02121,0.97154
40239189,0,0,0.97226,0.02611,0.00163
30945119,2,2,0.0013,0.00509,0.99361
20215511,2,2,0.00177,0.00929,0.98895
41745,2,2,0.00155,0.0154,0.98305
26562619,0,0,0.97887,0.01977,0.00136
331532,2,2,0.0019,0.01504,0.98306
28579808,2,2,0.03789,0.18907,0.77304
31684482,1,1,0.09956,0.86855,0.03189
16449427,2,2,0.00185,0.0083,0.98985
114406,2,2,0.00427,0.05874,0.93699
34937420,2,2,0.00204,0.01912,0.97884
37591340,0,2,0.00485,0.07092,0.92423
2256722,2,2,0.00269,0.02574,0.97157
11231435,2,2,0.00239,0.01911,0.9785
23049567,2,2,0.17159,0.28947,0.53895
12309543,2,2,0.00146,0.0129,0.98564
30990872,2,2,0.00116,0.00775,0.99109
29866996,2,2,0.00201,0.01823,0.97976
899016,0,1,0.34311,0.62129,0.0356
11430796,2,2,0.0136,0.29423,0.69217
17296855,2,2,0.01341,0.03925,0.94734
15711046,2,2,0.00113,0.00542,0.99345
6470711,2,2,0.02113,0.1735,0.80537
39585737,0,0,0.82381,0.17,0.00619
40021305,2,2,0.00146,0.00877,0.98977
11061291,2,2,0.00209,0.01371,0.9842
25468872,0,0,0.7746,0.18945,0.03595
37969672,2,2,0.00213,0.01055,0.98733
37562684,2,2,0.00157,0.01616,0.98227
25859948,0,0,0.89936,0.09647,0.00416
34232130,0,0,0.73609,0.24752,0.01639
38425663,0,0,0.97389,0.0246,0.00151
29105922,2,2,0.00137,0.0106,0.98803
33867568,1,0,0.97839,0.01999,0.00162
2866036,2,2,0.07039,0.15182,0.77779
31477215,2,2,0.0021,0.00932,0.98858
26364514,0,1,0.25725,0.71585,0.0269
16280917,2,2,0.00225,0.01836,0.97939
2447563,0,0,0.86639,0.12777,0.00584
29313151,0,0,0.63148,0.33147,0.03705
17878806,2,2,0.00118,0.00482,0.99399
20438095,2,2,0.00209,0.01398,0.98393
16343129,2,2,0.00138,0.00799,0.99063
1229856,0,0,0.90485,0.08924,0.00591
38924709,2,1,0.06094,0.48878,0.45028
21409870,2,2,0.00132,0.00628,0.9924
21154083,0,0,0.8914,0.104,0.00461
41455151,2,2,0.01362,0.06838,0.91801
37937877,2,2,0.00122,0.00546,0.99332
22817547,2,2,0.00134,0.00648,0.99218
19939536,2,2,0.0024,0.01533,0.98227
40869971,2,2,0.00427,0.01395,0.98178
38711197,2,2,0.00127,0.00818,0.99055
28848937,2,2,0.07335,0.26777,0.65888
37753331,0,0,0.81598,0.17238,0.01164
17508836,2,2,0.00501,0.06926,0.92573
2756528,2,2,0.0025,0.02083,0.97667
11419882,1,1,0.3481,0.63279,0.01911
37506921,2,2,0.00238,0.0362,0.96142
39978781,2,2,0.01351,0.34044,0.64604
25138827,2,2,0.00477,0.02841,0.96683
38185659,1,1,0.13448,0.69914,0.16638
27981349,2,2,0.0023,0.02507,0.97263
2139066,2,2,0.00181,0.01459,0.9836
33327817,2,2,0.00683,0.07008,0.92309
11284930,2,2,0.0035,0.02577,0.97073
33294057,1,0,0.62717,0.34232,0.0305
37200172,2,2,0.00108,0.00564,0.99329
9423824,2,2,0.00114,0.006,0.99286
13111748,2,2,0.00188,0.01144,0.98668
40297178,0,0,0.86053,0.133,0.00647
3149613,2,2,0.00272,0.01419,0.98309
8106666,2,1,0.05678,0.78994,0.15329
1182752,0,0,0.92283,0.07328,0.00389
35622836,2,2,0.03106,0.33524,0.6337
16164554,2,2,0.00183,0.00679,0.99139
37361672,2,2,0.00406,0.03412,0.96182
32067397,0,0,0.92253,0.07332,0.00414
29653901,0,0,0.61863,0.3694,0.01197
12580250,0,0,0.84897,0.14271,0.00832
6580016,2,2,0.00125,0.00973,0.98901
12458737,2,2,0.00132,0.00604,0.99264
29506986,0,0,0.97665,0.02166,0.00169
8530138,2,2,0.17159,0.28947,0.53895
35668326,2,2,0.00135,0.00962,0.98903
25491710,2,2,0.00124,0.00692,0.99184
35698665,2,2,0.00256,0.04069,0.95674
28798933,2,2,0.00184,0.01708,0.98108
11671753,2,2,0.00123,0.00796,0.99081
31509234,2,2,0.00349,0.01396,0.98255
14744943,2,2,0.00495,0.03742,0.95763
40349740,2,2,0.00127,0.00808,0.99064
6712290,0,0,0.97961,0.01891,0.00147
9087583,0,0,0.79742,0.19239,0.0102
7680195,2,2,0.00227,0.00798,0.98975
3661097,2,2,0.00217,0.02153,0.9763
24358497,2,2,0.00188,0.01063,0.98749
26498393,0,0,0.76505,0.22351,0.01144
5708128,2,2,0.0012,0.00703,0.99177
243662,2,2,0.00161,0.01008,0.98832
274298,2,0,0.82285,0.1698,0.00735
39391477,1,1,0.34995,0.63368,0.01637
5316063,2,2,0.00265,0.00987,0.98748
34633080,0,0,0.71064,0.27938,0.00998
29103381,2,2,0.00161,0.00856,0.98983
30603427,1,2,0.00637,0.14662,0.84702
4159321,2,1,0.01721,0.63577,0.34702
38352341,0,0,0.98434,0.01399,0.00168
25520081,2,2,0.0029,0.02683,0.97026
23754642,0,0,0.96812,0.03015,0.00173
15285106,0,0,0.94399,0.05305,0.00296
18028295,2,2,0.00521,0.11858,0.87621
19216408,2,2,0.00115,0.00479,0.99407
32638846,2,2,0.00182,0.0088,0.98938
9551279,0,0,0.96105,0.0371,0.00186
18202509,2,2,0.00132,0.00643,0.99225
36071476,2,2,0.00103,0.00546,0.99351
34175124,2,2,0.0027,0.0224,0.97491
36104762,2,2,0.00171,0.0086,0.98969
34116074,2,2,0.00177,0.02026,0.97797
3544368,2,2,0.00348,0.03139,0.96513
2533143,2,2,0.00136,0.00453,0.99411
35687444,0,0,0.98482,0.01103,0.00415
17110775,0,0,0.96843,0.02939,0.00219
37545107,2,2,0.00626,0.07879,0.91495
22222278,2,2,0.00153,0.01275,0.98572
896868,2,2,0.00635,0.09391,0.89974
6448247,2,2,0.0076,0.05698,0.93542
27404891,2,2,0.00125,0.0085,0.99025
7108763,2,0,0.8677,0.12697,0.00532
32083918,2,2,0.00565,0.0297,0.96465
4977191,0,0,0.9334,0.06439,0.00221
34094034,2,2,0.0046,0.04765,0.94775
41537969,1,2,0.02566,0.42565,0.54869
2031308,0,1,0.40679,0.57816,0.01505
41183038,2,2,0.13276,0.06345,0.80379
27453181,2,2,0.00142,0.00742,0.99116
14603914,2,2,0.00185,0.00802,0.99013
7578441,2,2,0.00128,0.00671,0.99201
3041161,2,2,0.00136,0.00784,0.99081
39069582,0,1,0.25818,0.49595,0.24587
36621018,0,0,0.98337,0.0152,0.00143
40824114,2,2,0.00166,0.01072,0.98763
12799553,2,2,0.00616,0.06542,0.92842
41461499,2,2,0.00103,0.00638,0.99259
6207277,2,2,0.00184,0.01246,0.9857
95345,2,2,0.0031,0.00903,0.98788
37439061,2,2,0.00318,0.02829,0.96853
28132498,2,2,0.00158,0.0127,0.98572
26081231,2,1,0.43637,0.54307,0.02057
8377296,2,2,0.00187,0.01366,0.98447
15306254,1,1,0.01961,0.61474,0.36565
29941710,0,0,0.75327,0.23796,0.00877
9125850,2,2,0.00186,0.0188,0.97934
18811996,0,0,0.75563,0.23684,0.00752
10778044,2,2,0.00131,0.01027,0.98841
15417802,2,1,0.05492,0.64348,0.30159
19099542,0,2,0.10201,0.29231,0.60567
23880403,2,1,0.03542,0.77518,0.18941
38556703,2,2,0.00256,0.02759,0.96985
31356501,1,1,0.46042,0.52173,0.01785
11094017,2,2,0.00122,0.00674,0.99205
6274560,0,0,0.83905,0.15102,0.00992
28886898,0,0,0.98411,0.01448,0.00141
20949470,0,0,0.70628,0.28536,0.00835
25608695,2,2,0.00365,0.01616,0.9802
9646027,2,2,0.00163,0.01158,0.98679
23915515,2,2,0.15404,0.30725,0.53871
34472380,2,2,0.0025,0.01945,0.97805
16644364,2,2,0.00149,0.00757,0.99094
3860658,2,2,0.00152,0.01549,0.98299
39809161,2,2,0.00231,0.01998,0.97771
27157750,1,1,0.16429,0.8008,0.03491
34076969,2,2,0.00146,0.00897,0.98956
27278728,2,1,0.19629,0.73772,0.06599
13260776,2,2,0.00564,0.00873,0.98563
41448655,2,2,0.00187,0.01398,0.98415
24075130,2,2,0.00394,0.01578,0.98027
40378072,2,1,0.01738,0.66234,0.32029
18141430,2,2,0.00142,0.01019,0.98839
14294007,2,2,0.34388,0.19517,0.46094
5002361,2,2,0.00696,0.09536,0.89768
39522911,2,2,0.00158,0.01072,0.9877
9498987,0,0,0.97152,0.02692,0.00155
6876966,2,1,0.15064,0.47872,0.37065
25031759,2,2,0.00138,0.00824,0.99038
4023010,2,2,0.00114,0.00709,0.99177
29691237,2,2,0.00154,0.00706,0.99141
22996179,2,2,0.00149,0.01068,0.98784
41172282,1,1,0.11829,0.82594,0.05577
26858174,0,0,0.62648,0.34328,0.03023
6650485,2,2,0.00218,0.01649,0.98133
25430835,2,2,0.00171,0.00873,0.98956
12876468,2,2,0.04189,0.06934,0.88876
5675582,2,2,0.00142,0.00981,0.98877
841214,2,2,0.00295,0.00957,0.98748
23089953,0,1,0.12353,0.4982,0.37827
3578302,0,0,0.76798,0.22437,0.00765
29181973,2,2,0.00187,0.01437,0.98376
23590331,0,0,0.92294,0.07166,0.0054
26440314,0,0,0.82608,0.16014,0.01378
39570709,2,2,0.00363,0.03558,0.96079
14120881,0,0,0.60524,0.36997,0.02479
4956245,1,2,0.00517,0.03918,0.95565
24919747,2,2,0.00505,0.09076,0.90419
21624972,2,2,0.00128,0.007,0.99172
10149886,2,2,0.00138,0.0076,0.99103
18343092,2,2,0.00241,0.01152,0.98607
21449381,2,2,0.00543,0.05324,0.94134
18331259,2,2,0.00332,0.01537,0.9813
3893821,2,2,0.00116,0.00728,0.99156
3213639,2,2,0.00149,0.00648,0.99203
14889390,1,1,0.11375,0.5118,0.37444
2994555,0,0,0.98013,0.0172,0.00267
37669494,2,2,0.00361,0.01174,0.98466
31098502,2,2,0.00278,0.02131,0.97591
23653927,2,2,0.00131,0.0087,0.98999
41545187,2,2,0.00183,0.01754,0.98062
898240,2,2,0.00161,0.00581,0.99258
13984733,0,1,0.47998,0.4991,0.02092
39831786,0,0,0.51103,0.46168,0.0273
22512927,2,2,0.12339,0.19374,0.68287
22950453,2,2,0.00188,0.01135,0.98677
17087693,2,2,0.00174,0.00988,0.98838
24334511,2,2,0.0014,0.00684,0.99176
28426016,2,2,0.00164,0.00745,0.99092
1150646,2,2,0.00295,0.02454,0.97251
31325921,2,2,0.00394,0.00967,0.98639
3655241,2,2,0.00291,0.00979,0.9873
26314568,2,0,0.77739,0.21005,0.01257
1489244,2,2,0.00113,0.00509,0.99378
18202412,2,2,0.00118,0.00926,0.98957
32160498,0,0,0.75684,0.21726,0.0259
34958410,2,2,0.00124,0.00739,0.99137
3486911,2,2,0.00258,0.0059,0.99153
9722715,2,2,0.00173,0.01377,0.9845
36987254,2,2,0.00158,0.00824,0.99018
31194434,2,2,0.00231,0.01982,0.97786
39783344,2,2,0.17159,0.28947,0.53895
34785216,1,0,0.93927,0.05854,0.00219
40274056,0,1,0.31668,0.66002,0.0233
3651489,2,2,0.00138,0.00711,0.99151
13208334,2,2,0.00208,0.0184,0.97952
31533504,2,1,0.11715,0.60429,0.27856
29621935,2,2,0.00951,0.09345,0.89704
3441782,2,2,0.00109,0.00661,0.9923
37341017,2,2,0.00113,0.00648,0.99239
10621801,0,0,0.78352,0.18903,0.02745
5760555,2,2,0.004,0.00888,0.98712
17945953,0,0,0.97721,0.02105,0.00174
8687386,0,1,0.35092,0.63048,0.0186
35038897,2,2,0.00262,0.00632,0.99106
11409537,2,2,0.00138,0.00555,0.99307
12232059,2,2,0.01426,0.05392,0.93182
13061532,2,1,0.4292,0.51974,0.05106
13507835,2,2,0.00153,0.01346,0.98501
20657866,0,0,0.97247,0.02576,0.00176
5095922,2,2,0.00122,0.00742,0.99136
31434186,2,2,0.00108,0.00619,0.99274
11847191,2,2,0.00233,0.02924,0.96843
22589016,2,2,0.0012,0.00793,0.99087
16959297,2,2,0.00368,0.06638,0.92993
11843645,0,0,0.96002,0.03741,0.00257
39379894,2,2,0.01212,0.06898,0.9189
32823583,2,2,0.00114,0.00714,0.99172
19456362,2,2,0.00215,0.01569,0.98216
18083382,2,2,0.00371,0.04531,0.95098
2721924,1,0,0.49377,0.3838,0.12243
15750912,2,2,0.00588,0.05031,0.9438
9101635,2,2,0.00244,0.02829,0.96927
38134139,2,2,0.00175,0.01873,0.97952
22153233,2,2,0.00167,0.01619,0.98214
37285479,0,0,0.97579,0.02255,0.00166
12940201,2,2,0.00175,0.01902,0.97923
3146029,2,2,0.00687,0.16074,0.83239
2744963,0,0,0.96327,0.03463,0.00211
31611941,2,1,0.08984,0.47817,0.43199
3667320,2,2,0.00948,0.03897,0.95155
26776659,0,0,0.95079,0.04729,0.00192
14575846,2,2,0.0031,0.00804,0.98886
17839568,2,0,0.40342,0.31851,0.27808
25674101,0,0,0.87065,0.123,0.00634
17724755,2,2,0.00246,0.02189,0.97565
5133769,2,2,0.02395,0.15149,0.82456
13521427,2,2,0.00147,0.00818,0.99036
32023239,0,1,0.17837,0.68645,0.13517
4916467,1,1,0.1808,0.60217,0.21703
1487435,2,2,0.0036,0.02915,0.96725
29036186,0,0,0.98643,0.01194,0.00163
16771053,2,2,0.00126,0.00604,0.9927
39350895,2,2,0.00124,0.00687,0.9919
2014844,2,2,0.00505,0.04823,0.94672
16259903,2,2,0.0096,0.15258,0.83782
24094743,0,0,0.85754,0.13782,0.00464
39690188,2,2,0.00526,0.01651,0.97824
779038,2,2,0.07962,0.22992,0.69046
8993196,0,0,0.4274,0.40783,0.16478
1866636,0,0,0.86608,0.12923,0.00469
638751,2,2,0.00227,0.02132,0.97641
23305702,2,2,0.00668,0.10469,0.88863
5720915,2,2,0.00209,0.01092,0.98699
5370651,2,2,0.01528,0.03209,0.95263
30254806,1,2,0.01178,0.16205,0.82617
26759895,2,2,0.00213,0.00954,0.98833
28735679,2,2,0.0013,0.00453,0.99417
26551246,2,0,0.90991,0.08171,0.00838
10401393,0,0,0.86712,0.12788,0.005
31346110,2,2,0.00335,0.02179,0.97485
29589853,2,2,0.00412,0.04989,0.94599
12914643,0,0,0.93321,0.064,0.00279
21126019,1,1,0.07302,0.82911,0.09787
11525715,2,2,0.00316,0.06492,0.93192
35915250,2,2,0.0014,0.00722,0.99138
6026624,1,0,0.85767,0.13491,0.00742
4443851,2,2,0.0021,0.02342,0.97449
13273806,0,0,0.98771,0.01003,0.00226
35989195,2,2,0.17159,0.28947,0.53895
17522704,2,2,0.06582,0.15095,0.78323
39666714,2,2,0.00159,0.00722,0.99119
30335025,0,0,0.66732,0.30912,0.02356
37163699,0,0,0.90313,0.0919,0.00497
25426280,1,1,0.08252,0.73548,0.18201
32530858,2,2,0.00118,0.00711,0.99171
34858716,2,2,0.00265,0.00756,0.98979
16032390,0,0,0.98654,0.01153,0.00193
36909720,0,0,0.76648,0.22657,0.00695
36786023,2,2,0.00523,0.0584,0.93637
37699089,2,2,0.00114,0.0059,0.99295
6953696,2,2,0.0012,0.00568,0.99312
13618123,2,2,0.00125,0.00951,0.98924
10731453,2,2,0.00165,0.01265,0.98569
17099202,2,2,0.00142,0.00955,0.98904
12712561,2,2,0.00185,0.01167,0.98649
30670177,0,0,0.70398,0.28333,0.01269
12816103,0,0,0.75918,0.22973,0.01109
2163024,2,2,0.00109,0.006,0.99291
1724674,2,0,0.51144,0.41743,0.07113
35765683,0,0,0.97657,0.02166,0.00177
31557837,2,2,0.00143,0.00517,0.9934
8704126,2,2,0.00153,0.01127,0.9872
2142075,2,1,0.31123,0.66146,0.0273
37652424,2,2,0.0012,0.00555,0.99325
6161543,2,2,0.00512,0.03418,0.9607
22715923,2,1,0.07593,0.86562,0.05845
41568239,2,2,0.00169,0.02179,0.97652
2979810,2,2,0.00151,0.0128,0.98569
28085058,2,2,0.00177,0.00799,0.99025
36923176,2,2,0.00179,0.01149,0.98672
37060477,2,2,0.0053,0.01494,0.97976
10620337,2,2,0.00462,0.07269,0.92268
38162287,2,2,0.00629,0.11663,0.87708
17129546,0,2,0.17159,0.28947,0.53895
3570963,2,2,0.00149,0.00796,0.99055
8537220,2,2,0.0012,0.00572,0.99308
7573267,2,2,0.00176,0.013,0.98524
15216637,2,2,0.00884,0.11754,0.87362
7025948,2,2,0.00156,0.01076,0.98768
31798395,2,2,0.00349,0.04366,0.95285
18705675,2,2,0.00136,0.00633,0.99231
17755342,1,2,0.01267,0.39105,0.59628
13194387,0,0,0.97541,0.02316,0.00142
40689240,2,2,0.00246,0.00637,0.99117
17453005,2,2,0.00222,0.01414,0.98364
36683843,1,0,0.64954,0.34228,0.00818
12397747,2,2,0.00171,0.01246,0.98584
40615881,2,0,0.65466,0.32662,0.01872
20921524,0,0,0.98402,0.01448,0.0015
31231261,0,0,0.92852,0.06899,0.00249
9224689,2,2,0.00142,0.01106,0.98753
40057080,2,1,0.02682,0.69701,0.27617
40330023,2,2,0.02905,0.10189,0.86906
38094255,1,0,0.82473,0.16887,0.0064
35043354,2,2,0.00272,0.02885,0.96843
18997599,2,2,0.00158,0.01377,0.98465
4651255,0,0,0.76471,0.22693,0.00836
15952514,2,2,0.0014,0.00908,0.98952
40259709,2,2,0.00288,0.01821,0.97891
13666361,2,2,0.00236,0.01733,0.98031
16437617,0,0,0.98572,0.01265,0.00163
15946346,0,0,0.61788,0.3576,0.02453
2354559,2,2,0.00161,0.00521,0.99317
25243672,2,2,0.19746,0.33069,0.47185
4427549,2,2,0.01179,0.18729,0.80093
11254820,0,0,0.95776,0.04045,0.00179
5459258,0,1,0.32567,0.59667,0.07766
3181520,2,2,0.00372,0.01234,0.98394
41010138,0,0,0.91136,0.0837,0.00493
6389454,0,1,0.16217,0.79472,0.04312
11986749,2,2,0.00445,0.03473,0.96082
31086713,0,0,0.9883,0.00917,0.00253
15277710,0,0,0.85409,0.13997,0.00594
29374792,2,2,0.00133,0.01056,0.98811
32386447,2,2,0.00125,0.00989,0.98886
28364741,1,1,0.33456,0.60109,0.06435
3695150,2,0,0.52873,0.45579,0.01548
25615092,2,2,0.00116,0.00802,0.99082
17818492,2,2,0.0022,0.00856,0.98924
20961811,1,1,0.05535,0.81969,0.12497
2861953,2,2,0.00172,0.00663,0.99165
1880668,0,1,0.35765,0.49268,0.14967
35917378,0,0,0.81771,0.17007,0.01222
29797222,0,1,0.41418,0.46386,0.12195
15763707,2,2,0.00164,0.00633,0.99203
4069374,2,2,0.00175,0.01887,0.97938
41449224,2,2,0.00344,0.02728,0.96928
14454046,2,2,0.00118,0.00805,0.99077
12115719,0,0,0.9353,0.06181,0.00289
203628,2,2,0.00188,0.00873,0.98939
24430213,2,2,0.00683,0.11222,0.88095
36029163,2,2,0.00179,0.01231,0.9859
23999964,1,1,0.28111,0.69305,0.02584
32367872,2,2,0.00792,0.07658,0.9155
26908377,2,2,0.00728,0.20222,0.7905
10581779,2,2,0.00131,0.00847,0.99022
28621574,2,2,0.00165,0.01582,0.98253
15885609,2,2,0.00126,0.00674,0.99201
16925169,2,2,0.00114,0.00692,0.99193
27424458,2,2,0.00145,0.00534,0.99322
11962141,2,2,0.00156,0.00988,0.98856
26730691,2,2,0.00398,0.03645,0.95957
15261530,2,2,0.00446,0.0175,0.97804
33879269,2,2,0.0012,0.00766,0.99115
23358124,2,1,0.0922,0.79959,0.10821
3714629,2,2,0.00172,0.0059,0.99238
2668248,2,2,0.002,0.009,0.989
40560662,2,2,0.0025,0.02083,0.97667
30256862,2,2,0.00127,0.01119,0.98754
2619747,2,2,0.00158,0.01015,0.98826
10344906,2,2,0.00118,0.00754,0.99128
8582409,2,2,0.00473,0.01347,0.9818
41270714,2,2,0.00173,0.01393,0.98434
40851722,2,2,0.00182,0.00827,0.98991
8623409,2,2,0.00811,0.16425,0.82764
31440980,2,2,0.05427,0.15451,0.79122
28731352,0,0,0.83942,0.14933,0.01125
7066770,2,2,0.00127,0.0106,0.98813
16090740,2,2,0.00591,0.03067,0.96342
36158526,2,2,0.00153,0.01093,0.98754
23583623,1,0,0.89188,0.10344,0.00468
39443532,0,0,0.94133,0.05648,0.00219
21081335,2,2,0.00373,0.0537,0.94257
20684409,2,2,0.00118,0.00687,0.99195
1002236,0,0,0.93204,0.06449,0.00347
39737573,2,2,0.00124,0.00706,0.99171
4421253,0,2,0.10179,0.14022,0.758
41620598,2,2,0.00193,0.01372,0.98435
29078472,1,1,0.22814,0.74514,0.02672
9928007,2,2,0.04373,0.17501,0.78126
18431145,1,0,0.65057,0.33751,0.01192
4522344,2,2,0.00637,0.04832,0.94531
2812030,1,1,0.49002,0.49386,0.01613
9531969,0,0,0.97827,0.01987,0.00186
31060314,2,2,0.00136,0.00787,0.99078
983510,0,0,0.88715,0.10804,0.0048
24989742,0,0,0.74189,0.24753,0.01058
4059895,2,2,0.00154,0.00814,0.99032
32489459,2,2,0.00388,0.03296,0.96317
3822278,2,2,0.00263,0.01515,0.98222
3421959,2,1,0.09415,0.79448,0.11137
27861042,2,2,0.00187,0.01227,0.98586
19639213,1,1,0.12588,0.84648,0.02764
18315045,2,2,0.00124,0.00429,0.99447
21771043,2,2,0.00261,0.02413,0.97326
3229121,2,2,0.00383,0.01369,0.98248
34855390,2,2,0.00243,0.0174,0.98017
2462389,2,1,0.02901,0.73651,0.23448
8787155,2,2,0.00504,0.03406,0.9609
6783804,2,2,0.00142,0.01064,0.98795
18050622,1,2,0.00332,0.01772,0.97896
9792413,2,2,0.00136,0.00834,0.99031
18553035,2,2,0.0012,0.00834,0.99047
1892397,2,2,0.00189,0.02014,0.97797
36609862,2,2,0.00164,0.00789,0.99047
4443153,2,2,0.00379,0.05388,0.94233
16160449,2,2,0.00151,0.01027,0.98822
7246320,2,2,0.00134,0.00577,0.99289
25841552,1,1,0.10092,0.86842,0.03066
17140499,1,1,0.02985,0.69019,0.27995
21562863,1,0,0.73148,0.25879,0.00973
150064,2,1,0.04747,0.88182,0.07071
6456747,0,0,0.95165,0.04414,0.00421
4814622,1,1,0.03818,0.84893,0.11289
18875150,2,2,0.00469,0.05862,0.93669
7724081,2,2,0.05021,0.14578,0.80401
13661128,2,1,0.05891,0.8523,0.08879
2658279,0,0,0.55974,0.42917,0.01109
6985128,2,2,0.00238,0.02169,0.97593
18079261,2,1,0.08346,0.86972,0.04682
11520623,2,2,0.00131,0.00857,0.99012
29559747,2,2,0.00477,0.07236,0.92288
34102969,2,2,0.00185,0.00893,0.98921
38990714,0,1,0.12108,0.62458,0.25433
35848067,0,0,0.49642,0.48492,0.01866
8709376,0,0,0.88842,0.10778,0.00381
39112521,0,0,0.90156,0.09237,0.00607
23410587,2,2,0.00207,0.02276,0.97518
36918484,0,0,0.82808,0.16242,0.00949
17830041,2,2,0.00234,0.02522,0.97245
8930426,2,2,0.00277,0.02628,0.97095
4864295,2,2,0.00139,0.01101,0.98759
20593455,2,2,0.00179,0.01199,0.98623
6387409,2,2,0.0028,0.0148,0.9824
30680815,2,2,0.00211,0.01701,0.98088
1127456,2,2,0.00113,0.00745,0.99142
39631176,0,0,0.97752,0.02041,0.00207
15958212,2,1,0.02649,0.58885,0.38467
2342297,2,2,0.00268,0.01435,0.98297
12834853,1,0,0.70268,0.28614,0.01118
23774155,2,2,0.00393,0.04906,0.94701
15809450,2,2,0.00385,0.055,0.94116
40023790,2,2,0.00144,0.01325,0.98531
34145117,2,2,0.00216,0.01194,0.98591
39041900,0,0,0.49558,0.49172,0.0127
4629169,2,2,0.00248,0.011,0.98651
37046849,0,0,0.94663,0.05054,0.00283
31148306,2,1,0.46466,0.51033,0.02501
5520505,0,0,0.98444,0.01399,0.00158
23961012,0,0,0.94712,0.05084,0.00204
32240277,2,2,0.06463,0.32694,0.60843
15598777,2,2,0.00247,0.01515,0.98238
10772053,2,2,0.0014,0.00863,0.98997
16432748,2,2,0.00363,0.02179,0.97459
11804068,1,1,0.03882,0.81088,0.15029
13906734,0,0,0.9306,0.06436,0.00504
20604569,2,2,0.0062,0.05864,0.93516
6895337,2,2,0.00202,0.01431,0.98367
18281975,0,0,0.94865,0.04921,0.00214
5239387,2,2,0.00138,0.00811,0.99051
13789448,2,2,0.00136,0.00763,0.99102
22743893,2,2,0.37545,0.20653,0.41802
33082577,2,2,0.00118,0.00498,0.99384
24970032,2,2,0.00142,0.00706,0.99152
14211029,2,2,0.00163,0.01123,0.98714
25396058,0,0,0.92942,0.06648,0.00411
22964860,0,0,0.9771,0.02044,0.00246
8861728,2,2,0.00263,0.01503,0.98233
39621388,2,2,0.00179,0.01122,0.98699
16566590,2,2,0.00113,0.00494,0.99393
29112402,0,0,0.81742,0.16737,0.01521
20450038,0,0,0.96763,0.0305,0.00187
37902260,2,2,0.00112,0.00802,0.99085
3648977,2,2,0.00224,0.02056,0.9772
3887779,1,1,0.03289,0.87506,0.09205
16095825,0,0,0.63022,0.34804,0.02173
27257593,0,0,0.9213,0.07563,0.00307
38036360,2,2,0.00165,0.01409,0.98425
40058058,2,2,0.00113,0.00692,0.99195
33828206,1,1,0.42773,0.54708,0.02519
31677273,0,0,0.76816,0.22442,0.00741
35331807,0,0,0.94659,0.05121,0.0022
12907977,1,0,0.74218,0.24379,0.01403
10248755,2,1,0.02674,0.76939,0.20387
12511492,2,2,0.00269,0.02376,0.97355
20442150,2,2,0.00465,0.05242,0.94293
7130067,2,2,0.00127,0.00815,0.99058
33640656,0,0,0.9101,0.08449,0.00541
4168732,2,2,0.08181,0.24116,0.67702
16425333,2,2,0.0012,0.00619,0.99262
19455608,2,2,0.00178,0.01476,0.98346
39439653,2,2,0.00169,0.00911,0.9892
19575928,2,2,0.00116,0.0072,0.99164
40241465,2,2,0.00353,0.01712,0.97935
33205666,2,2,0.00109,0.00638,0.99253
32457597,2,2,0.00136,0.00739,0.99125
3152557,2,2,0.00406,0.06363,0.93231
40195133,2,2,0.00156,0.00768,0.99076
29906653,2,2,0.00571,0.03352,0.96076
38753166,0,0,0.987,0.00991,0.00309
4633066,0,0,0.97468,0.02381,0.00151
40101535,0,0,0.98229,0.01619,0.00152
26328432,2,2,0.00594,0.09905,0.89501
32585882,2,2,0.0012,0.00815,0.99066
10635042,2,2,0.01866,0.31317,0.66817
40520151,0,0,0.8349,0.15872,0.00637
20260079,1,1,0.37831,0.58824,0.03345
21445630,2,2,0.00278,0.03774,0.95948
22883527,2,2,0.00126,0.00703,0.99171
25370202,2,2,0.00185,0.02712,0.97104
35745944,1,0,0.78932,0.19879,0.01189
17956758,0,0,0.96674,0.03157,0.0017
34637056,0,0,0.96406,0.03438,0.00157
15068900,2,2,0.00272,0.01344,0.98384
4048253,2,2,0.00282,0.01014,0.98704
40651902,2,2,0.00161,0.00786,0.99053
15510606,2,2,0.00241,0.01193,0.98566
12835528,2,2,0.00153,0.01171,0.98675
32655767,2,2,0.0022,0.02446,0.97334
20936034,1,0,0.59974,0.39026,0.01
12191572,2,2,0.0032,0.00785,0.98895
20264047,2,2,0.00163,0.0083,0.99006
27108748,2,2,0.00163,0.01023,0.98814
14456037,0,0,0.77009,0.22236,0.00755
40683140,2,2,0.01848,0.46204,0.51948
35459960,0,0,0.98727,0.01097,0.00176
7336560,2,2,0.00196,0.01563,0.98241
4764753,2,2,0.00156,0.00984,0.9886
25633077,2,2,0.00118,0.00728,0.99154
18877634,2,2,0.00168,0.0127,0.98562
30666237,0,0,0.67512,0.31151,0.01337
32973604,2,2,0.00131,0.00837,0.99032
15708425,2,2,0.0012,0.00671,0.99209
29096453,2,2,0.00254,0.01801,0.97945
11709847,2,2,0.00198,0.00613,0.99189
33652707,0,0,0.81,0.17863,0.01137
819676,2,2,0.00144,0.00933,0.98923
39837398,2,2,0.00476,0.05901,0.93623
9350427,2,2,0.02659,0.03606,0.93735
6429198,2,1,0.3513,0.55918,0.08952
19471619,2,2,0.00519,0.02159,0.97323
39910868,2,2,0.0088,0.06473,0.92647
33014897,2,2,0.01442,0.48894,0.49664
10385578,2,2,0.00134,0.00725,0.99141
34331515,2,0,0.5862,0.39664,0.01716
13481762,2,2,0.00284,0.03244,0.96472
3830458,2,2,0.00158,0.01076,0.98766
22240456,2,2,0.00116,0.00586,0.99298
35124133,2,2,0.01239,0.10537,0.88224
4252892,1,1,0.04252,0.88109,0.07639
39589394,2,2,0.01591,0.36793,0.61616
1105997,2,2,0.00156,0.01127,0.98717
35052708,2,2,0.0116,0.04474,0.94365
33795636,2,2,0.00547,0.06038,0.93415
16103981,2,2,0.00123,0.0087,0.99007
22645555,2,2,0.10194,0.24621,0.65185
17861931,0,2,0.00382,0.0315,0.96468
10676988,2,2,0.17159,0.28947,0.53895
19882485,0,1,0.17173,0.79444,0.03383
26920009,2,2,0.00923,0.06413,0.92664
33720874,2,2,0.00144,0.01149,0.98707
1740321,0,0,0.95456,0.04296,0.00248
36192933,2,2,0.00174,0.00846,0.9898
20191447,2,2,0.00156,0.00996,0.98848
33740773,2,2,0.00348,0.01573,0.98079
7012656,2,2,0.00116,0.00564,0.9932
8882234,2,2,0.0023,0.02488,0.97282
36379650,2,2,0.00281,0.01349,0.9837
41271075,0,0,0.88417,0.11024,0.0056
9699193,2,2,0.00144,0.00725,0.99131
29118014,0,1,0.39312,0.58555,0.02133
31111139,2,2,0.00194,0.00733,0.99073
36199584,0,0,0.80658,0.17997,0.01345
7994268,2,2,0.00137,0.01064,0.98799
37722024,2,2,0.03028,0.28061,0.68911
8461108,1,1,0.0242,0.80132,0.17449
36873085,2,1,0.36547,0.54756,0.08698
25072941,2,2,0.01413,0.29975,0.68612
14554945,0,0,0.66031,0.32181,0.01787
26417749,2,2,0.00934,0.14962,0.84104
3266771,2,2,0.0032,0.05348,0.94332
36855724,0,0,0.92511,0.07176,0.00313
17533262,0,0,0.98251,0.01594,0.00155
18697552,0,0,0.90471,0.0917,0.00358
5470984,0,0,0.88346,0.1132,0.00334
25437239,2,2,0.00149,0.01008,0.98844
4073645,2,2,0.00113,0.00669,0.99219
28657217,1,1,0.06624,0.88278,0.05098
6992442,0,0,0.77378,0.21656,0.00966
28535896,2,2,0.00428,0.01102,0.98469
18863819,1,0,0.59167,0.39723,0.01109
10936472,2,2,0.00149,0.00847,0.99005
38917234,2,2,0.00235,0.02148,0.97617
12438643,0,0,0.78645,0.20277,0.01079
18729218,2,2,0.00118,0.00754,0.99128
13739155,1,2,0.0037,0.07765,0.91865
909975,2,2,0.00145,0.00586,0.9927
24978703,2,2,0.0025,0.02083,0.97667
37944471,2,2,0.00118,0.00901,0.98981
15816485,0,0,0.98212,0.01503,0.00285
4521627,2,2,0.00118,0.00706,0.99176
3623775,2,0,0.73708,0.25473,0.00819
30100588,0,0,0.89327,0.10061,0.00611
33216741,0,1,0.11839,0.56479,0.31682
7722884,2,2,0.00935,0.09488,0.89578
33850286,2,2,0.00362,0.03763,0.95875
12854982,0,0,0.96855,0.02964,0.00181
3024737,2,2,0.00116,0.00891,0.98994
30729393,2,2,0.00232,0.03034,0.96733
35498679,1,1,0.36892,0.60588,0.0252
29955969,2,2,0.00207,0.01983,0.9781
22812631,2,1,0.0311,0.52598,0.44292
25328653,0,1,0.32248,0.65911,0.01841
37444997,2,2,0.00152,0.00638,0.99211
33795285,2,2,0.00111,0.00638,0.99251
13814175,2,2,0.0026,0.01184,0.98556
6123538,2,2,0.00228,0.02002,0.97771
25120316,0,1,0.46933,0.51145,0.01922
1356663,2,2,0.00215,0.01662,0.98123
39868860,2,0,0.4457,0.23327,0.32103
11472964,2,2,0.00148,0.01172,0.9868
6325905,0,1,0.44239,0.4916,0.06601
2333723,2,2,0.00222,0.01193,0.98584
5585381,1,1,0.29743,0.64965,0.05291
33163791,2,2,0.00137,0.0106,0.98803
28581762,1,1,0.06311,0.73366,0.20323
38391858,1,1,0.07449,0.8459,0.07961
37850163,0,0,0.92338,0.07261,0.00402
9128172,2,2,0.00219,0.01289,0.98492
9022246,2,2,0.00126,0.00619,0.99256
16969646,2,2,0.00176,0.01203,0.98621
4066833,2,2,0.01497,0.14852,0.83651
4078196,2,2,0.00118,0.00778,0.99104
31400880,2,2,0.0012,0.00751,0.99129
21666420,2,2,0.00142,0.00918,0.9894
2405777,2,2,0.00165,0.0128,0.98555
24572643,2,2,0.04994,0.04029,0.90977
15992173,0,0,0.80122,0.19105,0.00773
1955048,2,2,0.00205,0.01643,0.98152
17026591,2,2,0.00188,0.00958,0.98854
15218431,2,2,0.00496,0.0191,0.97593
3956873,2,2,0.00169,0.00668,0.99163
33481781,0,0,0.94101,0.05585,0.00314
21230064,2,2,0.00138,0.00736,0.99126
8458848,2,2,0.0016,0.01325,0.98515
8989584,2,2,0.0025,0.00529,0.99221
19797744,2,2,0.00171,0.00762,0.99066
24816162,2,2,0.00194,0.00795,0.99011
34093716,2,2,0.00144,0.0108,0.98776
2886792,2,1,0.06212,0.8575,0.08039
29978032,0,1,0.05546,0.89503,0.04952
38747768,2,2,0.00479,0.02261,0.9726
2626082,2,2,0.00178,0.01685,0.98137
26123359,1,1,0.05982,0.84862,0.09156
23235522,1,0,0.64902,0.3036,0.04738
6401966,2,0,0.90337,0.09211,0.00452
11363989,2,2,0.0027,0.03489,0.96241
30568122,0,0,0.7076,0.27602,0.01638
5931827,2,2,0.00123,0.01044,0.98833
5989342,2,2,0.00149,0.00658,0.99193
11130539,2,2,0.00816,0.18502,0.80682
5599662,2,2,0.0029,0.02819,0.96891
5298067,2,2,0.00401,0.03044,0.96555
36909151,0,0,0.95018,0.0467,0.00312
38460875,2,0,0.72138,0.24069,0.03793
2838620,2,2,0.00544,0.07963,0.91493
7760794,2,2,0.0026,0.01245,0.98495
28267610,0,0,0.63069,0.35935,0.00996
24147753,2,2,0.00243,0.01533,0.98224
15079335,2,2,0.01239,0.04087,0.94674
8892571,0,0,0.62996,0.35476,0.01529
9970253,0,0,0.96969,0.02855,0.00176
1113717,2,2,0.00118,0.0087,0.99012
11283170,2,2,0.00118,0.0072,0.99162
18294767,2,2,0.00361,0.02567,0.97072
10522238,2,2,0.00217,0.02297,0.97486
6615710,2,2,0.00355,0.05846,0.93799
31317098,0,1,0.39246,0.57103,0.0365
20570261,2,2,0.00191,0.00932,0.98877
18551218,2,2,0.00366,0.04313,0.95321
41562804,0,0,0.93147,0.06566,0.00287
37545534,2,2,0.00299,0.01197,0.98504
34435051,2,2,0.00289,0.0158,0.98131
4051434,2,2,0.00155,0.01552,0.98293
11017028,2,2,0.00402,0.02832,0.96766
9557581,2,2,0.00118,0.00812,0.99071
15315096,0,0,0.97565,0.02228,0.00207
16769704,2,2,0.0047,0.02633,0.96897
8701627,2,2,0.00216,0.00995,0.98789
26445183,2,2,0.00674,0.19004,0.80323
23712197,2,2,0.00307,0.04734,0.94959
36520601,2,2,0.00424,0.06479,0.93096
15405064,2,2,0.00118,0.00586,0.99296
30006985,0,0,0.94266,0.05378,0.00356
22288007,2,2,0.00263,0.01794,0.97944
41568088,2,2,0.17159,0.28947,0.53895
5465569,2,0,0.91509,0.07521,0.0097
16752142,2,2,0.00282,0.03832,0.95886
20214859,2,2,0.0022,0.00711,0.99069
24625735,1,1,0.30197,0.66994,0.02809
26522842,2,2,0.00142,0.00904,0.98954
32246526,2,2,0.00138,0.00695,0.99167
19583549,2,2,0.00181,0.0129,0.98529
21835386,0,1,0.2856,0.64865,0.06575
31755656,2,2,0.01202,0.06266,0.92532
27813127,0,1,0.36554,0.60503,0.02943
5682437,2,2,0.01034,0.02172,0.96794
41628156,0,0,0.83196,0.16128,0.00676
31262047,0,0,0.87319,0.12074,0.00607
38043441,0,0,0.93544,0.059,0.00556
18399023,2,2,0.00149,0.00824,0.99027
35143468,2,2,0.00436,0.05361,0.94202
5607057,2,2,0.00297,0.02043,0.97661
38115330,2,2,0.00129,0.00775,0.99096
13646622,2,2,0.00659,0.05964,0.93377
24355193,2,2,0.00191,0.01027,0.98782
17546651,2,2,0.00659,0.02996,0.96345
1778220,0,1,0.29233,0.47334,0.23432
22159132,2,2,0.00401,0.01548,0.98051
21693910,2,2,0.0012,0.00947,0.98933
40488065,0,1,0.41956,0.53244,0.048
40201030,0,0,0.98144,0.01709,0.00148
23312875,2,2,0.00173,0.01663,0.98165
18191789,2,2,0.00225,0.01605,0.98169
4771071,2,2,0.00129,0.00857,0.99014
11986543,2,2,0.00319,0.01022,0.98659
19001611,2,2,0.00106,0.00646,0.99249
20284354,2,2,0.00823,0.13895,0.85282
25436489,0,0,0.98601,0.01135,0.00264
32889038,2,2,0.00678,0.07644,0.91678
35329833,2,2,0.00176,0.01227,0.98597
34331238,0,1,0.43124,0.53459,0.03418
36799910,1,1,0.17955,0.78913,0.03132
18208775,2,2,0.00172,0.01702,0.98126
5321194,1,2,0.00171,0.01076,0.98753
9572516,1,1,0.03527,0.87483,0.08989
25295856,2,2,0.00386,0.03564,0.96049
11760801,2,2,0.00155,0.01181,0.98664
6256927,2,2,0.00264,0.01299,0.98438
605725,0,0,0.50534,0.47103,0.02363
4579397,2,2,0.00129,0.01,0.98871
22039142,0,0,0.97541,0.01865,0.00594
25038965,2,2,0.00215,0.01727,0.98058
29225811,2,2,0.0038,0.03561,0.96059
34105432,2,2,0.00123,0.0084,0.99036
1316917,2,2,0.0019,0.01149,0.98661
36300249,2,2,0.00146,0.01222,0.98632
3105866,2,0,0.57223,0.32477,0.103
8751076,2,2,0.00158,0.01171,0.98671
39891529,0,0,0.70873,0.28302,0.00825
40435204,0,0,0.95198,0.04594,0.00208
22624863,2,2,0.00159,0.00742,0.99099
14860920,2,2,0.00203,0.00792,0.99004
31669676,0,0,0.7582,0.23124,0.01056
28907311,2,2,0.0016,0.01383,0.98457
35541300,2,2,0.00136,0.0084,0.99024
17519046,2,2,0.00293,0.04762,0.94945
2306755,2,2,0.00203,0.00823,0.98973
22224882,0,0,0.87492,0.12122,0.00387
13396860,2,2,0.00354,0.01603,0.98043
37108875,0,0,0.98342,0.01414,0.00244
37032723,2,2,0.0023,0.0258,0.9719
318843,2,2,0.00106,0.00595,0.99299
24746435,2,2,0.00884,0.11754,0.87362
21597346,2,2,0.00125,0.00834,0.99041
9258227,2,2,0.00134,0.00674,0.99193
17863878,0,0,0.9698,0.02836,0.00184
18606221,2,2,0.00166,0.00586,0.99248
20229835,2,2,0.00268,0.01161,0.98571
17587712,2,2,0.003,0.02515,0.97185
4068757,2,2,0.00133,0.00897,0.98969
7044490,2,2,0.00123,0.00837,0.9904
16439654,2,2,0.0029,0.01283,0.98427
17474599,2,2,0.00449,0.01128,0.98423
2619297,2,2,0.00521,0.11858,0.87621
4377922,2,2,0.00163,0.01101,0.98736
37934468,1,2,0.14534,0.29968,0.55498
23788304,2,2,0.00142,0.00684,0.99174
8469792,2,2,0.0016,0.01325,0.98515
40493667,2,2,0.00215,0.01453,0.98332
34133589,2,1,0.02064,0.74495,0.23441
11222914,2,2,0.01555,0.09457,0.88987
16592455,0,0,0.88385,0.11193,0.00422
27382335,1,1,0.35805,0.62839,0.01356
30525021,2,2,0.00366,0.02812,0.96822
8707269,2,1,0.33869,0.39908,0.26223
36378692,0,0,0.84833,0.14742,0.00425
8253146,0,2,0.05916,0.05779,0.88305
20194358,2,2,0.00147,0.00658,0.99195
677379,2,2,0.00563,0.07591,0.91846
25598301,2,2,0.00153,0.01027,0.98819
3289709,2,2,0.0022,0.00792,0.98988
35187219,2,2,0.07214,0.40713,0.52073
33795576,2,2,0.00259,0.01452,0.98288
12074740,2,2,0.00124,0.00682,0.99195
3178545,2,2,0.00162,0.01511,0.98327
16052859,2,2,0.00314,0.01112,0.98574
11170451,2,2,0.00948,0.05295,0.93757
21843767,0,0,0.5125,0.4086,0.0789
27333295,2,2,0.00108,0.00577,0.99316
7384204,2,2,0.00867,0.10706,0.88427
28603003,0,0,0.83318,0.15839,0.00843
14009660,1,1,0.16148,0.55705,0.28147
10195415,1,1,0.41848,0.56313,0.01839
2651894,1,2,0.01547,0.08548,0.89905
1390503,2,2,0.01442,0.35773,0.62784
1171121,2,1,0.02959,0.60848,0.36192
38979838,0,0,0.77712,0.21162,0.01126
29182989,2,1,0.46328,0.51683,0.01988
8624499,0,0,0.96429,0.0335,0.00221
21206135,2,2,0.00128,0.00648,0.99224
22563662,2,2,0.00316,0.03487,0.96197
17773722,2,2,0.00483,0.01607,0.9791
24578979,2,2,0.00253,0.0239,0.97357
39841967,2,2,0.00189,0.01761,0.9805
7820225,2,2,0.00361,0.04168,0.95471
4912737,2,2,0.01343,0.03049,0.95608
37049832,2,1,0.09419,0.82649,0.07932
35697625,0,0,0.92016,0.07657,0.00327
5917806,0,0,0.88946,0.10499,0.00554
29250067,2,2,0.0014,0.01012,0.98849
27528069,2,2,0.00249,0.0231,0.97441
37709424,2,2,0.00255,0.01509,0.98236
5314232,0,0,0.95542,0.04276,0.00182
7111034,2,2,0.00114,0.0059,0.99295
2192000,2,2,0.01023,0.04747,0.94231
7729468,2,2,0.00704,0.09947,0.89349
33627422,2,2,0.01204,0.07501,0.91294
11869920,2,2,0.00109,0.00482,0.99408
20128386,1,2,0.00894,0.1477,0.84336
21715181,2,2,0.00136,0.00772,0.99093
37343381,2,2,0.0014,0.00992,0.98868
710744,2,2,0.00237,0.01279,0.98484
27637525,2,2,0.00115,0.00555,0.99331
33300609,0,0,0.97533,0.02321,0.00147
5533768,0,0,0.91464,0.0807,0.00465
16274638,0,0,0.77853,0.21036,0.01111
30529885,2,2,0.00126,0.0072,0.99155
14251637,2,2,0.00239,0.01908,0.97853
4165702,2,2,0.00333,0.01333,0.98334
18411127,0,0,0.9013,0.09426,0.00444
11161038,2,2,0.00238,0.00883,0.9888
709184,2,2,0.00184,0.01335,0.98481
1574629,1,1,0.1082,0.83457,0.05724
31924986,2,2,0.0018,0.01884,0.97936
4221200,0,0,0.62771,0.35906,0.01323
20150090,2,2,0.00516,0.05717,0.93767
909162,2,2,0.00262,0.01986,0.97752
21359238,2,2,0.00272,0.02959,0.96769
21522591,1,1,0.45163,0.53633,0.01204
12567072,0,1,0.19245,0.75496,0.05259
7336252,2,2,0.00244,0.03031,0.96725
2782563,2,2,0.00197,0.009,0.98903
5153340,2,2,0.00183,0.02191,0.97627
32556059,2,2,0.00129,0.00985,0.98886
12735028,2,2,0.00118,0.00633,0.99249
38794477,0,0,0.80282,0.1841,0.01308
23279960,2,2,0.00179,0.01382,0.98439
16767489,0,1,0.42105,0.54915,0.02979
4624374,2,0,0.62781,0.35493,0.01726
5139460,2,2,0.00161,0.00793,0.99046
30420133,2,2,0.00472,0.02287,0.97241
20388275,0,0,0.75647,0.23071,0.01281
21693963,2,2,0.00161,0.00711,0.99128
37319860,2,2,0.0012,0.00604,0.99276
28953469,2,2,0.00179,0.0127,0.98551
33637622,2,2,0.05211,0.32295,0.62494
37947369,2,2,0.00163,0.01356,0.98481
36409149,2,2,0.00138,0.00834,0.99029
19084974,2,2,0.00248,0.01231,0.98521
20204671,1,0,0.69181,0.29988,0.00831
26508564,2,2,0.00255,0.01397,0.98347
5313905,0,0,0.97565,0.02277,0.00159
17321819,2,2,0.00181,0.01295,0.98524
39984886,0,0,0.93553,0.06134,0.00312
31651287,2,2,0.00138,0.0085,0.99012
9252074,2,2,0.00153,0.00911,0.98935
35236242,2,2,0.00191,0.00795,0.99014
34402062,2,2,0.01239,0.07755,0.91007
38505771,0,0,0.88089,0.11047,0.00864
35416636,2,2,0.00182,0.01285,0.98534
38375585,2,2,0.01513,0.33124,0.65363
24996500,0,0,0.98283,0.01528,0.0019
11582835,2,2,0.00188,0.00694,0.99117
16926517,1,1,0.48074,0.48262,0.03664
8756011,2,2,0.0025,0.03618,0.96132
28672993,2,2,0.00108,0.00555,0.99338
22556032,2,2,0.00976,0.01747,0.97276
38958465,2,2,0.00484,0.02873,0.96643
16852948,2,2,0.0012,0.00775,0.99106
11672815,2,2,0.00625,0.12218,0.87157
39636190,1,0,0.56028,0.42624,0.01349
8135067,2,2,0.00177,0.00904,0.98919
20114667,0,0,0.76465,0.22427,0.01108
15582048,2,2,0.00303,0.0152,0.98177
5129524,0,0,0.76078,0.23293,0.00628
34432431,0,0,0.97485,0.02352,0.00164
37969744,0,0,0.67481,0.30062,0.02458
33721284,0,0,0.95285,0.04513,0.00202
40731292,0,0,0.95819,0.0399,0.00191
16675667,2,2,0.0014,0.00754,0.99106
14331124,2,2,0.00199,0.01335,0.98466
12808312,2,2,0.00118,0.0072,0.99162
28137389,2,0,0.89336,0.10023,0.00641
40331503,0,0,0.85515,0.14015,0.0047
13094672,2,2,0.00149,0.00717,0.99134
8532449,2,2,0.00166,0.01011,0.98823
39038702,2,2,0.0012,0.00787,0.99094
4502835,0,0,0.95284,0.04505,0.00212
11803232,2,2,0.17159,0.28947,0.53895
10033277,0,0,0.73699,0.2547,0.00832
26312635,2,2,0.01235,0.0295,0.95815
6868297,2,2,0.0025,0.02083,0.97667
32386721,2,2,0.0018,0.00609,0.99211
17867132,0,1,0.28996,0.69016,0.01989
8060679,2,2,0.0033,0.02163,0.97507
3351702,2,2,0.00659,0.02996,0.96345
35106544,2,2,0.00308,0.01446,0.98246
24107710,2,1,0.01873,0.6108,0.37047
5768921,2,2,0.00409,0.0269,0.96901
28165157,2,2,0.0014,0.00873,0.98987
6090548,2,2,0.00113,0.006,0.99288
1486813,2,0,0.86877,0.12394,0.00729
39183134,0,0,0.79596,0.19506,0.00898
27758124,2,2,0.00147,0.00623,0.9923
29177832,2,2,0.00109,0.00604,0.99286
28888790,2,2,0.01469,0.19577,0.78954
16982557,2,2,0.00109,0.00551,0.9934
33895767,2,2,0.00312,0.0455,0.95137
5126579,2,2,0.00136,0.00808,0.99056
37918856,2,2,0.17159,0.28947,0.53895
25567390,1,0,0.95892,0.03908,0.002
36682116,2,2,0.00153,0.00981,0.98866
31806955,0,0,0.93411,0.06252,0.00337
23094451,2,2,0.00181,0.01325,0.98494
39667785,0,1,0.1129,0.80858,0.07851
6810335,0,0,0.70539,0.285,0.0096
33208526,2,2,0.00165,0.01335,0.98499
18254465,2,2,0.00153,0.00915,0.98932
6366796,2,2,0.21728,0.18102,0.6017
30214522,2,2,0.00174,0.00894,0.98933
10813359,2,2,0.00224,0.00581,0.99195
4252522,2,2,0.00263,0.01636,0.98101
18934863,2,2,0.00116,0.00572,0.99311
14708192,2,2,0.00126,0.00717,0.99158
7971607,0,0,0.97443,0.02287,0.00269
35315131,2,0,0.49828,0.22503,0.27669
10671572,1,2,0.00803,0.22226,0.76971
9682031,2,2,0.01397,0.0143,0.97173
37907828,2,2,0.00149,0.00988,0.98863
23964167,2,2,0.00349,0.08618,0.91033
14039609,2,2,0.00131,0.00867,0.99002
28971244,2,2,0.00295,0.01134,0.98571
9030260,2,2,0.00125,0.0084,0.99034
3965665,0,0,0.98409,0.01224,0.00366
36447193,2,2,0.00185,0.01135,0.9868
17485882,2,2,0.00208,0.01631,0.98161
38691924,2,2,0.00265,0.0227,0.97465
1909650,0,0,0.79417,0.19615,0.00969
5697847,0,0,0.97034,0.02793,0.00173
8461696,2,2,0.00164,0.00793,0.99044
10553225,2,2,0.00362,0.03862,0.95776
27762187,2,2,0.00149,0.01043,0.98808
17548193,2,2,0.00187,0.01493,0.9832
9733172,0,0,0.80593,0.18699,0.00708
40628374,2,2,0.00249,0.01018,0.98733
36978111,2,2,0.00126,0.00731,0.99144
17778906,2,2,0.00106,0.00581,0.99313
27106402,2,2,0.00153,0.00977,0.9887
2173714,2,2,0.00149,0.00847,0.99005
21456840,2,2,0.00131,0.01008,0.98861
7843881,2,2,0.01327,0.01931,0.96742
8468159,2,2,0.01311,0.07483,0.91206
35463495,2,2,0.0013,0.006,0.99271
33793480,2,2,0.00168,0.01217,0.98615
25229901,0,0,0.98836,0.00977,0.00188
36638051,2,2,0.0029,0.04088,0.95622
27100533,2,2,0.00246,0.03507,0.96246
17851209,2,2,0.00114,0.00604,0.99281
13268644,0,0,0.67535,0.31284,0.0118
10869928,2,2,0.00177,0.00559,0.99264
6725191,0,0,0.80816,0.18605,0.0058
35230966,2,2,0.01069,0.0497,0.93961
8447732,2,2,0.00341,0.02089,0.9757
16631460,0,0,0.93091,0.06626,0.00283
24524331,0,0,0.98312,0.01528,0.0016
30287958,0,0,0.93621,0.06103,0.00276
14638313,2,2,0.00234,0.0235,0.97416
13306359,2,2,0.00153,0.01194,0.98653
18218541,2,2,0.00287,0.00849,0.98865
5017025,2,2,0.00163,0.0108,0.98757
21344566,0,0,0.89696,0.09754,0.0055
6791008,2,2,0.00462,0.02901,0.96637
29642697,1,0,0.87927,0.11534,0.00539
9217259,2,2,0.00104,0.00595,0.99301
3489709,0,0,0.65583,0.33496,0.00921
12545859,2,2,0.0021,0.00716,0.99074
36175804,2,2,0.01802,0.17914,0.80284
12140883,2,2,0.00268,0.04382,0.9535
28533728,0,1,0.46695,0.51285,0.0202
19972993,2,2,0.00237,0.01189,0.98574
17722053,2,2,0.00374,0.05281,0.94346
17937262,2,2,0.00196,0.01236,0.98568
33813934,2,0,0.75737,0.23554,0.00709
9935252,2,2,0.0012,0.00811,0.99069
11717452,2,2,0.00168,0.01275,0.98557
27331009,0,1,0.11354,0.65595,0.23051
10134319,2,2,0.00163,0.00996,0.98841
667021,2,1,0.14743,0.75904,0.09353
496862,2,2,0.0014,0.00843,0.99017
29729888,2,2,0.00625,0.09526,0.8985
13938531,2,2,0.00351,0.02264,0.97385
7957165,2,2,0.00146,0.01084,0.98769
19412370,2,1,0.15375,0.82068,0.02557
24063722,0,0,0.85922,0.13648,0.0043
32832814,2,2,0.00153,0.01426,0.98421
34743534,2,2,0.019,0.16034,0.82066
12747175,0,1,0.43257,0.49401,0.07343
1315346,2,2,0.00174,0.00833,0.98993
30563645,2,2,0.00272,0.04447,0.95282
14120578,2,2,0.00298,0.01424,0.98278
24672339,2,2,0.00179,0.01241,0.9858
12493271,2,2,0.038,0.35353,0.60847
28389015,2,2,0.00303,0.04654,0.95043
22775630,2,0,0.69803,0.26134,0.04063
21042105,0,0,0.86155,0.13316,0.00529
27416518,2,2,0.00132,0.00638,0.9923
39279793,2,2,0.00182,0.009,0.98917
1911104,0,0,0.57118,0.41463,0.01419
34863509,2,2,0.04069,0.3613,0.59801
27014743,2,2,0.0039,0.01094,0.98515
18767810,0,0,0.83752,0.15675,0.00573
41624099,2,2,0.00128,0.00674,0.99199
31908838,2,2,0.0014,0.0055,0.99309
15969582,2,2,0.00155,0.0128,0.98565
34326144,1,1,0.03838,0.86009,0.10153
14011116,2,2,0.00212,0.01241,0.98547
16438194,2,2,0.00276,0.01592,0.98132
30980273,0,0,0.95949,0.03746,0.00305
35798341,2,2,0.0051,0.05357,0.94133
18958317,2,2,0.00404,0.03827,0.95769
24875810,2,2,0.00123,0.00824,0.99052
1936121,2,2,0.00134,0.00559,0.99307
33162532,2,2,0.00193,0.0125,0.98556
29324940,0,0,0.93963,0.05198,0.00839
26431023,2,2,0.00416,0.0235,0.97233
22650475,2,2,0.00176,0.013,0.98524
9558386,2,2,0.00104,0.00586,0.9931
32420338,0,0,0.98644,0.01075,0.00281
40643864,0,0,0.59947,0.36645,0.03408
17176466,2,2,0.00225,0.01801,0.97974
38190308,1,0,0.83515,0.15877,0.00608
23794832,2,2,0.0038,0.05256,0.94364
1340474,2,2,0.00126,0.00722,0.99152
38793356,0,0,0.73234,0.26112,0.00654
12891537,2,2,0.00764,0.05174,0.94062
34225895,2,2,0.00229,0.01441,0.9833
40111151,2,2,0.00215,0.01563,0.98222
1909438,2,2,0.00177,0.00663,0.9916
14352213,0,1,0.32211,0.39523,0.28267
21114249,2,2,0.00813,0.02219,0.96968
9018040,0,1,0.48474,0.48854,0.02671
37280253,2,1,0.16945,0.48083,0.34973
3577069,1,1,0.06226,0.5593,0.37844
5942613,2,2,0.00297,0.03561,0.96143
29189866,0,0,0.75476,0.23473,0.01052
26312260,2,2,0.00272,0.01365,0.98363
28042944,2,2,0.00156,0.0083,0.99014
18590513,2,2,0.0017,0.0147,0.98359
18699094,2,2,0.00125,0.01012,0.98863
18403034,2,2,0.00171,0.01265,0.98564
25646860,2,2,0.00203,0.01131,0.98666
2813232,2,2,0.0014,0.00668,0.99192
3682434,2,2,0.00156,0.00728,0.99116
27516878,0,0,0.82706,0.16672,0.00622
26753317,2,2,0.00138,0.00736,0.99126
20302490,2,2,0.00192,0.02096,0.97712
36567699,0,0,0.98356,0.01136,0.00508
3557891,1,0,0.90066,0.0953,0.00404
40479019,1,1,0.36145,0.62453,0.01402
13077878,0,0,0.94402,0.05404,0.00194
20562902,2,2,0.00142,0.00757,0.99101
29152292,2,2,0.02433,0.45549,0.52018
17787036,0,0,0.96658,0.02785,0.00557
6768578,2,2,0.00163,0.01097,0.9874
1644007,0,0,0.96465,0.03218,0.00317
7658508,2,2,0.00129,0.00901,0.9897
33846218,2,2,0.00144,0.01097,0.98759
13237366,2,2,0.01104,0.09077,0.89818
4978386,2,2,0.06471,0.06943,0.86586
37377070,2,2,0.0014,0.00722,0.99138
18168927,2,2,0.00116,0.00781,0.99103
9588542,2,2,0.00206,0.01284,0.9851
1031964,2,2,0.00145,0.00475,0.9938
17524064,2,2,0.00397,0.00854,0.98748
12782069,2,2,0.00296,0.02278,0.97426
30409271,2,2,0.00151,0.00739,0.99109
4631825,2,2,0.00114,0.00731,0.99155
26382467,2,2,0.00379,0.06991,0.9263
18934871,2,2,0.00129,0.01008,0.98863
34404432,1,1,0.19352,0.77897,0.0275
41307885,2,2,0.00568,0.02401,0.97031
23374673,2,2,0.00187,0.01663,0.98151
21047013,0,0,0.65458,0.33433,0.01109
21533894,0,1,0.44809,0.52798,0.02393
10553146,2,2,0.00471,0.04043,0.95487
37243556,2,2,0.02057,0.36888,0.61056
39790289,0,0,0.70826,0.28394,0.00781
18699273,2,2,0.00188,0.02631,0.97182
14457324,1,1,0.42782,0.55799,0.01419
39014783,2,2,0.0014,0.00722,0.99138
14782573,0,0,0.82751,0.16358,0.00891
25294898,0,0,0.88896,0.10311,0.00794
8794245,2,1,0.0253,0.66282,0.31187
40393106,2,2,0.00325,0.02243,0.97432
4966011,2,2,0.00182,0.01227,0.98592
31122873,0,0,0.73244,0.23733,0.03023
21617120,2,2,0.00166,0.00771,0.99063
23984508,2,2,0.00128,0.00695,0.99178
3744863,2,2,0.00128,0.00648,0.99224
32814252,2,2,0.00734,0.06134,0.93133
15591414,2,2,0.00386,0.05208,0.94406
25951535,0,0,0.98462,0.01383,0.00155
35681004,2,2,0.0051,0.0952,0.8997
3290630,2,2,0.00127,0.00757,0.99116
24716614,2,2,0.00881,0.24653,0.74467
28758347,0,0,0.8651,0.12808,0.00681
9457510,2,2,0.0013,0.00648,0.99222
11413534,2,2,0.00122,0.00475,0.99403
33799276,0,0,0.97714,0.01905,0.00381
14474625,2,2,0.00337,0.03301,0.96363
3837035,2,2,0.00126,0.006,0.99275
35328591,0,0,0.6693,0.28955,0.04115
13100673,2,2,0.00158,0.00853,0.98988
9101483,2,2,0.00187,0.01227,0.98586
9721653,2,2,0.00209,0.01245,0.98546
15958434,1,0,0.83585,0.15767,0.00648
31593955,2,2,0.00164,0.00679,0.99158
15469191,2,2,0.00203,0.01175,0.98622
15972211,2,2,0.0013,0.00563,0.99307
15058093,2,2,0.00233,0.01148,0.98619
28753327,0,0,0.65279,0.33866,0.00854
36156826,2,2,0.00302,0.03158,0.96539
13566168,2,2,0.00135,0.01362,0.98503
39802633,0,0,0.95566,0.04198,0.00237
18317361,2,2,0.002,0.00756,0.99043
41143418,2,2,0.00646,0.03479,0.95875
32636217,2,2,0.00342,0.01792,0.97865
14913666,2,2,0.05301,0.20946,0.73753
19318033,0,1,0.47322,0.5077,0.01908
16708383,2,2,0.00163,0.01097,0.9874
41405941,2,2,0.00377,0.02942,0.96681
6654996,2,1,0.10528,0.85101,0.04371
36018504,2,2,0.00305,0.00678,0.99017
34178265,2,2,0.00187,0.01222,0.98591
30767011,2,2,0.00168,0.01236,0.98596
15299743,2,2,0.01302,0.38356,0.60342
2629,0,0,0.87367,0.11987,0.00647
1090981,2,2,0.00153,0.0089,0.98956
11025818,2,2,0.00244,0.04422,0.95334
23069846,2,2,0.00759,0.05855,0.93386
12476152,2,2,0.00123,0.00808,0.99068
6391543,2,2,0.00147,0.00814,0.99039
10621775,1,1,0.15702,0.79044,0.05254
33172622,2,2,0.00111,0.00648,0.99241
11849854,2,0,0.53322,0.3708,0.09598
8944484,2,2,0.00113,0.00661,0.99227
37925902,2,2,0.00144,0.01132,0.98725
20386588,2,2,0.00696,0.14948,0.84356
39642161,2,2,0.00257,0.00829,0.98914
4228069,2,2,0.0025,0.01829,0.97921
40456102,2,2,0.00142,0.00658,0.992
16792037,1,0,0.76544,0.22276,0.01181
32191199,2,2,0.00109,0.00551,0.9934
29435843,2,2,0.00884,0.11754,0.87362
39760463,2,2,0.00128,0.00658,0.99214
11475118,2,1,0.03572,0.50473,0.45956
12828185,2,2,0.00111,0.00505,0.99384
34980461,0,0,0.96601,0.03191,0.00208
41133946,1,0,0.8989,0.0968,0.00429
30702859,2,2,0.00644,0.03758,0.95598
35637149,0,0,0.5497,0.43826,0.01205
12933365,0,0,0.81323,0.17587,0.0109
6810543,2,1,0.03855,0.75645,0.20499
14194691,0,0,0.98607,0.01217,0.00176
1873748,2,2,0.00515,0.05926,0.9356
39930722,0,0,0.88217,0.11216,0.00567
20908364,2,2,0.00363,0.03545,0.96092
13257825,2,2,0.00274,0.0218,0.97546
32180481,2,1,0.12279,0.8245,0.05271
24664816,0,0,0.93136,0.06226,0.00637
5011580,2,2,0.00176,0.0126,0.98564
32243974,2,2,0.00153,0.01285,0.98562
34930853,0,1,0.12846,0.83112,0.04042
16997570,2,2,0.00176,0.00984,0.98839
35444659,2,2,0.00309,0.01022,0.98669
25330112,1,1,0.17482,0.79506,0.03011
33405858,2,2,0.00186,0.01976,0.97838
17726452,2,2,0.00111,0.0087,0.99019
35462134,2,2,0.17159,0.28947,0.53895
27644992,2,2,0.0111,0.06446,0.92443
14804809,2,1,0.12897,0.55369,0.31734
23625173,2,2,0.00168,0.01256,0.98577
14308369,2,2,0.00169,0.01961,0.9787
14831548,2,2,0.00295,0.04063,0.95642
16690691,2,2,0.00144,0.00765,0.9909
6126633,2,2,0.00166,0.00751,0.99083
8919458,0,0,0.92986,0.06736,0.00278
9221842,2,2,0.00142,0.0085,0.99008
20898748,0,0,0.74343,0.24805,0.00852
10295957,2,2,0.00257,0.00823,0.9892
8910621,2,2,0.00111,0.00604,0.99285
8681844,2,2,0.01361,0.03251,0.95388
7623450,2,2,0.00269,0.00917,0.98814
32215672,2,2,0.00592,0.02141,0.97267
24781032,2,2,0.00364,0.01898,0.97738
5096148,2,2,0.00149,0.00786,0.99065
6241327,2,2,0.00918,0.27882,0.712
18842146,2,2,0.0013,0.00534,0.99337
14558249,1,1,0.09278,0.8173,0.08992
22324420,2,2,0.0028,0.01746,0.97974
28294588,2,2,0.00158,0.01346,0.98496
3498787,2,2,0.01512,0.435,0.54989
33190510,2,2,0.00486,0.00915,0.98599
2774739,2,2,0.0019,0.01361,0.98449
24603391,2,2,0.00299,0.0113,0.98571
9443839,2,2,0.00634,0.05221,0.94144
39009839,2,2,0.00459,0.01963,0.97578
31911079,2,2,0.00138,0.00922,0.9894
26956775,2,0,0.50487,0.45969,0.03545
39294916,2,2,0.00312,0.0455,0.95137
8822398,2,2,0.00237,0.01083,0.98679
25260608,2,2,0.0044,0.02997,0.96563
18248364,2,0,0.5062,0.28278,0.21102
27831947,2,2,0.00174,0.0089,0.98936
9419036,2,2,0.0039,0.01215,0.98396
25184039,2,2,0.00153,0.01008,0.98839
24972251,2,2,0.00136,0.00498,0.99366
33326982,2,2,0.00205,0.01714,0.98081
19112858,2,2,0.00124,0.00542,0.99334
37297665,2,2,0.00786,0.02566,0.96649
15413825,2,2,0.00163,0.01097,0.9874
19645512,0,0,0.95802,0.04018,0.00179
17197299,0,1,0.09359,0.87075,0.03566
37977612,0,1,0.31318,0.66559,0.02123
4726615,0,0,0.90337,0.09337,0.00326
8683500,0,0,0.69997,0.27626,0.02377
6673375,2,2,0.00115,0.00555,0.99331
77244,2,2,0.02443,0.3205,0.65507
41292932,2,2,0.00224,0.00608,0.99168
351798,2,2,0.00109,0.00586,0.99305
40887226,0,0,0.88127,0.11403,0.0047
36680416,2,2,0.00131,0.01127,0.98742
23190150,2,2,0.00116,0.00742,0.99142
17620373,2,2,0.00764,0.10925,0.88311
22718933,2,2,0.00171,0.01039,0.9879
24930931,1,1,0.07495,0.54737,0.37768
603791,2,2,0.01525,0.31593,0.66882
36435002,2,2,0.08287,0.16099,0.75614
32867789,2,2,0.002,0.02487,0.97313
5210165,2,2,0.00199,0.01425,0.98376
56699,2,2,0.00128,0.00572,0.993
208665,2,2,0.00215,0.01504,0.98281
37377057,0,0,0.97575,0.02264,0.00161
28669942,2,2,0.01343,0.02992,0.95664
18842927,2,2,0.25713,0.20065,0.54222
41579201,2,2,0.00688,0.09254,0.90058
11313273,2,2,0.00835,0.11263,0.87902
17263520,2,2,0.00113,0.00643,0.99244
3262827,2,0,0.55335,0.43095,0.0157
16634957,0,2,0.13121,0.20243,0.66635
4687147,2,2,0.00147,0.00824,0.99029
32088855,2,2,0.00537,0.03385,0.96078
25903396,2,2,0.0024,0.01533,0.98227
17394832,2,2,0.00314,0.02539,0.97147
40943767,2,2,0.00116,0.0086,0.99024
11678681,2,2,0.05912,0.30025,0.64062
5350198,2,2,0.002,0.01166,0.98634
38219498,2,2,0.00179,0.01101,0.9872
2379451,1,2,0.0343,0.47719,0.48851
33973027,2,1,0.18574,0.6296,0.18466
1096120,0,1,0.19705,0.76653,0.03642
7796243,2,2,0.00158,0.01123,0.98719
21866143,0,0,0.98428,0.0106,0.00512
16799787,2,2,0.03802,0.0762,0.88578
30985818,2,2,0.0017,0.01799,0.98031
3961354,2,2,0.00388,0.04734,0.94878
18974958,0,0,0.56667,0.41136,0.02197
38095897,2,2,0.00129,0.00757,0.99114
15458650,2,2,0.00161,0.01,0.9884
14233526,0,0,0.80593,0.18772,0.00635
24570946,2,2,0.12681,0.2682,0.60499
16380247,2,2,0.00482,0.06249,0.93269
14283988,0,0,0.987,0.00991,0.00309
33290834,2,2,0.00114,0.00638,0.99247
10454848,1,1,0.41041,0.56758,0.02201
35192303,2,2,0.02338,0.03551,0.94112
3265918,2,2,0.00149,0.00668,0.99183
8398263,2,2,0.00122,0.00722,0.99156
31599727,2,2,0.00336,0.06622,0.93042
17601630,0,0,0.88696,0.10887,0.00417
19758262,2,2,0.00253,0.0075,0.98997
25276058,2,1,0.02981,0.70552,0.26467
1756044,0,0,0.92749,0.06986,0.00265
17775446,2,2,0.00132,0.00706,0.99163
11907870,2,2,0.00301,0.03739,0.9596
4828876,1,0,0.57364,0.41318,0.01318
27690360,0,0,0.85477,0.13631,0.00892
3481643,2,2,0.00114,0.00863,0.99022
24888134,1,0,0.85733,0.13671,0.00596
25361719,0,0,0.95299,0.04462,0.0024
18591258,0,1,0.43765,0.53832,0.02402
11127331,2,2,0.0027,0.03565,0.96165
8552708,0,0,0.96119,0.0369,0.00191
19935004,0,0,0.96708,0.03106,0.00187
21900505,2,2,0.00183,0.01809,0.98007
37267796,2,2,0.0503,0.29229,0.65741
29142073,1,1,0.02413,0.76248,0.21339
40767092,2,2,0.00158,0.0131,0.98532
13160656,2,2,0.00487,0.02209,0.97303
3631635,2,1,0.0178,0.51602,0.46618
30262349,2,2,0.02052,0.14025,0.83923
15774096,2,2,0.00145,0.00494,0.99362
11031737,0,0,0.98557,0.01217,0.00226
34034467,0,0,0.92341,0.07361,0.00299
21060941,0,0,0.55598,0.41479,0.02924
34621202,2,2,0.17159,0.28947,0.53895
28610091,2,2,0.02607,0.0691,0.90483
29022538,0,0,0.80454,0.16815,0.02732
2653529,2,2,0.00159,0.00711,0.9913
38514636,0,0,0.98678,0.01167,0.00155
17597425,1,0,0.55405,0.4248,0.02115
27567648,0,1,0.41532,0.57213,0.01254
28504723,2,2,0.0185,0.32414,0.65735
20144342,2,2,0.00149,0.00918,0.98933
39809936,0,0,0.98346,0.01499,0.00155
30000476,2,2,0.00118,0.0079,0.99092
11741424,2,2,0.00171,0.00984,0.98845
23829767,2,2,0.00282,0.03883,0.95835
40225767,2,2,0.00134,0.00663,0.99203
21280290,2,2,0.00243,0.01847,0.97911
3362991,2,2,0.00226,0.02615,0.97159
3869487,2,2,0.00421,0.02853,0.96726
3588404,2,2,0.00136,0.00628,0.99236
12256024,2,2,0.00662,0.12681,0.86658
36507321,2,2,0.00402,0.08706,0.90893
8942520,1,2,0.02516,0.2511,0.72375
22063879,2,2,0.00181,0.01372,0.98447
5493758,2,2,0.00218,0.01681,0.98101
21131906,2,2,0.02681,0.09908,0.87411
828487,2,2,0.00661,0.02075,0.97265
40218901,1,0,0.65967,0.32529,0.01504
26034404,2,2,0.00168,0.0127,0.98562
32108120,1,1,0.11926,0.84661,0.03413
4085800,0,0,0.97668,0.0198,0.00352
37822904,2,2,0.00182,0.01105,0.98713
31888763,2,2,0.0031,0.0081,0.9888
16161324,0,1,0.46249,0.51999,0.01752
6589401,2,2,0.0019,0.0129,0.9852
25544278,2,2,0.00161,0.00689,0.9915
35538320,2,2,0.00159,0.00768,0.99073
25027266,0,0,0.98159,0.01663,0.00178
24932486,2,2,0.00535,0.02158,0.97307
37425993,2,2,0.02362,0.03304,0.94334
25786017,2,2,0.00154,0.00728,0.99118
36930553,1,0,0.71554,0.27479,0.00966
1497407,1,1,0.10656,0.83816,0.05528
37090949,0,0,0.6057,0.37171,0.02259
11476567,1,0,0.79968,0.19143,0.00888
11594043,2,2,0.00116,0.00684,0.992
7230397,2,2,0.00679,0.09012,0.90309
28957413,2,2,0.06963,0.08871,0.84166
22166806,2,2,0.00224,0.01894,0.97882
19049496,2,2,0.00106,0.00641,0.99254
2180089,2,2,0.00465,0.0146,0.98075
34609611,0,0,0.9629,0.03524,0.00186
36111189,0,0,0.65416,0.32257,0.02328
21005499,1,1,0.11749,0.85054,0.03196
35236258,0,0,0.97765,0.02049,0.00186
14744670,2,2,0.00122,0.00714,0.99164
884677,2,2,0.00176,0.0151,0.98314
15945045,1,1,0.04698,0.80085,0.15217
28537382,0,0,0.98344,0.01496,0.0016
15315678,1,1,0.28626,0.6894,0.02434
5479906,2,2,0.00375,0.05045,0.94581
6161629,2,2,0.01048,0.19538,0.79415
25495471,2,2,0.00142,0.00977,0.98881
5002288,2,2,0.00142,0.00739,0.99119
20593063,2,2,0.0049,0.01639,0.97871
31706149,1,1,0.39071,0.57294,0.03634
20808619,2,2,0.00294,0.01259,0.98447
20099963,2,2,0.01006,0.26245,0.72749
24365713,2,2,0.00196,0.01149,0.98655
12635373,0,0,0.68718,0.28423,0.02859
25784466,2,2,0.0473,0.17118,0.78152
21773055,2,2,0.00171,0.01055,0.98774
35829466,1,0,0.48577,0.43886,0.07537
25912730,1,0,0.81371,0.17667,0.00962
30587330,0,1,0.30116,0.67867,0.02018
19272173,0,0,0.87889,0.11596,0.00515
17308165,1,1,0.1506,0.82374,0.02566
40252796,2,2,0.00538,0.00929,0.98533
41510065,2,2,0.00398,0.03652,0.9595
26868851,2,0,0.40374,0.31413,0.28213
10061031,2,2,0.00109,0.00754,0.99137
989398,2,2,0.00174,0.00977,0.9885
8040551,2,2,0.00156,0.00786,0.99057
27636559,2,1,0.12808,0.83762,0.0343
35418080,2,2,0.00511,0.01336,0.98153
30148305,2,2,0.00223,0.02297,0.9748
29326290,2,2,0.00155,0.01443,0.98402
14831297,0,0,0.57159,0.41818,0.01023
19187353,0,0,0.85226,0.14243,0.00531
7711877,2,2,0.01577,0.18772,0.79651
8592776,2,2,0.00148,0.0141,0.98442
1618529,0,0,0.91371,0.08086,0.00543
24343787,0,0,0.9588,0.03917,0.00203
6002766,0,1,0.08361,0.85102,0.06537
4611864,2,2,0.00122,0.00722,0.99156
7775900,1,0,0.55606,0.42634,0.0176
23191535,2,2,0.00145,0.00618,0.99237
30716110,0,0,0.98486,0.01362,0.00153
2173137,2,2,0.13756,0.33716,0.52528
2837461,2,2,0.00124,0.00757,0.9912
39959670,0,0,0.9393,0.05814,0.00256
36518591,0,1,0.30308,0.67769,0.01922
34597774,0,0,0.96929,0.02911,0.0016
37402756,0,0,0.87002,0.12364,0.00634
15341243,2,2,0.00126,0.00684,0.9919
11597421,0,0,0.66931,0.32114,0.00955
6042531,2,2,0.004,0.04654,0.94946
38064279,0,1,0.19244,0.77918,0.02838
29596824,0,0,0.65274,0.32439,0.02287
8594753,2,2,0.00179,0.01007,0.98813
23945129,2,2,0.00146,0.00966,0.98888
23583792,1,1,0.04853,0.84037,0.1111
9612110,2,2,0.00265,0.00932,0.98804
5267589,2,2,0.0016,0.01383,0.98457
30069759,2,1,0.07629,0.76454,0.15916
5880905,2,2,0.00984,0.06871,0.92145
2421019,2,2,0.00135,0.01127,0.98738
19789311,2,2,0.00437,0.0515,0.94413
21589045,0,0,0.96468,0.03343,0.00189
8667290,2,2,0.0014,0.0089,0.9897
4798648,1,1,0.08517,0.84025,0.07458
38131104,0,0,0.96192,0.03569,0.00238
37913940,2,2,0.00198,0.01972,0.9783
21475290,2,2,0.00114,0.00572,0.99313
37935674,1,1,0.03223,0.84434,0.12343
18004939,2,2,0.0014,0.00572,0.99288
31402734,2,2,0.00118,0.00734,0.99148
36740271,1,0,0.50023,0.45903,0.04074
16762467,2,2,0.00181,0.01588,0.98231
3144034,0,0,0.91671,0.07848,0.00481
11639174,2,2,0.00289,0.03144,0.96567
27866564,0,0,0.91104,0.08524,0.00372
20143702,2,2,0.00109,0.00663,0.99227
39748693,2,2,0.00178,0.01789,0.98034
8668505,2,2,0.00432,0.03421,0.96147
23215130,2,2,0.00273,0.00961,0.98766
15963191,2,2,0.00136,0.0087,0.98995
10179733,2,1,0.02751,0.61156,0.36093
38210022,2,2,0.00126,0.00698,0.99177
20016321,1,1,0.09687,0.8401,0.06303
35592231,2,2,0.00195,0.01961,0.97845
268670,2,2,0.00154,0.00847,0.99
5524245,2,2,0.01119,0.05711,0.9317
13647251,2,2,0.00137,0.0108,0.98782
26155114,2,2,0.0016,0.01383,0.98457
8707332,0,0,0.9016,0.09374,0.00466
1891735,2,2,0.00185,0.00774,0.99041
7010892,2,1,0.02917,0.61405,0.35678
127573,2,2,0.0017,0.01588,0.98242
37544401,0,0,0.55366,0.42783,0.01851
9427693,2,2,0.00137,0.0106,0.98803
4474775,2,2,0.00118,0.0049,0.99392
32958311,2,2,0.00215,0.0133,0.98455
37923954,2,2,0.00384,0.01116,0.985
39661276,2,2,0.00425,0.01919,0.97656
29243681,0,0,0.94415,0.05217,0.00368
2424172,2,0,0.63926,0.32523,0.03551
38414239,2,2,0.00142,0.00604,0.99253
35269960,0,0,0.98677,0.01014,0.00309
13124159,2,2,0.00529,0.04762,0.94709
21311781,0,2,0.01598,0.0769,0.90712
31506101,2,2,0.00114,0.00651,0.99235
30658013,2,2,0.00252,0.02726,0.97022
19685627,2,2,0.00132,0.00577,0.99292
13729639,2,2,0.00122,0.006,0.99279
33217233,0,1,0.29966,0.54103,0.15931
18977220,1,1,0.27165,0.6816,0.04675
34354498,0,0,0.7005,0.28861,0.01089
18605943,2,2,0.00154,0.00818,0.99029
30210648,2,2,0.00124,0.00698,0.99179
9488679,2,2,0.00142,0.00706,0.99152
21909337,2,2,0.0023,0.02363,0.97406
35862468,2,2,0.0032,0.0377,0.9591
10402314,0,0,0.82603,0.16522,0.00876
33262678,2,2,0.00163,0.0129,0.98547
10496932,2,2,0.00171,0.01236,0.98593
30135141,0,1,0.29698,0.67451,0.0285
8256560,0,0,0.87261,0.12376,0.00362
33437284,2,2,0.00563,0.01043,0.98394
34937689,1,1,0.39643,0.53137,0.0722
40750031,0,0,0.9585,0.03885,0.00265
17239877,2,2,0.00131,0.01043,0.98825
20430966,0,0,0.75446,0.23372,0.01182
1296506,2,2,0.00125,0.00944,0.98931
22162642,2,2,0.00134,0.00648,0.99218
8746974,2,2,0.00219,0.01047,0.98734
15267173,2,2,0.00287,0.02252,0.97461
33857029,2,2,0.00269,0.01062,0.98669
27564573,2,2,0.0014,0.00766,0.99095
7113021,0,0,0.69187,0.29526,0.01287
14334730,0,1,0.37916,0.46185,0.15899
32222763,2,0,0.4906,0.29612,0.21328
23019594,2,2,0.00134,0.00695,0.99172
10500003,2,2,0.00222,0.01355,0.98422
10692709,2,2,0.03898,0.36548,0.59555
31267016,2,1,0.02549,0.78688,0.18763
34791023,0,0,0.51853,0.4576,0.02388
26584212,0,0,0.93538,0.0608,0.00382
39068329,0,0,0.96351,0.03407,0.00243
26933557,0,0,0.97646,0.02183,0.00172
20592091,2,2,0.00236,0.03032,0.96732
8484930,2,2,0.00172,0.00679,0.9915
22004531,2,2,0.00116,0.00725,0.99159
5154597,1,2,0.0051,0.0952,0.8997
14387441,2,2,0.00136,0.00787,0.99078
22196228,2,2,0.00179,0.01114,0.98707
14077374,0,0,0.87515,0.11752,0.00734
29024754,0,0,0.98564,0.01265,0.00171
23133843,0,0,0.98851,0.00962,0.00188
13019388,2,2,0.00131,0.01163,0.98706
12363931,2,2,0.00153,0.01367,0.9848
10531383,2,2,0.00364,0.01731,0.97904
27361146,2,2,0.00146,0.00908,0.98946
34905167,2,2,0.00891,0.0233,0.96779
37799466,2,2,0.00144,0.01218,0.98639
20279149,0,0,0.8914,0.1044,0.00419
25470709,1,0,0.48526,0.47217,0.04257
18746119,2,2,0.00166,0.00739,0.99095
22239567,2,2,0.00134,0.0079,0.99077
21672368,2,2,0.00891,0.02348,0.96761
24156100,2,2,0.02297,0.1017,0.87534
2629949,2,2,0.00144,0.01181,0.98676
37842320,2,2,0.00123,0.00831,0.99046
1513247,2,2,0.02206,0.0326,0.94534
7378034,2,2,0.0031,0.02256,0.97434
871450,2,2,0.00131,0.01008,0.98861
24899219,2,1,0.05127,0.7958,0.15292
32699719,1,1,0.26773,0.71369,0.01858
17743604,0,0,0.98749,0.01039,0.00213
28302692,2,2,0.00462,0.01233,0.98305
4547991,2,2,0.00156,0.01123,0.98722
25720775,0,0,0.70976,0.25806,0.03217
30061780,1,0,0.88926,0.106,0.00474
18311690,2,2,0.00158,0.01101,0.98741
36373657,2,2,0.00174,0.00802,0.99024
7845420,0,0,0.74013,0.25084,0.00903
35038526,2,2,0.0014,0.00623,0.99237
32793502,2,2,0.002,0.00733,0.99066
7760507,0,0,0.97965,0.0188,0.00154
6759691,2,2,0.0072,0.1204,0.8724
7194295,2,0,0.58909,0.39242,0.0185
2569208,2,2,0.0028,0.03065,0.96655
14225179,2,2,0.01859,0.04272,0.93869
24366038,2,2,0.00125,0.00808,0.99066
27772686,0,0,0.80383,0.18505,0.01111
39897745,0,0,0.97426,0.02425,0.00149
36644617,1,0,0.81871,0.17161,0.00968
19102884,2,2,0.02128,0.29034,0.68838
15665199,0,0,0.84556,0.14925,0.00519
2778750,2,2,0.00159,0.00722,0.99119
26681712,2,2,0.02856,0.08311,0.88833
41541307,2,2,0.00259,0.03257,0.96485
7710961,0,0,0.95577,0.04187,0.00237
36884760,2,2,0.00144,0.0094,0.98916
17172897,0,0,0.8272,0.16416,0.00863
12398877,0,0,0.91924,0.07694,0.00382
12320621,2,2,0.00206,0.00936,0.98858
13760592,2,2,0.00123,0.00933,0.98944
8999924,2,2,0.00198,0.01819,0.97982
3696366,2,2,0.0013,0.00728,0.99143
15393558,0,0,0.97255,0.02577,0.00168
19630344,2,2,0.00412,0.01897,0.97691
37102396,1,1,0.339,0.64331,0.01769
11903410,2,2,0.00122,0.00668,0.9921
10343338,2,2,0.00134,0.00674,0.99193
28503351,2,2,0.00131,0.01048,0.98821
10462321,2,2,0.00116,0.0085,0.99034
39465207,0,0,0.79659,0.19829,0.00512
38694838,2,2,0.00153,0.00954,0.98892
1972560,0,0,0.80211,0.18978,0.00811
13826162,2,2,0.00369,0.02097,0.97535
23094972,2,2,0.0013,0.00517,0.99353
31573730,0,1,0.29846,0.66996,0.03158
27310520,0,0,0.5431,0.23336,0.22354
8637516,1,1,0.03927,0.69603,0.2647
19848464,0,2,0.11391,0.24327,0.64282
17704058,2,2,0.0016,0.01383,0.98457
538916,2,2,0.01456,0.20262,0.78282
30108023,2,2,0.00318,0.0276,0.96922
21762256,2,2,0.00996,0.21125,0.77879
3466286,0,2,0.0204,0.30929,0.6703
20864358,0,0,0.65563,0.29725,0.04712
8734868,1,1,0.05834,0.88446,0.05721
6714200,2,1,0.04252,0.82141,0.13607
28892377,1,1,0.44108,0.54043,0.01849
20736984,2,2,0.00151,0.00996,0.98853
34823344,2,0,0.45358,0.34981,0.19661
9225923,2,2,0.0012,0.00663,0.99217
8482865,2,2,0.0024,0.02935,0.96825
1745221,2,2,0.00152,0.00479,0.9937
21913144,2,2,0.00216,0.00988,0.98796
26927675,2,2,0.00147,0.00538,0.99315
11236873,2,2,0.00292,0.01977,0.9773
37306658,2,2,0.00168,0.01367,0.98466
36418495,0,0,0.98622,0.01122,0.00256
21612205,0,0,0.86828,0.12656,0.00516
15929378,2,2,0.0024,0.01382,0.98378
36004216,0,0,0.98225,0.01557,0.00218
23931997,0,0,0.90536,0.09105,0.00359
41250195,2,2,0.00231,0.00768,0.99002
1066205,2,1,0.28428,0.66485,0.05087
8853735,2,2,0.00185,0.01003,0.98812
39738602,0,0,0.93893,0.05852,0.00256
2597506,2,2,0.01113,0.01738,0.97148
40062077,2,2,0.00194,0.00869,0.98937
39083770,1,2,0.00807,0.11542,0.87651
11772587,1,1,0.29061,0.69441,0.01499
30476549,2,2,0.00163,0.01409,0.98428
13190060,0,0,0.92225,0.07409,0.00365
19810268,2,2,0.00216,0.01131,0.98653
33220130,2,2,0.00123,0.00992,0.98884
36724417,2,2,0.00649,0.18299,0.81053
13172847,2,2,0.00136,0.00772,0.99093
36417135,2,2,0.00162,0.01641,0.98197
38699661,0,1,0.19357,0.48759,0.31884
4367063,2,2,0.00502,0.0226,0.97237
14350025,0,0,0.85595,0.1381,0.00595
38438101,0,1,0.44489,0.45189,0.10322
26473279,2,2,0.00142,0.01047,0.98811
22145876,2,2,0.00256,0.011,0.98644
9622822,2,1,0.07958,0.85892,0.0615
16346976,2,2,0.00142,0.00973,0.98885
41487071,1,1,0.12048,0.84619,0.03333
19804296,2,1,0.24453,0.58774,0.16773
38495909,1,0,0.61156,0.36093,0.02751
37066602,2,2,0.00149,0.00973,0.98878
10685372,0,1,0.45634,0.5171,0.02656
14894589,2,2,0.00202,0.01522,0.98276
17493869,2,2,0.00213,0.01055,0.98733
35495022,1,0,0.92548,0.07192,0.0026
3094805,2,2,0.00352,0.03459,0.96188
12842861,0,0,0.98154,0.01712,0.00134
35462082,2,2,0.00332,0.01598,0.9807
16262183,2,2,0.00313,0.0276,0.96926
11202070,2,2,0.00109,0.00638,0.99253
5831979,2,2,0.00176,0.01275,0.98549
16230478,0,1,0.31276,0.6544,0.03284
40146204,2,2,0.01974,0.0725,0.90775
15262397,2,2,0.0029,0.01318,0.98392
13573538,2,2,0.00169,0.00904,0.98927
40825216,0,0,0.97925,0.01928,0.00147
5578423,0,0,0.92103,0.0759,0.00307
4094732,0,0,0.93705,0.05973,0.00322
14109763,2,2,0.00118,0.00623,0.99259
24543103,2,2,0.0144,0.18679,0.7988
34113015,1,1,0.16643,0.79875,0.03482
23281203,2,1,0.26334,0.70198,0.03468
27814173,0,0,0.54115,0.44863,0.01023
14253177,2,2,0.00329,0.04177,0.95495
19897299,2,2,0.00197,0.00694,0.99108
33623596,2,2,0.00182,0.0075,0.99067
39837548,0,0,0.66203,0.31889,0.01908
16118464,2,2,0.02109,0.10296,0.87595
40750815,0,1,0.42473,0.55396,0.02131
22790089,2,0,0.56354,0.42538,0.01107
15141997,1,1,0.20912,0.76643,0.02445
24404923,2,2,0.01126,0.2644,0.72434
34945875,1,1,0.23032,0.74202,0.02767
9372402,2,2,0.01151,0.06005,0.92844
1459881,2,2,0.00131,0.00936,0.98932
12778289,2,2,0.01179,0.259,0.72922
3291314,2,2,0.00696,0.13704,0.85601
4358157,1,1,0.41885,0.55706,0.0241
4576920,2,2,0.011,0.03678,0.95222
34727610,2,2,0.00385,0.02428,0.97187
37812695,2,2,0.00393,0.04882,0.94724
6451367,2,2,0.00176,0.01072,0.98752
33392115,0,0,0.93071,0.06663,0.00266
41528480,2,2,0.00308,0.01259,0.98433
41374397,2,1,0.20159,0.52084,0.27757
39040674,2,2,0.00182,0.00799,0.99019
37022145,2,2,0.0012,0.00698,0.99183
34551842,0,0,0.98661,0.01176,0.00163
36500554,0,0,0.51133,0.42391,0.06476
11951458,2,2,0.00643,0.12511,0.86846
4192469,2,2,0.00136,0.00781,0.99084
20604449,2,2,0.00354,0.01407,0.98239
13906891,0,0,0.87887,0.11152,0.00961
22337026,2,1,0.44706,0.53506,0.01788
26155602,2,2,0.0107,0.21567,0.77363
13390274,2,2,0.17159,0.28947,0.53895
4745566,1,1,0.08216,0.73807,0.17977
4253270,2,1,0.22501,0.72562,0.04938
9000887,2,2,0.00196,0.01594,0.98211
36696913,1,1,0.16008,0.81376,0.02616
30819238,2,2,0.0012,0.00908,0.98972
17554183,2,2,0.00232,0.01857,0.97911
15719694,2,2,0.00305,0.02449,0.97246
35425580,2,2,0.0024,0.01563,0.98198
34433167,2,2,0.0024,0.01371,0.98389
9848514,2,2,0.00201,0.01931,0.97868
5570937,2,1,0.06178,0.86283,0.07539
25784134,2,2,0.00262,0.03338,0.964
4624412,2,1,0.03749,0.74718,0.21533
8836446,0,0,0.57728,0.40935,0.01337
30107333,2,2,0.00147,0.0084,0.99013
26327116,0,0,0.80055,0.1861,0.01335
31812635,2,2,0.00153,0.01035,0.98811
14900075,2,2,0.00138,0.00827,0.99035
4621976,2,2,0.02129,0.2793,0.69942
24315720,1,0,0.65431,0.3303,0.01539
19018263,2,2,0.00577,0.13859,0.85564
9329367,2,2,0.00179,0.01122,0.98699
23887274,2,2,0.00131,0.013,0.98569
29048747,2,1,0.46284,0.49461,0.04255
28900609,2,0,0.42283,0.30496,0.2722
4256050,2,2,0.00153,0.01251,0.98596
17393247,2,2,0.00151,0.00887,0.98962
34231219,2,2,0.00241,0.00872,0.98886
34872484,2,2,0.07346,0.13057,0.79597
8756867,0,0,0.71739,0.27229,0.01031
26193893,0,0,0.52647,0.43988,0.03366
14366292,0,0,0.72663,0.25909,0.01428
11151961,2,2,0.0013,0.0055,0.9932
38580261,2,2,0.00151,0.00736,0.99112
15741948,2,2,0.00537,0.11897,0.87566
28447053,0,2,0.14653,0.07058,0.78289
27735956,0,0,0.7005,0.28861,0.01089
2956905,2,2,0.00116,0.00808,0.99076
5430056,0,0,0.91618,0.0799,0.00392
8038516,2,2,0.0012,0.00568,0.99312
21646282,2,2,0.00156,0.00577,0.99267
23041966,2,2,0.00108,0.00564,0.99329
13120122,2,2,0.00158,0.01011,0.9883
17775010,2,2,0.1228,0.14526,0.73194
28441388,0,0,0.54193,0.3996,0.05847
1107706,2,2,0.00128,0.00687,0.99186
32219953,2,2,0.002,0.00756,0.99043
19264345,2,2,0.00318,0.01202,0.9848
19658852,2,2,0.0017,0.01325,0.98504
7775258,2,2,0.01617,0.04429,0.93955
25156371,2,1,0.30949,0.36042,0.33009
1044565,0,0,0.94202,0.05494,0.00305
8500648,2,2,0.00131,0.00981,0.98888
20493791,2,2,0.00532,0.05712,0.93756
36447364,2,2,0.00124,0.00679,0.99197
2540906,0,0,0.98463,0.01377,0.0016
16697285,0,0,0.84659,0.14371,0.0097
85410,2,2,0.02869,0.10623,0.86508
37239048,2,2,0.00137,0.01163,0.987
28567969,2,2,0.00233,0.02859,0.96909
30010395,1,1,0.37744,0.60551,0.01704
16121316,2,2,0.0026,0.02825,0.96915
14383043,2,2,0.00123,0.01204,0.98673
14225792,0,0,0.98778,0.01031,0.00191
39330707,0,0,0.95566,0.04201,0.00233
31046312,2,0,0.67194,0.29355,0.03452
38485326,2,2,0.0012,0.00482,0.99398
13897840,2,2,0.00336,0.01965,0.97698
1879566,1,1,0.17826,0.69004,0.1317
11965262,1,1,0.401,0.58118,0.01783
24223586,2,2,0.00163,0.01097,0.9874
13534349,2,2,0.10432,0.10351,0.79218
40191092,2,2,0.0231,0.08951,0.88739
31345412,2,2,0.00142,0.0087,0.98988
17079324,1,2,0.28675,0.33263,0.38062
21289205,2,2,0.0012,0.00564,0.99317
40963298,2,2,0.00149,0.00546,0.99305
14726701,2,1,0.139,0.81925,0.04176
1649495,2,2,0.0025,0.02083,0.97667
6972758,2,2,0.0014,0.00684,0.99176
1826840,0,0,0.98227,0.01266,0.00507
40323549,0,0,0.97139,0.02708,0.00153
24939873,2,2,0.00216,0.02474,0.97309
23599444,2,2,0.00133,0.0086,0.99007
32192324,2,2,0.00171,0.00722,0.99106
15873702,0,0,0.97829,0.01999,0.00172
16601669,2,2,0.0024,0.01259,0.985
31872650,2,2,0.00191,0.00653,0.99156
15551831,2,2,0.00207,0.01934,0.97858
14026265,0,0,0.87601,0.11902,0.00497
9797919,2,2,0.0012,0.00821,0.99059
27550580,2,2,0.02411,0.13275,0.84314
14690445,2,2,0.0022,0.00668,0.99112
5942985,2,2,0.00163,0.01035,0.98802
37923906,0,1,0.07557,0.83503,0.0894
11710028,2,2,0.00574,0.08675,0.9075
4676215,2,1,0.0395,0.67868,0.28181
32037246,2,2,0.00299,0.04291,0.9541
21528373,2,2,0.00299,0.04304,0.95397
38803708,2,2,0.0014,0.01035,0.98825
13842990,2,2,0.0014,0.0094,0.9892
31165792,1,1,0.29452,0.48688,0.2186
1805968,0,1,0.39389,0.42507,0.18104
28800594,2,2,0.00226,0.01126,0.98648
5986204,2,2,0.00284,0.0155,0.98166
28140740,0,0,0.86058,0.13353,0.00589
13749247,2,2,0.0012,0.00671,0.99209
40073580,2,2,0.0013,0.00703,0.99167
39464048,2,2,0.00267,0.01713,0.9802
29375755,0,1,0.15344,0.80201,0.04455
13261513,2,2,0.00177,0.00925,0.98898
37195483,2,2,0.00569,0.05202,0.94229
27160407,2,2,0.00122,0.00766,0.99113
14601194,2,2,0.00123,0.00853,0.99023
35425916,0,0,0.79273,0.20122,0.00605
1898718,2,2,0.0036,0.02965,0.96675
24090221,2,2,0.00223,0.02391,0.97386
8046280,2,2,0.00131,0.00815,0.99054
41555042,2,2,0.00156,0.01097,0.98747
22831564,2,2,0.00127,0.00808,0.99064
28951256,2,2,0.00166,0.0114,0.98694
11236240,2,2,0.0016,0.01383,0.98457
13811263,0,0,0.98652,0.01087,0.0026
1420377,0,0,0.96688,0.03167,0.00145
35647247,2,2,0.00109,0.00722,0.99168
31212176,2,2,0.00119,0.01085,0.98796
39964718,2,2,0.00142,0.01012,0.98847
12085280,2,2,0.00191,0.00817,0.98992
20145831,2,2,0.00137,0.01213,0.9865
21784587,1,0,0.52964,0.45658,0.01379
35988153,2,2,0.00122,0.00604,0.99274
20281133,0,0,0.889,0.10743,0.00358
28564914,2,2,0.0014,0.00793,0.99067
18360394,0,0,0.72327,0.2589,0.01783
18096915,2,2,0.00511,0.02167,0.97322
20640506,1,0,0.68051,0.30434,0.01515
23357208,0,0,0.86353,0.13037,0.0061
27423657,0,0,0.91113,0.08409,0.00478
29818204,1,2,0.01161,0.33935,0.64903
6317612,2,2,0.00127,0.01085,0.98788
7793985,2,2,0.03054,0.05574,0.91372
19368600,2,2,0.00133,0.00873,0.98993
1949492,0,1,0.47265,0.51105,0.0163
1188204,2,2,0.00275,0.0341,0.96315
23697653,2,2,0.00246,0.02173,0.97582
24108863,2,2,0.00125,0.00769,0.99106
5790834,2,2,0.01686,0.06276,0.92039
4702136,2,2,0.04333,0.04453,0.91213
33006382,2,2,0.0025,0.01893,0.97857
6599673,2,2,0.01043,0.19909,0.79048
5367228,0,0,0.98457,0.01383,0.0016
14495077,2,2,0.00142,0.00623,0.99234
36932436,2,2,0.00156,0.00521,0.99322
2160442,2,0,0.50591,0.46789,0.02619
31497378,2,2,0.00187,0.01185,0.98628
11442955,0,0,0.71914,0.26977,0.01109
19581260,2,2,0.00304,0.04234,0.95462
17877372,2,2,0.0019,0.0125,0.98559
14131722,2,2,0.00434,0.02957,0.96609
28887571,0,0,0.9779,0.01975,0.00235
14756170,2,2,0.04753,0.33123,0.62124
15690170,2,2,0.0019,0.01504,0.98306
9122806,2,2,0.00142,0.00771,0.99086
31978751,2,1,0.12013,0.59364,0.28623
5990953,2,2,0.00144,0.00717,0.99139
37701156,2,2,0.003,0.04006,0.95694
23111384,2,2,0.00184,0.01351,0.98465
33328632,1,0,0.80682,0.18286,0.01032
13635517,2,2,0.006,0.08876,0.90524
38005756,0,0,0.98324,0.01516,0.0016
26021707,0,1,0.24431,0.57642,0.17927
25790418,0,0,0.66443,0.32508,0.01049
7985731,2,2,0.01646,0.11948,0.86407
20473992,0,0,0.98569,0.01275,0.00155
24312771,2,2,0.00199,0.01217,0.98584
34106772,2,2,0.00358,0.03401,0.96241
40250173,0,0,0.68862,0.30084,0.01054
19579150,2,2,0.00278,0.02111,0.97611
23537875,2,2,0.00654,0.15004,0.84342
17799513,2,2,0.00306,0.00627,0.99067
18779181,2,2,0.0038,0.03561,0.96059
21898606,2,2,0.00169,0.00613,0.99218
8665113,2,2,0.00158,0.01285,0.98557
12455747,2,2,0.00146,0.01068,0.98786
2106928,2,2,0.00795,0.04408,0.94797
19046835,2,2,0.00285,0.02735,0.9698
19536637,2,2,0.00129,0.00796,0.99075
8079306,2,2,0.01563,0.19497,0.7894
16582821,2,2,0.00148,0.01336,0.98516
7839067,2,2,0.00354,0.04485,0.95161
31994481,2,2,0.00166,0.00965,0.98869
26322426,2,2,0.00405,0.05125,0.9447
3058296,0,0,0.93442,0.06242,0.00317
9790842,2,2,0.00122,0.00772,0.99107
39319898,2,0,0.9525,0.04552,0.00199
8603470,2,2,0.02006,0.09294,0.887
21115709,2,2,0.00311,0.01821,0.97868
38852691,2,2,0.00651,0.14083,0.85266
38480780,2,2,0.00104,0.00546,0.99349
32578832,2,1,0.2305,0.56358,0.20592
30975485,2,2,0.0029,0.01339,0.98371
29603757,2,2,0.0045,0.08218,0.91332
7943901,2,2,0.00199,0.01325,0.98476
33527681,2,2,0.00222,0.02821,0.96957
6699897,2,2,0.00116,0.00781,0.99103
10287671,0,2,0.02183,0.22656,0.75161
2113888,2,2,0.00303,0.03123,0.96575
15769102,2,2,0.00828,0.04253,0.9492
29564222,2,2,0.00287,0.02235,0.97478
36043578,0,0,0.79492,0.19787,0.00721
38516188,2,2,0.00111,0.00751,0.99138
17026538,2,2,0.0014,0.01089,0.98772
20442421,2,2,0.0016,0.01552,0.98288
15096547,0,0,0.9851,0.00981,0.00509
20202230,0,0,0.98694,0.01109,0.00197
17349052,1,1,0.2215,0.68344,0.09506
41212886,0,0,0.98504,0.0132,0.00176
15693260,1,0,0.58205,0.40633,0.01162
31492047,2,2,0.00107,0.00687,0.99206
27739844,2,2,0.00589,0.13353,0.86058
38364196,1,1,0.14928,0.78525,0.06547
12286196,2,2,0.17159,0.28947,0.53895
9837156,2,2,0.08135,0.31987,0.59877
24577354,1,1,0.05482,0.85083,0.09435
16801340,2,2,0.0025,0.01893,0.97857
39349737,2,2,0.00799,0.083,0.90901
13599770,1,1,0.0364,0.74836,0.21525
16372104,0,0,0.9739,0.02419,0.00191
17428225,2,2,0.00223,0.02522,0.97255
7486590,2,2,0.00331,0.03509,0.9616
18935110,2,2,0.00139,0.01222,0.98638
16358645,2,2,0.00818,0.17021,0.82161
35567583,0,0,0.98546,0.01275,0.00179
21548322,0,2,0.17159,0.28947,0.53895
25493220,2,2,0.0054,0.04317,0.95143
5477303,2,2,0.0193,0.05084,0.92986
26553033,2,2,0.00261,0.00668,0.99071
17904425,1,0,0.84498,0.14857,0.00645
17143370,0,0,0.76306,0.22733,0.00961
21521349,0,0,0.88821,0.10608,0.00571
10400172,0,0,0.97866,0.01996,0.00138
35106309,0,0,0.91017,0.08599,0.00384
20606988,2,2,0.12024,0.40046,0.47929
3702268,2,2,0.00393,0.01949,0.97658
2869350,2,1,0.18149,0.7961,0.02241
19613683,2,2,0.00237,0.0257,0.97193
38904921,2,2,0.00209,0.01189,0.98602
35645973,2,2,0.00349,0.01418,0.98233
14354222,2,2,0.01688,0.4858,0.49732
5014734,2,2,0.00246,0.01915,0.97839
13957373,2,2,0.00288,0.03368,0.96344
23274036,2,2,0.00872,0.01438,0.9769
17121869,0,0,0.8278,0.163,0.0092
27454335,0,0,0.82942,0.16525,0.00533
28536069,2,2,0.00677,0.07839,0.91484
34565041,0,0,0.91746,0.07531,0.00723
14814047,2,2,0.18999,0.30749,0.50252
40069741,2,2,0.18083,0.27614,0.54303
15857822,2,1,0.05246,0.87356,0.07398
35044373,0,0,0.98826,0.00917,0.00257
13960249,1,1,0.0514,0.86931,0.07929
12073448,2,2,0.00422,0.05498,0.9408
24973941,2,2,0.0035,0.02718,0.96933
15453010,2,2,0.00141,0.01241,0.98617
4648013,2,2,0.00145,0.00643,0.99213
712439,2,2,0.0022,0.00774,0.99006
37824861,2,2,0.00179,0.01007,0.98813
37006969,0,0,0.88437,0.10919,0.00644
40451012,1,1,0.3554,0.61168,0.03293
35716112,2,2,0.00451,0.0221,0.97339
19298172,2,2,0.00144,0.00824,0.99032
29989533,0,0,0.75595,0.22965,0.0144
16799431,2,2,0.34989,0.2992,0.35091
27418659,2,2,0.00746,0.1167,0.87584
6924414,1,0,0.5092,0.47835,0.01245
6116205,2,2,0.00233,0.01088,0.98679
27224949,2,2,0.00257,0.02266,0.97477
8493788,1,1,0.32803,0.65492,0.01705
21508313,2,2,0.02309,0.10373,0.87318
24584940,0,0,0.98591,0.01222,0.00187
26721608,0,0,0.98642,0.01162,0.00196
9372105,0,0,0.73909,0.24951,0.0114
1270379,2,2,0.00142,0.00648,0.9921
33512405,2,2,0.00133,0.0085,0.99017
41415190,0,0,0.98196,0.01644,0.0016
2667447,0,1,0.29789,0.63931,0.06281
34951929,2,2,0.00151,0.00679,0.9917
23784859,2,2,0.00526,0.01476,0.97997
36805359,1,0,0.841,0.15376,0.00524
32683464,2,2,0.01685,0.14555,0.8376
16432555,2,2,0.011,0.10127,0.88773
37512483,0,0,0.93526,0.06199,0.00275
33256247,2,2,0.00199,0.01625,0.98177
20396154,0,1,0.41589,0.56404,0.02007
2883190,2,2,0.00118,0.00922,0.9896
16224454,0,0,0.89045,0.09981,0.00974
37827619,2,2,0.00136,0.00853,0.99011
22179886,2,2,0.00845,0.0736,0.91794
14120908,0,0,0.80644,0.18565,0.00791
38826936,2,2,0.0017,0.01341,0.98489
27270526,1,0,0.9021,0.09397,0.00392
4095858,2,2,0.0045,0.06786,0.92764
7450964,2,2,0.02802,0.15311,0.81887
22266078,2,2,0.00126,0.0059,0.99284
4252822,2,2,0.00126,0.00542,0.99332
11479185,2,2,0.00944,0.18013,0.81044
9081691,2,2,0.00126,0.00638,0.99236
19387892,0,0,0.90204,0.09433,0.00363
5016831,2,2,0.00186,0.00604,0.9921
1977886,2,2,0.01582,0.07916,0.90503
26688328,2,0,0.73596,0.23294,0.0311
35843371,0,0,0.94459,0.05221,0.0032
17656374,2,2,0.00146,0.01145,0.98709
18150558,2,0,0.7443,0.24259,0.01311
17485679,1,1,0.23738,0.74126,0.02136
29813231,0,0,0.95106,0.04662,0.00232
24311418,2,2,0.00177,0.00897,0.98926
38613941,2,2,0.00309,0.02463,0.97228
19984281,2,2,0.02544,0.06347,0.91108
3584919,2,2,0.00484,0.07274,0.92242
35683974,2,1,0.11025,0.48646,0.40329
28411443,0,0,0.88539,0.11082,0.00379
35467192,2,2,0.00199,0.01493,0.98308
37250342,2,2,0.00144,0.00925,0.9893
15727991,0,0,0.98234,0.01607,0.0016
7248639,0,0,0.5484,0.44065,0.01095
23897861,2,2,0.04699,0.27846,0.67455
10725087,2,2,0.00182,0.00873,0.98945
7798884,0,0,0.81762,0.17613,0.00624
471264,1,0,0.77007,0.21977,0.01016
12239729,0,0,0.95631,0.04143,0.00226
27232705,2,2,0.00262,0.02095,0.97643
39960151,2,2,0.00144,0.00802,0.99054
6328768,2,2,0.00221,0.01879,0.979
1795015,2,1,0.37987,0.40994,0.21019
19730015,2,2,0.00151,0.01131,0.98718
4388661,2,2,0.00118,0.00555,0.99327
8324098,2,2,0.00427,0.05874,0.93699
34415093,2,2,0.00149,0.00623,0.99228
24100455,0,0,0.95084,0.04657,0.00259
5313729,2,1,0.03635,0.62939,0.33426
23362640,2,2,0.00142,0.00853,0.99005
37567846,0,0,0.7514,0.23829,0.01031
2370303,2,2,0.00248,0.01212,0.9854
2838637,2,2,0.00354,0.03136,0.96511
266634,2,1,0.12293,0.8174,0.05968
39611941,2,2,0.00306,0.02019,0.97675
23825575,2,2,0.04901,0.36781,0.58318
35903710,2,1,0.04116,0.52145,0.43739
15931798,2,2,0.00113,0.0053,0.99358
20682475,2,1,0.0369,0.74698,0.21611
2732365,2,2,0.00125,0.00831,0.99044
21874485,1,2,0.00888,0.13979,0.85132
38097148,2,2,0.01124,0.01561,0.97315
27471006,2,2,0.00549,0.05745,0.93707
15961757,0,0,0.96031,0.03753,0.00217
34518950,1,1,0.40686,0.55394,0.0392
11996545,1,1,0.11642,0.83049,0.05309
3707976,2,2,0.00329,0.05518,0.94153
40362430,2,2,0.00148,0.01118,0.98733
9432564,2,2,0.00166,0.00733,0.991
25768457,0,0,0.98727,0.01051,0.00223
30922232,0,2,0.00303,0.0144,0.98256
14231000,2,2,0.00129,0.0094,0.98931
19591362,1,1,0.28386,0.50631,0.20983
17129211,2,1,0.01798,0.52548,0.45654
29790241,2,2,0.00183,0.02242,0.97576
14384757,2,2,0.00187,0.0127,0.98543
24765478,2,2,0.00884,0.11754,0.87362
25729424,2,2,0.0035,0.04145,0.95505
41436842,2,2,0.0014,0.01019,0.98841
25248421,1,0,0.63232,0.35057,0.01712
26823207,2,2,0.00149,0.0087,0.98981
40307332,2,2,0.00116,0.00674,0.9921
27295732,2,2,0.00362,0.05346,0.94292
35918811,2,2,0.00335,0.02411,0.97254
15773693,2,2,0.0025,0.03418,0.96332
34775282,2,1,0.06792,0.80194,0.13015
2354107,2,2,0.00226,0.02821,0.96953
39787489,0,0,0.87745,0.11829,0.00426
3329272,2,2,0.00602,0.02044,0.97354
27587098,2,2,0.00176,0.01003,0.9882
14634482,2,2,0.00261,0.02292,0.97447
38724865,1,1,0.03736,0.82411,0.13853
34825261,2,2,0.00504,0.0338,0.96116
23895735,2,2,0.00203,0.00921,0.98875
35935086,2,2,0.00329,0.01169,0.98502
20106621,2,2,0.00192,0.01688,0.98119
1749181,0,0,0.98542,0.01236,0.00222
3696114,2,2,0.00134,0.00674,0.99193
22634590,0,0,0.92016,0.07502,0.00483
33869608,2,2,0.006,0.11727,0.87673
3170884,2,2,0.00161,0.00802,0.99037
4074440,2,2,0.00676,0.02139,0.97186
6427696,2,2,0.0012,0.00695,0.99185
25129558,0,0,0.65357,0.33643,0.01
1428542,2,2,0.00528,0.0644,0.93032
12136563,2,2,0.00187,0.02717,0.97096
35419377,2,0,0.49796,0.29446,0.20758
31230213,2,2,0.0024,0.03072,0.96688
22546361,0,1,0.15049,0.81322,0.03629
36873176,0,0,0.96293,0.03456,0.0025
1120052,2,2,0.00245,0.00862,0.98893
17497739,0,0,0.92638,0.07033,0.00329
17433409,2,2,0.00157,0.01657,0.98186
25601216,2,2,0.00312,0.04543,0.95144
26093299,2,2,0.00136,0.00808,0.99056
18073850,1,0,0.78801,0.20159,0.0104
11653175,2,2,0.01377,0.17312,0.81311
36968732,0,0,0.70124,0.28443,0.01433
25380071,1,2,0.01867,0.19376,0.78757
13218356,2,2,0.00113,0.00671,0.99216
12261778,2,2,0.00497,0.09174,0.90329
2703435,2,2,0.00116,0.00572,0.99311
1694328,1,0,0.6689,0.32094,0.01016
37420968,0,0,0.6888,0.26246,0.04874
9216448,2,2,0.00134,0.00706,0.99161
23281383,2,2,0.0039,0.02785,0.96826
29215480,0,0,0.84471,0.15086,0.00443
27937389,0,0,0.93543,0.06194,0.00263
21866423,2,2,0.00677,0.16023,0.833
7883258,2,2,0.00196,0.01453,0.98351
24825614,2,2,0.00236,0.02869,0.96894
27714627,2,2,0.00174,0.00595,0.99231
24858521,2,2,0.00297,0.03561,0.96143
9509737,2,2,0.00109,0.00805,0.99086
18332927,0,0,0.58073,0.39294,0.02633
13467867,0,0,0.96511,0.03322,0.00167
36519041,2,2,0.00128,0.00525,0.99347
8160905,2,2,0.00168,0.00932,0.98899
33920803,2,2,0.00131,0.0102,0.98849
14852029,1,1,0.37616,0.60582,0.01801
37406184,2,2,0.00245,0.0083,0.98925
17803841,0,0,0.97361,0.02481,0.00158
17546282,2,1,0.14329,0.57118,0.28553
1973011,2,2,0.00178,0.01546,0.98276
36441775,0,0,0.97272,0.02557,0.00171
37135602,2,2,0.00132,0.00501,0.99367
17505741,2,2,0.00158,0.00962,0.9888
38777169,2,2,0.00121,0.0094,0.98938
30007203,0,0,0.61729,0.36573,0.01697
17353929,0,1,0.35822,0.61653,0.02525
11043449,2,2,0.00142,0.01039,0.98819
26298502,0,0,0.8128,0.17995,0.00726
9504557,2,1,0.04638,0.88206,0.07156
37705260,2,2,0.00134,0.00653,0.99213
26174268,2,2,0.00185,0.00711,0.99104
27859995,2,2,0.00281,0.04276,0.95443
12263656,0,0,0.98679,0.01144,0.00176
12168387,1,1,0.33415,0.64662,0.01922
26496095,2,2,0.00155,0.0154,0.98305
30657922,0,0,0.98441,0.01399,0.0016
3134858,2,2,0.00182,0.01265,0.98553
29991224,2,2,0.00124,0.00661,0.99216
4866204,2,2,0.00136,0.00775,0.9909
1351675,2,0,0.98346,0.01403,0.00252
37424291,2,2,0.00181,0.01366,0.98452
1811669,0,1,0.38687,0.54771,0.06541
15013850,2,2,0.00227,0.00739,0.99034
9820329,1,0,0.76818,0.22355,0.00827
33265531,2,2,0.0025,0.02185,0.97565
27993626,2,1,0.10434,0.6123,0.28336
19955230,2,2,0.00161,0.01105,0.98734
6153392,2,2,0.00171,0.01015,0.98814
6829215,2,2,0.115,0.21544,0.66957
29024840,2,1,0.31222,0.57426,0.11352
22232270,2,2,0.03282,0.05897,0.9082
34568862,2,2,0.00153,0.01275,0.98572
19146547,2,2,0.00122,0.00643,0.99235
11894925,2,2,0.00353,0.03347,0.963
35117599,2,2,0.00125,0.00857,0.99018
22812346,2,2,0.00225,0.01569,0.98206
39987468,0,0,0.9065,0.08923,0.00426
26682811,2,2,0.00171,0.00843,0.98986
32673524,2,2,0.00149,0.00673,0.99177
5718449,2,2,0.00277,0.01143,0.9858
21076842,0,0,0.71519,0.27681,0.00801
13895939,2,2,0.00132,0.00742,0.99126
33412853,0,0,0.97395,0.02433,0.00171
5496662,2,2,0.00179,0.01047,0.98774
16709243,2,2,0.0019,0.01241,0.98569
13020674,2,2,0.00164,0.01877,0.97959
18677400,2,2,0.00934,0.24857,0.74209
1833455,2,2,0.00362,0.03737,0.95901
31330758,1,1,0.25991,0.71485,0.02524
38122203,2,1,0.03632,0.55928,0.40441
22931105,1,0,0.91968,0.07638,0.00394
23649492,2,2,0.00346,0.02329,0.97325
32992138,2,2,0.00208,0.01539,0.98252
17322600,2,2,0.00124,0.00734,0.99143
34727900,1,1,0.10275,0.8209,0.07636
1723256,2,2,0.00332,0.04706,0.94962
534039,2,2,0.06793,0.22144,0.71063
2660504,2,2,0.00296,0.03841,0.95864
10696217,2,2,0.01907,0.11093,0.87
21693025,0,0,0.82185,0.16697,0.01119
39049839,2,2,0.00125,0.00763,0.99112
21449904,0,1,0.11114,0.81322,0.07564
34157674,0,0,0.87454,0.11789,0.00757
513421,1,0,0.5476,0.44001,0.01239
23729278,2,2,0.0057,0.0794,0.9149
11787305,2,2,0.00139,0.0111,0.98751
20493015,1,1,0.10167,0.7631,0.13522
10159010,2,2,0.00884,0.11754,0.87362
1813832,2,2,0.00133,0.00887,0.9898
4340247,0,1,0.02509,0.74467,0.23024
26085797,2,2,0.00187,0.01246,0.98567
9531795,2,2,0.00169,0.0088,0.98952
31652740,2,2,0.00144,0.00783,0.99072
34540924,2,2,0.01617,0.02159,0.96223
6133622,2,2,0.00428,0.04238,0.95334
36208812,2,2,0.00196,0.01265,0.98539
7962761,0,0,0.94645,0.05135,0.0022
10524930,2,2,0.00139,0.01093,0.98768
27162376,2,2,0.04909,0.23512,0.71579
35705658,0,0,0.98646,0.01167,0.00187
4303292,2,0,0.42589,0.33168,0.24243
558504,0,0,0.94597,0.05183,0.0022
29608293,2,1,0.02499,0.51793,0.45707
19901300,1,1,0.37348,0.61098,0.01554
17777987,2,2,0.00143,0.00513,0.99344
10892957,2,2,0.0012,0.00633,0.99247
22216845,0,0,0.92691,0.07023,0.00286
33793142,2,1,0.39703,0.45431,0.14865
37808082,0,0,0.98233,0.01635,0.00132
25665523,1,0,0.59744,0.38574,0.01682
22310523,2,2,0.00417,0.03707,0.95876
36519181,2,2,0.00124,0.00546,0.9933
23192312,2,2,0.00315,0.0213,0.97554
7973961,2,2,0.00128,0.00711,0.99161
11181599,2,2,0.01937,0.21905,0.76158
37134593,2,2,0.00132,0.00722,0.99146
36944124,0,0,0.90002,0.09673,0.00325
18131848,2,2,0.00338,0.03006,0.96657
23403696,0,0,0.96731,0.03067,0.00202
34278777,0,0,0.98263,0.01591,0.00145
16159275,0,0,0.62319,0.31214,0.06467
32217632,0,0,0.98263,0.01607,0.0013
21530962,0,1,0.44511,0.53273,0.02216
29193149,2,2,0.01463,0.04411,0.94126
12931535,2,2,0.30043,0.30637,0.3932
3303306,2,2,0.00122,0.00509,0.99369
16614403,2,2,0.00139,0.01213,0.98648
36311497,1,1,0.37873,0.59351,0.02776
30988675,2,2,0.00106,0.0069,0.99205
19452031,2,2,0.00238,0.02336,0.97426
38584734,0,0,0.97624,0.02199,0.00177
35037910,2,0,0.86341,0.13087,0.00573
34056792,2,2,0.09229,0.2416,0.66611
16965869,2,2,0.00155,0.0131,0.98535
21962551,1,1,0.02632,0.65798,0.3157
26094955,0,0,0.93475,0.06214,0.00312
27285483,2,2,0.00411,0.09412,0.90177
25038730,2,2,0.00183,0.02178,0.97639
14456461,2,2,0.17159,0.28947,0.53895
34729395,2,2,0.00161,0.00894,0.98946
39464153,0,0,0.82322,0.17188,0.0049
35029293,2,1,0.14051,0.81812,0.04137
9825816,2,2,0.00182,0.01255,0.98563
16773188,2,2,0.00983,0.06266,0.92751
33896812,0,2,0.12832,0.2149,0.65678
33861038,2,2,0.00678,0.03255,0.96066
2944132,2,2,0.00196,0.0128,0.98524
31431767,2,2,0.00153,0.01336,0.98512
40877553,0,0,0.9854,0.013,0.0016
38846854,2,2,0.00153,0.00947,0.98899
10956653,2,2,0.0014,0.00736,0.99124
8756873,2,2,0.00415,0.04172,0.95413
32638397,2,2,0.00166,0.01031,0.98803
13789426,0,0,0.88162,0.1143,0.00408
11149383,2,2,0.00144,0.00925,0.9893
713214,0,0,0.98464,0.01259,0.00277
15902859,2,2,0.00159,0.01891,0.9795
36806699,2,2,0.00255,0.01746,0.97999
12340212,2,2,0.00129,0.00757,0.99114
38067601,2,2,0.00138,0.00581,0.99281
33179959,2,2,0.19962,0.31589,0.4845
33055421,2,2,0.00195,0.0192,0.97885
3688970,2,2,0.0191,0.03161,0.9493
20052725,2,2,0.00793,0.14445,0.84762
23446806,2,2,0.00118,0.00778,0.99104
34204756,0,0,0.93095,0.06575,0.00331
26340515,2,2,0.003,0.00773,0.98926
17985078,2,2,0.00122,0.00808,0.9907
36664983,2,2,0.00377,0.05901,0.93722
21111067,2,2,0.00104,0.00643,0.99253
36773489,2,1,0.0602,0.86748,0.07233
17036020,0,1,0.15681,0.80743,0.03575
18726237,2,1,0.38312,0.58418,0.0327
36851663,1,0,0.66259,0.32418,0.01322
30935656,2,2,0.00574,0.05848,0.93578
14526455,0,0,0.94346,0.05349,0.00305
32902993,2,2,0.00314,0.04112,0.95574
19524289,2,2,0.00391,0.03923,0.95686
2313383,2,2,0.00321,0.01835,0.97844
39416410,2,2,0.01718,0.03003,0.95278
4539928,0,0,0.55299,0.36054,0.08648
36146809,1,1,0.24461,0.73169,0.0237
19940418,2,1,0.24592,0.69646,0.05762
14233431,2,2,0.00292,0.02201,0.97507
5534279,2,2,0.00125,0.00834,0.99041
14413807,2,2,0.00329,0.05462,0.94208
1002591,2,2,0.00328,0.01288,0.98384
23833039,2,2,0.00369,0.05002,0.94629
5357442,2,2,0.00113,0.00717,0.99171
21421353,2,2,0.00334,0.02472,0.97194
34991954,0,0,0.87718,0.11461,0.00821
14301419,2,2,0.0017,0.01335,0.98494
36863957,2,2,0.00929,0.10047,0.89024
450136,2,2,0.00352,0.0198,0.97668
14666377,1,1,0.07769,0.87195,0.05036
35498320,0,0,0.95035,0.0469,0.00275
35648055,2,2,0.0017,0.01367,0.98463
11874473,2,2,0.00248,0.04312,0.9544
13932767,2,2,0.00264,0.01299,0.98438
27111672,2,2,0.01729,0.27577,0.70695
16215406,2,2,0.00175,0.02034,0.97792
23104133,2,1,0.01774,0.60599,0.37627
11979241,2,2,0.0015,0.01432,0.98418
38093189,2,2,0.00142,0.0088,0.98978
36046277,2,2,0.17159,0.28947,0.53895
19735101,2,2,0.00209,0.00988,0.98803
17699786,2,2,0.00125,0.00933,0.98942
1142509,1,0,0.62771,0.35906,0.01323
5415939,2,2,0.00234,0.02232,0.97534
30775043,2,2,0.00122,0.00757,0.99122
26154286,2,2,0.00317,0.04597,0.95085
8964036,2,2,0.00158,0.0084,0.99002
20048612,2,2,0.00142,0.00754,0.99104
14467617,2,2,0.00193,0.01398,0.98409
34347355,0,1,0.19679,0.77984,0.02337
3085638,2,2,0.21425,0.30481,0.48094
31602207,2,2,0.0014,0.00609,0.99251
34180222,2,2,0.00398,0.02194,0.97407
19215967,2,2,0.00345,0.04038,0.95617
14523156,2,2,0.00229,0.01264,0.98506
39151309,2,2,0.00326,0.03329,0.96344
32151651,0,0,0.68546,0.30656,0.00798
24561122,2,2,0.00106,0.0049,0.99404
26293878,2,2,0.00174,0.0089,0.98936
19253428,2,2,0.00282,0.00957,0.98761
8440489,2,2,0.00623,0.02436,0.9694
32154226,2,2,0.00407,0.01461,0.98131
2181623,2,2,0.00127,0.00796,0.99077
4397293,2,2,0.00151,0.01019,0.9883
13771618,2,2,0.17159,0.28947,0.53895
32240886,2,1,0.02188,0.73592,0.24221
31906110,2,2,0.00122,0.00706,0.99173
25768898,1,1,0.32525,0.35967,0.31509
22528906,2,2,0.00476,0.02956,0.96568
33732613,2,2,0.00149,0.00904,0.98947
41623716,2,2,0.00123,0.01004,0.98873
399653,2,2,0.00231,0.03558,0.96211
14435216,2,2,0.00197,0.0084,0.98963
3590946,2,2,0.0014,0.00973,0.98887
28435325,0,0,0.9453,0.0525,0.0022
41476063,2,2,0.00158,0.01383,0.9846
10416910,1,1,0.24325,0.67987,0.07688
31861545,2,2,0.00836,0.03293,0.95871
38685534,2,2,0.00122,0.00628,0.9925
34797471,2,2,0.00118,0.00564,0.99318
30533663,2,2,0.00165,0.01511,0.98325
23815744,0,0,0.6949,0.28076,0.02434
39717089,0,0,0.98439,0.01388,0.00173
32469181,0,0,0.93262,0.06484,0.00254
15588261,1,0,0.68672,0.30236,0.01093
40364266,2,2,0.00609,0.04603,0.94787
29432527,2,2,0.23231,0.29932,0.46837
19189421,2,1,0.22901,0.73781,0.03319
17121765,2,2,0.00168,0.01275,0.98557
11137756,2,2,0.00169,0.00786,0.99045
25273957,2,2,0.00233,0.01304,0.98463
40676701,2,2,0.00171,0.00814,0.99014
25026049,2,2,0.00329,0.02703,0.96969
23620243,2,2,0.00166,0.00863,0.98971
13134561,2,2,0.00151,0.01084,0.98765
39543944,2,1,0.32855,0.62836,0.0431
17653893,2,2,0.00261,0.00657,0.99081
37246363,2,2,0.00227,0.00637,0.99135
36401065,2,2,0.0013,0.00708,0.99162
35601974,2,2,0.00114,0.00695,0.99191
36237602,0,0,0.95841,0.03971,0.00188
7434067,2,2,0.00709,0.09318,0.89973
6087327,2,2,0.00154,0.00638,0.99208
40830141,0,0,0.98434,0.01382,0.00184
5454662,2,2,0.00177,0.0083,0.98993
23916719,2,2,0.00413,0.09004,0.90583
40445602,2,2,0.0059,0.07713,0.91697
21834913,2,2,0.0065,0.04316,0.95033
39921858,2,2,0.00154,0.0078,0.99066
33031660,2,2,0.00166,0.00856,0.98978
6095734,2,2,0.05188,0.07064,0.87748
33777017,2,2,0.00118,0.00799,0.99083
12126429,2,2,0.00198,0.00604,0.99199
12312316,2,2,0.09511,0.3806,0.52429
14247751,2,2,0.00427,0.05874,0.93699
18579625,2,2,0.00114,0.00633,0.99252
13027455,2,2,0.03947,0.13616,0.82437
7398657,2,2,0.00144,0.01068,0.98788
37916692,2,2,0.00131,0.00827,0.99041
3401861,2,2,0.02285,0.28829,0.68887
27708085,2,2,0.01806,0.04087,0.94107
5119890,2,2,0.01985,0.0673,0.91285
35707057,0,0,0.86911,0.12619,0.00471
15024830,2,2,0.00384,0.02738,0.96879
36311555,0,0,0.91342,0.08235,0.00423
5054889,2,2,0.02716,0.43155,0.54129
27465845,2,2,0.0021,0.00684,0.99106
12923019,2,2,0.00365,0.03144,0.96491
33033594,2,1,0.02865,0.65723,0.31411
39984373,2,2,0.00206,0.0089,0.98904
6680949,2,2,0.00211,0.01587,0.98201
41548533,2,2,0.00177,0.00638,0.99185
22415797,2,2,0.00183,0.00673,0.99144
14561830,2,2,0.00112,0.00769,0.99119
13030805,2,2,0.00151,0.00984,0.98865
21500728,1,0,0.94957,0.04826,0.00218
13661231,2,2,0.07542,0.19487,0.72971
34238440,0,0,0.96232,0.03554,0.00214
11070329,2,2,0.0031,0.02375,0.97315
36714685,2,2,0.00118,0.00778,0.99104
40108338,2,2,0.00579,0.03554,0.95867
9175399,2,2,0.00802,0.02778,0.96419
4471704,2,2,0.00294,0.01514,0.98192
34200273,0,0,0.98558,0.01198,0.00244
25057478,0,0,0.8281,0.16148,0.01042
34158001,2,2,0.00109,0.00766,0.99125
26265574,2,2,0.0016,0.0154,0.983
37847687,2,2,0.00273,0.00889,0.98838
16712884,2,2,0.00275,0.01922,0.97803
34566526,2,2,0.00138,0.00973,0.98889
17551755,2,2,0.00125,0.00844,0.99031
36734031,2,2,0.00337,0.06167,0.93496
15403678,2,2,0.03407,0.46128,0.50464
31816353,2,2,0.00114,0.00661,0.99225
24252126,2,2,0.00168,0.01431,0.98401
3487774,1,1,0.02381,0.59047,0.38573
19421435,0,0,0.98527,0.0132,0.00153
12591501,1,1,0.01931,0.63442,0.34628
25842243,2,2,0.0014,0.0088,0.9898
37912155,2,2,0.00199,0.01208,0.98593
22068429,2,2,0.00129,0.01089,0.98782
18458334,2,2,0.0012,0.00633,0.99247
29691797,2,2,0.00138,0.00623,0.99239
6955382,0,1,0.2228,0.75225,0.02495
39315346,2,2,0.02727,0.08352,0.8892
25460989,2,2,0.00612,0.08488,0.90899
39263485,2,2,0.00883,0.26202,0.72915
20677442,2,2,0.11491,0.39177,0.49332
7402277,2,2,0.00179,0.01217,0.98604
2563068,0,0,0.72259,0.26582,0.01159
37641964,1,2,0.02462,0.45725,0.51813
21394967,0,0,0.95856,0.0391,0.00234
27705096,2,2,0.00533,0.01796,0.97671
23287934,2,2,0.00518,0.02251,0.97231
17145252,2,2,0.00392,0.02129,0.97479
37309973,2,2,0.0014,0.00929,0.98931
33855099,2,1,0.02628,0.57525,0.39847
15549847,2,1,0.33215,0.64274,0.02512
17071883,2,2,0.00347,0.01943,0.9771
4965725,2,2,0.01415,0.07553,0.91032
6801167,0,1,0.4072,0.57875,0.01404
13757302,1,1,0.43722,0.54839,0.01439
37186052,2,2,0.00179,0.0094,0.98881
38882611,2,2,0.00116,0.00623,0.9926
36334077,2,2,0.00111,0.00619,0.9927
36010791,0,0,0.92589,0.07126,0.00286
34635990,2,2,0.0012,0.00763,0.99118
20630074,2,2,0.00253,0.00903,0.98844
14324319,2,1,0.08116,0.82935,0.08949
19337035,2,2,0.00282,0.0234,0.97378
22586140,2,2,0.00142,0.00643,0.99215
9247125,2,2,0.00411,0.05084,0.94505
17280335,2,2,0.00136,0.0076,0.99105
7764388,2,2,0.00137,0.0106,0.98803
22791566,2,2,0.00132,0.00751,0.99118
34207813,1,0,0.77538,0.2187,0.00592
26844090,1,0,0.89981,0.0954,0.0048
9048774,2,2,0.00134,0.00648,0.99218
2242985,2,2,0.00415,0.02773,0.96812
27081944,0,0,0.5679,0.41874,0.01336
23605319,0,1,0.33295,0.64178,0.02528
7771741,2,2,0.00132,0.0059,0.99278
3340454,0,0,0.94712,0.05034,0.00254
12000309,2,2,0.00205,0.03121,0.96674
9793785,2,2,0.00163,0.00962,0.98875
36990530,0,0,0.95013,0.04758,0.00228
36982727,2,2,0.00327,0.01786,0.97888
34682381,2,2,0.0037,0.03375,0.96255
26046411,2,2,0.00344,0.01268,0.98388
17801452,2,2,0.00161,0.00973,0.98866
28372096,1,1,0.06972,0.87293,0.05735
41220481,0,0,0.64122,0.2953,0.06349
3013617,0,0,0.85499,0.13849,0.00653
13731991,2,2,0.0014,0.00728,0.99132
9343325,1,0,0.63005,0.35342,0.01653
3270461,2,2,0.00533,0.02533,0.96934
9591807,2,2,0.00178,0.0165,0.98172
19702163,0,0,0.6111,0.36348,0.02542
17880258,2,2,0.07912,0.10605,0.81483
23278320,2,2,0.00657,0.13344,0.85999
10241445,2,2,0.00147,0.00818,0.99036
25113030,0,2,0.03675,0.14626,0.81699
31906930,2,2,0.00418,0.05098,0.94485
41191177,2,2,0.00138,0.00714,0.99148
31063212,2,2,0.00219,0.02546,0.97234
29257754,2,2,0.00643,0.00893,0.98464
21988516,0,0,0.65234,0.33843,0.00923
23804863,2,2,0.00131,0.01064,0.98805
11491137,2,2,0.0014,0.01031,0.98829
4199251,2,2,0.00231,0.02169,0.976
6873490,0,0,0.98218,0.01625,0.00157
3784002,2,2,0.00228,0.01675,0.98097
18876993,2,2,0.00239,0.01994,0.97768
6811886,2,2,0.00124,0.0059,0.99286
22989426,2,1,0.09252,0.86248,0.045
35866102,0,0,0.60033,0.33283,0.06683
22387827,2,2,0.00144,0.01004,0.98852
26208207,0,0,0.90114,0.09535,0.00351
13473385,2,2,0.0024,0.01371,0.98389
24131606,2,2,0.00282,0.02326,0.97391
11290786,2,2,0.00291,0.04052,0.95658
15126411,2,2,0.00754,0.0795,0.91296
37212472,0,1,0.0362,0.78622,0.17758
2990150,2,2,0.00134,0.00546,0.9932
11339940,0,1,0.18946,0.78835,0.02219
622089,2,2,0.00256,0.01143,0.986
4127241,2,2,0.00171,0.01167,0.98663
4002042,2,1,0.02083,0.56733,0.41184
10425790,2,2,0.00176,0.01167,0.98657
11648914,2,2,0.00257,0.0091,0.98833
34661829,0,0,0.97282,0.02518,0.002
338356,2,2,0.00245,0.01105,0.98651
23016319,2,2,0.003,0.00903,0.98797
35808104,0,0,0.97877,0.01984,0.00138
12317964,2,2,0.00286,0.0105,0.98664
22670413,2,2,0.03957,0.11449,0.84595
5010205,1,1,0.28344,0.65773,0.05883
40106540,1,0,0.68709,0.3037,0.00921
37372012,2,2,0.00122,0.007,0.99178
8571353,2,2,0.00318,0.01386,0.98296
36028674,2,2,0.00166,0.0108,0.98754
33213518,2,2,0.05148,0.4465,0.50201
2580121,2,2,0.00143,0.00464,0.99394
17778104,2,1,0.05097,0.49119,0.45784
28888951,2,2,0.0269,0.32644,0.64666
9805381,1,0,0.75037,0.22355,0.02608
7817189,2,2,0.00281,0.02709,0.9701
9848057,2,1,0.14523,0.80844,0.04633
18510368,2,2,0.00209,0.01371,0.9842
23258164,1,0,0.89765,0.09838,0.00397
20652740,1,0,0.76333,0.22301,0.01366
34975701,2,2,0.00116,0.00676,0.99208
20701143,2,2,0.0021,0.00932,0.98858
31634304,0,0,0.91418,0.08226,0.00356
38727797,2,2,0.10531,0.08713,0.80756
22330133,2,2,0.00658,0.06175,0.93167
6823879,2,2,0.00124,0.00676,0.992
35198231,2,2,0.00443,0.02323,0.97234
37915673,2,2,0.00233,0.01235,0.98531
38990922,0,0,0.94365,0.05365,0.00269
36013684,2,2,0.00138,0.00643,0.99219
11857715,2,2,0.01378,0.09944,0.88677
21713953,2,2,0.0025,0.02083,0.97667
41610910,2,2,0.00289,0.01574,0.98137
36897176,0,1,0.28387,0.69711,0.01902
11769009,2,2,0.00737,0.01942,0.9732
28109495,0,0,0.97411,0.02382,0.00207
28111051,2,2,0.00142,0.0078,0.99077
26431739,0,2,0.00556,0.07315,0.92128
23740899,2,2,0.00134,0.00559,0.99307
40194165,2,2,0.00133,0.00958,0.98908
23600555,2,2,0.00135,0.00962,0.98903
40511616,2,2,0.00176,0.01088,0.98735
37550989,2,2,0.00155,0.01383,0.98462
34874307,0,0,0.77449,0.21591,0.0096
35968385,2,2,0.00106,0.00669,0.99226
16637005,0,0,0.85415,0.14108,0.00477
4644232,0,0,0.8969,0.09926,0.00384
30407916,2,2,0.00147,0.00867,0.98987
11756883,2,2,0.00125,0.00887,0.98988
2290792,0,0,0.77221,0.20622,0.02157
3284515,2,2,0.00159,0.00501,0.9934
30274868,2,2,0.00133,0.01149,0.98718
11133971,2,2,0.00161,0.00745,0.99094
35202195,0,0,0.93105,0.06267,0.00627
40101321,2,1,0.27262,0.70438,0.023
14091974,2,2,0.00674,0.12444,0.86883
32368122,1,0,0.76952,0.2222,0.00829
9050502,2,2,0.00114,0.00824,0.99062
38761225,0,0,0.92181,0.07552,0.00267
40806998,2,2,0.00142,0.01047,0.98811
28648082,0,0,0.97287,0.02547,0.00166
23583784,1,1,0.17628,0.80012,0.0236
796420,2,2,0.01623,0.03329,0.95048
18969729,2,2,0.00345,0.05381,0.94273
32581145,2,2,0.00127,0.00802,0.99071
13489126,2,2,0.00493,0.02505,0.97001
12067246,2,2,0.00632,0.02589,0.96779
37746968,0,0,0.49159,0.49159,0.01682
485387,0,0,0.94976,0.04803,0.00221
30079970,2,2,0.00144,0.00837,0.99019
28974652,2,2,0.00369,0.01942,0.97689
34187990,1,1,0.17044,0.80128,0.02829
23390508,2,2,0.00166,0.00762,0.99071
16292830,2,2,0.00216,0.01231,0.98553
30092168,2,2,0.00118,0.00542,0.9934
17159033,2,2,0.0019,0.01437,0.98374
12360226,2,2,0.01832,0.34575,0.63593
4385125,2,1,0.16654,0.80116,0.0323
32286509,2,2,0.00138,0.00719,0.99143
28355841,2,2,0.00258,0.01886,0.97856
123392,2,2,0.00114,0.00775,0.99111
25274585,2,2,0.00183,0.01909,0.97908
7783726,1,1,0.32522,0.65439,0.02039
28928775,2,2,0.00125,0.00754,0.99121
9191402,2,2,0.00221,0.01912,0.97867
31444625,0,0,0.79605,0.19205,0.0119
15909440,2,2,0.00118,0.00808,0.99074
1966903,0,0,0.64139,0.34872,0.00989
20912726,2,1,0.02768,0.55594,0.41638
20452215,2,2,0.00151,0.00915,0.98934
9965096,2,2,0.00116,0.00581,0.99302
38974335,2,2,0.00302,0.01766,0.97932
35457237,2,2,0.00146,0.00908,0.98946
1945175,0,0,0.82389,0.16804,0.00808
2200021,0,0,0.98706,0.01101,0.00194
10590764,0,1,0.42807,0.53274,0.0392
39836148,1,0,0.70411,0.28227,0.01362
32564134,0,0,0.94847,0.04958,0.00195
11608574,2,2,0.02694,0.24487,0.72819
28607579,2,2,0.0026,0.011,0.9864
23079104,1,2,0.00904,0.047,0.94396
22918557,2,2,0.00351,0.03723,0.95926
1476150,0,0,0.92119,0.07606,0.00275
14701466,2,2,0.00129,0.00739,0.99131
15167291,1,0,0.67557,0.30095,0.02348
30419121,1,1,0.06649,0.88957,0.04394
19258031,2,0,0.6511,0.33779,0.01112
26971698,2,2,0.00124,0.007,0.99176
33488449,2,2,0.00343,0.03151,0.96506
19811806,2,2,0.0088,0.13427,0.85693
21223757,2,0,0.85001,0.14485,0.00513
19588977,2,2,0.00116,0.00648,0.99236
6879380,0,0,0.48892,0.46471,0.04637
18939563,0,0,0.7633,0.22387,0.01283
13230638,2,2,0.00268,0.01344,0.98388
30866032,2,2,0.00126,0.00745,0.99129
34371974,0,0,0.98484,0.01372,0.00144
26290566,2,2,0.00997,0.06366,0.92637
36849757,2,2,0.03727,0.17816,0.78456
13051290,2,2,0.01299,0.15767,0.82934
28754010,0,0,0.98513,0.01103,0.00384
30092891,2,1,0.09399,0.85762,0.04838
33940725,0,0,0.98131,0.01636,0.00232
14525146,2,2,0.00136,0.00471,0.99393
244841,0,0,0.80995,0.18357,0.00648
28900254,2,2,0.00128,0.00555,0.99318
3420074,2,2,0.0042,0.04546,0.95034
40270554,0,0,0.85655,0.13874,0.00471
14610627,0,0,0.98294,0.0151,0.00196
38340432,0,0,0.98648,0.01162,0.0019
41496002,0,0,0.63773,0.32572,0.03655
32382896,2,2,0.00151,0.00877,0.98972
30984387,2,2,0.0032,0.03658,0.96021
12762349,1,1,0.04457,0.86089,0.09454
27054566,2,2,0.00174,0.00922,0.98905
14941591,1,0,0.53074,0.44345,0.02581
2565323,2,2,0.00125,0.00857,0.99018
33063132,2,2,0.00156,0.00733,0.9911
29420153,2,2,0.0014,0.00638,0.99222
38465168,2,2,0.19225,0.25253,0.55522
25112824,2,2,0.00212,0.01522,0.98267
35777871,2,2,0.00329,0.01143,0.98529
38417568,0,0,0.96314,0.03489,0.00198
18773455,2,2,0.00553,0.03582,0.95866
22573661,2,2,0.02875,0.25824,0.71302
29720404,2,2,0.01068,0.03516,0.95415
33795036,0,0,0.84311,0.13939,0.0175
34976894,2,2,0.00435,0.0102,0.98544
21862965,2,2,0.01473,0.46188,0.52338
35018611,2,2,0.00164,0.00633,0.99203
41417554,2,2,0.00135,0.01056,0.98809
31655355,2,2,0.00176,0.01325,0.98499
14794300,2,2,0.0019,0.01582,0.98229
30705383,2,1,0.27388,0.68052,0.04559
26402354,2,1,0.42146,0.5307,0.04784
34142394,2,2,0.00229,0.01533,0.98238
17328833,2,2,0.00179,0.01076,0.98745
21289166,2,2,0.00341,0.03729,0.95931
19656009,0,0,0.51788,0.47154,0.01058
23389887,0,0,0.70536,0.2861,0.00854
21831391,2,2,0.00247,0.01668,0.98085
41542639,2,1,0.18542,0.63096,0.18362
3634818,0,0,0.98676,0.01083,0.00241
29480401,2,0,0.84955,0.14365,0.0068
25817449,0,0,0.96389,0.03383,0.00228
33589861,2,2,0.00415,0.01045,0.9854
6786398,2,1,0.39398,0.59144,0.01458
36637708,0,0,0.90666,0.08873,0.00461
13215360,2,2,0.01532,0.10127,0.88341
3437683,2,2,0.00161,0.00623,0.99216
37885213,0,0,0.98749,0.01063,0.00188
32235802,0,0,0.84249,0.14987,0.00764
3120172,2,2,0.00108,0.00572,0.9932
10778543,2,2,0.00315,0.05219,0.94466
21557381,2,2,0.00116,0.00551,0.99333
33825628,0,2,0.29889,0.1641,0.53701
34814234,2,1,0.17441,0.7745,0.05108
12958870,2,2,0.00325,0.03705,0.9597
15585664,2,2,0.00316,0.03358,0.96326
12207643,2,0,0.48206,0.48206,0.03589
27176806,2,2,0.00407,0.04565,0.95028
25469623,0,0,0.92466,0.07144,0.0039
2245258,2,2,0.0031,0.06642,0.93047
37338764,2,2,0.00138,0.00904,0.98958
38286719,2,2,0.01067,0.03624,0.95309
23024967,2,2,0.00394,0.06146,0.9346
40315006,2,1,0.17793,0.79742,0.02465
2668847,0,0,0.9273,0.06897,0.00373
31797097,2,2,0.00151,0.01194,0.98655
18608106,2,2,0.00142,0.01008,0.9885
15032577,2,1,0.03635,0.62939,0.33426
24959100,2,2,0.00104,0.006,0.99296
7427768,2,2,0.00106,0.00706,0.99188
36295044,2,2,0.12061,0.14777,0.73162
32987184,0,1,0.17707,0.58513,0.2378
16286725,0,0,0.80942,0.1799,0.01068
12074448,2,2,0.00176,0.01415,0.9841
26097252,2,2,0.00116,0.00609,0.99275
23671422,0,0,0.98225,0.01613,0.00162
4037921,2,2,0.00126,0.00737,0.99138
26481753,2,2,0.00147,0.00638,0.99215
33131054,2,2,0.02621,0.07811,0.89567
31162693,2,2,0.00111,0.00775,0.99115
11065596,2,2,0.00321,0.035,0.96179
23447351,2,2,0.00755,0.0915,0.90095
1029754,2,2,0.00339,0.02602,0.97059
36484569,0,0,0.92579,0.07153,0.00268
8546813,2,2,0.03263,0.41982,0.54755
33483833,2,2,0.00142,0.00695,0.99163
36484545,2,2,0.00127,0.00799,0.99074
19459825,2,2,0.0018,0.0203,0.9779
23084445,2,2,0.00124,0.00742,0.99134
6017837,2,2,0.00296,0.02147,0.97557
18317971,2,2,0.00124,0.00619,0.99258
3383211,2,2,0.00305,0.02366,0.97329
6704961,2,2,0.00984,0.26176,0.7284
10920666,0,1,0.08393,0.86103,0.05504
26003934,2,2,0.00156,0.00757,0.99087
25736246,2,0,0.49215,0.4733,0.03455
14088004,2,2,0.00176,0.00984,0.98839
16835911,2,2,0.00416,0.02503,0.97082
13338712,1,1,0.30943,0.64998,0.04059
40865806,1,0,0.72197,0.26873,0.0093
8124039,2,1,0.05285,0.88341,0.06374
39842072,2,2,0.00134,0.0079,0.99077
18644409,2,2,0.00115,0.0053,0.99356
41486000,0,0,0.95146,0.04536,0.00317
1597016,2,1,0.08755,0.84043,0.07202
39739417,0,0,0.94434,0.05266,0.00301
27936977,2,2,0.00263,0.03127,0.9661
11070732,2,2,0.00298,0.03155,0.96547
39205744,2,2,0.01671,0.45522,0.52807
2035505,1,1,0.38073,0.60367,0.01559
3964246,2,2,0.0012,0.00929,0.98951
2626335,0,1,0.34682,0.62312,0.03007
19924814,2,2,0.00159,0.00628,0.99213
25364321,2,2,0.00467,0.07743,0.9179
1374474,2,2,0.00399,0.01912,0.97689
29522867,2,2,0.00118,0.00751,0.99131
33294121,0,1,0.46976,0.50793,0.02232
21440702,0,0,0.98033,0.01803,0.00164
31177403,2,2,0.00182,0.01185,0.98634
31698640,0,0,0.94403,0.05229,0.00368
18459778,2,2,0.00114,0.00805,0.99081
12694680,2,2,0.0031,0.00779,0.98911
6968322,0,0,0.98751,0.01023,0.00226
25381421,2,2,0.00135,0.00929,0.98935
3027907,2,2,0.00494,0.03896,0.9561
36732786,2,2,0.00223,0.0118,0.98598
5784542,2,2,0.00165,0.01351,0.98484
29768845,0,1,0.39338,0.50908,0.09754
29015428,2,2,0.01801,0.03611,0.94588
4962665,0,2,0.02632,0.0386,0.93508
1403770,2,2,0.0051,0.0952,0.8997
8765699,2,2,0.00187,0.01415,0.98398
2272586,2,1,0.04402,0.88424,0.07174
20944853,2,2,0.00118,0.00656,0.99226
8898797,2,2,0.00188,0.00786,0.99026
18726897,2,2,0.00735,0.04473,0.94792
4373540,2,2,0.00168,0.01351,0.98481
14363717,0,0,0.52944,0.45286,0.0177
36790055,1,1,0.27642,0.6922,0.03138
1635873,2,2,0.12478,0.27523,0.59998
639982,2,2,0.00249,0.00889,0.98862
35864367,1,1,0.13337,0.83881,0.02782
11784694,1,1,0.3644,0.61504,0.02056
2146245,2,2,0.00178,0.01448,0.98374
9360303,2,2,0.004,0.03252,0.96348
31444524,2,2,0.00413,0.0621,0.93377
9643007,2,2,0.0013,0.00538,0.99332
26196240,2,2,0.00126,0.0059,0.99284
25229191,0,0,0.98342,0.01517,0.00141
23582752,2,2,0.0013,0.00728,0.99143
29315800,2,2,0.0024,0.01284,0.98476
22615593,2,2,0.0014,0.0094,0.9892
28322081,1,2,0.04385,0.33166,0.62449
34722016,1,0,0.51489,0.46881,0.01629
40831016,0,0,0.97033,0.02785,0.00182
7840522,2,2,0.00157,0.01476,0.98366
18874582,2,2,0.00444,0.03609,0.95946
40676099,0,0,0.98309,0.01499,0.00193
9731875,2,2,0.00148,0.01356,0.98495
33265045,0,0,0.8687,0.12613,0.00517
8946554,1,0,0.77545,0.20467,0.01987
8666317,0,1,0.307,0.57636,0.11664
15919726,2,2,0.00172,0.00471,0.99357
6240189,2,2,0.00204,0.02045,0.97751
24748286,2,2,0.03185,0.0263,0.94184
19838424,2,2,0.0034,0.02299,0.97361
34138263,2,1,0.04482,0.49717,0.45801
25527700,2,2,0.00198,0.01972,0.9783
34828030,0,1,0.43221,0.52134,0.04645
37291682,0,2,0.09701,0.38669,0.5163
19457307,2,2,0.00109,0.00555,0.99336
33263940,2,1,0.33568,0.61501,0.04931
29278475,2,2,0.00356,0.03983,0.95661
41041971,0,0,0.96937,0.02903,0.0016
9529458,1,2,0.00901,0.09979,0.89119
20421579,1,2,0.01685,0.45898,0.52417
3513078,2,2,0.00138,0.00781,0.99082
28507511,2,2,0.00198,0.01751,0.98051
19031880,2,2,0.01012,0.05019,0.93969
22035611,2,2,0.00182,0.00936,0.98882
3864294,1,0,0.73468,0.24133,0.02399
32596973,2,2,0.00326,0.0349,0.96184
21976737,2,2,0.00159,0.00668,0.99173
13795738,2,2,0.0025,0.02083,0.97667
34775257,0,0,0.78581,0.20024,0.01395
38971345,0,1,0.09793,0.85929,0.04278
13283818,0,0,0.97639,0.0217,0.00191
37622673,2,2,0.00209,0.01153,0.98638
1700,2,2,0.00114,0.00706,0.9918
40059915,0,0,0.73591,0.25532,0.00877
7210901,1,0,0.56203,0.41441,0.02356
5820199,1,1,0.03987,0.66383,0.2963
1876900,2,2,0.00175,0.01637,0.98187
17645302,2,2,0.00406,0.0327,0.96323
19954297,1,2,0.02487,0.26526,0.70987
33030144,2,2,0.00112,0.00799,0.99088
28395575,1,1,0.11172,0.85005,0.03823
3962252,0,0,0.87582,0.12087,0.00331
12561626,2,2,0.00448,0.02815,0.96737
7350129,2,2,0.00312,0.0455,0.95137
22152869,0,0,0.80353,0.18571,0.01077
40428772,2,2,0.00159,0.00614,0.99228
18079829,2,2,0.0062,0.04399,0.94981
36001861,2,2,0.00156,0.01008,0.98837
10051871,2,2,0.00357,0.03619,0.96023
7065764,2,2,0.00189,0.0188,0.97931
24796454,2,2,0.00114,0.00564,0.99322
24457242,0,0,0.87251,0.12231,0.00519
40458901,2,2,0.0014,0.00494,0.99366
30262984,2,2,0.00237,0.01092,0.98671
25196360,0,0,0.72067,0.26101,0.01833
19551418,0,0,0.92761,0.06866,0.00373
29093170,2,2,0.00409,0.05549,0.94042
23552534,2,2,0.00199,0.0128,0.98521
35538956,2,2,0.06539,0.20925,0.72536
33990722,2,2,0.00274,0.02197,0.97529
23101971,2,2,0.00337,0.0187,0.97794
4862516,0,0,0.97405,0.0245,0.00144
16218639,2,2,0.00132,0.00658,0.9921
36612188,2,2,0.00275,0.03284,0.96441
24989654,2,2,0.00364,0.03312,0.96324
26746301,0,0,0.97442,0.02399,0.00158
4037042,2,2,0.00142,0.00663,0.99195
5988208,2,2,0.01149,0.10364,0.88487
40905449,1,1,0.40992,0.5581,0.03198
39872713,0,0,0.96608,0.03196,0.00195
11128954,2,2,0.00157,0.01799,0.98044
41520654,2,2,0.00549,0.01136,0.98315
31469051,2,2,0.00308,0.01514,0.98178
17844133,2,2,0.00729,0.06708,0.92562
9301582,2,2,0.00194,0.01084,0.98722
3421415,1,0,0.58188,0.39836,0.01976
29603342,0,0,0.76498,0.22175,0.01327
32669109,2,2,0.10571,0.12827,0.76602
18147081,0,0,0.91755,0.07924,0.00321
32599201,0,0,0.97419,0.02422,0.00158
28342360,2,2,0.00193,0.01208,0.98599
6695751,2,2,0.00943,0.03642,0.95415
2815963,2,2,0.00163,0.0114,0.98697
21889938,2,2,0.00114,0.0059,0.99295
17908471,0,0,0.75112,0.23635,0.01253
22170027,0,0,0.89686,0.09965,0.0035
32085776,2,1,0.06708,0.56603,0.36689
32240087,2,2,0.00982,0.20999,0.78019
27935800,0,0,0.96049,0.03659,0.00292
5591874,2,2,0.00194,0.01047,0.98759
26542456,2,2,0.00128,0.007,0.99172
33851803,2,2,0.00239,0.01774,0.97987
7837379,2,2,0.00669,0.1303,0.86301
15964695,0,0,0.81261,0.17851,0.00889
34848473,2,2,0.02778,0.14097,0.83125
35227997,2,2,0.00248,0.01366,0.98387
11066182,2,2,0.00642,0.09848,0.8951
9651790,2,2,0.00106,0.00676,0.99218
2540564,2,2,0.0025,0.02083,0.97667
36752722,2,2,0.00655,0.13571,0.85774
22723768,0,1,0.36644,0.61368,0.01988
20823954,2,2,0.00189,0.00559,0.99253
15903575,0,0,0.7408,0.25205,0.00715
22049389,2,2,0.00113,0.00734,0.99154
7469263,2,2,0.00138,0.00796,0.99066
10944853,2,2,0.00139,0.01213,0.98648
25585784,2,2,0.01131,0.28372,0.70497
12578058,2,2,0.00168,0.0129,0.98542
19675800,2,2,0.00156,0.00783,0.99061
28570365,2,2,0.00365,0.04687,0.94948
7683670,2,2,0.00193,0.01345,0.98462
39998234,2,2,0.0017,0.01516,0.98314
40728124,2,2,0.00515,0.08805,0.90681
20365215,1,1,0.03471,0.86086,0.10443
18704167,0,0,0.6999,0.29176,0.00834
37788406,2,2,0.00611,0.12905,0.86484
35482605,0,0,0.93637,0.05992,0.00371
35790117,0,0,0.90849,0.08839,0.00313
29682108,2,2,0.00131,0.00958,0.9891
27597984,0,0,0.92891,0.06848,0.00261
1172258,2,2,0.00915,0.02069,0.97016
36726551,2,2,0.00166,0.00973,0.98861
28271633,2,2,0.00116,0.00661,0.99223
17769539,2,2,0.0062,0.01492,0.97888
7525542,2,2,0.00196,0.01315,0.98489
18243620,2,2,0.00285,0.01355,0.9836
10724901,2,2,0.004,0.01798,0.97802
21031254,2,2,0.00186,0.00658,0.99157
18301646,2,2,0.00219,0.02878,0.96903
14165454,2,1,0.43496,0.50064,0.0644
28924163,2,2,0.00389,0.06007,0.93604
22634757,2,2,0.00375,0.0182,0.97805
40892406,2,2,0.00169,0.00856,0.98975
17901849,1,2,0.02029,0.47264,0.50707
21154336,2,2,0.00402,0.01322,0.98276
5176700,0,0,0.97337,0.02507,0.00156
32508526,2,2,0.17159,0.28947,0.53895
8782414,2,2,0.00298,0.01497,0.98205
33186042,0,1,0.35154,0.62668,0.02178
5536358,2,2,0.01024,0.1101,0.87966
15208836,2,2,0.02426,0.41039,0.56534
38929466,0,0,0.76621,0.22473,0.00906
8879332,2,2,0.00166,0.00705,0.99128
14318796,2,2,0.00148,0.01315,0.98537
11427201,2,2,0.01389,0.27906,0.70705
1779166,1,1,0.06201,0.83292,0.10507
1692462,2,2,0.00179,0.00969,0.98852
2273994,2,2,0.00149,0.00883,0.98968
1170004,2,2,0.0014,0.00663,0.99197
25901573,2,2,0.00648,0.14514,0.84838
25376487,2,1,0.05261,0.69838,0.24901
32072043,0,0,0.97994,0.01852,0.00154
8916846,0,1,0.42494,0.52885,0.04621
4802975,2,2,0.00156,0.00877,0.98968
39836668,2,2,0.00299,0.01193,0.98508
29413279,2,2,0.0029,0.01083,0.98627
20385789,2,2,0.01259,0.2024,0.78501
347334,2,2,0.00884,0.11754,0.87362
35753786,2,2,0.00768,0.06234,0.92998
1218231,2,2,0.0026,0.02664,0.97076
33794094,0,0,0.85254,0.14247,0.00499
22444488,2,2,0.00464,0.03934,0.95602
12435576,2,2,0.0056,0.08106,0.91333
9326158,2,2,0.00158,0.01123,0.98719
3923242,2,2,0.00122,0.00609,0.99269
12659472,0,0,0.55069,0.43563,0.01368
9467952,0,1,0.31599,0.65345,0.03056
35084937,1,0,0.92634,0.06923,0.00443
38071492,0,0,0.8929,0.10316,0.00395
27809483,2,2,0.0014,0.01068,0.98793
21178990,2,2,0.00126,0.00609,0.99265
40537277,2,2,0.00194,0.01067,0.98739
8795103,2,2,0.00125,0.0086,0.99015
36009377,2,2,0.00223,0.01175,0.98602
36108762,0,0,0.66642,0.2735,0.06008
39792315,0,0,0.91082,0.08522,0.00396
23558740,2,2,0.00158,0.00922,0.9892
29567290,2,2,0.00186,0.00663,0.99152
11118895,2,2,0.00151,0.00918,0.98931
17539366,2,2,0.0016,0.01167,0.98673
17220243,2,2,0.00136,0.00719,0.99145
25642201,2,2,0.00153,0.01136,0.98711
36906196,2,2,0.06156,0.05475,0.88368
15245033,1,0,0.83614,0.14991,0.01394
32087208,2,2,0.00113,0.00728,0.99159
22221573,2,2,0.0018,0.00711,0.99109
10561822,1,1,0.27808,0.68691,0.03501
17494117,2,1,0.07244,0.85539,0.07216
22159196,2,2,0.17159,0.28947,0.53895
7024877,2,1,0.07929,0.87606,0.04465
19255596,2,2,0.00163,0.01097,0.9874
39823588,0,0,0.93123,0.0659,0.00287
8528042,2,2,0.00149,0.00555,0.99296
20576547,2,2,0.00208,0.01802,0.9799
8349775,2,1,0.2064,0.75276,0.04084
8625202,2,2,0.00166,0.00777,0.99057
11749549,0,2,0.00183,0.00599,0.99218
2139912,2,1,0.02577,0.7711,0.20313
40160719,2,2,0.0025,0.02083,0.97667
27722100,2,2,0.00125,0.00781,0.99094
38142445,2,2,0.00532,0.01118,0.98349
25704798,0,0,0.92725,0.06971,0.00304
29980568,2,2,0.00255,0.0155,0.98195
8531039,2,2,0.00229,0.02755,0.97016
11579182,0,0,0.98342,0.01505,0.00153
36167333,0,0,0.74169,0.25038,0.00792
38715930,2,2,0.00104,0.00679,0.99217
15973394,0,0,0.98378,0.01476,0.00146
404233,2,2,0.00156,0.00633,0.99211
17926464,2,2,0.00133,0.01223,0.98645
38523061,2,2,0.0017,0.01606,0.98224
6099405,2,2,0.00423,0.05303,0.94274
40018067,2,2,0.00605,0.06683,0.92711
12567015,2,2,0.00194,0.01027,0.98779
19724684,2,2,0.00392,0.05201,0.94407
2130353,2,1,0.02406,0.59667,0.37927
2134536,2,2,0.00135,0.00894,0.98971
28309726,2,2,0.00153,0.01011,0.98835
29905530,2,2,0.00342,0.04964,0.94694
11154005,1,1,0.0755,0.82448,0.10002
12825507,0,0,0.97617,0.02229,0.00154
19588226,2,2,0.00398,0.03631,0.9597
39046104,2,2,0.0022,0.02409,0.97371
2971715,1,1,0.1402,0.81588,0.04392
18894105,2,2,0.0033,0.02238,0.97432
14542879,2,2,0.00299,0.02648,0.97053
18079138,2,2,0.00313,0.01339,0.98348
38044337,2,2,0.00275,0.01929,0.97796
17381210,2,2,0.00815,0.0346,0.95725
6413530,2,2,0.00129,0.00944,0.98927
31155142,2,2,0.00277,0.04078,0.95645
9244461,2,2,0.00216,0.00893,0.98891
129794,2,2,0.00146,0.00947,0.98906
24891509,0,0,0.98756,0.01011,0.00234
17299538,2,2,0.00111,0.00564,0.99325
36673977,2,2,0.00125,0.00929,0.98946
39692133,2,2,0.17159,0.28947,0.53895
4420839,2,2,0.00333,0.0445,0.95217
27770268,0,0,0.9425,0.05524,0.00226
33530758,0,0,0.96972,0.02858,0.0017
30890383,2,2,0.00138,0.00763,0.991
19315358,2,2,0.00163,0.01097,0.9874
34880063,2,1,0.02263,0.62614,0.35123
21200914,2,2,0.00349,0.044,0.95251
15747875,2,2,0.00146,0.01106,0.98748
14710717,2,2,0.00338,0.01567,0.98095
24947100,0,0,0.73199,0.21157,0.05644
2437819,2,2,0.00403,0.03996,0.95601
12565588,2,2,0.00158,0.01035,0.98807
1777440,2,1,0.39808,0.54412,0.0578
32342738,2,2,0.00168,0.01171,0.98661
34441951,1,2,0.17159,0.28947,0.53895
30094532,0,0,0.97716,0.02142,0.00142
28680386,1,0,0.97647,0.02191,0.00161
20127760,0,0,0.92039,0.07629,0.00332
6738494,0,1,0.25343,0.66966,0.07692
37956746,0,0,0.86725,0.12691,0.00584
3475963,2,1,0.28555,0.49944,0.21502
8851433,0,0,0.95314,0.04083,0.00603
7980489,2,2,0.03805,0.22113,0.74081
18044712,2,2,0.00114,0.00763,0.99123
31961312,0,0,0.80141,0.1911,0.0075
20327784,2,1,0.05,0.87255,0.07744
778519,2,2,0.00123,0.00891,0.98986
37509303,2,2,0.00227,0.02124,0.97649
17354607,2,2,0.0023,0.02565,0.97205
16731222,2,2,0.03965,0.07194,0.88842
7651591,2,2,0.00366,0.01258,0.98376
15583745,1,0,0.76528,0.21755,0.01717
31412030,2,2,0.05929,0.18378,0.75693
34906308,2,2,0.00156,0.00973,0.98871
9317830,2,2,0.002,0.00733,0.99066
8161739,2,2,0.14057,0.1729,0.68653
24694667,2,2,0.00132,0.00653,0.99215
5962616,2,2,0.00237,0.01161,0.98602
20218048,2,2,0.0017,0.01609,0.98221
27238250,2,2,0.00696,0.03023,0.96281
30597134,2,2,0.00116,0.00568,0.99316
18850595,2,2,0.00156,0.00628,0.99216
39726396,2,2,0.00129,0.00992,0.98878
23208721,2,2,0.00122,0.00808,0.9907
31990220,2,2,0.00218,0.01854,0.97928
28362566,2,2,0.0016,0.01325,0.98515
14096572,2,2,0.00147,0.00725,0.99128
16371769,2,2,0.00359,0.0166,0.97981
37708499,2,2,0.00311,0.03624,0.96065
14897377,0,1,0.02238,0.70712,0.2705
20510671,2,2,0.00815,0.02736,0.96449
21682451,2,2,0.00317,0.03046,0.96636
36261804,2,1,0.03635,0.62939,0.33426
32968618,2,2,0.00142,0.00985,0.98874
28500880,2,2,0.00154,0.00866,0.9898
29478039,0,0,0.98705,0.01046,0.00249
38886191,2,2,0.00272,0.02785,0.96943
19086461,2,2,0.00145,0.00475,0.9938
11401899,2,2,0.00197,0.01063,0.9874
16977053,2,2,0.00199,0.02806,0.96995
15568173,2,2,0.00148,0.01167,0.98685
17196022,2,2,0.00124,0.00609,0.99267
36897143,0,0,0.95229,0.0452,0.00251
40560277,0,1,0.03102,0.85816,0.11082
29343015,0,0,0.94707,0.05039,0.00254
8039653,2,2,0.00164,0.02109,0.97727
18788006,0,1,0.06754,0.83246,0.10001
13193360,0,0,0.93625,0.06068,0.00307
612408,2,2,0.00433,0.01524,0.98043
26565519,2,2,0.00522,0.10249,0.89229
3688753,2,2,0.00142,0.00728,0.9913
38018767,2,2,0.00131,0.00958,0.9891
36879116,2,2,0.00179,0.01067,0.98753
24295403,2,2,0.01594,0.27926,0.7048
27095554,0,0,0.91021,0.08516,0.00463
29718771,2,2,0.00249,0.00744,0.99007
6012342,2,2,0.00221,0.02002,0.97778
9591461,1,0,0.69115,0.29959,0.00926
34037690,2,2,0.00155,0.01218,0.98627
28397145,2,1,0.03787,0.80331,0.15882
10285127,0,1,0.25383,0.72876,0.01741
40028528,2,2,0.00298,0.01674,0.98029
8472910,2,2,0.0036,0.02812,0.96828
12663510,2,2,0.02067,0.442,0.53733
381381,0,1,0.337,0.63952,0.02348
40186834,2,2,0.0062,0.10131,0.89248
28216511,2,2,0.00123,0.00897,0.98979
16218373,2,2,0.00516,0.1126,0.88223
22059400,2,2,0.00229,0.01521,0.9825
8547024,0,0,0.85107,0.13948,0.00945
23528448,2,2,0.00138,0.00754,0.99108
3127642,2,2,0.16129,0.11304,0.72567
18919991,2,2,0.00167,0.01522,0.9831
16545994,2,2,0.00419,0.04732,0.94849
40085399,2,0,0.92674,0.07035,0.0029
27857328,0,1,0.09774,0.84602,0.05624
27096198,2,2,0.33043,0.32294,0.34663
32556218,2,2,0.00151,0.01043,0.98806
17414567,0,0,0.52856,0.44162,0.02982
3301530,2,2,0.0016,0.01383,0.98457
31551060,1,1,0.05816,0.7904,0.15144
30091181,2,2,0.00417,0.0076,0.98823
1520278,2,2,0.00196,0.01377,0.98427
5291482,2,2,0.00161,0.01008,0.98832
18033984,2,2,0.00663,0.09692,0.89645
8139894,2,2,0.00204,0.02041,0.97755
35815750,0,1,0.42555,0.52343,0.05102
32934985,2,2,0.04973,0.12862,0.82165
16440126,2,2,0.00218,0.01876,0.97907
18152684,1,1,0.38194,0.60088,0.01718
34172963,2,2,0.004,0.06135,0.93465
26479302,2,2,0.00111,0.00656,0.99233
21732846,2,2,0.00196,0.0132,0.98484
20193640,2,2,0.00221,0.01964,0.97815
6330641,2,2,0.00166,0.00918,0.98916
22571492,0,0,0.61469,0.34752,0.03779
39482937,0,1,0.2616,0.4974,0.241
28655747,2,2,0.06734,0.21993,0.71273
40069635,2,2,0.00151,0.0089,0.98959
21899089,2,2,0.0012,0.00703,0.99177
6258009,2,2,0.00115,0.00542,0.99343
14267953,2,0,0.66509,0.31787,0.01704
11220068,2,2,0.00528,0.04912,0.9456
38828925,2,2,0.00928,0.12842,0.8623
41310647,2,2,0.00203,0.0098,0.98817
23350955,2,2,0.00171,0.01162,0.98667
40487665,0,0,0.93471,0.06232,0.00297
35956057,2,2,0.00125,0.00811,0.99063
19120376,0,0,0.7477,0.24274,0.00956
22350082,2,2,0.00273,0.02394,0.97332
10380207,2,2,0.00707,0.05276,0.94018
37482544,0,0,0.95931,0.03764,0.00305
28973657,2,2,0.00179,0.01295,0.98527
16129202,2,2,0.01658,0.21504,0.76837
41504430,2,2,0.00163,0.01361,0.98476
4321429,2,0,0.53557,0.44748,0.01695
2536310,2,2,0.00125,0.00784,0.99091
14067160,2,2,0.00184,0.01217,0.98598
13842981,2,2,0.00133,0.01097,0.9877
11009733,2,2,0.00185,0.0075,0.99064
25773074,2,2,0.0016,0.01511,0.98329
2082960,0,0,0.97852,0.0193,0.00217
6946510,2,2,0.0019,0.01217,0.98593
22730608,2,2,0.03807,0.11561,0.84633
30989747,1,1,0.2208,0.74113,0.03807
1480593,2,2,0.00584,0.05644,0.93772
19116809,2,2,0.01238,0.02663,0.96099
1316819,2,2,0.00593,0.02721,0.96685
8667708,0,0,0.96102,0.03677,0.0022
14419175,2,2,0.00193,0.01504,0.98303
22010402,2,2,0.00144,0.00918,0.98938
9135644,2,2,0.00158,0.00908,0.98934
29809914,0,1,0.41884,0.5636,0.01756
30501432,2,2,0.00258,0.02135,0.97607
32384416,2,2,0.00231,0.0055,0.99219
19356891,2,2,0.00944,0.0424,0.94816
6104838,2,2,0.00346,0.06793,0.92862
30161996,0,0,0.89855,0.09695,0.0045
28479006,0,0,0.85023,0.14376,0.006
11074378,0,0,0.5286,0.45926,0.01214
18021746,2,2,0.00543,0.09584,0.89873
15001552,2,2,0.00158,0.01208,0.98634
3427514,2,2,0.0012,0.00674,0.99206
16988662,1,0,0.53812,0.44962,0.01227
28797996,2,2,0.00163,0.0087,0.98967
29637897,2,2,0.00116,0.00551,0.99333
19573910,2,2,0.00544,0.02093,0.97363
23250461,2,2,0.00335,0.022,0.97465
7531209,2,2,0.0025,0.02083,0.97667
3759601,2,2,0.0012,0.00778,0.99103
31440967,0,0,0.95916,0.03854,0.0023
13479818,2,2,0.00178,0.016,0.98222
28425771,0,1,0.47576,0.48895,0.03528
19018376,1,2,0.00215,0.03009,0.96776
29095315,0,0,0.94336,0.05464,0.002
4139186,2,0,0.57585,0.33721,0.08694
37687223,2,2,0.00177,0.00866,0.98957
33840276,2,2,0.00294,0.01293,0.98413
27437004,2,2,0.00116,0.01036,0.98849
40967912,0,0,0.95795,0.03968,0.00237
6869810,2,2,0.00334,0.00945,0.9872
38940145,0,0,0.81833,0.17491,0.00676
12481656,2,2,0.0038,0.03733,0.95888
40450278,2,2,0.0335,0.23898,0.72752
35527969,2,2,0.05035,0.3779,0.57175
22496357,2,2,0.00478,0.02549,0.96973
36547865,0,0,0.71795,0.26619,0.01586
8115050,2,2,0.00136,0.00736,0.99128
15944454,0,0,0.9599,0.037,0.0031
17999967,2,2,0.04481,0.15466,0.80053
35876347,2,2,0.00127,0.0088,0.98992
24764131,2,2,0.0013,0.00534,0.99337
33313177,2,2,0.04941,0.42352,0.52707
4282294,2,2,0.00138,0.00936,0.98926
37167491,2,2,0.00773,0.01041,0.98186
2643191,2,2,0.00116,0.00604,0.99279
10154668,0,0,0.98132,0.01675,0.00192
36986323,2,2,0.00802,0.07886,0.91312
17493539,0,0,0.93728,0.05934,0.00338
2120790,2,1,0.25131,0.66277,0.08592
18213635,2,2,0.00114,0.00568,0.99318
12736792,0,0,0.5894,0.37465,0.03595
15103829,2,2,0.00152,0.00572,0.99276
36897345,0,0,0.52583,0.4275,0.04667
31469500,1,1,0.10568,0.85095,0.04337
11039664,2,2,0.00323,0.02813,0.96864
24889141,2,2,0.0088,0.06504,0.92616
39273465,2,2,0.00439,0.04704,0.94857
16399920,2,2,0.0027,0.00673,0.99058
15578692,2,2,0.0014,0.0087,0.9899
12764449,2,2,0.00171,0.01295,0.98535
12337220,2,2,0.00218,0.03315,0.96467
11547297,2,2,0.0017,0.01505,0.98325
1091483,2,1,0.05117,0.5068,0.44204
20454779,0,0,0.94404,0.05399,0.00197
10204030,2,2,0.00184,0.0132,0.98496
2614833,2,2,0.00133,0.00922,0.98945
37187177,2,2,0.00165,0.01692,0.98143
9369261,2,2,0.00594,0.05625,0.93781
15366902,0,0,0.982,0.01638,0.00162
40485570,1,0,0.93571,0.06136,0.00293
1747166,2,1,0.11674,0.65877,0.22449
19224815,0,0,0.77854,0.20954,0.01191
18483099,2,2,0.0015,0.01315,0.98534
17117893,2,2,0.00122,0.00711,0.99167
41312757,2,2,0.00414,0.04517,0.95069
31909970,2,2,0.00187,0.0118,0.98632
32354489,0,0,0.95108,0.04637,0.00255
32849353,2,2,0.00158,0.00846,0.98995
6044522,2,1,0.08712,0.82014,0.09274
6807649,0,1,0.46741,0.52143,0.01117
10081867,0,0,0.8889,0.10679,0.00431
37133087,2,1,0.24053,0.72654,0.03294
21303043,2,2,0.00114,0.00628,0.99257
28766105,0,0,0.98336,0.01499,0.00165
38128215,2,2,0.00142,0.00757,0.99101
20699430,2,2,0.00113,0.00517,0.9937
11887769,2,2,0.00171,0.00962,0.98867
40787224,2,2,0.00179,0.01372,0.9845
14014404,2,2,0.00146,0.0114,0.98714
22543406,0,0,0.98436,0.0106,0.00505
2958050,2,2,0.00118,0.00633,0.99249
22094350,0,0,0.96971,0.02651,0.00378
2878403,2,2,0.00146,0.01415,0.98439
10276977,2,2,0.00251,0.01568,0.9818
29190141,0,0,0.86845,0.1256,0.00594
27845852,2,1,0.28516,0.66691,0.04793
26645196,0,0,0.98534,0.01285,0.00182
13653548,2,2,0.00147,0.0086,0.98994
22405477,2,2,0.00163,0.00966,0.98871
24075838,2,2,0.19819,0.31888,0.48293
27563576,2,2,0.00277,0.02798,0.96925
4298748,2,2,0.0033,0.0524,0.9443
9832144,2,0,0.90728,0.07839,0.01433
33871071,2,2,0.0032,0.02366,0.97315
15912702,2,2,0.00244,0.01425,0.98332
5263833,2,2,0.00108,0.00614,0.99279
10477696,2,0,0.78878,0.20337,0.00785
13889925,2,2,0.00976,0.06926,0.92097
35308935,2,2,0.00135,0.01101,0.98763
8662733,2,2,0.00149,0.00581,0.9927
14862474,2,2,0.00815,0.06454,0.92731
40886994,2,2,0.00145,0.00604,0.99251
10945514,2,2,0.00212,0.01345,0.98443
41097950,2,2,0.00291,0.02367,0.97342
2764981,2,2,0.0026,0.01289,0.98452
28444128,2,2,0.00165,0.0147,0.98365
33539967,0,0,0.58902,0.38629,0.02469
40042986,2,2,0.0028,0.0312,0.966
11821919,2,2,0.00307,0.01726,0.97967
11476069,2,2,0.0387,0.14659,0.81471
40495681,2,2,0.00207,0.02041,0.97752
9044319,2,2,0.00224,0.02136,0.9764
7403373,2,2,0.0016,0.01325,0.98515
16114494,0,0,0.89555,0.10067,0.00378
19020695,2,2,0.00151,0.01072,0.98777
37916812,2,2,0.00251,0.01452,0.98296
16538594,2,2,0.00187,0.01198,0.98614
14299983,2,2,0.00257,0.02168,0.97574
14544667,2,2,0.00148,0.01181,0.98671
6888844,2,2,0.0091,0.13265,0.85825
1281507,2,2,0.00381,0.01841,0.97778
31495581,2,0,0.77027,0.22242,0.00732
33867793,0,0,0.86647,0.12779,0.00575
24498497,0,1,0.1466,0.80576,0.04764
20471199,2,2,0.00577,0.13859,0.85564
12123018,2,2,0.00488,0.09438,0.90074
29456293,2,2,0.15547,0.22118,0.62335
24827722,2,2,0.00252,0.01319,0.98429
26684360,0,0,0.74643,0.24711,0.00646
12540162,0,0,0.95068,0.0471,0.00221
2042113,2,1,0.27651,0.69787,0.02562
39569579,2,2,0.00343,0.01508,0.98149
10966023,2,2,0.00935,0.10868,0.88197
33474180,0,0,0.86762,0.12746,0.00492
19317628,2,2,0.00208,0.01754,0.98038
3546086,2,2,0.0014,0.0106,0.98801
6193484,2,2,0.00582,0.04615,0.94803
22423578,2,1,0.20987,0.69659,0.09354
27133630,2,1,0.03335,0.5425,0.42415
36014227,2,2,0.01075,0.30818,0.68107
13542263,2,2,0.00116,0.00692,0.99192
18911262,2,2,0.00142,0.00609,0.99249
8478385,2,2,0.0019,0.01153,0.98656
11287596,0,0,0.68845,0.30076,0.01079
26827334,2,2,0.00857,0.08964,0.90179
40875036,2,2,0.002,0.02539,0.97261
15781002,0,0,0.98579,0.01251,0.00171
23639994,0,1,0.33585,0.64234,0.02181
25112180,1,1,0.06932,0.63249,0.29819
33205343,2,2,0.00267,0.01475,0.98258
28192914,2,2,0.00142,0.00674,0.99184
19507040,2,2,0.00248,0.02685,0.97067
39853093,1,2,0.17953,0.32669,0.49378
11691671,0,1,0.08758,0.86405,0.04837
9709991,2,2,0.00113,0.00648,0.99239
33553592,2,2,0.00155,0.01285,0.9856
28690898,2,2,0.0024,0.01345,0.98415
24031158,2,2,0.002,0.01084,0.98716
25756344,2,2,0.00608,0.1326,0.86131
26266481,2,2,0.01672,0.29977,0.68351
5446866,2,2,0.00129,0.00911,0.98959
17231988,2,2,0.00592,0.04433,0.94975
40479909,2,2,0.00129,0.00799,0.99072
28034881,2,2,0.0014,0.00577,0.99283
2410934,2,2,0.00169,0.00559,0.99272
16733121,2,2,0.00156,0.00988,0.98856
2019072,2,2,0.00142,0.00771,0.99086
34337422,2,2,0.00137,0.01261,0.98602
14855274,2,2,0.00144,0.0083,0.99025
2005491,2,2,0.00169,0.00643,0.99188
29734184,2,2,0.00138,0.0079,0.99073
15585315,2,2,0.00116,0.00714,0.9917
20907398,2,1,0.02387,0.56928,0.40685
4547891,2,2,0.00132,0.00525,0.99343
13079525,2,2,0.00153,0.01136,0.98711
40629317,2,1,0.0212,0.6804,0.29841
7099003,2,2,0.01926,0.04548,0.93526
14525058,0,0,0.79151,0.19702,0.01147
26859074,0,0,0.97315,0.02506,0.00179
8600703,2,2,0.0023,0.01135,0.98635
4899622,0,0,0.90832,0.08734,0.00434
26669909,2,1,0.40254,0.43952,0.15794
4136001,2,2,0.00209,0.01063,0.98728
15910410,0,2,0.17177,0.40805,0.42018
2995068,2,2,0.00481,0.09192,0.90327
16443115,2,2,0.00308,0.04514,0.95178
19732432,2,2,0.00147,0.00802,0.99051
37351702,2,2,0.0015,0.01619,0.98231
34480307,2,2,0.00213,0.02377,0.97409
28766447,2,2,0.00122,0.00763,0.99116
4698454,2,2,0.00489,0.03438,0.96073
28277865,2,2,0.00471,0.06934,0.92595
14844258,2,2,0.00111,0.00799,0.9909
32165116,2,2,0.00151,0.01213,0.98636
22151972,2,1,0.02221,0.70725,0.27055
22751484,2,2,0.00146,0.01362,0.98493
9221957,0,0,0.86699,0.12887,0.00414
33295888,0,0,0.77075,0.22169,0.00756
21368447,0,0,0.9847,0.01377,0.00153
3402781,1,0,0.75562,0.23592,0.00846
31332202,2,2,0.00496,0.07811,0.91692
1239928,2,2,0.00928,0.04427,0.94646
4663210,2,2,0.28036,0.35771,0.36193
4958550,2,2,0.02982,0.44162,0.52856
19188350,2,2,0.02618,0.33952,0.6343
28986321,1,1,0.18313,0.78773,0.02914
34749316,2,2,0.0028,0.01674,0.98046
15055763,2,2,0.00163,0.00918,0.98919
502260,2,2,0.00176,0.01398,0.98426
15819171,0,0,0.85892,0.13432,0.00677
9704558,2,2,0.00159,0.00799,0.99043
13503432,2,2,0.0129,0.04655,0.94054
2402909,2,2,0.00116,0.00684,0.992
21949541,2,2,0.00217,0.00786,0.98997
10359944,2,2,0.00335,0.05397,0.94269
38726356,2,2,0.00283,0.03498,0.96219
13910668,2,2,0.00985,0.03143,0.95872
27097596,0,0,0.98424,0.01361,0.00215
7113119,2,2,0.00405,0.02033,0.97562
25668993,2,2,0.00191,0.00965,0.98844
17316828,2,2,0.00202,0.01612,0.98186
32721728,2,2,0.0012,0.0085,0.9903
22030479,2,2,0.00146,0.01027,0.98826
25467346,0,0,0.78499,0.20558,0.00943
31182401,2,2,0.00537,0.01845,0.97618
14134718,2,2,0.00213,0.01113,0.98674
19615326,2,2,0.00132,0.00717,0.99152
39760909,2,2,0.00344,0.02641,0.97014
19722358,2,1,0.02335,0.60703,0.36962
14019540,2,0,0.64498,0.34523,0.00979
25010336,0,0,0.97296,0.02538,0.00166
32144661,2,1,0.09766,0.71046,0.19187
29213372,0,0,0.7827,0.20578,0.01152
9637364,2,1,0.40382,0.55412,0.04207
10743648,2,2,0.00144,0.01097,0.98759
4433830,1,1,0.35197,0.62014,0.02789
37831649,2,2,0.00134,0.00633,0.99233
22497317,2,2,0.00151,0.00908,0.98941
25576977,2,2,0.00186,0.01705,0.98109
24106191,2,2,0.00298,0.0324,0.96462
26718661,2,2,0.00125,0.00808,0.99066
34725022,0,0,0.62472,0.35456,0.02072
25141711,0,0,0.96293,0.03468,0.00239
18185917,2,2,0.00168,0.01482,0.98351
5066185,2,2,0.044,0.24022,0.71577
28759121,0,1,0.25867,0.60348,0.13785
14436496,0,0,0.92806,0.04392,0.02802
21235437,2,2,0.0019,0.01149,0.98661
16098386,2,2,0.00201,0.02153,0.97646
13731129,0,0,0.78816,0.2048,0.00704
8666321,2,2,0.00586,0.03853,0.95561
5843244,2,2,0.00355,0.02707,0.96938
239247,2,2,0.00229,0.01274,0.98496
3722183,2,2,0.00168,0.0118,0.98652
4623522,2,2,0.00225,0.01829,0.97946
35691823,0,0,0.86673,0.12634,0.00694
37082265,2,2,0.07271,0.27926,0.64803
16982560,2,2,0.00179,0.01149,0.98672
9760001,0,0,0.95203,0.04508,0.00289
26437631,2,2,0.00118,0.00778,0.99104
25321733,2,2,0.00209,0.01393,0.98399
31348724,1,1,0.14951,0.80195,0.04854
26408291,2,2,0.01103,0.13996,0.84902
29016962,2,2,0.0016,0.0111,0.9873
30880572,2,2,0.19242,0.32099,0.48659
34568663,1,1,0.26126,0.6843,0.05444
27822108,2,2,0.00252,0.01063,0.98685
33129902,2,2,0.00408,0.01262,0.9833
17338642,2,2,0.0147,0.47918,0.50612
29323007,0,0,0.90258,0.09311,0.00431
16160203,2,2,0.00234,0.00918,0.98849
25853609,2,2,0.00168,0.01118,0.98714
33081905,0,0,0.77452,0.1966,0.02888
13366402,0,0,0.96973,0.02865,0.00163
31908991,2,2,0.00308,0.01318,0.98374
24969287,0,0,0.86093,0.13411,0.00496
32559934,1,1,0.13975,0.82814,0.03211
16631801,2,1,0.05127,0.50582,0.44291
9989788,0,0,0.96798,0.03042,0.0016
11293910,2,2,0.00239,0.03537,0.96225
12044664,0,0,0.90732,0.08827,0.0044
7400504,2,2,0.00785,0.23959,0.75255
14930833,2,2,0.00185,0.01055,0.9876
9461359,2,2,0.0879,0.11944,0.79266
16164973,2,2,0.0014,0.00563,0.99296
3669114,2,2,0.00319,0.00983,0.98698
6325903,0,0,0.84021,0.15421,0.00557
36800851,2,2,0.00226,0.01067,0.98707
31092778,2,2,0.0013,0.00563,0.99307
21442418,2,2,0.00136,0.00722,0.99142
31802983,0,0,0.97751,0.02097,0.00152
39262123,1,1,0.19668,0.76136,0.04196
38246658,2,2,0.00138,0.00867,0.98996
21176445,2,2,0.00144,0.0108,0.98776
22805924,1,0,0.88003,0.11431,0.00566
4954006,2,2,0.00133,0.01454,0.98413
6700087,0,0,0.77491,0.19158,0.03352
39641180,1,1,0.2845,0.63863,0.07687
20526689,0,0,0.96536,0.03037,0.00427
22065557,2,2,0.00122,0.00802,0.99076
35758344,2,2,0.01455,0.17863,0.80683
35959491,0,0,0.82922,0.16265,0.00813
31667556,1,0,0.63378,0.35275,0.01347
16677765,2,2,0.0032,0.02082,0.97598
29417472,2,2,0.00144,0.00739,0.99116
9346316,1,0,0.96724,0.03064,0.00212
13879540,2,2,0.00309,0.01104,0.98587
40659648,0,0,0.97945,0.01869,0.00186
4426393,2,2,0.0015,0.01426,0.98424
19370981,2,2,0.00189,0.01999,0.97813
35212479,2,2,0.00306,0.02098,0.97596
2603896,2,2,0.00142,0.0085,0.99008
5415697,2,2,0.0013,0.00505,0.99365
2314712,1,0,0.76259,0.22719,0.01022
16349864,2,2,0.00372,0.0279,0.96838
1675676,2,2,0.00666,0.07946,0.91388
10699302,2,2,0.0016,0.01383,0.98457
22398305,2,2,0.00166,0.0108,0.98754
14934053,2,2,0.0013,0.00628,0.99242
34205847,0,0,0.97012,0.02806,0.00182
26677724,2,2,0.00151,0.00757,0.99092
15947281,2,2,0.00158,0.0089,0.98951
40269354,2,2,0.01177,0.02395,0.96428
3064375,2,2,0.00458,0.09408,0.90134
20510408,2,2,0.00127,0.00947,0.98925
20662906,2,2,0.01176,0.0316,0.95663
17864144,2,2,0.00248,0.02723,0.97029
18752505,2,2,0.00211,0.01823,0.97966
26400463,2,2,0.00377,0.01531,0.98093
32611027,0,1,0.06357,0.85055,0.08588
19201071,2,2,0.00267,0.04608,0.95125
35888890,1,0,0.83857,0.14947,0.01196
25801281,2,2,0.00121,0.00951,0.98928
15937974,2,1,0.0228,0.54372,0.43349
17507132,0,0,0.66495,0.31044,0.0246
23253726,2,2,0.00146,0.00955,0.98899
37659531,0,0,0.91325,0.07507,0.01168
15754233,2,1,0.01688,0.505,0.47812
38766719,2,2,0.00108,0.00546,0.99346
2633322,2,2,0.00501,0.04045,0.95454
12401728,2,2,0.00165,0.01409,0.98425
11469308,2,2,0.00668,0.13163,0.86169
34616020,1,1,0.21115,0.73556,0.05328
13193249,2,2,0.00148,0.0127,0.98581
22384601,2,2,0.00197,0.00762,0.99041
18144636,2,2,0.00142,0.0059,0.99267
35508385,2,2,0.00204,0.02072,0.97724
18568221,0,0,0.97081,0.02749,0.00171
29511300,2,2,0.00654,0.15004,0.84342
30076357,2,2,0.00774,0.04023,0.95204
37245473,1,1,0.25342,0.71912,0.02745
38309776,2,2,0.00153,0.0131,0.98537
35149897,2,2,0.00266,0.03505,0.96229
28084219,2,2,0.00347,0.05039,0.94614
12577140,0,0,0.93975,0.05761,0.00264
20416597,2,2,0.00173,0.01393,0.98434
21165155,2,2,0.00288,0.01842,0.9787
39950985,0,0,0.86501,0.12907,0.00592
28260794,2,2,0.00256,0.02799,0.96945
41395303,2,2,0.00347,0.04815,0.94838
5713447,2,2,0.01109,0.10811,0.8808
11184826,1,1,0.13103,0.75992,0.10905
39071011,2,2,0.00211,0.01701,0.98088
7680497,2,2,0.00136,0.00757,0.99108
4551894,2,2,0.01212,0.22607,0.76181
454447,2,2,0.00184,0.01476,0.9834
40068739,2,2,0.00235,0.0214,0.97625
18471568,2,2,0.02362,0.11066,0.86572
5603100,1,0,0.86492,0.12906,0.00601
34502291,2,2,0.00141,0.01448,0.98411
29368397,2,2,0.00131,0.00818,0.99051
12108661,2,2,0.00212,0.02766,0.97022
6683868,0,0,0.82973,0.16275,0.00752
28676163,2,2,0.00319,0.02592,0.97089
29918147,2,2,0.00111,0.00751,0.99138
36245515,1,2,0.0271,0.35138,0.62153
39736642,2,2,0.00269,0.02502,0.9723
38488418,0,1,0.17338,0.75241,0.07421
14048738,2,2,0.00139,0.01326,0.98535
27341723,2,2,0.00138,0.00884,0.98979
22523746,2,2,0.00479,0.06784,0.92737
7745978,2,2,0.00129,0.00958,0.98912
8511038,2,2,0.00413,0.03227,0.9636
13818582,2,2,0.00136,0.00748,0.99116
3698358,0,1,0.0615,0.77296,0.16554
8916433,2,2,0.00154,0.00538,0.99308
39103481,0,0,0.9839,0.01437,0.00173
3315390,2,2,0.00132,0.00468,0.99401
8009738,2,2,0.00129,0.00837,0.99034
12692336,2,2,0.00316,0.02066,0.97618
24908940,2,2,0.00154,0.00663,0.99183
22471197,2,2,0.00343,0.01635,0.98023
19969321,2,2,0.00254,0.0336,0.96386
37933964,2,0,0.80565,0.18153,0.01282
3260140,2,2,0.00582,0.03056,0.96362
31502744,2,2,0.00188,0.00711,0.99101
22151966,2,2,0.00125,0.0084,0.99034
36989814,2,2,0.00436,0.03855,0.95709
37429361,0,0,0.8095,0.17782,0.01268
4091067,0,0,0.78354,0.20762,0.00884
4439582,2,2,0.00372,0.04298,0.9533
21434123,0,0,0.97878,0.0195,0.00172
19126802,2,2,0.00265,0.00849,0.98886
15918669,2,2,0.00216,0.01043,0.98741
2206696,2,2,0.00138,0.00633,0.99229
15182926,2,2,0.00179,0.00897,0.98924
34003547,1,1,0.12655,0.8236,0.04985
16837420,2,2,0.00224,0.02215,0.97561
6402538,2,2,0.00166,0.00922,0.98912
14432966,0,0,0.87262,0.1228,0.00458
25620570,2,2,0.00427,0.05874,0.93699
20259576,2,2,0.00128,0.00546,0.99326
24314201,2,2,0.00263,0.0466,0.95077
35762029,2,2,0.00199,0.01398,0.98403
5921094,2,2,0.14535,0.11794,0.73671
10826606,2,2,0.00133,0.01367,0.985
36077205,2,2,0.00118,0.00674,0.99208
36674570,0,0,0.85357,0.14209,0.00434
28875842,2,2,0.00239,0.01879,0.97882
3524594,2,1,0.39801,0.57684,0.02515
2140654,1,1,0.08944,0.8486,0.06195
34184696,2,2,0.00251,0.01447,0.98302
41316029,1,1,0.31671,0.56791,0.11538
5827039,0,0,0.88038,0.11548,0.00414
35593682,2,2,0.00129,0.00989,0.98882
26533089,2,2,0.00182,0.01,0.98818
9778259,1,0,0.54115,0.44863,0.01023
22568400,2,2,0.00259,0.01655,0.98086
14618902,0,0,0.98293,0.01109,0.00598
1893572,2,1,0.07842,0.79821,0.12337
34710728,1,1,0.27824,0.69677,0.02499
19418969,2,0,0.75865,0.22251,0.01884
39059664,0,0,0.63033,0.35915,0.01051
16209965,0,0,0.72741,0.26552,0.00708
24638091,1,0,0.74822,0.23088,0.0209
18350285,2,2,0.00219,0.00999,0.98781
22104739,0,0,0.65081,0.33764,0.01155
32570853,0,0,0.94792,0.0498,0.00228
37265293,2,2,0.00167,0.01702,0.98131
1694203,2,2,0.0012,0.006,0.9928
28407262,2,2,0.00304,0.04257,0.95439
31603205,0,0,0.67779,0.30313,0.01908
9203977,2,2,0.00196,0.01448,0.98357
29759409,2,2,0.00113,0.0049,0.99397
26564444,0,0,0.62304,0.36341,0.01355
18544681,0,0,0.97637,0.02204,0.00159
8092800,2,1,0.01889,0.74278,0.23833
24274958,2,2,0.0026,0.02772,0.96968
21983387,2,2,0.00638,0.00957,0.98405
21153231,2,2,0.00479,0.02376,0.97145
24510685,2,2,0.00174,0.00977,0.9885
3795677,2,2,0.01029,0.10559,0.88411
20088475,2,2,0.00151,0.01194,0.98655
14851270,2,2,0.00498,0.0317,0.96332
3438029,2,2,0.00113,0.00653,0.99234
7711226,2,2,0.00116,0.00679,0.99205
5252148,0,1,0.15291,0.5173,0.32978
28720321,0,0,0.98002,0.01856,0.00143
31267018,2,2,0.00193,0.01162,0.98645
1656739,2,2,0.00607,0.03441,0.95952
31522062,2,2,0.00124,0.007,0.99176
32593237,2,2,0.00764,0.08119,0.91117
15491341,0,0,0.7944,0.19544,0.01016
33003748,2,1,0.20607,0.72138,0.07255
3993950,2,2,0.00134,0.00717,0.9915
24346793,2,2,0.0022,0.00886,0.98894
35717491,2,2,0.00109,0.00595,0.99296
37388199,2,1,0.04563,0.6918,0.26258
39026497,0,0,0.86068,0.13199,0.00733
40860783,0,0,0.98522,0.013,0.00179
14956448,2,2,0.00187,0.0165,0.98164
6258943,0,0,0.93505,0.06228,0.00267
27989413,0,0,0.73893,0.23618,0.02489
26941386,2,2,0.00632,0.04074,0.95294
27931225,2,2,0.00157,0.01505,0.98338
29273006,0,1,0.48306,0.49452,0.02242
18300192,1,0,0.84746,0.14842,0.00411
16146268,0,0,0.8688,0.12664,0.00456
12869114,2,2,0.02413,0.05621,0.91966
27737126,2,0,0.97501,0.02347,0.00151
2406022,2,2,0.00111,0.00564,0.99325
23628058,0,0,0.91407,0.08176,0.00417
27697755,0,0,0.94461,0.05229,0.0031
16966527,0,0,0.66548,0.32433,0.01018
29555718,0,0,0.63465,0.35601,0.00934
37660534,2,2,0.0223,0.17921,0.79849
1460163,2,2,0.00149,0.00568,0.99283
26260174,2,2,0.00232,0.03032,0.96736
13876378,1,1,0.28655,0.64198,0.07147
26499983,2,2,0.00884,0.11754,0.87362
27910552,2,2,0.02087,0.03441,0.94472
33528014,0,0,0.96745,0.0308,0.00175
13388474,2,2,0.00148,0.0111,0.98742
4712610,0,1,0.48666,0.49432,0.01902
39666161,2,2,0.00138,0.00777,0.99085
29808693,1,1,0.1629,0.80812,0.02898
38440567,0,0,0.96331,0.03483,0.00186
35851,2,2,0.00179,0.0127,0.98551
334569,2,2,0.00149,0.00947,0.98904
36967599,2,2,0.00125,0.00844,0.99031
40224217,0,0,0.97355,0.02335,0.0031
19513408,2,2,0.00763,0.03882,0.95355
14588012,2,2,0.01102,0.09297,0.89601
34842045,2,2,0.00111,0.00661,0.99228
40478536,0,1,0.07279,0.76744,0.15977
40213040,2,2,0.00211,0.01942,0.97848
32890989,2,2,0.00116,0.00748,0.99136
7891015,2,2,0.00186,0.00618,0.99196
29856686,2,0,0.46829,0.25748,0.27422
884593,2,2,0.00198,0.01747,0.98054
20623633,2,1,0.03677,0.81746,0.14578
36688567,2,2,0.00239,0.01994,0.97768
22250111,0,0,0.66784,0.27195,0.06021
37364821,2,2,0.00777,0.07945,0.91278
36873992,0,0,0.9559,0.0421,0.002
4989617,2,2,0.0023,0.01079,0.98691
17750296,0,0,0.93846,0.05918,0.00236
1649836,2,2,0.08782,0.34397,0.56821
10345026,0,1,0.22177,0.75025,0.02798
19586290,2,2,0.00157,0.01585,0.98258
6547313,0,0,0.91271,0.08325,0.00403
15919161,2,2,0.00154,0.00717,0.9913
8665848,2,2,0.00323,0.0144,0.98237
26106247,0,0,0.86268,0.12611,0.0112
36398411,0,0,0.8266,0.16728,0.00612
36238241,0,0,0.98617,0.01213,0.00171
37552699,0,0,0.95827,0.03943,0.0023
21835479,2,2,0.00136,0.00628,0.99236
1873959,1,1,0.06139,0.84752,0.09109
8206596,2,2,0.00194,0.00768,0.99038
22398639,2,2,0.00729,0.02343,0.96929
4607523,2,2,0.0014,0.00843,0.99017
35405605,0,0,0.88688,0.10759,0.00553
20599487,2,1,0.03001,0.61704,0.35295
12914806,2,2,0.00276,0.0155,0.98174
36966395,2,2,0.00137,0.01004,0.98859
8205595,2,2,0.00136,0.00781,0.99084
33975670,2,2,0.01057,0.0155,0.97393
16761374,2,2,0.00215,0.02897,0.96887
34170550,2,2,0.00106,0.00581,0.99313
26688393,2,2,0.00349,0.01396,0.98255
8295847,2,2,0.00194,0.00658,0.99148
7114207,2,2,0.00265,0.0255,0.97186
10697184,2,2,0.00236,0.01371,0.98393
33454691,2,2,0.00163,0.01285,0.98552
35606509,2,2,0.0023,0.00903,0.98866
9158302,0,0,0.94562,0.05232,0.00207
28722154,2,2,0.01588,0.05423,0.92989
8833747,2,2,0.00244,0.01366,0.9839
4252177,2,2,0.00584,0.07092,0.92324
35968207,2,2,0.00416,0.09802,0.89783
35927605,0,0,0.92164,0.05139,0.02697
19112019,0,0,0.9015,0.09391,0.00459
12752379,0,0,0.61094,0.36481,0.02425
5537655,0,0,0.93238,0.06483,0.00279
4916583,2,2,0.00159,0.00783,0.99058
14922557,2,2,0.00484,0.04407,0.95109
6859753,1,0,0.90204,0.09433,0.00363
15382825,0,0,0.60057,0.37,0.02944
37827131,2,2,0.05979,0.03727,0.90294
31361657,2,2,0.00297,0.03561,0.96143
24521586,2,2,0.0046,0.0169,0.9785
25560015,2,2,0.14203,0.37935,0.47861
40046114,0,0,0.6227,0.35759,0.01971
38340688,2,2,0.17159,0.28947,0.53895
38366865,2,2,0.00497,0.0186,0.97644
23540777,2,2,0.00209,0.01162,0.98629
31914073,0,1,0.16395,0.79785,0.0382
33510673,2,0,0.9734,0.02512,0.00149
34679031,2,2,0.00114,0.00714,0.99172
40166589,2,2,0.0014,0.00748,0.99112
32982803,0,1,0.40305,0.57735,0.0196
1489756,2,2,0.00163,0.00894,0.98943
40378676,0,0,0.87443,0.11857,0.007
22119175,2,1,0.26245,0.70787,0.02968
1878886,2,2,0.0191,0.3282,0.6527
8959378,2,2,0.00275,0.0168,0.98044
31416493,2,2,0.00166,0.0111,0.98725
5829320,2,2,0.00277,0.01006,0.98716
26807982,2,2,0.00415,0.02752,0.96833
32100648,0,0,0.98617,0.0093,0.00453
8282324,2,2,0.0027,0.02047,0.97683
33883301,0,0,0.9739,0.024,0.0021
34326512,2,2,0.00125,0.00873,0.99001
15900889,2,2,0.00191,0.00728,0.99081
31170513,2,2,0.0012,0.00709,0.99172
36683857,2,0,0.74028,0.25187,0.00785
13096553,2,2,0.00128,0.00714,0.99158
3544684,2,2,0.00258,0.0204,0.97703
32764153,2,2,0.00415,0.04286,0.95299
10655660,2,2,0.00269,0.03843,0.95887
24346220,2,2,0.00161,0.00958,0.98881
38648150,2,2,0.0037,0.0334,0.9629
13154725,1,1,0.06522,0.88979,0.045
25762315,2,2,0.00211,0.01744,0.98045
5147250,2,2,0.00345,0.04053,0.95602
26094420,2,1,0.09593,0.8685,0.03557
35920720,2,2,0.00154,0.00689,0.99157
19507715,0,0,0.79881,0.19348,0.00771
1117361,1,1,0.46827,0.50632,0.02541
39513820,2,2,0.00243,0.01707,0.9805
5191537,2,2,0.08667,0.36345,0.54988
4740005,2,2,0.00129,0.00763,0.99108
2327166,2,2,0.00165,0.01628,0.98207
13726684,2,2,0.00146,0.0128,0.98574
19171887,0,0,0.89815,0.09691,0.00494
15451381,2,2,0.00144,0.01097,0.98759
20335144,2,2,0.00177,0.00914,0.98909
30324381,2,2,0.00151,0.00818,0.99031
40196210,2,2,0.0019,0.01404,0.98406
12329001,2,2,0.00146,0.00915,0.98939
11887369,0,0,0.97778,0.01998,0.00224
12325488,2,2,0.00128,0.00563,0.99309
12411808,2,2,0.01414,0.47945,0.5064
24365649,2,2,0.00324,0.04106,0.9557
22764685,2,2,0.02967,0.40167,0.56866
28663698,2,1,0.24839,0.69934,0.05227
37036459,2,2,0.00163,0.01097,0.9874
28196463,2,2,0.00135,0.00922,0.98943
31873249,0,0,0.91549,0.08046,0.00405
550819,1,0,0.4718,0.46631,0.06189
4429491,1,2,0.01315,0.38718,0.59968
21644662,0,0,0.94764,0.04894,0.00342
6099377,2,2,0.02504,0.13914,0.83582
10951473,2,2,0.00692,0.05744,0.93564
3719733,2,2,0.00113,0.00658,0.99229
6000078,2,2,0.00156,0.00604,0.9924
26268640,2,2,0.0037,0.0315,0.96479
40268688,2,2,0.0048,0.05145,0.94375
40216204,0,1,0.47322,0.5077,0.01908
8457315,2,2,0.00161,0.01027,0.98812
31584244,0,0,0.92684,0.06866,0.0045
26984092,0,0,0.87529,0.12032,0.00438
23192712,2,2,0.00243,0.01694,0.98063
18950839,2,2,0.00722,0.23271,0.76006
12827710,2,2,0.02036,0.06545,0.91419
40086500,0,0,0.98506,0.0102,0.00474
7698070,2,2,0.02119,0.20822,0.7706
8755388,2,2,0.00393,0.04882,0.94724
10695593,2,2,0.00179,0.01382,0.98439
22173916,2,2,0.00423,0.06881,0.92697
23073752,2,2,0.00142,0.00802,0.99056
37385139,2,2,0.00395,0.03061,0.96544
18529209,2,2,0.00979,0.14955,0.84066
9566553,2,2,0.00169,0.00863,0.98968
34704437,2,2,0.00144,0.00722,0.99133
16631954,2,2,0.00301,0.01981,0.97717
11768327,0,0,0.80656,0.18138,0.01206
16534764,2,2,0.00288,0.0324,0.96471
28992689,0,0,0.55777,0.43101,0.01122
17267698,2,2,0.00136,0.00618,0.99246
6778438,2,2,0.00171,0.00821,0.99008
37640934,2,2,0.00248,0.02924,0.96828
4629566,2,2,0.00179,0.0133,0.98491
15505304,0,1,0.27128,0.60687,0.12186
11012591,0,0,0.88521,0.11123,0.00356
37446028,2,2,0.00148,0.01728,0.98124
26994940,2,2,0.00468,0.00772,0.9876
33328017,2,2,0.00116,0.00722,0.99161
11866809,2,2,0.00264,0.01235,0.98501
14817649,2,2,0.00278,0.00869,0.98854
884193,2,2,0.01419,0.12141,0.8644
13841304,2,2,0.00523,0.05839,0.93638
35118813,2,2,0.00824,0.03902,0.95274
36864833,0,0,0.94277,0.05482,0.00241
29813286,2,2,0.03646,0.06628,0.89726
23849833,2,2,0.0029,0.02673,0.97037
15236639,2,2,0.00486,0.08304,0.9121
8566899,0,0,0.98486,0.01346,0.00168
1093257,2,2,0.02213,0.10085,0.87702
10509009,2,2,0.00182,0.01203,0.98615
22014506,2,2,0.00385,0.0402,0.95596
1756698,2,2,0.00194,0.00678,0.99127
29731077,2,2,0.00219,0.01299,0.98482
35658331,1,1,0.40448,0.45924,0.13628
19575804,2,2,0.00415,0.02605,0.9698
8199161,2,2,0.00436,0.05395,0.94169
4887252,0,0,0.85227,0.14132,0.00641
22075703,1,1,0.15883,0.78678,0.05438
23649060,0,0,0.98566,0.01061,0.00373
16167526,0,0,0.86397,0.12993,0.0061
31085295,2,2,0.00156,0.00818,0.99026
40176841,0,0,0.98633,0.01194,0.00173
32760530,0,0,0.97155,0.02679,0.00166
26016001,0,2,0.00764,0.12263,0.86972
36259406,2,2,0.00168,0.01047,0.98785
9709152,2,2,0.00172,0.01995,0.97833
35947922,0,0,0.83386,0.15977,0.00637
6630,1,1,0.03067,0.81616,0.15317
11891243,0,2,0.02445,0.29903,0.67652
4313802,2,2,0.0032,0.03758,0.95922
3341955,2,2,0.00235,0.02144,0.97621
6279222,1,1,0.16027,0.72109,0.11864
1409170,2,2,0.00309,0.01197,0.98494
33184386,2,1,0.05789,0.54496,0.39715
35536554,2,2,0.00114,0.0059,0.99295
36989943,2,2,0.00166,0.00751,0.99083
20592695,2,2,0.18502,0.2247,0.59028
30392758,2,2,0.00132,0.00739,0.99129
37699139,2,2,0.00162,0.01465,0.98373
2767308,0,0,0.95935,0.03852,0.00213
25932282,2,2,0.00296,0.03603,0.96101
32499615,2,2,0.0012,0.00824,0.99056
14806354,2,2,0.00573,0.1167,0.87757
21108275,0,0,0.50721,0.47648,0.0163
6896454,2,2,0.00136,0.00633,0.99231
23341667,2,2,0.00151,0.0089,0.98959
22881488,2,2,0.00144,0.00992,0.98864
40681675,2,2,0.00118,0.00793,0.99089
4259705,2,2,0.0014,0.01085,0.98776
13543343,0,1,0.42955,0.5141,0.05634
31941795,1,0,0.79435,0.19696,0.00869
19374206,2,1,0.11414,0.77695,0.10891
5886390,1,0,0.98374,0.01437,0.0019
6019280,1,1,0.02305,0.76945,0.2075
12995036,2,2,0.00112,0.00926,0.98962
31157092,2,2,0.00607,0.06414,0.92979
28307852,2,2,0.00174,0.00887,0.98939
19487795,2,2,0.00258,0.01959,0.97783
28174244,2,2,0.0027,0.02218,0.97512
25100442,2,2,0.00213,0.01007,0.9878
8758137,2,1,0.02435,0.7636,0.21204
32840213,2,1,0.04412,0.5502,0.40569
4897400,0,0,0.77394,0.21915,0.00691
34999259,2,2,0.00133,0.01223,0.98645
14875799,2,0,0.62004,0.37024,0.00971
20950645,2,1,0.04251,0.78345,0.17404
21566711,0,0,0.57393,0.39292,0.03315
9096739,2,2,0.00118,0.0059,0.99292
24718021,2,2,0.00123,0.00827,0.99049
32671864,2,2,0.00183,0.01792,0.98025
10288759,2,2,0.00132,0.00745,0.99123
38921551,2,2,0.01035,0.10089,0.88876
2001523,1,1,0.40914,0.57025,0.02061
34165481,2,2,0.01706,0.12828,0.85466
8578027,1,1,0.02133,0.72877,0.2499
2113965,0,0,0.84552,0.14693,0.00755
29923991,0,0,0.94648,0.05145,0.00207
715004,1,1,0.07294,0.86466,0.06239
5271854,2,2,0.00113,0.00595,0.99292
9802889,2,2,0.00247,0.01486,0.98266
27634098,0,0,0.92446,0.07171,0.00384
31353641,2,2,0.00648,0.11721,0.8763
8382948,2,2,0.00138,0.00628,0.99234
24845742,2,2,0.00337,0.04813,0.9485
17176443,2,2,0.00351,0.05406,0.94243
40310043,2,2,0.00264,0.0113,0.98606
710922,2,1,0.06371,0.8294,0.1069
35708668,0,0,0.97033,0.02796,0.00171
9743578,0,0,0.82688,0.16187,0.01125
3222563,2,2,0.00203,0.0262,0.97177
23102548,2,2,0.00389,0.01374,0.98237
33902994,2,2,0.00307,0.03345,0.96348
20352468,2,2,0.00409,0.01086,0.98505
22746432,2,2,0.00202,0.01453,0.98345
22645667,2,2,0.0012,0.007,0.9918
4391168,0,1,0.09331,0.84477,0.06192
25719415,2,1,0.02478,0.66977,0.30545
18563286,2,2,0.00302,0.01807,0.97891
16432679,0,2,0.34966,0.27152,0.37882
35517232,2,2,0.00212,0.01279,0.98508
37027376,2,2,0.00122,0.00648,0.9923
30183965,2,2,0.00116,0.00559,0.99325
5568898,2,2,0.00191,0.01127,0.98683
3619103,2,2,0.00165,0.0133,0.98504
402543,2,2,0.00253,0.02206,0.97541
4332114,2,2,0.00151,0.00786,0.99062
6999966,2,2,0.0022,0.02124,0.97656
5145038,2,1,0.10821,0.78102,0.11077
26180654,2,2,0.0043,0.05162,0.94407
5866509,0,0,0.82861,0.16444,0.00695
8327389,2,1,0.32239,0.64618,0.03143
16493517,2,2,0.00263,0.02979,0.96757
7841411,2,2,0.00315,0.03631,0.96054
37930680,0,0,0.71,0.28242,0.00759
31176025,2,2,0.00328,0.02883,0.96789
40532307,0,2,0.01086,0.06331,0.92583
28502051,0,1,0.29991,0.67585,0.02424
10627219,2,2,0.00921,0.13535,0.85544
3026592,2,2,0.00217,0.03623,0.9616
26931610,0,0,0.97996,0.01852,0.00152
12097196,2,2,0.00336,0.03583,0.96081
12407727,2,2,0.00209,0.01059,0.98732
16767719,2,2,0.0016,0.0118,0.98659
31255360,2,2,0.00156,0.00962,0.98882
739376,2,2,0.00183,0.00595,0.99223
28934484,2,2,0.00145,0.00439,0.99416
8958647,1,1,0.39445,0.58753,0.01802
29508348,0,0,0.8491,0.14218,0.00872
10028030,0,0,0.72441,0.26442,0.01117
33649499,2,2,0.00196,0.01387,0.98416
9201549,2,2,0.00832,0.01518,0.9765
5738822,2,2,0.00124,0.00754,0.99123
23049227,2,2,0.00122,0.00808,0.9907
39750670,2,0,0.40749,0.3145,0.27802
16098450,0,0,0.74965,0.24054,0.00981
31042983,2,2,0.00144,0.00765,0.9909
11075117,2,2,0.00124,0.00751,0.99126
10996910,2,2,0.00142,0.00768,0.99089
19729498,2,2,0.00155,0.01715,0.9813
4477803,2,2,0.002,0.00849,0.9895
15748498,2,2,0.00606,0.05206,0.94189
9261290,0,1,0.25994,0.71631,0.02376
27919096,2,2,0.0012,0.00471,0.99409
37330987,2,2,0.00489,0.03324,0.96187
33792698,2,2,0.17159,0.28947,0.53895
35398810,2,2,0.00661,0.07186,0.92153
7238923,2,2,0.00149,0.01004,0.98848
14307544,0,0,0.90208,0.08674,0.01118
2182567,0,0,0.69798,0.28983,0.0122
18330120,2,2,0.0016,0.01265,0.98574
23046632,1,0,0.47682,0.47311,0.05006
18853728,0,0,0.83187,0.16126,0.00687
39818240,0,0,0.98284,0.01564,0.00152
36214021,2,2,0.0037,0.03207,0.96423
1788110,2,2,0.00154,0.00759,0.99087
4766627,2,2,0.00163,0.01153,0.98684
28124245,1,1,0.08858,0.84376,0.06766
9532451,0,0,0.94979,0.04718,0.00302
32366899,0,0,0.9252,0.07058,0.00422
4187748,2,2,0.0058,0.09215,0.90205
33130782,2,2,0.00113,0.00534,0.99354
41256046,2,2,0.00145,0.00517,0.99338
27484380,0,0,0.71861,0.27275,0.00863
34585283,0,0,0.84987,0.1423,0.00783
2835636,2,2,0.00146,0.00887,0.98967
15473417,2,2,0.01404,0.16975,0.8162
31728838,2,2,0.00144,0.0129,0.98566
23080711,0,1,0.41405,0.54214,0.04381
24697557,2,1,0.20463,0.72371,0.07166
14796084,1,1,0.09026,0.48415,0.42559
9748001,2,2,0.00181,0.01426,0.98393
36862941,2,2,0.00132,0.00717,0.99152
19028224,2,2,0.00473,0.06432,0.93095
20968784,2,2,0.00109,0.00628,0.99263
17490782,2,1,0.08568,0.84862,0.06569
6133711,2,2,0.00215,0.01274,0.9851
6947012,2,2,0.0046,0.03287,0.96253
294702,1,0,0.69109,0.26333,0.04558
18035348,2,2,0.00116,0.0088,0.99004
31493137,0,0,0.65884,0.32871,0.01245
22209801,2,2,0.00182,0.00988,0.9883
25216533,2,2,0.0027,0.03515,0.96215
20791412,2,2,0.00138,0.00811,0.99051
11797882,2,2,0.00194,0.0098,0.98826
35598511,0,0,0.92974,0.06748,0.00278
33733115,1,1,0.03333,0.77655,0.19012
307957,0,0,0.9818,0.01631,0.0019
636141,2,2,0.00199,0.01528,0.98274
11581151,1,1,0.36932,0.61608,0.0146
19352818,0,1,0.33981,0.63733,0.02285
1246567,2,2,0.00367,0.03922,0.95711
27541575,0,0,0.94693,0.05083,0.00224
24382829,1,1,0.03084,0.7769,0.19226
3813476,2,2,0.00168,0.01101,0.98731
21436992,2,2,0.00256,0.01202,0.98542
36384228,2,2,0.00239,0.01994,0.97768
27328477,2,2,0.0017,0.0151,0.98319
5498939,2,2,0.00592,0.02108,0.973
19595503,2,2,0.00114,0.0087,0.99016
11105005,2,2,0.01337,0.38159,0.60504
26886712,2,2,0.00134,0.00725,0.99141
17750166,1,0,0.52012,0.46623,0.01365
28096565,2,2,0.00151,0.00802,0.99047
23360725,0,0,0.82698,0.1667,0.00631
38336064,2,1,0.25658,0.55166,0.19177
8110841,0,0,0.66618,0.31839,0.01542
37167757,1,1,0.17792,0.77121,0.05087
17593546,2,2,0.00111,0.00709,0.99181
10422650,2,2,0.0021,0.00668,0.99122
9307018,1,1,0.16989,0.79133,0.03879
86007,2,1,0.23885,0.72714,0.03401
858782,2,2,0.00151,0.01023,0.98826
41129235,2,2,0.00419,0.07629,0.91951
11230658,2,2,0.01798,0.05283,0.92919
5597697,2,2,0.00205,0.01545,0.9825
8204452,1,1,0.29144,0.69099,0.01757
1745182,2,2,0.00146,0.01056,0.98798
1205079,2,2,0.00187,0.01194,0.98619
4421312,2,2,0.00411,0.03714,0.95876
13897607,2,2,0.16095,0.41502,0.42403
30006642,2,2,0.0014,0.00745,0.99115
9333818,2,2,0.0063,0.05904,0.93466
17696511,2,2,0.00122,0.00725,0.99153
29881498,0,0,0.9772,0.02138,0.00142
14905966,2,2,0.00158,0.01055,0.98787
32190326,2,2,0.00188,0.01027,0.98785
24203215,2,2,0.00257,0.02358,0.97385
28914551,2,0,0.7673,0.21059,0.02211
35253258,2,2,0.0013,0.00658,0.99212
23133313,0,0,0.97179,0.02595,0.00226
35729585,2,2,0.00173,0.01399,0.98428
22078537,2,2,0.00132,0.00668,0.992
32557266,0,0,0.98354,0.01465,0.00181
8809941,1,1,0.07979,0.74526,0.17495
6093423,2,2,0.00563,0.10462,0.88975
17859449,2,2,0.00158,0.0114,0.98702
39404819,2,2,0.0093,0.0424,0.9483
40048103,0,0,0.96363,0.03465,0.00172
38972299,1,1,0.18245,0.76843,0.04912
40385868,2,2,0.00239,0.01994,0.97768
23845105,2,2,0.01427,0.14986,0.83587
39440162,2,2,0.0014,0.00947,0.98913
2156100,2,2,0.03541,0.33203,0.63256
7778533,0,0,0.85879,0.13641,0.0048
19885789,2,2,0.00116,0.00604,0.99279
26958197,0,0,0.67634,0.29203,0.03163
28914741,2,0,0.41292,0.31892,0.26816
16348011,1,1,0.1969,0.74964,0.05346
31494270,2,2,0.01016,0.04634,0.9435
37993372,2,2,0.00379,0.02452,0.97169
4637815,2,2,0.00188,0.00774,0.99038
18480671,2,1,0.3332,0.62493,0.04187
7559147,0,1,0.17879,0.79505,0.02616
4766942,2,2,0.00226,0.01105,0.98669
27489225,2,2,0.00272,0.02946,0.96783
4989939,2,2,0.00341,0.03599,0.96059
259775,2,2,0.00489,0.03317,0.96193
26764125,2,1,0.10831,0.83057,0.06111
20791504,2,2,0.00415,0.02784,0.96802
17844371,2,2,0.00111,0.00666,0.99223
5899637,2,2,0.08494,0.29474,0.62032
6461669,2,2,0.00125,0.00799,0.99076
8820603,2,2,0.00447,0.02968,0.96584
20939114,2,2,0.0014,0.00736,0.99124
31404082,0,0,0.62694,0.34758,0.02548
11064345,2,2,0.00136,0.00739,0.99125
30936468,2,2,0.0069,0.03146,0.96164
4532713,2,2,0.00149,0.00482,0.99368
19989100,2,2,0.00164,0.0055,0.99286
19094900,2,2,0.00176,0.01459,0.98365
8483768,0,1,0.43638,0.54735,0.01627
32676278,2,2,0.002,0.01088,0.98712
2591534,2,2,0.19843,0.07643,0.72514
16532356,2,2,0.02643,0.04918,0.92439
17562974,2,2,0.00166,0.00897,0.98937
11104095,2,2,0.00176,0.01217,0.98607
22564598,2,2,0.00987,0.02157,0.96856
36802005,2,2,0.0015,0.01482,0.98368
27635457,0,0,0.98259,0.01576,0.00165
10515259,2,2,0.00295,0.02719,0.96986
11016228,2,2,0.0015,0.01493,0.98356
37646606,0,0,0.97171,0.02666,0.00163
5995708,2,2,0.00144,0.00925,0.9893
18928259,1,0,0.77937,0.20977,0.01086
19612517,0,0,0.97981,0.01855,0.00164
15474276,2,2,0.00163,0.00876,0.9896
39946797,2,2,0.0022,0.00946,0.98834
14898101,0,0,0.91933,0.07801,0.00266
36918872,0,0,0.94485,0.05135,0.0038
28116461,2,2,0.00232,0.01836,0.97932
18368928,2,2,0.00153,0.01167,0.9868
33395868,2,2,0.00126,0.00586,0.99289
14879516,2,2,0.00158,0.00984,0.98857
36123624,2,2,0.00164,0.00796,0.99041
38184692,2,2,0.00343,0.01479,0.98178
24036495,2,2,0.00363,0.03575,0.96062
19845525,0,0,0.55626,0.20048,0.24325
2134080,2,2,0.00154,0.0088,0.98967
17779063,2,2,0.00154,0.00793,0.99054
8113328,2,2,0.00109,0.00638,0.99253
4415254,2,2,0.00151,0.00915,0.98934
22156143,2,1,0.03905,0.56498,0.39596
15170330,2,2,0.0016,0.01476,0.98364
19611926,0,0,0.52057,0.45052,0.02891
11057969,2,2,0.0027,0.03565,0.96165
14131428,2,2,0.00284,0.03144,0.96572
8940409,2,2,0.00334,0.02592,0.97074
19790101,2,2,0.00165,0.01203,0.98631
30247356,0,0,0.69963,0.28378,0.01658
14013760,0,1,0.09221,0.81228,0.09551
7716280,2,2,0.00169,0.00897,0.98934
40871174,2,2,0.00432,0.0184,0.97729
8667162,2,2,0.00551,0.0154,0.97909
3145798,2,1,0.03397,0.51504,0.45099
4692047,2,2,0.00116,0.00661,0.99223
17993949,1,1,0.15563,0.81943,0.02494
27030927,1,0,0.65676,0.33024,0.01301
14962589,2,2,0.0012,0.00671,0.99209
40474747,0,1,0.04323,0.82216,0.13461
23650917,2,2,0.0019,0.01144,0.98665
35532242,2,2,0.00603,0.08534,0.90863
20105016,2,2,0.00387,0.04949,0.94664
31638023,1,0,0.70158,0.28681,0.01161
14832878,2,2,0.00111,0.00728,0.99161
20047477,2,2,0.01976,0.41602,0.56421
1847355,0,1,0.13068,0.83162,0.0377
30020460,2,2,0.00144,0.00808,0.99048
17564801,2,2,0.00185,0.01043,0.98772
32241281,2,2,0.0018,0.00824,0.98997
25954822,2,1,0.13134,0.78436,0.0843
33793171,2,2,0.01677,0.14316,0.84007
22637058,2,2,0.00125,0.00877,0.98998
14462514,0,0,0.55203,0.4023,0.04567
10368146,1,1,0.04653,0.85762,0.09585
1896873,2,2,0.00764,0.0529,0.93947
24397538,2,2,0.00389,0.0439,0.95221
28126521,2,2,0.00235,0.02028,0.97737
23594250,0,0,0.96355,0.03441,0.00204
27195233,0,1,0.23774,0.72094,0.04131
35270574,0,0,0.79858,0.19418,0.00724
38564354,0,0,0.55195,0.43323,0.01482
14442850,2,2,0.0038,0.05074,0.94546
23208226,2,2,0.00485,0.04142,0.95373
10654600,2,2,0.0014,0.00711,0.99149
20525141,1,0,0.76824,0.13747,0.0943
23357549,2,2,0.00143,0.00517,0.9934
39546292,2,2,0.00203,0.01226,0.98571
36189973,0,2,0.3455,0.21432,0.44018
12319113,0,0,0.49184,0.47671,0.03144
36696087,2,2,0.00265,0.02227,0.97508
28229601,2,2,0.00144,0.00728,0.99128
39973191,2,2,0.01889,0.1654,0.81571
14707802,2,2,0.00169,0.00668,0.99163
40137642,2,2,0.00164,0.0195,0.97886
25565830,2,2,0.00168,0.01465,0.98368
9249519,2,2,0.00112,0.00772,0.99116
12795058,2,2,0.00601,0.04521,0.94879
2956952,2,2,0.00487,0.02226,0.97287
20209353,2,2,0.00209,0.01275,0.98517
31498646,2,2,0.00234,0.01015,0.98752
26236825,2,2,0.00112,0.00793,0.99095
4040789,2,2,0.00166,0.01153,0.98681
36196819,2,2,0.00144,0.01372,0.98484
11441677,2,2,0.00638,0.11804,0.87559
30572422,2,2,0.0046,0.09145,0.90396
11315948,2,2,0.0012,0.00628,0.99252
19923179,2,2,0.00483,0.04478,0.95039
62704,2,2,0.01005,0.14033,0.84962
13521584,0,0,0.89065,0.1014,0.00795
3232655,2,2,0.00361,0.02636,0.97003
24753638,2,2,0.00112,0.00863,0.99024
9817845,2,1,0.02589,0.80531,0.1688
13538330,0,0,0.95011,0.04705,0.00284
30162398,2,2,0.0013,0.00725,0.99145
24563557,2,2,0.07476,0.38564,0.5396
21385034,2,2,0.00213,0.00904,0.98883
36470258,0,0,0.95023,0.0471,0.00267
28156672,2,2,0.00382,0.01698,0.9792
39029995,0,0,0.49153,0.4877,0.02077
4381884,2,2,0.00156,0.00771,0.99073
24095694,2,2,0.00776,0.06682,0.92542
37602499,0,0,0.97499,0.02343,0.00158
25368600,2,2,0.0023,0.01148,0.98622
28367160,2,2,0.00214,0.02017,0.97769
29049581,2,1,0.08619,0.8146,0.09921
39621974,0,0,0.86755,0.12745,0.005
3074699,2,2,0.00122,0.0085,0.99028
32428262,2,2,0.00327,0.01629,0.98044
32907687,0,0,0.77093,0.2166,0.01246
9941268,1,2,0.03454,0.29835,0.66711
14651119,2,2,0.00159,0.00679,0.99163
17508853,2,2,0.00145,0.00559,0.99296
20742059,1,1,0.38423,0.59978,0.01598
12429466,0,0,0.90166,0.09503,0.0033
6150115,2,2,0.00242,0.00585,0.99173
30936096,2,2,0.00125,0.00847,0.99028
3683344,2,2,0.00213,0.02419,0.97368
13454359,2,2,0.00153,0.00992,0.98855
34136892,2,2,0.00285,0.01324,0.98391
40773530,0,0,0.97827,0.0203,0.00143
24752402,2,2,0.00166,0.00648,0.99186
5340218,2,2,0.00313,0.04301,0.95386
22875195,1,1,0.15134,0.81745,0.0312
20032818,2,1,0.02653,0.76319,0.21028
38321314,2,0,0.42774,0.31256,0.25969
18730024,2,2,0.00222,0.01217,0.98561
38924691,2,2,0.00261,0.00882,0.98857
12739284,2,1,0.06901,0.85725,0.07374
3862815,2,2,0.00727,0.11178,0.88095
16418544,0,1,0.424,0.56171,0.01428
32523461,2,2,0.00107,0.00623,0.99269
21759586,2,2,0.01597,0.30491,0.67912
2868161,2,2,0.00867,0.02,0.97133
5321239,2,2,0.00163,0.00918,0.98919
19831307,2,2,0.00159,0.00689,0.99152
24150838,2,2,0.0012,0.00821,0.99059
9534162,2,2,0.00208,0.01781,0.98011
30520858,2,2,0.08326,0.15404,0.76269
7291490,2,2,0.00425,0.04949,0.94626
24930843,2,2,0.00132,0.00595,0.99273
1106591,2,2,0.00135,0.00911,0.98953
41531506,2,2,0.00107,0.00628,0.99264
32680206,2,2,0.00315,0.03658,0.96026
28091415,0,0,0.79535,0.19798,0.00667
3767627,2,2,0.00202,0.0127,0.98528
29314643,1,1,0.42465,0.45558,0.11978
16492213,2,2,0.00491,0.08776,0.90733
23102961,2,2,0.00587,0.03788,0.95625
38323967,2,2,0.00428,0.04308,0.95264
17213430,2,2,0.00642,0.04104,0.95254
28453854,2,2,0.00603,0.05583,0.93814
22422426,0,0,0.81469,0.17757,0.00774
35802007,2,2,0.00104,0.00542,0.99354
16971333,2,2,0.00212,0.01493,0.98296
631300,2,2,0.00475,0.03213,0.96312
3757103,2,1,0.26568,0.70271,0.03161
13800330,2,2,0.00149,0.00706,0.99145
3723263,1,2,0.00912,0.07505,0.91583
30960229,1,1,0.48323,0.49469,0.02208
20551746,0,1,0.39309,0.56087,0.04604
16110435,2,2,0.00171,0.01072,0.98757
3498474,0,0,0.98532,0.0131,0.00158
4225046,2,2,0.01047,0.24974,0.73979
25639728,1,0,0.63891,0.32505,0.03604
811627,2,2,0.02699,0.28234,0.69067
28717201,1,1,0.27387,0.43946,0.28666
38657084,2,1,0.08287,0.82396,0.09317
14964166,2,2,0.00136,0.00808,0.99056
11521024,2,2,0.0014,0.00977,0.98883
453,2,2,0.01476,0.0934,0.89184
10455819,1,0,0.61416,0.36961,0.01624
22709508,2,2,0.00185,0.01189,0.98626
33126735,2,2,0.00163,0.00981,0.98856
18604126,2,2,0.00159,0.00513,0.99328
23217596,2,0,0.87558,0.11374,0.01068
23035653,0,1,0.25801,0.70409,0.0379
20485947,2,2,0.00204,0.00604,0.99192
31207778,2,2,0.00245,0.00849,0.98906
975225,2,2,0.0012,0.00568,0.99312
5074442,2,1,0.08168,0.73658,0.18174
5836395,2,2,0.00262,0.02032,0.97706
8395365,0,2,0.00222,0.01355,0.98422
22758509,2,2,0.17159,0.28947,0.53895
26611722,2,2,0.00177,0.00505,0.99318
29044465,2,2,0.0014,0.00811,0.99049
8836868,0,0,0.89449,0.09958,0.00593
26175277,2,2,0.00123,0.0087,0.99007
21555378,2,2,0.01495,0.14951,0.83554
29599546,2,2,0.00153,0.01076,0.98771
14995284,2,2,0.00124,0.00633,0.99243
20577943,2,2,0.081,0.07492,0.84408
9101596,0,1,0.08023,0.87615,0.04362
24066466,2,2,0.00142,0.0108,0.98778
33174065,2,2,0.00387,0.02033,0.9758
25227691,2,2,0.00419,0.04817,0.94764
20151177,2,2,0.00109,0.00619,0.99272
17300354,2,2,0.00163,0.01236,0.98601
31532808,1,1,0.10483,0.69162,0.20355
25466965,2,2,0.00355,0.02791,0.96854
19694423,2,2,0.00295,0.00975,0.98729
15965340,2,2,0.00191,0.02544,0.97265
25988023,0,0,0.967,0.0306,0.0024
30517625,2,2,0.00181,0.01653,0.98166
29320283,2,2,0.00145,0.00572,0.99283
10703305,2,2,0.00363,0.02113,0.97524
23219948,0,0,0.56682,0.40194,0.03124
17181628,1,0,0.71122,0.27961,0.00917
15553263,2,2,0.00175,0.01689,0.98136
40776521,2,1,0.208,0.71963,0.07237
11641265,2,2,0.18354,0.38553,0.43093
17059622,0,0,0.83013,0.1641,0.00577
7089463,2,2,0.00149,0.00717,0.99134
35936754,0,1,0.37373,0.59026,0.03601
24684519,1,1,0.4011,0.57007,0.02883
12044782,2,2,0.25047,0.19083,0.55869
7418645,2,2,0.00656,0.09364,0.8998
27700304,2,2,0.00859,0.1016,0.88981
25658392,0,0,0.97997,0.01855,0.00147
11490990,0,0,0.54936,0.42286,0.02778
3853008,2,1,0.02853,0.72449,0.24698
27594479,0,0,0.54246,0.44274,0.0148
40413483,2,1,0.03848,0.57439,0.38713
17854858,0,0,0.98545,0.0117,0.00286
27660435,0,0,0.86913,0.1257,0.00517
36088139,2,2,0.00253,0.00965,0.98783
5265714,2,2,0.0014,0.00877,0.98984
36800129,0,0,0.98299,0.01546,0.00155
7904429,2,2,0.00146,0.00897,0.98956
36124442,0,0,0.87152,0.12361,0.00487
36809952,2,2,0.00207,0.01957,0.97836
39196974,2,0,0.85391,0.13858,0.0075
20701464,2,2,0.00126,0.00623,0.99251
12654302,2,2,0.0017,0.016,0.9823
15938265,2,2,0.00231,0.0075,0.99019
14634746,0,0,0.96961,0.0286,0.00179
25190816,2,2,0.00517,0.06849,0.92633
4947493,1,1,0.04972,0.74216,0.20811
22558114,0,0,0.97164,0.02554,0.00282
22735098,2,2,0.00187,0.01499,0.98314
30916637,2,0,0.54438,0.43742,0.0182
22210302,2,2,0.01666,0.38214,0.6012
23494385,1,1,0.04387,0.85395,0.10219
33510089,0,0,0.9695,0.02877,0.00173
10397693,2,2,0.00136,0.00595,0.99269
19386878,0,0,0.72423,0.26747,0.0083
38980946,2,2,0.00312,0.01693,0.97995
34550785,2,2,0.01457,0.20834,0.77709
13614468,2,2,0.00125,0.00877,0.98998
1321987,0,0,0.5809,0.40871,0.01039
13862228,2,2,0.0016,0.01367,0.98473
1628231,2,1,0.02113,0.55781,0.42106
22609128,2,2,0.00167,0.01522,0.9831
5309746,0,0,0.9778,0.02061,0.00159
5283595,2,2,0.00171,0.00846,0.98982
7920584,2,2,0.00227,0.0089,0.98884
28771784,0,0,0.95809,0.04003,0.00188
18548728,2,2,0.0037,0.06114,0.93516
31473450,2,2,0.00136,0.007,0.99164
34824167,2,2,0.00928,0.18131,0.80941
30266406,0,0,0.85094,0.14276,0.0063
6421813,2,2,0.00147,0.00586,0.99267
9239692,2,2,0.00421,0.0441,0.95169
26557017,2,2,0.00179,0.01315,0.98507
2327056,2,2,0.15148,0.327,0.52152
5584280,2,2,0.00103,0.00636,0.99262
17117532,2,2,0.00292,0.02168,0.97541
28647043,2,2,0.00114,0.00609,0.99276
17246219,1,2,0.0436,0.34026,0.61614
31366079,0,0,0.98251,0.01604,0.00145
23936079,0,0,0.61945,0.36989,0.01066
38017762,0,0,0.96785,0.03007,0.00208
38321904,2,2,0.00134,0.00648,0.99218
30419754,2,2,0.00155,0.01699,0.98147
15914797,2,2,0.00904,0.04704,0.94392
35438512,2,2,0.00116,0.00781,0.99103
15523458,2,2,0.00719,0.09483,0.89798
17821997,0,1,0.19455,0.77627,0.02917
35334379,0,0,0.8403,0.15605,0.00366
20413916,2,2,0.00148,0.01728,0.98124
35715182,2,2,0.00202,0.01669,0.9813
4254477,0,2,0.37179,0.19861,0.4296
10403258,2,2,0.00367,0.05406,0.94226
27581598,2,2,0.00689,0.11899,0.87412
40820848,2,1,0.06428,0.83692,0.09879
19664327,2,2,0.002,0.00739,0.99061
3203215,2,2,0.00241,0.00965,0.98794
28682566,2,2,0.00134,0.00796,0.99071
30409550,2,2,0.0022,0.02364,0.97416
26864249,2,2,0.00134,0.00614,0.99253
7007291,0,2,0.00361,0.02509,0.9713
16551973,2,2,0.0014,0.00867,0.98994
3328566,2,2,0.00207,0.00811,0.98983
24891824,0,0,0.98591,0.01157,0.00252
8249519,2,2,0.00227,0.02441,0.97332
14849069,2,2,0.00314,0.02529,0.97157
30020184,0,0,0.98381,0.01459,0.0016
6994527,2,1,0.46113,0.51443,0.02444
39043131,1,0,0.77808,0.21355,0.00838
13539858,2,2,0.00907,0.21144,0.77948
19591364,2,2,0.00372,0.02722,0.96906
11478744,2,2,0.00118,0.00775,0.99107
28684849,2,2,0.00283,0.02012,0.97705
25457480,0,0,0.90912,0.0864,0.00448
31895329,0,0,0.9793,0.01913,0.00157
13543359,0,0,0.78037,0.19031,0.02933
19579612,2,2,0.00135,0.01256,0.98609
28944178,2,2,0.00798,0.1781,0.81392
36674396,2,2,0.00632,0.01126,0.98242
22881992,2,2,0.00214,0.0189,0.97896
41098612,0,0,0.93082,0.0669,0.00227
32399811,1,1,0.11338,0.83451,0.05211
19202237,2,2,0.00393,0.04968,0.94639
34345250,2,2,0.00604,0.11134,0.88262
35603890,0,1,0.46845,0.51449,0.01706
6468213,2,2,0.00302,0.01739,0.97959
39977118,0,0,0.9747,0.02379,0.00151
39589639,2,2,0.00763,0.03882,0.95355
9622434,0,0,0.96605,0.03199,0.00195
21059423,2,2,0.0018,0.02183,0.97638
8932997,0,0,0.9872,0.0111,0.00171
41163334,0,0,0.64099,0.30996,0.04904
305590,2,2,0.00191,0.00745,0.99064
9265029,2,2,0.00322,0.04549,0.95129
9529429,2,2,0.02309,0.10373,0.87318
10044967,2,2,0.00118,0.006,0.99282
30795146,2,2,0.00182,0.00837,0.98981
28906645,1,0,0.88028,0.11457,0.00515
21569844,0,0,0.5529,0.42063,0.02647
35704675,2,2,0.01598,0.0769,0.90712
27701111,0,0,0.85086,0.14275,0.0064
27846786,2,2,0.00142,0.01172,0.98687
25085836,0,0,0.75715,0.22034,0.02251
40437770,2,2,0.00164,0.00559,0.99277
26299092,2,2,0.31745,0.31467,0.36788
35749496,2,2,0.00902,0.0642,0.92679
38155974,2,2,0.0054,0.04237,0.95222
18395117,2,2,0.00526,0.08197,0.91277
35179530,2,0,0.67443,0.28781,0.03775
1946726,0,1,0.13481,0.6793,0.18589
3536950,2,2,0.17159,0.28947,0.53895
8669707,1,2,0.01267,0.29531,0.69201
18017998,2,2,0.00272,0.01184,0.98544
28871007,2,2,0.00145,0.00581,0.99274
25490509,2,1,0.02413,0.54486,0.43102
22713554,1,1,0.02608,0.79865,0.17527
1591766,2,2,0.00876,0.12525,0.86599
15950352,2,2,0.01059,0.04372,0.9457
39393878,2,2,0.00106,0.00628,0.99266
29890130,2,1,0.02262,0.6663,0.31107
22812260,2,2,0.00583,0.02876,0.96541
4366706,2,2,0.00161,0.00739,0.991
40218730,2,2,0.00407,0.04456,0.95136
40014094,1,1,0.18493,0.77554,0.03953
15139941,2,2,0.00122,0.00559,0.99319
32081221,2,1,0.04965,0.64384,0.30651
11661625,0,0,0.98731,0.01047,0.00223
16804184,0,0,0.66246,0.32666,0.01088
1742454,0,0,0.78717,0.18371,0.02912
29156841,2,2,0.00116,0.00643,0.99241
1890544,0,0,0.79066,0.20069,0.00865
9193288,1,1,0.37413,0.61203,0.01384
12885831,2,2,0.00512,0.06429,0.93059
14187804,2,2,0.00116,0.00884,0.99
19870659,2,2,0.00334,0.05462,0.94204
29363529,2,2,0.00142,0.00873,0.98985
38131085,2,2,0.0012,0.00464,0.99416
34540936,2,2,0.00211,0.01637,0.98152
25241612,2,2,0.00181,0.01672,0.98147
16115908,1,1,0.12591,0.69409,0.18001
12866775,2,2,0.00202,0.01377,0.98421
17876655,2,2,0.00256,0.01212,0.98532
41587176,0,0,0.96418,0.03401,0.0018
7224544,1,1,0.06511,0.84762,0.08727
29476046,2,2,0.00681,0.16825,0.82494
29553123,0,0,0.62464,0.34094,0.03442
14613269,0,0,0.79354,0.19599,0.01047
26654075,0,2,0.17159,0.28947,0.53895
26758480,2,2,0.00184,0.01295,0.98521
11131004,2,2,0.00228,0.0172,0.98051
8856768,2,2,0.00634,0.03794,0.95572
29046166,1,1,0.35076,0.63021,0.01903
36019758,0,0,0.52113,0.44228,0.03659
29691384,1,1,0.46986,0.48288,0.04726
16351032,2,2,0.00193,0.016,0.98208
40672194,0,2,0.1798,0.31495,0.50525
13427486,2,1,0.04994,0.78126,0.16879
29575994,2,2,0.00183,0.00739,0.99079
34720227,2,2,0.00237,0.01284,0.98479
38087719,2,2,0.00137,0.01145,0.98718
37267002,2,2,0.0016,0.01383,0.98457
33270858,2,2,0.00204,0.01942,0.97854
9950981,0,0,0.97213,0.02616,0.00171
33319732,2,2,0.00274,0.00699,0.99027
22294274,2,2,0.00135,0.00988,0.98876
39883948,2,2,0.00163,0.01123,0.98714
12615684,2,2,0.00174,0.00673,0.99152
15875943,2,2,0.00394,0.0609,0.93515
35261822,1,1,0.21094,0.76858,0.02048
34493674,0,0,0.97835,0.01976,0.00189
39240533,2,2,0.01022,0.04081,0.94897
37462855,0,1,0.29875,0.67061,0.03064
21565181,2,2,0.002,0.01101,0.987
18691047,0,0,0.57489,0.38147,0.04364
14903583,2,2,0.00706,0.12376,0.86918
512957,1,0,0.54048,0.41117,0.04835
37253640,0,0,0.57462,0.35401,0.07136
23425999,2,2,0.00142,0.01027,0.98831
39691467,1,0,0.55049,0.33,0.11952
21420243,2,2,0.00156,0.01136,0.98709
30338216,0,0,0.67423,0.31111,0.01466
15598600,2,2,0.00612,0.01998,0.97391
6259072,2,2,0.0012,0.00824,0.99056
6410970,1,1,0.18415,0.79138,0.02446
3112759,2,2,0.00722,0.0092,0.98358
40356444,0,0,0.76522,0.22269,0.01208
5464028,2,2,0.00413,0.01724,0.97864
34370242,1,2,0.01938,0.41432,0.5663
15299182,1,1,0.13694,0.78192,0.08114
33524204,0,0,0.60396,0.37647,0.01957
781462,0,0,0.59426,0.37922,0.02652
39397020,2,2,0.00357,0.05114,0.94529
5842460,1,0,0.5953,0.38586,0.01884
16915406,1,0,0.75373,0.22987,0.01639
3099135,2,2,0.00248,0.01161,0.9859
20893224,0,0,0.74305,0.24313,0.01382
38830091,0,0,0.81942,0.16486,0.01573
4576327,2,2,0.00456,0.02584,0.9696
7624101,1,0,0.83306,0.1615,0.00544
9380821,2,2,0.00211,0.01879,0.9791
21486684,2,2,0.00195,0.01912,0.97893
6875833,2,2,0.00206,0.00939,0.98854
24243206,2,2,0.00624,0.05253,0.94122
21246162,2,2,0.00116,0.00808,0.99076
35203155,0,0,0.98547,0.01295,0.00158
17058539,0,0,0.98021,0.01224,0.00754
19508243,2,2,0.00186,0.02145,0.97669
31731364,0,1,0.14647,0.71674,0.13679
2195987,0,0,0.80231,0.18982,0.00787
20222675,2,2,0.00168,0.01241,0.98591
24724547,2,2,0.00272,0.04429,0.95299
8046640,1,0,0.87503,0.11049,0.01448
39190276,2,2,0.00259,0.01767,0.97975
15479974,0,0,0.60823,0.36891,0.02286
30305945,2,2,0.00128,0.00643,0.99229
23947332,0,0,0.98411,0.01205,0.00384
6979183,0,0,0.96476,0.03335,0.00189
12690859,0,0,0.82564,0.16905,0.00531
13660779,0,0,0.92247,0.07455,0.00298
20032528,2,2,0.00142,0.00745,0.99113
27151238,2,2,0.00555,0.06102,0.93343
5263730,2,2,0.01169,0.35516,0.63315
36016697,2,2,0.00462,0.02863,0.96675
28574662,0,0,0.74391,0.24531,0.01078
11547008,2,2,0.00144,0.01097,0.98759
33345872,2,2,0.00833,0.01311,0.97855
14334801,2,2,0.0022,0.0089,0.98891
22115990,2,2,0.00133,0.00847,0.9902
40877514,0,0,0.97494,0.0237,0.00136
15902075,2,2,0.00268,0.01249,0.98482
37967772,0,0,0.93507,0.06161,0.00332
8904984,2,2,0.00185,0.00866,0.98949
13920109,2,2,0.00128,0.00604,0.99268
21186218,1,1,0.0268,0.5018,0.4714
6817464,2,1,0.15927,0.81004,0.03068
24878428,2,2,0.00209,0.0135,0.98441
504517,0,1,0.42652,0.54766,0.02582
29027499,2,2,0.00205,0.01551,0.98244
33826436,2,2,0.17159,0.28947,0.53895
17997043,2,2,0.00173,0.0118,0.98646
30433601,2,2,0.00477,0.02668,0.96854
11360066,2,2,0.00114,0.00844,0.99042
13553437,0,0,0.97752,0.02021,0.00228
26712607,0,0,0.97762,0.01959,0.00279
38914576,1,0,0.7107,0.2805,0.00881
39360822,2,1,0.08532,0.56514,0.34954
27762962,2,2,0.00298,0.03182,0.9652
31551619,2,2,0.04181,0.06083,0.89736
25565767,2,2,0.00196,0.01194,0.9861
12306233,0,0,0.98507,0.013,0.00193
39348229,2,2,0.00144,0.01097,0.98759
29997967,2,2,0.00408,0.01411,0.98181
19103859,2,2,0.00133,0.0114,0.98727
25165875,0,0,0.52402,0.46245,0.01353
9940198,0,0,0.93951,0.05731,0.00318
35438384,2,2,0.00233,0.01289,0.98478
17100956,2,2,0.00298,0.03001,0.96701
25985170,0,0,0.97081,0.02633,0.00286
34513148,1,1,0.38311,0.60272,0.01417
4001580,2,2,0.00146,0.01163,0.98691
25266179,2,2,0.0016,0.01383,0.98457
29479209,0,1,0.05393,0.70485,0.24122
2978650,2,1,0.33642,0.60208,0.06151
577332,1,1,0.27776,0.70377,0.01846
37912151,2,2,0.00144,0.0086,0.98996
22952951,2,2,0.00157,0.01641,0.98202
34343203,0,0,0.74403,0.24922,0.00675
37329512,2,1,0.07307,0.63621,0.29071
28173575,0,0,0.89983,0.09671,0.00345
24593814,2,2,0.01308,0.06248,0.92444
5398616,2,2,0.00146,0.01132,0.98722
22718661,2,2,0.00595,0.06838,0.92567
37694709,0,0,0.95957,0.03809,0.00234
14653638,0,0,0.93682,0.06071,0.00247
34214311,2,2,0.00163,0.00969,0.98867
26374709,2,2,0.00828,0.12006,0.87166
23076092,0,0,0.74673,0.24148,0.01179
16243101,2,2,0.0013,0.00692,0.99178
37225124,0,0,0.93984,0.05677,0.00339
32794038,2,2,0.00467,0.03356,0.96177
39088658,2,2,0.00144,0.01004,0.98852
10840514,2,2,0.00153,0.01167,0.9868
33973822,1,0,0.63636,0.34734,0.01631
31001301,0,0,0.71719,0.26384,0.01896
31860239,0,0,0.69847,0.29117,0.01036
3545680,2,0,0.51463,0.38244,0.10293
7231711,0,0,0.63451,0.35593,0.00956
30991343,2,2,0.00287,0.00662,0.99051
5875175,2,2,0.00354,0.04442,0.95204
40911426,2,2,0.00206,0.01027,0.98767
40769846,2,2,0.00136,0.00736,0.99128
6908352,2,2,0.00106,0.00684,0.9921
27982622,2,2,0.00131,0.01167,0.98702
37075441,1,1,0.31289,0.6702,0.01691
7328626,2,2,0.00118,0.00676,0.99206
2073422,0,0,0.73934,0.24286,0.0178
801947,2,2,0.0122,0.03368,0.95412
15926207,2,2,0.00184,0.01499,0.98317
13885269,0,0,0.96282,0.03529,0.00189
24215654,2,2,0.00158,0.0114,0.98702
33515213,2,2,0.00116,0.00638,0.99246
6672590,2,2,0.00133,0.00973,0.98893
33185239,2,2,0.00138,0.00736,0.99126
26527042,2,2,0.00138,0.00947,0.98915
16668034,2,2,0.00111,0.00648,0.99241
29970334,1,1,0.26217,0.71266,0.02516
16405711,2,1,0.04113,0.83915,0.11972
34685338,2,2,0.00122,0.00638,0.9924
12540527,2,2,0.00108,0.00619,0.99274
5268324,2,2,0.00257,0.02296,0.97447
32236154,2,2,0.00133,0.0086,0.99007
29811889,0,0,0.61018,0.36578,0.02403
38371850,2,2,0.00197,0.01035,0.98768
19703000,0,1,0.07752,0.86327,0.05921
35978890,2,2,0.00123,0.00996,0.9888
35129237,2,2,0.00202,0.01656,0.98142
6771558,2,2,0.00111,0.00671,0.99218
35638712,2,2,0.01605,0.37239,0.61157
5877723,2,2,0.00189,0.01927,0.97884
20340920,0,1,0.18793,0.78199,0.03008
4260996,2,2,0.00439,0.03184,0.96377
28297602,2,2,0.00129,0.00827,0.99043
6469210,2,2,0.00135,0.0102,0.98845
30590420,2,2,0.0017,0.01404,0.98426
29372070,0,0,0.43025,0.30416,0.26559
13573612,1,1,0.22033,0.75268,0.02699
19762578,2,2,0.00492,0.02709,0.96799
23531328,0,0,0.55544,0.43258,0.01199
13931017,2,2,0.14199,0.16455,0.69346
6487186,1,1,0.07763,0.87126,0.05111
7394903,2,2,0.00156,0.01114,0.9873
12552254,2,2,0.0457,0.44737,0.50693
15422039,2,2,0.00179,0.01158,0.98663
5452308,2,1,0.10651,0.84434,0.04915
29467446,2,2,0.00159,0.00572,0.99269
22494151,2,2,0.00225,0.01605,0.98169
26896090,0,0,0.98588,0.01241,0.00171
26956549,2,2,0.00144,0.00771,0.99084
17068394,0,0,0.90077,0.09513,0.00411
37655937,0,2,0.01672,0.24962,0.73366
7295834,2,2,0.0033,0.03731,0.95939
3144793,2,2,0.00127,0.00811,0.99061
11667888,2,2,0.00109,0.00754,0.99137
40646083,0,0,0.68824,0.28245,0.02931
36210756,1,1,0.14916,0.80083,0.05001
22408620,2,2,0.00154,0.00638,0.99208
8838217,0,1,0.39992,0.57961,0.02046
21436878,2,2,0.00109,0.00581,0.99309
31603867,2,2,0.00351,0.02406,0.97243
22811762,2,2,0.17159,0.28947,0.53895
14191744,0,2,0.14918,0.35786,0.49297
21785733,2,2,0.00183,0.01802,0.98014
29888482,2,2,0.00129,0.01145,0.98726
35463298,2,2,0.00812,0.1508,0.84108
17089550,2,1,0.09453,0.85747,0.048
10760514,2,2,0.00743,0.10664,0.88593
29076646,2,1,0.06609,0.78039,0.15352
2650356,2,2,0.00129,0.01016,0.98855
16582870,2,2,0.00129,0.00873,0.98997
1719332,2,2,0.13554,0.30485,0.55961
30432598,0,0,0.97658,0.02179,0.00164
41616472,0,0,0.85457,0.14115,0.00428
40470838,2,2,0.00219,0.01335,0.98447
9477865,2,2,0.00144,0.01199,0.98657
35073396,0,0,0.96498,0.03114,0.00388
25126243,2,2,0.00541,0.08494,0.90965
28850391,2,2,0.00161,0.01008,0.98832
15220073,0,0,0.70736,0.28247,0.01017
11994499,2,2,0.01482,0.31943,0.66575
4167453,2,2,0.0062,0.05955,0.93425
19561233,0,0,0.90213,0.09306,0.00481
27554910,0,0,0.96745,0.0309,0.00165
2696769,2,2,0.00355,0.02791,0.96854
36844250,0,0,0.98416,0.01432,0.00153
29647337,2,2,0.0044,0.01602,0.97958
19087240,2,2,0.00144,0.01232,0.98624
3114473,2,2,0.00158,0.01131,0.98711
13157753,0,0,0.97774,0.02057,0.00169
34811856,0,0,0.84493,0.14972,0.00535
1088900,2,2,0.02361,0.25886,0.71753
27339286,2,2,0.00207,0.02182,0.97611
4674823,2,2,0.0013,0.00703,0.99167
39933458,2,2,0.00638,0.11824,0.87538
29507648,0,0,0.97717,0.02109,0.00174
8787421,2,2,0.00206,0.01148,0.98646
28390430,2,2,0.0041,0.03885,0.95705
39956467,2,2,0.00171,0.01114,0.98715
9157280,2,2,0.00838,0.10935,0.88226
9714935,2,1,0.06293,0.85531,0.08176
9360189,2,2,0.01644,0.05024,0.93332
17694166,2,2,0.00178,0.01393,0.98428
38565125,2,2,0.00201,0.0196,0.97839
4711693,0,0,0.8798,0.11631,0.00389
14919933,2,2,0.00429,0.02565,0.97006
4841183,2,2,0.0025,0.02083,0.97667
34092548,2,2,0.00735,0.02264,0.97002
14815124,2,2,0.00147,0.00818,0.99036
21597053,2,2,0.00111,0.00614,0.99275
11061753,2,2,0.0019,0.01203,0.98607
1274977,2,2,0.00549,0.02671,0.9678
14650909,2,0,0.78663,0.20124,0.01213
8325734,2,2,0.0023,0.00817,0.98953
28769597,0,0,0.5525,0.41705,0.03045
41458453,2,2,0.00113,0.00604,0.99283
14376866,0,0,0.98639,0.00952,0.00409
6290810,1,0,0.64293,0.34684,0.01023
18568260,2,2,0.00209,0.01113,0.98677
36492988,0,0,0.8694,0.12574,0.00486
32815213,0,1,0.17306,0.78743,0.03951
3787467,2,2,0.00238,0.00613,0.99149
2633153,2,2,0.0109,0.08163,0.90747
937613,2,2,0.00111,0.00542,0.99347
36981148,2,1,0.0811,0.79081,0.12809
15983149,1,1,0.01994,0.59189,0.38817
19107173,2,2,0.0039,0.0426,0.95351
6334549,0,0,0.94768,0.04986,0.00246
37972160,0,0,0.93317,0.06319,0.00364
23449058,2,2,0.00673,0.05451,0.93876
6214455,2,2,0.00272,0.0124,0.98488
21150973,2,2,0.02762,0.15255,0.81984
11611947,2,1,0.05974,0.65243,0.28782
35418689,2,2,0.00439,0.07774,0.91788
21101027,0,0,0.90036,0.09602,0.00362
37670123,0,0,0.93792,0.0588,0.00328
36151244,2,2,0.00134,0.00742,0.99124
36419767,0,0,0.91969,0.07683,0.00348
39069505,0,1,0.26621,0.70001,0.03378
21219107,1,1,0.06897,0.81117,0.11986
33613912,1,0,0.69844,0.28552,0.01605
37201716,2,2,0.00227,0.02108,0.97665
29408798,0,0,0.98466,0.01367,0.00168
37899568,0,0,0.95181,0.04611,0.00208
35569300,2,2,0.00932,0.02552,0.96516
32316205,0,0,0.86828,0.12656,0.00516
12222440,2,2,0.00111,0.00542,0.99347
29119913,2,1,0.12878,0.77363,0.09759
36365901,0,0,0.7812,0.21026,0.00854
26334103,2,2,0.00173,0.01619,0.98209
7876417,2,2,0.00183,0.01927,0.9789
36999103,2,2,0.00177,0.00604,0.99219
34903209,0,0,0.96958,0.02871,0.0017
14300574,2,2,0.00138,0.00717,0.99145
10708057,1,1,0.16753,0.81103,0.02144
18863382,2,2,0.00125,0.00894,0.98981
28632152,2,2,0.0059,0.01802,0.97609
36653401,2,2,0.01486,0.1413,0.84384
26411009,2,2,0.00225,0.01551,0.98224
26942098,2,2,0.00739,0.13837,0.85424
27035448,2,2,0.00232,0.0172,0.98048
3090411,2,2,0.00242,0.01975,0.97783
21526544,2,2,0.00154,0.00796,0.99051
1565798,2,2,0.00166,0.00792,0.99041
130061,2,2,0.00126,0.00555,0.99319
25823124,2,2,0.0022,0.00869,0.98911
20114217,0,0,0.82373,0.1654,0.01087
9639366,2,2,0.00925,0.10442,0.88633
9335718,2,2,0.00178,0.01534,0.98288
26514155,0,0,0.89985,0.09653,0.00362
22772031,0,0,0.80242,0.19209,0.00549
11655660,2,2,0.00144,0.0119,0.98666
27385212,2,2,0.00272,0.01324,0.98404
25817457,2,2,0.00798,0.04098,0.95105
7827397,2,2,0.0014,0.00719,0.9914
12565617,2,2,0.00161,0.00966,0.98874
13613329,2,2,0.00365,0.04583,0.95052
6039265,2,2,0.02721,0.30305,0.66973
30923148,0,0,0.96821,0.02995,0.00184
26608081,2,2,0.00487,0.05245,0.94268
1544235,2,2,0.00118,0.0059,0.99292
7788507,2,2,0.00709,0.02042,0.97249
38079946,0,0,0.98356,0.01136,0.00508
22370900,2,2,0.00196,0.01246,0.98558
11971165,2,2,0.00127,0.00725,0.99147
37389286,0,0,0.76363,0.22573,0.01064
10556670,0,0,0.9489,0.04903,0.00208
4514887,2,2,0.00128,0.00633,0.99239
39883768,2,2,0.0014,0.00768,0.99092
24554402,2,2,0.01391,0.04104,0.94505
35970192,2,2,0.00218,0.01533,0.98249
22523959,2,2,0.00189,0.01891,0.9792
33103742,0,0,0.89703,0.09622,0.00674
29700100,2,2,0.0764,0.07611,0.84749
14603036,2,2,0.00299,0.0123,0.98471
14758692,2,2,0.00175,0.0154,0.98285
21615834,2,2,0.00158,0.0119,0.98652
27259190,0,0,0.90599,0.08988,0.00413
23089400,2,1,0.03223,0.5366,0.43117
22259897,2,2,0.00359,0.03103,0.96538
13019263,2,2,0.00407,0.00881,0.98712
21890430,1,1,0.30468,0.6786,0.01673
3264380,2,2,0.00643,0.08261,0.91096
41244002,2,2,0.00131,0.00887,0.98982
7190472,2,2,0.01644,0.13391,0.84965
31138382,2,2,0.00114,0.00793,0.99093
37145601,2,2,0.00234,0.00918,0.98849
10261311,2,2,0.00644,0.0673,0.92627
35449795,2,2,0.00244,0.04172,0.95584
19903760,2,1,0.20353,0.76513,0.03133
14762576,2,2,0.00182,0.01241,0.98578
13197350,2,2,0.01933,0.0419,0.93877
22824229,2,2,0.00299,0.04291,0.9541
6144468,2,1,0.08928,0.8672,0.04351
1779737,2,2,0.00282,0.03866,0.95851
19392329,2,2,0.00437,0.03606,0.95956
15075073,2,2,0.05341,0.13679,0.8098
17795333,0,0,0.97643,0.02195,0.00161
13386776,2,2,0.00197,0.00689,0.99114
21985754,2,2,0.00149,0.00925,0.98926
40689044,0,0,0.93983,0.05633,0.00384
10851996,2,2,0.00293,0.01793,0.97914
35648510,2,2,0.00264,0.02793,0.96943
37287232,2,2,0.00977,0.1378,0.85243
1433316,2,2,0.00411,0.06534,0.93055
14686034,0,0,0.87423,0.12065,0.00512
35535591,2,2,0.01092,0.05081,0.93827
6637066,2,2,0.00356,0.02601,0.97043
39607033,2,2,0.00109,0.00619,0.99272
35566343,2,2,0.00124,0.00757,0.9912
41040761,2,1,0.06805,0.7849,0.14705
38394998,0,0,0.98482,0.01299,0.00219
7161396,2,1,0.41448,0.47243,0.11309
6821405,2,2,0.00196,0.01356,0.98448
34818646,2,2,0.0014,0.0087,0.9899
23901038,0,0,0.95512,0.04265,0.00222
38851293,2,2,0.00156,0.01089,0.98756
26023408,2,2,0.00251,0.01458,0.98291
25955674,2,2,0.00142,0.00628,0.9923
21340128,2,2,0.00161,0.01023,0.98816
29083454,2,2,0.00156,0.0089,0.98954
5589269,0,0,0.62414,0.36406,0.01179
40046286,2,2,0.00217,0.02096,0.97687
35859468,0,0,0.98425,0.01382,0.00193
9801212,2,1,0.36801,0.60675,0.02524
22293044,1,1,0.26149,0.49093,0.24758
26880893,2,2,0.00518,0.05373,0.94109
15474875,2,2,0.00173,0.0154,0.98287
14547697,2,2,0.00477,0.04238,0.95285
22728270,2,2,0.0014,0.007,0.9916
11810690,1,1,0.05322,0.84559,0.10119
10629036,2,2,0.00275,0.03177,0.96547
1865284,2,2,0.00142,0.00787,0.99071
14608965,2,2,0.00271,0.01648,0.9808
40840407,2,2,0.00431,0.03654,0.95915
14365121,2,2,0.00122,0.00628,0.9925
30892308,1,0,0.68795,0.28344,0.02862
33994137,2,2,0.00214,0.00628,0.99159
23177743,2,2,0.00682,0.05729,0.9359
5317596,0,0,0.78832,0.17538,0.0363
40757906,2,2,0.00371,0.04472,0.95157
10285254,2,2,0.00149,0.00985,0.98867
22181830,2,2,0.00206,0.01023,0.98771
18317422,2,2,0.00732,0.11915,0.87353
938005,2,2,0.0014,0.00555,0.99305
2085173,2,2,0.01359,0.01844,0.96797
17578737,2,2,0.01171,0.15479,0.83351
31439811,2,2,0.00202,0.01522,0.98276
2690673,2,2,0.00148,0.01084,0.98767
27306161,2,2,0.00697,0.10875,0.88428
30770935,1,0,0.48934,0.478,0.03266
37055161,2,2,0.00177,0.00705,0.99118
9724073,2,1,0.22297,0.74552,0.0315
1876846,2,2,0.00685,0.01538,0.97777
28938788,2,2,0.00371,0.05888,0.9374
11314741,2,2,0.00172,0.01895,0.97933
1190491,2,2,0.08721,0.42259,0.49021
23590492,2,2,0.01799,0.31756,0.66445
11721010,2,2,0.00324,0.00975,0.98701
16877429,2,2,0.0051,0.03813,0.95677
37777642,2,2,0.00191,0.00833,0.98976
38276752,2,2,0.00303,0.02922,0.96774
32462496,2,2,0.00151,0.00827,0.99022
5083375,2,2,0.00108,0.00577,0.99316
28357465,2,2,0.00369,0.02089,0.97543
12411805,2,1,0.08395,0.85118,0.06487
33450842,0,0,0.54225,0.44604,0.0117
35821165,2,2,0.00124,0.00722,0.99154
6466085,2,2,0.00123,0.00844,0.99033
11879468,2,2,0.00144,0.00719,0.99136
8269448,2,2,0.00211,0.01869,0.97921
5448394,2,1,0.05117,0.78803,0.1608
11788100,0,0,0.95497,0.04239,0.00264
24066808,2,2,0.00129,0.00731,0.9914
3872156,2,2,0.00194,0.00705,0.991
13912287,2,2,0.02312,0.05344,0.92345
28165907,2,2,0.00185,0.00893,0.98921
34763536,2,2,0.00128,0.00568,0.99304
28474604,2,0,0.55907,0.42532,0.01561
11885726,2,2,0.00154,0.00887,0.9896
29708560,1,2,0.00372,0.01302,0.98326
37936844,2,2,0.00376,0.01738,0.97886
16003243,0,0,0.93486,0.06263,0.00251
36399282,2,1,0.21663,0.49733,0.28604
34715673,0,0,0.95967,0.03826,0.00207
11127318,0,1,0.45401,0.52666,0.01933
39585874,2,2,0.00287,0.00657,0.99056
10069105,2,2,0.0012,0.0059,0.9929
24085610,2,2,0.01229,0.09143,0.89628
9092487,0,1,0.08283,0.85634,0.06083
9061289,2,2,0.0013,0.00581,0.99289
20115494,2,2,0.0233,0.31668,0.66002
19883472,0,1,0.43811,0.53678,0.02511
5283878,2,1,0.03132,0.61445,0.35423
6785172,0,0,0.95029,0.04708,0.00263
7101569,2,2,0.0099,0.07026,0.91983
19340335,0,0,0.96861,0.02971,0.00168
40997637,0,0,0.8606,0.13069,0.0087
14316401,2,1,0.05665,0.83896,0.10439
23901185,0,1,0.34238,0.46253,0.19508
28263764,0,0,0.98684,0.0103,0.00286
37650673,2,2,0.00104,0.00551,0.99345
41062827,0,0,0.40769,0.31183,0.28048
28193977,0,0,0.97602,0.02262,0.00136
40152347,2,2,0.00127,0.00748,0.99125
20385649,0,0,0.96458,0.03328,0.00214
24897978,0,0,0.68428,0.30603,0.00968
5386617,2,2,0.0025,0.01864,0.97885
2976147,1,0,0.78793,0.15928,0.05279
2512160,0,0,0.59534,0.39044,0.01422
6477753,2,2,0.00144,0.01031,0.98825
7841695,2,2,0.06187,0.22454,0.71359
13694963,2,1,0.12463,0.82792,0.04744
40001004,2,2,0.00274,0.0202,0.97706
33048638,2,2,0.0036,0.03005,0.96636
9824445,0,0,0.92608,0.07058,0.00334
8477701,2,2,0.01683,0.35155,0.63162
14103139,2,2,0.0045,0.03855,0.95695
25544934,0,0,0.53827,0.44974,0.01199
34291909,2,2,0.00544,0.02069,0.97387
33191962,0,0,0.98042,0.01796,0.00162
1267340,1,2,0.01195,0.13704,0.85101
15419331,2,2,0.00324,0.02617,0.97059
10354066,2,2,0.00134,0.00689,0.99177
25590490,2,2,0.00289,0.01497,0.98214
13478056,0,0,0.73661,0.24008,0.02331
33291566,0,1,0.23705,0.73732,0.02563
33803631,2,2,0.00412,0.06357,0.93231
19587460,2,2,0.00591,0.01593,0.97816
34175079,2,2,0.00669,0.04577,0.94754
17876293,0,1,0.08889,0.83357,0.07753
24376494,0,0,0.81642,0.17281,0.01077
20628398,2,2,0.0013,0.00479,0.99392
12283498,2,2,0.17159,0.28947,0.53895
6944012,2,2,0.00704,0.07032,0.92264
500451,2,2,0.09814,0.09291,0.80895
41609207,0,0,0.70712,0.27476,0.01812
11541011,2,2,0.00193,0.01315,0.98492
15195007,0,0,0.96429,0.03405,0.00167
37965944,2,1,0.15192,0.58922,0.25886
26495880,2,2,0.00255,0.01498,0.98247
37115143,0,0,0.95049,0.047,0.00251
32759842,2,2,0.01119,0.22834,0.76047
15605794,0,0,0.95916,0.03907,0.00177
26882264,2,2,0.02101,0.03546,0.94353
32756982,2,2,0.00935,0.02225,0.96841
35143186,2,1,0.08896,0.8691,0.04194
36138739,2,1,0.21203,0.76505,0.02292
26916271,0,0,0.78275,0.2066,0.01065
21667723,2,2,0.00343,0.06088,0.93569
28459179,2,2,0.00269,0.02394,0.97337
12616496,2,2,0.07769,0.19944,0.72287
7569517,2,2,0.00196,0.01166,0.98637
39953719,2,2,0.00779,0.04866,0.94355
14513155,2,2,0.01461,0.45811,0.52728
33131660,2,2,0.00241,0.0113,0.98629
37944687,0,0,0.82727,0.16611,0.00662
9127328,0,0,0.75586,0.21195,0.03219
39690785,2,2,0.00158,0.0129,0.98552
18870396,2,2,0.00129,0.00802,0.99069
21069598,2,2,0.0025,0.02083,0.97667
4945546,2,2,0.00184,0.0132,0.98496
31219202,2,2,0.00147,0.0084,0.99013
6750846,1,0,0.85286,0.14253,0.00462
13464948,2,2,0.0019,0.01459,0.98351
30106115,2,2,0.00129,0.00818,0.99053
34731757,2,2,0.0018,0.01961,0.97859
3740151,2,2,0.02493,0.41197,0.5631
30949459,2,2,0.00415,0.02645,0.9694
10939558,2,2,0.0021,0.00633,0.99157
17583779,0,0,0.91238,0.08453,0.00309
1038605,0,1,0.48428,0.49966,0.01606
27192115,0,0,0.89814,0.09729,0.00457
28736123,2,2,0.01083,0.16812,0.82105
34955508,0,0,0.96725,0.03108,0.00167
26015365,2,2,0.00302,0.03409,0.96289
13222411,2,1,0.05135,0.69787,0.25078
39872714,0,0,0.97642,0.017,0.00658
28956935,2,2,0.00302,0.04682,0.95015
27723994,2,2,0.00419,0.0327,0.96311
25543743,2,2,0.03913,0.47856,0.48231
24315855,0,0,0.85085,0.14081,0.00834
18302842,2,2,0.00109,0.00568,0.99323
6632181,2,2,0.00606,0.10847,0.88547
20492312,2,2,0.00179,0.01047,0.98774
30929297,2,2,0.00114,0.00572,0.99313
33339186,2,2,0.00229,0.02768,0.97003
1659669,2,2,0.00134,0.0076,0.99107
24182015,0,0,0.93722,0.05907,0.00371
8232271,0,0,0.8737,0.122,0.00431
7896041,2,2,0.0026,0.01092,0.98648
32569062,0,0,0.84944,0.14003,0.01053
23519665,2,2,0.00242,0.02017,0.97741
19659746,2,2,0.00231,0.00501,0.99268
11852924,0,0,0.97135,0.02697,0.00168
6699099,1,1,0.05205,0.50356,0.44439
26503956,2,2,0.00224,0.01883,0.97893
13698448,2,2,0.00177,0.007,0.99123
37081817,0,0,0.96516,0.01911,0.01572
6022192,2,2,0.00181,0.01305,0.98514
25573921,2,2,0.0036,0.02932,0.96708
33926432,2,2,0.00295,0.0091,0.98795
32977721,2,2,0.00526,0.12441,0.87034
32892268,2,2,0.05847,0.16526,0.77627
28294101,2,2,0.00213,0.00925,0.98862
3907065,2,2,0.00208,0.01606,0.98186
38038202,2,2,0.01208,0.08678,0.90115
12175478,2,2,0.00212,0.01325,0.98463
10119926,2,2,0.02309,0.10373,0.87318
22841152,2,0,0.9369,0.04898,0.01412
35622691,0,1,0.0953,0.71247,0.19223
7769220,2,2,0.00188,0.00925,0.98887
18946092,2,2,0.00251,0.01727,0.98023
37682900,1,1,0.06815,0.87355,0.0583
10470245,0,1,0.20333,0.53102,0.26565
36103622,0,0,0.94423,0.05364,0.00213
33847431,0,1,0.35767,0.62042,0.0219
14282512,2,2,0.00161,0.00774,0.99065
25268017,2,2,0.00149,0.00618,0.99232
32626903,0,0,0.92272,0.07457,0.00272
22030481,2,2,0.00239,0.01967,0.97794
13022139,0,0,0.86672,0.12933,0.00395
21885116,2,1,0.04681,0.77336,0.17983
29115656,2,2,0.00402,0.05849,0.9375
17147815,0,0,0.89603,0.09994,0.00402
36440683,0,0,0.74346,0.22149,0.03504
9707127,2,2,0.00194,0.00768,0.99038
3602655,2,2,0.00394,0.04767,0.94839
35386521,0,0,0.63891,0.35009,0.01099
6471185,2,2,0.00177,0.02158,0.97665
21969906,0,0,0.98481,0.01378,0.00141
228341,2,2,0.00174,0.02242,0.97584
4417771,0,0,0.92857,0.06793,0.00351
33078361,2,2,0.00179,0.01171,0.9865
21232255,0,0,0.95812,0.03892,0.00296
35715419,2,2,0.17159,0.28947,0.53895
41010097,2,2,0.17159,0.28947,0.53895
16086125,2,2,0.00126,0.00648,0.99226
34173995,2,1,0.05481,0.82453,0.12066
21729270,2,2,0.0023,0.01148,0.98622
9005095,2,2,0.00286,0.02613,0.97101
21630918,2,2,0.00171,0.0127,0.98559
2877138,1,0,0.7078,0.28264,0.00956
10536289,0,0,0.88444,0.11092,0.00464
36073245,2,2,0.00209,0.01194,0.98597
4776143,2,2,0.00707,0.10893,0.884
2401115,2,2,0.02781,0.38687,0.58532
6020377,2,2,0.00127,0.0094,0.98933
34175577,2,2,0.00232,0.01593,0.98175
8748406,1,2,0.01207,0.3392,0.64873
26672561,2,2,0.00193,0.01325,0.98482
40431249,2,2,0.0198,0.3195,0.66071
22138337,2,2,0.02021,0.35122,0.62857
7097046,2,2,0.02262,0.07401,0.90338
15783996,2,2,0.00124,0.00703,0.99173
12120614,0,0,0.84201,0.1492,0.00879
7830486,0,0,0.79135,0.19545,0.0132
5041211,0,0,0.946,0.05183,0.00217
22733330,2,1,0.04183,0.59113,0.36704
27827954,0,0,0.6044,0.25592,0.13968
15346505,2,2,0.00326,0.0357,0.96105
18445955,1,1,0.09819,0.86497,0.03684
36452274,2,2,0.00114,0.0079,0.99096
18762624,2,2,0.17159,0.28947,0.53895
17734977,2,2,0.00256,0.01319,0.98425
33712345,0,0,0.9825,0.01563,0.00187
31671120,0,0,0.96988,0.02854,0.00158
4288902,0,0,0.97847,0.01856,0.00297
4290861,2,1,0.25293,0.71492,0.03216
17265302,2,2,0.00217,0.0199,0.97792
8036273,2,1,0.14453,0.68683,0.16864
21247469,2,2,0.00194,0.01109,0.98697
23431561,0,1,0.03683,0.72256,0.24061
10972784,2,2,0.00349,0.04357,0.95294
9950242,2,2,0.00136,0.00679,0.99185
11274840,0,1,0.38288,0.59302,0.0241
41214426,2,2,0.00211,0.02002,0.97787
4617515,2,2,0.00168,0.01356,0.98476
11637679,2,2,0.00173,0.01372,0.98455
39971727,2,2,0.02015,0.03899,0.94087
16857646,0,0,0.96171,0.03646,0.00183
29950028,1,1,0.25016,0.57117,0.17868
341677,0,0,0.92213,0.0738,0.00407
30997335,2,2,0.00163,0.01341,0.98497
26489834,0,0,0.8309,0.15796,0.01113
7566673,2,1,0.05284,0.69605,0.25111
36399110,2,2,0.07621,0.27821,0.64559
20111780,1,0,0.48329,0.47766,0.03906
37548151,2,2,0.00438,0.06402,0.9316
29232244,2,2,0.00258,0.01864,0.97878
34058979,2,2,0.00423,0.00874,0.98703
17149069,2,2,0.00194,0.01055,0.98751
37928490,2,2,0.00163,0.0087,0.98967
37166970,2,2,0.00579,0.03635,0.95786
4556000,2,2,0.00263,0.01617,0.9812
39149007,2,2,0.0251,0.40819,0.56672
25533068,2,2,0.00318,0.01463,0.9822
8619515,0,0,0.91593,0.08066,0.00341
36749760,2,2,0.00168,0.01372,0.9846
14256668,2,2,0.00131,0.00989,0.9888
14441214,2,2,0.00363,0.03562,0.96075
40822890,0,1,0.18022,0.79593,0.02385
23157227,0,0,0.98653,0.01144,0.00203
410928,2,2,0.00544,0.02117,0.97339
1666888,2,2,0.00535,0.02134,0.97331
38211937,2,2,0.00151,0.00748,0.99101
19642624,0,2,0.13119,0.23059,0.63822
14136811,1,1,0.15471,0.79337,0.05192
21338418,2,2,0.00138,0.00706,0.99156
792839,2,1,0.01968,0.49973,0.48059
5083166,2,2,0.00241,0.0256,0.97199
39197186,2,2,0.00178,0.01663,0.98159
22359773,0,0,0.90391,0.09216,0.00393
19231681,2,0,0.52179,0.46409,0.01412
5032096,2,2,0.00181,0.01388,0.98431
24878069,0,2,0.08053,0.103,0.81648
16588573,2,2,0.00209,0.02525,0.97266
8989724,2,2,0.0053,0.10374,0.89096
17253802,1,1,0.18866,0.78963,0.02171
34943820,2,2,0.00124,0.00754,0.99123
8900558,2,2,0.00457,0.11112,0.88431
38915285,2,2,0.00126,0.00628,0.99246
9970145,2,2,0.00216,0.0098,0.98804
5285686,2,2,0.00132,0.00614,0.99255
36695558,0,0,0.76497,0.22524,0.00978
18598757,2,2,0.00477,0.04181,0.95342
10065976,0,0,0.71845,0.27483,0.00672
8228109,2,2,0.0107,0.01104,0.97826
11971268,2,2,0.00111,0.00772,0.99118
36762463,2,2,0.00356,0.00797,0.98846
16908596,2,2,0.00168,0.01448,0.98384
40921355,2,2,0.00113,0.00648,0.99239
11213662,0,0,0.78558,0.19214,0.02229
9326917,2,1,0.03889,0.62772,0.33338
3344153,2,0,0.57334,0.41296,0.0137
29203075,0,0,0.91174,0.08447,0.00378
7505627,2,2,0.00166,0.00733,0.991
12735865,2,2,0.0036,0.01364,0.98276
19147776,2,2,0.00351,0.06886,0.92764
39245695,2,2,0.0017,0.01459,0.98371
23081347,2,2,0.03973,0.14968,0.81059
34774096,1,1,0.03144,0.83016,0.1384
15340941,2,2,0.00111,0.00526,0.99363
17715043,1,1,0.05489,0.7879,0.15721
17001821,2,2,0.00146,0.01448,0.98406
32548007,1,2,0.00271,0.03378,0.96351
18231654,2,2,0.01955,0.452,0.52845
8518987,0,0,0.94895,0.0487,0.00235
3315060,2,2,0.00153,0.01208,0.98639
30146423,2,2,0.00573,0.0453,0.94896
8546683,2,2,0.02369,0.2732,0.70311
25894043,2,2,0.00128,0.00498,0.99375
14433734,2,2,0.00371,0.04595,0.95035
36828130,2,1,0.1056,0.44982,0.44458
29130165,0,0,0.94483,0.05137,0.0038
18063370,2,2,0.00221,0.01701,0.98078
27320353,2,0,0.73318,0.25637,0.01046
15654589,0,1,0.13332,0.83359,0.03309
13848373,2,2,0.00235,0.02072,0.97694
24973999,2,2,0.00235,0.0185,0.97914
4448388,2,2,0.00339,0.04144,0.95517
15800146,2,2,0.00233,0.01092,0.98675
91516,2,2,0.00161,0.00581,0.99258
6488929,2,2,0.0013,0.00725,0.99145
6558262,2,2,0.00127,0.00884,0.98989
38924816,0,0,0.96137,0.03683,0.0018
5979463,1,0,0.69479,0.25164,0.05358
29340952,2,2,0.00238,0.02052,0.9771
5452436,2,2,0.00197,0.01031,0.98772
28342584,2,2,0.00884,0.11754,0.87362
36846069,2,2,0.00212,0.0151,0.98278
1650111,2,2,0.00181,0.01431,0.98388
16569378,2,2,0.00215,0.01436,0.98349
14808048,0,0,0.82475,0.15034,0.02491
35869319,0,0,0.79783,0.18876,0.01341
16620445,2,2,0.00224,0.02092,0.97684
9351669,2,2,0.00209,0.01236,0.98555
15633715,2,2,0.00266,0.01929,0.97804
25378333,2,2,0.00149,0.0088,0.98971
22459293,2,2,0.00234,0.00744,0.99021
11653765,2,2,0.01598,0.0769,0.90712
20329894,2,1,0.12723,0.83945,0.03332
38450655,0,0,0.98503,0.0131,0.00187
15174563,0,0,0.78514,0.20482,0.01004
35053120,0,0,0.94587,0.05167,0.00246
35403742,2,2,0.00248,0.01371,0.98381
38347267,0,0,0.92386,0.0735,0.00264
27710240,2,2,0.00142,0.00814,0.99043
17278491,2,2,0.02212,0.40294,0.57494
1470753,2,1,0.03861,0.78775,0.17364
19552877,2,2,0.00123,0.00951,0.98926
33033707,0,1,0.28222,0.69037,0.0274
3362684,0,2,0.09545,0.05049,0.85406
15423580,2,2,0.00158,0.0089,0.98951
3008067,2,2,0.02061,0.3432,0.63619
1234979,0,0,0.75775,0.2311,0.01115
19596918,2,2,0.01002,0.28727,0.70271
34023753,1,0,0.63298,0.35785,0.00917
10481584,2,2,0.00161,0.00894,0.98946
40631795,2,2,0.00262,0.01937,0.97801
33024275,2,2,0.01402,0.06294,0.92305
27434939,2,2,0.00132,0.00754,0.99115
29736808,2,2,0.00317,0.0158,0.98103
24042620,2,2,0.00419,0.04771,0.9481
8672748,2,2,0.00134,0.00766,0.99101
35420931,2,2,0.00141,0.01454,0.98405
15621283,2,2,0.00156,0.00897,0.98947
4419968,2,2,0.00133,0.01163,0.98704
8623897,2,2,0.00297,0.03561,0.96143
13414356,0,0,0.98259,0.01588,0.00152
39752333,0,0,0.95725,0.0409,0.00185
7674613,2,0,0.58311,0.40391,0.01298
6182969,2,2,0.00114,0.0059,0.99295
2320497,2,2,0.00134,0.00775,0.99092
18688897,2,2,0.00126,0.00614,0.99261
15904517,2,2,0.00577,0.05338,0.94085
38690231,0,0,0.98057,0.01796,0.00147
25893670,2,2,0.00146,0.00925,0.98928
15843700,2,2,0.00312,0.04706,0.94982
13978604,2,2,0.00124,0.00728,0.99148
20775183,2,2,0.00481,0.01933,0.97586
41045695,0,0,0.73713,0.2356,0.02727
38689225,2,2,0.00109,0.00754,0.99137
34889662,2,2,0.0016,0.01325,0.98515
38737246,2,1,0.20405,0.61816,0.1778
31687541,0,0,0.9845,0.01383,0.00168
4090113,2,2,0.12602,0.12725,0.74673
26605020,2,2,0.0461,0.15562,0.79827
8833206,0,0,0.79706,0.19686,0.00609
29818047,2,2,0.05636,0.07223,0.87141
502861,0,1,0.24554,0.70084,0.05362
40668718,0,0,0.97698,0.02133,0.00169
12596316,0,0,0.86893,0.12494,0.00614
39598964,2,2,0.00475,0.01677,0.97848
31351451,1,2,0.01269,0.3416,0.64571
28288240,0,0,0.69994,0.28951,0.01055
25757305,0,0,0.9645,0.03168,0.00382
24556003,0,0,0.87332,0.11958,0.0071
1821575,0,0,0.92134,0.07446,0.0042
15471270,2,2,0.01983,0.04683,0.93334
22552233,2,2,0.00193,0.01504,0.98303
25645247,2,2,0.00355,0.02791,0.96854
33145201,2,2,0.00128,0.0046,0.99412
21128095,2,2,0.00158,0.0083,0.99011
40812138,2,2,0.00136,0.00614,0.9925
30238391,2,2,0.00116,0.00778,0.99106
34703655,2,2,0.00453,0.06271,0.93277
1875085,2,2,0.00123,0.00796,0.99081
33792438,0,1,0.1852,0.7805,0.03429
41392457,2,2,0.00113,0.00614,0.99274
34462530,2,2,0.00321,0.04796,0.94883
10658741,2,1,0.25472,0.72564,0.01964
35665485,2,2,0.00267,0.03297,0.96437
32133525,2,2,0.00173,0.0147,0.98357
7174848,2,2,0.00399,0.04882,0.94719
2767668,2,2,0.00133,0.01119,0.98748
14150363,2,1,0.06093,0.75988,0.17919
32032075,2,2,0.00166,0.01144,0.9869
5750501,2,2,0.00803,0.01868,0.97328
25087027,2,2,0.00118,0.00745,0.99137
26601210,2,2,0.00288,0.01719,0.97992
23779775,2,2,0.00128,0.00464,0.99408
23305665,0,0,0.8868,0.10654,0.00667
9393684,2,2,0.00153,0.01047,0.98799
37699328,2,2,0.00179,0.00911,0.9891
15759588,0,0,0.8466,0.14769,0.0057
31062376,2,2,0.00253,0.02318,0.97429
6597758,2,2,0.00695,0.03951,0.95354
28368528,2,2,0.00205,0.01459,0.98336
9227385,2,2,0.00158,0.01325,0.98517
4165274,2,2,0.00165,0.01335,0.98499
15127631,2,2,0.00124,0.00778,0.99099
38078886,2,2,0.00134,0.00748,0.99118
27175433,0,0,0.68925,0.29529,0.01547
9799993,2,2,0.00857,0.03871,0.95272
28178669,0,0,0.95612,0.04116,0.00273
37196958,2,2,0.00802,0.12112,0.87086
5637213,2,2,0.00316,0.05049,0.94636
8209659,0,0,0.76178,0.23142,0.0068
26354353,0,0,0.82474,0.16953,0.00573
17935603,2,2,0.05096,0.29327,0.65576
24734090,2,2,0.00163,0.01055,0.98782
39265717,1,0,0.68347,0.30806,0.00847
22260115,2,2,0.00127,0.00985,0.98888
17410280,2,2,0.00156,0.01035,0.98809
23445549,2,2,0.00465,0.02201,0.97334
7114132,2,2,0.00229,0.02752,0.97018
23587499,2,2,0.03275,0.14231,0.82495
458221,0,0,0.92986,0.06723,0.00291
29712770,1,1,0.06866,0.85293,0.07841
29356407,2,2,0.00193,0.0132,0.98487
13085851,2,2,0.00111,0.00526,0.99363
28517881,2,2,0.01256,0.01316,0.97429
6171718,0,2,0.1692,0.31166,0.51914
37559076,2,2,0.00219,0.01245,0.98536
30361142,2,2,0.00276,0.01503,0.98221
11429590,2,2,0.00123,0.00908,0.98969
31761060,2,2,0.00112,0.0087,0.99017
19653632,2,2,0.00166,0.01055,0.98779
38939233,2,2,0.00186,0.01823,0.97991
8270006,2,2,0.00142,0.00915,0.98943
35015099,2,2,0.0012,0.00628,0.99252
33470265,2,2,0.00464,0.09677,0.89859
36108744,0,0,0.9433,0.05374,0.00296
27284022,2,2,0.00136,0.00824,0.9904
9718159,0,0,0.89378,0.10048,0.00575
3897471,2,2,0.00142,0.00745,0.99113
3859432,2,2,0.00165,0.01669,0.98166
28622176,2,2,0.0169,0.12994,0.85316
19648949,0,1,0.45386,0.53478,0.01136
13592819,2,2,0.00242,0.02227,0.97531
16353671,2,2,0.00197,0.00648,0.99155
35992684,2,2,0.00128,0.00623,0.99249
22296017,2,2,0.00167,0.01628,0.98205
23369924,2,2,0.00322,0.03113,0.96565
39091791,0,0,0.98498,0.01299,0.00202
9045334,2,2,0.00209,0.01398,0.98393
13529391,2,2,0.0075,0.06937,0.92313
38282853,2,2,0.00128,0.00648,0.99224
12982679,2,2,0.00392,0.05169,0.94439
257524,1,0,0.79821,0.19333,0.00846
39900783,0,1,0.32308,0.63504,0.04189
5215607,2,2,0.00225,0.01815,0.9796
23600553,2,2,0.0014,0.00837,0.99023
41567069,2,2,0.00246,0.02156,0.97598
29448955,1,0,0.8093,0.16964,0.02107
18012630,2,2,0.00126,0.006,0.99275
9863542,2,2,0.00989,0.08551,0.9046
41065645,0,0,0.97686,0.02162,0.00152
24185747,0,0,0.73042,0.2574,0.01218
41123290,0,0,0.47524,0.42934,0.09543
11234538,2,2,0.0012,0.00676,0.99204
17670448,0,0,0.98027,0.01824,0.0015
28323266,0,0,0.72779,0.26462,0.0076
13494945,0,0,0.51948,0.46204,0.01848
34563587,2,2,0.00138,0.00559,0.99303
16726519,2,2,0.00114,0.00714,0.99172
25847171,0,0,0.98231,0.01619,0.0015
8735910,2,2,0.00115,0.00443,0.99442
35965152,1,1,0.20855,0.76585,0.0256
37464357,2,2,0.00216,0.00921,0.98863
1950853,2,2,0.01561,0.12566,0.85873
29036599,0,0,0.97662,0.02175,0.00164
4867906,2,2,0.00146,0.01076,0.98778
10167633,1,0,0.66468,0.32142,0.0139
5618274,2,1,0.07063,0.81471,0.11465
129686,2,2,0.00142,0.00867,0.98991
34603416,2,2,0.02099,0.42487,0.55414
33182514,2,2,0.02008,0.4328,0.54711
33622138,2,2,0.00129,0.01176,0.98695
19783184,2,2,0.00134,0.00725,0.99141
25869473,0,0,0.98592,0.01227,0.00182
38603727,2,2,0.00163,0.00973,0.98864
26764367,0,0,0.98852,0.00932,0.00216
41220237,2,2,0.00206,0.00873,0.98921
28395506,2,2,0.00154,0.00586,0.9926
10557139,2,1,0.14946,0.64039,0.21015
14265805,0,0,0.80812,0.18531,0.00657
35685113,2,2,0.00124,0.00714,0.99162
20743371,2,2,0.00266,0.03616,0.96118
33640111,2,2,0.00213,0.02382,0.97405
37801606,2,2,0.00269,0.04071,0.95661
7376231,2,1,0.16394,0.61749,0.21857
35460165,1,0,0.53452,0.44661,0.01887
208938,2,2,0.00116,0.00663,0.9922
19263071,2,2,0.00129,0.00926,0.98945
22988263,2,2,0.0024,0.01533,0.98227
25302535,2,2,0.00356,0.05436,0.94208
13732838,2,2,0.00422,0.02639,0.96939
38751223,0,0,0.88751,0.10641,0.00607
16500438,2,2,0.00204,0.02245,0.97551
31257811,0,0,0.75179,0.23199,0.01622
16541011,2,2,0.00454,0.04489,0.95056
5084438,2,0,0.84275,0.14789,0.00936
30198072,2,2,0.00151,0.00799,0.9905
11871558,2,2,0.00181,0.01351,0.98468
11891971,2,2,0.0024,0.0124,0.98519
34272455,2,0,0.78564,0.2002,0.01417
39610462,0,0,0.88447,0.10984,0.00569
20218719,0,0,0.97289,0.02552,0.00158
5496148,2,2,0.00584,0.02722,0.96694
18052807,2,2,0.00249,0.00705,0.99046
41208045,1,0,0.89026,0.10633,0.00342
8819003,2,1,0.18209,0.42173,0.39618
3254025,0,0,0.9725,0.02574,0.00176
15680714,2,2,0.002,0.00783,0.99017
14194449,0,0,0.8969,0.09926,0.00384
34459525,2,2,0.02455,0.10312,0.87232
21419067,2,2,0.00191,0.0082,0.98989
33625140,1,1,0.34491,0.63688,0.01821
23972474,2,2,0.00114,0.00661,0.99225
6539736,2,2,0.00126,0.00563,0.99311
4355184,1,0,0.59014,0.39931,0.01056
29493167,1,0,0.87648,0.11839,0.00513
36301846,0,0,0.86739,0.12619,0.00642
17672583,2,2,0.00113,0.00546,0.99341
14897953,2,2,0.00109,0.00827,0.99064
2417385,2,2,0.00137,0.01012,0.98851
8458030,2,2,0.00265,0.01022,0.98713
805749,1,0,0.59346,0.39533,0.01121
368665,2,2,0.03536,0.34752,0.61711
14954521,2,2,0.0025,0.02083,0.97667
14257930,2,0,0.87541,0.12034,0.00425
6016176,2,1,0.11043,0.79399,0.09557
5544289,2,2,0.00513,0.04704,0.94783
28903292,2,2,0.06682,0.05989,0.87329
8951804,2,2,0.00415,0.0428,0.95305
23020325,0,1,0.34845,0.63344,0.01811
17302792,0,0,0.86576,0.12793,0.00631
6486757,2,2,0.00255,0.03269,0.96476
22990636,2,2,0.14409,0.32471,0.5312
7007219,2,2,0.00372,0.07171,0.92457
33711340,2,2,0.00197,0.01027,0.98776
29740206,2,2,0.00129,0.01008,0.98863
27183811,2,2,0.01167,0.0394,0.94893
3285831,2,2,0.0766,0.14367,0.77973
4585295,2,2,0.00142,0.00719,0.99138
23708917,2,2,0.00127,0.00824,0.99049
9002133,0,1,0.48926,0.49697,0.01377
10644331,2,2,0.02709,0.25206,0.72085
23522831,2,2,0.00178,0.01448,0.98374
13761108,1,1,0.28128,0.66689,0.05183
26420273,2,2,0.0013,0.00682,0.99189
5897741,0,0,0.98556,0.01029,0.00416
22154733,0,0,0.91256,0.08472,0.00273
26405108,2,2,0.00418,0.0348,0.96102
40442414,2,2,0.00161,0.01008,0.98832
21436664,2,2,0.00886,0.04404,0.9471
19484439,2,2,0.00248,0.01339,0.98413
10011406,0,0,0.91511,0.08154,0.00335
211236,2,2,0.00262,0.02115,0.97623
37464063,0,0,0.76343,0.22479,0.01177
21078521,2,2,0.00261,0.00792,0.98947
22023395,1,1,0.1273,0.7921,0.0806
30767479,0,0,0.9654,0.03262,0.00198
22730343,2,2,0.00436,0.0245,0.97114
37013953,0,0,0.89331,0.102,0.00469
19828288,1,1,0.04926,0.84626,0.10448
38982445,0,0,0.76296,0.22641,0.01063
38477816,2,2,0.00165,0.01351,0.98484
19456030,2,2,0.00136,0.00857,0.99008
9665836,2,2,0.00204,0.02092,0.97704
5528070,2,2,0.00129,0.00915,0.98956
16790217,0,0,0.9708,0.02738,0.00182
39069001,0,1,0.19393,0.78366,0.02241
15402622,2,2,0.00287,0.02135,0.97578
33165737,2,2,0.00156,0.00827,0.99017
21706856,2,2,0.00142,0.00648,0.9921
5773941,2,2,0.00109,0.00722,0.99168
28513604,1,1,0.41874,0.5679,0.01336
24739703,2,2,0.0012,0.00717,0.99163
30438367,2,2,0.00176,0.013,0.98524
12314948,0,0,0.94054,0.05602,0.00345
2534958,2,2,0.00176,0.01084,0.9874
14559838,2,2,0.00136,0.00722,0.99142
4270613,2,2,0.00113,0.00572,0.99315
31058662,2,2,0.0013,0.00643,0.99227
10829385,1,1,0.14183,0.82416,0.03402
23181970,2,2,0.0014,0.00684,0.99176
9703924,2,2,0.00314,0.04088,0.95598
2538288,0,0,0.51765,0.46766,0.01468
28248061,2,2,0.00133,0.00837,0.9903
3748634,2,1,0.09709,0.65317,0.24974
30147926,2,1,0.4594,0.52057,0.02003
1214334,0,0,0.81854,0.17292,0.00854
35727506,2,1,0.03335,0.79552,0.17112
20900782,2,2,0.00802,0.07975,0.91223
9166960,2,2,0.00223,0.00988,0.98789
24964885,2,2,0.00118,0.00502,0.9938
19345076,2,2,0.00178,0.01552,0.9827
39321658,0,0,0.9854,0.0129,0.00171
15125955,2,1,0.17134,0.78726,0.0414
40493117,0,0,0.97565,0.02143,0.00292
17359863,2,2,0.00163,0.0094,0.98897
35231996,2,2,0.00331,0.01988,0.97681
36612830,0,0,0.9492,0.04885,0.00195
14019857,0,0,0.7696,0.22309,0.00731
15202079,2,2,0.00113,0.00633,0.99254
26435915,1,1,0.0563,0.84698,0.09671
19271560,2,2,0.00233,0.01382,0.98386
39797529,0,0,0.91194,0.08516,0.0029
21646824,2,2,0.00801,0.22429,0.7677
15963932,2,2,0.00128,0.00521,0.99351
33358665,0,0,0.56963,0.42002,0.01035
9615532,2,2,0.00156,0.00887,0.98957
10583097,2,2,0.00234,0.0231,0.97456
31649171,2,2,0.00154,0.00762,0.99084
4776670,2,2,0.00254,0.02036,0.9771
34920407,1,0,0.97203,0.02653,0.00144
9986095,2,2,0.00161,0.00883,0.98956
37033766,2,2,0.03756,0.31206,0.65038
9634127,2,0,0.90626,0.08285,0.01089
23496314,2,2,0.00137,0.01127,0.98735
6323710,2,2,0.01037,0.02679,0.96285
39632943,2,2,0.0012,0.00748,0.99132
19538891,2,2,0.00178,0.01398,0.98423
33374807,1,0,0.79911,0.19129,0.0096
2980055,1,0,0.68382,0.30822,0.00796
39380706,2,2,0.00332,0.04669,0.94998
19104248,0,0,0.89049,0.1043,0.00521
26633505,0,0,0.88245,0.11285,0.0047
19169950,0,1,0.14611,0.81217,0.04172
25449202,1,1,0.41883,0.54625,0.03492
10158479,2,2,0.00331,0.05039,0.9463
31760413,2,1,0.02604,0.73771,0.23625
25544094,2,1,0.48977,0.49361,0.01663
37701160,2,2,0.00166,0.00908,0.98927
13746722,2,2,0.00349,0.01298,0.98353
20154943,2,2,0.0023,0.02522,0.97248
29514061,0,0,0.95862,0.03904,0.00234
22626567,2,2,0.00149,0.00929,0.98922
25187843,2,2,0.03403,0.04252,0.92345
28989987,2,2,0.00142,0.00977,0.98881
40430198,0,1,0.45567,0.52447,0.01986
24880699,2,2,0.00277,0.01264,0.9846
39695621,0,0,0.94523,0.0525,0.00227
26085045,2,2,0.00697,0.05172,0.94131
29115221,2,2,0.00122,0.00619,0.9926
25376825,2,2,0.00231,0.02292,0.97477
33813945,2,2,0.00203,0.01166,0.98631
29543733,0,1,0.11369,0.77393,0.11237
12105116,2,2,0.00879,0.06662,0.9246
19694324,2,2,0.01366,0.09359,0.89275
10561294,2,2,0.00428,0.0268,0.96892
23706794,2,2,0.00127,0.01204,0.98669
40221953,2,2,0.00283,0.02201,0.97516
22637685,2,2,0.00219,0.02693,0.97088
22275371,1,1,0.44805,0.53625,0.0157
27403941,1,1,0.24178,0.72748,0.03074
32844923,0,0,0.50576,0.47885,0.01539
37929371,1,0,0.89122,0.10296,0.00582
3864287,2,2,0.01072,0.12457,0.86471
32213261,1,1,0.37348,0.6015,0.02502
16874472,1,1,0.19361,0.76237,0.04403
19796171,2,2,0.00186,0.01792,0.98022
32681002,0,0,0.95745,0.04064,0.00191
30437642,2,2,0.00202,0.01366,0.98432
18921785,0,0,0.59286,0.39493,0.01221
117344,2,2,0.00369,0.0513,0.94502
10510175,2,2,0.0062,0.04445,0.94935
35454280,2,2,0.00245,0.02488,0.97267
22755237,1,0,0.71917,0.25945,0.02138
7663458,2,2,0.00156,0.00668,0.99176
37788868,2,2,0.00129,0.00731,0.9914
14167175,2,1,0.02202,0.57685,0.40113
28615664,1,1,0.29341,0.54071,0.16588
4074549,2,2,0.00259,0.01753,0.97988
14245385,1,1,0.08091,0.80453,0.11455
5856573,2,2,0.0019,0.01135,0.98674
3728983,2,2,0.00138,0.00609,0.99253
5445660,2,2,0.00146,0.00922,0.98932
35305128,2,2,0.00299,0.01095,0.98605
37798240,0,0,0.9876,0.01007,0.00234
10620503,2,2,0.00176,0.01448,0.98377
40184564,2,2,0.00351,0.00773,0.98876
15815779,2,2,0.0016,0.01431,0.98409
13166024,2,2,0.00116,0.00863,0.99021
9492389,2,2,0.00232,0.01587,0.98181
32406913,0,2,0.08167,0.36888,0.54945
29040872,2,2,0.00232,0.01767,0.98001
8904235,2,2,0.00151,0.01181,0.98669
35109986,2,2,0.0022,0.02198,0.97581
15687606,2,2,0.00177,0.00922,0.98902
4543562,2,2,0.00211,0.01643,0.98145
9623328,2,2,0.00195,0.01991,0.97814
31494040,2,2,0.00137,0.01213,0.9865
28664730,0,0,0.78413,0.20217,0.0137
17296261,0,0,0.97152,0.027,0.00148
37220235,0,0,0.57475,0.37988,0.04537
17334002,0,0,0.97429,0.02364,0.00207
5755446,2,2,0.00128,0.00698,0.99175
19778429,2,1,0.21028,0.61624,0.17348
34410311,2,2,0.0062,0.07297,0.92082
22196271,2,2,0.00125,0.00772,0.99103
1201340,2,2,0.00142,0.01047,0.98811
19796815,0,0,0.98016,0.01792,0.00192
27423782,2,2,0.00292,0.02027,0.97681
15738464,2,2,0.00179,0.00907,0.98913
41183692,2,0,0.70059,0.28417,0.01524
31637447,2,1,0.07257,0.85018,0.07725
7530342,2,2,0.00201,0.01858,0.97941
26867830,2,2,0.00124,0.00623,0.99253
31181564,0,1,0.45561,0.47561,0.06879
12439672,2,2,0.01158,0.0397,0.94873
33896193,1,1,0.15145,0.63022,0.21833
12105319,1,1,0.1075,0.84724,0.04525
23133642,2,0,0.93707,0.06026,0.00267
33426479,0,0,0.94678,0.04776,0.00546
4630431,2,0,0.96478,0.03279,0.00243
21697752,1,1,0.09767,0.8671,0.03523
1594517,1,1,0.14221,0.82963,0.02817
2964251,2,2,0.00115,0.00534,0.99352
23837325,2,2,0.00116,0.00674,0.9921
14780794,2,2,0.00151,0.00818,0.99031
30990286,2,2,0.00151,0.01043,0.98806
8386050,2,2,0.01254,0.16192,0.82554
20485572,2,2,0.00268,0.02664,0.97068
34907821,2,2,0.00194,0.01027,0.98779
30962837,2,2,0.00298,0.01429,0.98272
23022101,2,2,0.0014,0.00595,0.99265
28330176,0,0,0.94837,0.04888,0.00275
11520914,0,1,0.06549,0.87626,0.05825
21328251,2,2,0.00106,0.00555,0.99339
41536668,2,2,0.00173,0.01241,0.98586
23288912,0,0,0.79973,0.18774,0.01253
19501274,2,2,0.0017,0.01656,0.98174
18817247,2,2,0.00216,0.01144,0.9864
24143343,1,2,0.00884,0.11754,0.87362
35433610,0,0,0.63171,0.31764,0.05065
4830660,2,2,0.00163,0.00821,0.99016
33280516,2,2,0.00236,0.02952,0.96812
7582952,2,2,0.00356,0.00953,0.98692
28810645,2,2,0.00482,0.1047,0.89048
29084658,2,2,0.17159,0.28947,0.53895
4899379,0,0,0.55936,0.16183,0.2788
4679581,2,2,0.00116,0.00498,0.99386
17528505,2,2,0.00136,0.00559,0.99305
9930075,2,2,0.00142,0.00633,0.99225
37639053,0,0,0.93098,0.06581,0.0032
12306271,2,2,0.0013,0.00711,0.99159
37933935,2,2,0.00125,0.0104,0.98835
32367928,2,2,0.00389,0.01496,0.98116
22592758,2,0,0.91101,0.08457,0.00442
26746500,2,2,0.00116,0.00656,0.99228
7526018,2,2,0.00138,0.00739,0.99123
21025875,2,2,0.00136,0.00623,0.99241
35654329,2,2,0.00128,0.00521,0.99351
31553303,2,2,0.00113,0.00687,0.992
2160427,2,2,0.00114,0.00651,0.99235
38159973,0,0,0.83515,0.15877,0.00608
23413528,0,0,0.7248,0.26873,0.00647
18318191,2,2,0.0205,0.38521,0.5943
28254715,1,1,0.12454,0.84278,0.03268
33767066,2,1,0.34589,0.47185,0.18227
16196406,2,2,0.0048,0.02078,0.97441
6234944,2,2,0.00517,0.0088,0.98602
25827308,0,0,0.83005,0.16029,0.00966
16102477,2,2,0.00195,0.02076,0.97729
7670130,2,2,0.00144,0.00863,0.98993
3893928,0,0,0.94912,0.04871,0.00218
25606059,2,2,0.00142,0.01097,0.98761
14590204,2,1,0.07989,0.59028,0.32983
29903677,1,1,0.24515,0.73187,0.02298
30166514,2,2,0.00144,0.01064,0.98792
18028073,2,2,0.00138,0.0083,0.99032
6020463,2,2,0.00163,0.01097,0.9874
24891230,0,0,0.93404,0.0627,0.00327
15580445,2,1,0.10535,0.8368,0.05784
24319195,0,0,0.91974,0.07462,0.00564
1772468,2,2,0.00142,0.00586,0.99272
13691264,2,2,0.00411,0.02203,0.97387
30954431,2,2,0.00131,0.0086,0.99009
10556096,2,2,0.00266,0.03553,0.96181
38901571,2,2,0.00369,0.04913,0.94718
19259724,2,2,0.00124,0.00534,0.99343
1330290,0,0,0.93293,0.06169,0.00538
3880744,2,2,0.02745,0.05654,0.91602
14411508,0,0,0.75049,0.23158,0.01793
10458366,2,2,0.00142,0.0119,0.98669
26015886,2,2,0.00539,0.01404,0.98057
9039614,2,2,0.00125,0.00873,0.99001
41271567,0,0,0.87587,0.119,0.00513
41465914,2,2,0.0094,0.05434,0.93627
9840540,2,2,0.01216,0.03646,0.95138
30511313,2,2,0.00355,0.01116,0.98529
19838755,2,2,0.00186,0.02029,0.97785
21474671,2,2,0.00144,0.00962,0.98894
15833439,1,1,0.40039,0.58256,0.01705
19795316,2,2,0.00146,0.00908,0.98946
4973518,1,1,0.12875,0.81694,0.05431
19389007,2,2,0.02036,0.05079,0.92885
29241027,2,2,0.00238,0.00678,0.99084
557085,2,2,0.00136,0.00722,0.99142
32596877,2,2,0.0029,0.02648,0.97062
12069585,2,2,0.09795,0.16403,0.73802
14682145,2,2,0.00393,0.01826,0.9778
28458566,2,2,0.00244,0.01193,0.98562
36866978,0,0,0.63021,0.35351,0.01628
12971504,2,2,0.00202,0.01606,0.98192
36485722,2,2,0.00118,0.00555,0.99327
3587678,2,2,0.0022,0.02382,0.97398
30199082,2,2,0.00613,0.08473,0.90915
14113621,1,1,0.3384,0.6273,0.0343
37928567,2,2,0.00161,0.00684,0.99155
532669,2,2,0.00384,0.07145,0.92472
39902813,2,2,0.00176,0.01356,0.98468
13417899,2,2,0.00131,0.00766,0.99103
4244509,0,0,0.90507,0.09067,0.00426
887427,2,2,0.00245,0.01063,0.98693
27111377,2,2,0.00252,0.01387,0.98362
19281274,2,2,0.00194,0.00988,0.98818
4851942,2,2,0.00891,0.05347,0.93762
12519574,2,2,0.00122,0.00811,0.99067
23116569,0,0,0.66544,0.31803,0.01653
20242541,2,2,0.00463,0.02559,0.96977
29983675,0,0,0.71635,0.27189,0.01176
37236711,0,0,0.84961,0.13708,0.01331
22938802,2,2,0.00241,0.01083,0.98676
15018771,2,2,0.00163,0.01007,0.98829
36511428,2,2,0.09447,0.20478,0.70075
13492022,2,0,0.64576,0.34296,0.01129
10800542,2,2,0.01777,0.40753,0.57471
35530170,1,1,0.20427,0.76489,0.03084
40884051,2,2,0.00466,0.07856,0.91678
33027055,2,2,0.00243,0.01911,0.97846
22054132,0,1,0.43013,0.54161,0.02826
25855428,2,2,0.11332,0.13018,0.75649
39335892,0,0,0.9797,0.01808,0.00221
36499932,2,2,0.00162,0.01682,0.98156
26985271,2,1,0.23304,0.68194,0.08502
39772289,2,2,0.0012,0.00684,0.99196
9647058,2,2,0.0016,0.0126,0.98579
11443983,0,1,0.29985,0.67573,0.02442
27467953,2,1,0.04446,0.83231,0.12323
36302608,2,2,0.00177,0.0217,0.97653
10686375,0,0,0.75293,0.22963,0.01743
3379656,2,2,0.00187,0.01372,0.98441
25632596,0,0,0.86457,0.13155,0.00388
155998,2,2,0.00158,0.01171,0.98671
25019598,2,2,0.0052,0.01163,0.98317
22812203,1,2,0.0403,0.16271,0.79699
581265,2,2,0.00181,0.016,0.98219
16916990,2,2,0.0022,0.00946,0.98834
35080702,0,0,0.72885,0.25188,0.01927
33763305,2,2,0.00365,0.01451,0.98184
29514573,2,2,0.02828,0.13219,0.83953
2058704,2,2,0.00126,0.00684,0.9919
32358813,0,0,0.8651,0.12959,0.00531
24942185,2,2,0.00239,0.01994,0.97768
27140215,2,2,0.00187,0.01227,0.98586
22426042,2,0,0.41241,0.30922,0.27837
10028913,2,2,0.00144,0.00936,0.9892
41048931,2,2,0.17159,0.28947,0.53895
541176,2,2,0.02618,0.24938,0.72444
38293887,2,2,0.00112,0.00802,0.99085
15850573,1,0,0.52936,0.45991,0.01073
17607569,2,1,0.02889,0.78706,0.18405
32460942,2,2,0.00493,0.02593,0.96914
3785981,2,2,0.03824,0.19379,0.76797
17823783,2,2,0.00138,0.00857,0.99006
13641412,2,1,0.04732,0.63805,0.31463
31184477,2,2,0.0012,0.0085,0.9903
21189207,2,2,0.00111,0.00709,0.99181
8062943,2,2,0.00142,0.00915,0.98943
33371585,0,0,0.98632,0.01091,0.00277
29818389,1,1,0.32747,0.64871,0.02381
10404997,2,2,0.00494,0.06737,0.92769
11100162,0,0,0.95707,0.04094,0.002
32741690,2,2,0.00145,0.00638,0.99218
456057,2,2,0.00677,0.07839,0.91484
38766837,2,2,0.01092,0.0509,0.93818
20603366,2,2,0.00125,0.00775,0.991
22637203,0,1,0.09399,0.8345,0.07151
3099159,2,2,0.0027,0.0197,0.97759
250423,2,2,0.00236,0.01675,0.9809
18225293,2,2,0.03883,0.33938,0.62179
5650274,0,0,0.64262,0.34667,0.01072
37271933,0,0,0.98446,0.01345,0.00209
39316120,0,0,0.84338,0.1524,0.00422
40684575,0,0,0.96361,0.03464,0.00175
21425878,0,0,0.98355,0.01408,0.00236
14633328,2,2,0.00195,0.01957,0.97848
35699999,0,0,0.90331,0.0921,0.00459
19187465,2,2,0.00821,0.04261,0.94918
4472037,0,0,0.71866,0.21705,0.06429
39746768,2,2,0.00116,0.00874,0.99011
20300929,2,2,0.0017,0.0157,0.9826
22306432,1,1,0.06003,0.84176,0.09821
2328561,2,2,0.02764,0.139,0.83336
11141287,1,0,0.68791,0.30053,0.01156
15957170,0,1,0.25623,0.7186,0.02517
30800078,2,2,0.00338,0.03104,0.96559
34342393,2,2,0.00142,0.0055,0.99307
16098286,2,2,0.00206,0.02494,0.973
18670688,2,1,0.08634,0.73142,0.18224
10532628,2,2,0.00441,0.01352,0.98207
37932165,1,0,0.9003,0.09179,0.00791
12324718,0,0,0.98644,0.01126,0.0023
33908947,2,2,0.00229,0.01414,0.98357
34415784,2,2,0.00223,0.02522,0.97255
25165068,2,2,0.00176,0.01031,0.98793
28962963,0,0,0.96699,0.03128,0.00173
2328635,2,2,0.00142,0.00734,0.99124
15190209,2,2,0.00139,0.01256,0.98605
17408509,2,2,0.00136,0.0085,0.99014
8564497,2,2,0.00545,0.03411,0.96044
2819692,0,0,0.55903,0.41543,0.02554
22976742,2,1,0.09929,0.79016,0.11055
24505586,2,2,0.0019,0.01409,0.98401
23932787,0,0,0.66907,0.31977,0.01116
28694409,0,0,0.96463,0.03359,0.00178
18271606,2,2,0.00229,0.01294,0.98477
4806051,1,2,0.14757,0.24907,0.60336
10375298,2,1,0.24803,0.72474,0.02724
5042576,2,2,0.00161,0.00633,0.99206
20323956,2,2,0.01754,0.2979,0.68456
11297802,2,2,0.00135,0.01482,0.98383
33084365,0,0,0.94456,0.05287,0.00257
14364642,2,2,0.00204,0.00684,0.99113
38579280,0,1,0.48382,0.50309,0.0131
28085913,0,0,0.9127,0.08228,0.00502
24552396,2,2,0.00171,0.013,0.9853
18084770,2,2,0.01141,0.33595,0.65264
30920387,2,2,0.0012,0.00877,0.99004
11350460,2,2,0.00174,0.00947,0.98879
4648616,0,0,0.5191,0.46897,0.01193
36023957,2,2,0.00262,0.01997,0.97741
13435367,2,2,0.00579,0.0943,0.89992
9227037,1,0,0.73854,0.24835,0.01311
34555858,2,1,0.28723,0.66392,0.04885
12281712,0,0,0.98653,0.01162,0.00185
28441398,2,2,0.01361,0.18283,0.80355
25041177,2,2,0.0019,0.01198,0.98611
36621850,0,0,0.86752,0.12473,0.00774
26498657,0,0,0.98236,0.01117,0.00647
19943831,0,0,0.89699,0.09831,0.00471
26228222,2,1,0.22124,0.73686,0.0419
9217319,1,0,0.6969,0.28378,0.01931
18733943,2,2,0.0012,0.00648,0.99232
21340821,0,0,0.76431,0.21516,0.02053
14840903,1,0,0.71101,0.27627,0.01272
36984576,2,2,0.00128,0.00668,0.99204
19962279,0,0,0.90945,0.08592,0.00463
19410784,2,2,0.00168,0.01377,0.98455
26798263,2,1,0.13861,0.63595,0.22543
15027372,2,1,0.30029,0.39588,0.30383
21724488,2,2,0.00163,0.00856,0.9898
34105455,2,2,0.01006,0.11224,0.8777
6787081,2,2,0.00213,0.02484,0.97303
25364989,1,0,0.72201,0.26769,0.0103
11549932,2,2,0.0696,0.42803,0.50237
29479018,2,2,0.00352,0.03575,0.96073
36178485,0,1,0.1291,0.79546,0.07545
12835412,2,2,0.00268,0.01463,0.98269
14975398,2,2,0.00667,0.01821,0.97511
37766151,0,0,0.42162,0.31608,0.2623
28629121,1,0,0.82231,0.17169,0.00599
30095109,2,2,0.0014,0.00793,0.99067
39861085,0,0,0.9585,0.0392,0.0023
23382973,0,0,0.98727,0.0108,0.00194
3809410,2,2,0.00154,0.00814,0.99032
19298375,2,1,0.03036,0.61944,0.3502
38788552,0,0,0.50664,0.40393,0.08943
14347805,2,2,0.00107,0.00628,0.99264
40177459,1,0,0.8576,0.13543,0.00697
38111622,0,0,0.9733,0.02485,0.00185
13727608,2,2,0.00478,0.07073,0.92449
7582366,2,2,0.00156,0.00717,0.99127
1525584,2,2,0.00158,0.01105,0.98737
11436603,2,2,0.00193,0.0131,0.98497
6935729,2,2,0.00155,0.01471,0.98374
28861611,2,2,0.0012,0.00824,0.99056
27133887,2,2,0.00209,0.01442,0.9835
40750829,0,0,0.95966,0.03824,0.0021
16891923,2,2,0.00138,0.00555,0.99307
37924427,0,0,0.94629,0.05144,0.00227
35167620,2,2,0.04842,0.47393,0.47765
2219161,2,2,0.00134,0.00781,0.99086
17881328,2,2,0.00122,0.00787,0.99092
10514872,2,2,0.00367,0.04114,0.9552
25932982,2,2,0.00161,0.00966,0.98874
22856545,2,2,0.00127,0.0084,0.99032
17972762,2,2,0.01548,0.04159,0.94293
14579312,2,2,0.00125,0.00884,0.98991
26452838,0,2,0.06069,0.13676,0.80255
15818590,0,0,0.94322,0.05405,0.00273
35361018,1,1,0.02498,0.83366,0.14136
5503717,0,1,0.42417,0.54892,0.02691
5167913,2,2,0.00191,0.01101,0.98709
29194994,1,0,0.833,0.16023,0.00677
5928242,0,0,0.95724,0.04094,0.00182
16025671,2,2,0.00123,0.00908,0.98969
16930899,0,0,0.71914,0.27402,0.00683
37561873,0,0,0.98585,0.00937,0.00478
27203082,0,1,0.24229,0.73187,0.02584
30731935,2,2,0.00126,0.00486,0.99388
7776716,0,1,0.08916,0.75828,0.15256
30435165,2,2,0.00155,0.01213,0.98632
5583957,1,1,0.18156,0.74523,0.07321
15020885,2,2,0.00126,0.00687,0.99188
19376315,2,1,0.11725,0.56154,0.32121
10010327,0,1,0.31569,0.64776,0.03654
38767657,0,0,0.63481,0.32677,0.03842
35896739,2,2,0.00118,0.00628,0.99254
23005732,2,2,0.00185,0.00988,0.98827
15470378,2,2,0.00285,0.01197,0.98517
23810392,1,1,0.10089,0.73391,0.1652
11419347,1,1,0.13042,0.83158,0.03799
11585565,2,2,0.00387,0.04849,0.94764
6012362,1,1,0.25127,0.64116,0.10757
39965428,1,1,0.30707,0.65006,0.04288
39065420,2,2,0.00435,0.01052,0.98512
17862203,1,0,0.61793,0.36611,0.01596
18087717,2,2,0.00817,0.02526,0.96657
36234933,2,2,0.00147,0.00847,0.99007
16224229,2,2,0.00344,0.0277,0.96886
30806309,2,2,0.03364,0.10546,0.86089
34020528,0,0,0.98213,0.01474,0.00313
2831000,2,1,0.07394,0.81376,0.1123
32235726,0,0,0.83543,0.15944,0.00513
13728856,2,2,0.00685,0.06767,0.92548
21666024,1,2,0.09114,0.06578,0.84308
26476491,2,2,0.00147,0.00814,0.99039
29969886,2,1,0.08416,0.54667,0.36917
40282273,2,2,0.00127,0.00751,0.99122
22651916,2,2,0.00234,0.00943,0.98824
28638284,2,2,0.00953,0.02561,0.96485
11132829,2,2,0.00336,0.02105,0.97559
22935436,1,2,0.00869,0.19696,0.79435
39375154,0,0,0.96841,0.03004,0.00155
6014605,2,2,0.00134,0.00706,0.99161
33816156,2,2,0.00212,0.01153,0.98635
38096363,1,2,0.10953,0.44002,0.45045
24538221,2,1,0.01789,0.55212,0.42999
4723997,2,2,0.08973,0.12289,0.78738
14428232,2,2,0.00207,0.00768,0.99025
32941552,2,2,0.0046,0.01846,0.97694
56721,2,2,0.00129,0.00739,0.99131
13099638,2,2,0.00185,0.00925,0.9889
40914914,2,2,0.02031,0.17476,0.80493
33740128,2,2,0.00124,0.00538,0.99338
21597477,2,2,0.07666,0.20448,0.71886
9240349,2,2,0.00277,0.0274,0.96983
12209493,0,0,0.97417,0.02436,0.00146
225871,2,2,0.00106,0.00623,0.99271
9028887,2,2,0.00166,0.00768,0.99066
22460267,2,2,0.00678,0.09149,0.90173
29519594,2,0,0.85863,0.11398,0.02739
1650129,2,2,0.01779,0.42438,0.55783
1843996,1,2,0.01924,0.18179,0.79897
21024482,1,0,0.94169,0.05562,0.00269
12040533,2,2,0.00129,0.00936,0.98934
34308517,2,2,0.0014,0.00894,0.98966
16947028,0,0,0.63428,0.34485,0.02087
17608627,2,2,0.00923,0.01946,0.97131
8310964,2,2,0.00171,0.01295,0.98535
7906502,2,2,0.00318,0.0122,0.98461
31741278,2,2,0.00197,0.00722,0.99081
27230654,2,2,0.00158,0.00817,0.99024
8651917,2,2,0.01389,0.3526,0.63351
26218064,2,2,0.00125,0.00834,0.99041
33362045,0,1,0.36465,0.6203,0.01505
2124380,2,2,0.00358,0.0192,0.97722
26274582,0,0,0.88865,0.10697,0.00438
5695684,2,2,0.00202,0.01688,0.9811
41336002,2,2,0.00148,0.01295,0.98557
26464104,2,2,0.00354,0.01555,0.98091
3996883,2,2,0.00176,0.01088,0.98735
23488232,2,2,0.0035,0.04173,0.95478
24351045,2,2,0.0016,0.01383,0.98457
25277584,0,1,0.28932,0.67796,0.03272
10019556,0,0,0.90066,0.0953,0.00404
4838145,2,2,0.00108,0.00517,0.99375
22773910,2,2,0.00291,0.00906,0.98803
34832180,2,2,0.00106,0.00731,0.99163
13434238,0,0,0.73163,0.25985,0.00852
16352948,2,2,0.00957,0.23636,0.75408
31046197,0,0,0.97125,0.02699,0.00176
27014247,2,2,0.00182,0.01047,0.98771
10337487,0,0,0.93562,0.06135,0.00302
21957642,1,0,0.85014,0.13932,0.01054
28090141,0,0,0.96599,0.02894,0.00507
26720178,0,1,0.47539,0.51002,0.01458
22988172,0,0,0.86459,0.12901,0.0064
29948350,0,0,0.79633,0.19822,0.00545
9630992,2,2,0.00168,0.01372,0.9846
15037609,2,2,0.00237,0.01075,0.98688
22800113,0,0,0.91598,0.08051,0.00352
40999011,2,2,0.02981,0.46994,0.50025
30721241,2,2,0.0017,0.01372,0.98458
8759649,2,2,0.00232,0.01636,0.98131
36131368,2,2,0.00197,0.00745,0.99058
17544172,2,2,0.00233,0.01464,0.98304
20055075,2,2,0.00177,0.00705,0.99118
36104374,2,2,0.17159,0.28947,0.53895
20387350,2,2,0.00136,0.00643,0.99221
8806653,2,2,0.00114,0.00633,0.99252
25241858,2,2,0.00136,0.00739,0.99125
16976095,2,2,0.00106,0.00513,0.99381
13672838,2,2,0.00239,0.0176,0.98001
4957931,2,2,0.00136,0.00648,0.99216
38433323,0,0,0.96405,0.03384,0.00211
16240773,2,2,0.00127,0.00918,0.98954
22766627,1,0,0.92082,0.07559,0.00359
41226456,0,1,0.09298,0.87187,0.03515
18059609,0,0,0.90298,0.09315,0.00387
26016346,2,2,0.00262,0.03441,0.96296
33681348,0,0,0.97653,0.02116,0.00231
4872782,2,2,0.00144,0.00897,0.98959
4563920,2,2,0.01811,0.18757,0.79433
24173145,2,2,0.00207,0.02276,0.97518
39154716,2,2,0.00122,0.00542,0.99336
28786792,2,1,0.22879,0.4291,0.34211
4385447,0,0,0.88045,0.11304,0.00652
13267395,0,0,0.91296,0.08247,0.00457
177573,2,2,0.00125,0.0089,0.98984
14364645,2,2,0.00287,0.03768,0.95945
10599127,2,1,0.09777,0.66815,0.23408
24535836,0,0,0.96868,0.02977,0.00155
4740393,2,2,0.00121,0.00897,0.98981
21773822,2,2,0.00138,0.00653,0.99209
20848765,0,0,0.9706,0.02767,0.00173
340958,2,2,0.08815,0.41242,0.49942
36040560,2,2,0.0019,0.01325,0.98485
25648981,2,1,0.13568,0.80244,0.06188
40561783,0,1,0.1794,0.79386,0.02674
32234900,2,2,0.00884,0.11754,0.87362
28542674,0,0,0.79891,0.18828,0.01281
3198295,2,2,0.0162,0.08542,0.89838
6709920,2,2,0.00273,0.02482,0.97244
29942217,2,2,0.00108,0.00559,0.99333
40904020,2,1,0.22218,0.39802,0.3798
3940543,2,1,0.04476,0.76306,0.19218
19363153,2,2,0.0013,0.00439,0.99431
38421466,0,0,0.9647,0.03316,0.00214
2756629,2,2,0.00187,0.01227,0.98586
6780242,2,2,0.00319,0.01117,0.98565
19767960,2,2,0.00219,0.0125,0.98531
886935,2,2,0.00191,0.00643,0.99166
30963973,1,0,0.65519,0.32057,0.02424
14176816,2,2,0.01046,0.30086,0.68868
31098489,2,2,0.00148,0.01251,0.98601
25594077,1,0,0.7942,0.19924,0.00656
23701172,2,2,0.00118,0.00638,0.99244
11639000,2,1,0.04352,0.51181,0.44467
26366097,2,2,0.17159,0.28947,0.53895
1098718,0,0,0.45138,0.21742,0.3312
40019304,0,0,0.86021,0.12962,0.01017
23529129,0,0,0.52527,0.44579,0.02895
24672577,0,0,0.67028,0.3216,0.00811
37825940,2,2,0.00195,0.01675,0.98129
8745709,2,2,0.05857,0.19949,0.74194
32530243,2,2,0.00924,0.11933,0.87144
26125893,2,2,0.0838,0.25964,0.65656
1253481,0,0,0.95695,0.04082,0.00223
13703023,2,2,0.00233,0.01314,0.98453
37503139,0,1,0.17193,0.76008,0.06799
4756608,2,2,0.00374,0.06711,0.92915
34428705,2,0,0.97762,0.01891,0.00347
5528159,1,1,0.02684,0.79676,0.1764
21563329,0,0,0.98215,0.01657,0.00128
7318783,0,1,0.30905,0.66457,0.02638
30100294,2,2,0.00171,0.01055,0.98774
2505092,2,2,0.00293,0.01793,0.97914
18422794,2,2,0.0021,0.02108,0.97682
3203552,1,1,0.02952,0.81049,0.15999
10152358,2,2,0.07285,0.38468,0.54248
16701043,0,0,0.89998,0.09598,0.00404
4704416,2,2,0.00173,0.01127,0.987
19136329,0,0,0.76818,0.22095,0.01087
39173920,2,2,0.00129,0.01119,0.98752
31350829,2,2,0.00128,0.00648,0.99224
22572598,2,2,0.00186,0.00628,0.99187
25547236,2,2,0.00118,0.00502,0.9938
12568374,2,2,0.00122,0.00722,0.99156
6011560,2,2,0.00168,0.0094,0.98892
18127435,2,2,0.00118,0.00894,0.98988
16748582,2,2,0.00142,0.01064,0.98795
4911254,0,0,0.97363,0.02469,0.00168
34545572,2,2,0.00132,0.00728,0.99141
30192104,2,2,0.00195,0.01721,0.98084
7106774,2,2,0.00169,0.00824,0.99008
35246134,0,0,0.73973,0.24972,0.01055
21360993,2,2,0.00124,0.00734,0.99143
24854167,2,2,0.0026,0.01289,0.98452
16439072,2,2,0.0012,0.00643,0.99237
22114742,1,0,0.88143,0.11316,0.00541
39264479,2,2,0.00112,0.00815,0.99073
6182504,2,2,0.00127,0.00739,0.99133
5507378,2,2,0.00135,0.00929,0.98935
17317323,2,2,0.005,0.02663,0.96837
3908602,2,2,0.00315,0.03871,0.95815
33795252,2,2,0.17159,0.28947,0.53895
9116811,1,0,0.79148,0.20248,0.00604
8098999,2,2,0.00215,0.01717,0.98068
12834089,2,2,0.00157,0.01718,0.98125
28422758,2,2,0.00326,0.03329,0.96344
32204165,2,2,0.04669,0.04073,0.91258
34615856,2,2,0.00278,0.02436,0.97287
36007048,2,2,0.00436,0.02363,0.97201
30085925,2,2,0.00304,0.02819,0.96878
18493218,2,1,0.12905,0.74995,0.121
27877788,2,2,0.00757,0.15801,0.83442
4062152,2,1,0.13058,0.68419,0.18523
14348989,2,2,0.00126,0.00572,0.99302
9396599,2,2,0.03673,0.31729,0.64598
15468225,2,2,0.00229,0.0151,0.98262
22380570,2,2,0.00171,0.01084,0.98745
33311962,2,2,0.00131,0.01027,0.98841
35669185,2,2,0.00373,0.05585,0.94043
18673465,2,2,0.00136,0.00748,0.99116
37355323,2,2,0.00204,0.02178,0.97618
7347152,2,2,0.10321,0.18872,0.70807
32555123,2,2,0.00114,0.00737,0.99149
29458956,2,2,0.00149,0.00648,0.99203
8555321,2,2,0.0016,0.0154,0.983
318014,2,2,0.00127,0.00831,0.99042
12207459,2,2,0.00222,0.03043,0.96735
37746401,0,0,0.98126,0.01702,0.00172
13748393,2,2,0.03197,0.38341,0.58463
28603466,2,2,0.00536,0.10705,0.88759
28984293,2,2,0.00286,0.01126,0.98589
36926768,2,2,0.00118,0.00513,0.99368
32137082,2,2,0.00144,0.01097,0.98759
33092906,2,2,0.00158,0.01093,0.98749
23846943,0,0,0.96851,0.02868,0.00281
12404506,0,0,0.96492,0.03344,0.00164
28536027,2,2,0.00349,0.01333,0.98318
37870493,1,0,0.77425,0.21839,0.00736
405649,2,2,0.00138,0.00818,0.99045
25318345,2,2,0.00378,0.01053,0.98569
36061840,2,2,0.00127,0.00985,0.98888
3651705,2,2,0.00321,0.05061,0.94618
37990934,0,1,0.1395,0.76901,0.09149
11372059,2,2,0.00167,0.01546,0.98287
7631430,2,2,0.00186,0.01806,0.98008
142227,1,1,0.12251,0.78189,0.0956
151220,1,0,0.98391,0.01454,0.00155
39371808,2,1,0.20458,0.73889,0.05653
15466951,2,2,0.00307,0.03314,0.96379
23730609,2,1,0.03763,0.80447,0.15791
36270259,2,2,0.00154,0.00623,0.99223
18986930,2,2,0.00651,0.05766,0.93583
36312131,0,0,0.97947,0.01891,0.00162
3019803,2,2,0.0951,0.08659,0.81832
25055631,2,1,0.03838,0.7954,0.16622
7429027,2,2,0.00147,0.00725,0.99128
29544056,0,0,0.60188,0.38258,0.01555
20466219,2,2,0.03502,0.04393,0.92105
19129706,2,2,0.00314,0.00975,0.98711
16039308,2,2,0.00191,0.00786,0.99023
15742767,0,0,0.84814,0.14229,0.00957
10437878,2,2,0.00149,0.00936,0.98915
11932767,2,2,0.00245,0.02474,0.97281
37355213,0,0,0.87749,0.11783,0.00468
9324302,2,2,0.00192,0.01785,0.98023
10445112,2,2,0.00182,0.00786,0.99031
10986730,0,0,0.62581,0.3456,0.02859
36697701,0,2,0.17217,0.30573,0.5221
39009910,2,2,0.00122,0.00831,0.99048
3763197,2,2,0.00495,0.03742,0.95763
19129375,1,2,0.00815,0.06454,0.92731
7626744,2,2,0.00124,0.00581,0.99295
15491191,2,2,0.00168,0.01068,0.98764
40530003,2,2,0.00434,0.0293,0.96637
32165217,2,2,0.0016,0.0127,0.9857
1614668,2,2,0.00191,0.00668,0.99141
2527195,2,2,0.00353,0.04779,0.94868
23005334,1,1,0.0454,0.84333,0.11127
39459972,2,2,0.00159,0.00555,0.99286
32677215,2,2,0.17159,0.28947,0.53895
23069095,1,1,0.35615,0.5636,0.08025
20654337,2,2,0.00111,0.00609,0.9928
34949305,2,2,0.00363,0.03599,0.96038
13911771,2,2,0.00113,0.00572,0.99315
32555268,0,0,0.89518,0.09888,0.00594
943536,2,2,0.00133,0.01052,0.98815
18605482,2,2,0.00498,0.03105,0.96397
20593652,2,2,0.00216,0.00925,0.98859
12892929,0,0,0.93137,0.06552,0.00311
10925268,2,2,0.00116,0.00628,0.99256
5562284,0,0,0.96602,0.03209,0.00189
20350509,2,2,0.00168,0.01055,0.98776
3440914,2,2,0.00179,0.0128,0.98541
29026552,2,2,0.00173,0.01158,0.98669
27302262,2,2,0.00166,0.00628,0.99206
16777902,2,2,0.00108,0.00502,0.99391
18317093,2,2,0.00862,0.0328,0.95858
31712230,2,2,0.00131,0.00877,0.98992
16035175,2,2,0.00563,0.10462,0.88975
6203642,2,2,0.00131,0.01145,0.98724
4448422,2,2,0.02453,0.23003,0.74544
15010194,2,2,0.00116,0.00638,0.99246
26243020,1,1,0.07858,0.50645,0.41497
36120650,2,2,0.00149,0.01,0.98852
27820556,0,1,0.30448,0.61868,0.07683
29771872,2,2,0.00613,0.04037,0.9535
6995030,2,2,0.00452,0.07942,0.91606
35434687,0,0,0.98516,0.01112,0.00372
31908975,2,2,0.00326,0.03329,0.96344
13637346,2,2,0.00146,0.01295,0.98559
23699425,2,2,0.00246,0.02185,0.97569
38338746,0,0,0.72806,0.26163,0.0103
26948724,2,1,0.02523,0.749,0.22577
995437,0,0,0.98356,0.01136,0.00508
1595330,0,0,0.81544,0.1743,0.01026
21146628,2,2,0.00209,0.01059,0.98732
37399352,1,1,0.22911,0.74829,0.0226
14870837,2,2,0.00244,0.01486,0.9827
12271896,2,2,0.00116,0.00775,0.99109
16159626,2,2,0.00559,0.02392,0.97049
15015563,2,2,0.00221,0.01734,0.98045
6986203,2,2,0.00489,0.01797,0.97714
3445481,0,0,0.94754,0.05022,0.00224
26358376,2,2,0.00811,0.13827,0.85362
39432868,2,2,0.00373,0.0387,0.95756
18268932,2,2,0.00364,0.03378,0.96258
26597861,2,2,0.00585,0.04061,0.95354
13518316,0,0,0.69135,0.29968,0.00898
35943716,2,2,0.00218,0.01551,0.98231
7198050,2,2,0.00113,0.00663,0.99224
14201647,2,2,0.00189,0.01695,0.98116
9292358,2,2,0.00156,0.00768,0.99076
10982538,2,2,0.0016,0.01383,0.98457
8591418,1,1,0.1272,0.78225,0.09055
9290133,1,2,0.04852,0.43588,0.5156
24606363,2,2,0.00196,0.01217,0.98587
12030448,0,1,0.20728,0.73345,0.05927
32649646,2,2,0.00281,0.01117,0.98602
40979347,2,2,0.11031,0.24739,0.6423
345479,0,1,0.21564,0.66746,0.1169
5999890,2,2,0.00599,0.0095,0.98451
37378623,2,2,0.0039,0.02635,0.96975
768520,2,2,0.0031,0.02299,0.97391
35303669,0,0,0.76638,0.22043,0.01319
20491447,2,2,0.00151,0.00954,0.98894
23393689,0,0,0.66627,0.31968,0.01405
24197661,2,2,0.00149,0.0083,0.99021
28510940,2,2,0.00135,0.00911,0.98953
41242370,0,0,0.73396,0.23735,0.02868
24042993,2,2,0.00215,0.01612,0.98173
20146371,1,1,0.11001,0.76362,0.12637
7667761,1,0,0.89389,0.10128,0.00484
19613800,2,2,0.0019,0.01582,0.98229
24324674,2,2,0.00104,0.00595,0.99301
15637831,0,0,0.88365,0.10846,0.00789
40152786,0,0,0.97254,0.02527,0.00219
4265519,2,1,0.11646,0.62466,0.25888
40240702,2,2,0.00263,0.01617,0.9812
30437010,2,1,0.42821,0.54343,0.02835
12160726,2,2,0.00802,0.06443,0.92755
19217161,0,0,0.98813,0.00946,0.00241
35733947,2,2,0.00203,0.01231,0.98566
8383008,2,2,0.0026,0.01117,0.98623
8391805,2,2,0.00138,0.00643,0.99219
11562656,2,2,0.00124,0.00538,0.99338
10440183,2,2,0.08571,0.42683,0.48746
23408785,1,1,0.17285,0.76044,0.06671
19692152,2,2,0.09328,0.10406,0.80266
38463415,2,2,0.00633,0.00943,0.98425
38560691,2,2,0.00326,0.03506,0.96168
33443121,2,2,0.00206,0.02665,0.97129
16185569,0,0,0.82597,0.15399,0.02004
35915130,0,0,0.98651,0.01153,0.00196
17316889,2,2,0.00314,0.02486,0.972
29162285,2,2,0.00109,0.00674,0.99217
7534038,2,2,0.0054,0.04337,0.95123
23555231,2,2,0.00259,0.01605,0.98136
35353248,2,2,0.00145,0.00609,0.99246
17456139,2,2,0.00136,0.00679,0.99185
11931761,2,2,0.00713,0.11573,0.87714
17817875,2,2,0.00118,0.00572,0.9931
31446032,2,1,0.02251,0.66306,0.31443
34515896,2,2,0.01078,0.28467,0.70455
29508818,0,0,0.90878,0.08824,0.00298
8399022,0,0,0.80603,0.18556,0.00841
15360934,0,1,0.03547,0.66405,0.30048
15052989,2,2,0.00142,0.01089,0.9877
32537985,2,2,0.0023,0.00995,0.98775
697113,2,2,0.00182,0.01131,0.98687
8190144,2,2,0.002,0.00873,0.98927
30944515,2,2,0.00286,0.02613,0.97101
14432917,2,2,0.00147,0.0076,0.99094
5841842,2,1,0.0419,0.80939,0.1487
9251407,2,2,0.00183,0.00633,0.99185
31425272,0,0,0.74107,0.23872,0.02022
39456319,2,2,0.00149,0.01023,0.98828
35037129,2,2,0.00104,0.00568,0.99328
4776179,2,2,0.00332,0.03081,0.96587
25038482,2,2,0.00127,0.00784,0.99089
29416944,2,1,0.05613,0.48115,0.46272
4705724,2,2,0.0025,0.02083,0.97667
7390306,0,1,0.38875,0.59278,0.01847
25323446,0,0,0.80132,0.18811,0.01057
16271799,2,2,0.00169,0.00628,0.99203
4430727,2,2,0.002,0.00739,0.99061
613696,2,2,0.00201,0.02153,0.97646
41515996,0,0,0.98415,0.01437,0.00148
11392453,2,2,0.00294,0.02841,0.96865
33239010,2,2,0.00177,0.0088,0.98944
32421098,2,2,0.0023,0.00946,0.98824
24536071,2,2,0.00189,0.01905,0.97906
8492646,2,2,0.00148,0.01093,0.98759
27180765,0,0,0.97353,0.02476,0.00171
20299599,2,2,0.00166,0.01097,0.98738
35924643,1,2,0.00114,0.00722,0.99163
5541955,2,2,0.003,0.0388,0.95819
28966889,2,2,0.00205,0.01563,0.98232
3992418,2,1,0.05023,0.76758,0.18218
31313963,2,2,0.00232,0.01593,0.98175
36092119,2,2,0.0024,0.02813,0.96947
15139375,2,2,0.00142,0.0111,0.98748
10409004,0,0,0.66574,0.30361,0.03065
1696777,2,1,0.02466,0.53137,0.44397
3425399,2,2,0.03325,0.10923,0.85752
27465403,2,2,0.00133,0.0086,0.99007
34807273,2,1,0.03753,0.76565,0.19683
15369377,2,2,0.00163,0.01208,0.98629
20926712,2,2,0.00126,0.0053,0.99345
23705868,2,2,0.00203,0.0247,0.97327
20415996,2,2,0.00156,0.00538,0.99306
39293083,0,0,0.86225,0.12917,0.00859
4974562,2,2,0.00815,0.06454,0.92731
37663361,2,2,0.11486,0.34357,0.54157
24971229,0,0,0.90169,0.09393,0.00438
22150139,2,1,0.22467,0.675,0.10033
32917564,2,2,0.00559,0.0551,0.93932
35522585,2,2,0.0024,0.01371,0.98389
1491263,1,0,0.6928,0.29565,0.01155
29256765,2,2,0.01779,0.13171,0.8505
24931338,2,2,0.00194,0.01027,0.98779
37365249,0,0,0.98497,0.01094,0.00409
2839815,0,0,0.98567,0.01265,0.00168
2402863,2,2,0.00334,0.02647,0.97019
22110946,0,0,0.984,0.01398,0.00202
30636719,2,2,0.00298,0.01574,0.98128
20720619,0,1,0.45198,0.53256,0.01547
10917241,0,0,0.87983,0.11451,0.00566
4057304,2,2,0.00118,0.00643,0.99239
10556832,2,2,0.00758,0.14306,0.84936
34390943,2,2,0.00122,0.00844,0.99035
40817014,2,2,0.05706,0.24784,0.6951
37391108,2,2,0.00211,0.01912,0.97877
11687900,2,2,0.00203,0.00792,0.99004
18515181,0,0,0.93715,0.05968,0.00318
10290309,2,2,0.07416,0.22766,0.69817
25192938,0,0,0.94058,0.05643,0.00299
12897225,2,2,0.00169,0.00546,0.99285
38650118,0,0,0.93305,0.06393,0.00302
34906513,0,0,0.96236,0.03371,0.00393
35647426,1,2,0.0261,0.47364,0.50026
13924046,0,1,0.1045,0.80292,0.09258
6983686,2,2,0.00923,0.13376,0.85701
16936666,2,1,0.05744,0.82448,0.11808
9035972,2,2,0.00112,0.00757,0.99131
2548932,2,2,0.00134,0.00663,0.99203
12599971,0,1,0.29581,0.63984,0.06435
34855881,0,0,0.97028,0.02801,0.00171
755862,1,0,0.5498,0.43834,0.01187
4472041,2,2,0.00653,0.1251,0.86837
11191447,2,2,0.00165,0.01251,0.98584
39770995,2,2,0.00292,0.01951,0.97757
18707884,1,1,0.48443,0.50373,0.01185
27697924,2,2,0.00227,0.02337,0.97436
22734768,2,2,0.00318,0.0144,0.98242
14816078,2,2,0.00296,0.05305,0.94399
8077588,2,2,0.0027,0.00647,0.99083
1727159,2,2,0.00216,0.00879,0.98904
22138417,2,2,0.00163,0.01145,0.98693
23277075,2,2,0.00236,0.0174,0.98024
27234668,0,0,0.98374,0.01437,0.0019
26483696,2,2,0.00197,0.02635,0.97168
4988830,2,2,0.00179,0.01335,0.98486
29402446,2,2,0.00494,0.05302,0.94203
34955148,0,0,0.96868,0.02951,0.00181
36982345,2,2,0.00161,0.00754,0.99085
40697332,0,0,0.97865,0.01988,0.00147
4695458,2,2,0.00124,0.00728,0.99148
5234461,2,2,0.00404,0.0677,0.92826
7017479,2,2,0.00122,0.00769,0.9911
2291777,2,2,0.00128,0.006,0.99273
36509410,2,2,0.05929,0.18378,0.75693
25820337,0,0,0.55752,0.42414,0.01835
36321589,1,0,0.56127,0.42699,0.01174
3841697,2,1,0.1041,0.85646,0.03944
755095,2,2,0.00543,0.08079,0.91378
35066000,2,2,0.0023,0.01019,0.98752
5313325,2,2,0.00806,0.08913,0.90281
24755304,2,2,0.00149,0.00689,0.99162
2404511,2,2,0.00658,0.02417,0.96925
35821040,2,2,0.00527,0.03556,0.95917
36965622,2,2,0.00528,0.04955,0.94517
14370336,0,0,0.77055,0.2165,0.01295
36973837,0,0,0.94443,0.05344,0.00213
29775516,0,0,0.98673,0.01118,0.00209
38740463,2,2,0.00297,0.02043,0.97661
6910878,0,1,0.49196,0.49582,0.01222
17343856,2,2,0.00221,0.03353,0.96426
36983154,0,0,0.98791,0.00931,0.00277
41589217,2,2,0.0014,0.00793,0.99067
20698944,2,1,0.14094,0.63164,0.22743
26437110,2,2,0.00151,0.01181,0.98669
38640285,2,2,0.05833,0.15511,0.78656
11522213,2,2,0.00171,0.01203,0.98626
3274399,2,2,0.00176,0.01246,0.98578
5995024,1,1,0.09002,0.86418,0.0458
13795715,0,0,0.89987,0.09615,0.00398
16175845,2,2,0.08154,0.37412,0.54434
37475212,1,1,0.19556,0.72961,0.07483
37912260,2,2,0.00223,0.00918,0.98859
4305558,2,2,0.00159,0.00793,0.99049
5999536,2,2,0.00122,0.00781,0.99098
19423334,0,0,0.90425,0.09274,0.00302
13334351,2,2,0.00288,0.01944,0.97768
1685721,0,1,0.16049,0.81582,0.02369
5256713,0,0,0.59809,0.37282,0.02909
24814028,2,2,0.00199,0.01545,0.98256
1338112,2,2,0.00226,0.02695,0.97079
4716597,2,2,0.00666,0.01981,0.97352
11034786,2,2,0.00267,0.03202,0.96532
34059676,0,1,0.11578,0.85219,0.03203
26460627,2,1,0.24596,0.69725,0.05679
41463050,2,2,0.00449,0.01069,0.98482
35786716,0,0,0.76124,0.22856,0.0102
27464676,0,1,0.47683,0.50364,0.01953
23790527,2,2,0.00163,0.00992,0.98845
24228923,2,2,0.00148,0.0114,0.98711
28575072,2,2,0.00248,0.01139,0.98613
36270072,0,0,0.51187,0.46244,0.02568
23264408,1,0,0.84641,0.14824,0.00536
33420095,2,2,0.00603,0.05681,0.93716
38869289,2,2,0.00422,0.04164,0.95415
11248552,2,2,0.00131,0.00951,0.98918
26479644,0,0,0.98296,0.01549,0.00155
18866491,2,2,0.00132,0.00706,0.99163
39986863,2,2,0.00113,0.00633,0.99254
13539469,2,2,0.17159,0.28947,0.53895
23478014,0,0,0.62791,0.35777,0.01431
17987380,2,1,0.02338,0.70487,0.27175
36031470,2,2,0.00617,0.04876,0.94507
7138827,2,2,0.00155,0.0131,0.98535
472027,2,2,0.01053,0.34322,0.64625
7946126,0,0,0.9747,0.02384,0.00147
15520781,2,2,0.00211,0.01656,0.98133
18080180,2,2,0.00115,0.00513,0.99372
4963246,0,0,0.9855,0.01285,0.00165
5006116,2,2,0.00261,0.03787,0.95951
6308411,0,0,0.97065,0.02756,0.00179
8383794,0,0,0.97047,0.02737,0.00216
30076814,2,1,0.03076,0.64241,0.32683
9037698,2,2,0.00154,0.00572,0.99274
474233,2,1,0.01951,0.59763,0.38286
35121068,2,2,0.00565,0.05947,0.93488
11262314,2,2,0.00116,0.00623,0.9926
14841338,2,2,0.00278,0.00804,0.98918
13620171,2,1,0.38076,0.48133,0.1379
40206962,2,1,0.37981,0.60457,0.01562
20175839,2,2,0.00144,0.01097,0.98759
9582535,2,2,0.00131,0.00884,0.98985
6303718,2,2,0.00145,0.00633,0.99222
22367999,2,1,0.12884,0.65433,0.21683
23749203,0,0,0.94135,0.05642,0.00223
30159491,1,1,0.40451,0.57943,0.01606
27354338,2,2,0.00261,0.0075,0.98989
17996958,2,2,0.00118,0.00937,0.98946
19519573,2,2,0.00176,0.01097,0.98727
11888586,2,2,0.002,0.00805,0.98995
4245246,1,0,0.53817,0.44966,0.01217
17870501,2,2,0.00129,0.00887,0.98984
9743521,2,2,0.00164,0.01789,0.98047
3277201,2,2,0.00479,0.06784,0.92737
11363333,0,1,0.12164,0.84432,0.03404
38059365,0,0,0.96114,0.03594,0.00292
3326903,0,0,0.94108,0.05663,0.0023
27285129,2,2,0.00169,0.00817,0.99014
8071074,2,2,0.00128,0.00711,0.99161
39044234,1,0,0.89395,0.10228,0.00377
18517859,2,2,0.00163,0.0118,0.98657
40688694,0,0,0.96888,0.02886,0.00226
7764285,2,2,0.00187,0.01227,0.98586
40558774,2,2,0.00142,0.0089,0.98968
40727211,2,2,0.03496,0.07741,0.88763
2547406,0,0,0.9277,0.06826,0.00404
32409441,2,2,0.00196,0.01315,0.98489
28126564,2,2,0.00113,0.00521,0.99366
12106168,2,2,0.00127,0.00799,0.99074
21564526,2,2,0.17159,0.28947,0.53895
10320226,1,0,0.88769,0.10896,0.00336
27365681,2,2,0.00134,0.00653,0.99213
35119390,2,2,0.00206,0.01071,0.98723
1543757,2,2,0.00193,0.0129,0.98517
12419876,2,2,0.1321,0.35352,0.51437
7860343,2,2,0.0018,0.00711,0.99109
7184682,0,1,0.4868,0.49447,0.01873
28764004,0,0,0.68104,0.30697,0.012
12918963,2,2,0.00179,0.01007,0.98813
21870140,1,2,0.00956,0.07449,0.91595
15357282,2,1,0.06643,0.835,0.09856
7171195,2,2,0.04123,0.11767,0.8411
637956,2,2,0.00116,0.00763,0.99121
37171743,2,2,0.17159,0.28947,0.53895
16439498,2,2,0.0026,0.04285,0.95455
7807825,2,1,0.07006,0.83379,0.09614
3605388,2,2,0.00156,0.01093,0.98752
31251540,2,2,0.0047,0.04272,0.95258
18913214,2,2,0.00299,0.01121,0.9858
15895752,0,0,0.89359,0.10304,0.00338
7379786,1,1,0.04115,0.81374,0.14511
28330215,0,0,0.66326,0.19133,0.14541
15479972,0,0,0.73415,0.2557,0.01015
27059684,2,2,0.00209,0.01371,0.9842
6397879,0,0,0.91089,0.08556,0.00355
23380040,0,0,0.97354,0.0248,0.00166
25480133,2,2,0.00208,0.01768,0.98025
35697489,2,2,0.00142,0.00731,0.99127
40984598,2,2,0.0154,0.36452,0.62007
40978179,0,0,0.88715,0.10868,0.00417
3663487,2,2,0.00196,0.01545,0.98259
20250114,0,0,0.91714,0.07905,0.00381
34145184,2,2,0.00233,0.01113,0.98653
16674549,0,0,0.98185,0.0166,0.00155
15988658,2,2,0.00399,0.03537,0.96064
33437158,2,2,0.00207,0.02293,0.975
37731524,2,2,0.00735,0.05947,0.93318
21543545,2,2,0.0216,0.14875,0.82965
22279324,2,2,0.00329,0.0091,0.98761
32777181,0,2,0.03632,0.0307,0.93298
19900163,1,1,0.24223,0.62303,0.13474
523792,2,2,0.00185,0.0087,0.98945
23154772,2,2,0.07726,0.08892,0.83382
34106450,2,2,0.00149,0.0088,0.98971
11473982,2,1,0.44047,0.50107,0.05846
25217199,2,2,0.00176,0.01063,0.9876
4204041,2,2,0.00135,0.01101,0.98763
23345893,2,2,0.00156,0.01051,0.98793
17832274,2,2,0.00108,0.00538,0.99354
754009,2,2,0.00132,0.00595,0.99273
33329670,2,2,0.00182,0.01114,0.98704
18887945,1,2,0.07814,0.07845,0.84341
35470803,2,2,0.00251,0.01458,0.98291
38504734,0,2,0.03908,0.44207,0.51885
16742753,2,2,0.00122,0.0072,0.99159
11691776,2,2,0.00504,0.10746,0.88751
8470952,2,2,0.00855,0.05532,0.93613
13129425,0,0,0.85667,0.1393,0.00403
6033613,2,2,0.00226,0.02524,0.97249
19501447,0,0,0.88827,0.10506,0.00668
13277858,2,2,0.00235,0.03273,0.96492
23689547,0,0,0.68434,0.30605,0.00961
6018385,0,0,0.86539,0.12913,0.00548
22940060,0,0,0.8806,0.11506,0.00434
18809967,2,2,0.00112,0.00853,0.99034
31575855,2,2,0.00191,0.00883,0.98926
16058226,0,0,0.54368,0.44028,0.01604
4915870,2,2,0.00126,0.00609,0.99265
19930427,2,2,0.01501,0.02676,0.95823
23562565,1,1,0.10827,0.84008,0.05165
32551267,2,2,0.00291,0.00961,0.98749
30969375,2,2,0.00864,0.16309,0.82826
39124047,2,2,0.00194,0.00768,0.99038
20993353,2,2,0.00239,0.01901,0.97861
24690857,0,0,0.57729,0.35845,0.06427
27175347,0,2,0.05578,0.4353,0.50892
12285513,2,2,0.11833,0.29003,0.59163
20468404,0,0,0.94119,0.05586,0.00295
35452028,0,0,0.9875,0.01031,0.00219
23302092,2,2,0.00215,0.01414,0.98371
3569451,0,0,0.91583,0.08097,0.0032
5051764,0,0,0.93179,0.06568,0.00254
21057248,2,2,0.00154,0.00736,0.9911
11679775,0,0,0.88387,0.10292,0.01321
18339204,0,0,0.96819,0.02997,0.00184
134601,2,2,0.00188,0.01055,0.98757
5208189,2,2,0.0025,0.00647,0.99103
5979292,2,2,0.00133,0.01106,0.98761
19848968,2,2,0.00118,0.00737,0.99146
37017352,1,1,0.2916,0.69136,0.01704
22196270,1,1,0.07723,0.85999,0.06279
35766208,2,2,0.09637,0.12767,0.77597
20512726,2,1,0.19181,0.69515,0.11304
6092566,0,0,0.41966,0.29977,0.28058
16941550,0,1,0.35714,0.62191,0.02095
37950028,2,2,0.00103,0.0049,0.99407
19865545,2,2,0.00319,0.00975,0.98706
1932314,2,0,0.46873,0.45077,0.0805
37832484,0,0,0.9812,0.01725,0.00155
14321750,2,2,0.00156,0.01055,0.98789
41311998,2,2,0.00527,0.10781,0.88692
4662647,0,0,0.98302,0.01552,0.00146
4630946,2,2,0.00242,0.02314,0.97444
25547835,2,2,0.00158,0.01084,0.98758
14944753,2,2,0.01327,0.07793,0.9088
27941106,2,2,0.00344,0.01225,0.98431
30263014,2,2,0.00129,0.01044,0.98827
25071351,2,2,0.00147,0.0076,0.99094
4074510,2,2,0.00257,0.03709,0.96034
27822630,1,1,0.28578,0.67099,0.04323
29630180,2,2,0.00592,0.10099,0.89309
34136641,2,2,0.00193,0.0132,0.98487
11123932,2,2,0.00184,0.01594,0.98222
11965917,2,2,0.0024,0.01371,0.98389
29901535,0,1,0.2215,0.70531,0.07319
21011330,2,1,0.09838,0.7618,0.13982
4077414,2,2,0.00386,0.02178,0.97436
32186881,0,0,0.9821,0.01638,0.00152
23407141,2,2,0.00121,0.00877,0.99002
38677364,2,2,0.00146,0.00901,0.98953
10230163,2,2,0.00134,0.00684,0.99182
10239476,2,2,0.00118,0.00638,0.99244
29116048,0,0,0.7277,0.25545,0.01685
29615333,2,2,0.00529,0.10484,0.88987
6677492,2,2,0.00114,0.00623,0.99262
2932291,0,0,0.9704,0.02804,0.00155
13358602,2,2,0.00224,0.02165,0.97611
27438852,2,2,0.00128,0.00619,0.99254
20878402,2,2,0.00203,0.0259,0.97207
3136272,2,2,0.00176,0.01487,0.98337
30510387,1,1,0.0616,0.50578,0.43262
21794092,2,2,0.00298,0.01598,0.98104
40079448,2,2,0.00323,0.01462,0.98215
30407114,2,2,0.00189,0.01894,0.97917
8571787,2,1,0.0966,0.81195,0.09145
13438383,2,1,0.04252,0.74198,0.21551
20958078,0,0,0.87178,0.12197,0.00625
21499939,2,2,0.00996,0.23486,0.75518
11277150,2,2,0.00212,0.01309,0.98479
23481368,2,2,0.00219,0.01144,0.98637
10356291,2,2,0.00156,0.00904,0.9894
9587716,2,2,0.00124,0.00728,0.99148
21337767,2,2,0.00116,0.00604,0.99279
17329038,1,1,0.17449,0.52195,0.30356
18858296,2,2,0.00171,0.0129,0.9854
12536907,2,1,0.01813,0.52158,0.46029
21972895,0,0,0.87446,0.11974,0.0058
37646928,2,2,0.00224,0.01868,0.97907
20849513,2,2,0.00221,0.01854,0.97925
39791200,0,0,0.94657,0.05037,0.00306
12281524,0,0,0.96954,0.02838,0.00209
18920809,2,2,0.0022,0.02132,0.97647
38151371,2,2,0.00245,0.02318,0.97436
25002176,2,2,0.00279,0.03533,0.96188
5534135,2,1,0.03224,0.79332,0.17444
614021,1,1,0.03485,0.86432,0.10084
22446612,2,1,0.057,0.65746,0.28554
38622519,0,0,0.98401,0.01319,0.00281
27857969,2,2,0.00734,0.14405,0.84861
12642583,0,0,0.90321,0.09409,0.0027
33369814,1,1,0.01945,0.50559,0.47496
30806976,2,2,0.00208,0.01459,0.98333
26028838,2,2,0.00174,0.00853,0.98973
5461505,2,2,0.00104,0.00517,0.99378
24376970,2,2,0.00156,0.00818,0.99026
8470054,2,2,0.01032,0.04564,0.94403
1111654,2,2,0.02418,0.14984,0.82599
36648875,0,0,0.93716,0.05985,0.00298
9704420,0,0,0.56655,0.42103,0.01242
2772385,2,2,0.00377,0.01519,0.98104
25388797,2,2,0.00426,0.07526,0.92047
17414475,0,0,0.91155,0.08495,0.0035
27652746,2,2,0.0012,0.00867,0.99014
31082950,2,2,0.00128,0.00648,0.99224
28976228,2,1,0.03153,0.76995,0.19851
38272212,0,0,0.97967,0.01844,0.00189
1635295,0,0,0.91587,0.0791,0.00504
17533098,1,1,0.20328,0.77016,0.02656
4346702,2,2,0.00194,0.00921,0.98885
40799350,0,0,0.35437,0.29573,0.3499
21851987,2,2,0.0034,0.04001,0.9566
2611881,2,2,0.00142,0.00837,0.99021
13915632,2,2,0.00113,0.00595,0.99292
29980984,0,0,0.97938,0.01917,0.00145
8099212,1,1,0.16678,0.78602,0.0472
13438841,2,2,0.00153,0.0129,0.98557
16443783,2,2,0.00372,0.01282,0.98346
24093796,2,2,0.17159,0.28947,0.53895
35630012,0,0,0.98594,0.01251,0.00155
613669,2,2,0.00319,0.04108,0.95573
2232664,2,2,0.00127,0.0119,0.98683
24843978,1,0,0.95618,0.04162,0.00219
8553599,0,1,0.34314,0.64106,0.0158
31738109,2,2,0.0012,0.00703,0.99177
9339765,2,2,0.0018,0.00705,0.99115
8346255,2,2,0.00659,0.15662,0.83679
36224210,2,2,0.00168,0.01285,0.98547
7476097,0,0,0.65902,0.30409,0.03689
25931243,0,0,0.94691,0.05043,0.00266
29437214,2,1,0.0272,0.69597,0.27684
6931105,0,1,0.06132,0.88017,0.05851
1485062,2,2,0.00183,0.02182,0.97635
8161329,0,0,0.97603,0.02212,0.00185
6783222,2,2,0.00108,0.00517,0.99375
5862346,2,2,0.00665,0.01365,0.9797
13066548,2,2,0.01105,0.28936,0.69959
9603149,2,2,0.0012,0.00658,0.99222
36517733,2,2,0.00116,0.00648,0.99236
38175653,0,0,0.96145,0.03585,0.0027
23891269,2,2,0.0059,0.10422,0.88987
9322445,2,2,0.00122,0.00745,0.99133
21539579,2,2,0.00377,0.02854,0.96768
21003464,2,2,0.00207,0.0075,0.99043
4414876,2,2,0.00193,0.0147,0.98337
29572533,2,2,0.00282,0.00931,0.98787
15155189,2,2,0.00121,0.00919,0.9896
14432461,2,2,0.03039,0.05314,0.91647
25345380,2,2,0.00148,0.01123,0.98729
28740479,2,2,0.00505,0.06305,0.93191
28967416,2,2,0.00118,0.00692,0.9919
11391831,2,2,0.0012,0.00692,0.99188
22173559,2,2,0.00946,0.1258,0.86474
28785563,0,0,0.98768,0.01076,0.00156
3788117,2,2,0.0107,0.17818,0.81112
34759971,2,2,0.00191,0.02162,0.97647
11256414,0,0,0.98723,0.01101,0.00176
4513900,1,0,0.73261,0.25919,0.0082
12740252,2,1,0.02101,0.75831,0.22068
7887561,2,1,0.2442,0.7319,0.0239
17742415,2,2,0.00335,0.02357,0.97309
35498185,2,2,0.00367,0.05406,0.94226
25333104,2,2,0.00133,0.01181,0.98686
16163300,2,2,0.00109,0.00609,0.99282
16329920,2,2,0.00218,0.01761,0.98022
35288514,0,0,0.97628,0.02225,0.00147
5580098,0,0,0.91208,0.08336,0.00457
8742459,2,2,0.00446,0.03184,0.9637
12768188,0,0,0.88584,0.10335,0.01081
3486219,2,2,0.0027,0.02172,0.97558
9373877,2,2,0.00158,0.0141,0.98433
257436,2,2,0.01364,0.04465,0.94171
17007972,0,1,0.17602,0.77833,0.04566
19614192,2,2,0.00151,0.00856,0.98992
27273358,2,2,0.00125,0.01089,0.98786
4279388,0,0,0.92182,0.07464,0.00354
14225317,0,0,0.87745,0.11645,0.0061
40097239,2,2,0.00144,0.0094,0.98916
37152803,2,2,0.15115,0.1121,0.73675
10553645,2,2,0.00172,0.00599,0.99229
14432021,2,2,0.00309,0.00968,0.98723
37677468,2,2,0.00715,0.15346,0.83939
9001877,0,0,0.93902,0.05784,0.00313
32740950,2,2,0.00367,0.02661,0.96972
35752613,2,2,0.00531,0.04455,0.95015
38647451,2,1,0.09276,0.80131,0.10593
41326979,2,2,0.00111,0.00595,0.99294
23063451,2,2,0.00303,0.01586,0.98112
40801068,0,1,0.28161,0.55325,0.16514
34333158,2,2,0.00265,0.0078,0.98955
39353246,2,2,0.00198,0.0192,0.97882
40200615,2,2,0.00763,0.01578,0.97658
24921171,2,2,0.0029,0.01324,0.98387
39268065,2,2,0.00154,0.00609,0.99237
40878150,2,2,0.00237,0.02546,0.97217
30704429,0,0,0.76825,0.22445,0.0073
21735529,2,2,0.00123,0.00857,0.9902
22344066,2,1,0.21618,0.7324,0.05142
33121861,2,2,0.0012,0.00572,0.99308
13807434,0,0,0.83806,0.15502,0.00692
17343973,1,0,0.79233,0.2019,0.00577
40156268,2,2,0.00526,0.03892,0.95583
21097049,2,2,0.00314,0.00975,0.98711
1175180,2,2,0.00424,0.05182,0.94395
19972110,2,2,0.04283,0.09681,0.86035
11480820,2,1,0.03196,0.83735,0.13069
408982,0,0,0.84527,0.14978,0.00495
34330508,2,2,0.00135,0.00988,0.98876
33223534,2,2,0.00388,0.046,0.95011
22912125,2,2,0.0083,0.02507,0.96664
36962960,0,0,0.78789,0.20235,0.00976
23276985,1,1,0.03096,0.77378,0.19526
3765086,2,2,0.00179,0.01072,0.98749
39342078,0,1,0.41385,0.53556,0.0506
10818902,2,0,0.5801,0.38193,0.03796
29254322,2,1,0.03299,0.62729,0.33972
18996786,2,2,0.00265,0.00903,0.98832
15469169,2,2,0.003,0.00964,0.98736
11722151,2,2,0.00115,0.0053,0.99356
9280868,0,0,0.59236,0.39769,0.00996
9730563,2,2,0.01441,0.26355,0.72203
35455948,2,2,0.00122,0.00572,0.99306
17296569,2,2,0.00928,0.04377,0.94694
15436661,2,1,0.2463,0.71548,0.03822
8621545,2,1,0.02151,0.62861,0.34988
21045304,2,2,0.00663,0.19066,0.80271
17151386,2,2,0.00534,0.11007,0.88459
1831632,0,0,0.97897,0.01872,0.00232
34450417,2,2,0.00527,0.02192,0.97282
36770640,0,0,0.84533,0.14979,0.00487
16764035,0,0,0.68071,0.26761,0.05168
10554918,2,2,0.02149,0.02067,0.95783
1500735,2,2,0.00472,0.02244,0.97284
18329772,2,0,0.49851,0.38673,0.11476
39660611,0,0,0.95658,0.04136,0.00206
18526638,2,2,0.00172,0.00613,0.99215
23666832,2,2,0.007,0.00935,0.98365
24654424,2,2,0.00634,0.12385,0.86981
33125907,0,1,0.27824,0.64063,0.08113
2480362,2,2,0.0037,0.06114,0.93516
6318573,2,2,0.00214,0.01865,0.97921
14650292,2,2,0.00131,0.00992,0.98876
7102315,2,2,0.00164,0.00568,0.99268
15764464,2,2,0.0012,0.00628,0.99252
17091307,2,2,0.00233,0.02853,0.96914
26534504,2,1,0.24066,0.71849,0.04085
4817280,2,2,0.00294,0.04357,0.95349
29833616,2,2,0.04278,0.06372,0.8935
36658277,2,2,0.00495,0.02167,0.97338
3142089,2,2,0.00299,0.04291,0.9541
11753967,0,0,0.88197,0.10868,0.00935
4833193,0,0,0.84937,0.12817,0.02246
1662056,2,2,0.00231,0.02297,0.97473
36685252,2,2,0.00122,0.00784,0.99095
10846927,0,0,0.84935,0.14474,0.0059
9769820,2,2,0.00162,0.01522,0.98315
9501183,0,0,0.80867,0.18328,0.00805
38553132,0,1,0.33592,0.57815,0.08593
5351204,2,2,0.00181,0.01409,0.9841
8881177,0,1,0.1023,0.84493,0.05276
15891689,2,0,0.85898,0.12969,0.01133
31807268,1,0,0.59821,0.37729,0.0245
17300181,2,2,0.00533,0.01748,0.97718
24607109,0,0,0.8505,0.1351,0.01441
40834095,1,1,0.23503,0.61652,0.14845
29532362,0,0,0.9835,0.01488,0.00162
21895589,2,2,0.00156,0.00915,0.98929
38654139,0,0,0.7219,0.26661,0.01149
10661786,2,2,0.03898,0.21402,0.747
23299683,2,2,0.00666,0.1613,0.83204
16472723,1,0,0.80359,0.18645,0.00996
17859644,2,2,0.00166,0.01011,0.98823
6657395,2,2,0.00172,0.01809,0.98018
14524533,2,2,0.00491,0.03058,0.96451
17707351,1,2,0.00934,0.21269,0.77797
10952489,1,1,0.45834,0.51937,0.02229
35246245,0,1,0.48081,0.49996,0.01923
3440962,2,2,0.01218,0.03538,0.95244
34808895,1,1,0.33183,0.63962,0.02855
9544624,2,1,0.06278,0.48234,0.45489
38053917,2,2,0.00157,0.01448,0.98394
29032015,2,2,0.01925,0.06069,0.92007
25939266,0,0,0.96744,0.03101,0.00155
22749259,0,0,0.95582,0.04239,0.00179
29598609,2,2,0.00188,0.01088,0.98724
15133210,2,2,0.00131,0.01223,0.98647
36316489,2,2,0.00132,0.00595,0.99273
32930127,1,0,0.59002,0.38544,0.02454
14197233,2,2,0.00355,0.02707,0.96938
39229253,2,2,0.00363,0.02065,0.97572
36984958,2,2,0.00215,0.0135,0.98434
6897618,2,2,0.00331,0.0346,0.96209
28268938,2,2,0.00566,0.01968,0.97466
40581343,2,2,0.00121,0.00887,0.98991
28974975,2,2,0.00128,0.00619,0.99254
23987857,2,2,0.00136,0.00711,0.99153
32145246,2,2,0.00139,0.01465,0.98396
25947943,2,2,0.00155,0.0119,0.98655
9440140,0,0,0.53547,0.44392,0.0206
33762334,2,2,0.00266,0.03628,0.96107
9920652,2,2,0.00425,0.03301,0.96274
10828551,2,2,0.00149,0.01076,0.98775
1196491,0,0,0.8783,0.11794,0.00376
37249091,2,2,0.0047,0.08576,0.90954
26063498,1,1,0.13756,0.83538,0.02706
37649646,0,0,0.9821,0.01638,0.00152
30451222,2,2,0.01633,0.0347,0.94897
18876164,2,2,0.00122,0.00653,0.99225
33131308,2,2,0.01912,0.06686,0.91402
17512302,1,0,0.93145,0.06514,0.00341
467205,2,2,0.00222,0.01447,0.98331
11440581,2,2,0.00141,0.01237,0.98622
22219419,2,2,0.00136,0.00775,0.9909
37664810,2,2,0.00127,0.00843,0.99029
34509802,2,2,0.00333,0.01391,0.98276
39441683,0,0,0.53439,0.43616,0.02945
17303886,2,2,0.0014,0.00951,0.98909
10157621,2,2,0.00106,0.00661,0.99233
7745548,2,2,0.0024,0.02802,0.96958
10977711,1,1,0.02934,0.74483,0.22583
33641443,2,2,0.00111,0.0053,0.99359
26005792,2,2,0.01086,0.32241,0.66673
17804842,2,2,0.00111,0.00775,0.99115
37796660,2,2,0.0218,0.46238,0.51582
19217993,1,1,0.48618,0.48999,0.02383
15966015,2,2,0.00124,0.0079,0.99087
12352109,0,0,0.74211,0.24187,0.01602
35955415,2,2,0.00179,0.0126,0.98561
29555668,2,2,0.00299,0.04291,0.9541
4601002,2,2,0.00267,0.01623,0.9811
12512944,2,2,0.00136,0.00568,0.99296
3162343,0,1,0.27581,0.68131,0.04288
35479906,2,2,0.00114,0.00586,0.993
18910133,2,1,0.05701,0.87789,0.0651
3041463,2,2,0.00181,0.01388,0.98431
24631570,0,0,0.92576,0.07111,0.00314
37200070,2,2,0.0046,0.06139,0.934
16728396,2,2,0.00158,0.0119,0.98652
40181141,2,2,0.00159,0.00759,0.99082
6679953,2,2,0.0036,0.0138,0.9826
27399656,2,2,0.00241,0.01067,0.98692
25478488,2,2,0.00224,0.02084,0.97692
32992475,0,2,0.10201,0.38799,0.51
16550670,2,1,0.03664,0.61976,0.3436
26201130,2,2,0.00463,0.04189,0.95348
12735436,2,2,0.0079,0.0281,0.964
39167905,2,2,0.00273,0.02535,0.97192
22064322,2,1,0.01822,0.50814,0.47364
5269050,1,1,0.40455,0.57499,0.02046
13215292,2,2,0.00146,0.01097,0.98757
28650062,2,2,0.00165,0.01176,0.98659
26442499,2,2,0.00216,0.01194,0.98591
259990,2,1,0.03473,0.81546,0.14982
15173762,2,2,0.00122,0.007,0.99178
3590754,2,2,0.00109,0.00725,0.99166
15466378,1,0,0.63287,0.34678,0.02034
25470045,1,0,0.64483,0.28614,0.06903
38710728,2,2,0.00644,0.05192,0.94164
28199935,0,0,0.98764,0.00991,0.00245
15677876,2,2,0.0012,0.00674,0.99206
39341373,2,2,0.00114,0.00714,0.99172
14102104,2,2,0.00127,0.00799,0.99074
14775902,2,2,0.00323,0.01386,0.98292
23046989,2,2,0.00689,0.0252,0.96792
39836189,2,2,0.00124,0.00684,0.99192
11145729,0,0,0.54593,0.44211,0.01197
36844118,0,0,0.97289,0.02365,0.00345
25874431,1,1,0.09581,0.844,0.06019
28575010,2,2,0.02823,0.06576,0.90601
36871488,2,2,0.00178,0.01844,0.97978
5315229,2,2,0.00113,0.00648,0.99239
24448743,2,2,0.00132,0.00581,0.99287
344656,0,1,0.21097,0.55258,0.23645
24661688,2,1,0.28549,0.66899,0.04553
36821458,1,2,0.00562,0.01217,0.98221
33452099,2,1,0.01519,0.52314,0.46167
35876985,0,0,0.90757,0.08795,0.00447
8509086,2,2,0.00187,0.01388,0.98425
16685932,2,2,0.00197,0.01039,0.98764
39852259,0,1,0.33831,0.637,0.0247
13667113,2,2,0.00134,0.00618,0.99248
1633471,2,2,0.00775,0.11057,0.88168
8988543,2,2,0.0012,0.007,0.9918
34495466,0,0,0.93666,0.06017,0.00317
13484792,2,2,0.00269,0.02492,0.97239
22466327,0,0,0.96619,0.03189,0.00192
7229107,0,0,0.98653,0.00937,0.0041
9052125,2,2,0.00114,0.00666,0.9922
4786406,2,2,0.00586,0.06758,0.92656
32788764,2,2,0.01115,0.01573,0.97312
7017475,2,2,0.00185,0.00969,0.98846
39195261,2,2,0.00205,0.01356,0.98439
1325714,2,2,0.00436,0.02341,0.97223
18010463,2,2,0.00176,0.01367,0.98458
16096242,2,2,0.00196,0.01522,0.98282
17435423,1,1,0.04277,0.55462,0.40261
20027967,0,0,0.92528,0.07191,0.00281
26790330,2,2,0.0025,0.02083,0.97667
14586359,2,2,0.00142,0.00915,0.98943
11312613,2,2,0.0012,0.00509,0.99371
30480693,0,0,0.98123,0.01732,0.00145
39321187,2,2,0.07375,0.08227,0.84398
35794489,2,2,0.00114,0.00808,0.99077
33762694,2,2,0.01616,0.09486,0.88898
31457598,2,2,0.0028,0.03241,0.9648
23255318,0,0,0.72,0.26799,0.01201
20080113,2,2,0.00154,0.00494,0.99352
26843129,0,0,0.65042,0.34008,0.0095
6336272,2,2,0.00212,0.0151,0.98278
24968131,2,2,0.00194,0.02229,0.97577
12867752,2,2,0.00293,0.04733,0.94974
19864005,0,0,0.90087,0.09551,0.00362
8415627,2,1,0.18875,0.7175,0.09375
34807596,0,0,0.9864,0.01131,0.0023
17918989,2,2,0.00126,0.00658,0.99216
6889584,2,2,0.0012,0.0072,0.99161
38962232,0,0,0.56566,0.39644,0.0379
19114653,2,2,0.00137,0.0106,0.98803
14955343,0,2,0.04717,0.17347,0.77936
26775680,2,2,0.00114,0.00604,0.99281
5476990,2,2,0.01096,0.09054,0.8985
13988504,2,2,0.00168,0.00954,0.98877
17803543,2,2,0.00279,0.03318,0.96403
26935862,2,2,0.00236,0.01688,0.98077
23203249,2,2,0.00128,0.00559,0.99313
25765029,2,2,0.00829,0.24521,0.7465
28393893,2,2,0.00182,0.0089,0.98928
15948889,2,2,0.00469,0.01466,0.98065
25835948,1,1,0.09011,0.86166,0.04823
23006462,2,2,0.00138,0.00805,0.99057
16294811,2,2,0.00169,0.00908,0.98924
33057549,2,0,0.55115,0.40798,0.04087
24688258,2,1,0.02004,0.6383,0.34166
10119742,2,2,0.00114,0.00703,0.99183
34426515,2,2,0.00233,0.01083,0.98683
33208255,0,0,0.50234,0.40364,0.09402
24535799,2,2,0.00179,0.01295,0.98527
4415727,2,2,0.0019,0.01404,0.98406
30407518,2,2,0.00226,0.02645,0.97129
2469986,2,0,0.90642,0.08644,0.00714
3113058,2,2,0.00125,0.00821,0.99054
10635311,2,2,0.00116,0.006,0.99284
35898698,2,2,0.00116,0.00525,0.99358
10729912,0,0,0.62188,0.35992,0.0182
23008688,1,2,0.04139,0.40046,0.55815
26177973,2,2,0.00464,0.06816,0.9272
28971385,0,0,0.88747,0.0797,0.03284
18934483,2,2,0.00439,0.01811,0.9775
26178412,2,2,0.00136,0.00479,0.99385
25228224,2,2,0.00133,0.00996,0.98871
13203225,1,0,0.90643,0.08992,0.00365
5253613,2,2,0.00142,0.01089,0.9877
27352352,2,2,0.00147,0.00771,0.99082
28414723,0,0,0.96509,0.03319,0.00172
35646685,2,2,0.00193,0.01198,0.98608
37847128,2,2,0.0052,0.04995,0.94485
20543370,2,2,0.00813,0.16212,0.82975
16155077,2,2,0.00884,0.11754,0.87362
1596354,2,2,0.00277,0.01006,0.98716
11373857,2,2,0.00444,0.01373,0.98182
34583076,2,2,0.00168,0.01265,0.98567
27441039,0,0,0.775,0.21437,0.01063
9567483,2,2,0.01959,0.02929,0.95113
21334106,2,2,0.00421,0.01272,0.98307
5330775,2,2,0.00126,0.0059,0.99284
13273191,2,2,0.00138,0.00586,0.99276
40825828,2,1,0.04723,0.73309,0.21968
2838625,1,1,0.05261,0.81025,0.13714
4631582,0,0,0.91636,0.08023,0.00341
21453846,2,2,0.00397,0.02527,0.97076
4238323,2,2,0.00129,0.00884,0.98987
21449792,1,2,0.05114,0.41179,0.53707
30476182,2,2,0.00175,0.00517,0.99308
37373149,2,2,0.00188,0.00873,0.98939
38892107,2,2,0.00306,0.03481,0.96213
40687201,2,0,0.42317,0.31279,0.26404
19119866,2,2,0.02522,0.03584,0.93894
2730964,1,1,0.0733,0.87224,0.05447
3560152,2,2,0.00147,0.00745,0.99108
27905043,2,2,0.0039,0.05654,0.93956
10794817,2,2,0.00118,0.00525,0.99356
9434299,2,2,0.01051,0.15421,0.83528
5142630,0,0,0.78464,0.20468,0.01068
40151198,2,2,0.00368,0.02272,0.9736
33253637,0,0,0.92313,0.07202,0.00484
25540245,2,2,0.02545,0.43043,0.54412
19028277,2,2,0.00114,0.00623,0.99262
6642737,2,2,0.00174,0.00762,0.99064
29288905,2,2,0.002,0.01011,0.98789
24916895,2,2,0.00156,0.01051,0.98793
38951659,0,0,0.94923,0.04852,0.00225
26800847,1,1,0.30866,0.65855,0.03279
39172231,2,2,0.00748,0.16759,0.82493
25139683,0,1,0.45847,0.52769,0.01384
16349959,2,2,0.00255,0.02921,0.96824
592887,2,2,0.00145,0.00521,0.99334
31651396,1,1,0.25345,0.72483,0.02172
22611681,0,0,0.81258,0.1806,0.00681
10329871,0,0,0.86918,0.12449,0.00633
18602112,2,2,0.00528,0.10687,0.88785
32365188,2,2,0.00182,0.0094,0.98878
23180529,2,2,0.00452,0.01918,0.97629
15738099,2,2,0.00426,0.0306,0.96513
3667597,2,2,0.00135,0.0102,0.98845
22244474,0,0,0.81676,0.17458,0.00866
34195900,1,0,0.64029,0.35085,0.00885
17629245,2,2,0.00154,0.00754,0.99093
18096973,2,2,0.00173,0.01144,0.98682
33628671,0,0,0.98358,0.01436,0.00205
40906075,2,2,0.00279,0.02071,0.97651
23429824,0,0,0.92461,0.07054,0.00485
20143349,0,0,0.69779,0.2875,0.01471
40633962,0,0,0.97384,0.02428,0.00188
25124352,0,0,0.93665,0.05959,0.00377
15179452,2,2,0.00158,0.01176,0.98666
31604323,2,2,0.00297,0.01849,0.97854
33932794,2,2,0.00132,0.00674,0.99195
1008439,2,2,0.00242,0.00727,0.99031
934262,0,0,0.91242,0.08355,0.00403
13616121,2,2,0.00126,0.00482,0.99392
17583293,2,2,0.00153,0.01181,0.98666
17750070,2,2,0.01717,0.05993,0.9229
5316,2,1,0.02275,0.5343,0.44295
17881347,2,2,0.00444,0.02185,0.97371
14501817,2,1,0.31876,0.61203,0.06921
38950842,2,2,0.00313,0.02961,0.96726
17738141,2,2,0.00154,0.00768,0.99078
31778867,2,2,0.00403,0.01077,0.9852
40611661,2,2,0.00184,0.01534,0.98282
39697145,2,2,0.00453,0.07731,0.91817
21187681,2,2,0.00231,0.0075,0.99019
7452693,0,0,0.81543,0.17773,0.00684
23848950,2,2,0.00122,0.00643,0.99235
28158917,2,2,0.00427,0.05874,0.93699
31409948,0,1,0.40716,0.57869,0.01415
36493330,2,0,0.73138,0.24787,0.02075
29969728,2,2,0.00144,0.00904,0.98952
31150839,2,2,0.00174,0.00911,0.98915
41486192,0,0,0.84632,0.11707,0.03661
12412627,2,2,0.00136,0.00538,0.99326
16855153,2,2,0.00214,0.0193,0.97856
27883492,2,2,0.0012,0.00737,0.99144
2657289,2,2,0.00159,0.00668,0.99173
28382716,0,2,0.10401,0.13645,0.75955
18921891,0,0,0.78451,0.20545,0.01003
22486594,2,2,0.00298,0.03093,0.96609
4836567,0,0,0.7512,0.23271,0.01609
10815503,2,2,0.0016,0.01325,0.98515
35991213,0,0,0.82949,0.16398,0.00653
28195519,2,2,0.00109,0.00581,0.99309
36068724,2,1,0.0265,0.75072,0.22278
27650892,0,1,0.44344,0.53909,0.01746
34092795,2,0,0.74669,0.24527,0.00804
13422329,0,2,0.03094,0.46183,0.50723
37347062,0,0,0.48756,0.36374,0.1487
21234326,2,2,0.01926,0.37207,0.60867
32710449,2,2,0.01042,0.07307,0.91651
21642375,2,2,0.00128,0.00623,0.99249
2838019,2,2,0.00361,0.01142,0.98497
40139190,0,0,0.98447,0.01294,0.0026
20424943,2,2,0.00158,0.00908,0.98934
39702814,2,1,0.036,0.77574,0.18826
8789207,2,2,0.00429,0.02413,0.97157
18968539,2,2,0.00338,0.05961,0.93701
14816891,2,2,0.0093,0.11291,0.87778
37569565,0,0,0.85462,0.14061,0.00477
34357267,2,2,0.00391,0.02456,0.97153
39464882,2,2,0.00281,0.01087,0.98631
33499570,2,2,0.00122,0.00638,0.9924
15810189,0,2,0.03551,0.36857,0.59592
26829096,0,0,0.95733,0.04085,0.00182
36689014,2,2,0.0016,0.01383,0.98457
10944188,2,2,0.00448,0.04289,0.95263
39711092,2,2,0.00456,0.0255,0.96994
23314076,2,2,0.00283,0.03468,0.96248
33314377,2,2,0.00125,0.00919,0.98956
26275055,0,0,0.96473,0.03322,0.00205
11122471,2,2,0.00146,0.01194,0.9866
2457195,0,0,0.96918,0.02856,0.00226
4885753,2,2,0.00155,0.01305,0.9854
35125444,2,2,0.00109,0.00623,0.99267
18585009,0,0,0.97987,0.0183,0.00183
8900195,2,2,0.03257,0.06631,0.90113
4259434,1,1,0.32967,0.65306,0.01727
17709973,2,2,0.00118,0.00844,0.99039
8206565,2,2,0.17159,0.28947,0.53895
34697845,0,0,0.96112,0.03685,0.00204
16633179,1,0,0.43102,0.35351,0.21547
7885163,2,2,0.00208,0.01606,0.98186
7763018,2,2,0.00154,0.00745,0.99101
9227889,2,2,0.00205,0.01498,0.98296
10453731,2,2,0.00195,0.01865,0.9794
34016020,0,0,0.90847,0.08804,0.00349
32739227,0,0,0.9676,0.03059,0.00181
28490663,1,1,0.07432,0.85392,0.07176
34203744,2,2,0.01014,0.1186,0.87125
1007250,2,2,0.00113,0.00648,0.99239
18642982,2,2,0.00209,0.01071,0.98719
12104173,2,2,0.00707,0.10912,0.88381
39333772,0,1,0.20932,0.76568,0.025
10612834,0,1,0.26601,0.54982,0.18417
21617932,2,2,0.00144,0.00922,0.98934
38254334,2,2,0.00234,0.00843,0.98923
41465625,2,2,0.00129,0.01056,0.98815
4158815,2,2,0.0031,0.00603,0.99086
12614309,2,2,0.00158,0.0128,0.98562
39443675,2,2,0.00209,0.01236,0.98555
27310187,2,2,0.00169,0.00918,0.98913
11412103,2,2,0.00128,0.00614,0.99259
16642829,2,2,0.04594,0.13984,0.81422
23710450,2,2,0.00238,0.00637,0.99125
21336845,0,0,0.88615,0.10898,0.00487
2771878,2,2,0.00114,0.00703,0.99183
2577106,2,2,0.00106,0.0059,0.99304
37548570,1,1,0.07143,0.86676,0.06181
24924486,2,2,0.00439,0.01805,0.97757
20531625,2,2,0.0099,0.28492,0.70518
35141596,2,2,0.00217,0.01908,0.97874
41467895,1,0,0.48659,0.48659,0.02682
22985384,2,2,0.00208,0.01708,0.98085
7873455,2,2,0.0012,0.006,0.9928
25148356,2,2,0.00197,0.00876,0.98927
33537394,2,2,0.00252,0.01161,0.98587
40134354,2,2,0.00165,0.01213,0.98622
16870530,2,2,0.0148,0.13826,0.84694
30268341,2,2,0.00434,0.02778,0.96788
32972288,2,2,0.00184,0.01236,0.98579
5020173,1,1,0.03647,0.85635,0.10718
27976581,2,1,0.0285,0.84605,0.12545
29427563,0,0,0.76221,0.22095,0.01684
34292924,2,2,0.00196,0.0132,0.98484
40670232,2,2,0.00138,0.00811,0.99051
9483946,2,2,0.04655,0.43309,0.52037
13099771,2,2,0.00122,0.00734,0.99145
30089311,2,2,0.00144,0.01097,0.98759
40599653,2,2,0.00161,0.00984,0.98855
25927116,2,2,0.00112,0.00766,0.99122
35933701,0,2,0.17159,0.28947,0.53895
16772386,2,2,0.00734,0.13065,0.86201
19716574,2,2,0.00411,0.02228,0.97362
36267470,2,2,0.00134,0.00695,0.99172
10771807,0,0,0.95801,0.04006,0.00194
4858812,2,2,0.00127,0.00929,0.98944
5268657,1,1,0.04477,0.84484,0.11039
1950847,2,2,0.01696,0.03507,0.94797
4106296,0,0,0.61386,0.37524,0.0109
1112604,2,2,0.00353,0.03163,0.96484
37331613,2,2,0.00842,0.06262,0.92896
6292690,2,2,0.0014,0.00933,0.98928
24179397,2,2,0.00109,0.00502,0.99389
32225706,2,2,0.00219,0.01088,0.98693
18499251,2,2,0.00121,0.00894,0.98985
4242231,2,2,0.0014,0.00754,0.99106
37718195,1,0,0.93522,0.06199,0.0028
11267913,0,0,0.88926,0.10456,0.00618
31324422,2,2,0.00116,0.00643,0.99241
17695439,2,2,0.02307,0.27031,0.70662
3995394,2,2,0.00176,0.01105,0.98718
28418117,2,2,0.00438,0.06481,0.93081
24404459,2,2,0.00337,0.01827,0.97836
20655805,2,2,0.00264,0.04297,0.95439
9226881,2,1,0.09456,0.83626,0.06918
6018942,2,2,0.00261,0.02422,0.97317
36610719,2,2,0.00997,0.16024,0.8298
31067598,0,0,0.72917,0.25497,0.01586
33894707,2,2,0.00212,0.01551,0.98237
10344660,2,2,0.00224,0.00642,0.99134
19432186,0,0,0.9403,0.05758,0.00212
14960087,2,2,0.00133,0.00981,0.98886
33940570,2,2,0.01593,0.06563,0.91844
22581923,2,2,0.0013,0.00714,0.99156
36842782,2,2,0.00165,0.01561,0.98274
2943553,2,2,0.0015,0.01346,0.98504
32280405,2,2,0.02286,0.04955,0.92759
5293164,2,2,0.00124,0.00658,0.99218
17991669,2,2,0.00114,0.00653,0.99232
34093966,2,2,0.17359,0.08604,0.74037
17509380,2,2,0.00884,0.11754,0.87362
37975237,2,2,0.00257,0.03781,0.95962
8577295,2,1,0.02966,0.69651,0.27383
9346340,2,1,0.05623,0.8525,0.09127
27822961,2,2,0.00369,0.05079,0.94552
15531107,1,0,0.83856,0.15451,0.00692
27905767,2,1,0.12103,0.61705,0.26192
40036797,2,2,0.00113,0.00525,0.99362
9909116,0,0,0.93321,0.06363,0.00316
13579070,2,2,0.00212,0.01442,0.98346
34616719,2,2,0.00114,0.00643,0.99243
10934149,1,1,0.05642,0.86884,0.07474
6257481,2,2,0.00259,0.03118,0.96623
11421961,2,2,0.00134,0.00628,0.99238
35823766,1,1,0.25806,0.69467,0.04727
2651049,2,2,0.00384,0.01086,0.9853
24396831,2,2,0.00288,0.03551,0.96162
8674680,0,0,0.98035,0.01813,0.00152
41506837,0,2,0.00368,0.02195,0.97437
41110493,0,0,0.87842,0.11704,0.00454
14031904,0,0,0.58194,0.3772,0.04086
15066671,2,2,0.00142,0.0108,0.98778
29381931,2,2,0.00585,0.0264,0.96775
14694469,0,1,0.07997,0.83655,0.08348
7982059,2,2,0.07962,0.22992,0.69046
23329298,0,0,0.97811,0.01914,0.00275
22428637,1,1,0.30071,0.67767,0.02161
31860321,1,1,0.08471,0.58801,0.32728
28367527,0,0,0.93764,0.05942,0.00294
6131405,2,2,0.00205,0.01459,0.98336
23689834,0,0,0.87174,0.12316,0.0051
4964436,2,2,0.00229,0.01355,0.98416
25192907,2,2,0.00327,0.01667,0.98006
14191153,0,0,0.88179,0.11432,0.0039
12127473,2,1,0.02158,0.53115,0.44727
34897955,2,2,0.00171,0.0086,0.98969
37989781,2,1,0.09181,0.73069,0.1775
33212307,1,0,0.49359,0.47283,0.03359
4106887,2,2,0.0018,0.00739,0.99081
37098643,0,1,0.0383,0.70046,0.26123
39669096,2,1,0.01777,0.5616,0.42062
8830333,2,2,0.00695,0.12483,0.86822
22575699,2,2,0.00133,0.01039,0.98827
31761892,0,0,0.96859,0.02962,0.00178
18659402,2,2,0.00168,0.01295,0.98537
22977748,2,2,0.00205,0.01731,0.98065
7032266,0,0,0.97714,0.0215,0.00136
35924620,0,2,0.00852,0.02984,0.96164
8940430,1,1,0.4015,0.5531,0.0454
12533313,2,2,0.00503,0.0359,0.95906
22206364,2,1,0.26495,0.71461,0.02043
40090338,2,2,0.00217,0.02203,0.97581
34188658,2,2,0.00172,0.00663,0.99165
8756879,2,2,0.00732,0.01057,0.9821
40698777,0,0,0.7491,0.2432,0.0077
40319266,0,0,0.9842,0.01409,0.0017
11993785,2,2,0.00131,0.0087,0.98999
37769695,2,1,0.24226,0.68342,0.07432
14354992,2,2,0.00144,0.01076,0.9878
28603166,2,1,0.04783,0.84789,0.10428
11654794,1,0,0.95533,0.04186,0.00281
2195365,0,0,0.87958,0.11292,0.00749
21336511,0,0,0.93548,0.06039,0.00413
14550877,2,2,0.00684,0.09689,0.89626
31351981,2,2,0.002,0.0228,0.9752
31688016,0,0,0.75158,0.24116,0.00725
28381360,0,1,0.46432,0.51396,0.02172
8871901,0,0,0.98577,0.01078,0.00345
22416735,2,0,0.58181,0.37859,0.03959
32600843,2,2,0.00156,0.00768,0.99076
41557831,1,0,0.54962,0.43479,0.01559
10233141,2,2,0.00223,0.00786,0.98991
11563688,1,1,0.31178,0.6498,0.03842
36934176,2,2,0.00126,0.00501,0.99373
24007945,2,2,0.00138,0.00604,0.99258
39494561,0,0,0.93004,0.0675,0.00245
33535861,0,0,0.88407,0.11196,0.00397
32548513,2,2,0.00334,0.00968,0.98698
32023312,2,2,0.09059,0.10509,0.80431
19452017,2,2,0.00187,0.01431,0.98382
29118796,2,2,0.00225,0.03186,0.96589
1874425,2,2,0.00158,0.00943,0.98898
41416990,0,0,0.62996,0.35894,0.0111
9214839,2,2,0.00215,0.01637,0.98149
39427597,0,0,0.9716,0.0269,0.00151
23573477,2,2,0.00138,0.00751,0.99111
24147508,2,2,0.00187,0.01227,0.98586
13536411,2,2,0.00251,0.01581,0.98168
18819166,0,0,0.83508,0.15814,0.00679
13624940,2,2,0.00163,0.00846,0.9899
26293153,2,2,0.00153,0.01336,0.98512
18912242,2,2,0.00114,0.00706,0.9918
11765044,2,1,0.15169,0.81125,0.03706
38067357,2,2,0.002,0.00836,0.98963
36439852,2,2,0.0019,0.01162,0.98648
6356980,2,2,0.00131,0.0111,0.98759
17703702,0,0,0.78081,0.19704,0.02215
18120985,2,2,0.00131,0.00799,0.9907
16573682,2,2,0.00173,0.01482,0.98345
25573339,2,2,0.00212,0.01377,0.98411
29475730,2,2,0.00266,0.01922,0.97812
36793372,2,2,0.00529,0.03322,0.96149
24407963,0,0,0.81762,0.17613,0.00624
5782428,0,0,0.59022,0.39317,0.01661
17291395,2,1,0.03358,0.65883,0.30759
34589969,2,2,0.17159,0.28947,0.53895
40422234,2,2,0.00517,0.02524,0.96959
20905671,2,2,0.00176,0.01167,0.98657
35193649,2,2,0.00114,0.00577,0.99309
29263558,2,2,0.12281,0.0949,0.78229
30394178,0,0,0.98741,0.01011,0.00249
21508117,0,1,0.40007,0.57084,0.02909
17458444,0,0,0.91093,0.08523,0.00384
727039,2,2,0.00173,0.01127,0.987
35882448,2,2,0.00163,0.01388,0.9845
9950484,0,0,0.95105,0.04666,0.00228
34022217,0,0,0.94945,0.04844,0.00211
34401871,2,2,0.00109,0.00534,0.99357
33457620,2,1,0.01877,0.51933,0.4619
25495242,2,2,0.00272,0.01492,0.98237
30117495,2,2,0.00144,0.00695,0.99161
25498625,0,0,0.95856,0.03964,0.00179
34679887,2,2,0.17159,0.28947,0.53895
2228712,2,2,0.00528,0.10687,0.88785
22777458,1,1,0.1463,0.82524,0.02846
23871505,2,2,0.00129,0.00745,0.99125
11740278,2,2,0.00268,0.01309,0.98423
25911531,2,2,0.0024,0.02789,0.96971
19192736,0,0,0.97899,0.01909,0.00192
21084990,0,0,0.96354,0.03425,0.00221
35034272,2,2,0.00187,0.01551,0.98262
554524,2,2,0.0074,0.1765,0.81611
32170150,2,2,0.00161,0.00689,0.9915
40532347,2,2,0.01483,0.0237,0.96147
546751,2,2,0.00148,0.0132,0.98532
39420317,2,2,0.23014,0.32234,0.44752
38668637,1,1,0.07001,0.79185,0.13814
1415587,0,0,0.98795,0.01039,0.00166
17658511,2,2,0.00178,0.01476,0.98346
29296028,2,2,0.00238,0.02301,0.97461
3166282,2,2,0.00147,0.00586,0.99267
8383018,2,2,0.00442,0.04173,0.95386
16352661,2,2,0.00787,0.08227,0.90986
4698524,1,1,0.39471,0.561,0.04429
22277657,2,2,0.0024,0.01269,0.9849
26588971,0,0,0.82062,0.17134,0.00805
38465190,2,2,0.00438,0.06481,0.93081
38192114,2,2,0.00213,0.00992,0.98796
20855429,2,2,0.00888,0.01881,0.97231
3070874,2,2,0.00596,0.06741,0.92663
7611586,2,2,0.01306,0.23975,0.74719
19223729,2,2,0.00114,0.00581,0.99304
31316330,2,2,0.00464,0.05364,0.94172
37071026,0,0,0.97705,0.02088,0.00207
42964,2,1,0.12169,0.82193,0.05637
40215032,2,1,0.03045,0.84912,0.12043
26507281,2,2,0.00124,0.00633,0.99243
35302601,2,2,0.00234,0.02228,0.97538
41321060,0,0,0.80442,0.18884,0.00675
30429144,2,1,0.13886,0.52609,0.33506
5992389,2,2,0.00146,0.0094,0.98914
23919550,2,2,0.00138,0.00901,0.98962
23266738,2,2,0.00209,0.01289,0.98502
37807730,0,0,0.61229,0.37429,0.01342
4602942,2,2,0.00166,0.00796,0.99038
16453602,2,2,0.00163,0.01167,0.9867
2288398,2,2,0.0023,0.02328,0.97442
14457467,2,2,0.0019,0.01409,0.98401
28577152,2,1,0.06127,0.83593,0.10281
7454990,2,2,0.01273,0.02234,0.96493
13352110,2,2,0.00135,0.01008,0.98857
5042310,2,2,0.00149,0.00988,0.98863
1512872,2,2,0.00944,0.02743,0.96313
1449345,0,0,0.94485,0.05274,0.00242
32623417,0,0,0.89333,0.10241,0.00427
1456760,2,1,0.03285,0.73601,0.23114
22151690,2,2,0.00114,0.0059,0.99295
16771434,1,0,0.95748,0.04025,0.00226
1033847,2,2,0.00717,0.02388,0.96895
18699257,0,1,0.1246,0.8391,0.0363
3038050,2,2,0.00224,0.0185,0.97925
27003260,2,2,0.00271,0.04595,0.95133
9973944,2,1,0.14556,0.49628,0.35816
4207518,0,0,0.95957,0.03861,0.00182
29022259,0,0,0.92305,0.07372,0.00323
30991324,1,1,0.03944,0.85663,0.10392
14187214,2,2,0.00142,0.00742,0.99116
8566509,0,0,0.95422,0.04182,0.00396
39234307,2,2,0.00138,0.00808,0.99054
14851388,2,2,0.00181,0.0129,0.98529
14246331,0,0,0.94835,0.04967,0.00198
32017199,0,1,0.13412,0.82805,0.03783
11400415,2,2,0.00264,0.01419,0.98318
31168790,0,0,0.90588,0.09075,0.00337
4765120,2,2,0.00219,0.01122,0.98659
37915289,0,0,0.88926,0.10456,0.00618
532260,2,2,0.00202,0.01688,0.9811
37111939,0,0,0.96424,0.03381,0.00195
2258085,2,2,0.00127,0.01008,0.98865
40340464,0,0,0.71947,0.24527,0.03526
10342114,2,2,0.0019,0.01409,0.98401
8161769,2,2,0.00362,0.05219,0.94419
25599448,2,2,0.00167,0.01834,0.97999
39792664,1,2,0.01178,0.21216,0.77605
24315352,2,2,0.08566,0.09841,0.81593
28025358,2,2,0.00442,0.00989,0.98568
13537320,2,2,0.00427,0.05874,0.93699
27369510,1,0,0.69208,0.28514,0.02277
11203004,1,1,0.47431,0.51285,0.01284
1509629,2,2,0.01497,0.05154,0.93348
23100106,2,2,0.0017,0.01399,0.98431
37377660,2,2,0.002,0.01076,0.98725
29310970,0,0,0.98299,0.01475,0.00225
25562420,2,2,0.22207,0.23205,0.54588
30063979,1,1,0.39172,0.58575,0.02254
12079362,0,0,0.51407,0.46806,0.01787
14782670,2,2,0.00202,0.01698,0.98101
25418322,2,1,0.28773,0.50745,0.20483
35529553,2,0,0.97452,0.02402,0.00147
28613675,2,2,0.00317,0.01555,0.98127
8593750,0,0,0.98338,0.01526,0.00137
39277990,1,0,0.48991,0.44087,0.06921
24393787,2,2,0.00144,0.00739,0.99116
28725272,2,2,0.00136,0.0085,0.99014
1132952,2,2,0.00248,0.02957,0.96795
26769529,1,0,0.94822,0.04802,0.00376
25131517,2,1,0.04364,0.57489,0.38147
3554582,2,2,0.01826,0.28016,0.70158
22509939,2,2,0.00197,0.00663,0.9914
35628002,2,2,0.00144,0.01035,0.98821
34203671,2,2,0.00121,0.00926,0.98953
30140310,0,0,0.86545,0.11673,0.01782
36244997,2,1,0.3998,0.51738,0.08283
6377011,2,2,0.00152,0.00604,0.99244
18787403,2,2,0.00298,0.01686,0.98016
32429441,2,2,0.00389,0.05999,0.93612
4964861,2,2,0.00139,0.01101,0.98759
7308491,2,2,0.00169,0.007,0.99131
4255855,2,2,0.00108,0.00595,0.99297
40920806,0,0,0.89061,0.10533,0.00406
12644151,2,2,0.00634,0.06675,0.9269
728741,2,2,0.02276,0.25245,0.72479
11377082,2,2,0.00234,0.00946,0.9882
36983076,2,2,0.00227,0.02157,0.97616
9670601,2,2,0.00322,0.01485,0.98192
19843436,2,2,0.00358,0.01906,0.97736
4450673,0,0,0.78055,0.20602,0.01343
31043761,2,2,0.00288,0.02012,0.977
21689511,1,0,0.946,0.05193,0.00207
34905143,2,2,0.00404,0.00656,0.98939
30922410,0,1,0.2165,0.75125,0.03224
2054243,2,1,0.02283,0.67764,0.29953
18433364,1,1,0.23639,0.74105,0.02255
8919223,2,2,0.00107,0.00628,0.99264
13145233,0,0,0.88948,0.10665,0.00387
953480,2,2,0.0017,0.01789,0.98042
32076201,2,2,0.00147,0.00793,0.99061
8754572,2,2,0.00133,0.00944,0.98923
2944948,2,1,0.11162,0.45547,0.43292
31281065,0,0,0.77837,0.21363,0.008
8675447,2,2,0.00122,0.00706,0.99173
29916942,2,2,0.00742,0.13468,0.8579
13821489,2,2,0.00402,0.02665,0.96932
25645236,2,2,0.00163,0.01399,0.98439
13066206,2,2,0.00345,0.00975,0.9868
22716304,2,2,0.00178,0.01588,0.98234
36887942,0,0,0.9082,0.08853,0.00328
13284264,2,2,0.00147,0.00811,0.99042
37266985,2,2,0.00134,0.00708,0.99158
4257947,2,2,0.00133,0.01149,0.98718
1413329,2,2,0.00182,0.02801,0.97017
19034880,2,2,0.00166,0.00808,0.99026
2289769,2,2,0.00377,0.04539,0.95084
17323192,0,0,0.9104,0.08427,0.00533
35661199,1,0,0.52505,0.42687,0.04808
36277187,2,2,0.00159,0.00802,0.9904
10082107,2,2,0.00837,0.12423,0.8674
26145346,2,2,0.00419,0.03373,0.96208
25351015,2,2,0.0061,0.04563,0.94828
39133010,0,0,0.98294,0.01546,0.0016
35241638,0,0,0.48928,0.45251,0.05821
38789427,2,2,0.00116,0.00711,0.99173
17527783,0,0,0.80136,0.1896,0.00904
28149778,2,2,0.00328,0.04498,0.95174
19001132,1,1,0.28459,0.66949,0.04592
7975264,2,2,0.00174,0.00745,0.99081
21677993,1,1,0.45486,0.52354,0.02161
36356807,1,1,0.09798,0.65665,0.24537
23626246,0,0,0.74699,0.24346,0.00955
37389775,0,0,0.96393,0.03396,0.00211
3884909,2,2,0.00986,0.05977,0.93037
28360292,2,0,0.7867,0.14746,0.06585
14434548,0,0,0.80699,0.18362,0.0094
29461117,2,2,0.00146,0.0128,0.98574
34836712,2,2,0.00125,0.00933,0.98942
9572911,1,1,0.20919,0.75923,0.03158
39173594,2,2,0.00133,0.01064,0.98803
23988528,2,0,0.56952,0.27326,0.15723
36134491,0,2,0.01737,0.4208,0.56184
29329826,2,2,0.01184,0.03245,0.95571
6161262,1,2,0.00657,0.14659,0.84685
11300117,2,2,0.00268,0.01469,0.98264
21291692,0,0,0.96882,0.02937,0.00181
11096315,2,2,0.00322,0.03023,0.96654
29053531,2,2,0.0012,0.00623,0.99257
39792935,2,2,0.0014,0.00734,0.99126
11390022,2,2,0.00232,0.03292,0.96477
37525563,2,2,0.00227,0.02215,0.97558
36025722,0,0,0.97317,0.02506,0.00176
11664155,2,2,0.0034,0.00868,0.98792
8979645,2,2,0.00191,0.01011,0.98798
39339623,0,0,0.96367,0.03452,0.0018
4748520,2,2,0.0023,0.00836,0.98934
2049710,2,2,0.00146,0.0088,0.98973
40367808,2,2,0.00114,0.00778,0.99108
15057054,2,2,0.00341,0.03536,0.96123
23144177,2,2,0.00167,0.00521,0.99312
33447846,2,2,0.00149,0.00568,0.99283
26195745,2,2,0.00114,0.00564,0.99322
30050637,2,2,0.00315,0.03911,0.95775
19791585,1,0,0.901,0.09404,0.00495
16723867,2,2,0.00163,0.01093,0.98744
24774335,2,2,0.01092,0.03603,0.95305
7339722,2,1,0.15174,0.47197,0.37629
20608035,2,2,0.00149,0.00796,0.99055
29488958,2,2,0.00176,0.01325,0.98499
8514900,2,2,0.00164,0.00814,0.99022
4252806,2,2,0.0018,0.00595,0.99225
23944575,0,0,0.80222,0.1752,0.02258
4174751,2,1,0.01956,0.52463,0.45581
15930637,2,1,0.02848,0.64307,0.32845
20813012,2,2,0.00134,0.00572,0.99294
15499200,2,1,0.1497,0.724,0.1263
24928434,2,0,0.46944,0.41186,0.11869
22645316,0,0,0.8256,0.16449,0.00992
23134322,0,0,0.86752,0.12498,0.00751
33493747,2,2,0.00315,0.02175,0.97509
35251800,2,2,0.0068,0.04521,0.94799
35707926,1,0,0.9821,0.01638,0.00152
4624661,2,2,0.01524,0.05672,0.92804
26571157,2,0,0.72121,0.26428,0.01451
31385639,2,2,0.00297,0.01793,0.97909
3311227,2,1,0.15696,0.48725,0.35579
788048,2,2,0.0032,0.03619,0.96061
19761492,2,2,0.00136,0.00808,0.99056
2170745,2,2,0.00191,0.00996,0.98814
36103944,2,2,0.00944,0.06479,0.92577
38325192,0,0,0.89992,0.09265,0.00743
27169328,2,2,0.00135,0.00955,0.9891
23042036,2,0,0.70009,0.28066,0.01925
36408341,2,2,0.00116,0.00638,0.99246
24589195,2,2,0.00144,0.01114,0.98742
4783994,2,2,0.00925,0.04009,0.95066
10667993,2,2,0.24579,0.27998,0.47423
19811221,2,2,0.02675,0.42331,0.54995
32686613,2,2,0.00142,0.00771,0.99086
2520661,2,2,0.00126,0.00614,0.99261
22157510,2,2,0.002,0.0078,0.9902
20804512,2,2,0.00315,0.03871,0.95815
9729273,2,2,0.0018,0.00554,0.99265
25642050,2,2,0.00208,0.01569,0.98223
24362431,0,0,0.95707,0.041,0.00194
13902343,2,2,0.00515,0.05803,0.93682
31072112,0,0,0.75229,0.24045,0.00726
28954017,2,2,0.00153,0.01171,0.98675
35669202,2,2,0.00218,0.01492,0.98289
26668923,2,1,0.20986,0.71099,0.07915
18057000,2,2,0.00176,0.01522,0.98302
9012371,0,0,0.66816,0.31685,0.01499
31620352,1,1,0.05845,0.87584,0.06572
40124928,0,0,0.7465,0.2386,0.0149
708038,2,2,0.00445,0.04924,0.94631
22897632,2,2,0.00518,0.09689,0.89794
30608901,2,2,0.00215,0.01309,0.98475
5101932,2,2,0.00147,0.00513,0.9934
34345523,2,2,0.00949,0.10942,0.88109
11528294,0,0,0.41388,0.26488,0.32123
27001781,2,2,0.0012,0.00614,0.99266
11644862,2,2,0.00109,0.00731,0.9916
4056075,0,0,0.98407,0.01454,0.00139
21980865,2,2,0.0013,0.00581,0.99289
37022199,2,2,0.00134,0.00643,0.99223
7729641,2,2,0.00126,0.00737,0.99138
11313246,2,2,0.01498,0.01396,0.97106
3558466,2,2,0.00153,0.01127,0.9872
10023971,2,1,0.05331,0.82748,0.11921
23655591,2,2,0.00121,0.00915,0.98964
31675575,2,2,0.00132,0.00736,0.99132
8403330,2,2,0.00243,0.01618,0.98139
2986978,2,2,0.00131,0.00877,0.98992
32043536,2,2,0.04746,0.09131,0.86123
34432407,2,2,0.00168,0.01203,0.98629
27234768,0,0,0.83404,0.15918,0.00678
37244613,2,2,0.00312,0.01693,0.97995
3053642,0,2,0.02338,0.05709,0.91953
35404945,0,0,0.97571,0.02268,0.00161
3811851,2,2,0.01198,0.18666,0.80136
12665224,2,2,0.0019,0.01185,0.98625
2307573,0,0,0.77762,0.21259,0.00979
6830280,2,2,0.00229,0.01355,0.98416
19949059,1,1,0.16009,0.80403,0.03588
14715781,2,2,0.00297,0.03561,0.96143
24671927,2,2,0.00958,0.03628,0.95414
36261904,0,0,0.9749,0.02359,0.00151
7438914,2,2,0.00173,0.01588,0.98239
23050334,2,1,0.13199,0.6782,0.18981
34730155,2,2,0.0089,0.24434,0.74676
35915741,2,2,0.0035,0.01062,0.98588
38868049,1,1,0.47806,0.50493,0.01701
34879626,2,2,0.0013,0.00684,0.99186
30765177,2,1,0.03131,0.85961,0.10907
4137376,0,0,0.98545,0.01295,0.0016
18016610,2,2,0.0042,0.04465,0.95115
23138949,2,2,0.00118,0.00748,0.99134
35262849,2,0,0.5883,0.37104,0.04066
34486366,0,0,0.97335,0.0248,0.00185
3267320,0,0,0.91262,0.08341,0.00397
16313586,1,0,0.85917,0.13099,0.00985
18226246,2,2,0.00184,0.01265,0.98551
30914930,2,2,0.00113,0.0059,0.99297
1091610,2,2,0.00401,0.04491,0.95108
31448842,0,0,0.7894,0.20274,0.00786
14664957,2,0,0.98267,0.01558,0.00175
13139322,2,0,0.42266,0.29988,0.27746
2704618,2,2,0.0014,0.0059,0.9927
282479,2,2,0.18279,0.23856,0.57864
1879860,2,2,0.00123,0.00857,0.9902
38207020,0,0,0.97554,0.0229,0.00156
8495996,2,2,0.00107,0.00745,0.99147
26817311,2,2,0.00402,0.04178,0.9542
4888162,2,2,0.00125,0.00904,0.9897
30668040,1,0,0.73065,0.26257,0.00678
9579897,0,0,0.90378,0.09125,0.00497
10149322,2,2,0.00127,0.00853,0.99019
10407011,2,2,0.01935,0.43691,0.54374
36871139,2,2,0.00356,0.05416,0.94228
36173784,2,1,0.34558,0.43261,0.22182
41180217,1,0,0.90057,0.09455,0.00488
13138587,2,2,0.00172,0.01751,0.98076
34093985,0,0,0.98439,0.01388,0.00173
22423882,0,0,0.98252,0.0157,0.00178
29765002,2,2,0.00259,0.01447,0.98294
16268060,2,2,0.01258,0.07043,0.91699
36200627,2,2,0.00113,0.00658,0.99229
35463064,1,1,0.13226,0.83837,0.02937
24078388,1,1,0.29788,0.68185,0.02027
26860850,0,1,0.23467,0.73566,0.02966
36041224,0,0,0.49605,0.48456,0.01938
6230201,0,1,0.2634,0.63495,0.10165
37526598,2,2,0.00259,0.02929,0.96811
25756704,2,2,0.00174,0.007,0.99126
20474579,2,2,0.00128,0.00698,0.99175
791899,0,0,0.89353,0.10163,0.00484
24974973,1,0,0.51803,0.45716,0.0248
13237030,2,2,0.0016,0.01534,0.98306
33685661,2,2,0.00116,0.007,0.99184
847260,2,2,0.00165,0.01383,0.98452
41345896,1,1,0.17742,0.74442,0.07816
36620899,1,0,0.73524,0.25211,0.01265
32153107,0,0,0.78001,0.21324,0.00675
39050607,2,2,0.00333,0.01354,0.98313
27712480,0,0,0.65345,0.339,0.00755
36257607,2,2,0.0597,0.15388,0.78642
6954313,2,2,0.00143,0.0141,0.98447
17029013,2,2,0.00149,0.00679,0.99172
25842367,2,2,0.00122,0.00725,0.99153
19363703,2,2,0.00208,0.0165,0.98142
31152549,0,1,0.26536,0.71015,0.02449
23371459,2,1,0.02762,0.71236,0.26002
35963346,1,2,0.22243,0.28311,0.49446
31820777,2,2,0.00499,0.02961,0.9654
3950209,2,2,0.00884,0.11754,0.87362
29438635,2,2,0.00193,0.01356,0.98451
22813119,2,2,0.00118,0.00884,0.98999
179674,2,2,0.00156,0.00824,0.9902
23260667,2,2,0.00315,0.02317,0.97368
8136524,1,1,0.10646,0.84722,0.04633
25856665,2,2,0.0295,0.39166,0.57884
24639603,2,2,0.00175,0.01705,0.9812
28580966,1,1,0.10183,0.85263,0.04554
13500079,2,2,0.00244,0.01458,0.98298
27079466,0,0,0.94945,0.04853,0.00201
26739062,2,2,0.00317,0.01725,0.97958
32161069,2,2,0.01236,0.25219,0.73545
3262632,2,2,0.00122,0.00674,0.99205
4668285,2,2,0.00363,0.0201,0.97626
2811360,2,2,0.00256,0.04363,0.95381
16247545,2,2,0.00267,0.03252,0.96481
18307292,2,2,0.00109,0.0059,0.993
933381,2,1,0.04913,0.82454,0.12632
25524777,2,2,0.00138,0.00722,0.9914
15596869,2,2,0.00264,0.01344,0.98392
40457780,0,0,0.97722,0.0208,0.00198
39964651,2,0,0.976,0.02255,0.00144
20174091,2,2,0.00163,0.01097,0.9874
41433665,2,2,0.01574,0.31997,0.66428
1098263,0,0,0.82859,0.16508,0.00633
5047033,2,2,0.0017,0.01792,0.98038
18115294,2,2,0.00153,0.00922,0.98925
17467252,0,0,0.84994,0.14315,0.00691
3739987,2,2,0.00173,0.01162,0.98664
20129500,2,2,0.00675,0.03694,0.95631
33596528,2,2,0.00371,0.07476,0.92153
13039584,2,2,0.00348,0.01561,0.98091
30890860,2,2,0.00793,0.03918,0.95289
2283675,2,2,0.00115,0.00521,0.99364
32548692,2,2,0.00116,0.00609,0.99275
41118850,2,2,0.00181,0.01388,0.98431
974621,2,2,0.00183,0.01891,0.97926
39696126,2,2,0.17159,0.28947,0.53895
17184326,2,2,0.0017,0.0147,0.98359
38450238,0,0,0.92014,0.07702,0.00284
4415373,2,2,0.00125,0.0079,0.99085
10385854,0,0,0.98358,0.01387,0.00256
14048458,0,0,0.62093,0.35518,0.02389
683930,2,2,0.00179,0.01136,0.98686
31774412,2,2,0.01801,0.02889,0.9531
18038204,2,2,0.00302,0.03261,0.96436
25220449,2,2,0.00136,0.00648,0.99216
5532755,1,0,0.57296,0.32902,0.09802
16314991,2,2,0.00168,0.01511,0.98322
4457647,2,2,0.00151,0.00648,0.99201
23981677,2,2,0.00643,0.08276,0.91081
10509335,2,2,0.00209,0.01414,0.98377
13658455,2,2,0.00467,0.01896,0.97637
6792348,0,0,0.92644,0.07047,0.00309
3277647,2,2,0.0014,0.00623,0.99237
4203879,2,2,0.03508,0.10846,0.85646
36449381,0,0,0.85229,0.14022,0.00749
4387874,2,2,0.00149,0.00714,0.99137
22032377,2,2,0.01179,0.08766,0.90056
16029506,2,2,0.00142,0.0087,0.98988
4198790,2,2,0.00183,0.01751,0.98065
29332294,2,2,0.00423,0.03795,0.95782
35440199,0,0,0.84589,0.14931,0.0048
8130636,2,2,0.00163,0.01185,0.98652
6406938,2,2,0.0081,0.19158,0.80032
5579345,2,2,0.00212,0.01345,0.98443
17854262,0,0,0.95175,0.04611,0.00215
27589633,0,1,0.26485,0.70327,0.03188
11313493,2,2,0.0016,0.01383,0.98457
3071192,1,1,0.06396,0.70392,0.23213
37785378,0,0,0.97567,0.02277,0.00156
27406143,2,2,0.0013,0.00658,0.99212
38430769,2,2,0.00317,0.04527,0.95155
36232686,2,2,0.00191,0.0098,0.98829
13450025,2,0,0.43919,0.31991,0.24089
20122033,2,2,0.00303,0.01574,0.98124
15131308,2,2,0.00942,0.26565,0.72494
15776311,2,2,0.00134,0.00793,0.99074
502052,2,2,0.00132,0.00674,0.99195
614897,2,2,0.00136,0.00653,0.99211
6415736,2,2,0.00136,0.00815,0.9905
6102041,1,1,0.07324,0.83162,0.09515
23527769,2,2,0.00785,0.05636,0.93579
10227342,2,2,0.00161,0.00977,0.98862
24560834,2,2,0.00136,0.00719,0.99145
23506950,2,2,0.00125,0.00772,0.99103
27821539,2,0,0.76672,0.21967,0.01361
21005578,0,0,0.96402,0.034,0.00198
18039569,2,2,0.00154,0.00814,0.99032
14700678,2,2,0.02168,0.13252,0.8458
21127952,1,1,0.10243,0.83285,0.06473
5072869,2,2,0.00374,0.05226,0.944
32267985,0,0,0.97617,0.0224,0.00142
8355996,1,1,0.01862,0.63135,0.35003
24773891,2,2,0.0014,0.00546,0.99314
36327458,2,2,0.00299,0.02792,0.96909
12048599,2,2,0.00858,0.01483,0.97659
19179986,2,2,0.00608,0.01829,0.97563
3215023,2,2,0.00219,0.01366,0.98415
26306397,0,0,0.86323,0.13007,0.00669
41393053,0,0,0.75478,0.22224,0.02297
19864388,2,2,0.01203,0.29957,0.6884
8784345,2,2,0.004,0.01621,0.97978
25455909,2,2,0.00423,0.02297,0.9728
23393776,2,1,0.05767,0.82142,0.12091
21745451,0,0,0.85227,0.14132,0.00641
14309226,2,2,0.00125,0.00873,0.99001
28544447,0,2,0.004,0.0164,0.9796
11193087,2,2,0.01088,0.04708,0.94203
30023330,2,2,0.0013,0.0059,0.9928
13103327,2,2,0.00226,0.01299,0.98475
13573390,2,2,0.17159,0.28947,0.53895
25361564,0,1,0.47511,0.51372,0.01117
31441219,0,0,0.87517,0.12031,0.00452
40048346,2,2,0.00306,0.03468,0.96226
7801055,1,1,0.07912,0.57109,0.34978
7195862,2,2,0.00113,0.00538,0.99349
19889473,0,0,0.65592,0.18737,0.15671
31266831,2,2,0.0014,0.01016,0.98845
20388634,0,2,0.07758,0.43781,0.48461
3264699,0,0,0.90982,0.08646,0.00372
22780347,2,1,0.14648,0.81994,0.03358
30520538,0,1,0.37112,0.58386,0.04502
9885133,2,2,0.0021,0.0078,0.9901
19398735,0,0,0.68666,0.30233,0.01101
12575827,2,2,0.00227,0.00921,0.98852
38190014,2,2,0.0014,0.00799,0.99061
28321628,0,1,0.46838,0.51442,0.01719
41195594,2,2,0.00126,0.00717,0.99158
12343246,0,0,0.97599,0.02238,0.00164
22836421,2,2,0.00134,0.00663,0.99203
8085900,0,0,0.88516,0.10531,0.00953
23371267,2,0,0.95868,0.03947,0.00185
12843988,2,2,0.0017,0.01305,0.98525
2670255,0,0,0.81438,0.1803,0.00532
35241611,2,2,0.00309,0.02603,0.97088
20840296,2,2,0.0012,0.00722,0.99158
13596134,0,0,0.97323,0.02477,0.002
25658253,2,2,0.00981,0.07893,0.91126
22397252,1,1,0.14132,0.81482,0.04386
15304208,1,1,0.09995,0.85672,0.04333
4426279,2,2,0.00144,0.007,0.99155
10383746,1,1,0.07101,0.87192,0.05706
3241758,2,2,0.0022,0.0078,0.99
11122850,2,2,0.00133,0.00926,0.98941
22458107,1,0,0.62485,0.32544,0.04971
22363081,2,2,0.00248,0.01334,0.98418
4531768,2,2,0.01019,0.18057,0.80925
24388726,2,2,0.22974,0.24744,0.52281
13688802,2,2,0.00232,0.03364,0.96405
36175442,0,1,0.37056,0.61335,0.01609
8467440,2,2,0.0053,0.10338,0.89132
29759558,2,2,0.00111,0.00638,0.99251
39192128,0,0,0.93242,0.06299,0.0046
11842349,2,2,0.00176,0.01031,0.98793
7395914,2,2,0.00202,0.0135,0.98447
20545625,2,2,0.00189,0.01778,0.98033
14698020,0,0,0.97701,0.0215,0.00149
19949151,0,0,0.89752,0.09875,0.00373
20368904,2,1,0.03298,0.75653,0.21049
19212028,0,1,0.2986,0.67819,0.02321
14715769,2,2,0.00109,0.00609,0.99282
13141227,2,2,0.00299,0.01174,0.98527
27879777,2,2,0.00127,0.00947,0.98925
30989570,2,2,0.00242,0.02249,0.97509
16436289,2,2,0.00223,0.02527,0.9725
21879052,2,2,0.00427,0.02897,0.96676
31633826,2,2,0.00571,0.03475,0.95955
27374100,2,2,0.0014,0.00981,0.9888
23482484,2,2,0.00118,0.00937,0.98946
834598,2,2,0.00571,0.06382,0.93048
30900351,2,1,0.24829,0.51547,0.23623
18437386,1,2,0.00779,0.21042,0.7818
22390809,1,0,0.69433,0.29746,0.00821
30190283,2,2,0.00265,0.00896,0.98839
13207399,2,2,0.00167,0.01638,0.98195
3879311,2,2,0.0128,0.14398,0.84322
7488344,2,2,0.00445,0.01128,0.98427
28666623,1,2,0.03781,0.23756,0.72463
31430434,2,2,0.00109,0.00609,0.99282
37723199,2,2,0.00261,0.02422,0.97317
26460632,2,2,0.00146,0.01158,0.98696
35320974,2,2,0.00518,0.08153,0.91328
39476965,2,2,0.00122,0.00623,0.99255
2402344,2,2,0.00109,0.00745,0.99146
18329577,2,2,0.00108,0.00595,0.99297
6304903,2,2,0.00439,0.01678,0.97883
19435538,1,0,0.49605,0.49219,0.01176
40027440,2,2,0.00482,0.09046,0.90472
28323713,2,2,0.00214,0.02048,0.97738
31149106,0,0,0.82281,0.16489,0.0123
344188,2,2,0.00301,0.02256,0.97443
8188765,2,2,0.00109,0.00502,0.99389
36917000,2,2,0.0012,0.00778,0.99103
23253323,0,0,0.55038,0.4388,0.01081
36356931,2,2,0.00373,0.05442,0.94185
33709058,0,0,0.98303,0.0154,0.00157
37126817,2,2,0.00132,0.00486,0.99382
20943698,1,1,0.38485,0.58683,0.02832
35014879,2,2,0.00142,0.0079,0.99068
10740326,2,2,0.00289,0.03189,0.96523
18939306,2,2,0.00209,0.01122,0.98669
36791414,2,2,0.00335,0.0243,0.97236
36621261,0,0,0.74037,0.24606,0.01356
39739817,2,2,0.00573,0.04624,0.94803
7778590,2,2,0.03407,0.36202,0.60391
23432365,2,2,0.00522,0.01638,0.9784
27857121,2,2,0.00298,0.01503,0.98199
7636036,2,2,0.00151,0.01149,0.987
6348941,0,0,0.95734,0.03984,0.00282
19425946,2,2,0.04527,0.22988,0.72486
9636941,2,2,0.00148,0.0128,0.98572
6219777,2,2,0.00295,0.00938,0.98766
30482185,0,0,0.84887,0.14523,0.0059
29345983,2,2,0.00124,0.00525,0.99351
37322828,2,2,0.00203,0.00943,0.98854
860983,2,2,0.00138,0.00706,0.99156
17816794,2,2,0.00144,0.00958,0.98898
38430649,2,2,0.00154,0.00538,0.99308
32867403,2,2,0.00222,0.01492,0.98286
22915942,2,2,0.00148,0.0114,0.98711
1681062,0,0,0.93356,0.06365,0.00279
19564934,2,2,0.00976,0.19006,0.80018
3862665,0,0,0.55405,0.42814,0.01781
20019376,2,2,0.01817,0.45073,0.53109
32843608,2,1,0.08342,0.80077,0.11581
1899039,2,1,0.06725,0.50274,0.43002
20089809,2,2,0.00138,0.00648,0.99214
4964262,2,2,0.00144,0.00929,0.98927
39858528,0,0,0.95511,0.0429,0.00199
21722821,2,2,0.00138,0.00739,0.99123
38255510,2,2,0.00236,0.01521,0.98243
33120658,2,2,0.00398,0.03652,0.9595
38684062,2,2,0.0013,0.00663,0.99207
20654244,0,0,0.95229,0.04542,0.00229
10557398,2,2,0.00191,0.01114,0.98696
17535523,2,1,0.0457,0.56108,0.39323
36571732,2,2,0.00126,0.00619,0.99256
29054744,2,2,0.00178,0.01631,0.98191
21349653,0,0,0.98793,0.00984,0.00223
11463581,2,2,0.00205,0.0147,0.98325
8494253,2,2,0.04073,0.05029,0.90898
34911684,2,1,0.06073,0.77538,0.16388
10836469,2,2,0.00191,0.00996,0.98814
7725108,2,2,0.00289,0.02923,0.96788
29194339,2,2,0.13184,0.22174,0.64642
16531280,0,0,0.9738,0.02438,0.00182
29806415,0,0,0.97787,0.02086,0.00128
30624865,2,2,0.00138,0.00663,0.99199
23802637,2,2,0.00116,0.00731,0.99153
27366770,2,2,0.00167,0.01884,0.97949
401335,2,2,0.00161,0.00827,0.99012
23581234,2,2,0.00351,0.03928,0.95722
9839533,2,2,0.00178,0.01505,0.98317
7619951,2,2,0.00132,0.00742,0.99126
11066337,2,2,0.0025,0.02083,0.97667
37027933,0,0,0.97294,0.02515,0.00191
29507959,0,0,0.82794,0.16431,0.00775
22734485,2,2,0.00422,0.07001,0.92577
18664230,2,2,0.00176,0.01162,0.98662
14546956,2,2,0.00144,0.01185,0.98671
13387100,2,2,0.00127,0.00944,0.98929
38441566,0,0,0.87757,0.1167,0.00573
20882107,2,2,0.07653,0.1945,0.72896
36521172,2,2,0.0014,0.00668,0.99192
37620830,1,1,0.13519,0.79329,0.07152
34623617,2,2,0.00131,0.0084,0.99028
27708298,2,2,0.00385,0.00861,0.98754
2185104,2,2,0.00226,0.01113,0.98661
6112040,2,2,0.16511,0.23913,0.59576
23977053,0,0,0.9749,0.02306,0.00203
19618762,2,2,0.00142,0.00768,0.99089
17434645,2,2,0.02519,0.02206,0.95275
14096610,2,2,0.00149,0.00799,0.99052
712194,2,2,0.17034,0.36844,0.46122
11203807,0,0,0.87956,0.11403,0.00641
2016433,1,0,0.63583,0.35389,0.01028
5080921,2,2,0.00109,0.00742,0.99149
7437541,2,2,0.03282,0.23739,0.72979
102513,0,0,0.77874,0.21541,0.00585
35864584,0,0,0.52722,0.37826,0.09452
17889514,0,1,0.42005,0.56524,0.01471
38373165,0,0,0.87219,0.11575,0.01206
26234190,0,0,0.86215,0.13222,0.00563
41548975,2,0,0.62532,0.33471,0.03998
4523343,0,1,0.23582,0.73927,0.0249
36887475,2,2,0.00179,0.01372,0.9845
22804380,1,1,0.23358,0.74668,0.01974
24380678,2,1,0.38651,0.57796,0.03553
31066647,0,2,0.07031,0.3999,0.52979
17326582,1,0,0.66929,0.29816,0.03255
19661472,2,2,0.00163,0.01015,0.98822
6310526,2,2,0.00204,0.0183,0.97966
38859495,2,2,0.00116,0.007,0.99184
23461773,2,2,0.00205,0.01425,0.98369
27267979,2,2,0.00142,0.01051,0.98807
4261034,2,2,0.00274,0.02257,0.97469
34301118,2,2,0.00254,0.01787,0.97958
5437088,2,2,0.00217,0.01908,0.97874
11248183,0,0,0.81191,0.17287,0.01522
21637289,2,2,0.00123,0.0094,0.98937
17802660,2,2,0.00461,0.06053,0.93486
33251889,2,1,0.01453,0.49658,0.48888
36160505,0,0,0.98655,0.01006,0.0034
37834055,2,2,0.00128,0.00464,0.99408
32241230,0,0,0.98696,0.00931,0.00373
17414454,2,2,0.00294,0.02964,0.96742
7473009,2,2,0.02136,0.06316,0.91548
28578227,0,0,0.87956,0.11582,0.00462
23079502,2,2,0.01827,0.26327,0.71846
24888397,2,2,0.00113,0.00568,0.99319
35226464,2,2,0.0026,0.02654,0.97086
14861949,0,0,0.88711,0.10762,0.00527
2836336,0,0,0.9794,0.01913,0.00147
36081048,2,2,0.0027,0.02075,0.97655
5420503,2,2,0.00116,0.00766,0.99118
5006056,2,2,0.00342,0.0187,0.97788
25118212,2,2,0.0012,0.00538,0.99342
31740443,2,2,0.00138,0.0083,0.99032
12052334,2,2,0.0012,0.00609,0.99271
17977458,2,2,0.00171,0.0078,0.99048
2128068,2,2,0.00225,0.03275,0.96501
33118911,0,0,0.67381,0.31335,0.01283
13027857,2,2,0.0031,0.02384,0.97306
25335987,2,2,0.00312,0.0455,0.95137
30975847,2,1,0.1734,0.74807,0.07854
7494398,0,0,0.9133,0.0838,0.00291
36110149,2,2,0.00366,0.05905,0.9373
16695684,0,0,0.97645,0.02208,0.00147
22215049,2,2,0.00264,0.01381,0.98355
23997247,1,0,0.82,0.17323,0.00677
2031763,2,2,0.0019,0.01504,0.98306
26492906,0,0,0.70941,0.28108,0.00951
25996829,0,0,0.81283,0.17855,0.00862
34576852,2,2,0.02176,0.34716,0.63108
35454200,2,2,0.00158,0.01393,0.98449
16427506,2,2,0.00235,0.01882,0.97882
4659836,1,1,0.2781,0.69371,0.02819
8658807,0,0,0.75593,0.23418,0.00989
24780077,0,0,0.93134,0.06514,0.00352
11036393,2,2,0.00166,0.01059,0.98775
36399106,2,2,0.0034,0.00968,0.98693
2646095,0,0,0.9353,0.06133,0.00337
33268213,0,1,0.31282,0.62212,0.06506
23425930,0,0,0.94578,0.05202,0.0022
17327329,2,2,0.00724,0.05895,0.93381
40274878,2,2,0.00323,0.01386,0.98292
12365068,1,1,0.34771,0.5079,0.14438
14791775,2,2,0.00109,0.00586,0.99305
12351607,0,0,0.98278,0.01552,0.0017
39700788,0,0,0.80837,0.1861,0.00553
6280986,2,2,0.01552,0.06092,0.92356
1290228,2,2,0.00549,0.05745,0.93707
21648615,2,2,0.00843,0.10451,0.88706
40335947,0,0,0.94051,0.05588,0.00361
9960571,2,2,0.0028,0.01457,0.98262
31342783,0,0,0.67174,0.30875,0.01951
5864601,2,2,0.01021,0.13937,0.85042
21285960,2,2,0.00479,0.06784,0.92737
10833044,2,2,0.0025,0.01893,0.97857
1655226,2,2,0.00199,0.01361,0.9844
7078486,2,2,0.00327,0.06162,0.93511
342025,2,2,0.01003,0.15454,0.83543
12118571,2,1,0.04611,0.70461,0.24928
10683689,2,2,0.0051,0.06665,0.92824
36620902,0,0,0.79344,0.19673,0.00983
18459241,2,2,0.00804,0.23392,0.75805
36447561,2,2,0.0293,0.05919,0.91151
37851691,2,2,0.00158,0.01076,0.98766
11557765,1,1,0.09967,0.8248,0.07553
24697032,2,2,0.00148,0.01295,0.98557
4417440,2,1,0.03247,0.87078,0.09675
7104195,2,2,0.00167,0.01594,0.98239
6810968,2,2,0.00113,0.00711,0.99176
16305152,2,2,0.00131,0.00843,0.99025
21060419,0,0,0.96638,0.0316,0.00202
19042492,2,2,0.0016,0.01499,0.98341
40941254,0,0,0.9572,0.04086,0.00194
37138587,2,2,0.00194,0.01027,0.98779
10068124,2,2,0.01453,0.16081,0.82467
33815852,0,0,0.93306,0.06368,0.00326
41033029,0,0,0.82564,0.16905,0.00531
38034106,2,0,0.47485,0.46932,0.05583
26578310,2,2,0.00151,0.01208,0.98641
12045684,2,2,0.00283,0.02012,0.97705
16562779,2,2,0.00136,0.00857,0.99008
13411673,2,2,0.00176,0.01097,0.98727
4337175,2,2,0.00512,0.01223,0.98266
36564261,2,2,0.00505,0.07747,0.91748
37326922,1,1,0.44816,0.49996,0.05188
8972578,2,2,0.01082,0.08868,0.9005
33199014,2,1,0.24475,0.38168,0.37357
41326794,2,2,0.00591,0.03038,0.96371
39221066,2,2,0.00182,0.01007,0.98811
27735832,2,2,0.00136,0.00563,0.99301
18934610,2,2,0.04865,0.33507,0.61628
24052157,0,0,0.91363,0.08173,0.00465
14589781,2,2,0.00144,0.01237,0.9862
40294684,2,1,0.1096,0.80669,0.08371
8057781,2,2,0.00167,0.0203,0.97804
26652983,0,0,0.79431,0.19849,0.0072
6158442,2,2,0.00422,0.00952,0.98626
17780187,2,2,0.00153,0.01356,0.98491
30786614,2,2,0.00107,0.00651,0.99242
3768508,2,0,0.86203,0.11427,0.0237
5792425,0,0,0.95933,0.03789,0.00278
41416612,0,0,0.57173,0.4118,0.01647
19829069,0,0,0.91821,0.07792,0.00387
28504628,2,2,0.00497,0.0763,0.91872
14106395,2,2,0.00184,0.01404,0.98412
7493019,0,0,0.70196,0.22689,0.07115
3193376,2,2,0.00179,0.01092,0.98728
21223762,2,2,0.0053,0.13048,0.86422
18353809,2,2,0.00505,0.06253,0.93242
33760933,1,1,0.01529,0.59654,0.38817
8313406,2,2,0.00112,0.00815,0.99073
9577073,2,2,0.00132,0.00439,0.99429
3299273,2,2,0.0016,0.01383,0.98457
35843901,2,2,0.0017,0.01852,0.97979
15711951,2,2,0.02247,0.11431,0.86322
2815094,2,2,0.00303,0.01532,0.98165
1081915,2,2,0.0141,0.09289,0.89301
10564380,2,2,0.01647,0.03379,0.94974
31677276,2,2,0.00166,0.0108,0.98754
12266581,1,1,0.23367,0.74551,0.02082
23030747,2,2,0.00148,0.01154,0.98698
35184452,0,0,0.91747,0.07801,0.00452
35827184,2,2,0.00203,0.01185,0.98613
36532351,2,1,0.0433,0.6514,0.3053
2217851,2,2,0.00124,0.00778,0.99099
35183631,0,0,0.9834,0.01517,0.00143
6526745,0,1,0.07185,0.75162,0.17653
15576876,2,2,0.00118,0.00572,0.9931
37139863,0,0,0.98569,0.01231,0.00199
11016237,0,0,0.53491,0.4248,0.04029
27833995,0,0,0.52328,0.42709,0.04963
37386811,2,2,0.0012,0.00676,0.99204
8151691,2,2,0.01399,0.01294,0.97307
4199268,2,2,0.02253,0.14532,0.83216
38303921,2,2,0.0028,0.03114,0.96606
32681220,2,2,0.00622,0.11346,0.88032
19300636,0,0,0.98395,0.01442,0.00162
14352711,1,0,0.56583,0.39656,0.03761
33384239,2,2,0.00118,0.00628,0.99254
2003387,2,1,0.07404,0.48467,0.4413
25546475,2,2,0.00216,0.01217,0.98568
24135572,0,0,0.96734,0.0299,0.00276
16290969,2,2,0.00103,0.00604,0.99293
3039172,2,2,0.00192,0.02018,0.97791
38310683,2,2,0.13823,0.12033,0.74144
6084049,2,2,0.00138,0.00918,0.98944
27322725,2,2,0.04675,0.23883,0.71441
30469765,2,2,0.00161,0.00513,0.99325
41081663,2,2,0.00136,0.00751,0.99113
40929079,2,2,0.00233,0.02821,0.96946
11100032,2,2,0.00291,0.02349,0.9736
23871119,2,2,0.00268,0.02912,0.9682
4587539,2,2,0.00166,0.00739,0.99095
41222009,2,2,0.00112,0.00787,0.99101
39052147,2,2,0.0013,0.00628,0.99242
1841673,1,1,0.07152,0.8153,0.11318
2296273,2,2,0.00127,0.00947,0.98925
16548284,2,2,0.00131,0.00775,0.99094
36244541,0,0,0.95317,0.04471,0.00212
17423905,2,2,0.00316,0.02019,0.97665
37288724,1,0,0.89722,0.09988,0.0029
20526753,2,2,0.00166,0.01088,0.98746
10661683,2,2,0.00363,0.02145,0.97492
9623814,2,2,0.00163,0.00883,0.98953
36826730,1,1,0.39763,0.58766,0.01471
24162740,2,2,0.00158,0.01388,0.98454
13285833,0,0,0.82699,0.16801,0.00499
23238192,2,2,0.0012,0.00725,0.99155
6994202,2,2,0.00161,0.00943,0.98896
27856904,0,0,0.67943,0.30624,0.01432
32370618,2,2,0.00138,0.00623,0.99239
31861701,2,2,0.00522,0.03029,0.96449
18309881,2,2,0.00165,0.01631,0.98204
25868715,2,2,0.00172,0.0059,0.99238
23200793,2,2,0.00151,0.00969,0.9888
2212894,2,2,0.00116,0.00609,0.99275
23151452,2,2,0.00197,0.00805,0.98998
39668027,2,2,0.00124,0.00609,0.99267
4333531,2,2,0.00125,0.0102,0.98855
19079042,2,2,0.00134,0.00643,0.99223
8246963,2,0,0.64614,0.34316,0.01069
2236204,2,2,0.00802,0.12112,0.87086
1083955,0,0,0.92691,0.07009,0.003
34493449,2,1,0.01538,0.51345,0.47117
28122328,2,2,0.02394,0.11893,0.85714
28801399,2,2,0.00193,0.01476,0.98332
25248475,2,2,0.05963,0.04329,0.89708
20651967,2,2,0.00645,0.09423,0.89932
17909564,2,2,0.00114,0.00564,0.99322
40161598,0,0,0.5551,0.42561,0.01929
31133838,2,2,0.0117,0.03696,0.95134
14450964,2,2,0.00642,0.08455,0.90903
34095384,0,0,0.61111,0.3765,0.01239
21212850,0,0,0.93661,0.05863,0.00476
28962966,2,2,0.00131,0.00784,0.99085
15819460,2,2,0.0019,0.01162,0.98648
12808371,2,2,0.00226,0.01189,0.98585
20316466,1,1,0.44133,0.54073,0.01793
19069304,0,0,0.86198,0.13193,0.00609
24728595,2,2,0.00197,0.00958,0.98845
7074827,2,2,0.00472,0.01466,0.98062
10819004,2,2,0.00293,0.03352,0.96355
10270423,2,2,0.00124,0.00628,0.99248
2467514,2,2,0.00182,0.0075,0.99067
19655938,2,2,0.08389,0.40021,0.5159
5540166,2,2,0.00286,0.00961,0.98753
2775105,2,2,0.00171,0.00799,0.9903
39671795,2,2,0.00163,0.0119,0.98648
37626427,1,1,0.37628,0.6013,0.02242
5006317,2,2,0.0019,0.0132,0.9849
17627525,2,2,0.00133,0.01043,0.98823
3038175,2,2,0.00325,0.03651,0.96023
24079202,2,2,0.00174,0.00648,0.99178
5074904,2,2,0.00154,0.00673,0.99173
32088526,2,2,0.00133,0.00936,0.9893
21884979,2,2,0.0014,0.00708,0.99152
16451107,0,1,0.47767,0.50452,0.01781
35913673,0,1,0.15592,0.81062,0.03346
10068664,2,2,0.00462,0.07263,0.92275
17641344,0,0,0.79548,0.19956,0.00496
5873520,2,2,0.00238,0.02236,0.97526
31583251,2,2,0.00206,0.00879,0.98914
38724305,2,2,0.00354,0.04582,0.95065
37513545,2,2,0.00352,0.03633,0.96015
32190988,2,2,0.00412,0.03448,0.96141
40459542,2,2,0.00238,0.02048,0.97714
24950991,2,2,0.00479,0.06784,0.92737
16109810,2,2,0.0017,0.01588,0.98242
10884817,2,2,0.00205,0.01593,0.98202
25721497,2,2,0.00254,0.01926,0.9782
11479989,2,2,0.00138,0.00668,0.99194
7224381,2,2,0.00307,0.01752,0.97941
33561294,0,0,0.98379,0.01454,0.00168
3094932,2,2,0.0025,0.03521,0.96229
16275506,2,2,0.00332,0.04739,0.94929
18547949,2,2,0.00179,0.01055,0.98766
13423794,1,0,0.65559,0.33484,0.00957
14281460,2,2,0.0217,0.11823,0.86007
37913280,2,2,0.00135,0.0111,0.98755
13756665,2,2,0.00304,0.04334,0.95363
19133462,0,0,0.93387,0.06343,0.00271
17806522,1,1,0.11197,0.85361,0.03442
36500760,0,0,0.71798,0.24764,0.03438
33340422,0,0,0.98418,0.01404,0.00178
26204561,2,2,0.00136,0.00843,0.99021
32538791,0,0,0.9812,0.01705,0.00175
12412239,1,1,0.4656,0.48794,0.04646
7933209,2,2,0.00218,0.03142,0.9664
16944362,2,2,0.00131,0.01035,0.98833
1027171,2,2,0.00136,0.00658,0.99206
20906308,2,2,0.00191,0.00853,0.98956
11086805,2,2,0.10025,0.17052,0.72923
8276233,2,2,0.00223,0.02522,0.97255
7342787,2,2,0.00408,0.02821,0.96771
3398979,2,2,0.00448,0.01311,0.98241
5676940,2,2,0.00142,0.01194,0.98664
32478974,1,1,0.04559,0.7473,0.20711
40254899,2,2,0.00111,0.00669,0.99221
33092544,0,1,0.09027,0.62173,0.288
5337882,0,0,0.98283,0.01552,0.00165
24969612,2,2,0.00234,0.00954,0.98813
34446719,2,1,0.09444,0.67634,0.22922
3252532,0,0,0.94741,0.04872,0.00387
6040728,2,2,0.00146,0.01158,0.98696
18726719,2,2,0.00122,0.00796,0.99083
17543808,2,2,0.00156,0.01123,0.98722
20175244,0,0,0.55425,0.40234,0.04341
16045442,0,0,0.58795,0.40094,0.01111
21565725,2,1,0.06438,0.67085,0.26477
12857276,2,2,0.00149,0.00996,0.98855
27120895,2,2,0.00127,0.0079,0.99083
32597062,2,2,0.0057,0.12183,0.87248
5989978,0,0,0.96324,0.03328,0.00347
16852248,2,2,0.00335,0.02397,0.97268
19289480,2,2,0.00626,0.03486,0.95888
40699937,2,2,0.11241,0.12688,0.76071
8957542,2,2,0.00237,0.01117,0.98646
13801647,2,1,0.05092,0.68126,0.26783
35171420,2,2,0.00133,0.01251,0.98616
25008399,2,2,0.00381,0.04822,0.94796
25019216,2,1,0.44534,0.51258,0.04208
68552,2,2,0.0012,0.00844,0.99037
40654675,0,0,0.84174,0.14974,0.00851
25060137,2,1,0.13045,0.82769,0.04186
12274252,0,0,0.69346,0.29134,0.0152
18760018,2,2,0.0015,0.01325,0.98524
13490282,2,2,0.00124,0.00766,0.99111
36653769,2,0,0.41464,0.30806,0.27729
37677866,2,2,0.0017,0.01415,0.98415
17971118,2,2,0.00111,0.00534,0.99355
6354138,2,1,0.0474,0.49396,0.45863
4963736,2,2,0.00114,0.00679,0.99207
674397,2,2,0.0014,0.00689,0.99171
1489464,0,0,0.91945,0.07445,0.0061
12154768,2,2,0.00358,0.03469,0.96173
25884699,2,1,0.04598,0.80237,0.15165
35479986,0,0,0.86488,0.12956,0.00556
10840277,2,2,0.00153,0.01265,0.98582
25110547,2,2,0.05289,0.0698,0.87731
38672487,0,0,0.80797,0.1817,0.01033
25346076,2,2,0.0024,0.01334,0.98425
34526906,2,2,0.01076,0.21108,0.77816
41511794,2,2,0.00109,0.00734,0.99157
32028429,2,2,0.00623,0.1651,0.82867
32291587,0,0,0.9298,0.06657,0.00363
5234777,2,2,0.00484,0.0432,0.95196
2969654,2,2,0.00149,0.00777,0.99074
28444350,2,2,0.00187,0.01231,0.98581
18244456,2,2,0.00241,0.01166,0.98593
18727882,0,1,0.08509,0.85266,0.06225
28095620,2,2,0.00127,0.00781,0.99092
27025293,2,0,0.48144,0.42487,0.0937
22588033,2,2,0.01438,0.04597,0.93965
8012117,0,0,0.92177,0.07552,0.00271
9932666,0,0,0.79714,0.1886,0.01426
8983215,2,2,0.00234,0.00836,0.9893
11922573,2,2,0.00571,0.01961,0.97469
5163925,2,2,0.00111,0.00538,0.99351
3088384,2,2,0.00179,0.00954,0.98866
16486652,2,2,0.00151,0.01176,0.98673
1771825,2,2,0.00877,0.09645,0.89478
8688609,0,0,0.85453,0.13841,0.00705
8627485,0,0,0.96692,0.03122,0.00187
6516736,2,2,0.00141,0.01237,0.98622
8205564,2,2,0.00597,0.03567,0.95836
8364086,2,2,0.00174,0.00992,0.98834
3854324,2,2,0.00609,0.07649,0.91742
35851585,0,0,0.73654,0.25454,0.00892
2951995,1,2,0.01605,0.47277,0.51118
19214310,2,2,0.00276,0.0143,0.98294
16728053,2,2,0.00303,0.04375,0.95322
15287205,0,1,0.2442,0.7319,0.0239
12615861,2,2,0.00362,0.06916,0.92722
16799661,1,2,0.01127,0.22288,0.76585
15959442,2,2,0.00856,0.22079,0.77065
14939011,2,2,0.0787,0.12333,0.79797
5533706,0,0,0.95526,0.04265,0.00209
14456899,2,2,0.17711,0.2879,0.53499
1417526,2,2,0.00286,0.02658,0.97056
10809302,0,0,0.82221,0.171,0.00679
7402440,2,2,0.00116,0.00604,0.99279
11134709,1,1,0.43783,0.54916,0.01302
24462589,2,2,0.00332,0.03084,0.96584
10305639,2,2,0.00203,0.00866,0.98931
35764221,2,2,0.00374,0.02289,0.97337
29932961,2,2,0.00114,0.0069,0.99196
8979503,2,2,0.00154,0.00765,0.99081
33837064,1,1,0.17055,0.78246,0.04699
32223212,0,0,0.92419,0.07253,0.00328
23620771,2,2,0.00176,0.01144,0.98679
16990295,2,2,0.00377,0.05813,0.9381
31426342,2,2,0.00122,0.00676,0.99202
30116777,2,2,0.00189,0.01938,0.97873
39223452,2,2,0.00272,0.01279,0.98449
40246255,1,0,0.60717,0.36115,0.03168
29604947,2,2,0.00129,0.0079,0.99081
36385263,2,2,0.00366,0.01201,0.98433
6198952,2,2,0.00357,0.03652,0.95991
28756926,2,2,0.00129,0.00751,0.9912
27421739,0,1,0.43616,0.49038,0.07346
17096277,2,2,0.00206,0.02769,0.97026
18678108,2,2,0.00168,0.01246,0.98586
4858808,2,2,0.00737,0.0277,0.96494
1735651,1,1,0.32895,0.64656,0.02449
6615515,2,2,0.00128,0.00679,0.99194
32996079,2,2,0.00144,0.01336,0.98521
4866050,2,2,0.33754,0.23702,0.42544
31633638,2,2,0.00136,0.0085,0.99014
10550756,2,2,0.00131,0.00781,0.99088
18405017,2,2,0.00167,0.01546,0.98287
8865206,2,2,0.00179,0.01199,0.98623
2193631,2,2,0.37322,0.15407,0.47271
30677433,2,2,0.01516,0.01744,0.9674
4762628,2,2,0.00443,0.03888,0.95669
35869247,2,2,0.00131,0.01004,0.98865
21455427,2,1,0.02945,0.5099,0.46065
3788151,2,2,0.00463,0.0847,0.91066
22050087,2,1,0.24298,0.55429,0.20272
34514317,0,0,0.98346,0.01414,0.0024
2350433,2,2,0.00667,0.11984,0.87349
8744572,2,2,0.00138,0.00827,0.99035
4219915,2,2,0.00292,0.00647,0.99061
13494644,2,2,0.00627,0.10621,0.88753
38815377,0,0,0.98457,0.01388,0.00155
19877088,0,1,0.14579,0.69688,0.15733
34280081,2,1,0.23726,0.73511,0.02763
157924,2,2,0.00137,0.01123,0.9874
11678337,2,2,0.00163,0.01236,0.98601
18228898,0,0,0.98325,0.0147,0.00205
20109650,2,2,0.00347,0.04973,0.9468
27249463,0,0,0.98604,0.01143,0.00252
24892142,2,2,0.00142,0.00915,0.98943
23552607,2,2,0.00142,0.01027,0.98831
21766538,2,2,0.00101,0.00643,0.99256
2951795,2,1,0.02917,0.83286,0.13797
14766058,2,2,0.00155,0.0142,0.98424
34593326,2,2,0.00122,0.00482,0.99396
15738971,2,2,0.05756,0.15397,0.78846
8419505,2,2,0.00333,0.04424,0.95243
40594408,2,2,0.00138,0.0083,0.99032
26284739,2,2,0.12803,0.26117,0.6108
26882189,2,2,0.00251,0.01509,0.98239
5759528,2,2,0.01454,0.1664,0.81906
20929718,0,1,0.284,0.67996,0.03604
17858301,1,1,0.162,0.7106,0.1274
1407766,2,2,0.00242,0.00689,0.9907
36723658,1,1,0.03007,0.67903,0.29091
3094368,1,1,0.04651,0.66241,0.29108
40485046,2,1,0.01983,0.49965,0.48051
25821434,2,2,0.00133,0.0097,0.98897
11282765,2,2,0.0026,0.02783,0.96957
41381044,2,2,0.00298,0.01491,0.9821
14492629,0,0,0.97971,0.01862,0.00167
21708113,2,2,0.00132,0.00505,0.99363
2159868,2,2,0.00126,0.00734,0.99141
33091210,2,2,0.00124,0.00745,0.99131
22366402,2,2,0.00192,0.02053,0.97756
28196767,0,0,0.98631,0.01079,0.0029
6673201,2,2,0.00431,0.07873,0.91696
781313,2,2,0.03198,0.42289,0.54513
16671157,2,2,0.01481,0.35051,0.63468
4312520,0,0,0.84089,0.15434,0.00477
34213287,2,0,0.71681,0.26995,0.01323
16439353,2,0,0.76325,0.22827,0.00848
23893031,2,2,0.00447,0.07471,0.92083
17083041,2,2,0.00329,0.01021,0.98649
5031747,2,2,0.00288,0.01856,0.97856
32215733,2,2,0.00124,0.00772,0.99105
26016222,2,2,0.00142,0.01119,0.9874
23696442,2,2,0.00151,0.00648,0.99201
6140801,2,2,0.00122,0.00486,0.99392
27270973,2,2,0.00815,0.06454,0.92731
13743690,0,1,0.08889,0.87526,0.03585
38954695,1,1,0.45762,0.52672,0.01566
12043997,2,2,0.00306,0.01907,0.97787
7839285,2,2,0.06254,0.14205,0.7954
26998265,2,2,0.00339,0.01014,0.98647
4654669,2,2,0.00181,0.01426,0.98393
6914851,0,1,0.23,0.74827,0.02173
27225617,2,2,0.02714,0.05987,0.91299
8130551,2,2,0.00281,0.01313,0.98406
6970261,1,0,0.69201,0.29531,0.01267
32177953,2,2,0.00133,0.00996,0.98871
24617467,0,0,0.60036,0.38461,0.01503
33880847,2,1,0.11676,0.75248,0.13076
14304438,0,0,0.73695,0.24976,0.01329
30225052,2,1,0.26539,0.5527,0.18191
410445,2,2,0.00219,0.0257,0.9721
9839452,2,1,0.05209,0.56001,0.38791
36823711,2,2,0.00138,0.00633,0.99229
3337282,0,1,0.09673,0.86043,0.04284
18592545,2,2,0.01054,0.04095,0.94851
30436417,2,2,0.0022,0.02108,0.97672
403809,2,2,0.00124,0.00684,0.99192
14152474,2,2,0.00296,0.02394,0.97311
19350592,2,2,0.00156,0.00883,0.98961
19968066,2,2,0.00125,0.00818,0.99057
1236864,1,0,0.8519,0.14348,0.00461
35901075,0,0,0.67513,0.31396,0.01091
25015322,2,2,0.00168,0.0128,0.98552
4611627,2,2,0.00211,0.03108,0.96681
33445915,2,2,0.00153,0.00925,0.98921
20570341,2,2,0.00166,0.00837,0.98997
751167,2,2,0.00123,0.00962,0.98915
28545488,2,2,0.00219,0.0124,0.98541
23575404,2,2,0.00245,0.0239,0.97365
20161622,1,0,0.71968,0.26998,0.01035
31037713,2,2,0.00122,0.00663,0.99215
1653471,2,2,0.00151,0.00814,0.99034
4990525,1,2,0.03387,0.19528,0.77085
41279045,2,2,0.00152,0.01582,0.98265
9391425,2,2,0.0023,0.02373,0.97397
9927235,2,2,0.0012,0.00887,0.98993
37141092,0,0,0.97581,0.02279,0.0014
13137652,2,2,0.00173,0.01295,0.98532
20822988,2,2,0.02772,0.26298,0.7093
37077145,0,0,0.78564,0.2002,0.01417
31395990,2,2,0.00144,0.00988,0.98868
3093577,2,2,0.01085,0.20401,0.78513
30070054,1,0,0.56808,0.41887,0.01305
41046918,0,0,0.94575,0.05164,0.00262
39074725,2,1,0.074,0.62932,0.29669
26085865,2,2,0.0016,0.01213,0.98627
17191632,2,2,0.00182,0.00911,0.98907
6230068,2,2,0.00191,0.00873,0.98936
28219251,0,0,0.52454,0.43656,0.0389
30060107,2,2,0.00138,0.00653,0.99209
24983425,2,2,0.00442,0.0271,0.96848
1862927,2,2,0.01586,0.1643,0.81984
25108652,1,1,0.02307,0.69029,0.28663
13754961,2,2,0.00154,0.00843,0.99003
10241949,2,2,0.01029,0.22175,0.76796
24336160,2,2,0.00242,0.0204,0.97718
35777616,2,2,0.0031,0.02151,0.97539
17088873,2,2,0.00332,0.01759,0.9791
16222099,2,2,0.00118,0.00887,0.98995
34368160,0,0,0.98048,0.01727,0.00225
31644632,2,2,0.00131,0.01012,0.98857
3112368,2,2,0.05929,0.18378,0.75693
27160338,1,1,0.0626,0.87431,0.06309
3832670,2,2,0.00106,0.00604,0.9929
28900702,1,2,0.01816,0.14706,0.83478
32406869,2,2,0.00159,0.00733,0.99108
14592223,2,2,0.00378,0.02727,0.96895
21770126,2,2,0.00116,0.00748,0.99136
28873875,2,2,0.00334,0.02703,0.96964
37234763,0,0,0.90486,0.08599,0.00915
9514322,2,2,0.00146,0.01004,0.9885
27235323,0,0,0.57501,0.36981,0.05518
25992858,2,2,0.00129,0.01093,0.98778
30980659,2,2,0.14227,0.15056,0.70716
31184229,2,2,0.00116,0.00628,0.99256
19776375,0,2,0.00232,0.01569,0.98199
19212186,2,2,0.00146,0.00985,0.98869
32409273,2,2,0.05054,0.12742,0.82204
1096779,1,0,0.50928,0.34594,0.14478
13937785,2,2,0.00184,0.01588,0.98228
24254787,2,2,0.00405,0.0349,0.96104
35666505,2,2,0.00308,0.01463,0.9823
6752458,2,2,0.00156,0.00996,0.98848
35042901,2,2,0.00287,0.02239,0.97474
13890690,2,2,0.01092,0.08012,0.90896
24316731,0,1,0.28433,0.65979,0.05588
6347147,2,2,0.00146,0.0108,0.98774
36789310,2,2,0.00169,0.00863,0.98968
23729692,0,0,0.52222,0.46086,0.01692
11066020,2,1,0.0203,0.57044,0.40927
12811622,2,2,0.00347,0.03414,0.96239
31042925,2,2,0.0018,0.02133,0.97687
28423389,1,1,0.14325,0.74475,0.112
9837232,2,2,0.00191,0.01114,0.98696
26383486,1,1,0.14133,0.68753,0.17114
3247572,2,2,0.00687,0.17433,0.8188
28780588,2,2,0.00418,0.03603,0.95979
14417421,2,1,0.2908,0.40059,0.30861
20521894,2,2,0.00163,0.01097,0.9874
3714080,2,2,0.0016,0.01383,0.98457
36420017,2,1,0.02381,0.62363,0.35257
27564902,2,2,0.00151,0.00648,0.99201
24428142,2,2,0.00111,0.0072,0.9917
21195899,2,2,0.01562,0.29929,0.68509
8509593,2,2,0.00166,0.01105,0.98729
8098262,0,0,0.59376,0.39553,0.01071
24499737,0,0,0.95273,0.04509,0.00218
18269201,2,2,0.00457,0.0076,0.98782
2053754,0,0,0.91804,0.0779,0.00406
13940843,2,2,0.00138,0.0086,0.99002
37978340,2,1,0.0205,0.5943,0.38521
37634513,2,2,0.00298,0.01592,0.9811
28551894,2,2,0.00209,0.01294,0.98497
40033272,2,2,0.00554,0.09152,0.90294
31863930,2,2,0.01776,0.16559,0.81665
40557896,2,2,0.00544,0.094,0.90056
17653533,2,2,0.17159,0.28947,0.53895
8753466,2,2,0.07008,0.11531,0.81461
22736624,2,2,0.00189,0.01837,0.97974
36199224,0,0,0.53029,0.45714,0.01257
10386921,2,2,0.00391,0.0694,0.9267
17547887,2,2,0.0024,0.03135,0.96626
6507431,0,0,0.81222,0.18053,0.00725
17153463,2,2,0.00295,0.00903,0.98802
32385657,2,2,0.007,0.0467,0.9463
22731176,0,0,0.87558,0.11989,0.00452
35298592,0,0,0.98548,0.01265,0.00187
14962437,2,2,0.00254,0.0199,0.97756
37736454,1,0,0.88437,0.11069,0.00494
3995078,2,2,0.00134,0.006,0.99267
33912504,2,1,0.20124,0.44212,0.35664
35260169,0,0,0.98307,0.0154,0.00152
4959945,2,2,0.00379,0.06991,0.9263
20990534,0,1,0.4103,0.55212,0.03757
6170398,2,2,0.00118,0.00751,0.99131
30799327,2,2,0.00122,0.00663,0.99215
34743021,0,0,0.96569,0.0322,0.00211
26825944,2,2,0.00149,0.00837,0.99014
20037146,2,2,0.00128,0.0053,0.99343
590008,2,2,0.00268,0.01329,0.98403
23568001,0,0,0.97001,0.02806,0.00193
3876751,0,0,0.93437,0.06309,0.00254
26382599,2,2,0.00488,0.0119,0.98321
60951,2,2,0.0032,0.03602,0.96078
39161409,0,0,0.8956,0.09873,0.00567
12722381,2,2,0.02503,0.09276,0.88222
31320162,2,2,0.0012,0.00955,0.98926
14688882,2,2,0.003,0.00928,0.98772
14890806,2,2,0.00121,0.0087,0.99008
2307491,2,2,0.00207,0.00836,0.98957
17600908,2,2,0.00147,0.0086,0.98994
16121805,2,2,0.00158,0.01008,0.98834
24123921,0,0,0.60202,0.38267,0.01531
35276508,2,2,0.00243,0.01787,0.9797
33725895,0,0,0.63458,0.27507,0.09035
39600711,2,2,0.00135,0.01052,0.98813
1646980,1,0,0.57934,0.4013,0.01936
39969923,2,2,0.02494,0.03923,0.93583
39958496,2,2,0.0014,0.00714,0.99146
8065232,2,2,0.00397,0.03957,0.95646
3509595,1,1,0.05096,0.66088,0.28816
29533731,2,2,0.17159,0.28947,0.53895
14293160,2,2,0.00118,0.00623,0.99259
11962257,2,2,0.00592,0.11547,0.87861
21202821,2,2,0.00111,0.00513,0.99376
38219572,2,2,0.00323,0.01462,0.98215
24033217,2,2,0.00193,0.02714,0.97092
17150993,2,2,0.00706,0.08285,0.91009
39674066,1,2,0.02197,0.23899,0.73903
34291460,2,2,0.00185,0.0075,0.99064
32717602,0,0,0.89776,0.09782,0.00443
30794697,2,2,0.0012,0.00581,0.99299
7256014,0,1,0.46762,0.47128,0.0611
37982549,2,2,0.0012,0.00663,0.99217
27911583,2,2,0.0015,0.01388,0.98462
9012875,1,0,0.91932,0.07643,0.00426
14545587,2,2,0.01068,0.02082,0.9685
10651451,2,2,0.00132,0.00754,0.99115
27090244,2,2,0.00484,0.02819,0.96697
33569450,2,2,0.00304,0.0117,0.98526
36015868,2,2,0.00156,0.00918,0.98926
13925052,2,2,0.00141,0.01336,0.98523
834621,2,2,0.00933,0.15111,0.83956
9933293,0,1,0.03451,0.84276,0.12272
18657530,0,0,0.94839,0.04882,0.00279
24696831,2,1,0.05669,0.68524,0.25807
15085757,0,0,0.98484,0.0134,0.00176
25990715,2,2,0.00247,0.03169,0.96584
8057817,2,2,0.0037,0.06114,0.93516
33404851,2,2,0.0012,0.007,0.9918
22431019,2,2,0.00126,0.00682,0.99193
38168921,0,0,0.98255,0.01588,0.00157
41037219,2,1,0.04659,0.75783,0.19558
24448201,0,0,0.91138,0.08544,0.00319
13967750,0,0,0.91098,0.08334,0.00568
30237720,2,1,0.07595,0.72622,0.19784
40989456,2,1,0.04732,0.85192,0.10076
28512024,0,1,0.05868,0.87245,0.06887
5515308,1,0,0.54532,0.41163,0.04305
39316032,2,2,0.00174,0.00954,0.98872
36949317,0,0,0.98143,0.01705,0.00152
27394749,0,0,0.98127,0.01732,0.00141
7787081,2,2,0.00387,0.03481,0.96132
17743695,2,2,0.00945,0.13995,0.8506
20374765,2,1,0.05932,0.76931,0.17136
16959867,2,2,0.00125,0.00844,0.99031
32296493,1,1,0.1606,0.78433,0.05507
29619039,0,0,0.91026,0.08684,0.0029
17023590,2,2,0.00154,0.00847,0.99
6654652,2,2,0.00184,0.01366,0.98449
20300101,2,2,0.00293,0.0339,0.96317
34371591,0,0,0.8408,0.15134,0.00787
25904922,0,0,0.86769,0.12747,0.00485
19263883,0,0,0.48575,0.48575,0.0285
3143929,1,2,0.2458,0.34697,0.40723
37108160,2,2,0.00107,0.00676,0.99216
6935701,2,2,0.00184,0.01356,0.9846
32447577,2,2,0.01176,0.13753,0.85071
25927415,0,0,0.93926,0.05865,0.00209
5432396,2,2,0.00126,0.00619,0.99256
22323080,2,2,0.00132,0.00643,0.99225
39597308,2,2,0.00414,0.04343,0.95243
16405319,2,2,0.00193,0.02879,0.96928
5697848,1,1,0.04957,0.84507,0.10536
3649653,2,2,0.00138,0.0088,0.98982
22221585,2,2,0.00113,0.00572,0.99315
29259588,2,2,0.00369,0.06424,0.93207
4659350,2,2,0.0194,0.22373,0.75687
33568511,2,2,0.00122,0.0053,0.99349
18427077,2,1,0.01623,0.6042,0.37958
38638272,2,2,0.0035,0.05507,0.94143
40989659,2,2,0.00309,0.03989,0.95702
24099347,2,2,0.00144,0.00695,0.99161
32633152,2,2,0.01678,0.4098,0.57342
9883957,2,1,0.09228,0.476,0.43172
24071817,2,2,0.00156,0.00684,0.9916
28092230,2,1,0.05853,0.62441,0.31705
33311466,2,2,0.00168,0.01015,0.98816
8885171,2,2,0.00125,0.00784,0.99091
3028849,2,2,0.13589,0.17534,0.68877
3768844,0,0,0.94668,0.05111,0.0022
24264339,0,0,0.84189,0.15035,0.00775
32665799,2,2,0.00134,0.00679,0.99187
24847904,0,0,0.96669,0.0315,0.00181
32201276,2,2,0.00125,0.00936,0.98938
34698125,2,2,0.00131,0.01085,0.98784
4622501,2,2,0.03841,0.06675,0.89484
885514,0,1,0.21931,0.7184,0.06228
16908187,0,0,0.93669,0.06023,0.00308
9222943,0,0,0.70396,0.28221,0.01383
1491660,2,2,0.00116,0.00638,0.99246
12823530,2,2,0.00108,0.00551,0.99342
347179,2,2,0.00555,0.03062,0.96382
19887513,2,2,0.00208,0.01802,0.9799
20802123,2,2,0.00203,0.01071,0.98726
1653665,2,2,0.04497,0.05531,0.89972
8412161,2,2,0.00272,0.01452,0.98276
27759422,0,0,0.74766,0.18546,0.06688
38146405,2,2,0.00175,0.00497,0.99328
19655894,0,0,0.97861,0.01904,0.00235
40298170,2,2,0.00125,0.00757,0.99118
23762978,2,2,0.00125,0.00799,0.99076
27756291,2,2,0.00382,0.01542,0.98075
25274510,2,2,0.0023,0.01042,0.98728
2196035,2,2,0.00511,0.13545,0.85944
6890247,2,2,0.002,0.01084,0.98716
33314237,0,0,0.9846,0.01383,0.00158
3719099,1,2,0.02145,0.27383,0.70473
8667056,2,1,0.03635,0.62939,0.33426
25427315,2,2,0.00699,0.07788,0.91513
31981642,1,1,0.14446,0.82724,0.02831
27846399,2,2,0.01278,0.12559,0.86163
39991669,2,1,0.09203,0.7586,0.14938
30423742,2,2,0.02616,0.0801,0.89374
30228861,2,2,0.00123,0.00873,0.99003
33526033,2,2,0.00187,0.0128,0.98533
24505697,0,0,0.87005,0.12485,0.00509
6013424,2,2,0.00142,0.00754,0.99104
8533906,2,2,0.00113,0.00739,0.99148
393535,2,1,0.02251,0.67868,0.29882
12611590,2,2,0.00169,0.00911,0.9892
23898983,2,2,0.00147,0.00777,0.99076
30502698,2,2,0.00196,0.01643,0.98161
1653066,0,1,0.35282,0.37667,0.27051
9483678,2,2,0.00341,0.02138,0.97521
4493528,2,2,0.00124,0.00577,0.99299
36259516,2,0,0.7422,0.22198,0.03582
24176612,2,2,0.00755,0.02636,0.96609
21805934,0,0,0.78192,0.20398,0.0141
35286957,2,2,0.17159,0.28947,0.53895
3201837,2,2,0.00136,0.00609,0.99255
35500818,2,2,0.00405,0.06386,0.93208
21877987,2,2,0.00193,0.01409,0.98398
31308143,2,2,0.00154,0.0041,0.99436
17406055,0,0,0.89667,0.09808,0.00525
35390804,2,2,0.0019,0.01212,0.98597
24945233,0,0,0.98577,0.01226,0.00196
16851712,2,2,0.00153,0.01388,0.98459
23192467,1,0,0.68741,0.30148,0.01111
2656709,2,2,0.09278,0.08992,0.8173
14465981,2,2,0.00999,0.30019,0.68982
15294631,2,2,0.00541,0.02533,0.96926
3227347,2,2,0.00135,0.00915,0.9895
19978871,2,2,0.00204,0.02041,0.97755
696810,0,0,0.69777,0.28974,0.01248
16609010,2,2,0.00204,0.02237,0.9756
14181422,2,2,0.02294,0.18111,0.79596
6150116,2,2,0.00128,0.00663,0.99209
3790122,1,1,0.44736,0.53542,0.01721
1637034,2,2,0.00934,0.02347,0.9672
5552483,0,0,0.66226,0.32784,0.0099
6421294,0,0,0.96886,0.02936,0.00178
39033998,2,2,0.00534,0.02277,0.97189
9100519,2,2,0.00195,0.02141,0.97665
33618374,0,0,0.97123,0.02714,0.00163
28898601,2,2,0.00138,0.00703,0.99159
14843105,2,2,0.01984,0.37728,0.60288
10919746,0,1,0.3244,0.62285,0.05275
17389524,2,2,0.00168,0.01275,0.98557
25147527,2,2,0.00149,0.00745,0.99106
18782069,0,0,0.9206,0.07418,0.00522
35722452,2,2,0.0014,0.00711,0.99149
11471349,2,2,0.00146,0.00877,0.98977
38135721,2,2,0.00134,0.00784,0.99083
15819461,2,2,0.00234,0.0231,0.97456
340560,2,2,0.00263,0.03217,0.9652
26410533,2,2,0.00161,0.00954,0.98885
19549004,0,0,0.95561,0.04179,0.0026
19979035,2,2,0.00191,0.00613,0.99195
38584191,2,0,0.6194,0.33284,0.04776
16635770,2,2,0.00116,0.00609,0.99275
31982081,0,0,0.96199,0.03619,0.00183
40845297,2,2,0.00127,0.00811,0.99061
1495200,0,0,0.69988,0.28836,0.01176
18449956,2,0,0.54128,0.42819,0.03054
33085750,2,2,0.00154,0.00525,0.99321
28681128,2,2,0.00158,0.00925,0.98916
18426151,2,2,0.00333,0.0433,0.95337
38961233,2,2,0.0014,0.00955,0.98906
11517448,0,0,0.77595,0.21131,0.01274
2740229,2,2,0.00181,0.01366,0.98452
40765294,0,0,0.98316,0.01172,0.00512
15926775,2,2,0.01323,0.21776,0.76901
12520339,2,2,0.0018,0.00679,0.99142
29146574,2,2,0.05429,0.07627,0.86944
40581042,1,1,0.10121,0.48094,0.41785
893185,2,2,0.01159,0.15002,0.83839
17746929,2,2,0.00126,0.00628,0.99246
4006092,2,2,0.00138,0.00897,0.98965
25128903,2,2,0.00881,0.01213,0.97906
39800825,1,1,0.26236,0.41477,0.32287
20724782,1,1,0.37054,0.58067,0.04879
28427491,2,2,0.03056,0.09711,0.87233
11608294,0,0,0.6876,0.30275,0.00966
40984160,2,2,0.01039,0.0686,0.92101
25553520,2,0,0.78588,0.15937,0.05475
10643337,0,0,0.58708,0.40035,0.01257
41067251,2,2,0.00217,0.02128,0.97655
18681234,0,0,0.98119,0.01732,0.0015
30990346,0,0,0.96143,0.03688,0.00169
13683687,2,2,0.00303,0.0446,0.95237
23377846,2,2,0.00379,0.03854,0.95767
16364307,2,2,0.00141,0.01357,0.98502
13382923,2,2,0.00163,0.01097,0.9874
29688677,2,2,0.00129,0.00973,0.98897
21363079,0,1,0.30575,0.636,0.05824
18044214,2,2,0.00301,0.00594,0.99105
27647574,1,0,0.96895,0.02903,0.00202
22965194,2,2,0.17159,0.28947,0.53895
20416170,2,2,0.0013,0.00658,0.99212
2203823,2,2,0.00118,0.006,0.99282
40265182,0,0,0.71368,0.27622,0.0101
4657492,2,2,0.00673,0.06899,0.92428
31437598,2,2,0.00146,0.01531,0.98323
21548912,2,2,0.00207,0.00689,0.99104
39079754,2,1,0.03293,0.7612,0.20588
35802572,0,0,0.9396,0.05811,0.00229
1872951,0,0,0.93262,0.06313,0.00425
11387473,2,2,0.01054,0.30577,0.68369
15745161,2,2,0.00166,0.00863,0.98971
19654326,0,0,0.94998,0.04582,0.0042
4501096,0,0,0.94171,0.055,0.00329
33826616,2,2,0.00258,0.02095,0.97647
14744027,1,0,0.53505,0.435,0.02995
16931728,2,2,0.00148,0.01372,0.9848
1406132,0,0,0.56166,0.35354,0.0848
11130366,2,2,0.00229,0.01533,0.98238
19959479,2,2,0.00179,0.00911,0.9891
16653616,2,2,0.00219,0.01043,0.98738
7534203,2,2,0.00517,0.00922,0.98561
3204934,0,0,0.93966,0.05599,0.00435
4032317,2,2,0.01182,0.09925,0.88893
17427456,2,2,0.17159,0.28947,0.53895
36713365,0,0,0.9812,0.01735,0.00145
1132289,2,2,0.00158,0.01084,0.98758
19852432,0,0,0.80408,0.18656,0.00936
31213206,2,2,0.00215,0.01345,0.9844
41011590,2,2,0.00188,0.01144,0.98668
34957883,0,0,0.71683,0.26268,0.02049
38382936,2,2,0.00182,0.01015,0.98803
30426747,2,2,0.01265,0.30183,0.68552
28197650,2,2,0.00124,0.00513,0.99363
34583166,2,2,0.00128,0.00509,0.99363
20693332,2,2,0.00155,0.01208,0.98636
36990460,2,2,0.00253,0.0227,0.97477
6623944,2,1,0.23352,0.73349,0.03299
16345864,0,0,0.939,0.05734,0.00366
28088854,0,0,0.60565,0.37606,0.01829
14541317,2,2,0.00154,0.00618,0.99228
40575832,2,2,0.00116,0.00494,0.9939
16909914,2,2,0.00147,0.00542,0.99311
40024393,0,0,0.8064,0.18492,0.00868
29048428,0,0,0.97153,0.0269,0.00158
29895433,2,2,0.00278,0.03687,0.96034
26117686,0,0,0.98409,0.01268,0.00323
22327178,2,2,0.00219,0.01079,0.98701
21190987,2,2,0.00116,0.00546,0.99337
12505100,2,2,0.00213,0.01047,0.98741
22653111,0,0,0.83298,0.16085,0.00616
39512917,2,2,0.00249,0.01046,0.98705
17325572,2,2,0.00757,0.06067,0.93175
34879023,1,0,0.51941,0.46197,0.01863
4853071,2,2,0.0014,0.00711,0.99149
28966845,2,2,0.00261,0.00983,0.98756
8284254,0,0,0.98302,0.01413,0.00285
1256783,1,0,0.85551,0.1402,0.00428
7970911,2,2,0.01331,0.17601,0.81068
1634772,2,2,0.00197,0.02615,0.97188
3799345,0,0,0.95027,0.04745,0.00228
14301556,0,0,0.90546,0.09106,0.00348
17055349,2,2,0.0015,0.01315,0.98534
5996651,2,2,0.00294,0.01509,0.98198
39672270,2,2,0.00824,0.11129,0.88048
12220065,0,0,0.96615,0.03204,0.00181
35177379,2,2,0.03819,0.09944,0.86237
12725198,0,0,0.89402,0.09837,0.00761
24724041,2,2,0.00297,0.03494,0.96209
20551923,2,2,0.01198,0.12126,0.86675
16638879,2,2,0.00136,0.0055,0.99314
40632475,2,2,0.00138,0.00769,0.99094
12652379,2,2,0.01327,0.22175,0.76498
4573691,2,2,0.00166,0.0078,0.99054
21320932,2,2,0.0014,0.007,0.9916
7297930,2,2,0.00267,0.01503,0.98229
16516349,2,2,0.00132,0.006,0.99269
16618586,0,0,0.98086,0.01755,0.00159
22081039,2,2,0.0018,0.00756,0.99064
39711000,2,2,0.00329,0.00924,0.98747
12446191,2,2,0.01101,0.2698,0.7192
25350193,2,2,0.00438,0.06481,0.93081
40805667,2,2,0.0014,0.00834,0.99026
16243302,2,1,0.14221,0.69185,0.16594
32700599,2,2,0.00572,0.03216,0.96212
4853655,2,2,0.00178,0.01698,0.98124
38851055,0,0,0.9606,0.0369,0.0025
16634378,1,0,0.57718,0.41249,0.01033
15269161,2,2,0.00144,0.01,0.98856
23531295,1,2,0.02561,0.12636,0.84803
20630680,2,2,0.00106,0.00538,0.99356
41127628,2,2,0.00768,0.01799,0.97434
14544575,0,0,0.96936,0.02899,0.00165
21907216,1,0,0.95725,0.04059,0.00216
1142244,2,2,0.00121,0.00863,0.99015
3093165,2,2,0.00136,0.00638,0.99226
39195605,0,0,0.96764,0.02968,0.00268
9700354,0,1,0.16576,0.80286,0.03137
12136039,2,2,0.00184,0.01594,0.98222
31550747,0,0,0.95375,0.04433,0.00193
11846977,2,2,0.00173,0.016,0.98227
17522672,0,0,0.9817,0.01673,0.00157
41048616,0,2,0.00171,0.00856,0.98972
16574414,2,2,0.00205,0.01695,0.98101
13204810,2,2,0.00122,0.00811,0.99067
7441511,2,2,0.00118,0.00725,0.99157
30770852,2,2,0.0012,0.00911,0.98969
15660217,0,0,0.96136,0.03164,0.007
11235760,2,2,0.01346,0.04294,0.9436
32548409,2,2,0.00733,0.11813,0.87454
39652117,2,1,0.03726,0.85471,0.10803
12215420,2,2,0.0017,0.01711,0.98119
1893190,0,0,0.6997,0.27187,0.02843
39560659,2,2,0.02959,0.10561,0.8648
35214297,0,0,0.70898,0.26805,0.02297
13962386,0,0,0.98633,0.01171,0.00196
4675431,2,2,0.00296,0.05266,0.94438
30894469,2,2,0.00153,0.01027,0.98819
38825612,0,0,0.77533,0.20384,0.02082
33551609,2,2,0.00223,0.01139,0.98638
6632991,0,0,0.69732,0.27955,0.02313
5489559,2,2,0.00163,0.01114,0.98723
8668663,0,0,0.96235,0.03573,0.00192
36713458,1,1,0.15942,0.78623,0.05435
12404159,0,0,0.98684,0.01101,0.00216
19098628,1,0,0.53893,0.43644,0.02462
15194393,2,2,0.00163,0.01097,0.9874
35247838,2,2,0.00149,0.00936,0.98915
33374780,2,2,0.00182,0.01031,0.98787
16675374,2,2,0.0012,0.00844,0.99037
32821074,2,2,0.00237,0.01212,0.98551
38380852,2,2,0.00149,0.00883,0.98968
6008204,2,2,0.00114,0.00676,0.99209
29961228,0,0,0.68878,0.29624,0.01498
40999427,1,1,0.18949,0.78159,0.02892
8758882,2,2,0.00209,0.02716,0.97075
9575251,2,1,0.0905,0.7091,0.2004
11649977,2,2,0.01036,0.08547,0.90417
34184674,2,2,0.00185,0.02471,0.97344
26233902,2,2,0.00128,0.00517,0.99355
10591702,2,2,0.00182,0.01072,0.98747
1266127,2,2,0.00466,0.02103,0.97432
36594620,0,0,0.98722,0.00983,0.00295
3586598,2,2,0.00155,0.01594,0.98251
27862732,1,2,0.00358,0.04837,0.94805
28592865,2,2,0.00713,0.02171,0.97116
258500,2,2,0.00214,0.02116,0.9767
37937961,2,2,0.00118,0.00682,0.992
21355930,2,2,0.00133,0.01119,0.98748
369848,2,2,0.00476,0.08871,0.90653
29676285,2,2,0.00173,0.01588,0.98239
35648918,0,0,0.97512,0.02348,0.0014
26681460,2,2,0.00425,0.07817,0.91758
19774320,2,2,0.00993,0.05356,0.93651
31695900,2,2,0.00171,0.00739,0.9909
28632443,2,2,0.00236,0.01575,0.98189
15747849,0,0,0.94421,0.05322,0.00257
7546729,2,2,0.00471,0.02544,0.96985
5843087,2,2,0.00511,0.09419,0.9007
15552755,2,2,0.00427,0.05874,0.93699
40403003,2,1,0.03011,0.82666,0.14323
23782442,0,0,0.8889,0.10679,0.00431
32245639,2,2,0.00223,0.02456,0.97321
12408285,1,0,0.66121,0.32732,0.01147
14642742,2,2,0.00128,0.00568,0.99304
13148399,2,2,0.00239,0.01901,0.97861
19116144,0,0,0.79742,0.19695,0.00563
22872966,0,0,0.80088,0.19023,0.0089
28201523,2,2,0.14914,0.25172,0.59914
35769908,0,0,0.69627,0.28799,0.01575
8269991,0,0,0.98067,0.01734,0.00198
27477170,2,2,0.00168,0.01007,0.98824
40022504,0,0,0.68459,0.30617,0.00925
8099558,2,2,0.00203,0.01059,0.98738
14644119,2,2,0.01925,0.17495,0.8058
37216426,0,0,0.96048,0.03763,0.00188
33761578,2,2,0.00138,0.00648,0.99214
21235222,0,0,0.68333,0.29969,0.01697
29000618,2,2,0.00836,0.29015,0.70149
17520406,2,2,0.1529,0.08338,0.76372
30447459,0,0,0.67687,0.30509,0.01804
572444,2,2,0.02448,0.16499,0.81053
21081836,2,2,0.00211,0.01669,0.9812
11560791,0,0,0.9315,0.0663,0.0022
20152220,2,2,0.00272,0.01284,0.98444
5706021,2,2,0.00423,0.02423,0.97155
17839382,2,2,0.00144,0.01039,0.98817
28938906,2,2,0.00148,0.01421,0.98431
11475523,2,2,0.0019,0.01315,0.98495
20334513,2,2,0.0016,0.01564,0.98276
24283094,2,2,0.00116,0.00643,0.99241
18688384,2,2,0.00142,0.00751,0.99107
5316504,2,2,0.00156,0.0108,0.98764
11118039,2,2,0.00116,0.00614,0.9927
35935527,2,0,0.97611,0.02249,0.0014
16678703,2,2,0.00416,0.02359,0.97225
13948435,2,2,0.00521,0.00973,0.98506
18096946,2,2,0.00304,0.01249,0.98447
11554127,2,2,0.00461,0.07503,0.92036
37278879,2,2,0.00177,0.01965,0.97858
17968990,2,2,0.00304,0.04028,0.95667
33840290,1,0,0.67457,0.31005,0.01538
19130919,2,2,0.0012,0.00586,0.99294
7528505,0,0,0.8707,0.12063,0.00867
16121844,2,2,0.00281,0.0283,0.96889
9329174,2,2,0.00271,0.03071,0.96658
6572489,0,0,0.82393,0.17069,0.00538
41276657,2,2,0.00132,0.00722,0.99146
25793452,2,2,0.00171,0.00951,0.98878
39906675,2,0,0.41168,0.31288,0.27544
4625950,2,2,0.00776,0.06725,0.92499
33038491,1,0,0.50003,0.48088,0.01909
8631433,1,1,0.04726,0.88478,0.06796
25116035,2,2,0.00203,0.01059,0.98738
5898498,2,2,0.00341,0.06562,0.93097
28601474,0,0,0.78631,0.20194,0.01175
25597700,2,2,0.00325,0.0081,0.98866
11037731,0,0,0.98457,0.01383,0.0016
4597567,2,2,0.00163,0.01097,0.9874
8910896,2,2,0.00149,0.007,0.99151
34551710,0,0,0.66253,0.31296,0.02451
20299580,2,2,0.13815,0.17516,0.68669
28584249,2,2,0.00154,0.00736,0.9911
23674767,0,0,0.93733,0.05986,0.0028
16395276,2,2,0.0084,0.04324,0.94836
17327752,0,0,0.51106,0.46897,0.01997
10503406,2,2,0.00353,0.01718,0.97929
28846271,0,0,0.86931,0.12426,0.00643
37505216,0,0,0.95883,0.0394,0.00177
8133349,2,2,0.00142,0.00633,0.99225
38815663,2,2,0.00133,0.00911,0.98955
18293919,2,2,0.0025,0.02083,0.97667
8572644,2,2,0.00182,0.01067,0.98751
25634062,2,0,0.58208,0.40006,0.01785
5018028,2,2,0.00812,0.0159,0.97598
24980920,0,0,0.95045,0.04471,0.00483
3590757,2,2,0.00159,0.00643,0.99198
6595575,2,2,0.00312,0.03155,0.96533
36107171,2,1,0.01816,0.70321,0.27863
28891389,0,0,0.88503,0.10821,0.00676
8782456,2,2,0.0139,0.11917,0.86692
24202263,0,0,0.59743,0.3918,0.01077
39033290,2,2,0.00298,0.03207,0.96496
5731703,2,2,0.00124,0.00703,0.99173
22659872,2,2,0.0059,0.0475,0.9466
29427333,2,2,0.0022,0.02414,0.97366
10022690,2,2,0.00453,0.06271,0.93277
11657927,0,0,0.96483,0.03289,0.00228
10146809,2,2,0.0056,0.03847,0.95594
12976364,2,2,0.00111,0.00614,0.99275
21776671,2,0,0.36541,0.34428,0.2903
35146374,2,2,0.00299,0.0274,0.96961
19948107,2,2,0.00213,0.02271,0.97516
17057696,2,2,0.00123,0.0086,0.99017
24534900,0,0,0.76339,0.23011,0.0065
8838246,0,0,0.94781,0.04913,0.00306
40922288,2,2,0.0016,0.01383,0.98457
32133011,2,2,0.00236,0.01707,0.98057
8866206,2,1,0.05886,0.74559,0.19555
26552865,2,2,0.00133,0.00837,0.9903
12347268,1,1,0.06358,0.8181,0.11832
4514356,2,2,0.01547,0.2841,0.70042
34986146,2,2,0.00266,0.03607,0.96127
8776285,2,2,0.00884,0.11754,0.87362
35703846,0,1,0.102,0.85573,0.04227
4702223,2,1,0.0404,0.83731,0.12229
20538397,2,2,0.00127,0.00922,0.98951
31359363,0,0,0.73767,0.25493,0.0074
30991306,0,0,0.79392,0.19608,0.00999
17455431,2,2,0.00149,0.00866,0.98985
24877917,2,2,0.00147,0.00577,0.99276
15494821,2,2,0.00128,0.00581,0.99291
9293939,0,0,0.63562,0.35378,0.0106
28981440,2,2,0.00401,0.04477,0.95122
13823160,1,0,0.55245,0.43703,0.01052
4889946,2,2,0.00222,0.01557,0.98221
15163527,0,0,0.98299,0.01528,0.00173
339860,0,0,0.94252,0.05491,0.00257
18538502,0,0,0.97899,0.01931,0.00169
11124921,0,0,0.93665,0.06047,0.00289
5590905,0,0,0.93826,0.05911,0.00264
36106272,0,1,0.29733,0.67266,0.03002
29925927,0,0,0.61661,0.37108,0.01231
23064564,0,0,0.81497,0.17625,0.00877
4222844,0,0,0.93021,0.06627,0.00352
5765137,2,2,0.01311,0.18822,0.79866
30644900,2,1,0.3776,0.57129,0.0511
26239880,0,0,0.7156,0.27055,0.01384
28097772,1,1,0.08783,0.86987,0.0423
41324057,2,2,0.00338,0.03017,0.96645
18370450,1,1,0.38311,0.60272,0.01417
35093581,2,2,0.00439,0.0175,0.97811
17531895,2,1,0.06805,0.61606,0.31589
22804868,2,2,0.0083,0.15842,0.83329
39143263,0,0,0.95234,0.04573,0.00193
4588008,2,2,0.0014,0.00853,0.99007
28684026,2,2,0.0015,0.01454,0.98396
34181631,2,2,0.17159,0.28947,0.53895
29294032,2,2,0.00206,0.00958,0.98836
18231073,2,2,0.00492,0.05676,0.93831
781147,2,1,0.03635,0.62939,0.33426
4093625,2,1,0.21804,0.39327,0.38869
2402876,2,2,0.0013,0.00689,0.99181
40175286,2,0,0.42997,0.30706,0.26297
4526430,2,1,0.17868,0.79224,0.02908
25997538,2,2,0.00116,0.00604,0.99279
33791222,2,2,0.00227,0.0083,0.98943
35391483,2,2,0.0034,0.02505,0.97156
13008410,2,2,0.00136,0.00711,0.99153
13821178,0,0,0.85189,0.14404,0.00407
29559881,0,0,0.958,0.0401,0.00191
25909806,2,2,0.00188,0.01101,0.98712
18829051,1,1,0.19983,0.71831,0.08186
30537556,2,2,0.11078,0.21587,0.67335
29108133,0,1,0.32886,0.65147,0.01967
41398595,2,2,0.01712,0.026,0.95688
11124243,2,2,0.00187,0.0134,0.98473
23998240,2,0,0.62296,0.34403,0.03302
5111453,1,1,0.48464,0.49613,0.01924
40881728,1,1,0.22949,0.39729,0.37322
26681475,0,0,0.98475,0.01335,0.0019
12952259,0,0,0.71563,0.27375,0.01061
11700564,0,0,0.93195,0.06531,0.00274
325529,2,2,0.00451,0.07999,0.91549
31511440,2,2,0.00264,0.01309,0.98428
33822747,2,2,0.00695,0.11124,0.88182
25924338,2,2,0.00178,0.0147,0.98351
32300492,0,0,0.96041,0.03767,0.00191
33223026,2,2,0.00111,0.00572,0.99317
23484973,0,0,0.83989,0.15296,0.00715
14040464,2,0,0.98625,0.01217,0.00158
14661892,2,2,0.00151,0.00684,0.99165
29220017,1,2,0.00138,0.00834,0.99029
18317916,0,0,0.94626,0.05091,0.00283
12030332,2,2,0.00129,0.00981,0.9889
8987507,2,2,0.00238,0.00836,0.98926
35640635,2,2,0.00461,0.01553,0.97986
38593334,1,0,0.52167,0.45679,0.02153
7939100,0,0,0.91874,0.07751,0.00375
30591143,0,0,0.74779,0.21258,0.03963
22983062,0,0,0.77805,0.20336,0.01859
22044709,2,2,0.00209,0.01275,0.98517
35017780,2,2,0.00168,0.01194,0.98638
41232074,0,0,0.93672,0.06065,0.00263
25840200,2,2,0.0013,0.00628,0.99242
40167018,2,2,0.00317,0.03,0.96682
27195816,0,0,0.89326,0.1022,0.00454
11689942,0,0,0.86137,0.13418,0.00445
11149143,2,2,0.00149,0.00648,0.99203
27686023,0,0,0.96032,0.03767,0.002
30264612,2,2,0.0022,0.00618,0.99162
40453557,2,1,0.0323,0.60943,0.35827
20043175,2,2,0.00127,0.00805,0.99067
7109069,2,2,0.00432,0.04849,0.94719
476658,2,2,0.00144,0.01012,0.98844
11438151,2,2,0.00332,0.04829,0.94839
18071756,2,2,0.00149,0.00679,0.99172
18170512,2,2,0.00812,0.1378,0.85408
39927937,2,2,0.00179,0.0126,0.98561
33716107,2,2,0.01541,0.35915,0.62543
33850745,2,2,0.01359,0.33176,0.65465
40283965,2,2,0.00242,0.01952,0.97805
16267320,2,2,0.00773,0.01819,0.97407
6409192,2,2,0.08558,0.2413,0.67312
41406768,2,1,0.11409,0.83646,0.04945
27730116,2,2,0.00149,0.01008,0.98844
13724814,1,1,0.31178,0.55148,0.13674
27148177,0,0,0.9022,0.09307,0.00473
13319835,2,2,0.00544,0.01285,0.98171
9809429,2,2,0.01288,0.04047,0.94664
1867387,2,2,0.00286,0.01165,0.98549
30511700,2,2,0.00219,0.01162,0.98619
8832905,2,2,0.00175,0.01751,0.98074
773213,2,2,0.00177,0.00695,0.99128
40440051,2,2,0.00601,0.07359,0.9204
27401406,0,0,0.98441,0.01404,0.00155
10105049,0,0,0.6377,0.34671,0.01559
14292244,2,2,0.00129,0.00772,0.99099
18416147,1,2,0.00139,0.01132,0.98729
31439740,2,2,0.00111,0.006,0.99289
3858807,2,2,0.00361,0.02552,0.97087
10507952,2,2,0.00181,0.01738,0.98082
15766412,2,2,0.00458,0.02253,0.9729
27213772,2,2,0.00784,0.12773,0.86443
25032708,2,1,0.13206,0.81692,0.05101
14629924,2,2,0.00953,0.02551,0.96495
39816480,2,2,0.00146,0.01039,0.98814
14917450,2,2,0.00237,0.00999,0.98764
36943709,2,2,0.00362,0.03862,0.95776
19960121,2,2,0.00171,0.01118,0.98711
28301645,2,0,0.78502,0.20082,0.01416
25835984,2,2,0.00219,0.01245,0.98536
4966502,2,2,0.00238,0.00567,0.99194
15422337,0,0,0.96761,0.03064,0.00175
29717520,0,1,0.15066,0.82166,0.02768
37708908,0,0,0.93723,0.06009,0.00267
7762031,2,1,0.46616,0.50404,0.0298
30145067,2,2,0.00142,0.01106,0.98753
8281591,2,2,0.00209,0.01217,0.98574
38047502,2,2,0.00182,0.0082,0.98997
237909,2,2,0.00172,0.00695,0.99134
28041227,0,0,0.58347,0.37525,0.04129
7631124,2,2,0.00243,0.01864,0.97893
39666278,2,2,0.00178,0.01855,0.97967
39198105,2,2,0.00329,0.02563,0.97108
18696901,2,2,0.00138,0.00679,0.99183
14135094,0,0,0.59187,0.3912,0.01692
1211365,2,2,0.00219,0.02546,0.97234
7823850,0,1,0.33844,0.49726,0.1643
41007839,2,1,0.03505,0.77308,0.19187
5619080,0,0,0.89833,0.09599,0.00569
1788671,2,2,0.00276,0.01435,0.98289
17138867,2,2,0.00498,0.0453,0.94972
14899549,2,2,0.00794,0.07441,0.91765
22097150,0,0,0.98103,0.01752,0.00145
1387590,2,2,0.0013,0.00618,0.99252
17546341,1,1,0.05911,0.4778,0.4631
7945663,2,2,0.00184,0.01382,0.98434
6181598,2,2,0.0139,0.32652,0.65958
8833234,2,2,0.00142,0.01181,0.98678
29184920,2,2,0.00154,0.00638,0.99208
15395727,2,2,0.00197,0.00846,0.98957
21780656,2,2,0.00138,0.00821,0.99041
35951474,0,0,0.75845,0.23313,0.00843
14762644,2,2,0.002,0.00907,0.98893
25714069,2,2,0.00209,0.01184,0.98607
11954738,2,2,0.00147,0.00837,0.99017
353194,2,2,0.00169,0.00722,0.99109
26763513,2,2,0.00116,0.00559,0.99325
205452,2,2,0.00186,0.01806,0.98008
3712918,2,2,0.00131,0.00775,0.99094
36065729,2,2,0.04875,0.14573,0.80551
25035341,1,0,0.79251,0.1996,0.00789
21092706,2,2,0.00316,0.06334,0.9335
9368153,2,2,0.00104,0.00517,0.99378
31804289,2,2,0.02052,0.21549,0.76399
39015763,2,2,0.00114,0.00763,0.99123
3342262,2,2,0.00213,0.00925,0.98862
38909603,2,2,0.00124,0.00772,0.99105
12398550,2,2,0.00136,0.00843,0.99021
19214193,2,2,0.00197,0.00853,0.9895
592853,2,2,0.00116,0.0069,0.99194
22248432,2,2,0.00383,0.02926,0.96691
9746390,1,0,0.96382,0.03434,0.00183
15489796,2,2,0.00345,0.04004,0.95651
41575042,2,2,0.00558,0.14002,0.8544
37475097,0,1,0.32335,0.65574,0.02091
5547261,2,2,0.00125,0.00763,0.99112
682765,2,2,0.00162,0.01546,0.98292
11765764,2,2,0.00214,0.02076,0.9771
29409222,2,2,0.00187,0.01231,0.98581
39345528,0,0,0.97924,0.01887,0.00189
36646201,0,0,0.95716,0.04054,0.0023
32786528,0,0,0.97716,0.0206,0.00224
4968295,2,2,0.00129,0.00985,0.98886
2367320,2,1,0.01791,0.70417,0.27792
8583822,0,0,0.96164,0.03664,0.00172
30583977,2,2,0.0013,0.00658,0.99212
9791445,2,2,0.00166,0.01105,0.98729
5790767,2,0,0.86832,0.12583,0.00585
917048,0,0,0.98398,0.01431,0.0017
17749226,2,2,0.00171,0.00915,0.98914
11069256,2,2,0.00159,0.00643,0.99198
33018777,2,2,0.00138,0.0083,0.99032
17399143,2,1,0.02924,0.77208,0.19867
8776485,2,2,0.00157,0.01917,0.97927
39974919,0,1,0.13278,0.81736,0.04986
18723334,2,2,0.00183,0.00653,0.99165
30646853,2,2,0.00375,0.04968,0.94657
1373381,2,2,0.00146,0.00904,0.98949
38953053,2,2,0.0025,0.02169,0.97582
11990991,2,2,0.10223,0.17136,0.72641
8601798,0,0,0.80613,0.18558,0.00828
11129306,2,2,0.00225,0.01774,0.98001
5907073,1,2,0.00142,0.00922,0.98936
23059219,2,2,0.00267,0.01773,0.9796
35025332,1,0,0.83583,0.15705,0.00712
16400511,2,2,0.00113,0.00521,0.99366
35051161,0,2,0.17569,0.19657,0.62775
33156980,0,0,0.98816,0.00946,0.00237
17316771,2,2,0.00191,0.01084,0.98725
11962213,2,2,0.00168,0.01415,0.98417
34559778,2,2,0.00173,0.01588,0.98239
31734851,2,2,0.00127,0.00992,0.9888
6910487,2,2,0.00397,0.06851,0.92751
18441255,2,1,0.02037,0.61426,0.36536
2653229,2,2,0.02571,0.35628,0.61801
36494980,0,0,0.98506,0.01341,0.00153
33650429,2,2,0.00109,0.00609,0.99282
23012485,1,1,0.22915,0.71067,0.06019
31955940,2,2,0.00187,0.013,0.98513
14742291,2,2,0.00237,0.01269,0.98494
27334749,2,2,0.00188,0.00977,0.98836
25099899,0,0,0.98667,0.0114,0.00193
2632486,2,1,0.09108,0.6322,0.27673
5411292,2,2,0.01496,0.1685,0.81654
242663,2,2,0.00156,0.00739,0.99105
21511523,2,2,0.00182,0.01199,0.9862
10592425,0,0,0.86102,0.13517,0.0038
26492274,0,0,0.93061,0.06521,0.00418
20132776,2,2,0.00622,0.05609,0.93769
12224402,2,2,0.00884,0.11754,0.87362
1238971,2,2,0.00154,0.00824,0.99023
6011006,2,2,0.02275,0.28594,0.69131
10685439,0,0,0.76783,0.2252,0.00696
33192038,2,2,0.00168,0.01055,0.98776
6483681,2,2,0.0013,0.00653,0.99217
9779490,2,2,0.00138,0.00873,0.98989
10259599,0,1,0.232,0.74018,0.02782
8477875,0,0,0.734,0.25766,0.00835
24751848,2,2,0.00162,0.01505,0.98333
31618047,1,1,0.24543,0.73557,0.019
9011654,2,2,0.00121,0.00933,0.98946
26749869,2,2,0.00878,0.16307,0.82815
7142655,0,0,0.87796,0.11743,0.00461
25659945,0,0,0.67091,0.31079,0.0183
22831758,0,1,0.03335,0.84678,0.11987
39000926,0,0,0.66013,0.32551,0.01436
14130544,2,2,0.00127,0.00911,0.98961
18044611,2,2,0.00181,0.01688,0.98131
38267328,2,2,0.00151,0.00679,0.9917
25437581,2,2,0.00228,0.01904,0.97868
1448254,2,2,0.00295,0.01058,0.98647
21567065,2,2,0.08558,0.2413,0.67312
40189731,2,2,0.00212,0.01212,0.98576
14248789,0,0,0.80229,0.18908,0.00864
35686849,2,2,0.00201,0.01854,0.97944
5732240,0,0,0.88725,0.10576,0.00699
13284051,2,2,0.00876,0.01749,0.97375
4310462,2,2,0.00108,0.00577,0.99316
13935477,2,2,0.00127,0.00734,0.99139
1616044,2,2,0.00152,0.00628,0.9922
16441863,2,2,0.00215,0.01631,0.98155
36607474,2,2,0.00151,0.00962,0.98887
16496341,2,2,0.00129,0.00915,0.98956
11421747,2,2,0.00161,0.01008,0.98832
4580965,2,2,0.00221,0.01964,0.97815
33796712,0,0,0.97323,0.02516,0.00161
34363791,2,2,0.00113,0.00731,0.99157
28507431,2,1,0.023,0.51138,0.46562
2615194,0,0,0.84925,0.14529,0.00546
24874387,2,2,0.00558,0.07068,0.92374
10721201,2,1,0.42127,0.44669,0.13204
35922236,0,0,0.97478,0.02356,0.00166
3880704,2,2,0.0165,0.06846,0.91504
12373555,2,2,0.00175,0.01816,0.98009
40056797,2,2,0.00123,0.01008,0.98869
34912508,2,2,0.00159,0.00751,0.99091
3114537,2,2,0.00159,0.00754,0.99088
13354783,2,2,0.00116,0.00847,0.99037
41177773,0,0,0.72861,0.24887,0.02252
28944404,0,1,0.33166,0.63185,0.03649
35754379,2,2,0.00176,0.00996,0.98828
8670621,2,2,0.00349,0.01479,0.98172
26289124,2,2,0.00317,0.03167,0.96516
10757365,2,2,0.00197,0.02658,0.97145
30702152,1,1,0.25998,0.70671,0.03331
35015947,2,2,0.00601,0.07345,0.92054
8810198,2,2,0.00126,0.00684,0.9919
34890379,2,1,0.13175,0.83434,0.0339
17778075,0,0,0.7938,0.19189,0.01431
12652398,2,2,0.0058,0.0915,0.9027
31197482,2,2,0.00118,0.0059,0.99292
35527501,2,2,0.00168,0.01213,0.98619
21002181,0,1,0.17261,0.79231,0.03508
15355354,0,1,0.4651,0.51886,0.01604
8543748,2,2,0.06744,0.14558,0.78699
19788977,0,0,0.97826,0.02022,0.00152
5313762,2,2,0.08484,0.10394,0.81122
6978818,2,2,0.00203,0.00859,0.98937
31089551,2,2,0.00156,0.01064,0.98781
6540840,2,2,0.00174,0.0089,0.98936
13757761,2,2,0.00597,0.03641,0.95762
28025703,2,2,0.00235,0.02028,0.97737
37117796,2,2,0.00196,0.01643,0.98161
26795069,2,2,0.00212,0.02721,0.97066
36234970,0,0,0.9264,0.07047,0.00314
23013095,0,0,0.9734,0.02497,0.00163
8987613,2,2,0.00123,0.00887,0.9899
24148782,2,2,0.00371,0.01573,0.98057
31507790,2,2,0.00265,0.02231,0.97503
31699844,1,2,0.02241,0.18149,0.7961
27087597,2,2,0.00136,0.00501,0.99363
6673481,2,2,0.00231,0.03614,0.96155
28014040,0,0,0.80237,0.19058,0.00705
40535750,2,2,0.00194,0.02237,0.97569
25055865,2,2,0.00543,0.06767,0.9269
17473482,2,2,0.00193,0.0132,0.98487
8209477,2,2,0.0018,0.00722,0.99098
24312754,0,0,0.83639,0.15901,0.0046
33499425,0,0,0.73639,0.25449,0.00913
12508949,0,0,0.94224,0.0556,0.00216
35757338,2,1,0.03406,0.81887,0.14707
13498030,0,0,0.84433,0.14962,0.00606
38538315,2,2,0.00203,0.00976,0.98821
22464096,2,2,0.00218,0.01688,0.98094
18068713,2,1,0.1416,0.61992,0.23848
18317557,2,1,0.01916,0.58685,0.39399
5575077,2,2,0.00516,0.08557,0.90927
34501121,2,2,0.00136,0.00745,0.99119
26652710,2,2,0.0018,0.02125,0.97695
31859661,2,2,0.00128,0.00619,0.99254
33121859,0,0,0.66691,0.31999,0.0131
25793635,2,2,0.00548,0.04448,0.95005
9184927,2,2,0.0025,0.02144,0.97607
25312833,0,0,0.92734,0.06823,0.00443
36623684,2,1,0.01906,0.63107,0.34987
35836509,2,2,0.00576,0.02571,0.96853
16045909,2,2,0.00111,0.00682,0.99208
33683328,2,2,0.23916,0.1264,0.63444
24304686,2,2,0.0049,0.01736,0.97775
31205715,0,0,0.94494,0.05228,0.00278
17302671,0,0,0.9708,0.02711,0.00209
16349988,1,0,0.72218,0.26776,0.01006
31822575,0,0,0.88683,0.10971,0.00346
5723870,2,2,0.01176,0.28836,0.69988
30670023,2,2,0.00125,0.00824,0.9905
31065797,2,0,0.54989,0.29621,0.1539
25343585,2,2,0.00154,0.00673,0.99173
35260991,2,2,0.00189,0.0165,0.98161
17335456,2,2,0.00318,0.0435,0.95332
17588839,2,2,0.0042,0.0153,0.9805
38528464,2,2,0.00438,0.06481,0.93081
36695156,2,2,0.00149,0.00988,0.98863
551870,0,0,0.61197,0.36258,0.02546
33180665,2,2,0.00707,0.02247,0.97046
34476595,0,0,0.60283,0.3802,0.01697
4843116,2,2,0.00294,0.01273,0.98432
4898374,2,2,0.00246,0.01978,0.97775
12646494,2,2,0.00153,0.00933,0.98914
270549,2,2,0.00156,0.01145,0.987
28545270,2,2,0.0038,0.02065,0.97555
15045861,2,2,0.00191,0.00768,0.99041
10529758,2,2,0.00114,0.00643,0.99243
20802673,2,2,0.17159,0.28947,0.53895
20776068,1,2,0.0223,0.46214,0.51556
22495468,0,1,0.15507,0.81267,0.03226
39919654,0,0,0.71098,0.28061,0.00841
8477693,2,2,0.0012,0.00682,0.99199
8822034,2,2,0.0403,0.23417,0.72553
24889377,0,1,0.47712,0.50394,0.01894
38657514,2,2,0.00207,0.02052,0.9774
33685238,2,2,0.0016,0.01372,0.98468
20034530,2,1,0.04903,0.81006,0.14091
5310254,2,2,0.0012,0.0072,0.99161
19738162,1,2,0.00226,0.01355,0.98419
6098586,2,2,0.00334,0.01156,0.9851
1912471,2,2,0.00228,0.01847,0.97925
22968485,0,0,0.87652,0.11909,0.00439
14191086,0,0,0.97685,0.02171,0.00145
9041840,0,0,0.98444,0.01372,0.00184
34560127,2,2,0.00221,0.01734,0.98045
40762967,2,2,0.00181,0.01388,0.98431
40189423,2,1,0.12193,0.84221,0.03587
31076567,2,2,0.00273,0.00836,0.98891
24311952,2,2,0.00122,0.00534,0.99344
9563802,2,1,0.12743,0.73042,0.14215
1183563,2,2,0.002,0.01175,0.98625
26564399,2,1,0.08983,0.7975,0.11267
12408850,0,1,0.12279,0.82131,0.05589
4977739,2,2,0.00213,0.00792,0.98995
5540728,2,2,0.00122,0.00628,0.9925
16502230,2,2,0.00169,0.00728,0.99103
29945069,2,2,0.00673,0.03201,0.96126
26011599,2,2,0.00106,0.00595,0.99299
13252988,2,2,0.00118,0.00915,0.98967
17115386,2,2,0.00144,0.01097,0.98759
33725504,0,0,0.97979,0.01881,0.00141
22004246,1,1,0.43256,0.53623,0.03121
35687289,2,2,0.00151,0.00663,0.99185
36194658,2,2,0.01485,0.05174,0.93341
39338708,2,2,0.01044,0.31244,0.67712
36528101,0,0,0.97907,0.01786,0.00307
30197606,2,2,0.00628,0.0473,0.94642
11602719,2,2,0.00219,0.00995,0.98785
6274156,0,1,0.46742,0.47293,0.05966
20990156,2,2,0.00324,0.03916,0.9576
18796921,2,2,0.00268,0.02664,0.97068
16763680,0,0,0.67191,0.28898,0.03911
29291169,2,2,0.00158,0.01199,0.98643
28354323,2,2,0.00165,0.01454,0.98381
34135454,2,2,0.00219,0.02805,0.96976
16834861,2,2,0.01952,0.16342,0.81706
11928358,2,2,0.03039,0.47912,0.49049
19236235,2,2,0.00122,0.00586,0.99292
37592954,2,2,0.00142,0.00863,0.98995
34886205,0,0,0.84118,0.15259,0.00622
30702537,2,2,0.00287,0.00622,0.99091
32680518,0,0,0.81395,0.17672,0.00933
16973503,2,2,0.003,0.02326,0.97374
3609308,0,0,0.98519,0.0124,0.0024
9066482,2,2,0.00289,0.02962,0.96749
18598141,2,2,0.07168,0.22937,0.69895
28396009,2,2,0.00111,0.00717,0.99172
14772158,2,2,0.00207,0.00567,0.99225
26946167,2,2,0.00149,0.00689,0.99162
19624537,1,1,0.30253,0.62562,0.07186
24679367,2,2,0.0269,0.25725,0.71585
9355977,2,2,0.00116,0.00793,0.99091
18183328,2,0,0.60887,0.365,0.02613
10190631,0,0,0.97911,0.01909,0.0018
33635801,2,2,0.00269,0.02363,0.97368
15746185,2,2,0.00149,0.00877,0.98975
39687905,2,2,0.00163,0.01097,0.9874
2416036,2,2,0.002,0.02263,0.97537
768552,2,1,0.01986,0.52447,0.45567
15346094,2,2,0.00124,0.00676,0.992
19831514,0,0,0.98455,0.01399,0.00146
584459,2,2,0.00161,0.01023,0.98816
1578712,1,0,0.54207,0.44243,0.0155
13270778,2,2,0.00116,0.00717,0.99167
23252115,0,0,0.9443,0.05235,0.00335
28691592,2,2,0.17471,0.27332,0.55198
34968957,2,2,0.00118,0.00568,0.99314
35966573,0,0,0.98698,0.01079,0.00223
8697683,2,2,0.00124,0.00542,0.99334
20343814,2,2,0.00143,0.01388,0.98468
31050297,2,2,0.00298,0.04753,0.9495
20652869,2,2,0.0014,0.00894,0.98966
24408258,2,2,0.00161,0.00856,0.98983
5524407,2,2,0.00142,0.00947,0.98911
14110986,2,2,0.00109,0.00653,0.99238
38221416,0,1,0.20136,0.7485,0.05015
6236068,2,2,0.00146,0.0088,0.98973
5803770,2,2,0.00122,0.0059,0.99288
11007283,2,2,0.00126,0.00739,0.99135
26433042,0,0,0.8848,0.1101,0.0051
40275929,2,1,0.07751,0.50347,0.41902
32216971,0,0,0.98087,0.01758,0.00155
18278963,2,2,0.00544,0.03575,0.95881
14896350,0,0,0.98614,0.01171,0.00216
30673341,0,1,0.41935,0.54056,0.04009
15733185,2,2,0.00149,0.00618,0.99232
37517004,2,2,0.00241,0.02381,0.97377
38819528,0,0,0.68179,0.30254,0.01566
15912407,2,2,0.00374,0.02229,0.97397
10309668,2,2,0.01521,0.08001,0.90478
27193259,1,0,0.5768,0.41222,0.01099
20835792,0,0,0.90146,0.08804,0.01049
25586883,2,0,0.9796,0.01895,0.00145
36046439,2,2,0.00156,0.01131,0.98713
19493861,0,0,0.7923,0.20269,0.00502
23064434,2,2,0.00191,0.01043,0.98766
7899405,2,2,0.02249,0.32537,0.65214
14755537,2,2,0.00149,0.00689,0.99162
5720970,2,2,0.00223,0.0235,0.97426
30538142,2,2,0.0018,0.00739,0.99081
10755587,2,2,0.00335,0.02217,0.97448
1209452,2,2,0.00127,0.00784,0.99089
4776114,1,2,0.01531,0.07363,0.91106
33700526,2,2,0.0017,0.01622,0.98208
3113165,2,2,0.0013,0.00618,0.99252
13699971,2,2,0.00244,0.01294,0.98462
28790146,0,0,0.98097,0.01769,0.00134
35301832,2,2,0.04172,0.2526,0.70568
40337105,1,1,0.21114,0.75516,0.0337
37691301,0,0,0.95991,0.03823,0.00185
36018558,2,2,0.00249,0.00738,0.99012
38476060,2,2,0.00161,0.00958,0.98881
8513754,0,0,0.9607,0.03733,0.00197
10052886,2,2,0.00196,0.01448,0.98357
23907798,0,0,0.77521,0.19987,0.02492
7449474,2,2,0.00122,0.00725,0.99153
6286571,2,2,0.00181,0.01442,0.98377
34811076,2,2,0.00537,0.03341,0.96122
9332158,2,2,0.08895,0.12134,0.78971
24323696,2,2,0.0021,0.00833,0.98957
23886617,0,0,0.98632,0.01054,0.00314
10264034,2,2,0.00367,0.05406,0.94226
11062227,2,2,0.00159,0.00796,0.99046
24731383,2,2,0.00538,0.03235,0.96227
30106361,2,2,0.00268,0.02812,0.9692
19080177,2,2,0.00266,0.00642,0.99092
3656202,2,2,0.00372,0.02733,0.96895
21569038,2,2,0.00118,0.00609,0.99273
6444906,2,1,0.03433,0.55399,0.41169
79100,2,2,0.0048,0.08026,0.91494
8878304,2,2,0.00125,0.00966,0.98909
5019667,2,2,0.01193,0.0481,0.93998
16832487,2,2,0.00126,0.00706,0.99169
19784470,2,2,0.00128,0.00633,0.99239
27203328,2,2,0.00132,0.00555,0.99313
18815631,2,2,0.00186,0.01964,0.9785
2424199,2,2,0.00158,0.01162,0.9868
39423383,0,1,0.27725,0.65991,0.06284
14206402,2,2,0.00159,0.00628,0.99213
9813222,2,2,0.00142,0.00834,0.99024
34356074,2,2,0.00206,0.02542,0.97252
23134300,0,1,0.43988,0.54744,0.01268
13303211,2,2,0.00163,0.01097,0.9874
8799685,2,2,0.00256,0.0101,0.98733
34274554,2,2,0.00161,0.0059,0.99249
35877315,0,0,0.98279,0.01441,0.0028
9362777,2,2,0.01149,0.11723,0.87128
21412989,2,2,0.00397,0.02373,0.9723
4572959,2,2,0.00238,0.02064,0.97698
27195309,2,2,0.00884,0.11754,0.87362
37400784,0,0,0.88307,0.11271,0.00422
4283730,2,2,0.00421,0.0425,0.95329
5789410,2,2,0.00743,0.09249,0.90008
34852093,2,2,0.00171,0.01185,0.98644
25135981,2,2,0.07568,0.24453,0.67979
30924939,2,1,0.02859,0.54797,0.42344
8444155,2,2,0.00304,0.01104,0.98592
4887785,2,2,0.01136,0.10039,0.88825
2404413,2,2,0.00347,0.04894,0.94759
36772533,0,0,0.93321,0.06413,0.00266
40341194,2,2,0.00257,0.00869,0.98874
30781889,2,2,0.00273,0.02574,0.97153
38980252,2,2,0.00457,0.02358,0.97185
14470040,2,2,0.00134,0.00563,0.99303
37549331,2,2,0.00361,0.02697,0.96942
28786975,2,2,0.01316,0.29598,0.69086
4291726,2,2,0.00197,0.00925,0.98878
12074122,2,2,0.0025,0.02083,0.97667
34957261,0,0,0.88781,0.04912,0.06307
36805132,2,2,0.03033,0.10382,0.86585
31270712,2,2,0.00298,0.04739,0.94963
39633542,2,2,0.00468,0.01652,0.97881
33092365,0,0,0.82215,0.16966,0.00819
17534168,1,1,0.38078,0.53909,0.08013
33540811,2,2,0.0012,0.00734,0.99147
2081657,2,2,0.0016,0.01145,0.98695
15909642,2,2,0.00134,0.00742,0.99124
38296077,2,2,0.0819,0.39844,0.51966
14888403,2,2,0.00361,0.04158,0.95481
15330376,2,2,0.00163,0.0133,0.98507
5031694,0,0,0.97377,0.02452,0.00171
9768910,0,0,0.97109,0.02717,0.00173
38140077,2,2,0.00984,0.09012,0.90003
33518694,0,0,0.91872,0.07826,0.00302
3560908,2,2,0.00212,0.01398,0.9839
21402183,2,2,0.00395,0.01525,0.98081
33212288,2,2,0.01273,0.36912,0.61815
36019586,2,2,0.00128,0.00604,0.99268
34084428,2,2,0.00841,0.01186,0.97973
37994313,0,0,0.92282,0.07428,0.00289
35675264,2,2,0.00151,0.00684,0.99165
14742688,2,2,0.00132,0.00517,0.99351
31653579,0,0,0.70841,0.27959,0.012
23572465,2,2,0.0017,0.01442,0.98387
17550879,2,2,0.00126,0.00633,0.99241
31324127,2,2,0.00153,0.00984,0.98862
15514778,0,1,0.16947,0.79085,0.03968
39320035,0,0,0.94775,0.04994,0.00231
2440342,0,0,0.7935,0.19445,0.01205
16180056,2,2,0.00219,0.0133,0.98452
7932449,0,0,0.52929,0.4492,0.02151
25018166,0,0,0.96397,0.03392,0.00211
13116241,1,1,0.16957,0.8082,0.02222
5367020,0,0,0.55212,0.42999,0.01789
35856398,1,1,0.04953,0.7165,0.23398
20090818,0,0,0.98465,0.01372,0.00163
36019360,2,2,0.0109,0.21894,0.77016
18349120,2,2,0.00149,0.00883,0.98968
18381791,2,2,0.0354,0.44844,0.51616
8622481,2,1,0.45014,0.53039,0.01947
8813095,0,0,0.96164,0.03656,0.0018
3768187,2,2,0.00165,0.01448,0.98387
15465015,0,0,0.85409,0.13753,0.00837
9699293,2,2,0.0013,0.00534,0.99337
33295466,1,0,0.66902,0.31356,0.01742
21973171,0,0,0.8913,0.105,0.0037
41555880,2,2,0.00834,0.01978,0.97188
16788644,0,0,0.55805,0.42787,0.01408
5555360,2,2,0.00194,0.02199,0.97607
9348806,2,2,0.00352,0.01957,0.9769
41300469,2,2,0.00372,0.02855,0.96774
41445494,2,2,0.0012,0.00799,0.99081
25817307,2,2,0.00131,0.0076,0.99109
14268493,0,0,0.8293,0.1633,0.0074
22676410,0,0,0.92386,0.07089,0.00524
26176265,2,2,0.00315,0.03871,0.95815
471665,2,2,0.00151,0.01106,0.98744
12291275,2,2,0.00163,0.01,0.98837
5094029,2,2,0.01415,0.03153,0.95432
34429580,2,2,0.00243,0.03343,0.96414
41614421,2,2,0.00513,0.00944,0.98543
3499402,0,0,0.80727,0.18657,0.00616
21477471,2,2,0.00109,0.00656,0.99235
1702922,2,2,0.00142,0.01204,0.98655
1224887,2,2,0.00382,0.06052,0.93566
30381123,2,2,0.00379,0.05388,0.94233
3188905,2,2,0.00139,0.01208,0.98652
40574643,0,0,0.96747,0.03083,0.0017
11928659,1,1,0.12639,0.84124,0.03236
11019575,2,2,0.00173,0.01246,0.98581
15952332,0,0,0.82327,0.16499,0.01174
6668628,2,2,0.00132,0.00568,0.993
21583144,2,2,0.00602,0.02737,0.96661
33089724,2,2,0.00198,0.01979,0.97823
123404,2,2,0.0027,0.01952,0.97778
37282091,0,0,0.96895,0.02955,0.0015
3708420,2,2,0.00194,0.00792,0.99014
6616326,2,2,0.00613,0.08473,0.90915
14118889,2,2,0.01058,0.16172,0.8277
5199181,2,2,0.00133,0.01089,0.98778
38193507,0,0,0.98046,0.01792,0.00162
7066776,2,2,0.00138,0.00796,0.99066
37632318,2,2,0.00171,0.0083,0.98999
21346854,2,2,0.00702,0.01451,0.97847
10881103,2,2,0.17467,0.27561,0.54972
22475458,0,1,0.24049,0.70272,0.05679
26523851,2,2,0.00263,0.03292,0.96445
5779519,0,1,0.33388,0.61411,0.05201
23983165,0,0,0.96946,0.02886,0.00168
29890150,2,2,0.00135,0.01136,0.98729
21389982,2,2,0.00392,0.05131,0.94477
34781398,2,2,0.00268,0.01371,0.98362
29377576,2,2,0.00158,0.00973,0.98869
18248043,2,0,0.98753,0.01059,0.00188
40485993,1,1,0.21784,0.63902,0.14314
3145930,1,0,0.52412,0.43792,0.03797
7750467,0,0,0.8525,0.14302,0.00447
16442823,2,2,0.00154,0.00834,0.99013
29451968,0,0,0.61488,0.37294,0.01218
18514785,2,2,0.00131,0.0119,0.98679
19054584,2,2,0.00348,0.07628,0.92024
38201276,0,0,0.98448,0.01404,0.00148
16917669,2,2,0.00233,0.02789,0.96978
2339076,2,2,0.02648,0.07574,0.89778
28095911,0,0,0.92363,0.07334,0.00303
34878640,2,2,0.00537,0.0188,0.97583
14689728,2,2,0.00711,0.1715,0.82139
21644840,2,2,0.00562,0.10665,0.88773
17225352,2,2,0.21056,0.36739,0.42204
27290662,0,2,0.17159,0.28947,0.53895
13947951,0,0,0.74656,0.24237,0.01107
22321578,2,2,0.00122,0.00766,0.99113
2280632,2,2,0.00131,0.01008,0.98861
13996801,2,2,0.00213,0.02207,0.9758
13938002,2,2,0.0028,0.04495,0.95224
5238430,2,2,0.00176,0.013,0.98524
25534463,0,1,0.22829,0.73049,0.04121
38850931,0,0,0.70282,0.28066,0.01653
15299482,2,2,0.00107,0.00763,0.9913
32982030,2,2,0.0025,0.03325,0.96424
19238312,0,0,0.58742,0.32,0.09258
29523887,2,2,0.00831,0.18265,0.80904
21787117,2,2,0.00166,0.00883,0.98951
4468756,1,2,0.04176,0.24079,0.71745
8072638,2,2,0.00151,0.00802,0.99047
15606426,2,2,0.00389,0.0586,0.93751
24779831,1,1,0.11151,0.82715,0.06134
8323872,2,2,0.00748,0.16759,0.82493
32218170,2,2,0.00763,0.0315,0.96087
40832224,1,1,0.20944,0.76908,0.02148
25095045,2,2,0.00137,0.01185,0.98678
27550159,2,2,0.00136,0.0085,0.99014
15129786,2,2,0.00147,0.00711,0.99142
13740022,0,0,0.72712,0.26541,0.00747
1290904,2,2,0.00132,0.00609,0.99259
3053555,2,2,0.00319,0.02592,0.97089
32440182,0,0,0.98149,0.01705,0.00145
13490408,1,1,0.15745,0.76446,0.07809
27127335,0,1,0.09094,0.82974,0.07932
12769825,0,0,0.97938,0.01917,0.00145
28325155,2,2,0.00173,0.01176,0.98651
18610406,2,2,0.00206,0.01284,0.9851
37796634,0,0,0.85579,0.14025,0.00396
40078538,0,0,0.987,0.01109,0.00191
7118534,2,2,0.00322,0.03046,0.96632
4705621,2,2,0.00344,0.01134,0.98522
2386984,2,2,0.0014,0.00818,0.99042
24431888,2,2,0.00482,0.03274,0.96244
38858518,0,0,0.71538,0.27473,0.00989
8534420,2,2,0.00168,0.0147,0.98362
4631615,2,2,0.00398,0.02194,0.97407
33791023,0,0,0.78911,0.20505,0.00584
37147492,2,1,0.16442,0.56278,0.27281
37090934,0,1,0.36122,0.62169,0.01709
11648525,1,0,0.48463,0.48463,0.03074
9411592,2,1,0.36056,0.52053,0.1189
32885822,2,2,0.0021,0.00873,0.98918
3205616,2,2,0.00597,0.12179,0.87224
11717613,2,1,0.03436,0.80046,0.16518
22746143,2,1,0.02024,0.59627,0.38348
12408405,2,2,0.00138,0.00777,0.99085
8468646,2,2,0.01381,0.06266,0.92353
15416769,2,2,0.00287,0.0234,0.97374
37829776,2,2,0.21906,0.32661,0.45433
17003797,2,2,0.00144,0.00736,0.99119
27861594,2,2,0.00421,0.04252,0.95327
28268088,2,2,0.00145,0.00663,0.99192
28256943,0,0,0.78198,0.20802,0.01
10031169,2,2,0.00822,0.1533,0.83848
34475861,2,2,0.00145,0.00529,0.99326
19715008,2,2,0.00243,0.01829,0.97928
6329544,2,2,0.00733,0.15909,0.83358
35651907,1,1,0.3469,0.62816,0.02493
27309787,0,0,0.92644,0.07061,0.00295
19410393,2,2,0.0091,0.01845,0.97245
33386,2,2,0.00131,0.01163,0.98706
17263162,2,2,0.00123,0.00894,0.98983
9353459,1,2,0.01325,0.35816,0.62859
26035702,0,0,0.98641,0.01199,0.0016
37828167,2,2,0.00199,0.02779,0.97021
30439834,2,2,0.00132,0.00604,0.99264
14255335,1,1,0.22454,0.75666,0.0188
2173153,2,2,0.00158,0.00947,0.98895
4625579,2,2,0.02066,0.36615,0.61319
14481113,2,2,0.0014,0.00658,0.99202
11731737,2,2,0.0016,0.01488,0.98353
35097955,2,2,0.00334,0.01134,0.98532
13391149,0,1,0.40654,0.49422,0.09924
5564074,2,2,0.00306,0.03474,0.9622
17150398,1,1,0.05216,0.83524,0.1126
1421659,1,1,0.08455,0.86064,0.0548
39945563,2,2,0.00132,0.00708,0.9916
35879662,2,2,0.00168,0.00947,0.98885
33340439,2,2,0.00156,0.0094,0.98904
9397306,2,2,0.00787,0.05347,0.93865
37224479,2,2,0.00131,0.00772,0.99097
30715861,2,2,0.007,0.07666,0.91634
15632817,2,2,0.00404,0.06832,0.92764
25100974,0,0,0.98745,0.01076,0.00179
4354132,0,0,0.87273,0.12091,0.00636
21642459,0,0,0.87396,0.12108,0.00496
546826,2,2,0.00137,0.0119,0.98673
36510372,0,0,0.65928,0.30659,0.03413
26060966,2,2,0.0013,0.00643,0.99227
4618472,2,2,0.00122,0.00604,0.99274
18913717,2,2,0.0026,0.02831,0.96909
8664040,2,2,0.02372,0.26107,0.71521
39734569,0,0,0.98515,0.01315,0.0017
17360448,2,2,0.00425,0.04916,0.9466
38575160,0,0,0.61608,0.36932,0.0146
8183261,2,2,0.00179,0.0127,0.98551
37922713,2,2,0.00191,0.00643,0.99166
35687031,0,1,0.15927,0.80561,0.03512
30551994,0,2,0.00205,0.01527,0.98267
5710562,2,2,0.00153,0.01,0.98847
22433350,2,2,0.00134,0.00684,0.99182
37654002,0,1,0.20149,0.41912,0.37939
6449013,1,1,0.0942,0.85448,0.05132
26560090,0,1,0.19051,0.78503,0.02446
26813310,2,2,0.00147,0.00751,0.99103
15808968,0,0,0.92832,0.06771,0.00398
21580420,2,2,0.00281,0.04183,0.95536
12676975,1,1,0.01968,0.72708,0.25324
38701148,2,2,0.00125,0.00877,0.98998
24014912,2,2,0.00149,0.01035,0.98816
31589543,2,2,0.00116,0.00482,0.99401
16823629,2,2,0.03492,0.0921,0.87298
16431953,2,2,0.00521,0.07622,0.91857
34805822,2,2,0.00122,0.00679,0.99199
9344296,2,1,0.11584,0.59292,0.29123
23125594,2,2,0.00807,0.16858,0.82334
29594395,2,2,0.00394,0.01711,0.97895
13370236,0,0,0.87907,0.11667,0.00427
20372459,2,2,0.00579,0.07968,0.91453
18595929,0,0,0.7066,0.28549,0.00791
35807593,2,2,0.00181,0.01346,0.98473
14397038,2,2,0.05652,0.22182,0.72166
39958019,2,1,0.22593,0.7145,0.05957
19196573,2,2,0.00183,0.00501,0.99316
36826520,2,2,0.0018,0.00684,0.99136
9475937,0,0,0.82889,0.13048,0.04063
20830008,0,0,0.9364,0.0608,0.0028
29508659,0,0,0.98428,0.01382,0.0019
36897369,2,2,0.00144,0.00996,0.9886
33230814,2,2,0.0022,0.02173,0.97606
26693508,0,1,0.447,0.53918,0.01382
35991845,0,0,0.92651,0.0702,0.00329
30097955,0,0,0.69753,0.29305,0.00942
16449675,2,2,0.00136,0.00717,0.99148
16753623,2,2,0.00209,0.01431,0.98361
5702467,2,1,0.03424,0.79161,0.17415
20541283,2,2,0.0012,0.0086,0.9902
36046908,0,0,0.92769,0.06906,0.00324
14595606,2,2,0.0012,0.00538,0.99342
39628600,0,1,0.45497,0.45854,0.08649
6020874,0,0,0.89369,0.09433,0.01198
7312420,2,2,0.00125,0.0079,0.99085
6658637,0,0,0.51135,0.47663,0.01203
40608873,0,1,0.20759,0.59022,0.20219
23178139,2,2,0.00121,0.00919,0.9896
10251604,1,2,0.00562,0.07827,0.91611
13188624,1,0,0.68953,0.30123,0.00924
36312771,2,2,0.01611,0.28788,0.69601
28503140,2,2,0.00158,0.0127,0.98572
14282838,2,2,0.00242,0.02215,0.97543
24404347,2,2,0.01122,0.11114,0.87763
8773321,0,0,0.83184,0.14245,0.02571
2732937,2,2,0.00109,0.00614,0.99277
12915649,2,2,0.00289,0.04434,0.95276
5348800,0,2,0.05717,0.05205,0.89078
27149269,2,2,0.01334,0.10121,0.88545
28485338,2,2,0.00311,0.03471,0.96218
37201522,2,2,0.01053,0.02638,0.96309
41192271,0,0,0.96666,0.0315,0.00184
40465965,0,0,0.53677,0.452,0.01123
13487227,2,2,0.00221,0.02044,0.97735
14932912,2,2,0.00142,0.01051,0.98807
15707641,0,1,0.22727,0.71454,0.0582
8959900,0,0,0.70448,0.2716,0.02392
5134501,2,2,0.00173,0.0165,0.98177
35637836,0,1,0.04943,0.67703,0.27354
35385158,0,0,0.91776,0.07941,0.00283
26814082,2,2,0.00154,0.00604,0.99242
9509212,2,1,0.3143,0.43043,0.25527
13949821,0,0,0.80184,0.18897,0.00919
30773829,2,2,0.00158,0.0132,0.98522
40842702,2,2,0.00936,0.05759,0.93305
5149024,2,2,0.00113,0.00671,0.99216
38771282,2,2,0.00881,0.09285,0.89834
40483905,2,2,0.00259,0.01452,0.98288
28536918,2,2,0.00861,0.15374,0.83765
39521419,2,2,0.00433,0.01658,0.97909
16177876,2,2,0.00271,0.01801,0.97929
10767130,2,2,0.00178,0.01884,0.97939
24847504,2,2,0.00401,0.03032,0.96567
15391887,2,2,0.00235,0.0214,0.97625
37138670,2,2,0.00139,0.01106,0.98755
25470461,2,2,0.00859,0.23032,0.7611
6197973,2,2,0.00169,0.00751,0.99081
3987741,2,2,0.04485,0.32626,0.62889
31855603,2,2,0.00142,0.00805,0.99053
11356975,0,0,0.96721,0.02831,0.00448
25287694,2,2,0.01147,0.0911,0.89743
25919156,2,2,0.00241,0.0269,0.9707
25513453,2,2,0.00156,0.00908,0.98936
11063638,2,2,0.00297,0.03561,0.96143
2221678,2,1,0.02502,0.74848,0.2265
8444426,1,0,0.96372,0.03389,0.00239
36988290,2,2,0.00304,0.04238,0.95458
14188568,0,0,0.83933,0.15465,0.00602
26995985,0,0,0.96004,0.03801,0.00194
34997571,2,2,0.0104,0.17596,0.81364
20006340,2,1,0.22575,0.72874,0.04551
18292722,2,2,0.00235,0.01952,0.97813
11333475,2,2,0.00122,0.00498,0.9938
35623509,2,2,0.00395,0.02876,0.96729
32509891,0,0,0.67245,0.32014,0.00741
35068902,2,2,0.0014,0.00867,0.98994
19276243,1,1,0.16786,0.802,0.03014
7207613,2,2,0.01718,0.24087,0.74195
31784017,0,0,0.89116,0.10519,0.00364
27398307,2,2,0.0026,0.01365,0.98375
21540089,0,1,0.38337,0.59378,0.02284
10553627,2,1,0.01855,0.59089,0.39056
8648861,2,2,0.00915,0.1414,0.84945
11968883,0,0,0.81589,0.17853,0.00558
11604709,2,2,0.00198,0.00576,0.99226
39268019,1,1,0.32677,0.63481,0.03842
29890116,2,2,0.0043,0.02332,0.97238
18919102,2,2,0.00161,0.01039,0.988
23910613,2,2,0.00121,0.00977,0.98901
16682392,2,2,0.00169,0.02204,0.97627
5152223,2,2,0.00237,0.00932,0.98831
13991509,0,0,0.92192,0.07407,0.00401
38164131,2,2,0.00188,0.0075,0.99061
4967312,2,2,0.01461,0.05253,0.93286
23435571,2,2,0.0014,0.00929,0.98931
36159081,0,1,0.19598,0.77512,0.0289
34451887,1,0,0.65868,0.32607,0.01525
22907974,0,0,0.97958,0.01844,0.00198
17177763,1,0,0.66294,0.32309,0.01398
35382773,2,2,0.0022,0.00863,0.98918
3060653,2,0,0.6541,0.2176,0.1283
36979913,1,0,0.90373,0.0916,0.00467
12894002,2,2,0.00295,0.00896,0.98809
29362017,2,2,0.00133,0.00918,0.98948
39624175,2,2,0.01598,0.0769,0.90712
37792610,1,1,0.28087,0.70061,0.01853
2964481,0,2,0.14629,0.10496,0.74875
16293415,2,2,0.0107,0.16543,0.82387
30208852,2,2,0.00162,0.0181,0.98029
18459156,0,0,0.92464,0.07299,0.00236
27150020,2,2,0.00264,0.02759,0.96977
9121611,2,1,0.45861,0.52375,0.01764
1764179,2,2,0.00136,0.00857,0.99008
6108402,2,2,0.00178,0.01844,0.97978
41001162,2,2,0.00168,0.01015,0.98816
5925508,2,1,0.04744,0.85408,0.09848
40917743,2,2,0.00163,0.01118,0.98719
40029809,2,2,0.00202,0.01356,0.98442
23488364,2,2,0.00142,0.00814,0.99043
11356057,0,0,0.97741,0.02109,0.00149
23927880,2,2,0.00187,0.01227,0.98586
23970317,2,2,0.00144,0.00814,0.99041
19710325,0,0,0.94287,0.0551,0.00203
12688936,2,2,0.00747,0.0589,0.93363
10232110,2,2,0.00812,0.03801,0.95386
9166394,0,2,0.08245,0.15939,0.75817
25007707,2,2,0.00181,0.01388,0.98431
17434308,2,2,0.00127,0.0085,0.99023
11700353,2,0,0.98096,0.01745,0.00159
26787115,2,2,0.00194,0.00863,0.98943
18537732,2,2,0.00177,0.00951,0.98873
34682892,2,2,0.00183,0.01795,0.98021
21994972,2,2,0.00358,0.01988,0.97655
15610668,2,2,0.00127,0.01044,0.98829
3960207,2,2,0.00148,0.01251,0.98601
16434157,2,2,0.00159,0.00663,0.99178
12411476,0,0,0.88906,0.10702,0.00393
39434593,2,2,0.00128,0.00653,0.99219
3939522,2,2,0.00717,0.09738,0.89546
27477887,0,0,0.96386,0.03453,0.00162
2792363,2,2,0.00181,0.01361,0.98457
3252704,2,2,0.00181,0.01409,0.9841
2833724,2,2,0.00149,0.00911,0.9894
26332469,2,2,0.00146,0.01185,0.98669
12411742,0,0,0.96804,0.02984,0.00212
30104001,2,2,0.00334,0.05518,0.94148
25084264,0,0,0.95289,0.04489,0.00222
20162322,0,0,0.90632,0.08974,0.00394
35774997,2,2,0.00165,0.01404,0.98431
32267902,0,0,0.95959,0.03853,0.00188
1547645,2,2,0.01857,0.17311,0.80832
32765720,2,2,0.00148,0.0111,0.98742
19460970,0,0,0.68017,0.30538,0.01445
33264679,1,1,0.18019,0.70163,0.11817
24611267,2,2,0.00113,0.00703,0.99184
33517652,2,2,0.00139,0.01251,0.9861
14933063,0,0,0.96883,0.02342,0.00775
11683199,2,2,0.00124,0.00676,0.992
31442925,2,2,0.00142,0.00568,0.9929
21717918,2,2,0.01011,0.06584,0.92406
33986398,1,2,0.02002,0.11537,0.86461
11454826,2,2,0.01174,0.02565,0.9626
5464156,2,2,0.00172,0.00533,0.99295
20450178,2,2,0.00169,0.00863,0.98968
37885649,0,0,0.91815,0.07753,0.00432
22902836,0,2,0.05457,0.06135,0.88409
25705515,0,1,0.22474,0.72477,0.05049
37881738,1,0,0.57446,0.39022,0.03532
34893175,2,2,0.00351,0.00732,0.98917
13595133,2,1,0.25127,0.71161,0.03713
28025177,0,0,0.9098,0.08579,0.00442
38649417,2,2,0.00145,0.00542,0.99313
26461474,2,2,0.00134,0.00692,0.99174
41055612,2,2,0.0015,0.01331,0.98519
16044221,2,2,0.0016,0.01325,0.98515
13094139,2,2,0.00153,0.01377,0.9847
3526464,1,0,0.49026,0.48645,0.02329
20684490,2,2,0.04244,0.04294,0.91461
25097896,2,2,0.0019,0.01208,0.98602
5386783,2,2,0.00482,0.06158,0.9336
33179198,2,2,0.0014,0.00824,0.99036
26933635,1,0,0.91493,0.07775,0.00732
28945905,2,2,0.00115,0.0046,0.99425
38696578,2,2,0.0085,0.13775,0.85375
862809,2,2,0.00169,0.00568,0.99263
5949235,2,2,0.00153,0.01114,0.98733
18977483,2,2,0.00193,0.01315,0.98492
20346069,2,2,0.00257,0.00939,0.98804
25440135,2,2,0.00338,0.01375,0.98287
8754681,1,0,0.8549,0.13847,0.00663
2164022,2,2,0.00232,0.01714,0.98054
30308872,2,2,0.00163,0.0087,0.98967
13283816,2,2,0.00974,0.06404,0.92622
474192,2,2,0.00135,0.00901,0.98964
28909715,2,2,0.00133,0.01172,0.98695
8209707,2,2,0.00264,0.02604,0.97132
7498220,2,1,0.41254,0.51744,0.07003
16443476,2,2,0.00261,0.02422,0.97317
21697840,2,2,0.01023,0.20225,0.78752
35820781,2,2,0.23777,0.31147,0.45076
36748117,2,2,0.00479,0.02269,0.97251
22677941,2,2,0.00175,0.00546,0.9928
22224067,2,2,0.00113,0.00555,0.99332
24051104,2,2,0.00131,0.00766,0.99103
6410393,2,2,0.00266,0.02075,0.97659
6582275,2,2,0.00187,0.0142,0.98393
16537411,1,1,0.45334,0.53001,0.01664
17166587,2,2,0.00345,0.0397,0.95685
11312471,1,1,0.04686,0.72737,0.22577
6941852,0,0,0.96892,0.0296,0.00148
19064626,0,0,0.94411,0.05316,0.00274
34912673,2,2,0.00171,0.01011,0.98818
14848714,2,2,0.00123,0.01024,0.98853
13294421,2,2,0.00146,0.00947,0.98906
41080799,2,2,0.00613,0.01815,0.97572
12071874,2,2,0.0014,0.00805,0.99055
8657035,2,0,0.62807,0.35094,0.02099
35754164,0,0,0.91764,0.07817,0.00418
2872280,2,2,0.00126,0.00722,0.99152
41374398,2,2,0.00128,0.00643,0.99229
13682210,0,0,0.77416,0.21836,0.00747
294138,1,2,0.00871,0.13047,0.86082
17607923,2,2,0.00223,0.00856,0.98921
37330433,2,2,0.00116,0.00692,0.99192
4415079,0,0,0.90807,0.08731,0.00462
2540245,0,0,0.78449,0.20069,0.01482
17139057,0,0,0.93567,0.06106,0.00327
31152774,2,2,0.00138,0.00725,0.99137
10801012,2,2,0.02773,0.08237,0.8899
17538116,2,2,0.01502,0.02636,0.95862
16631574,0,1,0.13388,0.83955,0.02657
13186085,0,0,0.93822,0.05911,0.00268
10686131,2,2,0.00146,0.01023,0.9883
40272448,2,2,0.00984,0.06183,0.92833
29628234,2,2,0.00269,0.00744,0.98986
12728114,2,2,0.00554,0.09071,0.90374
4713035,0,0,0.97902,0.01946,0.00152
12313040,2,2,0.00217,0.0196,0.97823
2588353,0,0,0.97501,0.02352,0.00147
38817401,0,0,0.92653,0.06986,0.00361
12809356,0,0,0.96814,0.02987,0.00199
18176017,2,2,0.00325,0.00804,0.98872
34213701,0,0,0.86406,0.13148,0.00446
19317467,0,0,0.91438,0.08131,0.0043
35717883,1,1,0.08566,0.86515,0.04919
25488002,2,2,0.0035,0.0421,0.95441
19569604,2,2,0.02184,0.09898,0.87918
38302298,2,2,0.00137,0.01163,0.987
156564,2,2,0.00416,0.08324,0.9126
35174086,2,2,0.00163,0.0133,0.98507
3980455,2,1,0.30904,0.64661,0.04435
10400663,2,2,0.00171,0.0086,0.98969
23346095,0,1,0.26727,0.45911,0.27361
20531767,2,2,0.00244,0.02986,0.96771
37128925,2,2,0.00317,0.01654,0.98029
36674522,0,0,0.941,0.0564,0.0026
39711908,1,1,0.03558,0.77266,0.19177
32017131,0,0,0.92217,0.07423,0.0036
28068946,2,2,0.00922,0.02014,0.97063
5301097,2,2,0.00169,0.00866,0.98965
30990789,1,1,0.24015,0.73394,0.02591
8185212,2,2,0.00155,0.01199,0.98646
1617417,2,2,0.06006,0.12371,0.81623
41412277,1,0,0.53753,0.44912,0.01335
7343548,0,0,0.71089,0.28057,0.00854
32629448,2,2,0.00524,0.02781,0.96696
23705271,2,2,0.00128,0.00698,0.99175
30431155,0,0,0.84953,0.14534,0.00513
5012995,0,1,0.25427,0.72011,0.02562
38514609,0,0,0.91804,0.07707,0.00489
7695619,2,2,0.00263,0.01556,0.98181
25491306,2,2,0.00317,0.03052,0.96631
6897545,2,2,0.00336,0.02154,0.9751
26088716,0,0,0.97507,0.02266,0.00227
4625577,2,2,0.00989,0.12682,0.86328
9972051,1,0,0.85162,0.14066,0.00772
21787622,2,2,0.00127,0.00922,0.98951
37299075,2,2,0.0012,0.00737,0.99144
23586455,0,0,0.79003,0.2021,0.00787
29952654,2,2,0.00124,0.00486,0.9939
7741897,2,2,0.00871,0.03835,0.95295
15036693,0,1,0.43995,0.53484,0.02521
35422265,2,2,0.00193,0.01487,0.9832
28305258,2,2,0.00201,0.00595,0.99205
22965169,2,2,0.0023,0.02655,0.97116
8949976,2,2,0.00169,0.00716,0.99115
15262447,1,2,0.10021,0.28353,0.61626
24932605,0,0,0.97391,0.02448,0.00161
21849738,2,2,0.00153,0.01019,0.98827
37235245,2,2,0.00103,0.00534,0.99364
40855565,1,0,0.78913,0.20425,0.00662
3559124,2,1,0.02511,0.68409,0.2908
41553885,2,2,0.00113,0.00648,0.99239
21529901,2,1,0.19538,0.78031,0.02431
9359133,2,0,0.78827,0.20165,0.01008
40647495,0,0,0.75486,0.23293,0.0122
31643829,0,0,0.97428,0.0243,0.00142
14708009,2,2,0.01057,0.22507,0.76437
10320726,2,2,0.0019,0.01464,0.98346
23603804,2,2,0.00186,0.02097,0.97718
14917494,1,0,0.50646,0.47951,0.01403
2813404,2,2,0.00127,0.00784,0.99089
15997197,2,2,0.00126,0.00734,0.99141
10014217,0,0,0.98753,0.01076,0.00171
38904902,2,2,0.0019,0.01534,0.98277
9619895,2,2,0.01217,0.02135,0.96648
2650987,2,2,0.00149,0.00689,0.99162
22957002,2,2,0.00201,0.01747,0.98051
33942656,0,0,0.91525,0.08044,0.00431
12098100,2,2,0.00126,0.00725,0.99149
22388107,1,1,0.28515,0.69753,0.01733
4607852,2,2,0.0025,0.02083,0.97667
16925428,2,2,0.00114,0.00663,0.99222
39925605,2,2,0.00169,0.00911,0.9892
27991196,2,2,0.00142,0.01076,0.98782
25381339,2,2,0.03136,0.11431,0.85432
21765536,0,1,0.33211,0.65278,0.01511
8711905,2,2,0.00232,0.03166,0.96601
15307954,0,1,0.37052,0.60377,0.02571
32278619,2,2,0.00397,0.00816,0.98787
39934288,2,2,0.00167,0.00555,0.99279
11237598,2,2,0.00147,0.00653,0.992
36314169,2,2,0.00118,0.00834,0.99048
27899852,1,1,0.44228,0.53767,0.02005
21366841,2,1,0.14195,0.67984,0.17821
28439319,2,2,0.01716,0.05297,0.92986
18536857,2,2,0.01308,0.041,0.94593
19900275,2,2,0.01299,0.01735,0.96966
34287493,2,2,0.00199,0.01569,0.98232
39713185,0,1,0.41331,0.56273,0.02396
23144879,2,2,0.00255,0.03101,0.96644
17002532,2,2,0.00226,0.0256,0.97213
16624543,2,2,0.00238,0.02437,0.97326
21235321,2,2,0.00583,0.01351,0.98066
33918889,0,0,0.91793,0.07866,0.00342
17862140,2,2,0.00269,0.02363,0.97368
14668860,2,2,0.00104,0.00517,0.99378
14053752,2,1,0.13299,0.596,0.27101
27699936,0,1,0.16284,0.80661,0.03055
3551452,2,2,0.00207,0.02002,0.97791
16986428,2,1,0.06175,0.87602,0.06223
17428498,2,2,0.02314,0.20462,0.77224
9946885,2,2,0.00133,0.00936,0.9893
17748419,2,2,0.00222,0.01265,0.98513
22576008,2,2,0.0026,0.02609,0.97131
14713163,2,2,0.00144,0.00734,0.99122
11516880,2,2,0.00161,0.00658,0.99181
30203366,0,0,0.59965,0.3902,0.01016
32193224,2,2,0.17159,0.28947,0.53895
2247330,0,0,0.60478,0.38143,0.01379
9182934,1,1,0.08807,0.84874,0.06319
19581100,2,2,0.00524,0.1,0.89476
6626533,2,1,0.17733,0.61291,0.20976
24223964,2,2,0.00206,0.01063,0.98731
21180757,2,2,0.00357,0.08137,0.91506
18393914,2,2,0.01265,0.28571,0.70164
18428412,2,2,0.00372,0.04183,0.95444
19780755,0,0,0.94469,0.05206,0.00325
37234183,0,0,0.68533,0.3065,0.00817
31963755,2,2,0.00174,0.00907,0.98919
30991229,1,0,0.75254,0.23313,0.01433
26618036,2,1,0.12761,0.77866,0.09373
30415563,0,0,0.91657,0.07862,0.00481
7922353,2,2,0.00118,0.00717,0.99165
19530996,2,2,0.0025,0.02083,0.97667
1095995,2,2,0.0149,0.32109,0.66401
19529335,2,2,0.00214,0.01872,0.97914
7916917,2,2,0.00108,0.00604,0.99288
17721299,2,1,0.07645,0.82188,0.10167
16395555,2,2,0.00221,0.01675,0.98104
20118266,2,2,0.00257,0.02185,0.97558
14922831,0,2,0.24252,0.27588,0.4816
2867393,0,0,0.97304,0.02545,0.00151
20162104,2,2,0.00116,0.00698,0.99186
17795345,1,1,0.14031,0.79724,0.06245
18329039,2,2,0.00114,0.00564,0.99322
6211401,2,2,0.00345,0.01053,0.98602
14386802,0,0,0.96923,0.02887,0.0019
16264617,2,2,0.00765,0.04368,0.94867
36849174,0,0,0.97788,0.02057,0.00154
8590015,0,0,0.76247,0.22715,0.01038
23183378,2,2,0.03587,0.25488,0.70926
10866485,2,2,0.00122,0.00844,0.99035
33294124,0,0,0.98241,0.01492,0.00267
13979491,2,2,0.00151,0.00689,0.99159
19717390,2,2,0.00139,0.01346,0.98515
10537873,2,2,0.15148,0.25755,0.59097
38962952,0,0,0.67579,0.31061,0.01359
1460677,2,2,0.00138,0.00966,0.98897
35651260,2,2,0.00163,0.00827,0.9901
15743211,1,2,0.0051,0.02393,0.97097
26288516,2,2,0.00255,0.03148,0.96597
4345675,2,2,0.00467,0.01797,0.97736
3561707,2,2,0.00179,0.01063,0.98758
40274775,2,2,0.00475,0.01716,0.97809
1066963,2,2,0.00153,0.0133,0.98517
30806043,2,2,0.00136,0.00766,0.99099
17822476,1,0,0.76356,0.22748,0.00896
6639348,2,2,0.08727,0.3046,0.60813
34775104,2,2,0.00243,0.01575,0.98182
7926861,2,2,0.00344,0.04324,0.95332
21770474,2,2,0.00186,0.00604,0.9921
17778431,2,2,0.0097,0.10355,0.88675
22135068,2,2,0.00131,0.00911,0.98957
27892806,2,2,0.00108,0.00542,0.9935
28884770,2,2,0.0019,0.01203,0.98607
31639555,2,2,0.00168,0.01004,0.98828
37464259,2,2,0.02954,0.18451,0.78596
17469748,2,2,0.00371,0.02865,0.96763
41042353,2,2,0.00672,0.02598,0.9673
20055711,2,2,0.00655,0.02172,0.97173
14931720,1,0,0.52471,0.46305,0.01224
8775714,1,0,0.55231,0.43692,0.01077
631927,2,2,0.0017,0.01698,0.98132
21758373,2,2,0.00619,0.13103,0.86279
36409341,2,2,0.00292,0.06458,0.9325
22573113,1,1,0.4293,0.55555,0.01516
36203034,2,2,0.00129,0.00731,0.9914
37345131,2,2,0.00255,0.01611,0.98134
6086748,2,2,0.0014,0.00633,0.99227
9375,1,0,0.67358,0.3157,0.01072
18596825,2,2,0.0014,0.00936,0.98924
17297740,2,2,0.00474,0.07757,0.91769
7545852,2,2,0.00139,0.01172,0.98689
36154295,0,0,0.78384,0.20689,0.00927
9712709,1,0,0.6106,0.37913,0.01026
35878042,2,2,0.00263,0.01447,0.9829
11290866,2,2,0.02683,0.32816,0.64501
2965688,2,2,0.00316,0.05049,0.94636
3557034,2,1,0.03635,0.62939,0.33426
21470416,2,2,0.00152,0.00572,0.99276
7557900,0,0,0.52016,0.43973,0.04011
33752950,2,2,0.00128,0.00464,0.99408
15042748,2,2,0.00521,0.04681,0.94798
40176248,2,2,0.00128,0.00708,0.99164
33127839,2,2,0.00196,0.01448,0.98357
2381635,2,2,0.00453,0.06109,0.93438
14309283,2,2,0.00153,0.01171,0.98675
25816283,2,2,0.00181,0.01528,0.98291
12672560,2,2,0.00163,0.01285,0.98552
9374023,0,1,0.10842,0.83956,0.05202
5931936,0,2,0.2992,0.28844,0.41236
14505030,2,2,0.00208,0.01637,0.98155
35760330,1,0,0.8597,0.13549,0.0048
34095139,0,0,0.98401,0.01409,0.0019
23364552,2,2,0.00137,0.00992,0.9887
14334896,0,0,0.9154,0.08061,0.00398
8702078,0,0,0.95351,0.04401,0.00248
12147905,1,0,0.57235,0.40744,0.02021
10385258,2,2,0.00441,0.02902,0.96658
13920541,0,0,0.94009,0.05482,0.00509
41288645,2,2,0.00182,0.01231,0.98587
353893,2,2,0.00163,0.0111,0.98727
11253129,2,1,0.41552,0.55697,0.02751
20327204,2,2,0.00235,0.02112,0.97654
27882285,2,2,0.00573,0.06096,0.93331
35467419,0,0,0.90032,0.09564,0.00404
29314975,2,2,0.00174,0.00756,0.99069
26681863,0,0,0.9562,0.04154,0.00226
37724646,0,0,0.94981,0.04808,0.00211
33057093,2,2,0.00147,0.007,0.99153
41430412,2,2,0.00374,0.02285,0.97342
16937995,2,2,0.00362,0.03792,0.95846
8305609,2,2,0.00114,0.00815,0.99071
39265476,2,2,0.00122,0.00671,0.99207
15033795,2,2,0.00163,0.01236,0.98601
22577147,1,1,0.07281,0.7325,0.19469
23359625,2,2,0.00419,0.06293,0.93288
3473296,2,2,0.02336,0.11384,0.8628
26268728,2,2,0.00187,0.01631,0.98182
25044043,2,2,0.00223,0.02522,0.97255
15827645,0,0,0.70833,0.2678,0.02386
18579306,2,2,0.0021,0.00883,0.98907
7265338,0,0,0.96759,0.03065,0.00175
18414851,2,1,0.44992,0.51182,0.03825
37911671,0,1,0.45661,0.52555,0.01784
28871070,2,2,0.00118,0.00555,0.99327
2816756,0,0,0.98499,0.01305,0.00196
29356884,0,1,0.32428,0.6399,0.03582
32619566,2,0,0.82276,0.16979,0.00746
23136480,2,2,0.00685,0.0677,0.92545
37633520,2,2,0.00151,0.01154,0.98696
40154830,2,2,0.00175,0.01823,0.98002
28096261,0,1,0.16878,0.80758,0.02364
39271706,0,0,0.9453,0.05204,0.00266
39687568,2,2,0.00128,0.00628,0.99244
40148274,2,2,0.02616,0.02965,0.94419
31957804,1,2,0.01493,0.48676,0.49831
22524141,0,1,0.39065,0.58873,0.02062
5562129,0,1,0.23166,0.73477,0.03357
6015875,2,0,0.89707,0.09146,0.01147
21614837,0,0,0.75991,0.22551,0.01459
32148490,2,2,0.00109,0.00663,0.99227
616837,2,2,0.00133,0.01163,0.98704
26004281,2,2,0.00273,0.03981,0.95745
41502253,2,2,0.00142,0.007,0.99158
17714128,2,2,0.00629,0.11663,0.87708
1690776,2,2,0.00161,0.00954,0.98885
23026970,2,2,0.0104,0.16334,0.82626
30297258,2,2,0.00216,0.01071,0.98713
35017935,2,2,0.00712,0.01531,0.97756
9991508,2,2,0.00484,0.01432,0.98084
2752664,0,1,0.25091,0.70506,0.04403
38525017,2,2,0.0014,0.00985,0.98876
36196759,1,1,0.21752,0.75477,0.02771
33751742,2,2,0.00142,0.00604,0.99253
1945628,2,2,0.00417,0.0079,0.98793
26175168,2,2,0.00151,0.01158,0.98691
1538900,2,2,0.02074,0.22477,0.75448
25564481,2,2,0.0014,0.00887,0.98973
78739,2,1,0.07232,0.80845,0.11923
8289672,2,2,0.00245,0.00939,0.98816
36780081,2,2,0.00127,0.0086,0.99013
20686881,0,0,0.81055,0.18086,0.00859
17878697,2,2,0.00161,0.01027,0.98812
2996689,2,2,0.0052,0.13453,0.86027
11710027,2,2,0.00138,0.00771,0.99091
19373545,0,0,0.94855,0.04739,0.00406
31911649,2,2,0.05372,0.15074,0.79555
40177345,2,2,0.00278,0.00744,0.98978
32825516,0,0,0.92272,0.07384,0.00343
8036478,2,2,0.0014,0.0049,0.9937
23508691,2,2,0.02864,0.28816,0.6832
6972989,0,0,0.82181,0.17025,0.00793
21851618,0,0,0.55394,0.43141,0.01465
28950375,0,1,0.35775,0.62299,0.01926
20151384,2,2,0.0056,0.11043,0.88398
9637569,2,2,0.00148,0.01089,0.98763
33642094,2,2,0.00126,0.00739,0.99135
25409895,2,2,0.02714,0.05292,0.91994
3519666,2,2,0.00203,0.01109,0.98688
40410175,0,1,0.11509,0.69406,0.19086
2136049,2,2,0.00106,0.00551,0.99343
6210909,2,2,0.00179,0.01255,0.98566
19169275,2,2,0.00228,0.01833,0.97939
14245703,2,2,0.01224,0.22469,0.76308
15948675,2,1,0.19691,0.5637,0.23939
20149845,2,2,0.00118,0.00887,0.98995
3910249,2,2,0.00135,0.00926,0.98939
41629915,0,0,0.65214,0.32157,0.02629
10419570,2,2,0.00613,0.01026,0.98361
9179401,2,1,0.36774,0.55637,0.07589
29261781,2,2,0.00511,0.0211,0.97379
5915782,2,2,0.00145,0.00577,0.99279
17169507,0,0,0.98252,0.01601,0.00148
11977636,2,2,0.01054,0.06944,0.92002
4216717,2,2,0.00166,0.01023,0.98811
17495249,2,2,0.0042,0.03055,0.96525
20423788,2,2,0.00163,0.01372,0.98465
24824210,2,2,0.00128,0.00679,0.99194
36301046,2,2,0.00202,0.01356,0.98442
28625806,2,2,0.00439,0.03196,0.96365
38913279,2,2,0.00182,0.0083,0.98988
8364738,2,2,0.00159,0.0049,0.99351
11003106,2,2,0.00188,0.01131,0.98681
8005411,2,2,0.0012,0.00751,0.99129
28452993,0,0,0.91095,0.0849,0.00415
38850721,2,2,0.00683,0.02638,0.9668
16602220,0,0,0.53029,0.45714,0.01257
8889613,0,0,0.55228,0.42345,0.02427
6022713,1,0,0.58388,0.39047,0.02565
9460569,2,2,0.00152,0.00638,0.99211
3654699,2,2,0.00136,0.00827,0.99037
19699492,2,2,0.00249,0.0375,0.96001
34560025,2,2,0.00501,0.06926,0.92573
26371653,2,2,0.00124,0.00546,0.9933
37038870,0,0,0.93291,0.06474,0.00235
31651353,2,2,0.00224,0.02258,0.97519
15554192,0,0,0.98651,0.0114,0.00209
7443003,2,2,0.00147,0.0087,0.98984
23074889,0,0,0.62004,0.37024,0.00971
14589595,2,2,0.00884,0.11754,0.87362
4008244,2,2,0.00115,0.00538,0.99348
22279553,0,1,0.39504,0.5884,0.01656
27416495,0,0,0.94715,0.05054,0.00231
19955890,0,0,0.71059,0.27827,0.01113
37995986,2,2,0.00487,0.01583,0.97931
20658734,0,0,0.89966,0.09688,0.00345
12504953,2,2,0.0016,0.01383,0.98457
37416638,2,2,0.00148,0.01136,0.98716
11995832,0,1,0.43558,0.55063,0.01378
7579248,2,2,0.00234,0.03706,0.96059
3424834,2,2,0.00188,0.00873,0.98939
34653689,2,2,0.06185,0.12348,0.81467
39456154,0,0,0.54843,0.43047,0.0211
27090338,0,0,0.98308,0.01516,0.00176
20178436,2,2,0.00553,0.13448,0.85999
28669344,2,2,0.01126,0.02898,0.95976
14309597,0,0,0.90071,0.09531,0.00398
35647285,0,0,0.98059,0.01694,0.00247
21729543,0,1,0.2356,0.74147,0.02292
4119774,2,2,0.00431,0.03576,0.95993
6137691,0,0,0.92507,0.0726,0.00233
14542779,2,2,0.00184,0.01682,0.98134
7275180,2,1,0.0831,0.81666,0.10024
26674814,2,2,0.00313,0.05886,0.93801
36104939,0,0,0.82789,0.16559,0.00652
8672017,2,2,0.00241,0.00969,0.9879
6246514,2,2,0.00359,0.01567,0.98074
19453804,0,0,0.82476,0.16593,0.00931
8707584,2,2,0.00142,0.01,0.98858
4912518,0,0,0.49736,0.47458,0.02806
20406100,2,2,0.00929,0.15415,0.83656
36941862,2,2,0.01286,0.16642,0.82073
5713661,1,1,0.06375,0.85629,0.07996
1980636,2,2,0.00824,0.0835,0.90827
5432921,2,2,0.00126,0.00695,0.9918
365153,2,2,0.00131,0.01204,0.98665
11247987,2,2,0.0203,0.24726,0.73244
1415817,2,2,0.00421,0.07259,0.9232
22829299,0,0,0.75433,0.23736,0.00831
20606047,1,1,0.06121,0.70598,0.23281
32239040,2,2,0.00148,0.0154,0.98312
40214749,2,2,0.00149,0.00866,0.98985
41604201,2,2,0.00254,0.0353,0.96216
34800994,0,0,0.87784,0.11834,0.00382
6899661,2,2,0.00182,0.00805,0.99013
24859318,2,2,0.00752,0.03754,0.95494
23749556,0,1,0.45687,0.52176,0.02137
10253387,2,1,0.0658,0.76487,0.16934
21442583,0,0,0.87976,0.0968,0.02344
28348571,0,0,0.95083,0.04715,0.00202
19630596,2,2,0.0022,0.00604,0.99176
8377093,2,2,0.00124,0.00658,0.99218
37731539,2,2,0.00113,0.00517,0.9937
36332085,0,1,0.44777,0.54011,0.01212
3508837,2,2,0.00397,0.00923,0.9868
4187277,2,2,0.00634,0.13758,0.85608
33551466,0,0,0.984,0.01404,0.00196
5873163,2,2,0.00125,0.00751,0.99124
15371600,2,2,0.00197,0.01011,0.98792
40211411,2,0,0.42555,0.30944,0.26501
27315179,2,1,0.16275,0.74016,0.09709
9465020,2,2,0.00156,0.00901,0.98943
36396302,2,1,0.16567,0.62036,0.21397
27739677,2,2,0.0041,0.03885,0.95705
5222801,2,2,0.00352,0.02154,0.97494
34568789,2,2,0.00265,0.02322,0.97412
28498756,2,2,0.00461,0.01433,0.98106
26010210,2,2,0.00128,0.00684,0.99188
24507957,2,2,0.00136,0.00857,0.99008
9646686,2,2,0.00332,0.01786,0.97883
11835728,1,2,0.01519,0.28656,0.69825
23842003,2,2,0.00352,0.02138,0.97511
12109097,1,1,0.30367,0.6711,0.02522
29299312,0,0,0.98749,0.00995,0.00257
21087382,2,2,0.00146,0.01106,0.98748
22173471,0,0,0.80288,0.1907,0.00642
25263220,2,2,0.00187,0.01415,0.98398
620072,2,1,0.06564,0.83809,0.09626
5363945,0,0,0.82614,0.16589,0.00797
12620997,2,2,0.00447,0.031,0.96453
41235565,2,2,0.00149,0.00673,0.99177
1650748,2,1,0.09509,0.48861,0.4163
11107122,1,2,0.10262,0.18781,0.70957
35482045,0,0,0.93883,0.05823,0.00294
30586455,2,2,0.01941,0.14206,0.83852
5433847,1,1,0.11267,0.75508,0.13224
32738000,2,2,0.00169,0.00542,0.99289
38010220,2,2,0.0025,0.02083,0.97667
33512367,2,2,0.05765,0.0852,0.85715
15743761,2,2,0.00138,0.00973,0.98889
39826034,0,1,0.12716,0.81474,0.0581
30544339,2,2,0.00142,0.0114,0.98718
40958224,2,2,0.00109,0.00679,0.99212
28434049,2,2,0.00239,0.01994,0.97768
36510171,2,2,0.00237,0.02659,0.97104
6478088,2,1,0.17496,0.76109,0.06396
8489007,2,0,0.54198,0.2644,0.19363
3705127,0,0,0.77558,0.20391,0.02051
16432700,0,0,0.55405,0.4248,0.02115
30219017,0,0,0.78002,0.14771,0.07227
9933697,2,2,0.00125,0.00919,0.98956
25167349,2,2,0.00333,0.01423,0.98244
16961209,2,2,0.0014,0.0084,0.9902
6454555,2,2,0.00161,0.00733,0.99105
35686332,2,2,0.00136,0.00717,0.99148
8468627,0,2,0.30688,0.15766,0.53545
7418488,2,2,0.00217,0.01908,0.97874
9054024,2,0,0.9722,0.02624,0.00156
11768383,2,2,0.00116,0.00628,0.99256
6377922,2,2,0.00131,0.01004,0.98865
8323238,2,2,0.01031,0.19602,0.79367
15239881,2,2,0.00176,0.01516,0.98308
40278662,2,2,0.00802,0.02048,0.9715
30426518,2,2,0.00197,0.01027,0.98776
37026802,2,2,0.00197,0.01076,0.98728
10309322,1,0,0.66137,0.32613,0.0125
22384384,2,2,0.00712,0.0161,0.97678
5543069,2,2,0.00279,0.01814,0.97906
28394559,0,1,0.22696,0.74418,0.02886
19005266,2,2,0.00132,0.00679,0.9919
31331245,0,0,0.95402,0.04343,0.00256
2848323,2,2,0.00713,0.11593,0.87694
26332901,2,2,0.00125,0.00844,0.99031
28896563,2,2,0.00159,0.00525,0.99316
13136359,0,0,0.9688,0.02967,0.00153
16654765,0,1,0.23255,0.72616,0.04129
31786113,2,2,0.0092,0.23644,0.75435
2030528,2,2,0.00176,0.01388,0.98436
14040986,2,2,0.08885,0.19852,0.71263
38070217,2,2,0.00162,0.01657,0.98181
35141464,1,0,0.63455,0.34906,0.01639
32109715,0,2,0.35949,0.2634,0.37711
16998349,2,2,0.00268,0.0135,0.98383
4310740,2,2,0.00146,0.01266,0.98589
32279204,2,2,0.00347,0.03385,0.96267
17529028,0,0,0.65278,0.33211,0.01511
39140496,2,2,0.01,0.10334,0.88665
41265825,0,0,0.95468,0.04336,0.00196
3946452,2,2,0.00258,0.03303,0.96438
8994272,0,2,0.09193,0.16785,0.74022
34110839,0,0,0.98594,0.01241,0.00165
16441531,0,0,0.95635,0.04105,0.0026
2206257,2,2,0.00197,0.00668,0.99135
21001970,2,2,0.00153,0.01448,0.98399
32168069,2,2,0.00548,0.07211,0.92241
19728244,0,0,0.49301,0.49301,0.01399
14263919,2,2,0.0019,0.01528,0.98283
14995619,1,0,0.62648,0.35696,0.01657
28158749,0,0,0.82364,0.17063,0.00573
28952069,2,2,0.00257,0.00738,0.99004
28555859,2,2,0.00128,0.00577,0.99296
16921048,2,2,0.00254,0.02013,0.97734
29190745,2,2,0.00134,0.0076,0.99107
23667035,0,0,0.93896,0.05824,0.00281
6029662,0,0,0.84628,0.13588,0.01784
8161169,0,0,0.78872,0.2002,0.01108
13323323,1,1,0.45141,0.53189,0.0167
39839684,1,1,0.0304,0.70283,0.26677
20891967,2,2,0.01712,0.1706,0.81228
22311894,0,0,0.78868,0.20334,0.00798
35101527,2,2,0.00284,0.0155,0.98166
29021487,2,2,0.00151,0.01185,0.98664
7832176,2,2,0.00147,0.00787,0.99067
3328342,0,0,0.93571,0.06029,0.00401
35888047,2,2,0.00109,0.00559,0.99332
5953004,2,2,0.01353,0.06015,0.92632
37374814,2,2,0.00272,0.0286,0.96868
17920820,2,2,0.00122,0.00711,0.99167
10016995,0,0,0.83799,0.15441,0.0076
32790004,1,1,0.27447,0.63815,0.08738
32941066,2,2,0.00145,0.00663,0.99192
31080477,0,0,0.94684,0.04995,0.00321
8071122,2,2,0.00109,0.00745,0.99146
29916066,0,0,0.88198,0.11301,0.005
20183043,2,2,0.01147,0.03346,0.95507
2081296,2,2,0.00134,0.00618,0.99248
13260055,2,2,0.0046,0.09032,0.90508
20103613,0,0,0.89249,0.10331,0.0042
1465888,2,2,0.00328,0.01206,0.98466
17537623,2,2,0.00425,0.04949,0.94626
30429313,0,0,0.96288,0.03386,0.00326
34045736,2,2,0.0025,0.01922,0.97828
8552846,2,2,0.00164,0.00467,0.99369
1783821,2,2,0.0045,0.02331,0.97218
8410803,2,2,0.00124,0.00614,0.99263
31328444,1,1,0.4585,0.51955,0.02195
12016627,0,1,0.36536,0.60948,0.02516
29985446,0,0,0.9879,0.00953,0.00257
36820818,0,0,0.85054,0.14382,0.00564
21418257,2,2,0.00138,0.00555,0.99307
1598580,2,2,0.00126,0.00725,0.99149
28938554,2,2,0.00161,0.00973,0.98866
20308159,2,2,0.00176,0.01003,0.9882
5571066,1,0,0.658,0.32446,0.01754
10720017,1,1,0.2017,0.53349,0.26481
24383154,2,2,0.0047,0.07029,0.925
30385303,0,0,0.77245,0.21283,0.01471
26728293,2,2,0.00206,0.01217,0.98577
2620559,0,0,0.98517,0.01235,0.00248
39623298,2,2,0.00181,0.0133,0.98488
28331716,0,0,0.60821,0.36746,0.02433
32490286,0,0,0.93508,0.06149,0.00343
38693830,0,0,0.98519,0.01325,0.00155
41170964,2,2,0.00454,0.01495,0.98051
31399847,0,0,0.97977,0.01653,0.0037
27739282,1,0,0.52885,0.45947,0.01168
11876535,2,2,0.00528,0.0347,0.96002
3803693,2,2,0.07892,0.15452,0.76655
35330686,1,1,0.12365,0.76935,0.10701
5543113,2,2,0.00208,0.01487,0.98305
37332607,2,2,0.00185,0.00745,0.9907
35348707,2,2,0.00408,0.01196,0.98396
10959729,2,2,0.00592,0.11508,0.879
36270146,0,0,0.97909,0.01924,0.00167
9378801,2,2,0.00193,0.01453,0.98354
14393203,0,0,0.98324,0.01436,0.0024
29396968,2,2,0.10005,0.12524,0.77472
39785379,2,2,0.00355,0.01328,0.98318
19568113,2,2,0.00427,0.08844,0.90729
18975792,2,0,0.94148,0.05496,0.00356
19898274,2,2,0.00137,0.01004,0.98859
16544865,2,2,0.00138,0.00559,0.99303
22571046,2,2,0.00191,0.01027,0.98782
29755351,2,2,0.00156,0.00739,0.99105
19289758,0,0,0.94284,0.05493,0.00223
4721011,0,0,0.8181,0.17555,0.00634
20059241,2,2,0.0012,0.00772,0.99109
12493526,2,2,0.01977,0.10612,0.87411
32548668,2,2,0.00166,0.0084,0.98994
22899099,2,2,0.0012,0.00609,0.99271
17158092,2,2,0.00292,0.01936,0.97771
29610558,0,0,0.65372,0.33651,0.00977
8204341,2,2,0.00158,0.00929,0.98913
32036686,2,2,0.00163,0.01145,0.98693
22675424,2,2,0.00114,0.00619,0.99267
30484937,2,2,0.00197,0.00849,0.98953
7516636,1,0,0.72749,0.26245,0.01006
28513638,2,2,0.00542,0.13818,0.8564
28074560,2,2,0.01193,0.11164,0.87643
37050071,2,2,0.00461,0.03036,0.96503
29290063,2,2,0.00316,0.03342,0.96342
1762229,2,2,0.00118,0.00595,0.99287
35719552,0,0,0.98694,0.01136,0.00171
24825230,2,2,0.00152,0.00609,0.9924
20496566,2,2,0.00142,0.00915,0.98943
14024048,2,2,0.00218,0.01551,0.98231
3646544,2,2,0.00662,0.05529,0.93808
18176205,2,2,0.00116,0.00546,0.99337
29694949,0,0,0.74032,0.23662,0.02307
18966264,1,1,0.1891,0.63972,0.17117
27647375,2,2,0.00335,0.02273,0.97392
24621843,0,0,0.88678,0.10863,0.00458
7091327,2,2,0.0041,0.05252,0.94337
8424069,2,2,0.00155,0.01275,0.98569
3496487,2,2,0.00122,0.00709,0.9917
16906294,2,2,0.0012,0.00609,0.99271
37968524,2,2,0.00106,0.00513,0.99381
11882675,0,1,0.13415,0.82096,0.04489
34252949,2,2,0.00232,0.0163,0.98138
27107574,2,2,0.00208,0.03347,0.96445
32144645,2,2,0.00255,0.01414,0.98331
26453765,0,0,0.54979,0.43154,0.01867
39691240,2,1,0.01718,0.64969,0.33313
16482432,2,2,0.00197,0.00673,0.99129
41536989,0,1,0.24111,0.73978,0.01911
15633905,2,2,0.01967,0.30294,0.67738
39264380,2,2,0.0037,0.01799,0.97831
16717662,0,0,0.98043,0.01764,0.00192
3592524,0,0,0.69619,0.2737,0.03011
19919687,0,0,0.95337,0.0447,0.00193
13650846,2,2,0.01108,0.01468,0.97424
16338153,2,2,0.00203,0.02456,0.97341
20821733,2,2,0.00242,0.02292,0.97466
3335048,2,2,0.00135,0.01167,0.98698
7885118,2,2,0.00378,0.02641,0.96981
38777796,2,1,0.02627,0.60253,0.37121
23657960,0,0,0.9643,0.03389,0.0018
6609535,2,2,0.0024,0.01255,0.98505
23609775,2,2,0.06236,0.08008,0.85756
39267531,2,2,0.00156,0.01059,0.98785
24824567,2,0,0.70358,0.25482,0.0416
17806068,2,1,0.09392,0.60292,0.30317
41268118,0,2,0.2714,0.23476,0.49384
3064228,2,2,0.02309,0.26424,0.71268
18157397,2,2,0.00259,0.01773,0.97968
20376254,2,2,0.00223,0.00904,0.98873
30160083,0,0,0.9872,0.01067,0.00213
32151320,2,2,0.03744,0.23941,0.72316
22827591,2,2,0.00241,0.0091,0.98848
37845618,2,2,0.00197,0.00817,0.98986
24244850,2,1,0.10248,0.72252,0.175
35457975,2,2,0.00339,0.01211,0.98451
27910316,2,2,0.00156,0.01004,0.98841
8984120,2,2,0.00138,0.00736,0.99126
35572547,2,2,0.00453,0.06271,0.93277
8668832,2,2,0.00146,0.01008,0.98846
22924893,2,2,0.00179,0.01377,0.98444
16068785,2,2,0.17159,0.28947,0.53895
33012749,2,2,0.00219,0.01135,0.98646
29217051,2,2,0.01247,0.20368,0.78385
31682681,0,0,0.69718,0.2784,0.02442
25156748,0,1,0.44867,0.53281,0.01852
1379767,2,2,0.00499,0.07293,0.92208
9936493,2,2,0.00178,0.01612,0.98209
33178142,2,2,0.00176,0.01015,0.98808
38601803,0,0,0.92949,0.0676,0.00291
16413357,2,2,0.00205,0.01734,0.98061
26071010,2,2,0.00673,0.01787,0.97541
21130711,2,2,0.00196,0.01208,0.98596
39585827,1,0,0.66961,0.3114,0.019
37518806,1,0,0.81922,0.16774,0.01304
36469837,0,0,0.95904,0.03902,0.00194
39159280,2,2,0.00196,0.0151,0.98294
29276747,1,1,0.30762,0.66929,0.02308
13333391,2,2,0.00208,0.01826,0.97966
14845168,2,2,0.00134,0.00568,0.99298
6124619,2,2,0.00884,0.11754,0.87362
39314427,2,2,0.00173,0.01295,0.98532
35694874,2,2,0.00179,0.01131,0.9869
24193230,2,2,0.00127,0.00831,0.99042
20294323,2,2,0.00191,0.00843,0.98966
34892755,0,0,0.93245,0.06414,0.00342
41506602,0,0,0.98022,0.01816,0.00162
11746732,2,2,0.00166,0.00768,0.99066
38122124,2,2,0.0013,0.0059,0.9928
31959581,0,0,0.48419,0.45843,0.05738
1220722,2,2,0.00142,0.00684,0.99174
19849804,0,0,0.91311,0.08232,0.00457
902616,2,2,0.01605,0.32751,0.65644
12323391,0,0,0.74346,0.25,0.00653
37967391,2,2,0.0044,0.01553,0.98007
16525559,2,2,0.00289,0.01486,0.98225
22997707,2,2,0.00109,0.00669,0.99222
16657352,2,2,0.0036,0.04399,0.95241
31527960,2,2,0.00338,0.04334,0.95327
33122344,2,2,0.00269,0.02363,0.97368
596368,2,2,0.00158,0.01114,0.98728
20693292,2,2,0.00244,0.01371,0.98385
29163194,0,0,0.98367,0.01488,0.00146
4667562,0,0,0.55073,0.42391,0.02536
40035028,2,2,0.0033,0.02357,0.97314
8408634,0,0,0.96859,0.02974,0.00168
8027653,2,2,0.01005,0.07859,0.91136
13929153,2,2,0.00446,0.0322,0.96334
30852563,2,2,0.00126,0.00486,0.99388
35214339,0,0,0.85808,0.13577,0.00615
29842457,2,2,0.00171,0.00739,0.9909
28457571,0,0,0.96066,0.03692,0.00242
2250396,2,2,0.00114,0.00651,0.99235
34405533,2,2,0.00144,0.01204,0.98653
35627709,0,0,0.97243,0.02512,0.00245
27770455,2,2,0.00124,0.00706,0.99171
22478485,2,2,0.00158,0.0119,0.98652
13646452,2,2,0.00265,0.02535,0.972
13996422,2,2,0.00204,0.02145,0.97651
30510728,2,2,0.00182,0.01097,0.98721
39901872,2,2,0.00233,0.01184,0.98583
27741601,2,2,0.00163,0.00876,0.9896
5800865,0,1,0.20973,0.75676,0.03351
5699413,2,2,0.00173,0.01377,0.9845
4189628,2,2,0.00386,0.00704,0.9891
12218111,2,2,0.0023,0.02595,0.97175
21267762,2,2,0.00122,0.00778,0.99101
1737045,2,2,0.00161,0.00929,0.9891
8876919,2,2,0.00111,0.00498,0.99391
25359510,1,1,0.0801,0.82175,0.09814
14155107,2,2,0.0026,0.01135,0.98605
29930558,2,2,0.0018,0.00805,0.99016
22815939,2,2,0.01261,0.13718,0.85021
37916579,2,2,0.00533,0.09894,0.89573
7738100,2,2,0.03577,0.12426,0.83997
40733743,2,2,0.05497,0.09517,0.84986
26933397,1,2,0.07423,0.22698,0.69879
12829924,2,2,0.0029,0.01235,0.98475
28971946,2,2,0.00133,0.00962,0.98905
18765630,0,0,0.98728,0.01034,0.00237
20476334,2,2,0.00171,0.01059,0.9877
25276640,2,2,0.00166,0.01076,0.98758
21559711,2,2,0.00149,0.00985,0.98867
26470082,0,0,0.9393,0.0578,0.0029
9907114,2,2,0.00125,0.0088,0.98994
3718876,2,2,0.00126,0.00648,0.99226
13772321,2,2,0.00179,0.0134,0.98481
30179649,2,2,0.00127,0.00781,0.99092
5549128,2,2,0.00206,0.01212,0.98582
27186678,2,2,0.00227,0.02128,0.97645
382483,2,2,0.00106,0.00706,0.99188
20370645,2,2,0.00474,0.06365,0.93162
34065708,2,2,0.00106,0.00572,0.99322
25861429,2,2,0.00248,0.0143,0.98322
36640012,0,0,0.98817,0.0098,0.00203
2615377,2,2,0.00332,0.04669,0.94998
29767245,2,2,0.0071,0.01856,0.97434
26388540,2,2,0.00418,0.01986,0.97596
22405379,0,0,0.96131,0.03666,0.00204
21276495,2,2,0.0024,0.01593,0.98167
14287585,2,2,0.0024,0.01575,0.98186
16270657,2,2,0.00155,0.01356,0.98488
37663642,2,2,0.0891,0.16197,0.74893
21218324,2,2,0.00113,0.00656,0.99232
6323957,2,2,0.00163,0.01265,0.98572
10997981,2,2,0.00357,0.03582,0.96061
1685545,2,2,0.019,0.25122,0.72978
24560195,0,0,0.98021,0.01838,0.00141
11524621,2,0,0.57907,0.38274,0.03819
39746949,2,2,0.0012,0.00802,0.99078
23278806,2,2,0.01083,0.05895,0.93022
27333554,0,0,0.79421,0.17687,0.02893
25993500,0,0,0.79946,0.19063,0.00991
17597436,2,2,0.00323,0.01462,0.98215
12575115,2,2,0.00124,0.00703,0.99173
22678533,2,2,0.00339,0.04206,0.95456
34702451,1,1,0.30857,0.66873,0.0227
20595466,2,2,0.00229,0.01637,0.98135
24273017,0,0,0.73511,0.25504,0.00985
30081808,2,2,0.00125,0.00751,0.99124
27851837,2,2,0.00338,0.02905,0.96757
10429781,2,2,0.00126,0.00546,0.99328
7580956,2,2,0.00148,0.01432,0.9842
21946315,0,0,0.80313,0.1878,0.00906
39922212,0,0,0.80407,0.1895,0.00643
4131971,0,0,0.81406,0.17953,0.00641
25151703,1,2,0.0213,0.46261,0.51608
26020667,0,0,0.78815,0.204,0.00785
2078215,0,0,0.69385,0.2961,0.01005
30410811,2,2,0.00151,0.01027,0.98822
33973217,2,2,0.00465,0.02193,0.97342
17594240,0,0,0.93238,0.0647,0.00292
38192281,2,2,0.00205,0.01714,0.98081
14133148,2,2,0.00129,0.00933,0.98938
2183454,2,2,0.00479,0.06796,0.92725
38213258,2,2,0.00144,0.00901,0.98955
38955699,2,2,0.03469,0.06356,0.90175
41435537,2,2,0.00176,0.01199,0.98625
33734271,2,2,0.00184,0.0133,0.98486
33523424,2,2,0.00118,0.00728,0.99154
35689498,2,2,0.00114,0.00633,0.99252
25262711,2,2,0.00142,0.00542,0.99316
708078,2,2,0.01646,0.29985,0.68369
24775144,2,2,0.00112,0.00808,0.99079
12053211,2,2,0.00126,0.00668,0.99206
30935761,2,2,0.00299,0.02878,0.96823
39707636,0,0,0.89227,0.10208,0.00565
41407166,2,2,0.0018,0.00799,0.99022
25781821,2,2,0.00142,0.01027,0.98831
28302393,2,2,0.00133,0.01266,0.98601
3940909,2,1,0.05335,0.73647,0.21018
19758179,2,2,0.00437,0.03783,0.9578
9686910,2,2,0.00187,0.0151,0.98303
4653378,2,2,0.00542,0.09772,0.89686
5126617,2,2,0.01444,0.09933,0.88623
34079002,2,2,0.00207,0.00811,0.98983
24437416,0,1,0.44474,0.50003,0.05523
39123197,2,0,0.57843,0.37934,0.04223
18947910,2,2,0.05159,0.09601,0.8524
8879360,2,2,0.00169,0.00716,0.99115
21160450,2,2,0.00153,0.01171,0.98675
32270078,2,2,0.00131,0.00873,0.98995
13192373,2,2,0.01696,0.10635,0.87669
4720788,2,2,0.00211,0.0184,0.97949
32799640,2,2,0.00146,0.01502,0.98352
31904455,1,1,0.0799,0.79755,0.12255
4927198,2,2,0.00252,0.04194,0.95554
10718774,2,1,0.02039,0.73596,0.24364
38246885,2,2,0.00107,0.00633,0.99259
19233527,2,2,0.00218,0.01557,0.98225
1746771,2,2,0.00152,0.01695,0.98152
32366023,2,2,0.00126,0.00745,0.99129
22543885,0,1,0.35065,0.62511,0.02424
1501420,2,2,0.00248,0.01054,0.98697
15612046,0,0,0.82153,0.1722,0.00627
35066057,2,2,0.00146,0.00955,0.98899
23358333,2,2,0.00213,0.00722,0.99065
12492146,2,2,0.00264,0.02614,0.97122
12763137,0,0,0.79033,0.20061,0.00906
10497575,2,2,0.00358,0.01834,0.97808
1783031,0,0,0.85754,0.13836,0.0041
9986075,0,1,0.24806,0.70115,0.05079
32197039,0,0,0.63891,0.35009,0.01099
8631727,0,0,0.98785,0.00896,0.00319
38245953,2,2,0.00563,0.01695,0.97742
37007057,0,0,0.88999,0.10363,0.00638
30793524,2,2,0.00405,0.03471,0.96124
21476065,2,2,0.00325,0.02134,0.97541
2568729,2,2,0.00131,0.0079,0.99079
19534285,2,2,0.00225,0.01624,0.98151
20912278,2,2,0.00216,0.02428,0.97356
23440192,2,2,0.00239,0.01655,0.98105
22532897,2,2,0.00851,0.09588,0.89561
40103256,2,2,0.00125,0.01127,0.98748
9780563,2,2,0.00115,0.0049,0.99395
5719161,0,0,0.90956,0.08661,0.00384
5789620,2,1,0.37,0.60057,0.02944
12659988,2,1,0.02249,0.53634,0.44118
9313881,2,2,0.00114,0.00745,0.9914
39043044,2,2,0.00415,0.04262,0.95323
17448836,2,2,0.00187,0.01675,0.98138
39197087,0,0,0.8918,0.10527,0.00293
14437765,2,2,0.00437,0.03633,0.95929
26220439,0,0,0.98643,0.01194,0.00163
26959211,2,2,0.00215,0.03205,0.96581
24660866,2,2,0.0017,0.0133,0.98499
1830853,2,2,0.00125,0.00919,0.98956
11859123,2,2,0.00111,0.00534,0.99355
36174635,2,2,0.00414,0.0139,0.98196
11435982,2,2,0.02181,0.06512,0.91307
11234203,2,2,0.00127,0.0108,0.98792
1175070,1,0,0.91304,0.0828,0.00416
29609784,2,2,0.00151,0.00936,0.98913
40941085,2,2,0.00156,0.00658,0.99186
34446294,0,1,0.41061,0.55905,0.03033
39904770,2,2,0.00118,0.00623,0.99259
22367892,2,2,0.00286,0.0091,0.98804
22511330,0,0,0.71996,0.26486,0.01518
17041285,2,2,0.00191,0.007,0.99109
26260154,2,2,0.01909,0.26456,0.71635
810115,2,2,0.00122,0.00787,0.99092
20347592,2,2,0.0084,0.10803,0.88357
40238450,2,2,0.0014,0.00877,0.98984
28197901,2,2,0.00165,0.01546,0.98289
6454916,0,0,0.88259,0.11199,0.00541
31733047,1,0,0.54933,0.42615,0.02452
28186130,1,1,0.07129,0.86174,0.06697
39197668,2,2,0.00142,0.00765,0.99092
33129946,0,2,0.17159,0.28947,0.53895
3654698,2,2,0.00125,0.00853,0.99021
6271298,2,2,0.00287,0.00642,0.99071
30562181,0,0,0.97099,0.02699,0.00203
24116605,0,0,0.89696,0.09908,0.00396
33351627,2,2,0.00112,0.00778,0.9911
2651015,0,0,0.98313,0.0105,0.00637
19171916,2,2,0.08558,0.2413,0.67312
1481045,0,0,0.60954,0.36683,0.02363
18410642,2,2,0.00403,0.02537,0.97061
1095255,2,2,0.00185,0.00853,0.98962
16371557,2,2,0.00246,0.01948,0.97805
5872778,0,0,0.54846,0.43727,0.01428
25127389,2,2,0.01208,0.22269,0.76522
32893451,2,2,0.00149,0.01076,0.98775
347115,2,2,0.01045,0.02658,0.96297
14225636,2,2,0.00256,0.02545,0.97198
26386033,2,2,0.00193,0.01212,0.98594
18995947,2,2,0.00504,0.01932,0.97564
33346055,2,2,0.00237,0.01015,0.98748
12817346,1,2,0.20895,0.20331,0.58774
28133062,2,2,0.00897,0.09064,0.90039
13235957,2,2,0.00219,0.01113,0.98667
26786739,2,2,0.00125,0.00904,0.9897
32345953,2,2,0.0014,0.00609,0.99251
13297485,0,0,0.83103,0.15554,0.01343
4527351,2,2,0.00525,0.03936,0.95539
23877066,2,2,0.00191,0.00853,0.98956
19207882,2,2,0.0021,0.00517,0.99273
9593580,2,2,0.0023,0.02323,0.97446
5373202,2,2,0.00116,0.00703,0.99181
2193153,2,2,0.00192,0.01858,0.9795
40281270,2,2,0.00114,0.00929,0.98957
18477713,0,0,0.96787,0.02995,0.00218
12391348,2,2,0.00114,0.00679,0.99207
15275588,2,2,0.00162,0.01796,0.98042
6448538,2,1,0.01641,0.51866,0.46492
32078059,2,2,0.05929,0.18378,0.75693
35900384,2,2,0.00118,0.006,0.99282
13252111,2,2,0.00124,0.00682,0.99195
30896773,2,2,0.00399,0.03597,0.96004
38260787,2,2,0.00129,0.00926,0.98945
34254637,2,2,0.01361,0.22573,0.76066
14467658,2,2,0.00345,0.0688,0.92775
37683058,2,2,0.00145,0.00689,0.99166
37322812,0,0,0.97619,0.02234,0.00147
34733000,2,2,0.00234,0.00896,0.9887
2952445,2,2,0.00176,0.01039,0.98785
28899997,2,2,0.04204,0.32052,0.63743
24931860,2,0,0.57445,0.3042,0.12136
31222964,2,2,0.00366,0.02915,0.96719
13886525,0,0,0.96899,0.02872,0.00229
30962537,2,2,0.00127,0.00911,0.98961
3441834,2,2,0.00129,0.00837,0.99034
5942365,2,2,0.0016,0.01383,0.98457
15257237,2,2,0.00113,0.00728,0.99159
23771427,2,2,0.00185,0.01011,0.98804
8303971,2,2,0.00645,0.0949,0.89865
32840308,0,0,0.75142,0.24017,0.00841
28272332,2,2,0.00591,0.1695,0.82459
7667037,2,2,0.00338,0.04369,0.95293
5999302,2,2,0.00193,0.03018,0.96789
31837494,0,0,0.90023,0.09433,0.00544
19190669,2,2,0.00217,0.00642,0.99141
26953679,0,0,0.97191,0.02644,0.00166
18875963,0,0,0.71658,0.27412,0.00931
17715258,2,2,0.0046,0.0471,0.9483
14852945,2,2,0.00117,0.01097,0.98785
33075990,2,1,0.2182,0.74687,0.03493
15232809,2,2,0.05269,0.12952,0.81779
14677395,2,2,0.00125,0.00808,0.99066
779297,2,2,0.03008,0.34161,0.62831
592981,2,2,0.00142,0.01047,0.98811
33915117,0,0,0.77193,0.21688,0.01118
11367776,2,2,0.00171,0.00907,0.98921
16813195,2,1,0.01607,0.56634,0.41759
25595428,2,2,0.00549,0.05745,0.93707
5120645,2,2,0.00199,0.01533,0.98268
6699236,2,2,0.01375,0.12209,0.86416
9125260,2,2,0.17159,0.28947,0.53895
29912546,0,0,0.92045,0.07585,0.0037
38678852,2,2,0.01267,0.22731,0.76002
312522,2,2,0.00166,0.00765,0.99069
9745045,2,2,0.00292,0.02193,0.97516
8477891,0,0,0.93971,0.05777,0.00252
25783309,2,2,0.00181,0.01482,0.98337
40623843,2,2,0.00336,0.01928,0.97736
9764076,2,2,0.17159,0.28947,0.53895
25953343,2,1,0.26848,0.68559,0.04593
25415187,2,2,0.00125,0.01072,0.98803
22299816,1,1,0.36411,0.61696,0.01892
5897024,2,1,0.14945,0.80479,0.04576
27657873,1,0,0.80951,0.18204,0.00845
21699019,2,2,0.00131,0.0102,0.98849
39535088,2,2,0.00176,0.01231,0.98593
32019345,2,2,0.00131,0.00818,0.99051
32385775,1,0,0.57716,0.40927,0.01357
9657653,2,2,0.0025,0.02083,0.97667
12076631,0,0,0.88855,0.10758,0.00387
12081716,2,2,0.00156,0.00908,0.98936
2997034,2,2,0.00331,0.07852,0.91817
4718252,2,2,0.02131,0.16633,0.81235
23970590,0,0,0.85783,0.13362,0.00854
15574760,0,0,0.96549,0.03256,0.00195
5491226,2,2,0.00171,0.01217,0.98612
9432144,2,2,0.00305,0.00938,0.98757
6777094,1,1,0.10657,0.84318,0.05024
17370704,2,2,0.00407,0.04528,0.95064
19926055,0,0,0.96492,0.03294,0.00214
36674893,2,2,0.002,0.02447,0.97353
28956232,2,2,0.0019,0.01409,0.98401
5582890,0,0,0.90824,0.08853,0.00322
37035411,2,2,0.00164,0.00774,0.99062
19397149,2,2,0.00256,0.02744,0.97
26728694,2,2,0.00111,0.00551,0.99338
10832197,2,2,0.00126,0.00619,0.99256
7390517,1,2,0.17825,0.2791,0.54265
13641272,2,2,0.00129,0.00897,0.98973
25779314,2,2,0.00147,0.00653,0.992
4506438,2,2,0.00498,0.03093,0.96409
8771196,1,0,0.70769,0.2826,0.00971
24609357,2,2,0.00473,0.05068,0.94459
8574176,2,2,0.00184,0.01487,0.98329
40382177,2,1,0.06991,0.66854,0.26155
23371421,1,1,0.07604,0.88734,0.03662
32867738,0,0,0.54346,0.44704,0.0095
18307480,2,2,0.00151,0.00883,0.98965
33998285,0,1,0.29696,0.66659,0.03645
38777322,0,0,0.98737,0.01084,0.00179
33262502,2,2,0.00137,0.0106,0.98803
18590896,2,1,0.06015,0.85667,0.08318
13122619,1,1,0.20109,0.74533,0.05357
15215057,2,2,0.14722,0.23056,0.62223
8827839,2,2,0.00147,0.00618,0.99235
1640119,2,2,0.0023,0.01189,0.98582
13895681,2,2,0.00131,0.00922,0.98947
4783811,1,2,0.08597,0.23254,0.68149
25906825,2,2,0.00159,0.00711,0.9913
36407632,2,2,0.00198,0.01998,0.97804
27300513,2,2,0.01169,0.10245,0.88587
32044234,2,2,0.00539,0.0587,0.9359
17101916,2,2,0.0012,0.00623,0.99257
4478243,2,2,0.0024,0.01569,0.98192
34727828,2,2,0.00293,0.01617,0.9809
16441519,2,0,0.52737,0.44757,0.02505
32212914,1,0,0.97618,0.02221,0.00161
15757301,2,1,0.08367,0.85167,0.06466
21208121,0,0,0.96181,0.03588,0.00231
17532183,2,2,0.00538,0.00936,0.98526
14688569,1,1,0.05518,0.73249,0.21234
27980866,1,0,0.87444,0.12068,0.00488
34311887,2,2,0.00272,0.01503,0.98225
45205,1,1,0.26309,0.70681,0.0301
35983619,0,0,0.97911,0.01935,0.00154
29674314,2,2,0.00251,0.01498,0.98251
2218560,2,2,0.00704,0.04156,0.9514
33683041,2,2,0.00216,0.01212,0.98572
4014531,0,0,0.98407,0.01443,0.0015
41411245,0,0,0.93577,0.0616,0.00263
14226714,2,2,0.00109,0.00641,0.9925
14251444,0,0,0.57921,0.40436,0.01643
23012375,0,0,0.50387,0.4808,0.01533
20047394,2,2,0.00131,0.0089,0.98978
11835528,0,0,0.80423,0.18953,0.00624
19662467,2,2,0.00185,0.00876,0.98939
28397134,0,0,0.97077,0.02732,0.0019
16903144,0,1,0.16413,0.81023,0.02564
15363446,2,2,0.00249,0.00943,0.98809
26573841,2,2,0.00237,0.00946,0.98816
15204212,2,0,0.5476,0.44001,0.01239
26622761,0,1,0.14246,0.82939,0.02816
9146144,0,1,0.21672,0.74906,0.03422
4637524,2,2,0.00122,0.00682,0.99197
37809583,1,1,0.27359,0.68113,0.04528
4223964,0,0,0.49973,0.48059,0.01968
22938505,2,2,0.03523,0.07725,0.88752
25551942,2,2,0.0014,0.00977,0.98883
28133059,2,2,0.00131,0.0076,0.99109
18455006,2,2,0.00424,0.03556,0.9602
12546767,2,2,0.00181,0.01534,0.98285
27977601,0,0,0.55715,0.37552,0.06733
19733798,2,2,0.002,0.01127,0.98674
18090219,2,2,0.00618,0.03307,0.96075
25572745,2,2,0.00272,0.01294,0.98434
18239438,1,0,0.78845,0.20013,0.01142
36803650,2,2,0.00244,0.01414,0.98342
6998555,2,2,0.00133,0.01154,0.98713
8336880,2,2,0.00111,0.00656,0.99233
17625649,0,0,0.8645,0.13103,0.00447
22445083,0,0,0.72096,0.27152,0.00752
10578261,2,2,0.00151,0.00762,0.99086
8651397,2,2,0.00144,0.0132,0.98536
7450691,2,2,0.00171,0.01241,0.98588
14483853,2,2,0.00131,0.0083,0.99038
18421762,2,2,0.00265,0.0095,0.98786
32687580,2,2,0.00148,0.01585,0.98267
23986443,0,0,0.98065,0.01807,0.00128
12784354,2,2,0.00324,0.05642,0.94035
27158473,0,0,0.76942,0.22479,0.00578
17138937,2,2,0.00168,0.01004,0.98828
31194650,0,0,0.78031,0.20838,0.01131
20463503,2,2,0.00361,0.01005,0.98633
28934104,0,0,0.9865,0.01171,0.00179
41483093,0,0,0.95651,0.03933,0.00416
40089682,0,0,0.97521,0.02285,0.00194
25040494,2,2,0.00156,0.00853,0.98991
3076521,2,2,0.05309,0.31518,0.63173
1085419,2,2,0.00565,0.1155,0.87884
6007319,1,1,0.26281,0.66071,0.07648
18670127,2,2,0.01172,0.04238,0.9459
10327970,0,0,0.9144,0.0826,0.003
20132518,2,2,0.00799,0.12407,0.86794
24224710,0,0,0.98108,0.01735,0.00157
24389906,2,2,0.00169,0.00663,0.99168
14947558,2,2,0.00158,0.01149,0.98693
41437423,0,0,0.97951,0.01887,0.00162
23701654,2,2,0.0024,0.01371,0.98389
19353563,0,0,0.74973,0.23135,0.01892
39594614,2,2,0.00173,0.01631,0.98196
26540781,2,2,0.00256,0.0101,0.98733
36500456,0,0,0.98737,0.00968,0.00295
11192255,2,2,0.02256,0.23049,0.74695
26797771,0,0,0.68084,0.31171,0.00745
31910305,2,2,0.03111,0.12156,0.84733
6323318,2,2,0.00223,0.02522,0.97255
37220008,2,1,0.11912,0.84152,0.03936
1392938,0,0,0.83644,0.15412,0.00944
28019199,0,0,0.8226,0.17243,0.00497
25038182,2,2,0.00153,0.01241,0.98606
16398028,2,2,0.00318,0.0117,0.98512
16064375,2,2,0.0151,0.02865,0.95625
35836833,2,2,0.00109,0.00763,0.99128
12881396,1,1,0.40889,0.56548,0.02563
15963515,2,2,0.00245,0.00995,0.9876
36146370,2,2,0.0012,0.00911,0.98969
38567571,1,1,0.04001,0.76685,0.19314
23110062,0,0,0.97546,0.02223,0.00231
3880045,0,0,0.96746,0.03056,0.00199
7130148,2,2,0.00114,0.0069,0.99196
37651405,1,0,0.88882,0.101,0.01019
9283730,2,2,0.00267,0.01544,0.98188
16321519,0,0,0.50239,0.43991,0.0577
16240643,2,2,0.00314,0.01002,0.98684
12209959,1,1,0.32172,0.55806,0.12022
9627503,2,2,0.02442,0.15431,0.82127
21428502,2,2,0.01279,0.06953,0.91768
18547504,2,2,0.00494,0.02304,0.97202
1343066,2,1,0.33176,0.58913,0.07911
8965231,2,2,0.00162,0.01705,0.98133
17235790,2,2,0.00129,0.00918,0.98952
21521222,2,2,0.00136,0.00684,0.9918
15491398,2,2,0.00213,0.00792,0.98995
11933077,2,2,0.00255,0.017,0.98045
16914363,2,2,0.00188,0.01031,0.98781
17381668,2,2,0.00671,0.11419,0.8791
30402301,2,2,0.00196,0.01382,0.98422
18874555,0,0,0.92874,0.06781,0.00346
29036877,0,0,0.95545,0.0425,0.00206
18764723,2,2,0.00124,0.00671,0.99205
26084947,2,2,0.0019,0.01198,0.98611
33583407,2,2,0.00138,0.00538,0.99324
4258047,2,2,0.00151,0.01227,0.98622
5706189,2,2,0.00141,0.01534,0.98325
11259740,1,2,0.17159,0.28947,0.53895
268566,2,2,0.0012,0.00555,0.99325
27158282,0,0,0.97589,0.02242,0.00169
9363509,2,2,0.00116,0.00717,0.99167
4568758,2,2,0.002,0.01157,0.98643
16672555,2,2,0.0016,0.01176,0.98664
27821903,2,2,0.00772,0.14066,0.85162
20132049,2,2,0.00173,0.01351,0.98476
36861739,0,0,0.978,0.02062,0.00138
15488321,0,1,0.46068,0.51393,0.02539
17824411,2,2,0.00627,0.06245,0.93127
36981973,2,2,0.00173,0.01588,0.98239
3764134,2,2,0.00168,0.01217,0.98615
23907594,2,2,0.00113,0.00586,0.99301
18914078,2,2,0.00146,0.01051,0.98802
22457583,1,1,0.09457,0.85952,0.04591
8664925,2,2,0.00138,0.00734,0.99129
38041068,2,2,0.00147,0.00538,0.99315
10796879,1,1,0.07594,0.88277,0.04129
24332176,2,2,0.00144,0.01,0.98856
37884848,2,2,0.00231,0.02032,0.97736
29217900,0,0,0.66965,0.3213,0.00904
25800629,2,2,0.00122,0.00709,0.9917
15829159,2,2,0.0037,0.06114,0.93516
16428507,2,2,0.00264,0.01419,0.98318
10713292,0,0,0.96793,0.02998,0.00208
29574778,2,2,0.00136,0.00525,0.99339
34729719,2,1,0.20818,0.64691,0.14491
10712917,2,2,0.02956,0.25434,0.7161
14625373,2,2,0.00138,0.00901,0.98962
33559122,2,2,0.00113,0.00734,0.99154
31632616,2,2,0.00295,0.00998,0.98706
21380334,0,0,0.96029,0.03747,0.00224
325942,2,2,0.0012,0.00559,0.99321
24004681,2,2,0.00297,0.04817,0.94885
27246300,2,2,0.00144,0.01097,0.98759
20437310,2,2,0.00156,0.00555,0.99289
31877313,2,2,0.00133,0.00955,0.98912
10485715,2,2,0.00676,0.13477,0.85847
19384995,2,2,0.00221,0.01916,0.97864
29969814,1,0,0.62953,0.35039,0.02008
26346696,1,1,0.10234,0.84528,0.05237
38654210,2,2,0.00183,0.00505,0.99312
2119591,2,2,0.02248,0.10703,0.87049
25467276,2,2,0.00662,0.04073,0.95265
2912649,2,2,0.00398,0.03837,0.95766
29267092,2,2,0.00155,0.01194,0.9865
4647669,2,0,0.8989,0.08988,0.01123
7553192,2,1,0.09659,0.68102,0.22239
24156265,2,2,0.00142,0.00757,0.99101
41460285,0,0,0.92804,0.06896,0.003
15128193,2,2,0.00161,0.00658,0.99181
6452743,2,2,0.03067,0.23201,0.73732
14369182,1,1,0.18343,0.7937,0.02287
12613429,2,1,0.36755,0.5715,0.06095
29313169,0,0,0.96283,0.03548,0.00169
13141649,0,0,0.78115,0.21107,0.00778
17279615,2,1,0.10518,0.85688,0.03794
37601808,2,1,0.26032,0.70486,0.03482
40280087,0,0,0.88257,0.11353,0.0039
16638796,0,0,0.98653,0.01194,0.00153
8165390,2,2,0.00128,0.00505,0.99367
5306407,2,2,0.00357,0.05171,0.94472
10644902,1,1,0.07696,0.84698,0.07606
6264864,2,2,0.00304,0.01303,0.98393
16959578,2,2,0.00443,0.05277,0.94279
13106560,0,0,0.97632,0.02221,0.00147
29745217,2,2,0.02599,0.02877,0.94524
28927619,0,0,0.89546,0.10126,0.00328
28710291,2,2,0.0035,0.01045,0.98605
7553577,2,2,0.00109,0.00564,0.99327
10040904,2,2,0.00132,0.00563,0.99305
11680872,2,2,0.00208,0.01757,0.98035
11486498,2,2,0.00992,0.03202,0.95806
29145064,2,2,0.00118,0.00847,0.99035
31688694,2,2,0.019,0.0583,0.9227
17845476,0,0,0.93675,0.06107,0.00218
4482692,1,0,0.82287,0.17114,0.00599
11701897,2,2,0.00245,0.02619,0.97136
2640916,2,2,0.00118,0.00717,0.99165
4682727,2,2,0.00737,0.01995,0.97268
40389034,0,0,0.92047,0.07534,0.0042
41403206,2,2,0.00519,0.0359,0.95891
36789056,0,1,0.24207,0.67034,0.08759
36761827,2,2,0.00108,0.00604,0.99288
4318884,0,0,0.66524,0.32169,0.01307
9102092,2,2,0.00118,0.00568,0.99314
5375123,2,2,0.00444,0.06719,0.92838
36608990,0,0,0.98501,0.01299,0.00199
26680978,2,2,0.00974,0.31266,0.6776
35940668,1,1,0.03625,0.78724,0.17652
38818823,2,2,0.00156,0.00525,0.99318
25613901,2,2,0.0014,0.00933,0.98928
14794199,0,0,0.96061,0.03614,0.00325
39823024,2,2,0.00393,0.06306,0.93301
15970306,1,1,0.01884,0.5953,0.38586
6143111,2,2,0.00333,0.06022,0.93646
34037537,1,2,0.01812,0.45648,0.5254
19455431,2,2,0.00181,0.01528,0.98291
40425549,0,0,0.92957,0.06773,0.00269
3645242,2,2,0.00111,0.006,0.99289
37044342,2,0,0.96506,0.03337,0.00157
25508129,0,0,0.98696,0.01122,0.00182
32885230,2,1,0.02589,0.63708,0.33703
14090343,2,2,0.03742,0.18113,0.78145
14640083,2,2,0.00168,0.0111,0.98722
21229571,2,2,0.00183,0.00739,0.99079
39898159,0,0,0.91769,0.07925,0.00306
1877218,2,2,0.00161,0.00933,0.98907
20661753,2,2,0.00176,0.01055,0.98768
20098505,2,2,0.00173,0.01382,0.98444
24711368,1,0,0.69216,0.29194,0.0159
15258338,0,0,0.96828,0.02935,0.00236
24408437,2,2,0.00235,0.01982,0.97783
38829825,2,2,0.00519,0.022,0.97281
40194589,0,0,0.52276,0.34351,0.13373
21749219,0,0,0.57549,0.40019,0.02432
28508763,2,2,0.00128,0.00648,0.99224
40213252,0,0,0.94908,0.04825,0.00267
5767500,2,2,0.002,0.00853,0.98947
12250361,2,2,0.00158,0.0132,0.98522
39973474,2,2,0.00124,0.00653,0.99223
40474228,2,2,0.00144,0.00962,0.98894
41163746,2,2,0.00216,0.01171,0.98614
15131314,2,1,0.26887,0.71394,0.01719
699770,2,2,0.00134,0.00772,0.99095
28513641,2,2,0.00271,0.01836,0.97894
13360872,2,2,0.00145,0.0059,0.99265
29409740,2,2,0.00294,0.01381,0.98325
80885,2,2,0.00248,0.01447,0.98306
17998467,2,2,0.00129,0.00847,0.99024
36186753,2,2,0.00329,0.02587,0.97084
27467737,2,2,0.00168,0.01118,0.98714
37166368,0,0,0.91454,0.08277,0.00269
22064407,2,2,0.00138,0.00911,0.98951
9991980,1,1,0.48618,0.48999,0.02383
7815889,0,1,0.42099,0.53845,0.04056
29104376,2,2,0.00126,0.00633,0.99241
35999908,2,2,0.00149,0.00947,0.98904
17057956,0,0,0.93611,0.06138,0.00251
36505925,2,2,0.00313,0.01313,0.98374
36027180,2,2,0.00111,0.00754,0.99135
2752852,2,2,0.00481,0.07869,0.9165
36009387,2,2,0.00118,0.00784,0.99098
9588505,1,0,0.49761,0.46746,0.03494
12908226,2,2,0.0021,0.02161,0.97629
29498459,0,0,0.9702,0.02771,0.00209
13816040,2,2,0.00236,0.02922,0.96842
24074620,2,2,0.00273,0.01026,0.98701
10741603,2,2,0.00284,0.03171,0.96545
9648011,2,2,0.00114,0.006,0.99286
5373213,2,2,0.00222,0.01587,0.98191
339821,2,2,0.00127,0.0097,0.98903
35750409,0,0,0.98438,0.01372,0.0019
16598146,2,2,0.0033,0.00688,0.98982
2666825,2,2,0.00447,0.04454,0.95098
19786376,0,0,0.84266,0.15049,0.00685
27896534,2,2,0.0013,0.00633,0.99237
8365728,2,2,0.00467,0.0171,0.97823
29506353,1,1,0.33284,0.6194,0.04776
29031741,2,2,0.00253,0.00869,0.98878
31322422,2,2,0.00126,0.00609,0.99265
28834692,2,2,0.00586,0.02419,0.96995
466071,2,2,0.00158,0.01275,0.98567
4697897,0,0,0.51149,0.47676,0.01175
38061628,2,2,0.00147,0.00754,0.991
22745745,2,2,0.00203,0.01047,0.9875
3663204,0,0,0.97843,0.01995,0.00162
41184265,2,1,0.21481,0.75861,0.02657
34798312,0,0,0.92435,0.07226,0.00339
23209461,2,2,0.00239,0.01994,0.97768
3729540,2,2,0.00716,0.15245,0.84039
20416257,2,2,0.00149,0.01047,0.98804
9840798,2,2,0.00149,0.0059,0.99261
2003088,2,2,0.00186,0.02129,0.97685
32501927,0,0,0.85817,0.13631,0.00552
9134919,1,0,0.70965,0.28228,0.00807
17475740,2,2,0.00239,0.01815,0.97946
19500416,0,0,0.98749,0.0108,0.00171
20495427,2,2,0.00195,0.01833,0.97971
6337028,2,2,0.00148,0.0129,0.98562
17065479,2,2,0.0012,0.00772,0.99109
25462407,0,0,0.95746,0.04091,0.00163
26267861,2,2,0.00243,0.01563,0.98194
18879052,0,0,0.95521,0.0392,0.00559
32441664,2,2,0.00341,0.03625,0.96034
29967701,2,2,0.00138,0.00805,0.99057
40962415,2,2,0.00131,0.01072,0.98797
11824773,2,2,0.00427,0.05923,0.9365
12040583,0,2,0.20521,0.22123,0.57356
3102241,2,2,0.00123,0.01052,0.98825
11301180,2,2,0.00185,0.0082,0.98994
33078932,2,2,0.00463,0.04039,0.95497
36104449,0,1,0.13464,0.83449,0.03087
14276632,0,0,0.98274,0.0154,0.00187
7194678,2,2,0.00779,0.14592,0.84629
8038156,2,0,0.94109,0.05455,0.00436
27113956,0,0,0.78723,0.20617,0.0066
34550693,2,2,0.00114,0.00581,0.99304
8955176,2,2,0.00915,0.2295,0.76136
23610503,2,2,0.00344,0.02765,0.96891
11717436,2,2,0.17159,0.28947,0.53895
7953156,0,0,0.94714,0.04961,0.00326
5589377,2,2,0.02655,0.04481,0.92864
9006663,2,2,0.00203,0.0095,0.98847
35235391,2,2,0.00836,0.03293,0.95871
16489859,0,0,0.97977,0.01293,0.00731
40030205,0,1,0.45323,0.52987,0.0169
32213234,2,2,0.00178,0.01499,0.98323
2780657,1,1,0.34633,0.63204,0.02163
248330,0,0,0.89349,0.10303,0.00348
33564837,2,2,0.00755,0.04899,0.94346
1745785,2,2,0.00169,0.00911,0.9892
17727122,2,2,0.00366,0.02791,0.96843
26451261,2,1,0.0308,0.64323,0.32597
39296467,2,2,0.00179,0.0126,0.98561
17306845,2,2,0.00155,0.01232,0.98613
33742122,2,2,0.00126,0.00638,0.99236
25405568,2,2,0.08558,0.2413,0.67312
33922214,0,0,0.89403,0.1009,0.00507
32943199,0,0,0.98696,0.01071,0.00233
23150802,2,2,0.00158,0.00951,0.98891
34490280,2,2,0.00108,0.00619,0.99274
26559181,2,2,0.11098,0.25035,0.63867
534941,0,0,0.95509,0.04265,0.00226
4675583,2,2,0.00162,0.01493,0.98344
30841047,2,2,0.00274,0.02197,0.97529
1498034,2,2,0.00303,0.01556,0.98142
15581462,2,2,0.00308,0.02797,0.96894
27859254,2,2,0.10849,0.11754,0.77397
27887987,1,2,0.00844,0.18321,0.80836
25852045,2,2,0.00291,0.03984,0.95725
19751851,2,2,0.00859,0.11516,0.87625
14246434,2,2,0.00158,0.00929,0.98913
17362810,2,2,0.0064,0.04325,0.95035
3981562,2,2,0.00255,0.01441,0.98304
5272365,0,0,0.9184,0.07885,0.00275
14536973,2,1,0.02561,0.68692,0.28747
36578421,2,2,0.00558,0.12694,0.86748
19593406,2,2,0.00818,0.19522,0.7966
41546787,2,1,0.14787,0.80017,0.05196
23529689,2,2,0.00325,0.05103,0.94571
20159869,2,2,0.00169,0.00751,0.99081
16833154,2,2,0.00339,0.05633,0.94028
39992339,0,1,0.47531,0.50597,0.01872
21729166,0,0,0.81143,0.18247,0.0061
14454624,2,2,0.00584,0.07092,0.92324
29005073,0,0,0.78308,0.20912,0.0078
28343495,2,2,0.00129,0.0094,0.98931
3682190,2,2,0.02249,0.1,0.87751
16299425,2,2,0.00454,0.08857,0.90688
35745195,1,2,0.00191,0.0088,0.98929
16306216,2,2,0.00147,0.00658,0.99195
38189308,2,2,0.00408,0.04309,0.95283
12792272,0,0,0.949,0.0488,0.00221
6477669,2,2,0.00142,0.01163,0.98696
27018434,2,2,0.0369,0.43747,0.52563
30263312,2,2,0.01069,0.32246,0.66684
29479465,0,1,0.1871,0.41835,0.39455
1238161,2,2,0.0026,0.02664,0.97076
40417189,2,2,0.00136,0.00568,0.99296
3821078,2,2,0.00137,0.01232,0.98631
8709529,2,2,0.00442,0.04118,0.9544
29324035,2,2,0.00637,0.01058,0.98305
38598696,2,2,0.00113,0.00498,0.9939
33366380,2,2,0.00344,0.0285,0.96806
9321766,2,2,0.01173,0.02726,0.96101
5674753,2,2,0.00332,0.03081,0.96587
14719852,0,0,0.96946,0.02851,0.00202
25697052,0,0,0.86182,0.13425,0.00393
13978573,2,2,0.00368,0.02162,0.9747
2081907,2,2,0.00396,0.01129,0.98475
8756462,0,0,0.98703,0.01118,0.00179
40136046,2,2,0.00165,0.01522,0.98313
26518997,2,2,0.00369,0.05104,0.94527
12569406,2,2,0.00149,0.00614,0.99237
12938847,2,2,0.00196,0.01236,0.98568
5590576,2,2,0.00151,0.00981,0.98868
37590055,0,0,0.94838,0.049,0.00262
9640733,0,2,0.08558,0.2413,0.67312
6007474,2,0,0.65497,0.33453,0.0105
33860091,2,2,0.00257,0.00849,0.98894
15348528,0,0,0.61275,0.35602,0.03123
36721460,2,2,0.00151,0.01015,0.98834
24053541,2,2,0.00481,0.01903,0.97616
13573089,2,2,0.00111,0.0059,0.99299
33564063,2,2,0.00154,0.00604,0.99242
39395503,2,2,0.17159,0.28947,0.53895
38035818,0,0,0.98292,0.01546,0.00162
13910305,2,2,0.00333,0.0276,0.96907
26309194,2,2,0.00149,0.00944,0.98908
35453277,0,0,0.96042,0.03724,0.00234
34239024,1,0,0.87265,0.11879,0.00856
10711754,2,2,0.00823,0.13942,0.85236
7519803,2,2,0.0026,0.01198,0.98542
35549696,2,2,0.00113,0.006,0.99288
31584952,2,1,0.16332,0.67961,0.15707
37055728,2,2,0.00191,0.01067,0.98742
23559816,2,2,0.00169,0.0088,0.98952
15320365,1,0,0.74503,0.23812,0.01685
21564439,2,0,0.85452,0.10675,0.03874
35145846,1,0,0.5634,0.4058,0.03081
34644243,1,1,0.15946,0.81456,0.02598
40858527,2,2,0.00123,0.00793,0.99084
41508533,2,2,0.00371,0.01473,0.98156
1083149,2,2,0.00177,0.00943,0.9888
10150181,2,2,0.00151,0.01008,0.98841
28448961,2,1,0.04647,0.85649,0.09704
38896432,2,0,0.52955,0.32339,0.14705
27404941,2,2,0.00111,0.00443,0.99446
23201183,2,2,0.00111,0.00614,0.99275
16860584,2,1,0.01923,0.7215,0.25928
26946199,2,2,0.00133,0.01106,0.98761
10558072,2,2,0.00787,0.12451,0.86763
35744533,0,0,0.96386,0.02933,0.00681
615217,2,2,0.00114,0.00734,0.99152
12728424,2,0,0.90884,0.08654,0.00462
29760111,2,2,0.00203,0.01043,0.98754
30583593,2,2,0.00145,0.00618,0.99237
5258892,2,2,0.00179,0.01176,0.98645
38611229,0,0,0.78304,0.20507,0.01189
3095037,2,2,0.00122,0.006,0.99279
2800,2,2,0.08732,0.25217,0.66051
31158750,0,0,0.94437,0.05294,0.00269
24774147,2,2,0.03538,0.12074,0.84388
32973248,2,2,0.00296,0.02218,0.97486
18752265,2,2,0.17159,0.28947,0.53895
38353124,2,2,0.00196,0.01557,0.98247
38429502,1,1,0.42537,0.55914,0.01549
21636902,1,1,0.26001,0.70541,0.03458
19375808,2,2,0.00172,0.02089,0.97739
28729229,2,2,0.00126,0.00643,0.99231
22054364,2,2,0.0048,0.02201,0.97319
9761879,2,2,0.00214,0.02108,0.97678
24145889,0,2,0.00212,0.02889,0.96899
9013361,2,2,0.00271,0.01623,0.98105
30755403,0,1,0.08507,0.83279,0.08214
9663947,2,1,0.22458,0.71266,0.06276
6589687,1,0,0.63298,0.3482,0.01882
8383150,2,2,0.00225,0.01681,0.98094
2765280,0,0,0.93326,0.06382,0.00292
6806689,2,2,0.00161,0.00796,0.99043
28709585,2,2,0.00129,0.00853,0.99017
18247046,0,0,0.96573,0.03257,0.0017
32371,2,2,0.00166,0.00577,0.99257
8995816,2,2,0.00128,0.00559,0.99313
3554025,2,2,0.00182,0.00962,0.98856
27740430,0,0,0.98295,0.01576,0.00128
33448748,0,0,0.97919,0.01815,0.00267
20453157,0,0,0.97997,0.01841,0.00162
6267500,0,0,0.78329,0.21082,0.00589
16977934,2,2,0.00147,0.00563,0.9929
20865878,1,1,0.05546,0.85416,0.09038
8556340,2,2,0.00361,0.04081,0.95558
41602533,0,0,0.93781,0.06007,0.00212
30821196,0,2,0.22081,0.32033,0.45886
2914564,0,0,0.87176,0.11914,0.0091
1783092,2,2,0.00187,0.01227,0.98586
18172421,2,2,0.04101,0.15439,0.8046
20551841,2,2,0.00114,0.0059,0.99295
21884455,2,2,0.0045,0.08262,0.91288
4001753,2,2,0.00226,0.01284,0.9849
39446361,2,2,0.0026,0.01294,0.98447
2779205,2,2,0.00325,0.03813,0.95863
12750887,1,1,0.05665,0.87582,0.06754
22736217,2,2,0.00128,0.00513,0.99359
29252231,2,2,0.00252,0.01324,0.98424
23087022,0,0,0.98743,0.01088,0.00168
40391310,0,0,0.65046,0.33483,0.01471
27110502,2,2,0.00802,0.12112,0.87086
30627259,2,2,0.00282,0.03866,0.95851
29003021,2,2,0.24975,0.28273,0.46751
9239317,2,2,0.00213,0.00897,0.9889
17326145,2,2,0.00137,0.00985,0.98878
4455762,2,2,0.00294,0.01259,0.98447
23205896,2,2,0.00191,0.00984,0.98825
41272469,0,0,0.98151,0.01692,0.00157
32729434,0,0,0.88925,0.10538,0.00537
36675511,2,2,0.00129,0.01123,0.98748
17834435,2,2,0.00163,0.01199,0.98638
4509628,2,2,0.00277,0.01221,0.98503
91613,2,2,0.00987,0.14225,0.84788
31362767,2,2,0.00134,0.00663,0.99203
35647698,2,2,0.00135,0.0114,0.98724
9953000,2,2,0.00135,0.00988,0.98876
2905906,1,0,0.59069,0.37546,0.03385
14056470,2,2,0.00451,0.03758,0.95791
7694342,1,1,0.21106,0.76751,0.02143
36847801,2,2,0.00315,0.03756,0.95929
3656386,2,2,0.0097,0.14419,0.84611
824525,2,2,0.00305,0.03881,0.95814
13400246,2,2,0.00121,0.00894,0.98985
19335623,2,2,0.00144,0.00966,0.9889
12399224,2,2,0.0016,0.01325,0.98515
34909144,2,2,0.00134,0.00734,0.99133
2365681,1,0,0.8818,0.11343,0.00477
21121128,1,1,0.02499,0.64963,0.32538
29918902,2,2,0.00155,0.01208,0.98636
15133332,2,2,0.00158,0.01015,0.98826
13232863,2,2,0.0022,0.00546,0.99234
15434746,2,2,0.00148,0.01158,0.98694
420578,2,2,0.00135,0.01136,0.98729
34968194,2,2,0.00188,0.00962,0.98851
25551024,0,0,0.59007,0.39616,0.01377
20475723,2,2,0.00134,0.00658,0.99208
2694906,2,2,0.02054,0.04232,0.93714
15885894,0,0,0.88922,0.10703,0.00375
14344300,2,2,0.00147,0.00609,0.99244
14435604,2,2,0.00274,0.02055,0.97671
16237602,0,0,0.81272,0.18205,0.00523
8957452,2,2,0.00303,0.01491,0.98206
22617617,2,2,0.00233,0.0125,0.98517
30705174,2,2,0.0016,0.01285,0.98555
36347969,2,2,0.00493,0.07047,0.9246
24173295,2,2,0.04158,0.11004,0.84838
36014357,2,2,0.00129,0.00831,0.9904
11102290,2,2,0.00253,0.02198,0.97549
37043947,0,1,0.20464,0.75443,0.04093
11780244,0,0,0.92284,0.07141,0.00575
16280656,2,2,0.00531,0.02834,0.96635
23541314,2,2,0.002,0.00876,0.98924
17942179,2,2,0.0785,0.15309,0.76841
8548928,2,2,0.00222,0.01624,0.98154
36701041,2,2,0.00113,0.00648,0.99239
901379,0,0,0.98122,0.01728,0.0015
33493153,0,0,0.91822,0.07899,0.00279
2509843,0,0,0.97961,0.01869,0.0017
39703598,2,2,0.00277,0.01279,0.98445
35843422,2,2,0.00343,0.01491,0.98166
34913063,2,2,0.00182,0.01176,0.98643
15926060,2,2,0.00487,0.02348,0.97165
20345434,2,2,0.00634,0.02283,0.97083
40678642,2,2,0.00127,0.01136,0.98737
12486450,2,2,0.00237,0.0091,0.98852
36409395,0,0,0.90732,0.08914,0.00354
38302597,1,1,0.10227,0.83969,0.05804
24579957,2,2,0.00174,0.00925,0.98901
25097561,0,0,0.73157,0.26085,0.00758
39906198,0,0,0.96801,0.03,0.00199
5123322,2,2,0.0085,0.05414,0.93736
783039,2,2,0.00176,0.0126,0.98564
5973324,2,2,0.00295,0.00903,0.98802
29311659,2,2,0.00178,0.01887,0.97935
4313210,2,2,0.14344,0.26203,0.59454
24743799,0,0,0.92299,0.07358,0.00343
33451680,2,2,0.00154,0.00777,0.99069
21172989,2,2,0.0013,0.00609,0.99261
21128521,2,2,0.00373,0.06891,0.92736
36170968,1,1,0.02828,0.53785,0.43387
16025816,2,2,0.06487,0.41482,0.52031
30884623,2,2,0.01006,0.05577,0.93417
10526184,0,0,0.66971,0.31144,0.01885
39295799,2,2,0.00123,0.00901,0.98976
13518832,2,2,0.00131,0.00877,0.98992
22126423,1,0,0.84374,0.14951,0.00675
41475126,2,2,0.00129,0.00863,0.99007
20064374,0,0,0.7429,0.24981,0.00728
13478137,1,0,0.95108,0.04664,0.00228
29157806,0,0,0.55661,0.34359,0.0998
22615158,2,1,0.05093,0.80915,0.13992
26448927,0,0,0.9381,0.0595,0.0024
41458246,2,2,0.00584,0.05762,0.93655
28648926,0,1,0.48113,0.50422,0.01464
32004106,2,1,0.3163,0.6644,0.01929
28113117,2,2,0.00166,0.01153,0.98681
24223638,2,2,0.00183,0.01754,0.98062
23558277,2,2,0.00261,0.02531,0.97209
31394121,2,2,0.00217,0.00768,0.99016
16033080,2,2,0.00113,0.00703,0.99184
27929861,0,0,0.97939,0.01836,0.00225
10885713,0,0,0.97075,0.02746,0.00179
2752181,0,0,0.67138,0.311,0.01761
32093488,2,2,0.00113,0.00623,0.99264
19135416,2,2,0.00229,0.0126,0.98511
39283518,2,2,0.00213,0.01092,0.98695
12517622,2,2,0.01127,0.22288,0.76585
20175714,2,2,0.0014,0.00996,0.98864
15638165,2,2,0.0023,0.01198,0.98572
2784073,2,2,0.00166,0.00908,0.98927
10657246,2,2,0.00198,0.01905,0.97897
12047468,2,2,0.00173,0.01241,0.98586
9176513,2,2,0.00213,0.01113,0.98674
329475,0,0,0.97527,0.02262,0.0021
17735477,0,0,0.7021,0.28927,0.00863
9081061,1,1,0.18473,0.69853,0.11674
31688915,0,0,0.98453,0.01324,0.00222
29214956,2,2,0.01105,0.2838,0.70516
805183,2,2,0.00242,0.00637,0.99121
9180947,2,2,0.00223,0.00907,0.9887
18408201,2,0,0.62287,0.2925,0.08463
12515659,2,2,0.00203,0.00911,0.98886
30422953,2,2,0.01143,0.03697,0.9516
1506949,2,2,0.00245,0.00921,0.98834
14005927,2,2,0.00208,0.01809,0.97984
6336274,2,2,0.00341,0.03725,0.95934
6344782,2,2,0.00383,0.07249,0.92368
18887077,2,2,0.00287,0.02353,0.9736
24125497,0,0,0.90347,0.09284,0.00369
27475983,2,2,0.00494,0.09657,0.89849
29652601,2,2,0.00116,0.00847,0.99037
7739543,2,2,0.00348,0.03275,0.96377
39453965,2,2,0.00852,0.29332,0.69816
23650113,2,1,0.01631,0.55301,0.43068
4088896,0,0,0.9347,0.06213,0.00317
27220436,2,1,0.28478,0.44108,0.27414
32424057,2,2,0.00258,0.01971,0.97771
27418819,2,2,0.00152,0.00542,0.99306
36804289,2,2,0.00164,0.00765,0.99071
24326999,2,2,0.07301,0.06832,0.85868
16751651,2,2,0.00114,0.007,0.99185
32860394,1,1,0.21735,0.75864,0.02401
32458818,2,2,0.00142,0.00837,0.99021
16441235,0,2,0.17616,0.28755,0.53629
27566781,2,2,0.00137,0.01101,0.98761
10345341,0,0,0.98353,0.01488,0.0016
22471428,2,2,0.00582,0.11608,0.87809
24090111,2,2,0.00289,0.01586,0.98125
40077079,0,1,0.11531,0.79575,0.08893
8960865,0,0,0.5595,0.42898,0.01152
5757509,2,2,0.00138,0.00805,0.99057
28280714,2,2,0.00113,0.00595,0.99292
18079263,0,0,0.93862,0.0581,0.00328
10863973,2,2,0.00123,0.01056,0.98821
3433053,1,2,0.01243,0.15621,0.83136
7611986,2,2,0.00248,0.02767,0.96985
23770269,2,2,0.00144,0.00977,0.98879
40210977,2,2,0.0013,0.00695,0.99176
16462505,2,2,0.01401,0.03426,0.95173
28225039,0,0,0.56165,0.42396,0.01439
34784765,2,2,0.00124,0.00714,0.99162
6461618,2,1,0.07645,0.6787,0.24485
7052979,2,2,0.00254,0.03552,0.96194
13277391,2,2,0.00113,0.00604,0.99283
5429841,2,2,0.05804,0.04467,0.89729
12452077,0,0,0.81289,0.17997,0.00714
13524073,0,1,0.46415,0.49991,0.03593
31788693,0,0,0.91546,0.08189,0.00265
17153568,2,2,0.00194,0.01027,0.98779
26424390,0,1,0.03436,0.63325,0.3324
34748291,1,1,0.21157,0.76635,0.02208
38803846,0,1,0.2129,0.68559,0.10151
32223069,2,2,0.00264,0.01062,0.98673
10164842,2,2,0.00159,0.00572,0.99269
2043876,2,2,0.00622,0.04159,0.95219
6486307,2,2,0.00199,0.01498,0.98303
36585535,2,2,0.00246,0.02198,0.97557
36849714,2,2,0.00156,0.00887,0.98957
6367254,2,2,0.00627,0.13348,0.86025
19966498,0,0,0.86243,0.13382,0.00375
25360252,0,0,0.91414,0.08113,0.00472
4627293,2,2,0.02002,0.03052,0.94946
29590943,2,2,0.01381,0.2085,0.7777
3583686,2,2,0.04378,0.056,0.90022
5223245,2,2,0.00197,0.01007,0.98796
19960638,2,2,0.01555,0.20558,0.77888
6391560,2,2,0.00236,0.03157,0.96607
28407053,2,2,0.00122,0.00751,0.99127
15668589,2,2,0.00151,0.01218,0.98632
29408232,0,0,0.75676,0.23261,0.01063
10025423,2,2,0.00151,0.00925,0.98924
14801720,2,2,0.00545,0.03411,0.96044
10279311,2,2,0.00168,0.01035,0.98797
24187432,2,2,0.00976,0.08412,0.90613
26231282,2,2,0.00789,0.09476,0.89735
9222926,2,2,0.00605,0.08124,0.9127
6089192,2,2,0.00535,0.06697,0.92768
7503969,2,2,0.00156,0.00679,0.99165
24827625,2,2,0.00234,0.01038,0.98728
3937075,2,0,0.46674,0.42497,0.10829
22404008,2,2,0.00163,0.01236,0.98601
18074908,0,0,0.94578,0.05227,0.00194
2332464,2,2,0.00127,0.0079,0.99083
39129140,0,0,0.98744,0.01072,0.00185
41369164,2,1,0.24148,0.73227,0.02626
33999541,0,2,0.10631,0.27468,0.619
10560688,2,2,0.00188,0.01127,0.98686
10526306,2,1,0.18129,0.44087,0.37784
27977864,1,1,0.05757,0.86938,0.07306
208718,2,2,0.05284,0.27256,0.6746
4791829,2,2,0.00161,0.01008,0.98832
7465429,2,2,0.00144,0.00894,0.98962
17456692,2,2,0.06094,0.21946,0.71959
18633027,2,2,0.00156,0.01027,0.98817
36390436,2,2,0.00124,0.00676,0.992
27878117,0,0,0.96333,0.03503,0.00164
38035689,2,2,0.00203,0.00925,0.98872
14666220,2,2,0.00182,0.02689,0.97129
5299680,0,0,0.6591,0.25065,0.09025
38824522,2,2,0.00164,0.00765,0.99071
25894074,0,0,0.97384,0.0245,0.00166
29104303,0,0,0.98505,0.01269,0.00226
25048103,2,2,0.0014,0.00498,0.99362
22038964,2,2,0.00279,0.01922,0.97799
37478277,2,2,0.00134,0.00529,0.99337
35534626,2,2,0.00744,0.14597,0.84659
2233516,2,2,0.00256,0.02697,0.97047
3927508,2,2,0.00247,0.03252,0.96501
4766866,0,2,0.05929,0.18378,0.75693
12633999,2,1,0.05485,0.52041,0.42474
39896696,0,2,0.17159,0.28947,0.53895
12504244,2,2,0.00233,0.01269,0.98498
1338546,1,1,0.09202,0.85949,0.04849
33761722,0,0,0.79588,0.19734,0.00678
23954645,2,1,0.13591,0.80223,0.06186
40223779,0,0,0.95137,0.04498,0.00365
9745371,2,2,0.007,0.03182,0.96118
14584801,2,2,0.17711,0.2879,0.53499
20366926,0,0,0.98309,0.01458,0.00233
12776843,2,2,0.00354,0.04494,0.95152
17431178,2,2,0.00437,0.05224,0.94339
11842118,2,2,0.00225,0.01618,0.98157
7685277,2,2,0.00118,0.00692,0.9919
35278733,2,2,0.00228,0.01829,0.97943
32783984,1,0,0.7277,0.26459,0.00771
20115010,2,2,0.00116,0.00595,0.99289
18243627,2,2,0.00208,0.0151,0.98282
27461654,2,2,0.00222,0.01563,0.98215
1151432,2,1,0.03084,0.50161,0.46755
35612615,1,1,0.12316,0.82218,0.05465
23727196,2,2,0.0014,0.00628,0.99232
15367228,2,2,0.00435,0.02619,0.96946
5504655,2,2,0.00168,0.01203,0.98629
28997240,2,2,0.00121,0.00951,0.98928
40270923,2,1,0.27286,0.69677,0.03038
21297697,2,2,0.06612,0.34916,0.58473
20329213,2,2,0.00109,0.00651,0.9924
4765816,1,1,0.19075,0.72411,0.08514
12258660,2,2,0.00359,0.06148,0.93493
35394049,0,0,0.97119,0.02699,0.00182
34189822,2,2,0.00108,0.00572,0.9932
16896945,0,0,0.90621,0.08973,0.00407
39381177,2,2,0.00581,0.1313,0.86289
6244649,2,2,0.00163,0.00876,0.9896
24663063,2,2,0.00304,0.01235,0.98462
503616,2,2,0.03484,0.39405,0.57111
25311047,0,0,0.85645,0.13711,0.00644
16111707,0,0,0.79926,0.19434,0.0064
36473972,2,2,0.00116,0.00706,0.99178
40986415,2,2,0.0016,0.01383,0.98457
13042199,0,0,0.98402,0.01443,0.00155
3641668,2,2,0.00153,0.01488,0.9836
2165013,2,2,0.00307,0.06214,0.93479
10033447,0,0,0.64474,0.33579,0.01947
41332557,2,1,0.03912,0.52349,0.43739
11238867,0,2,0.00202,0.01453,0.98345
15290541,2,2,0.00155,0.0133,0.98514
17174972,2,2,0.00428,0.04163,0.95408
19813556,2,2,0.00408,0.01214,0.98377
21949142,2,2,0.00131,0.0086,0.99009
12607233,1,1,0.04759,0.82394,0.12847
6928295,2,2,0.00127,0.00831,0.99042
21797796,2,2,0.0014,0.00985,0.98876
7709846,1,0,0.92776,0.06873,0.00351
4072271,2,2,0.00399,0.04918,0.94683
38016190,0,0,0.96884,0.02926,0.0019
19029114,2,2,0.00116,0.00695,0.99189
23362434,0,0,0.87326,0.12193,0.0048
36525349,2,2,0.00133,0.01251,0.98616
18885613,0,0,0.95328,0.04392,0.00281
29112412,2,2,0.00268,0.01458,0.98275
39157236,2,2,0.00155,0.01362,0.98483
11846984,0,0,0.84834,0.14372,0.00794
20837399,2,2,0.0103,0.18403,0.80567
14928895,2,2,0.00327,0.01692,0.97981
12408993,2,2,0.00116,0.00475,0.99409
2728245,2,1,0.20661,0.58858,0.2048
9533188,0,0,0.92089,0.0742,0.00491
6639156,1,0,0.80099,0.19174,0.00726
4136399,2,2,0.00141,0.01404,0.98454
3371326,2,2,0.00521,0.11858,0.87621
9168501,2,2,0.00165,0.01361,0.98473
6032237,2,2,0.00427,0.05874,0.93699
30936354,2,2,0.00149,0.01015,0.98836
13471842,1,0,0.83094,0.15983,0.00923
10492875,2,2,0.01206,0.02261,0.96533
2802823,2,2,0.0021,0.02128,0.97661
5974139,2,2,0.00115,0.00546,0.99339
14652111,2,2,0.00712,0.1436,0.84928
24993689,0,0,0.97863,0.0198,0.00157
28348428,0,0,0.88081,0.11464,0.00455
18599710,2,2,0.00136,0.00734,0.99131
21623685,0,1,0.37777,0.60133,0.0209
40398610,2,2,0.00163,0.01101,0.98736
32547403,2,2,0.00206,0.01222,0.98573
21896960,2,2,0.09621,0.4466,0.45719
27520650,2,2,0.00757,0.13107,0.86136
32909992,1,2,0.05502,0.25342,0.69156
9357345,2,2,0.00414,0.00682,0.98904
8367755,0,0,0.85866,0.13639,0.00495
8579090,1,0,0.85786,0.1368,0.00535
40341014,2,2,0.00132,0.00751,0.99118
11479201,0,2,0.00183,0.00716,0.99101
21996683,2,2,0.0028,0.03135,0.96585
4043258,2,2,0.00359,0.04763,0.94878
25466486,2,0,0.555,0.41244,0.03256
8315453,2,2,0.00266,0.02032,0.97702
25926965,2,2,0.00443,0.02341,0.97216
20360061,2,2,0.00219,0.0257,0.9721
36194837,2,2,0.0012,0.0069,0.99191
12358389,2,1,0.13373,0.57189,0.29438
28158315,2,2,0.00287,0.02358,0.97356
23056294,2,2,0.25745,0.27659,0.46596
29186835,2,2,0.00174,0.01068,0.98759
21573861,2,1,0.02149,0.55854,0.41997
12141638,0,1,0.41665,0.5563,0.02705
154725,2,2,0.0084,0.1995,0.79211
5817989,2,2,0.00124,0.00581,0.99295
1188193,2,2,0.00114,0.00695,0.99191
7981040,2,2,0.00187,0.01356,0.98457
15739033,2,2,0.03493,0.07125,0.89382
35501986,2,2,0.00155,0.01351,0.98494
29170468,2,2,0.00114,0.00648,0.99238
17453642,0,0,0.70209,0.24028,0.05763
20618464,2,2,0.00305,0.02482,0.97214
1637760,2,2,0.00503,0.03583,0.95913
40578449,2,2,0.0019,0.01612,0.98198
41105752,0,0,0.98229,0.01619,0.00152
25444655,2,2,0.00144,0.00887,0.98969
17186767,0,0,0.80288,0.18996,0.00717
33797077,0,0,0.8286,0.16573,0.00567
10442699,0,1,0.08744,0.87117,0.04139
11402040,2,2,0.00138,0.00653,0.99209
5335695,0,0,0.96646,0.03181,0.00173
4680070,2,2,0.01851,0.03199,0.9495
21551275,2,2,0.00149,0.0085,0.99001
5494009,0,0,0.81657,0.17591,0.00752
11870072,2,2,0.0012,0.00897,0.98983
13914263,2,2,0.0151,0.05078,0.93412
11847611,0,0,0.89395,0.10228,0.00377
29413535,0,0,0.91797,0.07897,0.00306
37023659,0,0,0.96677,0.03154,0.0017
15266790,2,2,0.0078,0.1845,0.80771
266371,0,1,0.28797,0.66956,0.04247
5016793,2,2,0.00136,0.01824,0.9804
33190800,2,2,0.00194,0.01084,0.98722
35422280,0,0,0.98741,0.01059,0.002
11605939,2,2,0.00483,0.04455,0.95062
30460227,0,0,0.86623,0.12775,0.00602
21037642,0,0,0.90759,0.08882,0.00359
2223846,2,2,0.0014,0.00757,0.99103
28820931,2,2,0.00229,0.01355,0.98416
29541570,2,2,0.00168,0.01404,0.98428
5741498,2,2,0.00178,0.01487,0.98334
1599371,2,2,0.00257,0.0075,0.98993
16471321,2,2,0.00129,0.00763,0.99108
1970097,2,2,0.00307,0.04626,0.95066
13418282,2,2,0.00208,0.01869,0.97924
35706821,2,2,0.00334,0.04259,0.95407
13098338,2,2,0.00363,0.02129,0.97508
30874082,2,2,0.00106,0.00581,0.99313
32952409,0,0,0.7416,0.25035,0.00805
4451689,0,0,0.76291,0.22907,0.00802
33387688,0,0,0.79262,0.19885,0.00853
15179656,0,0,0.80722,0.18367,0.00911
20337871,2,2,0.00448,0.04372,0.9518
26797266,2,2,0.00179,0.01377,0.98444
21336479,2,2,0.00166,0.00876,0.98958
8768418,2,2,0.00109,0.00546,0.99344
4111924,2,2,0.00393,0.04906,0.94701
4308812,2,2,0.00284,0.03259,0.96457
8536126,2,2,0.00956,0.06001,0.93043
23693176,2,2,0.0013,0.00471,0.99399
36700327,2,2,0.00114,0.00577,0.99309
17479919,2,2,0.00165,0.01203,0.98631
39575609,2,1,0.48152,0.4891,0.02937
26680536,2,2,0.14885,0.39446,0.45669
26442850,2,2,0.00235,0.01794,0.9797
7637574,1,1,0.29056,0.68355,0.02589
21232285,2,2,0.00153,0.01336,0.98512
19323926,2,2,0.00175,0.00538,0.99288
23724213,2,2,0.00246,0.03486,0.96268
2005647,2,2,0.0303,0.30128,0.66842
20003707,2,2,0.00142,0.00897,0.98961
16719418,2,2,0.17159,0.28947,0.53895
12848960,2,2,0.02807,0.03494,0.93699
2148002,2,2,0.00812,0.16318,0.8287
2332661,2,2,0.03149,0.41475,0.55376
21781052,2,2,0.00141,0.01237,0.98622
36571498,0,1,0.47002,0.5023,0.02768
7106275,2,2,0.00253,0.00721,0.99025
18835814,0,1,0.06171,0.84528,0.093
16835996,2,2,0.00177,0.00792,0.99031
22976450,2,2,0.00146,0.01465,0.98389
3336063,2,2,0.00182,0.01275,0.98544
28093384,0,0,0.88551,0.11019,0.0043
30911730,1,2,0.00561,0.09398,0.90041
4877597,2,2,0.00153,0.00908,0.98939
1812348,2,2,0.00136,0.00534,0.9933
26195131,0,1,0.29387,0.69133,0.0148
28603083,2,2,0.00106,0.00641,0.99254
22472457,0,1,0.34466,0.61203,0.04331
40008908,1,1,0.12171,0.84812,0.03018
37079269,2,1,0.01816,0.63516,0.34668
20846608,2,2,0.00173,0.01588,0.98239
36672105,2,2,0.00192,0.01698,0.9811
26563208,0,1,0.29906,0.68189,0.01904
30460687,2,1,0.09925,0.85739,0.04336
39960701,2,2,0.00179,0.0126,0.98561
9017487,2,2,0.00144,0.01097,0.98759
11057385,0,0,0.8091,0.18482,0.00608
31654190,2,1,0.0291,0.52801,0.44289
30729994,0,0,0.9788,0.01954,0.00167
10185343,2,2,0.00612,0.09921,0.89467
31435536,2,2,0.00203,0.01255,0.98542
3403137,2,2,0.00376,0.04794,0.9483
37294622,0,0,0.94693,0.05053,0.00254
30165716,2,2,0.00865,0.01517,0.97618
34452852,2,2,0.00163,0.01097,0.9874
15181213,2,2,0.002,0.01027,0.98773
32700635,2,2,0.00151,0.00827,0.99022
20294770,2,2,0.00136,0.00643,0.99221
34408034,2,2,0.01291,0.02338,0.9637
13990821,2,2,0.00149,0.00944,0.98908
18570130,0,0,0.97747,0.02033,0.00221
6807322,2,2,0.00209,0.01231,0.9856
26098032,2,2,0.0023,0.00817,0.98953
10723935,2,2,0.00109,0.00676,0.99214
9332160,1,2,0.03316,0.10487,0.86196
16594060,0,1,0.09082,0.78456,0.12462
16476008,0,0,0.91664,0.07978,0.00357
29311903,2,2,0.00144,0.00929,0.98927
11207559,2,2,0.00106,0.00684,0.9921
19413322,0,0,0.98409,0.01431,0.0016
21298389,0,0,0.77879,0.20717,0.01404
4228096,2,2,0.00302,0.01951,0.97748
38680338,0,1,0.41037,0.57421,0.01542
18310748,2,2,0.00352,0.03476,0.96172
15225980,2,2,0.00253,0.02488,0.9726
35651211,1,1,0.11903,0.85247,0.02849
17517088,2,2,0.00785,0.09904,0.89311
6641290,0,0,0.69025,0.28774,0.02202
20470771,2,2,0.00253,0.00632,0.99114
32734645,0,0,0.70412,0.28008,0.0158
31149646,2,2,0.00587,0.09479,0.89934
37575342,0,1,0.37672,0.60672,0.01655
41165360,2,2,0.00987,0.20612,0.78401
24645588,0,0,0.86874,0.12663,0.00463
3629322,2,2,0.00136,0.00834,0.99031
7422168,2,2,0.00134,0.00706,0.99161
37560592,2,2,0.00129,0.00904,0.98966
13864644,2,2,0.00608,0.14568,0.84823
272550,2,2,0.00125,0.00873,0.99001
13046018,2,2,0.00206,0.01157,0.98637
19527516,0,1,0.27584,0.68404,0.04013
28960356,0,1,0.22982,0.70274,0.06744
9558235,2,2,0.00131,0.00818,0.99051
16380405,2,2,0.00227,0.00836,0.98937
11684112,2,2,0.00524,0.05669,0.93807
25582355,2,2,0.00433,0.03101,0.96466
23492346,2,2,0.00248,0.02744,0.97008
15535950,2,2,0.00866,0.30305,0.68829
33008637,0,0,0.69857,0.29349,0.00794
31715874,2,2,0.00113,0.00674,0.99214
39221689,1,1,0.29764,0.6813,0.02106
24346153,0,0,0.84826,0.14231,0.00942
29277265,0,0,0.72959,0.25214,0.01827
15641084,2,2,0.00174,0.01031,0.98795
27100717,2,2,0.00205,0.01802,0.97994
27981861,2,2,0.00125,0.00834,0.99041
15767317,2,2,0.01654,0.10121,0.88225
11137432,2,2,0.00489,0.06419,0.93092
14124757,2,2,0.00136,0.00623,0.99241
36985289,2,2,0.0029,0.02593,0.97117
26492259,2,2,0.00806,0.01578,0.97616
31202931,2,2,0.00213,0.0108,0.98708
22312505,1,1,0.21495,0.75908,0.02597
6092353,0,0,0.6744,0.30161,0.024
6934036,2,2,0.00356,0.02356,0.97288
17045186,1,1,0.27122,0.52484,0.20393
31087420,0,0,0.98264,0.01558,0.00178
39884031,2,2,0.00229,0.01355,0.98416
33937778,2,2,0.00121,0.00985,0.98894
4405635,2,2,0.00328,0.00642,0.99031
10860865,2,2,0.0012,0.00728,0.99152
6655781,2,2,0.00316,0.05049,0.94636
37912275,2,2,0.00196,0.01563,0.98241
15824010,2,2,0.00323,0.02845,0.96832
38920645,2,2,0.17159,0.28947,0.53895
14531905,0,2,0.13152,0.23858,0.6299
8567783,2,2,0.00146,0.00973,0.9888
2565967,2,2,0.00135,0.01035,0.98829
8758569,2,2,0.01003,0.1806,0.80937
16833993,2,2,0.01631,0.48416,0.49953
25242526,2,2,0.00211,0.01778,0.98011
12349744,2,2,0.00224,0.02036,0.97739
26884853,1,2,0.00799,0.02377,0.96824
10594867,2,2,0.00507,0.01432,0.98061
12571534,0,0,0.98495,0.01299,0.00206
40415983,2,2,0.0037,0.03359,0.96271
40177699,0,0,0.9812,0.01725,0.00155
3328916,0,1,0.46043,0.50569,0.03388
17619799,2,2,0.00198,0.01968,0.97834
33858177,2,2,0.00165,0.01493,0.98342
28780611,2,2,0.00574,0.10101,0.89325
26292924,2,2,0.00301,0.03545,0.96153
31992684,2,2,0.00156,0.00638,0.99206
29112334,0,0,0.5147,0.4437,0.04159
32670341,0,0,0.49657,0.48506,0.01837
28178574,0,0,0.91131,0.0846,0.00409
11734293,2,0,0.34241,0.32245,0.33513
27077604,2,2,0.00125,0.0085,0.99025
5626376,0,1,0.33542,0.59563,0.06895
21007286,2,2,0.00138,0.0079,0.99073
38626194,2,2,0.00125,0.00837,0.99038
18866775,0,0,0.83611,0.15957,0.00432
11729865,2,2,0.00525,0.08315,0.91159
4823450,2,2,0.00182,0.00833,0.98984
40862294,2,0,0.64399,0.30899,0.04702
17681586,2,2,0.00128,0.00453,0.99419
27135781,0,0,0.97125,0.02707,0.00168
32073123,2,2,0.17159,0.28947,0.53895
4397596,2,0,0.53506,0.45057,0.01437
40992555,2,2,0.0019,0.01409,0.98401
5450386,0,0,0.97571,0.02215,0.00213
34210687,0,0,0.72522,0.26368,0.0111
23232249,1,1,0.41501,0.56504,0.01995
22840526,2,2,0.00222,0.01545,0.98233
31212086,2,2,0.00113,0.00604,0.99283
17665626,2,2,0.00403,0.06989,0.92608
41481279,0,0,0.62846,0.36089,0.01065
35935862,2,2,0.00204,0.02076,0.9772
22677487,2,2,0.00122,0.00784,0.99095
2617575,2,2,0.00147,0.00799,0.99055
21973400,2,2,0.00129,0.00757,0.99114
10804363,2,2,0.00163,0.01388,0.9845
16686635,2,2,0.0015,0.01305,0.98544
30939094,2,2,0.0019,0.01131,0.98678
19059676,2,2,0.00124,0.00648,0.99228
886120,2,1,0.07072,0.87506,0.05422
24638661,0,0,0.96976,0.02822,0.00202
13410950,2,2,0.00182,0.01114,0.98704
4454993,2,2,0.04993,0.14432,0.80575
5716826,2,2,0.00271,0.01878,0.97851
26791862,2,2,0.00113,0.00619,0.99269
12626375,2,2,0.00163,0.01372,0.98465
11183234,2,2,0.00849,0.23944,0.75207
9456429,2,2,0.0012,0.00486,0.99394
33871364,2,2,0.00182,0.00951,0.98867
6141009,1,0,0.64421,0.31396,0.04183
20744070,0,0,0.96562,0.03162,0.00275
34493749,2,2,0.00166,0.01031,0.98803
22774102,0,0,0.82686,0.1641,0.00904
31062573,0,0,0.9793,0.01913,0.00157
16284305,2,2,0.00187,0.01227,0.98586
31416492,2,2,0.00276,0.0155,0.98174
24246342,2,2,0.00252,0.01339,0.98409
24981207,1,1,0.13989,0.82896,0.03115
41299529,0,0,0.89878,0.09755,0.00367
16082769,2,2,0.00983,0.25653,0.73364
18563234,2,2,0.00178,0.01844,0.97978
7939004,2,2,0.00165,0.0129,0.98545
39999216,2,2,0.00169,0.01902,0.97929
12232650,2,2,0.00995,0.14854,0.84151
15740025,2,2,0.00402,0.04166,0.95431
6410346,2,2,0.00134,0.00509,0.99357
20681425,2,2,0.0045,0.03895,0.95655
29093606,2,0,0.43137,0.29938,0.26925
7569511,2,2,0.00394,0.03149,0.96456
4769793,2,2,0.00171,0.01097,0.98732
21470983,2,2,0.00381,0.03429,0.9619
35385456,2,2,0.00167,0.01576,0.98257
14472532,2,2,0.00159,0.00679,0.99163
17427479,2,2,0.00401,0.03015,0.96584
16729924,2,2,0.00331,0.0198,0.97689
27348748,2,2,0.00301,0.02188,0.97511
15745612,2,2,0.0017,0.01465,0.98365
1944183,2,2,0.00113,0.00572,0.99315
40768936,2,2,0.00108,0.00517,0.99375
31004946,0,0,0.69492,0.2954,0.00968
8959797,2,2,0.00132,0.00577,0.99292
8871474,2,2,0.00106,0.00709,0.99186
26663007,2,2,0.00153,0.01236,0.98611
15535020,1,0,0.91048,0.08585,0.00366
3356329,2,2,0.00256,0.04252,0.95492
8595216,1,0,0.78268,0.21066,0.00667
28990339,2,2,0.00182,0.01217,0.98601
24871236,2,1,0.24848,0.65785,0.09367
8623054,0,0,0.95068,0.04638,0.00293
31807539,0,0,0.96584,0.03254,0.00162
19113064,2,2,0.00309,0.03987,0.95704
14108375,2,2,0.00141,0.01266,0.98593
14329622,2,1,0.04445,0.62325,0.3323
14310399,0,0,0.50037,0.47005,0.02958
19451992,2,2,0.0016,0.01638,0.98203
13620446,2,2,0.17159,0.28947,0.53895
4532114,0,0,0.39436,0.21358,0.39206
14765812,2,2,0.00131,0.00811,0.99057
32478383,0,0,0.76127,0.20731,0.03142
4680521,2,2,0.00387,0.04934,0.94679
12768352,2,2,0.00154,0.00802,0.99045
1487392,2,2,0.00516,0.01127,0.98357
24878940,2,2,0.00158,0.00883,0.98958
30143881,0,0,0.9082,0.08853,0.00328
32717509,2,2,0.00487,0.0809,0.91422
34513858,2,2,0.00319,0.0406,0.95621
37936233,2,2,0.00206,0.01241,0.98554
8652999,0,0,0.98133,0.01649,0.00218
15536095,0,0,0.91145,0.08494,0.00361
19452153,0,0,0.75644,0.23251,0.01105
19798689,2,1,0.3213,0.65159,0.02711
36392781,2,2,0.00146,0.01101,0.98752
1852832,0,0,0.7392,0.2515,0.00931
31183682,2,2,0.00305,0.02339,0.97356
35338123,1,2,0.05929,0.18378,0.75693
22657443,1,0,0.86312,0.13133,0.00555
13431073,0,0,0.95188,0.04463,0.00349
1881146,2,2,0.00439,0.04839,0.94722
22914763,2,2,0.00132,0.00674,0.99195
27713157,2,2,0.0025,0.03559,0.96191
25314227,2,2,0.01598,0.0769,0.90712
553269,1,1,0.08885,0.77354,0.13761
6416893,2,2,0.00151,0.01039,0.9881
24932395,0,0,0.85164,0.13501,0.01334
2429197,2,2,0.02069,0.22075,0.75855
29933993,1,0,0.63452,0.35179,0.01369
37757552,2,1,0.02267,0.63224,0.34509
20576119,2,2,0.00113,0.00517,0.9937
26493612,2,2,0.00121,0.01036,0.98843
39848964,1,1,0.05761,0.84324,0.09915
21823905,2,2,0.00146,0.01035,0.98818
34504173,0,1,0.3077,0.65394,0.03836
7447385,0,0,0.91424,0.08323,0.00253
37517006,2,1,0.29825,0.67475,0.02699
7956015,2,2,0.00126,0.00559,0.99315
9820534,2,2,0.00256,0.0124,0.98504
27565789,0,0,0.94281,0.0545,0.00269
17095185,2,2,0.00231,0.01926,0.97842
4280799,2,2,0.00206,0.01245,0.98549
8877948,2,2,0.00129,0.00843,0.99027
33923118,1,1,0.06209,0.88438,0.05353
11659506,2,1,0.07229,0.81444,0.11328
4430448,2,1,0.16573,0.50851,0.32576
29119889,2,2,0.0034,0.02505,0.97156
1408485,2,2,0.00229,0.01409,0.98362
21665468,2,2,0.00152,0.01558,0.9829
38362466,0,0,0.98214,0.01619,0.00167
24943067,2,2,0.00367,0.03916,0.95716
11041229,2,2,0.00161,0.01008,0.98832
16025000,0,0,0.87474,0.11955,0.00571
31294305,2,2,0.00161,0.00856,0.98983
25722720,2,2,0.00111,0.00595,0.99294
2750781,2,2,0.00125,0.00811,0.99063
37148073,2,2,0.00195,0.01826,0.97978
39758516,0,0,0.93917,0.05819,0.00264
23106149,2,2,0.00114,0.00951,0.98935
35478768,2,2,0.0012,0.00517,0.99363
32567111,0,0,0.81192,0.18116,0.00692
18474074,0,0,0.90482,0.09065,0.00453
9771108,0,1,0.47253,0.51092,0.01655
1951223,2,2,0.00151,0.00897,0.98952
19676573,0,0,0.9385,0.05722,0.00428
12553472,0,0,0.98224,0.01619,0.00157
28578542,2,2,0.00223,0.02522,0.97255
28592385,2,2,0.02212,0.04468,0.9332
17151858,2,2,0.00352,0.03575,0.96073
4280146,0,0,0.97344,0.02485,0.00171
37616745,2,2,0.00253,0.00995,0.98752
20053785,2,2,0.00128,0.00581,0.99291
34636367,2,2,0.00131,0.00884,0.98985
26940204,2,2,0.00129,0.00843,0.99027
22754462,2,1,0.23353,0.74072,0.02575
10440369,2,2,0.00301,0.02058,0.9764
22357446,2,2,0.0022,0.02169,0.97611
14658297,2,2,0.00315,0.03871,0.95815
5341113,2,1,0.0766,0.63146,0.29194
24189803,2,2,0.00144,0.01149,0.98707
9842137,0,0,0.97036,0.02791,0.00173
29685499,0,0,0.9807,0.01687,0.00243
12662548,2,2,0.00628,0.06145,0.93227
21772995,2,2,0.00246,0.02111,0.97643
4257853,2,2,0.00189,0.01669,0.98142
12232649,2,2,0.00454,0.0294,0.96605
25544218,0,0,0.91055,0.08428,0.00517
27060375,2,2,0.00282,0.04024,0.95695
28398172,2,2,0.00281,0.04101,0.95618
13954547,2,2,0.0238,0.04734,0.92885
31906225,2,2,0.00116,0.00628,0.99256
23319324,0,0,0.97239,0.02561,0.002
5401613,2,2,0.00237,0.0124,0.98523
14346072,2,2,0.00628,0.04739,0.94633
28185248,0,0,0.93704,0.05849,0.00448
34116107,2,2,0.00256,0.01184,0.9856
25409125,2,2,0.00329,0.025,0.97171
7357863,2,2,0.00709,0.14798,0.84494
4414566,2,2,0.00163,0.01265,0.98572
6025769,2,2,0.00275,0.0185,0.97876
35484230,2,2,0.01267,0.03444,0.95289
13544135,2,2,0.00868,0.11939,0.87192
29946344,2,2,0.006,0.0231,0.97089
21299359,2,2,0.00144,0.01068,0.98788
3750222,2,2,0.00314,0.0096,0.98725
39555162,0,0,0.85359,0.13989,0.00652
40120827,2,0,0.6912,0.28478,0.02402
10940725,2,2,0.00223,0.00823,0.98953
9642102,1,0,0.8051,0.18105,0.01385
38953104,0,2,0.03946,0.42424,0.53629
19525595,2,2,0.0022,0.00869,0.98911
22127242,2,2,0.00163,0.0126,0.98577
11243731,2,2,0.01606,0.15385,0.83009
28735688,2,2,0.00683,0.0187,0.97447
6343622,2,2,0.0012,0.0085,0.9903
28025907,2,2,0.00151,0.00706,0.99143
5974103,2,2,0.00576,0.01788,0.97636
1233732,2,2,0.00296,0.05374,0.9433
30221164,0,0,0.64116,0.29126,0.06758
33010818,2,2,0.00246,0.00694,0.9906
22079027,2,2,0.07135,0.056,0.87264
8564541,2,2,0.00624,0.10959,0.88417
19747247,2,2,0.00887,0.1276,0.86353
28797409,2,2,0.00111,0.00538,0.99351
27947287,0,0,0.84297,0.1485,0.00853
38524256,0,1,0.3986,0.50783,0.09357
4334994,2,2,0.00134,0.00546,0.9932
10629642,0,0,0.73873,0.23519,0.02608
7948862,2,2,0.00256,0.02872,0.96873
23594064,2,2,0.00111,0.00538,0.99351
12369915,2,2,0.0024,0.02794,0.96966
39748416,2,2,0.00213,0.00853,0.98934
9878567,0,1,0.34099,0.63955,0.01946
40237589,2,2,0.00104,0.00623,0.99272
13435374,2,2,0.01546,0.02064,0.9639
23224358,2,2,0.17159,0.28947,0.53895
14651118,2,2,0.01999,0.15629,0.82372
27785729,2,2,0.0012,0.00742,0.99138
16361463,2,2,0.00193,0.0126,0.98547
39467884,0,0,0.98326,0.01517,0.00157
31342710,0,0,0.75335,0.23891,0.00774
40632678,2,2,0.00253,0.00943,0.98805
26464873,0,0,0.97888,0.0192,0.00192
6895264,1,0,0.86727,0.12641,0.00632
18728284,2,2,0.0032,0.02321,0.97359
29322812,2,2,0.22057,0.30743,0.47199
4218064,2,1,0.0357,0.55412,0.41018
4128043,0,0,0.95221,0.04604,0.00175
8427912,2,2,0.00146,0.0094,0.98914
25051475,2,2,0.00145,0.00581,0.99274
15133203,2,2,0.00118,0.00653,0.99229
38558005,0,0,0.9858,0.01125,0.00295
20151353,1,1,0.03221,0.8243,0.14349
18726148,0,0,0.74518,0.23911,0.01571
10854249,1,0,0.59897,0.38672,0.01431
30680666,2,2,0.00122,0.00513,0.99365
28490627,0,0,0.98466,0.01361,0.00173
14454708,2,2,0.00617,0.07739,0.91644
23268604,2,2,0.00518,0.01465,0.98016
408953,0,0,0.97505,0.02316,0.0018
8544129,2,1,0.21428,0.72988,0.05584
2879858,2,2,0.00282,0.00738,0.98979
32047962,2,2,0.00128,0.00555,0.99318
41276505,2,2,0.00186,0.01754,0.98059
35749078,0,0,0.74253,0.2364,0.02106
22455012,0,0,0.87373,0.11917,0.0071
35647418,2,2,0.00183,0.00673,0.99144
30683665,2,2,0.00122,0.00847,0.99032
28234073,2,2,0.00407,0.01665,0.97928
27766447,2,2,0.00165,0.0119,0.98645
6647317,2,2,0.00126,0.00663,0.99211
7223938,2,2,0.05902,0.39399,0.54699
22296209,2,2,0.00111,0.006,0.99289
21443519,2,2,0.00136,0.00877,0.98988
23138673,2,2,0.0014,0.00572,0.99288
28535976,2,2,0.00135,0.00944,0.98921
13880866,2,2,0.00151,0.00706,0.99143
7468620,2,2,0.00116,0.00577,0.99307
25506023,2,2,0.00555,0.01669,0.97776
10901061,2,2,0.00413,0.01665,0.97922
40276561,2,2,0.00846,0.05155,0.93999
41532096,2,2,0.0028,0.01687,0.98034
36313124,0,0,0.9811,0.01752,0.00139
36524292,2,1,0.19613,0.49501,0.30886
24673218,2,2,0.00151,0.00988,0.98861
7893578,2,2,0.00151,0.0106,0.9879
35118618,2,2,0.00169,0.01972,0.97858
12866925,2,2,0.01744,0.34344,0.63913
5272173,2,2,0.00386,0.03768,0.95847
28431725,2,1,0.27218,0.59799,0.12983
14087772,2,2,0.00187,0.01606,0.98207
19278965,2,2,0.00514,0.07533,0.91953
36490605,0,1,0.17851,0.7789,0.04259
28078093,0,0,0.53767,0.44228,0.02005
22127311,2,2,0.00166,0.00633,0.99201
5571895,0,0,0.95273,0.04186,0.00541
25375969,0,0,0.729,0.25993,0.01107
23468670,2,2,0.00133,0.01223,0.98645
19745349,0,0,0.97452,0.02395,0.00154
16440509,2,2,0.00472,0.05259,0.94269
20346625,2,2,0.00736,0.08715,0.90549
22947774,2,2,0.00814,0.09449,0.89737
27866562,1,0,0.75556,0.22775,0.01669
573362,2,2,0.0012,0.00808,0.99072
37953169,2,2,0.0018,0.0055,0.9927
21187984,2,2,0.00194,0.01027,0.98779
41269812,2,2,0.00221,0.02068,0.97712
6741412,2,2,0.00124,0.0059,0.99286
2643459,0,0,0.95406,0.0435,0.00244
22309493,2,2,0.01932,0.29979,0.68089
20260579,2,2,0.00242,0.05035,0.94723
39788502,0,2,0.01272,0.20049,0.78679
40070752,2,2,0.01754,0.06169,0.92078
39576625,0,0,0.90888,0.08774,0.00338
40342151,2,2,0.00287,0.02078,0.97634
11014989,2,2,0.00114,0.00623,0.99262
4704248,2,2,0.00542,0.09686,0.89772
35980263,0,0,0.86296,0.13182,0.00521
25554174,2,2,0.00241,0.01113,0.98646
37397286,0,0,0.97818,0.0203,0.00152
40322898,0,0,0.91865,0.07526,0.00609
3523379,2,2,0.00293,0.01726,0.97981
10318824,2,2,0.01645,0.45153,0.53203
32542397,2,2,0.00539,0.10247,0.89214
18312647,2,2,0.00341,0.03493,0.96166
13121805,2,2,0.01356,0.25188,0.73456
17709299,2,2,0.0012,0.00937,0.98944
39698097,2,2,0.00114,0.00671,0.99215
6254791,2,2,0.00161,0.01105,0.98734
21946977,2,2,0.00508,0.01085,0.98407
27603441,2,2,0.00118,0.00802,0.9908
37916944,0,0,0.49887,0.48731,0.01382
30494843,0,0,0.94138,0.05405,0.00457
3586612,2,2,0.00125,0.00778,0.99097
39788604,0,0,0.96574,0.03257,0.0017
34797504,0,1,0.13385,0.84018,0.02597
36097231,2,1,0.04055,0.78329,0.17616
13372601,2,2,0.00245,0.01071,0.98684
25949894,2,2,0.00254,0.02075,0.97671
11826379,2,2,0.00536,0.02054,0.97411
13380133,2,2,0.00118,0.00757,0.99125
34152944,2,2,0.00188,0.0085,0.98962
6458674,2,2,0.01371,0.13795,0.84834
34928581,2,2,0.00576,0.0098,0.98443
2248604,0,0,0.81599,0.17373,0.01027
19087500,2,2,0.00175,0.0203,0.97796
16028141,2,2,0.00389,0.00631,0.9898
27974134,1,0,0.65226,0.16268,0.18506
22747986,2,2,0.00159,0.00722,0.99119
38045236,1,1,0.15027,0.82141,0.02833
40336441,2,2,0.00174,0.00658,0.99168
22124877,2,2,0.00214,0.02037,0.9775
8298566,2,2,0.00134,0.00703,0.99163
4911698,2,2,0.00136,0.00867,0.98998
19420376,2,0,0.41298,0.25518,0.33184
39255155,2,2,0.00339,0.05528,0.94133
40206757,0,0,0.95468,0.04193,0.00339
27751298,0,0,0.70397,0.28891,0.00712
9477278,0,0,0.98097,0.01755,0.00147
15553773,2,2,0.00213,0.00744,0.99042
11910904,0,0,0.87319,0.12145,0.00536
26346705,2,2,0.0014,0.01085,0.98776
25250069,2,2,0.00171,0.00962,0.98867
14474626,2,2,0.00142,0.00992,0.98866
34720149,0,0,0.95893,0.03916,0.00191
30248034,0,0,0.58294,0.40696,0.01011
25934055,2,2,0.17159,0.28947,0.53895
17545678,2,1,0.4156,0.55925,0.02515
17070365,2,1,0.45107,0.51918,0.02975
16791753,0,0,0.97471,0.02338,0.00191
16239646,2,1,0.17995,0.78475,0.0353
1265541,2,2,0.0016,0.01383,0.98457
36992623,2,2,0.00113,0.00546,0.99341
11614765,2,2,0.00157,0.01517,0.98326
20843631,0,0,0.73672,0.22689,0.03639
8903500,2,1,0.07977,0.71374,0.2065
39341497,0,0,0.96461,0.01866,0.01673
23346991,0,0,0.81918,0.17373,0.00709
3681014,1,0,0.79174,0.20097,0.00729
31602744,2,2,0.01179,0.25307,0.73514
15260030,2,2,0.0025,0.03704,0.96046
20412720,0,0,0.96001,0.03779,0.0022
35670280,2,2,0.00408,0.05838,0.93755
28686505,2,2,0.17159,0.28947,0.53895
19482599,0,0,0.74382,0.24338,0.0128
21225281,2,2,0.00129,0.00766,0.99105
30990627,2,2,0.00255,0.0163,0.98115
26290605,2,2,0.00698,0.17319,0.81982
12166412,1,0,0.92885,0.06815,0.003
19236528,2,2,0.00472,0.03691,0.95837
30503684,2,1,0.12088,0.55244,0.32667
34628202,2,2,0.00295,0.00882,0.98822
9196723,2,2,0.00557,0.04353,0.9509
15154742,2,2,0.00379,0.06815,0.92805
16339397,2,2,0.00136,0.00628,0.99236
28435572,2,2,0.00131,0.00894,0.98975
22583333,2,2,0.00176,0.01043,0.98781
35449068,0,0,0.94772,0.04853,0.00375
19933158,2,2,0.00137,0.01185,0.98678
35753971,2,2,0.00658,0.10434,0.88908
14202770,2,2,0.00398,0.02211,0.97391
20988746,2,2,0.00181,0.01666,0.98153
35299221,2,2,0.00872,0.14265,0.84863
13518541,0,0,0.98013,0.01849,0.00138
19266218,2,2,0.02317,0.07977,0.89706
13515723,1,1,0.11286,0.63688,0.25026
29851540,2,1,0.04125,0.82844,0.13031
2954919,2,2,0.00113,0.00734,0.99154
21916226,2,2,0.00763,0.03882,0.95355
24315764,2,2,0.00191,0.00817,0.98992
13994665,2,2,0.00181,0.01442,0.98377
24069283,2,2,0.00123,0.0094,0.98937
6874481,2,2,0.02071,0.11896,0.86033
27468660,2,2,0.00877,0.11065,0.88058
32657496,2,2,0.00193,0.0134,0.98467
5238179,0,0,0.69776,0.27539,0.02684
30399414,2,2,0.0031,0.03751,0.95939
14802680,2,2,0.00142,0.00897,0.98961
14529501,2,2,0.00126,0.00714,0.9916
21428246,2,2,0.0015,0.01331,0.98519
28669767,2,2,0.00206,0.01055,0.98739
15743441,2,2,0.00212,0.01436,0.98352
28181511,2,2,0.00153,0.01123,0.98724
4639528,2,2,0.00288,0.04831,0.94881
18468128,0,0,0.85637,0.13656,0.00707
17698041,2,2,0.00202,0.01431,0.98367
37587327,2,2,0.0013,0.00638,0.99232
22219525,0,1,0.38492,0.56006,0.05502
27603796,2,2,0.0387,0.14659,0.81471
22768411,2,2,0.00247,0.01767,0.97986
34522041,2,2,0.00226,0.01193,0.98581
22935418,0,0,0.65994,0.32289,0.01718
15861217,2,2,0.03776,0.04035,0.9219
26285993,0,0,0.65524,0.32947,0.01529
35686212,0,0,0.92792,0.06922,0.00286
27471362,2,2,0.00186,0.0055,0.99264
40657128,1,1,0.03257,0.66442,0.30301
17113815,2,2,0.00149,0.00739,0.99112
40224535,2,2,0.00616,0.10715,0.88669
15081299,2,2,0.00762,0.09768,0.8947
12304013,2,2,0.00122,0.00638,0.9924
39590641,1,1,0.1079,0.85538,0.03671
23223053,2,2,0.00155,0.01738,0.98107
1887562,2,2,0.00196,0.01575,0.98229
26624902,2,2,0.05044,0.1605,0.78906
12024470,2,2,0.00128,0.00684,0.99188
15783506,2,2,0.03256,0.06655,0.90089
6749380,2,2,0.00314,0.03948,0.95738
2516382,1,2,0.01192,0.11921,0.86887
18751388,2,2,0.00166,0.01123,0.98712
17856686,2,2,0.15075,0.17099,0.67826
6013552,2,2,0.00339,0.02637,0.97024
29002808,2,2,0.00516,0.07039,0.92445
14206026,2,2,0.00111,0.00643,0.99246
31473817,2,1,0.05169,0.72485,0.22345
29756948,1,1,0.38522,0.592,0.02278
34101368,0,0,0.46923,0.39206,0.13871
2476461,2,2,0.00325,0.06776,0.92899
2234604,1,0,0.72703,0.26538,0.00759
2488228,2,2,0.00256,0.01212,0.98532
24452293,2,2,0.02069,0.05021,0.9291
11872799,2,2,0.00114,0.00698,0.99188
30841867,0,2,0.09003,0.18508,0.72489
14319582,0,0,0.57788,0.41299,0.00912
12126456,0,1,0.21728,0.58489,0.19783
14474394,1,2,0.00131,0.00853,0.99015
25730601,2,2,0.00149,0.0084,0.99011
17609332,2,2,0.00156,0.01064,0.98781
464629,2,2,0.00137,0.01181,0.98682
36711124,2,2,0.00166,0.01093,0.98742
15925408,2,2,0.00172,0.02109,0.97719
17340082,0,0,0.83178,0.16379,0.00443
36826768,2,2,0.00158,0.0133,0.98512
35914869,2,2,0.00342,0.01779,0.97879
4279384,0,0,0.91622,0.07897,0.00481
34784375,2,2,0.00112,0.00827,0.9906
23099186,0,0,0.92682,0.06516,0.00802
18957838,2,2,0.00138,0.0089,0.98972
22811627,2,2,0.00383,0.04518,0.95099
37465321,2,1,0.37312,0.59625,0.03063
35435862,2,2,0.14241,0.35663,0.50096
1637361,2,2,0.00267,0.01538,0.98194
25566803,2,2,0.00173,0.0126,0.98566
33027704,0,1,0.08666,0.85165,0.06169
17108561,2,2,0.00185,0.0094,0.98875
18447866,0,0,0.912,0.08466,0.00334
20971563,2,2,0.00168,0.00977,0.98855
17213749,2,2,0.00123,0.00802,0.99074
4432089,2,0,0.73143,0.24983,0.01875
40540258,0,0,0.9753,0.02323,0.00147
40485700,0,0,0.98189,0.0167,0.00141
20153946,2,2,0.00146,0.01089,0.98765
17159909,2,2,0.00299,0.01121,0.9858
7827396,2,2,0.00174,0.00733,0.99093
7278479,2,2,0.00125,0.01016,0.98859
29526286,0,0,0.63431,0.3503,0.01539
36104759,0,0,0.8665,0.1293,0.00421
10491848,2,2,0.00426,0.0171,0.97864
35661979,2,2,0.00155,0.01437,0.98408
13856133,2,2,0.00982,0.34874,0.64144
5603602,2,2,0.01177,0.09607,0.89216
34330803,2,2,0.0033,0.00868,0.98802
16262889,2,2,0.00158,0.01222,0.9862
19089293,2,2,0.00118,0.00663,0.99219
26861426,2,2,0.00212,0.0135,0.98438
20818949,0,1,0.13808,0.77768,0.08424
2303962,0,0,0.98842,0.00958,0.002
24932724,0,0,0.98441,0.01426,0.00133
34603695,0,0,0.96356,0.03382,0.00262
5784934,2,2,0.00221,0.01894,0.97885
33265515,2,2,0.00253,0.02413,0.97334
16287308,2,1,0.02964,0.82006,0.1503
17327017,2,1,0.04238,0.72807,0.22955
19499154,2,2,0.01125,0.17525,0.81351
41032117,0,0,0.79698,0.19684,0.00618
38813315,0,0,0.89719,0.09852,0.00429
36993752,2,2,0.00142,0.00944,0.98915
9278040,2,2,0.0033,0.02384,0.97287
11021493,2,2,0.00195,0.02096,0.97709
12181288,2,2,0.00126,0.00734,0.99141
4344954,2,2,0.05892,0.32228,0.6188
17941999,0,0,0.97213,0.02619,0.00168
26559347,2,2,0.00136,0.00808,0.99056
14408106,2,2,0.00253,0.02459,0.97288
6102689,2,2,0.00144,0.00863,0.98993
1310826,2,2,0.00151,0.00643,0.99206
21320341,2,2,0.00228,0.01714,0.98058
32287963,0,0,0.92787,0.06948,0.00265
11326794,2,2,0.00142,0.00648,0.9921
36503997,2,2,0.00239,0.01915,0.97846
31543145,2,2,0.00135,0.01,0.98865
25244040,2,2,0.00111,0.00538,0.99351
38302764,2,2,0.00176,0.01203,0.98621
34905467,2,2,0.00199,0.01493,0.98308
24193839,1,2,0.00581,0.07569,0.9185
30083642,2,2,0.00138,0.00805,0.99057
15481887,0,0,0.96961,0.02863,0.00176
21948173,0,0,0.95196,0.04603,0.00202
39163472,0,2,0.22184,0.17515,0.60302
11509300,2,2,0.00293,0.01562,0.98145
16262879,2,2,0.00139,0.01176,0.98684
26775546,2,2,0.00163,0.01097,0.9874
33642282,2,1,0.06042,0.83739,0.10218
30185059,2,2,0.00236,0.01414,0.9835
22154749,2,2,0.00497,0.09109,0.90394
34271427,2,2,0.00124,0.00648,0.99228
26899379,0,0,0.97956,0.01858,0.00186
3312509,1,1,0.38584,0.5976,0.01656
29178651,2,2,0.0017,0.01367,0.98463
38692337,0,0,0.94456,0.05203,0.00341
5395986,2,2,0.00429,0.09697,0.89873
9676493,2,2,0.00314,0.0105,0.98636
20092999,2,2,0.00285,0.01474,0.98241
35416040,2,1,0.08215,0.86955,0.0483
28555359,2,2,0.0037,0.07709,0.91921
39489621,2,2,0.00323,0.0275,0.96927
39364944,0,0,0.96598,0.03197,0.00205
36165793,0,0,0.89331,0.1028,0.00389
12561232,2,2,0.00151,0.01154,0.98696
14351926,2,2,0.00122,0.00763,0.99116
21308610,2,2,0.00266,0.02024,0.9771
25469480,2,2,0.0181,0.03878,0.94312
12571456,2,2,0.00357,0.00652,0.98991
31575103,2,2,0.00163,0.0127,0.98567
20394840,2,2,0.00121,0.00962,0.98916
35319626,0,0,0.87003,0.11902,0.01095
32886658,2,2,0.00559,0.0977,0.89671
40072262,0,0,0.55703,0.42376,0.01921
36170577,2,2,0.00174,0.02191,0.97635
33546037,0,0,0.97726,0.0214,0.00134
35887265,2,2,0.00174,0.00965,0.98861
11715913,2,2,0.00268,0.02664,0.97068
40974559,0,0,0.7259,0.26496,0.00914
19242667,2,2,0.03972,0.30401,0.65627
10932241,2,2,0.00142,0.00922,0.98936
20073423,0,1,0.11218,0.85518,0.03264
18858999,2,2,0.00189,0.01758,0.98053
1577505,0,0,0.86546,0.12914,0.00539
13810045,0,0,0.9045,0.09168,0.00381
31677687,0,0,0.96048,0.03714,0.00238
2053537,2,2,0.00109,0.00572,0.99318
14829603,2,2,0.0014,0.0085,0.9901
29136112,2,2,0.00104,0.00538,0.99358
34145439,2,2,0.0014,0.00572,0.99288
23743542,2,2,0.00144,0.01158,0.98698
16632828,0,2,0.0092,0.17505,0.81575
2155028,2,2,0.00374,0.03632,0.95993
9321206,0,0,0.85401,0.1386,0.00739
16441438,2,2,0.00279,0.03413,0.96308
15891522,0,1,0.11279,0.82857,0.05863
41332338,2,2,0.00353,0.06349,0.93298
18096793,2,2,0.00273,0.02628,0.97099
23884271,2,2,0.00245,0.00976,0.98779
3654544,0,0,0.81337,0.18149,0.00515
26391709,2,2,0.00161,0.00894,0.98946
41182754,2,2,0.00174,0.00745,0.99081
5268291,2,2,0.00372,0.07055,0.92572
15237000,2,2,0.01496,0.10868,0.87636
14647436,2,2,0.00405,0.04988,0.94607
36579190,2,2,0.00336,0.01973,0.97691
7876412,2,2,0.00104,0.007,0.99195
7418649,0,0,0.91656,0.07417,0.00927
24696282,2,2,0.0014,0.00703,0.99157
2741693,2,2,0.02581,0.12612,0.84807
37079435,2,2,0.08346,0.33724,0.5793
32680725,2,2,0.01309,0.03253,0.95438
7383816,2,2,0.00127,0.0085,0.99023
38603370,2,2,0.01754,0.47397,0.50849
10865074,2,2,0.01607,0.10654,0.87739
8021354,0,1,0.45752,0.47204,0.07044
19254897,2,2,0.0032,0.03648,0.96032
7195680,2,2,0.00146,0.01194,0.9866
29240733,2,2,0.01173,0.07123,0.91704
24821061,0,1,0.47361,0.51209,0.0143
41411270,0,1,0.16674,0.79403,0.03922
20231579,2,2,0.00118,0.00737,0.99146
35460960,1,0,0.86633,0.12827,0.0054
19934791,2,2,0.00129,0.00796,0.99075
24877188,0,0,0.97448,0.02355,0.00197
21711214,0,0,0.98286,0.01397,0.00318
8722009,1,2,0.00567,0.13954,0.85479
24038804,2,2,0.00129,0.0086,0.99011
2377525,2,2,0.00184,0.0142,0.98396
35940450,2,2,0.00822,0.07063,0.92114
33703938,2,2,0.00156,0.00722,0.99122
9047449,2,2,0.00187,0.01398,0.98415
40591926,2,2,0.00138,0.00722,0.9914
18411064,2,2,0.00357,0.02162,0.97481
1091221,2,2,0.00148,0.01185,0.98667
20850656,2,2,0.10434,0.26643,0.62923
3699087,2,2,0.00134,0.00679,0.99187
14192893,2,2,0.00662,0.03318,0.9602
8325375,0,1,0.43005,0.5522,0.01775
7728103,2,2,0.00144,0.00894,0.98962
13582835,2,2,0.00284,0.01864,0.97853
35818729,2,2,0.00317,0.01779,0.97904
31361565,2,2,0.00136,0.00586,0.99278
36855762,2,2,0.00316,0.02019,0.97665
29624494,0,1,0.14082,0.82512,0.03406
16038675,2,2,0.00122,0.00505,0.99373
11092656,2,2,0.00257,0.00983,0.9876
27566399,1,0,0.75666,0.23532,0.00802
26696397,2,2,0.00198,0.02006,0.97796
2373738,2,2,0.00349,0.045,0.95152
5371944,1,1,0.09739,0.82186,0.08074
38316531,2,2,0.00229,0.01453,0.98318
24025390,2,2,0.17616,0.28755,0.53629
14698093,2,2,0.00602,0.1001,0.89388
21035522,2,2,0.0076,0.14068,0.85172
33691523,0,0,0.74419,0.2435,0.01231
21556132,1,0,0.76942,0.22217,0.00841
31520542,0,0,0.82628,0.16721,0.00651
35093782,1,0,0.73512,0.25604,0.00883
17683231,1,1,0.24546,0.70887,0.04567
798924,2,2,0.00387,0.01785,0.97828
3027845,1,0,0.82611,0.16849,0.0054
36389093,0,1,0.0737,0.75906,0.16723
21199309,2,1,0.04569,0.7259,0.22841
9143076,2,2,0.00198,0.01737,0.98064
28993137,0,0,0.95267,0.04521,0.00212
32510589,2,2,0.00179,0.0134,0.98481
8281615,2,2,0.00136,0.006,0.99265
39476974,2,2,0.00505,0.04684,0.94811
13944204,2,2,0.00579,0.03554,0.95867
6700830,0,0,0.89649,0.09551,0.008
8514491,2,2,0.00226,0.0118,0.98594
12646629,2,2,0.00262,0.03523,0.96215
14025705,2,2,0.0013,0.00623,0.99247
38695133,2,2,0.0028,0.03079,0.96641
24276759,2,2,0.00581,0.03246,0.96173
35001205,1,0,0.42224,0.31378,0.26397
10081128,2,2,0.0021,0.0235,0.9744
25588461,0,0,0.97681,0.02162,0.00156
4290792,2,2,0.00166,0.02624,0.97211
23720470,2,2,0.00386,0.0208,0.97533
40373376,0,1,0.29606,0.68299,0.02095
11997593,1,0,0.50238,0.48314,0.01448
27544715,2,2,0.00326,0.03329,0.96344
16047991,0,0,0.98634,0.01176,0.0019
41297326,2,2,0.12812,0.13746,0.73442
15074335,2,2,0.00109,0.0072,0.99171
14322999,0,0,0.69789,0.28308,0.01904
14351961,2,0,0.64664,0.29033,0.06303
17534853,2,2,0.00122,0.00671,0.99207
17685709,2,2,0.00368,0.00732,0.989
31883599,2,2,0.00116,0.00498,0.99386
31057234,2,2,0.02728,0.11082,0.86191
16546289,1,1,0.47025,0.49474,0.03501
24001891,2,2,0.00136,0.00501,0.99363
24505461,2,2,0.00141,0.01305,0.98553
23088997,0,0,0.64816,0.34424,0.00761
6232518,2,2,0.002,0.02289,0.97511
37869466,0,0,0.98151,0.01682,0.00167
9951046,0,1,0.08963,0.83721,0.07315
27525783,2,2,0.00261,0.00942,0.98797
16498316,2,2,0.00122,0.0086,0.99018
22434421,2,2,0.00137,0.01023,0.98839
10800634,0,0,0.98037,0.01831,0.00132
20420424,2,2,0.0075,0.05457,0.93793
35125563,2,1,0.09033,0.73877,0.17091
22244984,2,2,0.00134,0.006,0.99267
3475837,2,2,0.00691,0.07335,0.91973
9643290,2,2,0.00294,0.0136,0.98346
5817563,1,1,0.05381,0.74289,0.20329
20961492,2,2,0.00676,0.03632,0.95693
16551514,0,0,0.96828,0.0299,0.00181
40428664,2,2,0.00427,0.05874,0.93699
1499797,2,2,0.00254,0.03427,0.96319
23566016,0,1,0.39955,0.57682,0.02362
26401434,2,2,0.01022,0.12592,0.86387
13250138,2,2,0.03753,0.04253,0.91995
35654265,2,2,0.00153,0.01336,0.98512
31316585,2,2,0.00509,0.06887,0.92603
23273540,2,2,0.00144,0.00857,0.98999
5962141,2,2,0.00127,0.00748,0.99125
36452109,1,0,0.71144,0.24683,0.04174
2419047,2,2,0.00107,0.00638,0.99254
40620507,2,2,0.00207,0.02076,0.97717
19065202,2,0,0.68863,0.29273,0.01864
2856735,2,2,0.00346,0.02204,0.9745
1394689,2,2,0.00197,0.00792,0.99011
37829137,0,0,0.97203,0.02636,0.00161
28961014,0,0,0.97521,0.02262,0.00217
27968356,2,2,0.00223,0.02418,0.97358
14969983,2,2,0.00209,0.02635,0.97156
2529267,2,2,0.00142,0.00708,0.99149
10919866,2,2,0.0051,0.03889,0.95602
4699635,2,2,0.00296,0.05105,0.94599
25697848,1,1,0.24957,0.67708,0.07334
40483599,2,2,0.0012,0.00577,0.99303
36357104,2,2,0.00565,0.05896,0.93539
22773008,2,2,0.00144,0.01145,0.98711
19888348,2,2,0.00283,0.02099,0.97619
