item_id,ollama__llama3.1_8b,ollama__mistral,ollama__qwen3_8b,majority,unanimous
R00000,NEGATIVE,NEGATIVE,NEGATIVE,NEGATIVE,True
R00001,NEGATIVE,NEGATIVE,NEGATIVE,NEGATIVE,True
R00002,MIXED,MIXED,NEGATIVE,MIXED,False
R00004,NEGATIVE,NEGATIVE,NEGATIVE,NEGATIVE,True
R00005,NEGATIVE,NEGATIVE,NEGATIVE,NEGATIVE,True
R00006,NEGATIVE,MIXED,NEGATIVE,NEGATIVE,False
R00007,NEGATIVE,NEGATIVE,NEGATIVE,NEGATIVE,True
R00008,NEUTRAL,MIXED,NEUTRAL,NEUTRAL,False
R00009,NEGATIVE,NEGATIVE,NEGATIVE,NEGATIVE,True
R00010,POSITIVE,POSITIVE,POSITIVE,POSITIVE,True
R00011,MIXED,MIXED,MIXED,MIXED,True
R00012,NEUTRAL,MIXED,MIXED,MIXED,False
R00013,MIXED,MIXED,MIXED,MIXED,True
R00014,MIXED,MIXED,MIXED,MIXED,True
R00015,NEGATIVE,MIXED,NEGATIVE,NEGATIVE,False
R00016,MIXED,MIXED,MIXED,MIXED,True
R00017,MIXED,MIXED,MIXED,MIXED,True
R00018,NEGATIVE,NEGATIVE,MIXED,NEGATIVE,False
R00019,POSITIVE,POSITIVE,POSITIVE,POSITIVE,True
R00020,NEGATIVE,NEGATIVE,NEGATIVE,NEGATIVE,True
R00021,NEGATIVE,NEGATIVE,NEGATIVE,NEGATIVE,True
R00022,NEUTRAL,MIXED,MIXED,MIXED,False
R00023,NEGATIVE,NEGATIVE,MIXED,NEGATIVE,False
R00024,NEGATIVE,NEGATIVE,NEGATIVE,NEGATIVE,True
R00025,NEUTRAL,MIXED,NEGATIVE,NO_MAJORITY,False
R00026,NEUTRAL,NEGATIVE,NEUTRAL,NEUTRAL,False
R00027,NEGATIVE,NEGATIVE,NEGATIVE,NEGATIVE,True
R00028,NEGATIVE,NEGATIVE,NEGATIVE,NEGATIVE,True
R00029,NEGATIVE,NEGATIVE,NEGATIVE,NEGATIVE,True
R00030,NEUTRAL,POSITIVE,NEUTRAL,NEUTRAL,False
R00031,POSITIVE,POSITIVE,POSITIVE,POSITIVE,True
R00032,POSITIVE,POSITIVE,POSITIVE,POSITIVE,True
R00033,NEGATIVE,MIXED,NEGATIVE,NEGATIVE,False
R00034,NEGATIVE,NEGATIVE,NEGATIVE,NEGATIVE,True
R00035,POSITIVE,POSITIVE,POSITIVE,POSITIVE,True
R00036,NEGATIVE,NEGATIVE,NEGATIVE,NEGATIVE,True
R00037,NEGATIVE,NEGATIVE,NEGATIVE,NEGATIVE,True
R00038,NEGATIVE,NEGATIVE,NEGATIVE,NEGATIVE,True
R00039,MIXED,NEGATIVE,MIXED,MIXED,False
R00040,NEGATIVE,NEGATIVE,NEGATIVE,NEGATIVE,True
R00041,NEGATIVE,NEGATIVE,NEUTRAL,NEGATIVE,False
R00042,NEUTRAL,MIXED,MIXED,MIXED,False
R00043,NEGATIVE,MIXED,NEGATIVE,NEGATIVE,False
R00044,NEGATIVE,NEGATIVE,NEGATIVE,NEGATIVE,True
R00045,NEGATIVE,NEGATIVE,NEGATIVE,NEGATIVE,True
R00046,NEUTRAL,MIXED,MIXED,MIXED,False
R00047,NEUTRAL,NEGATIVE,MIXED,NO_MAJORITY,False
R00048,NEGATIVE,MIXED,MIXED,MIXED,False
R00049,MIXED,MIXED,MIXED,MIXED,True
R00050,NEUTRAL,MIXED,NEUTRAL,NEUTRAL,False
R00051,NEUTRAL,MIXED,NEUTRAL,NEUTRAL,False
R00052,NEGATIVE,NEGATIVE,NEGATIVE,NEGATIVE,True
R00053,MIXED,MIXED,MIXED,MIXED,True
R00054,NEGATIVE,NEGATIVE,NEGATIVE,NEGATIVE,True
R00055,NEGATIVE,NEGATIVE,NEGATIVE,NEGATIVE,True
R00056,MIXED,MIXED,NEGATIVE,MIXED,False
R00057,NEGATIVE,NEGATIVE,NEGATIVE,NEGATIVE,True
R00058,NEGATIVE,NEGATIVE,NEGATIVE,NEGATIVE,True
R00060,NEGATIVE,NEGATIVE,NEGATIVE,NEGATIVE,True
R00061,MIXED,NEGATIVE,MIXED,MIXED,False
R00062,NEUTRAL,NEGATIVE,NEUTRAL,NEUTRAL,False
R00063,NEGATIVE,NEGATIVE,MIXED,NEGATIVE,False
R00064,NEGATIVE,NEGATIVE,NEGATIVE,NEGATIVE,True
R00065,NEGATIVE,NEGATIVE,NEGATIVE,NEGATIVE,True
R00066,POSITIVE,POSITIVE,POSITIVE,POSITIVE,True
R00067,NEUTRAL,NEGATIVE,UNCLEAR,NO_MAJORITY,False
R00068,NEUTRAL,MIXED,MIXED,MIXED,False
R00069,NEGATIVE,NEGATIVE,NEGATIVE,NEGATIVE,True
R00070,MIXED,MIXED,NEGATIVE,MIXED,False
R00071,NEGATIVE,NEGATIVE,NEGATIVE,NEGATIVE,True
R00072,NEGATIVE,NEGATIVE,NEGATIVE,NEGATIVE,True
R00073,POSITIVE,NEUTRAL,POSITIVE,POSITIVE,False
R00074,NEGATIVE,NEGATIVE,NEGATIVE,NEGATIVE,True
R00075,NEGATIVE,NEGATIVE,NEGATIVE,NEGATIVE,True
R00076,NEGATIVE,NEGATIVE,NEGATIVE,NEGATIVE,True
R00077,NEUTRAL,NEGATIVE,NEGATIVE,NEGATIVE,False
R00078,NEGATIVE,NEGATIVE,NEGATIVE,NEGATIVE,True
R00079,NEUTRAL,MIXED,NEGATIVE,NO_MAJORITY,False
R00080,NEGATIVE,NEGATIVE,MIXED,NEGATIVE,False
R00081,MIXED,MIXED,MIXED,MIXED,True
R00082,MIXED,NEGATIVE,MIXED,MIXED,False
R00083,POSITIVE,POSITIVE,POSITIVE,POSITIVE,True
R00084,NEGATIVE,NEGATIVE,NEGATIVE,NEGATIVE,True
R00085,NEUTRAL,MIXED,MIXED,MIXED,False
R00086,NEUTRAL,NEUTRAL,NEUTRAL,NEUTRAL,True
R00087,NEGATIVE,NEGATIVE,MIXED,NEGATIVE,False
R00088,NEGATIVE,MIXED,MIXED,MIXED,False
R00089,NEGATIVE,MIXED,MIXED,MIXED,False
R00090,NEGATIVE,NEGATIVE,NEGATIVE,NEGATIVE,True
R00091,NEGATIVE,NEGATIVE,NEGATIVE,NEGATIVE,True
R00092,NEGATIVE,NEGATIVE,NEGATIVE,NEGATIVE,True
R00093,NEGATIVE,NEGATIVE,NEGATIVE,NEGATIVE,True
R00094,NEUTRAL,MIXED,MIXED,MIXED,False
R00095,NEGATIVE,NEGATIVE,NEGATIVE,NEGATIVE,True
R00096,NEGATIVE,NEGATIVE,NEGATIVE,NEGATIVE,True
R00097,NEGATIVE,NEGATIVE,NEGATIVE,NEGATIVE,True
R00098,NEGATIVE,NEGATIVE,NEGATIVE,NEGATIVE,True
R00099,NEGATIVE,NEGATIVE,NEGATIVE,NEGATIVE,True
R00100,MIXED,MIXED,MIXED,MIXED,True
R00101,NEUTRAL,MIXED,MIXED,MIXED,False
R00102,NEGATIVE,MIXED,MIXED,MIXED,False
R00103,NEGATIVE,MIXED,MIXED,MIXED,False
R00104,NEGATIVE,NEGATIVE,NEGATIVE,NEGATIVE,True
R00105,NEGATIVE,NEGATIVE,NEGATIVE,NEGATIVE,True
R00106,MIXED,MIXED,MIXED,MIXED,True
R00107,NEGATIVE,NEGATIVE,NEGATIVE,NEGATIVE,True
R00108,NEUTRAL,MIXED,NEUTRAL,NEUTRAL,False
R00109,NEGATIVE,NEGATIVE,NEGATIVE,NEGATIVE,True
R00110,NEGATIVE,NEGATIVE,NEGATIVE,NEGATIVE,True
R00111,POSITIVE,POSITIVE,MIXED,POSITIVE,False
R00112,NEUTRAL,NEUTRAL,NEUTRAL,NEUTRAL,True
R00113,POSITIVE,MIXED,MIXED,MIXED,False
R00114,NEGATIVE,NEGATIVE,NEGATIVE,NEGATIVE,True
R00115,NEUTRAL,MIXED,MIXED,MIXED,False
R00116,NEGATIVE,NEGATIVE,NEGATIVE,NEGATIVE,True
R00117,POSITIVE,POSITIVE,POSITIVE,POSITIVE,True
R00118,NEGATIVE,NEGATIVE,NEGATIVE,NEGATIVE,True
R00119,NEUTRAL,MIXED,MIXED,MIXED,False
R00120,MIXED,MIXED,MIXED,MIXED,True
R00121,POSITIVE,MIXED,MIXED,MIXED,False
R00122,NEUTRAL,MIXED,MIXED,MIXED,False
R00123,MIXED,MIXED,MIXED,MIXED,True
R00124,NEUTRAL,POSITIVE,NEUTRAL,NEUTRAL,False
R00125,NEGATIVE,NEGATIVE,NEGATIVE,NEGATIVE,True
R00126,NEGATIVE,MIXED,MIXED,MIXED,False
R00127,POSITIVE,POSITIVE,POSITIVE,POSITIVE,True
R00128,NEGATIVE,NEGATIVE,NEGATIVE,NEGATIVE,True
R00129,NEUTRAL,NEGATIVE,NEUTRAL,NEUTRAL,False
R00130,NEGATIVE,NEGATIVE,NEGATIVE,NEGATIVE,True
R00131,MIXED,MIXED,MIXED,MIXED,True
R00132,NEGATIVE,NEGATIVE,NEGATIVE,NEGATIVE,True
R00133,NEGATIVE,NEGATIVE,NEGATIVE,NEGATIVE,True
R00134,NEUTRAL,NEGATIVE,NEUTRAL,NEUTRAL,False
R00135,NEGATIVE,NEGATIVE,NEGATIVE,NEGATIVE,True
R00136,NEGATIVE,NEGATIVE,MIXED,NEGATIVE,False
R00137,NEGATIVE,MIXED,NEGATIVE,NEGATIVE,False
R00138,NEGATIVE,NEGATIVE,NEGATIVE,NEGATIVE,True
R00139,NEGATIVE,MIXED,MIXED,MIXED,False
R00140,NEGATIVE,NEGATIVE,NEGATIVE,NEGATIVE,True
R00141,NEGATIVE,NEGATIVE,NEGATIVE,NEGATIVE,True
R00142,NEGATIVE,NEGATIVE,NEGATIVE,NEGATIVE,True
R00143,POSITIVE,POSITIVE,POSITIVE,POSITIVE,True
R00144,NEUTRAL,MIXED,MIXED,MIXED,False
R00145,NEGATIVE,NEGATIVE,NEGATIVE,NEGATIVE,True
R00146,NEGATIVE,MIXED,MIXED,MIXED,False
R00147,NEGATIVE,NEGATIVE,NEGATIVE,NEGATIVE,True
R00148,NEGATIVE,NEGATIVE,NEGATIVE,NEGATIVE,True
R00149,NEUTRAL,MIXED,MIXED,MIXED,False
R00150,POSITIVE,MIXED,MIXED,MIXED,False
R00151,NEUTRAL,NEUTRAL,NEUTRAL,NEUTRAL,True
R00152,NEUTRAL,POSITIVE,POSITIVE,POSITIVE,False
R00153,NEGATIVE,NEGATIVE,NEGATIVE,NEGATIVE,True
R00154,NEGATIVE,NEGATIVE,NEGATIVE,NEGATIVE,True
R00155,NEGATIVE,MIXED,MIXED,MIXED,False
R00156,NEGATIVE,NEGATIVE,NEGATIVE,NEGATIVE,True
R00157,NEUTRAL,MIXED,MIXED,MIXED,False
R00158,NEUTRAL,NEGATIVE,NEGATIVE,NEGATIVE,False
R00159,NEUTRAL,MIXED,MIXED,MIXED,False
R00160,POSITIVE,POSITIVE,POSITIVE,POSITIVE,True
R00161,POSITIVE,MIXED,POSITIVE,POSITIVE,False
R00162,NEGATIVE,NEGATIVE,UNCLEAR,NEGATIVE,False
R00163,NEGATIVE,NEGATIVE,NEGATIVE,NEGATIVE,True
R00164,NEGATIVE,NEGATIVE,NEGATIVE,NEGATIVE,True
R00165,NEGATIVE,NEGATIVE,NEGATIVE,NEGATIVE,True
R00166,NEGATIVE,NEGATIVE,NEGATIVE,NEGATIVE,True
R00167,POSITIVE,MIXED,MIXED,MIXED,False
R00168,NEGATIVE,NEGATIVE,NEGATIVE,NEGATIVE,True
R00169,NEGATIVE,NEUTRAL,NEGATIVE,NEGATIVE,False
R00170,NEGATIVE,NEGATIVE,NEGATIVE,NEGATIVE,True
R00171,POSITIVE,POSITIVE,NEUTRAL,POSITIVE,False
R00172,NEGATIVE,MIXED,MIXED,MIXED,False
R00173,POSITIVE,POSITIVE,POSITIVE,POSITIVE,True
R00174,NEGATIVE,NEGATIVE,NEGATIVE,NEGATIVE,True
R00175,POSITIVE,POSITIVE,POSITIVE,POSITIVE,True
R00176,NEGATIVE,NEGATIVE,NEGATIVE,NEGATIVE,True
R00177,NEGATIVE,NEGATIVE,NEGATIVE,NEGATIVE,True
R00178,NEUTRAL,NEGATIVE,NEGATIVE,NEGATIVE,False
R00179,POSITIVE,POSITIVE,POSITIVE,POSITIVE,True
R00180,NEGATIVE,NEGATIVE,NEGATIVE,NEGATIVE,True
R00181,NEUTRAL,NEUTRAL,NEUTRAL,NEUTRAL,True
R00182,NEUTRAL,MIXED,MIXED,MIXED,False
R00183,MIXED,MIXED,MIXED,MIXED,True
R00184,MIXED,MIXED,MIXED,MIXED,True
R00185,NEGATIVE,NEGATIVE,NEGATIVE,NEGATIVE,True
R00186,NEGATIVE,NEGATIVE,NEGATIVE,NEGATIVE,True
R00187,NEGATIVE,NEGATIVE,MIXED,NEGATIVE,False
R00188,NEGATIVE,NEGATIVE,NEGATIVE,NEGATIVE,True
R00189,NEGATIVE,NEGATIVE,MIXED,NEGATIVE,False
R00190,NEGATIVE,NEGATIVE,MIXED,NEGATIVE,False
R00191,NEGATIVE,NEGATIVE,MIXED,NEGATIVE,False
R00192,NEGATIVE,NEGATIVE,NEGATIVE,NEGATIVE,True
R00193,NEGATIVE,NEGATIVE,NEGATIVE,NEGATIVE,True
R00194,NEUTRAL,MIXED,NEUTRAL,NEUTRAL,False
R00195,NEGATIVE,NEGATIVE,NEGATIVE,NEGATIVE,True
R00196,NEGATIVE,NEGATIVE,NEGATIVE,NEGATIVE,True
R00197,POSITIVE,POSITIVE,POSITIVE,POSITIVE,True
R00198,NEUTRAL,NEUTRAL,NEUTRAL,NEUTRAL,True
R00199,NEUTRAL,MIXED,MIXED,MIXED,False
R00200,NEUTRAL,MIXED,NEGATIVE,NO_MAJORITY,False
R00201,POSITIVE,POSITIVE,POSITIVE,POSITIVE,True
R00202,POSITIVE,POSITIVE,MIXED,POSITIVE,False
R00203,POSITIVE,MIXED,MIXED,MIXED,False
R00204,NEGATIVE,NEGATIVE,NEGATIVE,NEGATIVE,True
R00205,NEGATIVE,NEGATIVE,NEGATIVE,NEGATIVE,True
R00206,NEGATIVE,NEGATIVE,NEGATIVE,NEGATIVE,True
R00207,NEGATIVE,MIXED,NEGATIVE,NEGATIVE,False
R00208,NEGATIVE,NEUTRAL,NEUTRAL,NEUTRAL,False
R00209,NEGATIVE,NEUTRAL,NEGATIVE,NEGATIVE,False
R00210,NEGATIVE,MIXED,MIXED,MIXED,False
R00211,POSITIVE,POSITIVE,POSITIVE,POSITIVE,True
R00212,NEGATIVE,MIXED,NEGATIVE,NEGATIVE,False
R00213,NEGATIVE,NEGATIVE,NEGATIVE,NEGATIVE,True
R00214,NEGATIVE,NEGATIVE,NEGATIVE,NEGATIVE,True
R00215,NEGATIVE,NEGATIVE,NEGATIVE,NEGATIVE,True
R00216,NEGATIVE,NEGATIVE,MIXED,NEGATIVE,False
R00217,NEGATIVE,NEGATIVE,NEGATIVE,NEGATIVE,True
R00218,POSITIVE,MIXED,MIXED,MIXED,False
R00219,NEUTRAL,NEUTRAL,NEGATIVE,NEUTRAL,False
R00220,NEGATIVE,MIXED,MIXED,MIXED,False
R00221,NEGATIVE,MIXED,NEUTRAL,NO_MAJORITY,False
R00222,NEGATIVE,NEGATIVE,NEGATIVE,NEGATIVE,True
R00223,NEUTRAL,MIXED,MIXED,MIXED,False
R00224,NEUTRAL,MIXED,MIXED,MIXED,False
R00225,NEUTRAL,POSITIVE,MIXED,NO_MAJORITY,False
R00226,MIXED,MIXED,MIXED,MIXED,True
R00227,NEGATIVE,NEGATIVE,NEGATIVE,NEGATIVE,True
R00228,NEGATIVE,NEGATIVE,NEGATIVE,NEGATIVE,True
R00229,NEUTRAL,MIXED,MIXED,MIXED,False
R00230,NEGATIVE,NEGATIVE,NEGATIVE,NEGATIVE,True
R00231,NEGATIVE,NEGATIVE,NEGATIVE,NEGATIVE,True
R00232,NEGATIVE,NEGATIVE,NEGATIVE,NEGATIVE,True
R00233,NEGATIVE,NEGATIVE,NEGATIVE,NEGATIVE,True
R00234,NEGATIVE,MIXED,NEGATIVE,NEGATIVE,False
R00235,NEGATIVE,NEGATIVE,NEGATIVE,NEGATIVE,True
R00236,NEGATIVE,NEGATIVE,NEGATIVE,NEGATIVE,True
R00237,POSITIVE,POSITIVE,POSITIVE,POSITIVE,True
R00238,POSITIVE,POSITIVE,MIXED,POSITIVE,False
R00239,NEGATIVE,NEGATIVE,NEGATIVE,NEGATIVE,True
R00240,NEGATIVE,NEGATIVE,NEGATIVE,NEGATIVE,True
R00241,NEGATIVE,NEGATIVE,NEGATIVE,NEGATIVE,True
R00242,NEGATIVE,NEGATIVE,NEGATIVE,NEGATIVE,True
R00243,POSITIVE,POSITIVE,POSITIVE,POSITIVE,True
R00244,NEGATIVE,NEGATIVE,MIXED,NEGATIVE,False
R00245,NEGATIVE,NEGATIVE,NEGATIVE,NEGATIVE,True
R00246,MIXED,MIXED,MIXED,MIXED,True
R00247,MIXED,MIXED,MIXED,MIXED,True
R00248,NEGATIVE,NEGATIVE,NEGATIVE,NEGATIVE,True
R00249,NEGATIVE,NEGATIVE,NEGATIVE,NEGATIVE,True
R00250,NEGATIVE,NEGATIVE,NEGATIVE,NEGATIVE,True
R00251,NEGATIVE,NEGATIVE,NEGATIVE,NEGATIVE,True
R00252,NEGATIVE,NEGATIVE,MIXED,NEGATIVE,False
R00253,NEGATIVE,MIXED,NEGATIVE,NEGATIVE,False
R00254,MIXED,MIXED,MIXED,MIXED,True
R00255,NEGATIVE,NEGATIVE,NEGATIVE,NEGATIVE,True
R00256,NEGATIVE,MIXED,MIXED,MIXED,False
R00257,NEGATIVE,NEGATIVE,NEGATIVE,NEGATIVE,True
R00258,NEGATIVE,MIXED,NEGATIVE,NEGATIVE,False
R00259,NEUTRAL,MIXED,NEGATIVE,NO_MAJORITY,False
R00260,NEGATIVE,NEGATIVE,NEGATIVE,NEGATIVE,True
R00261,NEGATIVE,NEGATIVE,NEGATIVE,NEGATIVE,True
R00262,NEGATIVE,NEGATIVE,NEGATIVE,NEGATIVE,True
R00263,MIXED,NEGATIVE,MIXED,MIXED,False
R00264,NEGATIVE,NEGATIVE,NEGATIVE,NEGATIVE,True
R00265,MIXED,NEGATIVE,NEGATIVE,NEGATIVE,False
R00266,NEGATIVE,NEGATIVE,NEGATIVE,NEGATIVE,True
R00267,POSITIVE,POSITIVE,POSITIVE,POSITIVE,True
R00268,NEGATIVE,NEGATIVE,NEGATIVE,NEGATIVE,True
R00269,NEGATIVE,MIXED,MIXED,MIXED,False
R00270,NEGATIVE,NEGATIVE,NEGATIVE,NEGATIVE,True
R00271,POSITIVE,POSITIVE,POSITIVE,POSITIVE,True
R00272,NEGATIVE,NEGATIVE,NEGATIVE,NEGATIVE,True
R00273,NEGATIVE,MIXED,MIXED,MIXED,False
R00274,POSITIVE,POSITIVE,POSITIVE,POSITIVE,True
R00275,NEUTRAL,NEGATIVE,MIXED,NO_MAJORITY,False
R00276,NEGATIVE,NEGATIVE,NEGATIVE,NEGATIVE,True
R00277,NEGATIVE,NEGATIVE,NEGATIVE,NEGATIVE,True
R00278,NEGATIVE,NEGATIVE,MIXED,NEGATIVE,False
R00279,MIXED,MIXED,MIXED,MIXED,True
R00280,NEUTRAL,NEGATIVE,MIXED,NO_MAJORITY,False
R00281,NEGATIVE,NEGATIVE,NEGATIVE,NEGATIVE,True
R00282,NEUTRAL,MIXED,MIXED,MIXED,False
R00283,MIXED,MIXED,MIXED,MIXED,True
R00284,NEGATIVE,NEGATIVE,NEGATIVE,NEGATIVE,True
R00285,NEGATIVE,MIXED,NEGATIVE,NEGATIVE,False
R00286,NEGATIVE,NEGATIVE,NEGATIVE,NEGATIVE,True
R00287,NEGATIVE,NEGATIVE,NEGATIVE,NEGATIVE,True
R00288,NEUTRAL,NEGATIVE,NEGATIVE,NEGATIVE,False
R00289,NEGATIVE,NEGATIVE,NEGATIVE,NEGATIVE,True
R00290,NEGATIVE,NEGATIVE,NEGATIVE,NEGATIVE,True
R00291,NEGATIVE,NEGATIVE,NEGATIVE,NEGATIVE,True
R00292,NEGATIVE,NEGATIVE,NEGATIVE,NEGATIVE,True
R00293,NEGATIVE,NEGATIVE,NEGATIVE,NEGATIVE,True
R00294,NEUTRAL,MIXED,MIXED,MIXED,False
R00295,NEGATIVE,NEGATIVE,NEGATIVE,NEGATIVE,True
R00296,NEGATIVE,NEGATIVE,NEGATIVE,NEGATIVE,True
R00297,NEGATIVE,NEGATIVE,NEGATIVE,NEGATIVE,True
R00298,NEUTRAL,MIXED,MIXED,MIXED,False
R00299,NEGATIVE,NEGATIVE,NEGATIVE,NEGATIVE,True
R00300,NEGATIVE,NEGATIVE,NEGATIVE,NEGATIVE,True
R00301,NEGATIVE,NEGATIVE,NEGATIVE,NEGATIVE,True
R00302,NEUTRAL,MIXED,MIXED,MIXED,False
R00303,NEUTRAL,NEUTRAL,POSITIVE,NEUTRAL,False
R00304,NEGATIVE,NEGATIVE,NEGATIVE,NEGATIVE,True
R00305,NEGATIVE,NEGATIVE,NEGATIVE,NEGATIVE,True
R00306,NEGATIVE,NEGATIVE,MIXED,NEGATIVE,False
R00307,NEGATIVE,NEGATIVE,MIXED,NEGATIVE,False
R00308,NEGATIVE,NEGATIVE,NEGATIVE,NEGATIVE,True
R00309,NEGATIVE,NEGATIVE,NEGATIVE,NEGATIVE,True
R00310,POSITIVE,NEGATIVE,MIXED,NO_MAJORITY,False
R00311,NEGATIVE,MIXED,MIXED,MIXED,False
R00312,MIXED,MIXED,MIXED,MIXED,True
R00313,NEGATIVE,NEGATIVE,NEGATIVE,NEGATIVE,True
R00314,MIXED,MIXED,MIXED,MIXED,True
R00315,NEUTRAL,MIXED,NEUTRAL,NEUTRAL,False
R00316,NEGATIVE,MIXED,NEGATIVE,NEGATIVE,False
R00317,NEGATIVE,NEGATIVE,NEGATIVE,NEGATIVE,True
R00318,POSITIVE,MIXED,MIXED,MIXED,False
R00319,POSITIVE,POSITIVE,MIXED,POSITIVE,False
R00320,POSITIVE,POSITIVE,POSITIVE,POSITIVE,True
R00321,NEGATIVE,MIXED,MIXED,MIXED,False
R00322,NEGATIVE,NEGATIVE,NEGATIVE,NEGATIVE,True
R00323,NEGATIVE,NEGATIVE,NEGATIVE,NEGATIVE,True
R00324,NEUTRAL,POSITIVE,POSITIVE,POSITIVE,False
R00325,NEGATIVE,NEGATIVE,NEGATIVE,NEGATIVE,True
R00326,NEUTRAL,NEGATIVE,NEUTRAL,NEUTRAL,False
R00327,POSITIVE,POSITIVE,POSITIVE,POSITIVE,True
R00328,NEGATIVE,NEGATIVE,NEGATIVE,NEGATIVE,True
R00329,POSITIVE,MIXED,MIXED,MIXED,False
R00330,NEGATIVE,NEGATIVE,NEGATIVE,NEGATIVE,True
R00331,POSITIVE,POSITIVE,POSITIVE,POSITIVE,True
R00332,NEGATIVE,NEGATIVE,NEGATIVE,NEGATIVE,True
R00333,NEGATIVE,NEGATIVE,NEGATIVE,NEGATIVE,True
R00334,NEGATIVE,NEGATIVE,NEGATIVE,NEGATIVE,True
R00335,MIXED,NEGATIVE,NEGATIVE,NEGATIVE,False
R00336,POSITIVE,POSITIVE,POSITIVE,POSITIVE,True
R00337,NEGATIVE,NEGATIVE,NEGATIVE,NEGATIVE,True
R00338,NEGATIVE,NEGATIVE,NEGATIVE,NEGATIVE,True
R00339,MIXED,MIXED,MIXED,MIXED,True
R00340,NEUTRAL,MIXED,MIXED,MIXED,False
R00341,NEGATIVE,NEGATIVE,NEGATIVE,NEGATIVE,True
R00342,MIXED,MIXED,MIXED,MIXED,True
R00343,NEUTRAL,MIXED,MIXED,MIXED,False
R00344,NEGATIVE,NEGATIVE,MIXED,NEGATIVE,False
R00345,NEGATIVE,NEGATIVE,NEGATIVE,NEGATIVE,True
R00346,NEGATIVE,NEGATIVE,NEGATIVE,NEGATIVE,True
R00347,NEGATIVE,NEGATIVE,NEGATIVE,NEGATIVE,True
R00348,NEGATIVE,NEGATIVE,NEGATIVE,NEGATIVE,True
R00349,POSITIVE,POSITIVE,POSITIVE,POSITIVE,True
R00350,NEGATIVE,NEGATIVE,NEGATIVE,NEGATIVE,True
R00351,NEGATIVE,NEGATIVE,NEGATIVE,NEGATIVE,True
R00352,NEUTRAL,MIXED,NEUTRAL,NEUTRAL,False
R00353,NEGATIVE,NEGATIVE,NEGATIVE,NEGATIVE,True
R00354,NEUTRAL,MIXED,MIXED,MIXED,False
R00355,NEGATIVE,NEGATIVE,NEGATIVE,NEGATIVE,True
R00356,MIXED,MIXED,MIXED,MIXED,True
R00357,NEGATIVE,NEGATIVE,NEGATIVE,NEGATIVE,True
R00358,NEUTRAL,MIXED,MIXED,MIXED,False
R00359,NEGATIVE,NEGATIVE,MIXED,NEGATIVE,False
R00360,MIXED,MIXED,MIXED,MIXED,True
R00361,NEGATIVE,NEGATIVE,NEGATIVE,NEGATIVE,True
R00362,NEUTRAL,NEGATIVE,MIXED,NO_MAJORITY,False
R00363,MIXED,NEGATIVE,MIXED,MIXED,False
R00364,NEGATIVE,MIXED,MIXED,MIXED,False
R00365,NEGATIVE,NEGATIVE,NEGATIVE,NEGATIVE,True
R00366,NEUTRAL,NEUTRAL,NEUTRAL,NEUTRAL,True
R00367,NEGATIVE,NEGATIVE,NEGATIVE,NEGATIVE,True
R00368,NEGATIVE,NEGATIVE,NEGATIVE,NEGATIVE,True
R00369,NEGATIVE,NEGATIVE,NEGATIVE,NEGATIVE,True
R00370,POSITIVE,POSITIVE,POSITIVE,POSITIVE,True
R00371,MIXED,MIXED,MIXED,MIXED,True
R00372,MIXED,MIXED,MIXED,MIXED,True
R00373,NEUTRAL,NEUTRAL,NEUTRAL,NEUTRAL,True
R00374,MIXED,MIXED,NEGATIVE,MIXED,False
R00375,MIXED,MIXED,MIXED,MIXED,True
R00376,NEUTRAL,MIXED,MIXED,MIXED,False
R00377,NEGATIVE,NEGATIVE,NEGATIVE,NEGATIVE,True
R00378,NEGATIVE,NEGATIVE,NEGATIVE,NEGATIVE,True
R00379,NEGATIVE,NEGATIVE,NEGATIVE,NEGATIVE,True
R00380,NEGATIVE,NEUTRAL,NEGATIVE,NEGATIVE,False
R00381,NEUTRAL,MIXED,MIXED,MIXED,False
R00382,NEGATIVE,NEGATIVE,NEGATIVE,NEGATIVE,True
R00383,POSITIVE,POSITIVE,POSITIVE,POSITIVE,True
R00384,NEGATIVE,MIXED,NEGATIVE,NEGATIVE,False
R00385,MIXED,MIXED,MIXED,MIXED,True
R00386,POSITIVE,POSITIVE,POSITIVE,POSITIVE,True
R00387,NEUTRAL,NEGATIVE,NEGATIVE,NEGATIVE,False
R00388,NEGATIVE,NEGATIVE,NEGATIVE,NEGATIVE,True
R00389,NEGATIVE,NEGATIVE,NEGATIVE,NEGATIVE,True
R00390,NEGATIVE,NEGATIVE,NEGATIVE,NEGATIVE,True
R00391,NEUTRAL,MIXED,NEGATIVE,NO_MAJORITY,False
R00392,POSITIVE,POSITIVE,POSITIVE,POSITIVE,True
R00393,POSITIVE,MIXED,MIXED,MIXED,False
R00394,NEGATIVE,NEGATIVE,NEGATIVE,NEGATIVE,True
R00395,NEUTRAL,POSITIVE,NEUTRAL,NEUTRAL,False
R00396,NEUTRAL,MIXED,MIXED,MIXED,False
R00397,NEGATIVE,NEGATIVE,NEGATIVE,NEGATIVE,True
R00398,POSITIVE,POSITIVE,POSITIVE,POSITIVE,True
R00399,NEGATIVE,NEGATIVE,NEGATIVE,NEGATIVE,True
R00400,MIXED,MIXED,MIXED,MIXED,True
R00401,NEGATIVE,NEGATIVE,MIXED,NEGATIVE,False
R00402,NEUTRAL,NEUTRAL,NEUTRAL,NEUTRAL,True
R00403,MIXED,NEGATIVE,MIXED,MIXED,False
R00404,MIXED,NEGATIVE,MIXED,MIXED,False
R00405,NEGATIVE,NEGATIVE,MIXED,NEGATIVE,False
R00406,NEGATIVE,NEGATIVE,NEGATIVE,NEGATIVE,True
R00407,NEUTRAL,NEUTRAL,NEUTRAL,NEUTRAL,True
R00408,NEGATIVE,NEGATIVE,NEGATIVE,NEGATIVE,True
R00409,NEGATIVE,NEGATIVE,NEGATIVE,NEGATIVE,True
R00410,NEUTRAL,POSITIVE,POSITIVE,POSITIVE,False
R00411,NEGATIVE,NEGATIVE,MIXED,NEGATIVE,False
R00412,NEGATIVE,NEGATIVE,NEGATIVE,NEGATIVE,True
R00413,NEGATIVE,NEGATIVE,NEGATIVE,NEGATIVE,True
R00414,MIXED,MIXED,NEGATIVE,MIXED,False
R00415,NEGATIVE,NEUTRAL,NEGATIVE,NEGATIVE,False
R00416,NEGATIVE,NEGATIVE,NEGATIVE,NEGATIVE,True
R00417,POSITIVE,POSITIVE,POSITIVE,POSITIVE,True
R00418,NEUTRAL,MIXED,POSITIVE,NO_MAJORITY,False
R00419,NEGATIVE,NEGATIVE,NEGATIVE,NEGATIVE,True
R00420,NEUTRAL,MIXED,NEGATIVE,NO_MAJORITY,False
R00421,NEGATIVE,NEGATIVE,NEGATIVE,NEGATIVE,True
R00422,NEUTRAL,MIXED,MIXED,MIXED,False
R00423,NEUTRAL,MIXED,MIXED,MIXED,False
R00424,POSITIVE,MIXED,MIXED,MIXED,False
R00425,MIXED,MIXED,MIXED,MIXED,True
R00426,NEGATIVE,NEGATIVE,NEGATIVE,NEGATIVE,True
R00427,NEGATIVE,NEGATIVE,NEGATIVE,NEGATIVE,True
R00428,NEUTRAL,MIXED,MIXED,MIXED,False
R00429,NEGATIVE,NEGATIVE,NEGATIVE,NEGATIVE,True
R00430,NEGATIVE,NEGATIVE,NEGATIVE,NEGATIVE,True
R00431,NEGATIVE,NEGATIVE,NEGATIVE,NEGATIVE,True
R00432,NEGATIVE,NEGATIVE,NEGATIVE,NEGATIVE,True
R00433,NEUTRAL,NEUTRAL,NEUTRAL,NEUTRAL,True
R00434,NEGATIVE,NEGATIVE,NEGATIVE,NEGATIVE,True
R00435,POSITIVE,MIXED,MIXED,MIXED,False
R00436,NEGATIVE,NEGATIVE,NEGATIVE,NEGATIVE,True
R00437,NEGATIVE,NEGATIVE,MIXED,NEGATIVE,False
R00438,NEUTRAL,NEGATIVE,NEGATIVE,NEGATIVE,False
R00439,NEGATIVE,NEGATIVE,MIXED,NEGATIVE,False
R00440,NEGATIVE,NEGATIVE,NEGATIVE,NEGATIVE,True
R00441,NEGATIVE,NEGATIVE,NEGATIVE,NEGATIVE,True
R00442,NEGATIVE,NEGATIVE,NEGATIVE,NEGATIVE,True
R00443,NEGATIVE,NEGATIVE,NEGATIVE,NEGATIVE,True
R00444,MIXED,MIXED,MIXED,MIXED,True
R00445,NEUTRAL,NEGATIVE,NEUTRAL,NEUTRAL,False
R00446,NEGATIVE,NEGATIVE,NEGATIVE,NEGATIVE,True
R00447,NEGATIVE,NEGATIVE,NEGATIVE,NEGATIVE,True
R00448,NEGATIVE,NEGATIVE,NEGATIVE,NEGATIVE,True
R00449,NEGATIVE,NEGATIVE,MIXED,NEGATIVE,False
R00450,MIXED,MIXED,MIXED,MIXED,True
R00451,NEGATIVE,NEGATIVE,NEGATIVE,NEGATIVE,True
R00452,NEGATIVE,NEGATIVE,NEGATIVE,NEGATIVE,True
R00453,NEGATIVE,NEGATIVE,NEGATIVE,NEGATIVE,True
R00454,MIXED,MIXED,MIXED,MIXED,True
R00455,NEGATIVE,NEGATIVE,NEGATIVE,NEGATIVE,True
R00456,NEGATIVE,NEGATIVE,NEGATIVE,NEGATIVE,True
R00457,NEGATIVE,MIXED,MIXED,MIXED,False
R00458,MIXED,MIXED,MIXED,MIXED,True
R00459,NEGATIVE,NEGATIVE,NEGATIVE,NEGATIVE,True
R00460,NEGATIVE,NEGATIVE,MIXED,NEGATIVE,False
R00461,NEGATIVE,NEGATIVE,MIXED,NEGATIVE,False
R00462,NEGATIVE,NEGATIVE,NEGATIVE,NEGATIVE,True
R00463,NEGATIVE,MIXED,MIXED,MIXED,False
R00464,NEGATIVE,NEGATIVE,NEGATIVE,NEGATIVE,True
R00465,NEUTRAL,MIXED,NEGATIVE,NO_MAJORITY,False
R00466,NEUTRAL,POSITIVE,NEUTRAL,NEUTRAL,False
R00467,POSITIVE,POSITIVE,POSITIVE,POSITIVE,True
R00468,NEGATIVE,NEGATIVE,NEGATIVE,NEGATIVE,True
R00469,NEGATIVE,NEGATIVE,NEGATIVE,NEGATIVE,True
R00470,NEUTRAL,NEUTRAL,NEUTRAL,NEUTRAL,True
R00471,NEUTRAL,MIXED,MIXED,MIXED,False
R00472,MIXED,NEGATIVE,MIXED,MIXED,False
R00473,NEUTRAL,NEUTRAL,NEUTRAL,NEUTRAL,True
R00474,POSITIVE,POSITIVE,POSITIVE,POSITIVE,True
R00475,NEGATIVE,NEGATIVE,NEGATIVE,NEGATIVE,True
R00476,NEUTRAL,POSITIVE,NEUTRAL,NEUTRAL,False
R00477,POSITIVE,POSITIVE,POSITIVE,POSITIVE,True
R00478,NEGATIVE,NEGATIVE,NEGATIVE,NEGATIVE,True
R00479,NEGATIVE,NEGATIVE,NEGATIVE,NEGATIVE,True
R00480,NEGATIVE,NEGATIVE,NEGATIVE,NEGATIVE,True
R00481,NEGATIVE,NEGATIVE,NEGATIVE,NEGATIVE,True
R00482,NEUTRAL,MIXED,MIXED,MIXED,False
R00483,MIXED,MIXED,MIXED,MIXED,True
R00484,NEGATIVE,NEGATIVE,NEGATIVE,NEGATIVE,True
R00485,POSITIVE,POSITIVE,POSITIVE,POSITIVE,True
R00486,NEGATIVE,MIXED,MIXED,MIXED,False
R00487,MIXED,MIXED,NEGATIVE,MIXED,False
R00488,NEGATIVE,MIXED,MIXED,MIXED,False
R00489,NEGATIVE,NEGATIVE,NEGATIVE,NEGATIVE,True
R00490,NEGATIVE,NEGATIVE,NEGATIVE,NEGATIVE,True
R00491,MIXED,NEGATIVE,MIXED,MIXED,False
R00492,NEGATIVE,NEGATIVE,NEGATIVE,NEGATIVE,True
R00493,MIXED,MIXED,NEGATIVE,MIXED,False
R00494,NEGATIVE,NEGATIVE,NEGATIVE,NEGATIVE,True
R00495,NEGATIVE,MIXED,MIXED,MIXED,False
R00496,NEGATIVE,MIXED,MIXED,MIXED,False
R00497,NEGATIVE,NEGATIVE,NEGATIVE,NEGATIVE,True
R00498,POSITIVE,POSITIVE,POSITIVE,POSITIVE,True
R00499,NEUTRAL,POSITIVE,POSITIVE,POSITIVE,False
R00500,NEGATIVE,NEGATIVE,NEGATIVE,NEGATIVE,True
R00501,NEGATIVE,NEGATIVE,NEGATIVE,NEGATIVE,True
R00502,NEUTRAL,MIXED,NEGATIVE,NO_MAJORITY,False
R00503,NEGATIVE,NEGATIVE,NEGATIVE,NEGATIVE,True
R00504,POSITIVE,POSITIVE,POSITIVE,POSITIVE,True
R00505,NEGATIVE,NEGATIVE,NEGATIVE,NEGATIVE,True
R00506,MIXED,MIXED,MIXED,MIXED,True
R00507,NEGATIVE,NEGATIVE,NEGATIVE,NEGATIVE,True
R00508,MIXED,MIXED,MIXED,MIXED,True
R00509,NEGATIVE,NEGATIVE,NEGATIVE,NEGATIVE,True
R00510,NEGATIVE,NEGATIVE,NEGATIVE,NEGATIVE,True
R00511,NEUTRAL,MIXED,MIXED,MIXED,False
R00512,NEGATIVE,NEGATIVE,NEGATIVE,NEGATIVE,True
R00513,MIXED,MIXED,MIXED,MIXED,True
R00514,NEGATIVE,NEGATIVE,NEGATIVE,NEGATIVE,True
R00515,NEGATIVE,NEGATIVE,NEGATIVE,NEGATIVE,True
R00516,NEGATIVE,NEGATIVE,NEGATIVE,NEGATIVE,True
R00517,NEGATIVE,NEGATIVE,NEGATIVE,NEGATIVE,True
R00518,NEGATIVE,MIXED,NEGATIVE,NEGATIVE,False
R00519,NEUTRAL,NEGATIVE,NEUTRAL,NEUTRAL,False
R00520,NEGATIVE,MIXED,NEGATIVE,NEGATIVE,False
R00521,MIXED,MIXED,MIXED,MIXED,True
R00522,NEUTRAL,POSITIVE,MIXED,NO_MAJORITY,False
R00523,NEGATIVE,NEGATIVE,NEGATIVE,NEGATIVE,True
R00524,NEGATIVE,MIXED,MIXED,MIXED,False
R00525,NEGATIVE,NEGATIVE,NEGATIVE,NEGATIVE,True
R00526,POSITIVE,POSITIVE,POSITIVE,POSITIVE,True
R00527,NEUTRAL,MIXED,NEGATIVE,NO_MAJORITY,False
R00528,NEGATIVE,NEGATIVE,NEGATIVE,NEGATIVE,True
R00529,MIXED,NEGATIVE,MIXED,MIXED,False
R00530,NEGATIVE,NEGATIVE,NEGATIVE,NEGATIVE,True
R00531,MIXED,MIXED,MIXED,MIXED,True
R00532,NEGATIVE,NEGATIVE,NEGATIVE,NEGATIVE,True
R00533,NEUTRAL,MIXED,MIXED,MIXED,False
R00534,NEGATIVE,NEGATIVE,NEGATIVE,NEGATIVE,True
R00535,NEGATIVE,NEGATIVE,NEGATIVE,NEGATIVE,True
R00536,NEGATIVE,NEGATIVE,NEGATIVE,NEGATIVE,True
R00537,NEGATIVE,NEGATIVE,NEGATIVE,NEGATIVE,True
R00538,MIXED,MIXED,MIXED,MIXED,True
R00539,NEUTRAL,NEGATIVE,NEGATIVE,NEGATIVE,False
R00540,NEUTRAL,MIXED,MIXED,MIXED,False
R00541,NEGATIVE,NEGATIVE,NEGATIVE,NEGATIVE,True
R00542,NEGATIVE,NEGATIVE,NEGATIVE,NEGATIVE,True
R00543,NEGATIVE,NEGATIVE,NEGATIVE,NEGATIVE,True
R00544,MIXED,MIXED,MIXED,MIXED,True
R00545,NEGATIVE,NEGATIVE,NEGATIVE,NEGATIVE,True
R00546,NEGATIVE,NEGATIVE,NEGATIVE,NEGATIVE,True
R00547,NEGATIVE,NEGATIVE,NEGATIVE,NEGATIVE,True
R00548,NEUTRAL,MIXED,NEUTRAL,NEUTRAL,False
R00549,NEUTRAL,MIXED,MIXED,MIXED,False
R00550,NEGATIVE,NEGATIVE,NEGATIVE,NEGATIVE,True
R00551,NEGATIVE,NEGATIVE,NEGATIVE,NEGATIVE,True
R00552,NEGATIVE,NEGATIVE,NEGATIVE,NEGATIVE,True
R00553,NEGATIVE,NEGATIVE,NEGATIVE,NEGATIVE,True
R00554,NEGATIVE,NEGATIVE,NEGATIVE,NEGATIVE,True
R00555,MIXED,MIXED,MIXED,MIXED,True
R00556,NEGATIVE,NEGATIVE,MIXED,NEGATIVE,False
R00557,POSITIVE,MIXED,NEGATIVE,NO_MAJORITY,False
R00558,NEUTRAL,MIXED,MIXED,MIXED,False
R00559,NEGATIVE,MIXED,MIXED,MIXED,False
R00560,NEUTRAL,POSITIVE,NEUTRAL,NEUTRAL,False
R00561,NEGATIVE,NEGATIVE,NEGATIVE,NEGATIVE,True
R00562,POSITIVE,POSITIVE,POSITIVE,POSITIVE,True
R00563,NEGATIVE,NEGATIVE,MIXED,NEGATIVE,False
R00564,NEGATIVE,NEGATIVE,MIXED,NEGATIVE,False
R00565,NEGATIVE,NEGATIVE,NEGATIVE,NEGATIVE,True
R00566,NEUTRAL,MIXED,MIXED,MIXED,False
R00567,NEGATIVE,NEGATIVE,NEGATIVE,NEGATIVE,True
R00568,POSITIVE,POSITIVE,POSITIVE,POSITIVE,True
R00569,NEGATIVE,NEGATIVE,NEGATIVE,NEGATIVE,True
R00570,NEUTRAL,NEUTRAL,NEUTRAL,NEUTRAL,True
R00571,POSITIVE,POSITIVE,POSITIVE,POSITIVE,True
R00572,NEGATIVE,NEGATIVE,NEGATIVE,NEGATIVE,True
R00573,NEGATIVE,NEGATIVE,NEGATIVE,NEGATIVE,True
R00574,MIXED,NEGATIVE,NEGATIVE,NEGATIVE,False
R00575,NEGATIVE,NEGATIVE,NEGATIVE,NEGATIVE,True
R00576,NEGATIVE,NEGATIVE,NEGATIVE,NEGATIVE,True
R00577,NEUTRAL,NEGATIVE,NEUTRAL,NEUTRAL,False
R00578,NEGATIVE,NEGATIVE,NEGATIVE,NEGATIVE,True
R00579,NEUTRAL,MIXED,MIXED,MIXED,False
R00580,NEGATIVE,NEUTRAL,NEGATIVE,NEGATIVE,False
R00581,NEGATIVE,NEGATIVE,NEGATIVE,NEGATIVE,True
R00582,NEUTRAL,MIXED,NEGATIVE,NO_MAJORITY,False
R00583,NEUTRAL,NEUTRAL,NEUTRAL,NEUTRAL,True
R00584,MIXED,MIXED,MIXED,MIXED,True
R00585,NEGATIVE,MIXED,NEGATIVE,NEGATIVE,False
R00586,POSITIVE,MIXED,MIXED,MIXED,False
R00587,NEGATIVE,MIXED,NEGATIVE,NEGATIVE,False
R00588,MIXED,MIXED,MIXED,MIXED,True
R00589,NEUTRAL,NEGATIVE,NEUTRAL,NEUTRAL,False
R00590,NEGATIVE,NEGATIVE,NEGATIVE,NEGATIVE,True
R00591,POSITIVE,POSITIVE,POSITIVE,POSITIVE,True
R00592,NEGATIVE,NEGATIVE,NEGATIVE,NEGATIVE,True
R00593,NEUTRAL,NEUTRAL,NEUTRAL,NEUTRAL,True
R00594,NEGATIVE,NEGATIVE,NEGATIVE,NEGATIVE,True
R00595,NEGATIVE,NEGATIVE,NEGATIVE,NEGATIVE,True
R00596,NEGATIVE,NEGATIVE,NEGATIVE,NEGATIVE,True
R00597,NEGATIVE,MIXED,NEGATIVE,NEGATIVE,False
R00598,MIXED,NEGATIVE,MIXED,MIXED,False
R00599,NEGATIVE,MIXED,MIXED,MIXED,False
R00600,NEUTRAL,MIXED,MIXED,MIXED,False
R00601,NEGATIVE,NEGATIVE,NEGATIVE,NEGATIVE,True
R00602,NEUTRAL,POSITIVE,NEUTRAL,NEUTRAL,False
R00603,NEUTRAL,NEUTRAL,NEUTRAL,NEUTRAL,True
R00604,NEGATIVE,MIXED,NEGATIVE,NEGATIVE,False
R00605,MIXED,NEGATIVE,MIXED,MIXED,False
R00606,NEGATIVE,NEGATIVE,NEGATIVE,NEGATIVE,True
R00607,NEGATIVE,NEGATIVE,NEGATIVE,NEGATIVE,True
R00608,UNCLEAR,UNCLEAR,NEUTRAL,UNCLEAR,False
R00609,NEGATIVE,NEGATIVE,NEGATIVE,NEGATIVE,True
R00610,MIXED,MIXED,MIXED,MIXED,True
R00611,NEGATIVE,NEGATIVE,NEGATIVE,NEGATIVE,True
R00612,NEUTRAL,NEUTRAL,NEUTRAL,NEUTRAL,True
R00613,NEGATIVE,NEUTRAL,NEGATIVE,NEGATIVE,False
R00614,NEGATIVE,NEGATIVE,NEGATIVE,NEGATIVE,True
R00615,NEGATIVE,NEGATIVE,NEGATIVE,NEGATIVE,True
R00616,NEGATIVE,NEGATIVE,NEGATIVE,NEGATIVE,True
R00617,NEGATIVE,NEGATIVE,NEGATIVE,NEGATIVE,True
R00618,NEUTRAL,MIXED,NEUTRAL,NEUTRAL,False
R00619,NEGATIVE,MIXED,NEGATIVE,NEGATIVE,False
R00620,POSITIVE,POSITIVE,POSITIVE,POSITIVE,True
R00621,NEGATIVE,NEGATIVE,NEGATIVE,NEGATIVE,True
R00622,NEUTRAL,MIXED,MIXED,MIXED,False
R00623,NEGATIVE,NEGATIVE,NEGATIVE,NEGATIVE,True
R00624,NEUTRAL,MIXED,MIXED,MIXED,False
R00625,NEGATIVE,MIXED,MIXED,MIXED,False
R00626,NEUTRAL,POSITIVE,MIXED,NO_MAJORITY,False
R00627,NEUTRAL,NEUTRAL,NEUTRAL,NEUTRAL,True
R00628,MIXED,MIXED,MIXED,MIXED,True
R00629,NEGATIVE,NEGATIVE,NEGATIVE,NEGATIVE,True
R00630,NEGATIVE,MIXED,NEGATIVE,NEGATIVE,False
R00631,NEGATIVE,NEGATIVE,NEGATIVE,NEGATIVE,True
R00632,POSITIVE,POSITIVE,POSITIVE,POSITIVE,True
R00633,NEUTRAL,MIXED,MIXED,MIXED,False
R00634,NEUTRAL,NEUTRAL,NEUTRAL,NEUTRAL,True
R00635,MIXED,MIXED,MIXED,MIXED,True
R00636,POSITIVE,POSITIVE,POSITIVE,POSITIVE,True
R00637,NEGATIVE,MIXED,MIXED,MIXED,False
R00638,NEGATIVE,MIXED,NEGATIVE,NEGATIVE,False
R00639,NEGATIVE,NEGATIVE,NEGATIVE,NEGATIVE,True
R00640,NEUTRAL,MIXED,MIXED,MIXED,False
R00641,NEGATIVE,NEGATIVE,NEGATIVE,NEGATIVE,True
R00642,NEUTRAL,NEUTRAL,NEGATIVE,NEUTRAL,False
R00643,NEGATIVE,NEGATIVE,NEGATIVE,NEGATIVE,True
R00644,NEUTRAL,NEUTRAL,NEGATIVE,NEUTRAL,False
R00645,MIXED,MIXED,MIXED,MIXED,True
R00646,NEGATIVE,NEGATIVE,NEGATIVE,NEGATIVE,True
R00647,NEGATIVE,NEGATIVE,NEGATIVE,NEGATIVE,True
R00648,NEGATIVE,NEGATIVE,NEGATIVE,NEGATIVE,True
R00649,MIXED,MIXED,MIXED,MIXED,True
R00650,POSITIVE,POSITIVE,POSITIVE,POSITIVE,True
R00651,NEGATIVE,NEGATIVE,NEGATIVE,NEGATIVE,True
R00652,NEGATIVE,NEGATIVE,NEGATIVE,NEGATIVE,True
R00653,NEGATIVE,MIXED,NEGATIVE,NEGATIVE,False
R00654,NEGATIVE,NEGATIVE,NEGATIVE,NEGATIVE,True
R00655,MIXED,MIXED,MIXED,MIXED,True
R00656,NEGATIVE,NEGATIVE,NEGATIVE,NEGATIVE,True
R00657,NEGATIVE,NEGATIVE,NEGATIVE,NEGATIVE,True
R00658,NEUTRAL,NEUTRAL,NEUTRAL,NEUTRAL,True
R00659,NEUTRAL,POSITIVE,NEUTRAL,NEUTRAL,False
R00660,NEGATIVE,NEGATIVE,NEGATIVE,NEGATIVE,True
R00661,NEGATIVE,NEGATIVE,NEGATIVE,NEGATIVE,True
R00662,POSITIVE,POSITIVE,POSITIVE,POSITIVE,True
R00663,MIXED,MIXED,MIXED,MIXED,True
R00664,NEGATIVE,NEGATIVE,NEGATIVE,NEGATIVE,True
R00665,NEGATIVE,NEGATIVE,NEGATIVE,NEGATIVE,True
R00666,MIXED,MIXED,MIXED,MIXED,True
R00667,NEGATIVE,NEGATIVE,NEGATIVE,NEGATIVE,True
R00668,NEGATIVE,NEGATIVE,NEGATIVE,NEGATIVE,True
R00669,NEGATIVE,NEGATIVE,NEGATIVE,NEGATIVE,True
R00670,NEGATIVE,NEGATIVE,NEGATIVE,NEGATIVE,True
R00671,NEGATIVE,NEGATIVE,NEGATIVE,NEGATIVE,True
R00672,NEGATIVE,NEGATIVE,NEGATIVE,NEGATIVE,True
R00673,NEGATIVE,NEGATIVE,NEGATIVE,NEGATIVE,True
R00674,POSITIVE,POSITIVE,POSITIVE,POSITIVE,True
R00675,NEGATIVE,NEGATIVE,NEGATIVE,NEGATIVE,True
R00676,NEGATIVE,NEGATIVE,NEGATIVE,NEGATIVE,True
R00677,MIXED,NEGATIVE,MIXED,MIXED,False
R00678,NEGATIVE,NEGATIVE,NEGATIVE,NEGATIVE,True
R00679,NEGATIVE,NEUTRAL,NEUTRAL,NEUTRAL,False
R00680,NEGATIVE,NEGATIVE,NEGATIVE,NEGATIVE,True
R00681,POSITIVE,POSITIVE,MIXED,POSITIVE,False
R00682,NEUTRAL,NEUTRAL,NEUTRAL,NEUTRAL,True
R00683,NEUTRAL,NEGATIVE,MIXED,NO_MAJORITY,False
R00684,NEGATIVE,NEGATIVE,NEGATIVE,NEGATIVE,True
R00685,NEGATIVE,NEGATIVE,NEGATIVE,NEGATIVE,True
R00686,NEGATIVE,NEGATIVE,NEGATIVE,NEGATIVE,True
R00687,NEUTRAL,NEUTRAL,NEUTRAL,NEUTRAL,True
R00688,NEGATIVE,NEGATIVE,NEGATIVE,NEGATIVE,True
R00689,NEGATIVE,NEGATIVE,NEGATIVE,NEGATIVE,True
R00690,NEUTRAL,NEUTRAL,NEUTRAL,NEUTRAL,True
R00691,NEUTRAL,MIXED,MIXED,MIXED,False
R00692,NEGATIVE,NEUTRAL,NEUTRAL,NEUTRAL,False
R00693,NEGATIVE,NEGATIVE,NEGATIVE,NEGATIVE,True
R00694,NEGATIVE,NEGATIVE,NEGATIVE,NEGATIVE,True
R00695,POSITIVE,POSITIVE,POSITIVE,POSITIVE,True
R00696,NEGATIVE,NEGATIVE,NEGATIVE,NEGATIVE,True
R00697,POSITIVE,MIXED,MIXED,MIXED,False
R00698,NEGATIVE,NEGATIVE,NEGATIVE,NEGATIVE,True
R00699,NEGATIVE,NEGATIVE,NEGATIVE,NEGATIVE,True
R00700,NEGATIVE,NEGATIVE,NEGATIVE,NEGATIVE,True
R00701,NEUTRAL,MIXED,MIXED,MIXED,False
R00702,NEGATIVE,NEGATIVE,NEGATIVE,NEGATIVE,True
R00703,MIXED,NEGATIVE,MIXED,MIXED,False
R00704,NEGATIVE,NEGATIVE,NEGATIVE,NEGATIVE,True
R00705,NEUTRAL,NEGATIVE,NEGATIVE,NEGATIVE,False
R00706,NEGATIVE,NEGATIVE,NEGATIVE,NEGATIVE,True
R00707,POSITIVE,POSITIVE,POSITIVE,POSITIVE,True
R00708,NEGATIVE,NEGATIVE,NEGATIVE,NEGATIVE,True
R00709,MIXED,NEGATIVE,NEGATIVE,NEGATIVE,False
R00710,NEGATIVE,NEGATIVE,NEGATIVE,NEGATIVE,True
R00711,NEUTRAL,MIXED,MIXED,MIXED,False
R00712,POSITIVE,POSITIVE,MIXED,POSITIVE,False
R00713,NEGATIVE,NEGATIVE,MIXED,NEGATIVE,False
R00714,POSITIVE,POSITIVE,POSITIVE,POSITIVE,True
R00715,NEGATIVE,NEGATIVE,MIXED,NEGATIVE,False
R00716,NEUTRAL,NEUTRAL,NEUTRAL,NEUTRAL,True
R00717,NEGATIVE,NEGATIVE,NEGATIVE,NEGATIVE,True
R00718,NEGATIVE,NEGATIVE,NEGATIVE,NEGATIVE,True
R00719,MIXED,MIXED,MIXED,MIXED,True
R00720,NEGATIVE,MIXED,MIXED,MIXED,False
R00721,NEUTRAL,POSITIVE,MIXED,NO_MAJORITY,False
R00722,NEUTRAL,NEGATIVE,NEGATIVE,NEGATIVE,False
R00723,POSITIVE,POSITIVE,POSITIVE,POSITIVE,True
R00724,NEGATIVE,NEGATIVE,NEGATIVE,NEGATIVE,True
R00725,MIXED,MIXED,MIXED,MIXED,True
R00726,MIXED,MIXED,MIXED,MIXED,True
R00727,NEGATIVE,NEGATIVE,NEGATIVE,NEGATIVE,True
R00728,NEGATIVE,NEGATIVE,NEGATIVE,NEGATIVE,True
R00729,POSITIVE,NEUTRAL,NEUTRAL,NEUTRAL,False
R00730,NEUTRAL,MIXED,MIXED,MIXED,False
R00731,NEGATIVE,MIXED,NEGATIVE,NEGATIVE,False
R00732,NEUTRAL,MIXED,MIXED,MIXED,False
R00733,POSITIVE,POSITIVE,POSITIVE,POSITIVE,True
R00734,NEGATIVE,NEGATIVE,NEUTRAL,NEGATIVE,False
R00735,NEGATIVE,NEGATIVE,NEGATIVE,NEGATIVE,True
R00736,NEGATIVE,NEGATIVE,NEGATIVE,NEGATIVE,True
R00737,POSITIVE,POSITIVE,POSITIVE,POSITIVE,True
R00738,NEUTRAL,MIXED,MIXED,MIXED,False
R00739,NEGATIVE,MIXED,MIXED,MIXED,False
R00740,NEGATIVE,NEGATIVE,NEGATIVE,NEGATIVE,True
R00741,NEUTRAL,MIXED,MIXED,MIXED,False
R00742,NEGATIVE,NEGATIVE,NEGATIVE,NEGATIVE,True
R00743,MIXED,MIXED,MIXED,MIXED,True
R00744,NEGATIVE,NEGATIVE,NEUTRAL,NEGATIVE,False
R00745,NEGATIVE,NEGATIVE,NEGATIVE,NEGATIVE,True
R00746,NEGATIVE,NEGATIVE,NEGATIVE,NEGATIVE,True
R00747,MIXED,MIXED,MIXED,MIXED,True
R00748,POSITIVE,MIXED,POSITIVE,POSITIVE,False
R00749,POSITIVE,POSITIVE,POSITIVE,POSITIVE,True
R00750,NEGATIVE,NEGATIVE,NEGATIVE,NEGATIVE,True
R00751,NEGATIVE,NEGATIVE,NEGATIVE,NEGATIVE,True
R00752,POSITIVE,POSITIVE,POSITIVE,POSITIVE,True
R00753,MIXED,MIXED,MIXED,MIXED,True
R00754,NEUTRAL,NEGATIVE,MIXED,NO_MAJORITY,False
R00755,NEGATIVE,NEGATIVE,NEGATIVE,NEGATIVE,True
R00756,POSITIVE,POSITIVE,NEUTRAL,POSITIVE,False
R00757,NEGATIVE,MIXED,NEGATIVE,NEGATIVE,False
R00758,POSITIVE,POSITIVE,POSITIVE,POSITIVE,True
R00759,NEGATIVE,NEGATIVE,NEGATIVE,NEGATIVE,True
R00760,NEGATIVE,NEGATIVE,NEGATIVE,NEGATIVE,True
R00761,NEGATIVE,NEGATIVE,NEGATIVE,NEGATIVE,True
R00762,NEUTRAL,NEGATIVE,UNCLEAR,NO_MAJORITY,False
R00763,MIXED,NEGATIVE,NEGATIVE,NEGATIVE,False
R00764,POSITIVE,POSITIVE,POSITIVE,POSITIVE,True
R00765,NEGATIVE,NEUTRAL,NEGATIVE,NEGATIVE,False
R00766,NEGATIVE,NEGATIVE,NEGATIVE,NEGATIVE,True
R00767,NEGATIVE,MIXED,NEGATIVE,NEGATIVE,False
R00768,NEGATIVE,NEGATIVE,NEGATIVE,NEGATIVE,True
R00769,NEGATIVE,NEGATIVE,NEGATIVE,NEGATIVE,True
R00770,NEUTRAL,MIXED,MIXED,MIXED,False
R00771,NEGATIVE,NEGATIVE,MIXED,NEGATIVE,False
R00772,NEGATIVE,NEGATIVE,NEGATIVE,NEGATIVE,True
R00773,NEUTRAL,MIXED,MIXED,MIXED,False
R00774,NEGATIVE,NEGATIVE,NEGATIVE,NEGATIVE,True
R00775,NEGATIVE,NEGATIVE,NEGATIVE,NEGATIVE,True
R00776,NEGATIVE,NEGATIVE,NEGATIVE,NEGATIVE,True
R00777,POSITIVE,POSITIVE,POSITIVE,POSITIVE,True
R00778,POSITIVE,POSITIVE,POSITIVE,POSITIVE,True
R00779,MIXED,MIXED,MIXED,MIXED,True
R00780,NEUTRAL,MIXED,MIXED,MIXED,False
R00781,NEGATIVE,NEGATIVE,NEGATIVE,NEGATIVE,True
R00782,NEUTRAL,MIXED,MIXED,MIXED,False
R00783,POSITIVE,POSITIVE,POSITIVE,POSITIVE,True
R00784,NEGATIVE,NEGATIVE,NEGATIVE,NEGATIVE,True
R00785,MIXED,NEGATIVE,NEGATIVE,NEGATIVE,False
R00786,NEGATIVE,NEGATIVE,NEGATIVE,NEGATIVE,True
R00787,MIXED,MIXED,MIXED,MIXED,True
R00788,NEGATIVE,NEGATIVE,MIXED,NEGATIVE,False
R00789,POSITIVE,MIXED,MIXED,MIXED,False
R00790,NEGATIVE,NEGATIVE,NEGATIVE,NEGATIVE,True
R00791,MIXED,MIXED,MIXED,MIXED,True
R00792,NEUTRAL,NEGATIVE,MIXED,NO_MAJORITY,False
R00793,NEGATIVE,NEGATIVE,NEGATIVE,NEGATIVE,True
R00794,NEUTRAL,NEGATIVE,NEUTRAL,NEUTRAL,False
R00795,MIXED,POSITIVE,POSITIVE,POSITIVE,False
R00796,NEGATIVE,NEGATIVE,NEGATIVE,NEGATIVE,True
R00797,MIXED,MIXED,MIXED,MIXED,True
R00798,MIXED,MIXED,NEGATIVE,MIXED,False
R00799,NEUTRAL,MIXED,MIXED,MIXED,False
R00800,NEUTRAL,NEGATIVE,MIXED,NO_MAJORITY,False
R00801,NEUTRAL,MIXED,MIXED,MIXED,False
R00802,NEGATIVE,NEGATIVE,NEGATIVE,NEGATIVE,True
R00803,NEUTRAL,MIXED,MIXED,MIXED,False
R00804,NEUTRAL,MIXED,MIXED,MIXED,False
R00805,NEGATIVE,MIXED,MIXED,MIXED,False
R00806,NEUTRAL,NEGATIVE,NEGATIVE,NEGATIVE,False
R00807,NEGATIVE,NEGATIVE,NEGATIVE,NEGATIVE,True
R00808,MIXED,MIXED,MIXED,MIXED,True
R00809,NEUTRAL,POSITIVE,MIXED,NO_MAJORITY,False
R00810,NEGATIVE,NEGATIVE,NEGATIVE,NEGATIVE,True
R00811,NEGATIVE,NEGATIVE,MIXED,NEGATIVE,False
R00812,NEGATIVE,NEGATIVE,NEGATIVE,NEGATIVE,True
R00813,NEGATIVE,MIXED,NEGATIVE,NEGATIVE,False
R00814,NEGATIVE,NEGATIVE,NEGATIVE,NEGATIVE,True
R00815,MIXED,MIXED,MIXED,MIXED,True
R00816,NEGATIVE,NEGATIVE,NEGATIVE,NEGATIVE,True
R00817,NEUTRAL,POSITIVE,POSITIVE,POSITIVE,False
R00818,NEUTRAL,POSITIVE,NEUTRAL,NEUTRAL,False
R00819,NEGATIVE,NEGATIVE,MIXED,NEGATIVE,False
R00820,NEGATIVE,MIXED,MIXED,MIXED,False
R00821,NEGATIVE,NEGATIVE,NEGATIVE,NEGATIVE,True
R00822,NEUTRAL,MIXED,NEUTRAL,NEUTRAL,False
R00823,MIXED,MIXED,MIXED,MIXED,True
R00824,NEGATIVE,NEGATIVE,NEGATIVE,NEGATIVE,True
R00825,MIXED,MIXED,MIXED,MIXED,True
R00826,NEUTRAL,MIXED,MIXED,MIXED,False
R00827,NEGATIVE,NEGATIVE,MIXED,NEGATIVE,False
R00828,NEUTRAL,MIXED,MIXED,MIXED,False
R00829,NEGATIVE,NEGATIVE,MIXED,NEGATIVE,False
R00830,MIXED,NEGATIVE,MIXED,MIXED,False
R00831,NEGATIVE,NEGATIVE,NEGATIVE,NEGATIVE,True
R00832,NEUTRAL,NEUTRAL,NEUTRAL,NEUTRAL,True
R00833,NEUTRAL,NEUTRAL,NEUTRAL,NEUTRAL,True
R00834,POSITIVE,POSITIVE,POSITIVE,POSITIVE,True
R00835,NEUTRAL,NEGATIVE,NEGATIVE,NEGATIVE,False
R00836,NEUTRAL,MIXED,NEUTRAL,NEUTRAL,False
R00837,NEUTRAL,MIXED,MIXED,MIXED,False
R00838,NEGATIVE,NEGATIVE,NEGATIVE,NEGATIVE,True
R00839,NEGATIVE,NEGATIVE,NEGATIVE,NEGATIVE,True
R00840,NEUTRAL,NEUTRAL,NEUTRAL,NEUTRAL,True
R00841,NEUTRAL,MIXED,MIXED,MIXED,False
R00842,NEGATIVE,NEGATIVE,NEGATIVE,NEGATIVE,True
R00843,NEGATIVE,NEGATIVE,NEGATIVE,NEGATIVE,True
R00844,NEGATIVE,NEGATIVE,NEGATIVE,NEGATIVE,True
R00845,NEGATIVE,MIXED,MIXED,MIXED,False
R00846,MIXED,MIXED,MIXED,MIXED,True
R00847,NEGATIVE,POSITIVE,MIXED,NO_MAJORITY,False
R00848,NEUTRAL,MIXED,NEGATIVE,NO_MAJORITY,False
R00849,NEGATIVE,MIXED,MIXED,MIXED,False
R00850,MIXED,NEGATIVE,NEGATIVE,NEGATIVE,False
R00851,NEGATIVE,MIXED,NEGATIVE,NEGATIVE,False
R00852,NEGATIVE,MIXED,MIXED,MIXED,False
R00853,NEGATIVE,NEGATIVE,NEGATIVE,NEGATIVE,True
R00854,NEUTRAL,POSITIVE,MIXED,NO_MAJORITY,False
R00855,NEGATIVE,NEGATIVE,NEGATIVE,NEGATIVE,True
R00856,MIXED,MIXED,MIXED,MIXED,True
R00857,NEGATIVE,NEGATIVE,NEGATIVE,NEGATIVE,True
R00858,NEUTRAL,MIXED,MIXED,MIXED,False
R00859,NEGATIVE,MIXED,MIXED,MIXED,False
R00860,NEGATIVE,NEGATIVE,NEGATIVE,NEGATIVE,True
R00861,NEGATIVE,NEGATIVE,NEGATIVE,NEGATIVE,True
R00862,NEGATIVE,NEGATIVE,NEGATIVE,NEGATIVE,True
R00863,NEUTRAL,MIXED,MIXED,MIXED,False
R00864,NEUTRAL,MIXED,NEUTRAL,NEUTRAL,False
R00865,MIXED,MIXED,MIXED,MIXED,True
R00866,POSITIVE,POSITIVE,POSITIVE,POSITIVE,True
R00867,MIXED,MIXED,MIXED,MIXED,True
R00868,NEGATIVE,NEGATIVE,NEGATIVE,NEGATIVE,True
R00869,POSITIVE,NEUTRAL,POSITIVE,POSITIVE,False
R00870,NEUTRAL,NEGATIVE,MIXED,NO_MAJORITY,False
R00871,NEUTRAL,NEGATIVE,MIXED,NO_MAJORITY,False
R00872,NEGATIVE,NEGATIVE,NEGATIVE,NEGATIVE,True
R00873,NEGATIVE,NEGATIVE,NEGATIVE,NEGATIVE,True
R00874,NEUTRAL,MIXED,MIXED,MIXED,False
R00875,POSITIVE,POSITIVE,POSITIVE,POSITIVE,True
R00876,NEGATIVE,MIXED,MIXED,MIXED,False
R00877,POSITIVE,POSITIVE,POSITIVE,POSITIVE,True
R00878,NEGATIVE,NEGATIVE,NEGATIVE,NEGATIVE,True
R00879,NEUTRAL,MIXED,MIXED,MIXED,False
R00880,NEUTRAL,MIXED,MIXED,MIXED,False
R00881,NEGATIVE,MIXED,NEGATIVE,NEGATIVE,False
R00882,NEGATIVE,MIXED,NEGATIVE,NEGATIVE,False
R00883,NEGATIVE,NEGATIVE,NEGATIVE,NEGATIVE,True
R00884,MIXED,MIXED,MIXED,MIXED,True
R00885,MIXED,MIXED,MIXED,MIXED,True
R00886,NEUTRAL,MIXED,NEUTRAL,NEUTRAL,False
R00887,NEGATIVE,NEGATIVE,NEGATIVE,NEGATIVE,True
R00888,POSITIVE,POSITIVE,POSITIVE,POSITIVE,True
R00889,NEGATIVE,NEGATIVE,MIXED,NEGATIVE,False
R00890,NEUTRAL,MIXED,MIXED,MIXED,False
R00891,NEGATIVE,NEGATIVE,NEGATIVE,NEGATIVE,True
R00892,MIXED,MIXED,MIXED,MIXED,True
R00893,NEUTRAL,POSITIVE,NEUTRAL,NEUTRAL,False
R00894,NEGATIVE,NEGATIVE,NEGATIVE,NEGATIVE,True
R00895,NEUTRAL,MIXED,MIXED,MIXED,False
R00896,NEGATIVE,NEGATIVE,NEUTRAL,NEGATIVE,False
R00897,MIXED,MIXED,MIXED,MIXED,True
R00898,NEUTRAL,NEUTRAL,NEUTRAL,NEUTRAL,True
R00899,NEGATIVE,NEGATIVE,NEGATIVE,NEGATIVE,True
R00900,MIXED,MIXED,MIXED,MIXED,True
R00901,POSITIVE,POSITIVE,POSITIVE,POSITIVE,True
R00902,MIXED,MIXED,MIXED,MIXED,True
R00903,NEGATIVE,NEGATIVE,NEGATIVE,NEGATIVE,True
R00904,NEUTRAL,MIXED,NEGATIVE,NO_MAJORITY,False
R00905,NEGATIVE,NEGATIVE,NEGATIVE,NEGATIVE,True
R00906,NEGATIVE,NEGATIVE,NEGATIVE,NEGATIVE,True
R00907,NEGATIVE,NEGATIVE,NEGATIVE,NEGATIVE,True
R00908,NEGATIVE,NEGATIVE,NEGATIVE,NEGATIVE,True
R00909,NEGATIVE,NEGATIVE,NEGATIVE,NEGATIVE,True
R00910,NEGATIVE,NEGATIVE,NEGATIVE,NEGATIVE,True
R00911,MIXED,MIXED,MIXED,MIXED,True
R00912,NEGATIVE,NEGATIVE,NEGATIVE,NEGATIVE,True
R00913,NEUTRAL,MIXED,NEUTRAL,NEUTRAL,False
R00914,NEGATIVE,NEGATIVE,NEGATIVE,NEGATIVE,True
R00915,NEGATIVE,MIXED,MIXED,MIXED,False
R00916,MIXED,MIXED,MIXED,MIXED,True
R00917,NEGATIVE,NEGATIVE,NEGATIVE,NEGATIVE,True
R00918,NEGATIVE,NEGATIVE,NEGATIVE,NEGATIVE,True
R00919,NEGATIVE,MIXED,NEGATIVE,NEGATIVE,False
R00920,NEGATIVE,NEGATIVE,MIXED,NEGATIVE,False
R00921,POSITIVE,POSITIVE,POSITIVE,POSITIVE,True
R00922,NEGATIVE,NEGATIVE,NEGATIVE,NEGATIVE,True
R00923,MIXED,MIXED,MIXED,MIXED,True
R00924,NEGATIVE,NEGATIVE,NEGATIVE,NEGATIVE,True
R00925,MIXED,MIXED,MIXED,MIXED,True
R00926,NEGATIVE,NEGATIVE,NEGATIVE,NEGATIVE,True
R00927,NEGATIVE,NEGATIVE,NEGATIVE,NEGATIVE,True
R00928,NEUTRAL,MIXED,NEGATIVE,NO_MAJORITY,False
R00929,NEUTRAL,MIXED,MIXED,MIXED,False
R00930,NEGATIVE,NEGATIVE,MIXED,NEGATIVE,False
R00931,NEGATIVE,NEGATIVE,NEGATIVE,NEGATIVE,True
R00932,POSITIVE,MIXED,MIXED,MIXED,False
R00933,NEUTRAL,NEGATIVE,NEUTRAL,NEUTRAL,False
R00934,NEUTRAL,NEGATIVE,MIXED,NO_MAJORITY,False
R00935,NEGATIVE,NEGATIVE,NEGATIVE,NEGATIVE,True
R00936,NEGATIVE,NEGATIVE,NEGATIVE,NEGATIVE,True
R00937,NEGATIVE,NEGATIVE,NEGATIVE,NEGATIVE,True
R00938,MIXED,MIXED,MIXED,MIXED,True
R00939,NEUTRAL,MIXED,NEUTRAL,NEUTRAL,False
R00940,NEGATIVE,NEGATIVE,NEGATIVE,NEGATIVE,True
R00941,NEGATIVE,NEGATIVE,MIXED,NEGATIVE,False
R00942,NEUTRAL,MIXED,MIXED,MIXED,False
R00943,NEUTRAL,NEUTRAL,NEUTRAL,NEUTRAL,True
R00944,NEGATIVE,NEGATIVE,NEGATIVE,NEGATIVE,True
R00945,NEGATIVE,NEGATIVE,MIXED,NEGATIVE,False
R00946,NEGATIVE,NEGATIVE,NEGATIVE,NEGATIVE,True
R00947,NEGATIVE,NEGATIVE,NEGATIVE,NEGATIVE,True
R00948,POSITIVE,POSITIVE,POSITIVE,POSITIVE,True
R00949,NEUTRAL,NEGATIVE,NEGATIVE,NEGATIVE,False
R00950,NEUTRAL,NEGATIVE,NEUTRAL,NEUTRAL,False
R00951,POSITIVE,POSITIVE,POSITIVE,POSITIVE,True
R00952,NEGATIVE,NEUTRAL,UNCLEAR,NO_MAJORITY,False
R00953,NEGATIVE,NEGATIVE,MIXED,NEGATIVE,False
R00954,NEGATIVE,NEGATIVE,NEGATIVE,NEGATIVE,True
R00955,NEGATIVE,NEGATIVE,MIXED,NEGATIVE,False
R00956,NEGATIVE,NEGATIVE,NEGATIVE,NEGATIVE,True
R00957,NEGATIVE,NEGATIVE,NEGATIVE,NEGATIVE,True
R00958,NEGATIVE,NEGATIVE,NEGATIVE,NEGATIVE,True
R00959,NEGATIVE,NEGATIVE,NEGATIVE,NEGATIVE,True
R00960,POSITIVE,POSITIVE,MIXED,POSITIVE,False
R00961,POSITIVE,POSITIVE,POSITIVE,POSITIVE,True
R00962,NEUTRAL,POSITIVE,POSITIVE,POSITIVE,False
R00963,NEUTRAL,MIXED,POSITIVE,NO_MAJORITY,False
R00964,NEGATIVE,NEGATIVE,NEGATIVE,NEGATIVE,True
R00965,NEUTRAL,NEUTRAL,NEUTRAL,NEUTRAL,True
R00966,NEGATIVE,NEGATIVE,NEGATIVE,NEGATIVE,True
R00967,NEUTRAL,MIXED,MIXED,MIXED,False
R00968,MIXED,MIXED,MIXED,MIXED,True
R00969,NEGATIVE,NEGATIVE,NEGATIVE,NEGATIVE,True
R00970,NEGATIVE,NEGATIVE,NEGATIVE,NEGATIVE,True
R00971,NEGATIVE,MIXED,MIXED,MIXED,False
R00972,NEGATIVE,MIXED,MIXED,MIXED,False
R00973,NEGATIVE,NEGATIVE,NEGATIVE,NEGATIVE,True
R00974,MIXED,MIXED,MIXED,MIXED,True
R00975,NEGATIVE,NEGATIVE,NEGATIVE,NEGATIVE,True
R00976,POSITIVE,POSITIVE,POSITIVE,POSITIVE,True
R00977,NEGATIVE,MIXED,MIXED,MIXED,False
R00978,NEGATIVE,MIXED,MIXED,MIXED,False
R00979,NEGATIVE,NEGATIVE,NEGATIVE,NEGATIVE,True
R00980,NEGATIVE,NEGATIVE,NEGATIVE,NEGATIVE,True
R00981,NEUTRAL,NEUTRAL,NEUTRAL,NEUTRAL,True
R00982,NEGATIVE,NEGATIVE,NEGATIVE,NEGATIVE,True
R00983,MIXED,MIXED,MIXED,MIXED,True
R00984,MIXED,MIXED,MIXED,MIXED,True
R00985,NEUTRAL,MIXED,MIXED,MIXED,False
R00986,MIXED,MIXED,MIXED,MIXED,True
R00987,NEGATIVE,NEGATIVE,MIXED,NEGATIVE,False
R00988,MIXED,NEGATIVE,MIXED,MIXED,False
R00989,MIXED,MIXED,MIXED,MIXED,True
R00990,NEUTRAL,NEUTRAL,NEUTRAL,NEUTRAL,True
R00991,NEGATIVE,NEGATIVE,NEGATIVE,NEGATIVE,True
R00992,NEGATIVE,NEGATIVE,NEGATIVE,NEGATIVE,True
R00993,NEGATIVE,NEGATIVE,NEGATIVE,NEGATIVE,True
R00994,NEGATIVE,NEGATIVE,NEGATIVE,NEGATIVE,True
R00995,NEGATIVE,NEGATIVE,NEGATIVE,NEGATIVE,True
R00996,POSITIVE,POSITIVE,MIXED,POSITIVE,False
R00997,NEGATIVE,NEGATIVE,NEGATIVE,NEGATIVE,True
R00998,NEGATIVE,NEGATIVE,NEGATIVE,NEGATIVE,True
R00999,NEGATIVE,NEGATIVE,NEGATIVE,NEGATIVE,True
R01000,MIXED,MIXED,NEGATIVE,MIXED,False
R01001,NEUTRAL,POSITIVE,MIXED,NO_MAJORITY,False
R01002,NEUTRAL,NEUTRAL,NEUTRAL,NEUTRAL,True
R01003,NEUTRAL,NEGATIVE,NEUTRAL,NEUTRAL,False
R01004,NEGATIVE,NEGATIVE,NEGATIVE,NEGATIVE,True
R01005,NEUTRAL,MIXED,NEUTRAL,NEUTRAL,False
R01006,POSITIVE,POSITIVE,MIXED,POSITIVE,False
R01007,NEGATIVE,NEGATIVE,NEGATIVE,NEGATIVE,True
R01008,NEGATIVE,NEGATIVE,MIXED,NEGATIVE,False
R01009,NEGATIVE,NEGATIVE,NEGATIVE,NEGATIVE,True
R01010,NEUTRAL,NEGATIVE,MIXED,NO_MAJORITY,False
R01011,NEGATIVE,NEGATIVE,NEGATIVE,NEGATIVE,True
R01012,NEUTRAL,MIXED,MIXED,MIXED,False
R01013,MIXED,MIXED,MIXED,MIXED,True
R01014,NEGATIVE,NEGATIVE,NEGATIVE,NEGATIVE,True
R01015,NEUTRAL,NEUTRAL,NEUTRAL,NEUTRAL,True
R01016,NEGATIVE,NEGATIVE,NEGATIVE,NEGATIVE,True
R01017,NEUTRAL,POSITIVE,NEUTRAL,NEUTRAL,False
R01018,NEGATIVE,NEGATIVE,NEGATIVE,NEGATIVE,True
R01019,NEGATIVE,NEGATIVE,NEGATIVE,NEGATIVE,True
R01020,NEUTRAL,MIXED,NEGATIVE,NO_MAJORITY,False
R01021,NEGATIVE,NEGATIVE,MIXED,NEGATIVE,False
R01022,NEGATIVE,NEGATIVE,NEGATIVE,NEGATIVE,True
R01023,POSITIVE,POSITIVE,POSITIVE,POSITIVE,True
R01024,MIXED,MIXED,MIXED,MIXED,True
R01025,NEGATIVE,NEGATIVE,MIXED,NEGATIVE,False
R01026,NEGATIVE,NEGATIVE,NEUTRAL,NEGATIVE,False
R01027,NEGATIVE,MIXED,NEGATIVE,NEGATIVE,False
R01028,NEGATIVE,NEGATIVE,NEGATIVE,NEGATIVE,True
R01029,NEGATIVE,NEGATIVE,NEGATIVE,NEGATIVE,True
R01030,NEGATIVE,MIXED,NEGATIVE,NEGATIVE,False
R01031,POSITIVE,POSITIVE,POSITIVE,POSITIVE,True
R01032,POSITIVE,POSITIVE,POSITIVE,POSITIVE,True
R01033,NEGATIVE,NEGATIVE,NEGATIVE,NEGATIVE,True
R01034,NEUTRAL,POSITIVE,POSITIVE,POSITIVE,False
R01035,NEGATIVE,NEGATIVE,NEGATIVE,NEGATIVE,True
R01036,MIXED,MIXED,MIXED,MIXED,True
R01037,NEUTRAL,NEUTRAL,NEUTRAL,NEUTRAL,True
R01038,NEGATIVE,NEGATIVE,NEGATIVE,NEGATIVE,True
R01039,NEUTRAL,MIXED,MIXED,MIXED,False
R01040,NEGATIVE,NEGATIVE,NEGATIVE,NEGATIVE,True
R01041,MIXED,MIXED,MIXED,MIXED,True
R01042,NEGATIVE,NEGATIVE,NEGATIVE,NEGATIVE,True
R01043,NEGATIVE,NEGATIVE,MIXED,NEGATIVE,False
R01044,NEGATIVE,NEGATIVE,NEGATIVE,NEGATIVE,True
R01045,NEGATIVE,NEUTRAL,NEUTRAL,NEUTRAL,False
R01046,MIXED,MIXED,MIXED,MIXED,True
R01047,NEGATIVE,MIXED,NEUTRAL,NO_MAJORITY,False
R01048,NEGATIVE,NEUTRAL,NEGATIVE,NEGATIVE,False
R01049,NEGATIVE,NEGATIVE,NEGATIVE,NEGATIVE,True
R01050,MIXED,MIXED,MIXED,MIXED,True
R01051,NEGATIVE,NEGATIVE,NEGATIVE,NEGATIVE,True
R01052,POSITIVE,MIXED,MIXED,MIXED,False
R01053,NEGATIVE,NEGATIVE,NEGATIVE,NEGATIVE,True
R01054,MIXED,NEGATIVE,MIXED,MIXED,False
R01055,NEGATIVE,NEGATIVE,NEGATIVE,NEGATIVE,True
R01056,NEGATIVE,NEGATIVE,NEGATIVE,NEGATIVE,True
R01057,NEGATIVE,NEGATIVE,NEGATIVE,NEGATIVE,True
R01058,NEGATIVE,NEGATIVE,NEGATIVE,NEGATIVE,True
R01059,NEUTRAL,MIXED,NEUTRAL,NEUTRAL,False
R01060,MIXED,MIXED,MIXED,MIXED,True
R01061,NEGATIVE,NEGATIVE,NEGATIVE,NEGATIVE,True
R01062,MIXED,NEGATIVE,NEGATIVE,NEGATIVE,False
R01063,NEGATIVE,NEGATIVE,NEGATIVE,NEGATIVE,True
R01064,NEUTRAL,MIXED,NEUTRAL,NEUTRAL,False
R01065,NEUTRAL,MIXED,POSITIVE,NO_MAJORITY,False
R01066,NEGATIVE,NEGATIVE,MIXED,NEGATIVE,False
R01067,NEGATIVE,NEGATIVE,NEGATIVE,NEGATIVE,True
R01068,NEGATIVE,MIXED,NEGATIVE,NEGATIVE,False
R01069,MIXED,MIXED,MIXED,MIXED,True
R01070,NEGATIVE,NEGATIVE,NEGATIVE,NEGATIVE,True
R01071,MIXED,MIXED,MIXED,MIXED,True
R01072,NEGATIVE,NEGATIVE,NEGATIVE,NEGATIVE,True
R01073,MIXED,MIXED,MIXED,MIXED,True
R01074,NEGATIVE,NEGATIVE,NEGATIVE,NEGATIVE,True
R01075,NEUTRAL,NEGATIVE,MIXED,NO_MAJORITY,False
R01076,NEGATIVE,MIXED,MIXED,MIXED,False
R01077,NEGATIVE,NEGATIVE,NEGATIVE,NEGATIVE,True
R01078,NEGATIVE,MIXED,MIXED,MIXED,False
R01079,POSITIVE,POSITIVE,MIXED,POSITIVE,False
R01080,NEGATIVE,NEGATIVE,NEGATIVE,NEGATIVE,True
R01081,NEGATIVE,NEGATIVE,NEUTRAL,NEGATIVE,False
R01082,MIXED,MIXED,MIXED,MIXED,True
R01083,NEGATIVE,NEGATIVE,NEGATIVE,NEGATIVE,True
R01084,NEGATIVE,NEGATIVE,NEGATIVE,NEGATIVE,True
R01085,NEUTRAL,MIXED,MIXED,MIXED,False
R01086,NEGATIVE,NEGATIVE,NEGATIVE,NEGATIVE,True
R01087,POSITIVE,POSITIVE,POSITIVE,POSITIVE,True
R01088,NEUTRAL,MIXED,MIXED,MIXED,False
R01089,MIXED,MIXED,MIXED,MIXED,True
R01090,MIXED,NEGATIVE,MIXED,MIXED,False
R01091,NEGATIVE,NEGATIVE,NEGATIVE,NEGATIVE,True
R01092,NEGATIVE,NEUTRAL,NEUTRAL,NEUTRAL,False
R01093,NEUTRAL,NEGATIVE,NEGATIVE,NEGATIVE,False
R01094,NEGATIVE,NEGATIVE,NEGATIVE,NEGATIVE,True
R01095,NEUTRAL,NEGATIVE,NEGATIVE,NEGATIVE,False
R01096,NEGATIVE,NEGATIVE,NEGATIVE,NEGATIVE,True
R01097,NEUTRAL,NEUTRAL,NEUTRAL,NEUTRAL,True
R01098,NEGATIVE,NEGATIVE,NEGATIVE,NEGATIVE,True
R01100,NEGATIVE,NEGATIVE,NEGATIVE,NEGATIVE,True
R01101,NEGATIVE,NEGATIVE,MIXED,NEGATIVE,False
R01102,NEUTRAL,NEUTRAL,NEUTRAL,NEUTRAL,True
R01103,NEGATIVE,NEGATIVE,NEGATIVE,NEGATIVE,True
R01104,POSITIVE,MIXED,MIXED,MIXED,False
R01105,NEUTRAL,NEGATIVE,MIXED,NO_MAJORITY,False
R01106,NEGATIVE,NEGATIVE,NEGATIVE,NEGATIVE,True
R01107,POSITIVE,POSITIVE,MIXED,POSITIVE,False
R01108,NEGATIVE,NEGATIVE,NEGATIVE,NEGATIVE,True
R01109,NEGATIVE,NEUTRAL,NEUTRAL,NEUTRAL,False
R01110,NEGATIVE,NEGATIVE,NEGATIVE,NEGATIVE,True
R01111,POSITIVE,POSITIVE,MIXED,POSITIVE,False
R01112,NEGATIVE,NEGATIVE,NEGATIVE,NEGATIVE,True
R01113,MIXED,MIXED,MIXED,MIXED,True
R01114,NEGATIVE,NEGATIVE,NEGATIVE,NEGATIVE,True
R01115,POSITIVE,POSITIVE,POSITIVE,POSITIVE,True
R01116,NEUTRAL,POSITIVE,MIXED,NO_MAJORITY,False
R01117,NEGATIVE,NEGATIVE,MIXED,NEGATIVE,False
R01118,NEGATIVE,NEGATIVE,NEGATIVE,NEGATIVE,True
R01119,NEGATIVE,NEGATIVE,NEGATIVE,NEGATIVE,True
R01120,NEGATIVE,NEGATIVE,NEGATIVE,NEGATIVE,True
R01121,NEUTRAL,MIXED,MIXED,MIXED,False
R01122,NEGATIVE,NEGATIVE,NEGATIVE,NEGATIVE,True
R01123,NEUTRAL,NEUTRAL,NEUTRAL,NEUTRAL,True
R01124,NEUTRAL,MIXED,MIXED,MIXED,False
R01125,MIXED,MIXED,NEGATIVE,MIXED,False
R01126,NEUTRAL,MIXED,MIXED,MIXED,False
R01127,POSITIVE,MIXED,POSITIVE,POSITIVE,False
R01128,NEUTRAL,NEUTRAL,NEUTRAL,NEUTRAL,True
R01129,NEGATIVE,MIXED,NEGATIVE,NEGATIVE,False
R01130,MIXED,MIXED,MIXED,MIXED,True
R01131,NEGATIVE,MIXED,MIXED,MIXED,False
R01132,NEUTRAL,MIXED,MIXED,MIXED,False
R01133,MIXED,MIXED,MIXED,MIXED,True
R01134,NEGATIVE,NEGATIVE,NEGATIVE,NEGATIVE,True
R01135,NEGATIVE,NEGATIVE,NEGATIVE,NEGATIVE,True
R01136,NEUTRAL,POSITIVE,POSITIVE,POSITIVE,False
R01137,NEGATIVE,NEGATIVE,NEGATIVE,NEGATIVE,True
R01138,NEGATIVE,NEGATIVE,NEGATIVE,NEGATIVE,True
R01139,NEGATIVE,NEGATIVE,NEGATIVE,NEGATIVE,True
R01140,POSITIVE,POSITIVE,POSITIVE,POSITIVE,True
R01141,NEGATIVE,NEGATIVE,MIXED,NEGATIVE,False
R01142,NEGATIVE,NEGATIVE,NEGATIVE,NEGATIVE,True
R01143,POSITIVE,POSITIVE,POSITIVE,POSITIVE,True
R01144,NEGATIVE,NEGATIVE,NEGATIVE,NEGATIVE,True
R01145,NEGATIVE,NEGATIVE,MIXED,NEGATIVE,False
R01146,NEGATIVE,NEGATIVE,NEGATIVE,NEGATIVE,True
R01147,MIXED,MIXED,MIXED,MIXED,True
R01148,NEGATIVE,NEGATIVE,NEGATIVE,NEGATIVE,True
R01149,NEGATIVE,MIXED,NEGATIVE,NEGATIVE,False
R01150,MIXED,POSITIVE,MIXED,MIXED,False
R01151,NEGATIVE,NEGATIVE,NEGATIVE,NEGATIVE,True
R01152,NEUTRAL,MIXED,MIXED,MIXED,False
R01153,NEGATIVE,NEGATIVE,NEGATIVE,NEGATIVE,True
R01154,NEGATIVE,NEGATIVE,NEGATIVE,NEGATIVE,True
R01155,NEGATIVE,NEGATIVE,NEGATIVE,NEGATIVE,True
R01156,NEGATIVE,NEGATIVE,NEGATIVE,NEGATIVE,True
R01157,NEGATIVE,NEGATIVE,NEGATIVE,NEGATIVE,True
R01158,NEGATIVE,NEGATIVE,NEGATIVE,NEGATIVE,True
R01159,MIXED,MIXED,MIXED,MIXED,True
R01160,NEGATIVE,NEGATIVE,NEGATIVE,NEGATIVE,True
R01161,MIXED,MIXED,MIXED,MIXED,True
R01162,NEGATIVE,NEGATIVE,MIXED,NEGATIVE,False
R01163,NEGATIVE,NEGATIVE,NEGATIVE,NEGATIVE,True
R01164,NEGATIVE,NEGATIVE,NEGATIVE,NEGATIVE,True
R01165,NEGATIVE,NEGATIVE,NEGATIVE,NEGATIVE,True
R01166,NEGATIVE,NEGATIVE,NEGATIVE,NEGATIVE,True
R01167,NEUTRAL,MIXED,MIXED,MIXED,False
R01168,MIXED,MIXED,NEGATIVE,MIXED,False
R01169,NEGATIVE,NEGATIVE,NEGATIVE,NEGATIVE,True
R01170,NEGATIVE,NEGATIVE,NEGATIVE,NEGATIVE,True
R01171,NEGATIVE,NEGATIVE,NEGATIVE,NEGATIVE,True
R01172,MIXED,MIXED,MIXED,MIXED,True
R01173,MIXED,MIXED,MIXED,MIXED,True
R01174,NEUTRAL,MIXED,MIXED,MIXED,False
R01175,NEGATIVE,NEGATIVE,NEGATIVE,NEGATIVE,True
R01176,NEGATIVE,NEGATIVE,NEGATIVE,NEGATIVE,True
R01177,NEGATIVE,NEGATIVE,UNCLEAR,NEGATIVE,False
R01178,NEUTRAL,NEGATIVE,NEGATIVE,NEGATIVE,False
R01179,MIXED,MIXED,MIXED,MIXED,True
R01180,NEGATIVE,NEGATIVE,MIXED,NEGATIVE,False
R01181,NEGATIVE,NEGATIVE,NEGATIVE,NEGATIVE,True
R01182,NEGATIVE,NEGATIVE,NEGATIVE,NEGATIVE,True
R01183,MIXED,MIXED,MIXED,MIXED,True
R01184,NEUTRAL,MIXED,NEUTRAL,NEUTRAL,False
R01185,NEGATIVE,NEGATIVE,NEGATIVE,NEGATIVE,True
R01186,NEGATIVE,MIXED,MIXED,MIXED,False
R01187,POSITIVE,POSITIVE,POSITIVE,POSITIVE,True
R01188,NEGATIVE,NEGATIVE,NEGATIVE,NEGATIVE,True
R01189,NEGATIVE,NEGATIVE,NEGATIVE,NEGATIVE,True
R01190,MIXED,MIXED,MIXED,MIXED,True
R01191,NEUTRAL,NEGATIVE,MIXED,NO_MAJORITY,False
R01192,NEGATIVE,NEGATIVE,NEGATIVE,NEGATIVE,True
R01193,MIXED,MIXED,MIXED,MIXED,True
R01194,MIXED,NEGATIVE,MIXED,MIXED,False
R01195,NEGATIVE,NEGATIVE,NEGATIVE,NEGATIVE,True
R01196,MIXED,MIXED,MIXED,MIXED,True
R01197,POSITIVE,POSITIVE,POSITIVE,POSITIVE,True
R01198,NEUTRAL,MIXED,MIXED,MIXED,False
R01199,NEGATIVE,NEGATIVE,MIXED,NEGATIVE,False
R01200,NEUTRAL,NEUTRAL,MIXED,NEUTRAL,False
R01201,NEGATIVE,NEGATIVE,NEGATIVE,NEGATIVE,True
R01202,NEGATIVE,NEGATIVE,NEGATIVE,NEGATIVE,True
R01203,NEGATIVE,MIXED,NEGATIVE,NEGATIVE,False
R01204,MIXED,MIXED,MIXED,MIXED,True
R01205,MIXED,MIXED,MIXED,MIXED,True
R01206,NEUTRAL,NEUTRAL,NEUTRAL,NEUTRAL,True
R01207,NEGATIVE,NEGATIVE,NEGATIVE,NEGATIVE,True
R01208,NEGATIVE,NEGATIVE,NEGATIVE,NEGATIVE,True
R01209,NEUTRAL,MIXED,NEGATIVE,NO_MAJORITY,False
R01210,NEGATIVE,NEGATIVE,NEGATIVE,NEGATIVE,True
R01211,NEUTRAL,MIXED,MIXED,MIXED,False
R01212,NEGATIVE,NEGATIVE,NEGATIVE,NEGATIVE,True
R01213,NEGATIVE,NEGATIVE,NEGATIVE,NEGATIVE,True
R01214,MIXED,MIXED,MIXED,MIXED,True
R01215,NEGATIVE,NEGATIVE,NEGATIVE,NEGATIVE,True
R01216,NEUTRAL,POSITIVE,MIXED,NO_MAJORITY,False
R01217,NEGATIVE,NEGATIVE,NEGATIVE,NEGATIVE,True
R01218,NEGATIVE,NEGATIVE,MIXED,NEGATIVE,False
R01219,NEGATIVE,NEGATIVE,NEGATIVE,NEGATIVE,True
R01220,NEGATIVE,NEGATIVE,NEGATIVE,NEGATIVE,True
R01221,NEGATIVE,NEGATIVE,NEGATIVE,NEGATIVE,True
R01222,POSITIVE,POSITIVE,POSITIVE,POSITIVE,True
R01223,NEGATIVE,NEGATIVE,NEGATIVE,NEGATIVE,True
R01224,NEGATIVE,NEGATIVE,NEGATIVE,NEGATIVE,True
R01225,MIXED,MIXED,MIXED,MIXED,True
R01226,NEGATIVE,NEGATIVE,NEGATIVE,NEGATIVE,True
R01227,MIXED,MIXED,MIXED,MIXED,True
R01228,NEGATIVE,NEGATIVE,NEGATIVE,NEGATIVE,True
R01229,NEGATIVE,NEGATIVE,NEUTRAL,NEGATIVE,False
R01230,NEUTRAL,POSITIVE,POSITIVE,POSITIVE,False
R01231,NEUTRAL,MIXED,MIXED,MIXED,False
R01232,POSITIVE,MIXED,MIXED,MIXED,False
R01233,NEUTRAL,POSITIVE,POSITIVE,POSITIVE,False
R01234,NEGATIVE,NEGATIVE,NEGATIVE,NEGATIVE,True
R01235,NEGATIVE,NEGATIVE,NEGATIVE,NEGATIVE,True
R01236,MIXED,MIXED,MIXED,MIXED,True
R01237,NEGATIVE,MIXED,NEGATIVE,NEGATIVE,False
R01238,NEGATIVE,NEGATIVE,MIXED,NEGATIVE,False
R01239,NEGATIVE,NEGATIVE,NEGATIVE,NEGATIVE,True
R01240,NEGATIVE,MIXED,MIXED,MIXED,False
R01241,NEGATIVE,NEGATIVE,NEGATIVE,NEGATIVE,True
R01242,NEUTRAL,MIXED,MIXED,MIXED,False
R01243,NEGATIVE,MIXED,MIXED,MIXED,False
R01244,NEGATIVE,NEGATIVE,NEGATIVE,NEGATIVE,True
R01245,MIXED,MIXED,NEGATIVE,MIXED,False
R01246,NEGATIVE,UNCLEAR,UNCLEAR,UNCLEAR,False
R01247,NEGATIVE,MIXED,MIXED,MIXED,False
R01248,NEGATIVE,NEGATIVE,NEGATIVE,NEGATIVE,True
R01249,MIXED,MIXED,MIXED,MIXED,True
R01250,NEGATIVE,NEGATIVE,MIXED,NEGATIVE,False
R01251,MIXED,MIXED,MIXED,MIXED,True
R01252,NEGATIVE,NEGATIVE,MIXED,NEGATIVE,False
R01253,NEGATIVE,NEGATIVE,NEGATIVE,NEGATIVE,True
R01254,NEGATIVE,NEGATIVE,NEGATIVE,NEGATIVE,True
R01255,NEUTRAL,MIXED,MIXED,MIXED,False
R01256,NEGATIVE,MIXED,NEGATIVE,NEGATIVE,False
R01257,NEGATIVE,NEGATIVE,NEGATIVE,NEGATIVE,True
R01258,NEUTRAL,MIXED,NEUTRAL,NEUTRAL,False
R01259,NEUTRAL,NEUTRAL,NEUTRAL,NEUTRAL,True
R01260,NEUTRAL,NEUTRAL,NEUTRAL,NEUTRAL,True
R01261,NEGATIVE,NEGATIVE,NEGATIVE,NEGATIVE,True
R01262,NEGATIVE,NEGATIVE,NEGATIVE,NEGATIVE,True
R01263,NEGATIVE,NEGATIVE,MIXED,NEGATIVE,False
R01264,NEGATIVE,NEGATIVE,NEGATIVE,NEGATIVE,True
R01265,NEGATIVE,NEGATIVE,NEGATIVE,NEGATIVE,True
R01266,NEGATIVE,NEGATIVE,NEGATIVE,NEGATIVE,True
R01267,NEGATIVE,NEGATIVE,NEGATIVE,NEGATIVE,True
R01268,NEGATIVE,NEGATIVE,NEGATIVE,NEGATIVE,True
R01269,NEGATIVE,NEGATIVE,NEGATIVE,NEGATIVE,True
R01270,NEGATIVE,NEGATIVE,NEGATIVE,NEGATIVE,True
R01271,NEGATIVE,NEGATIVE,NEGATIVE,NEGATIVE,True
R01272,NEGATIVE,NEGATIVE,NEGATIVE,NEGATIVE,True
R01273,NEGATIVE,NEGATIVE,NEGATIVE,NEGATIVE,True
R01274,MIXED,MIXED,MIXED,MIXED,True
R01275,NEGATIVE,NEGATIVE,NEGATIVE,NEGATIVE,True
R01276,NEUTRAL,MIXED,NEUTRAL,NEUTRAL,False
R01277,NEGATIVE,MIXED,NEGATIVE,NEGATIVE,False
R01278,POSITIVE,POSITIVE,POSITIVE,POSITIVE,True
R01279,POSITIVE,POSITIVE,POSITIVE,POSITIVE,True
R01280,NEUTRAL,NEGATIVE,NEUTRAL,NEUTRAL,False
R01281,NEGATIVE,NEGATIVE,NEGATIVE,NEGATIVE,True
R01282,NEGATIVE,MIXED,NEGATIVE,NEGATIVE,False
R01283,MIXED,MIXED,MIXED,MIXED,True
R01284,NEUTRAL,NEUTRAL,NEUTRAL,NEUTRAL,True
R01285,NEGATIVE,NEGATIVE,NEGATIVE,NEGATIVE,True
R01286,MIXED,MIXED,NEGATIVE,MIXED,False
R01287,MIXED,MIXED,MIXED,MIXED,True
R01288,NEGATIVE,NEGATIVE,NEGATIVE,NEGATIVE,True
R01289,POSITIVE,POSITIVE,POSITIVE,POSITIVE,True
R01290,MIXED,NEGATIVE,NEGATIVE,NEGATIVE,False
R01291,NEGATIVE,POSITIVE,NEGATIVE,NEGATIVE,False
R01292,NEUTRAL,NEGATIVE,MIXED,NO_MAJORITY,False
R01293,NEGATIVE,NEGATIVE,NEGATIVE,NEGATIVE,True
R01294,MIXED,MIXED,MIXED,MIXED,True
R01295,NEUTRAL,MIXED,MIXED,MIXED,False
R01296,NEGATIVE,NEGATIVE,NEGATIVE,NEGATIVE,True
R01297,MIXED,MIXED,MIXED,MIXED,True
R01298,NEGATIVE,MIXED,MIXED,MIXED,False
R01299,NEGATIVE,NEGATIVE,NEUTRAL,NEGATIVE,False
R01300,NEGATIVE,MIXED,MIXED,MIXED,False
R01301,NEGATIVE,NEGATIVE,NEGATIVE,NEGATIVE,True
R01302,NEGATIVE,MIXED,MIXED,MIXED,False
R01303,NEGATIVE,NEGATIVE,NEGATIVE,NEGATIVE,True
R01304,MIXED,MIXED,MIXED,MIXED,True
R01305,NEGATIVE,NEGATIVE,NEGATIVE,NEGATIVE,True
R01306,NEUTRAL,MIXED,MIXED,MIXED,False
R01307,NEGATIVE,MIXED,NEGATIVE,NEGATIVE,False
R01308,NEGATIVE,NEGATIVE,NEGATIVE,NEGATIVE,True
R01309,NEGATIVE,NEGATIVE,NEGATIVE,NEGATIVE,True
R01310,POSITIVE,POSITIVE,POSITIVE,POSITIVE,True
R01311,NEGATIVE,NEGATIVE,NEGATIVE,NEGATIVE,True
R01312,NEUTRAL,MIXED,MIXED,MIXED,False
R01313,NEGATIVE,NEGATIVE,NEGATIVE,NEGATIVE,True
R01314,POSITIVE,POSITIVE,POSITIVE,POSITIVE,True
R01315,NEUTRAL,NEUTRAL,NEUTRAL,NEUTRAL,True
R01316,NEGATIVE,NEGATIVE,NEGATIVE,NEGATIVE,True
R01317,NEUTRAL,NEGATIVE,MIXED,NO_MAJORITY,False
R01318,NEGATIVE,NEGATIVE,MIXED,NEGATIVE,False
R01320,NEGATIVE,NEGATIVE,NEGATIVE,NEGATIVE,True
R01321,NEGATIVE,MIXED,MIXED,MIXED,False
R01322,NEGATIVE,NEGATIVE,NEGATIVE,NEGATIVE,True
R01323,NEGATIVE,NEGATIVE,NEGATIVE,NEGATIVE,True
R01324,NEGATIVE,NEGATIVE,NEGATIVE,NEGATIVE,True
R01325,NEGATIVE,NEGATIVE,NEGATIVE,NEGATIVE,True
R01326,MIXED,MIXED,MIXED,MIXED,True
R01327,MIXED,NEGATIVE,MIXED,MIXED,False
R01328,NEGATIVE,NEGATIVE,NEGATIVE,NEGATIVE,True
R01329,NEGATIVE,NEGATIVE,NEGATIVE,NEGATIVE,True
R01330,POSITIVE,POSITIVE,POSITIVE,POSITIVE,True
R01331,MIXED,MIXED,MIXED,MIXED,True
R01332,NEUTRAL,NEGATIVE,MIXED,NO_MAJORITY,False
R01333,POSITIVE,MIXED,MIXED,MIXED,False
R01334,NEUTRAL,NEUTRAL,NEUTRAL,NEUTRAL,True
R01335,NEGATIVE,NEGATIVE,NEGATIVE,NEGATIVE,True
R01336,MIXED,MIXED,NEGATIVE,MIXED,False
R01337,NEGATIVE,NEGATIVE,NEGATIVE,NEGATIVE,True
R01338,NEUTRAL,NEUTRAL,NEUTRAL,NEUTRAL,True
R01339,NEGATIVE,MIXED,MIXED,MIXED,False
R01340,NEGATIVE,NEGATIVE,NEGATIVE,NEGATIVE,True
R01341,NEGATIVE,NEGATIVE,NEGATIVE,NEGATIVE,True
R01342,NEGATIVE,NEGATIVE,NEGATIVE,NEGATIVE,True
R01343,NEGATIVE,NEUTRAL,NEUTRAL,NEUTRAL,False
R01344,MIXED,NEGATIVE,MIXED,MIXED,False
R01345,NEGATIVE,NEGATIVE,NEGATIVE,NEGATIVE,True
R01346,MIXED,MIXED,MIXED,MIXED,True
R01347,NEUTRAL,POSITIVE,POSITIVE,POSITIVE,False
R01348,NEGATIVE,NEGATIVE,NEGATIVE,NEGATIVE,True
R01349,MIXED,MIXED,MIXED,MIXED,True
R01350,NEGATIVE,NEGATIVE,NEGATIVE,NEGATIVE,True
R01351,NEGATIVE,NEGATIVE,NEGATIVE,NEGATIVE,True
R01352,NEUTRAL,NEGATIVE,NEUTRAL,NEUTRAL,False
R01353,MIXED,MIXED,MIXED,MIXED,True
R01354,NEGATIVE,NEGATIVE,NEGATIVE,NEGATIVE,True
R01355,NEUTRAL,NEGATIVE,NEGATIVE,NEGATIVE,False
R01356,NEGATIVE,NEGATIVE,NEGATIVE,NEGATIVE,True
R01357,NEGATIVE,NEGATIVE,NEUTRAL,NEGATIVE,False
R01358,NEGATIVE,NEGATIVE,NEGATIVE,NEGATIVE,True
R01359,NEGATIVE,NEGATIVE,NEGATIVE,NEGATIVE,True
R01360,NEGATIVE,NEGATIVE,MIXED,NEGATIVE,False
R01361,NEGATIVE,NEGATIVE,NEGATIVE,NEGATIVE,True
R01362,NEGATIVE,NEGATIVE,NEGATIVE,NEGATIVE,True
R01363,POSITIVE,MIXED,MIXED,MIXED,False
R01364,NEGATIVE,NEGATIVE,NEGATIVE,NEGATIVE,True
R01365,NEGATIVE,NEGATIVE,NEGATIVE,NEGATIVE,True
R01366,MIXED,MIXED,MIXED,MIXED,True
R01367,NEGATIVE,POSITIVE,NEUTRAL,NO_MAJORITY,False
R01368,NEGATIVE,NEGATIVE,NEGATIVE,NEGATIVE,True
R01369,NEGATIVE,NEGATIVE,NEGATIVE,NEGATIVE,True
R01370,NEGATIVE,NEGATIVE,NEGATIVE,NEGATIVE,True
R01371,NEUTRAL,MIXED,NEUTRAL,NEUTRAL,False
R01372,NEGATIVE,NEGATIVE,NEGATIVE,NEGATIVE,True
R01373,NEGATIVE,NEGATIVE,NEGATIVE,NEGATIVE,True
R01374,NEUTRAL,POSITIVE,NEUTRAL,NEUTRAL,False
R01375,NEGATIVE,NEGATIVE,NEGATIVE,NEGATIVE,True
R01376,NEGATIVE,MIXED,MIXED,MIXED,False
R01377,NEGATIVE,NEGATIVE,MIXED,NEGATIVE,False
R01378,NEUTRAL,MIXED,MIXED,MIXED,False
R01379,NEGATIVE,NEGATIVE,NEGATIVE,NEGATIVE,True
R01380,NEGATIVE,MIXED,NEGATIVE,NEGATIVE,False
R01382,NEUTRAL,MIXED,MIXED,MIXED,False
R01383,NEGATIVE,NEGATIVE,NEGATIVE,NEGATIVE,True
R01384,POSITIVE,POSITIVE,POSITIVE,POSITIVE,True
R01385,NEGATIVE,NEGATIVE,NEGATIVE,NEGATIVE,True
R01386,NEGATIVE,NEGATIVE,MIXED,NEGATIVE,False
R01387,NEGATIVE,NEGATIVE,NEGATIVE,NEGATIVE,True
R01388,NEGATIVE,NEGATIVE,NEGATIVE,NEGATIVE,True
R01389,MIXED,MIXED,MIXED,MIXED,True
R01390,NEUTRAL,MIXED,MIXED,MIXED,False
R01391,NEUTRAL,MIXED,NEUTRAL,NEUTRAL,False
R01392,NEGATIVE,NEGATIVE,NEGATIVE,NEGATIVE,True
R01393,POSITIVE,MIXED,MIXED,MIXED,False
R01394,NEGATIVE,NEGATIVE,MIXED,NEGATIVE,False
R01395,NEUTRAL,MIXED,MIXED,MIXED,False
R01396,NEGATIVE,MIXED,MIXED,MIXED,False
R01397,NEGATIVE,NEGATIVE,NEGATIVE,NEGATIVE,True
R01398,NEGATIVE,NEGATIVE,MIXED,NEGATIVE,False
R01399,MIXED,MIXED,MIXED,MIXED,True
R01400,NEUTRAL,NEGATIVE,NEGATIVE,NEGATIVE,False
R01401,POSITIVE,MIXED,MIXED,MIXED,False
R01402,MIXED,MIXED,MIXED,MIXED,True
R01403,POSITIVE,POSITIVE,POSITIVE,POSITIVE,True
R01404,MIXED,NEGATIVE,NEGATIVE,NEGATIVE,False
R01405,NEGATIVE,NEGATIVE,NEGATIVE,NEGATIVE,True
R01406,POSITIVE,POSITIVE,POSITIVE,POSITIVE,True
R01407,NEGATIVE,NEGATIVE,NEGATIVE,NEGATIVE,True
R01408,MIXED,MIXED,MIXED,MIXED,True
R01409,NEUTRAL,NEGATIVE,NEUTRAL,NEUTRAL,False
R01410,NEGATIVE,MIXED,NEGATIVE,NEGATIVE,False
R01411,MIXED,MIXED,MIXED,MIXED,True
R01412,NEGATIVE,NEGATIVE,NEGATIVE,NEGATIVE,True
R01413,MIXED,MIXED,MIXED,MIXED,True
R01414,NEGATIVE,MIXED,NEGATIVE,NEGATIVE,False
R01415,NEGATIVE,NEGATIVE,NEGATIVE,NEGATIVE,True
R01416,MIXED,MIXED,MIXED,MIXED,True
R01417,NEGATIVE,NEGATIVE,NEGATIVE,NEGATIVE,True
R01418,NEGATIVE,NEGATIVE,NEGATIVE,NEGATIVE,True
R01419,NEGATIVE,NEGATIVE,NEGATIVE,NEGATIVE,True
R01420,NEGATIVE,NEGATIVE,NEGATIVE,NEGATIVE,True
R01421,NEGATIVE,NEGATIVE,NEGATIVE,NEGATIVE,True
R01422,NEGATIVE,NEGATIVE,NEGATIVE,NEGATIVE,True
R01423,NEUTRAL,POSITIVE,NEUTRAL,NEUTRAL,False
R01424,POSITIVE,POSITIVE,POSITIVE,POSITIVE,True
R01425,NEGATIVE,NEGATIVE,NEGATIVE,NEGATIVE,True
R01426,MIXED,MIXED,MIXED,MIXED,True
R01427,NEUTRAL,MIXED,MIXED,MIXED,False
R01428,NEGATIVE,MIXED,NEGATIVE,NEGATIVE,False
R01429,NEUTRAL,NEUTRAL,NEUTRAL,NEUTRAL,True
R01430,NEGATIVE,NEGATIVE,NEGATIVE,NEGATIVE,True
R01431,NEUTRAL,POSITIVE,NEUTRAL,NEUTRAL,False
R01432,MIXED,NEGATIVE,NEGATIVE,NEGATIVE,False
R01433,NEGATIVE,NEGATIVE,NEGATIVE,NEGATIVE,True
R01434,MIXED,MIXED,MIXED,MIXED,True
R01435,NEGATIVE,NEGATIVE,NEGATIVE,NEGATIVE,True
R01436,NEUTRAL,NEGATIVE,NEUTRAL,NEUTRAL,False
R01437,NEGATIVE,NEGATIVE,NEGATIVE,NEGATIVE,True
R01438,MIXED,MIXED,MIXED,MIXED,True
R01439,NEGATIVE,NEGATIVE,NEGATIVE,NEGATIVE,True
R01440,NEGATIVE,NEGATIVE,NEGATIVE,NEGATIVE,True
R01441,NEGATIVE,NEGATIVE,NEGATIVE,NEGATIVE,True
R01442,NEGATIVE,NEGATIVE,NEGATIVE,NEGATIVE,True
R01443,NEUTRAL,MIXED,MIXED,MIXED,False
R01444,NEGATIVE,NEGATIVE,NEGATIVE,NEGATIVE,True
R01445,NEGATIVE,NEGATIVE,NEGATIVE,NEGATIVE,True
R01446,MIXED,NEGATIVE,NEGATIVE,NEGATIVE,False
R01447,POSITIVE,POSITIVE,MIXED,POSITIVE,False
R01448,NEUTRAL,MIXED,MIXED,MIXED,False
R01449,NEGATIVE,MIXED,MIXED,MIXED,False
R01450,NEGATIVE,NEGATIVE,NEGATIVE,NEGATIVE,True
R01451,MIXED,MIXED,MIXED,MIXED,True
R01452,NEGATIVE,MIXED,MIXED,MIXED,False
R01453,NEGATIVE,NEGATIVE,NEGATIVE,NEGATIVE,True
R01454,NEGATIVE,NEGATIVE,NEGATIVE,NEGATIVE,True
R01455,NEGATIVE,MIXED,MIXED,MIXED,False
R01456,NEGATIVE,NEGATIVE,NEGATIVE,NEGATIVE,True
R01457,NEUTRAL,NEGATIVE,NEGATIVE,NEGATIVE,False
R01458,NEGATIVE,NEGATIVE,NEGATIVE,NEGATIVE,True
R01459,NEUTRAL,NEGATIVE,MIXED,NO_MAJORITY,False
R01460,POSITIVE,MIXED,MIXED,MIXED,False
R01461,NEGATIVE,NEGATIVE,NEGATIVE,NEGATIVE,True
R01462,NEGATIVE,MIXED,NEGATIVE,NEGATIVE,False
R01463,NEUTRAL,MIXED,MIXED,MIXED,False
R01464,NEGATIVE,NEGATIVE,NEGATIVE,NEGATIVE,True
R01465,NEGATIVE,NEGATIVE,MIXED,NEGATIVE,False
R01466,POSITIVE,POSITIVE,POSITIVE,POSITIVE,True
R01467,NEUTRAL,POSITIVE,MIXED,NO_MAJORITY,False
R01468,NEUTRAL,NEUTRAL,NEUTRAL,NEUTRAL,True
R01469,POSITIVE,POSITIVE,MIXED,POSITIVE,False
R01470,NEGATIVE,NEGATIVE,NEGATIVE,NEGATIVE,True
R01471,NEUTRAL,NEUTRAL,NEUTRAL,NEUTRAL,True
R01472,NEGATIVE,NEGATIVE,NEGATIVE,NEGATIVE,True
R01473,NEGATIVE,NEGATIVE,NEGATIVE,NEGATIVE,True
R01474,NEGATIVE,NEGATIVE,NEGATIVE,NEGATIVE,True
R01475,NEGATIVE,NEGATIVE,NEGATIVE,NEGATIVE,True
R01476,NEGATIVE,NEGATIVE,NEGATIVE,NEGATIVE,True
R01477,NEGATIVE,NEGATIVE,NEGATIVE,NEGATIVE,True
R01478,NEUTRAL,NEUTRAL,NEUTRAL,NEUTRAL,True
R01479,NEGATIVE,NEGATIVE,NEGATIVE,NEGATIVE,True
R01480,NEGATIVE,NEGATIVE,NEGATIVE,NEGATIVE,True
R01481,NEGATIVE,NEGATIVE,NEGATIVE,NEGATIVE,True
R01482,NEUTRAL,MIXED,NEUTRAL,NEUTRAL,False
R01483,NEUTRAL,MIXED,MIXED,MIXED,False
R01484,NEGATIVE,NEGATIVE,NEGATIVE,NEGATIVE,True
R01485,NEGATIVE,NEGATIVE,NEGATIVE,NEGATIVE,True
R01486,NEUTRAL,NEGATIVE,NEGATIVE,NEGATIVE,False
R01487,NEGATIVE,NEGATIVE,NEGATIVE,NEGATIVE,True
R01488,MIXED,MIXED,MIXED,MIXED,True
R01490,NEUTRAL,POSITIVE,NEUTRAL,NEUTRAL,False
R01491,NEGATIVE,POSITIVE,NEGATIVE,NEGATIVE,False
R01492,POSITIVE,POSITIVE,POSITIVE,POSITIVE,True
R01493,NEGATIVE,MIXED,NEGATIVE,NEGATIVE,False
R01494,MIXED,MIXED,MIXED,MIXED,True
R01495,NEGATIVE,NEGATIVE,NEGATIVE,NEGATIVE,True
R01496,NEUTRAL,MIXED,NEUTRAL,NEUTRAL,False
R01497,NEGATIVE,NEGATIVE,NEGATIVE,NEGATIVE,True
R01499,NEUTRAL,MIXED,MIXED,MIXED,False
R01500,MIXED,MIXED,MIXED,MIXED,True
R01501,NEGATIVE,MIXED,NEGATIVE,NEGATIVE,False
R01502,POSITIVE,MIXED,NEUTRAL,NO_MAJORITY,False
R01503,NEGATIVE,MIXED,MIXED,MIXED,False
R01504,NEUTRAL,NEGATIVE,NEGATIVE,NEGATIVE,False
R01505,NEUTRAL,NEUTRAL,NEUTRAL,NEUTRAL,True
R01506,NEGATIVE,NEGATIVE,NEGATIVE,NEGATIVE,True
R01507,NEUTRAL,MIXED,MIXED,MIXED,False
R01508,NEUTRAL,MIXED,MIXED,MIXED,False
R01509,POSITIVE,POSITIVE,POSITIVE,POSITIVE,True
R01510,POSITIVE,MIXED,MIXED,MIXED,False
R01511,NEGATIVE,MIXED,NEGATIVE,NEGATIVE,False
R01512,NEUTRAL,MIXED,MIXED,MIXED,False
R01513,MIXED,NEGATIVE,NEGATIVE,NEGATIVE,False
R01514,MIXED,NEGATIVE,MIXED,MIXED,False
R01515,NEUTRAL,NEUTRAL,NEUTRAL,NEUTRAL,True
R01516,NEGATIVE,NEGATIVE,NEGATIVE,NEGATIVE,True
R01517,NEGATIVE,NEGATIVE,MIXED,NEGATIVE,False
R01518,NEGATIVE,NEGATIVE,NEGATIVE,NEGATIVE,True
R01519,NEUTRAL,NEGATIVE,MIXED,NO_MAJORITY,False
R01520,MIXED,MIXED,MIXED,MIXED,True
R01521,NEUTRAL,POSITIVE,POSITIVE,POSITIVE,False
R01522,NEGATIVE,NEGATIVE,NEGATIVE,NEGATIVE,True
R01523,NEGATIVE,NEGATIVE,NEGATIVE,NEGATIVE,True
R01524,NEGATIVE,MIXED,NEGATIVE,NEGATIVE,False
R01525,NEGATIVE,NEGATIVE,NEGATIVE,NEGATIVE,True
R01526,NEGATIVE,NEGATIVE,NEGATIVE,NEGATIVE,True
R01527,NEUTRAL,NEUTRAL,NEUTRAL,NEUTRAL,True
R01528,NEGATIVE,NEGATIVE,NEGATIVE,NEGATIVE,True
R01529,NEUTRAL,NEUTRAL,NEUTRAL,NEUTRAL,True
R01530,MIXED,MIXED,NEGATIVE,MIXED,False
R01531,NEGATIVE,NEGATIVE,NEGATIVE,NEGATIVE,True
R01532,MIXED,MIXED,MIXED,MIXED,True
R01533,NEUTRAL,POSITIVE,NEUTRAL,NEUTRAL,False
R01534,NEUTRAL,MIXED,MIXED,MIXED,False
R01535,NEUTRAL,NEUTRAL,NEUTRAL,NEUTRAL,True
R01536,NEGATIVE,MIXED,MIXED,MIXED,False
R01537,NEGATIVE,NEGATIVE,NEGATIVE,NEGATIVE,True
R01538,NEGATIVE,NEGATIVE,NEGATIVE,NEGATIVE,True
R01539,POSITIVE,POSITIVE,POSITIVE,POSITIVE,True
R01540,POSITIVE,POSITIVE,POSITIVE,POSITIVE,True
R01541,NEUTRAL,MIXED,MIXED,MIXED,False
R01542,NEGATIVE,NEGATIVE,NEGATIVE,NEGATIVE,True
R01543,NEGATIVE,NEGATIVE,NEGATIVE,NEGATIVE,True
R01544,NEGATIVE,MIXED,NEGATIVE,NEGATIVE,False
R01545,NEGATIVE,NEGATIVE,NEGATIVE,NEGATIVE,True
R01546,NEUTRAL,MIXED,MIXED,MIXED,False
R01547,NEGATIVE,NEGATIVE,NEGATIVE,NEGATIVE,True
R01548,NEGATIVE,NEGATIVE,NEGATIVE,NEGATIVE,True
R01549,NEGATIVE,POSITIVE,POSITIVE,POSITIVE,False
R01550,NEGATIVE,NEGATIVE,NEGATIVE,NEGATIVE,True
R01551,NEGATIVE,NEGATIVE,NEGATIVE,NEGATIVE,True
R01552,NEUTRAL,MIXED,MIXED,MIXED,False
R01553,NEGATIVE,NEGATIVE,MIXED,NEGATIVE,False
R01554,NEGATIVE,NEGATIVE,NEGATIVE,NEGATIVE,True
R01555,NEGATIVE,NEGATIVE,NEGATIVE,NEGATIVE,True
R01556,NEUTRAL,POSITIVE,POSITIVE,POSITIVE,False
R01557,NEGATIVE,MIXED,NEGATIVE,NEGATIVE,False
R01558,POSITIVE,POSITIVE,POSITIVE,POSITIVE,True
R01559,NEUTRAL,MIXED,MIXED,MIXED,False
R01560,NEGATIVE,NEGATIVE,NEGATIVE,NEGATIVE,True
R01561,NEGATIVE,NEGATIVE,NEGATIVE,NEGATIVE,True
R01562,POSITIVE,NEGATIVE,NEGATIVE,NEGATIVE,False
R01563,NEGATIVE,NEGATIVE,NEGATIVE,NEGATIVE,True
R01564,NEUTRAL,MIXED,MIXED,MIXED,False
R01565,POSITIVE,MIXED,POSITIVE,POSITIVE,False
R01566,POSITIVE,POSITIVE,NEUTRAL,POSITIVE,False
R01567,NEGATIVE,NEGATIVE,NEGATIVE,NEGATIVE,True
R01568,NEGATIVE,MIXED,NEGATIVE,NEGATIVE,False
R01569,POSITIVE,POSITIVE,POSITIVE,POSITIVE,True
R01570,NEGATIVE,NEGATIVE,NEGATIVE,NEGATIVE,True
R01571,NEGATIVE,NEGATIVE,NEGATIVE,NEGATIVE,True
R01572,NEGATIVE,NEGATIVE,NEGATIVE,NEGATIVE,True
R01573,NEGATIVE,NEGATIVE,NEGATIVE,NEGATIVE,True
R01574,MIXED,MIXED,MIXED,MIXED,True
R01575,MIXED,MIXED,MIXED,MIXED,True
R01576,NEGATIVE,MIXED,MIXED,MIXED,False
R01577,NEGATIVE,NEGATIVE,NEGATIVE,NEGATIVE,True
R01578,POSITIVE,POSITIVE,POSITIVE,POSITIVE,True
R01579,NEGATIVE,NEGATIVE,NEGATIVE,NEGATIVE,True
R01580,NEGATIVE,MIXED,MIXED,MIXED,False
R01581,NEGATIVE,NEGATIVE,NEGATIVE,NEGATIVE,True
R01582,MIXED,MIXED,MIXED,MIXED,True
R01583,POSITIVE,POSITIVE,POSITIVE,POSITIVE,True
R01584,MIXED,MIXED,MIXED,MIXED,True
R01585,NEGATIVE,NEGATIVE,NEGATIVE,NEGATIVE,True
R01586,NEUTRAL,MIXED,MIXED,MIXED,False
R01587,MIXED,MIXED,MIXED,MIXED,True
R01588,MIXED,NEGATIVE,NEGATIVE,NEGATIVE,False
R01589,NEGATIVE,MIXED,MIXED,MIXED,False
R01590,NEUTRAL,MIXED,MIXED,MIXED,False
R01591,NEGATIVE,NEGATIVE,NEGATIVE,NEGATIVE,True
R01592,NEUTRAL,MIXED,MIXED,MIXED,False
R01593,NEGATIVE,NEGATIVE,NEGATIVE,NEGATIVE,True
R01594,MIXED,MIXED,MIXED,MIXED,True
R01595,NEGATIVE,NEGATIVE,NEGATIVE,NEGATIVE,True
R01596,NEUTRAL,POSITIVE,NEUTRAL,NEUTRAL,False
R01597,POSITIVE,POSITIVE,MIXED,POSITIVE,False
R01598,NEGATIVE,MIXED,NEGATIVE,NEGATIVE,False
R01599,NEGATIVE,MIXED,MIXED,MIXED,False
R01600,NEGATIVE,NEGATIVE,NEUTRAL,NEGATIVE,False
R01601,NEGATIVE,NEGATIVE,NEGATIVE,NEGATIVE,True
R01602,NEGATIVE,NEGATIVE,NEGATIVE,NEGATIVE,True
R01603,NEGATIVE,NEGATIVE,NEGATIVE,NEGATIVE,True
R01604,NEGATIVE,NEGATIVE,NEGATIVE,NEGATIVE,True
R01605,NEGATIVE,NEGATIVE,NEGATIVE,NEGATIVE,True
R01606,NEGATIVE,NEGATIVE,NEGATIVE,NEGATIVE,True
R01607,NEGATIVE,NEGATIVE,NEGATIVE,NEGATIVE,True
R01608,NEUTRAL,MIXED,MIXED,MIXED,False
R01609,NEGATIVE,NEGATIVE,NEGATIVE,NEGATIVE,True
R01610,NEGATIVE,NEGATIVE,NEGATIVE,NEGATIVE,True
R01611,NEGATIVE,MIXED,MIXED,MIXED,False
R01612,NEGATIVE,MIXED,MIXED,MIXED,False
R01613,NEUTRAL,MIXED,MIXED,MIXED,False
R01614,MIXED,MIXED,MIXED,MIXED,True
R01615,MIXED,NEGATIVE,MIXED,MIXED,False
R01616,NEGATIVE,NEGATIVE,NEGATIVE,NEGATIVE,True
R01617,POSITIVE,POSITIVE,POSITIVE,POSITIVE,True
R01618,NEUTRAL,MIXED,MIXED,MIXED,False
R01619,NEGATIVE,NEGATIVE,NEGATIVE,NEGATIVE,True
R01620,NEGATIVE,NEGATIVE,NEGATIVE,NEGATIVE,True
R01621,NEGATIVE,NEGATIVE,NEGATIVE,NEGATIVE,True
R01622,POSITIVE,POSITIVE,POSITIVE,POSITIVE,True
R01623,NEUTRAL,MIXED,MIXED,MIXED,False
R01624,NEUTRAL,NEUTRAL,NEUTRAL,NEUTRAL,True
R01625,MIXED,MIXED,MIXED,MIXED,True
R01626,NEGATIVE,NEGATIVE,NEGATIVE,NEGATIVE,True
R01627,NEUTRAL,NEGATIVE,MIXED,NO_MAJORITY,False
R01628,NEGATIVE,NEGATIVE,NEGATIVE,NEGATIVE,True
R01629,NEGATIVE,NEGATIVE,NEGATIVE,NEGATIVE,True
R01630,NEUTRAL,NEGATIVE,NEUTRAL,NEUTRAL,False
R01631,NEGATIVE,NEGATIVE,NEGATIVE,NEGATIVE,True
R01632,POSITIVE,NEUTRAL,POSITIVE,POSITIVE,False
R01633,NEUTRAL,NEUTRAL,NEUTRAL,NEUTRAL,True
R01634,MIXED,MIXED,MIXED,MIXED,True
R01635,NEGATIVE,NEGATIVE,NEGATIVE,NEGATIVE,True
R01636,NEGATIVE,NEGATIVE,NEGATIVE,NEGATIVE,True
R01637,NEGATIVE,NEGATIVE,MIXED,NEGATIVE,False
R01638,NEGATIVE,NEGATIVE,NEGATIVE,NEGATIVE,True
R01639,POSITIVE,POSITIVE,POSITIVE,POSITIVE,True
R01640,POSITIVE,POSITIVE,POSITIVE,POSITIVE,True
R01641,NEGATIVE,NEGATIVE,MIXED,NEGATIVE,False
R01642,MIXED,MIXED,MIXED,MIXED,True
R01643,NEGATIVE,NEGATIVE,NEGATIVE,NEGATIVE,True
R01644,NEGATIVE,NEGATIVE,NEGATIVE,NEGATIVE,True
R01645,NEUTRAL,MIXED,MIXED,MIXED,False
R01646,NEGATIVE,NEGATIVE,NEGATIVE,NEGATIVE,True
R01647,MIXED,MIXED,MIXED,MIXED,True
R01648,NEUTRAL,MIXED,MIXED,MIXED,False
R01649,NEGATIVE,NEGATIVE,NEGATIVE,NEGATIVE,True
R01650,NEGATIVE,NEGATIVE,NEGATIVE,NEGATIVE,True
R01651,NEGATIVE,NEGATIVE,NEGATIVE,NEGATIVE,True
R01652,POSITIVE,POSITIVE,POSITIVE,POSITIVE,True
R01653,MIXED,MIXED,MIXED,MIXED,True
R01654,NEGATIVE,NEGATIVE,NEGATIVE,NEGATIVE,True
R01655,NEUTRAL,NEUTRAL,MIXED,NEUTRAL,False
R01656,NEGATIVE,POSITIVE,POSITIVE,POSITIVE,False
R01657,MIXED,MIXED,MIXED,MIXED,True
R01658,NEGATIVE,MIXED,MIXED,MIXED,False
R01659,NEUTRAL,NEUTRAL,NEGATIVE,NEUTRAL,False
R01660,NEGATIVE,NEGATIVE,MIXED,NEGATIVE,False
R01661,NEGATIVE,NEGATIVE,NEGATIVE,NEGATIVE,True
R01662,NEGATIVE,NEGATIVE,MIXED,NEGATIVE,False
R01663,MIXED,MIXED,MIXED,MIXED,True
R01664,NEUTRAL,NEUTRAL,NEUTRAL,NEUTRAL,True
R01665,NEGATIVE,NEGATIVE,NEGATIVE,NEGATIVE,True
R01666,NEGATIVE,MIXED,MIXED,MIXED,False
R01667,NEUTRAL,MIXED,MIXED,MIXED,False
R01668,MIXED,MIXED,MIXED,MIXED,True
R01669,NEGATIVE,NEGATIVE,NEGATIVE,NEGATIVE,True
R01670,POSITIVE,POSITIVE,POSITIVE,POSITIVE,True
R01671,NEGATIVE,NEGATIVE,MIXED,NEGATIVE,False
R01672,NEUTRAL,MIXED,MIXED,MIXED,False
R01673,NEUTRAL,MIXED,MIXED,MIXED,False
R01674,POSITIVE,POSITIVE,POSITIVE,POSITIVE,True
R01675,NEUTRAL,POSITIVE,NEUTRAL,NEUTRAL,False
R01676,NEGATIVE,NEGATIVE,NEGATIVE,NEGATIVE,True
R01677,POSITIVE,POSITIVE,POSITIVE,POSITIVE,True
R01678,NEUTRAL,MIXED,NEUTRAL,NEUTRAL,False
R01679,MIXED,MIXED,MIXED,MIXED,True
R01680,NEUTRAL,POSITIVE,NEUTRAL,NEUTRAL,False
R01681,NEGATIVE,NEGATIVE,NEGATIVE,NEGATIVE,True
R01682,NEGATIVE,NEGATIVE,NEGATIVE,NEGATIVE,True
R01683,NEGATIVE,MIXED,MIXED,MIXED,False
R01684,MIXED,MIXED,MIXED,MIXED,True
R01685,NEGATIVE,NEGATIVE,NEGATIVE,NEGATIVE,True
R01686,NEGATIVE,NEGATIVE,NEGATIVE,NEGATIVE,True
R01687,NEGATIVE,NEGATIVE,NEGATIVE,NEGATIVE,True
R01688,MIXED,MIXED,MIXED,MIXED,True
R01689,NEGATIVE,NEGATIVE,NEGATIVE,NEGATIVE,True
R01690,NEGATIVE,NEGATIVE,NEGATIVE,NEGATIVE,True
R01691,NEUTRAL,NEUTRAL,NEUTRAL,NEUTRAL,True
R01692,MIXED,NEGATIVE,NEGATIVE,NEGATIVE,False
R01693,MIXED,MIXED,MIXED,MIXED,True
R01694,NEUTRAL,NEUTRAL,NEUTRAL,NEUTRAL,True
R01695,NEGATIVE,NEGATIVE,NEGATIVE,NEGATIVE,True
R01696,NEGATIVE,MIXED,NEGATIVE,NEGATIVE,False
R01697,NEGATIVE,NEGATIVE,NEGATIVE,NEGATIVE,True
R01698,NEGATIVE,NEGATIVE,NEGATIVE,NEGATIVE,True
R01699,NEGATIVE,NEGATIVE,NEGATIVE,NEGATIVE,True
R01700,NEUTRAL,POSITIVE,POSITIVE,POSITIVE,False
R01701,NEGATIVE,NEGATIVE,NEGATIVE,NEGATIVE,True
R01702,MIXED,MIXED,MIXED,MIXED,True
R01703,MIXED,MIXED,MIXED,MIXED,True
R01704,MIXED,MIXED,MIXED,MIXED,True
R01705,NEUTRAL,NEGATIVE,MIXED,NO_MAJORITY,False
R01706,NEUTRAL,NEUTRAL,NEUTRAL,NEUTRAL,True
R01707,MIXED,MIXED,MIXED,MIXED,True
R01708,NEGATIVE,NEGATIVE,NEGATIVE,NEGATIVE,True
R01709,MIXED,MIXED,MIXED,MIXED,True
R01710,MIXED,MIXED,MIXED,MIXED,True
R01711,NEGATIVE,MIXED,NEGATIVE,NEGATIVE,False
R01712,NEGATIVE,NEGATIVE,NEGATIVE,NEGATIVE,True
R01713,NEGATIVE,NEGATIVE,NEGATIVE,NEGATIVE,True
R01714,NEUTRAL,POSITIVE,POSITIVE,POSITIVE,False
R01715,NEGATIVE,NEGATIVE,UNCLEAR,NEGATIVE,False
R01716,NEGATIVE,NEGATIVE,POSITIVE,NEGATIVE,False
R01717,NEGATIVE,MIXED,NEGATIVE,NEGATIVE,False
R01718,NEGATIVE,NEGATIVE,NEGATIVE,NEGATIVE,True
R01719,POSITIVE,POSITIVE,POSITIVE,POSITIVE,True
R01720,NEGATIVE,NEGATIVE,MIXED,NEGATIVE,False
R01721,POSITIVE,POSITIVE,POSITIVE,POSITIVE,True
R01722,NEGATIVE,NEGATIVE,NEGATIVE,NEGATIVE,True
R01723,NEGATIVE,NEGATIVE,NEGATIVE,NEGATIVE,True
R01724,NEUTRAL,NEGATIVE,NEUTRAL,NEUTRAL,False
R01725,NEGATIVE,NEGATIVE,NEGATIVE,NEGATIVE,True
R01726,NEGATIVE,NEGATIVE,NEGATIVE,NEGATIVE,True
R01727,MIXED,NEGATIVE,MIXED,MIXED,False
R01728,NEGATIVE,NEGATIVE,NEGATIVE,NEGATIVE,True
R01729,NEUTRAL,MIXED,MIXED,MIXED,False
R01730,NEUTRAL,MIXED,NEUTRAL,NEUTRAL,False
R01731,NEGATIVE,NEGATIVE,NEGATIVE,NEGATIVE,True
R01732,NEGATIVE,MIXED,MIXED,MIXED,False
R01733,NEGATIVE,NEGATIVE,NEGATIVE,NEGATIVE,True
R01734,MIXED,MIXED,MIXED,MIXED,True
R01735,MIXED,MIXED,MIXED,MIXED,True
R01736,NEUTRAL,NEUTRAL,NEUTRAL,NEUTRAL,True
R01737,NEUTRAL,NEUTRAL,NEUTRAL,NEUTRAL,True
R01738,POSITIVE,MIXED,MIXED,MIXED,False
R01739,MIXED,MIXED,MIXED,MIXED,True
R01740,NEGATIVE,MIXED,NEGATIVE,NEGATIVE,False
R01741,MIXED,MIXED,MIXED,MIXED,True
R01742,NEGATIVE,NEGATIVE,NEGATIVE,NEGATIVE,True
R01743,NEUTRAL,NEUTRAL,NEUTRAL,NEUTRAL,True
R01744,MIXED,MIXED,MIXED,MIXED,True
R01745,NEUTRAL,NEGATIVE,MIXED,NO_MAJORITY,False
R01746,NEGATIVE,NEGATIVE,NEGATIVE,NEGATIVE,True
R01747,NEGATIVE,MIXED,MIXED,MIXED,False
R01748,MIXED,MIXED,MIXED,MIXED,True
R01749,MIXED,NEGATIVE,MIXED,MIXED,False
R01750,NEGATIVE,NEGATIVE,NEGATIVE,NEGATIVE,True
R01751,NEUTRAL,MIXED,MIXED,MIXED,False
R01752,NEGATIVE,NEGATIVE,NEGATIVE,NEGATIVE,True
R01753,NEUTRAL,MIXED,NEUTRAL,NEUTRAL,False
R01754,POSITIVE,POSITIVE,MIXED,POSITIVE,False
R01755,MIXED,MIXED,MIXED,MIXED,True
R01756,POSITIVE,POSITIVE,POSITIVE,POSITIVE,True
R01757,NEGATIVE,NEUTRAL,NEGATIVE,NEGATIVE,False
R01758,NEGATIVE,NEGATIVE,NEGATIVE,NEGATIVE,True
R01759,NEGATIVE,NEGATIVE,NEGATIVE,NEGATIVE,True
R01760,NEGATIVE,NEGATIVE,NEGATIVE,NEGATIVE,True
R01761,NEUTRAL,NEGATIVE,NEUTRAL,NEUTRAL,False
R01762,POSITIVE,POSITIVE,POSITIVE,POSITIVE,True
R01763,NEGATIVE,POSITIVE,MIXED,NO_MAJORITY,False
R01764,NEUTRAL,MIXED,MIXED,MIXED,False
R01765,NEGATIVE,NEGATIVE,NEGATIVE,NEGATIVE,True
R01766,NEGATIVE,NEGATIVE,NEGATIVE,NEGATIVE,True
R01767,NEGATIVE,NEGATIVE,MIXED,NEGATIVE,False
R01768,NEGATIVE,MIXED,NEGATIVE,NEGATIVE,False
R01769,MIXED,MIXED,MIXED,MIXED,True
R01770,POSITIVE,POSITIVE,POSITIVE,POSITIVE,True
R01771,NEGATIVE,NEGATIVE,NEGATIVE,NEGATIVE,True
R01772,POSITIVE,POSITIVE,POSITIVE,POSITIVE,True
R01773,NEGATIVE,MIXED,MIXED,MIXED,False
R01774,NEGATIVE,NEGATIVE,NEGATIVE,NEGATIVE,True
R01775,NEGATIVE,NEGATIVE,NEGATIVE,NEGATIVE,True
R01776,NEGATIVE,NEGATIVE,NEGATIVE,NEGATIVE,True
R01777,NEGATIVE,NEGATIVE,NEGATIVE,NEGATIVE,True
R01778,NEGATIVE,NEGATIVE,NEGATIVE,NEGATIVE,True
R01779,NEUTRAL,MIXED,MIXED,MIXED,False
R01780,NEGATIVE,NEGATIVE,MIXED,NEGATIVE,False
R01781,NEUTRAL,MIXED,NEUTRAL,NEUTRAL,False
R01782,NEGATIVE,NEGATIVE,NEGATIVE,NEGATIVE,True
R01783,NEGATIVE,NEUTRAL,NEGATIVE,NEGATIVE,False
R01784,POSITIVE,POSITIVE,POSITIVE,POSITIVE,True
R01785,MIXED,MIXED,MIXED,MIXED,True
R01786,POSITIVE,POSITIVE,POSITIVE,POSITIVE,True
R01787,NEUTRAL,NEGATIVE,NEGATIVE,NEGATIVE,False
R01788,NEGATIVE,NEGATIVE,NEGATIVE,NEGATIVE,True
R01789,NEUTRAL,NEUTRAL,NEUTRAL,NEUTRAL,True
R01790,NEGATIVE,NEGATIVE,MIXED,NEGATIVE,False
R01791,NEUTRAL,NEUTRAL,NEUTRAL,NEUTRAL,True
R01792,MIXED,MIXED,NEGATIVE,MIXED,False
R01793,NEUTRAL,NEUTRAL,NEUTRAL,NEUTRAL,True
R01794,NEGATIVE,NEGATIVE,NEGATIVE,NEGATIVE,True
R01795,NEUTRAL,NEGATIVE,NEGATIVE,NEGATIVE,False
R01796,NEGATIVE,MIXED,MIXED,MIXED,False
R01797,NEGATIVE,NEGATIVE,NEGATIVE,NEGATIVE,True
R01798,NEGATIVE,NEGATIVE,NEGATIVE,NEGATIVE,True
R01799,MIXED,MIXED,MIXED,MIXED,True
R01800,MIXED,NEGATIVE,MIXED,MIXED,False
R01801,NEGATIVE,NEGATIVE,NEGATIVE,NEGATIVE,True
R01802,NEGATIVE,NEGATIVE,NEGATIVE,NEGATIVE,True
R01803,NEGATIVE,MIXED,MIXED,MIXED,False
R01804,MIXED,MIXED,MIXED,MIXED,True
R01805,NEGATIVE,NEGATIVE,NEGATIVE,NEGATIVE,True
R01806,NEGATIVE,NEGATIVE,NEGATIVE,NEGATIVE,True
R01807,MIXED,MIXED,MIXED,MIXED,True
R01808,NEGATIVE,NEGATIVE,NEGATIVE,NEGATIVE,True
R01809,NEGATIVE,NEGATIVE,NEGATIVE,NEGATIVE,True
R01810,NEUTRAL,NEUTRAL,NEUTRAL,NEUTRAL,True
R01811,POSITIVE,POSITIVE,POSITIVE,POSITIVE,True
R01812,NEGATIVE,NEGATIVE,MIXED,NEGATIVE,False
R01813,MIXED,NEGATIVE,NEGATIVE,NEGATIVE,False
R01814,NEGATIVE,NEGATIVE,MIXED,NEGATIVE,False
R01815,NEGATIVE,NEGATIVE,NEGATIVE,NEGATIVE,True
R01816,NEGATIVE,MIXED,NEGATIVE,NEGATIVE,False
R01817,NEGATIVE,NEGATIVE,NEGATIVE,NEGATIVE,True
R01818,NEGATIVE,NEGATIVE,NEGATIVE,NEGATIVE,True
R01819,MIXED,MIXED,MIXED,MIXED,True
R01820,NEGATIVE,NEGATIVE,NEGATIVE,NEGATIVE,True
R01821,NEGATIVE,NEGATIVE,MIXED,NEGATIVE,False
R01822,NEUTRAL,NEGATIVE,MIXED,NO_MAJORITY,False
R01823,MIXED,MIXED,MIXED,MIXED,True
R01824,NEGATIVE,NEGATIVE,NEGATIVE,NEGATIVE,True
R01825,NEGATIVE,NEGATIVE,NEGATIVE,NEGATIVE,True
R01826,NEGATIVE,NEGATIVE,NEGATIVE,NEGATIVE,True
R01827,NEGATIVE,NEGATIVE,NEGATIVE,NEGATIVE,True
R01828,NEUTRAL,MIXED,MIXED,MIXED,False
R01829,NEGATIVE,MIXED,MIXED,MIXED,False
R01830,POSITIVE,POSITIVE,POSITIVE,POSITIVE,True
R01831,NEGATIVE,NEGATIVE,MIXED,NEGATIVE,False
R01832,POSITIVE,POSITIVE,NEUTRAL,POSITIVE,False
R01833,POSITIVE,POSITIVE,POSITIVE,POSITIVE,True
R01834,NEUTRAL,NEUTRAL,NEUTRAL,NEUTRAL,True
R01835,NEGATIVE,NEGATIVE,NEGATIVE,NEGATIVE,True
R01836,NEGATIVE,MIXED,MIXED,MIXED,False
R01837,NEUTRAL,NEGATIVE,MIXED,NO_MAJORITY,False
R01838,MIXED,MIXED,NEGATIVE,MIXED,False
R01839,NEGATIVE,NEGATIVE,NEGATIVE,NEGATIVE,True
R01840,NEGATIVE,NEGATIVE,NEGATIVE,NEGATIVE,True
R01841,NEGATIVE,NEGATIVE,NEGATIVE,NEGATIVE,True
R01842,NEGATIVE,NEGATIVE,NEGATIVE,NEGATIVE,True
R01843,NEGATIVE,NEGATIVE,NEGATIVE,NEGATIVE,True
R01844,NEGATIVE,NEGATIVE,NEGATIVE,NEGATIVE,True
R01845,NEGATIVE,NEGATIVE,NEGATIVE,NEGATIVE,True
R01846,NEGATIVE,NEGATIVE,NEGATIVE,NEGATIVE,True
R01847,NEGATIVE,NEGATIVE,NEGATIVE,NEGATIVE,True
R01848,NEUTRAL,NEUTRAL,NEUTRAL,NEUTRAL,True
R01849,NEUTRAL,POSITIVE,NEUTRAL,NEUTRAL,False
R01850,NEGATIVE,NEGATIVE,NEGATIVE,NEGATIVE,True
R01851,NEGATIVE,NEGATIVE,NEGATIVE,NEGATIVE,True
R01852,NEGATIVE,NEGATIVE,NEGATIVE,NEGATIVE,True
R01853,NEGATIVE,MIXED,MIXED,MIXED,False
R01854,NEGATIVE,NEGATIVE,NEGATIVE,NEGATIVE,True
R01855,NEGATIVE,NEGATIVE,NEGATIVE,NEGATIVE,True
R01856,POSITIVE,POSITIVE,POSITIVE,POSITIVE,True
R01857,NEGATIVE,NEGATIVE,NEGATIVE,NEGATIVE,True
R01858,MIXED,MIXED,NEUTRAL,MIXED,False
R01859,NEGATIVE,NEGATIVE,MIXED,NEGATIVE,False
R01860,POSITIVE,POSITIVE,POSITIVE,POSITIVE,True
R01861,NEGATIVE,NEGATIVE,NEGATIVE,NEGATIVE,True
R01862,MIXED,MIXED,NEGATIVE,MIXED,False
R01863,NEGATIVE,NEGATIVE,NEGATIVE,NEGATIVE,True
R01864,MIXED,MIXED,MIXED,MIXED,True
R01865,NEGATIVE,NEGATIVE,NEGATIVE,NEGATIVE,True
R01866,NEUTRAL,MIXED,MIXED,MIXED,False
R01867,NEUTRAL,NEGATIVE,NEUTRAL,NEUTRAL,False
R01868,NEGATIVE,NEGATIVE,NEGATIVE,NEGATIVE,True
R01869,NEGATIVE,MIXED,MIXED,MIXED,False
R01870,POSITIVE,MIXED,POSITIVE,POSITIVE,False
R01871,NEGATIVE,NEGATIVE,NEGATIVE,NEGATIVE,True
R01872,UNCLEAR,UNCLEAR,NEUTRAL,UNCLEAR,False
R01873,UNCLEAR,UNCLEAR,UNCLEAR,UNCLEAR,True
R01874,MIXED,MIXED,MIXED,MIXED,True
R01875,MIXED,MIXED,MIXED,MIXED,True
R01876,MIXED,MIXED,MIXED,MIXED,True
R01877,POSITIVE,POSITIVE,POSITIVE,POSITIVE,True
R01878,NEGATIVE,NEGATIVE,NEGATIVE,NEGATIVE,True
R01879,NEGATIVE,NEGATIVE,NEGATIVE,NEGATIVE,True
R01880,POSITIVE,MIXED,MIXED,MIXED,False
R01881,NEUTRAL,MIXED,NEGATIVE,NO_MAJORITY,False
R01882,NEGATIVE,NEGATIVE,NEGATIVE,NEGATIVE,True
R01883,NEGATIVE,NEGATIVE,NEGATIVE,NEGATIVE,True
R01884,NEGATIVE,NEGATIVE,NEGATIVE,NEGATIVE,True
R01885,MIXED,MIXED,MIXED,MIXED,True
R01886,POSITIVE,POSITIVE,POSITIVE,POSITIVE,True
R01887,NEGATIVE,NEGATIVE,NEGATIVE,NEGATIVE,True
R01888,NEGATIVE,NEGATIVE,NEUTRAL,NEGATIVE,False
R01889,NEUTRAL,MIXED,MIXED,MIXED,False
R01890,NEGATIVE,NEGATIVE,NEGATIVE,NEGATIVE,True
R01891,NEGATIVE,NEGATIVE,NEGATIVE,NEGATIVE,True
R01892,NEGATIVE,NEGATIVE,NEGATIVE,NEGATIVE,True
R01893,NEGATIVE,NEGATIVE,NEGATIVE,NEGATIVE,True
R01894,NEUTRAL,NEUTRAL,NEUTRAL,NEUTRAL,True
R01895,NEGATIVE,NEGATIVE,NEGATIVE,NEGATIVE,True
R01896,NEUTRAL,NEUTRAL,NEUTRAL,NEUTRAL,True
R01897,NEUTRAL,NEUTRAL,NEUTRAL,NEUTRAL,True
R01898,NEGATIVE,NEGATIVE,MIXED,NEGATIVE,False
R01899,POSITIVE,POSITIVE,POSITIVE,POSITIVE,True
R01900,NEUTRAL,MIXED,MIXED,MIXED,False
R01901,NEUTRAL,NEUTRAL,NEUTRAL,NEUTRAL,True
R01902,MIXED,NEGATIVE,MIXED,MIXED,False
R01903,MIXED,MIXED,MIXED,MIXED,True
R01904,NEGATIVE,NEGATIVE,NEGATIVE,NEGATIVE,True
R01905,NEGATIVE,MIXED,NEGATIVE,NEGATIVE,False
R01906,UNCLEAR,NEUTRAL,NEGATIVE,NO_MAJORITY,False
R01907,NEUTRAL,NEGATIVE,NEGATIVE,NEGATIVE,False
R01908,NEGATIVE,NEGATIVE,NEGATIVE,NEGATIVE,True
R01909,NEGATIVE,NEGATIVE,NEGATIVE,NEGATIVE,True
R01910,POSITIVE,MIXED,MIXED,MIXED,False
R01911,NEUTRAL,NEUTRAL,NEUTRAL,NEUTRAL,True
R01912,MIXED,MIXED,MIXED,MIXED,True
R01913,NEUTRAL,POSITIVE,NEUTRAL,NEUTRAL,False
R01914,NEGATIVE,MIXED,NEGATIVE,NEGATIVE,False
R01915,NEGATIVE,NEGATIVE,NEGATIVE,NEGATIVE,True
R01916,MIXED,MIXED,MIXED,MIXED,True
R01917,NEGATIVE,NEGATIVE,NEGATIVE,NEGATIVE,True
R01918,NEGATIVE,NEGATIVE,NEGATIVE,NEGATIVE,True
R01919,NEGATIVE,MIXED,NEGATIVE,NEGATIVE,False
R01920,NEGATIVE,NEGATIVE,NEGATIVE,NEGATIVE,True
R01921,NEUTRAL,MIXED,MIXED,MIXED,False
R01922,MIXED,MIXED,MIXED,MIXED,True
R01923,NEGATIVE,NEGATIVE,NEGATIVE,NEGATIVE,True
R01924,NEGATIVE,NEGATIVE,NEGATIVE,NEGATIVE,True
R01925,NEGATIVE,NEGATIVE,MIXED,NEGATIVE,False
R01926,POSITIVE,MIXED,POSITIVE,POSITIVE,False
R01927,NEUTRAL,NEGATIVE,MIXED,NO_MAJORITY,False
R01928,NEGATIVE,MIXED,NEGATIVE,NEGATIVE,False
R01929,NEUTRAL,NEUTRAL,NEUTRAL,NEUTRAL,True
R01930,NEGATIVE,MIXED,MIXED,MIXED,False
R01931,POSITIVE,POSITIVE,POSITIVE,POSITIVE,True
R01932,NEGATIVE,NEGATIVE,NEGATIVE,NEGATIVE,True
R01933,NEUTRAL,MIXED,NEGATIVE,NO_MAJORITY,False
R01934,NEUTRAL,MIXED,NEUTRAL,NEUTRAL,False
R01935,NEGATIVE,NEGATIVE,NEGATIVE,NEGATIVE,True
R01936,NEGATIVE,NEUTRAL,NEUTRAL,NEUTRAL,False
R01937,NEGATIVE,NEGATIVE,MIXED,NEGATIVE,False
R01938,NEGATIVE,MIXED,MIXED,MIXED,False
R01939,MIXED,NEGATIVE,NEGATIVE,NEGATIVE,False
R01940,NEUTRAL,NEUTRAL,NEUTRAL,NEUTRAL,True
R01941,NEGATIVE,NEGATIVE,NEGATIVE,NEGATIVE,True
R01942,POSITIVE,POSITIVE,MIXED,POSITIVE,False
R01943,MIXED,NEGATIVE,MIXED,MIXED,False
R01944,NEGATIVE,NEGATIVE,NEUTRAL,NEGATIVE,False
R01945,NEGATIVE,NEGATIVE,NEGATIVE,NEGATIVE,True
R01946,POSITIVE,MIXED,MIXED,MIXED,False
R01947,NEGATIVE,NEGATIVE,NEGATIVE,NEGATIVE,True
R01948,NEGATIVE,NEGATIVE,NEGATIVE,NEGATIVE,True
R01949,NEGATIVE,NEGATIVE,NEGATIVE,NEGATIVE,True
R01950,NEGATIVE,NEGATIVE,NEGATIVE,NEGATIVE,True
R01951,NEGATIVE,NEGATIVE,NEGATIVE,NEGATIVE,True
R01952,NEUTRAL,NEUTRAL,NEUTRAL,NEUTRAL,True
R01953,NEGATIVE,NEGATIVE,NEGATIVE,NEGATIVE,True
R01955,NEGATIVE,NEGATIVE,NEGATIVE,NEGATIVE,True
R01956,NEUTRAL,MIXED,MIXED,MIXED,False
R01957,NEGATIVE,NEGATIVE,NEGATIVE,NEGATIVE,True
R01958,NEUTRAL,MIXED,MIXED,MIXED,False
R01959,NEGATIVE,NEGATIVE,NEGATIVE,NEGATIVE,True
R01960,NEGATIVE,MIXED,MIXED,MIXED,False
R01961,NEGATIVE,NEGATIVE,NEGATIVE,NEGATIVE,True
R01962,NEGATIVE,NEGATIVE,NEGATIVE,NEGATIVE,True
R01963,NEGATIVE,NEGATIVE,MIXED,NEGATIVE,False
R01964,NEGATIVE,NEGATIVE,NEGATIVE,NEGATIVE,True
R01965,NEGATIVE,NEGATIVE,NEGATIVE,NEGATIVE,True
R01966,MIXED,MIXED,MIXED,MIXED,True
R01967,NEGATIVE,NEGATIVE,NEGATIVE,NEGATIVE,True
R01968,POSITIVE,POSITIVE,MIXED,POSITIVE,False
R01969,NEUTRAL,NEUTRAL,NEUTRAL,NEUTRAL,True
R01970,NEUTRAL,MIXED,NEUTRAL,NEUTRAL,False
R01971,NEUTRAL,MIXED,MIXED,MIXED,False
R01972,NEGATIVE,MIXED,MIXED,MIXED,False
R01973,MIXED,MIXED,MIXED,MIXED,True
R01974,NEGATIVE,NEGATIVE,MIXED,NEGATIVE,False
R01975,NEUTRAL,MIXED,NEUTRAL,NEUTRAL,False
R01976,NEGATIVE,NEGATIVE,NEGATIVE,NEGATIVE,True
R01977,NEGATIVE,NEGATIVE,NEGATIVE,NEGATIVE,True
R01978,NEGATIVE,NEGATIVE,NEGATIVE,NEGATIVE,True
R01979,NEGATIVE,NEGATIVE,NEGATIVE,NEGATIVE,True
R01980,NEUTRAL,NEUTRAL,NEUTRAL,NEUTRAL,True
R01981,MIXED,MIXED,MIXED,MIXED,True
R01982,NEGATIVE,NEGATIVE,NEGATIVE,NEGATIVE,True
R01983,NEGATIVE,NEGATIVE,NEGATIVE,NEGATIVE,True
R01984,NEGATIVE,MIXED,MIXED,MIXED,False
R01985,POSITIVE,POSITIVE,POSITIVE,POSITIVE,True
R01986,NEGATIVE,MIXED,MIXED,MIXED,False
R01987,MIXED,MIXED,MIXED,MIXED,True
R01988,NEUTRAL,MIXED,MIXED,MIXED,False
R01989,NEGATIVE,NEGATIVE,NEGATIVE,NEGATIVE,True
R01990,NEGATIVE,NEGATIVE,MIXED,NEGATIVE,False
R01991,NEGATIVE,NEGATIVE,NEGATIVE,NEGATIVE,True
R01992,NEUTRAL,MIXED,NEUTRAL,NEUTRAL,False
R01993,POSITIVE,POSITIVE,POSITIVE,POSITIVE,True
R01994,NEGATIVE,NEGATIVE,NEGATIVE,NEGATIVE,True
R01995,NEUTRAL,NEUTRAL,NEUTRAL,NEUTRAL,True
R01996,NEGATIVE,NEGATIVE,MIXED,NEGATIVE,False
R01997,NEGATIVE,NEGATIVE,NEGATIVE,NEGATIVE,True
R01998,NEGATIVE,NEGATIVE,NEGATIVE,NEGATIVE,True
R01999,NEGATIVE,NEGATIVE,NEGATIVE,NEGATIVE,True
R02000,NEGATIVE,MIXED,NEGATIVE,NEGATIVE,False
R02001,POSITIVE,POSITIVE,POSITIVE,POSITIVE,True
R02002,NEGATIVE,NEGATIVE,NEGATIVE,NEGATIVE,True
R02003,MIXED,MIXED,NEGATIVE,MIXED,False
R02004,POSITIVE,POSITIVE,POSITIVE,POSITIVE,True
R02005,NEUTRAL,POSITIVE,MIXED,NO_MAJORITY,False
R02006,NEGATIVE,NEGATIVE,NEGATIVE,NEGATIVE,True
R02007,NEGATIVE,NEGATIVE,NEGATIVE,NEGATIVE,True
R02008,NEGATIVE,NEGATIVE,NEGATIVE,NEGATIVE,True
R02009,NEUTRAL,NEUTRAL,NEUTRAL,NEUTRAL,True
R02010,NEUTRAL,MIXED,MIXED,MIXED,False
R02011,NEGATIVE,NEGATIVE,UNCLEAR,NEGATIVE,False
R02012,NEGATIVE,MIXED,NEGATIVE,NEGATIVE,False
R02013,NEUTRAL,NEGATIVE,NEUTRAL,NEUTRAL,False
R02014,NEUTRAL,NEGATIVE,NEUTRAL,NEUTRAL,False
R02015,NEUTRAL,MIXED,MIXED,MIXED,False
R02016,MIXED,MIXED,MIXED,MIXED,True
R02017,NEUTRAL,NEUTRAL,NEUTRAL,NEUTRAL,True
R02018,NEGATIVE,NEGATIVE,NEGATIVE,NEGATIVE,True
R02019,NEUTRAL,MIXED,MIXED,MIXED,False
R02020,NEUTRAL,MIXED,MIXED,MIXED,False
R02021,MIXED,MIXED,MIXED,MIXED,True
R02022,NEUTRAL,MIXED,MIXED,MIXED,False
R02023,NEGATIVE,MIXED,NEGATIVE,NEGATIVE,False
R02024,NEGATIVE,MIXED,NEGATIVE,NEGATIVE,False
R02025,POSITIVE,POSITIVE,POSITIVE,POSITIVE,True
R02026,MIXED,MIXED,MIXED,MIXED,True
R02027,NEGATIVE,NEGATIVE,MIXED,NEGATIVE,False
R02028,NEGATIVE,MIXED,NEGATIVE,NEGATIVE,False
R02029,NEGATIVE,NEGATIVE,NEGATIVE,NEGATIVE,True
R02030,NEUTRAL,NEGATIVE,NEGATIVE,NEGATIVE,False
R02031,NEUTRAL,POSITIVE,NEUTRAL,NEUTRAL,False
R02032,NEUTRAL,POSITIVE,POSITIVE,POSITIVE,False
R02033,NEUTRAL,NEGATIVE,NEUTRAL,NEUTRAL,False
R02034,NEUTRAL,NEGATIVE,NEUTRAL,NEUTRAL,False
R02035,POSITIVE,POSITIVE,POSITIVE,POSITIVE,True
R02036,MIXED,MIXED,MIXED,MIXED,True
R02037,NEGATIVE,NEGATIVE,NEGATIVE,NEGATIVE,True
R02038,NEGATIVE,NEGATIVE,NEGATIVE,NEGATIVE,True
R02039,NEUTRAL,NEUTRAL,NEUTRAL,NEUTRAL,True
R02040,NEUTRAL,POSITIVE,NEUTRAL,NEUTRAL,False
R02041,MIXED,MIXED,MIXED,MIXED,True
R02042,NEGATIVE,NEGATIVE,NEGATIVE,NEGATIVE,True
R02043,NEGATIVE,NEGATIVE,NEGATIVE,NEGATIVE,True
R02044,NEUTRAL,MIXED,MIXED,MIXED,False
R02045,POSITIVE,POSITIVE,POSITIVE,POSITIVE,True
R02046,MIXED,MIXED,MIXED,MIXED,True
R02047,NEGATIVE,NEGATIVE,NEGATIVE,NEGATIVE,True
R02048,NEGATIVE,NEGATIVE,MIXED,NEGATIVE,False
R02049,NEGATIVE,NEGATIVE,NEGATIVE,NEGATIVE,True
R02050,NEGATIVE,NEGATIVE,NEGATIVE,NEGATIVE,True
R02051,NEUTRAL,NEGATIVE,NEGATIVE,NEGATIVE,False
R02052,NEGATIVE,NEGATIVE,NEGATIVE,NEGATIVE,True
R02053,MIXED,MIXED,MIXED,MIXED,True
R02054,NEGATIVE,NEGATIVE,NEGATIVE,NEGATIVE,True
R02055,POSITIVE,POSITIVE,POSITIVE,POSITIVE,True
R02056,NEUTRAL,MIXED,MIXED,MIXED,False
R02057,NEUTRAL,MIXED,MIXED,MIXED,False
R02058,NEGATIVE,NEGATIVE,NEGATIVE,NEGATIVE,True
R02059,NEUTRAL,POSITIVE,MIXED,NO_MAJORITY,False
R02060,POSITIVE,POSITIVE,POSITIVE,POSITIVE,True
R02061,NEGATIVE,NEGATIVE,NEGATIVE,NEGATIVE,True
R02062,NEGATIVE,NEGATIVE,NEGATIVE,NEGATIVE,True
R02063,POSITIVE,POSITIVE,POSITIVE,POSITIVE,True
R02064,NEGATIVE,NEGATIVE,NEGATIVE,NEGATIVE,True
R02065,POSITIVE,POSITIVE,POSITIVE,POSITIVE,True
R02066,NEGATIVE,MIXED,MIXED,MIXED,False
R02067,NEUTRAL,NEUTRAL,NEUTRAL,NEUTRAL,True
R02068,MIXED,MIXED,MIXED,MIXED,True
R02069,NEGATIVE,NEGATIVE,NEGATIVE,NEGATIVE,True
R02070,MIXED,MIXED,MIXED,MIXED,True
R02071,MIXED,MIXED,MIXED,MIXED,True
R02072,NEUTRAL,MIXED,MIXED,MIXED,False
R02073,NEUTRAL,MIXED,NEGATIVE,NO_MAJORITY,False
R02074,NEGATIVE,MIXED,MIXED,MIXED,False
R02075,NEGATIVE,NEGATIVE,NEGATIVE,NEGATIVE,True
R02076,NEUTRAL,NEUTRAL,NEUTRAL,NEUTRAL,True
R02077,NEUTRAL,MIXED,POSITIVE,NO_MAJORITY,False
R02078,NEGATIVE,MIXED,MIXED,MIXED,False
R02079,NEGATIVE,MIXED,NEGATIVE,NEGATIVE,False
R02080,MIXED,MIXED,MIXED,MIXED,True
R02081,NEGATIVE,MIXED,NEGATIVE,NEGATIVE,False
R02082,MIXED,MIXED,MIXED,MIXED,True
R02083,NEGATIVE,NEGATIVE,NEGATIVE,NEGATIVE,True
R02084,NEGATIVE,MIXED,MIXED,MIXED,False
R02085,MIXED,MIXED,MIXED,MIXED,True
R02086,NEUTRAL,NEGATIVE,NEUTRAL,NEUTRAL,False
R02087,NEGATIVE,NEGATIVE,NEGATIVE,NEGATIVE,True
R02088,NEUTRAL,MIXED,MIXED,MIXED,False
R02089,POSITIVE,MIXED,POSITIVE,POSITIVE,False
R02090,POSITIVE,POSITIVE,POSITIVE,POSITIVE,True
R02091,NEGATIVE,NEGATIVE,NEGATIVE,NEGATIVE,True
R02092,NEUTRAL,MIXED,NEGATIVE,NO_MAJORITY,False
R02093,NEGATIVE,NEGATIVE,NEGATIVE,NEGATIVE,True
R02094,MIXED,NEGATIVE,MIXED,MIXED,False
R02095,NEGATIVE,NEGATIVE,NEGATIVE,NEGATIVE,True
R02096,POSITIVE,POSITIVE,NEUTRAL,POSITIVE,False
R02097,NEGATIVE,NEGATIVE,NEGATIVE,NEGATIVE,True
R02098,MIXED,MIXED,NEGATIVE,MIXED,False
R02099,NEGATIVE,NEGATIVE,NEGATIVE,NEGATIVE,True
R02100,POSITIVE,POSITIVE,POSITIVE,POSITIVE,True
R02101,NEGATIVE,NEGATIVE,NEGATIVE,NEGATIVE,True
R02102,NEGATIVE,NEGATIVE,NEGATIVE,NEGATIVE,True
R02103,NEUTRAL,MIXED,MIXED,MIXED,False
R02104,NEGATIVE,NEGATIVE,NEGATIVE,NEGATIVE,True
R02105,NEUTRAL,MIXED,NEGATIVE,NO_MAJORITY,False
R02106,POSITIVE,POSITIVE,POSITIVE,POSITIVE,True
R02107,NEGATIVE,NEGATIVE,NEGATIVE,NEGATIVE,True
R02108,NEUTRAL,MIXED,MIXED,MIXED,False
R02109,POSITIVE,POSITIVE,POSITIVE,POSITIVE,True
R02110,NEGATIVE,NEGATIVE,NEGATIVE,NEGATIVE,True
R02111,POSITIVE,POSITIVE,POSITIVE,POSITIVE,True
R02112,NEGATIVE,MIXED,MIXED,MIXED,False
R02113,MIXED,NEGATIVE,NEGATIVE,NEGATIVE,False
R02114,NEGATIVE,NEGATIVE,NEGATIVE,NEGATIVE,True
R02115,MIXED,MIXED,MIXED,MIXED,True
R02116,NEGATIVE,NEGATIVE,MIXED,NEGATIVE,False
R02117,NEGATIVE,NEGATIVE,NEGATIVE,NEGATIVE,True
R02118,NEUTRAL,MIXED,MIXED,MIXED,False
R02119,NEGATIVE,NEGATIVE,NEGATIVE,NEGATIVE,True
R02120,NEGATIVE,NEGATIVE,NEGATIVE,NEGATIVE,True
R02121,POSITIVE,MIXED,POSITIVE,POSITIVE,False
R02122,NEGATIVE,NEGATIVE,MIXED,NEGATIVE,False
R02123,NEGATIVE,NEGATIVE,NEGATIVE,NEGATIVE,True
R02124,NEGATIVE,NEGATIVE,NEGATIVE,NEGATIVE,True
R02125,NEGATIVE,NEGATIVE,NEGATIVE,NEGATIVE,True
R02126,NEUTRAL,MIXED,MIXED,MIXED,False
R02127,NEUTRAL,MIXED,NEGATIVE,NO_MAJORITY,False
R02128,POSITIVE,MIXED,MIXED,MIXED,False
R02129,NEGATIVE,MIXED,MIXED,MIXED,False
R02130,NEGATIVE,NEGATIVE,NEGATIVE,NEGATIVE,True
R02131,NEGATIVE,NEGATIVE,NEGATIVE,NEGATIVE,True
R02132,NEGATIVE,MIXED,MIXED,MIXED,False
R02133,MIXED,MIXED,MIXED,MIXED,True
R02134,NEGATIVE,NEGATIVE,NEGATIVE,NEGATIVE,True
R02135,NEUTRAL,MIXED,NEUTRAL,NEUTRAL,False
R02136,NEGATIVE,NEUTRAL,NEGATIVE,NEGATIVE,False
R02137,NEGATIVE,NEGATIVE,NEGATIVE,NEGATIVE,True
R02138,POSITIVE,MIXED,MIXED,MIXED,False
R02139,MIXED,MIXED,MIXED,MIXED,True
R02140,MIXED,MIXED,MIXED,MIXED,True
R02141,POSITIVE,POSITIVE,POSITIVE,POSITIVE,True
R02142,NEUTRAL,MIXED,MIXED,MIXED,False
R02143,NEUTRAL,MIXED,MIXED,MIXED,False
R02144,POSITIVE,MIXED,MIXED,MIXED,False
R02145,NEUTRAL,POSITIVE,POSITIVE,POSITIVE,False
R02146,NEGATIVE,NEGATIVE,NEGATIVE,NEGATIVE,True
R02147,NEGATIVE,NEGATIVE,NEGATIVE,NEGATIVE,True
R02148,NEGATIVE,NEGATIVE,NEGATIVE,NEGATIVE,True
R02149,NEGATIVE,MIXED,MIXED,MIXED,False
R02150,MIXED,MIXED,MIXED,MIXED,True
R02151,NEGATIVE,NEGATIVE,MIXED,NEGATIVE,False
R02152,NEGATIVE,NEGATIVE,NEGATIVE,NEGATIVE,True
R02153,NEGATIVE,NEGATIVE,NEGATIVE,NEGATIVE,True
R02154,NEGATIVE,MIXED,NEGATIVE,NEGATIVE,False
R02155,NEGATIVE,NEGATIVE,NEGATIVE,NEGATIVE,True
R02156,NEGATIVE,MIXED,NEGATIVE,NEGATIVE,False
R02157,NEGATIVE,NEGATIVE,MIXED,NEGATIVE,False
R02158,NEGATIVE,NEGATIVE,NEGATIVE,NEGATIVE,True
R02159,NEGATIVE,NEGATIVE,NEGATIVE,NEGATIVE,True
R02160,NEGATIVE,NEGATIVE,NEGATIVE,NEGATIVE,True
R02161,NEGATIVE,NEGATIVE,NEGATIVE,NEGATIVE,True
R02162,MIXED,MIXED,MIXED,MIXED,True
R02163,NEUTRAL,MIXED,MIXED,MIXED,False
R02164,NEUTRAL,MIXED,MIXED,MIXED,False
R02165,NEUTRAL,MIXED,MIXED,MIXED,False
R02166,NEUTRAL,NEUTRAL,NEUTRAL,NEUTRAL,True
R02167,NEUTRAL,NEUTRAL,NEUTRAL,NEUTRAL,True
R02168,NEGATIVE,NEGATIVE,NEGATIVE,NEGATIVE,True
R02169,NEGATIVE,NEGATIVE,NEGATIVE,NEGATIVE,True
R02170,NEUTRAL,MIXED,MIXED,MIXED,False
R02171,NEGATIVE,NEGATIVE,NEGATIVE,NEGATIVE,True
R02172,POSITIVE,POSITIVE,POSITIVE,POSITIVE,True
R02173,NEGATIVE,NEGATIVE,NEGATIVE,NEGATIVE,True
R02174,NEGATIVE,NEGATIVE,NEGATIVE,NEGATIVE,True
R02175,NEGATIVE,NEGATIVE,NEGATIVE,NEGATIVE,True
R02176,MIXED,MIXED,MIXED,MIXED,True
R02177,NEGATIVE,NEGATIVE,NEGATIVE,NEGATIVE,True
R02178,MIXED,MIXED,MIXED,MIXED,True
R02179,NEGATIVE,NEGATIVE,NEGATIVE,NEGATIVE,True
R02180,MIXED,MIXED,MIXED,MIXED,True
R02181,NEUTRAL,NEGATIVE,NEGATIVE,NEGATIVE,False
R02182,NEGATIVE,MIXED,NEGATIVE,NEGATIVE,False
R02183,NEGATIVE,NEGATIVE,NEGATIVE,NEGATIVE,True
R02184,MIXED,MIXED,MIXED,MIXED,True
R02185,NEGATIVE,MIXED,NEGATIVE,NEGATIVE,False
R02186,NEUTRAL,MIXED,MIXED,MIXED,False
R02187,NEGATIVE,NEGATIVE,NEUTRAL,NEGATIVE,False
R02188,NEGATIVE,NEGATIVE,NEGATIVE,NEGATIVE,True
R02189,NEGATIVE,NEGATIVE,NEUTRAL,NEGATIVE,False
R02190,NEGATIVE,NEGATIVE,NEGATIVE,NEGATIVE,True
R02191,NEGATIVE,NEGATIVE,NEGATIVE,NEGATIVE,True
R02192,NEUTRAL,NEUTRAL,NEUTRAL,NEUTRAL,True
R02193,NEGATIVE,NEGATIVE,NEGATIVE,NEGATIVE,True
R02194,NEUTRAL,POSITIVE,NEUTRAL,NEUTRAL,False
R02195,NEUTRAL,MIXED,MIXED,MIXED,False
R02196,MIXED,POSITIVE,MIXED,MIXED,False
R02197,NEUTRAL,NEUTRAL,NEUTRAL,NEUTRAL,True
R02198,NEGATIVE,NEGATIVE,NEGATIVE,NEGATIVE,True
R02199,NEUTRAL,NEGATIVE,NEGATIVE,NEGATIVE,False
R02200,NEGATIVE,NEGATIVE,NEGATIVE,NEGATIVE,True
R02201,NEGATIVE,NEGATIVE,MIXED,NEGATIVE,False
R02202,NEGATIVE,NEGATIVE,NEGATIVE,NEGATIVE,True
R02203,NEGATIVE,MIXED,MIXED,MIXED,False
R02204,NEGATIVE,MIXED,NEGATIVE,NEGATIVE,False
R02205,NEGATIVE,NEGATIVE,NEGATIVE,NEGATIVE,True
R02206,NEGATIVE,NEGATIVE,NEGATIVE,NEGATIVE,True
R02207,NEUTRAL,NEUTRAL,NEUTRAL,NEUTRAL,True
R02208,NEGATIVE,NEGATIVE,NEGATIVE,NEGATIVE,True
R02209,MIXED,MIXED,MIXED,MIXED,True
R02210,NEGATIVE,NEGATIVE,MIXED,NEGATIVE,False
R02211,NEGATIVE,NEGATIVE,NEGATIVE,NEGATIVE,True
R02212,NEGATIVE,NEGATIVE,MIXED,NEGATIVE,False
R02213,NEGATIVE,NEGATIVE,NEGATIVE,NEGATIVE,True
R02214,NEGATIVE,NEGATIVE,NEGATIVE,NEGATIVE,True
R02215,NEGATIVE,NEGATIVE,NEGATIVE,NEGATIVE,True
R02216,NEGATIVE,MIXED,MIXED,MIXED,False
R02217,NEUTRAL,NEGATIVE,MIXED,NO_MAJORITY,False
R02218,NEUTRAL,POSITIVE,NEUTRAL,NEUTRAL,False
R02219,NEGATIVE,MIXED,MIXED,MIXED,False
R02220,NEUTRAL,MIXED,MIXED,MIXED,False
R02221,NEGATIVE,NEGATIVE,MIXED,NEGATIVE,False
R02222,NEUTRAL,NEUTRAL,NEUTRAL,NEUTRAL,True
R02223,NEGATIVE,NEGATIVE,NEGATIVE,NEGATIVE,True
R02224,NEGATIVE,NEGATIVE,NEGATIVE,NEGATIVE,True
R02226,NEGATIVE,NEGATIVE,NEGATIVE,NEGATIVE,True
R02227,NEGATIVE,NEGATIVE,MIXED,NEGATIVE,False
R02228,NEGATIVE,NEGATIVE,NEGATIVE,NEGATIVE,True
R02229,NEGATIVE,NEGATIVE,NEGATIVE,NEGATIVE,True
R02230,NEGATIVE,MIXED,NEGATIVE,NEGATIVE,False
R02231,NEGATIVE,NEGATIVE,NEGATIVE,NEGATIVE,True
R02232,NEGATIVE,NEGATIVE,NEGATIVE,NEGATIVE,True
R02233,MIXED,MIXED,MIXED,MIXED,True
R02234,NEGATIVE,POSITIVE,POSITIVE,POSITIVE,False
R02235,NEGATIVE,NEGATIVE,NEGATIVE,NEGATIVE,True
R02236,NEGATIVE,NEGATIVE,NEGATIVE,NEGATIVE,True
R02237,NEGATIVE,MIXED,NEGATIVE,NEGATIVE,False
R02238,MIXED,MIXED,MIXED,MIXED,True
R02239,NEGATIVE,NEGATIVE,NEGATIVE,NEGATIVE,True
R02240,NEGATIVE,NEGATIVE,MIXED,NEGATIVE,False
R02241,NEGATIVE,MIXED,NEGATIVE,NEGATIVE,False
R02242,MIXED,MIXED,MIXED,MIXED,True
R02243,NEUTRAL,MIXED,MIXED,MIXED,False
R02244,NEGATIVE,NEGATIVE,NEGATIVE,NEGATIVE,True
R02245,NEGATIVE,NEGATIVE,NEUTRAL,NEGATIVE,False
R02246,NEGATIVE,NEGATIVE,NEGATIVE,NEGATIVE,True
R02247,NEGATIVE,NEGATIVE,NEGATIVE,NEGATIVE,True
R02248,MIXED,NEGATIVE,MIXED,MIXED,False
R02249,MIXED,MIXED,MIXED,MIXED,True
R02250,NEGATIVE,NEGATIVE,NEGATIVE,NEGATIVE,True
R02251,NEUTRAL,MIXED,NEGATIVE,NO_MAJORITY,False
R02252,POSITIVE,POSITIVE,MIXED,POSITIVE,False
R02253,NEGATIVE,NEGATIVE,NEGATIVE,NEGATIVE,True
R02254,NEGATIVE,NEGATIVE,NEGATIVE,NEGATIVE,True
R02255,POSITIVE,POSITIVE,POSITIVE,POSITIVE,True
R02256,NEUTRAL,MIXED,MIXED,MIXED,False
R02257,NEUTRAL,POSITIVE,NEUTRAL,NEUTRAL,False
R02258,NEGATIVE,NEGATIVE,NEGATIVE,NEGATIVE,True
R02259,NEGATIVE,NEGATIVE,NEGATIVE,NEGATIVE,True
R02260,MIXED,MIXED,MIXED,MIXED,True
R02261,NEGATIVE,NEGATIVE,NEGATIVE,NEGATIVE,True
R02262,MIXED,MIXED,MIXED,MIXED,True
R02263,NEGATIVE,NEGATIVE,MIXED,NEGATIVE,False
R02264,NEGATIVE,MIXED,MIXED,MIXED,False
R02265,POSITIVE,POSITIVE,POSITIVE,POSITIVE,True
R02266,MIXED,MIXED,MIXED,MIXED,True
R02267,NEGATIVE,NEGATIVE,NEGATIVE,NEGATIVE,True
R02268,NEGATIVE,NEGATIVE,NEGATIVE,NEGATIVE,True
R02269,NEGATIVE,NEGATIVE,NEGATIVE,NEGATIVE,True
R02270,POSITIVE,MIXED,MIXED,MIXED,False
R02271,NEGATIVE,NEGATIVE,NEGATIVE,NEGATIVE,True
R02272,NEGATIVE,MIXED,MIXED,MIXED,False
R02273,NEUTRAL,MIXED,NEGATIVE,NO_MAJORITY,False
R02274,NEUTRAL,MIXED,MIXED,MIXED,False
R02275,NEUTRAL,MIXED,NEUTRAL,NEUTRAL,False
R02276,NEGATIVE,NEGATIVE,NEGATIVE,NEGATIVE,True
R02277,NEGATIVE,NEGATIVE,NEGATIVE,NEGATIVE,True
R02278,NEUTRAL,NEUTRAL,NEUTRAL,NEUTRAL,True
R02279,POSITIVE,POSITIVE,POSITIVE,POSITIVE,True
R02280,NEUTRAL,MIXED,MIXED,MIXED,False
R02281,MIXED,MIXED,MIXED,MIXED,True
R02282,NEUTRAL,MIXED,NEUTRAL,NEUTRAL,False
R02283,NEGATIVE,MIXED,NEGATIVE,NEGATIVE,False
R02284,NEUTRAL,MIXED,MIXED,MIXED,False
R02285,NEGATIVE,NEGATIVE,NEGATIVE,NEGATIVE,True
R02286,MIXED,MIXED,MIXED,MIXED,True
R02287,NEGATIVE,MIXED,MIXED,MIXED,False
R02288,MIXED,MIXED,MIXED,MIXED,True
R02289,NEGATIVE,NEGATIVE,NEGATIVE,NEGATIVE,True
R02290,NEUTRAL,MIXED,POSITIVE,NO_MAJORITY,False
R02291,NEUTRAL,MIXED,NEUTRAL,NEUTRAL,False
R02292,POSITIVE,POSITIVE,POSITIVE,POSITIVE,True
R02293,NEUTRAL,NEUTRAL,NEUTRAL,NEUTRAL,True
R02294,NEUTRAL,POSITIVE,NEUTRAL,NEUTRAL,False
R02295,NEGATIVE,NEGATIVE,MIXED,NEGATIVE,False
R02296,NEGATIVE,NEGATIVE,NEGATIVE,NEGATIVE,True
R02297,NEGATIVE,NEGATIVE,MIXED,NEGATIVE,False
R02298,NEGATIVE,NEGATIVE,NEGATIVE,NEGATIVE,True
R02299,MIXED,MIXED,NEGATIVE,MIXED,False
R02300,POSITIVE,POSITIVE,POSITIVE,POSITIVE,True
R02301,MIXED,POSITIVE,POSITIVE,POSITIVE,False
R02302,NEGATIVE,NEGATIVE,MIXED,NEGATIVE,False
R02303,POSITIVE,MIXED,MIXED,MIXED,False
R02304,MIXED,MIXED,NEGATIVE,MIXED,False
R02305,NEGATIVE,NEGATIVE,NEGATIVE,NEGATIVE,True
R02306,NEUTRAL,MIXED,MIXED,MIXED,False
R02307,NEUTRAL,MIXED,MIXED,MIXED,False
R02308,NEGATIVE,NEGATIVE,NEGATIVE,NEGATIVE,True
R02309,NEUTRAL,NEUTRAL,NEUTRAL,NEUTRAL,True
R02310,NEUTRAL,NEUTRAL,NEUTRAL,NEUTRAL,True
R02311,NEGATIVE,MIXED,MIXED,MIXED,False
R02312,NEGATIVE,NEGATIVE,NEGATIVE,NEGATIVE,True
R02313,NEGATIVE,NEGATIVE,MIXED,NEGATIVE,False
R02314,NEUTRAL,NEGATIVE,NEUTRAL,NEUTRAL,False
R02315,NEGATIVE,NEGATIVE,NEGATIVE,NEGATIVE,True
R02316,NEUTRAL,NEUTRAL,NEUTRAL,NEUTRAL,True
R02317,NEGATIVE,NEGATIVE,NEGATIVE,NEGATIVE,True
R02318,POSITIVE,POSITIVE,NEUTRAL,POSITIVE,False
R02319,NEGATIVE,NEGATIVE,MIXED,NEGATIVE,False
R02320,POSITIVE,MIXED,MIXED,MIXED,False
R02321,NEGATIVE,NEGATIVE,NEGATIVE,NEGATIVE,True
R02322,NEGATIVE,NEGATIVE,NEGATIVE,NEGATIVE,True
R02323,NEUTRAL,NEGATIVE,NEGATIVE,NEGATIVE,False
R02324,NEGATIVE,NEGATIVE,NEGATIVE,NEGATIVE,True
R02325,MIXED,MIXED,MIXED,MIXED,True
R02326,NEGATIVE,NEGATIVE,NEGATIVE,NEGATIVE,True
R02327,NEUTRAL,NEUTRAL,NEUTRAL,NEUTRAL,True
R02328,NEGATIVE,NEGATIVE,NEGATIVE,NEGATIVE,True
R02329,NEUTRAL,NEUTRAL,NEUTRAL,NEUTRAL,True
R02330,NEGATIVE,NEGATIVE,NEGATIVE,NEGATIVE,True
R02331,POSITIVE,MIXED,POSITIVE,POSITIVE,False
R02332,NEGATIVE,NEGATIVE,NEGATIVE,NEGATIVE,True
R02333,NEGATIVE,MIXED,NEGATIVE,NEGATIVE,False
R02334,NEUTRAL,MIXED,MIXED,MIXED,False
R02335,POSITIVE,POSITIVE,POSITIVE,POSITIVE,True
R02336,NEUTRAL,MIXED,NEUTRAL,NEUTRAL,False
R02337,MIXED,MIXED,MIXED,MIXED,True
R02338,NEGATIVE,NEGATIVE,MIXED,NEGATIVE,False
R02339,MIXED,MIXED,MIXED,MIXED,True
R02340,NEUTRAL,NEUTRAL,NEUTRAL,NEUTRAL,True
R02341,POSITIVE,MIXED,MIXED,MIXED,False
R02342,POSITIVE,POSITIVE,POSITIVE,POSITIVE,True
R02343,NEGATIVE,MIXED,MIXED,MIXED,False
R02344,MIXED,NEGATIVE,MIXED,MIXED,False
R02345,NEUTRAL,MIXED,MIXED,MIXED,False
R02346,MIXED,MIXED,MIXED,MIXED,True
R02347,POSITIVE,POSITIVE,POSITIVE,POSITIVE,True
R02348,NEGATIVE,NEGATIVE,NEGATIVE,NEGATIVE,True
R02349,NEUTRAL,MIXED,MIXED,MIXED,False
R02350,NEGATIVE,NEGATIVE,NEGATIVE,NEGATIVE,True
R02351,MIXED,MIXED,MIXED,MIXED,True
R02352,NEGATIVE,NEGATIVE,NEGATIVE,NEGATIVE,True
R02353,NEGATIVE,NEGATIVE,NEGATIVE,NEGATIVE,True
R02354,MIXED,MIXED,MIXED,MIXED,True
R02355,NEGATIVE,NEGATIVE,MIXED,NEGATIVE,False
R02356,NEGATIVE,NEGATIVE,NEGATIVE,NEGATIVE,True
R02357,NEGATIVE,MIXED,MIXED,MIXED,False
R02358,NEGATIVE,NEGATIVE,NEGATIVE,NEGATIVE,True
R02359,NEUTRAL,MIXED,MIXED,MIXED,False
R02360,NEGATIVE,NEGATIVE,NEGATIVE,NEGATIVE,True
R02361,NEUTRAL,NEUTRAL,NEUTRAL,NEUTRAL,True
R02362,NEGATIVE,NEGATIVE,NEGATIVE,NEGATIVE,True
R02363,MIXED,MIXED,MIXED,MIXED,True
R02364,NEGATIVE,NEGATIVE,NEGATIVE,NEGATIVE,True
R02365,NEGATIVE,NEGATIVE,NEGATIVE,NEGATIVE,True
R02366,POSITIVE,POSITIVE,POSITIVE,POSITIVE,True
R02367,NEGATIVE,NEGATIVE,NEGATIVE,NEGATIVE,True
R02368,NEGATIVE,MIXED,MIXED,MIXED,False
R02369,NEGATIVE,NEUTRAL,NEGATIVE,NEGATIVE,False
R02370,NEGATIVE,NEGATIVE,NEGATIVE,NEGATIVE,True
R02371,NEGATIVE,NEGATIVE,NEGATIVE,NEGATIVE,True
R02372,MIXED,MIXED,MIXED,MIXED,True
R02373,NEGATIVE,MIXED,MIXED,MIXED,False
R02374,NEGATIVE,NEGATIVE,MIXED,NEGATIVE,False
R02375,MIXED,MIXED,MIXED,MIXED,True
R02376,NEGATIVE,NEGATIVE,NEGATIVE,NEGATIVE,True
R02377,MIXED,MIXED,MIXED,MIXED,True
R02378,NEGATIVE,NEGATIVE,NEGATIVE,NEGATIVE,True
R02379,NEGATIVE,MIXED,MIXED,MIXED,False
R02380,NEUTRAL,NEGATIVE,NEGATIVE,NEGATIVE,False
R02381,NEGATIVE,NEGATIVE,NEGATIVE,NEGATIVE,True
R02382,NEGATIVE,NEGATIVE,NEGATIVE,NEGATIVE,True
R02383,NEGATIVE,MIXED,MIXED,MIXED,False
R02384,POSITIVE,POSITIVE,POSITIVE,POSITIVE,True
R02385,NEGATIVE,NEGATIVE,NEGATIVE,NEGATIVE,True
R02386,POSITIVE,POSITIVE,POSITIVE,POSITIVE,True
R02387,NEGATIVE,NEGATIVE,MIXED,NEGATIVE,False
R02388,MIXED,MIXED,MIXED,MIXED,True
R02389,NEGATIVE,MIXED,MIXED,MIXED,False
R02390,POSITIVE,MIXED,MIXED,MIXED,False
R02391,NEGATIVE,NEGATIVE,NEGATIVE,NEGATIVE,True
R02392,NEGATIVE,MIXED,NEGATIVE,NEGATIVE,False
R02393,NEGATIVE,NEGATIVE,NEGATIVE,NEGATIVE,True
R02394,MIXED,MIXED,MIXED,MIXED,True
R02395,NEGATIVE,NEGATIVE,NEGATIVE,NEGATIVE,True
R02396,NEUTRAL,MIXED,MIXED,MIXED,False
R02397,NEGATIVE,NEGATIVE,NEGATIVE,NEGATIVE,True
R02398,POSITIVE,POSITIVE,POSITIVE,POSITIVE,True
R02399,NEGATIVE,NEGATIVE,NEGATIVE,NEGATIVE,True
R02400,NEGATIVE,NEGATIVE,NEGATIVE,NEGATIVE,True
R02401,NEUTRAL,MIXED,MIXED,MIXED,False
R02402,NEGATIVE,NEGATIVE,NEGATIVE,NEGATIVE,True
R02403,MIXED,MIXED,MIXED,MIXED,True
R02404,NEGATIVE,NEGATIVE,NEGATIVE,NEGATIVE,True
R02405,NEUTRAL,MIXED,NEUTRAL,NEUTRAL,False
R02406,NEGATIVE,NEGATIVE,NEGATIVE,NEGATIVE,True
R02407,NEGATIVE,NEGATIVE,NEGATIVE,NEGATIVE,True
R02408,NEGATIVE,NEGATIVE,NEGATIVE,NEGATIVE,True
R02409,MIXED,MIXED,MIXED,MIXED,True
R02410,NEGATIVE,NEGATIVE,NEGATIVE,NEGATIVE,True
R02411,NEGATIVE,NEGATIVE,NEGATIVE,NEGATIVE,True
R02412,NEGATIVE,NEGATIVE,NEGATIVE,NEGATIVE,True
R02413,MIXED,MIXED,MIXED,MIXED,True
R02414,MIXED,MIXED,MIXED,MIXED,True
R02415,NEGATIVE,NEGATIVE,NEGATIVE,NEGATIVE,True
R02416,NEGATIVE,MIXED,NEGATIVE,NEGATIVE,False
R02417,NEGATIVE,NEGATIVE,NEGATIVE,NEGATIVE,True
R02418,NEGATIVE,NEGATIVE,NEGATIVE,NEGATIVE,True
R02419,NEGATIVE,NEGATIVE,NEGATIVE,NEGATIVE,True
R02420,NEGATIVE,NEGATIVE,NEGATIVE,NEGATIVE,True
R02421,NEUTRAL,POSITIVE,NEUTRAL,NEUTRAL,False
R02422,NEGATIVE,NEGATIVE,NEGATIVE,NEGATIVE,True
R02423,NEGATIVE,MIXED,MIXED,MIXED,False
R02424,MIXED,MIXED,MIXED,MIXED,True
R02425,NEUTRAL,MIXED,NEUTRAL,NEUTRAL,False
R02426,NEGATIVE,NEGATIVE,NEGATIVE,NEGATIVE,True
R02427,NEGATIVE,NEGATIVE,NEGATIVE,NEGATIVE,True
R02428,NEGATIVE,NEGATIVE,NEGATIVE,NEGATIVE,True
R02429,NEGATIVE,NEGATIVE,NEGATIVE,NEGATIVE,True
R02430,NEGATIVE,NEGATIVE,NEGATIVE,NEGATIVE,True
R02431,NEUTRAL,MIXED,NEUTRAL,NEUTRAL,False
R02432,NEUTRAL,MIXED,MIXED,MIXED,False
R02433,NEGATIVE,NEGATIVE,NEGATIVE,NEGATIVE,True
R02434,NEGATIVE,NEGATIVE,NEGATIVE,NEGATIVE,True
R02435,NEUTRAL,MIXED,MIXED,MIXED,False
R02436,NEGATIVE,NEGATIVE,NEGATIVE,NEGATIVE,True
R02437,NEGATIVE,MIXED,MIXED,MIXED,False
R02438,NEGATIVE,NEGATIVE,NEGATIVE,NEGATIVE,True
R02439,NEGATIVE,NEGATIVE,NEGATIVE,NEGATIVE,True
R02440,NEGATIVE,NEGATIVE,NEGATIVE,NEGATIVE,True
R02441,MIXED,MIXED,MIXED,MIXED,True
R02442,NEGATIVE,NEGATIVE,NEGATIVE,NEGATIVE,True
R02443,NEGATIVE,NEGATIVE,NEGATIVE,NEGATIVE,True
R02444,NEUTRAL,NEGATIVE,NEUTRAL,NEUTRAL,False
R02445,MIXED,MIXED,MIXED,MIXED,True
R02446,NEUTRAL,MIXED,MIXED,MIXED,False
R02447,POSITIVE,MIXED,POSITIVE,POSITIVE,False
R02448,NEGATIVE,NEGATIVE,NEGATIVE,NEGATIVE,True
R02449,MIXED,MIXED,MIXED,MIXED,True
R02450,NEUTRAL,MIXED,MIXED,MIXED,False
R02451,NEGATIVE,NEGATIVE,NEGATIVE,NEGATIVE,True
R02452,NEGATIVE,NEGATIVE,NEGATIVE,NEGATIVE,True
R02453,MIXED,MIXED,MIXED,MIXED,True
R02454,NEGATIVE,NEGATIVE,MIXED,NEGATIVE,False
R02455,NEGATIVE,NEGATIVE,NEGATIVE,NEGATIVE,True
R02456,NEGATIVE,NEGATIVE,NEGATIVE,NEGATIVE,True
R02457,NEGATIVE,NEGATIVE,NEGATIVE,NEGATIVE,True
R02458,NEUTRAL,NEUTRAL,NEUTRAL,NEUTRAL,True
R02459,NEGATIVE,MIXED,MIXED,MIXED,False
R02460,NEGATIVE,MIXED,MIXED,MIXED,False
R02461,NEGATIVE,NEGATIVE,NEGATIVE,NEGATIVE,True
R02462,NEUTRAL,POSITIVE,NEUTRAL,NEUTRAL,False
R02463,MIXED,MIXED,MIXED,MIXED,True
R02464,NEGATIVE,NEGATIVE,NEGATIVE,NEGATIVE,True
R02465,NEUTRAL,NEUTRAL,NEUTRAL,NEUTRAL,True
R02466,NEGATIVE,MIXED,NEGATIVE,NEGATIVE,False
R02467,NEGATIVE,NEGATIVE,NEGATIVE,NEGATIVE,True
R02468,NEUTRAL,NEGATIVE,MIXED,NO_MAJORITY,False
R02469,NEGATIVE,MIXED,MIXED,MIXED,False
R02470,NEGATIVE,NEGATIVE,NEGATIVE,NEGATIVE,True
R02471,NEGATIVE,NEGATIVE,NEGATIVE,NEGATIVE,True
R02472,NEGATIVE,NEGATIVE,NEGATIVE,NEGATIVE,True
R02473,POSITIVE,POSITIVE,POSITIVE,POSITIVE,True
R02474,MIXED,MIXED,MIXED,MIXED,True
R02475,NEGATIVE,NEGATIVE,NEGATIVE,NEGATIVE,True
R02476,NEGATIVE,MIXED,MIXED,MIXED,False
R02477,NEGATIVE,NEGATIVE,NEUTRAL,NEGATIVE,False
R02478,NEUTRAL,MIXED,NEGATIVE,NO_MAJORITY,False
R02479,POSITIVE,POSITIVE,POSITIVE,POSITIVE,True
R02480,NEUTRAL,POSITIVE,NEUTRAL,NEUTRAL,False
R02481,NEUTRAL,POSITIVE,POSITIVE,POSITIVE,False
R02482,MIXED,MIXED,MIXED,MIXED,True
R02483,NEGATIVE,NEGATIVE,NEGATIVE,NEGATIVE,True
R02484,MIXED,MIXED,MIXED,MIXED,True
R02485,NEGATIVE,MIXED,NEGATIVE,NEGATIVE,False
R02486,POSITIVE,POSITIVE,POSITIVE,POSITIVE,True
R02487,NEGATIVE,NEGATIVE,NEGATIVE,NEGATIVE,True
R02488,NEGATIVE,NEGATIVE,NEGATIVE,NEGATIVE,True
R02489,POSITIVE,POSITIVE,POSITIVE,POSITIVE,True
R02490,POSITIVE,POSITIVE,POSITIVE,POSITIVE,True
R02491,MIXED,POSITIVE,MIXED,MIXED,False
R02492,MIXED,MIXED,MIXED,MIXED,True
R02493,POSITIVE,POSITIVE,POSITIVE,POSITIVE,True
R02494,NEGATIVE,NEGATIVE,NEGATIVE,NEGATIVE,True
R02495,NEGATIVE,NEGATIVE,NEGATIVE,NEGATIVE,True
R02496,NEGATIVE,NEGATIVE,NEGATIVE,NEGATIVE,True
R02497,POSITIVE,POSITIVE,POSITIVE,POSITIVE,True
R02498,NEUTRAL,NEUTRAL,NEGATIVE,NEUTRAL,False
R02499,NEGATIVE,NEGATIVE,NEUTRAL,NEGATIVE,False
R02500,NEUTRAL,MIXED,MIXED,MIXED,False
R02501,NEGATIVE,NEGATIVE,NEGATIVE,NEGATIVE,True
R02502,NEGATIVE,NEGATIVE,NEGATIVE,NEGATIVE,True
R02503,NEUTRAL,NEUTRAL,NEUTRAL,NEUTRAL,True
R02504,NEGATIVE,NEGATIVE,NEGATIVE,NEGATIVE,True
R02505,NEGATIVE,NEGATIVE,NEGATIVE,NEGATIVE,True
R02506,NEGATIVE,NEGATIVE,NEGATIVE,NEGATIVE,True
R02507,NEGATIVE,NEGATIVE,NEGATIVE,NEGATIVE,True
R02508,NEGATIVE,NEGATIVE,NEGATIVE,NEGATIVE,True
R02509,NEGATIVE,NEGATIVE,MIXED,NEGATIVE,False
R02510,NEGATIVE,NEGATIVE,NEGATIVE,NEGATIVE,True
R02511,NEUTRAL,MIXED,NEGATIVE,NO_MAJORITY,False
R02512,NEGATIVE,NEGATIVE,NEGATIVE,NEGATIVE,True
R02513,NEGATIVE,NEGATIVE,NEUTRAL,NEGATIVE,False
R02514,POSITIVE,POSITIVE,POSITIVE,POSITIVE,True
R02515,NEGATIVE,NEGATIVE,NEGATIVE,NEGATIVE,True
R02516,POSITIVE,NEUTRAL,POSITIVE,POSITIVE,False
R02517,NEUTRAL,MIXED,NEUTRAL,NEUTRAL,False
R02518,POSITIVE,POSITIVE,MIXED,POSITIVE,False
R02519,NEGATIVE,MIXED,NEGATIVE,NEGATIVE,False
R02520,NEGATIVE,NEGATIVE,NEGATIVE,NEGATIVE,True
R02521,NEGATIVE,NEGATIVE,NEGATIVE,NEGATIVE,True
R02522,NEGATIVE,NEGATIVE,NEGATIVE,NEGATIVE,True
R02523,MIXED,MIXED,MIXED,MIXED,True
R02524,NEUTRAL,MIXED,MIXED,MIXED,False
R02525,MIXED,MIXED,MIXED,MIXED,True
R02526,NEGATIVE,NEGATIVE,NEGATIVE,NEGATIVE,True
R02527,NEGATIVE,NEGATIVE,NEGATIVE,NEGATIVE,True
R02528,NEGATIVE,NEGATIVE,NEGATIVE,NEGATIVE,True
R02529,NEGATIVE,NEGATIVE,NEGATIVE,NEGATIVE,True
R02530,NEGATIVE,NEGATIVE,NEGATIVE,NEGATIVE,True
R02531,NEGATIVE,NEGATIVE,NEGATIVE,NEGATIVE,True
R02532,NEUTRAL,MIXED,MIXED,MIXED,False
R02533,MIXED,MIXED,NEGATIVE,MIXED,False
R02534,NEUTRAL,POSITIVE,MIXED,NO_MAJORITY,False
R02535,NEGATIVE,NEGATIVE,NEGATIVE,NEGATIVE,True
R02536,NEGATIVE,NEGATIVE,NEGATIVE,NEGATIVE,True
R02537,NEGATIVE,NEGATIVE,NEGATIVE,NEGATIVE,True
R02538,NEUTRAL,NEGATIVE,MIXED,NO_MAJORITY,False
R02539,NEGATIVE,NEGATIVE,NEGATIVE,NEGATIVE,True
R02540,NEGATIVE,MIXED,NEGATIVE,NEGATIVE,False
R02541,NEGATIVE,NEGATIVE,NEGATIVE,NEGATIVE,True
R02542,NEGATIVE,MIXED,MIXED,MIXED,False
R02543,NEGATIVE,NEGATIVE,NEGATIVE,NEGATIVE,True
R02544,NEGATIVE,NEGATIVE,NEGATIVE,NEGATIVE,True
R02545,NEGATIVE,MIXED,MIXED,MIXED,False
R02546,POSITIVE,POSITIVE,POSITIVE,POSITIVE,True
R02547,NEUTRAL,MIXED,MIXED,MIXED,False
R02548,NEUTRAL,MIXED,NEUTRAL,NEUTRAL,False
R02549,NEGATIVE,NEGATIVE,NEGATIVE,NEGATIVE,True
R02550,MIXED,NEGATIVE,NEGATIVE,NEGATIVE,False
R02551,NEGATIVE,NEGATIVE,NEGATIVE,NEGATIVE,True
R02552,MIXED,NEGATIVE,NEGATIVE,NEGATIVE,False
R02553,NEGATIVE,NEGATIVE,NEGATIVE,NEGATIVE,True
R02554,NEUTRAL,MIXED,NEGATIVE,NO_MAJORITY,False
R02555,NEGATIVE,NEGATIVE,NEGATIVE,NEGATIVE,True
R02556,NEGATIVE,NEGATIVE,NEGATIVE,NEGATIVE,True
R02557,NEGATIVE,MIXED,MIXED,MIXED,False
R02558,NEGATIVE,MIXED,MIXED,MIXED,False
R02559,NEGATIVE,NEGATIVE,NEGATIVE,NEGATIVE,True
R02560,NEGATIVE,NEGATIVE,NEGATIVE,NEGATIVE,True
R02561,NEUTRAL,MIXED,MIXED,MIXED,False
R02562,POSITIVE,POSITIVE,POSITIVE,POSITIVE,True
R02563,POSITIVE,POSITIVE,POSITIVE,POSITIVE,True
R02564,NEGATIVE,NEGATIVE,NEGATIVE,NEGATIVE,True
R02565,NEUTRAL,MIXED,NEGATIVE,NO_MAJORITY,False
R02566,POSITIVE,MIXED,MIXED,MIXED,False
R02567,POSITIVE,MIXED,MIXED,MIXED,False
R02568,MIXED,MIXED,MIXED,MIXED,True
R02569,NEGATIVE,NEGATIVE,NEGATIVE,NEGATIVE,True
R02570,NEGATIVE,NEGATIVE,NEGATIVE,NEGATIVE,True
R02571,NEGATIVE,NEGATIVE,NEGATIVE,NEGATIVE,True
R02572,POSITIVE,POSITIVE,POSITIVE,POSITIVE,True
R02573,NEUTRAL,MIXED,MIXED,MIXED,False
R02574,NEUTRAL,MIXED,NEUTRAL,NEUTRAL,False
R02575,POSITIVE,POSITIVE,MIXED,POSITIVE,False
R02576,POSITIVE,POSITIVE,POSITIVE,POSITIVE,True
R02577,MIXED,MIXED,MIXED,MIXED,True
R02578,NEGATIVE,NEGATIVE,NEGATIVE,NEGATIVE,True
R02579,NEUTRAL,MIXED,MIXED,MIXED,False
R02580,NEGATIVE,POSITIVE,POSITIVE,POSITIVE,False
R02581,NEGATIVE,NEGATIVE,NEGATIVE,NEGATIVE,True
R02582,NEGATIVE,NEGATIVE,NEGATIVE,NEGATIVE,True
R02583,NEUTRAL,MIXED,MIXED,MIXED,False
R02584,NEGATIVE,NEGATIVE,NEGATIVE,NEGATIVE,True
R02585,NEGATIVE,NEGATIVE,NEUTRAL,NEGATIVE,False
R02586,NEGATIVE,NEGATIVE,NEGATIVE,NEGATIVE,True
R02587,NEGATIVE,NEGATIVE,NEGATIVE,NEGATIVE,True
R02588,NEGATIVE,NEGATIVE,NEUTRAL,NEGATIVE,False
R02589,NEGATIVE,NEGATIVE,NEGATIVE,NEGATIVE,True
R02590,POSITIVE,NEUTRAL,NEUTRAL,NEUTRAL,False
R02591,MIXED,MIXED,MIXED,MIXED,True
R02592,POSITIVE,MIXED,MIXED,MIXED,False
R02593,NEUTRAL,MIXED,MIXED,MIXED,False
R02594,NEGATIVE,NEGATIVE,NEGATIVE,NEGATIVE,True
R02595,NEGATIVE,MIXED,NEGATIVE,NEGATIVE,False
R02596,MIXED,MIXED,MIXED,MIXED,True
R02597,NEGATIVE,MIXED,MIXED,MIXED,False
R02598,NEUTRAL,MIXED,MIXED,MIXED,False
R02599,POSITIVE,POSITIVE,POSITIVE,POSITIVE,True
R02600,NEGATIVE,NEGATIVE,MIXED,NEGATIVE,False
R02601,NEGATIVE,NEGATIVE,NEGATIVE,NEGATIVE,True
R02602,NEGATIVE,NEGATIVE,NEGATIVE,NEGATIVE,True
R02603,NEGATIVE,NEGATIVE,NEGATIVE,NEGATIVE,True
R02604,NEGATIVE,NEGATIVE,NEGATIVE,NEGATIVE,True
R02606,NEUTRAL,MIXED,MIXED,MIXED,False
R02607,NEGATIVE,NEGATIVE,NEGATIVE,NEGATIVE,True
R02608,MIXED,MIXED,MIXED,MIXED,True
R02609,NEGATIVE,NEGATIVE,MIXED,NEGATIVE,False
R02610,POSITIVE,POSITIVE,NEUTRAL,POSITIVE,False
R02611,NEUTRAL,MIXED,MIXED,MIXED,False
R02612,NEGATIVE,NEGATIVE,NEGATIVE,NEGATIVE,True
R02613,NEUTRAL,MIXED,NEUTRAL,NEUTRAL,False
R02614,NEUTRAL,MIXED,MIXED,MIXED,False
R02615,MIXED,NEGATIVE,MIXED,MIXED,False
R02616,MIXED,MIXED,MIXED,MIXED,True
R02617,NEGATIVE,NEGATIVE,NEGATIVE,NEGATIVE,True
R02618,NEGATIVE,NEGATIVE,NEGATIVE,NEGATIVE,True
R02619,NEGATIVE,NEGATIVE,NEGATIVE,NEGATIVE,True
R02620,NEGATIVE,NEGATIVE,NEGATIVE,NEGATIVE,True
R02621,POSITIVE,POSITIVE,POSITIVE,POSITIVE,True
R02622,NEUTRAL,NEGATIVE,NEGATIVE,NEGATIVE,False
R02623,NEGATIVE,NEGATIVE,NEGATIVE,NEGATIVE,True
R02624,NEGATIVE,NEGATIVE,NEGATIVE,NEGATIVE,True
R02625,NEGATIVE,NEGATIVE,NEGATIVE,NEGATIVE,True
R02626,NEGATIVE,NEGATIVE,MIXED,NEGATIVE,False
R02627,NEGATIVE,NEGATIVE,NEGATIVE,NEGATIVE,True
R02628,NEGATIVE,MIXED,MIXED,MIXED,False
R02629,NEGATIVE,NEGATIVE,NEGATIVE,NEGATIVE,True
R02630,NEGATIVE,NEGATIVE,NEGATIVE,NEGATIVE,True
R02631,NEUTRAL,NEGATIVE,NEUTRAL,NEUTRAL,False
R02632,POSITIVE,POSITIVE,POSITIVE,POSITIVE,True
R02633,NEGATIVE,NEGATIVE,NEGATIVE,NEGATIVE,True
R02634,NEUTRAL,MIXED,NEUTRAL,NEUTRAL,False
R02635,NEGATIVE,NEGATIVE,NEGATIVE,NEGATIVE,True
R02636,NEGATIVE,NEGATIVE,MIXED,NEGATIVE,False
R02637,NEGATIVE,NEGATIVE,NEGATIVE,NEGATIVE,True
R02638,NEGATIVE,NEGATIVE,NEGATIVE,NEGATIVE,True
R02639,POSITIVE,MIXED,MIXED,MIXED,False
R02640,NEUTRAL,NEUTRAL,NEUTRAL,NEUTRAL,True
R02641,NEUTRAL,MIXED,MIXED,MIXED,False
R02642,NEGATIVE,NEGATIVE,NEGATIVE,NEGATIVE,True
R02643,NEUTRAL,MIXED,MIXED,MIXED,False
R02644,NEGATIVE,NEGATIVE,NEGATIVE,NEGATIVE,True
R02645,NEUTRAL,MIXED,NEUTRAL,NEUTRAL,False
R02646,POSITIVE,POSITIVE,POSITIVE,POSITIVE,True
R02647,POSITIVE,POSITIVE,POSITIVE,POSITIVE,True
R02648,MIXED,NEGATIVE,NEGATIVE,NEGATIVE,False
R02649,NEGATIVE,MIXED,NEGATIVE,NEGATIVE,False
R02650,NEUTRAL,MIXED,MIXED,MIXED,False
R02651,NEGATIVE,NEGATIVE,NEGATIVE,NEGATIVE,True
R02652,POSITIVE,POSITIVE,POSITIVE,POSITIVE,True
R02653,NEGATIVE,MIXED,NEGATIVE,NEGATIVE,False
R02654,NEUTRAL,MIXED,MIXED,MIXED,False
R02655,POSITIVE,POSITIVE,POSITIVE,POSITIVE,True
R02656,NEGATIVE,NEGATIVE,NEGATIVE,NEGATIVE,True
R02657,MIXED,MIXED,NEGATIVE,MIXED,False
R02658,NEGATIVE,NEGATIVE,NEGATIVE,NEGATIVE,True
R02659,NEGATIVE,NEGATIVE,NEGATIVE,NEGATIVE,True
R02660,NEGATIVE,NEGATIVE,NEGATIVE,NEGATIVE,True
R02661,MIXED,MIXED,MIXED,MIXED,True
R02662,POSITIVE,POSITIVE,POSITIVE,POSITIVE,True
R02663,NEUTRAL,NEUTRAL,NEUTRAL,NEUTRAL,True
R02664,NEUTRAL,NEUTRAL,NEUTRAL,NEUTRAL,True
R02665,NEGATIVE,NEGATIVE,NEGATIVE,NEGATIVE,True
R02666,NEUTRAL,MIXED,NEUTRAL,NEUTRAL,False
R02667,NEGATIVE,NEGATIVE,NEGATIVE,NEGATIVE,True
R02668,NEGATIVE,NEGATIVE,NEGATIVE,NEGATIVE,True
R02669,POSITIVE,POSITIVE,POSITIVE,POSITIVE,True
R02670,NEUTRAL,MIXED,MIXED,MIXED,False
R02671,NEGATIVE,NEGATIVE,NEGATIVE,NEGATIVE,True
R02672,NEGATIVE,NEGATIVE,NEGATIVE,NEGATIVE,True
R02673,NEGATIVE,MIXED,NEGATIVE,NEGATIVE,False
R02674,MIXED,MIXED,MIXED,MIXED,True
R02675,NEUTRAL,NEGATIVE,NEUTRAL,NEUTRAL,False
R02676,NEGATIVE,NEGATIVE,NEGATIVE,NEGATIVE,True
R02677,MIXED,MIXED,MIXED,MIXED,True
R02678,NEGATIVE,NEGATIVE,NEGATIVE,NEGATIVE,True
R02679,NEGATIVE,NEGATIVE,NEGATIVE,NEGATIVE,True
R02680,NEUTRAL,MIXED,MIXED,MIXED,False
R02681,POSITIVE,POSITIVE,POSITIVE,POSITIVE,True
R02682,NEGATIVE,MIXED,MIXED,MIXED,False
R02683,MIXED,NEGATIVE,MIXED,MIXED,False
R02684,NEGATIVE,NEGATIVE,NEGATIVE,NEGATIVE,True
R02685,NEGATIVE,NEGATIVE,NEGATIVE,NEGATIVE,True
R02686,NEGATIVE,NEGATIVE,MIXED,NEGATIVE,False
R02687,NEUTRAL,NEUTRAL,NEUTRAL,NEUTRAL,True
R02688,NEGATIVE,NEGATIVE,NEGATIVE,NEGATIVE,True
R02689,NEUTRAL,MIXED,MIXED,MIXED,False
R02690,NEUTRAL,POSITIVE,MIXED,NO_MAJORITY,False
R02691,NEGATIVE,MIXED,NEGATIVE,NEGATIVE,False
R02692,NEGATIVE,NEGATIVE,NEGATIVE,NEGATIVE,True
R02693,NEGATIVE,NEGATIVE,NEGATIVE,NEGATIVE,True
R02694,NEGATIVE,NEGATIVE,NEGATIVE,NEGATIVE,True
R02695,NEGATIVE,NEGATIVE,MIXED,NEGATIVE,False
R02696,NEGATIVE,NEGATIVE,NEGATIVE,NEGATIVE,True
R02697,NEGATIVE,NEGATIVE,NEGATIVE,NEGATIVE,True
R02698,NEUTRAL,MIXED,MIXED,MIXED,False
R02699,NEGATIVE,NEGATIVE,NEGATIVE,NEGATIVE,True
R02700,NEGATIVE,NEGATIVE,MIXED,NEGATIVE,False
R02701,NEUTRAL,MIXED,NEGATIVE,NO_MAJORITY,False
R02702,NEGATIVE,NEGATIVE,NEGATIVE,NEGATIVE,True
R02703,NEGATIVE,NEGATIVE,NEGATIVE,NEGATIVE,True
R02704,NEGATIVE,MIXED,MIXED,MIXED,False
R02705,NEGATIVE,NEGATIVE,MIXED,NEGATIVE,False
R02706,NEGATIVE,MIXED,NEGATIVE,NEGATIVE,False
R02707,NEGATIVE,NEGATIVE,NEGATIVE,NEGATIVE,True
R02708,NEGATIVE,NEGATIVE,NEGATIVE,NEGATIVE,True
R02709,NEGATIVE,NEGATIVE,NEGATIVE,NEGATIVE,True
R02710,NEUTRAL,MIXED,NEUTRAL,NEUTRAL,False
R02711,MIXED,NEGATIVE,MIXED,MIXED,False
R02712,NEUTRAL,MIXED,MIXED,MIXED,False
R02713,NEUTRAL,MIXED,NEUTRAL,NEUTRAL,False
R02714,NEGATIVE,NEGATIVE,MIXED,NEGATIVE,False
R02715,NEUTRAL,MIXED,MIXED,MIXED,False
R02716,POSITIVE,POSITIVE,POSITIVE,POSITIVE,True
R02717,NEGATIVE,MIXED,MIXED,MIXED,False
R02718,NEUTRAL,MIXED,MIXED,MIXED,False
R02719,NEGATIVE,NEGATIVE,NEGATIVE,NEGATIVE,True
R02720,NEGATIVE,NEGATIVE,NEGATIVE,NEGATIVE,True
R02721,NEGATIVE,NEGATIVE,NEGATIVE,NEGATIVE,True
R02722,MIXED,MIXED,MIXED,MIXED,True
R02723,NEUTRAL,MIXED,NEGATIVE,NO_MAJORITY,False
R02724,MIXED,NEGATIVE,NEGATIVE,NEGATIVE,False
R02725,NEGATIVE,NEGATIVE,NEGATIVE,NEGATIVE,True
R02726,NEGATIVE,MIXED,NEGATIVE,NEGATIVE,False
R02727,POSITIVE,POSITIVE,POSITIVE,POSITIVE,True
R02728,NEUTRAL,UNCLEAR,NEUTRAL,NEUTRAL,False
R02729,NEUTRAL,MIXED,NEUTRAL,NEUTRAL,False
R02730,NEGATIVE,NEGATIVE,NEGATIVE,NEGATIVE,True
R02731,POSITIVE,MIXED,POSITIVE,POSITIVE,False
R02732,NEGATIVE,NEGATIVE,NEGATIVE,NEGATIVE,True
R02733,POSITIVE,POSITIVE,POSITIVE,POSITIVE,True
R02734,NEGATIVE,NEGATIVE,NEGATIVE,NEGATIVE,True
R02735,NEUTRAL,NEUTRAL,MIXED,NEUTRAL,False
R02736,MIXED,MIXED,MIXED,MIXED,True
R02737,NEGATIVE,NEGATIVE,NEGATIVE,NEGATIVE,True
R02738,NEUTRAL,NEGATIVE,NEGATIVE,NEGATIVE,False
R02739,NEUTRAL,NEGATIVE,NEGATIVE,NEGATIVE,False
R02740,NEGATIVE,NEGATIVE,NEGATIVE,NEGATIVE,True
R02741,POSITIVE,POSITIVE,POSITIVE,POSITIVE,True
R02742,NEUTRAL,NEUTRAL,MIXED,NEUTRAL,False
R02743,NEUTRAL,NEUTRAL,NEUTRAL,NEUTRAL,True
R02744,NEGATIVE,NEGATIVE,MIXED,NEGATIVE,False
R02745,NEGATIVE,NEGATIVE,NEGATIVE,NEGATIVE,True
R02746,NEGATIVE,NEGATIVE,NEGATIVE,NEGATIVE,True
R02747,NEGATIVE,NEGATIVE,NEGATIVE,NEGATIVE,True
R02748,NEUTRAL,NEUTRAL,NEGATIVE,NEUTRAL,False
R02749,NEGATIVE,NEGATIVE,NEGATIVE,NEGATIVE,True
R02750,NEGATIVE,NEGATIVE,NEGATIVE,NEGATIVE,True
R02751,NEGATIVE,MIXED,NEGATIVE,NEGATIVE,False
R02752,NEGATIVE,MIXED,NEGATIVE,NEGATIVE,False
R02753,NEUTRAL,NEUTRAL,NEUTRAL,NEUTRAL,True
R02754,NEGATIVE,NEGATIVE,NEGATIVE,NEGATIVE,True
R02755,NEUTRAL,MIXED,MIXED,MIXED,False
R02756,NEGATIVE,NEGATIVE,NEGATIVE,NEGATIVE,True
R02757,POSITIVE,POSITIVE,POSITIVE,POSITIVE,True
R02758,NEUTRAL,NEGATIVE,MIXED,NO_MAJORITY,False
R02759,NEGATIVE,NEGATIVE,NEGATIVE,NEGATIVE,True
R02760,NEGATIVE,NEGATIVE,NEGATIVE,NEGATIVE,True
R02761,MIXED,MIXED,NEUTRAL,MIXED,False
R02762,NEGATIVE,NEGATIVE,NEGATIVE,NEGATIVE,True
R02763,NEGATIVE,NEGATIVE,NEGATIVE,NEGATIVE,True
R02764,NEGATIVE,NEGATIVE,MIXED,NEGATIVE,False
R02765,NEGATIVE,MIXED,MIXED,MIXED,False
R02766,NEGATIVE,NEUTRAL,NEGATIVE,NEGATIVE,False
R02767,NEGATIVE,NEGATIVE,NEGATIVE,NEGATIVE,True
R02768,NEUTRAL,MIXED,MIXED,MIXED,False
R02769,NEGATIVE,NEGATIVE,NEGATIVE,NEGATIVE,True
R02770,NEUTRAL,NEUTRAL,POSITIVE,NEUTRAL,False
R02771,NEUTRAL,NEUTRAL,MIXED,NEUTRAL,False
R02772,NEGATIVE,NEGATIVE,NEGATIVE,NEGATIVE,True
R02773,NEUTRAL,MIXED,NEGATIVE,NO_MAJORITY,False
R02774,NEUTRAL,NEUTRAL,NEGATIVE,NEUTRAL,False
R02775,POSITIVE,POSITIVE,POSITIVE,POSITIVE,True
R02776,NEGATIVE,NEGATIVE,NEGATIVE,NEGATIVE,True
R02777,NEGATIVE,MIXED,MIXED,MIXED,False
R02778,NEGATIVE,MIXED,MIXED,MIXED,False
R02779,POSITIVE,POSITIVE,MIXED,POSITIVE,False
R02780,NEGATIVE,NEGATIVE,NEGATIVE,NEGATIVE,True
R02781,MIXED,MIXED,MIXED,MIXED,True
R02782,NEGATIVE,NEGATIVE,NEGATIVE,NEGATIVE,True
R02783,NEGATIVE,NEGATIVE,NEGATIVE,NEGATIVE,True
R02784,NEGATIVE,NEGATIVE,NEGATIVE,NEGATIVE,True
R02785,NEUTRAL,NEGATIVE,NEGATIVE,NEGATIVE,False
R02786,NEGATIVE,NEGATIVE,NEGATIVE,NEGATIVE,True
R02787,NEGATIVE,MIXED,NEGATIVE,NEGATIVE,False
R02788,NEGATIVE,NEGATIVE,NEGATIVE,NEGATIVE,True
R02789,NEGATIVE,MIXED,NEGATIVE,NEGATIVE,False
R02790,NEUTRAL,NEUTRAL,NEUTRAL,NEUTRAL,True
R02791,NEGATIVE,NEGATIVE,NEGATIVE,NEGATIVE,True
R02792,NEGATIVE,NEGATIVE,NEGATIVE,NEGATIVE,True
R02793,NEGATIVE,NEGATIVE,NEGATIVE,NEGATIVE,True
R02794,POSITIVE,POSITIVE,POSITIVE,POSITIVE,True
R02795,NEGATIVE,NEGATIVE,NEGATIVE,NEGATIVE,True
R02796,NEGATIVE,NEGATIVE,NEGATIVE,NEGATIVE,True
R02797,NEUTRAL,MIXED,MIXED,MIXED,False
R02798,MIXED,MIXED,MIXED,MIXED,True
R02799,POSITIVE,POSITIVE,POSITIVE,POSITIVE,True
R02800,NEGATIVE,NEGATIVE,NEGATIVE,NEGATIVE,True
R02801,NEGATIVE,NEGATIVE,NEGATIVE,NEGATIVE,True
R02802,MIXED,MIXED,MIXED,MIXED,True
R02803,NEGATIVE,NEGATIVE,NEGATIVE,NEGATIVE,True
R02804,MIXED,MIXED,MIXED,MIXED,True
R02805,NEUTRAL,NEGATIVE,NEUTRAL,NEUTRAL,False
R02806,POSITIVE,POSITIVE,POSITIVE,POSITIVE,True
R02807,NEUTRAL,NEGATIVE,MIXED,NO_MAJORITY,False
R02808,NEGATIVE,NEGATIVE,NEGATIVE,NEGATIVE,True
R02809,NEGATIVE,NEGATIVE,NEGATIVE,NEGATIVE,True
R02810,NEUTRAL,NEGATIVE,NEGATIVE,NEGATIVE,False
R02811,NEGATIVE,MIXED,MIXED,MIXED,False
R02812,NEGATIVE,NEGATIVE,NEGATIVE,NEGATIVE,True
R02813,NEUTRAL,NEGATIVE,NEGATIVE,NEGATIVE,False
R02814,NEGATIVE,NEGATIVE,NEGATIVE,NEGATIVE,True
R02815,NEGATIVE,NEGATIVE,NEGATIVE,NEGATIVE,True
R02816,NEGATIVE,MIXED,MIXED,MIXED,False
R02817,MIXED,POSITIVE,MIXED,MIXED,False
R02818,MIXED,MIXED,MIXED,MIXED,True
R02819,POSITIVE,POSITIVE,POSITIVE,POSITIVE,True
R02820,NEGATIVE,MIXED,NEGATIVE,NEGATIVE,False
R02821,POSITIVE,MIXED,POSITIVE,POSITIVE,False
R02822,NEUTRAL,MIXED,MIXED,MIXED,False
R02823,NEGATIVE,NEGATIVE,NEGATIVE,NEGATIVE,True
R02824,NEGATIVE,MIXED,MIXED,MIXED,False
R02825,NEUTRAL,NEUTRAL,NEUTRAL,NEUTRAL,True
R02826,NEUTRAL,MIXED,MIXED,MIXED,False
R02827,NEUTRAL,NEGATIVE,NEGATIVE,NEGATIVE,False
R02828,NEGATIVE,NEGATIVE,NEGATIVE,NEGATIVE,True
R02829,NEGATIVE,NEGATIVE,NEGATIVE,NEGATIVE,True
R02830,NEUTRAL,POSITIVE,NEUTRAL,NEUTRAL,False
R02831,NEGATIVE,NEGATIVE,NEGATIVE,NEGATIVE,True
R02832,NEGATIVE,NEGATIVE,NEGATIVE,NEGATIVE,True
R02833,NEGATIVE,NEGATIVE,NEGATIVE,NEGATIVE,True
R02834,NEUTRAL,MIXED,NEUTRAL,NEUTRAL,False
R02835,NEGATIVE,NEGATIVE,NEGATIVE,NEGATIVE,True
R02836,NEGATIVE,NEGATIVE,NEGATIVE,NEGATIVE,True
R02837,MIXED,NEGATIVE,MIXED,MIXED,False
R02838,NEGATIVE,NEGATIVE,NEGATIVE,NEGATIVE,True
R02839,POSITIVE,POSITIVE,MIXED,POSITIVE,False
R02840,NEUTRAL,NEUTRAL,MIXED,NEUTRAL,False
R02841,NEUTRAL,MIXED,MIXED,MIXED,False
R02842,MIXED,MIXED,MIXED,MIXED,True
R02843,NEGATIVE,NEGATIVE,MIXED,NEGATIVE,False
R02844,MIXED,NEGATIVE,MIXED,MIXED,False
R02845,NEUTRAL,NEGATIVE,NEGATIVE,NEGATIVE,False
R02846,NEGATIVE,NEGATIVE,NEGATIVE,NEGATIVE,True
R02847,MIXED,NEGATIVE,NEGATIVE,NEGATIVE,False
R02848,NEGATIVE,NEGATIVE,MIXED,NEGATIVE,False
R02849,NEUTRAL,NEUTRAL,NEUTRAL,NEUTRAL,True
R02850,NEGATIVE,NEGATIVE,NEGATIVE,NEGATIVE,True
R02851,NEGATIVE,NEGATIVE,NEGATIVE,NEGATIVE,True
R02852,POSITIVE,POSITIVE,POSITIVE,POSITIVE,True
R02853,MIXED,MIXED,MIXED,MIXED,True
R02854,NEGATIVE,NEGATIVE,NEGATIVE,NEGATIVE,True
R02855,NEGATIVE,NEGATIVE,NEGATIVE,NEGATIVE,True
R02856,NEGATIVE,NEUTRAL,NEGATIVE,NEGATIVE,False
R02857,NEGATIVE,NEGATIVE,NEGATIVE,NEGATIVE,True
R02858,NEGATIVE,NEGATIVE,NEGATIVE,NEGATIVE,True
R02859,NEGATIVE,NEGATIVE,NEGATIVE,NEGATIVE,True
R02860,NEGATIVE,NEGATIVE,NEGATIVE,NEGATIVE,True
R02861,POSITIVE,MIXED,MIXED,MIXED,False
R02862,MIXED,MIXED,MIXED,MIXED,True
R02863,MIXED,NEGATIVE,MIXED,MIXED,False
R02864,NEGATIVE,NEGATIVE,NEUTRAL,NEGATIVE,False
R02865,NEGATIVE,NEGATIVE,NEGATIVE,NEGATIVE,True
R02866,NEGATIVE,NEGATIVE,NEGATIVE,NEGATIVE,True
R02867,NEUTRAL,MIXED,MIXED,MIXED,False
R02868,NEGATIVE,MIXED,NEGATIVE,NEGATIVE,False
R02869,NEGATIVE,NEGATIVE,NEGATIVE,NEGATIVE,True
R02870,POSITIVE,POSITIVE,POSITIVE,POSITIVE,True
R02871,NEGATIVE,NEGATIVE,NEGATIVE,NEGATIVE,True
R02872,NEGATIVE,NEGATIVE,NEGATIVE,NEGATIVE,True
R02874,NEUTRAL,MIXED,NEGATIVE,NO_MAJORITY,False
R02875,NEGATIVE,NEGATIVE,NEGATIVE,NEGATIVE,True
R02876,NEGATIVE,NEGATIVE,NEGATIVE,NEGATIVE,True
R02877,NEGATIVE,NEGATIVE,NEGATIVE,NEGATIVE,True
R02878,MIXED,MIXED,MIXED,MIXED,True
R02879,POSITIVE,MIXED,POSITIVE,POSITIVE,False
R02880,NEGATIVE,NEGATIVE,NEGATIVE,NEGATIVE,True
R02881,NEGATIVE,NEGATIVE,NEGATIVE,NEGATIVE,True
R02882,MIXED,MIXED,MIXED,MIXED,True
R02883,NEGATIVE,NEGATIVE,NEGATIVE,NEGATIVE,True
R02884,MIXED,MIXED,MIXED,MIXED,True
R02885,MIXED,MIXED,MIXED,MIXED,True
R02886,MIXED,MIXED,MIXED,MIXED,True
R02887,NEGATIVE,NEGATIVE,NEGATIVE,NEGATIVE,True
R02888,NEUTRAL,NEUTRAL,NEUTRAL,NEUTRAL,True
R02889,NEUTRAL,MIXED,MIXED,MIXED,False
R02890,NEGATIVE,NEGATIVE,NEGATIVE,NEGATIVE,True
R02891,POSITIVE,MIXED,MIXED,MIXED,False
R02892,NEGATIVE,NEGATIVE,NEGATIVE,NEGATIVE,True
R02893,NEUTRAL,MIXED,NEGATIVE,NO_MAJORITY,False
R02894,NEUTRAL,NEUTRAL,MIXED,NEUTRAL,False
R02895,NEGATIVE,NEGATIVE,NEGATIVE,NEGATIVE,True
R02896,NEGATIVE,MIXED,NEGATIVE,NEGATIVE,False
R02897,POSITIVE,POSITIVE,POSITIVE,POSITIVE,True
R02898,NEUTRAL,NEGATIVE,NEGATIVE,NEGATIVE,False
R02899,NEGATIVE,NEGATIVE,NEGATIVE,NEGATIVE,True
R02900,NEGATIVE,NEGATIVE,NEGATIVE,NEGATIVE,True
R02901,MIXED,MIXED,NEGATIVE,MIXED,False
R02902,POSITIVE,POSITIVE,MIXED,POSITIVE,False
R02903,NEGATIVE,NEGATIVE,NEUTRAL,NEGATIVE,False
R02904,NEGATIVE,NEGATIVE,NEGATIVE,NEGATIVE,True
R02905,NEGATIVE,MIXED,NEGATIVE,NEGATIVE,False
R02906,POSITIVE,POSITIVE,POSITIVE,POSITIVE,True
R02907,NEGATIVE,NEGATIVE,NEGATIVE,NEGATIVE,True
R02908,NEGATIVE,NEGATIVE,NEGATIVE,NEGATIVE,True
R02909,NEGATIVE,NEGATIVE,NEGATIVE,NEGATIVE,True
R02910,NEUTRAL,NEGATIVE,NEUTRAL,NEUTRAL,False
R02911,NEGATIVE,NEGATIVE,NEGATIVE,NEGATIVE,True
R02912,POSITIVE,POSITIVE,POSITIVE,POSITIVE,True
R02913,NEUTRAL,NEUTRAL,NEUTRAL,NEUTRAL,True
R02914,NEGATIVE,NEGATIVE,NEGATIVE,NEGATIVE,True
R02915,NEGATIVE,NEGATIVE,NEGATIVE,NEGATIVE,True
R02916,NEUTRAL,NEUTRAL,NEUTRAL,NEUTRAL,True
R02917,NEGATIVE,NEGATIVE,NEGATIVE,NEGATIVE,True
R02918,NEGATIVE,NEGATIVE,NEGATIVE,NEGATIVE,True
R02919,MIXED,MIXED,MIXED,MIXED,True
R02920,NEGATIVE,NEGATIVE,NEGATIVE,NEGATIVE,True
R02921,NEGATIVE,NEGATIVE,NEGATIVE,NEGATIVE,True
R02922,POSITIVE,POSITIVE,POSITIVE,POSITIVE,True
R02923,NEGATIVE,NEGATIVE,NEGATIVE,NEGATIVE,True
R02925,NEGATIVE,NEGATIVE,NEGATIVE,NEGATIVE,True
R02926,NEGATIVE,NEGATIVE,NEGATIVE,NEGATIVE,True
R02927,NEGATIVE,NEGATIVE,NEGATIVE,NEGATIVE,True
R02928,POSITIVE,POSITIVE,POSITIVE,POSITIVE,True
R02929,NEGATIVE,NEGATIVE,MIXED,NEGATIVE,False
R02930,POSITIVE,NEGATIVE,MIXED,NO_MAJORITY,False
R02931,MIXED,MIXED,NEUTRAL,MIXED,False
R02932,NEUTRAL,NEGATIVE,NEUTRAL,NEUTRAL,False
R02933,POSITIVE,POSITIVE,POSITIVE,POSITIVE,True
R02934,NEUTRAL,MIXED,MIXED,MIXED,False
R02935,NEGATIVE,NEGATIVE,NEGATIVE,NEGATIVE,True
R02936,NEGATIVE,NEGATIVE,NEGATIVE,NEGATIVE,True
R02937,NEUTRAL,NEUTRAL,POSITIVE,NEUTRAL,False
R02938,NEGATIVE,NEGATIVE,NEGATIVE,NEGATIVE,True
R02939,NEGATIVE,NEGATIVE,NEGATIVE,NEGATIVE,True
R02940,NEUTRAL,POSITIVE,POSITIVE,POSITIVE,False
R02941,NEGATIVE,NEGATIVE,NEGATIVE,NEGATIVE,True
R02942,MIXED,MIXED,MIXED,MIXED,True
R02943,NEGATIVE,NEGATIVE,NEGATIVE,NEGATIVE,True
R02944,MIXED,MIXED,MIXED,MIXED,True
R02945,POSITIVE,POSITIVE,POSITIVE,POSITIVE,True
R02946,MIXED,MIXED,MIXED,MIXED,True
R02947,NEUTRAL,NEGATIVE,NEGATIVE,NEGATIVE,False
R02948,NEGATIVE,NEGATIVE,NEGATIVE,NEGATIVE,True
R02949,POSITIVE,MIXED,MIXED,MIXED,False
R02950,NEUTRAL,MIXED,NEUTRAL,NEUTRAL,False
R02951,MIXED,MIXED,NEGATIVE,MIXED,False
R02952,NEGATIVE,NEGATIVE,NEGATIVE,NEGATIVE,True
R02953,NEGATIVE,NEGATIVE,MIXED,NEGATIVE,False
R02954,NEGATIVE,NEGATIVE,MIXED,NEGATIVE,False
R02955,MIXED,MIXED,MIXED,MIXED,True
R02956,POSITIVE,POSITIVE,POSITIVE,POSITIVE,True
R02957,POSITIVE,NEUTRAL,NEUTRAL,NEUTRAL,False
R02958,NEGATIVE,NEGATIVE,NEGATIVE,NEGATIVE,True
R02959,NEGATIVE,NEGATIVE,NEGATIVE,NEGATIVE,True
R02960,NEGATIVE,NEGATIVE,NEGATIVE,NEGATIVE,True
R02961,NEGATIVE,NEGATIVE,NEGATIVE,NEGATIVE,True
R02962,NEGATIVE,MIXED,MIXED,MIXED,False
R02963,MIXED,MIXED,MIXED,MIXED,True
R02964,NEGATIVE,NEGATIVE,NEGATIVE,NEGATIVE,True
R02965,NEGATIVE,NEGATIVE,NEGATIVE,NEGATIVE,True
R02966,NEUTRAL,MIXED,MIXED,MIXED,False
R02967,NEGATIVE,NEGATIVE,NEGATIVE,NEGATIVE,True
R02968,POSITIVE,POSITIVE,POSITIVE,POSITIVE,True
R02969,NEGATIVE,NEGATIVE,NEGATIVE,NEGATIVE,True
R02970,NEGATIVE,MIXED,NEGATIVE,NEGATIVE,False
R02971,MIXED,MIXED,MIXED,MIXED,True
R02972,NEGATIVE,NEGATIVE,NEGATIVE,NEGATIVE,True
R02973,NEGATIVE,NEGATIVE,NEUTRAL,NEGATIVE,False
R02974,POSITIVE,POSITIVE,POSITIVE,POSITIVE,True
R02975,POSITIVE,POSITIVE,POSITIVE,POSITIVE,True
R02976,NEUTRAL,POSITIVE,POSITIVE,POSITIVE,False
R02977,NEGATIVE,NEGATIVE,NEGATIVE,NEGATIVE,True
R02978,NEGATIVE,NEGATIVE,NEGATIVE,NEGATIVE,True
R02979,NEGATIVE,NEGATIVE,NEGATIVE,NEGATIVE,True
R02980,NEGATIVE,NEGATIVE,MIXED,NEGATIVE,False
R02981,POSITIVE,POSITIVE,MIXED,POSITIVE,False
R02982,POSITIVE,POSITIVE,POSITIVE,POSITIVE,True
R02983,NEUTRAL,NEUTRAL,NEUTRAL,NEUTRAL,True
R02984,POSITIVE,MIXED,POSITIVE,POSITIVE,False
R02985,POSITIVE,POSITIVE,POSITIVE,POSITIVE,True
R02986,NEGATIVE,NEGATIVE,NEGATIVE,NEGATIVE,True
R02987,NEGATIVE,MIXED,MIXED,MIXED,False
R02988,POSITIVE,MIXED,MIXED,MIXED,False
R02989,MIXED,MIXED,MIXED,MIXED,True
R02990,NEUTRAL,NEUTRAL,NEUTRAL,NEUTRAL,True
R02991,NEGATIVE,NEGATIVE,NEGATIVE,NEGATIVE,True
R02992,POSITIVE,POSITIVE,POSITIVE,POSITIVE,True
R02993,NEGATIVE,NEGATIVE,MIXED,NEGATIVE,False
R02994,NEGATIVE,MIXED,NEGATIVE,NEGATIVE,False
R02995,MIXED,MIXED,MIXED,MIXED,True
R02996,NEGATIVE,MIXED,NEGATIVE,NEGATIVE,False
R02997,NEGATIVE,NEGATIVE,NEGATIVE,NEGATIVE,True
R02998,NEGATIVE,NEGATIVE,NEGATIVE,NEGATIVE,True
R02999,MIXED,MIXED,MIXED,MIXED,True
R03000,NEGATIVE,NEGATIVE,MIXED,NEGATIVE,False
R03001,NEGATIVE,MIXED,MIXED,MIXED,False
R03002,NEGATIVE,NEGATIVE,NEGATIVE,NEGATIVE,True
R03003,NEGATIVE,NEGATIVE,NEGATIVE,NEGATIVE,True
R03004,NEGATIVE,NEUTRAL,NEUTRAL,NEUTRAL,False
R03005,NEUTRAL,NEGATIVE,NEGATIVE,NEGATIVE,False
R03006,NEGATIVE,NEGATIVE,NEGATIVE,NEGATIVE,True
R03007,POSITIVE,MIXED,POSITIVE,POSITIVE,False
R03008,NEGATIVE,NEGATIVE,NEGATIVE,NEGATIVE,True
R03009,NEGATIVE,NEGATIVE,NEGATIVE,NEGATIVE,True
R03010,NEGATIVE,NEGATIVE,NEGATIVE,NEGATIVE,True
R03011,NEGATIVE,NEGATIVE,NEGATIVE,NEGATIVE,True
R03012,NEGATIVE,MIXED,NEGATIVE,NEGATIVE,False
R03013,NEGATIVE,POSITIVE,POSITIVE,POSITIVE,False
