item_id,y,pred,p_neg,p_neu,p_pos
17468961,2,0,0.556,0.39426,0.04973
14943400,0,0,0.98657,0.01264,0.00079
40833191,2,2,0.00268,0.01284,0.98448
14181328,2,2,0.00943,0.02838,0.96218
16056610,2,2,0.00221,0.02029,0.97751
28241896,2,0,0.74076,0.25401,0.00523
9219353,2,2,0.00223,0.02685,0.97092
5434374,2,2,0.00525,0.03995,0.9548
4254859,2,2,0.00478,0.02459,0.97063
4368701,1,1,0.2061,0.73497,0.05893
27511120,2,2,0.01008,0.03142,0.9585
14600812,2,2,0.00386,0.03608,0.96006
34344179,0,0,0.98473,0.0134,0.00187
29052966,2,2,0.00532,0.07186,0.92282
30386139,2,2,0.00395,0.0292,0.96685
30643692,2,2,0.00488,0.02078,0.97434
5019601,2,2,0.00124,0.00706,0.99171
35013721,2,2,0.00251,0.01611,0.98138
16138625,1,1,0.15081,0.79098,0.0582
40119114,2,2,0.00128,0.00658,0.99214
21268820,2,2,0.00347,0.01884,0.97769
29564763,0,0,0.92796,0.06922,0.00282
27941441,2,2,0.00575,0.0265,0.96774
11939488,1,0,0.74147,0.25425,0.00427
33886871,2,2,0.00213,0.00863,0.98924
34185084,2,2,0.00209,0.01118,0.98673
5165226,1,1,0.13672,0.50797,0.35531
1161777,2,2,0.01371,0.20788,0.77841
5733237,2,2,0.00193,0.01217,0.9859
29182602,2,2,0.00203,0.00786,0.9901
27382055,2,2,0.19654,0.18975,0.61371
32536548,2,2,0.00123,0.00966,0.98911
19668870,2,2,0.00573,0.08942,0.90485
26915332,2,2,0.17343,0.15915,0.66742
25881937,2,2,0.00221,0.01781,0.97998
40959663,2,1,0.03133,0.68052,0.28815
12785175,2,2,0.00261,0.02363,0.97376
26625403,0,0,0.98662,0.01153,0.00185
22819922,2,2,0.002,0.00897,0.98903
31740524,2,2,0.03889,0.10326,0.85785
35601588,2,2,0.00389,0.04372,0.95238
31323560,0,1,0.43452,0.54077,0.02471
1875697,2,2,0.00118,0.00679,0.99203
14882749,2,2,0.00308,0.01391,0.98301
38096659,2,2,0.00196,0.01393,0.98411
15411161,1,2,0.005,0.05738,0.93762
14681701,2,2,0.00363,0.03609,0.96028
17067467,2,2,0.003,0.03972,0.95728
4032664,2,2,0.00273,0.04013,0.95714
38675995,0,0,0.7439,0.23045,0.02565
6314684,2,2,0.00288,0.03368,0.96344
13710473,2,2,0.00179,0.01101,0.9872
7384757,2,2,0.00253,0.01014,0.98733
6253190,2,2,0.00498,0.03024,0.96478
5501933,2,2,0.00156,0.00786,0.99057
8603573,2,2,0.00394,0.01704,0.97902
27693434,2,2,0.00143,0.01696,0.98161
11050447,0,0,0.63819,0.32851,0.0333
29340735,2,2,0.00381,0.01841,0.97778
33354787,2,1,0.26023,0.61219,0.12757
5948155,2,2,0.00389,0.11671,0.8794
2028644,2,2,0.2068,0.1379,0.6553
6211147,2,2,0.00115,0.00436,0.99449
22976441,1,0,0.9402,0.05685,0.00295
21969147,0,0,0.98146,0.01742,0.00111
39432896,2,2,0.00359,0.03045,0.96596
1043799,2,2,0.00156,0.0085,0.98994
15163417,2,2,0.00179,0.01063,0.98758
10404293,0,0,0.87533,0.11986,0.00481
22645869,1,1,0.02328,0.827,0.14973
27835424,0,0,0.86145,0.13524,0.00331
14818041,2,2,0.00615,0.02232,0.97153
35696991,2,2,0.00756,0.06197,0.93046
40240036,2,2,0.00436,0.02332,0.97232
11567706,2,2,0.3052,0.26672,0.42809
37973817,2,2,0.00154,0.00513,0.99333
34087063,0,0,0.93995,0.05438,0.00568
40249406,2,2,0.00276,0.01319,0.98405
16777221,2,2,0.00377,0.01513,0.9811
14649349,2,2,0.0051,0.02384,0.97106
18969660,2,0,0.69758,0.29307,0.00935
7307831,2,2,0.00273,0.0244,0.97286
3929960,2,2,0.00146,0.01,0.98854
34706787,2,2,0.00182,0.02374,0.97444
4556496,1,0,0.98923,0.00836,0.00241
39350036,2,2,0.00426,0.06178,0.93396
968126,2,2,0.00175,0.01546,0.98279
7528164,2,2,0.00132,0.007,0.99168
26866894,2,2,0.00122,0.00385,0.99493
19115550,2,2,0.00435,0.02575,0.9699
37412483,1,2,0.03903,0.36457,0.5964
28269330,2,2,0.00293,0.01642,0.98065
30878257,2,1,0.16112,0.81824,0.02064
41440891,0,0,0.98691,0.01176,0.00133
31357659,2,2,0.00163,0.02495,0.97342
35843859,2,2,0.00136,0.00857,0.99008
20785967,2,2,0.00422,0.02517,0.97061
144801,0,0,0.99155,0.00731,0.00114
14120459,2,2,0.00619,0.01605,0.97776
34921366,2,2,0.0052,0.03424,0.96055
38420536,2,2,0.00101,0.00706,0.99193
24642212,2,2,0.0088,0.05101,0.94019
8533712,2,2,0.01646,0.34641,0.63714
12034206,2,2,0.00161,0.00988,0.98851
27643626,2,2,0.01443,0.35241,0.63316
457624,2,2,0.01049,0.16872,0.82079
18862048,2,2,0.00175,0.00513,0.99312
39353663,0,0,0.95838,0.03852,0.0031
35351229,2,2,0.00343,0.03133,0.96524
3049473,2,2,0.00122,0.00722,0.99156
11968784,2,2,0.00231,0.00599,0.9917
34814810,2,2,0.00328,0.02792,0.9688
31618690,2,2,0.01719,0.34265,0.64016
26981496,2,2,0.01444,0.0496,0.93596
23214273,2,2,0.00309,0.0123,0.98462
35203309,2,2,0.00131,0.01136,0.98733
17778875,1,0,0.94933,0.04924,0.00143
14613541,2,2,0.00193,0.01236,0.98571
38487183,2,2,0.01004,0.04325,0.94671
2625077,2,1,0.02734,0.59376,0.3789
27088679,2,2,0.0235,0.11523,0.86127
25008769,2,2,0.00146,0.00966,0.98888
29635539,2,2,0.00546,0.0318,0.96273
11670965,2,2,0.00122,0.00711,0.99167
11913448,2,2,0.01572,0.31077,0.67351
21174636,2,2,0.00289,0.01586,0.98125
8705811,0,0,0.95654,0.04134,0.00213
21333641,2,2,0.00682,0.04204,0.95114
22830943,2,2,0.00158,0.01325,0.98517
30403795,2,2,0.00142,0.00824,0.99034
32451486,2,2,0.00264,0.01355,0.98381
3432744,0,1,0.3849,0.48466,0.13044
19069803,2,2,0.00681,0.01313,0.98005
9681683,1,0,0.8693,0.12721,0.0035
34886942,2,2,0.00338,0.01451,0.98211
38451572,2,2,0.00294,0.02819,0.96887
37037353,2,2,0.00268,0.01339,0.98393
26897536,1,1,0.09848,0.88032,0.02119
21424789,2,2,0.00142,0.006,0.99258
11596325,0,0,0.55837,0.43148,0.01015
17423442,1,1,0.31332,0.60868,0.07799
41628812,2,2,0.00105,0.01237,0.98658
37575752,2,2,0.00143,0.00505,0.99352
14531226,2,2,0.02853,0.39388,0.57759
31428670,2,2,0.00135,0.0094,0.98925
29818197,2,2,0.00126,0.00498,0.99377
274130,0,0,0.91063,0.08421,0.00517
17616384,2,1,0.34075,0.51553,0.14372
18495923,2,2,0.0019,0.01305,0.98505
10193670,2,2,0.00748,0.02866,0.96387
27578228,2,2,0.00289,0.01424,0.98287
14595021,2,2,0.00122,0.00423,0.99455
16772254,2,2,0.01548,0.09182,0.8927
41561068,2,2,0.00123,0.01158,0.98719
11362309,2,2,0.00633,0.03991,0.95376
18406546,2,2,0.01097,0.11759,0.87144
24102504,2,2,0.00216,0.00954,0.9883
16258782,2,2,0.00126,0.00517,0.99357
18354205,2,2,0.00112,0.00818,0.9907
5326004,2,2,0.00209,0.0134,0.98451
40678507,2,2,0.00216,0.01226,0.98558
425126,2,2,0.00158,0.00863,0.98979
33161848,2,2,0.00639,0.0073,0.98631
38843432,2,2,0.04056,0.15741,0.80203
41424209,2,2,0.0049,0.01607,0.97902
34546287,0,2,0.00391,0.00982,0.98627
23976764,2,1,0.02523,0.63059,0.34419
14734783,0,0,0.58885,0.40471,0.00644
17380410,2,2,0.00368,0.05156,0.94476
1240878,2,2,0.00707,0.09577,0.89716
722948,0,1,0.20983,0.76155,0.02862
3399235,2,2,0.00171,0.01131,0.98698
29187644,2,2,0.00332,0.01692,0.97976
25541288,2,2,0.00707,0.03748,0.95545
9944076,2,2,0.00209,0.01377,0.98415
27457124,2,2,0.00422,0.02517,0.97061
20922851,2,2,0.00441,0.04237,0.95321
27425012,2,2,0.00109,0.00763,0.99128
9280908,2,2,0.00233,0.0135,0.98417
19627278,2,2,0.08483,0.1591,0.75607
15687438,2,2,0.0024,0.01289,0.98471
9688851,2,2,0.00128,0.00595,0.99277
23556851,2,1,0.02488,0.74448,0.23063
5276897,2,2,0.0026,0.01221,0.98519
40782473,2,2,0.00254,0.01843,0.97903
16342921,2,2,0.0029,0.01183,0.98527
28271337,2,2,0.00253,0.02231,0.97515
41316104,1,1,0.07606,0.88933,0.03462
1360416,0,1,0.31679,0.61783,0.06537
31780294,2,2,0.00218,0.01481,0.98301
17531091,2,2,0.00401,0.01536,0.98063
32377608,2,1,0.18164,0.79209,0.02627
3817895,2,2,0.00146,0.01176,0.98678
26670549,2,2,0.00787,0.23817,0.75396
23625810,1,1,0.27096,0.7111,0.01794
34343298,2,2,0.00607,0.03526,0.95867
39939191,0,0,0.9787,0.02033,0.00096
15718855,2,2,0.00283,0.01966,0.9775
23446066,2,2,0.29416,0.31822,0.38762
17451154,2,2,0.00136,0.007,0.99164
3815494,2,2,0.01793,0.07682,0.90526
21151502,2,2,0.00145,0.00653,0.99202
40673425,2,2,0.0013,0.00728,0.99143
15794661,2,2,0.00484,0.0295,0.96566
14202968,1,0,0.87073,0.12087,0.0084
23294710,2,2,0.00126,0.0059,0.99284
25445788,2,2,0.00273,0.01121,0.98606
6660131,2,2,0.00142,0.00711,0.99147
25865776,2,2,0.00142,0.00643,0.99215
3720255,0,0,0.98396,0.01494,0.0011
16662244,2,2,0.00147,0.00863,0.9899
13322120,2,2,0.00241,0.0257,0.97189
32734749,2,2,0.00224,0.00521,0.99255
34287494,2,2,0.00437,0.05091,0.94472
16866366,2,2,0.00107,0.01004,0.98889
34622773,2,2,0.00143,0.01891,0.97966
30741449,2,1,0.03923,0.53735,0.42342
40775923,2,1,0.1466,0.82249,0.03091
39637564,2,2,0.00497,0.01783,0.9772
1205427,2,2,0.00225,0.01464,0.98311
11880206,2,1,0.08535,0.70628,0.20837
12784896,2,2,0.00366,0.02828,0.96806
9947705,2,2,0.06674,0.26707,0.66619
25454014,0,0,0.9793,0.01978,0.00092
14348029,0,0,0.95016,0.04142,0.00842
27717982,2,2,0.00151,0.00936,0.98913
11371620,1,2,0.02593,0.05983,0.91423
35043163,0,0,0.70321,0.2886,0.00819
37361241,2,0,0.88054,0.11505,0.00441
23830381,0,0,0.71544,0.23918,0.04538
36842971,2,2,0.00342,0.03347,0.96311
18980748,2,2,0.00142,0.00911,0.98947
3058468,2,2,0.00339,0.01147,0.98514
11418898,1,1,0.07286,0.90077,0.02636
39249123,2,2,0.00118,0.00564,0.99318
6366131,2,2,0.007,0.04648,0.94651
14153736,0,0,0.96683,0.03066,0.00251
15181976,2,2,0.00144,0.0087,0.98986
9005262,2,2,0.00209,0.02615,0.97176
17000655,2,2,0.00478,0.04088,0.95434
30388366,0,0,0.89632,0.10135,0.00233
36712640,0,1,0.055,0.87395,0.07104
41193844,2,1,0.13743,0.48533,0.37724
15785949,2,2,0.00656,0.03426,0.95917
29869831,2,2,0.00123,0.00811,0.99065
20703224,2,2,0.00501,0.11204,0.88295
2998082,2,2,0.00111,0.00482,0.99407
28867641,2,2,0.00428,0.01146,0.98426
20029658,2,2,0.00226,0.01212,0.98562
6937950,0,0,0.99053,0.00854,0.00093
15502102,2,2,0.00166,0.0078,0.99054
17788097,2,2,0.00171,0.00817,0.99011
35632342,2,2,0.04448,0.06916,0.88637
39843212,2,2,0.00212,0.01377,0.98411
38065588,1,1,0.05289,0.72444,0.22267
23647863,0,0,0.98945,0.00915,0.0014
1707984,2,2,0.00249,0.01038,0.98713
21056213,1,0,0.78593,0.20988,0.00419
1494052,2,2,0.00218,0.01481,0.98301
26867465,0,0,0.95745,0.04036,0.00219
15236983,2,2,0.00103,0.00534,0.99364
33883297,2,2,0.01091,0.10851,0.88058
35283714,2,2,0.00251,0.01649,0.981
8872802,2,2,0.00242,0.01967,0.9779
31491237,2,2,0.00169,0.00837,0.98995
30470310,2,2,0.00285,0.01288,0.98426
39603345,2,2,0.00253,0.05302,0.94445
1127906,2,2,0.01211,0.19021,0.79768
6264067,2,2,0.00315,0.02344,0.97342
46319,0,0,0.98616,0.01271,0.00114
25852248,2,2,0.15321,0.38218,0.46461
18907982,0,0,0.98459,0.01441,0.001
9683421,2,2,0.00308,0.01391,0.98301
5902346,2,1,0.02219,0.764,0.21382
30879184,0,0,0.96276,0.03546,0.00177
29432886,0,0,0.73453,0.2619,0.00356
24541911,1,0,0.79972,0.15481,0.04547
20462785,2,2,0.01219,0.1975,0.79032
35169866,2,2,0.00418,0.02056,0.97526
40142938,2,2,0.00334,0.01201,0.98465
23344430,2,2,0.00122,0.00633,0.99245
22251415,2,2,0.0012,0.00658,0.99222
15197792,1,1,0.03306,0.66408,0.30285
7139166,2,2,0.01159,0.16341,0.82501
17160392,0,0,0.82348,0.16993,0.00659
13024096,2,2,0.00299,0.0136,0.98342
14835236,2,2,0.00281,0.02598,0.9712
16952602,0,0,0.98628,0.01166,0.00206
20116251,2,2,0.00553,0.03541,0.95906
6879685,2,2,0.00158,0.01399,0.98444
35146780,2,2,0.00386,0.02121,0.97493
36245944,2,2,0.00118,0.0087,0.99012
6568884,0,0,0.55195,0.44005,0.008
39982507,2,1,0.03185,0.51806,0.45009
4039590,1,2,0.00373,0.02406,0.97221
25817978,2,2,0.00425,0.03326,0.96249
2592558,2,2,0.00218,0.01453,0.98329
31398265,2,2,0.12175,0.09669,0.78157
3403573,0,0,0.94507,0.05332,0.00161
28594061,1,2,0.00516,0.05736,0.93749
20284293,2,2,0.03232,0.15972,0.80796
11947251,2,1,0.42664,0.55212,0.02124
33424663,2,2,0.00207,0.00623,0.9917
26813000,2,2,0.00839,0.05179,0.93982
18838008,2,2,0.00304,0.01298,0.98398
30229099,0,0,0.49877,0.49104,0.01019
5080260,2,2,0.00124,0.00706,0.99171
32680538,2,2,0.00518,0.02217,0.97264
16995728,2,2,0.00614,0.03932,0.95454
17054268,2,2,0.00132,0.00684,0.99184
13066321,2,2,0.00125,0.01246,0.98629
32524331,2,2,0.00134,0.00757,0.9911
2565192,2,2,0.00898,0.06076,0.93026
34381246,2,2,0.00151,0.0089,0.98959
9117467,2,2,0.00179,0.01236,0.98585
16359422,2,2,0.01647,0.165,0.81853
22496751,1,0,0.74888,0.24503,0.00609
29862587,2,2,0.00356,0.02406,0.97238
26605889,2,2,0.00315,0.02291,0.97395
19006438,2,2,0.00503,0.05182,0.94315
14680615,2,2,0.06026,0.1999,0.73984
40758927,2,2,0.18518,0.30353,0.5113
17537791,2,2,0.00422,0.02517,0.97061
14944593,1,0,0.76596,0.22553,0.00851
34789581,1,1,0.08111,0.84027,0.07862
30933059,2,2,0.00351,0.02361,0.97288
39895772,0,0,0.87136,0.12167,0.00697
27045431,0,0,0.98896,0.01028,0.00076
2657427,2,2,0.06388,0.25465,0.68147
19028481,2,2,0.00124,0.00745,0.99131
41146434,2,2,0.00256,0.0125,0.98495
12305071,2,2,0.00279,0.018,0.9792
23912175,2,2,0.00185,0.01203,0.98612
40035668,0,0,0.83959,0.1541,0.00631
1922846,2,2,0.00187,0.01285,0.98528
39229768,2,2,0.04179,0.39031,0.5679
35604195,1,1,0.256,0.71517,0.02883
3323397,2,2,0.00109,0.0069,0.99201
25806689,2,2,0.00522,0.03086,0.96392
36667821,2,2,0.00236,0.01714,0.98051
9759028,2,2,0.00256,0.01038,0.98705
4531530,2,2,0.01954,0.31289,0.66758
9189854,2,2,0.00132,0.00628,0.9924
15981989,2,2,0.00674,0.03908,0.95418
26905573,2,2,0.01136,0.08592,0.90272
33956819,0,0,0.95351,0.04512,0.00137
32647189,2,1,0.02719,0.70668,0.26614
22270746,0,0,0.98868,0.01036,0.00096
12389277,0,1,0.47967,0.51061,0.00972
27761623,2,2,0.00411,0.03655,0.95934
23503334,2,0,0.55472,0.42866,0.01662
39111649,0,1,0.06305,0.72156,0.21539
15782833,2,2,0.00276,0.01397,0.98327
26255402,2,2,0.0012,0.00887,0.98993
18457246,2,2,0.00137,0.01251,0.98612
21352340,2,1,0.21075,0.71157,0.07768
17980037,2,2,0.00145,0.00638,0.99218
3506448,2,2,0.00312,0.01739,0.97949
10497156,2,2,0.00252,0.01161,0.98587
4177633,2,1,0.03359,0.7646,0.20181
3993353,2,2,0.00249,0.00716,0.99035
11725281,2,2,0.00321,0.03406,0.96273
34471407,2,2,0.00158,0.00954,0.98887
2548129,2,2,0.00163,0.00969,0.98867
28171137,2,2,0.01026,0.09458,0.89516
27485992,2,2,0.00174,0.02447,0.97379
3907331,1,1,0.04092,0.81555,0.14353
29114958,2,2,0.00372,0.02646,0.96982
27119220,2,2,0.00213,0.01015,0.98772
28409332,2,2,0.00328,0.01211,0.98461
14937884,2,2,0.00324,0.02592,0.97084
15840662,2,2,0.00313,0.01313,0.98374
30996419,2,2,0.00225,0.01557,0.98218
17204856,2,2,0.0014,0.00763,0.99097
5502107,2,2,0.00149,0.00706,0.99145
360077,2,1,0.06067,0.78071,0.15861
18145960,2,2,0.00352,0.02065,0.97583
33582758,2,2,0.00422,0.02517,0.97061
16271751,2,2,0.00294,0.01491,0.98215
13789532,2,2,0.01172,0.028,0.96029
20169459,1,1,0.11932,0.87137,0.00931
21650520,2,2,0.00222,0.01569,0.98209
28725212,2,2,0.00714,0.11454,0.87832
3604161,2,1,0.03213,0.86854,0.09932
6155406,2,2,0.01217,0.28033,0.7075
16647273,2,2,0.00544,0.10798,0.88658
35565128,2,2,0.00376,0.03278,0.96347
34620745,0,0,0.73605,0.23161,0.03234
15113868,2,2,0.00215,0.02953,0.96832
30517393,2,2,0.00629,0.08881,0.9049
17660544,2,2,0.03812,0.30696,0.65492
10766681,2,2,0.00134,0.00787,0.9908
34954323,2,1,0.02303,0.6627,0.31426
3584016,1,2,0.00125,0.00775,0.991
10829977,2,1,0.26658,0.70784,0.02558
41021564,0,0,0.9896,0.00926,0.00114
14698728,2,2,0.00356,0.02499,0.97145
17745194,2,2,0.00627,0.06343,0.9303
41000032,2,2,0.00672,0.0557,0.93757
30855996,2,1,0.20617,0.53529,0.25853
27996618,2,2,0.00241,0.01113,0.98646
16298600,0,0,0.55173,0.43645,0.01181
26367585,0,0,0.88695,0.10449,0.00856
15678690,0,0,0.78337,0.19424,0.0224
37337269,2,2,0.00174,0.00786,0.9904
16594086,2,2,0.00422,0.02517,0.97061
28289985,2,2,0.00154,0.00768,0.99078
10856737,2,2,0.00146,0.00962,0.98892
40589513,2,2,0.00359,0.01673,0.97969
18585651,2,2,0.00875,0.15322,0.83804
18526859,2,2,0.00131,0.00951,0.98918
18739808,2,2,0.00152,0.00633,0.99216
23831348,2,1,0.02832,0.67545,0.29624
24430631,2,2,0.00282,0.01038,0.98681
29344533,2,2,0.00404,0.02194,0.97401
41541370,0,0,0.57965,0.40466,0.01569
35380589,2,2,0.00154,0.00529,0.99317
23611705,2,2,0.00139,0.01735,0.98126
17870882,2,1,0.03754,0.73073,0.23174
24961259,2,2,0.00314,0.01147,0.98539
11087083,0,0,0.9905,0.00815,0.00136
34365478,2,2,0.00295,0.02643,0.97062
38467472,2,2,0.00151,0.01131,0.98718
28319156,2,2,0.00695,0.03951,0.95354
29033711,0,0,0.8799,0.11187,0.00823
5629571,2,2,0.00194,0.00836,0.9897
23770446,2,2,0.00233,0.01055,0.98712
37857541,2,2,0.00169,0.00805,0.99026
17028375,2,2,0.01708,0.23948,0.74344
27644432,2,2,0.00194,0.00792,0.99014
7840339,1,0,0.96229,0.03529,0.00242
27573420,2,2,0.00628,0.104,0.88971
19125743,2,1,0.02273,0.77066,0.20661
34098239,2,0,0.99095,0.00815,0.0009
35990365,2,2,0.03486,0.22556,0.73958
13532551,2,2,0.00457,0.05289,0.94254
15532756,2,2,0.0012,0.00695,0.99185
21111203,2,2,0.00172,0.00529,0.99299
39467176,2,1,0.0488,0.86843,0.08277
14377457,2,2,0.00224,0.00632,0.99144
16777982,1,2,0.0265,0.27936,0.69414
11630286,2,2,0.00203,0.00856,0.98941
25657357,0,1,0.39513,0.57942,0.02546
20376840,0,0,0.98042,0.01817,0.00141
18315184,2,2,0.00123,0.01163,0.98714
20512680,0,1,0.08991,0.88787,0.02223
37192683,1,1,0.29417,0.59308,0.11275
37504454,2,2,0.00476,0.02906,0.96618
33394936,0,1,0.32688,0.45205,0.22107
36667516,2,2,0.00202,0.01487,0.98311
16443441,2,1,0.31791,0.66779,0.0143
40386578,0,1,0.07138,0.78566,0.14296
8712993,2,2,0.00171,0.01153,0.98676
36807830,2,2,0.00166,0.00745,0.99089
36943955,2,2,0.00395,0.01307,0.98298
32978182,0,0,0.85172,0.14345,0.00483
5520406,2,2,0.02934,0.28716,0.6835
18741568,0,0,0.98647,0.01223,0.00131
39434373,0,0,0.88414,0.11373,0.00212
34007771,0,0,0.90099,0.09496,0.00404
9600194,2,2,0.00243,0.01908,0.9785
34483431,2,1,0.07284,0.80482,0.12234
26226746,2,2,0.00158,0.00824,0.99018
31201425,2,2,0.00147,0.00717,0.99137
5817353,2,2,0.00782,0.19406,0.79811
40603106,2,2,0.00192,0.00482,0.99326
12188466,1,1,0.07053,0.80093,0.12853
2602064,2,2,0.14836,0.31841,0.53323
14839567,2,2,0.01121,0.08452,0.90428
1509185,2,2,0.00987,0.12856,0.86156
25343713,2,2,0.00301,0.03753,0.95946
38902753,2,2,0.0019,0.01227,0.98583
16120717,2,2,0.00213,0.02293,0.97494
9669006,2,2,0.00124,0.006,0.99277
7919063,2,2,0.00508,0.02745,0.96748
23197572,0,0,0.99023,0.00891,0.00086
8927255,2,2,0.00482,0.01769,0.97749
39090800,2,2,0.00584,0.02795,0.96621
17536730,2,2,0.00168,0.01185,0.98647
10461042,2,1,0.028,0.52012,0.45188
36314353,2,2,0.00139,0.01172,0.98689
36972702,2,2,0.00323,0.0144,0.98237
29819818,2,2,0.01511,0.26262,0.72228
25314651,2,2,0.00593,0.01208,0.98199
6239308,2,2,0.0049,0.01722,0.97788
16621378,2,0,0.64165,0.33288,0.02547
33956766,0,0,0.99244,0.00546,0.0021
39357959,0,0,0.96138,0.03605,0.00258
14997153,2,2,0.00596,0.03717,0.95686
8249571,0,0,0.6586,0.33116,0.01024
10823668,2,2,0.00164,0.00711,0.99125
24956241,0,0,0.98812,0.01102,0.00086
4896265,2,2,0.00547,0.01511,0.97942
17017165,2,2,0.00851,0.02313,0.96836
19119630,2,2,0.01487,0.3069,0.67823
4205396,2,2,0.00558,0.16683,0.8276
36661035,2,2,0.01486,0.07313,0.91201
19516698,0,0,0.6466,0.3461,0.0073
17234800,2,2,0.00252,0.01314,0.98434
33187940,2,2,0.03753,0.14736,0.81511
32093239,2,2,0.0023,0.01171,0.986
12980746,2,2,0.00356,0.02406,0.97238
30875557,0,0,0.93952,0.05585,0.00463
10160442,2,2,0.00256,0.01046,0.98697
735237,2,1,0.33696,0.56873,0.09431
29811035,2,2,0.00237,0.01096,0.98667
18163490,0,0,0.98896,0.00981,0.00123
24854151,0,0,0.98192,0.0165,0.00157
30206244,2,2,0.14323,0.16811,0.68866
27925352,2,2,0.01286,0.09936,0.88777
20435831,0,0,0.98799,0.00809,0.00391
22935207,2,2,0.00414,0.04437,0.95149
16814630,0,0,0.73575,0.25827,0.00598
6959746,2,2,0.00149,0.00962,0.98889
4575643,2,2,0.01611,0.0177,0.96619
15875276,2,2,0.14146,0.15266,0.70588
8701916,0,0,0.96524,0.03192,0.00284
4254768,2,1,0.12546,0.85905,0.01549
40638633,1,1,0.05913,0.73166,0.20921
7818923,2,0,0.83038,0.1337,0.03592
3565427,1,0,0.67881,0.31568,0.00552
7646884,0,0,0.96244,0.03375,0.00381
37946011,2,2,0.00213,0.01084,0.98704
3999492,2,2,0.0067,0.01419,0.97911
22488044,2,2,0.00359,0.01731,0.9791
38834532,1,1,0.02381,0.5859,0.39029
5386521,2,2,0.00334,0.01165,0.98501
28338412,0,0,0.96673,0.03024,0.00303
40403507,2,0,0.44535,0.34346,0.21119
11372256,2,2,0.00515,0.0429,0.95194
24598861,2,2,0.00199,0.01662,0.98139
37045576,2,2,0.00171,0.00733,0.99095
2203410,1,1,0.14325,0.84061,0.01614
6295209,2,2,0.00216,0.00999,0.98785
14963971,2,2,0.00234,0.02555,0.97211
23464119,2,2,0.00248,0.01122,0.9863
25968106,2,2,0.00092,0.00723,0.99186
11882013,2,2,0.00169,0.00792,0.99039
10712996,0,0,0.99151,0.00739,0.00109
4934030,2,2,0.00151,0.00793,0.99056
28367851,2,2,0.00176,0.01051,0.98773
29236265,2,2,0.00226,0.01398,0.98377
11374868,2,2,0.00218,0.01721,0.98062
12532225,2,2,0.00804,0.04766,0.9443
8793220,2,2,0.0014,0.00563,0.99296
21966217,2,2,0.00513,0.03285,0.96202
32264175,2,1,0.33768,0.57892,0.0834
27632690,2,2,0.00206,0.01314,0.9848
23768765,0,0,0.97739,0.01643,0.00619
24557237,2,2,0.00118,0.00897,0.98985
21459409,2,2,0.02581,0.07842,0.89576
29935087,2,0,0.95667,0.04042,0.00291
35061836,2,2,0.00375,0.01876,0.97748
40981555,2,2,0.01729,0.28122,0.70149
32105493,2,2,0.00216,0.01059,0.98725
12209654,0,0,0.97763,0.01805,0.00432
27067001,0,0,0.97934,0.01932,0.00134
35210850,2,2,0.0018,0.00739,0.99081
28898446,2,2,0.00613,0.05452,0.93935
13470197,2,2,0.00219,0.01171,0.9861
9061667,2,2,0.0037,0.01834,0.97797
20379169,2,2,0.00219,0.01015,0.98766
6235528,1,0,0.7649,0.22173,0.01337
32203627,2,2,0.00218,0.01481,0.98301
16619382,2,1,0.02794,0.68764,0.28442
30940584,2,2,0.00215,0.01521,0.98264
4345470,2,1,0.04117,0.81402,0.14481
13071278,0,0,0.90256,0.09513,0.00231
7919036,0,2,0.00289,0.01556,0.98155
17030624,2,2,0.00664,0.02309,0.97027
15610133,2,2,0.00132,0.00475,0.99393
13101423,2,2,0.00122,0.00609,0.99269
37696848,1,0,0.72916,0.26615,0.00469
24302207,2,2,0.00216,0.0083,0.98954
6256446,0,0,0.99111,0.00784,0.00106
3908006,2,2,0.01477,0.04996,0.93528
27263520,2,2,0.00307,0.01648,0.98045
9997491,2,2,0.00311,0.01921,0.97768
1062393,2,2,0.00163,0.01004,0.98833
22166401,2,2,0.00256,0.01294,0.98451
22388395,2,2,0.00112,0.00775,0.99113
34185684,2,2,0.00182,0.01251,0.98568
6373802,2,2,0.00308,0.03052,0.9664
23276479,2,2,0.00247,0.01624,0.98129
26059568,2,2,0.00435,0.02736,0.96829
24701841,2,2,0.0014,0.00572,0.99288
22751431,2,2,0.00575,0.10012,0.89413
20466820,0,0,0.96408,0.03364,0.00228
20552257,2,2,0.0012,0.00498,0.99382
29309024,2,1,0.10865,0.72386,0.16749
1414995,0,0,0.99254,0.00599,0.00147
34022644,0,0,0.95526,0.0433,0.00144
39026408,2,2,0.00191,0.00999,0.9881
39168197,2,2,0.00495,0.02235,0.97271
29287483,2,2,0.00163,0.00958,0.98879
14714120,0,0,0.99007,0.00827,0.00166
6126908,2,2,0.00468,0.01512,0.9802
6619006,2,2,0.00109,0.00542,0.99349
6854393,2,2,0.00247,0.01636,0.98117
1969230,2,1,0.41661,0.47764,0.10575
35697291,2,2,0.00167,0.03264,0.96569
13657555,2,2,0.00505,0.03212,0.96283
40132658,2,2,0.00125,0.00787,0.99088
35627503,0,0,0.80769,0.18306,0.00926
11490008,2,1,0.0262,0.57346,0.40034
4244839,2,2,0.00371,0.04533,0.95096
25281269,2,2,0.00135,0.0119,0.98675
26064137,2,2,0.00218,0.01481,0.98301
33390582,2,2,0.00158,0.00863,0.98979
1079572,2,2,0.00503,0.03693,0.95804
31322344,2,2,0.00223,0.01063,0.98714
21509100,2,1,0.17421,0.78998,0.03581
19185122,0,0,0.90424,0.08806,0.0077
1526280,2,2,0.00102,0.0074,0.99158
8903718,2,2,0.00137,0.01158,0.98705
1102056,2,2,0.00262,0.03322,0.96416
22107870,2,2,0.00161,0.00863,0.98976
14686024,2,2,0.00185,0.00984,0.98831
4795674,2,2,0.00357,0.03575,0.96067
13187413,2,2,0.00093,0.00669,0.99238
9726958,2,1,0.05511,0.9159,0.02899
21599098,2,2,0.00127,0.01123,0.9875
27195278,2,2,0.00147,0.00581,0.99272
27248927,2,2,0.00231,0.01975,0.97794
14846036,2,2,0.03523,0.10456,0.86021
40609629,2,2,0.00191,0.00984,0.98825
26627291,2,1,0.02045,0.49169,0.48786
15032833,2,2,0.00302,0.01892,0.97806
12721749,2,2,0.01837,0.12366,0.85797
12992715,0,0,0.59728,0.39478,0.00794
31280994,2,2,0.00474,0.03381,0.96145
36243683,2,2,0.00325,0.03773,0.95902
10878662,2,2,0.00213,0.01047,0.98741
22320892,1,0,0.73904,0.24371,0.01725
4901637,2,2,0.00596,0.06673,0.92731
2847869,2,2,0.00252,0.0256,0.97188
30700607,0,1,0.33915,0.60461,0.05624
18285804,2,2,0.00155,0.0141,0.98435
38773061,2,2,0.00321,0.03577,0.96103
35044199,2,2,0.00171,0.00911,0.98918
20578784,0,0,0.95531,0.04113,0.00355
33510130,0,0,0.98717,0.0119,0.00093
26239252,0,0,0.96642,0.02774,0.00584
23172827,0,0,0.9882,0.00875,0.00305
25304157,2,2,0.00281,0.01324,0.98396
40316066,0,0,0.98968,0.0094,0.00092
32872167,2,2,0.00684,0.02435,0.96881
31431277,2,2,0.00144,0.0094,0.98916
32032366,2,2,0.00124,0.0053,0.99347
31380157,2,2,0.00253,0.02363,0.97384
38057239,2,2,0.00588,0.035,0.95911
21560216,2,1,0.02908,0.51954,0.45138
39493877,2,0,0.70859,0.23504,0.05637
16643719,2,2,0.0012,0.00668,0.99212
32717415,0,0,0.95082,0.0462,0.00298
12192110,2,2,0.002,0.00817,0.98983
9907649,2,2,0.00275,0.01842,0.97883
37143792,1,1,0.24194,0.73081,0.02725
30747893,0,0,0.89577,0.1009,0.00333
4729589,1,1,0.23872,0.73532,0.02596
39425949,2,2,0.02924,0.12284,0.84792
24336792,2,2,0.11387,0.38371,0.50242
11788233,2,2,0.01395,0.29817,0.68788
16229803,2,2,0.00204,0.0217,0.97627
34561593,0,0,0.98602,0.01316,0.00082
33026175,2,2,0.00101,0.00802,0.99097
38904125,1,0,0.60765,0.3278,0.06455
17941724,2,2,0.00183,0.00739,0.99079
37587791,2,2,0.00348,0.01579,0.98073
38591838,2,2,0.00533,0.13959,0.85508
11644568,2,2,0.00802,0.0503,0.94168
2330579,2,2,0.00154,0.0049,0.99356
27714292,2,1,0.01601,0.6496,0.33439
15466371,2,2,0.00206,0.01101,0.98693
8969020,2,2,0.00377,0.01327,0.98295
20898518,2,2,0.00638,0.06176,0.93186
1693210,2,2,0.01682,0.06497,0.91821
27710257,0,0,0.9926,0.00581,0.00159
21629990,0,0,0.88402,0.10703,0.00894
32080298,2,2,0.00154,0.00568,0.99278
15163704,2,2,0.0018,0.00613,0.99207
9242041,0,0,0.98422,0.01463,0.00115
12434981,2,2,0.00517,0.03936,0.95547
4832344,2,2,0.00987,0.12856,0.86156
15073738,2,2,0.01077,0.10619,0.88304
34563018,0,0,0.92653,0.06682,0.00665
12115804,2,2,0.02545,0.09137,0.88318
10918892,2,2,0.02689,0.46566,0.50745
39586301,2,2,0.00255,0.01674,0.98071
32204309,1,0,0.96963,0.02872,0.00165
3499162,1,0,0.96224,0.03117,0.00659
18303934,2,2,0.00285,0.01457,0.98258
29343783,0,0,0.79811,0.12677,0.07511
26624817,0,0,0.91621,0.07851,0.00528
19761164,2,2,0.00219,0.01289,0.98492
30145042,2,2,0.00181,0.01409,0.9841
7394886,2,1,0.30684,0.41008,0.28308
38056342,2,2,0.00498,0.01607,0.97895
37719306,0,0,0.98203,0.01619,0.00178
29583531,2,2,0.00328,0.02867,0.96805
4497607,2,2,0.00348,0.03022,0.96629
10025751,2,2,0.00172,0.01851,0.97976
872463,2,2,0.00152,0.02034,0.97814
8402473,2,1,0.15525,0.81506,0.02969
4594700,2,2,0.00138,0.00501,0.9936
11340033,2,2,0.00674,0.03908,0.95418
36721140,2,1,0.02923,0.51001,0.46076
26668016,0,0,0.97707,0.02171,0.00122
10674654,2,2,0.00218,0.01481,0.98301
9407450,2,2,0.12209,0.26511,0.6128
33694541,2,2,0.00196,0.01153,0.98651
33821483,2,2,0.05765,0.28264,0.65972
36696205,2,2,0.00476,0.04518,0.95006
24392467,0,0,0.98841,0.00939,0.0022
25767124,2,2,0.00831,0.07538,0.91631
33447668,2,2,0.00203,0.00925,0.98872
14640168,2,2,0.00259,0.01509,0.98232
28921967,0,0,0.99365,0.0049,0.00145
10407117,2,2,0.00222,0.01464,0.98314
22296939,2,2,0.00276,0.01435,0.98289
7159735,2,2,0.00327,0.01699,0.97974
505162,2,2,0.00267,0.01592,0.9814
10724936,1,1,0.4883,0.5038,0.00789
24484434,2,2,0.00273,0.00842,0.98884
23081421,2,1,0.06453,0.69381,0.24166
39855442,2,2,0.0012,0.00863,0.99017
10297016,2,2,0.18745,0.38764,0.42491
29836676,0,0,0.92754,0.06481,0.00766
21534643,2,2,0.00596,0.03717,0.95686
39487507,2,2,0.00206,0.01131,0.98663
18367273,2,1,0.03054,0.54128,0.42819
35353570,2,2,0.00342,0.01958,0.97701
9368050,2,2,0.00627,0.04846,0.94527
14599139,2,2,0.00163,0.0119,0.98648
36742521,2,2,0.00372,0.02646,0.96982
34115301,2,2,0.00204,0.00733,0.99063
20407680,0,0,0.82154,0.17629,0.00217
22107746,2,2,0.00172,0.02129,0.97699
28004574,2,2,0.00499,0.02917,0.96584
36292064,0,1,0.03796,0.5801,0.38193
6642348,2,2,0.0199,0.44235,0.53776
30077064,2,2,0.00225,0.01458,0.98316
93845,0,0,0.97825,0.0144,0.00735
2593552,0,0,0.82312,0.16788,0.009
18218819,2,2,0.00216,0.01071,0.98713
18143561,0,1,0.07457,0.77099,0.15443
28591896,2,2,0.00236,0.01441,0.98322
36970063,2,2,0.00169,0.0078,0.99051
37771947,2,1,0.25687,0.37374,0.36939
8042046,2,2,0.00136,0.00586,0.99278
3995163,2,2,0.00142,0.00901,0.98957
35351741,2,0,0.94275,0.05275,0.0045
25790697,2,2,0.00283,0.0218,0.97537
19257379,2,2,0.00158,0.00977,0.98865
30763790,2,2,0.00138,0.00781,0.99082
10253162,0,0,0.61284,0.37756,0.0096
5917496,2,2,0.0022,0.00811,0.98969
33208224,2,2,0.00122,0.00429,0.99449
3308416,2,2,0.00302,0.01842,0.97856
20345761,0,0,0.59501,0.39636,0.00862
20938974,2,2,0.00365,0.07585,0.9205
5631613,2,2,0.00149,0.00973,0.98878
2938156,2,2,0.00562,0.07834,0.91604
17723416,2,2,0.0039,0.07144,0.92466
17170173,1,2,0.01677,0.18138,0.80185
41160261,2,2,0.00268,0.0136,0.98372
21007901,2,2,0.0012,0.00706,0.99174
37888535,0,0,0.97845,0.02059,0.00096
12282593,2,2,0.00197,0.02551,0.97252
35698443,2,0,0.66625,0.27991,0.05384
890878,2,2,0.00635,0.02206,0.97159
36544879,0,0,0.9624,0.03521,0.00239
7796648,2,2,0.0129,0.48777,0.49933
10652813,0,0,0.94034,0.05736,0.00229
27698940,2,2,0.00174,0.01,0.98827
40941787,2,2,0.00422,0.02517,0.97061
19810520,2,2,0.09145,0.43122,0.47732
33864547,0,0,0.97476,0.02443,0.00081
2495689,2,2,0.00369,0.01957,0.97674
30280387,0,0,0.9926,0.00563,0.00177
2288181,2,2,0.0012,0.00577,0.99303
26319562,2,2,0.01492,0.11111,0.87397
18512821,0,0,0.97862,0.01946,0.00192
25613659,2,1,0.03198,0.5161,0.45192
35546021,2,2,0.00136,0.00628,0.99236
23872347,2,2,0.00216,0.01031,0.98753
22865619,0,0,0.94988,0.04832,0.00181
31747141,2,2,0.00252,0.01269,0.98479
17241780,2,1,0.04732,0.89989,0.05279
20629916,0,0,0.95099,0.04634,0.00267
24789520,2,2,0.01156,0.15202,0.83641
14733525,2,2,0.00312,0.04641,0.95047
23748412,2,2,0.00286,0.01079,0.98635
15712605,2,2,0.0014,0.00757,0.99103
20001678,1,1,0.14029,0.84276,0.01695
32910745,0,0,0.5892,0.29569,0.11512
33946106,2,2,0.00113,0.00464,0.99423
28493747,2,2,0.00303,0.01586,0.98112
1055652,2,2,0.0053,0.07546,0.91925
8977444,2,2,0.0054,0.02702,0.96757
30300498,0,0,0.90891,0.07792,0.01317
32085673,2,2,0.00198,0.00628,0.99175
20333671,2,2,0.00514,0.03063,0.96423
9456974,2,2,0.00757,0.06085,0.93158
14818754,2,2,0.00194,0.00824,0.98982
26879290,0,1,0.06527,0.85975,0.07498
24483266,0,0,0.93778,0.06007,0.00215
37577381,2,1,0.08543,0.8755,0.03907
40974861,2,2,0.00164,0.02338,0.97498
35639692,1,1,0.05527,0.86462,0.08011
34620695,1,1,0.11847,0.86685,0.01468
31969749,2,2,0.00525,0.04025,0.9545
40697434,2,2,0.00438,0.02087,0.97475
14192239,2,2,0.0014,0.00689,0.99171
32036487,2,2,0.01584,0.0488,0.93535
17600983,2,2,0.00166,0.007,0.99134
21179083,2,2,0.00392,0.02271,0.97337
26719119,0,0,0.92341,0.07065,0.00594
20246736,2,0,0.49578,0.38461,0.11961
15752871,0,0,0.96445,0.03312,0.00243
35461738,2,2,0.0021,0.00954,0.98837
8947292,2,2,0.00197,0.00658,0.99145
22825826,2,2,0.00177,0.00843,0.9898
6527070,2,2,0.00298,0.01463,0.98239
9120258,2,2,0.00407,0.01566,0.98027
16255593,2,0,0.9326,0.0522,0.01519
41489359,0,0,0.98138,0.01611,0.00251
32238030,2,1,0.05473,0.76441,0.18086
20283795,2,0,0.74213,0.24761,0.01026
4924891,2,2,0.00285,0.01386,0.98329
17711501,2,2,0.00242,0.01937,0.9782
1126772,2,2,0.03215,0.32215,0.6457
25668841,2,2,0.00128,0.006,0.99273
27116023,2,2,0.00418,0.02056,0.97526
10922554,2,2,0.08304,0.15036,0.7666
9900766,2,1,0.04303,0.90586,0.05111
14693357,2,2,0.00413,0.03173,0.96414
22478200,2,2,0.0028,0.01413,0.98306
29817571,0,0,0.89799,0.09633,0.00568
31897707,2,2,0.00786,0.04007,0.95207
11726419,2,2,0.00191,0.01007,0.98802
16376369,0,0,0.87558,0.11241,0.01201
12113894,2,2,0.00264,0.01365,0.98371
41026807,0,2,0.3066,0.22246,0.47094
8705706,2,2,0.00295,0.01022,0.98683
10525095,0,0,0.94751,0.0432,0.00929
7892353,2,2,0.00231,0.01937,0.97831
35881626,2,2,0.00635,0.03667,0.95698
8296255,2,2,0.00311,0.02011,0.97678
12879948,2,2,0.01688,0.05418,0.92894
36770838,2,2,0.0025,0.02028,0.97722
12753121,2,2,0.00153,0.01388,0.98459
17177434,2,2,0.00248,0.01193,0.98559
32902104,2,2,0.00352,0.04988,0.9466
13829096,2,2,0.00248,0.01184,0.98568
26999567,2,2,0.00319,0.00998,0.98683
19216530,2,1,0.02933,0.73903,0.23164
350059,2,2,0.00395,0.02865,0.9674
22332257,2,1,0.06593,0.83195,0.10212
32588927,2,2,0.00137,0.0108,0.98782
18184885,2,2,0.00781,0.10366,0.88853
39398605,0,0,0.80476,0.19115,0.00409
10571335,2,2,0.003,0.02544,0.97156
21697008,1,1,0.06739,0.90345,0.02916
23747646,2,2,0.00277,0.01014,0.98709
26325624,2,2,0.03779,0.33291,0.62929
21383834,2,2,0.0014,0.00648,0.99212
17321934,2,2,0.00122,0.00745,0.99133
40061973,2,2,0.19529,0.1277,0.677
27974488,2,2,0.00118,0.0053,0.99352
29590415,2,2,0.01984,0.10992,0.87024
40114843,0,0,0.96693,0.03129,0.00178
6032043,2,2,0.00196,0.02806,0.96998
18427542,2,2,0.01261,0.19495,0.79244
21874720,1,1,0.3083,0.47564,0.21607
6214682,2,2,0.01203,0.14481,0.84316
21335806,2,2,0.0014,0.00768,0.99092
19006913,2,2,0.04108,0.06668,0.89223
26591230,2,2,0.04307,0.13782,0.8191
33938887,2,2,0.00547,0.04604,0.94849
19182945,2,2,0.00267,0.03019,0.96713
21267495,2,2,0.01001,0.0378,0.95219
39504714,2,2,0.00108,0.00509,0.99383
13163060,1,1,0.33784,0.63611,0.02605
5751471,2,2,0.00337,0.03335,0.96328
22027730,2,2,0.00203,0.00786,0.9901
28759902,2,2,0.01652,0.06753,0.91596
37380978,2,2,0.00166,0.00876,0.98958
26402452,2,2,0.0212,0.05607,0.92273
26352076,2,2,0.00621,0.11504,0.87875
40679409,2,2,0.00128,0.00717,0.99156
35318594,1,1,0.29941,0.65911,0.04148
38595743,2,2,0.01611,0.11814,0.86575
40484468,2,2,0.00412,0.03326,0.96262
33204563,2,2,0.00276,0.01598,0.98126
38279629,2,2,0.00363,0.02089,0.97548
12081412,2,2,0.00215,0.0293,0.96854
37018969,2,2,0.00379,0.02508,0.97113
25146335,0,0,0.79075,0.2015,0.00775
3668250,2,2,0.00722,0.07644,0.91634
34750604,0,0,0.98825,0.01043,0.00131
20251357,2,2,0.01269,0.04744,0.93987
11334670,2,2,0.00448,0.02757,0.96795
34065533,2,2,0.00156,0.00897,0.98947
33175457,1,2,0.00184,0.01372,0.98444
25374646,2,2,0.00373,0.04043,0.95585
31933838,2,2,0.00182,0.01222,0.98596
3961716,2,2,0.01329,0.09053,0.89618
24516359,2,2,0.00113,0.00525,0.99362
37296051,0,0,0.9,0.08612,0.01388
34939066,2,2,0.00207,0.00576,0.99217
41352836,0,0,0.8867,0.10926,0.00404
29131944,2,1,0.04361,0.77911,0.17727
20168603,2,2,0.00604,0.05412,0.93984
36452205,2,2,0.00786,0.11152,0.88062
20117949,2,2,0.00469,0.01337,0.98194
16928466,0,0,0.95809,0.03982,0.0021
19973489,2,2,0.06209,0.21609,0.72181
30686502,2,2,0.00615,0.06678,0.92707
7873402,2,2,0.00618,0.03294,0.96088
40444140,2,2,0.0014,0.006,0.9926
12450324,2,2,0.00264,0.01193,0.98543
12207509,2,2,0.01837,0.12366,0.85797
14760498,0,0,0.95904,0.03943,0.00153
21532244,1,0,0.96652,0.03119,0.00229
37608605,2,2,0.00109,0.00751,0.9914
22803638,2,2,0.01181,0.10663,0.88156
39682917,2,2,0.00302,0.04672,0.95026
36081918,1,0,0.51279,0.47797,0.00925
29503628,2,2,0.00122,0.0049,0.99388
7944002,1,0,0.63726,0.32295,0.03979
41025606,2,2,0.01358,0.08515,0.90127
15353999,2,2,0.00268,0.01304,0.98428
30526297,0,2,0.01064,0.08965,0.89971
37564647,0,0,0.98503,0.014,0.00097
31190820,2,2,0.00846,0.05866,0.93289
4589686,2,2,0.00581,0.04706,0.94713
39267566,2,2,0.02322,0.27103,0.70575
19215691,2,2,0.00158,0.0087,0.98972
10136065,2,2,0.01986,0.05254,0.9276
9142596,2,2,0.04184,0.17493,0.78323
27589520,2,1,0.31226,0.59722,0.09052
35344299,2,2,0.00191,0.00817,0.98992
8323056,0,1,0.48493,0.49257,0.0225
9414047,2,2,0.00387,0.01826,0.97786
29407355,2,1,0.34427,0.64319,0.01254
16394885,0,0,0.87531,0.11482,0.00988
25633835,2,2,0.0158,0.25204,0.73216
5528389,2,2,0.00265,0.00889,0.98846
29876269,2,2,0.00326,0.0205,0.97624
15861720,2,2,0.00113,0.00623,0.99264
26911576,2,2,0.00469,0.01389,0.98142
11939359,2,2,0.00264,0.0136,0.98376
11295689,2,2,0.00152,0.00521,0.99327
30464575,0,0,0.97021,0.02694,0.00286
17461267,2,2,0.00914,0.02158,0.96928
33551997,2,2,0.00219,0.01162,0.98619
8266933,2,2,0.0261,0.42452,0.54938
18311719,2,2,0.01198,0.05829,0.92973
8296774,2,0,0.88247,0.08305,0.03449
1274917,0,0,0.93426,0.06174,0.004
41300898,2,2,0.00161,0.00883,0.98956
1148192,2,1,0.16092,0.79987,0.03921
17450191,0,0,0.93828,0.0551,0.00663
31229584,2,2,0.00585,0.04023,0.95392
7353328,0,0,0.9349,0.06263,0.00247
3521125,2,2,0.0012,0.00739,0.99141
24985297,2,2,0.00538,0.03086,0.96376
31394578,2,2,0.00245,0.02545,0.9721
34420414,2,2,0.00201,0.00576,0.99223
9659183,0,0,0.99039,0.00847,0.00114
24484369,0,0,0.96107,0.03705,0.00188
4113694,2,2,0.01096,0.20846,0.78058
25058686,2,2,0.00199,0.01539,0.98262
21952324,2,2,0.00736,0.08723,0.90541
34310869,1,1,0.24007,0.74528,0.01464
38049195,2,2,0.00484,0.0295,0.96566
37907521,2,2,0.00207,0.00604,0.99189
36156914,2,1,0.1122,0.78032,0.10748
4875496,2,2,0.00128,0.00609,0.99263
12012253,1,1,0.19712,0.7454,0.05748
24646220,2,2,0.00213,0.00876,0.98911
8739518,2,1,0.18443,0.74236,0.07322
33877629,0,0,0.95913,0.03801,0.00287
5224174,2,2,0.00554,0.01844,0.97602
23066924,2,1,0.10957,0.79086,0.09957
2722508,2,2,0.02152,0.1834,0.79508
19263615,2,2,0.00427,0.02969,0.96604
21580277,2,2,0.0013,0.00674,0.99197
17002411,0,1,0.39339,0.53771,0.0689
40832185,2,2,0.00137,0.00981,0.98882
11146555,2,2,0.00251,0.0155,0.98198
3632006,2,2,0.0021,0.00904,0.98887
40193491,2,2,0.00234,0.0246,0.97306
32599956,2,2,0.00274,0.02059,0.97667
39705727,0,0,0.99319,0.00534,0.00147
12845890,2,2,0.11972,0.20991,0.67037
25428144,2,2,0.01071,0.03261,0.95668
20484581,2,2,0.01369,0.13958,0.84673
26419213,1,1,0.0727,0.85006,0.07724
32217984,2,2,0.00987,0.12856,0.86156
6901568,0,0,0.96353,0.03388,0.00258
38385840,0,0,0.98529,0.01336,0.00135
29357229,2,2,0.02355,0.06453,0.91192
14211745,2,2,0.00413,0.06162,0.93425
20095069,0,0,0.99145,0.00751,0.00104
22781501,0,0,0.88374,0.11148,0.00478
32491014,2,2,0.01632,0.32657,0.65711
14168384,2,2,0.00233,0.01122,0.98645
36864015,0,0,0.99172,0.0059,0.00238
38041180,2,2,0.00286,0.0253,0.97184
14226774,2,2,0.00151,0.0087,0.98979
25832020,2,2,0.00278,0.02399,0.97324
27750365,2,2,0.00612,0.11288,0.88099
5712038,2,2,0.00114,0.0069,0.99196
34196372,2,2,0.02661,0.12596,0.84743
30369926,2,2,0.00271,0.01713,0.98016
35114043,2,2,0.00884,0.04614,0.94502
27159150,2,2,0.00234,0.0083,0.98936
10669362,2,2,0.00507,0.05804,0.93689
6459863,2,2,0.00243,0.01893,0.97864
27336277,2,2,0.00109,0.00977,0.98914
6995091,2,2,0.00294,0.0427,0.95436
19161147,2,2,0.0025,0.02005,0.97745
23285925,2,2,0.0023,0.02341,0.97429
13877456,2,2,0.00288,0.03538,0.96175
6545786,2,2,0.00149,0.00877,0.98975
36326557,2,2,0.03048,0.10618,0.86334
34819951,2,2,0.00263,0.01562,0.98175
6640052,2,2,0.01868,0.03832,0.94301
19725745,2,2,0.00112,0.01132,0.98756
23561993,2,2,0.00207,0.01945,0.97847
32713263,0,0,0.85487,0.14065,0.00449
22922523,0,0,0.99233,0.00581,0.00186
29104393,2,2,0.01714,0.23108,0.75178
17813766,2,2,0.00756,0.062,0.93044
9986254,2,1,0.02668,0.87653,0.0968
40883553,1,1,0.07611,0.85751,0.06638
34724220,0,0,0.99037,0.0078,0.00182
4438639,2,2,0.00703,0.07239,0.92058
33029319,2,0,0.60161,0.38541,0.01298
3780934,2,2,0.00179,0.00932,0.98888
4486667,2,2,0.00845,0.04522,0.94633
12932817,2,2,0.00132,0.0046,0.99408
21253,0,0,0.97445,0.02397,0.00158
30928526,0,1,0.25074,0.72272,0.02653
1696619,2,2,0.00461,0.02985,0.96554
35779425,2,2,0.01674,0.27129,0.71197
19105101,2,2,0.01745,0.05936,0.92319
9409561,2,2,0.0022,0.00768,0.99012
9998486,2,2,0.02071,0.18384,0.79545
31165840,2,2,0.00281,0.01381,0.98338
19079403,2,2,0.003,0.02371,0.97329
21092919,2,2,0.00122,0.00628,0.9925
4276661,2,2,0.00539,0.02938,0.96523
9274679,2,2,0.00275,0.01648,0.98076
32801149,1,2,0.00885,0.13001,0.86114
39622694,1,1,0.44917,0.49719,0.05365
13558814,2,2,0.00165,0.01409,0.98425
21702737,0,0,0.99215,0.0069,0.00095
11952922,2,2,0.00241,0.00876,0.98883
10292722,2,2,0.0016,0.01153,0.98686
33811109,0,0,0.89103,0.09159,0.01737
9845422,2,2,0.00238,0.0083,0.98933
22605136,2,2,0.00311,0.03533,0.96156
37556468,2,2,0.00154,0.00633,0.99213
22639480,0,1,0.23338,0.70909,0.05753
19514652,2,2,0.00184,0.01715,0.98102
16104813,2,2,0.00173,0.01176,0.98651
12242340,2,2,0.00705,0.13935,0.85361
28869794,2,2,0.00236,0.01515,0.98249
27352761,2,2,0.00509,0.054,0.94091
21772059,1,0,0.89442,0.10273,0.00285
37795431,2,2,0.00095,0.00568,0.99337
17180781,2,2,0.00406,0.0475,0.94844
35533331,2,2,0.00172,0.01796,0.98032
35760060,2,2,0.00985,0.04618,0.94397
25472345,0,1,0.44974,0.53827,0.01199
15314962,2,2,0.01637,0.06176,0.92187
33584987,2,2,0.00264,0.01329,0.98407
27186044,0,1,0.39467,0.58786,0.01748
8964264,0,0,0.93018,0.06712,0.0027
6622272,2,2,0.00134,0.01644,0.98221
9252980,2,2,0.01683,0.32131,0.66186
37117880,2,2,0.00381,0.01949,0.9767
39625023,2,1,0.22463,0.75399,0.02139
21806858,2,2,0.00832,0.02244,0.96924
30032761,2,2,0.00184,0.0126,0.98555
11387311,2,2,0.00151,0.00799,0.9905
18420608,2,2,0.01081,0.11711,0.87209
29032368,2,2,0.00173,0.01227,0.986
10238942,2,2,0.01088,0.12519,0.86393
760056,2,2,0.00122,0.00471,0.99407
3970944,2,2,0.00177,0.00658,0.99165
35640040,2,2,0.00361,0.01183,0.98457
17986924,1,1,0.39527,0.5662,0.03853
28352245,1,0,0.81192,0.18116,0.00692
9484338,2,2,0.00166,0.01093,0.98742
33343157,2,2,0.00319,0.00896,0.98785
15395311,2,2,0.00265,0.04021,0.95715
27892276,2,2,0.00179,0.0129,0.98532
41331629,2,2,0.00233,0.01139,0.98627
20532154,2,2,0.00277,0.01071,0.98652
2297235,2,2,0.00202,0.0133,0.98468
10268590,2,2,0.00124,0.00572,0.99304
14374458,2,2,0.00271,0.03344,0.96386
4819909,2,2,0.00306,0.02106,0.97588
35429277,0,0,0.68534,0.28681,0.02785
37045518,2,2,0.0018,0.0078,0.9904
14396632,2,2,0.00468,0.131,0.86432
40682027,0,0,0.80394,0.19245,0.00361
12964171,1,0,0.76105,0.21719,0.02176
7148154,2,2,0.00377,0.03068,0.96556
36580681,2,2,0.02363,0.09644,0.87993
16810981,2,2,0.01714,0.23108,0.75178
35270273,2,2,0.0022,0.00904,0.98877
17010264,0,0,0.76385,0.22491,0.01124
29355355,0,0,0.84076,0.14898,0.01026
4830186,2,1,0.40395,0.57413,0.02192
14418125,2,2,0.00121,0.01246,0.98633
38060451,1,0,0.49599,0.29502,0.20899
39986940,2,2,0.14803,0.22385,0.62812
1055456,2,2,0.00382,0.01537,0.98081
11177339,0,2,0.20976,0.29194,0.4983
33880606,2,0,0.96909,0.02226,0.00865
1332059,2,2,0.00206,0.01071,0.98723
34320438,2,2,0.00674,0.03908,0.95418
9482941,0,0,0.89492,0.10279,0.00229
16431586,2,2,0.00213,0.00722,0.99065
20738232,2,2,0.00241,0.0103,0.98729
23850372,2,2,0.00228,0.01747,0.98025
9800219,2,2,0.0026,0.01104,0.98635
34020666,0,1,0.29884,0.66561,0.03555
38045289,2,2,0.01819,0.13232,0.84949
13457749,2,2,0.00553,0.03443,0.96004
34189891,2,2,0.00815,0.14782,0.84403
19543930,0,0,0.87331,0.12483,0.00185
6879943,1,1,0.22759,0.76393,0.00849
1039651,2,2,0.00131,0.00911,0.98957
7568050,0,0,0.96699,0.03105,0.00196
1073130,1,0,0.75793,0.23664,0.00544
35133440,2,2,0.00295,0.02709,0.96997
2429631,1,0,0.90162,0.09503,0.00335
36197038,2,1,0.1741,0.7449,0.081
4010339,2,2,0.00106,0.00581,0.99313
31225145,2,2,0.00144,0.00837,0.99019
1960920,2,2,0.00495,0.03728,0.95777
19624929,2,2,0.0076,0.10002,0.89238
34577051,0,1,0.10569,0.54094,0.35337
21616407,2,1,0.19387,0.77885,0.02728
28383260,2,0,0.98633,0.01251,0.00115
13682702,2,1,0.12769,0.80271,0.06959
17154036,2,2,0.00413,0.03246,0.96342
19328817,2,0,0.93355,0.06115,0.0053
27169301,1,1,0.09952,0.49755,0.40293
38542821,2,1,0.10877,0.51892,0.37231
37835268,2,2,0.00435,0.02575,0.9699
33594129,2,2,0.00695,0.09637,0.89667
7881163,2,2,0.03526,0.25651,0.70823
30033306,2,2,0.00377,0.01507,0.98116
21217182,2,2,0.00199,0.01447,0.98354
9627055,1,0,0.89275,0.10234,0.00491
23477956,2,2,0.00725,0.07184,0.9209
28756535,2,2,0.0018,0.02338,0.97483
35609215,2,2,0.00129,0.00955,0.98916
14139034,0,0,0.99147,0.00711,0.00142
2510507,2,2,0.01298,0.18412,0.8029
16856274,0,0,0.84859,0.14689,0.00452
17735385,2,2,0.00241,0.00946,0.98813
3358081,2,2,0.00344,0.02636,0.97019
4722484,0,1,0.46391,0.52568,0.01041
8424958,2,2,0.00174,0.01059,0.98767
22293132,2,2,0.00313,0.04517,0.95171
15670091,2,2,0.24157,0.15936,0.59907
25275530,2,2,0.00518,0.02357,0.97126
38487268,2,2,0.00331,0.02042,0.97627
26624954,2,2,0.18745,0.38764,0.42491
28941806,2,2,0.00224,0.00576,0.992
17978523,1,1,0.44239,0.54628,0.01134
2625994,2,2,0.00549,0.11296,0.88155
10898483,2,2,0.00253,0.01014,0.98733
20509657,2,2,0.00128,0.00658,0.99214
7580735,2,2,0.00268,0.01397,0.98335
22319438,2,0,0.65817,0.10093,0.24089
14735668,2,2,0.00156,0.00628,0.99216
34549990,2,2,0.00192,0.01894,0.97914
40745796,0,0,0.51316,0.34655,0.14029
22783736,2,2,0.00581,0.04671,0.94747
17902756,2,2,0.00243,0.019,0.97857
14206829,2,2,0.04926,0.12397,0.82676
26513740,2,2,0.00138,0.00857,0.99006
27166203,0,0,0.95643,0.04186,0.00171
15139110,2,1,0.02115,0.81249,0.16636
20929757,1,1,0.03576,0.89743,0.06681
40132095,2,2,0.00264,0.04196,0.9554
40902898,0,0,0.95738,0.04141,0.00121
10232266,2,2,0.01155,0.11305,0.8754
22891234,2,2,0.00925,0.07639,0.91436
24142093,0,0,0.66374,0.32602,0.01024
26887139,0,0,0.53423,0.4534,0.01237
29538038,2,2,0.04238,0.03366,0.92397
15245624,2,2,0.00257,0.00842,0.98901
13880473,2,1,0.31124,0.65889,0.02987
16309646,2,2,0.00194,0.00762,0.99044
3060002,2,2,0.00159,0.00751,0.99091
31002463,0,0,0.99144,0.00745,0.00111
3555848,0,0,0.97426,0.02473,0.00101
21020677,2,2,0.05491,0.46516,0.47993
30532745,2,2,0.00417,0.02271,0.97312
31509976,2,2,0.05811,0.40335,0.53854
3941204,2,2,0.00193,0.01153,0.98654
23205647,2,2,0.00176,0.01217,0.98607
20075675,2,2,0.00316,0.01943,0.97741
14094500,0,0,0.5401,0.4306,0.0293
35895112,2,2,0.00773,0.0844,0.90786
5278997,2,2,0.0013,0.00586,0.99285
25777524,2,2,0.00159,0.00623,0.99218
41115154,0,0,0.98751,0.01145,0.00104
37383283,0,0,0.97576,0.02025,0.00399
27672142,0,0,0.79106,0.20001,0.00893
24706135,2,2,0.00394,0.0156,0.98045
31389766,2,2,0.00104,0.00572,0.99323
10430781,0,0,0.90842,0.08959,0.00199
33422087,2,2,0.07074,0.37066,0.5586
3412403,2,2,0.00175,0.01823,0.98002
17832530,1,1,0.40859,0.52875,0.06266
12750609,2,2,0.01374,0.02319,0.96308
5877278,2,2,0.00197,0.01011,0.98792
39345946,1,0,0.66692,0.32758,0.00551
27271802,2,1,0.02812,0.65007,0.32181
22251829,2,2,0.00326,0.01913,0.9776
37074897,0,0,0.68097,0.30694,0.01209
31344871,0,0,0.94894,0.04822,0.00284
36844324,0,0,0.9189,0.07936,0.00175
29063687,1,1,0.3393,0.60487,0.05582
9718652,2,2,0.00261,0.00961,0.98779
1199098,2,2,0.0031,0.02291,0.97399
32423317,2,2,0.00843,0.01743,0.97414
6139803,2,2,0.00151,0.01118,0.98731
28767349,2,2,0.00197,0.0078,0.99023
14739947,2,2,0.0012,0.00757,0.99123
28768943,2,2,0.00131,0.00818,0.99051
29708038,0,0,0.99138,0.00668,0.00194
31339457,2,2,0.01583,0.19129,0.79288
38432941,2,2,0.00144,0.00717,0.99139
36058253,2,2,0.11333,0.36872,0.51795
30686963,1,0,0.64534,0.34813,0.00653
84908,2,2,0.00313,0.01429,0.98258
32761753,2,2,0.00301,0.02114,0.97585
21353871,2,2,0.00391,0.00773,0.98836
24444045,2,2,0.00474,0.0177,0.97756
34430,2,2,0.00745,0.0899,0.90265
13298695,2,2,0.00503,0.05216,0.94281
29833856,2,2,0.00151,0.0078,0.99068
16173710,2,2,0.02915,0.28094,0.68991
26524645,2,2,0.00196,0.01459,0.98345
21144029,2,2,0.00387,0.03423,0.9619
32740462,2,2,0.0043,0.05276,0.94294
28343368,2,2,0.01325,0.26311,0.72364
16848501,2,2,0.00313,0.01381,0.98307
36377149,2,2,0.00453,0.01639,0.97907
27817319,2,2,0.00281,0.01193,0.98526
34544596,0,0,0.96911,0.02573,0.00517
11513550,2,2,0.00268,0.02815,0.96917
8061210,2,2,0.02352,0.16012,0.81635
10507297,2,2,0.00153,0.0094,0.98907
35028258,2,1,0.03345,0.58373,0.38282
17016,2,2,0.00514,0.07493,0.91994
39406784,2,2,0.00203,0.01007,0.9879
32849330,2,2,0.07253,0.2473,0.68016
2264434,2,1,0.04088,0.78967,0.16945
2038212,2,2,0.00562,0.04895,0.94543
4915387,2,1,0.05895,0.90606,0.03499
21913122,2,2,0.00142,0.00751,0.99107
13781359,2,2,0.00209,0.02753,0.97038
25050797,2,2,0.00479,0.02349,0.97172
20666090,0,0,0.89617,0.09632,0.00751
25198015,2,2,0.00187,0.01606,0.98207
28109804,2,2,0.00231,0.0206,0.97709
20432695,2,2,0.03801,0.16805,0.79394
11798477,0,0,0.98644,0.01021,0.00334
26254934,2,2,0.0022,0.00961,0.98819
37782607,0,0,0.94709,0.0499,0.00301
24634592,2,2,0.00244,0.01175,0.98581
18909797,2,2,0.00513,0.01683,0.97804
29090814,2,2,0.01093,0.14716,0.8419
1889260,2,2,0.00216,0.00823,0.9896
22929244,0,0,0.92507,0.066,0.00893
6800433,2,2,0.01181,0.04301,0.94518
2144002,2,2,0.00213,0.00992,0.98796
37385616,2,2,0.00258,0.01937,0.97805
29831967,2,2,0.00158,0.00883,0.98958
3336183,2,2,0.0029,0.01165,0.98545
12885582,2,2,0.00179,0.0128,0.98541
27710066,2,2,0.07861,0.37358,0.54781
16870668,2,1,0.2621,0.69054,0.04736
6259554,2,2,0.00356,0.02406,0.97238
23478521,2,2,0.02117,0.24994,0.72889
26746017,2,2,0.02154,0.05523,0.92323
24566075,0,0,0.98161,0.01729,0.0011
16934132,2,2,0.00121,0.01204,0.98675
21181074,1,0,0.90206,0.09306,0.00488
12894353,2,2,0.01272,0.12305,0.86423
31722379,1,1,0.07937,0.66193,0.25871
20570427,2,2,0.00514,0.01546,0.9794
8807538,0,0,0.98552,0.01285,0.00163
24343904,2,2,0.00128,0.00684,0.99188
21805673,1,0,0.89099,0.10354,0.00547
10944027,2,2,0.00142,0.00628,0.9923
12259197,0,0,0.75389,0.23354,0.01257
28203594,2,2,0.01578,0.08812,0.8961
3301330,2,2,0.02823,0.12711,0.84466
22114491,2,2,0.00367,0.02596,0.97037
5024672,2,2,0.00151,0.00988,0.98861
39806437,2,2,0.00134,0.00728,0.99138
38760739,2,2,0.00372,0.02707,0.96921
11498540,2,2,0.01696,0.02045,0.96259
31966718,0,0,0.98217,0.01695,0.00088
12758900,2,2,0.01298,0.18412,0.8029
33600124,2,2,0.00235,0.01923,0.97842
26337787,2,2,0.00194,0.00678,0.99127
41101214,2,2,0.00405,0.03614,0.95981
26911884,2,2,0.00185,0.00733,0.99081
31732070,2,1,0.09732,0.50399,0.39869
16712964,0,0,0.73196,0.26303,0.00501
29620476,1,0,0.97056,0.02732,0.00212
14833551,2,2,0.01979,0.3549,0.62531
33705150,2,2,0.02193,0.05281,0.92525
20946163,1,1,0.32128,0.66961,0.00911
29607322,2,2,0.01211,0.13864,0.84925
4617803,2,2,0.04923,0.31729,0.63348
35859150,2,2,0.00367,0.00902,0.9873
11188285,0,0,0.99079,0.00828,0.00093
10499318,2,2,0.0026,0.01087,0.98652
28993563,2,2,0.00226,0.01113,0.98661
26960635,0,0,0.98216,0.01657,0.00126
29137945,2,2,0.00323,0.0137,0.98307
23778027,2,2,0.00409,0.02575,0.97016
8646310,2,2,0.00494,0.16478,0.83029
25996398,2,1,0.48762,0.49918,0.0132
5227440,2,2,0.00228,0.01858,0.97914
29201262,0,0,0.90324,0.0952,0.00156
34900019,2,2,0.11002,0.1837,0.70628
15308758,2,0,0.8733,0.11344,0.01326
40878361,1,0,0.69485,0.29885,0.0063
22593895,2,2,0.00149,0.0085,0.99001
22690873,2,0,0.75593,0.20787,0.03619
31084722,2,2,0.01367,0.18575,0.80058
8387214,2,2,0.01941,0.43499,0.5456
1888399,1,1,0.04178,0.84578,0.11244
11357230,0,0,0.62945,0.35865,0.01189
16307539,2,2,0.00129,0.0089,0.9898
5643608,2,2,0.00976,0.02493,0.9653
6384194,2,2,0.00272,0.01446,0.98282
34476317,2,2,0.01277,0.09189,0.89534
31816302,0,0,0.63889,0.34197,0.01914
28231722,2,2,0.00127,0.00818,0.99055
15286341,2,2,0.18508,0.31085,0.50407
13016338,2,1,0.08987,0.79166,0.11848
3708339,2,2,0.00312,0.01726,0.97963
30077330,2,2,0.0012,0.0087,0.9901
35443664,2,2,0.00362,0.02378,0.9726
27724204,0,0,0.89535,0.0989,0.00576
36258750,2,2,0.00105,0.00985,0.9891
18471312,2,2,0.0034,0.02316,0.97343
23099971,2,2,0.00477,0.01237,0.98286
20240676,0,1,0.20218,0.66911,0.1287
30536660,0,0,0.93628,0.03716,0.02656
41294699,2,1,0.02343,0.61857,0.358
22055395,2,2,0.00866,0.07998,0.91136
33025997,2,2,0.0216,0.24621,0.73219
13123619,2,1,0.10722,0.79381,0.09897
28175229,2,2,0.04316,0.24933,0.70751
17478365,2,2,0.00244,0.01245,0.98511
29921774,2,1,0.07067,0.88827,0.04106
38948647,2,2,0.00437,0.05262,0.94301
4608737,0,1,0.17915,0.80921,0.01163
9075237,2,2,0.00252,0.01304,0.98444
37266049,2,2,0.01636,0.40253,0.58112
7624250,2,2,0.03765,0.05008,0.91227
26564104,2,2,0.00128,0.00609,0.99263
38991432,0,0,0.96424,0.03471,0.00104
37603618,2,2,0.00306,0.02122,0.97572
26796954,2,2,0.0029,0.01174,0.98536
11287679,2,2,0.01154,0.22825,0.7602
1246780,1,1,0.01574,0.51326,0.471
19614008,2,2,0.00253,0.00756,0.98991
23040392,2,2,0.00347,0.03443,0.9621
31325376,2,2,0.00327,0.01497,0.98176
9218811,2,2,0.00165,0.01564,0.98271
40777939,2,2,0.0023,0.00849,0.9892
11450388,1,1,0.04425,0.93882,0.01693
15032420,2,2,0.00408,0.01379,0.98213
39816072,0,0,0.54146,0.42499,0.03355
15091839,2,0,0.49282,0.48518,0.02199
36331805,2,2,0.00183,0.00542,0.99275
2815622,2,1,0.03857,0.9345,0.02693
4303322,2,2,0.00275,0.017,0.98025
24857282,2,1,0.03143,0.77942,0.18915
1692001,2,2,0.00112,0.01076,0.98811
26238318,2,0,0.42407,0.37424,0.20169
39095136,0,0,0.68009,0.30654,0.01336
14111196,2,2,0.00179,0.0131,0.98512
17678130,2,2,0.00274,0.00699,0.99027
218947,2,2,0.00369,0.01965,0.97666
4659960,2,2,0.00101,0.00778,0.99121
27976494,1,0,0.95321,0.04573,0.00106
5573555,2,0,0.78556,0.20175,0.0127
355236,2,2,0.07753,0.15754,0.76492
29393811,2,2,0.00441,0.01219,0.9834
36972065,2,2,0.00264,0.01157,0.98579
24158809,2,2,0.00568,0.17737,0.81695
29457952,2,2,0.31886,0.13875,0.54239
36155908,2,2,0.00144,0.00751,0.99105
4003099,2,2,0.00134,0.00614,0.99253
13486388,0,0,0.98043,0.01851,0.00106
21483105,2,2,0.0036,0.01258,0.98382
15997268,2,2,0.00241,0.04148,0.95611
23607077,0,1,0.26524,0.6961,0.03866
14474452,2,2,0.00286,0.02431,0.97283
39429079,0,0,0.83845,0.148,0.01355
20011370,2,2,0.00226,0.01055,0.98719
16339195,2,2,0.01625,0.3395,0.64425
30769255,2,2,0.00197,0.0083,0.98973
5104848,2,2,0.00114,0.01145,0.98741
35100459,2,1,0.02939,0.70658,0.26403
15745779,2,2,0.02277,0.08169,0.89554
29326177,2,2,0.00322,0.01745,0.97933
16076194,2,2,0.00158,0.01167,0.98675
16542017,2,2,0.00107,0.00751,0.99142
11806308,2,2,0.00318,0.01298,0.98384
19375699,2,2,0.00425,0.01934,0.97642
21336571,2,2,0.00783,0.02864,0.96352
27547684,2,2,0.00124,0.00563,0.99313
33300954,2,2,0.00147,0.00623,0.9923
23458764,2,2,0.00739,0.04024,0.95237
11769894,2,2,0.00125,0.00837,0.99038
38995690,2,2,0.00144,0.01035,0.98821
14255368,2,2,0.00773,0.0844,0.90786
4791260,2,2,0.00182,0.00876,0.98941
22562150,0,0,0.99241,0.00653,0.00106
11863568,0,0,0.69133,0.28483,0.02384
27917653,2,2,0.01756,0.08176,0.90068
6239826,2,2,0.01216,0.16146,0.82638
36502289,2,1,0.03317,0.80358,0.16326
28527422,2,2,0.10092,0.06722,0.83186
10470493,2,2,0.02061,0.24718,0.73221
2374299,2,2,0.00586,0.05428,0.93986
27352697,2,2,0.00128,0.007,0.99172
9667177,2,1,0.09006,0.52027,0.38967
4688903,2,2,0.00409,0.0843,0.91161
504249,2,2,0.00616,0.02132,0.97253
22901804,2,2,0.00256,0.01245,0.98499
27267178,0,0,0.68563,0.30663,0.00774
19389400,2,2,0.00222,0.01319,0.98458
3548477,2,2,0.01373,0.11656,0.86971
10482246,2,2,0.00289,0.01424,0.98287
20416497,1,0,0.91781,0.08083,0.00136
26000205,2,1,0.02404,0.6057,0.37026
16470552,2,2,0.002,0.00856,0.98944
26945068,0,0,0.84869,0.14128,0.01004
1209259,2,1,0.08948,0.80692,0.1036
35319884,2,2,0.01339,0.20859,0.77803
28270832,2,2,0.00542,0.03847,0.9561
1496647,2,2,0.00179,0.01051,0.9877
11344434,1,1,0.48021,0.49934,0.02045
22109382,0,0,0.9885,0.0106,0.0009
14484813,2,2,0.00688,0.06339,0.92973
2868511,1,1,0.01609,0.79979,0.18412
39449282,0,0,0.78518,0.19092,0.0239
23480566,0,1,0.23596,0.74113,0.02291
6685434,0,0,0.97319,0.02451,0.0023
40625718,2,2,0.00445,0.01882,0.97673
12190595,2,2,0.00213,0.01105,0.98683
29719519,2,2,0.00519,0.06509,0.92972
9659958,2,2,0.00687,0.05026,0.94287
15662345,1,1,0.21621,0.72149,0.06231
15987668,2,2,0.00672,0.05627,0.93701
17374106,2,2,0.00277,0.02725,0.96998
35432233,0,0,0.98707,0.01181,0.00112
19685009,0,0,0.76758,0.22164,0.01078
28923055,2,2,0.00158,0.00973,0.98869
21423199,0,0,0.9918,0.00585,0.00235
21329458,1,0,0.7113,0.26788,0.02082
4782144,2,2,0.00189,0.01768,0.98043
654324,2,2,0.00573,0.04543,0.94884
40807804,2,2,0.00102,0.00711,0.99186
21370866,0,0,0.89597,0.10131,0.00272
17612386,2,2,0.00134,0.00563,0.99303
24528480,2,2,0.00245,0.00862,0.98893
26439338,2,1,0.05118,0.84222,0.10661
37284265,2,2,0.00211,0.01823,0.97966
39858550,2,2,0.00594,0.026,0.96806
24433749,2,2,0.00903,0.04078,0.95019
19692962,2,2,0.00387,0.0192,0.97693
7470821,2,2,0.006,0.03061,0.96339
39931637,2,1,0.04918,0.92252,0.0283
7434371,2,2,0.00203,0.01039,0.98758
31461965,2,1,0.0341,0.65355,0.31235
2610001,2,2,0.01832,0.17177,0.80991
10742026,2,2,0.00129,0.00962,0.98909
16983097,2,2,0.00167,0.01631,0.98201
40047675,2,2,0.00335,0.00917,0.98749
15880842,2,2,0.00732,0.0916,0.90107
27194337,2,2,0.00324,0.04137,0.9554
5807447,0,0,0.80819,0.1178,0.07401
40642591,2,2,0.0521,0.16416,0.78374
32983878,1,1,0.20888,0.48,0.31112
40271605,2,2,0.00252,0.01179,0.98569
28997502,0,0,0.72819,0.2658,0.00601
34986026,2,2,0.02581,0.27107,0.70311
11649859,2,2,0.0028,0.01568,0.98152
24634588,2,2,0.00159,0.00618,0.99223
38096958,2,2,0.02268,0.15256,0.82476
34319841,2,2,0.0038,0.02246,0.97375
23322389,2,2,0.00272,0.01452,0.98276
7343047,0,1,0.42161,0.56733,0.01106
29894324,0,0,0.98223,0.01651,0.00126
5724721,2,2,0.00151,0.0106,0.9879
4163544,2,2,0.00474,0.01763,0.97763
14581094,0,0,0.98683,0.01213,0.00104
38184002,2,2,0.00447,0.02929,0.96623
18777799,2,2,0.00365,0.01412,0.98222
1725002,0,1,0.33213,0.65027,0.0176
19573934,2,2,0.00683,0.01892,0.97425
37256601,0,0,0.96484,0.03349,0.00167
4857405,2,0,0.56562,0.18983,0.24455
377995,2,1,0.11964,0.66729,0.21307
21957234,2,2,0.00193,0.01372,0.98435
3956818,2,2,0.00253,0.0081,0.98937
22092299,2,2,0.00136,0.00618,0.99246
17651234,0,0,0.99285,0.00559,0.00156
1379355,2,2,0.00942,0.29305,0.69753
41411236,2,2,0.00406,0.04859,0.94735
19140814,0,0,0.96627,0.03097,0.00276
29772988,2,2,0.00407,0.01596,0.97997
2726131,2,2,0.00154,0.00679,0.99167
15077051,2,2,0.00455,0.04361,0.95184
9038390,0,0,0.63037,0.33873,0.0309
28239989,2,2,0.00233,0.01329,0.98438
36659200,2,2,0.00275,0.01668,0.98057
37283632,0,0,0.99304,0.00542,0.00154
19190104,2,2,0.00697,0.18761,0.80543
10666784,0,1,0.2875,0.51002,0.20248
33507897,2,2,0.00158,0.01064,0.98778
17439005,2,2,0.00261,0.02248,0.9749
24059874,1,0,0.6913,0.29501,0.01369
32001726,2,2,0.00312,0.01732,0.97956
26539424,2,2,0.00139,0.01432,0.98429
20497697,2,2,0.0026,0.01294,0.98447
4309793,2,2,0.00166,0.01127,0.98708
28361142,0,0,0.98006,0.0174,0.00255
29377776,2,2,0.00289,0.01424,0.98287
7047444,2,2,0.00587,0.06711,0.92702
29925980,2,2,0.00263,0.01674,0.98063
29685618,2,2,0.0062,0.10167,0.89213
24571254,2,2,0.01321,0.45493,0.53186
17922676,2,2,0.00166,0.00863,0.98971
24172918,2,2,0.00161,0.0085,0.98989
25731001,2,1,0.02755,0.64198,0.33046
27120343,2,1,0.04512,0.59437,0.36051
21203606,2,2,0.00322,0.01745,0.97933
36625393,2,2,0.00424,0.02136,0.9744
12888380,2,2,0.00304,0.02761,0.96936
5291738,2,2,0.0026,0.01235,0.98505
21636078,0,0,0.93959,0.05278,0.00764
26487786,0,0,0.78731,0.20862,0.00407
4103795,1,1,0.05866,0.92036,0.02098
24699768,2,1,0.13224,0.66114,0.20662
18863536,1,1,0.031,0.72799,0.24101
24173027,2,2,0.00323,0.01375,0.98302
38723474,0,0,0.81524,0.16758,0.01719
31979846,2,0,0.50179,0.45333,0.04489
9320263,2,2,0.00266,0.02083,0.97651
22051665,0,0,0.94711,0.04883,0.00406
4878593,2,2,0.00441,0.01379,0.98181
36351467,0,2,0.00348,0.01705,0.97947
36522060,2,2,0.00185,0.01149,0.98667
3491327,2,1,0.02052,0.50504,0.47444
26676021,2,2,0.00529,0.13316,0.86155
40822460,2,2,0.09678,0.17404,0.72918
23980323,2,2,0.00461,0.01455,0.98084
27683975,2,2,0.02233,0.13993,0.83774
10422926,2,2,0.00134,0.00717,0.9915
24923253,0,0,0.98958,0.00929,0.00112
13186544,2,2,0.02545,0.02688,0.94766
7753428,2,2,0.04866,0.17213,0.77921
38831215,2,2,0.0034,0.00875,0.98785
4073579,2,2,0.00619,0.08969,0.90412
32205505,2,1,0.02986,0.81969,0.15045
20802020,2,1,0.39984,0.57724,0.02291
4073591,0,0,0.99301,0.00581,0.00118
13211468,2,2,0.00404,0.00828,0.98768
7818107,0,0,0.98753,0.0111,0.00137
16698383,2,2,0.04628,0.1587,0.79502
27507944,1,0,0.50693,0.48371,0.00936
15633518,1,1,0.1064,0.82798,0.06562
10603995,0,0,0.98299,0.0157,0.0013
33716880,2,2,0.00255,0.01694,0.98052
34914600,2,2,0.01075,0.13514,0.85411
2866907,2,2,0.00286,0.00983,0.98731
17715065,0,0,0.96672,0.03178,0.0015
32145689,2,2,0.00365,0.01573,0.98062
14573371,2,2,0.00262,0.02012,0.97726
21909394,2,2,0.00339,0.04159,0.95502
8226428,2,2,0.00264,0.0123,0.98506
7953278,2,2,0.00692,0.02066,0.97242
5758276,0,0,0.97692,0.02133,0.00174
35150613,2,2,0.00466,0.0508,0.94455
7041465,2,2,0.002,0.00856,0.98944
33183765,0,0,0.90822,0.08923,0.00255
34887081,0,0,0.75606,0.23605,0.00789
16842551,2,2,0.00879,0.12249,0.86872
33415876,2,2,0.00159,0.0078,0.99061
7206684,2,2,0.01135,0.19277,0.79588
5478644,1,0,0.8782,0.10131,0.02049
39437959,0,0,0.992,0.007,0.00099
14854841,0,0,0.97667,0.02215,0.00118
6639181,0,0,0.53468,0.42628,0.03904
11335390,2,2,0.00111,0.00812,0.99078
11353221,2,2,0.00231,0.02148,0.97621
36505612,0,0,0.95349,0.04512,0.00139
4909553,0,1,0.25872,0.72276,0.01852
23787866,0,0,0.91495,0.07917,0.00588
7227854,2,2,0.00354,0.01496,0.9815
16701116,2,2,0.00244,0.01161,0.98594
24966733,2,2,0.00113,0.0059,0.99297
9257512,2,2,0.01016,0.05395,0.9359
30368051,2,2,0.00246,0.02036,0.97718
18210519,2,2,0.00185,0.00969,0.98846
14667560,2,2,0.00157,0.00509,0.99334
14798830,2,2,0.00209,0.01071,0.98719
35710543,2,2,0.02469,0.39544,0.57987
36710335,0,0,0.97805,0.02084,0.00111
37259611,0,0,0.9882,0.01031,0.00149
22913008,2,2,0.00593,0.05713,0.93694
17234235,1,1,0.34265,0.64016,0.01719
11048751,2,1,0.36167,0.61044,0.02789
1350006,1,2,0.00216,0.01113,0.98671
325972,2,2,0.00204,0.02076,0.9772
8929803,2,2,0.00313,0.0122,0.98466
15040849,0,0,0.87708,0.11916,0.00376
11402305,2,1,0.03181,0.60974,0.35845
3484081,0,0,0.96119,0.03607,0.00274
29890856,0,0,0.92276,0.07574,0.0015
37849988,2,2,0.00147,0.00628,0.99225
33356153,2,2,0.00157,0.01958,0.97886
15312497,2,2,0.0014,0.00658,0.99202
22823629,2,1,0.02589,0.79298,0.18113
23186923,2,2,0.0028,0.01674,0.98046
34250528,2,0,0.56607,0.41092,0.023
39294125,2,2,0.00124,0.00739,0.99137
33724344,2,2,0.01715,0.20651,0.77634
38141538,2,2,0.05827,0.18018,0.76155
26769388,2,2,0.00347,0.01943,0.9771
34295736,2,2,0.00265,0.00976,0.9876
40195462,2,2,0.00675,0.09563,0.89762
1472834,2,2,0.00232,0.01612,0.98156
36421678,2,2,0.0271,0.20537,0.76753
7636853,2,2,0.00174,0.00962,0.98865
41245670,2,2,0.00167,0.01669,0.98163
15158256,2,2,0.00201,0.00517,0.99282
39210317,2,2,0.00115,0.0053,0.99356
39578270,2,2,0.01738,0.03351,0.94911
16200789,2,2,0.03519,0.40121,0.56359
35233226,2,2,0.00248,0.01314,0.98438
18854703,2,2,0.00402,0.08567,0.91031
2981046,2,2,0.01914,0.04399,0.93687
15969531,1,1,0.0324,0.57437,0.39322
21486574,2,2,0.00192,0.00554,0.99254
24908260,2,2,0.00118,0.006,0.99282
2382553,2,2,0.00441,0.04432,0.95128
5239991,2,2,0.00421,0.0288,0.96699
22814865,2,2,0.00182,0.0085,0.98968
35425759,2,2,0.01196,0.08164,0.90641
39253775,2,2,0.02048,0.22892,0.7506
25311252,0,0,0.99259,0.00633,0.00107
2306341,2,2,0.00466,0.01985,0.97549
33588124,2,2,0.00163,0.00863,0.98974
24759021,2,2,0.00399,0.01897,0.97703
34206658,2,2,0.00177,0.00954,0.98869
12298055,2,2,0.00522,0.04601,0.94877
18376540,2,2,0.00648,0.0608,0.93271
41217052,2,2,0.00356,0.02406,0.97238
5984169,2,2,0.00446,0.01804,0.9775
21373119,2,2,0.00532,0.11317,0.88151
24309495,0,0,0.99269,0.00633,0.00098
37273836,1,0,0.59351,0.40159,0.0049
8399490,0,0,0.95892,0.03664,0.00444
26938397,2,2,0.00203,0.00856,0.98941
28980253,2,2,0.00679,0.09052,0.90269
34637141,2,2,0.01708,0.23948,0.74344
22341967,2,2,0.00486,0.04004,0.9551
14974567,0,1,0.13245,0.73301,0.13454
30995955,2,2,0.03722,0.29273,0.67006
26521018,1,1,0.22928,0.72441,0.04631
25665724,0,0,0.84386,0.13365,0.02249
39755404,2,2,0.00662,0.06998,0.92339
3061693,2,2,0.05652,0.3165,0.62698
3567863,2,2,0.00102,0.00751,0.99146
29873624,2,2,0.00645,0.06644,0.92711
12838391,2,2,0.00178,0.01809,0.98013
31321834,1,2,0.11089,0.36007,0.52904
25501504,1,0,0.51042,0.47576,0.01382
36334986,2,2,0.0042,0.03037,0.96543
9192105,0,0,0.83915,0.15223,0.00862
10097124,2,2,0.00396,0.02595,0.97008
30512592,2,2,0.00232,0.01521,0.98246
30455852,2,2,0.00519,0.02062,0.97419
25883323,2,2,0.00104,0.00464,0.99432
21666657,2,2,0.00198,0.01816,0.97986
33801590,2,2,0.05147,0.238,0.71053
28633107,0,0,0.8089,0.18622,0.00489
4040236,2,2,0.00293,0.01661,0.98046
12853285,2,1,0.02164,0.73359,0.24477
16500507,2,2,0.01796,0.38712,0.59492
28607489,2,2,0.01051,0.0724,0.91709
28426853,2,2,0.00207,0.00843,0.98951
36328388,2,2,0.002,0.02258,0.97541
25710200,2,2,0.00135,0.01158,0.98707
6514413,1,0,0.72749,0.23572,0.03679
21567364,2,2,0.00457,0.00874,0.98669
14684446,2,1,0.46456,0.50231,0.03313
41544077,2,2,0.00315,0.05166,0.94519
29758136,2,2,0.00334,0.02481,0.97185
20356536,2,2,0.01658,0.15917,0.82425
26483650,2,2,0.00333,0.01462,0.98205
41118553,2,2,0.0026,0.04181,0.95559
9082081,2,2,0.00993,0.06817,0.92191
3421370,2,2,0.00206,0.01255,0.98539
33979876,2,2,0.00255,0.01539,0.98206
9969432,2,1,0.07157,0.77544,0.15299
36997292,2,2,0.00339,0.04136,0.95525
2730479,2,2,0.00114,0.00663,0.99222
10382916,2,2,0.01853,0.41842,0.56305
13501535,1,1,0.04475,0.72217,0.23308
18472469,0,1,0.39723,0.59167,0.01109
35685522,2,2,0.00471,0.05399,0.94129
24683784,2,2,0.00146,0.01222,0.98632
37555247,2,2,0.0019,0.01212,0.98597
17703452,2,2,0.00128,0.00577,0.99296
26781049,2,2,0.00142,0.00563,0.99294
8765190,2,2,0.002,0.00716,0.99083
41061008,2,2,0.04059,0.13128,0.82812
5288250,0,0,0.52444,0.45922,0.01634
17428163,0,1,0.48629,0.49783,0.01588
36327146,0,0,0.93053,0.06419,0.00528
16966845,1,0,0.99247,0.00633,0.0012
19219663,1,0,0.87628,0.11859,0.00513
37078906,2,2,0.00429,0.00923,0.98648
24095855,2,2,0.01098,0.37521,0.61381
30351461,2,2,0.00133,0.00915,0.98952
26169627,2,2,0.00713,0.05841,0.93445
14819787,2,2,0.00288,0.01892,0.9782
40992242,2,2,0.00308,0.01418,0.98274
23336219,2,2,0.00218,0.01707,0.98075
31561251,2,2,0.00104,0.00684,0.99212
25585166,2,2,0.01624,0.047,0.93675
9241553,1,0,0.54753,0.43314,0.01933
1359965,0,0,0.98717,0.01154,0.00129
3497864,2,2,0.00112,0.00867,0.99021
3499116,0,1,0.43612,0.51791,0.04597
3167181,2,2,0.00308,0.01391,0.98301
13711655,2,0,0.78308,0.20912,0.0078
15957905,2,2,0.00226,0.01294,0.9848
20072498,0,0,0.97785,0.02053,0.00161
4287455,1,1,0.23268,0.7195,0.04783
33165235,2,2,0.29095,0.18988,0.51918
7891873,2,1,0.03311,0.86729,0.0996
39602396,0,2,0.16526,0.18114,0.6536
14581433,2,2,0.00382,0.01731,0.97887
30821627,2,2,0.00302,0.01673,0.98024
16291136,0,0,0.96801,0.029,0.00299
34149589,2,2,0.01823,0.11723,0.86454
6906043,2,2,0.10719,0.25889,0.63392
7572022,2,2,0.0029,0.0283,0.9688
38062805,0,0,0.91931,0.07786,0.00284
38895474,2,2,0.00534,0.03862,0.95604
4918012,2,2,0.00326,0.01928,0.97746
9713981,2,2,0.08669,0.25503,0.65828
33501444,0,0,0.86539,0.12913,0.00548
40605981,2,2,0.00225,0.04589,0.95186
31508120,2,2,0.0039,0.02615,0.96994
8837473,2,2,0.14123,0.07256,0.78621
26841636,2,2,0.00276,0.01446,0.98278
27913541,0,0,0.53873,0.42285,0.03842
28735336,0,0,0.64384,0.35005,0.00612
5585823,2,2,0.00343,0.03187,0.9647
15478838,2,1,0.04906,0.84293,0.10801
19264554,0,0,0.9056,0.08759,0.00681
32245026,1,1,0.04783,0.68121,0.27097
28788237,2,2,0.00372,0.0121,0.98418
12996928,2,2,0.00356,0.02406,0.97238
17095095,2,2,0.00124,0.00663,0.99213
6488586,2,2,0.00226,0.01299,0.98475
4200474,2,2,0.00526,0.03877,0.95597
1188098,0,1,0.12442,0.8212,0.05438
22761608,2,2,0.00255,0.03101,0.96644
5587732,2,2,0.00788,0.03802,0.9541
26391252,2,2,0.0133,0.06849,0.9182
12859230,0,1,0.37207,0.60867,0.01926
16387006,2,2,0.00216,0.00984,0.988
3074476,2,2,0.01398,0.20463,0.78139
20572040,0,0,0.97324,0.02499,0.00176
9936495,2,2,0.00134,0.0055,0.99316
5359705,2,2,0.01447,0.03273,0.9528
24723303,1,1,0.02406,0.90303,0.0729
29386175,0,0,0.66288,0.33072,0.0064
12818377,2,2,0.00132,0.00745,0.99123
10917427,2,2,0.01607,0.25639,0.72754
40043591,2,2,0.00218,0.01795,0.97988
10686862,2,2,0.35976,0.18811,0.45213
26438848,0,2,0.08724,0.19083,0.72193
7714117,2,2,0.00513,0.04696,0.9479
29386517,2,2,0.01346,0.05049,0.93605
35458387,2,1,0.2236,0.6643,0.1121
21043596,0,0,0.61645,0.32106,0.06248
1082649,2,2,0.00154,0.00706,0.99141
12952328,2,2,0.00263,0.01486,0.98251
39026593,2,2,0.00206,0.01198,0.98596
17444658,2,2,0.00188,0.00792,0.9902
38560698,2,2,0.00606,0.06627,0.92767
13147600,0,0,0.97966,0.01906,0.00128
17160071,2,2,0.04464,0.44044,0.51492
38707301,2,2,0.03369,0.42679,0.53952
7566475,2,2,0.00196,0.01409,0.98395
33470453,2,2,0.00223,0.00946,0.9883
23091703,2,2,0.00951,0.12094,0.86955
37302029,2,2,0.00161,0.00824,0.99015
16229231,2,2,0.05765,0.28264,0.65972
28774487,2,2,0.006,0.08955,0.90445
32565614,2,2,0.00535,0.03734,0.95732
30682702,1,0,0.7301,0.25133,0.01857
37009965,1,2,0.01491,0.11198,0.87311
32552289,2,2,0.00226,0.00984,0.9879
4143010,2,2,0.00211,0.01637,0.98152
28533737,2,2,0.00151,0.02383,0.97465
21059415,2,2,0.00303,0.01592,0.98105
30499551,0,0,0.79812,0.19559,0.00629
39645714,2,2,0.00188,0.00745,0.99067
26857673,2,2,0.01394,0.13722,0.84884
1396100,2,1,0.08149,0.76415,0.15436
24349246,1,1,0.03752,0.888,0.07447
22388707,2,2,0.00153,0.01,0.98847
12274979,0,0,0.99147,0.00653,0.00201
267272,2,2,0.00294,0.01386,0.9832
6349082,0,0,0.98256,0.01551,0.00193
11565804,2,2,0.00129,0.01035,0.98835
37446747,2,2,0.00179,0.01088,0.98733
13173526,1,1,0.12725,0.83346,0.03929
5017633,1,1,0.01815,0.53872,0.44314
20565514,2,2,0.00364,0.03359,0.96277
6196405,2,2,0.00469,0.02973,0.96558
13701540,2,2,0.00419,0.03215,0.96366
7401972,2,2,0.00219,0.04452,0.95329
14042051,2,2,0.00875,0.11298,0.87828
10035291,0,0,0.98665,0.01218,0.00117
18083672,2,2,0.00147,0.00658,0.99195
39959460,2,2,0.00128,0.00581,0.99291
30146058,2,2,0.0018,0.00695,0.99126
10056476,2,2,0.01027,0.14824,0.84149
19533559,2,2,0.00593,0.10081,0.89326
5993535,2,2,0.00177,0.00509,0.99314
16465155,2,1,0.45839,0.47294,0.06867
18717636,2,2,0.00496,0.03419,0.96085
15968002,0,0,0.86007,0.13555,0.00437
39418278,2,2,0.00177,0.00947,0.98877
78869,2,2,0.00118,0.00812,0.99071
30123103,2,2,0.00218,0.0147,0.98312
30312895,2,2,0.00924,0.03366,0.9571
16406844,2,2,0.00285,0.04314,0.95401
19232459,2,2,0.00135,0.00955,0.9891
26424158,2,2,0.00367,0.02656,0.96977
761077,2,2,0.00156,0.0055,0.99293
13307178,1,0,0.49747,0.48216,0.02037
36710506,2,2,0.00282,0.01046,0.98673
14378067,2,2,0.02998,0.27682,0.6932
7406555,1,0,0.67184,0.32235,0.00581
8345466,2,2,0.00218,0.01701,0.98081
26945419,1,1,0.06067,0.78071,0.15861
4202953,0,0,0.55523,0.43241,0.01236
2867496,2,2,0.00395,0.1159,0.88015
30134490,2,2,0.01485,0.05203,0.93312
4419757,2,2,0.00218,0.01481,0.98301
20070924,2,2,0.02898,0.06255,0.90847
2984580,2,1,0.02577,0.5383,0.43593
9477257,2,2,0.00194,0.00876,0.9893
2582040,0,0,0.55083,0.43916,0.01001
3326673,2,2,0.0012,0.00781,0.991
32287974,2,2,0.00674,0.03835,0.95491
10509610,2,2,0.00121,0.01204,0.98675
9720309,2,2,0.00122,0.00538,0.9934
31080188,2,2,0.00146,0.01275,0.98579
321760,2,1,0.06268,0.8387,0.09862
30502522,2,2,0.01072,0.0966,0.89268
13586835,0,0,0.80564,0.19136,0.003
34446300,2,2,0.00153,0.01008,0.98839
1807910,2,2,0.0044,0.03154,0.96407
40546822,2,2,0.00813,0.05258,0.93929
17387708,0,1,0.31588,0.59943,0.08469
13079061,2,2,0.00141,0.01362,0.98497
15262520,2,2,0.00159,0.02268,0.97573
18921161,2,2,0.00316,0.04945,0.94739
32785713,2,2,0.00422,0.02517,0.97061
18724479,2,2,0.00153,0.01265,0.98582
21806717,2,2,0.00151,0.00977,0.98872
7742575,2,2,0.00264,0.0124,0.98496
5765873,2,2,0.00177,0.00768,0.99055
15647005,2,2,0.00196,0.01387,0.98416
13234361,2,2,0.00298,0.01568,0.98134
19556855,2,1,0.28465,0.66703,0.04832
23836065,2,0,0.71077,0.28494,0.00429
9828506,2,2,0.00226,0.01162,0.98612
10219586,0,0,0.72442,0.26859,0.00699
23081417,2,2,0.00346,0.02129,0.97524
34206457,2,2,0.00164,0.00811,0.99025
26379955,2,2,0.01113,0.17136,0.81751
30184361,2,2,0.00368,0.02187,0.97445
30945897,0,0,0.65205,0.33828,0.00967
2697007,0,0,0.91475,0.08215,0.0031
37882059,2,2,0.00243,0.01822,0.97935
20432291,2,2,0.00983,0.04865,0.94153
38581959,2,1,0.13097,0.78791,0.08112
37877573,0,0,0.98611,0.01276,0.00114
29807376,0,1,0.38638,0.49806,0.11556
25943648,2,2,0.00364,0.01799,0.97837
11021159,0,0,0.95703,0.04103,0.00194
39442777,0,0,0.94218,0.0556,0.00223
35127417,0,0,0.57847,0.41341,0.00812
16404058,2,2,0.00631,0.14039,0.8533
4845438,2,2,0.00185,0.0085,0.98965
8906336,2,2,0.00684,0.03907,0.95408
31083095,2,2,0.00663,0.02492,0.96846
36310092,2,2,0.00132,0.01613,0.98254
15027543,2,2,0.00373,0.02406,0.97221
33488418,2,2,0.00179,0.01251,0.98571
34993342,2,2,0.00216,0.04151,0.95633
34452433,2,2,0.00276,0.01515,0.98209
22134297,2,2,0.00142,0.00674,0.99184
39140514,2,2,0.0022,0.00904,0.98877
21269645,2,2,0.00289,0.01435,0.98276
19209233,0,0,0.99217,0.00663,0.0012
10666257,2,2,0.00405,0.02128,0.97467
20353601,2,2,0.00122,0.00494,0.99384
25566170,0,0,0.92455,0.06951,0.00594
22825643,2,2,0.17358,0.40595,0.42047
3499931,2,1,0.06964,0.88213,0.04824
40615997,0,0,0.99219,0.00663,0.00118
24349543,2,2,0.00272,0.01441,0.98287
26193552,0,0,0.82354,0.16472,0.01175
13339028,2,2,0.00466,0.01911,0.97623
36577860,2,2,0.00324,0.02667,0.97009
27475476,2,2,0.00226,0.01319,0.98455
9300737,2,2,0.00234,0.00843,0.98923
14486601,2,2,0.00257,0.00668,0.99075
27605083,0,0,0.77515,0.21109,0.01376
13327285,1,0,0.98059,0.01861,0.0008
25609039,2,2,0.00291,0.05394,0.94315
7375109,2,2,0.00171,0.0129,0.9854
38096427,2,2,0.0021,0.00733,0.99057
39169940,2,2,0.00231,0.02084,0.97685
10706748,2,2,0.00376,0.01705,0.97919
14107928,2,2,0.00151,0.00739,0.99109
23857705,2,2,0.00134,0.007,0.99166
14284021,0,0,0.98942,0.00897,0.00161
28987295,2,2,0.00272,0.01304,0.98424
23093929,2,2,0.00166,0.00918,0.98916
7728398,2,2,0.00206,0.01101,0.98693
8707825,2,2,0.00569,0.06713,0.92718
2601320,1,1,0.23512,0.48014,0.28475
360981,2,2,0.00373,0.03868,0.95758
32777248,2,2,0.00942,0.05903,0.93155
31255861,2,2,0.00198,0.00609,0.99194
31728260,0,1,0.29921,0.65098,0.04981
3637894,0,0,0.97211,0.02656,0.00133
32366191,2,2,0.00476,0.0303,0.96494
15168845,2,1,0.02264,0.84294,0.13442
15412406,2,2,0.00223,0.00869,0.98908
19375360,2,2,0.0052,0.04951,0.94529
38337879,2,2,0.00409,0.05481,0.9411
18334788,2,2,0.00185,0.00774,0.99041
13488371,2,2,0.00175,0.00538,0.99288
10482478,0,0,0.96248,0.03566,0.00186
12074181,2,1,0.06633,0.58203,0.35164
2629088,2,2,0.00641,0.07091,0.92267
355541,2,2,0.00129,0.00793,0.99078
28513811,2,2,0.22468,0.13306,0.64226
8410798,2,2,0.02768,0.02642,0.9459
16383904,2,2,0.00269,0.01054,0.98677
4163226,2,2,0.00312,0.01779,0.97909
26420633,2,2,0.00185,0.01109,0.98706
37008772,0,0,0.79718,0.19843,0.00438
6014711,2,2,0.15669,0.24266,0.60065
20101874,1,2,0.07152,0.37035,0.55814
38215991,2,2,0.00497,0.03387,0.96117
28207276,2,2,0.00754,0.02748,0.96498
7898036,1,2,0.00515,0.04298,0.95187
36672959,0,0,0.98887,0.01016,0.00098
8593593,1,0,0.53799,0.4391,0.02291
38342125,1,1,0.33651,0.64359,0.0199
6887362,2,2,0.01544,0.11506,0.8695
10146903,2,2,0.00227,0.00932,0.98842
9329382,2,2,0.0516,0.15375,0.79465
14847357,2,2,0.00196,0.01464,0.9834
34066550,1,1,0.04534,0.67146,0.2832
20593133,2,2,0.00221,0.02029,0.97751
11350430,0,1,0.14553,0.70866,0.14581
23041768,2,2,0.00169,0.00792,0.99039
1961825,2,2,0.00158,0.00883,0.98958
1904829,2,2,0.00346,0.02162,0.97492
3323944,2,2,0.00142,0.01185,0.98673
38237878,2,2,0.00309,0.00991,0.987
20084103,2,2,0.03851,0.16334,0.79814
33157848,2,2,0.01676,0.14998,0.83326
25157757,0,0,0.90953,0.07506,0.01541
15647642,0,0,0.58957,0.35067,0.05976
8410749,2,2,0.00114,0.01048,0.98838
16424061,2,2,0.00794,0.08882,0.90324
9631673,2,2,0.00307,0.01759,0.97934
39465217,2,2,0.00435,0.04113,0.95452
37607839,2,2,0.00164,0.01775,0.9806
18025541,2,2,0.00249,0.0078,0.98971
24816241,2,2,0.00258,0.03456,0.96286
16969394,2,2,0.00282,0.00882,0.98836
1631159,0,0,0.97694,0.02036,0.0027
1335460,2,2,0.00169,0.00762,0.99069
25590325,2,2,0.00153,0.01023,0.98823
34268502,2,2,0.00206,0.01217,0.98577
38334017,2,2,0.00142,0.00674,0.99184
14893137,1,0,0.86889,0.12915,0.00196
31005524,2,2,0.00145,0.0049,0.99365
182715,2,2,0.0117,0.03648,0.95182
34704046,2,1,0.05719,0.77123,0.17158
12028507,2,2,0.0028,0.01586,0.98134
5291232,2,2,0.00355,0.01192,0.98453
2144255,2,2,0.00146,0.00981,0.98873
35714623,2,2,0.00259,0.01515,0.98226
41414345,2,2,0.00136,0.00668,0.99196
13049239,2,2,0.00484,0.04287,0.95228
9766482,2,2,0.00837,0.08259,0.90903
33909199,1,0,0.49452,0.48306,0.02242
29121540,2,2,0.00271,0.01907,0.97822
9720580,2,2,0.00173,0.01127,0.987
39293025,0,0,0.89909,0.09495,0.00596
41342858,1,1,0.09473,0.85007,0.0552
17547228,0,0,0.95246,0.04525,0.00229
32616888,0,1,0.23663,0.71199,0.05138
12125941,2,2,0.00233,0.01425,0.98343
17912506,0,0,0.70484,0.28478,0.01037
30175936,2,2,0.00523,0.01285,0.98191
7585842,2,2,0.00697,0.10856,0.88447
33034690,2,2,0.00938,0.15928,0.83134
9920838,2,2,0.00691,0.11636,0.87674
3136847,2,2,0.00235,0.03597,0.96169
17414094,2,2,0.0023,0.01079,0.98691
32964997,0,1,0.42125,0.54941,0.02935
35664558,2,0,0.75675,0.20527,0.03797
2564340,0,1,0.1039,0.58407,0.31202
8139528,2,2,0.00378,0.07113,0.92509
4877670,2,2,0.00602,0.02721,0.96676
18898700,2,2,0.00943,0.04344,0.94713
19538763,2,2,0.00294,0.01514,0.98192
36706595,2,2,0.01386,0.12176,0.86438
2055190,2,2,0.00196,0.01255,0.98549
38681573,2,2,0.00892,0.05196,0.93912
19194082,2,2,0.00832,0.05904,0.93263
13519229,2,2,0.00158,0.01194,0.98648
23836582,2,2,0.00109,0.0049,0.99401
36160083,1,2,0.01519,0.12233,0.86248
28493346,0,0,0.98701,0.01186,0.00114
20266009,2,2,0.00161,0.00673,0.99165
2499155,1,2,0.02427,0.14663,0.8291
7792269,2,2,0.00236,0.01464,0.983
3646230,2,2,0.03046,0.45828,0.51125
8388630,1,1,0.19286,0.78697,0.02017
14096440,2,2,0.00303,0.01592,0.98105
6906338,2,2,0.00352,0.02138,0.97511
21452885,2,2,0.00207,0.00856,0.98938
3567784,2,2,0.00233,0.01212,0.98555
38975270,2,2,0.04554,0.12153,0.83293
24324320,2,2,0.00215,0.01688,0.98098
22192952,2,2,0.00122,0.00577,0.99301
21947576,2,2,0.00365,0.0149,0.98145
17302825,0,0,0.76493,0.22967,0.0054
3714280,2,2,0.00248,0.01259,0.98493
5629425,2,2,0.00585,0.04023,0.95392
458216,1,0,0.51506,0.47264,0.0123
8630008,2,1,0.04353,0.50995,0.44653
86595,2,2,0.00153,0.01031,0.98815
33156549,2,2,0.00167,0.00521,0.99312
35078509,2,2,0.00289,0.01424,0.98287
18009724,2,2,0.00313,0.03012,0.96675
24478,2,2,0.0087,0.0317,0.9596
39139098,2,2,0.00336,0.01884,0.97779
7947026,2,2,0.00319,0.01095,0.98586
9438044,0,0,0.94508,0.05118,0.00374
715652,2,2,0.0012,0.00564,0.99317
24609741,2,1,0.10938,0.81374,0.07688
34444718,2,2,0.04214,0.11796,0.83989
11426471,2,2,0.00208,0.01761,0.98031
10106012,1,1,0.27877,0.70634,0.01489
2973697,2,2,0.00304,0.05669,0.94027
29184184,2,2,0.00203,0.00947,0.9885
32869800,2,2,0.17031,0.07528,0.7544
23543096,2,2,0.0013,0.00521,0.99349
24051255,2,2,0.04187,0.25548,0.70265
37798289,2,2,0.00168,0.01208,0.98624
25389813,2,2,0.00458,0.05161,0.94381
40647510,2,2,0.00395,0.0145,0.98155
24732060,2,2,0.00236,0.01355,0.98408
15143900,2,2,0.00459,0.13461,0.8608
7233463,2,2,0.0094,0.03956,0.95104
37720659,2,2,0.002,0.01135,0.98665
37767785,2,2,0.00207,0.00836,0.98957
32534020,2,2,0.00349,0.01288,0.98363
21442603,2,2,0.18745,0.38764,0.42491
15782370,2,2,0.01494,0.24213,0.74292
10633638,2,2,0.01016,0.13095,0.8589
27880679,2,2,0.00124,0.00572,0.99304
19390518,2,2,0.00344,0.0277,0.96886
22576990,0,0,0.56626,0.40786,0.02587
34234072,2,2,0.00209,0.0125,0.98541
6241306,2,2,0.00288,0.01997,0.97716
32489944,2,2,0.00347,0.04942,0.94711
30700643,0,0,0.98744,0.01179,0.00077
178184,2,2,0.00158,0.01055,0.98787
9246078,2,1,0.12067,0.84421,0.03512
23475258,2,2,0.00258,0.0193,0.97812
40936810,0,0,0.95432,0.04455,0.00113
34169940,0,0,0.98001,0.01852,0.00147
33624288,2,1,0.03567,0.7807,0.18363
35403487,2,2,0.00281,0.01349,0.9837
19466386,2,2,0.00695,0.12441,0.86864
36694484,2,0,0.62783,0.20775,0.16442
23323390,2,2,0.00585,0.02551,0.96864
3384597,0,0,0.9671,0.03158,0.00132
11692553,2,2,0.00264,0.01397,0.98339
1667512,2,2,0.01246,0.27479,0.71275
16320770,2,2,0.00432,0.03395,0.96173
5975350,2,2,0.00142,0.00722,0.99136
32085729,2,2,0.00234,0.00647,0.99118
30173251,2,2,0.00235,0.01945,0.9782
29929491,2,2,0.0012,0.00586,0.99294
39270569,2,2,0.01021,0.17884,0.81095
9522052,2,2,0.00406,0.01883,0.97712
14674053,2,0,0.5477,0.32768,0.12462
33298908,2,2,0.00277,0.01113,0.9861
16066511,0,1,0.35906,0.56268,0.07826
26732172,2,2,0.00375,0.03429,0.96195
28127537,2,2,0.00218,0.01844,0.97939
10104808,0,0,0.53397,0.43242,0.03361
19830998,2,2,0.00214,0.02092,0.97694
9322063,2,2,0.00387,0.01957,0.97656
23675204,2,2,0.00682,0.04275,0.95043
5567291,2,2,0.00171,0.01043,0.98786
23831061,2,2,0.00253,0.02381,0.97366
3850937,1,2,0.01933,0.45401,0.52666
25021218,1,1,0.25974,0.70328,0.03698
35718548,2,2,0.07963,0.12552,0.79485
38169748,2,2,0.00197,0.01092,0.98711
17232806,2,2,0.0024,0.01521,0.98239
30582150,2,2,0.02887,0.07287,0.89825
7033278,2,2,0.00163,0.00843,0.98993
33034619,2,2,0.00585,0.04023,0.95392
6294197,2,2,0.01187,0.02997,0.95816
8780661,0,0,0.98517,0.0133,0.00153
24224331,2,2,0.00193,0.01504,0.98303
28431325,2,2,0.00398,0.02194,0.97407
9300650,1,1,0.23434,0.74182,0.02385
20101065,0,0,0.97435,0.02274,0.00291
14824706,2,2,0.00132,0.00633,0.99235
22355327,2,2,0.00209,0.02732,0.97059
12514313,2,2,0.01323,0.06684,0.91994
35650870,2,2,0.00442,0.02526,0.97032
39616832,2,2,0.0014,0.01043,0.98817
37893122,0,0,0.98968,0.00873,0.00158
9070252,2,2,0.00256,0.01381,0.98363
21371633,2,2,0.00156,0.00768,0.99076
29367103,0,0,0.99282,0.00529,0.00189
7367350,0,0,0.96742,0.02718,0.0054
41022997,2,2,0.09653,0.1676,0.73588
17602033,2,1,0.34585,0.63116,0.02299
37230264,0,0,0.98428,0.01492,0.0008
29156883,2,2,0.00144,0.00805,0.99051
41525183,0,0,0.59032,0.39632,0.01335
38049890,2,2,0.06276,0.14226,0.79499
28969333,2,2,0.00188,0.00711,0.99101
29894121,2,2,0.00495,0.03763,0.95742
31696614,1,0,0.56323,0.39783,0.03893
10658034,2,2,0.0051,0.10953,0.88537
15696406,2,1,0.04715,0.69291,0.25994
626444,2,2,0.00422,0.02517,0.97061
369494,2,2,0.00167,0.01644,0.98189
17911599,2,2,0.008,0.05312,0.93888
8688419,0,0,0.67147,0.31967,0.00886
27569846,2,2,0.00526,0.0816,0.91314
12918616,0,0,0.99172,0.007,0.00128
18874790,2,2,0.06609,0.14128,0.79263
33637580,0,0,0.98161,0.01689,0.0015
6228434,2,2,0.00294,0.01221,0.98485
8169719,2,2,0.00546,0.01631,0.97822
20795894,2,2,0.00397,0.05529,0.94074
31147220,2,2,0.00124,0.00706,0.99171
15192311,0,0,0.5405,0.44115,0.01835
36588859,2,2,0.00127,0.00769,0.99104
935489,2,2,0.00134,0.00668,0.99198
23362733,0,0,0.88824,0.10988,0.00188
25723308,0,0,0.97245,0.02473,0.00282
37116957,2,2,0.00131,0.00911,0.98957
17533517,2,2,0.00813,0.06718,0.92469
8928560,1,2,0.11668,0.42183,0.46149
39408290,2,2,0.00342,0.03347,0.96311
20350532,2,2,0.00444,0.02144,0.97412
27245352,2,2,0.0046,0.04814,0.94726
23358261,1,2,0.00374,0.02289,0.97337
922324,2,2,0.07277,0.27356,0.65367
5986623,2,2,0.00902,0.11334,0.87765
34733274,2,2,0.00351,0.00822,0.98827
8584568,1,0,0.69492,0.29888,0.0062
32684863,0,0,0.87654,0.11656,0.0069
4277800,2,2,0.0029,0.01096,0.98614
27300157,2,2,0.00298,0.01686,0.98016
22148389,2,2,0.0025,0.0199,0.9776
1669183,1,1,0.04757,0.83341,0.11902
26987979,2,2,0.00116,0.00781,0.99103
39614805,2,2,0.00276,0.01592,0.98132
24671591,2,2,0.00216,0.01135,0.98649
34948731,2,2,0.00234,0.00716,0.9905
40795342,2,2,0.00309,0.0569,0.94002
31952405,2,2,0.00161,0.00843,0.98996
34791531,1,1,0.26567,0.71654,0.0178
27362986,2,2,0.00316,0.01885,0.97799
19044622,2,2,0.00401,0.02998,0.96601
34531436,2,2,0.00166,0.00863,0.98971
18033327,2,2,0.0049,0.01742,0.97768
17405950,2,2,0.0018,0.01987,0.97833
20293344,2,2,0.00342,0.01758,0.97899
31352434,2,2,0.00441,0.01228,0.9833
18033645,2,2,0.00136,0.00572,0.99292
16039621,0,1,0.34469,0.64397,0.01134
3232048,2,2,0.00922,0.02754,0.96324
22980518,0,1,0.02628,0.73296,0.24076
13194944,2,2,0.00218,0.01481,0.98301
18662368,2,2,0.00589,0.01931,0.97481
39065565,2,2,0.01946,0.06445,0.91609
10637478,1,1,0.24983,0.59059,0.15958
14051241,2,2,0.00543,0.0663,0.92827
5660216,0,0,0.77957,0.21229,0.00814
3719794,2,2,0.00266,0.02083,0.97651
15706337,2,2,0.00168,0.01093,0.98739
27461348,1,0,0.96473,0.03303,0.00225
19420447,2,2,0.23546,0.35729,0.40724
4106175,2,2,0.02986,0.16948,0.80067
35966352,0,0,0.99145,0.00684,0.00172
18689715,0,0,0.89265,0.10455,0.0028
39582215,0,0,0.99258,0.0055,0.00192
3456999,0,0,0.89766,0.09993,0.00241
33939988,2,2,0.00136,0.00757,0.99108
188389,0,0,0.78721,0.18808,0.02472
30153605,2,2,0.00368,0.0222,0.97411
16292019,2,2,0.0014,0.00633,0.99227
29074206,1,0,0.53685,0.45562,0.00754
24678532,2,2,0.0026,0.01166,0.98574
18651665,2,2,0.00122,0.00648,0.9923
1680130,2,2,0.00528,0.07915,0.91558
36841515,0,0,0.97915,0.01475,0.0061
25884132,1,1,0.35474,0.60816,0.0371
11789723,2,1,0.16995,0.78126,0.04879
21229846,2,2,0.00296,0.00862,0.98843
20620841,2,0,0.54503,0.42447,0.03051
17193532,2,2,0.00208,0.0165,0.98142
2677322,0,0,0.97197,0.02618,0.00185
633522,1,1,0.26224,0.72407,0.01368
14221180,2,2,0.00223,0.00991,0.98786
16807793,2,2,0.00156,0.01031,0.98813
19107292,2,2,0.01473,0.28117,0.7041
27296437,2,2,0.00894,0.02765,0.96341
26902842,0,0,0.94493,0.05182,0.00325
21553601,2,1,0.38173,0.56859,0.04968
15858655,2,2,0.0018,0.02162,0.97658
18494076,2,2,0.00551,0.08165,0.91283
40574717,2,2,0.00131,0.0106,0.98809
16834552,0,0,0.99183,0.00731,0.00086
15821190,2,2,0.00358,0.02034,0.97609
3720498,0,0,0.96223,0.03456,0.00321
29490307,2,2,0.01714,0.23108,0.75178
16384602,2,2,0.00369,0.01965,0.97666
24703460,2,2,0.00185,0.01031,0.98784
29971984,2,2,0.00147,0.00517,0.99336
7608682,2,2,0.00237,0.01231,0.98533
35743188,2,2,0.00442,0.02664,0.96894
29407402,2,2,0.00689,0.07633,0.91678
11899607,2,2,0.00256,0.01365,0.98379
16289599,0,0,0.75964,0.23532,0.00504
40541372,2,2,0.00203,0.00925,0.98872
14729291,2,0,0.49917,0.40741,0.09343
39489413,2,2,0.22922,0.29118,0.4796
17029504,2,2,0.00343,0.01491,0.98166
5435577,2,2,0.00356,0.02406,0.97238
37020941,2,2,0.00547,0.04604,0.94849
25148347,2,2,0.00353,0.01653,0.97993
26424127,2,2,0.00505,0.01783,0.97713
37551991,2,2,0.00149,0.00684,0.99167
14189363,2,0,0.83175,0.04206,0.12619
5738286,2,2,0.00285,0.04539,0.95177
1256424,0,0,0.98248,0.01041,0.0071
39061329,0,0,0.91013,0.08334,0.00653
9743585,2,2,0.00253,0.00983,0.98764
35533460,2,2,0.00402,0.01248,0.9835
1021663,2,2,0.00179,0.01101,0.9872
10464736,2,2,0.0014,0.00763,0.99097
9837405,2,2,0.00201,0.00678,0.99121
33200564,0,0,0.82217,0.17505,0.00279
30748735,2,2,0.00291,0.00961,0.98749
5364018,2,2,0.00147,0.00599,0.99254
33882303,2,2,0.00403,0.02625,0.96973
38578609,0,0,0.96747,0.0306,0.00193
37623394,2,2,0.00171,0.00824,0.99005
25145583,0,0,0.7113,0.27855,0.01015
1351369,0,0,0.94198,0.05393,0.0041
33208784,2,2,0.00165,0.01356,0.98479
16820002,2,2,0.00352,0.03555,0.96093
38561091,2,2,0.00173,0.01194,0.98633
35112609,2,2,0.00172,0.007,0.99128
32684957,2,2,0.02837,0.21085,0.76078
37078869,2,2,0.00541,0.04101,0.95358
32573119,2,2,0.00156,0.00653,0.99191
8345435,2,2,0.00123,0.00877,0.99
28802620,2,2,0.00112,0.00781,0.99107
29385735,0,0,0.98997,0.00891,0.00112
2066368,2,1,0.02672,0.52836,0.44492
15065175,2,2,0.00824,0.17748,0.81428
6418765,2,2,0.00161,0.00679,0.9916
8896313,0,0,0.9873,0.01184,0.00086
23234817,2,2,0.07878,0.12249,0.79873
16852337,2,2,0.01768,0.1238,0.85852
9846398,0,1,0.48095,0.51197,0.00708
30486774,2,2,0.00164,0.01796,0.9804
19300994,0,0,0.97232,0.02477,0.00291
198769,2,2,0.00612,0.0269,0.96698
9493541,2,2,0.01703,0.05308,0.92989
9000491,2,2,0.00752,0.05242,0.94006
8973931,0,0,0.67184,0.32235,0.00581
31007642,2,2,0.00953,0.07706,0.91341
11566285,2,2,0.0042,0.01444,0.98135
1053064,2,2,0.01055,0.15143,0.83802
647835,2,2,0.0153,0.03067,0.95403
11271767,0,1,0.46821,0.50232,0.02947
36294982,1,1,0.06786,0.8203,0.11183
2253861,2,2,0.00862,0.12548,0.8659
5567214,2,2,0.01968,0.02468,0.95564
32133909,2,2,0.00179,0.01315,0.98507
2726047,2,2,0.00485,0.02643,0.96872
25706085,0,0,0.96101,0.03708,0.00191
3721903,2,1,0.07545,0.49203,0.43252
27542573,1,1,0.25899,0.70399,0.03702
30695497,2,2,0.00194,0.00992,0.98815
18817982,0,0,0.98982,0.00926,0.00092
20363425,1,1,0.44678,0.48497,0.06825
27984435,0,0,0.95057,0.04742,0.00202
11059214,1,0,0.84741,0.14958,0.00301
12120355,2,2,0.00208,0.01774,0.98018
16606235,0,1,0.35964,0.50225,0.13811
30217265,1,0,0.77756,0.1735,0.04894
36667738,2,2,0.00397,0.02342,0.97261
24097697,2,2,0.00223,0.01122,0.98655
8873665,2,2,0.00185,0.01194,0.98622
39021928,0,0,0.96767,0.03103,0.0013
2299426,2,2,0.01714,0.23108,0.75178
16477303,2,2,0.00114,0.0059,0.99295
29576748,0,0,0.99249,0.00537,0.00214
32983572,2,2,0.00349,0.02893,0.96758
15658620,2,2,0.00131,0.01426,0.98443
28734008,2,2,0.00466,0.0194,0.97593
13921606,1,0,0.50008,0.1876,0.31233
17934129,1,1,0.17903,0.77164,0.04933
3315682,2,2,0.00208,0.01533,0.98258
25926445,2,2,0.00363,0.06489,0.93148
13595762,2,2,0.00113,0.00577,0.9931
20795633,2,0,0.56079,0.40392,0.03529
6999540,2,2,0.00289,0.03111,0.966
34402697,0,0,0.6099,0.38167,0.00843
5931063,2,1,0.33119,0.64845,0.02036
34517691,0,0,0.67009,0.31653,0.01337
41300279,2,2,0.00544,0.02007,0.97449
266768,0,0,0.98198,0.01401,0.00401
30591689,2,2,0.00595,0.02456,0.9695
36080571,2,1,0.28461,0.39873,0.31666
8312392,2,1,0.02112,0.81143,0.16745
34842296,2,2,0.00535,0.03734,0.95732
10962901,2,2,0.00202,0.01504,0.98294
8828845,2,2,0.00322,0.01699,0.97979
1952869,2,1,0.08751,0.79075,0.12174
38671816,2,2,0.00424,0.02112,0.97464
16275930,2,1,0.06747,0.61563,0.3169
14215343,2,2,0.00538,0.01582,0.9788
21270819,2,2,0.00163,0.0118,0.98657
19268706,2,2,0.00171,0.01011,0.98818
3060696,0,0,0.92337,0.07404,0.00259
26994095,2,2,0.04169,0.12742,0.83089
14102278,2,2,0.00137,0.01114,0.98748
35540957,0,0,0.95312,0.0444,0.00248
21537845,2,1,0.05862,0.79979,0.14159
35948778,2,2,0.00223,0.00869,0.98908
12024250,2,2,0.00799,0.12407,0.86794
39668644,2,2,0.16464,0.18547,0.64989
6212939,2,2,0.02632,0.05316,0.92052
35398370,1,0,0.67145,0.32217,0.00638
5586732,2,2,0.00321,0.03461,0.96219
27002713,0,0,0.66874,0.32086,0.0104
40971037,2,2,0.00491,0.02906,0.96603
14157928,2,2,0.00118,0.0104,0.98843
5890273,0,0,0.50068,0.48909,0.01023
35818350,2,2,0.00116,0.00812,0.99072
10234712,2,2,0.00177,0.00478,0.99344
37150588,0,0,0.91026,0.08701,0.00272
13964496,2,0,0.70014,0.25259,0.04727
17031734,0,0,0.81214,0.18263,0.00522
30019799,2,2,0.01469,0.06915,0.91616
7207430,0,0,0.76386,0.23297,0.00317
19650943,0,0,0.96632,0.03172,0.00195
12781209,2,2,0.00474,0.01839,0.97687
24016245,2,2,0.01603,0.05934,0.92463
31083056,2,2,0.00475,0.01583,0.97942
11984628,2,2,0.00353,0.01813,0.97834
15289120,2,2,0.0021,0.00869,0.98921
38014057,2,2,0.00143,0.01432,0.98425
23455333,2,2,0.0037,0.03132,0.96497
8995105,2,2,0.00987,0.12856,0.86156
6970054,0,0,0.97191,0.02424,0.00385
16342035,2,2,0.00574,0.04393,0.95033
35986294,2,2,0.00144,0.0083,0.99025
31295273,2,1,0.09236,0.46357,0.44407
31493414,2,2,0.00133,0.01378,0.9849
36464527,0,2,0.23765,0.21423,0.54812
41510634,0,0,0.98843,0.0102,0.00137
17585717,2,2,0.09793,0.09793,0.80413
27040232,0,0,0.97858,0.02056,0.00086
38314544,0,0,0.70826,0.26673,0.025
14013283,0,0,0.53509,0.33682,0.12809
1903376,1,0,0.74327,0.25289,0.00384
10602375,2,2,0.00213,0.00999,0.98788
10555100,2,2,0.00124,0.006,0.99277
8135270,2,2,0.00363,0.02105,0.97532
29869550,2,2,0.00372,0.02646,0.96982
11336170,0,0,0.96033,0.03849,0.00118
1389843,1,0,0.56512,0.42992,0.00497
29614731,2,2,0.06129,0.06918,0.86953
8800709,1,1,0.07699,0.85905,0.06395
30395735,2,2,0.00209,0.01325,0.98467
3744956,2,2,0.01298,0.11867,0.86835
39103891,2,2,0.00173,0.01131,0.98695
29517212,2,2,0.00162,0.00391,0.99447
23728979,2,2,0.00154,0.00706,0.99141
14213094,1,2,0.18395,0.26687,0.54918
24728765,2,2,0.00951,0.23497,0.75552
3957951,2,2,0.0063,0.0733,0.9204
12506306,2,2,0.00171,0.00925,0.98904
6834612,2,2,0.00209,0.01047,0.98744
12534609,2,2,0.00528,0.01924,0.97548
38089288,2,2,0.00236,0.04716,0.95048
29382173,2,2,0.00197,0.01047,0.98756
19787652,0,0,0.89871,0.09773,0.00356
38571183,2,2,0.00256,0.01264,0.9848
34081098,0,0,0.98528,0.01341,0.00131
17757651,0,1,0.35769,0.42893,0.21338
9927909,2,2,0.00206,0.00925,0.98869
39232467,2,2,0.00186,0.02162,0.97653
5646969,2,1,0.1733,0.6748,0.1519
38883925,2,2,0.00317,0.01766,0.97918
13770522,2,2,0.00943,0.04344,0.94713
33892637,2,2,0.04529,0.14557,0.80914
17302359,2,2,0.00166,0.00883,0.98951
5374300,2,2,0.00327,0.01622,0.98051
3942965,2,2,0.00174,0.0085,0.98976
31884701,2,2,0.00134,0.00689,0.99177
13249291,2,2,0.00454,0.03036,0.9651
6516107,2,2,0.00264,0.02715,0.97021
11455047,0,1,0.2748,0.70722,0.01798
31948442,2,2,0.00216,0.0108,0.98705
16073454,2,1,0.16233,0.6976,0.14007
32938514,2,2,0.00637,0.04801,0.94562
10481384,2,2,0.00484,0.0295,0.96566
9308541,2,2,0.00147,0.00745,0.99108
13520048,0,0,0.97792,0.02054,0.00154
31697647,0,0,0.96714,0.03088,0.00199
24032746,2,2,0.00114,0.00787,0.99099
28893479,2,2,0.0021,0.00792,0.98998
1758457,2,2,0.00193,0.01295,0.98512
530116,2,2,0.00136,0.00775,0.9909
19972670,2,2,0.00116,0.00643,0.99241
12332640,2,2,0.00947,0.02456,0.96597
19936359,2,2,0.01544,0.11506,0.8695
26341959,2,2,0.00182,0.00799,0.99019
11299357,2,1,0.01215,0.59475,0.3931
16501501,2,2,0.00218,0.01533,0.98249
35128006,2,2,0.01714,0.23108,0.75178
4060699,2,2,0.07482,0.13938,0.7858
4211605,2,2,0.0018,0.00563,0.99257
16335595,0,0,0.95734,0.03989,0.00277
27204557,2,2,0.00145,0.00572,0.99283
5014284,2,2,0.00289,0.01469,0.98242
29199610,2,2,0.0014,0.00734,0.99126
22695590,2,2,0.00464,0.0234,0.97196
2295010,2,2,0.00177,0.00568,0.99255
4211066,2,2,0.00275,0.01982,0.97744
7383404,1,2,0.00369,0.03622,0.96009
40109758,2,2,0.00118,0.00853,0.99029
23999104,0,2,0.24099,0.29585,0.46316
37628669,1,1,0.03939,0.85537,0.10525
25850956,2,2,0.00237,0.02659,0.97104
39991953,2,2,0.00126,0.0053,0.99345
24705991,2,2,0.00127,0.00781,0.99092
25506942,2,2,0.00412,0.01819,0.97769
19594506,2,1,0.04019,0.90063,0.05917
19736452,2,2,0.00129,0.00811,0.99059
26324550,2,2,0.0014,0.00572,0.99288
12267900,2,2,0.01226,0.03632,0.95142
444481,2,2,0.0136,0.01788,0.96852
21880260,2,2,0.02116,0.05774,0.9211
14654669,2,2,0.0125,0.16432,0.82318
38902225,2,2,0.00549,0.02733,0.96718
9714804,0,0,0.99119,0.00763,0.00118
17661762,0,0,0.95723,0.03996,0.00282
24437142,2,2,0.01014,0.15864,0.83122
11577743,2,2,0.0033,0.03856,0.95815
32084936,2,2,0.00241,0.03931,0.95828
13993186,2,2,0.00264,0.01166,0.9857
3010937,2,2,0.00291,0.02353,0.97356
40890877,2,2,0.00356,0.00895,0.98749
3655635,2,2,0.00116,0.00658,0.99226
19509410,2,2,0.00225,0.01533,0.98242
7071289,2,2,0.00274,0.02051,0.97675
9953401,2,2,0.00154,0.00628,0.99218
22535131,1,1,0.26514,0.70128,0.03358
37745731,0,0,0.53619,0.43084,0.03296
723842,2,2,0.00276,0.01532,0.98192
34519550,2,2,0.04715,0.27078,0.68207
26808079,0,1,0.1858,0.75154,0.06266
15161693,2,2,0.00943,0.04344,0.94713
11218575,2,2,0.01871,0.04384,0.93744
615166,2,2,0.00236,0.01447,0.98317
12283418,1,2,0.00849,0.11164,0.87986
16864451,2,2,0.00245,0.00991,0.98764
555933,2,2,0.01327,0.04153,0.9452
39176998,2,2,0.00122,0.00711,0.99167
41547514,0,0,0.6864,0.30939,0.00421
26941136,0,0,0.585,0.38969,0.0253
20100268,2,2,0.00179,0.01076,0.98745
9344482,2,2,0.00172,0.00679,0.9915
10107238,2,1,0.17695,0.64917,0.17387
32309536,2,2,0.00699,0.01856,0.97445
25563215,0,1,0.28271,0.68618,0.03111
39544417,0,0,0.48915,0.33948,0.17137
30909876,2,2,0.00313,0.01249,0.98438
30008220,2,2,0.00268,0.01446,0.98286
29439903,0,0,0.91987,0.07821,0.00192
13361872,2,2,0.00113,0.00505,0.99382
12555681,2,2,0.01164,0.14657,0.84179
33614869,2,2,0.00189,0.00628,0.99184
862724,2,2,0.00239,0.01998,0.97764
11162244,0,0,0.93636,0.06249,0.00115
20640323,1,0,0.96944,0.02945,0.00112
9603157,2,2,0.00381,0.02041,0.97578
23746665,2,2,0.00138,0.00918,0.98944
27570280,0,1,0.33096,0.59462,0.07443
21326106,2,2,0.00207,0.00805,0.98989
13782073,2,2,0.00797,0.02605,0.96598
41342091,2,2,0.00247,0.01801,0.97952
9939563,2,2,0.00149,0.00856,0.98995
5826930,2,2,0.00143,0.01443,0.98414
11899113,2,2,0.00929,0.07199,0.91871
4777197,2,2,0.00273,0.01121,0.98606
40648846,2,2,0.00295,0.01022,0.98683
33545281,2,2,0.00218,0.01481,0.98301
21090721,2,2,0.00156,0.00568,0.99276
363846,2,1,0.03278,0.83239,0.13483
32266479,2,2,0.00113,0.00577,0.9931
10820631,2,2,0.00211,0.01681,0.98107
22600813,2,2,0.00499,0.02917,0.96584
21368294,0,1,0.12189,0.84278,0.03533
14273566,2,2,0.00125,0.01136,0.98739
2919514,2,1,0.09399,0.87193,0.03407
24429369,2,2,0.0017,0.03317,0.96513
18280614,2,2,0.00244,0.0143,0.98326
21392641,0,0,0.54126,0.45224,0.0065
10734602,2,2,0.00369,0.09383,0.90248
30540107,2,2,0.01714,0.23108,0.75178
22951884,2,2,0.00291,0.00688,0.9902
4073818,2,2,0.00429,0.09714,0.89856
39359156,2,2,0.00433,0.04566,0.95
9094687,2,2,0.00239,0.0176,0.98001
34321603,0,0,0.94945,0.04792,0.00263
5095585,0,0,0.967,0.03016,0.00285
32917002,0,0,0.8836,0.11016,0.00624
17582298,2,2,0.00181,0.01325,0.98494
30617553,1,1,0.15453,0.76957,0.0759
32414091,2,2,0.00601,0.08735,0.90664
22134287,2,2,0.00314,0.00882,0.98804
25767425,2,2,0.00533,0.04048,0.95419
28813849,2,0,0.4914,0.31083,0.19777
2537790,2,2,0.00141,0.01715,0.98144
39466958,2,2,0.01153,0.16745,0.82102
35722599,0,0,0.992,0.00628,0.00172
567170,1,2,0.06719,0.20196,0.73085
4754393,2,2,0.0631,0.16813,0.76876
18160621,2,2,0.01026,0.05198,0.93776
33677777,2,2,0.00452,0.01839,0.97708
28425294,0,0,0.98334,0.01582,0.00084
3402625,2,2,0.00189,0.01991,0.9782
14578047,2,2,0.00624,0.03823,0.95553
22279742,2,2,0.00494,0.15128,0.84378
5084113,0,0,0.99232,0.00628,0.0014
14636015,2,2,0.00187,0.01415,0.98398
30458740,0,0,0.98692,0.01214,0.00094
14184872,2,1,0.02769,0.66037,0.31194
33378654,2,2,0.0019,0.01345,0.98464
32115226,2,2,0.00396,0.04122,0.95482
29312910,2,2,0.00365,0.07545,0.92091
11419060,2,2,0.00183,0.00733,0.99084
19332966,2,2,0.00502,0.0079,0.98708
8321118,2,2,0.00265,0.03726,0.96008
39289401,2,2,0.21496,0.36459,0.42046
1065300,1,0,0.64606,0.33517,0.01876
7938091,2,2,0.00136,0.00695,0.99169
14511800,0,0,0.97395,0.02431,0.00174
35674737,2,2,0.00189,0.02077,0.97735
38924748,0,0,0.98474,0.01407,0.00119
34238786,2,2,0.00325,0.05274,0.94401
23744730,2,2,0.00152,0.01834,0.98014
33985134,0,1,0.07463,0.84912,0.07625
35945546,2,2,0.00454,0.04456,0.9509
26549855,2,0,0.85694,0.08892,0.05414
17970700,2,2,0.00333,0.01354,0.98313
17877982,2,2,0.00517,0.02543,0.9694
22461870,2,1,0.01637,0.49758,0.48605
15226651,2,2,0.00352,0.02154,0.97494
22622471,2,1,0.05807,0.81427,0.12766
11051567,2,2,0.00209,0.02711,0.9708
28954592,2,2,0.01365,0.02198,0.96437
13358964,2,2,0.01452,0.22894,0.75654
15626535,2,2,0.01852,0.28638,0.69509
12135220,2,0,0.86108,0.09737,0.04155
22833656,2,2,0.1752,0.19756,0.62724
23914024,2,2,0.00209,0.01055,0.98736
21849704,2,2,0.00142,0.00653,0.99205
20444435,2,0,0.97773,0.02077,0.00149
6414819,2,2,0.00227,0.00932,0.98842
24114779,2,2,0.00356,0.08285,0.91359
13271015,0,0,0.96699,0.03167,0.00134
6158672,2,2,0.00568,0.03897,0.95535
3851190,2,2,0.00175,0.0201,0.97815
36502416,1,1,0.10547,0.77779,0.11674
30353530,1,1,0.11275,0.83394,0.05331
41058436,2,2,0.00152,0.02073,0.97775
41473618,0,0,0.96232,0.03557,0.00211
7243858,2,2,0.00207,0.02021,0.97771
20728293,0,0,0.9497,0.04897,0.00132
39590484,2,2,0.01097,0.11759,0.87144
18104029,1,1,0.05704,0.78127,0.1617
929724,1,1,0.23389,0.72042,0.0457
3202374,2,2,0.0062,0.14326,0.85055
12383967,0,2,0.0695,0.19771,0.73279
34211978,2,2,0.00374,0.02113,0.97513
4916316,2,2,0.00198,0.01837,0.97965
11451130,0,0,0.92982,0.06815,0.00203
18900944,2,1,0.03333,0.85947,0.10721
9451226,2,2,0.00929,0.08679,0.90392
3770156,2,2,0.00886,0.12869,0.86245
23226308,2,2,0.00398,0.03655,0.95946
24832017,2,2,0.00226,0.01015,0.98759
11189206,2,2,0.00991,0.02541,0.96468
29891992,1,1,0.35305,0.62938,0.01758
24003470,2,2,0.00297,0.01759,0.97943
12119491,2,2,0.01011,0.02891,0.96099
30638849,2,2,0.0027,0.00642,0.99088
18802519,2,2,0.00932,0.05464,0.93604
29917709,2,2,0.00358,0.0192,0.97722
22802616,2,2,0.00791,0.06304,0.92905
33289683,2,2,0.00589,0.04848,0.94563
27765031,2,2,0.00481,0.02031,0.97488
6110057,2,2,0.00467,0.04734,0.94799
15076602,2,2,0.12346,0.23721,0.63933
34870300,2,2,0.0019,0.03016,0.96794
22959919,0,1,0.47007,0.51628,0.01365
25967577,2,2,0.00139,0.01127,0.98733
36358080,2,2,0.01027,0.14824,0.84149
29966752,2,2,0.04209,0.27336,0.68455
26443741,0,0,0.93908,0.05267,0.00825
22754821,1,0,0.77349,0.22161,0.0049
5745633,0,1,0.03816,0.87534,0.0865
24467854,2,2,0.0134,0.28312,0.70348
39665776,2,2,0.00292,0.02163,0.97545
2280483,1,1,0.15601,0.77242,0.07157
27692123,2,2,0.00148,0.01162,0.98689
24101528,2,2,0.00218,0.01481,0.98301
15876106,2,2,0.00131,0.00996,0.98873
19780117,2,2,0.00541,0.04124,0.95335
26015524,2,2,0.01101,0.19283,0.79616
41260208,2,2,0.00815,0.04937,0.94248
34475783,2,2,0.00543,0.03685,0.95772
24722486,1,1,0.36803,0.61153,0.02044
11613086,2,2,0.00213,0.02324,0.97463
40865005,2,2,0.0508,0.16069,0.78851
16737608,2,2,0.00116,0.00643,0.99241
40580825,2,2,0.00428,0.01247,0.98325
20488318,2,2,0.00168,0.00973,0.98859
22864931,2,2,0.0037,0.07558,0.92072
27717475,2,2,0.00304,0.01183,0.98513
3444257,2,2,0.00184,0.01356,0.9846
36500718,0,0,0.96157,0.03565,0.00279
36925119,2,2,0.00696,0.03798,0.95506
31772620,2,2,0.00393,0.01949,0.97658
38057003,2,2,0.00099,0.00624,0.99277
37288580,2,2,0.01061,0.04952,0.93987
27488569,2,2,0.0014,0.01016,0.98845
40303948,0,0,0.99013,0.00891,0.00096
40171542,1,2,0.01339,0.44338,0.54324
75260,2,1,0.02307,0.67422,0.30271
24637441,2,2,0.00213,0.00694,0.99092
8109758,2,1,0.40261,0.49911,0.09828
37709285,2,2,0.00263,0.01674,0.98063
3469616,2,1,0.29284,0.39483,0.31233
34153274,2,2,0.00287,0.0209,0.97622
17616750,2,2,0.00156,0.02664,0.9718
15895667,1,0,0.55734,0.42071,0.02195
21194741,2,2,0.00272,0.01544,0.98184
17532077,2,1,0.12312,0.85463,0.02225
34703663,0,0,0.95732,0.03871,0.00397
4518791,2,2,0.00131,0.00805,0.99063
18487108,2,2,0.00376,0.01615,0.98008
1567501,2,1,0.41336,0.55191,0.03474
20583305,2,2,0.00257,0.02223,0.9752
24626736,2,2,0.00259,0.01475,0.98266
6352800,2,2,0.0124,0.07663,0.91098
29986165,2,2,0.00177,0.00745,0.99078
35117418,2,1,0.33528,0.53161,0.13311
5510209,2,2,0.01879,0.16948,0.81172
18217878,2,2,0.01139,0.12491,0.86369
39372744,2,2,0.00161,0.00897,0.98942
31294724,2,2,0.00523,0.02807,0.96669
40447805,1,2,0.00624,0.02301,0.97075
1304295,0,0,0.93726,0.06015,0.00259
29143178,2,2,0.01656,0.12715,0.85628
39030866,2,2,0.07703,0.14804,0.77493
21434835,2,2,0.00356,0.02406,0.97238
17268759,2,2,0.00409,0.05522,0.94068
36625274,0,0,0.80994,0.17312,0.01694
6312183,1,2,0.01954,0.04633,0.93413
2033683,0,1,0.40474,0.58431,0.01096
893142,2,2,0.00659,0.03036,0.96305
26266799,2,2,0.00157,0.00505,0.99338
2025762,2,2,0.00344,0.0137,0.98287
21791289,1,0,0.95078,0.04711,0.00211
13744851,0,0,0.98053,0.01821,0.00126
18948113,2,2,0.00248,0.01198,0.98554
20066634,2,2,0.00221,0.01945,0.97834
18538293,2,2,0.00519,0.05068,0.94413
29057172,2,1,0.04355,0.772,0.18444
19903102,2,2,0.00252,0.0103,0.98717
15296672,2,2,0.01744,0.12215,0.86041
14822224,2,2,0.00219,0.01039,0.98742
28557707,2,2,0.00527,0.05063,0.9441
283562,2,2,0.00275,0.01766,0.97958
33733468,2,2,0.00378,0.02795,0.96827
1998472,2,2,0.00314,0.01022,0.98664
4866739,2,2,0.01128,0.05716,0.93156
38063289,2,2,0.00139,0.01163,0.98698
16400309,0,0,0.99145,0.00706,0.00149
1247854,2,2,0.00292,0.01974,0.97734
34122712,2,2,0.00319,0.01022,0.98659
34973701,2,2,0.00222,0.01539,0.98239
37992543,2,2,0.01148,0.09092,0.8976
7231823,2,2,0.10566,0.27675,0.6176
3189408,2,2,0.0044,0.0159,0.97971
11148157,2,2,0.00401,0.01501,0.98098
25201169,0,0,0.72681,0.26738,0.00582
6401877,2,2,0.00431,0.0204,0.97529
27726764,2,2,0.00137,0.00981,0.98882
27545134,1,0,0.62834,0.34296,0.02871
30273005,2,2,0.00259,0.01475,0.98266
35038918,2,2,0.00165,0.01488,0.98348
12474882,0,0,0.99258,0.00604,0.00138
1722102,2,2,0.01103,0.34305,0.64592
29969204,2,2,0.01539,0.32009,0.66452
31093650,0,1,0.46997,0.51616,0.01386
15349376,2,2,0.0032,0.05181,0.94499
21684315,2,2,0.00567,0.13954,0.85479
34979142,2,2,0.00572,0.18488,0.8094
28873962,0,0,0.89996,0.0956,0.00444
14686204,2,2,0.0277,0.06218,0.91012
33045523,0,0,0.93223,0.06507,0.0027
36353298,2,2,0.00202,0.01284,0.98513
21534599,2,2,0.00161,0.00863,0.98976
20464343,2,2,0.01766,0.09748,0.88486
15665490,1,1,0.04338,0.77503,0.18159
31192840,2,2,0.20132,0.34853,0.45015
9064335,2,2,0.00461,0.04586,0.94953
21093859,2,2,0.00187,0.01675,0.98138
5428723,2,2,0.00144,0.00958,0.98898
23955148,1,0,0.97921,0.01902,0.00178
7811557,2,2,0.00375,0.0182,0.97805
28533694,2,2,0.01634,0.0414,0.94226
2969630,2,2,0.00154,0.0085,0.98997
9634792,2,1,0.11984,0.84024,0.03992
13021828,2,2,0.00283,0.01914,0.97802
7276577,2,2,0.00332,0.03134,0.96534
21568425,2,2,0.00135,0.00887,0.98978
2842052,2,1,0.02969,0.63972,0.33059
7929916,0,0,0.84527,0.14631,0.00842
20742613,0,0,0.7953,0.19113,0.01358
34327116,2,2,0.01394,0.12385,0.86221
36410400,1,0,0.58351,0.40419,0.0123
4261528,2,2,0.0169,0.24739,0.7357
11174109,2,2,0.00215,0.01545,0.9824
18229587,2,2,0.00339,0.01014,0.98647
34946986,2,2,0.00469,0.04345,0.95186
6284638,2,2,0.00136,0.00534,0.9933
4285043,2,1,0.15245,0.70766,0.13989
35622663,0,0,0.96536,0.03171,0.00293
1220684,1,1,0.22437,0.762,0.01363
24175229,2,2,0.00397,0.0247,0.97133
33111430,2,2,0.00443,0.05287,0.94269
40008134,2,2,0.0044,0.02997,0.96563
6821257,2,2,0.01325,0.22855,0.7582
10501499,2,2,0.00222,0.01361,0.98417
16052469,2,2,0.01548,0.39917,0.58535
37310367,2,2,0.00317,0.01712,0.97971
17662677,2,2,0.00302,0.01849,0.97849
12186602,1,0,0.99033,0.00827,0.0014
34218994,2,2,0.00148,0.01499,0.98353
40208389,2,2,0.00259,0.01475,0.98266
28853986,2,2,0.00168,0.0131,0.98522
25009230,2,2,0.03135,0.0525,0.91615
17478241,0,0,0.9835,0.01228,0.00421
27405937,2,2,0.01714,0.23108,0.75178
16620923,1,0,0.6012,0.2441,0.1547
36073619,2,2,0.00152,0.00595,0.99254
20241453,2,2,0.0064,0.02836,0.96524
33896292,2,2,0.00533,0.04048,0.95419
18305358,2,2,0.005,0.0568,0.9382
16238244,0,0,0.97977,0.0191,0.00113
28567933,1,1,0.35577,0.63422,0.01001
27474180,2,2,0.00213,0.02215,0.97571
18806289,1,1,0.057,0.91997,0.02303
21667174,2,2,0.00237,0.01231,0.98533
27838005,2,1,0.26367,0.43344,0.30289
26414020,2,2,0.00936,0.09412,0.89652
22868698,2,2,0.00162,0.01454,0.98384
17276761,2,2,0.00116,0.0069,0.99194
32935195,2,2,0.00408,0.01317,0.98275
35412785,2,2,0.38351,0.14844,0.46805
25918169,2,2,0.00301,0.02114,0.97585
29310443,1,0,0.87976,0.10254,0.0177
8908547,2,2,0.00415,0.02747,0.96838
2046013,2,2,0.0026,0.01334,0.98406
30031964,2,2,0.00203,0.02437,0.97359
28889179,2,2,0.06574,0.40904,0.52522
32076243,2,2,0.00928,0.18073,0.80998
36904094,2,2,0.03519,0.42706,0.53775
27418311,0,1,0.16487,0.77359,0.06155
32573013,2,2,0.00338,0.01349,0.98313
9020895,2,2,0.00514,0.04597,0.94889
23196082,0,0,0.78298,0.2091,0.00792
31750905,1,0,0.80694,0.18869,0.00437
18188844,0,0,0.99195,0.00663,0.00142
1108744,2,2,0.00266,0.01929,0.97804
2910156,0,0,0.99177,0.00585,0.00238
6266870,2,2,0.18846,0.13351,0.67802
18805453,2,2,0.00674,0.0828,0.91046
2210961,2,2,0.00127,0.00769,0.99104
39606094,2,0,0.99098,0.00652,0.0025
41105914,0,0,0.99088,0.00796,0.00116
39314536,2,0,0.79972,0.15481,0.04547
33878322,0,1,0.43492,0.53706,0.02802
7729049,2,0,0.78663,0.15319,0.06019
31675993,2,2,0.00126,0.00586,0.99289
16506445,2,2,0.00145,0.02138,0.97717
27684455,2,2,0.00325,0.0209,0.97585
36258431,2,2,0.00131,0.00837,0.99032
8610756,0,0,0.96464,0.03261,0.00275
40486551,2,2,0.00135,0.013,0.98565
35467089,2,2,0.00146,0.00897,0.98956
19087853,2,2,0.00368,0.03854,0.95778
7655124,0,0,0.77538,0.2187,0.00592
7158594,2,2,0.0043,0.00731,0.98839
32147654,1,2,0.03202,0.28874,0.67925
28442593,2,2,0.00187,0.01612,0.98201
18986175,2,2,0.01009,0.06693,0.92298
1690408,2,2,0.00337,0.0336,0.96303
32647256,2,2,0.00447,0.04621,0.94932
32987549,2,2,0.27859,0.36,0.36141
28806234,2,2,0.00233,0.01122,0.98645
34397343,2,2,0.00134,0.00648,0.99218
9454211,2,1,0.39983,0.50741,0.09277
16510468,2,2,0.00292,0.02082,0.97626
29955035,2,2,0.00288,0.01828,0.97884
6532652,2,2,0.00182,0.00745,0.99073
7637428,2,2,0.00273,0.0103,0.98697
39249729,0,0,0.99183,0.0069,0.00128
34439483,1,0,0.55333,0.43772,0.00894
5533748,2,2,0.00785,0.01869,0.97346
30205044,2,2,0.00122,0.00793,0.99086
34204848,2,2,0.00781,0.14446,0.84773
28268900,1,2,0.00661,0.10074,0.89265
22967476,1,0,0.62032,0.37041,0.00927
20367192,2,2,0.00146,0.01012,0.98842
16121225,2,2,0.02067,0.27328,0.70606
34597588,0,0,0.59651,0.39736,0.00613
35673839,1,1,0.11498,0.84915,0.03588
14699747,2,2,0.00207,0.00817,0.98976
38241839,2,2,0.00292,0.02074,0.97634
5517789,2,2,0.00218,0.01481,0.98301
40347288,2,2,0.0053,0.04669,0.94801
26480925,0,0,0.83755,0.15554,0.00691
37206297,0,1,0.32316,0.66308,0.01376
39616733,2,2,0.00444,0.02261,0.97295
27356361,2,2,0.00206,0.00992,0.98802
8335704,2,0,0.34006,0.33609,0.32385
19322642,2,2,0.00212,0.01557,0.98231
18934276,2,2,0.00291,0.0391,0.95799
26662971,0,0,0.98982,0.0083,0.00188
35532952,2,2,0.23183,0.09284,0.67534
18106439,2,2,0.02521,0.12026,0.85454
25047122,2,2,0.00218,0.01481,0.98301
31566052,2,2,0.00813,0.01507,0.97681
6092384,2,2,0.01537,0.36095,0.62367
9063018,2,2,0.00169,0.00897,0.98934
14781174,0,0,0.97277,0.0245,0.00273
31744843,0,0,0.95407,0.04454,0.00139
22963835,2,2,0.00187,0.01208,0.98605
16908825,0,0,0.95117,0.04726,0.00157
28904694,0,0,0.98636,0.01199,0.00165
7891452,2,2,0.00186,0.02141,0.97673
13875458,2,2,0.00168,0.01189,0.98642
15487231,2,2,0.00176,0.00977,0.98847
20057896,2,2,0.00156,0.00951,0.98893
17699429,1,1,0.10664,0.86796,0.0254
35160926,2,2,0.00158,0.0108,0.98762
41495520,0,0,0.98228,0.01667,0.00105
26337596,2,2,0.00236,0.01398,0.98366
31015037,2,2,0.00218,0.01694,0.98088
18477150,2,2,0.00295,0.01054,0.98651
19716802,2,0,0.91315,0.08395,0.00291
41414136,1,0,0.90168,0.09541,0.00292
31994310,2,2,0.01049,0.12936,0.86015
38420447,2,2,0.00631,0.1541,0.83959
9178134,0,1,0.40598,0.40996,0.18406
30328950,2,2,0.00185,0.01167,0.98649
9490196,2,2,0.00638,0.01642,0.97719
20940843,0,0,0.93272,0.06347,0.00381
7046617,2,2,0.00188,0.01063,0.98749
13341532,2,2,0.00276,0.01509,0.98215
3737691,2,2,0.0032,0.02106,0.97574
40222527,2,2,0.00174,0.00837,0.98989
33270249,2,2,0.01065,0.15649,0.83286
7380740,2,2,0.00157,0.00464,0.9938
2720339,2,2,0.01714,0.23108,0.75178
27745844,2,2,0.00172,0.00542,0.99286
19941998,1,0,0.9537,0.04452,0.00178
17113883,2,1,0.04195,0.86254,0.09551
22451352,2,2,0.00136,0.0083,0.99034
14073815,2,2,0.00151,0.00811,0.99038
18547047,2,2,0.00757,0.03126,0.96117
4496349,2,2,0.00606,0.06627,0.92767
26142287,2,2,0.0015,0.01722,0.98128
34776487,0,0,0.95127,0.04644,0.00229
10278691,2,2,0.00187,0.0154,0.98274
9084359,0,0,0.99217,0.00576,0.00207
15831678,2,2,0.00194,0.00911,0.98895
27463458,2,2,0.00188,0.00817,0.98995
35129519,0,1,0.14527,0.72629,0.12845
28773266,2,2,0.00248,0.01334,0.98418
36413104,0,1,0.21757,0.72178,0.06065
4588275,2,1,0.04601,0.90267,0.05132
8243464,0,0,0.62036,0.37044,0.0092
31164893,2,2,0.0123,0.05514,0.93256
19808962,2,2,0.0022,0.00897,0.98884
22053852,2,2,0.0012,0.00658,0.99222
34064145,0,0,0.95051,0.04642,0.00307
39651824,2,2,0.00246,0.01864,0.97889
36513785,2,2,0.00185,0.01047,0.98768
25952515,2,2,0.00263,0.03071,0.96666
41184581,2,1,0.22952,0.73227,0.03821
6971921,2,1,0.0275,0.55232,0.42018
18053198,2,2,0.00152,0.00599,0.99249
35793114,0,1,0.36619,0.62292,0.01089
13295281,2,2,0.00192,0.0183,0.97978
17198764,2,2,0.0014,0.00904,0.98956
14648423,2,2,0.00564,0.11651,0.87785
22670266,2,2,0.00134,0.00674,0.99193
38543496,0,2,0.21797,0.37994,0.40209
36952931,2,2,0.00305,0.02205,0.9749
18747171,0,0,0.98617,0.01271,0.00112
29786718,0,1,0.47807,0.4894,0.03253
24568710,0,0,0.91188,0.08334,0.00479
24777261,2,2,0.00995,0.34518,0.64488
37521595,2,2,0.00585,0.04023,0.95392
40076154,2,2,0.00293,0.01835,0.97872
40975629,2,2,0.00277,0.01046,0.98677
32674456,2,2,0.00721,0.06331,0.92948
29023017,0,0,0.99052,0.00768,0.0018
7306484,2,2,0.00342,0.03347,0.96311
15778876,2,2,0.00154,0.00722,0.99124
9954150,2,2,0.0048,0.00671,0.98849
15159643,0,2,0.00192,0.01953,0.97855
34616096,1,1,0.04692,0.83175,0.12133
24916926,2,2,0.22987,0.22831,0.54182
24831663,2,2,0.00482,0.01776,0.97742
34736519,0,0,0.76819,0.22886,0.00295
1643314,2,2,0.03899,0.3969,0.56411
34420378,2,2,0.00429,0.02488,0.97083
24305723,0,0,0.97171,0.02735,0.00094
2321507,2,2,0.00751,0.09726,0.89524
35334393,2,1,0.14755,0.81657,0.03588
36488321,0,0,0.97334,0.02546,0.00119
29810165,0,0,0.99109,0.00772,0.0012
14796543,2,2,0.00507,0.02916,0.96577
2600298,2,2,0.00947,0.19012,0.80042
11236159,2,2,0.00121,0.01276,0.98603
23625830,2,2,0.00332,0.01759,0.9791
35152096,2,0,0.4884,0.4884,0.0232
33496054,0,0,0.50519,0.48584,0.00897
20048782,2,2,0.01552,0.03888,0.9456
17335757,2,2,0.00147,0.00577,0.99276
39321946,2,2,0.00508,0.02734,0.96758
32633047,2,2,0.01533,0.09356,0.89111
5234749,2,2,0.26052,0.23115,0.50833
36773764,2,2,0.00519,0.02167,0.97314
37513696,0,0,0.82393,0.16098,0.01509
1361454,2,2,0.00412,0.0189,0.97698
7203839,2,2,0.06549,0.23862,0.69589
28962981,0,1,0.33137,0.46367,0.20495
9904046,2,2,0.00403,0.05422,0.94174
36549600,2,2,0.00119,0.00973,0.98907
2651432,2,2,0.01117,0.0875,0.90133
3761159,2,2,0.00608,0.09091,0.90301
23195901,2,2,0.00214,0.01851,0.97935
10746160,2,2,0.00448,0.11425,0.88127
26762327,2,2,0.00251,0.01452,0.98296
37303111,0,0,0.967,0.02978,0.00323
24282298,2,2,0.00604,0.08316,0.9108
25663235,2,2,0.00549,0.04217,0.95234
13739592,2,2,0.00239,0.01733,0.98027
35280697,2,2,0.0012,0.00486,0.99394
6580647,2,2,0.00826,0.02985,0.96189
7729116,2,2,0.0014,0.007,0.9916
20737403,2,1,0.08295,0.87973,0.03732
16154284,2,2,0.00423,0.03958,0.95619
21765962,0,0,0.97952,0.01801,0.00247
17768451,1,0,0.98259,0.01663,0.00078
40865646,2,2,0.00147,0.00818,0.99036
8207969,2,2,0.00144,0.00837,0.99019
38900735,2,2,0.0016,0.01448,0.98392
33292359,2,2,0.00327,0.03104,0.96569
18938946,2,2,0.00278,0.02335,0.97387
14436567,2,1,0.0842,0.6649,0.25089
507237,2,2,0.00325,0.02106,0.97569
33513825,0,1,0.3088,0.66144,0.02975
11484537,2,2,0.00202,0.01299,0.98498
25009728,2,2,0.00296,0.00744,0.9896
33629237,1,1,0.10188,0.80445,0.09367
25557313,2,1,0.37208,0.37281,0.25511
19321934,2,2,0.00203,0.00792,0.99004
31295274,2,2,0.00289,0.01474,0.98237
170570,2,2,0.00473,0.02063,0.97464
19833374,2,2,0.00128,0.00521,0.99351
30101334,0,1,0.42939,0.56003,0.01058
6217121,0,0,0.98757,0.0111,0.00133
1013951,2,2,0.00434,0.02858,0.96708
11707970,0,0,0.5323,0.45175,0.01595
34725701,2,1,0.14931,0.82146,0.02923
12953168,2,2,0.00388,0.06164,0.93448
37307357,2,2,0.02039,0.06403,0.91558
16832434,2,2,0.00356,0.02406,0.97238
5634926,2,2,0.02319,0.25527,0.72154
37090580,0,0,0.99041,0.00834,0.00125
31869234,0,0,0.9535,0.04236,0.00415
37129367,2,2,0.00794,0.05983,0.93223
40882517,2,2,0.07074,0.26853,0.66073
2855905,2,2,0.00585,0.04023,0.95392
35904071,2,2,0.00308,0.01391,0.98301
2978180,1,1,0.26871,0.71911,0.01218
16405146,2,1,0.10951,0.81711,0.07338
19421560,1,0,0.93747,0.05783,0.00469
40378482,2,2,0.00335,0.00791,0.98874
37238586,2,2,0.01512,0.15273,0.83214
11691172,2,2,0.00333,0.01462,0.98205
28198696,0,0,0.97902,0.01894,0.00204
31884250,2,2,0.00109,0.007,0.9919
34063239,2,2,0.0012,0.00674,0.99206
27255255,2,2,0.00283,0.02231,0.97487
20524053,2,1,0.04522,0.87353,0.08125
3544081,2,2,0.00205,0.03027,0.96768
18005897,2,2,0.01175,0.02526,0.96299
21906614,2,2,0.00307,0.01878,0.97816
16014258,2,2,0.00111,0.0084,0.99049
15582627,1,0,0.83535,0.15696,0.00769
22359300,2,2,0.0015,0.01619,0.98231
1027383,2,2,0.00216,0.00883,0.98901
39703918,2,2,0.00138,0.00884,0.98979
18738275,2,2,0.00711,0.06166,0.93123
37479368,2,2,0.00228,0.02021,0.97752
34727462,2,2,0.01603,0.30243,0.68154
29671918,2,2,0.00214,0.0206,0.97726
10999939,1,0,0.49653,0.48883,0.01465
3009864,2,2,0.00422,0.02517,0.97061
39747046,2,2,0.00765,0.03608,0.95627
30700801,2,2,0.22383,0.33145,0.44471
38255879,2,2,0.00151,0.00897,0.98952
10615805,2,2,0.02535,0.04537,0.92928
15310818,2,2,0.00773,0.04153,0.95074
34493332,2,2,0.00537,0.07815,0.91648
24046417,0,0,0.94,0.05282,0.00718
8691916,2,2,0.00311,0.01885,0.97804
41014239,2,2,0.02223,0.06151,0.91626
4095347,2,2,0.00204,0.00576,0.9922
4349791,2,1,0.02443,0.58735,0.38822
17961188,2,2,0.00351,0.03815,0.95834
20621214,2,2,0.00469,0.10236,0.89295
12499195,2,2,0.00863,0.11105,0.88032
7673977,2,2,0.01059,0.10789,0.88153
38904374,0,0,0.93147,0.06566,0.00287
39847123,2,2,0.00202,0.01294,0.98503
19031504,1,1,0.1441,0.80371,0.05219
7530997,2,2,0.12883,0.32451,0.54665
17748496,2,2,0.00839,0.31982,0.67179
23056036,2,2,0.01709,0.07152,0.91139
28553389,2,2,0.00109,0.00623,0.99267
1760266,1,0,0.5367,0.44843,0.01487
30118848,2,2,0.03204,0.17336,0.7946
28619834,2,2,0.00354,0.03139,0.96508
21196589,0,1,0.26308,0.71235,0.02457
32391916,2,2,0.00711,0.15757,0.83532
37619624,0,0,0.99248,0.00628,0.00124
14095813,2,1,0.06579,0.8803,0.05391
6053843,0,0,0.98202,0.0169,0.00108
34940999,2,2,0.00404,0.03725,0.95871
31093150,2,2,0.00305,0.0251,0.97185
30077593,2,2,0.00224,0.0206,0.97716
30613097,0,0,0.96926,0.02964,0.0011
13049987,2,2,0.00189,0.00609,0.99203
14410815,0,0,0.89937,0.09387,0.00676
28088106,2,2,0.02061,0.37698,0.60241
8354009,2,2,0.04887,0.22731,0.72381
5243318,2,2,0.00326,0.01892,0.97782
5162986,2,2,0.00423,0.02341,0.97236
37479336,2,2,0.19276,0.25597,0.55127
15947677,2,2,0.01119,0.05748,0.93133
22673555,2,2,0.01716,0.14942,0.83341
20526539,2,2,0.00221,0.00533,0.99246
5994631,2,2,0.00164,0.00572,0.99264
35887015,2,2,0.0012,0.00534,0.99346
15150448,1,0,0.9896,0.00843,0.00197
18276682,2,2,0.00443,0.00754,0.98802
36439709,2,2,0.00171,0.00805,0.99024
4740716,2,1,0.19821,0.66988,0.13191
26716278,2,2,0.00217,0.02198,0.97585
13257236,2,2,0.00944,0.10019,0.89037
13579001,1,2,0.00422,0.02517,0.97061
8221652,2,2,0.002,0.01092,0.98708
34042903,2,2,0.00236,0.01345,0.98419
5426882,2,1,0.26275,0.70042,0.03683
14830093,2,2,0.00256,0.0103,0.98713
34410993,2,2,0.00239,0.01908,0.97853
4444277,2,2,0.00921,0.18718,0.80361
31282462,2,2,0.00274,0.02223,0.97504
20634508,2,2,0.00104,0.00948,0.98949
29371011,0,2,0.19192,0.35925,0.44884
24515271,2,2,0.0019,0.01203,0.98607
4007530,2,2,0.00442,0.04021,0.95537
35167783,2,2,0.00388,0.07475,0.92137
30176169,2,2,0.00171,0.01088,0.98741
17279845,2,2,0.0026,0.01014,0.98725
6540785,0,1,0.22103,0.72898,0.05
39249162,2,2,0.00248,0.01166,0.98586
19506335,2,2,0.00147,0.02026,0.97827
9818981,0,0,0.97338,0.02555,0.00107
38766462,2,2,0.00428,0.02685,0.96887
11172716,2,2,0.00369,0.0201,0.97621
23448783,2,2,0.01994,0.45373,0.52634
36845471,2,2,0.00228,0.03441,0.96331
21835524,2,2,0.00323,0.01308,0.98369
691390,2,2,0.00917,0.16569,0.82515
30861039,2,2,0.00609,0.0613,0.93261
18952008,0,0,0.79662,0.19219,0.01119
28707646,0,0,0.56858,0.42585,0.00557
16290652,2,2,0.01904,0.14583,0.83513
38480978,2,1,0.18825,0.77119,0.04055
35502682,2,0,0.95998,0.03848,0.00154
31693615,2,2,0.0022,0.02465,0.97315
14503699,2,2,0.00586,0.02373,0.97041
348086,2,1,0.19747,0.50523,0.2973
11910116,2,2,0.00404,0.03746,0.9585
9895120,2,2,0.00268,0.01175,0.98557
6397623,0,0,0.97357,0.02544,0.00099
598276,1,1,0.42016,0.52494,0.0549
31897495,2,2,0.00157,0.01552,0.98291
8584867,2,2,0.01445,0.07011,0.91544
17030697,2,2,0.01723,0.05661,0.92616
36278195,2,2,0.00609,0.0461,0.94781
35982278,2,2,0.00405,0.01994,0.97601
7535743,2,2,0.01386,0.25254,0.7336
18762286,0,0,0.80309,0.18853,0.00838
27430904,2,2,0.13401,0.34827,0.51773
39168326,2,1,0.1044,0.76843,0.12717
39139274,2,2,0.00156,0.00904,0.9894
21488969,2,2,0.00174,0.007,0.99126
39569696,1,1,0.41575,0.57273,0.01152
9890109,1,1,0.48342,0.50662,0.00996
6910615,2,2,0.00288,0.01733,0.97979
13844857,2,2,0.00556,0.06,0.93444
35505981,2,2,0.00499,0.0295,0.96551
8908271,2,2,0.00335,0.05402,0.94264
35757937,2,2,0.01716,0.04592,0.93692
20112714,2,2,0.00435,0.02575,0.9699
35137400,2,1,0.03846,0.59232,0.36922
18978955,1,1,0.07199,0.89081,0.0372
29018656,0,0,0.93475,0.06336,0.00189
23476041,2,2,0.00157,0.01796,0.98047
2760875,2,2,0.0013,0.00658,0.99212
8275860,2,2,0.00112,0.00793,0.99095
13185098,2,2,0.00181,0.01346,0.98473
11531310,2,2,0.00154,0.00751,0.99096
28152687,0,0,0.91884,0.07873,0.00242
27267300,1,1,0.2501,0.74086,0.00904
26449678,0,0,0.79047,0.19447,0.01505
1583364,2,2,0.0088,0.02797,0.96323
33080706,2,1,0.46722,0.50915,0.02363
40645178,2,2,0.00244,0.01345,0.98411
20880008,2,2,0.00322,0.01543,0.98134
11511590,2,2,0.00172,0.00586,0.99243
16159052,0,0,0.98813,0.01064,0.00123
11497173,2,1,0.05382,0.84192,0.10425
38936446,2,2,0.01199,0.35328,0.63473
36717303,0,1,0.40935,0.57728,0.01337
23728486,2,2,0.00377,0.02948,0.96675
15043787,2,2,0.00138,0.006,0.99262
2989256,2,2,0.05393,0.32399,0.62208
30762402,2,1,0.1255,0.63116,0.24333
12103037,2,2,0.00505,0.03206,0.96289
751040,1,0,0.77495,0.20534,0.01971
21423408,2,2,0.00503,0.09437,0.9006
17231431,2,2,0.00132,0.00653,0.99215
13567249,2,2,0.00122,0.00614,0.99264
9805657,2,2,0.0025,0.01982,0.97768
22830239,2,2,0.02514,0.44564,0.52921
24554793,2,2,0.00213,0.02391,0.97396
41602067,2,2,0.02889,0.07931,0.8918
14380399,2,2,0.00392,0.02271,0.97337
26052120,2,2,0.00949,0.03767,0.95284
35438363,0,0,0.96715,0.03004,0.0028
15418239,2,2,0.00169,0.00774,0.99057
1303386,0,0,0.80031,0.19308,0.00661
34385651,2,2,0.00303,0.0158,0.98118
11599111,2,2,0.00313,0.0122,0.98466
35576749,0,0,0.935,0.06289,0.00211
21902487,2,2,0.00138,0.00628,0.99234
41354344,2,2,0.00488,0.01962,0.97549
2377569,2,2,0.00431,0.03593,0.95976
21741712,2,2,0.00118,0.00604,0.99278
20988723,2,2,0.00139,0.01213,0.98648
30094726,2,2,0.00339,0.0409,0.95571
9763848,2,2,0.0042,0.03072,0.96508
15736585,2,2,0.00202,0.03141,0.96658
6375703,2,0,0.74458,0.20475,0.05067
35180141,0,0,0.99064,0.00756,0.0018
31731924,2,2,0.00253,0.00946,0.98801
12480004,2,2,0.00257,0.03771,0.95972
2286496,2,2,0.0038,0.03656,0.95964
4153832,2,2,0.01649,0.20729,0.77622
14217396,2,2,0.00379,0.02333,0.97288
21569435,0,0,0.99134,0.00736,0.00129
20857891,2,2,0.02339,0.04235,0.93426
40032534,2,2,0.00184,0.01504,0.98312
2885512,2,1,0.05936,0.82593,0.11471
14755885,2,2,0.00651,0.0272,0.96629
9032783,2,2,0.00162,0.01576,0.98262
4394736,2,2,0.00194,0.00911,0.98895
26332531,2,2,0.00298,0.01732,0.9797
5157101,2,2,0.00454,0.05975,0.93571
11322224,2,2,0.00493,0.04042,0.95465
25440610,2,2,0.00206,0.01284,0.9851
24195080,2,2,0.03871,0.42272,0.53857
34020831,0,1,0.30422,0.61454,0.08124
2018888,2,2,0.00542,0.05418,0.9404
28272937,2,2,0.28724,0.22115,0.49161
22699782,2,2,0.00255,0.0163,0.98115
14355193,2,2,0.00408,0.01307,0.98285
5597682,2,2,0.17111,0.33764,0.49126
11971276,2,2,0.002,0.00727,0.99072
33418313,2,2,0.00197,0.00932,0.98871
36644672,2,2,0.00498,0.03029,0.96472
25889484,2,2,0.00225,0.01464,0.98311
40124579,2,2,0.00408,0.02821,0.96771
23860905,2,2,0.00269,0.01104,0.98627
14724245,2,1,0.03485,0.55369,0.41147
14042867,2,2,0.00127,0.01176,0.98697
31289278,2,2,0.00246,0.00694,0.9906
39128783,2,2,0.00116,0.00564,0.9932
32824384,2,2,0.01714,0.23108,0.75178
20985883,2,2,0.00198,0.01858,0.97944
35522903,2,2,0.00239,0.01636,0.98124
34374925,0,0,0.96117,0.03771,0.00113
320332,0,0,0.88182,0.10646,0.01172
28648818,0,0,0.98067,0.01832,0.00101
37387833,2,1,0.02428,0.80416,0.17155
28408536,2,2,0.00551,0.05255,0.94194
5095625,0,0,0.85489,0.13686,0.00825
155047,2,2,0.01315,0.03574,0.95111
39113307,0,0,0.99194,0.00695,0.00111
32878608,2,2,0.00531,0.05863,0.93606
12494856,2,2,0.00321,0.01863,0.97816
33537249,2,2,0.00223,0.00843,0.98934
24518913,2,2,0.0014,0.0049,0.9937
9769178,0,0,0.99245,0.00623,0.00132
32084046,2,0,0.78008,0.18565,0.03427
8315821,2,2,0.00287,0.03585,0.96128
31878650,0,0,0.98164,0.01746,0.0009
23219345,2,2,0.0299,0.12305,0.84705
1893604,2,2,0.01288,0.41331,0.57382
37643727,2,0,0.42013,0.319,0.26087
37840809,0,0,0.50957,0.35435,0.13608
18520690,2,2,0.0019,0.01135,0.98674
10714431,2,2,0.01623,0.24325,0.74052
13012137,2,2,0.00151,0.0085,0.98999
24915797,2,2,0.00229,0.01279,0.98491
10047839,2,2,0.01335,0.11422,0.87243
13976534,0,0,0.81786,0.15948,0.02266
6986986,2,2,0.00266,0.01843,0.97891
26919958,0,0,0.4911,0.46497,0.04393
31320315,0,0,0.97915,0.01995,0.00091
13747184,2,2,0.00463,0.01163,0.98374
21963948,2,2,0.0033,0.02154,0.97515
34806708,2,2,0.02122,0.37313,0.60565
28253890,2,2,0.00235,0.02132,0.97634
8919413,2,1,0.05922,0.6219,0.31888
1071199,0,0,0.77891,0.21128,0.00981
12652698,2,2,0.00116,0.00538,0.99346
20820469,2,2,0.00251,0.0176,0.97989
39814523,2,2,0.01719,0.25168,0.73112
24837425,2,2,0.00422,0.02517,0.97061
32985342,0,0,0.65997,0.33185,0.00818
549730,1,0,0.91186,0.08649,0.00165
39913132,2,2,0.00193,0.01217,0.9859
13400337,2,0,0.51496,0.46887,0.01617
32252466,2,2,0.00211,0.03222,0.96567
24277474,2,2,0.00373,0.02378,0.97248
23670786,1,1,0.22061,0.76402,0.01537
16620436,2,2,0.01043,0.22306,0.7665
14874181,2,2,0.00481,0.01978,0.97542
4976058,2,2,0.00196,0.01534,0.98271
36725758,2,2,0.00358,0.04882,0.9476
38683773,2,2,0.00311,0.01914,0.97775
30467937,0,0,0.49434,0.4905,0.01516
32923770,2,2,0.00514,0.0311,0.96376
34381007,0,0,0.81779,0.17825,0.00397
14405534,0,1,0.41041,0.50877,0.08081
7302752,0,0,0.99012,0.00877,0.00111
30275864,2,2,0.00386,0.0217,0.97444
9646740,2,1,0.02686,0.88267,0.09046
7918418,2,2,0.00184,0.0133,0.98486
27888170,0,0,0.9792,0.01994,0.00087
17116963,2,2,0.00165,0.01203,0.98631
1100055,0,0,0.95881,0.03632,0.00488
32028022,2,2,0.00213,0.01055,0.98733
32019676,2,2,0.00307,0.06311,0.93382
4451904,2,2,0.00395,0.03038,0.96567
30095857,2,2,0.00268,0.01221,0.98511
22342889,0,0,0.90065,0.09756,0.00179
31708696,2,2,0.01326,0.04231,0.94442
26863995,2,2,0.01644,0.1065,0.87705
7715470,2,2,0.00237,0.01153,0.98611
35767841,1,0,0.53796,0.45656,0.00548
41537029,0,0,0.9926,0.00604,0.00136
4655577,2,2,0.0012,0.00658,0.99222
6058791,2,2,0.13061,0.25596,0.61343
23990478,2,2,0.0152,0.16149,0.82331
10135196,2,2,0.01493,0.19511,0.78996
23561244,2,2,0.00134,0.00648,0.99218
40367675,2,2,0.00368,0.0374,0.95892
14547638,2,2,0.00135,0.01043,0.98821
5577809,2,2,0.0013,0.00501,0.99369
18952979,2,2,0.00713,0.14217,0.8507
34404686,2,2,0.00138,0.02366,0.97497
18320455,2,1,0.05612,0.81192,0.13196
19625882,2,2,0.00324,0.00945,0.9873
25181587,2,2,0.0055,0.03942,0.95507
28195632,1,2,0.02377,0.41805,0.55818
30138082,0,0,0.99255,0.00525,0.00221
38608609,2,2,0.00313,0.0122,0.98466
38185214,1,1,0.18112,0.74052,0.07836
22546429,2,2,0.00369,0.01965,0.97666
39957340,2,2,0.00829,0.13321,0.85851
18245741,2,2,0.02825,0.28198,0.68977
18261235,0,1,0.23676,0.62991,0.13333
28309849,2,2,0.00987,0.12856,0.86156
24860505,2,2,0.01595,0.3216,0.66246
3035983,2,2,0.00574,0.04328,0.95098
27430978,1,1,0.25056,0.70822,0.04122
3634327,2,2,0.00296,0.03753,0.95951
8882450,2,1,0.17696,0.67012,0.15292
1281376,0,0,0.74058,0.25594,0.00348
7201531,0,0,0.98569,0.00827,0.00605
30886549,2,2,0.00194,0.00883,0.98923
24530134,2,2,0.02351,0.33613,0.64036
24864933,2,1,0.31661,0.6573,0.02609
41215538,2,2,0.00118,0.00453,0.99428
310185,2,2,0.00286,0.0254,0.97174
34177929,2,2,0.00468,0.04548,0.94984
20083084,2,2,0.00226,0.02758,0.97017
22292394,2,2,0.00146,0.00904,0.98949
2441131,1,1,0.10401,0.80857,0.08741
7567578,2,2,0.0033,0.02196,0.97474
26779625,2,2,0.01229,0.28423,0.70348
39003759,2,2,0.00727,0.0984,0.89433
30618452,2,2,0.00775,0.06847,0.92378
18814170,2,2,0.00237,0.01157,0.98606
16910200,0,0,0.93037,0.06622,0.00341
23174206,2,2,0.00111,0.00397,0.99492
29140362,0,0,0.96321,0.03429,0.0025
5442248,2,2,0.00216,0.01055,0.98729
23908694,0,2,0.02019,0.34684,0.63297
30262850,2,2,0.00602,0.01335,0.98064
41197943,2,2,0.00119,0.00996,0.98884
25787476,2,2,0.0021,0.00678,0.99112
39206938,2,2,0.0077,0.14304,0.84926
9064476,2,2,0.00505,0.01749,0.97746
9610480,2,2,0.00263,0.0174,0.97998
37657576,2,2,0.00306,0.02188,0.97506
14138435,2,2,0.00196,0.01315,0.98489
32168405,2,2,0.0033,0.02196,0.97474
9490041,2,2,0.00248,0.01314,0.98438
37372850,0,0,0.85368,0.141,0.00532
7735524,2,2,0.00522,0.10231,0.89247
23785365,2,2,0.00479,0.02295,0.97225
17621824,2,2,0.01018,0.18115,0.80867
3741068,2,0,0.89218,0.09893,0.00888
39722588,2,2,0.00197,0.00954,0.98849
3725417,2,2,0.00184,0.01255,0.9856
32549764,2,2,0.00241,0.00896,0.98862
32662310,2,1,0.02602,0.64043,0.33355
34990402,2,2,0.00114,0.00734,0.99152
24052477,1,0,0.76125,0.23217,0.00659
22036255,2,2,0.00441,0.04403,0.95156
25071768,2,2,0.00243,0.01879,0.97879
22017324,2,2,0.06021,0.23443,0.70536
16532510,2,2,0.00672,0.02678,0.9665
27887124,2,2,0.0056,0.02329,0.97111
22828162,2,2,0.00125,0.01085,0.9879
24586850,2,2,0.00741,0.05175,0.94084
1051997,2,2,0.0078,0.07603,0.91616
38719100,2,2,0.00196,0.01299,0.98504
29322292,2,2,0.00822,0.0714,0.92038
32578609,2,2,0.0333,0.41212,0.55457
96853,2,2,0.06214,0.20414,0.73372
15890333,2,2,0.0022,0.00722,0.99058
4739081,2,2,0.00195,0.01923,0.97882
30327570,2,2,0.04654,0.20235,0.75111
10982737,2,2,0.035,0.16215,0.80284
16590191,2,2,0.00335,0.02425,0.9724
7629726,2,2,0.00707,0.02188,0.97105
33160429,2,2,0.00155,0.01246,0.98599
430418,2,2,0.004,0.06283,0.93318
40324125,0,0,0.9915,0.00673,0.00177
31760406,2,2,0.00166,0.02684,0.9715
33777819,2,2,0.00163,0.00883,0.98953
24553110,2,2,0.00431,0.02064,0.97506
37667049,2,2,0.01049,0.04538,0.94413
10319939,2,2,0.01232,0.30439,0.68329
27110224,2,2,0.00356,0.02406,0.97238
27155509,2,2,0.01178,0.36947,0.61875
23547325,2,2,0.00411,0.08003,0.91586
28911193,2,2,0.02318,0.10712,0.86971
2994940,2,2,0.00409,0.0982,0.89771
39651607,2,2,0.34418,0.20076,0.45507
37288712,2,2,0.01575,0.35017,0.63408
12542291,2,2,0.00557,0.05709,0.93733
29558949,2,0,0.50567,0.47503,0.0193
6334839,0,0,0.97827,0.02007,0.00167
24637602,2,2,0.00433,0.01621,0.97946
39947658,2,2,0.00209,0.01031,0.9876
23592474,0,0,0.97706,0.02178,0.00116
15943793,2,2,0.00285,0.01474,0.98241
5075252,0,0,0.53487,0.4575,0.00763
19624270,2,2,0.01246,0.11422,0.87332
32664608,2,2,0.00497,0.04808,0.94695
27958202,2,2,0.00409,0.02696,0.96896
25861012,2,2,0.00158,0.01315,0.98527
20759176,2,2,0.00126,0.00653,0.99221
7337052,0,0,0.9513,0.04727,0.00143
27613134,2,2,0.00299,0.01249,0.98452
24646607,1,1,0.14693,0.80366,0.04941
12487863,2,2,0.02428,0.04295,0.93277
33743447,0,0,0.90806,0.08817,0.00377
36070694,2,2,0.01253,0.35486,0.63261
35490766,2,2,0.00307,0.01821,0.97872
16656066,2,2,0.00158,0.00915,0.98927
15878409,0,0,0.98539,0.0136,0.00102
15644157,2,2,0.00318,0.01308,0.98374
33877356,2,2,0.00206,0.00932,0.98862
12235931,2,2,0.00214,0.01754,0.98032
29835509,2,2,0.00347,0.02065,0.97588
13902496,2,2,0.00234,0.02507,0.97259
33657154,2,2,0.00303,0.01344,0.98353
8044809,0,0,0.88913,0.09985,0.01102
19779045,2,2,0.00207,0.00633,0.9916
6127500,1,0,0.91976,0.07654,0.0037
15226310,0,0,0.99144,0.007,0.00156
30246658,2,2,0.00126,0.00572,0.99302
1786970,0,0,0.97174,0.02691,0.00135
18278399,2,2,0.00495,0.05097,0.94407
8214741,2,2,0.0669,0.28332,0.64978
8315950,1,1,0.01844,0.50611,0.47545
9491485,2,2,0.0026,0.01175,0.98565
8016445,2,2,0.002,0.01076,0.98725
38010963,2,2,0.00354,0.01485,0.98161
22613634,2,1,0.12256,0.70943,0.16801
16844494,2,2,0.0048,0.08142,0.91378
8104332,0,1,0.46703,0.51293,0.02004
35599400,2,2,0.00183,0.02022,0.97795
1041508,2,2,0.00783,0.07262,0.91954
30140319,0,1,0.11802,0.78555,0.09642
28489845,2,2,0.00208,0.01844,0.97949
6373229,2,1,0.15935,0.80137,0.03928
34054687,2,2,0.00138,0.00695,0.99167
12258509,2,2,0.00218,0.01551,0.98231
31183731,0,0,0.9658,0.02524,0.00896
16227408,2,2,0.00193,0.01382,0.98425
27109739,2,2,0.00156,0.01101,0.98743
39752761,1,0,0.5006,0.4852,0.0142
13800876,2,1,0.25651,0.68244,0.06105
37726943,0,0,0.61123,0.37657,0.0122
37922852,0,0,0.93578,0.06124,0.00298
13892505,2,2,0.01556,0.07294,0.91149
15042314,2,0,0.56617,0.36129,0.07254
33789136,2,2,0.00509,0.04071,0.9542
9765117,1,1,0.26908,0.70343,0.02749
34732630,2,2,0.00111,0.00926,0.98964
26978763,2,2,0.01234,0.07418,0.91348
26252843,2,2,0.0013,0.00638,0.99232
19555070,1,1,0.06964,0.61826,0.3121
4285174,2,2,0.00363,0.03568,0.96069
18363829,0,0,0.6961,0.27259,0.03131
20287251,2,2,0.00465,0.02127,0.97408
36017290,2,2,0.00405,0.0212,0.97475
28501261,2,2,0.00137,0.01072,0.98791
26767231,1,0,0.82034,0.17603,0.00362
6891068,1,0,0.84963,0.14649,0.00387
8073747,2,2,0.00188,0.00876,0.98936
28240785,2,2,0.00147,0.00475,0.99378
5787044,2,2,0.00163,0.01145,0.98693
33131591,0,1,0.05428,0.90203,0.0437
28365371,2,1,0.16013,0.65664,0.18323
21677647,2,2,0.07347,0.42445,0.50208
33139715,2,2,0.00422,0.02517,0.97061
31350437,2,2,0.00149,0.00689,0.99162
30089696,2,2,0.00326,0.01913,0.9776
19003640,2,2,0.00132,0.01613,0.98254
41308581,2,2,0.00223,0.00774,0.99003
27102872,2,2,0.00253,0.01014,0.98733
5412182,2,2,0.00696,0.08164,0.9114
3925596,2,2,0.01114,0.23179,0.75706
13387877,1,1,0.39095,0.53645,0.0726
30410282,2,1,0.02157,0.50259,0.47584
24601145,2,2,0.02232,0.09289,0.88478
18598489,2,2,0.00256,0.02778,0.96966
31152726,2,2,0.01615,0.03029,0.95355
28989923,1,1,0.03049,0.64174,0.32777
31858416,0,0,0.79525,0.1302,0.07455
17655603,2,2,0.00413,0.01566,0.98021
15271315,2,2,0.00527,0.03692,0.95781
2206105,2,2,0.00533,0.04048,0.95419
13408168,2,2,0.00261,0.00856,0.98884
12465759,2,2,0.00342,0.01863,0.97796
23262694,0,1,0.45412,0.51058,0.03529
12795360,2,2,0.00206,0.01279,0.98515
4883260,2,2,0.00185,0.00856,0.98959
40521605,2,2,0.00144,0.01341,0.98516
14424486,2,2,0.00126,0.00429,0.99445
25991434,2,1,0.0291,0.85051,0.12039
16849742,0,0,0.9776,0.02114,0.00126
17870849,2,2,0.00836,0.06942,0.92221
5959604,2,2,0.00227,0.00811,0.98963
14895640,2,2,0.012,0.42309,0.5649
19615459,2,1,0.2716,0.71278,0.01562
2907313,2,2,0.00273,0.04094,0.95633
16873445,2,2,0.00678,0.20998,0.78324
38854458,2,2,0.00185,0.00711,0.99104
17519848,1,1,0.26517,0.6932,0.04163
6886596,2,2,0.00166,0.00981,0.98854
28474477,2,2,0.00185,0.0078,0.99035
32226470,1,0,0.58953,0.38966,0.02081
23154929,2,2,0.00522,0.02983,0.96495
40720522,2,2,0.00145,0.00534,0.99322
38365051,2,2,0.00185,0.00805,0.9901
26100344,2,2,0.00171,0.00947,0.98882
25067392,2,2,0.01951,0.15105,0.82944
36965697,2,2,0.0025,0.01886,0.97864
12879719,2,1,0.25327,0.63054,0.11618
37965978,2,2,0.00179,0.0128,0.98541
17347138,2,2,0.00404,0.02161,0.97434
626751,0,0,0.71922,0.26562,0.01516
40966350,2,2,0.02817,0.0391,0.93273
1285829,0,0,0.88178,0.11387,0.00435
23492276,2,2,0.00132,0.00604,0.99264
5186606,2,2,0.00388,0.06223,0.93389
21655986,0,1,0.2282,0.68261,0.08919
21920138,2,2,0.00124,0.00679,0.99197
9113342,2,2,0.01449,0.1694,0.81611
27414375,2,2,0.09197,0.40105,0.50698
28504638,2,2,0.00561,0.09415,0.90024
18665836,2,2,0.00151,0.00774,0.99074
15087924,2,2,0.02189,0.17588,0.80223
16614134,2,2,0.00118,0.0059,0.99292
29203884,1,1,0.09379,0.86793,0.03828
20232410,2,2,0.00137,0.01208,0.98654
7586177,2,2,0.00134,0.00757,0.9911
27530750,0,0,0.97984,0.01781,0.00235
9299072,1,0,0.96197,0.03602,0.00201
20712081,2,2,0.00264,0.01355,0.98381
40970720,2,2,0.00387,0.03521,0.96093
4775350,2,1,0.42782,0.54933,0.02285
12362089,2,2,0.00585,0.04023,0.95392
27018286,0,0,0.90805,0.08852,0.00343
23757686,2,2,0.00142,0.00799,0.99059
23905742,2,2,0.00904,0.0094,0.98156
29242249,2,2,0.00273,0.01096,0.98632
7349458,0,1,0.30701,0.58374,0.10925
34588537,2,2,0.00146,0.01471,0.98384
21366116,2,2,0.00421,0.04375,0.95204
23660914,2,2,0.00938,0.1191,0.87151
34677267,2,2,0.00322,0.01772,0.97906
36878658,2,0,0.82591,0.16519,0.00889
41152706,2,2,0.00651,0.02783,0.96567
40036836,2,2,0.00293,0.01635,0.98071
3755784,0,0,0.5019,0.4715,0.0266
1824000,0,0,0.98577,0.01311,0.00112
28626000,2,2,0.00151,0.01,0.98849
28492446,2,2,0.00376,0.01628,0.97996
39506138,0,0,0.54782,0.32457,0.1276
38086952,2,2,0.00778,0.12074,0.87148
16353701,1,2,0.0079,0.13439,0.85771
41592970,2,2,0.00199,0.01436,0.98365
10962803,2,2,0.00766,0.06481,0.92754
24659957,2,2,0.0023,0.01175,0.98595
34737851,2,2,0.00352,0.02018,0.9763
32943495,2,2,0.00101,0.00614,0.99285
5176240,0,0,0.94927,0.04943,0.0013
16068134,2,2,0.0012,0.00555,0.99325
6380540,2,2,0.00156,0.00805,0.99039
32095295,2,2,0.00247,0.01767,0.97986
24750778,0,1,0.13302,0.83581,0.03117
20760899,2,1,0.04984,0.89732,0.05285
7648258,2,2,0.03174,0.22292,0.74534
23101471,2,2,0.211,0.23527,0.55373
9420328,2,2,0.00413,0.07473,0.92114
2025981,2,1,0.03464,0.85923,0.10612
40796816,2,2,0.00418,0.02056,0.97526
1257377,1,0,0.89934,0.09704,0.00362
23396550,2,2,0.00813,0.08142,0.91045
15944815,2,2,0.0019,0.0131,0.985
11905486,2,2,0.00148,0.02639,0.97212
26700302,2,2,0.00156,0.00706,0.99138
16431013,2,2,0.00241,0.0113,0.98629
33380385,2,2,0.00268,0.01264,0.98468
30158013,2,2,0.00512,0.03399,0.96089
2236025,2,1,0.08462,0.70574,0.20964
30850858,2,2,0.00578,0.03767,0.95655
18138931,1,0,0.5983,0.39545,0.00624
36834812,2,2,0.00276,0.10274,0.8945
41400991,2,2,0.00357,0.02121,0.97522
40638720,2,2,0.00137,0.01132,0.98731
24405600,2,2,0.04693,0.10806,0.84501
13724640,2,1,0.06691,0.88998,0.04311
2642416,2,2,0.01207,0.02135,0.96657
12448045,0,0,0.97811,0.02014,0.00175
23669069,2,2,0.00607,0.04911,0.94482
26448096,0,1,0.24681,0.73111,0.02208
3498016,0,0,0.93932,0.05809,0.0026
20168530,2,2,0.00137,0.01136,0.98727
26746525,2,2,0.00727,0.20349,0.78924
31127565,0,0,0.58876,0.4015,0.00974
12521268,2,2,0.00653,0.03916,0.95431
36253440,0,0,0.98685,0.01216,0.00099
24195834,2,1,0.08684,0.85011,0.06304
39079658,2,2,0.00474,0.01874,0.97652
24838401,2,2,0.0045,0.0398,0.95571
4035892,2,2,0.00303,0.01474,0.98223
3237232,2,2,0.00605,0.05264,0.94131
26788641,2,2,0.00219,0.01245,0.98536
40794420,2,2,0.00876,0.04049,0.95076
20743158,2,2,0.00333,0.01386,0.98281
35227558,0,0,0.93131,0.06539,0.00331
6188943,2,2,0.00222,0.01545,0.98233
27709976,2,2,0.01772,0.36725,0.61503
10425134,2,2,0.00225,0.03113,0.96662
18481528,2,2,0.00243,0.01563,0.98194
35667005,2,2,0.00182,0.01285,0.98534
17317811,2,2,0.00146,0.00944,0.9891
34495219,0,0,0.99142,0.00689,0.00169
3832674,2,2,0.00203,0.02769,0.97029
27064590,1,1,0.15068,0.78107,0.06825
27438926,2,2,0.01077,0.35372,0.63552
41139607,2,2,0.01859,0.42969,0.55173
13448358,2,2,0.00578,0.05231,0.94191
26756579,2,2,0.00537,0.04855,0.94608
35854876,2,2,0.00415,0.02595,0.9699
30733854,0,0,0.93749,0.06064,0.00187
23124986,2,2,0.0436,0.1142,0.8422
21225682,2,2,0.00113,0.00564,0.99324
36890874,2,2,0.04307,0.13782,0.8191
35782070,2,2,0.0024,0.01414,0.98346
2491952,2,2,0.01916,0.19733,0.78351
27730084,2,2,0.06694,0.11432,0.81874
23058283,2,2,0.002,0.00768,0.99032
38894325,0,0,0.61265,0.37744,0.0099
25895357,2,2,0.00134,0.00728,0.99138
1203276,2,2,0.00134,0.00433,0.99433
6289882,2,2,0.00256,0.01054,0.98689
1632426,2,1,0.02323,0.66837,0.3084
14164243,2,2,0.00114,0.01158,0.98728
2418359,2,2,0.00171,0.00751,0.99078
13569886,2,2,0.00131,0.00922,0.98947
19938297,2,2,0.00178,0.01631,0.98191
29204861,2,2,0.00655,0.01408,0.97937
9699989,2,2,0.00096,0.00837,0.99067
1185393,2,2,0.00114,0.00669,0.99217
25571644,2,1,0.06265,0.70043,0.23692
1401214,2,2,0.00153,0.02429,0.97417
11165816,2,2,0.00221,0.01836,0.97943
41273490,0,0,0.9645,0.03364,0.00186
27073206,2,2,0.00194,0.01084,0.98722
39689093,2,2,0.00156,0.00805,0.99039
21639641,0,0,0.77154,0.21762,0.01083
13478958,2,2,0.00124,0.00563,0.99313
27325520,2,2,0.00371,0.02926,0.96703
7258148,2,2,0.01121,0.08454,0.90425
5402063,2,2,0.02893,0.44203,0.52904
41526224,2,2,0.00323,0.01288,0.98389
37328142,2,2,0.00126,0.00663,0.99211
33595174,2,2,0.00347,0.03316,0.96337
37235850,2,2,0.00311,0.01899,0.9779
4839021,2,2,0.00414,0.15546,0.8404
23459553,2,2,0.00156,0.00728,0.99116
37993741,2,2,0.02523,0.44371,0.53106
38895437,2,2,0.00128,0.00668,0.99204
701728,2,2,0.00134,0.00728,0.99138
1709285,0,1,0.24814,0.72932,0.02255
38539635,2,2,0.00373,0.00967,0.9866
31460269,2,2,0.00163,0.0128,0.98557
37750203,2,2,0.00198,0.03591,0.96211
21909160,2,2,0.00134,0.0059,0.99276
39014088,2,2,0.00257,0.0078,0.98963
16424150,2,2,0.00387,0.01855,0.97758
26762350,1,1,0.15672,0.82435,0.01894
465544,2,2,0.00227,0.00733,0.9904
17803863,2,2,0.00408,0.02886,0.96706
33627873,2,2,0.00427,0.02842,0.9673
13933897,2,2,0.00138,0.00769,0.99094
28934826,2,2,0.04603,0.28808,0.66589
35497723,2,2,0.01138,0.01905,0.96957
36390513,2,2,0.00215,0.01656,0.9813
848413,2,2,0.00926,0.21997,0.77077
35600175,1,1,0.32534,0.63699,0.03766
33951485,2,2,0.00261,0.00903,0.98836
29307634,1,0,0.77592,0.21715,0.00693
40965328,2,2,0.00136,0.00475,0.99389
5869720,2,2,0.00256,0.01175,0.98569
3292045,2,2,0.00953,0.38675,0.60371
8522259,2,2,0.00209,0.01398,0.98393
24670233,2,1,0.0957,0.61916,0.28514
38667467,2,2,0.00523,0.08726,0.90751
31599995,2,1,0.04287,0.80894,0.14819
38761044,2,2,0.01644,0.04281,0.94075
6422616,2,2,0.0013,0.0053,0.99341
17374111,2,2,0.00641,0.08577,0.90782
22372293,2,2,0.00123,0.01012,0.98865
19318688,2,2,0.00176,0.01105,0.98718
30056473,0,0,0.87731,0.11485,0.00783
27293440,0,0,0.98999,0.00905,0.00096
6777436,2,2,0.00293,0.03165,0.96542
30935404,2,0,0.87855,0.1189,0.00255
5972859,2,2,0.00167,0.00517,0.99316
5625300,0,0,0.98068,0.0181,0.00122
35525092,2,1,0.0946,0.87846,0.02694
14742022,2,2,0.01177,0.1237,0.86453
23716885,2,2,0.0034,0.00998,0.98662
23408021,2,2,0.0012,0.00915,0.98965
14866926,0,0,0.95367,0.03598,0.01035
10937703,2,2,0.02049,0.38065,0.59885
9872892,2,2,0.00345,0.01029,0.98626
29938749,2,2,0.0037,0.04688,0.94942
33833493,2,2,0.00159,0.02166,0.97675
41568081,2,2,0.00146,0.01222,0.98632
17669656,0,1,0.20508,0.76196,0.03296
30086027,2,2,0.00149,0.00679,0.99172
28649028,2,2,0.00233,0.01447,0.9832
2083509,2,2,0.00465,0.08114,0.91421
30206672,2,1,0.30915,0.35723,0.33362
27737424,2,2,0.00223,0.01039,0.98739
13726459,2,2,0.00953,0.11929,0.87118
38616030,2,2,0.00553,0.049,0.94547
32126182,2,2,0.00188,0.00733,0.99078
15625967,0,0,0.79735,0.19616,0.00648
17936481,2,2,0.00114,0.00619,0.99267
5819607,1,0,0.80677,0.18865,0.00458
31699409,0,0,0.78234,0.21222,0.00544
700932,1,0,0.90187,0.09543,0.0027
16164430,2,1,0.05485,0.8956,0.04955
25251570,1,1,0.47308,0.50754,0.01937
39057330,1,0,0.86658,0.1273,0.00612
3558008,2,2,0.00123,0.00818,0.99059
3947827,2,2,0.0015,0.01415,0.98435
20784874,2,2,0.00126,0.00734,0.99141
25245388,2,1,0.04229,0.85617,0.10153
33286564,2,2,0.00252,0.01274,0.98474
27570714,2,2,0.0021,0.00762,0.99028
38189297,2,2,0.00149,0.00494,0.99357
37418492,2,2,0.00238,0.00618,0.99144
35061604,1,0,0.97957,0.01953,0.00089
7242037,2,2,0.00714,0.0276,0.96526
14300984,2,2,0.00427,0.02875,0.96698
13007258,2,2,0.00233,0.01046,0.9872
22757972,2,2,0.0059,0.10514,0.88896
1264899,2,2,0.00144,0.00739,0.99116
27657930,2,2,0.00391,0.06927,0.92682
25767142,2,1,0.07632,0.85156,0.07212
22718917,2,2,0.00202,0.01618,0.9818
35191614,0,0,0.98499,0.01394,0.00107
40066078,2,2,0.0018,0.00653,0.99167
36730567,2,2,0.00141,0.01476,0.98382
26191837,2,2,0.0022,0.00869,0.98911
2588346,2,2,0.00182,0.00792,0.99025
28276569,2,1,0.18108,0.7774,0.04152
23298256,2,1,0.13627,0.68802,0.17571
35744926,2,2,0.00259,0.01475,0.98266
24989800,2,2,0.00277,0.01249,0.98474
2369407,2,2,0.00219,0.01217,0.98564
19005694,2,2,0.00496,0.03591,0.95914
36067115,2,2,0.002,0.02537,0.97263
30327163,2,2,0.00248,0.01334,0.98418
23829424,2,2,0.00223,0.01023,0.98755
14545390,2,1,0.08469,0.85868,0.05664
15613557,0,0,0.98137,0.01763,0.001
23327868,2,2,0.00686,0.03631,0.95683
32787906,2,2,0.00329,0.02529,0.97142
39120226,2,2,0.01586,0.47094,0.5132
28505707,2,2,0.0014,0.0078,0.9908
38664907,1,0,0.95124,0.04658,0.00218
8869975,2,2,0.00131,0.01443,0.98427
39748617,0,0,0.97252,0.02572,0.00176
28909532,2,2,0.00234,0.00903,0.98863
29289246,2,2,0.00153,0.00977,0.9887
13819950,2,2,0.25697,0.27108,0.47195
29807019,2,2,0.00724,0.02204,0.97072
27182169,2,2,0.00136,0.00658,0.99206
22648773,2,2,0.00109,0.00564,0.99327
23784915,2,2,0.00129,0.00734,0.99137
36456941,2,2,0.00293,0.01835,0.97872
29020661,2,2,0.03522,0.04928,0.9155
35868282,2,0,0.84224,0.14925,0.00852
36127744,0,1,0.43287,0.5472,0.01993
5416927,0,0,0.98357,0.01517,0.00126
27466052,1,2,0.01035,0.10036,0.88929
15126764,2,1,0.07124,0.82811,0.10066
38270097,2,2,0.01602,0.12296,0.86102
11881638,0,1,0.22601,0.60188,0.17211
40232695,2,2,0.00154,0.00722,0.99124
13341387,2,2,0.00484,0.02777,0.96739
32581238,2,2,0.02107,0.11723,0.8617
16458597,0,0,0.93091,0.06626,0.00283
34001818,0,0,0.93022,0.05415,0.01563
4877862,2,2,0.00245,0.01113,0.98642
14494069,2,2,0.00149,0.00911,0.9894
11564510,2,2,0.12882,0.2542,0.61698
7097406,2,1,0.13039,0.75992,0.10969
32151445,2,2,0.00715,0.05635,0.9365
3380195,2,2,0.00106,0.00658,0.99236
4651851,2,2,0.00303,0.0137,0.98327
30819678,2,2,0.01714,0.23108,0.75178
21030829,1,0,0.89505,0.10003,0.00492
6131746,2,2,0.00627,0.03351,0.96022
3500170,2,2,0.00278,0.02222,0.97499
22422329,0,0,0.56569,0.41387,0.02044
29791105,1,0,0.93498,0.04124,0.02378
2892342,2,2,0.00116,0.0094,0.98944
29329681,2,2,0.00193,0.01631,0.98177
22283492,2,2,0.05507,0.20805,0.73688
8860881,2,2,0.06916,0.36954,0.56129
35313330,2,2,0.0067,0.11518,0.87811
40500994,2,2,0.00433,0.04566,0.95
11465882,0,0,0.99134,0.00748,0.00118
5570028,2,2,0.02191,0.11655,0.86154
19737139,2,2,0.00145,0.00658,0.99197
14093632,2,2,0.0028,0.01617,0.98103
9790909,2,2,0.00326,0.01958,0.97716
36281893,2,2,0.00378,0.02636,0.96986
14454424,2,2,0.0067,0.03013,0.96318
37964518,2,2,0.00176,0.01144,0.98679
16026063,1,0,0.65299,0.33092,0.01609
8438903,2,2,0.00352,0.02138,0.97511
20435376,2,2,0.0014,0.00818,0.99042
18726117,2,1,0.06862,0.89334,0.03804
22491098,2,0,0.85892,0.09088,0.05019
13397186,0,0,0.91707,0.08076,0.00217
7027238,2,2,0.00667,0.09158,0.90175
23820187,2,2,0.00145,0.01728,0.98126
28686861,0,1,0.16335,0.81194,0.02471
24566870,2,2,0.00592,0.04454,0.94954
9861128,2,2,0.00131,0.01315,0.98554
23911794,2,2,0.00116,0.00793,0.99091
14706192,2,2,0.00271,0.03118,0.96611
16483027,2,2,0.0271,0.38898,0.58392
31990295,0,0,0.93641,0.06104,0.00255
4826942,2,2,0.00197,0.00925,0.98878
13695623,2,2,0.00213,0.01084,0.98704
4157551,2,2,0.00266,0.02043,0.97691
1645675,2,2,0.00762,0.2952,0.69717
19995231,0,0,0.97239,0.0209,0.00671
38308281,2,2,0.00337,0.01738,0.97925
28365489,0,0,0.89025,0.10366,0.00609
31316851,2,2,0.00167,0.016,0.98232
12803933,2,2,0.00234,0.00925,0.98842
31606670,2,2,0.00289,0.01365,0.98346
39665242,2,2,0.00433,0.01646,0.97922
25799341,2,2,0.00344,0.01138,0.98518
24060601,2,2,0.00305,0.02491,0.97204
11673163,2,2,0.00252,0.0125,0.98498
40602855,2,2,0.00329,0.01183,0.98488
6624452,0,0,0.98587,0.01275,0.00137
40113027,0,0,0.51113,0.45817,0.0307
11529787,2,2,0.00423,0.03795,0.95782
38070288,2,2,0.00198,0.01923,0.97879
35161648,2,1,0.03886,0.80532,0.15581
32502151,2,0,0.79972,0.15481,0.04547
27789009,0,1,0.40741,0.57455,0.01804
6903592,2,2,0.00235,0.01822,0.97943
34698173,2,2,0.00264,0.04202,0.95534
16593019,0,0,0.99014,0.0085,0.00136
8837738,2,2,0.00208,0.01708,0.98085
30187071,2,2,0.02456,0.14274,0.8327
25303088,2,2,0.0018,0.00521,0.99299
6777516,2,2,0.00208,0.01551,0.98241
22473681,2,2,0.0039,0.01155,0.98455
2012888,2,2,0.00147,0.00674,0.9918
27155643,2,2,0.06414,0.44875,0.48711
8863724,2,0,0.64046,0.31092,0.04862
34571742,0,0,0.96177,0.02513,0.01309
36399307,2,2,0.0063,0.07312,0.92058
33370337,2,2,0.00154,0.022,0.97646
27143695,0,0,0.8075,0.1726,0.0199
38185414,2,2,0.00161,0.00563,0.99275
40972756,2,2,0.00132,0.00623,0.99245
40038028,2,2,0.00805,0.03245,0.9595
29770348,2,2,0.0034,0.03988,0.95673
25450529,2,2,0.00149,0.00739,0.99112
21374669,2,2,0.00161,0.00988,0.98851
32934568,2,2,0.00213,0.00849,0.98938
19851509,0,0,0.93942,0.05691,0.00366
18496060,2,2,0.00519,0.05177,0.94305
28990437,2,2,0.07589,0.2317,0.69241
28850389,1,2,0.00265,0.02454,0.97281
41505407,2,2,0.00185,0.00969,0.98846
36039507,2,2,0.00356,0.02406,0.97238
26756120,0,0,0.97624,0.0205,0.00326
8992558,2,2,0.00379,0.02342,0.97279
41461064,2,2,0.00131,0.00966,0.98903
31273918,1,1,0.06202,0.86288,0.0751
10299089,2,2,0.0014,0.00684,0.99176
1489187,2,2,0.00132,0.00745,0.99123
10068868,2,2,0.00182,0.0094,0.98878
19934519,1,0,0.97842,0.02047,0.00111
28082117,0,0,0.99156,0.00594,0.0025
22971122,2,2,0.00134,0.00787,0.9908
29651477,2,2,0.00468,0.03019,0.96513
8795212,1,0,0.87428,0.12352,0.0022
1096058,0,0,0.99112,0.00781,0.00107
18514776,0,0,0.73039,0.26453,0.00508
20824261,2,2,0.00218,0.01481,0.98301
10106422,2,2,0.01179,0.01467,0.97355
29289615,2,2,0.0038,0.02237,0.97383
35171600,2,2,0.00118,0.006,0.99282
36818977,1,0,0.71968,0.27316,0.00717
11600659,2,2,0.00333,0.02765,0.96901
18033090,2,1,0.06482,0.73317,0.20201
40182464,2,2,0.01195,0.22543,0.76262
634136,2,2,0.00422,0.04106,0.95473
30159642,2,0,0.54223,0.42229,0.03549
24916152,2,2,0.01409,0.05074,0.93517
38849141,0,0,0.99288,0.00572,0.0014
18092875,2,2,0.00252,0.02767,0.96981
35198658,2,1,0.06597,0.70646,0.22757
739040,2,2,0.01158,0.22551,0.7629
30492154,2,2,0.00281,0.01079,0.9864
36573909,2,1,0.02611,0.73379,0.2401
31267674,1,1,0.2291,0.75119,0.01971
23183159,0,1,0.31946,0.63038,0.05015
42304,0,0,0.76648,0.19878,0.03475
27235504,2,2,0.00142,0.0078,0.99077
12420689,2,2,0.00369,0.02073,0.97558
24882766,1,0,0.57854,0.38389,0.03757
25741334,0,0,0.85098,0.14221,0.00681
41043350,2,2,0.00213,0.00976,0.98811
9438555,2,2,0.01297,0.34237,0.64466
783686,1,1,0.05796,0.86173,0.08031
29132910,0,0,0.9339,0.06331,0.00279
10901051,2,2,0.00473,0.02119,0.97409
31997745,2,2,0.00951,0.09316,0.89733
6145443,2,2,0.00171,0.00876,0.98952
12998329,2,2,0.00453,0.0171,0.97837
24749777,0,0,0.93188,0.0636,0.00452
31704925,2,0,0.54324,0.35627,0.10049
8463944,2,2,0.00256,0.0135,0.98395
32024888,0,0,0.98867,0.00936,0.00197
33850948,2,2,0.00161,0.0108,0.98759
2559437,2,2,0.0049,0.01571,0.97939
28267452,2,2,0.00201,0.02041,0.97758
40367305,0,0,0.69074,0.29941,0.00985
28464370,2,2,0.00329,0.01045,0.98626
12134476,1,0,0.85479,0.12931,0.0159
19522967,1,1,0.32606,0.56558,0.10837
40616173,1,1,0.19874,0.78298,0.01827
2989598,1,0,0.48118,0.34658,0.17224
30275352,2,2,0.00452,0.04846,0.94702
30594115,0,0,0.98582,0.01301,0.00117
19576868,2,2,0.00328,0.01258,0.98413
34814014,2,2,0.00437,0.02288,0.97276
10842954,2,2,0.00875,0.25091,0.74034
6548650,2,0,0.4846,0.22857,0.28683
1634226,2,2,0.00447,0.01547,0.98006
10170664,2,2,0.00603,0.05616,0.93782
4894689,2,1,0.03396,0.79121,0.17483
38171040,2,2,0.01433,0.17191,0.81376
29874103,0,0,0.72048,0.24609,0.03343
3031979,2,2,0.02256,0.09714,0.8803
38245930,2,2,0.00177,0.00756,0.99067
20315606,2,2,0.00197,0.00961,0.98842
11462739,2,2,0.00356,0.02406,0.97238
12093813,2,2,0.00131,0.00897,0.98971
15775252,2,2,0.00419,0.04823,0.94759
17960109,2,2,0.0024,0.01382,0.98378
3752509,2,2,0.00202,0.01404,0.98394
20044415,2,2,0.00183,0.01983,0.97834
13226710,2,2,0.00223,0.00999,0.98778
20238525,2,2,0.0337,0.06247,0.90382
19469875,2,2,0.00295,0.0091,0.98795
15254487,2,2,0.0172,0.05077,0.93203
20838407,0,0,0.57543,0.41124,0.01332
30286419,2,2,0.0047,0.01247,0.98284
23849914,0,0,0.77352,0.21989,0.00659
29899619,0,0,0.96226,0.03627,0.00147
4374013,2,1,0.10113,0.56404,0.33484
10698914,2,2,0.00147,0.00679,0.99174
31861961,2,2,0.00177,0.00954,0.98869
489156,0,0,0.92609,0.06962,0.00429
10710597,2,2,0.00342,0.03347,0.96311
15020061,2,2,0.00706,0.02379,0.96915
38773672,2,2,0.00248,0.01264,0.98488
10696240,2,2,0.00394,0.0159,0.98015
21100785,2,2,0.00853,0.2359,0.75557
31321214,2,2,0.00223,0.01157,0.9862
39223843,0,0,0.74736,0.24074,0.01189
26967686,2,2,0.00361,0.02557,0.97082
35835903,0,0,0.98953,0.00817,0.0023
4069215,2,2,0.00343,0.01579,0.98078
31322846,0,0,0.99061,0.0085,0.00089
25557722,2,2,0.00457,0.03843,0.95699
17263841,2,2,0.00437,0.0816,0.91403
22738411,2,2,0.00161,0.00897,0.98942
33403461,2,2,0.00213,0.00932,0.98855
37052800,2,2,0.03009,0.38415,0.58576
35559320,2,2,0.00247,0.0163,0.98123
18079021,2,2,0.00463,0.04096,0.95441
3569358,2,2,0.00405,0.01971,0.97623
31227493,2,2,0.00136,0.00529,0.99335
13299877,0,0,0.90895,0.08389,0.00716
7616409,0,0,0.76515,0.21414,0.02071
34370900,2,2,0.05977,0.29766,0.64257
4762375,2,2,0.0549,0.46148,0.48362
13917620,2,2,0.00264,0.01113,0.98623
15608572,2,2,0.00369,0.02089,0.97543
6399372,2,2,0.00128,0.00668,0.99204
11033383,2,2,0.00193,0.01481,0.98326
39037438,2,2,0.00158,0.00811,0.9903
27811515,2,1,0.04173,0.64262,0.31565
6467922,2,1,0.04365,0.63637,0.31999
24237410,2,2,0.00566,0.02691,0.96742
31800464,2,2,0.0043,0.02169,0.97401
8187706,2,2,0.00243,0.01843,0.97914
3415775,2,2,0.00146,0.00904,0.98949
22195810,2,2,0.00258,0.02059,0.97683
38861549,2,2,0.00228,0.01865,0.97907
35266760,0,0,0.84337,0.14945,0.00718
8464277,2,2,0.00132,0.00614,0.99255
37849681,2,1,0.382,0.45719,0.1608
22625181,1,1,0.07217,0.86561,0.06222
30516690,2,2,0.22672,0.21215,0.56113
35290277,2,2,0.0023,0.00918,0.98852
27316121,2,2,0.00376,0.03174,0.9645
34443826,2,2,0.00176,0.01015,0.98808
17261538,2,2,0.00626,0.10789,0.88586
36805543,2,2,0.00903,0.05491,0.93605
33227046,0,0,0.95637,0.03921,0.00443
8821552,1,1,0.05223,0.89734,0.05043
39054933,1,1,0.10099,0.85118,0.04783
30301497,2,2,0.00156,0.00966,0.98879
9910901,2,2,0.00319,0.03896,0.95785
36523101,2,2,0.00649,0.0158,0.97771
26106521,2,2,0.00222,0.01226,0.98551
2473309,2,1,0.0783,0.80643,0.11527
10767549,0,1,0.24609,0.73181,0.0221
5397937,2,2,0.00617,0.0348,0.95904
15754256,0,0,0.98837,0.01035,0.00127
24174985,1,1,0.26174,0.53915,0.19912
7701052,0,0,0.63597,0.35674,0.00729
12354489,2,2,0.15707,0.31979,0.52314
20565056,0,0,0.98336,0.01408,0.00255
40098849,2,1,0.04761,0.78961,0.16279
38864527,0,0,0.90082,0.09532,0.00386
17478019,0,0,0.67253,0.26491,0.06256
24955589,0,0,0.96222,0.03614,0.00164
12793884,2,2,0.003,0.04,0.957
2657884,1,2,0.00227,0.05488,0.94285
12037233,2,2,0.04737,0.15768,0.79495
11339644,2,2,0.00422,0.02517,0.97061
25665033,2,2,0.00115,0.00521,0.99364
16138551,2,2,0.00203,0.00849,0.98947
37670370,2,2,0.00589,0.01916,0.97495
20063450,2,2,0.00664,0.08237,0.91099
32761977,2,2,0.00274,0.03681,0.96045
8951871,0,0,0.8767,0.11681,0.00649
5793011,2,2,0.00439,0.03325,0.96236
9818509,0,0,0.68939,0.30353,0.00708
15945289,2,0,0.82796,0.1624,0.00964
598691,2,2,0.00265,0.02436,0.97299
7321218,2,2,0.00192,0.00595,0.99214
5299822,1,0,0.55908,0.41873,0.02219
24166463,1,1,0.16168,0.78886,0.04945
6146067,2,2,0.00123,0.00966,0.98911
9700701,2,2,0.03984,0.14736,0.8128
36872666,2,2,0.00209,0.01015,0.98776
18050446,2,2,0.00328,0.02944,0.96728
28249943,0,0,0.67272,0.32026,0.00702
28614176,2,2,0.00164,0.00633,0.99203
25070977,2,2,0.00666,0.16077,0.83257
38100931,0,0,0.87755,0.10782,0.01463
38931023,0,0,0.977,0.02117,0.00183
30615538,2,2,0.0016,0.01663,0.98177
26073077,2,2,0.00156,0.00658,0.99186
15270664,0,0,0.96805,0.03019,0.00176
11630901,0,1,0.31683,0.65264,0.03052
35336399,2,2,0.00872,0.14265,0.84863
17767489,1,0,0.77297,0.21803,0.009
30928824,2,2,0.00822,0.16638,0.8254
6026180,2,2,0.00156,0.00799,0.99045
38926252,0,0,0.87001,0.12583,0.00416
29331273,2,2,0.00385,0.02369,0.97246
34654610,2,0,0.55912,0.0413,0.39958
26736048,2,2,0.02996,0.34425,0.62579
3142580,2,2,0.002,0.0265,0.9715
32086496,2,2,0.01423,0.03387,0.9519
22988575,0,0,0.98866,0.01044,0.0009
17386883,2,2,0.00169,0.00843,0.98988
38989353,2,2,0.00161,0.00856,0.98983
26736870,0,1,0.29005,0.67176,0.0382
8613738,1,1,0.01499,0.62748,0.35753
26913542,2,2,0.00141,0.01877,0.97982
18683263,0,0,0.81766,0.17962,0.00273
32487419,0,0,0.97482,0.02397,0.00122
25258177,2,2,0.00108,0.00609,0.99283
14260150,2,2,0.00411,0.03533,0.96055
12747149,2,2,0.00118,0.00555,0.99327
6652277,2,2,0.00252,0.01221,0.98527
25608993,2,2,0.00495,0.03728,0.95777
17853568,2,2,0.0038,0.02246,0.97375
12579744,2,2,0.0038,0.03656,0.95964
9072856,2,2,0.00363,0.02121,0.97516
36413535,2,2,0.00304,0.01183,0.98513
24151582,2,2,0.00197,0.02401,0.97402
17014512,2,2,0.00348,0.01654,0.97998
41173829,2,2,0.05762,0.10231,0.84007
26593524,0,2,0.02064,0.02302,0.95634
28751842,1,1,0.35063,0.63988,0.00949
13315698,2,0,0.68164,0.30965,0.00872
26389560,2,1,0.09907,0.70676,0.19416
33804198,2,1,0.02169,0.5254,0.45292
38456719,2,2,0.00308,0.01391,0.98301
24991150,2,2,0.00585,0.04023,0.95392
30953504,2,2,0.01232,0.12427,0.86342
12892023,2,2,0.00499,0.02917,0.96584
16726335,2,2,0.00147,0.00628,0.99225
34216280,2,2,0.00129,0.00769,0.99102
32014697,2,2,0.00165,0.01275,0.9856
19083362,2,2,0.00224,0.00739,0.99038
29368461,2,2,0.00152,0.00568,0.99281
38387452,1,0,0.55858,0.43502,0.0064
3638497,2,2,0.00152,0.00475,0.99373
27149316,0,0,0.97341,0.02485,0.00174
27330301,2,2,0.00936,0.05042,0.94022
35891629,2,1,0.08975,0.82692,0.08333
14419629,2,1,0.07889,0.72547,0.19564
7221378,2,2,0.0012,0.00542,0.99338
35562297,2,2,0.00107,0.0069,0.99203
22131990,2,1,0.22391,0.66004,0.11605
28005465,0,0,0.9759,0.02224,0.00185
39673086,2,2,0.00121,0.01028,0.98851
25419121,0,0,0.98583,0.01329,0.00089
29562222,2,2,0.00173,0.01231,0.98595
2647267,2,1,0.10648,0.62,0.27352
8169196,2,2,0.01782,0.33895,0.64322
29425626,0,0,0.97003,0.0281,0.00187
17902492,2,2,0.00204,0.00745,0.99052
22181688,2,2,0.00293,0.01773,0.97934
37732116,2,2,0.00191,0.00694,0.99114
33238622,2,2,0.00173,0.0133,0.98497
7560834,0,0,0.97117,0.02583,0.003
13890015,2,2,0.00123,0.00799,0.99078
2336353,2,2,0.00169,0.00911,0.9892
25752745,2,2,0.00501,0.09862,0.89637
22036171,0,0,0.93068,0.05976,0.00956
17263911,2,2,0.0046,0.0476,0.9478
3557283,2,2,0.00158,0.00933,0.98909
8759918,2,2,0.00217,0.00774,0.9901
17134562,2,2,0.00233,0.01366,0.98401
28646571,0,0,0.91481,0.05081,0.03438
9728973,2,2,0.00445,0.0204,0.97516
31053976,0,0,0.88499,0.11295,0.00206
4346356,2,1,0.03763,0.53175,0.43062
6642646,2,2,0.00293,0.01556,0.98151
9399180,2,2,0.02106,0.42296,0.55598
26047934,2,2,0.00128,0.00717,0.99156
8244581,2,2,0.00114,0.00643,0.99243
10652259,2,2,0.00319,0.02597,0.97084
9506516,2,2,0.00282,0.03754,0.95964
22981638,2,2,0.00156,0.02238,0.97606
30261225,2,2,0.0073,0.02212,0.97058
7210584,2,2,0.00177,0.00613,0.99209
22976192,0,0,0.99076,0.00824,0.00099
11858367,2,2,0.0238,0.29681,0.6794
11289090,1,1,0.09975,0.81426,0.08599
10097095,2,2,0.00144,0.02303,0.97552
40696754,0,0,0.85439,0.13518,0.01042
9243558,2,2,0.00198,0.02157,0.97645
13614850,2,2,0.0012,0.00471,0.99409
8337929,2,2,0.00163,0.00925,0.98911
17256338,2,2,0.01232,0.12427,0.86342
1461532,2,2,0.00203,0.00876,0.98921
19075056,2,2,0.00151,0.00988,0.98861
18069088,2,2,0.00173,0.01341,0.98486
9927559,2,2,0.00195,0.02084,0.97721
2619614,2,2,0.01017,0.03002,0.95981
1577465,2,2,0.00215,0.01539,0.98246
7839942,2,1,0.11013,0.53159,0.35829
34501721,2,2,0.0237,0.07313,0.90317
5186472,2,2,0.00301,0.00688,0.99011
7284262,2,2,0.01024,0.02372,0.96604
34942638,2,2,0.00196,0.01539,0.98265
6386695,2,1,0.01978,0.75387,0.22635
12772447,2,2,0.04424,0.29535,0.6604
24076364,2,2,0.00535,0.03734,0.95732
15695671,2,2,0.01714,0.23108,0.75178
25754160,2,2,0.02029,0.44407,0.53565
18186184,2,2,0.00442,0.04136,0.95422
7753106,2,2,0.00213,0.01031,0.98757
24384510,2,2,0.00172,0.00429,0.99399
19503676,2,2,0.00114,0.00633,0.99252
39321214,0,2,0.05715,0.26272,0.68012
21672252,2,2,0.00277,0.0253,0.97193
18502755,2,2,0.01714,0.23108,0.75178
28049830,1,2,0.01232,0.12427,0.86342
28438878,2,2,0.00218,0.01481,0.98301
16789650,0,0,0.9906,0.00827,0.00112
35907646,1,0,0.93275,0.0617,0.00555
7914217,2,2,0.00409,0.02517,0.97074
30841801,2,2,0.00142,0.00745,0.99113
37939588,2,2,0.00188,0.01019,0.98793
23026516,2,2,0.00328,0.02824,0.96848
18765504,2,2,0.00295,0.01193,0.98513
14558092,2,2,0.04478,0.21532,0.7399
24442900,0,0,0.96352,0.0353,0.00118
2085728,2,2,0.00132,0.00577,0.99292
17729270,2,1,0.09829,0.51298,0.38873
1501571,2,2,0.00163,0.0089,0.98946
26532586,2,2,0.00473,0.07905,0.91622
18677969,2,2,0.04971,0.44826,0.50203
3565527,2,2,0.25962,0.2551,0.48528
29139148,2,0,0.40064,0.38154,0.21782
33863263,2,2,0.00159,0.00786,0.99055
8792295,2,2,0.00189,0.0059,0.99221
22227624,2,2,0.00359,0.01591,0.9805
1769885,2,2,0.0099,0.08509,0.90501
29277225,1,2,0.033,0.28844,0.67856
9869089,0,0,0.71768,0.2724,0.00992
39269243,2,2,0.02081,0.17977,0.79942
34765475,2,2,0.01298,0.18412,0.8029
6284867,2,2,0.00124,0.0059,0.99286
5570545,2,1,0.06206,0.87528,0.06267
10369862,2,2,0.00566,0.05683,0.93751
28401382,2,2,0.00187,0.01393,0.9842
20018916,2,2,0.00393,0.0184,0.97766
29315221,2,2,0.00337,0.01759,0.97905
6490968,0,0,0.98658,0.01252,0.0009
36490322,2,2,0.00686,0.06623,0.92691
5998158,2,2,0.00279,0.00501,0.99221
14402874,2,2,0.00109,0.00609,0.99282
3132187,2,2,0.00518,0.13636,0.85846
21652519,2,2,0.01168,0.03066,0.95765
28575846,2,2,0.0021,0.00792,0.98998
11801487,2,2,0.04357,0.24779,0.70865
30871602,0,0,0.98544,0.01326,0.00131
8134914,2,2,0.00325,0.05114,0.94561
14094357,1,1,0.05753,0.9034,0.03908
17482411,2,2,0.00267,0.01532,0.982
14009629,2,2,0.0028,0.01746,0.97974
28326463,2,2,0.00373,0.03916,0.95711
32649500,2,2,0.00216,0.00939,0.98845
30482244,2,2,0.00439,0.03166,0.96395
35057395,2,1,0.36878,0.49818,0.13304
17812528,1,1,0.19892,0.7806,0.02048
39589810,2,2,0.00447,0.04545,0.95009
30978204,2,2,0.00131,0.00857,0.99012
35434515,2,2,0.00206,0.01015,0.98779
122709,2,2,0.00155,0.01482,0.98363
23435165,2,2,0.03204,0.2935,0.67446
4237739,2,2,0.04718,0.13586,0.81696
9384824,2,2,0.00179,0.01105,0.98716
37148131,2,2,0.00135,0.01085,0.9878
18961086,0,0,0.73741,0.25286,0.00973
38415371,2,2,0.00237,0.01193,0.9857
16267885,0,0,0.95263,0.04561,0.00175
1695223,2,2,0.00111,0.00812,0.99078
12749686,2,2,0.00268,0.0123,0.98502
24961080,2,2,0.00206,0.01023,0.98771
5080275,2,2,0.00439,0.01854,0.97708
13885592,2,2,0.00358,0.02018,0.97624
24845079,2,2,0.03971,0.08424,0.87605
36719462,2,2,0.00565,0.01487,0.97948
38623814,0,0,0.87739,0.10603,0.01658
33098504,0,0,0.96433,0.03408,0.00159
8056726,2,2,0.00494,0.02458,0.97048
39442250,1,0,0.64885,0.334,0.01716
20664397,2,2,0.00144,0.00751,0.99105
3250500,2,1,0.07323,0.58281,0.34396
3446221,0,0,0.98981,0.00919,0.00101
36274878,1,0,0.50268,0.49104,0.00628
3465828,2,2,0.00301,0.05025,0.94674
37072072,2,2,0.00189,0.00604,0.99208
11005334,2,2,0.00534,0.03833,0.95633
37556530,2,2,0.00432,0.01819,0.9775
30824355,2,2,0.00229,0.01392,0.98379
33709348,2,1,0.09432,0.4661,0.43957
34185021,2,2,0.00286,0.00991,0.98723
1746525,2,2,0.00451,0.02095,0.97454
6486081,2,1,0.07121,0.86918,0.05961
26396671,2,2,0.00268,0.01452,0.9828
4262811,2,2,0.0016,0.01534,0.98306
40124590,2,0,0.72678,0.22603,0.04719
7114427,0,1,0.30189,0.66715,0.03096
22740727,0,0,0.97099,0.0273,0.00171
1877285,2,2,0.02757,0.1412,0.83123
1339218,0,0,0.99056,0.0078,0.00164
25958765,2,2,0.00201,0.00663,0.99137
31362826,2,2,0.00149,0.00658,0.99193
6235634,2,2,0.00245,0.00968,0.98787
9466306,0,0,0.98139,0.01649,0.00211
2565749,2,2,0.00221,0.01675,0.98104
30328967,0,0,0.98067,0.01694,0.00239
18046528,1,1,0.04683,0.85985,0.09332
11907725,2,2,0.00271,0.01773,0.97956
8775537,2,2,0.00158,0.01027,0.98815
30140056,2,2,0.00451,0.02219,0.97331
8957215,2,2,0.00459,0.04868,0.94673
39598340,0,0,0.97456,0.01991,0.00553
5466322,2,2,0.00987,0.12856,0.86156
22355654,0,0,0.9563,0.04243,0.00127
19017002,2,2,0.00116,0.00572,0.99311
24645399,2,2,0.00799,0.06847,0.92354
29007611,2,2,0.01602,0.05294,0.93104
37246681,0,2,0.09769,0.34232,0.55999
19674305,2,2,0.00145,0.00643,0.99213
14486492,2,2,0.00113,0.00546,0.99341
7587599,2,2,0.00183,0.00538,0.9928
11254831,2,2,0.07083,0.11542,0.81376
15600858,2,2,0.00682,0.11398,0.8792
11082237,2,2,0.15884,0.24172,0.59944
34395441,2,2,0.00197,0.0075,0.99052
36572085,2,2,0.09695,0.20325,0.69979
19643887,2,2,0.01096,0.14497,0.84407
21035813,0,0,0.82485,0.16823,0.00692
33307367,2,2,0.00125,0.00763,0.99112
19336730,1,1,0.05915,0.86248,0.07836
3583503,2,2,0.00499,0.02873,0.96628
1170015,2,2,0.00312,0.01667,0.98021
28798388,1,1,0.12957,0.84818,0.02225
20846238,2,1,0.04017,0.83253,0.1273
7704295,2,2,0.00588,0.06459,0.92953
13758634,2,2,0.06173,0.18037,0.7579
13139219,2,2,0.00521,0.01676,0.97802
29272337,2,2,0.0039,0.02615,0.96994
37046977,2,2,0.00538,0.1041,0.89052
552326,2,2,0.00266,0.02164,0.9757
41022917,0,0,0.73332,0.25146,0.01522
19185202,2,2,0.00335,0.02264,0.97401
5234889,2,2,0.03405,0.44157,0.52438
15646300,2,2,0.00419,0.01684,0.97896
31034105,2,2,0.0015,0.01505,0.98345
24716784,2,2,0.03302,0.35361,0.61337
22624370,2,2,0.00902,0.04194,0.94904
9178418,2,2,0.0014,0.00475,0.99385
24708095,2,2,0.00116,0.00564,0.9932
28593642,0,0,0.88592,0.08954,0.02455
17709768,2,1,0.03774,0.91078,0.05148
9412681,2,2,0.0032,0.05173,0.94507
3114004,2,2,0.01056,0.12417,0.86527
37238177,2,1,0.31034,0.67256,0.0171
6320869,1,2,0.01072,0.09677,0.89251
38004139,2,2,0.00566,0.0577,0.93665
18428927,2,2,0.00267,0.03083,0.9665
23975676,2,2,0.00154,0.00679,0.99167
28365729,2,2,0.00114,0.00695,0.99191
36440519,2,2,0.00146,0.00955,0.98899
31133885,2,1,0.06067,0.78071,0.15861
23804687,1,0,0.95152,0.04673,0.00175
36028432,2,1,0.10293,0.86602,0.03106
26355641,2,1,0.0486,0.92424,0.02716
312213,2,2,0.00254,0.02044,0.97703
21805322,2,2,0.00182,0.00811,0.99007
32591819,0,0,0.68827,0.29143,0.0203
3704616,2,2,0.0048,0.02094,0.97425
8705739,2,2,0.00447,0.03002,0.96551
40735679,2,2,0.00199,0.01208,0.98593
24965159,2,1,0.09004,0.85427,0.05569
10595343,2,2,0.01168,0.0887,0.89961
34664008,2,2,0.00134,0.00781,0.99086
30854357,2,2,0.00113,0.00728,0.99159
20920815,2,2,0.00337,0.01863,0.97801
17814633,2,2,0.00378,0.02738,0.96884
29362819,1,1,0.2079,0.54348,0.24862
22163008,2,2,0.04702,0.15763,0.79535
10279236,0,0,0.98602,0.01121,0.00277
13536494,0,0,0.77034,0.21475,0.0149
22226413,2,2,0.0158,0.12812,0.85608
13053340,2,2,0.05979,0.35497,0.58524
2757284,2,2,0.00163,0.01222,0.98615
21710727,2,2,0.22251,0.32092,0.45657
8749440,2,2,0.00731,0.05024,0.94245
9248566,2,2,0.0023,0.03958,0.95811
2199470,0,0,0.49717,0.44392,0.05892
6908266,2,2,0.00134,0.00538,0.99328
25100677,2,2,0.00576,0.05489,0.93935
7899345,2,2,0.00218,0.01481,0.98301
8283456,0,0,0.99145,0.00728,0.00127
24731975,1,1,0.35256,0.559,0.08845
1859381,2,2,0.01714,0.23108,0.75178
31226858,2,2,0.0012,0.00609,0.99271
11303524,0,2,0.0038,0.02212,0.97408
40369372,0,0,0.89051,0.10349,0.006
36332238,2,2,0.01038,0.03324,0.95638
17104591,2,2,0.0027,0.02123,0.97607
23572195,2,2,0.0024,0.01481,0.98279
10981470,0,0,0.98476,0.01367,0.00158
16598514,2,2,0.00953,0.01865,0.97182
34613862,0,0,0.93248,0.06327,0.00425
30963522,2,2,0.00741,0.06617,0.92642
7258923,2,2,0.00609,0.09002,0.90389
3547520,0,0,0.74041,0.25588,0.00371
40299201,2,2,0.00312,0.01814,0.97875
24768776,2,2,0.0021,0.00653,0.99137
28682262,2,2,0.00213,0.03879,0.95908
22774738,2,2,0.00824,0.17748,0.81428
12134047,2,2,0.00515,0.07259,0.92226
31086172,2,2,0.01097,0.15747,0.83156
11445274,2,2,0.00706,0.03841,0.95453
18363104,1,0,0.96657,0.03115,0.00229
34187299,2,2,0.00713,0.1682,0.82467
23809536,0,0,0.83369,0.15787,0.00843
31710059,2,2,0.00449,0.02488,0.97063
33776346,2,2,0.00567,0.02552,0.96881
1789503,2,2,0.0042,0.10368,0.89213
13565076,2,2,0.01069,0.19169,0.79763
40385185,2,2,0.10636,0.34067,0.55297
265160,2,2,0.01105,0.03223,0.95672
20090775,0,0,0.63592,0.35119,0.01289
27348708,0,0,0.82208,0.17367,0.00425
25150595,2,2,0.02369,0.06631,0.91
39027441,2,2,0.0021,0.00849,0.98941
30709119,2,2,0.01038,0.06248,0.92714
13573584,2,2,0.00111,0.006,0.99289
26188833,2,2,0.00369,0.02113,0.97519
11663693,2,2,0.00627,0.03351,0.96022
13297903,2,2,0.0095,0.07999,0.91051
14912897,2,2,0.00922,0.10738,0.8834
14951721,2,2,0.00159,0.00799,0.99043
39421816,0,0,0.51536,0.44427,0.04037
14546271,2,2,0.00197,0.00774,0.99029
23571619,2,2,0.00109,0.00898,0.98994
3173433,1,0,0.59363,0.23695,0.16942
2781507,2,2,0.00139,0.01194,0.98666
23907466,1,1,0.17316,0.80695,0.01989
11869026,0,0,0.53208,0.37437,0.09355
37294115,2,2,0.00134,0.00494,0.99372
19889832,2,2,0.00118,0.00653,0.99229
38327130,2,2,0.00315,0.0223,0.97455
27832412,2,2,0.00355,0.01328,0.98318
30705063,2,2,0.0013,0.00498,0.99373
34558071,1,0,0.78887,0.20339,0.00773
3088107,1,1,0.38946,0.58924,0.0213
29367570,0,0,0.94148,0.05566,0.00286
8811512,0,0,0.95825,0.0383,0.00346
26549475,2,2,0.00397,0.02556,0.97047
39823227,2,2,0.0014,0.00711,0.99149
2010781,2,1,0.15835,0.60347,0.23818
18860087,2,2,0.00267,0.01822,0.97912
36030656,0,0,0.99087,0.00802,0.00111
29811198,2,2,0.00517,0.01004,0.98479
11972841,0,0,0.72327,0.2589,0.01783
18263254,2,2,0.09207,0.2738,0.63413
21394659,1,1,0.07059,0.88726,0.04215
35545915,0,1,0.39586,0.41083,0.19331
5458969,1,1,0.09905,0.86217,0.03878
39261673,2,2,0.0023,0.01105,0.98666
39254712,2,2,0.00314,0.02529,0.97157
23616452,2,2,0.20335,0.28191,0.51473
7055670,0,2,0.07223,0.27636,0.6514
6101861,2,2,0.00441,0.01276,0.98282
30581896,2,2,0.00417,0.0212,0.97463
39763218,2,2,0.00146,0.0128,0.98574
7676872,2,2,0.00327,0.04688,0.94985
34854712,2,2,0.00213,0.02414,0.97373
6989305,0,0,0.74773,0.21008,0.04218
35038779,2,2,0.00256,0.02584,0.97159
6516655,2,2,0.00107,0.0069,0.99203
19161570,1,0,0.67813,0.31783,0.00403
30049580,2,2,0.0055,0.02438,0.97011
36782357,2,1,0.10209,0.71142,0.18649
8378047,2,1,0.06991,0.73706,0.19303
26015088,0,0,0.86899,0.12568,0.00533
12208510,1,1,0.37549,0.61426,0.01024
11605437,2,2,0.00491,0.04538,0.94971
39162667,2,2,0.00149,0.00684,0.99167
12546963,2,2,0.03246,0.29497,0.67257
37327141,2,2,0.00202,0.01447,0.9835
36106320,0,0,0.98479,0.01388,0.00133
20137759,0,0,0.97442,0.02465,0.00093
38582148,2,2,0.00161,0.00751,0.99088
24455341,0,0,0.98867,0.00985,0.00149
23584528,2,2,0.00168,0.01372,0.9846
1744871,0,0,0.99046,0.00793,0.00161
20400517,2,2,0.00122,0.00769,0.9911
5962929,2,2,0.00154,0.00762,0.99084
24057644,2,2,0.00372,0.07055,0.92572
10068534,2,2,0.00223,0.00984,0.98793
27466551,0,0,0.97706,0.02161,0.00134
17921866,2,2,0.00179,0.01255,0.98566
2948081,2,2,0.00104,0.00898,0.98998
31637945,2,2,0.01249,0.11216,0.87535
21735406,2,1,0.29356,0.68254,0.02391
27317468,1,1,0.16458,0.74935,0.08607
21199120,2,2,0.00139,0.01275,0.98585
39606405,0,0,0.73369,0.22773,0.03858
4313407,2,2,0.00713,0.04469,0.94818
5322958,2,2,0.02122,0.40981,0.56897
36625401,2,2,0.00359,0.0166,0.97981
8607517,1,1,0.46477,0.52255,0.01268
35391207,2,2,0.00205,0.01563,0.98232
24821230,1,1,0.17363,0.80917,0.01719
18559699,2,2,0.00398,0.02112,0.97489
12134603,2,2,0.00474,0.03337,0.96189
22420081,2,2,0.00151,0.01051,0.98798
21122842,2,2,0.00144,0.00728,0.99128
21638996,0,0,0.98192,0.01719,0.00088
801929,2,2,0.00429,0.00997,0.98574
27621004,2,2,0.00138,0.00897,0.98965
26866806,2,2,0.00356,0.02406,0.97238
22696573,2,2,0.00773,0.0844,0.90786
35315336,2,2,0.00185,0.01118,0.98697
25014473,2,2,0.00765,0.06555,0.9268
10338054,2,2,0.0018,0.00786,0.99034
23288561,2,2,0.01466,0.01254,0.97281
1053423,2,2,0.00638,0.20813,0.78548
37254171,2,2,0.00128,0.00663,0.99209
28070044,2,2,0.02073,0.05568,0.92359
32308439,2,2,0.0019,0.01606,0.98204
21006286,2,2,0.02358,0.07776,0.89866
8793205,2,2,0.00422,0.02517,0.97061
18688271,2,2,0.02026,0.0555,0.92424
35863241,2,2,0.01108,0.05233,0.9366
23817161,0,0,0.99104,0.00622,0.00274
40456912,0,2,0.18607,0.16892,0.64501
17399580,2,2,0.00245,0.0395,0.95805
32687161,2,1,0.08187,0.86152,0.0566
13606979,1,0,0.98636,0.01213,0.00151
31414776,2,2,0.01861,0.27772,0.70367
17027449,2,2,0.00314,0.01156,0.9853
16314561,1,0,0.61172,0.37982,0.00846
33054491,0,1,0.12517,0.60776,0.26707
20059975,2,2,0.00174,0.01043,0.98783
34627502,1,1,0.33825,0.652,0.00975
18743156,2,2,0.01297,0.09207,0.89496
15844858,2,2,0.00526,0.02312,0.97162
5862943,2,2,0.00251,0.01492,0.98257
35156799,2,2,0.00193,0.01305,0.98502
38685780,2,2,0.00673,0.05463,0.93863
33717011,2,2,0.002,0.01047,0.98753
25063378,0,0,0.95917,0.02256,0.01827
94060,2,1,0.04707,0.72485,0.22808
13396031,2,2,0.00236,0.0134,0.98424
13197981,2,2,0.00287,0.03789,0.95924
34568047,2,2,0.01844,0.24485,0.73671
6610287,2,2,0.00802,0.17357,0.81841
7098103,2,1,0.07991,0.84915,0.07094
10580435,2,2,0.00634,0.01486,0.9788
692250,2,2,0.09416,0.11742,0.78842
355444,2,2,0.00171,0.02397,0.97432
40239945,2,2,0.00212,0.01527,0.98261
9544484,2,2,0.00629,0.04574,0.94797
26591067,1,1,0.16021,0.81363,0.02615
366140,2,1,0.02227,0.7374,0.24033
6729174,2,2,0.00166,0.01101,0.98733
230840,2,2,0.00235,0.03578,0.96187
26962201,1,0,0.74623,0.24132,0.01244
18034071,2,2,0.02422,0.13534,0.84045
12014768,2,1,0.40711,0.4988,0.09409
11839015,2,2,0.0156,0.0849,0.8995
29637304,2,2,0.00153,0.01246,0.98601
19870917,0,0,0.80059,0.19619,0.00322
38324298,2,2,0.02832,0.04836,0.92332
28565972,2,2,0.0026,0.01038,0.98701
16950631,2,2,0.00288,0.01849,0.97863
17891521,2,2,0.0014,0.00623,0.99237
18788426,2,2,0.00359,0.01692,0.97949
35192839,2,0,0.96023,0.03699,0.00278
4234232,2,2,0.00378,0.05579,0.94042
19146594,2,2,0.00232,0.01879,0.9789
4197864,2,2,0.00118,0.00722,0.9916
30076696,2,2,0.06802,0.20356,0.72842
35919848,0,0,0.98928,0.00911,0.00161
25508835,2,2,0.00122,0.00658,0.9922
7734530,2,2,0.00225,0.02981,0.96794
8280798,2,0,0.63552,0.2967,0.06777
1482043,2,2,0.00336,0.01884,0.97779
8791675,2,2,0.00144,0.00711,0.99144
781354,2,0,0.80443,0.11499,0.08059
10462421,2,2,0.00454,0.01535,0.98011
26819287,2,2,0.00169,0.00653,0.99178
19386842,0,0,0.86245,0.1333,0.00425
11279843,2,2,0.00151,0.00973,0.98876
30238553,2,2,0.00128,0.0055,0.99322
17264185,2,2,0.00393,0.01876,0.97731
37390844,1,1,0.10834,0.86055,0.0311
32083967,2,2,0.03474,0.1432,0.82206
33639376,0,0,0.98639,0.01269,0.00093
30878202,0,0,0.97311,0.02403,0.00286
7250584,2,2,0.00331,0.01936,0.97733
2089898,2,2,0.00156,0.00837,0.99007
3211968,2,2,0.00432,0.0337,0.96198
37723245,0,1,0.11627,0.79221,0.09153
5242393,2,2,0.00459,0.0197,0.97571
16888356,2,2,0.00225,0.03061,0.96714
24142686,2,2,0.0019,0.01285,0.98525
40841020,2,2,0.002,0.00954,0.98846
5107173,2,2,0.00341,0.02154,0.97505
37306970,0,1,0.13367,0.83496,0.03138
6775149,2,1,0.02309,0.68551,0.2914
4138740,0,0,0.79384,0.18311,0.02305
13946485,0,0,0.97872,0.0204,0.00088
39714672,2,2,0.00426,0.03282,0.96292
15115012,2,2,0.01779,0.06281,0.9194
34179116,2,2,0.00283,0.01997,0.9772
12619172,2,2,0.00203,0.00849,0.98947
28372303,2,2,0.00186,0.00542,0.99273
5697635,2,2,0.00337,0.03297,0.96366
29328677,2,2,0.00422,0.02517,0.97061
33261635,2,2,0.00405,0.06427,0.93167
38909027,2,1,0.06971,0.71514,0.21514
38422839,0,1,0.0923,0.88867,0.01903
25167353,2,2,0.01386,0.19902,0.78712
15670726,0,0,0.95451,0.04281,0.00268
36267421,2,2,0.00189,0.00568,0.99244
7832854,2,2,0.01845,0.32078,0.66077
39440855,2,2,0.00123,0.0084,0.99036
11424883,2,2,0.00309,0.01022,0.98669
15902411,2,2,0.08758,0.22087,0.69155
13944010,2,2,0.00223,0.05529,0.94248
20897978,2,2,0.00169,0.00751,0.99081
30644425,2,2,0.00676,0.02019,0.97304
35752141,0,0,0.9923,0.00609,0.00161
11820220,1,0,0.73112,0.26479,0.00408
593415,2,2,0.00734,0.07561,0.91705
23850868,2,1,0.06359,0.86937,0.06704
17769286,2,2,0.00337,0.01686,0.97977
32718261,2,2,0.0038,0.03684,0.95936
39101956,2,2,0.00177,0.00604,0.99219
24958798,2,2,0.00269,0.00991,0.9874
40213665,2,2,0.00281,0.01193,0.98526
29286711,2,2,0.00998,0.46989,0.52012
4716254,2,2,0.05923,0.11023,0.83054
14783522,2,2,0.00165,0.01171,0.98663
9626149,2,2,0.00137,0.01023,0.98839
20065458,2,2,0.00547,0.01465,0.97988
26661282,2,2,0.00196,0.01487,0.98317
34892468,2,2,0.16607,0.38688,0.44704
26925311,2,2,0.04307,0.13782,0.8191
41514033,2,2,0.00126,0.0045,0.99424
22866506,2,2,0.00219,0.02752,0.97029
11302722,2,1,0.03591,0.76183,0.20226
3496453,2,2,0.0013,0.0049,0.9938
28873253,2,2,0.00513,0.03236,0.96251
20143018,0,0,0.50355,0.48806,0.0084
40863229,2,2,0.00313,0.0736,0.92327
14557077,2,2,0.00495,0.10897,0.88608
35791097,2,2,0.00554,0.06237,0.93209
33811499,2,1,0.06137,0.88097,0.05765
24725591,2,1,0.03284,0.72449,0.24267
34397789,2,2,0.00688,0.07716,0.91596
21186736,2,2,0.00338,0.01396,0.98266
428441,2,2,0.00159,0.007,0.99141
23208507,2,2,0.01032,0.1441,0.84558
3798812,2,2,0.00205,0.01606,0.98189
13886181,2,2,0.00182,0.01185,0.98634
28804445,2,2,0.00129,0.01195,0.98677
3752745,2,2,0.00124,0.00734,0.99143
35197723,2,0,0.78008,0.18565,0.03427
29446103,2,2,0.00611,0.02837,0.96552
21736823,2,2,0.00448,0.12839,0.86713
32426109,0,0,0.98855,0.01028,0.00118
38680330,2,1,0.0463,0.47871,0.47499
8772296,2,2,0.00122,0.00706,0.99173
16977501,0,0,0.99219,0.00653,0.00128
39055971,2,2,0.00384,0.02701,0.96915
13762048,2,2,0.00456,0.02664,0.96881
21962647,2,2,0.00408,0.02897,0.96695
10117487,2,2,0.04701,0.15171,0.80128
16751073,2,2,0.00347,0.0187,0.97783
40660605,0,0,0.99023,0.00774,0.00203
23397212,2,2,0.00256,0.01345,0.984
13366586,2,2,0.00175,0.01735,0.9809
18487636,2,2,0.0023,0.01046,0.98724
9304118,2,2,0.00728,0.13745,0.85526
15167508,2,2,0.00328,0.0122,0.98452
23053281,2,2,0.00203,0.02508,0.97289
6319980,2,2,0.00282,0.03984,0.95734
17645868,2,2,0.00808,0.01342,0.9785
22308474,2,2,0.00158,0.01325,0.98517
34486993,2,2,0.00138,0.00618,0.99244
34030540,2,2,0.00413,0.03084,0.96503
14127814,2,1,0.01908,0.53631,0.44461
9896843,2,2,0.00532,0.02754,0.96714
16425292,0,0,0.75913,0.23517,0.00571
8748073,2,2,0.00585,0.04023,0.95392
37406762,2,2,0.10158,0.40809,0.49033
22283230,2,2,0.36718,0.26421,0.36861
33484893,2,2,0.00327,0.01579,0.98093
12189975,2,2,0.01098,0.27134,0.71768
3807035,2,2,0.00422,0.02665,0.96914
7950960,2,2,0.00101,0.00577,0.99322
34483238,2,2,0.00617,0.16033,0.83351
16051254,2,2,0.00415,0.02737,0.96849
20203940,1,1,0.31415,0.4923,0.19354
37921240,0,0,0.99051,0.00662,0.00287
34820219,2,2,0.00118,0.00668,0.99214
4289550,2,2,0.00171,0.00805,0.99024
6362575,2,2,0.03821,0.11896,0.84284
37549377,2,2,0.00131,0.00966,0.98903
40183649,2,2,0.02715,0.09466,0.87819
37663199,0,0,0.783,0.20667,0.01033
18556744,0,0,0.97495,0.02235,0.0027
37286744,2,2,0.00122,0.00546,0.99332
1873795,2,1,0.02992,0.86076,0.10933
4860081,2,2,0.00154,0.00658,0.99188
31145325,2,2,0.00531,0.07278,0.92191
22096914,2,2,0.00355,0.01328,0.98318
39249692,2,2,0.00256,0.01304,0.98441
4682098,2,1,0.03832,0.88926,0.07243
23086881,2,2,0.00219,0.01324,0.98457
35558706,2,2,0.00167,0.00533,0.993
8551763,1,1,0.03706,0.91926,0.04367
19938906,2,2,0.00223,0.02437,0.9734
33167113,2,2,0.00165,0.0119,0.98645
308530,2,2,0.00898,0.10354,0.88748
34673616,2,2,0.01832,0.07105,0.91063
31362613,2,2,0.00561,0.03615,0.95824
30625350,2,2,0.00502,0.05309,0.94189
1120416,2,2,0.00326,0.01842,0.97832
2232068,2,2,0.00216,0.00856,0.98928
586056,2,2,0.00166,0.01076,0.98758
18029886,2,2,0.01501,0.19693,0.78806
33990047,2,2,0.00761,0.07048,0.9219
33680909,2,2,0.03645,0.04519,0.91836
1185267,2,2,0.02434,0.11101,0.86466
34368256,2,2,0.00166,0.00739,0.99095
36222519,2,2,0.00445,0.0926,0.90295
21721328,2,2,0.00388,0.01659,0.97953
33749568,2,2,0.00182,0.00756,0.99061
16294128,0,0,0.85125,0.14115,0.0076
13926053,2,2,0.0013,0.00439,0.99431
10816303,2,2,0.00125,0.00818,0.99057
15984471,2,2,0.00149,0.0083,0.99021
22932313,2,2,0.04086,0.43753,0.52161
4682845,2,2,0.00137,0.01132,0.98731
5200692,2,2,0.00161,0.00653,0.99186
34947106,2,2,0.00285,0.02906,0.96809
6624391,2,2,0.00658,0.0325,0.96093
20227678,2,1,0.05053,0.61082,0.33865
23777817,2,2,0.00121,0.01093,0.98786
15770891,2,2,0.00119,0.01089,0.98792
18976662,2,2,0.00278,0.00882,0.9884
15203328,2,2,0.00156,0.0087,0.98974
20760693,2,2,0.00276,0.03118,0.96607
10475528,2,2,0.00423,0.02368,0.97209
40008625,0,0,0.98811,0.01098,0.00092
25750623,2,2,0.00242,0.00733,0.99026
10159219,0,0,0.74642,0.25002,0.00357
9159508,2,2,0.0035,0.04112,0.95538
7544086,2,2,0.00509,0.02524,0.96967
10872934,2,2,0.00295,0.01062,0.98643
18087962,2,1,0.02272,0.61902,0.35826
9764849,0,0,0.83644,0.15655,0.00701
3192118,0,0,0.98158,0.01699,0.00143
4804986,2,2,0.01714,0.23108,0.75178
20818030,0,0,0.85916,0.13647,0.00437
13074940,2,2,0.00508,0.08512,0.9098
10514167,2,2,0.00293,0.01878,0.9783
18713443,2,2,0.00535,0.03623,0.95842
5571717,0,0,0.98624,0.01232,0.00144
16594213,2,2,0.00128,0.00443,0.99429
2896339,1,1,0.13511,0.77181,0.09308
20212850,2,2,0.00208,0.01887,0.97906
18847380,2,1,0.25143,0.57441,0.17416
12092351,2,2,0.00187,0.01285,0.98528
27900208,1,0,0.9768,0.02206,0.00114
30470665,2,2,0.00665,0.03652,0.95682
31696231,2,2,0.00118,0.00517,0.99364
40289453,2,2,0.00309,0.01211,0.9848
20830587,2,2,0.00368,0.02178,0.97453
6515338,2,2,0.00139,0.01505,0.98356
35995263,0,0,0.8394,0.15467,0.00593
14552435,2,2,0.01347,0.04246,0.94407
27781645,2,2,0.00168,0.00988,0.98843
3072975,1,1,0.06067,0.78071,0.15861
2613580,0,0,0.92639,0.06783,0.00577
22226731,2,2,0.01647,0.06278,0.92075
24194699,2,2,0.00169,0.00799,0.99033
6205840,2,2,0.00139,0.01275,0.98585
13323971,2,1,0.02722,0.86007,0.11271
15098521,1,0,0.50148,0.48227,0.01625
38949730,2,2,0.00116,0.01172,0.98713
39863812,2,2,0.01714,0.23108,0.75178
22604448,2,2,0.00223,0.00843,0.98934
38903107,2,2,0.00989,0.07169,0.91842
4887215,2,2,0.00259,0.02974,0.96767
3981595,2,2,0.02543,0.41362,0.56095
32733343,2,2,0.00243,0.01668,0.98089
12728760,2,2,0.0028,0.0158,0.9814
24745310,2,2,0.00275,0.01878,0.97847
34999470,2,2,0.00157,0.01638,0.98205
18142931,0,0,0.9732,0.02536,0.00144
16756417,2,1,0.01244,0.71739,0.27017
30389497,2,2,0.00533,0.04048,0.95419
33935436,2,1,0.11266,0.74767,0.13966
16876262,2,2,0.00308,0.01538,0.98155
3321944,2,2,0.00193,0.016,0.98208
36738627,2,2,0.02922,0.27936,0.69142
7227730,2,2,0.00163,0.00856,0.9898
17222350,2,2,0.00163,0.00897,0.9894
27852637,2,2,0.00151,0.00722,0.99126
26970764,2,2,0.00926,0.02374,0.967
1239577,2,2,0.00365,0.07545,0.92091
8268964,2,2,0.00372,0.02646,0.96982
13014663,2,2,0.01201,0.13248,0.8555
37998419,1,0,0.64747,0.34657,0.00596
17183583,2,2,0.01181,0.17291,0.81528
41368821,2,1,0.05597,0.51065,0.43338
10154848,2,2,0.01113,0.17136,0.81751
3092105,2,2,0.15926,0.34922,0.49152
23189079,2,2,0.0012,0.00653,0.99227
16747504,0,0,0.98091,0.01772,0.00136
22537480,2,1,0.05199,0.88978,0.05823
4167648,2,2,0.05215,0.12571,0.82214
8413196,1,1,0.08707,0.84241,0.07051
35976067,2,2,0.00394,0.01792,0.97815
25463548,2,2,0.00127,0.00734,0.99139
35423405,0,0,0.92347,0.07304,0.00349
8927722,1,0,0.83045,0.1661,0.00345
21802933,2,2,0.00284,0.01617,0.98099
16835263,2,2,0.00363,0.00657,0.98981
32936125,2,0,0.99079,0.00799,0.00122
27535116,2,2,0.00253,0.00721,0.99025
35910050,2,2,0.00209,0.01275,0.98517
36647761,0,0,0.98947,0.00962,0.0009
28135340,0,0,0.98317,0.01481,0.00202
30549572,2,2,0.00123,0.00799,0.99078
34706270,1,0,0.98232,0.01509,0.00259
5846865,0,0,0.96456,0.03425,0.00118
37968833,2,2,0.00223,0.00999,0.98778
9556354,2,2,0.01003,0.15454,0.83543
37677283,2,2,0.00165,0.01341,0.98494
7536096,2,2,0.00244,0.01387,0.98369
39524291,2,2,0.00299,0.01397,0.98305
13887695,0,0,0.54769,0.43665,0.01566
39663732,2,2,0.0027,0.01952,0.97778
24679723,2,2,0.00203,0.01015,0.98782
22151810,2,2,0.00159,0.00751,0.99091
26901192,2,2,0.1596,0.24161,0.59879
857095,2,2,0.01708,0.23948,0.74344
30718811,2,2,0.00149,0.00706,0.99145
2795524,2,2,0.00529,0.03193,0.96277
28344391,0,0,0.88272,0.10793,0.00936
8661681,0,0,0.94855,0.04813,0.00332
13757948,2,2,0.01926,0.03066,0.95008
5108206,2,2,0.00371,0.01434,0.98195
15417723,2,2,0.00298,0.01568,0.98134
5034892,2,2,0.0017,0.01377,0.98452
36812453,2,2,0.00144,0.00805,0.99051
19253111,0,0,0.98466,0.01361,0.00173
35988837,2,2,0.0013,0.00517,0.99353
37474343,2,2,0.0039,0.04069,0.95541
12336519,2,2,0.00966,0.21067,0.77967
15926636,2,2,0.00693,0.02627,0.96679
9599356,2,2,0.01536,0.10593,0.87872
10260275,2,2,0.10994,0.20596,0.6841
27651078,2,2,0.00126,0.00695,0.9918
16413395,2,2,0.00286,0.04119,0.95595
593405,2,1,0.20392,0.60568,0.1904
40826800,2,2,0.00166,0.0078,0.99054
10670969,2,2,0.02474,0.36641,0.60885
4716826,2,2,0.0039,0.02665,0.96944
31161641,1,0,0.57017,0.4139,0.01592
17389677,2,2,0.00541,0.08517,0.90942
41090798,2,2,0.00122,0.00614,0.99264
5321990,2,2,0.00356,0.0107,0.98575
7448011,2,2,0.00244,0.01515,0.98241
14124789,2,2,0.00115,0.00413,0.99472
23743239,2,2,0.00241,0.01152,0.98607
31666597,2,2,0.00161,0.00711,0.99128
25475084,2,2,0.01233,0.10949,0.87818
34236944,2,2,0.00158,0.00904,0.98938
19726540,2,2,0.00223,0.00836,0.98941
4906710,2,2,0.00177,0.00745,0.99078
39678085,2,2,0.09516,0.3508,0.55404
20962044,2,2,0.00194,0.01023,0.98783
12136251,2,2,0.00311,0.01981,0.97708
36754253,0,0,0.75855,0.23499,0.00646
40567553,0,2,0.19264,0.21282,0.59454
27366609,2,1,0.2274,0.75145,0.02115
27313520,2,2,0.0013,0.00542,0.99328
29532536,2,0,0.44733,0.14298,0.40969
21096656,0,0,0.9851,0.01394,0.00096
34985876,2,2,0.002,0.00976,0.98824
20910937,0,1,0.40484,0.58446,0.0107
1541168,0,0,0.99216,0.00682,0.00103
30452766,2,2,0.00284,0.01693,0.98023
32762467,2,2,0.00306,0.02188,0.97506
2387678,2,2,0.00522,0.01607,0.97871
30159390,2,2,0.00312,0.0158,0.98108
15708861,2,1,0.24654,0.64701,0.10645
14697255,0,0,0.60742,0.37131,0.02128
15292542,1,1,0.03842,0.93072,0.03087
12516445,0,0,0.9837,0.01371,0.0026
39112488,2,2,0.00236,0.01398,0.98366
22670114,2,2,0.00255,0.01425,0.9832
14896065,0,0,0.98572,0.01311,0.00117
6832545,2,2,0.00131,0.01,0.98869
41604326,1,2,0.00259,0.01475,0.98266
5599223,2,0,0.8729,0.09218,0.03492
8451179,2,2,0.00622,0.05542,0.93835
11956108,2,1,0.0477,0.61859,0.33371
40179040,2,2,0.00109,0.00757,0.99134
27375871,2,2,0.00704,0.01951,0.97346
8010296,0,0,0.90846,0.08821,0.00333
11573767,2,2,0.00136,0.00775,0.9909
11691534,2,2,0.00106,0.00723,0.99172
39026237,2,2,0.00149,0.00633,0.99218
31630723,2,1,0.13399,0.84024,0.02577
36045112,2,2,0.02017,0.29067,0.68916
28264059,2,2,0.00459,0.04888,0.94652
9669132,2,2,0.00136,0.00787,0.99078
2020068,2,1,0.06567,0.82542,0.10891
32536000,2,2,0.00124,0.00717,0.9916
6961455,2,2,0.00167,0.0192,0.97913
40705517,2,2,0.00536,0.05015,0.94449
8481824,2,2,0.00317,0.01725,0.97958
40441672,2,1,0.04631,0.75912,0.19458
13552777,2,2,0.02865,0.24947,0.72187
28051766,2,2,0.01297,0.09207,0.89496
8541138,0,0,0.87888,0.10725,0.01388
9901952,2,2,0.00179,0.01076,0.98745
24822504,2,2,0.01494,0.12351,0.86155
19184913,2,2,0.00987,0.12856,0.86156
18814302,2,2,0.00124,0.00734,0.99143
12384965,0,0,0.73042,0.17708,0.0925
26490729,2,1,0.05802,0.8427,0.09928
22633302,2,2,0.0027,0.02107,0.97623
20384640,2,2,0.00819,0.05938,0.93243
11496724,2,2,0.00319,0.00882,0.98799
12699076,0,1,0.47315,0.50366,0.02319
38901753,2,2,0.00177,0.00679,0.99144
30948716,2,2,0.01072,0.08275,0.90653
16494821,2,2,0.00366,0.01229,0.98405
9974711,2,2,0.00911,0.04656,0.94433
3315988,2,2,0.00132,0.00538,0.9933
1502942,2,2,0.2455,0.03082,0.72368
31957913,0,0,0.9808,0.01832,0.00088
19990202,1,1,0.03901,0.71346,0.24753
39288680,2,1,0.36056,0.46026,0.17919
24964140,2,2,0.00624,0.08218,0.91158
32249864,2,2,0.05295,0.06538,0.88167
29183687,1,1,0.20535,0.76895,0.0257
13064269,2,2,0.00146,0.0111,0.98744
32809231,2,2,0.00165,0.01295,0.9854
14070781,2,2,0.00386,0.05097,0.94516
9080898,1,2,0.00995,0.09436,0.89569
24880702,2,2,0.00275,0.0176,0.97965
24600043,2,2,0.00303,0.01592,0.98105
3576348,0,0,0.98982,0.00941,0.00077
10857128,2,2,0.00332,0.03063,0.96604
6216761,2,1,0.05421,0.55607,0.38972
12568566,0,0,0.88684,0.10843,0.00473
35671628,2,2,0.00193,0.0134,0.98467
38559597,2,2,0.00202,0.0312,0.96678
12734556,2,2,0.00147,0.00706,0.99148
18058918,1,1,0.11091,0.78581,0.10328
4503398,2,2,0.02861,0.06033,0.91107
20693556,2,2,0.00364,0.01834,0.97802
25639212,0,0,0.82892,0.1684,0.00268
4580308,2,2,0.00295,0.01006,0.98699
25942966,2,2,0.00332,0.03157,0.96511
20227354,1,0,0.74732,0.24837,0.00431
11919417,2,2,0.00165,0.01715,0.98121
19527837,2,1,0.13263,0.82241,0.04497
9778921,2,1,0.09653,0.46232,0.44115
21632533,2,2,0.01133,0.25986,0.72881
30144413,2,2,0.00124,0.00722,0.99154
37683108,2,2,0.00557,0.05709,0.93733
28415195,2,2,0.00446,0.03294,0.9626
33018828,2,2,0.00533,0.04048,0.95419
29144136,2,2,0.00226,0.01294,0.9848
2101992,2,2,0.00132,0.00734,0.99135
31708397,2,2,0.02964,0.13724,0.83312
21528266,2,2,0.00388,0.01653,0.97959
32150956,0,1,0.22506,0.75543,0.01951
13260112,2,2,0.00147,0.00722,0.99131
1399115,2,2,0.0014,0.00793,0.99067
14564023,2,2,0.00371,0.01549,0.98081
11043601,1,1,0.01604,0.71477,0.26919
31453052,0,1,0.41108,0.53197,0.05695
27910144,2,2,0.00218,0.01795,0.97988
18180081,0,0,0.99063,0.00847,0.0009
20071287,2,2,0.00096,0.00658,0.99245
31037358,2,2,0.00227,0.02479,0.97295
20017976,2,2,0.02957,0.46249,0.50794
14886835,0,0,0.66706,0.32257,0.01037
6811334,2,2,0.00278,0.02265,0.97457
40558244,0,1,0.1363,0.8317,0.032
21407995,0,0,0.98977,0.00897,0.00125
3761912,0,0,0.92762,0.06974,0.00265
24530993,0,0,0.98611,0.01276,0.00114
20814120,2,2,0.00218,0.01481,0.98301
27001469,0,0,0.67132,0.31464,0.01404
33937307,0,1,0.48389,0.50711,0.009
39654650,2,2,0.00601,0.03015,0.96385
27209796,2,2,0.00153,0.00897,0.98949
37172634,2,2,0.02353,0.07946,0.89701
3205741,0,0,0.92898,0.06782,0.0032
13073960,2,2,0.00606,0.06627,0.92767
41393089,0,0,0.99217,0.00674,0.00109
15980910,2,2,0.0029,0.01113,0.98597
5425409,0,0,0.76854,0.22541,0.00605
36648740,0,0,0.6962,0.29022,0.01357
6920992,0,0,0.85136,0.14172,0.00692
10251539,1,0,0.98659,0.01232,0.00109
3126509,2,1,0.03419,0.89228,0.07353
22789885,2,2,0.00371,0.01585,0.98045
32292998,0,0,0.96552,0.03333,0.00115
41531863,0,0,0.58015,0.40818,0.01167
22011290,2,2,0.0019,0.01185,0.98625
5246335,2,2,0.00166,0.0108,0.98754
24786974,2,2,0.00186,0.00648,0.99167
15145546,0,1,0.16215,0.81385,0.02401
26993491,1,1,0.08532,0.7033,0.21138
25490911,0,0,0.99302,0.0059,0.00108
10328767,2,2,0.01026,0.09458,0.89516
8089794,2,2,0.00125,0.0097,0.98905
9699375,0,0,0.89406,0.10229,0.00365
37713320,2,2,0.00151,0.00751,0.99098
9249387,2,1,0.01628,0.703,0.28073
19694134,2,2,0.00223,0.02507,0.9727
1962527,2,2,0.00312,0.03134,0.96554
31315312,2,2,0.01124,0.09591,0.89285
4873101,2,2,0.00113,0.00669,0.99219
36843992,2,2,0.00182,0.01019,0.98799
14601162,2,2,0.00174,0.00756,0.99069
32371424,2,2,0.00325,0.03603,0.96071
27768652,2,2,0.00142,0.00653,0.99205
7111884,2,2,0.00284,0.01706,0.9801
1234421,0,0,0.98764,0.01157,0.00079
41072124,1,0,0.87604,0.11627,0.0077
5399171,1,1,0.06817,0.8436,0.08822
1087056,2,1,0.10211,0.62304,0.27486
20267407,2,2,0.00149,0.00546,0.99305
38424879,2,2,0.0014,0.00559,0.99301
2076418,2,2,0.0046,0.03281,0.96259
5922766,2,2,0.00114,0.00867,0.99019
24323179,2,2,0.00216,0.00869,0.98914
36929922,2,2,0.00396,0.01103,0.98501
23519510,2,2,0.00569,0.02302,0.97129
28095910,2,2,0.0049,0.01729,0.97781
17381105,2,2,0.004,0.01771,0.97829
35430024,2,2,0.00215,0.03179,0.96606
11878667,2,2,0.00387,0.01833,0.97779
41191715,0,1,0.22524,0.75901,0.01575
9098700,1,0,0.89942,0.09781,0.00277
17318064,0,1,0.11069,0.86726,0.02205
24462346,2,2,0.03825,0.11124,0.85051
23626752,0,0,0.87376,0.11416,0.01208
37919768,2,2,0.00147,0.00728,0.99125
20962665,1,1,0.09914,0.59787,0.30299
10635013,2,2,0.04719,0.20883,0.74398
23522262,0,0,0.90157,0.09502,0.00341
8696925,2,1,0.05961,0.84897,0.09142
7159189,2,2,0.00336,0.02026,0.97638
16498812,2,2,0.00673,0.05443,0.93883
38381850,2,1,0.18767,0.78399,0.02833
25311690,2,2,0.00391,0.02499,0.97111
29159132,2,2,0.00394,0.01792,0.97815
29683565,2,2,0.00422,0.02517,0.97061
35301715,2,2,0.00234,0.00683,0.99082
16344872,2,2,0.01282,0.14302,0.84417
18569872,2,2,0.00137,0.01331,0.98532
14553659,2,2,0.00314,0.00917,0.98769
32373083,2,2,0.00185,0.00925,0.9889
39558980,0,1,0.38416,0.58121,0.03463
15768690,2,0,0.46453,0.40995,0.12552
20576700,2,2,0.01227,0.07937,0.90836
26771796,2,2,0.00312,0.04674,0.95014
15312958,2,1,0.24164,0.72422,0.03414
36697174,2,2,0.00498,0.01547,0.97955
20585839,1,1,0.21262,0.75971,0.02767
29652571,2,2,0.00421,0.02837,0.96742
37795531,2,2,0.00152,0.0059,0.99258
25827935,2,2,0.0033,0.02204,0.97465
4720009,0,1,0.19646,0.78617,0.01737
9579266,2,2,0.00185,0.0114,0.98676
40210187,1,0,0.9733,0.02516,0.00153
21317021,2,2,0.00116,0.00572,0.99311
13084873,2,2,0.32767,0.22642,0.44591
24443537,2,2,0.00575,0.04192,0.95232
30793015,2,2,0.00252,0.01148,0.986
33218668,2,1,0.0382,0.53143,0.43037
4860026,0,0,0.98677,0.01162,0.0016
3556935,2,2,0.01181,0.23442,0.75377
22626730,0,0,0.90804,0.07519,0.01676
29290261,2,2,0.00336,0.04897,0.94767
18309782,2,2,0.00154,0.00513,0.99333
40837413,2,2,0.00218,0.01516,0.98266
28430402,2,2,0.00191,0.01031,0.98778
10225903,0,0,0.97549,0.02347,0.00104
27275807,2,2,0.01225,0.16815,0.8196
35360482,0,2,0.02817,0.08182,0.89001
23826403,2,2,0.00151,0.00768,0.9908
7758446,2,2,0.00207,0.007,0.99093
33322079,2,2,0.00559,0.0543,0.94011
23269797,2,2,0.00388,0.04702,0.9491
41265732,2,2,0.00308,0.01308,0.98384
14533936,0,0,0.96705,0.03051,0.00243
18135107,2,2,0.00206,0.01101,0.98693
24706705,2,2,0.00156,0.0085,0.98994
27572147,2,2,0.00299,0.01298,0.98403
38104574,2,2,0.00131,0.00811,0.99057
26799951,2,2,0.00164,0.00811,0.99025
10458736,2,2,0.00221,0.01808,0.9797
2557820,2,2,0.00163,0.00932,0.98904
18623617,2,2,0.00248,0.01289,0.98463
26188181,2,2,0.0032,0.02163,0.97517
36243680,2,2,0.00263,0.03065,0.96672
19757464,2,2,0.00312,0.01814,0.97875
40021868,2,2,0.00331,0.01988,0.97681
33010001,2,2,0.0044,0.07559,0.92001
35321809,2,2,0.02464,0.20876,0.7666
3558354,2,2,0.01179,0.10841,0.8798
22113829,2,2,0.0017,0.01351,0.98479
35641047,0,0,0.95523,0.04301,0.00176
9487994,2,2,0.00355,0.02646,0.96998
9200207,2,2,0.00133,0.00818,0.99049
31934344,2,2,0.00356,0.09825,0.89819
20718146,2,2,0.00147,0.00599,0.99254
13237439,2,2,0.00212,0.01198,0.98589
11530274,0,0,0.98572,0.01265,0.00163
37056786,2,2,0.00153,0.01027,0.98819
1017716,2,2,0.10321,0.27919,0.6176
8577992,2,1,0.04692,0.50443,0.44865
35637909,1,0,0.84467,0.14678,0.00854
21334554,2,2,0.00343,0.01591,0.98066
31066627,2,2,0.00215,0.01516,0.98269
6944867,2,1,0.01935,0.54374,0.43691
36878536,2,2,0.00157,0.01431,0.98411
34025450,2,2,0.00113,0.00433,0.99454
36463063,0,0,0.98913,0.0097,0.00118
25470887,2,2,0.02136,0.30899,0.66965
11801647,2,2,0.02067,0.03628,0.94305
3651200,0,1,0.07055,0.8495,0.07995
28111273,2,2,0.00425,0.1342,0.86155
3121655,2,2,0.02403,0.18033,0.79565
19131037,2,2,0.0016,0.01217,0.98622
30351752,2,1,0.03263,0.74264,0.22473
33098264,2,2,0.01714,0.23108,0.75178
39768613,2,2,0.00193,0.01198,0.98608
24656357,2,2,0.02523,0.47977,0.495
8633759,2,2,0.00621,0.05693,0.93686
1881158,2,2,0.00315,0.02155,0.9753
41573734,2,2,0.00495,0.03728,0.95777
3244420,2,2,0.00193,0.01425,0.98382
1528612,2,2,0.00197,0.02523,0.97281
5874153,2,2,0.00445,0.01926,0.97629
1900973,2,2,0.00233,0.02639,0.97127
32572679,2,2,0.08395,0.19086,0.72519
12341032,2,2,0.02273,0.40918,0.56809
20353062,2,2,0.00147,0.00628,0.99225
35604093,1,0,0.77925,0.21471,0.00604
39097581,2,2,0.00364,0.04927,0.94709
20135498,2,2,0.0023,0.01079,0.98691
28633657,2,2,0.00662,0.02648,0.9669
13003742,2,2,0.00215,0.01637,0.98149
32725465,2,1,0.02297,0.80331,0.17373
11708724,2,1,0.03201,0.72297,0.24502
8580989,2,2,0.00179,0.01236,0.98585
41517228,1,1,0.36584,0.57108,0.06308
20327642,2,2,0.21628,0.32183,0.4619
23669606,1,1,0.22022,0.75969,0.02009
38317636,0,0,0.83125,0.16432,0.00443
12368149,2,1,0.02161,0.75584,0.22255
19196286,2,2,0.00161,0.00954,0.98885
10812404,2,2,0.00252,0.01216,0.98532
3796626,2,1,0.02591,0.63275,0.34134
15461746,0,0,0.96847,0.02927,0.00226
22449287,2,2,0.01253,0.19991,0.78756
26330780,2,1,0.34625,0.57087,0.08289
9526696,2,2,0.0059,0.0468,0.9473
33542404,2,2,0.00285,0.01486,0.9823
15232710,1,0,0.94219,0.05516,0.00265
22324958,2,2,0.00125,0.01093,0.98782
19905760,0,0,0.99115,0.00796,0.00089
25424545,2,2,0.00859,0.01384,0.97757
15588158,2,2,0.00355,0.01174,0.98471
21368539,2,2,0.00227,0.00798,0.98975
3457242,0,0,0.98903,0.00977,0.00119
30519124,2,2,0.01409,0.05074,0.93517
17306055,2,2,0.00959,0.04994,0.94047
31235057,0,0,0.97832,0.0207,0.00098
30499519,2,2,0.0022,0.00946,0.98834
25337950,2,0,0.89221,0.10288,0.00491
32410143,2,2,0.00557,0.02828,0.96615
25422665,1,1,0.18784,0.79392,0.01824
21458871,0,0,0.91804,0.07699,0.00497
35844118,2,2,0.00243,0.03078,0.96679
14239044,2,2,0.02059,0.0832,0.89621
2106633,0,0,0.94234,0.05437,0.00329
18817060,2,2,0.00123,0.00799,0.99078
37326212,2,2,0.00134,0.00555,0.99311
1384072,2,2,0.01192,0.30617,0.68192
16115259,1,0,0.84284,0.14476,0.0124
41193725,1,0,0.76539,0.21421,0.0204
19032183,1,0,0.86179,0.13635,0.00186
38470518,0,0,0.98815,0.01027,0.00158
3498165,2,1,0.02022,0.56395,0.41583
40559042,2,2,0.00142,0.0094,0.98918
1608776,0,0,0.69001,0.30144,0.00855
183886,2,2,0.00268,0.01344,0.98388
5253989,2,2,0.01708,0.23948,0.74344
15100789,2,2,0.00194,0.00711,0.99095
38487661,0,0,0.86442,0.12798,0.0076
26679127,0,0,0.98997,0.00884,0.0012
14621570,2,2,0.00317,0.01616,0.98067
25607970,2,2,0.00395,0.03021,0.96584
15224629,2,2,0.0012,0.00751,0.99129
26060228,2,0,0.80214,0.14066,0.05721
33597732,2,2,0.00296,0.02282,0.97422
4405933,2,2,0.00161,0.00981,0.98859
25229519,2,1,0.08578,0.7766,0.13762
23058533,0,0,0.97957,0.01891,0.00152
25192163,2,2,0.0028,0.01419,0.98301
31562930,2,2,0.00568,0.00929,0.98504
28252666,2,2,0.00286,0.02417,0.97297
29403985,2,1,0.09347,0.82339,0.08314
35448004,2,2,0.00208,0.01587,0.98204
30201341,2,2,0.00456,0.04081,0.95463
13122614,2,2,0.0012,0.00847,0.99034
37860857,0,0,0.99238,0.00658,0.00104
14683589,2,2,0.00765,0.16167,0.83068
33639398,2,2,0.01298,0.18412,0.8029
26443525,2,2,0.00439,0.01757,0.97804
757883,2,1,0.02094,0.58394,0.39512
4945447,2,2,0.00213,0.02254,0.97533
29821229,2,2,0.00521,0.03254,0.96225
20822424,2,2,0.00128,0.00711,0.99161
19396193,2,2,0.00129,0.00918,0.98952
28610163,0,0,0.99132,0.00742,0.00126
35078994,2,2,0.00427,0.03043,0.9653
11042986,1,1,0.03826,0.91261,0.04913
20592897,2,2,0.00208,0.01587,0.98204
27872179,2,2,0.00225,0.01727,0.98048
37083351,2,2,0.00179,0.00911,0.9891
26145180,2,2,0.00259,0.01642,0.98099
1510312,2,2,0.00143,0.01899,0.97959
34327822,2,2,0.0012,0.00486,0.99394
34044916,2,0,0.98368,0.01403,0.00229
27845719,2,2,0.00182,0.02631,0.97187
21173467,2,2,0.00845,0.04505,0.9465
33391966,2,2,0.00179,0.01097,0.98724
37796433,2,2,0.0015,0.01632,0.98218
20383053,2,2,0.00116,0.01141,0.98744
33820979,2,2,0.0013,0.00546,0.99324
36074833,2,2,0.00384,0.05766,0.93851
23506250,2,2,0.00401,0.02908,0.9669
10370362,2,1,0.12492,0.57424,0.30084
28902449,2,2,0.00162,0.01728,0.9811
19352041,2,2,0.01848,0.22597,0.75555
34119004,0,0,0.768,0.22525,0.00675
20199128,2,2,0.0089,0.08305,0.90805
31881084,2,2,0.00309,0.0275,0.96941
18374960,2,2,0.00145,0.00464,0.99391
29329508,0,0,0.93513,0.05867,0.0062
14596223,2,2,0.00298,0.01457,0.98244
7114069,1,0,0.53311,0.456,0.01089
19638731,2,2,0.00372,0.07049,0.92579
4192257,2,2,0.0019,0.03085,0.96725
13759377,2,2,0.00255,0.01469,0.98276
24321600,2,2,0.02631,0.12936,0.84434
5476965,2,2,0.00615,0.0224,0.97145
27874266,2,2,0.00182,0.01031,0.98787
5524488,2,2,0.00289,0.01376,0.98335
21129954,2,2,0.0124,0.06201,0.92559
69411,1,0,0.48419,0.43233,0.08348
33840941,2,2,0.00217,0.01998,0.97785
35104531,2,2,0.16607,0.38688,0.44704
20412452,2,2,0.00279,0.01864,0.97857
18136600,0,1,0.36655,0.61867,0.01478
31675937,0,0,0.58811,0.39177,0.02012
35216313,2,0,0.77881,0.2088,0.01239
14535487,2,0,0.98023,0.01494,0.00483
11717145,2,2,0.00168,0.0108,0.98752
4701342,2,2,0.01708,0.23948,0.74344
24992468,1,0,0.5521,0.40078,0.04712
22492579,2,2,0.01579,0.10151,0.8827
16800364,2,2,0.00138,0.00734,0.99129
2017750,2,2,0.00859,0.10134,0.89007
15449517,2,2,0.00343,0.01423,0.98233
23709671,2,2,0.00356,0.02406,0.97238
15913957,2,2,0.00276,0.01503,0.98221
36952443,2,2,0.01498,0.10783,0.8772
1315961,0,2,0.00207,0.02297,0.97496
35009581,1,1,0.46018,0.52966,0.01017
12059671,2,2,0.00535,0.03609,0.95855
38557993,2,2,0.00135,0.01465,0.984
18989385,0,0,0.64396,0.35011,0.00593
21494668,2,2,0.0021,0.00969,0.98822
27761428,2,2,0.00199,0.01516,0.98285
33837129,0,0,0.96622,0.03221,0.00157
14534096,1,1,0.21788,0.70885,0.07327
41511742,2,2,0.00533,0.04048,0.95419
35821638,0,2,0.00597,0.10754,0.88648
8376186,2,2,0.00255,0.03124,0.96621
19619311,2,2,0.00259,0.01574,0.98167
30302827,2,2,0.00159,0.00568,0.99273
10652163,2,2,0.01121,0.08452,0.90428
17548750,0,0,0.98763,0.01063,0.00174
9060901,2,2,0.00531,0.01388,0.98081
34252720,2,2,0.00123,0.00919,0.98958
25841241,2,2,0.00259,0.01527,0.98214
9788559,1,0,0.95623,0.03955,0.00423
17532305,2,2,0.0874,0.44383,0.46878
21991297,2,2,0.00503,0.03604,0.95893
16067604,2,2,0.0013,0.00517,0.99353
36390477,2,2,0.00233,0.0559,0.94177
22032565,0,0,0.99067,0.00821,0.00112
40427837,2,2,0.00778,0.07835,0.91387
13187469,2,2,0.00356,0.02406,0.97238
37796835,2,2,0.00299,0.04436,0.95265
2882999,2,2,0.00354,0.01456,0.98189
7986148,2,2,0.00367,0.01037,0.98596
9402583,2,2,0.00386,0.0072,0.98894
22859267,2,2,0.00829,0.06353,0.92818
15841306,0,0,0.8708,0.11716,0.01204
32147502,1,0,0.96496,0.03276,0.00228
16330589,2,2,0.00132,0.00555,0.99313
37616434,2,2,0.00369,0.0195,0.97681
34379281,0,0,0.73615,0.2564,0.00745
3296385,2,2,0.00223,0.00925,0.98852
8416462,2,2,0.01375,0.0444,0.94185
10760985,0,0,0.64872,0.30644,0.04484
15407603,2,2,0.00137,0.0146,0.98404
35201582,2,2,0.00184,0.01346,0.9847
14645719,2,2,0.00182,0.0075,0.99067
41143259,2,2,0.00293,0.0483,0.94878
17273062,2,2,0.01238,0.14621,0.8414
3115433,2,0,0.66735,0.19195,0.14071
33679,2,2,0.00628,0.04735,0.94637
2365821,2,2,0.00448,0.04253,0.95299
13765128,2,1,0.17926,0.73256,0.08818
25552792,0,0,0.97253,0.02483,0.00265
8456903,0,0,0.61279,0.37753,0.00968
9321776,2,2,0.0012,0.00728,0.99152
11228966,2,2,0.02371,0.19734,0.77896
13283444,2,2,0.00181,0.0142,0.98399
8550238,2,2,0.00355,0.01103,0.98541
9918108,0,0,0.95562,0.04174,0.00264
25182507,2,1,0.09929,0.87804,0.02268
4924017,0,0,0.94443,0.05401,0.00156
3897395,2,2,0.00631,0.02752,0.96617
31656241,2,2,0.00343,0.05933,0.93723
10329704,2,2,0.00247,0.01498,0.98255
19303403,2,2,0.00193,0.02928,0.96879
35594038,2,2,0.00516,0.02765,0.96719
16985969,0,0,0.67036,0.31914,0.0105
10479455,2,2,0.00477,0.05657,0.93866
13071081,2,2,0.00296,0.02082,0.97621
39959323,2,2,0.01692,0.32297,0.66011
32842194,0,2,0.02952,0.19708,0.7734
1951648,2,2,0.00224,0.00599,0.99177
19662212,2,2,0.00473,0.05054,0.94473
1495953,2,2,0.002,0.02437,0.97362
34267320,0,0,0.86877,0.11804,0.01319
15512660,0,0,0.89827,0.0973,0.00443
1627763,2,2,0.00128,0.00628,0.99244
25198046,0,0,0.97615,0.02161,0.00224
13917008,1,1,0.18001,0.80675,0.01325
21365197,0,0,0.98848,0.00903,0.00249
13966949,2,2,0.00216,0.01007,0.98777
19028324,2,2,0.00173,0.01158,0.98669
5957211,2,2,0.00377,0.06019,0.93604
12331909,1,1,0.20754,0.7711,0.02137
5360774,2,2,0.00149,0.00604,0.99247
31587694,2,2,0.00226,0.01148,0.98626
7999237,2,2,0.00619,0.03095,0.96286
5017421,2,2,0.00414,0.01369,0.98217
20398693,2,2,0.00123,0.00908,0.98969
7794879,2,2,0.00246,0.01879,0.97875
7587045,2,2,0.0022,0.00849,0.98931
15382483,2,2,0.0013,0.00595,0.99275
41054088,2,2,0.00735,0.07378,0.91887
31171247,2,2,0.00368,0.03719,0.95913
34845213,2,2,0.00222,0.02789,0.96988
20022672,2,2,0.01414,0.16378,0.82207
2955182,0,0,0.93707,0.05769,0.00523
26581153,2,2,0.00134,0.00586,0.9928
41300824,2,2,0.00298,0.01457,0.98244
27965549,0,0,0.99032,0.00853,0.00114
11315107,2,2,0.00164,0.00663,0.99173
25677150,2,2,0.0048,0.02086,0.97433
19724185,0,0,0.98703,0.01181,0.00116
35220626,2,2,0.00131,0.01454,0.98415
6031743,0,0,0.95206,0.0438,0.00414
21464753,2,2,0.00222,0.01324,0.98453
27424249,2,2,0.00676,0.05112,0.94213
7247265,2,2,0.00174,0.00739,0.99087
4323493,2,2,0.0011,0.01232,0.98658
15396687,2,2,0.00187,0.01194,0.98619
8177587,2,2,0.00152,0.0167,0.98178
37454380,2,2,0.00356,0.02406,0.97238
39994313,2,2,0.00493,0.08363,0.91144
30885410,2,2,0.00243,0.01908,0.9785
2968315,2,2,0.00185,0.00954,0.98861
1195079,2,2,0.00218,0.01662,0.9812
38461273,2,2,0.00312,0.03292,0.96396
17127386,0,0,0.69651,0.2654,0.03809
26600196,2,2,0.0016,0.01153,0.98686
29500674,2,2,0.00582,0.08925,0.90493
22602314,2,2,0.00185,0.01,0.98816
25742420,2,2,0.00836,0.04035,0.95129
14291326,2,2,0.00233,0.01414,0.98353
10882214,2,2,0.00124,0.00706,0.99171
32344955,2,2,0.042,0.13388,0.82412
28914874,2,2,0.00704,0.02718,0.96578
39804187,2,1,0.27931,0.5038,0.21689
21527994,2,2,0.00241,0.00917,0.98841
13708478,2,2,0.00756,0.25637,0.73607
39631253,1,1,0.35173,0.63195,0.01632
514833,2,2,0.00654,0.08135,0.91211
16886330,2,2,0.0023,0.01207,0.98563
9714189,2,2,0.00326,0.03323,0.96351
40366095,2,2,0.00241,0.00954,0.98805
31541465,2,2,0.02347,0.29049,0.68604
4392094,2,2,0.00278,0.00647,0.99075
636082,1,1,0.22911,0.7367,0.03419
21950349,2,2,0.01,0.06137,0.92863
31174067,2,2,0.00163,0.00863,0.98974
3888904,2,2,0.00352,0.0195,0.97698
30337067,2,2,0.01809,0.48137,0.50054
40677634,2,2,0.00632,0.05568,0.938
29087269,2,2,0.00174,0.00716,0.99109
30943565,2,2,0.00187,0.01409,0.98404
37513570,2,2,0.00684,0.0238,0.96936
10557112,0,0,0.95924,0.03838,0.00238
701414,0,0,0.86136,0.13523,0.00341
8764459,2,2,0.00523,0.05769,0.93707
23938931,0,0,0.92717,0.06943,0.0034
26555191,2,2,0.0014,0.00595,0.99265
22747694,2,2,0.00498,0.03188,0.96314
14785310,2,2,0.01664,0.21833,0.76503
3909837,2,2,0.00987,0.12856,0.86156
29580437,2,2,0.00399,0.01876,0.97725
29321785,2,2,0.00187,0.01167,0.98646
32595535,2,2,0.00163,0.01011,0.98825
37539342,2,2,0.01528,0.14385,0.84086
26432431,2,2,0.00486,0.02496,0.97018
38675030,2,2,0.00326,0.04947,0.94727
38976925,2,2,0.00272,0.02901,0.96827
12217795,2,2,0.01394,0.38871,0.59735
7783234,2,2,0.00255,0.01533,0.98212
15203201,2,2,0.00252,0.01259,0.98489
38187882,2,2,0.00237,0.01007,0.98756
36149372,2,2,0.00571,0.04972,0.94458
24774994,2,2,0.00544,0.02093,0.97363
38496745,2,2,0.00433,0.04503,0.95064
4795489,2,2,0.00471,0.08275,0.91253
25848897,1,0,0.49686,0.48916,0.01399
27153573,0,1,0.26105,0.6986,0.04035
39383083,2,2,0.01564,0.05395,0.93042
12837850,2,2,0.00875,0.24009,0.75117
20312000,2,2,0.00176,0.01482,0.98343
24330855,2,2,0.00161,0.00628,0.99211
19410917,2,2,0.00276,0.01402,0.98321
4129847,2,2,0.0028,0.01424,0.98295
23817627,0,0,0.99149,0.00745,0.00106
25274403,1,1,0.04288,0.6975,0.25962
38717165,0,0,0.9191,0.07876,0.00214
21470528,2,1,0.01721,0.53542,0.44736
7856840,2,2,0.05933,0.28251,0.65815
4580174,2,2,0.00346,0.03851,0.95803
29366498,0,0,0.71635,0.27835,0.0053
15871022,2,2,0.00447,0.02929,0.96623
5080892,0,0,0.82464,0.16688,0.00847
41442002,2,2,0.00231,0.00705,0.99064
28410795,2,2,0.00517,0.11163,0.8832
20706784,2,1,0.21252,0.65558,0.13189
33036406,0,0,0.97845,0.02035,0.0012
22599796,2,2,0.01167,0.11761,0.87072
1754533,1,0,0.64228,0.30458,0.05314
19062984,2,2,0.00273,0.0113,0.98597
33758685,0,0,0.80583,0.13625,0.05792
17794524,2,2,0.00179,0.01149,0.98672
37405824,2,2,0.00533,0.04048,0.95419
30773652,2,2,0.0048,0.02235,0.97285
7995452,2,0,0.64994,0.34518,0.00489
33572416,2,2,0.00118,0.00837,0.99045
25377304,2,2,0.00114,0.00695,0.99191
28846821,0,0,0.99258,0.00604,0.00138
19408250,2,2,0.00226,0.01175,0.98599
36719819,2,2,0.00501,0.02593,0.96907
630745,2,1,0.1246,0.73976,0.13564
8210912,2,2,0.00567,0.02651,0.96783
28286122,0,0,0.97036,0.02814,0.00151
4186498,2,2,0.00665,0.10822,0.88513
918093,2,1,0.03897,0.82673,0.1343
18202882,2,2,0.00166,0.00925,0.98909
1986331,0,0,0.95737,0.03826,0.00436
2919327,2,2,0.00169,0.00586,0.99245
34552448,0,0,0.97819,0.02022,0.00159
21587407,0,0,0.99107,0.00663,0.00231
35522229,2,2,0.00959,0.04192,0.94849
13475483,2,2,0.00459,0.03433,0.96108
7239252,0,0,0.63848,0.30396,0.05756
28442282,2,2,0.00338,0.01328,0.98334
30729153,2,2,0.00318,0.0138,0.98302
16045745,2,2,0.00331,0.01988,0.97681
15741784,2,2,0.0041,0.05261,0.94329
1342490,2,2,0.00664,0.02371,0.96965
19593978,2,2,0.0033,0.03717,0.95953
15806628,2,2,0.00312,0.01514,0.98173
31965022,0,0,0.98188,0.01726,0.00085
8830869,2,2,0.00107,0.00638,0.99254
37172968,2,2,0.00309,0.01202,0.9849
40456475,0,0,0.99176,0.007,0.00124
39118190,0,0,0.96859,0.03033,0.00108
9302670,2,2,0.00308,0.01391,0.98301
15354394,0,0,0.96303,0.03584,0.00113
14931940,2,2,0.00655,0.09422,0.89922
41613035,2,2,0.00964,0.08053,0.90983
7123453,1,1,0.32234,0.64355,0.03411
4110048,1,0,0.93814,0.06021,0.00165
27830956,2,2,0.00228,0.01829,0.97943
3556231,2,2,0.00298,0.0155,0.98152
15193975,0,0,0.93514,0.06144,0.00343
33382117,2,2,0.00289,0.01617,0.98094
28633772,2,2,0.00958,0.27559,0.71483
14915349,2,2,0.00389,0.01348,0.98263
18996503,1,0,0.88096,0.11601,0.00303
28867713,2,1,0.01454,0.68421,0.30125
16469373,2,2,0.03895,0.22026,0.74078
21607220,2,2,0.00244,0.02969,0.96788
14074535,2,2,0.01003,0.03626,0.95371
10890750,2,2,0.00326,0.03467,0.96207
39286004,2,2,0.01268,0.06268,0.92464
31426146,2,2,0.0019,0.01241,0.98569
18810287,2,2,0.00591,0.18309,0.811
34050339,2,2,0.00332,0.0182,0.97848
38257408,0,1,0.24311,0.72864,0.02825
15851186,2,2,0.0039,0.02743,0.96868
26147100,0,0,0.53261,0.39273,0.07466
24846235,2,2,0.0014,0.00653,0.99207
34010836,2,2,0.00166,0.02626,0.97208
16235613,2,2,0.00136,0.00581,0.99283
30579514,2,2,0.00831,0.13053,0.86116
31095621,2,2,0.00334,0.11242,0.88424
2590307,2,2,0.00114,0.00821,0.99065
12415349,2,2,0.01083,0.1151,0.87407
1010335,2,2,0.00324,0.0091,0.98766
40541115,2,2,0.01714,0.23108,0.75178
12664351,2,1,0.26624,0.696,0.03776
7292751,2,2,0.00138,0.01834,0.98027
40423916,0,0,0.58274,0.3943,0.02295
8754122,2,2,0.00248,0.01175,0.98577
37566862,2,1,0.02101,0.56349,0.41549
39616278,2,2,0.00116,0.01145,0.98739
22935802,2,2,0.15669,0.24266,0.60065
30989686,2,2,0.00312,0.01567,0.9812
28612062,2,1,0.20769,0.74937,0.04294
38775956,0,0,0.9537,0.04452,0.00178
40157367,2,2,0.00489,0.01839,0.97672
10132420,2,2,0.00257,0.00774,0.98969
10937747,2,2,0.00138,0.00436,0.99426
3935084,2,2,0.00193,0.01135,0.98671
12715705,2,2,0.00318,0.01308,0.98374
38774546,2,2,0.00283,0.02067,0.9765
8704362,2,2,0.00185,0.00684,0.99131
19325220,2,1,0.01641,0.7145,0.26908
16262008,2,2,0.00197,0.01007,0.98796
10271792,2,2,0.00371,0.01549,0.98081
34105768,0,1,0.48594,0.5053,0.00876
4038897,0,1,0.08384,0.83848,0.07769
11066870,2,2,0.00574,0.07394,0.92033
3203,0,0,0.9566,0.04211,0.00129
5796760,0,1,0.0802,0.47247,0.44733
7669289,2,2,0.00287,0.02172,0.97541
19920224,2,2,0.03102,0.04094,0.92804
20106219,2,2,0.00383,0.04495,0.95122
36241380,2,2,0.00122,0.00551,0.99328
34366833,2,2,0.0018,0.00576,0.99244
15332420,1,0,0.57419,0.41682,0.009
31735077,2,2,0.00255,0.01642,0.98103
25369781,2,2,0.0013,0.00633,0.99237
16311177,2,2,0.00263,0.03238,0.96499
8644840,2,2,0.00158,0.00883,0.98958
39333454,0,1,0.19876,0.48763,0.31361
28824073,1,1,0.37558,0.5359,0.08851
17703945,2,2,0.00132,0.01582,0.98285
27133105,2,2,0.0012,0.00834,0.99047
36243829,2,2,0.00114,0.00769,0.99117
11483394,2,2,0.00342,0.01841,0.97817
35622407,2,1,0.04263,0.70428,0.25309
15466269,2,2,0.05415,0.24363,0.70222
35398362,2,2,0.00366,0.02812,0.96822
33342319,2,1,0.1321,0.83324,0.03466
23983511,2,2,0.0031,0.03795,0.95895
6601876,2,2,0.00457,0.03968,0.95575
25531985,2,2,0.00648,0.08959,0.90393
8024706,2,2,0.00197,0.00856,0.98947
4930142,0,1,0.15029,0.72052,0.12918
2877061,2,2,0.00143,0.01448,0.98408
20454204,2,2,0.00277,0.01014,0.98709
40169993,2,2,0.00312,0.03249,0.96439
10816884,2,1,0.04273,0.52059,0.43667
32213598,1,0,0.91296,0.07381,0.01323
30814306,2,2,0.00153,0.01208,0.98639
15394372,2,2,0.00591,0.0084,0.9857
20461890,0,1,0.10481,0.83899,0.05621
38893554,2,1,0.06377,0.85991,0.07632
3468459,2,0,0.4143,0.29421,0.29149
40830616,0,1,0.19241,0.7149,0.09268
35363600,1,0,0.76904,0.22033,0.01063
9439730,2,2,0.00343,0.01531,0.98126
7066325,2,2,0.0151,0.11441,0.8705
12521424,0,0,0.94025,0.05608,0.00367
25167654,2,2,0.00523,0.04461,0.95016
17795935,2,2,0.01138,0.27898,0.70963
25488873,2,2,0.00353,0.01862,0.97785
28178374,0,0,0.90836,0.08616,0.00549
12178181,2,2,0.0018,0.00673,0.99147
35442323,2,2,0.00164,0.00689,0.99147
29316166,2,2,0.00822,0.20392,0.78785
38791932,2,2,0.00167,0.01702,0.98131
11823362,2,2,0.00109,0.00847,0.99044
32672716,2,2,0.00128,0.00648,0.99224
18678602,2,2,0.00309,0.01156,0.98535
6914913,2,2,0.00397,0.02537,0.97067
18154190,2,2,0.00276,0.05998,0.93727
9627997,0,0,0.73009,0.24551,0.0244
10296828,2,2,0.00585,0.04023,0.95392
2301549,0,0,0.52008,0.46986,0.01006
31658620,1,1,0.01914,0.86643,0.11443
23719648,2,2,0.00447,0.01559,0.97994
30958248,2,1,0.10062,0.66906,0.23032
1857502,1,1,0.14977,0.82883,0.02141
37247080,2,2,0.00439,0.0173,0.97831
40718459,0,1,0.40694,0.57388,0.01918
4361961,0,0,0.98156,0.00904,0.0094
18415533,2,2,0.01414,0.26062,0.72524
24335665,2,2,0.00293,0.01807,0.979
14735867,2,0,0.9532,0.04493,0.00187
28114431,1,0,0.72508,0.26884,0.00608
117091,2,1,0.04321,0.80902,0.14777
751617,2,1,0.02131,0.78118,0.19751
5143502,2,2,0.00135,0.00897,0.98967
17845680,2,2,0.0043,0.02314,0.97256
6153608,2,2,0.00477,0.04352,0.95171
39195397,2,2,0.00218,0.01481,0.98301
30997309,0,0,0.97987,0.01907,0.00106
17674176,2,1,0.07728,0.70513,0.21759
7672166,2,2,0.00188,0.00947,0.98865
35133728,2,2,0.00118,0.00831,0.99052
25611905,1,0,0.88976,0.09505,0.01519
34013968,1,0,0.82259,0.16909,0.00832
36064408,0,0,0.99054,0.00844,0.00102
11901297,2,2,0.00188,0.01101,0.98712
35353218,2,2,0.00316,0.01928,0.97756
26454994,2,2,0.00171,0.00824,0.99005
38863024,2,2,0.00204,0.00762,0.99034
35905009,2,2,0.0013,0.00658,0.99212
12255562,2,2,0.05061,0.24525,0.70414
19749648,2,2,0.00329,0.08346,0.91324
36797668,0,0,0.98093,0.01755,0.00152
16014858,2,2,0.00997,0.09217,0.89786
38484776,2,2,0.00556,0.02893,0.96551
18155038,1,1,0.19772,0.67807,0.12421
38904925,2,2,0.00216,0.026,0.97184
3363603,2,2,0.01919,0.38847,0.59234
30424623,1,0,0.91063,0.08016,0.00921
24719878,2,2,0.02819,0.38309,0.58872
29562472,1,0,0.70891,0.23105,0.06004
11181945,2,2,0.00268,0.01121,0.9861
36889804,2,2,0.00422,0.02517,0.97061
4867557,2,2,0.03645,0.18421,0.77934
39125152,2,2,0.0023,0.0235,0.9742
39754282,2,2,0.00267,0.04682,0.95051
17982693,2,2,0.00171,0.01213,0.98617
25842033,2,2,0.00943,0.03656,0.95401
28160547,1,1,0.11591,0.86149,0.0226
19614191,2,2,0.00415,0.0849,0.91095
21897568,2,2,0.00156,0.01068,0.98777
35506175,2,2,0.00589,0.01823,0.97588
39274231,0,1,0.10695,0.53683,0.35621
10147080,2,2,0.0014,0.0083,0.9903
8047827,2,2,0.02575,0.45293,0.52132
19190359,2,1,0.05745,0.65753,0.28502
28921654,2,2,0.00435,0.02575,0.9699
36153050,2,1,0.20028,0.76179,0.03793
37053813,1,0,0.92532,0.07149,0.00318
40279055,2,1,0.0337,0.767,0.1993
35238959,2,2,0.00537,0.03285,0.96178
34340168,2,2,0.00281,0.01283,0.98436
25753076,2,2,0.00154,0.00824,0.99023
15495998,1,2,0.00448,0.07179,0.92373
19379707,2,2,0.01001,0.14318,0.8468
26668054,2,2,0.00428,0.02757,0.96815
40553353,0,0,0.95151,0.0461,0.0024
31370352,0,0,0.83446,0.11697,0.04857
5311007,2,2,0.00421,0.04379,0.952
34921639,2,2,0.00366,0.01317,0.98317
15954606,2,2,0.00384,0.02547,0.97069
20102188,2,2,0.0014,0.00757,0.99103
40837396,0,0,0.99054,0.00844,0.00102
1802277,2,2,0.00396,0.05594,0.9401
34980996,2,2,0.00147,0.0049,0.99363
37584755,0,0,0.68076,0.31168,0.00756
22746883,2,2,0.00188,0.01059,0.98753
34575358,2,2,0.00398,0.02306,0.97296
15892687,0,0,0.79507,0.19714,0.00779
23233815,2,2,0.00262,0.019,0.97838
37610716,2,2,0.00138,0.00805,0.99057
1709589,2,2,0.00296,0.0209,0.97613
20213198,2,2,0.00934,0.03796,0.9527
13626569,2,2,0.00209,0.01431,0.98361
33030256,2,2,0.00288,0.01871,0.97841
29277059,0,0,0.59312,0.40133,0.00555
3587003,1,0,0.73842,0.25719,0.00439
12514383,2,2,0.00146,0.01185,0.98669
9767328,0,0,0.93888,0.05886,0.00226
6984931,2,2,0.00101,0.00486,0.99413
28368309,2,2,0.00106,0.0069,0.99205
6880671,2,2,0.00521,0.03199,0.96279
20910275,2,1,0.02243,0.64536,0.3322
16055309,2,2,0.0012,0.00564,0.99317
24669594,2,2,0.00879,0.34032,0.65089
6233050,2,2,0.004,0.01737,0.97863
27117774,2,2,0.01939,0.06819,0.91242
1241624,2,2,0.00204,0.03695,0.96102
29767441,2,0,0.78008,0.18565,0.03427
34688365,2,2,0.00313,0.01418,0.98269
34739051,2,2,0.00128,0.00722,0.9915
33296316,2,2,0.00171,0.00911,0.98918
3528826,2,2,0.00309,0.02544,0.97147
17539330,2,2,0.00126,0.0059,0.99284
163387,2,2,0.00549,0.05749,0.93702
23235225,2,1,0.16383,0.80327,0.0329
8360496,1,2,0.01672,0.26672,0.71656
16416005,2,2,0.00194,0.01105,0.98701
41561647,2,2,0.00124,0.00775,0.99102
24601586,2,2,0.00126,0.00728,0.99146
16665323,2,2,0.01708,0.23948,0.74344
28937203,0,0,0.97228,0.02639,0.00133
35973876,2,2,0.03805,0.26616,0.69579
8209340,0,1,0.20167,0.77913,0.0192
30214158,2,2,0.01571,0.02757,0.95672
14587347,2,2,0.00141,0.01326,0.98533
24770366,2,2,0.00202,0.01315,0.98483
13796173,2,2,0.0166,0.13198,0.85142
37567138,2,2,0.00193,0.01285,0.98522
34336529,2,2,0.00674,0.03908,0.95418
27958877,0,0,0.98736,0.01172,0.00091
27612944,0,0,0.78074,0.1705,0.04875
22449404,2,2,0.00543,0.02208,0.97249
11495766,2,2,0.26064,0.30213,0.43724
15371054,2,2,0.00685,0.03792,0.95523
24107923,0,0,0.9051,0.09282,0.00207
36997587,2,2,0.01306,0.04931,0.93763
8061752,2,2,0.00154,0.00774,0.99072
36062616,2,2,0.00233,0.01055,0.98712
38290973,2,1,0.10883,0.84843,0.04274
34891097,0,0,0.99084,0.00787,0.00129
10144581,2,2,0.00256,0.01376,0.98368
19525800,2,2,0.00173,0.01372,0.98455
13097232,2,2,0.01911,0.45221,0.52868
14667891,1,0,0.97782,0.02029,0.00189
40170458,1,2,0.11364,0.31376,0.5726
20925905,2,2,0.00219,0.01153,0.98628
33830112,0,0,0.92159,0.07318,0.00523
31598142,2,2,0.00142,0.00811,0.99047
8028529,2,2,0.00163,0.01241,0.98596
1863843,2,2,0.007,0.0905,0.9025
24556358,2,2,0.00166,0.0114,0.98694
28781048,2,1,0.06249,0.81996,0.11755
27362910,2,2,0.00185,0.00805,0.9901
18075479,2,1,0.02224,0.55155,0.42621
25341999,2,2,0.00665,0.05098,0.94237
16656080,2,2,0.11541,0.36534,0.51925
24728686,1,0,0.88969,0.10626,0.00406
27442556,2,2,0.02929,0.03776,0.93294
23688864,2,2,0.00212,0.01458,0.9833
6340282,2,2,0.00109,0.00905,0.98987
41511281,2,2,0.01373,0.35977,0.6265
40431928,0,0,0.98612,0.01271,0.00117
38285556,0,0,0.95677,0.04163,0.0016
35835690,0,0,0.8188,0.17847,0.00273
22252611,0,0,0.94504,0.04807,0.00689
34186699,2,2,0.01714,0.23108,0.75178
27793685,0,0,0.99164,0.00633,0.00204
16388494,1,1,0.08742,0.88438,0.02821
18565927,0,0,0.87001,0.12632,0.00367
21441559,2,2,0.00863,0.03231,0.95906
16784442,2,2,0.00349,0.01456,0.98195
25358560,2,2,0.00487,0.02331,0.97183
10000646,2,2,0.00206,0.00992,0.98802
20748817,1,1,0.05667,0.67973,0.2636
21142803,2,2,0.00505,0.07657,0.91838
37047062,2,2,0.00987,0.12856,0.86156
2389116,2,2,0.01539,0.05476,0.92985
39930946,2,2,0.00161,0.00904,0.98935
25342467,2,2,0.02082,0.07975,0.89942
39693485,2,2,0.00222,0.01387,0.98391
25495861,2,2,0.0067,0.01486,0.97845
40462675,2,2,0.05603,0.08781,0.85616
16659546,2,2,0.0021,0.00744,0.99046
20412627,2,2,0.0075,0.01758,0.97492
841847,2,2,0.00994,0.12319,0.86687
6329299,2,2,0.01419,0.31292,0.67289
7976469,2,2,0.00367,0.02433,0.97199
40293920,2,2,0.00259,0.01611,0.9813
5335107,2,1,0.32249,0.35627,0.32124
28054945,2,2,0.02593,0.41527,0.5588
24943823,1,1,0.11586,0.85861,0.02553
28594701,0,0,0.99269,0.00517,0.00214
8968468,0,0,0.98843,0.0104,0.00118
22391292,2,2,0.00474,0.16003,0.83523
17998763,2,2,0.00151,0.00679,0.9917
41524425,2,2,0.00393,0.01819,0.97787
25038921,2,2,0.00168,0.00977,0.98855
14047691,2,2,0.00136,0.00609,0.99255
8707446,2,2,0.00418,0.02056,0.97526
24055581,2,2,0.00472,0.00834,0.98694
39681622,2,2,0.00356,0.02406,0.97238
14378681,0,0,0.82192,0.17363,0.00445
24808443,2,2,0.00422,0.02526,0.97051
25508277,2,2,0.00224,0.00608,0.99168
3936035,2,2,0.00174,0.01031,0.98795
19929936,2,2,0.00312,0.0152,0.98168
25612465,0,0,0.94037,0.05584,0.00378
30382189,2,2,0.00206,0.01101,0.98693
16814569,2,2,0.02436,0.11032,0.86533
36890764,2,2,0.00172,0.00648,0.99181
8382584,2,2,0.00392,0.03608,0.96
28534343,2,2,0.02842,0.16647,0.80511
32837873,2,2,0.00178,0.01631,0.98191
3318607,2,1,0.02726,0.69204,0.2807
35217882,2,2,0.00142,0.00763,0.99095
17004842,2,2,0.00277,0.01087,0.98636
31001128,2,2,0.01201,0.02634,0.96165
16388412,2,2,0.01721,0.25095,0.73184
8198316,2,1,0.38889,0.60232,0.0088
21583794,2,2,0.12025,0.43815,0.44159
17236006,2,2,0.00255,0.01527,0.98218
19068585,0,0,0.96987,0.02837,0.00176
14888677,2,1,0.14293,0.48922,0.36785
16718696,2,2,0.00163,0.01035,0.98802
36617471,2,2,0.00667,0.18589,0.80745
25170606,0,0,0.91643,0.06876,0.01481
21639150,2,2,0.00151,0.00856,0.98992
7035502,2,2,0.00496,0.03477,0.96027
31436805,2,2,0.00221,0.01788,0.97991
10302454,2,2,0.0099,0.14012,0.84999
29458469,2,2,0.00197,0.01015,0.98788
40523166,0,0,0.96581,0.03282,0.00136
25935266,2,1,0.06127,0.53763,0.4011
37980416,2,2,0.00109,0.00695,0.99196
10206406,2,2,0.00101,0.00643,0.99256
40074792,2,0,0.79972,0.15481,0.04547
39812325,2,2,0.00423,0.00784,0.98793
23326477,0,0,0.90171,0.09412,0.00418
3903880,2,2,0.00146,0.01076,0.98778
35348518,2,2,0.00661,0.07167,0.92172
36062446,1,0,0.75076,0.24565,0.00359
39954011,2,2,0.0974,0.26997,0.63263
28633142,2,2,0.00393,0.01876,0.97731
25922324,2,2,0.003,0.0252,0.9718
19593463,2,2,0.00179,0.0128,0.98541
15847702,2,2,0.00206,0.01109,0.98685
11641996,2,2,0.00159,0.00757,0.99085
17757504,0,0,0.97937,0.01943,0.0012
33694641,2,2,0.00397,0.02489,0.97114
17359230,2,1,0.05004,0.48982,0.46014
17111607,2,2,0.00178,0.01795,0.98027
7549400,2,2,0.00229,0.01481,0.9829
27480128,2,2,0.00585,0.04023,0.95392
23689804,2,2,0.00445,0.01963,0.97592
19038635,0,1,0.4293,0.47149,0.09922
5413489,2,2,0.00349,0.01343,0.98308
12306139,2,2,0.00739,0.02443,0.96818
1271741,2,2,0.00885,0.03017,0.96097
36971293,2,2,0.00129,0.00933,0.98938
21669187,2,2,0.0059,0.06206,0.93204
3019526,2,2,0.00118,0.00658,0.99224
3587696,2,2,0.00987,0.12856,0.86156
33411417,2,2,0.00783,0.04319,0.94898
16498333,0,1,0.17965,0.79889,0.02146
37255144,2,2,0.00155,0.01185,0.98659
33408937,0,0,0.97053,0.0275,0.00196
40272222,2,2,0.00124,0.00482,0.99394
1272351,2,2,0.14949,0.39003,0.46047
27622580,2,2,0.00627,0.03351,0.96022
15286538,2,1,0.04158,0.77243,0.18599
2264556,2,2,0.00157,0.01669,0.98173
30460570,2,2,0.00277,0.02699,0.97024
8407949,0,0,0.98921,0.00893,0.00185
13461742,0,1,0.29926,0.37462,0.32612
27748161,2,2,0.00191,0.00689,0.9912
4909105,2,2,0.00529,0.01796,0.97675
31470252,2,2,0.00714,0.0582,0.93467
36441292,0,0,0.61326,0.37488,0.01186
35078197,2,2,0.00181,0.0131,0.98509
21913238,0,0,0.74203,0.22897,0.029
5239207,2,2,0.00151,0.00793,0.99056
18643434,2,2,0.0151,0.48475,0.50014
16471524,2,2,0.00142,0.00658,0.992
24596187,0,0,0.9771,0.0202,0.0027
22926073,2,2,0.01351,0.49132,0.49517
27977120,2,2,0.00266,0.03585,0.96149
11754799,2,2,0.00688,0.07737,0.91575
14233660,2,2,0.00585,0.04023,0.95392
38912061,2,2,0.00138,0.00628,0.99234
27212168,2,2,0.00391,0.02442,0.97167
22461545,2,1,0.19616,0.49944,0.30441
19456480,2,2,0.0013,0.00586,0.99285
39350684,0,0,0.37163,0.30644,0.32193
22737324,2,2,0.00113,0.007,0.99187
28974536,1,1,0.40368,0.56928,0.02704
22533737,1,1,0.22937,0.75209,0.01854
193193,2,2,0.07804,0.16698,0.75498
21243239,2,2,0.00127,0.01266,0.98607
15404133,2,2,0.0012,0.00781,0.991
1042579,1,1,0.42,0.56517,0.01483
30787055,2,2,0.00364,0.01913,0.97724
38157626,2,2,0.00673,0.03967,0.9536
17814716,2,2,0.00533,0.04048,0.95419
30435687,2,2,0.00163,0.00883,0.98953
23520898,0,0,0.5979,0.16636,0.23575
9754237,2,2,0.00313,0.01463,0.98225
37680094,2,2,0.00149,0.00877,0.98975
14923009,2,1,0.0221,0.73181,0.24609
36453199,1,1,0.35702,0.62171,0.02127
5617221,2,2,0.00384,0.02576,0.9704
34305381,2,2,0.00166,0.00577,0.99257
33410734,0,0,0.98051,0.0172,0.00228
10519325,0,0,0.98401,0.01454,0.00146
10658134,2,1,0.15026,0.78846,0.06128
30492905,2,2,0.00174,0.0085,0.98976
34122751,2,2,0.00219,0.01096,0.98684
2999819,0,0,0.99176,0.00706,0.00118
25230435,2,2,0.00433,0.01536,0.98031
504299,2,2,0.04359,0.35933,0.59708
41556203,0,1,0.06814,0.87161,0.06025
27717164,1,1,0.02739,0.6688,0.30381
24091641,2,2,0.00304,0.02648,0.97048
8938284,1,1,0.37191,0.59896,0.02913
7531247,2,2,0.01714,0.23108,0.75178
6471914,2,2,0.00218,0.01481,0.98301
20727061,2,2,0.00149,0.01,0.98852
21716986,2,2,0.00755,0.03462,0.95784
19217816,2,2,0.00198,0.00563,0.99239
3261620,2,2,0.00164,0.00623,0.99213
17520305,1,1,0.46904,0.51114,0.01982
5110535,2,2,0.00387,0.03475,0.96139
37558172,2,2,0.0022,0.02084,0.97696
35297897,2,2,0.00303,0.01592,0.98105
26406253,2,1,0.05993,0.75921,0.18086
27093354,2,2,0.0069,0.0314,0.9617
8988674,1,1,0.37537,0.47267,0.15196
37593019,2,2,0.00277,0.00931,0.98791
30351820,0,0,0.94816,0.05035,0.00149
31558854,1,2,0.06972,0.44063,0.48965
4617628,2,2,0.00717,0.05312,0.93971
13755872,2,2,0.00327,0.01641,0.98032
37841404,2,2,0.00411,0.0212,0.97469
21076016,2,1,0.1985,0.43355,0.36795
20684171,2,2,0.00248,0.01289,0.98463
126495,0,0,0.98449,0.01299,0.00252
2813054,0,0,0.98912,0.00911,0.00177
18701543,2,1,0.11153,0.82131,0.06715
30959277,2,2,0.00134,0.00426,0.9944
20431481,2,2,0.00146,0.01251,0.98603
38193358,2,2,0.00218,0.01551,0.98231
7674050,2,2,0.02012,0.14398,0.83589
37883836,2,2,0.00157,0.01625,0.98218
21335389,2,2,0.00124,0.00711,0.99165
13397356,2,2,0.02668,0.10348,0.86984
23562593,0,0,0.82516,0.17162,0.00322
3886851,2,2,0.00297,0.01929,0.97774
32500871,2,2,0.00375,0.07779,0.91846
16430597,2,0,0.85981,0.1283,0.01189
25781116,1,2,0.00575,0.0265,0.96774
27116778,0,0,0.95996,0.03531,0.00473
28752011,2,2,0.04851,0.2217,0.72978
7263193,2,0,0.78192,0.19925,0.01883
1002523,2,2,0.00122,0.00674,0.99205
23457251,1,0,0.74219,0.20731,0.05051
1497092,2,1,0.08941,0.5371,0.37349
20332748,2,1,0.03768,0.80555,0.15677
3486647,2,2,0.0024,0.01304,0.98456
31876404,0,0,0.75332,0.19461,0.05207
6557638,2,0,0.56369,0.39352,0.04279
35461070,2,1,0.30972,0.53725,0.15303
18801442,2,2,0.0016,0.01442,0.98398
16964810,2,2,0.00222,0.01403,0.98375
37343998,2,2,0.0023,0.00817,0.98953
3731871,2,1,0.06066,0.51993,0.41941
6178539,2,2,0.00226,0.01122,0.98652
10946716,2,1,0.32017,0.62441,0.05542
335186,2,2,0.00142,0.00623,0.99234
7728461,2,2,0.0013,0.00486,0.99384
22529187,2,2,0.00175,0.01768,0.98057
7308767,2,2,0.00309,0.0107,0.98621
23907796,2,2,0.00142,0.0083,0.99028
25661429,0,0,0.98308,0.01589,0.00103
35681214,2,2,0.0022,0.00613,0.99167
36152364,2,2,0.00932,0.02457,0.96611
29094901,0,0,0.95645,0.0426,0.00094
7187266,2,1,0.03702,0.79772,0.16526
24591520,2,2,0.0046,0.07599,0.91941
13926776,2,2,0.00164,0.01845,0.97991
25533218,2,2,0.00171,0.00762,0.99066
37308930,0,0,0.88168,0.11209,0.00623
15139397,2,2,0.01281,0.04613,0.94106
10408372,2,2,0.039,0.29617,0.66483
14268370,0,0,0.97318,0.02492,0.00191
24286774,2,2,0.0093,0.1269,0.8638
36393192,1,1,0.05134,0.84161,0.10705
31853000,2,2,0.09123,0.30922,0.59955
26201533,0,0,0.87871,0.11392,0.00737
37452727,2,2,0.00614,0.0231,0.97076
21447389,2,2,0.00212,0.01377,0.98411
28842663,2,2,0.00724,0.02966,0.9631
38983489,2,2,0.00191,0.00817,0.98992
6335707,0,0,0.51158,0.37428,0.11415
28722631,2,2,0.0026,0.01122,0.98618
4634223,2,2,0.00125,0.00981,0.98894
26591327,2,2,0.00156,0.00799,0.99045
12881127,2,2,0.00173,0.01217,0.98609
24669587,2,1,0.08021,0.55892,0.36087
30356963,2,2,0.00196,0.01534,0.98271
22876567,2,2,0.02924,0.12284,0.84792
25994409,2,2,0.00268,0.01211,0.9852
30240011,2,1,0.32855,0.5903,0.08115
28350862,2,2,0.00135,0.013,0.98565
27171882,0,0,0.97306,0.02375,0.0032
1138978,2,2,0.00138,0.00559,0.99303
35943653,0,0,0.55519,0.43577,0.00904
37358428,2,2,0.00167,0.01576,0.98257
38379727,2,2,0.00171,0.0078,0.99048
10469197,2,2,0.00132,0.00689,0.99179
11107713,2,2,0.01561,0.37527,0.60912
272518,2,2,0.00219,0.01084,0.98697
25193670,2,1,0.05275,0.76914,0.17811
26553127,2,2,0.00356,0.02406,0.97238
22344288,2,2,0.00132,0.00604,0.99264
26919202,0,1,0.46716,0.5171,0.01574
33156851,1,0,0.93086,0.06717,0.00197
19716153,2,1,0.19609,0.55263,0.25129
4245126,2,2,0.00403,0.02508,0.97089
29792884,1,1,0.05132,0.57824,0.37044
9482921,2,2,0.00166,0.00805,0.99029
8795182,2,2,0.01647,0.37494,0.60859
1553019,2,2,0.01276,0.35301,0.63424
16875438,2,2,0.02155,0.22459,0.75386
24678721,2,2,0.00631,0.04214,0.95155
6849784,0,0,0.9136,0.08399,0.00241
29027330,2,2,0.01047,0.04675,0.94277
11315954,2,2,0.0089,0.11121,0.87989
16668883,2,2,0.0027,0.02139,0.97591
19080906,1,1,0.09431,0.87362,0.03207
39328693,2,2,0.002,0.00843,0.98957
16653831,2,2,0.00307,0.0158,0.98113
33307455,2,2,0.01002,0.03014,0.95984
25405624,2,2,0.00117,0.01559,0.98325
8900322,2,2,0.0016,0.01619,0.98221
4641930,0,0,0.95271,0.045,0.00229
24153674,2,1,0.02814,0.57415,0.3977
38949784,2,2,0.00456,0.02516,0.97028
33351711,2,2,0.00203,0.01039,0.98758
22395015,0,1,0.38346,0.608,0.00854
10968708,2,1,0.05999,0.89199,0.04802
32729139,2,2,0.00365,0.06151,0.93485
32770671,2,2,0.00209,0.01031,0.9876
18773235,2,2,0.01292,0.04527,0.94181
8258787,1,1,0.48683,0.50622,0.00694
31703523,2,2,0.00736,0.08676,0.90587
28948368,2,2,0.00353,0.03266,0.96381
6727308,2,2,0.00362,0.0392,0.95718
24695777,0,0,0.78111,0.21522,0.00367
22348570,2,2,0.00203,0.00869,0.98927
10947252,2,2,0.01714,0.23108,0.75178
40930169,0,0,0.70727,0.28354,0.00919
32894638,2,2,0.00127,0.00818,0.99055
26550325,2,2,0.00522,0.08836,0.90642
16710805,2,2,0.00166,0.00728,0.99106
15269819,2,2,0.01279,0.17107,0.81614
19369123,2,2,0.00127,0.00739,0.99133
13659040,0,0,0.92614,0.07072,0.00314
16988445,2,2,0.00132,0.00623,0.99245
5462583,0,1,0.47556,0.5102,0.01425
37535544,2,2,0.00676,0.22457,0.76867
29400468,0,1,0.21247,0.76814,0.01938
24890546,2,2,0.00254,0.02107,0.97639
7248994,2,2,0.00507,0.01266,0.98227
22153141,2,1,0.15638,0.71852,0.1251
13781994,2,2,0.00163,0.00883,0.98953
30448098,2,2,0.01143,0.08066,0.90791
21445806,0,0,0.93598,0.06113,0.00289
28308566,2,2,0.02036,0.08647,0.89317
32584987,0,1,0.21333,0.77425,0.01242
17403782,2,2,0.00441,0.04342,0.95217
30380214,2,2,0.0012,0.00633,0.99247
21113476,2,2,0.00169,0.00911,0.9892
19120035,2,2,0.00211,0.01694,0.98094
35834620,2,2,0.01134,0.0882,0.90046
17585459,2,2,0.00559,0.055,0.93941
28606481,2,2,0.00184,0.01612,0.98204
39412052,2,2,0.00275,0.01842,0.97883
27897162,2,2,0.00861,0.07086,0.92053
16863043,2,2,0.01675,0.47819,0.50506
10143896,1,0,0.72028,0.27339,0.00633
31716163,2,2,0.04652,0.17276,0.78072
4761860,2,2,0.00213,0.0075,0.99036
8154650,2,2,0.00239,0.01794,0.97967
19706791,2,2,0.00216,0.00925,0.98859
16634598,2,2,0.00166,0.01088,0.98746
37172130,0,0,0.62922,0.35852,0.01227
21844234,2,2,0.00279,0.01766,0.97954
13171841,2,2,0.00262,0.01893,0.97845
3445021,2,2,0.00932,0.03278,0.9579
24351634,2,2,0.0023,0.01189,0.98582
20810111,2,2,0.00174,0.0089,0.98936
5120673,0,0,0.97605,0.02229,0.00166
25502315,0,0,0.58897,0.39852,0.01251
11225542,2,2,0.00295,0.0103,0.98675
8316932,2,2,0.00171,0.0114,0.98689
38335532,2,2,0.00348,0.03229,0.96423
31903468,1,1,0.11221,0.87231,0.01549
36821585,0,0,0.62153,0.36254,0.01593
23132894,2,1,0.31165,0.393,0.29535
15492232,0,0,0.98232,0.01474,0.00294
24918037,2,0,0.51864,0.47223,0.00914
41147324,2,2,0.00735,0.0451,0.94755
41046930,2,2,0.00183,0.00521,0.99296
40760325,2,2,0.00171,0.0126,0.98569
17381646,2,2,0.00132,0.00711,0.99157
31082840,2,2,0.00898,0.08968,0.90134
24438147,2,2,0.01989,0.10772,0.87239
23700662,0,0,0.57052,0.38154,0.04794
10071438,2,2,0.01115,0.14374,0.84511
29123040,2,2,0.00221,0.04953,0.94827
19262052,2,2,0.00401,0.02908,0.9669
27637703,2,2,0.00209,0.01071,0.98719
7483130,2,2,0.00713,0.02932,0.96354
2277011,2,2,0.00168,0.01123,0.98709
37849579,2,2,0.0089,0.22681,0.76429
36502463,2,2,0.00203,0.00883,0.98914
21387303,2,2,0.0039,0.01103,0.98507
20614869,2,2,0.01034,0.05903,0.93063
9978688,2,2,0.00215,0.01366,0.98419
25848491,2,1,0.19985,0.51887,0.28128
39189417,2,2,0.00175,0.00517,0.99308
25201749,0,0,0.93243,0.05792,0.00966
21332581,0,0,0.98578,0.01246,0.00176
8687543,1,0,0.36745,0.36673,0.26583
23660791,2,2,0.00114,0.00633,0.99252
41001007,2,2,0.00116,0.00614,0.9927
12777423,2,2,0.01134,0.23037,0.7583
27221466,2,2,0.0038,0.03615,0.96005
15831894,2,2,0.00345,0.01095,0.98561
36609752,2,2,0.00418,0.02056,0.97526
25473036,0,0,0.99108,0.00757,0.00136
18207347,2,2,0.00261,0.0239,0.97349
1022705,2,2,0.00271,0.03363,0.96367
8439492,2,2,0.00272,0.01521,0.98208
30824873,2,2,0.00177,0.00837,0.98987
30114300,2,2,0.00312,0.01786,0.97902
9262173,2,2,0.00766,0.03514,0.9572
8401280,2,2,0.00188,0.00954,0.98858
27115260,2,2,0.00176,0.01043,0.98781
4051908,2,2,0.0176,0.0288,0.9536
39065037,2,2,0.01164,0.09214,0.89622
41017555,0,0,0.986,0.01281,0.00119
1321741,2,2,0.00177,0.0089,0.98933
18207055,1,1,0.12511,0.83355,0.04134
35492963,0,0,0.9764,0.02257,0.00102
11778240,2,2,0.01667,0.14151,0.84182
21179292,2,2,0.01944,0.31126,0.66931
37950011,0,0,0.98584,0.01251,0.00165
14092898,2,2,0.00789,0.05144,0.94068
34656460,0,1,0.23303,0.75814,0.00883
3528332,2,2,0.00413,0.0173,0.97857
17767907,2,2,0.00299,0.0137,0.98331
24071959,1,1,0.12709,0.8451,0.02781
20065078,2,2,0.00175,0.01558,0.98267
7209564,2,2,0.00178,0.01437,0.98385
21293290,1,0,0.92657,0.07117,0.00226
20410370,2,2,0.0036,0.01364,0.98276
5548622,2,2,0.00418,0.01868,0.97713
29733360,2,2,0.00426,0.09051,0.90523
28143633,1,0,0.70702,0.2879,0.00507
18496480,2,1,0.13758,0.7573,0.10512
20534369,1,0,0.82975,0.16726,0.00299
22073453,2,2,0.00253,0.00991,0.98756
2315458,2,2,0.00268,0.0143,0.98303
35175931,2,2,0.00244,0.01366,0.9839
22912232,2,0,0.627,0.35171,0.02129
15782583,2,2,0.00292,0.02098,0.9761
5247005,2,2,0.00116,0.00805,0.99079
13907341,2,1,0.02482,0.66563,0.30955
13266702,2,2,0.00171,0.00843,0.98986
7174206,2,2,0.00127,0.01362,0.98511
40221656,2,2,0.00183,0.00733,0.99084
26251639,2,2,0.00254,0.01915,0.97831
7736885,2,2,0.00267,0.01668,0.98065
10188459,2,2,0.00296,0.00842,0.98862
36628004,0,1,0.2695,0.67488,0.05561
24288690,0,0,0.93164,0.06644,0.00191
14109046,2,2,0.00241,0.00976,0.98783
37159983,2,2,0.00218,0.01458,0.98323
6979283,0,0,0.97759,0.01966,0.00275
29868945,2,2,0.00243,0.01674,0.98082
12692718,0,0,0.64016,0.13159,0.22825
10484667,2,2,0.00127,0.01028,0.98845
9716206,2,2,0.00142,0.00534,0.99324
21807525,2,2,0.00231,0.00613,0.99156
442164,2,2,0.00222,0.01458,0.9832
30269361,2,2,0.00635,0.01345,0.9802
1682787,2,2,0.00128,0.00555,0.99318
30699363,1,0,0.54434,0.44428,0.01139
28179349,2,2,0.08944,0.05197,0.85859
6988545,2,1,0.12254,0.82376,0.0537
30030158,0,0,0.96549,0.03211,0.00239
24218458,0,1,0.03217,0.78556,0.18227
35969993,2,2,0.00109,0.01012,0.98879
9517477,1,1,0.16531,0.7933,0.04139
25148090,2,2,0.00702,0.02878,0.9642
21120365,2,2,0.01652,0.0955,0.88798
21852873,0,0,0.52183,0.44634,0.03183
16686359,2,2,0.00774,0.02498,0.96728
29558672,2,2,0.00119,0.00966,0.98915
15341021,1,1,0.0334,0.92785,0.03875
24386126,2,2,0.00198,0.01998,0.97804
15156184,2,2,0.00147,0.00706,0.99148
17874027,2,1,0.08694,0.8216,0.09146
19525127,0,0,0.98893,0.00973,0.00133
9945533,2,1,0.12954,0.7977,0.07276
43052,2,2,0.01122,0.09724,0.89154
2906476,2,2,0.00723,0.01555,0.97722
32451772,2,2,0.00254,0.02091,0.97655
15689420,2,2,0.00348,0.0161,0.98042
38278623,2,2,0.00149,0.00628,0.99223
32025655,1,1,0.1079,0.7788,0.1133
19544607,2,2,0.00295,0.02633,0.97072
23229355,0,1,0.39937,0.59023,0.0104
36000026,2,2,0.00134,0.0055,0.99316
21335619,2,2,0.01435,0.08392,0.90174
37440907,2,2,0.0013,0.00674,0.99197
24402484,2,2,0.0089,0.09712,0.89398
24816814,2,2,0.00332,0.01667,0.98001
2009095,2,2,0.00341,0.02026,0.97632
29828832,2,2,0.0013,0.00534,0.99337
10164054,2,2,0.00224,0.0185,0.97925
17388411,2,2,0.00227,0.00969,0.98805
21952172,2,2,0.00184,0.01346,0.9847
6446992,2,2,0.00237,0.00984,0.98779
8199626,2,2,0.00872,0.07404,0.91724
26927652,1,0,0.94444,0.05349,0.00207
8878273,2,2,0.00376,0.01751,0.97873
38221867,2,2,0.00163,0.00954,0.98882
26624482,2,2,0.00439,0.03344,0.96217
35898626,0,1,0.35574,0.62435,0.01991
6628790,2,2,0.00849,0.0408,0.95071
22284649,2,2,0.00289,0.01424,0.98287
22065801,0,0,0.72701,0.25521,0.01778
20851712,1,1,0.19213,0.79014,0.01773
13914737,2,2,0.01125,0.18739,0.80136
9005018,2,2,0.00204,0.03445,0.96351
13811499,2,1,0.19184,0.78587,0.02229
30757863,2,2,0.00241,0.01038,0.98721
3299946,1,0,0.49724,0.49337,0.0094
18571907,2,2,0.00777,0.01343,0.9788
18248744,2,1,0.38004,0.41253,0.20743
22103484,1,0,0.73395,0.25764,0.00841
15740356,2,2,0.00603,0.1796,0.81438
33310662,0,0,0.97384,0.02259,0.00357
7454137,2,2,0.00256,0.01245,0.98499
31288740,2,2,0.00144,0.00883,0.98972
2227804,2,1,0.13695,0.71897,0.14408
38249438,2,2,0.00151,0.02221,0.97628
31147746,2,2,0.06905,0.38361,0.54735
34250935,2,2,0.0012,0.00799,0.99081
16312621,2,2,0.02326,0.3625,0.61423
14960423,2,2,0.00153,0.01295,0.98552
8278790,2,2,0.01128,0.02696,0.96175
10530874,1,0,0.96044,0.03797,0.00159
17882198,2,2,0.00905,0.13767,0.85328
28165601,0,1,0.41287,0.57771,0.00941
36124672,2,2,0.0014,0.00973,0.98887
39505178,2,2,0.00555,0.04569,0.94875
1835270,2,2,0.0117,0.33932,0.64897
393255,2,0,0.65169,0.31637,0.03194
22471952,0,1,0.14966,0.79227,0.05807
19889601,2,2,0.00134,0.00559,0.99307
33676937,2,2,0.01656,0.12715,0.85628
38758360,2,2,0.00802,0.19957,0.79241
75437,2,2,0.00128,0.0055,0.99322
22618214,2,2,0.00145,0.0045,0.99405
8398447,0,0,0.60362,0.3867,0.00968
13333419,2,2,0.00346,0.02246,0.97408
3258712,2,2,0.00197,0.00689,0.99114
12240762,2,2,0.00107,0.00993,0.989
17678020,2,2,0.01768,0.1238,0.85852
38369521,2,2,0.00902,0.04179,0.94919
12468613,2,2,0.00439,0.04831,0.94731
15785724,2,2,0.00218,0.01481,0.98301
25787612,1,2,0.00244,0.01509,0.98247
20094837,2,2,0.00169,0.00432,0.99398
23538591,2,2,0.12786,0.13347,0.73867
17442417,2,1,0.02881,0.61604,0.35515
13159999,2,2,0.00213,0.02437,0.9735
11217107,2,2,0.00295,0.01121,0.98584
12269958,2,2,0.00232,0.01475,0.98292
19080643,2,2,0.00131,0.0086,0.99009
12583707,2,2,0.00166,0.01043,0.98791
32158865,2,0,0.65512,0.33987,0.005
25423686,2,2,0.00418,0.02056,0.97526
36051927,0,2,0.02746,0.28614,0.6864
21748582,2,2,0.00251,0.01533,0.98216
13707334,2,2,0.00292,0.02059,0.97649
39548993,2,1,0.0877,0.861,0.0513
37711554,0,0,0.77976,0.21317,0.00707
9474049,2,1,0.42807,0.53274,0.0392
39723495,2,2,0.00266,0.01959,0.97775
25538073,2,2,0.00482,0.01804,0.97715
11698,2,2,0.002,0.00961,0.98839
31887136,0,0,0.61986,0.33308,0.04706
34922273,2,2,0.00224,0.02036,0.97739
24721789,0,0,0.55962,0.34612,0.09426
20138903,2,2,0.00355,0.01147,0.98498
26149651,0,0,0.82636,0.16723,0.00641
13665015,2,1,0.17796,0.79136,0.03068
9095783,2,2,0.0146,0.06064,0.92476
11583750,2,2,0.00118,0.0049,0.99392
116878,2,1,0.03333,0.89722,0.06946
23714645,2,0,0.74297,0.24405,0.01298
28686266,2,2,0.00319,0.05433,0.94248
8680892,2,1,0.0534,0.88573,0.06087
4048394,2,2,0.00767,0.04848,0.94385
24032587,2,2,0.00319,0.05455,0.94226
36472200,2,1,0.05713,0.49352,0.44935
41307603,0,0,0.97182,0.02618,0.002
16758698,2,2,0.00171,0.00925,0.98904
8884499,2,2,0.00298,0.01699,0.98003
4449746,0,0,0.97862,0.01946,0.00192
20371598,0,0,0.96644,0.03134,0.00222
19194848,2,2,0.0035,0.05682,0.93968
2339797,2,2,0.00859,0.03687,0.95455
10021791,2,2,0.00336,0.01884,0.97779
2302656,2,2,0.00129,0.00918,0.98952
20484113,2,2,0.06376,0.15951,0.77673
17402666,2,2,0.16955,0.21267,0.61778
28423324,1,1,0.32391,0.65945,0.01664
6444059,2,2,0.00156,0.00918,0.98926
34440492,2,2,0.00342,0.01863,0.97796
12622163,2,2,0.02139,0.29191,0.6867
31628942,2,2,0.06159,0.22245,0.71596
3883266,2,1,0.07216,0.77582,0.15202
5618953,2,2,0.00178,0.01505,0.98317
17027866,2,2,0.00334,0.025,0.97166
14505020,0,0,0.97714,0.01905,0.00381
14091232,2,2,0.00289,0.01452,0.98259
26400884,2,2,0.01008,0.1505,0.83942
29532680,2,2,0.00177,0.00863,0.9896
6562512,2,2,0.00308,0.01397,0.98295
31230262,2,1,0.06238,0.90951,0.02812
21295416,2,2,0.00255,0.01436,0.98309
28340657,2,2,0.00145,0.00513,0.99342
1072290,0,0,0.85571,0.0376,0.10669
34336377,2,2,0.00218,0.01481,0.98301
26317152,2,2,0.00164,0.00805,0.99032
35142972,0,1,0.17609,0.76492,0.05898
15827783,2,2,0.00149,0.00805,0.99046
5014673,2,1,0.03365,0.4945,0.47185
41047543,1,0,0.90801,0.08817,0.00383
35007675,2,2,0.01239,0.0487,0.93891
7313089,2,2,0.00428,0.02768,0.96805
7816035,1,0,0.72185,0.23711,0.04104
3312207,0,1,0.37586,0.54688,0.07726
27519585,2,2,0.00144,0.00904,0.98952
16114317,2,2,0.00229,0.01314,0.98457
39951335,2,0,0.53769,0.41712,0.04518
239898,2,2,0.00403,0.02537,0.97061
9263099,2,2,0.05663,0.14307,0.8003
14112789,0,0,0.98904,0.00997,0.00099
3932897,0,1,0.36082,0.63326,0.00592
21749044,2,2,0.00203,0.01122,0.98675
9326574,2,2,0.00308,0.01391,0.98301
39343012,2,2,0.00545,0.04819,0.94636
23552318,2,2,0.00948,0.05319,0.93733
34196870,2,2,0.00138,0.00787,0.99076
35934605,2,2,0.01477,0.26801,0.71722
15492909,2,2,0.00149,0.0106,0.98792
38440041,2,2,0.00294,0.05812,0.93894
16005240,2,2,0.00234,0.00903,0.98863
5725336,0,0,0.88282,0.10076,0.01642
15344918,2,2,0.00145,0.00529,0.99326
18206594,2,2,0.00324,0.03921,0.95754
19071364,2,2,0.00109,0.00595,0.99296
25488189,1,1,0.08225,0.8571,0.06065
9702484,2,1,0.18861,0.56419,0.2472
894650,2,2,0.00261,0.02292,0.97447
21370127,2,2,0.00286,0.01148,0.98567
11293829,2,2,0.0019,0.016,0.98211
39550268,2,2,0.00512,0.10726,0.88762
33567009,2,2,0.00208,0.01894,0.97899
38357652,2,2,0.00337,0.01793,0.97871
10599910,2,2,0.00163,0.01019,0.98818
35875003,2,2,0.01272,0.04545,0.94183
12068112,2,2,0.01914,0.22244,0.75842
2085792,1,1,0.43909,0.54646,0.01445
21804655,2,2,0.00142,0.00674,0.99184
6448887,2,2,0.00149,0.00992,0.98859
22279298,2,2,0.00144,0.00857,0.98999
17136804,1,0,0.93577,0.06208,0.00215
21461634,2,2,0.00133,0.00837,0.9903
40054689,2,2,0.00493,0.04064,0.95442
15535613,2,2,0.01714,0.23108,0.75178
28293905,2,2,0.00495,0.03728,0.95777
38233348,2,2,0.00226,0.00999,0.98774
24862301,0,0,0.9109,0.08674,0.00237
9125446,1,0,0.59984,0.37831,0.02185
40589335,1,2,0.00294,0.04521,0.95185
40045561,2,2,0.01195,0.03148,0.95657
5371936,2,2,0.0081,0.08405,0.90784
38664060,2,2,0.0037,0.01628,0.98002
22912943,2,2,0.00584,0.01208,0.98208
19313955,2,2,0.00536,0.05006,0.94458
31856106,2,2,0.08677,0.1952,0.71803
29006608,2,2,0.03993,0.26865,0.69141
22066600,2,2,0.00255,0.01642,0.98103
27637894,1,1,0.0233,0.63964,0.33706
10021705,2,2,0.00127,0.01321,0.98553
1491310,0,0,0.97849,0.02015,0.00136
18952030,2,2,0.01537,0.28334,0.70128
13220671,2,2,0.00364,0.03235,0.96401
17253759,2,2,0.00161,0.00695,0.99144
38993450,2,2,0.00125,0.01068,0.98807
9162133,0,0,0.7312,0.26276,0.00604
39441928,2,2,0.00384,0.01146,0.9847
13635771,2,2,0.00294,0.01491,0.98215
20220374,0,1,0.24071,0.72709,0.0322
27194714,2,2,0.00239,0.03224,0.96537
22687823,2,2,0.00308,0.01391,0.98301
2615777,2,2,0.06619,0.20812,0.72569
17136508,2,2,0.00462,0.05812,0.93726
122028,2,2,0.00422,0.02517,0.97061
9299822,2,1,0.1079,0.71891,0.17319
22598611,0,0,0.9922,0.00541,0.00238
3322038,2,2,0.00362,0.02424,0.97214
18223428,2,2,0.05183,0.14991,0.79825
12356751,2,2,0.00557,0.02882,0.96562
4488997,2,1,0.16422,0.60778,0.228
10247243,2,2,0.00134,0.00614,0.99253
32402167,2,2,0.00159,0.00618,0.99223
954106,0,0,0.72498,0.27091,0.00411
35022795,2,2,0.00299,0.02648,0.97053
29503419,2,2,0.03381,0.08048,0.88571
20064875,2,2,0.00558,0.04209,0.95234
33513688,2,2,0.00161,0.007,0.99139
11445268,2,2,0.00322,0.01623,0.98055
19270367,2,2,0.00315,0.03714,0.95971
27587144,0,0,0.49001,0.23951,0.27048
13612677,0,0,0.97972,0.01953,0.00075
12670068,2,2,0.00316,0.03477,0.96207
2576076,2,2,0.00299,0.01303,0.98398
22160173,2,0,0.78206,0.19774,0.0202
8985886,2,2,0.00709,0.05025,0.94266
23051419,2,2,0.00116,0.00494,0.9939
8517919,2,2,0.00149,0.01019,0.98832
8215362,2,2,0.00368,0.02316,0.97317
9900730,2,2,0.00164,0.01852,0.97984
36881860,0,0,0.54711,0.43962,0.01328
26109647,2,2,0.01016,0.02427,0.96558
4572882,2,2,0.0918,0.2111,0.6971
37896424,2,2,0.00241,0.01046,0.98713
19895219,2,1,0.43403,0.49567,0.0703
24951024,2,2,0.06698,0.18712,0.74589
28613474,0,1,0.3986,0.51785,0.08355
38803389,2,2,0.00357,0.02113,0.9753
26112276,0,0,0.98172,0.01741,0.00087
12915694,2,2,0.00781,0.23188,0.76031
11805266,2,2,0.00537,0.04757,0.94706
36033940,2,2,0.00781,0.07485,0.91734
24490522,0,2,0.30419,0.28306,0.41275
33350734,1,1,0.29211,0.67919,0.0287
34194237,1,2,0.03524,0.06306,0.9017
8541487,2,2,0.00138,0.00751,0.99111
35216437,2,2,0.17759,0.24916,0.57326
26253401,2,2,0.07109,0.46355,0.46536
21137510,2,2,0.00365,0.0166,0.97976
21565842,2,2,0.00238,0.00896,0.98866
3987629,2,2,0.0021,0.00525,0.99265
46797,0,0,0.97944,0.01961,0.00095
21559971,2,2,0.00481,0.0197,0.97549
12021117,2,2,0.00131,0.00915,0.98954
14683085,0,0,0.76054,0.22658,0.01288
39515173,2,1,0.09133,0.649,0.25967
20026101,2,2,0.00184,0.0126,0.98555
36092821,2,1,0.16408,0.79354,0.04239
20805241,2,2,0.00511,0.02086,0.97403
15772201,2,2,0.00348,0.01561,0.98091
10627990,2,2,0.01218,0.04981,0.93801
36685431,2,2,0.00461,0.02951,0.96587
3272706,2,2,0.00987,0.12856,0.86156
5151500,0,0,0.97424,0.0246,0.00116
16946843,2,2,0.00342,0.03347,0.96311
14799484,0,1,0.18503,0.79126,0.02371
18897809,2,2,0.27631,0.34472,0.37897
22987943,2,2,0.00618,0.11928,0.87454
6727786,2,1,0.24699,0.55877,0.19424
34334653,0,0,0.9343,0.059,0.0067
8228527,2,2,0.00586,0.12391,0.87023
38985426,2,2,0.00245,0.01054,0.98701
12769749,2,2,0.13331,0.22821,0.63848
35856055,2,2,0.00508,0.05652,0.9384
37996538,2,2,0.00284,0.01623,0.98093
34968334,0,0,0.99191,0.0069,0.0012
5560729,2,2,0.0097,0.14419,0.84611
31019932,2,2,0.00408,0.05797,0.93795
23330422,0,0,0.98846,0.01068,0.00086
14020826,0,0,0.88506,0.10653,0.00841
19149049,2,2,0.00484,0.05851,0.93666
21143271,2,2,0.00112,0.00955,0.98933
23837539,2,2,0.00248,0.0135,0.98402
34353622,0,0,0.89597,0.10131,0.00272
34740662,0,0,0.96915,0.02918,0.00168
32556925,2,2,0.04824,0.05574,0.89603
2108640,2,2,0.00839,0.06613,0.92548
17249260,1,1,0.20248,0.78532,0.01221
22805967,0,1,0.12451,0.84923,0.02625
40801509,0,0,0.86204,0.13481,0.00316
14502415,2,2,0.00303,0.01574,0.98124
25279077,2,1,0.35427,0.63651,0.00922
4767088,2,2,0.02818,0.28909,0.68273
37047969,1,0,0.69411,0.29853,0.00736
18385905,2,1,0.08264,0.86615,0.05121
24777243,2,2,0.00253,0.00976,0.98771
22547513,2,2,0.02873,0.17008,0.80119
21730602,2,2,0.01128,0.03488,0.95384
31710486,2,2,0.00694,0.03981,0.95325
10815696,0,0,0.92569,0.06952,0.00478
17394687,2,2,0.00926,0.07543,0.91531
24906894,2,2,0.00138,0.00668,0.99194
11219551,2,2,0.00885,0.04478,0.94636
19129382,2,0,0.49632,0.46991,0.03377
9532866,2,2,0.00104,0.00847,0.99049
7617668,2,2,0.00398,0.05208,0.94394
16249888,2,2,0.00743,0.06423,0.92834
25103480,2,2,0.00418,0.02056,0.97526
38007200,2,2,0.00118,0.00471,0.9941
26521810,2,2,0.00194,0.00876,0.9893
13861154,2,2,0.00306,0.03464,0.96229
36660238,2,2,0.00557,0.05709,0.93733
41067913,2,2,0.00135,0.0106,0.98805
22817462,2,2,0.00161,0.00529,0.99309
27330265,2,2,0.01578,0.05968,0.92453
35450524,2,2,0.00225,0.01533,0.98242
25806742,2,2,0.00281,0.01334,0.98385
36564546,2,2,0.00371,0.02909,0.96719
25097996,1,1,0.05578,0.87939,0.06483
23544301,0,1,0.14665,0.81953,0.03383
24551159,2,2,0.0147,0.06889,0.91641
32427591,2,2,0.00241,0.01152,0.98607
26327346,2,2,0.00204,0.02116,0.9768
6169975,2,1,0.11901,0.79519,0.0858
3500213,0,2,0.018,0.07303,0.90897
15986711,2,2,0.00161,0.01047,0.98792
9381851,2,2,0.00398,0.02228,0.97374
7199497,2,2,0.0036,0.02971,0.96669
20077228,2,2,0.00429,0.09852,0.89719
28525221,2,1,0.06067,0.78071,0.15861
23896259,0,0,0.96731,0.03126,0.00143
8421967,2,2,0.00183,0.02065,0.97752
30543939,0,1,0.06498,0.75541,0.1796
11830265,2,2,0.01044,0.12042,0.86914
28634503,2,1,0.0514,0.91114,0.03746
18753325,2,2,0.02079,0.03073,0.94848
28190150,2,2,0.00168,0.01088,0.98743
39464954,0,0,0.98942,0.0094,0.00118
6954018,1,0,0.81313,0.18286,0.00401
33742797,1,1,0.11944,0.84459,0.03597
40726982,0,0,0.72764,0.26768,0.00468
19894135,2,2,0.0173,0.16865,0.81406
32908265,2,2,0.19313,0.07479,0.73208
36747816,2,2,0.00382,0.01542,0.98075
24321903,2,2,0.00122,0.00457,0.99421
40239993,2,2,0.00209,0.01265,0.98526
36312664,1,1,0.23297,0.72607,0.04096
28688209,0,0,0.64427,0.34756,0.00817
14663809,1,0,0.79364,0.19449,0.01186
26381561,1,1,0.28483,0.69133,0.02384
28076983,0,0,0.79529,0.20108,0.00363
17586936,2,2,0.00641,0.01161,0.98197
9660864,0,0,0.97893,0.01864,0.00243
4964569,2,2,0.00271,0.0174,0.9799
32951740,2,2,0.0014,0.00468,0.99392
10569560,2,2,0.00285,0.01324,0.98391
38419715,2,2,0.00109,0.0037,0.9952
17789296,2,2,0.00133,0.0085,0.99017
15314685,2,2,0.00662,0.12659,0.86679
25644769,2,2,0.00325,0.02122,0.97553
22985870,2,2,0.00176,0.02651,0.97173
39975950,2,2,0.00285,0.02782,0.96932
25503158,2,2,0.01981,0.40111,0.57907
29019808,2,2,0.00127,0.0094,0.98933
23273954,0,1,0.29699,0.40179,0.30122
31473003,0,0,0.98613,0.01208,0.00179
14585728,0,0,0.69611,0.29706,0.00682
14785640,2,2,0.00176,0.01189,0.98634
3971701,2,2,0.00223,0.01105,0.98673
23562491,2,2,0.00348,0.03205,0.96447
10560751,2,2,0.00306,0.0503,0.94664
3338672,2,2,0.00165,0.01594,0.98241
33376135,2,2,0.00137,0.01367,0.98496
4101345,0,0,0.4944,0.47919,0.02641
29157273,0,0,0.8611,0.10704,0.03186
4874796,2,2,0.00596,0.00708,0.98696
23875656,0,0,0.93554,0.05854,0.00592
30172255,2,2,0.00232,0.01829,0.97939
24218260,2,2,0.00182,0.00911,0.98907
9560884,2,2,0.00365,0.02954,0.96681
17485883,1,0,0.69808,0.2979,0.00402
33545647,2,2,0.00129,0.00775,0.99096
17450259,2,2,0.00116,0.0059,0.99293
154067,1,2,0.02925,0.42315,0.5476
6608329,2,2,0.00165,0.01735,0.98101
29002394,2,2,0.00307,0.01842,0.97851
3763749,0,0,0.65195,0.30437,0.04368
400656,2,2,0.00254,0.01815,0.97931
27789102,2,2,0.00345,0.02577,0.97078
2570035,0,0,0.9897,0.00937,0.00093
32876239,2,2,0.00109,0.00695,0.99196
25588290,0,0,0.89947,0.0963,0.00423
26721724,0,0,0.61891,0.3582,0.0229
14582498,2,2,0.0014,0.00618,0.99241
23190074,2,2,0.00144,0.01027,0.98829
3220132,0,1,0.3302,0.65669,0.01311
12047793,2,2,0.00115,0.01341,0.98543
9281476,2,2,0.00269,0.01046,0.98685
40053662,2,2,0.0014,0.00668,0.99192
9663668,1,2,0.00867,0.23446,0.75686
9358305,2,2,0.00184,0.01606,0.9821
31864523,2,2,0.06855,0.1157,0.81575
32201756,2,2,0.07061,0.11174,0.81765
13856956,2,2,0.01561,0.14549,0.8389
273825,2,2,0.00371,0.01502,0.98127
33937599,2,2,0.00269,0.01087,0.98644
36363018,2,2,0.00123,0.00799,0.99078
37478072,0,0,0.92581,0.07167,0.00252
31270835,2,2,0.0012,0.00668,0.99212
28774529,2,2,0.004,0.01717,0.97883
16017025,2,2,0.00422,0.02517,0.97061
10856091,2,2,0.00197,0.00678,0.99124
40285443,2,1,0.22879,0.41267,0.35854
20551587,2,2,0.00197,0.00947,0.98856
24565475,2,2,0.0166,0.12516,0.85824
28896453,2,2,0.00865,0.06675,0.9246
23876086,2,2,0.00694,0.08353,0.90952
25636714,2,2,0.04734,0.15819,0.79447
30896586,2,2,0.00098,0.00658,0.99244
447561,0,0,0.98553,0.01328,0.00119
3519770,2,2,0.00112,0.00769,0.99119
27001167,2,2,0.01184,0.26123,0.72693
7841910,2,2,0.00356,0.02406,0.97238
21536461,0,0,0.95454,0.04201,0.00344
18470120,0,0,0.99205,0.00712,0.00084
38232568,2,2,0.00259,0.01773,0.97968
29454132,0,0,0.88378,0.11105,0.00517
39124464,2,2,0.01136,0.04303,0.94561
34916597,2,2,0.09749,0.13273,0.76979
1490169,2,2,0.002,0.01114,0.98687
30560467,0,0,0.84467,0.14678,0.00854
8297190,2,2,0.00246,0.00673,0.99082
1265670,2,2,0.00255,0.01503,0.98241
13886719,2,2,0.03775,0.06176,0.90049
10141094,0,0,0.82601,0.1377,0.03629
35297692,2,0,0.7535,0.24083,0.00566
56654,1,1,0.03137,0.66034,0.30829
28980454,2,2,0.02248,0.27277,0.70475
28066357,1,1,0.0832,0.65953,0.25727
16665183,2,2,0.00218,0.03087,0.96695
21835313,0,0,0.98368,0.01448,0.00184
36988185,1,1,0.08586,0.88949,0.02465
10407989,2,2,0.07736,0.40218,0.52046
40809337,2,2,0.00321,0.01786,0.97893
16096105,2,2,0.00153,0.01367,0.9848
15811950,2,2,0.00407,0.06037,0.93556
15149552,2,2,0.00185,0.00756,0.99058
16616403,2,2,0.00125,0.00831,0.99044
21240729,2,2,0.00863,0.069,0.92237
27027692,2,2,0.01485,0.03011,0.95505
30505203,0,0,0.92029,0.07673,0.00298
4602806,2,2,0.00132,0.00711,0.99157
15791620,2,2,0.00358,0.09252,0.9039
23197066,2,2,0.00152,0.01657,0.98191
2379941,2,2,0.0451,0.16177,0.79314
5523301,2,2,0.01024,0.11039,0.87937
40535276,2,2,0.09363,0.22263,0.68374
24515807,2,2,0.00216,0.03943,0.95841
161949,2,2,0.00364,0.01834,0.97802
22292937,2,2,0.0017,0.01346,0.98484
17488232,2,2,0.05893,0.19455,0.74652
32027712,2,2,0.00131,0.01008,0.98861
12795971,2,2,0.00292,0.02059,0.97649
20560679,2,2,0.00944,0.17955,0.81101
15311231,2,2,0.0023,0.02395,0.97374
27773299,2,2,0.00104,0.00614,0.99282
10693415,2,2,0.0034,0.02307,0.97352
4819384,2,2,0.00323,0.05757,0.9392
8163435,2,1,0.3613,0.61941,0.0193
17406664,2,2,0.00328,0.01474,0.98199
4461706,2,2,0.00191,0.00962,0.98848
29879056,2,2,0.00217,0.00804,0.98979
26970390,2,2,0.00142,0.00717,0.99141
22273080,2,2,0.01009,0.13637,0.85353
2783173,0,0,0.80465,0.19262,0.00273
40639796,2,2,0.0019,0.01315,0.98495
25660385,2,0,0.9006,0.09058,0.00883
11360161,2,2,0.00566,0.04288,0.95146
15245935,0,0,0.95206,0.04399,0.00395
26036150,2,2,0.00664,0.0152,0.97815
37155163,0,0,0.84899,0.14355,0.00746
39574872,2,2,0.00921,0.12202,0.86877
31858698,0,0,0.96425,0.03428,0.00147
9009601,2,1,0.01679,0.6867,0.2965
5218433,2,2,0.00902,0.02642,0.96456
28571107,0,0,0.89167,0.09888,0.00945
4336823,2,2,0.00712,0.03116,0.96173
28429881,2,2,0.00976,0.05477,0.93547
33034513,2,2,0.00275,0.01648,0.98076
24837825,2,2,0.00196,0.01265,0.98539
5388702,2,2,0.00407,0.02992,0.96601
4756582,2,2,0.00303,0.03082,0.96616
13898562,2,2,0.0019,0.01534,0.98277
13909277,2,2,0.00159,0.00711,0.9913
30571523,2,2,0.01111,0.07856,0.91033
39771199,2,2,0.00214,0.01781,0.98005
40710227,0,2,0.00655,0.0366,0.95685
24008353,2,2,0.00565,0.02926,0.96509
10579129,2,2,0.00169,0.00658,0.99173
506820,2,2,0.00496,0.06463,0.93041
20309808,2,2,0.00188,0.01153,0.98659
19913514,2,2,0.00174,0.01003,0.98823
27065230,2,2,0.00142,0.00837,0.99021
37987350,2,2,0.00161,0.00559,0.9928
3876947,2,2,0.05729,0.23932,0.70339
9299426,2,2,0.01708,0.23948,0.74344
16781623,1,1,0.34904,0.63699,0.01396
36584017,0,1,0.38791,0.5869,0.02519
32402684,2,2,0.01232,0.12427,0.86342
16250886,2,2,0.00931,0.03378,0.95691
37377972,2,2,0.00922,0.0793,0.91148
30475588,2,2,0.00295,0.02417,0.97288
10852285,2,2,0.00664,0.02344,0.96992
36071921,1,0,0.88706,0.10451,0.00843
37302870,2,2,0.00219,0.01226,0.98555
29738158,2,2,0.00441,0.10168,0.89392
24568765,2,2,0.00422,0.04109,0.95469
20462779,2,2,0.00194,0.01101,0.98706
18743977,2,2,0.00112,0.00874,0.99014
35338372,1,2,0.00174,0.00613,0.99212
20673684,2,2,0.002,0.00762,0.99038
9756720,2,2,0.00222,0.01618,0.98161
10047922,2,2,0.04086,0.15741,0.80173
8869232,2,2,0.00356,0.02406,0.97238
17238401,2,2,0.0018,0.02302,0.97518
22432016,2,2,0.00586,0.09733,0.89681
31058163,2,2,0.00203,0.01023,0.98774
39658272,0,0,0.77897,0.2056,0.01543
37819857,2,2,0.00551,0.09617,0.89832
804283,2,2,0.00226,0.04318,0.95457
18981566,2,2,0.00356,0.04085,0.95559
2426508,2,2,0.02192,0.40395,0.57413
17275120,2,2,0.00356,0.02406,0.97238
38929758,2,2,0.07937,0.1467,0.77393
13359933,2,2,0.00118,0.00433,0.99449
27063814,2,2,0.00468,0.03183,0.96349
21916839,0,0,0.98259,0.01551,0.0019
26234350,2,2,0.00149,0.00501,0.99349
2620319,0,0,0.66087,0.28093,0.0582
27284840,2,2,0.00286,0.00998,0.98715
12928302,2,2,0.00188,0.00911,0.98901
15441150,2,2,0.00336,0.01884,0.97779
26508424,2,2,0.00355,0.01348,0.98297
35619732,2,2,0.00305,0.03864,0.95831
28865465,2,2,0.00341,0.01965,0.97693
1472725,2,2,0.00734,0.13087,0.86179
23021901,2,1,0.07534,0.76687,0.15779
38144579,2,2,0.00365,0.01603,0.98032
26997649,1,2,0.00738,0.05556,0.93705
33830740,2,2,0.00893,0.08056,0.91051
9131399,2,2,0.00127,0.00763,0.9911
30711198,0,1,0.14391,0.83627,0.01982
10082037,2,2,0.00383,0.01412,0.98205
28071383,2,2,0.0012,0.00811,0.99069
4230317,2,1,0.01998,0.5034,0.47661
6683437,0,0,0.80288,0.1922,0.00493
12996789,2,2,0.00142,0.00586,0.99272
35523906,0,0,0.99155,0.00648,0.00197
6381502,0,0,0.75929,0.23339,0.00733
30007466,2,2,0.00154,0.00722,0.99124
26215457,2,2,0.00145,0.00546,0.99309
25620976,2,2,0.00122,0.00628,0.9925
27534570,2,1,0.35863,0.57758,0.0638
33368757,0,0,0.97505,0.02379,0.00116
9491631,2,2,0.00396,0.02615,0.96989
11978481,2,2,0.00169,0.00883,0.98948
30029088,2,2,0.00436,0.09748,0.89816
28790401,0,0,0.97768,0.02122,0.00109
27778061,2,2,0.0012,0.00542,0.99338
15502343,0,1,0.2725,0.71236,0.01514
23754846,1,1,0.04544,0.9127,0.04186
4222447,2,2,0.01294,0.10098,0.88608
41236482,2,2,0.00487,0.06771,0.92742
32537500,0,0,0.99067,0.00827,0.00106
37677476,2,2,0.00306,0.02058,0.97636
26267934,2,2,0.00212,0.01414,0.98374
27661768,2,2,0.01714,0.23108,0.75178
20415606,2,2,0.00783,0.02153,0.97064
21162087,0,0,0.99181,0.00618,0.00201
26439435,0,0,0.76015,0.22646,0.01339
41222533,0,0,0.93408,0.05992,0.00601
4974675,2,2,0.06906,0.23892,0.69202
2438476,2,2,0.00138,0.00689,0.99173
1490514,2,1,0.09289,0.83929,0.06782
11849175,2,2,0.00645,0.02051,0.97303
3509727,2,2,0.00248,0.01345,0.98408
8504499,2,2,0.00554,0.01768,0.97678
17175352,0,0,0.9462,0.04968,0.00412
33027833,2,2,0.0019,0.0132,0.9849
3993359,2,2,0.0013,0.00586,0.99285
31849745,0,0,0.95933,0.0231,0.01757
21528807,2,2,0.01537,0.41226,0.57237
6380405,2,2,0.00118,0.00416,0.99466
31064772,1,0,0.96463,0.03399,0.00138
39168275,2,2,0.00446,0.03184,0.9637
23996185,2,1,0.17591,0.7853,0.03879
40029842,2,2,0.04786,0.16755,0.78459
498534,2,2,0.00143,0.01977,0.97881
34405048,2,2,0.0036,0.01473,0.98167
26243743,0,0,0.7583,0.23675,0.00495
31734685,2,2,0.03556,0.17384,0.7906
24092106,2,2,0.01311,0.23064,0.75624
28635279,2,2,0.00237,0.01221,0.98542
15985660,2,2,0.00144,0.00955,0.98901
8367892,0,0,0.98471,0.01225,0.00304
29868937,2,2,0.00272,0.01184,0.98544
530350,0,0,0.7485,0.24683,0.00466
24565046,0,0,0.97027,0.02846,0.00127
3544003,0,0,0.9356,0.06268,0.00172
6331923,0,0,0.9652,0.03348,0.00132
17095439,2,2,0.00142,0.00897,0.98961
3057615,2,1,0.03434,0.55858,0.40708
19951912,2,2,0.00224,0.01998,0.97778
37975226,2,2,0.00325,0.02122,0.97553
4061285,2,2,0.00198,0.01887,0.97915
2196875,2,2,0.00191,0.02378,0.97431
26943868,2,2,0.00287,0.0081,0.98903
34485423,2,2,0.00961,0.17781,0.81259
40961960,2,2,0.00124,0.00623,0.99253
19390795,2,2,0.00414,0.01518,0.98068
15079079,2,2,0.00799,0.02395,0.96806
35719184,0,0,0.86331,0.12782,0.00887
10051026,2,2,0.00867,0.05008,0.94125
8400984,2,2,0.00294,0.01259,0.98447
33777434,2,2,0.01033,0.0448,0.94487
38488223,2,2,0.00784,0.15437,0.83779
3315651,2,2,0.0027,0.06688,0.93043
33566594,2,2,0.00418,0.02056,0.97526
3891129,2,2,0.01213,0.45159,0.53628
11118754,0,1,0.13767,0.8238,0.03853
6211465,1,0,0.77495,0.20374,0.02131
10187956,2,2,0.00414,0.02881,0.96705
5586159,1,2,0.00606,0.06539,0.92855
10664485,0,0,0.50499,0.48186,0.01315
20121099,0,0,0.82375,0.16867,0.00759
12699964,2,2,0.00348,0.01686,0.97967
17044853,2,2,0.01345,0.15451,0.83204
693671,2,2,0.01231,0.12458,0.8631
2986159,2,2,0.00354,0.07344,0.92302
32503876,0,1,0.47232,0.49887,0.02881
41204139,0,0,0.65239,0.34111,0.0065
28216396,2,2,0.00279,0.02051,0.9767
32288968,2,2,0.002,0.00925,0.98875
41446004,2,2,0.0024,0.01458,0.98302
6907077,2,2,0.00372,0.14076,0.85552
15366298,0,0,0.85607,0.14085,0.00309
14786901,2,2,0.0046,0.03171,0.96368
23763607,2,2,0.00366,0.02909,0.96725
15271110,2,2,0.00948,0.01588,0.97464
16288818,2,2,0.01443,0.19156,0.79401
16256098,2,2,0.00316,0.09256,0.90428
10408605,0,0,0.67139,0.32213,0.00648
3121261,2,2,0.00145,0.00559,0.99296
22753567,2,0,0.69407,0.29389,0.01204
5749860,2,2,0.00197,0.0078,0.99023
14611014,2,2,0.00745,0.10361,0.88894
7951604,2,2,0.01885,0.0369,0.94425
34309654,0,0,0.80266,0.1914,0.00594
5882425,2,2,0.17963,0.34154,0.47883
34618037,1,2,0.00707,0.10988,0.88305
22667109,2,2,0.00301,0.0218,0.97519
18251707,2,2,0.01205,0.22473,0.76322
4888840,0,0,0.98356,0.01541,0.00103
18048137,2,2,0.00323,0.01239,0.98438
17074838,2,2,0.00107,0.00974,0.98919
33768271,2,2,0.01939,0.06819,0.91242
24973097,2,2,0.00247,0.0174,0.98013
7949036,2,2,0.00924,0.10561,0.88515
28753581,2,2,0.31843,0.07374,0.60783
27165772,1,1,0.09413,0.81156,0.09431
36398679,2,2,0.00375,0.02065,0.97561
24857638,2,2,0.00152,0.00618,0.9923
27904911,0,1,0.28398,0.70285,0.01318
22692140,2,2,0.00534,0.05287,0.94178
37268771,2,2,0.00437,0.00772,0.98791
3194598,2,2,0.00137,0.01564,0.98299
1223601,2,2,0.00198,0.01872,0.97929
30257999,2,2,0.00515,0.02829,0.96656
30520259,1,1,0.11739,0.8691,0.01351
15725190,2,2,0.00571,0.03403,0.96026
8790323,2,2,0.00303,0.01485,0.98212
36903884,2,0,0.63613,0.35406,0.00981
39668741,2,2,0.00755,0.07741,0.91504
8181278,2,2,0.00168,0.01351,0.98481
41089673,2,2,0.06281,0.37734,0.55985
15433137,2,2,0.00564,0.0305,0.96385
1267051,2,2,0.00098,0.00619,0.99283
31806513,2,2,0.00684,0.23913,0.75403
38042034,0,0,0.99055,0.0087,0.00075
812815,2,1,0.01717,0.74759,0.23524
7387139,2,2,0.01714,0.23108,0.75178
25445549,2,2,0.00335,0.00862,0.98804
17726578,2,2,0.05765,0.28264,0.65972
9780662,2,2,0.00176,0.00992,0.98832
11373750,2,2,0.01,0.0616,0.92841
8706956,2,2,0.00159,0.02077,0.97764
35272056,2,2,0.00177,0.00897,0.98926
38959208,2,2,0.00445,0.04882,0.94673
15189995,0,0,0.53484,0.45747,0.00769
38993580,2,2,0.00598,0.06333,0.93068
25567282,2,2,0.01204,0.10304,0.88492
15920563,2,2,0.00216,0.01047,0.98737
17479566,2,2,0.00191,0.01114,0.98696
5015250,0,0,0.87836,0.08731,0.03433
24165616,2,2,0.00228,0.01843,0.97929
8729238,2,2,0.00222,0.01203,0.98575
31180434,0,1,0.08547,0.60973,0.3048
9510013,2,2,0.00213,0.00999,0.98788
33596642,2,2,0.00152,0.00618,0.9923
15890600,2,2,0.00352,0.02073,0.97575
13173594,2,2,0.02374,0.27165,0.70461
40043102,2,2,0.00153,0.0131,0.98537
34755478,2,2,0.00408,0.04299,0.95293
19542406,2,2,0.00334,0.0249,0.97175
36390175,2,2,0.02308,0.42209,0.55483
8789940,2,2,0.0011,0.00996,0.98893
4176642,0,0,0.65252,0.33852,0.00895
1997285,2,2,0.00259,0.01649,0.98092
12679480,0,0,0.73215,0.07137,0.19648
3226396,2,2,0.00172,0.00711,0.99118
11908988,2,2,0.00286,0.05397,0.94317
39209859,2,2,0.00113,0.00581,0.99306
13551826,2,2,0.03676,0.1332,0.83004
41327179,2,0,0.92835,0.06686,0.0048
15880126,0,0,0.99035,0.00799,0.00166
34887107,2,2,0.00142,0.006,0.99258
28413455,2,2,0.01561,0.14549,0.8389
7314301,0,0,0.61756,0.3384,0.04404
24402762,2,2,0.01869,0.16144,0.81987
20813295,2,2,0.00152,0.00623,0.99225
40022268,2,2,0.00202,0.01682,0.98117
4351680,1,0,0.47293,0.46742,0.05966
16382287,2,2,0.00756,0.04813,0.94431
29504966,0,0,0.55687,0.42696,0.01617
36709962,2,2,0.00435,0.02634,0.96931
23929060,2,2,0.00149,0.0089,0.98961
21313595,2,2,0.01062,0.42748,0.56191
29295215,2,2,0.00254,0.01893,0.97853
22769026,2,2,0.00396,0.04224,0.9538
18362493,0,0,0.97281,0.0261,0.00109
35490806,2,2,0.0061,0.03037,0.96353
17205857,2,2,0.00659,0.03013,0.96328
41208241,0,0,0.62528,0.35907,0.01565
11608809,1,1,0.04023,0.86695,0.09282
13942367,2,2,0.00509,0.02563,0.96928
10487336,2,2,0.0029,0.02573,0.97136
2548921,2,2,0.00168,0.01511,0.98322
3325890,2,2,0.00308,0.0148,0.98213
36248778,2,2,0.01132,0.08906,0.89961
17646902,2,2,0.00262,0.01878,0.97859
31266541,2,2,0.00774,0.05438,0.93788
18636560,2,2,0.00236,0.01458,0.98306
14596941,2,2,0.00147,0.00818,0.99036
17988345,2,2,0.00774,0.03941,0.95285
22594464,2,2,0.00848,0.08479,0.90673
9406732,2,2,0.01269,0.02514,0.96216
1156337,2,2,0.00249,0.00733,0.99018
37829412,2,2,0.00158,0.00973,0.98869
24578175,0,0,0.97061,0.02826,0.00114
35778029,1,1,0.03059,0.7072,0.26221
2837634,2,2,0.00141,0.01552,0.98307
37052425,2,2,0.00131,0.01199,0.9867
34520632,2,2,0.01679,0.33326,0.64995
6872622,0,0,0.97618,0.02144,0.00238
35898759,2,2,0.00889,0.36333,0.62778
23116220,2,2,0.00156,0.00521,0.99322
2727115,2,2,0.00191,0.01097,0.98713
4463257,2,2,0.00393,0.0189,0.97717
15607612,2,2,0.00144,0.00805,0.99051
3203525,2,0,0.59455,0.26642,0.13903
22576340,2,2,0.00895,0.04125,0.9498
36880429,0,0,0.91752,0.08112,0.00136
3196493,2,2,0.00161,0.00728,0.99111
22494639,0,0,0.92941,0.06785,0.00274
36854309,2,1,0.04139,0.91314,0.04546
8733066,0,0,0.93623,0.06175,0.00202
6287115,2,2,0.00197,0.01031,0.98772
5234272,2,2,0.0014,0.006,0.9926
9479049,2,1,0.13089,0.45152,0.41759
21456174,2,0,0.60813,0.38056,0.01131
28612981,2,2,0.00163,0.00876,0.9896
22421232,2,2,0.00508,0.02776,0.96716
16939018,0,0,0.98522,0.01394,0.00083
1839978,2,2,0.00925,0.03217,0.95858
34264289,2,2,0.0021,0.02346,0.97444
40190668,2,2,0.00535,0.03734,0.95732
8340870,2,2,0.00289,0.01532,0.98179
28205766,2,2,0.00118,0.00426,0.99456
19235765,0,0,0.98683,0.01223,0.00094
7002517,0,1,0.48077,0.49603,0.0232
32241745,2,2,0.00488,0.03584,0.95928
15797115,2,2,0.00126,0.00679,0.99196
11090809,2,2,0.00294,0.01446,0.9826
29603838,2,2,0.00151,0.00856,0.98992
4126608,2,2,0.00124,0.00559,0.99317
34958966,2,2,0.00152,0.01742,0.98106
4215436,2,2,0.00987,0.12856,0.86156
38206218,0,0,0.49713,0.45977,0.0431
7567507,2,2,0.00691,0.0144,0.97869
20720723,2,2,0.00301,0.02197,0.97503
39528033,0,0,0.64453,0.3423,0.01317
39467536,2,2,0.00434,0.01267,0.98299
10448547,2,2,0.01103,0.09868,0.89029
27720727,2,2,0.00237,0.0126,0.98504
32581340,0,0,0.98313,0.01537,0.0015
21166027,0,0,0.92764,0.06987,0.00249
2932497,2,2,0.00278,0.0081,0.98912
38353601,2,2,0.0019,0.01377,0.98433
13125801,2,2,0.00182,0.00984,0.98834
30296133,0,0,0.48795,0.48795,0.0241
9920861,2,1,0.03708,0.85713,0.1058
14629670,2,2,0.00247,0.01593,0.9816
29551826,2,2,0.00182,0.00799,0.99019
16306284,2,2,0.00355,0.01183,0.98462
33018271,2,2,0.00233,0.0126,0.98507
7869067,0,0,0.63586,0.35668,0.00746
1130975,1,1,0.12945,0.77387,0.09667
32605537,2,2,0.00155,0.01588,0.98257
14408322,2,2,0.0039,0.02696,0.96914
37421907,2,2,0.00441,0.07225,0.92334
21879149,2,2,0.0472,0.08284,0.86996
37984280,0,0,0.92713,0.07121,0.00166
25349821,2,2,0.00488,0.01962,0.97549
21909339,2,2,0.00924,0.27336,0.7174
26804816,1,0,0.41823,0.36266,0.21911
19878289,0,0,0.93382,0.0633,0.00288
25166080,2,2,0.00608,0.06258,0.93134
37635624,2,2,0.00122,0.00564,0.99315
15190737,0,0,0.99135,0.00769,0.00096
14281475,0,0,0.99096,0.00793,0.00111
34145904,2,2,0.00209,0.01309,0.98482
30331319,0,0,0.90393,0.0938,0.00228
9565295,2,2,0.00405,0.01987,0.97608
39671689,2,2,0.00142,0.00614,0.99244
19831682,2,2,0.00191,0.00716,0.99092
10053154,2,2,0.00299,0.01354,0.98347
33319190,2,1,0.06786,0.70436,0.22778
9613342,2,2,0.00495,0.02151,0.97354
27911391,2,2,0.00109,0.00614,0.99277
37519285,2,2,0.00546,0.06209,0.93245
11033988,0,0,0.98314,0.0151,0.00176
36047168,1,2,0.01374,0.30313,0.68312
28348361,2,2,0.00192,0.00609,0.992
33989246,2,2,0.00179,0.00954,0.98866
22602190,2,2,0.05497,0.1246,0.82044
30464594,2,2,0.03602,0.11821,0.84577
18069440,2,2,0.00186,0.02093,0.97722
21248282,1,1,0.23061,0.74734,0.02204
37580403,2,1,0.24334,0.51775,0.23891
35846282,2,2,0.01061,0.12019,0.86921
20088327,1,1,0.13047,0.81015,0.05938
19941829,2,2,0.00184,0.01663,0.98154
473230,2,2,0.00222,0.01516,0.98263
26603153,2,2,0.00127,0.0102,0.98853
24376787,2,1,0.02009,0.58261,0.3973
9744776,2,2,0.00132,0.00618,0.9925
10599523,0,0,0.82837,0.16829,0.00333
2812245,2,2,0.00237,0.00999,0.98764
36119991,0,1,0.35015,0.64402,0.00584
5215130,2,2,0.00412,0.01964,0.97625
33312730,2,0,0.81644,0.17935,0.00422
34894909,2,2,0.00484,0.0295,0.96566
16603176,2,2,0.00138,0.00684,0.99178
1273231,1,1,0.05093,0.92962,0.01945
13817816,2,2,0.00222,0.01255,0.98523
25844130,2,2,0.00146,0.00936,0.98917
2647693,2,2,0.00402,0.01307,0.98291
34873786,0,0,0.52876,0.45228,0.01896
18062342,2,2,0.00285,0.01386,0.98329
30622564,2,2,0.00251,0.01649,0.981
12930369,0,0,0.60034,0.37863,0.02103
27326948,2,0,0.84795,0.11622,0.03583
14715183,2,2,0.00238,0.0078,0.98982
23349554,2,2,0.00397,0.02451,0.97152
39223459,2,2,0.00156,0.0085,0.98994
19061780,2,2,0.00216,0.00876,0.98908
21429604,2,2,0.00131,0.01064,0.98805
35528195,2,2,0.00459,0.02047,0.97494
2139680,2,2,0.00808,0.07305,0.91888
20266446,2,2,0.00277,0.05485,0.94237
11492469,2,2,0.0012,0.00658,0.99222
84907,2,2,0.00155,0.01153,0.98691
35608571,2,2,0.00197,0.01015,0.98788
18863001,2,2,0.05987,0.11362,0.82651
3503918,2,2,0.00208,0.01669,0.98123
5299492,0,0,0.93874,0.05978,0.00148
1628714,2,2,0.02718,0.07973,0.89309
6086581,2,2,0.00348,0.0166,0.97992
20680634,2,2,0.00854,0.03432,0.95713
27522,2,2,0.00798,0.0409,0.95112
6566090,1,1,0.02147,0.67858,0.29994
12776159,2,2,0.32533,0.13196,0.54271
38363275,0,0,0.99092,0.00757,0.00151
29518360,2,2,0.00514,0.03017,0.96468
35863995,2,2,0.00953,0.44511,0.54536
11800831,2,2,0.00146,0.00908,0.98946
13829528,0,0,0.98668,0.01209,0.00123
39233777,2,2,0.00221,0.02029,0.97751
22766908,2,2,0.01582,0.11373,0.87045
28887785,2,2,0.07085,0.15843,0.77072
34563016,0,0,0.98458,0.0134,0.00202
33116623,2,2,0.00418,0.03587,0.95996
21908018,0,0,0.6598,0.33177,0.00844
6208106,2,2,0.08909,0.11373,0.79718
20883240,2,2,0.0043,0.02332,0.97238
22703184,2,2,0.00124,0.00509,0.99367
27183283,2,2,0.00399,0.06434,0.93167
16817178,2,2,0.03871,0.08722,0.87407
2742857,2,2,0.00469,0.01347,0.98184
15463535,2,2,0.00133,0.0114,0.98727
27669982,2,2,0.00104,0.00864,0.99033
14033373,0,0,0.944,0.0542,0.00179
18049702,1,1,0.30313,0.65438,0.04249
37760658,2,2,0.00433,0.0756,0.92007
21772936,2,2,0.00191,0.02405,0.97404
36692819,2,2,0.00196,0.01534,0.98271
13720209,1,1,0.38537,0.59688,0.01774
27591875,2,2,0.02956,0.18392,0.78652
26968744,0,0,0.91895,0.07514,0.00591
40332347,2,2,0.00547,0.03133,0.96321
18002832,0,0,0.98588,0.01321,0.00091
24275475,2,2,0.00555,0.03127,0.96318
37360936,2,2,0.01016,0.10333,0.88651
9051127,2,2,0.00961,0.16454,0.82585
11296211,2,2,0.00181,0.01295,0.98524
2874157,2,2,0.00249,0.00917,0.98834
10648525,0,0,0.98582,0.01295,0.00123
9591038,2,2,0.00371,0.01412,0.98217
36153266,2,2,0.01466,0.07833,0.90701
31007745,2,2,0.00497,0.03249,0.96254
10020745,2,2,0.00802,0.0503,0.94168
2035975,2,2,0.00596,0.03781,0.95623
28155896,2,2,0.00127,0.00981,0.98892
39058038,2,2,0.00244,0.01216,0.98539
4999623,2,2,0.00242,0.01975,0.97783
25697799,2,2,0.01837,0.12366,0.85797
15999815,2,0,0.48824,0.2767,0.23506
40191844,2,2,0.00608,0.01059,0.98333
2859434,2,2,0.00219,0.01212,0.98569
11960194,1,0,0.60948,0.38141,0.00911
29809409,2,2,0.02107,0.01774,0.96119
4922017,2,2,0.00134,0.00525,0.99341
36479296,2,2,0.00438,0.07816,0.91746
10575135,0,0,0.97919,0.01534,0.00547
14154100,2,2,0.0025,0.03664,0.96086
7422074,2,2,0.00629,0.04583,0.94788
37937286,2,2,0.00215,0.01662,0.98123
4068487,2,2,0.00112,0.00884,0.99004
33347339,2,2,0.00343,0.03074,0.96583
17287785,2,2,0.00193,0.01563,0.98244
11848970,1,0,0.65088,0.33244,0.01668
40572789,2,2,0.03428,0.10214,0.86358
1880457,1,2,0.06113,0.32153,0.61735
36003467,2,2,0.01666,0.25255,0.73079
27143115,2,2,0.00453,0.06305,0.93242
15682492,0,0,0.74507,0.24763,0.0073
20168699,2,2,0.01313,0.40199,0.58489
12232309,2,2,0.00683,0.09914,0.89403
23962273,2,2,0.0012,0.00728,0.99152
40175855,0,0,0.98617,0.01246,0.00137
27921837,2,2,0.00255,0.01408,0.98336
22543577,2,1,0.16709,0.80182,0.03109
30146068,2,2,0.00455,0.01316,0.98229
32982458,1,0,0.36614,0.33995,0.29391
12961849,2,2,0.00219,0.01096,0.98684
12975837,2,2,0.00283,0.02059,0.97658
3178320,1,1,0.03204,0.92171,0.04625
4297343,2,2,0.00123,0.0111,0.98767
10746148,2,2,0.00152,0.01848,0.98
32187011,2,2,0.00157,0.00501,0.99342
10806357,0,1,0.07664,0.89394,0.02942
36839865,2,1,0.34863,0.55494,0.09643
27546594,2,2,0.00236,0.04679,0.95085
31715876,2,2,0.00219,0.01335,0.98447
170245,2,2,0.00393,0.03547,0.9606
23645618,2,2,0.00241,0.01071,0.98688
8403041,2,2,0.00156,0.00918,0.98926
27964918,2,2,0.00598,0.10605,0.88796
38149103,2,2,0.00103,0.00534,0.99364
7786050,2,1,0.1239,0.80595,0.07015
8862149,2,2,0.00191,0.00962,0.98848
31226359,2,2,0.00365,0.01622,0.98013
29516387,2,2,0.00158,0.00958,0.98884
35804907,2,2,0.00161,0.00973,0.98866
7924545,2,2,0.00122,0.00468,0.9941
39444655,2,2,0.00257,0.0075,0.98993
9176784,2,2,0.00213,0.00911,0.98876
30629231,2,2,0.00202,0.0165,0.98149
18583116,2,2,0.00754,0.05046,0.942
24298094,0,0,0.95715,0.0404,0.00245
27203272,2,2,0.00158,0.01185,0.98657
19234791,2,2,0.00534,0.03958,0.95509
14954935,1,1,0.21259,0.58278,0.20463
13796440,2,2,0.00159,0.01995,0.97846
27784775,2,1,0.02912,0.85762,0.11327
16686458,2,2,0.00247,0.0174,0.98013
18252445,0,0,0.90343,0.09374,0.00283
29856090,2,2,0.00179,0.00932,0.98888
29596584,2,2,0.00293,0.03274,0.96433
28148581,0,0,0.83609,0.14614,0.01776
23512578,2,2,0.00156,0.00818,0.99026
33964240,2,2,0.00149,0.00757,0.99094
5881406,2,2,0.00515,0.04286,0.95198
8872165,0,0,0.95945,0.03937,0.00118
31130281,2,2,0.00155,0.01644,0.98201
9324079,1,0,0.53985,0.42043,0.03972
19057625,2,2,0.00161,0.00933,0.98907
25453550,0,0,0.98147,0.01732,0.0012
36695505,1,1,0.09629,0.84901,0.0547
40994221,2,2,0.00689,0.07629,0.91682
27250714,0,0,0.95473,0.04161,0.00367
32747080,2,1,0.03654,0.537,0.42646
4165346,2,2,0.00219,0.01299,0.98482
36745142,2,2,0.00125,0.01056,0.98819
2313309,2,2,0.00332,0.01806,0.97862
35532449,0,0,0.9043,0.09006,0.00564
37388965,2,2,0.00193,0.01176,0.98631
32670281,2,2,0.00381,0.02041,0.97578
13688356,2,2,0.00413,0.01548,0.98039
6693803,2,2,0.00111,0.00793,0.99096
40324409,2,2,0.00119,0.01028,0.98853
38475728,0,0,0.62152,0.27742,0.10106
5080957,0,0,0.98717,0.01123,0.0016
33426284,1,0,0.76943,0.22392,0.00666
5979594,2,2,0.0022,0.02108,0.97672
5780771,2,2,0.0012,0.0069,0.99191
4954743,2,2,0.00168,0.01437,0.98396
34553114,2,2,0.00134,0.00509,0.99357
6046640,0,0,0.69734,0.29527,0.00739
34806916,2,2,0.03511,0.22015,0.74475
33259838,0,0,0.93641,0.06116,0.00243
29817848,2,2,0.00191,0.02166,0.97643
16992901,2,2,0.01295,0.05005,0.937
14419441,2,2,0.00168,0.01208,0.98624
18920251,2,2,0.00313,0.08651,0.91035
20691420,1,1,0.35153,0.57507,0.0734
16401826,2,2,0.00101,0.00653,0.99246
4261987,0,0,0.86872,0.12515,0.00613
12342353,2,2,0.00185,0.0078,0.99035
41611009,0,0,0.72946,0.26627,0.00427
18178033,2,2,0.00192,0.01728,0.9808
8539237,1,2,0.01515,0.09052,0.89433
1628406,2,2,0.01721,0.35672,0.62607
17230001,0,0,0.98051,0.01741,0.00208
10663116,0,0,0.94916,0.04795,0.00288
29032932,2,2,0.00314,0.0107,0.98616
18776056,0,0,0.97055,0.02767,0.00179
19885146,0,1,0.10122,0.77927,0.1195
3309627,2,2,0.12882,0.1638,0.70737
31909657,2,2,0.00594,0.01126,0.9828
17780430,2,2,0.00301,0.02043,0.97656
37974587,2,2,0.00222,0.01245,0.98532
36162768,1,1,0.10438,0.80669,0.08893
40709380,2,2,0.08786,0.08821,0.82393
22035401,2,2,0.00245,0.01079,0.98676
28738195,1,0,0.61959,0.3614,0.019
26935162,1,1,0.42816,0.56281,0.00903
15531972,0,0,0.92012,0.07672,0.00317
30549921,2,2,0.00422,0.02517,0.97061
4896644,2,2,0.01216,0.16146,0.82638
29990566,0,0,0.64838,0.26557,0.08605
39130651,2,2,0.0067,0.05968,0.93362
36794509,2,2,0.00294,0.01354,0.98352
21534348,2,2,0.00484,0.01357,0.98159
16641232,2,2,0.00273,0.01079,0.98648
1171626,1,1,0.22472,0.76022,0.01506
3194115,2,1,0.07432,0.64956,0.27612
2417066,1,2,0.00562,0.06426,0.93012
10446692,2,2,0.03871,0.08722,0.87407
8321644,2,2,0.07833,0.37369,0.54798
1902550,2,2,0.08228,0.40976,0.50796
9234969,2,2,0.00335,0.03951,0.95715
31693862,2,2,0.00504,0.02008,0.97489
16645153,2,2,0.00194,0.00678,0.99127
21045061,2,2,0.06996,0.23438,0.69565
22018552,2,2,0.00769,0.0309,0.9614
39870538,2,1,0.04734,0.7701,0.18256
7137259,0,1,0.23019,0.76068,0.00914
33167157,2,2,0.00272,0.01211,0.98516
2459566,2,2,0.0012,0.00564,0.99317
40367596,2,2,0.00222,0.01481,0.98297
25507524,2,2,0.01168,0.0887,0.89961
4833356,1,1,0.13442,0.80733,0.05825
36758986,2,2,0.0019,0.01637,0.98173
18867531,1,0,0.62179,0.35987,0.01834
10983329,1,1,0.10252,0.75899,0.13849
30335855,2,2,0.00174,0.00673,0.99152
22306748,0,0,0.85035,0.14435,0.0053
3615178,2,2,0.00406,0.03258,0.96336
13113946,2,1,0.19952,0.64672,0.15376
17481665,2,2,0.00381,0.01905,0.97714
36255341,2,2,0.01617,0.11473,0.8691
15216975,1,0,0.86664,0.10935,0.02402
10724881,0,0,0.93603,0.05443,0.00954
10222695,2,2,0.00177,0.00811,0.99012
15144532,2,2,0.01215,0.05947,0.92838
34263152,0,0,0.5126,0.46673,0.02067
1385686,2,1,0.08913,0.467,0.44387
26591258,2,2,0.00153,0.00954,0.98892
38322980,2,2,0.00158,0.00805,0.99037
32702955,2,2,0.00151,0.01241,0.98608
9245207,2,2,0.0014,0.00757,0.99103
31340399,2,2,0.01021,0.02639,0.9634
30958388,2,0,0.50654,0.47585,0.01761
37092744,2,2,0.00191,0.00756,0.99053
39811439,2,2,0.01175,0.03976,0.94848
22610493,0,0,0.98809,0.01117,0.00074
8695278,2,2,0.00237,0.02546,0.97217
22934831,2,2,0.00197,0.02645,0.97158
12098461,2,2,0.00189,0.01721,0.9809
4054947,2,2,0.00226,0.01255,0.98519
12759858,2,2,0.00171,0.00786,0.99042
9936460,0,0,0.96788,0.02923,0.00289
23361728,2,2,0.0018,0.0045,0.9937
39578195,2,2,0.00113,0.00568,0.99319
30643963,2,2,0.00582,0.06079,0.9334
5711358,2,2,0.00216,0.02503,0.97281
34353907,2,2,0.00188,0.00856,0.98956
9089501,2,2,0.02689,0.25211,0.721
17530492,2,1,0.04331,0.62653,0.33016
13812149,2,2,0.00111,0.00502,0.99387
14179591,2,2,0.00133,0.00843,0.99023
40862675,2,2,0.00472,0.03872,0.95657
30259831,2,2,0.01362,0.04626,0.94012
20608881,2,2,0.01215,0.03729,0.95055
23193341,2,2,0.00367,0.01086,0.98547
23461233,2,2,0.00106,0.00912,0.98983
17879269,1,0,0.96102,0.03688,0.0021
15959791,2,2,0.02027,0.06231,0.91742
14032820,2,2,0.0062,0.1689,0.8249
8562312,2,2,0.0026,0.01079,0.98661
41571243,0,0,0.98865,0.00882,0.00253
9093951,0,0,0.94451,0.05308,0.00242
13335798,2,2,0.00223,0.01105,0.98673
25906539,0,0,0.99014,0.00877,0.00109
17627838,2,0,0.4914,0.31083,0.19777
8368992,2,1,0.2357,0.46515,0.29915
2291170,2,2,0.00295,0.00924,0.98781
24263185,2,2,0.00518,0.02295,0.97187
7681650,0,0,0.98954,0.00951,0.00095
33383544,2,2,0.00317,0.01725,0.97958
4337360,2,1,0.41848,0.5458,0.03572
20531059,2,2,0.00237,0.01148,0.98615
13843695,2,2,0.00554,0.09088,0.90358
2905670,1,2,0.00393,0.04844,0.94763
28718812,0,0,0.96922,0.02908,0.0017
16319741,2,2,0.0041,0.02451,0.97139
40336123,2,2,0.00172,0.00638,0.99191
10997168,2,2,0.00143,0.00453,0.99404
35982950,2,2,0.02865,0.24947,0.72187
26386063,1,1,0.08582,0.75303,0.16115
18431042,2,2,0.00167,0.00546,0.99287
36952514,2,0,0.60843,0.17229,0.21928
33186370,2,2,0.02987,0.0836,0.88654
11888324,2,2,0.00534,0.05334,0.94132
26685535,2,2,0.0013,0.00658,0.99212
22427971,2,2,0.00273,0.01038,0.98689
5927860,2,2,0.00161,0.00984,0.98855
27850556,0,0,0.96877,0.02847,0.00276
14874449,2,2,0.01054,0.04825,0.94121
31105041,2,2,0.00255,0.01668,0.98077
22222920,2,2,0.0017,0.01437,0.98393
19899176,2,2,0.00173,0.01564,0.98264
26968669,2,2,0.01814,0.13481,0.84705
15247368,0,0,0.98981,0.0075,0.00269
22935405,0,0,0.88725,0.10722,0.00553
32570564,2,2,0.02369,0.16062,0.81569
15070776,2,1,0.07713,0.81324,0.10963
31279547,2,2,0.00663,0.00942,0.98395
11052549,2,2,0.00116,0.00857,0.99027
23408782,0,0,0.86841,0.11035,0.02124
3623020,2,2,0.00286,0.02559,0.97155
19052892,2,2,0.00161,0.00856,0.98983
16437247,0,0,0.97467,0.02356,0.00177
3024467,2,2,0.00373,0.02508,0.97119
26804610,0,0,0.95065,0.04752,0.00184
38252587,2,2,0.09484,0.09228,0.81289
12006614,2,2,0.00576,0.04069,0.95355
20776331,2,2,0.00117,0.01172,0.98711
16700696,2,2,0.00155,0.01176,0.98669
34256928,2,2,0.00167,0.01558,0.98275
12195778,2,2,0.01052,0.08564,0.90384
20404425,0,0,0.69045,0.30164,0.00791
29885722,2,2,0.00228,0.02005,0.97767
764143,2,2,0.00318,0.0122,0.98461
23329262,2,2,0.01733,0.03668,0.94599
5352885,2,1,0.06148,0.64061,0.29791
3509311,2,2,0.00712,0.10319,0.88969
23974029,2,2,0.00315,0.03874,0.95811
30437440,2,2,0.00157,0.01471,0.98372
10661435,2,2,0.01015,0.07585,0.914
16734533,2,2,0.07753,0.43244,0.49002
7998185,2,2,0.00288,0.01713,0.97999
25258603,2,2,0.00174,0.00705,0.9912
9091181,1,2,0.01803,0.31587,0.6661
31119146,2,2,0.00169,0.00648,0.99183
7115425,2,2,0.03674,0.44408,0.51918
12012832,2,2,0.0051,0.02321,0.97169
10994289,2,2,0.01478,0.347,0.63823
10913293,2,2,0.00761,0.02645,0.96594
23530528,0,0,0.98154,0.01722,0.00124
18363691,2,2,0.01099,0.18158,0.80743
13742101,2,2,0.0014,0.00609,0.99251
39580595,2,2,0.00171,0.01004,0.98825
6476781,2,2,0.00418,0.01897,0.97684
4772561,0,0,0.97615,0.02256,0.0013
26526719,0,2,0.10715,0.1403,0.75255
14703064,2,1,0.0696,0.4888,0.4416
32948209,0,0,0.93766,0.05994,0.0024
6719862,2,2,0.0041,0.02341,0.97249
25363370,2,2,0.00176,0.00996,0.98828
31397352,2,2,0.00259,0.01475,0.98266
18251697,0,0,0.97526,0.02337,0.00138
6317415,2,2,0.0018,0.00633,0.99187
36787238,0,0,0.99113,0.0076,0.00127
36869566,2,2,0.00264,0.01166,0.9857
31409631,0,0,0.97862,0.02044,0.00094
28235008,0,0,0.82081,0.17272,0.00647
23010547,2,2,0.01768,0.1238,0.85852
2232116,2,2,0.00142,0.00614,0.99244
12592427,2,2,0.03059,0.25115,0.71826
17763206,2,2,0.00158,0.01346,0.98496
24992121,0,1,0.03245,0.87037,0.09718
26318369,2,2,0.00355,0.02796,0.96849
21376729,2,2,0.00177,0.00525,0.99298
36396757,2,1,0.26683,0.39978,0.33338
23895812,0,0,0.95593,0.04073,0.00334
15960848,2,2,0.00252,0.01184,0.98564
27010361,2,2,0.00576,0.04016,0.95408
13563311,2,2,0.016,0.49008,0.49392
37055648,2,2,0.00265,0.02257,0.97478
33842496,2,2,0.00109,0.00757,0.99134
35725959,2,2,0.00268,0.01289,0.98443
34539297,2,2,0.01939,0.06819,0.91242
30328564,0,0,0.95444,0.04327,0.00229
8849902,2,2,0.00878,0.06757,0.92366
36916915,2,2,0.00987,0.12856,0.86156
35014952,2,2,0.00573,0.11629,0.87797
7067303,2,2,0.00675,0.02239,0.97086
7069715,0,0,0.97202,0.0252,0.00277
30239204,0,0,0.65097,0.33248,0.01655
34826045,2,2,0.00122,0.00834,0.99045
5327795,2,1,0.04352,0.84732,0.10915
36479164,2,2,0.00453,0.06169,0.93377
33681030,2,2,0.33068,0.13257,0.53675
39209530,0,0,0.83188,0.16317,0.00495
36461390,1,0,0.57547,0.40807,0.01645
35124565,2,2,0.00134,0.00717,0.9915
13868079,2,2,0.01537,0.23219,0.75244
517780,2,1,0.01509,0.67228,0.31264
34488033,2,2,0.00356,0.02406,0.97238
10786314,2,2,0.00114,0.01081,0.98805
40853422,0,0,0.98775,0.01102,0.00123
24581032,1,0,0.80999,0.17933,0.01069
38980942,0,2,0.09525,0.33702,0.56773
15523328,2,0,0.9303,0.06819,0.00151
14488454,2,2,0.0065,0.0289,0.9646
23096226,2,2,0.00243,0.01545,0.98212
29159475,2,2,0.00544,0.05059,0.94397
4378980,2,2,0.01125,0.18798,0.80077
36251302,2,2,0.00794,0.06038,0.93168
31295013,2,2,0.06367,0.15461,0.78172
4687465,2,2,0.03406,0.14067,0.82527
31869859,0,1,0.43019,0.55671,0.01309
6312037,2,2,0.00202,0.01325,0.98473
5420697,2,2,0.0097,0.03167,0.95863
13443727,0,0,0.95164,0.04637,0.00199
6777090,0,0,0.67446,0.30879,0.01675
10678769,2,2,0.00846,0.02906,0.96248
15744811,2,0,0.98655,0.01218,0.00127
11735144,2,2,0.00331,0.05076,0.94593
37539934,0,0,0.85865,0.12394,0.01741
668730,2,2,0.00139,0.01341,0.9852
40779458,2,1,0.05129,0.80861,0.1401
6688615,2,2,0.00523,0.02818,0.96659
26140392,2,2,0.24699,0.27763,0.47538
20208352,2,1,0.0464,0.89987,0.05373
32492117,2,1,0.03847,0.63562,0.32591
31387426,2,1,0.08395,0.63258,0.28346
8488364,2,2,0.00144,0.01222,0.98634
17380406,2,2,0.00456,0.06998,0.92545
14140342,2,2,0.00187,0.01404,0.98409
38777847,1,2,0.02828,0.24239,0.72933
3707145,2,2,0.00595,0.16461,0.82944
21100093,0,0,0.96953,0.02917,0.00131
3188377,2,2,0.0019,0.01425,0.98385
20147658,2,2,0.00142,0.01019,0.98839
17093604,2,2,0.00263,0.0158,0.98157
1570089,2,2,0.0696,0.41811,0.51228
3438509,2,2,0.00206,0.02732,0.97062
26366325,2,2,0.0027,0.02028,0.97702
38335303,2,2,0.00137,0.01004,0.98859
9888666,0,2,0.01406,0.05968,0.92626
12450692,2,2,0.00489,0.0194,0.97572
35187395,2,2,0.00179,0.01251,0.98571
4411982,2,2,0.00365,0.04456,0.95179
17177886,2,2,0.00163,0.00947,0.9889
10260258,1,1,0.31715,0.66618,0.01668
20086798,2,2,0.00596,0.03717,0.95686
39929130,2,2,0.00453,0.03214,0.96333
9803212,0,1,0.19666,0.78084,0.0225
20482838,2,1,0.05347,0.89028,0.05625
39254954,2,1,0.24833,0.71858,0.03309
13664083,2,2,0.00332,0.01732,0.97936
3050495,2,2,0.00122,0.00775,0.99104
31494724,0,0,0.99227,0.00653,0.0012
34156487,2,2,0.00136,0.00663,0.99201
17886276,2,2,0.00142,0.00824,0.99034
40409171,2,2,0.00213,0.00925,0.98862
34718292,0,0,0.98623,0.01189,0.00187
10510589,2,2,0.00136,0.00775,0.9909
17621236,2,2,0.00299,0.01211,0.9849
28467399,2,2,0.05788,0.16763,0.77448
7873568,2,1,0.04899,0.73696,0.21405
23594084,2,2,0.00338,0.01364,0.98297
38585118,2,2,0.00162,0.0165,0.98188
32023537,2,2,0.0012,0.0069,0.99191
23661934,2,2,0.00278,0.02206,0.97516
37717574,2,2,0.00756,0.03296,0.95948
1441913,0,0,0.99233,0.00614,0.00154
22608489,2,1,0.09829,0.51902,0.3827
9250070,2,2,0.00588,0.03601,0.95811
38760136,2,2,0.00425,0.04977,0.94598
29135173,2,1,0.03418,0.88835,0.07747
4093809,2,2,0.00342,0.01718,0.97939
22294784,2,2,0.00917,0.03379,0.95705
33826950,2,2,0.002,0.00904,0.98896
19923090,2,2,0.0046,0.03337,0.96203
15390333,2,2,0.05502,0.443,0.50198
34908881,1,0,0.52763,0.46201,0.01037
9442296,0,0,0.89899,0.09814,0.00286
16935300,2,2,0.00106,0.0059,0.99304
39227398,2,2,0.00161,0.00762,0.99077
17153056,2,2,0.00196,0.01198,0.98605
22845755,0,0,0.97268,0.02588,0.00144
23705096,2,2,0.0013,0.00581,0.99289
23671751,2,2,0.01524,0.30022,0.68454
32355163,2,2,0.00211,0.01656,0.98133
41578184,2,0,0.79972,0.15481,0.04547
31542152,2,2,0.00842,0.13319,0.85839
22537048,0,0,0.87414,0.11853,0.00733
25524609,2,2,0.00286,0.00991,0.98723
24819693,2,0,0.81752,0.16739,0.01509
21760763,2,1,0.14097,0.80964,0.04939
18954179,0,0,0.95329,0.04472,0.00199
39239516,2,2,0.00642,0.07053,0.92305
6885144,2,1,0.05521,0.84364,0.10115
37321560,2,2,0.00113,0.00595,0.99292
39546227,2,2,0.00142,0.00837,0.99021
26630454,0,0,0.95745,0.04036,0.00219
10192260,2,2,0.00179,0.00856,0.98964
15727629,2,2,0.00221,0.01802,0.97977
4904084,2,2,0.00174,0.00705,0.9912
28953014,2,2,0.00311,0.03631,0.96058
7473631,2,2,0.00302,0.0168,0.98018
20707493,2,2,0.00114,0.0069,0.99196
26353101,2,2,0.00913,0.02983,0.96104
20530556,2,2,0.00341,0.00612,0.99047
38296526,2,2,0.00314,0.0096,0.98725
9762137,0,0,0.98922,0.00977,0.00101
15937330,2,2,0.0024,0.01366,0.98394
9840125,2,2,0.00348,0.01705,0.97947
22609439,2,2,0.00125,0.01242,0.98634
34562859,2,1,0.27727,0.65739,0.06534
5570207,2,1,0.05195,0.82864,0.11941
3649840,2,2,0.00241,0.01122,0.98638
15734211,2,2,0.00161,0.00638,0.99201
21949266,2,2,0.004,0.09037,0.90563
35380518,2,2,0.03849,0.09233,0.86918
15193963,0,1,0.11646,0.69011,0.19342
1209543,2,1,0.07413,0.73417,0.19171
23234328,2,2,0.00491,0.02995,0.96514
24747787,2,2,0.00237,0.01274,0.98489
17781490,2,2,0.00126,0.00595,0.99279
14221445,2,1,0.11873,0.75188,0.12939
34568926,2,2,0.00174,0.00954,0.98872
14383726,2,2,0.00147,0.00568,0.99285
38155163,2,2,0.00136,0.00638,0.99226
9457075,2,2,0.00336,0.03457,0.96207
5429274,2,2,0.00245,0.01063,0.98693
13731057,2,2,0.00417,0.02186,0.97397
26545535,2,2,0.00372,0.02646,0.96982
8456781,2,2,0.00557,0.05709,0.93733
2279808,2,2,0.01656,0.12715,0.85628
5188898,0,0,0.96017,0.0378,0.00204
36315075,0,2,0.00875,0.09921,0.89205
28371266,0,0,0.98061,0.01859,0.0008
21716840,2,2,0.00849,0.09785,0.89366
15851070,0,0,0.98353,0.01488,0.0016
18434788,2,2,0.00215,0.02978,0.96807
21945843,2,2,0.02549,0.0401,0.9344
19190924,2,2,0.01157,0.12489,0.86354
6086739,2,2,0.00245,0.02332,0.97423
37707326,2,2,0.00352,0.03535,0.96113
4075913,2,2,0.00183,0.0203,0.97788
28829665,2,2,0.00364,0.06418,0.93218
39333010,2,2,0.00199,0.01265,0.98536
34833990,2,2,0.00264,0.0113,0.98606
24495315,2,2,0.00239,0.03239,0.96522
16092648,2,2,0.00109,0.00948,0.98944
40584692,2,2,0.00168,0.00965,0.98866
14900624,2,2,0.0039,0.01155,0.98455
3228958,2,2,0.00229,0.01498,0.98273
13235091,2,2,0.00269,0.02318,0.97413
15332008,2,1,0.04877,0.48119,0.47004
29944872,2,0,0.61207,0.24198,0.14595
4560448,2,2,0.00292,0.03639,0.9607
16445659,2,2,0.00329,0.02607,0.97064
16818916,2,2,0.00211,0.01675,0.98114
12985729,2,2,0.00747,0.05861,0.93392
2879732,2,2,0.02042,0.14442,0.83516
22278871,2,2,0.00236,0.01382,0.98382
12738856,2,2,0.00216,0.01084,0.987
4378966,2,2,0.00425,0.06435,0.9314
29874311,2,2,0.00151,0.01097,0.98752
16598206,2,2,0.00426,0.01627,0.97947
33474742,1,1,0.07023,0.83581,0.09396
36146745,2,2,0.0228,0.0736,0.90361
11968915,2,1,0.06189,0.55598,0.38212
34950421,2,2,0.00185,0.01127,0.98689
28885071,2,2,0.01277,0.03418,0.95305
36032154,0,1,0.03547,0.59059,0.37394
15348779,2,2,0.00159,0.00618,0.99223
37333181,2,2,0.02488,0.38167,0.59345
23934178,2,2,0.02017,0.29067,0.68916
4561366,2,2,0.00498,0.03041,0.96461
34361641,2,2,0.00186,0.0188,0.97934
25972473,2,2,0.00254,0.01879,0.97867
36718605,2,2,0.00392,0.02245,0.97363
39203775,2,2,0.00141,0.01346,0.98513
17156586,2,2,0.00555,0.0157,0.97875
36525181,2,2,0.00493,0.02653,0.96855
12568020,2,2,0.00127,0.00739,0.99133
9246719,2,2,0.00652,0.0402,0.95327
10275567,2,2,0.01104,0.23882,0.75014
8805632,2,2,0.00268,0.01279,0.98453
12229664,2,2,0.00249,0.0224,0.97511
25995269,2,1,0.11591,0.73541,0.14868
9323908,2,2,0.04227,0.27561,0.68213
9231778,0,1,0.02633,0.83214,0.14153
10197800,2,2,0.03243,0.44419,0.52338
4087006,0,0,0.93082,0.05365,0.01552
31515978,0,0,0.95554,0.04306,0.00139
13237289,2,2,0.06728,0.08707,0.84565
25842755,2,2,0.00275,0.03303,0.96422
38863749,2,2,0.01807,0.17685,0.80508
18928721,2,2,0.00166,0.01063,0.98771
35385504,2,2,0.00216,0.01101,0.98684
34251231,2,2,0.002,0.00869,0.9893
20723188,2,2,0.00366,0.01258,0.98376
25592272,0,0,0.99007,0.00873,0.0012
5136373,2,2,0.00658,0.17104,0.82238
31020846,2,2,0.00406,0.01876,0.97719
26050106,2,2,0.00223,0.01148,0.98629
19670176,2,2,0.00125,0.01172,0.98703
18164643,0,0,0.95221,0.04622,0.00157
40308926,2,2,0.00219,0.01079,0.98701
35843860,2,2,0.00364,0.03297,0.96339
20361798,2,2,0.00271,0.03262,0.96467
12879926,2,2,0.01471,0.12386,0.86143
14116313,1,2,0.22515,0.37797,0.39688
26968160,1,0,0.60775,0.3833,0.00894
32890272,2,2,0.00152,0.00633,0.99216
28540807,2,2,0.00318,0.04463,0.95219
29987995,2,2,0.00232,0.04629,0.95139
38974602,2,1,0.29495,0.68045,0.02459
10629222,2,1,0.03076,0.52429,0.44496
16132403,2,2,0.00283,0.05225,0.94492
19335792,0,0,0.94806,0.04775,0.00419
20463951,2,2,0.00422,0.02517,0.97061
26570281,0,1,0.31332,0.67902,0.00766
26604410,0,0,0.96968,0.02791,0.0024
28629358,2,2,0.01993,0.40663,0.57344
40973497,2,2,0.00176,0.01043,0.98781
38020317,0,0,0.97683,0.02067,0.0025
6038689,2,2,0.00357,0.02073,0.9757
28345898,2,2,0.00151,0.00933,0.98916
6748782,2,0,0.79265,0.16049,0.04686
28085737,2,2,0.0023,0.00896,0.98873
14497198,0,0,0.67871,0.31074,0.01055
17176440,1,0,0.92486,0.07329,0.00184
21552597,2,2,0.08333,0.1563,0.76037
11732157,0,0,0.94815,0.04923,0.00262
17777905,2,2,0.0011,0.0104,0.9885
7562,2,1,0.09401,0.48303,0.42296
31803706,2,2,0.00197,0.00762,0.99041
4525527,2,2,0.00298,0.01574,0.98128
2720122,0,0,0.95841,0.03999,0.00161
5427760,2,1,0.15074,0.71983,0.12944
32860921,0,1,0.02934,0.77476,0.19589
39056191,2,1,0.02178,0.59806,0.38015
26569460,2,2,0.00188,0.00653,0.99159
37262765,2,2,0.0018,0.00554,0.99265
33954937,2,2,0.00268,0.01148,0.98584
11459708,2,2,0.00175,0.00517,0.99308
30515013,2,2,0.00177,0.00751,0.99073
29030517,2,2,0.00422,0.01146,0.98432
40856840,0,0,0.98589,0.01326,0.00084
9810294,2,2,0.00321,0.01849,0.9783
2989278,0,0,0.94369,0.05295,0.00335
14113957,2,2,0.00758,0.04501,0.94741
39429401,2,2,0.01179,0.13523,0.85298
36502411,2,2,0.00145,0.01689,0.98166
8052947,0,0,0.8972,0.09605,0.00674
10176537,2,2,0.00264,0.01104,0.98631
8001294,2,2,0.00456,0.02594,0.9695
8526155,2,2,0.00261,0.02327,0.97412
29727757,2,2,0.0013,0.01966,0.97905
24184864,2,2,0.00399,0.04948,0.94653
7736667,2,2,0.0016,0.01114,0.98725
40274799,2,2,0.00255,0.01498,0.98247
18942180,2,2,0.01344,0.05143,0.93512
17852475,2,2,0.00422,0.02517,0.97061
12151441,2,2,0.00741,0.2251,0.76749
22521686,2,2,0.00127,0.00751,0.99122
3943584,2,2,0.00589,0.06408,0.93004
16904073,2,2,0.00122,0.00844,0.99035
16943691,2,2,0.00142,0.0108,0.98778
1316267,1,1,0.22905,0.7365,0.03445
2730824,2,2,0.00669,0.03141,0.96191
7365344,2,1,0.0501,0.79298,0.15691
637821,2,2,0.00178,0.01522,0.983
11749686,2,2,0.0022,0.02084,0.97696
32330395,2,2,0.00117,0.01218,0.98665
14090012,2,2,0.00619,0.14374,0.85007
4644860,2,2,0.00703,0.01344,0.97954
14478533,2,1,0.04798,0.85041,0.10162
632315,0,0,0.96261,0.03538,0.00201
17839293,1,1,0.04427,0.75461,0.20113
25644560,2,2,0.00252,0.01175,0.98573
31876552,0,0,0.84467,0.15203,0.00329
5123669,2,2,0.00868,0.21023,0.78109
26170120,0,0,0.99116,0.00739,0.00144
8520193,2,2,0.00667,0.034,0.95933
16666740,2,2,0.00177,0.0089,0.98933
31273598,0,0,0.92796,0.06389,0.00815
24736217,2,2,0.00132,0.00614,0.99255
26699152,2,2,0.00135,0.00908,0.98957
4313966,2,2,0.02908,0.08029,0.89063
35940546,0,0,0.6797,0.31363,0.00666
16300053,2,2,0.00146,0.01093,0.98761
28235921,0,0,0.98021,0.01876,0.00103
37478008,2,2,0.00264,0.01381,0.98355
18043981,2,2,0.00253,0.00792,0.98955
1436859,0,0,0.93343,0.06414,0.00242
23833409,2,2,0.00339,0.05746,0.93916
35827094,2,2,0.03035,0.13657,0.83308
29526199,2,2,0.0017,0.0151,0.98319
8854827,2,2,0.00118,0.0106,0.98823
16686865,2,2,0.02109,0.24133,0.73758
36625237,2,2,0.00118,0.0053,0.99352
32587442,2,2,0.00195,0.00581,0.99225
6832853,1,1,0.02573,0.58109,0.39318
17158315,2,2,0.00924,0.0485,0.94227
11961167,2,2,0.00125,0.0085,0.99025
21289706,2,2,0.0029,0.01087,0.98623
2583713,0,0,0.95764,0.03839,0.00398
12028414,2,2,0.00591,0.03084,0.96325
16820051,0,0,0.92129,0.07489,0.00382
32402947,2,0,0.52526,0.09641,0.37833
14422729,2,2,0.00319,0.01087,0.98594
39936898,2,0,0.54911,0.35731,0.09358
6784715,2,2,0.00525,0.0398,0.95495
11236914,2,2,0.25133,0.33952,0.40915
26843078,2,2,0.00183,0.00705,0.99112
1345129,2,2,0.00216,0.00823,0.9896
8609860,2,2,0.01785,0.30187,0.68028
34122975,2,2,0.00283,0.01936,0.9778
10135062,2,1,0.0319,0.79121,0.17689
3840132,0,0,0.96671,0.03198,0.0013
2903089,2,1,0.35361,0.51451,0.13188
28894100,2,2,0.00146,0.00883,0.9897
13525813,2,2,0.00129,0.00992,0.98878
31442975,1,1,0.32888,0.64391,0.02721
4537243,2,2,0.00417,0.03668,0.95914
15464783,2,2,0.00241,0.02639,0.9712
12916807,2,2,0.00193,0.02774,0.97033
6102572,2,1,0.12353,0.82143,0.05503
5781049,2,2,0.00216,0.01071,0.98713
35720965,2,0,0.93132,0.05327,0.01541
23566083,0,0,0.75568,0.23778,0.00654
34037368,2,2,0.00223,0.00774,0.99003
8462908,2,2,0.00264,0.0113,0.98606
27784366,2,2,0.00252,0.01139,0.98609
8856403,1,2,0.00905,0.05321,0.93774
3877937,2,2,0.00259,0.01475,0.98266
11741402,2,2,0.00645,0.05132,0.94223
15812776,2,2,0.01501,0.04146,0.94353
12191558,1,1,0.12491,0.86029,0.0148
6504408,0,0,0.93649,0.05335,0.01016
4356710,2,2,0.00633,0.0388,0.95486
17517355,0,0,0.90747,0.08915,0.00338
24276641,1,1,0.42631,0.56477,0.00892
24962181,2,1,0.04645,0.49167,0.46188
20643653,2,2,0.02288,0.0842,0.89292
33242533,0,0,0.82029,0.15293,0.02678
4065467,2,2,0.00195,0.01682,0.98123
6635649,2,1,0.2596,0.72523,0.01517
26791809,0,0,0.99103,0.00818,0.00079
7043323,2,2,0.00136,0.00751,0.99113
28203393,0,0,0.99019,0.00867,0.00114
6150043,2,2,0.01252,0.14988,0.8376
30184910,2,2,0.02162,0.1349,0.84348
17423422,0,0,0.9706,0.02735,0.00206
17228334,2,2,0.00133,0.00873,0.98993
37014326,2,2,0.024,0.42544,0.55056
40565492,0,1,0.43181,0.5374,0.0308
10814815,1,0,0.52054,0.46298,0.01647
749485,2,2,0.00142,0.00933,0.98925
17869772,1,2,0.00864,0.13727,0.8541
3693300,1,0,0.7031,0.28631,0.01059
32615127,0,0,0.97629,0.02252,0.0012
17417883,2,2,0.04152,0.2451,0.71338
22265310,2,2,0.00098,0.00572,0.9933
27675778,2,1,0.18894,0.42413,0.38693
24615900,1,0,0.71915,0.2751,0.00575
12649824,2,1,0.42157,0.54131,0.03713
27545160,2,2,0.00261,0.00647,0.99091
10909027,1,1,0.09796,0.84457,0.05747
37049963,0,0,0.98938,0.00936,0.00125
25056475,0,1,0.10427,0.69336,0.20237
39137192,0,0,0.87619,0.12139,0.00242
5534183,2,2,0.00746,0.15699,0.83555
41056375,2,2,0.00313,0.01359,0.98328
27016820,0,1,0.12553,0.83794,0.03653
1702314,2,2,0.00333,0.0428,0.95387
25758753,2,1,0.08337,0.65578,0.26085
14509054,2,1,0.45114,0.4878,0.06106
38436149,0,0,0.8124,0.18269,0.00491
34245299,0,0,0.83529,0.15451,0.01019
31796453,0,0,0.97805,0.02094,0.00101
27881382,0,1,0.05627,0.77376,0.16997
20099013,2,2,0.00233,0.01157,0.9861
27825842,2,2,0.00151,0.02393,0.97456
8939296,2,2,0.00349,0.04366,0.95285
10552660,1,1,0.14704,0.82815,0.02481
7164074,2,2,0.00383,0.04348,0.95268
30995007,2,2,0.00804,0.13234,0.85962
18993049,2,2,0.00755,0.03359,0.95886
29504034,0,0,0.94258,0.05391,0.00351
17786623,2,2,0.01647,0.09138,0.89215
1593592,2,2,0.00527,0.02167,0.97307
23336269,0,0,0.98973,0.00894,0.00133
18069206,0,1,0.36657,0.56998,0.06345
19784906,0,0,0.94092,0.05563,0.00345
26159510,2,2,0.00336,0.01928,0.97736
37298102,0,0,0.63647,0.25591,0.10762
32611197,2,2,0.0014,0.01977,0.97883
30438351,2,2,0.00277,0.0103,0.98693
39087697,2,2,0.00219,0.01088,0.98693
29053399,0,2,0.33037,0.2796,0.39003
753774,2,2,0.00127,0.00799,0.99074
24588992,2,2,0.00841,0.04908,0.94251
37671506,2,2,0.00177,0.00904,0.98919
27569809,2,2,0.00206,0.01212,0.98582
2894183,2,2,0.00562,0.09332,0.90107
23626798,2,2,0.0023,0.01079,0.98691
861571,2,2,0.00356,0.02406,0.97238
39774079,2,2,0.00122,0.00847,0.99032
12794890,2,2,0.00274,0.03765,0.95962
27811078,2,2,0.00147,0.00751,0.99103
1009364,0,0,0.85098,0.14166,0.00736
11193947,2,2,0.00285,0.01413,0.98302
9374520,2,2,0.00212,0.01274,0.98513
14131337,2,2,0.00188,0.00722,0.9909
22511436,2,2,0.0026,0.01113,0.98627
9008823,2,2,0.00326,0.00442,0.99232
13674336,2,2,0.00775,0.12431,0.86794
39846999,2,2,0.01152,0.08009,0.90838
7540942,2,1,0.03368,0.52271,0.44362
7193481,2,2,0.0012,0.00933,0.98948
18708016,2,2,0.00257,0.02164,0.97578
21591395,1,1,0.0256,0.66013,0.31427
16090151,2,2,0.00343,0.03,0.96657
22479453,0,0,0.53705,0.42154,0.04141
10120116,0,0,0.86168,0.13214,0.00618
10258774,0,0,0.8515,0.14286,0.00565
19744451,2,2,0.00186,0.02018,0.97796
25551248,0,0,0.98808,0.01085,0.00107
34233329,2,2,0.00107,0.00623,0.99269
40513620,2,2,0.00131,0.00781,0.99088
19289846,0,0,0.98718,0.01163,0.00119
18596318,2,2,0.00949,0.04467,0.94584
1513542,2,2,0.00168,0.01039,0.98793
29767275,2,2,0.00495,0.03728,0.95777
34339680,2,2,0.00101,0.00828,0.99072
32405421,2,2,0.0017,0.02831,0.96999
1114187,2,2,0.00155,0.01194,0.9865
34059136,2,2,0.00648,0.01642,0.9771
39791161,2,2,0.0023,0.00798,0.98971
7408716,2,2,0.0024,0.01486,0.98274
15294094,2,2,0.00249,0.00984,0.98768
13296836,2,2,0.00149,0.00509,0.99341
2725272,2,0,0.46292,0.22385,0.31323
16428095,2,2,0.01492,0.06231,0.92278
22170207,2,2,0.0017,0.01782,0.98048
6162614,2,2,0.00299,0.02846,0.96855
24205697,2,2,0.00417,0.0371,0.95873
26966822,1,1,0.1043,0.87415,0.02154
6335559,2,2,0.0048,0.06598,0.92922
11040527,2,2,0.00106,0.0049,0.99404
37671010,2,2,0.00645,0.02148,0.97208
12366265,2,2,0.00433,0.01652,0.97915
11139147,2,2,0.02582,0.05684,0.91734
12384595,2,1,0.02033,0.62761,0.35206
24043291,2,2,0.0048,0.06625,0.92895
9654491,2,2,0.0023,0.01113,0.98657
27794218,2,2,0.2254,0.26963,0.50497
18574677,2,2,0.00237,0.00984,0.98779
16800287,2,2,0.00427,0.03003,0.9657
38019927,0,2,0.12947,0.20269,0.66784
30431633,2,2,0.00234,0.02323,0.97443
18134489,0,0,0.9252,0.07332,0.00148
6975456,2,2,0.01069,0.01174,0.97757
30920340,2,2,0.00321,0.01821,0.97858
6486403,2,2,0.00891,0.3368,0.65429
26880005,0,0,0.86579,0.10411,0.03009
38176,2,2,0.00183,0.03469,0.96348
37892814,2,1,0.38673,0.46648,0.14679
7891973,2,2,0.00182,0.0108,0.98738
37030773,2,2,0.0014,0.00534,0.99326
41175355,0,0,0.82164,0.16434,0.01403
9253537,2,2,0.00387,0.01805,0.97807
24195614,0,1,0.09383,0.85445,0.05172
26933917,2,2,0.00458,0.05209,0.94333
26572212,2,2,0.0025,0.02115,0.97635
28404821,0,1,0.12318,0.7808,0.09603
41597941,2,2,0.01381,0.07652,0.90967
27398495,2,2,0.00339,0.04132,0.95529
11587263,2,2,0.00179,0.00918,0.98903
13706066,0,0,0.99259,0.00609,0.00132
9123261,2,2,0.00405,0.02128,0.97467
38775013,2,2,0.00866,0.02126,0.97008
32527031,0,0,0.96478,0.03396,0.00126
36639976,2,2,0.00234,0.00876,0.9889
36341705,2,1,0.07311,0.9127,0.01419
27041942,2,2,0.00245,0.01007,0.98749
40561314,2,2,0.00177,0.02125,0.97698
28287861,2,2,0.00115,0.00436,0.99449
33011252,0,0,0.95586,0.04059,0.00356
24480026,2,1,0.04168,0.73301,0.22531
7209576,2,2,0.00245,0.00961,0.98794
9216945,2,2,0.00396,0.02737,0.96867
9093877,2,2,0.00308,0.01375,0.98317
15995479,2,2,0.00462,0.01337,0.98201
33665248,2,2,0.00298,0.01706,0.97996
17222936,2,2,0.00282,0.00953,0.98765
19656608,2,2,0.00154,0.01924,0.97922
12284713,0,0,0.92147,0.05239,0.02614
36017212,2,2,0.00148,0.01285,0.98567
3923094,0,0,0.98172,0.01736,0.00092
3572462,2,2,0.0019,0.01464,0.98346
913751,2,0,0.53081,0.41664,0.05256
32786836,0,0,0.68991,0.26598,0.0441
24659232,0,0,0.9779,0.02076,0.00134
12220392,1,1,0.42788,0.56244,0.00968
14445485,2,2,0.00096,0.00624,0.9928
39923215,0,0,0.97136,0.02339,0.00526
39657783,2,2,0.00234,0.01007,0.9876
5807454,0,0,0.91391,0.08336,0.00273
25083510,2,2,0.01976,0.0574,0.92284
17932304,2,2,0.00136,0.00475,0.99389
34711897,2,2,0.00542,0.05446,0.94013
38454722,1,0,0.98095,0.01779,0.00126
9645584,2,2,0.00278,0.02231,0.97491
4924405,2,2,0.00245,0.00991,0.98764
14059048,2,2,0.00227,0.0083,0.98943
2338593,2,0,0.45337,0.4516,0.09503
12033945,2,2,0.21925,0.32467,0.45607
28610028,2,2,0.01015,0.06164,0.92821
36856033,0,0,0.78076,0.21096,0.00828
30959812,2,2,0.00166,0.0089,0.98944
18063048,0,0,0.99242,0.00572,0.00186
6699001,2,2,0.0105,0.11574,0.87377
21020974,0,0,0.79972,0.19445,0.00583
32410012,2,2,0.00161,0.00897,0.98942
8143046,2,2,0.00206,0.01055,0.98739
37617595,2,1,0.08765,0.87619,0.03616
9657130,2,2,0.0036,0.08663,0.90977
38466880,0,0,0.98885,0.01004,0.0011
3445335,1,0,0.81575,0.1157,0.06855
17867470,1,0,0.72094,0.26522,0.01384
18058573,0,0,0.99177,0.00731,0.00092
5922790,1,1,0.06095,0.76911,0.16994
22639628,2,2,0.00232,0.01872,0.97897
19079323,2,2,0.00316,0.01793,0.97891
39451544,2,2,0.00238,0.02258,0.97505
2568965,2,2,0.00936,0.05089,0.93976
24587177,2,2,0.0049,0.04577,0.94933
1299644,1,1,0.04457,0.86421,0.09122
38116512,0,0,0.88974,0.1071,0.00316
39763797,2,2,0.00163,0.01194,0.98643
40557976,2,2,0.01258,0.22733,0.76009
31996891,2,2,0.0012,0.00559,0.99321
23595809,2,2,0.00533,0.02602,0.96866
24822379,2,2,0.00301,0.02265,0.97435
37308913,2,2,0.02931,0.06605,0.90465
39723385,2,2,0.00902,0.09962,0.89137
28109867,2,2,0.00674,0.02317,0.97008
33706500,2,1,0.09613,0.82722,0.07664
14410539,0,0,0.93926,0.05735,0.00339
761283,2,2,0.00156,0.00711,0.99133
18312817,2,2,0.00773,0.0844,0.90786
10250966,0,0,0.60918,0.35952,0.03129
18275880,2,2,0.01939,0.06819,0.91242
3541087,1,1,0.09791,0.84503,0.05706
21976726,2,2,0.04007,0.13596,0.82397
26990089,0,0,0.99138,0.00769,0.00093
38491321,2,2,0.00366,0.02909,0.96725
40254002,0,0,0.99168,0.00638,0.00194
40081666,2,2,0.00427,0.04507,0.95066
5245904,2,2,0.00182,0.01194,0.98624
26403626,2,2,0.00289,0.01424,0.98287
34274443,2,2,0.00396,0.02605,0.96998
21224900,1,0,0.85999,0.13714,0.00287
34879471,2,2,0.00218,0.01481,0.98301
16802745,2,2,0.00282,0.02399,0.97319
21566506,2,2,0.00096,0.00793,0.99111
17486483,2,2,0.00169,0.00728,0.99103
7913003,0,0,0.72157,0.26963,0.0088
27571153,2,2,0.0024,0.01551,0.9821
38839034,2,2,0.00223,0.00798,0.98978
1675400,2,2,0.02053,0.44585,0.53362
26643703,2,2,0.01146,0.07833,0.91021
17851307,0,0,0.88339,0.10822,0.00839
21519555,2,2,0.02729,0.37531,0.5974
29972527,1,1,0.31589,0.66095,0.02315
14519248,2,2,0.0053,0.03075,0.96395
19693831,0,0,0.75763,0.2347,0.00766
31821914,2,2,0.00219,0.01377,0.98405
16498498,0,0,0.98823,0.0098,0.00197
23327734,0,0,0.99002,0.00905,0.00093
26648888,0,0,0.94005,0.05813,0.00181
27874877,2,2,0.00344,0.02877,0.96779
14691156,2,1,0.03324,0.91962,0.04715
35045767,2,2,0.00166,0.00965,0.98869
22222293,2,2,0.00259,0.01733,0.98008
5820747,2,2,0.02024,0.05633,0.92343
12038520,0,0,0.98809,0.01106,0.00085
10686904,2,2,0.00926,0.03156,0.95918
16264652,2,2,0.00399,0.02002,0.97599
36298958,2,2,0.00322,0.01706,0.97973
29415204,2,2,0.00134,0.0059,0.99276
17610025,2,2,0.00133,0.00867,0.99
13900187,1,0,0.8342,0.15371,0.01209
5839705,1,1,0.27927,0.68049,0.04023
18900719,0,0,0.56737,0.41509,0.01754
36340334,2,2,0.0051,0.0226,0.9723
36831177,2,2,0.00116,0.00745,0.99139
9678357,2,2,0.01708,0.23948,0.74344
14801043,0,0,0.97993,0.01855,0.00152
23534954,0,0,0.98537,0.01354,0.00108
25348821,2,2,0.00215,0.01382,0.98403
12118798,1,1,0.26553,0.72745,0.00702
15279723,2,2,0.01122,0.16427,0.82451
22204887,2,2,0.00209,0.0132,0.98472
39212535,2,2,0.00411,0.06489,0.931
34708765,2,2,0.00706,0.17712,0.81582
34528419,2,2,0.01007,0.03998,0.94995
24282255,2,2,0.00304,0.01022,0.98674
36683779,1,0,0.82394,0.16937,0.0067
25008885,0,0,0.92678,0.06191,0.01131
41223131,2,1,0.17943,0.78705,0.03352
4105744,2,2,0.01122,0.04724,0.94153
9430443,2,2,0.00309,0.05562,0.94128
18439778,2,2,0.00113,0.00638,0.99249
19589096,2,2,0.00348,0.07478,0.92174
20116156,0,0,0.83627,0.15961,0.00412
28168378,2,2,0.00126,0.00643,0.99231
27139455,0,0,0.98649,0.01232,0.00119
3012179,0,0,0.9773,0.02113,0.00156
14983270,2,2,0.02536,0.20384,0.77079
9448892,2,0,0.80874,0.18546,0.0058
24169970,2,2,0.00146,0.00944,0.9891
9447594,0,0,0.987,0.01145,0.00156
40810035,2,2,0.02007,0.22089,0.75904
2357610,0,1,0.27985,0.49986,0.2203
14924317,2,2,0.00328,0.02813,0.96859
16379523,2,2,0.00471,0.05367,0.94162
12602323,0,0,0.98456,0.01421,0.00123
8679022,2,2,0.00124,0.00717,0.9916
1256098,2,2,0.00108,0.00505,0.99387
13458209,2,2,0.00362,0.02307,0.97331
11763088,2,2,0.07588,0.11149,0.81263
6375300,2,2,0.00509,0.02573,0.96919
23044886,2,2,0.0012,0.00559,0.99321
36674062,0,0,0.98937,0.00883,0.00179
31961911,2,2,0.00268,0.01184,0.98548
20654629,0,1,0.31741,0.61421,0.06838
34375356,2,2,0.00199,0.0128,0.98521
26317040,2,2,0.00299,0.01112,0.98588
27368965,0,0,0.67388,0.31338,0.01273
8871460,2,2,0.00191,0.00939,0.9887
817458,0,0,0.99232,0.00609,0.00159
36795806,2,2,0.00203,0.00774,0.99023
34791677,0,0,0.98916,0.00933,0.00151
30384542,2,2,0.00238,0.02262,0.975
10102755,0,0,0.96485,0.0342,0.00095
22021269,2,2,0.00231,0.00705,0.99064
28504159,2,2,0.00166,0.00883,0.98951
23044434,2,2,0.00677,0.01959,0.97365
2581456,2,2,0.01034,0.11526,0.8744
722053,2,1,0.04635,0.84766,0.10599
39026558,2,2,0.00267,0.01521,0.98212
17558908,2,2,0.01691,0.05961,0.92347
33841461,1,1,0.39582,0.59419,0.00999
35908566,0,0,0.89121,0.10479,0.004
6158440,2,2,0.01091,0.05166,0.93743
21034446,2,2,0.00199,0.01447,0.98354
13067471,2,2,0.09132,0.21251,0.69617
22008927,2,2,0.00177,0.0078,0.99043
22653741,2,2,0.00256,0.02715,0.97029
16510456,2,1,0.22099,0.74179,0.03722
19531553,2,2,0.00209,0.01135,0.98656
40359053,2,2,0.00409,0.02508,0.97083
3255269,2,2,0.00175,0.01689,0.98136
34089010,0,1,0.42696,0.55687,0.01617
16919840,0,0,0.99172,0.00728,0.00099
22193950,0,0,0.94495,0.05341,0.00164
12685694,0,0,0.97721,0.02191,0.00088
40917942,2,2,0.01912,0.45601,0.52487
23430861,2,2,0.00674,0.03908,0.95418
16217338,2,2,0.01415,0.07553,0.91032
39968585,0,0,0.95455,0.0437,0.00176
25777518,2,2,0.00415,0.01267,0.98318
37447103,2,2,0.0282,0.12827,0.84353
10646144,2,1,0.05843,0.82257,0.119
30146881,2,2,0.00842,0.17239,0.8192
3206736,2,2,0.00216,0.00925,0.98859
16846351,2,1,0.12564,0.78025,0.0941
3378710,2,2,0.04307,0.13782,0.8191
39418559,2,2,0.00145,0.00509,0.99346
23645952,2,0,0.63705,0.35181,0.01113
36831980,2,2,0.00302,0.01921,0.97777
23789396,2,2,0.00299,0.0719,0.92511
22018573,2,2,0.00686,0.0223,0.97084
23433033,2,2,0.0022,0.00969,0.98812
9116304,2,2,0.00186,0.01728,0.98086
27130409,2,2,0.0041,0.02341,0.97249
2765537,2,2,0.00308,0.02803,0.96889
7571132,2,2,0.00284,0.01611,0.98105
25658427,2,2,0.07909,0.14059,0.78032
18918321,2,1,0.10143,0.83041,0.06816
8158249,2,2,0.01708,0.23948,0.74344
5909055,2,2,0.00259,0.01538,0.98202
8911650,2,2,0.00122,0.00831,0.99048
5774282,1,0,0.59188,0.39737,0.01076
8408783,2,2,0.00954,0.07617,0.91429
28679830,2,2,0.00659,0.03047,0.96294
1933010,2,2,0.00225,0.0151,0.98265
26805477,0,2,0.02562,0.03529,0.93909
1836716,0,1,0.43179,0.55443,0.01377
13340940,2,2,0.00964,0.08119,0.90918
3256042,2,2,0.00499,0.05966,0.93535
35669131,2,2,0.00759,0.04442,0.94799
15029087,2,2,0.00138,0.00695,0.99167
35816623,2,2,0.00195,0.01991,0.97814
7918784,1,1,0.01439,0.57481,0.4108
13752566,2,2,0.00168,0.01295,0.98537
15558401,2,2,0.00372,0.04154,0.95474
17585859,2,2,0.01714,0.23108,0.75178
21430659,0,0,0.91953,0.07607,0.00439
5698133,2,2,0.00154,0.0087,0.98977
5629313,2,2,0.00406,0.01724,0.9787
32096314,0,0,0.87463,0.11428,0.0111
26255886,2,2,0.01242,0.33561,0.65198
29039840,0,0,0.95131,0.04622,0.00247
35636690,0,0,0.93258,0.06384,0.00358
12144368,2,2,0.21132,0.1092,0.67948
22824804,2,2,0.00191,0.00805,0.99004
36639081,2,2,0.0029,0.02803,0.96907
29910221,2,2,0.00154,0.00751,0.99096
8128926,2,1,0.04268,0.88456,0.07275
11335212,2,2,0.00487,0.08215,0.91299
14959089,1,2,0.01223,0.16952,0.81825
13327114,2,2,0.00191,0.00876,0.98933
37992075,2,0,0.34738,0.34636,0.30626
32217689,2,2,0.20759,0.30263,0.48978
8861294,0,1,0.22938,0.73183,0.03879
18761781,0,0,0.9435,0.05233,0.00417
10365433,2,2,0.00248,0.01193,0.98559
20266955,2,2,0.0012,0.00706,0.99174
13945151,1,1,0.30654,0.68009,0.01336
24038284,2,2,0.04387,0.05417,0.90197
17819885,2,2,0.00507,0.07233,0.92259
11033576,2,2,0.00136,0.00658,0.99206
40696622,0,0,0.73545,0.25219,0.01236
4122004,2,2,0.00288,0.02027,0.97685
22419383,0,0,0.6574,0.33056,0.01204
4479017,2,2,0.00172,0.00684,0.99145
8123562,2,1,0.02707,0.83548,0.13746
34182803,0,0,0.87289,0.12429,0.00282
6176260,2,2,0.00831,0.117,0.87469
39301019,2,2,0.00819,0.0888,0.90301
21841344,2,2,0.01059,0.16092,0.82848
1088518,2,2,0.00161,0.00962,0.98877
10556420,0,0,0.96135,0.03699,0.00166
10146359,2,2,0.00205,0.01398,0.98397
18010805,2,2,0.00179,0.00856,0.98964
7063450,2,2,0.00298,0.01693,0.98009
31088725,2,2,0.00233,0.01079,0.98687
11748061,0,0,0.88034,0.11324,0.00641
21540284,2,2,0.00506,0.10377,0.89118
8437229,2,2,0.00161,0.01051,0.98788
33378693,0,0,0.99248,0.00563,0.00189
12240066,2,2,0.05239,0.14701,0.80059
39500728,2,1,0.29104,0.58107,0.12789
3933461,2,2,0.00154,0.01906,0.9794
13062210,0,0,0.98382,0.01485,0.00133
34921716,0,0,0.83005,0.16029,0.00966
9623602,2,2,0.00197,0.01015,0.98788
20019817,2,2,0.01561,0.02594,0.95844
7653014,2,2,0.01119,0.17923,0.80957
34926694,2,2,0.00917,0.04062,0.95021
36936792,0,0,0.71246,0.23633,0.05121
28603322,2,2,0.00218,0.01481,0.98301
31280016,2,2,0.00691,0.01397,0.97912
20637592,2,2,0.00216,0.01063,0.98721
37588696,1,1,0.24782,0.73984,0.01234
14565326,2,2,0.00112,0.00912,0.98976
30761174,2,1,0.03333,0.82031,0.14636
34123637,2,2,0.00213,0.00984,0.98803
18789498,2,2,0.00615,0.06667,0.92718
33209197,2,2,0.00183,0.00716,0.99101
8123045,2,2,0.0013,0.00359,0.99511
21154289,2,1,0.09778,0.62039,0.28183
29515777,2,2,0.00098,0.0053,0.99372
38566241,2,2,0.00333,0.0433,0.95337
33828118,2,2,0.00166,0.00918,0.98916
4412366,0,0,0.9231,0.07431,0.00259
16754463,2,2,0.00163,0.00856,0.9898
36216022,2,2,0.00157,0.01625,0.98218
17656812,2,2,0.00151,0.01035,0.98814
33313240,0,0,0.97283,0.02435,0.00282
484154,0,0,0.9805,0.01835,0.00115
10107379,2,2,0.00167,0.01522,0.9831
30342371,2,1,0.21158,0.76194,0.02648
470485,2,2,0.00226,0.01096,0.98678
27912551,0,0,0.48672,0.32998,0.1833
15941920,2,2,0.001,0.00521,0.99379
31558570,2,2,0.0012,0.00653,0.99227
24989942,2,1,0.04098,0.92544,0.03358
20232594,2,2,0.00314,0.0107,0.98616
33783225,1,1,0.28271,0.71074,0.00655
34043393,2,2,0.01358,0.0564,0.93002
25926339,2,1,0.1132,0.65655,0.23025
31037910,2,2,0.00936,0.07982,0.91082
5685850,2,2,0.01705,0.2636,0.71935
25082702,2,2,0.00256,0.01193,0.98551
38446533,2,1,0.05924,0.69949,0.24127
34238693,1,1,0.06765,0.76226,0.17008
16507950,2,2,0.02318,0.14022,0.8366
39177943,0,0,0.97504,0.01864,0.00632
14199235,2,2,0.00123,0.00929,0.98947
992084,2,2,0.0044,0.01524,0.98036
37137560,0,0,0.53558,0.45454,0.00989
31382832,2,2,0.00187,0.01393,0.9842
22593789,0,0,0.51502,0.29662,0.18836
21221573,2,2,0.00331,0.01921,0.97748
25958953,2,2,0.02229,0.07324,0.90447
29877367,2,2,0.00261,0.02283,0.97456
40377996,0,0,0.64771,0.34132,0.01097
30350975,0,0,0.74761,0.21545,0.03693
5709425,2,2,0.00154,0.02105,0.97741
33778410,2,2,0.00206,0.01325,0.9847
30368091,2,2,0.00227,0.00925,0.98849
1082016,1,1,0.30909,0.68041,0.01049
1629478,2,2,0.00531,0.0296,0.96509
35426744,2,2,0.00426,0.04614,0.9496
27029597,2,2,0.0217,0.32393,0.65436
16098407,0,0,0.98461,0.01443,0.00096
13340762,2,2,0.00229,0.01624,0.98147
16227054,2,2,0.00826,0.0517,0.94004
12451526,2,2,0.0056,0.02208,0.97232
23313779,2,2,0.002,0.00705,0.99094
15930976,0,0,0.98752,0.01101,0.00146
23322215,2,2,0.00188,0.00643,0.99169
39731148,0,0,0.98447,0.0141,0.00143
21460452,0,0,0.9253,0.07304,0.00165
19698929,2,2,0.00114,0.00769,0.99117
27428753,2,2,0.0012,0.0069,0.99191
24264342,2,2,0.00191,0.0078,0.99029
36000479,1,1,0.47195,0.51833,0.00972
10748563,0,0,0.9762,0.0168,0.007
38352934,2,2,0.00118,0.00996,0.98886
27221869,2,2,0.01816,0.06489,0.91696
28709306,1,1,0.05066,0.89103,0.05831
13964064,0,0,0.73589,0.25631,0.0078
29178353,2,2,0.01104,0.15236,0.83661
15572675,0,1,0.45015,0.53876,0.01109
2617230,2,2,0.00366,0.10016,0.89618
38602300,2,2,0.00212,0.01361,0.98427
23396414,2,2,0.00406,0.03326,0.96268
11243343,0,0,0.75745,0.23649,0.00606
7547712,2,2,0.00164,0.00817,0.99019
2976399,2,2,0.16327,0.20841,0.62832
10684525,2,2,0.00464,0.09745,0.89791
20426092,0,0,0.54345,0.42991,0.02664
3958612,2,2,0.01176,0.1107,0.87754
24035235,2,2,0.00222,0.0124,0.98537
29134662,2,2,0.00332,0.01641,0.98027
14122894,1,1,0.02928,0.64084,0.32988
39563465,0,0,0.97134,0.02762,0.00104
18407197,2,2,0.00736,0.05808,0.93456
12927054,2,2,0.00315,0.02106,0.97579
22673331,0,0,0.98501,0.01397,0.00102
22053283,2,2,0.00216,0.02386,0.97397
19191331,2,2,0.00179,0.01227,0.98595
10523057,2,2,0.02987,0.31124,0.65889
35107910,2,2,0.00249,0.01022,0.98729
29159050,0,0,0.99257,0.00609,0.00134
30025510,2,2,0.00262,0.02099,0.97639
4236476,0,1,0.08687,0.86631,0.04682
25172235,2,2,0.00218,0.0151,0.98272
19384535,2,2,0.00146,0.00929,0.98925
29059484,2,2,0.01246,0.11422,0.87332
25588123,2,2,0.00422,0.02517,0.97061
33034649,2,2,0.00337,0.01732,0.97931
26372183,1,0,0.86281,0.13129,0.00591
11090140,2,2,0.01847,0.3457,0.63584
26625061,2,2,0.00312,0.03206,0.96482
31375264,2,2,0.00414,0.01307,0.98279
10445750,2,2,0.00753,0.0661,0.92637
31081833,2,2,0.0026,0.01139,0.98601
13711089,2,2,0.00265,0.02309,0.97426
33860274,1,1,0.10544,0.85533,0.03923
14041123,2,2,0.00342,0.03347,0.96311
5957523,2,2,0.01061,0.05641,0.93298
25900911,2,2,0.00447,0.11705,0.87849
23053916,2,2,0.00446,0.03184,0.9637
37671559,2,2,0.00156,0.00751,0.99093
12754522,2,2,0.00247,0.01655,0.98098
27602389,2,2,0.00161,0.00856,0.98983
30643009,2,2,0.00342,0.04888,0.9477
18698947,2,2,0.00162,0.01534,0.98304
5640312,0,0,0.98989,0.00817,0.00194
30680142,2,2,0.00131,0.01204,0.98665
41277332,2,2,0.00223,0.00904,0.98873
20736864,0,0,0.77163,0.2185,0.00987
54609,2,2,0.00161,0.00943,0.98896
37841429,0,0,0.70035,0.20486,0.09478
28510890,1,1,0.10287,0.86262,0.03451
17259554,2,2,0.00275,0.01842,0.97883
34486648,2,2,0.00119,0.01199,0.98681
1058019,2,2,0.00202,0.01631,0.98168
19007528,2,2,0.0016,0.01208,0.98632
21944083,2,1,0.03486,0.76297,0.20217
20511210,0,0,0.9879,0.01106,0.00104
6830309,2,2,0.08406,0.17545,0.74049
19265110,2,2,0.00407,0.01444,0.98148
30434479,2,1,0.03576,0.55501,0.40924
30939423,0,0,0.96945,0.02783,0.00272
38310506,2,2,0.00151,0.01,0.98849
39214964,0,0,0.99165,0.00717,0.00118
32104627,2,2,0.00359,0.0326,0.96382
24826647,2,2,0.00174,0.00786,0.9904
13945176,2,2,0.00115,0.00505,0.9938
11186614,2,2,0.00203,0.00883,0.98914
30187148,2,2,0.00954,0.04768,0.94279
519066,2,2,0.00472,0.02193,0.97335
12183891,2,1,0.26641,0.70741,0.02617
27973479,2,2,0.00131,0.00757,0.99112
14776663,2,2,0.00575,0.19264,0.80161
26786486,2,2,0.00236,0.01447,0.98317
11940488,2,2,0.01257,0.01218,0.97525
21791250,2,2,0.00299,0.01283,0.98418
10056025,2,2,0.00346,0.0081,0.98845
28790769,2,2,0.00277,0.01006,0.98716
38850200,2,2,0.00275,0.01726,0.97999
18645973,1,1,0.35937,0.6258,0.01483
15932536,2,2,0.00396,0.07098,0.92505
3497589,2,2,0.00476,0.04455,0.95069
9625022,2,2,0.00207,0.00774,0.99019
14679069,2,2,0.00165,0.01689,0.98147
23023373,2,1,0.10248,0.72965,0.16787
34217106,2,2,0.00267,0.03328,0.96405
23113795,1,1,0.17736,0.80738,0.01526
16494718,2,2,0.00349,0.01348,0.98302
8879310,0,0,0.95437,0.04179,0.00384
12279359,2,2,0.00275,0.01966,0.97759
27109294,2,2,0.00244,0.0113,0.98625
442024,2,2,0.00125,0.00799,0.99076
32105598,0,0,0.93466,0.06299,0.00235
6952823,0,0,0.95746,0.03997,0.00257
21807451,2,2,0.00435,0.02634,0.96931
25992294,2,2,0.00218,0.01481,0.98301
33321251,2,2,0.00342,0.03347,0.96311
36441791,0,1,0.3085,0.65055,0.04094
4664070,2,2,0.00124,0.00521,0.99355
33426570,2,2,0.00129,0.00757,0.99114
12982834,2,2,0.00765,0.09445,0.8979
28248679,2,2,0.00179,0.00962,0.98859
39073610,2,2,0.00315,0.03827,0.95858
35885854,2,2,0.0014,0.00904,0.98956
5273479,1,1,0.19777,0.77609,0.02614
20724190,2,1,0.26712,0.71485,0.01804
37256520,2,2,0.00104,0.00509,0.99386
4646851,2,2,0.00209,0.01345,0.98446
5466268,2,2,0.00217,0.00762,0.99021
6162765,2,2,0.00255,0.01441,0.98304
11537285,1,1,0.056,0.68757,0.25643
33038228,2,2,0.00273,0.00924,0.98803
11268756,0,0,0.98546,0.0137,0.00083
5025272,2,2,0.00122,0.00471,0.99407
19354331,2,2,0.00163,0.0089,0.98946
36884035,2,2,0.01761,0.28427,0.69811
17216858,1,0,0.75198,0.22934,0.01868
34683157,2,2,0.00335,0.02434,0.97231
31325728,2,2,0.00158,0.01325,0.98517
5767550,1,2,0.00259,0.01587,0.98154
1347514,0,1,0.38543,0.58772,0.02685
28815418,2,2,0.01736,0.434,0.54863
4475536,2,1,0.32046,0.66269,0.01685
7759033,2,2,0.00147,0.00577,0.99276
33853794,2,2,0.00531,0.01454,0.98016
9836622,2,0,0.83291,0.15287,0.01422
23746972,2,2,0.01212,0.02545,0.96244
27557986,2,2,0.00187,0.0129,0.98523
1223023,2,2,0.00172,0.00613,0.99215
37867353,2,2,0.00845,0.1294,0.86214
8158250,2,2,0.0057,0.06484,0.92945
9172798,2,2,0.02286,0.10599,0.87115
3248499,2,1,0.03142,0.5032,0.46538
40447965,2,2,0.00333,0.01496,0.98171
6188761,2,1,0.12389,0.84005,0.03605
33270305,0,0,0.6557,0.3297,0.0146
31068995,2,2,0.00513,0.04745,0.94742
17452422,2,2,0.00166,0.01105,0.98729
35683571,2,2,0.14213,0.23444,0.62343
20414677,2,2,0.00259,0.01773,0.97968
33703991,1,0,0.96194,0.03575,0.00231
39704750,2,2,0.00096,0.00498,0.99406
41335627,2,2,0.00494,0.05451,0.94056
13467175,2,2,0.00377,0.08692,0.9093
28603873,2,2,0.00382,0.04611,0.95006
32719038,2,2,0.00686,0.05159,0.94156
31362585,0,0,0.98903,0.00981,0.00116
40266391,2,2,0.00435,0.02575,0.9699
11106539,2,2,0.00274,0.02231,0.97495
25387622,2,2,0.01843,0.05812,0.92345
24828975,2,2,0.00291,0.02222,0.97486
2086405,2,1,0.18476,0.80257,0.01267
34543346,0,0,0.91927,0.07785,0.00288
14426313,2,2,0.00211,0.01694,0.98094
31668458,0,0,0.94034,0.03479,0.02486
7081236,2,0,0.86794,0.12286,0.0092
10384054,2,2,0.00432,0.03421,0.96147
41273328,2,2,0.00125,0.01251,0.98624
40258694,0,2,0.20244,0.20948,0.58808
31193243,0,0,0.99184,0.007,0.00116
17772491,2,2,0.00189,0.01734,0.98076
888519,2,2,0.00114,0.01223,0.98664
38974537,2,1,0.09704,0.64528,0.25768
25435007,2,2,0.0026,0.0124,0.985
8003518,2,2,0.00176,0.01398,0.98426
13230399,2,2,0.00148,0.01295,0.98557
35546187,2,1,0.32691,0.65014,0.02295
7054236,0,0,0.94323,0.04946,0.00732
23997267,2,2,0.0018,0.02289,0.97531
21855049,2,2,0.00943,0.0506,0.93997
24456267,2,2,0.00191,0.02466,0.97343
9118844,2,2,0.0041,0.03948,0.95643
5035999,1,0,0.5193,0.45117,0.02953
27116425,2,2,0.00161,0.00925,0.98914
5105235,2,2,0.0025,0.03623,0.96127
35509891,2,1,0.13298,0.73378,0.13324
26796182,2,2,0.00112,0.00805,0.99082
25557056,2,2,0.00404,0.05382,0.94214
12705386,2,0,0.84553,0.14522,0.00925
18161944,1,1,0.06858,0.77267,0.15875
12413899,2,2,0.00266,0.02083,0.97651
34529909,2,2,0.00289,0.01365,0.98346
35447516,2,2,0.00943,0.04344,0.94713
3614947,0,0,0.9886,0.01028,0.00112
27411460,2,2,0.00332,0.01806,0.97862
17280649,2,2,0.0026,0.01254,0.98486
1590809,2,2,0.00348,0.01502,0.98149
41164659,2,2,0.00272,0.01492,0.98237
26914190,2,2,0.00277,0.0124,0.98484
9661313,0,0,0.78066,0.20767,0.01167
13879337,2,2,0.01593,0.05795,0.92612
31466764,2,2,0.00248,0.01324,0.98428
9197611,2,2,0.00165,0.01377,0.98458
25760384,2,2,0.00355,0.01165,0.9848
14974252,2,2,0.00544,0.04992,0.94464
38843345,2,2,0.00333,0.02949,0.96718
9901339,2,2,0.00308,0.01391,0.98301
2811315,2,2,0.00178,0.01795,0.98027
3196428,2,2,0.00256,0.01161,0.98583
12615056,2,2,0.00132,0.00674,0.99195
36898053,0,0,0.97957,0.01408,0.00635
17429137,2,2,0.00348,0.03063,0.96589
13728223,2,1,0.01633,0.61769,0.36597
22349096,2,2,0.01714,0.23108,0.75178
39526390,2,2,0.01409,0.05074,0.93517
40228186,2,2,0.00146,0.00973,0.9888
5536199,2,0,0.69637,0.28357,0.02007
3028930,2,2,0.00646,0.03552,0.95803
17149665,2,1,0.13672,0.81491,0.04837
20037605,2,2,0.00326,0.06276,0.93398
16025790,2,1,0.06067,0.78071,0.15861
19839947,2,2,0.00138,0.00648,0.99214
511122,2,2,0.01486,0.01418,0.97096
10262163,0,0,0.99239,0.00648,0.00113
21254862,0,0,0.99134,0.00748,0.00118
12958134,2,2,0.01126,0.19954,0.7892
37418363,2,2,0.00109,0.0087,0.99021
13033436,2,2,0.00292,0.02155,0.97553
24285720,2,2,0.00478,0.02643,0.96879
15497030,2,2,0.00142,0.00653,0.99205
39131826,1,1,0.01864,0.74438,0.23699
19266287,2,2,0.00504,0.03523,0.95973
9925382,2,2,0.044,0.11279,0.84322
6416393,2,2,0.00212,0.01453,0.98335
35751816,2,2,0.00285,0.01264,0.98451
5826280,2,2,0.00259,0.01414,0.98327
20280038,2,2,0.00195,0.01656,0.98148
38218523,2,1,0.11599,0.84582,0.03819
37726687,2,2,0.00448,0.01306,0.98246
1407861,0,1,0.13666,0.75332,0.11002
32978754,1,0,0.8456,0.14637,0.00803
25450675,2,2,0.00402,0.02768,0.9683
8539394,2,1,0.09622,0.80719,0.09659
15473305,2,2,0.02236,0.29805,0.67959
33026499,2,2,0.10784,0.16094,0.73122
19377885,2,2,0.00216,0.00984,0.988
19998263,2,2,0.00219,0.01217,0.98564
19923055,2,2,0.00224,0.00632,0.99144
14773425,2,2,0.00895,0.07789,0.91316
30463709,2,2,0.00163,0.01222,0.98615
22349318,2,2,0.00762,0.01001,0.98237
24405959,2,2,0.01055,0.11141,0.87804
25164203,2,2,0.00161,0.00768,0.99071
3439417,2,2,0.00515,0.04347,0.95138
18171252,0,0,0.95962,0.03097,0.00941
10090737,0,0,0.97642,0.02145,0.00214
8982647,0,0,0.98178,0.01716,0.00106
30200833,0,1,0.3118,0.66526,0.02294
14167452,2,2,0.00731,0.0495,0.94318
22892539,2,2,0.00152,0.00529,0.99319
28710188,2,2,0.09544,0.23165,0.67291
14223941,0,0,0.64883,0.34191,0.00926
27836187,2,2,0.00366,0.04431,0.95203
2235527,1,1,0.27896,0.67443,0.04662
35549075,0,0,0.90187,0.09543,0.0027
22661615,2,2,0.00205,0.01688,0.98107
15509887,2,2,0.00377,0.01348,0.98275
23743998,2,2,0.00275,0.01842,0.97883
4776527,2,2,0.01143,0.12196,0.86661
7995709,2,0,0.88282,0.10076,0.01642
23374992,2,2,0.06173,0.13145,0.80682
28550148,1,1,0.17155,0.79171,0.03674
3795538,2,2,0.00374,0.00749,0.98877
23567029,2,2,0.00372,0.02646,0.96982
27060277,2,2,0.00527,0.03713,0.9576
21636047,2,2,0.002,0.01035,0.98765
28173937,2,2,0.00168,0.00962,0.9887
28249283,2,2,0.00185,0.00824,0.98991
8840249,2,2,0.00279,0.03299,0.96421
40102120,2,2,0.003,0.00931,0.98769
18324999,2,2,0.0035,0.05594,0.94056
3857863,2,2,0.00106,0.00443,0.99451
27966564,2,2,0.00142,0.00805,0.99053
20086577,2,2,0.0586,0.15729,0.78411
30986193,2,2,0.00113,0.00446,0.99441
34024205,2,2,0.02077,0.36253,0.61669
15058497,1,0,0.49324,0.48559,0.02117
36071511,0,0,0.97469,0.02398,0.00133
26052719,2,2,0.00136,0.00805,0.99059
17315589,2,2,0.00236,0.01727,0.98038
39005268,2,2,0.00174,0.00932,0.98894
24423131,2,2,0.00172,0.02204,0.97625
27508547,2,2,0.00592,0.07253,0.92154
20838192,2,2,0.00572,0.01688,0.9774
15835162,2,1,0.03668,0.69753,0.26579
10873210,2,2,0.00275,0.01842,0.97883
5205656,2,2,0.02615,0.10095,0.8729
10862786,2,2,0.00416,0.04041,0.95543
10253036,1,2,0.0102,0.17941,0.81038
38619222,2,2,0.00205,0.01382,0.98413
9972945,2,2,0.00472,0.02304,0.97224
31848548,2,2,0.00182,0.00918,0.989
183287,0,0,0.97716,0.01675,0.00609
32728882,2,2,0.00127,0.00857,0.99016
7255571,2,1,0.03523,0.79569,0.16908
17084265,2,2,0.00585,0.04023,0.95392
13909569,2,2,0.01057,0.03777,0.95165
18588305,2,2,0.00206,0.00969,0.98825
30628391,0,0,0.98856,0.0104,0.00104
9252280,0,0,0.89255,0.10495,0.00251
33316116,2,2,0.00123,0.00966,0.98911
25848011,2,2,0.00503,0.02134,0.97363
20101035,2,2,0.0018,0.03786,0.96034
28846304,2,2,0.01432,0.02782,0.95786
36104709,2,2,0.0056,0.02267,0.97172
26719951,2,2,0.00224,0.02236,0.9754
25205109,2,2,0.00104,0.00586,0.9931
38336232,2,1,0.17817,0.62919,0.19264
36940877,2,2,0.02763,0.21393,0.75844
16393978,2,1,0.24728,0.47781,0.27492
5662462,2,2,0.0016,0.01426,0.98414
18046757,2,2,0.00218,0.01481,0.98301
39684530,0,1,0.21898,0.4993,0.28173
23375571,2,2,0.00198,0.01809,0.97993
2571704,2,2,0.00216,0.01144,0.9864
27090350,2,2,0.00114,0.00805,0.99081
8183342,0,0,0.93572,0.0622,0.00208
25160747,1,0,0.7263,0.26511,0.00859
24046726,2,2,0.00987,0.12856,0.86156
29343818,1,0,0.83523,0.15755,0.00723
12803248,0,0,0.91449,0.07944,0.00607
38044842,0,0,0.61152,0.24659,0.14188
19889179,2,2,0.00191,0.00947,0.98862
6407434,2,2,0.00267,0.04521,0.95212
12553080,2,2,0.0042,0.0447,0.9511
35813445,2,2,0.00287,0.0218,0.97533
3812781,2,2,0.00399,0.02072,0.97529
26254214,2,2,0.01001,0.21913,0.77085
7700056,1,2,0.01592,0.1865,0.79758
12166956,0,1,0.19206,0.7868,0.02113
7515799,2,2,0.02496,0.39349,0.58155
33089931,1,1,0.47981,0.50679,0.0134
20393613,2,2,0.00106,0.00521,0.99373
4625550,2,2,0.0029,0.01054,0.98656
7764618,2,2,0.06553,0.288,0.64648
20243488,2,2,0.00221,0.03403,0.96377
25971618,2,2,0.00375,0.0182,0.97805
6027426,0,0,0.81955,0.17518,0.00527
22573952,2,1,0.13686,0.77878,0.08436
26237382,2,2,0.00198,0.01741,0.98061
28556651,2,2,0.05888,0.24594,0.69518
33258515,0,0,0.99064,0.00745,0.00191
3381670,2,2,0.00183,0.01968,0.97849
34617286,2,2,0.00446,0.03288,0.96267
39941727,2,2,0.00984,0.02455,0.9656
17461185,2,2,0.01753,0.13764,0.84482
3605108,2,2,0.00426,0.03078,0.96496
41367200,2,2,0.00317,0.01719,0.97964
3329655,2,2,0.00517,0.0243,0.97053
33666733,2,2,0.00356,0.02406,0.97238
2055408,2,2,0.00203,0.00976,0.98821
29587606,2,2,0.01474,0.22344,0.76182
9035767,2,2,0.01768,0.1238,0.85852
33766175,0,0,0.96927,0.02927,0.00146
18321419,2,2,0.00326,0.03393,0.96281
16159766,2,2,0.00302,0.03176,0.96521
23912021,2,0,0.74542,0.23732,0.01726
27954016,2,2,0.00161,0.00969,0.9887
11199708,0,0,0.98876,0.00704,0.0042
41057190,2,2,0.00239,0.03263,0.96497
31468999,2,2,0.00243,0.01545,0.98212
943493,2,2,0.03261,0.35201,0.61538
17127781,0,0,0.9905,0.00799,0.00151
2295538,2,1,0.04341,0.68966,0.26693
34439870,1,0,0.95541,0.04281,0.00179
8471620,0,1,0.47189,0.51024,0.01787
38812652,2,2,0.00111,0.0094,0.98949
40166469,2,1,0.41588,0.53819,0.04594
23642378,2,2,0.0024,0.01515,0.98245
10708185,2,2,0.0041,0.0228,0.9731
38762594,2,2,0.00824,0.02422,0.96754
2389936,2,2,0.00118,0.00505,0.99376
15270381,2,2,0.00637,0.10564,0.88799
40055815,2,2,0.00501,0.02486,0.97013
11526524,2,2,0.00218,0.01481,0.98301
10844742,2,2,0.0177,0.10247,0.87983
24729664,2,2,0.00191,0.00863,0.98946
30157993,0,0,0.98246,0.01664,0.0009
24889651,1,1,0.1205,0.7542,0.1253
20520588,2,2,0.00203,0.01023,0.98774
24955768,2,2,0.00189,0.01688,0.98122
4127799,2,1,0.01631,0.55301,0.43068
2650150,2,1,0.15376,0.45282,0.39342
30100991,2,2,0.00645,0.03619,0.95736
662911,2,2,0.00469,0.04296,0.95234
38516343,2,2,0.01636,0.26606,0.71759
8361595,2,2,0.00199,0.01425,0.98376
39768754,2,2,0.00155,0.01315,0.9853
31710603,2,2,0.00714,0.02003,0.97282
5761414,2,2,0.00147,0.02097,0.97756
20954983,2,2,0.00146,0.01051,0.98802
38504736,2,2,0.02532,0.03922,0.93546
3069373,2,2,0.00376,0.03156,0.96468
3753982,2,2,0.00288,0.03397,0.96315
17515751,2,2,0.00179,0.00883,0.98937
32375362,1,0,0.91982,0.0776,0.00258
30740687,2,2,0.00365,0.01525,0.9811
6224949,2,2,0.00134,0.00595,0.99271
38814149,0,0,0.9916,0.00748,0.00092
16456561,0,0,0.63449,0.35314,0.01237
32248326,2,1,0.09879,0.8509,0.05031
14666240,0,1,0.30796,0.67265,0.01938
18335869,2,2,0.0014,0.00653,0.99207
23286651,2,2,0.00104,0.0085,0.99046
18325973,2,2,0.0419,0.2383,0.71981
29673434,2,2,0.00961,0.04,0.95039
33386285,2,2,0.00272,0.02985,0.96743
18727946,2,2,0.00206,0.00969,0.98825
2175106,2,2,0.00217,0.02169,0.97614
10346784,2,2,0.00231,0.00768,0.99002
6255515,2,2,0.00228,0.01967,0.97805
11974594,2,2,0.00203,0.01105,0.98692
4468823,2,2,0.00321,0.01951,0.97728
100118,2,2,0.00183,0.02045,0.97772
21175984,0,1,0.30087,0.65459,0.04455
16271787,2,2,0.00467,0.03369,0.96165
29135480,2,1,0.05289,0.79256,0.15455
25106802,2,2,0.0018,0.00751,0.9907
15909658,2,1,0.02633,0.75152,0.22215
30413433,1,1,0.11619,0.73722,0.14659
27434858,2,2,0.01756,0.45292,0.52952
17226075,1,1,0.14147,0.83179,0.02674
22004888,2,2,0.00409,0.05636,0.93956
36844734,2,2,0.0022,0.02084,0.97696
33256405,2,0,0.84275,0.14056,0.01669
41321823,2,0,0.86017,0.13347,0.00637
30263430,0,0,0.99147,0.00679,0.00174
33330909,2,2,0.00203,0.0118,0.98617
26448923,2,2,0.02514,0.06767,0.90719
27401847,2,2,0.00902,0.09971,0.89128
13419359,2,2,0.0032,0.02122,0.97558
26867645,2,1,0.1267,0.68095,0.19235
30522955,2,2,0.00322,0.01699,0.97979
22481441,0,0,0.98478,0.01419,0.00103
2778692,0,0,0.94766,0.05042,0.00192
1877314,2,2,0.02757,0.1412,0.83123
31472295,2,2,0.00138,0.00633,0.99229
33691454,2,2,0.00185,0.00811,0.99004
9314289,2,2,0.05886,0.10932,0.83182
9251035,2,2,0.00521,0.01657,0.97822
21678277,2,2,0.00203,0.02605,0.97192
26425159,2,2,0.00109,0.00517,0.99373
31146754,2,2,0.03912,0.14387,0.81701
29389058,2,2,0.00172,0.00705,0.99123
3480717,2,2,0.0019,0.01185,0.98625
39928252,2,1,0.01103,0.57489,0.41408
14265623,2,2,0.00585,0.04023,0.95392
1553449,0,0,0.87131,0.12214,0.00655
39654829,2,2,0.00942,0.07407,0.91652
4583773,2,2,0.00146,0.01056,0.98798
32361889,2,2,0.00145,0.00581,0.99274
11093454,2,2,0.00362,0.00938,0.98701
14566948,2,1,0.18907,0.78369,0.02724
35449550,2,2,0.00419,0.01704,0.97877
37201481,2,2,0.00185,0.02626,0.9719
25225141,2,2,0.00777,0.07945,0.91278
20309196,2,2,0.00741,0.09473,0.89786
6847390,2,2,0.00458,0.0216,0.97382
25903480,2,2,0.00197,0.01144,0.98659
31051899,1,0,0.95087,0.04688,0.00225
40169268,2,2,0.00585,0.04023,0.95392
13457495,2,2,0.00332,0.01686,0.97982
25239868,2,2,0.01922,0.23685,0.74394
41535943,2,2,0.00767,0.03371,0.95862
22652545,2,2,0.00118,0.00568,0.99314
19382285,2,2,0.00406,0.03308,0.96286
21885274,0,0,0.71311,0.22971,0.05718
7127664,2,2,0.00284,0.03159,0.96557
40383752,1,1,0.47597,0.49881,0.02523
30894102,0,0,0.55851,0.43158,0.00991
2583538,0,0,0.91507,0.07856,0.00636
32859696,2,2,0.00116,0.0088,0.99004
27920932,2,2,0.00104,0.00604,0.99291
39968595,2,2,0.00773,0.09905,0.89322
37811232,2,2,0.00164,0.00733,0.99103
21420999,2,1,0.06069,0.87632,0.06299
29327098,1,0,0.97224,0.02672,0.00104
30043743,1,1,0.3862,0.5935,0.02031
4511225,2,2,0.00493,0.07108,0.924
28602231,2,2,0.00788,0.09552,0.8966
11272820,2,2,0.00142,0.00717,0.99141
33528606,2,2,0.03021,0.1723,0.79749
18824051,2,2,0.01513,0.18401,0.80086
7704139,2,2,0.01068,0.12737,0.86195
12556329,2,2,0.00118,0.00551,0.99331
12608738,2,2,0.01316,0.34757,0.63927
29846902,2,2,0.01051,0.02123,0.96827
34802336,2,2,0.00494,0.0244,0.97067
28393079,2,2,0.00136,0.0045,0.99414
555066,2,2,0.00491,0.02973,0.96536
36389468,2,2,0.00129,0.00843,0.99027
28812866,2,2,0.00506,0.03058,0.96436
26342448,2,2,0.00615,0.05215,0.9417
38711717,2,2,0.00178,0.01844,0.97978
5737485,2,2,0.00135,0.01158,0.98707
2353211,2,2,0.01953,0.06134,0.91913
7743686,2,2,0.00263,0.01636,0.98101
5451144,2,2,0.00111,0.00722,0.99167
40886904,2,2,0.00303,0.0144,0.98256
34940130,2,2,0.09666,0.29483,0.60851
7075089,2,2,0.01456,0.10534,0.88009
40579339,2,2,0.00153,0.0108,0.98767
31014566,2,2,0.00186,0.01761,0.98052
26259243,2,2,0.0021,0.02161,0.97629
25004349,2,2,0.00792,0.14493,0.84715
37080535,2,2,0.00155,0.0154,0.98305
26688625,2,2,0.00377,0.04342,0.9528
30501149,2,2,0.00329,0.01062,0.98609
13664840,2,2,0.00303,0.01446,0.98251
25764486,2,2,0.00188,0.01007,0.98805
23769231,2,2,0.00339,0.02697,0.96964
27334729,0,0,0.90027,0.0947,0.00503
23284559,2,2,0.00258,0.00509,0.99234
18695913,0,1,0.19214,0.60707,0.20079
10190262,2,2,0.0038,0.03733,0.95888
6836210,2,2,0.00112,0.00805,0.99082
22280948,2,2,0.01351,0.15073,0.83577
35070944,2,2,0.00268,0.01157,0.98575
6122503,2,2,0.00961,0.12557,0.86483
36647606,2,2,0.00188,0.00954,0.98858
10644448,2,2,0.00184,0.0321,0.96606
30743618,2,2,0.06303,0.41745,0.51952
4888239,2,0,0.95518,0.04263,0.00219
37224415,2,2,0.00203,0.01208,0.9859
32487113,2,2,0.00252,0.02842,0.96906
36051424,0,0,0.5798,0.35861,0.06159
9875515,0,0,0.80492,0.18822,0.00686
31649973,0,0,0.81806,0.17692,0.00502
25707406,2,1,0.03745,0.55035,0.4122
610070,2,1,0.12481,0.81299,0.0622
15738873,2,2,0.00181,0.01372,0.98447
40022057,2,2,0.00174,0.0087,0.98956
38630182,0,0,0.47455,0.45995,0.06549
14316239,2,2,0.00571,0.04826,0.94602
36813091,0,0,0.9013,0.09426,0.00444
18564602,2,2,0.00261,0.02257,0.97482
37163864,0,0,0.98512,0.01351,0.00137
9296794,2,2,0.01708,0.23948,0.74344
10960034,2,2,0.00158,0.01097,0.98745
14516081,2,2,0.00136,0.00674,0.99191
28005793,2,2,0.00414,0.02992,0.96594
23961552,2,2,0.00168,0.00969,0.98862
39411530,2,2,0.00276,0.01324,0.984
30934282,2,2,0.00479,0.13734,0.85787
27812650,2,2,0.00295,0.00924,0.98781
20989840,2,2,0.00289,0.01667,0.98044
14448242,2,2,0.00285,0.0123,0.98485
17282224,0,1,0.04885,0.93254,0.01861
15299791,2,2,0.04191,0.06194,0.89614
39836722,2,2,0.00113,0.00505,0.99382
6128444,2,2,0.00147,0.00695,0.99158
21683654,2,2,0.00183,0.00471,0.99346
36878679,1,0,0.5958,0.38769,0.01651
17597550,2,2,0.00488,0.10747,0.88765
24844329,2,2,0.00854,0.15994,0.83151
26500738,2,1,0.29212,0.66866,0.03923
22702793,2,2,0.00114,0.00787,0.99099
15202975,2,1,0.47695,0.50771,0.01533
27903169,2,2,0.0156,0.32086,0.66353
2746023,2,1,0.18308,0.78906,0.02786
15953858,2,2,0.00961,0.01781,0.97258
22388204,2,2,0.00531,0.10105,0.89364
15867035,2,2,0.01101,0.03623,0.95277
32219408,0,0,0.60143,0.38529,0.01329
12001558,2,2,0.01243,0.38379,0.60378
25105413,2,2,0.04652,0.1028,0.85069
7667868,2,2,0.00389,0.04379,0.95232
4895064,2,2,0.00264,0.01392,0.98345
25002071,2,2,0.00316,0.03367,0.96316
35261094,2,2,0.00607,0.0199,0.97403
7704138,0,0,0.57764,0.34358,0.07879
10416110,2,2,0.00296,0.08245,0.91459
20176561,2,2,0.00585,0.04023,0.95392
10661195,2,2,0.00174,0.0078,0.99046
291884,2,2,0.00128,0.00623,0.99249
12065689,2,1,0.28688,0.66701,0.04611
6552403,2,2,0.00327,0.01502,0.9817
11887176,2,2,0.00116,0.00653,0.99231
22239161,0,0,0.95736,0.03968,0.00295
22703183,2,2,0.0538,0.46294,0.48326
2633613,2,1,0.22544,0.69306,0.08149
17917156,2,2,0.00136,0.00604,0.9926
10963020,2,2,0.00259,0.01587,0.98154
678531,2,2,0.0017,0.01528,0.98302
29924273,2,2,0.00171,0.01246,0.98584
32214470,2,2,0.00226,0.01135,0.98639
35187514,2,2,0.00392,0.02237,0.97371
14389216,2,2,0.00136,0.00529,0.99335
15280125,2,2,0.00623,0.06977,0.924
30047784,2,2,0.00934,0.10934,0.88131
1149263,1,1,0.02614,0.85896,0.11489
28742735,2,2,0.00188,0.01088,0.98724
7215939,2,2,0.00164,0.00658,0.99178
27446038,2,2,0.00155,0.01305,0.9854
11609238,2,2,0.00257,0.03835,0.95908
27590233,2,2,0.00394,0.07707,0.91899
3545761,2,2,0.00207,0.02228,0.97565
39839324,2,2,0.00321,0.03556,0.96123
31776086,2,2,0.00365,0.01603,0.98032
27466417,0,0,0.96322,0.03232,0.00446
31614134,2,2,0.00293,0.0168,0.98027
25677689,0,1,0.40907,0.56352,0.02741
14850205,2,2,0.00127,0.0094,0.98933
8621465,2,2,0.01865,0.08984,0.89151
23753264,2,2,0.0041,0.02423,0.97167
4566591,2,2,0.00131,0.00799,0.9907
11786471,2,2,0.00547,0.07497,0.91956
40880103,2,2,0.00223,0.01131,0.98647
39221239,0,1,0.24675,0.7112,0.04205
22787894,2,2,0.00128,0.01564,0.98307
17588205,1,0,0.61305,0.35342,0.03352
17385066,0,1,0.27663,0.63197,0.0914
3723209,2,2,0.00524,0.02765,0.96711
39250852,2,2,0.00198,0.00638,0.99165
23430066,2,2,0.00937,0.12075,0.86988
5223589,2,2,0.00344,0.01174,0.98482
17053232,2,1,0.13622,0.82796,0.03581
14346631,0,0,0.55486,0.41234,0.03281
16446238,2,1,0.11712,0.82058,0.0623
16570110,2,2,0.0053,0.03181,0.96289
29226135,2,2,0.00864,0.23728,0.75408
38933629,2,2,0.0154,0.10318,0.88141
21023746,2,2,0.00258,0.01857,0.97885
33256077,2,2,0.00218,0.01688,0.98094
24171387,2,2,0.00308,0.01391,0.98301
6866606,0,0,0.99261,0.0055,0.00189
13246668,2,2,0.09677,0.18818,0.71505
19275426,2,2,0.00112,0.00922,0.98966
13502720,2,2,0.00122,0.0059,0.99288
4226848,2,2,0.00975,0.04168,0.94858
16106021,2,2,0.00252,0.01392,0.98356
27623333,2,2,0.00496,0.03557,0.95947
22331926,2,2,0.00233,0.01217,0.9855
11801570,2,2,0.02865,0.24947,0.72187
2043117,2,2,0.01745,0.14163,0.84091
8129907,0,0,0.85021,0.14208,0.00771
4053303,2,2,0.0034,0.0249,0.9717
38512232,2,2,0.00124,0.0046,0.99416
35374339,2,2,0.00484,0.08637,0.90879
28320961,0,0,0.9581,0.04072,0.00118
27494642,2,2,0.0105,0.08786,0.90164
7483972,2,2,0.00242,0.0078,0.98979
29187135,2,0,0.50244,0.48319,0.01436
9833034,2,2,0.00136,0.00658,0.99206
38524679,1,2,0.00621,0.05698,0.93681
29062039,1,0,0.95893,0.03989,0.00118
17343786,2,2,0.0012,0.00734,0.99147
5198144,2,2,0.00254,0.01893,0.97853
16984447,2,2,0.00289,0.01424,0.98287
33935468,2,2,0.00166,0.01068,0.98767
11902640,2,2,0.00142,0.00818,0.9904
579074,2,2,0.00607,0.02044,0.97349
28918902,2,2,0.00333,0.01268,0.98399
14038243,2,2,0.01448,0.13715,0.84837
38914314,2,2,0.00445,0.01904,0.97651
9065961,2,1,0.05489,0.74896,0.19614
11363418,2,2,0.00215,0.01371,0.98413
29047390,0,0,0.97078,0.02618,0.00304
3267786,2,1,0.09069,0.72176,0.18755
8508148,2,1,0.04606,0.88626,0.06768
36638187,2,2,0.00174,0.0078,0.99046
31134354,2,2,0.00355,0.02626,0.97018
14020893,2,2,0.00943,0.04344,0.94713
17109019,2,2,0.00118,0.00722,0.9916
1229126,0,0,0.99103,0.00802,0.00095
40516449,2,1,0.358,0.54375,0.09825
2741084,2,2,0.02058,0.41008,0.56934
29325890,2,2,0.00173,0.0114,0.98687
26501418,0,0,0.94503,0.05352,0.00144
7576692,2,2,0.00187,0.02743,0.9707
28865307,2,2,0.03216,0.06396,0.90388
39879418,2,2,0.00342,0.01699,0.97959
18484233,2,0,0.84919,0.14642,0.00439
39519144,2,2,0.00264,0.01104,0.98631
36171621,2,2,0.00352,0.01973,0.97675
36237406,2,2,0.00446,0.0322,0.96334
9071434,0,0,0.98258,0.01639,0.00103
15601032,2,2,0.00133,0.00873,0.98993
4427196,2,1,0.25563,0.47225,0.27212
38712789,2,2,0.00501,0.08399,0.911
38640205,2,2,0.00219,0.01387,0.98394
20227141,0,1,0.25032,0.69115,0.05853
24832790,2,2,0.07727,0.19811,0.72462
36521062,2,2,0.00576,0.02503,0.9692
22174954,2,2,0.00348,0.01628,0.98024
39855734,2,2,0.00177,0.00663,0.9916
12117891,2,2,0.00258,0.00567,0.99175
27830673,2,2,0.00286,0.01139,0.98576
25192407,2,2,0.00122,0.00638,0.9924
37471534,1,1,0.07356,0.83364,0.0928
34475173,0,0,0.95955,0.03659,0.00386
23961722,2,2,0.00197,0.01097,0.98707
20385720,2,2,0.01848,0.17064,0.81088
37365197,2,2,0.01965,0.01846,0.96188
26473081,2,2,0.00394,0.06166,0.9344
30804077,2,2,0.00138,0.00793,0.9907
19673464,2,2,0.00202,0.01493,0.98305
23748445,2,2,0.01409,0.05074,0.93517
9132079,2,1,0.12982,0.76627,0.10391
38567569,2,2,0.01864,0.31903,0.66233
23006296,2,2,0.00253,0.02422,0.97325
15113024,2,2,0.01378,0.04277,0.94345
26906752,2,2,0.0021,0.00843,0.98947
25143925,2,2,0.00411,0.02228,0.97362
34884689,2,2,0.00224,0.00505,0.99271
33255749,2,1,0.03956,0.8459,0.11454
36569524,2,2,0.00343,0.01485,0.98172
15920709,2,2,0.00146,0.01093,0.98761
22462165,2,2,0.00133,0.0146,0.98408
19223455,2,2,0.00339,0.02682,0.96979
5209111,2,2,0.00433,0.03178,0.96389
36653799,0,0,0.70662,0.27136,0.02202
6550282,0,0,0.99212,0.00648,0.0014
3731347,2,2,0.00203,0.01171,0.98626
25504796,2,2,0.00295,0.02578,0.97127
36997931,2,2,0.00208,0.01901,0.97891
8018337,2,1,0.04384,0.89434,0.06182
5417907,2,2,0.00251,0.0172,0.98029
23940011,2,2,0.00985,0.03852,0.95163
9753378,2,2,0.00788,0.09552,0.8966
13945329,2,2,0.00933,0.09674,0.89393
4179342,2,1,0.16187,0.56278,0.27535
40138460,0,0,0.86019,0.13557,0.00424
12017503,2,2,0.00437,0.02194,0.97369
20574096,2,0,0.70003,0.29182,0.00815
21500341,0,0,0.97296,0.02593,0.0011
3732627,2,2,0.00371,0.04571,0.95058
16570714,0,0,0.89974,0.09823,0.00203
28369992,2,2,0.00705,0.02529,0.96766
14206002,0,0,0.7826,0.21229,0.00511
41421003,2,2,0.00259,0.01475,0.98266
4453067,2,2,0.03787,0.17735,0.78478
24630508,2,2,0.01585,0.24984,0.73431
11091244,2,2,0.00937,0.01194,0.97869
680445,2,2,0.00163,0.00856,0.9898
12082771,2,2,0.00631,0.14133,0.85236
10776155,2,2,0.0012,0.00521,0.99359
11184108,2,1,0.41231,0.52735,0.06033
27401652,2,2,0.01791,0.07069,0.9114
14367006,0,0,0.70786,0.28377,0.00837
27751952,2,2,0.04019,0.1525,0.8073
34451476,0,0,0.92223,0.07084,0.00693
23379771,2,2,0.00979,0.08072,0.90949
22827306,0,0,0.94397,0.05452,0.00151
4456380,2,2,0.00136,0.00494,0.9937
10176964,2,2,0.00495,0.03652,0.95853
10804438,0,1,0.05595,0.87864,0.06541
24149222,2,2,0.00562,0.01931,0.97507
24285794,2,2,0.00309,0.00983,0.98708
15025746,2,2,0.00485,0.02724,0.96791
40914584,2,2,0.0042,0.05951,0.93629
21091037,0,0,0.87458,0.12212,0.00331
39580756,2,1,0.12323,0.81491,0.06186
8688316,0,0,0.97581,0.02303,0.00116
6101366,2,2,0.00139,0.01154,0.98707
12813193,2,1,0.07145,0.87896,0.04959
7511431,2,2,0.01688,0.0758,0.90732
23457843,0,0,0.58733,0.29881,0.11386
1919929,2,2,0.00385,0.09822,0.89793
14853629,2,2,0.00561,0.02125,0.97314
34334171,0,0,0.98922,0.00989,0.00089
17805719,2,2,0.00145,0.00577,0.99279
32313672,2,1,0.04077,0.72274,0.23648
14960831,2,2,0.03303,0.40395,0.56302
35758708,1,1,0.14707,0.80601,0.04692
8976926,2,1,0.0642,0.50892,0.42688
14019908,2,2,0.00434,0.02952,0.96614
11417911,2,2,0.00447,0.01501,0.98052
25342645,2,2,0.00415,0.01155,0.9843
15871864,2,2,0.00107,0.00951,0.98942
3334430,2,2,0.00241,0.00925,0.98834
39196032,1,1,0.26456,0.69703,0.03841
33910778,2,2,0.00194,0.00824,0.98982
21913988,2,2,0.00298,0.03093,0.96609
1396023,2,2,0.00138,0.0041,0.99452
8375909,2,2,0.00251,0.01492,0.98257
4193272,2,2,0.00867,0.09311,0.89822
32795744,2,2,0.00364,0.01884,0.97753
14242767,2,2,0.00389,0.01348,0.98263
33505886,2,1,0.08667,0.74867,0.16466
36936010,2,2,0.01683,0.18486,0.79831
8353177,2,2,0.00283,0.01907,0.9781
35080459,1,0,0.5447,0.42754,0.02776
7900452,0,0,0.92108,0.07271,0.00621
25913473,2,2,0.00443,0.00888,0.98669
30124372,0,0,0.95806,0.03814,0.00379
27054321,2,2,0.00218,0.01481,0.98301
11403988,2,2,0.12522,0.38721,0.48757
3630774,2,2,0.0026,0.01202,0.98538
39355310,0,1,0.3204,0.673,0.0066
40141077,2,2,0.00295,0.01193,0.98513
10728601,0,0,0.97331,0.02271,0.00398
36266545,2,2,0.00575,0.05764,0.93662
24180168,0,0,0.54665,0.34142,0.11193
2712354,2,2,0.0143,0.18622,0.79948
22088115,2,2,0.00169,0.00609,0.99222
17483209,2,2,0.00147,0.00648,0.99205
4072532,2,2,0.00207,0.00849,0.98944
7164784,2,2,0.00751,0.13835,0.85414
19742758,2,2,0.05132,0.45028,0.49841
33371733,1,0,0.6712,0.2798,0.049
22922733,1,0,0.8745,0.12021,0.00528
31422723,2,2,0.00446,0.01757,0.97798
4829475,2,2,0.00092,0.00915,0.98993
24578793,2,2,0.01034,0.26464,0.72502
17281404,2,1,0.29161,0.35869,0.3497
36936068,0,0,0.63831,0.31722,0.04447
6990042,1,1,0.46899,0.5071,0.0239
25148900,2,2,0.00233,0.01046,0.9872
18204919,2,2,0.00337,0.01666,0.97996
9330982,0,0,0.98759,0.01097,0.00144
12950315,2,2,0.00422,0.02517,0.97061
35634060,2,2,0.00155,0.01534,0.98311
39513784,0,1,0.03774,0.91078,0.05148
33948875,2,2,0.00199,0.0126,0.98541
12513229,2,2,0.00535,0.03734,0.95732
31914135,2,2,0.00302,0.01892,0.97806
24590732,2,2,0.0014,0.00643,0.99217
26016333,2,2,0.03945,0.05563,0.90492
7428140,2,2,0.00435,0.04055,0.95509
8993456,0,0,0.69264,0.30024,0.00712
26110568,2,2,0.00385,0.02424,0.97191
2575338,2,2,0.00396,0.02585,0.97018
1520581,2,2,0.0014,0.00863,0.98997
20968029,2,2,0.00153,0.01097,0.9875
19828745,2,1,0.08081,0.85194,0.06725
13811256,2,2,0.00826,0.0519,0.93985
39185515,2,2,0.00276,0.01324,0.984
27230646,0,0,0.66363,0.30982,0.02655
17175890,2,2,0.00294,0.01339,0.98367
16682712,2,2,0.00231,0.06581,0.93188
17482309,2,2,0.00294,0.01441,0.98266
17697224,2,2,0.00978,0.09584,0.89437
28251503,1,1,0.01184,0.50758,0.48057
34710539,2,2,0.07155,0.05338,0.87507
38998538,2,2,0.01177,0.09582,0.89241
19680735,2,0,0.65599,0.33768,0.00633
34361743,2,2,0.01492,0.1707,0.81438
4329948,2,2,0.00114,0.0059,0.99295
9881418,2,2,0.00284,0.03165,0.96551
35571012,2,2,0.00142,0.00877,0.98981
37507886,2,0,0.41791,0.40822,0.17387
23527766,2,2,0.011,0.14185,0.84715
14575530,2,2,0.00396,0.04275,0.95329
12230788,2,2,0.00363,0.0201,0.97626
22023034,2,2,0.00692,0.02098,0.9721
16275466,2,1,0.19607,0.75308,0.05085
9804198,2,2,0.00152,0.00595,0.99254
13139996,2,2,0.00263,0.03008,0.96729
15819361,2,2,0.04464,0.44044,0.51492
5988438,1,0,0.8301,0.16346,0.00644
24303131,2,2,0.00404,0.02262,0.97334
29852696,2,2,0.04748,0.02813,0.92438
34295207,2,2,0.01501,0.42181,0.56319
41147288,2,2,0.00171,0.01068,0.98762
25528392,2,2,0.00328,0.02786,0.96885
30239898,2,1,0.06067,0.78071,0.15861
29935005,2,2,0.00399,0.02002,0.97599
556748,2,2,0.00651,0.0567,0.93679
20203398,1,0,0.89803,0.087,0.01498
12713619,2,2,0.00131,0.00884,0.98985
7059064,2,2,0.00775,0.0381,0.95415
3998615,0,0,0.94334,0.0499,0.00677
23880878,2,2,0.0024,0.01314,0.98446
21732266,2,2,0.00433,0.01484,0.98083
20041227,2,2,0.00253,0.00961,0.98786
18041247,0,0,0.80923,0.17331,0.01746
20640345,2,2,0.00156,0.00954,0.9889
5210630,0,2,0.01742,0.32365,0.65892
22594529,2,2,0.00308,0.01391,0.98301
16749088,2,2,0.14747,0.30675,0.54578
13341523,2,2,0.00801,0.10902,0.88298
1232833,2,2,0.0054,0.01227,0.98233
7344347,2,1,0.10324,0.5849,0.31186
22732535,2,2,0.00218,0.01481,0.98301
14013638,2,2,0.00193,0.01575,0.98232
13398499,0,0,0.96419,0.03373,0.00208
20325375,2,2,0.00229,0.0124,0.9853
20550088,2,2,0.00222,0.01299,0.98479
21743742,2,2,0.00973,0.30272,0.68755
24400639,2,2,0.00299,0.01303,0.98398
13903005,2,2,0.00124,0.00546,0.9933
19459506,2,2,0.00136,0.00668,0.99196
27722847,0,0,0.99045,0.00827,0.00127
37820204,2,2,0.00177,0.00705,0.99118
11622594,2,2,0.00702,0.02179,0.97119
5542450,2,2,0.00218,0.01481,0.98301
29908324,2,2,0.00452,0.03369,0.96178
29716691,2,2,0.00128,0.00542,0.9933
33058759,2,2,0.00149,0.00689,0.99162
1938036,2,2,0.00298,0.01463,0.98239
28994239,0,0,0.91349,0.07571,0.0108
6143275,0,1,0.34388,0.63746,0.01866
40332034,0,0,0.97718,0.0215,0.00132
22657962,2,2,0.00188,0.01035,0.98777
29070180,0,0,0.9297,0.06748,0.00282
3581505,2,2,0.00203,0.01084,0.98713
16948601,2,2,0.01452,0.05878,0.9267
11533723,2,2,0.00252,0.01079,0.98669
85952,2,2,0.00188,0.00836,0.98975
6370299,2,1,0.03124,0.52026,0.44849
9001589,0,0,0.95649,0.04269,0.00082
1213622,2,2,0.00772,0.22914,0.76314
29105044,2,2,0.00136,0.00423,0.99441
16748517,2,2,0.00148,0.01505,0.98347
29869622,2,2,0.00301,0.01974,0.97725
8808931,0,0,0.92431,0.07354,0.00215
17847292,2,2,0.01197,0.12199,0.86603
1013706,2,2,0.01365,0.47007,0.51628
10483890,1,1,0.29474,0.67467,0.03058
19090059,2,2,0.00206,0.01101,0.98693
12649984,0,0,0.64893,0.34196,0.00911
18617827,2,2,0.00914,0.05894,0.93192
35300377,2,2,0.00149,0.00673,0.99177
29189677,2,2,0.00337,0.01616,0.98047
6386069,2,2,0.00109,0.00891,0.99
36218083,2,2,0.00558,0.02542,0.96899
10584604,2,2,0.01201,0.04096,0.94702
26530020,2,1,0.09428,0.84111,0.06461
6653553,2,2,0.0027,0.0202,0.9771
24829785,2,2,0.0024,0.0124,0.98519
36399375,2,2,0.00101,0.00757,0.99142
37035680,0,0,0.50755,0.46576,0.02669
15674858,0,0,0.9856,0.01342,0.00099
14152150,2,2,0.0054,0.02702,0.96757
1405837,2,2,0.00149,0.02154,0.97697
30717427,2,2,0.02352,0.14088,0.8356
8117176,2,2,0.14655,0.13213,0.72132
33698878,2,2,0.00418,0.01971,0.97611
28535230,2,2,0.00223,0.02346,0.97431
16141404,2,2,0.00253,0.02422,0.97325
3871052,2,2,0.00122,0.00551,0.99328
37239712,0,0,0.99282,0.006,0.00118
35790976,2,2,0.00253,0.00756,0.98991
25867514,2,2,0.00304,0.0113,0.98566
11053901,1,1,0.04819,0.90582,0.04599
17118099,2,2,0.00294,0.04274,0.95432
40277194,2,2,0.0014,0.00684,0.99176
8834169,2,2,0.01486,0.07313,0.91201
16096099,1,0,0.67249,0.31519,0.01232
3069015,1,1,0.2155,0.76701,0.01748
893838,2,2,0.01601,0.07505,0.90894
39776454,2,2,0.0028,0.01424,0.98295
6444844,0,0,0.94174,0.05656,0.00171
24155031,0,0,0.69336,0.30055,0.00609
15037603,2,2,0.00144,0.00706,0.9915
18054905,2,2,0.00144,0.00787,0.99069
27531124,2,2,0.0118,0.39695,0.59125
7615371,2,1,0.04994,0.50837,0.44168
27503759,2,2,0.00127,0.00787,0.99086
34441500,2,2,0.01098,0.14352,0.8455
18692676,2,2,0.00252,0.01148,0.986
27633753,2,2,0.00276,0.01497,0.98227
30069466,2,2,0.00308,0.01391,0.98301
18814003,2,2,0.00835,0.02623,0.96541
824686,2,2,0.00185,0.01176,0.9864
20031939,2,2,0.0024,0.01521,0.98239
16159220,2,2,0.00189,0.01953,0.97858
38403567,2,2,0.026,0.0432,0.93081
5994199,2,2,0.00138,0.0085,0.99012
19518974,2,1,0.05461,0.87445,0.07094
487871,1,1,0.1412,0.82372,0.03508
34332312,0,0,0.98533,0.01344,0.00123
6847695,2,2,0.0465,0.34094,0.61256
15403452,2,2,0.00766,0.10643,0.88591
33541718,0,0,0.95523,0.04183,0.00295
9092542,2,2,0.02088,0.31412,0.665
19732651,2,2,0.00136,0.00501,0.99363
25721953,2,2,0.00272,0.02767,0.96961
36107229,2,2,0.00218,0.01563,0.98219
34412607,2,2,0.00496,0.04962,0.94542
23825006,2,2,0.00203,0.00976,0.98821
22573597,2,2,0.00171,0.00728,0.99101
18378878,2,2,0.2225,0.10095,0.67654
17765644,2,2,0.03094,0.42055,0.5485
9459861,2,2,0.00734,0.0463,0.94636
32493414,2,2,0.00171,0.01105,0.98724
28176439,2,2,0.00276,0.01435,0.98289
36763136,2,2,0.00122,0.00436,0.99442
4748638,2,1,0.14963,0.51516,0.33522
9379355,2,2,0.00407,0.01653,0.97941
34427499,2,2,0.00468,0.06128,0.93405
34830322,2,2,0.00412,0.04913,0.94675
10031617,2,2,0.00293,0.01732,0.97975
28297071,2,2,0.00147,0.00745,0.99108
24097979,2,2,0.00204,0.00739,0.99058
40760315,2,2,0.00296,0.00869,0.98836
36942614,0,0,0.81875,0.17297,0.00828
39333258,0,0,0.96336,0.03332,0.00332
9268181,2,2,0.00504,0.09189,0.90306
14652797,2,2,0.01255,0.12119,0.86626
15155587,2,2,0.00643,0.15105,0.84251
6386638,0,0,0.51057,0.46852,0.02091
8900551,2,1,0.08311,0.82633,0.09056
20319640,2,2,0.00362,0.02452,0.97186
31044101,2,2,0.00177,0.02302,0.97521
11389380,2,2,0.00658,0.14561,0.84781
31427799,0,0,0.99136,0.00769,0.00095
15851008,2,2,0.00253,0.00836,0.98911
35404693,0,0,0.99195,0.00628,0.00177
2777481,0,0,0.98059,0.01848,0.00094
25642240,2,2,0.00277,0.02772,0.96952
29731981,2,2,0.00943,0.04344,0.94713
31631215,2,2,0.00826,0.0373,0.95444
40933058,2,2,0.003,0.01022,0.98679
12832137,1,1,0.314,0.65442,0.03158
813762,2,2,0.00532,0.07219,0.9225
17090868,2,2,0.00204,0.00739,0.99058
32258799,0,0,0.87617,0.08986,0.03397
10266078,2,2,0.01077,0.16037,0.82887
29839719,0,0,0.88287,0.08984,0.02729
12317722,2,2,0.00344,0.02818,0.96838
608886,1,2,0.00269,0.04114,0.95618
31662610,2,2,0.00171,0.01131,0.98698
9414862,2,2,0.00193,0.0114,0.98667
11019250,1,0,0.63039,0.23799,0.13162
18158541,2,2,0.00253,0.01014,0.98733
35816587,2,2,0.00792,0.03295,0.95913
36914786,0,0,0.95071,0.04678,0.00251
6331991,2,2,0.00242,0.00739,0.9902
21809757,0,0,0.60573,0.38805,0.00622
5843124,2,1,0.07809,0.88238,0.03953
3112722,1,1,0.41107,0.56627,0.02265
5216829,2,2,0.02038,0.17168,0.80793
22078265,2,2,0.00249,0.00939,0.98812
39124762,2,2,0.01451,0.05205,0.93344
13769001,2,2,0.04747,0.09114,0.86139
10461579,2,2,0.0014,0.00658,0.99202
13773198,2,2,0.00218,0.0151,0.98272
11460877,1,1,0.38307,0.60265,0.01428
3411844,2,2,0.00378,0.0112,0.98502
17467675,2,2,0.00136,0.00684,0.9918
3286445,2,2,0.00119,0.01028,0.98853
36070203,0,0,0.89296,0.10256,0.00447
3652796,2,1,0.05848,0.49739,0.44412
34340753,2,2,0.00195,0.00599,0.99206
22280839,2,2,0.00418,0.02056,0.97526
22655233,2,1,0.07335,0.78555,0.1411
1757736,2,2,0.0012,0.00837,0.99043
9357342,2,2,0.02065,0.05906,0.92029
10899670,2,2,0.31092,0.33882,0.35026
4342233,2,2,0.00128,0.00695,0.99178
16608142,0,0,0.95751,0.04011,0.00237
1637006,2,2,0.02957,0.42115,0.54928
22578670,0,0,0.99254,0.00633,0.00113
35934939,0,1,0.38931,0.59828,0.01242
6055743,2,2,0.01383,0.23674,0.74943
4816558,2,1,0.20056,0.68782,0.11163
33802562,2,2,0.00136,0.00787,0.99078
16404433,2,2,0.0028,0.03024,0.96695
32520524,2,2,0.00281,0.01193,0.98526
20821434,2,2,0.00281,0.01096,0.98623
18306938,0,0,0.93011,0.06333,0.00657
17088344,2,2,0.00226,0.01221,0.98553
8992222,2,2,0.00264,0.01381,0.98355
26973856,2,2,0.00255,0.01593,0.98152
36635181,2,2,0.00203,0.01007,0.9879
23977407,0,1,0.41573,0.44255,0.14172
39454152,2,2,0.0513,0.15864,0.79006
19112334,2,2,0.00374,0.02081,0.97545
13038265,2,1,0.04876,0.76867,0.18257
34921054,2,2,0.00374,0.10892,0.88734
8821466,2,2,0.00446,0.01639,0.97914
21674960,2,2,0.0051,0.02357,0.97133
16534148,0,0,0.99144,0.00748,0.00107
37989821,2,2,0.00308,0.01391,0.98301
32490415,2,2,0.00382,0.01692,0.97927
39336665,2,2,0.00216,0.01126,0.98658
18703376,2,2,0.00206,0.01101,0.98693
21271759,2,2,0.00993,0.04566,0.94441
24025444,2,2,0.01212,0.05454,0.93334
14100183,2,1,0.03176,0.86527,0.10296
41260407,1,0,0.91596,0.08258,0.00147
27583034,0,0,0.93259,0.0651,0.00231
39688921,2,2,0.00357,0.02097,0.97546
38220372,2,2,0.00353,0.01751,0.97895
12492606,2,2,0.00207,0.00633,0.9916
1137825,2,2,0.00739,0.0249,0.96771
7783477,2,2,0.01714,0.23108,0.75178
30999642,2,2,0.00148,0.01241,0.9861
40055006,2,1,0.13683,0.81875,0.04442
36005210,1,1,0.29325,0.4334,0.27334
17083298,0,0,0.82026,0.15233,0.02742
36636427,2,2,0.00104,0.00577,0.99319
38729366,2,2,0.00118,0.00479,0.99403
32941982,1,0,0.40186,0.3471,0.25105
16909358,2,2,0.05532,0.03422,0.91046
36972573,2,2,0.00273,0.00983,0.98744
15207388,0,0,0.97252,0.02648,0.001
31432053,2,2,0.00795,0.02919,0.96286
6005612,2,2,0.00374,0.02153,0.97472
380296,2,2,0.00545,0.01816,0.97638
19927756,2,2,0.0024,0.01618,0.98143
36948189,0,0,0.95757,0.03771,0.00472
22114022,2,2,0.02174,0.30722,0.67104
7720074,2,0,0.54541,0.42477,0.02982
26238576,0,1,0.47616,0.51485,0.009
23762952,2,2,0.00104,0.00494,0.99402
16230491,0,0,0.8469,0.14774,0.00536
36595413,2,2,0.00345,0.00975,0.9868
27754689,2,2,0.00348,0.01555,0.98097
31584338,0,0,0.98786,0.01076,0.00137
2504401,2,2,0.0018,0.00768,0.99052
36444889,2,2,0.00182,0.01023,0.98795
16676336,2,2,0.007,0.10411,0.88889
2788228,2,2,0.00461,0.02974,0.96565
7517629,2,2,0.02043,0.34414,0.63544
33023323,2,2,0.00264,0.01264,0.98472
2952178,0,0,0.94169,0.05579,0.00252
35286525,0,0,0.72723,0.23795,0.03482
14679500,1,1,0.09552,0.84642,0.05805
6311121,2,2,0.00132,0.00542,0.99326
26902285,2,2,0.00394,0.01711,0.97895
377161,0,0,0.58346,0.40415,0.0124
26194083,2,2,0.00486,0.02544,0.9697
29595685,2,2,0.00133,0.0089,0.98976
18036079,2,2,0.00275,0.01753,0.97972
25932987,2,2,0.00134,0.00734,0.99133
32782915,0,0,0.99095,0.00728,0.00177
35632470,2,2,0.05515,0.15932,0.78553
37719943,2,2,0.16607,0.38688,0.44704
29902325,2,2,0.00237,0.00991,0.98771
30012139,2,2,0.00153,0.01162,0.98684
20710375,2,2,0.00488,0.05046,0.94466
12739861,2,2,0.00711,0.11856,0.87433
7197278,2,2,0.00308,0.01391,0.98301
14283232,2,2,0.08915,0.20135,0.7095
41122673,2,2,0.00157,0.01939,0.97904
3681250,2,1,0.05289,0.79256,0.15455
36220854,2,2,0.04494,0.08012,0.87494
11297562,2,2,0.00716,0.09841,0.89443
21687029,2,2,0.00241,0.02634,0.97125
15414938,2,2,0.00164,0.00633,0.99203
24024415,2,2,0.00171,0.0094,0.98889
25765836,0,0,0.98094,0.01688,0.00218
35531986,2,2,0.16596,0.28024,0.5538
26141820,2,2,0.00196,0.01162,0.98642
19562002,0,2,0.10496,0.17493,0.72011
32643344,2,2,0.00726,0.01913,0.97361
37135378,2,2,0.00156,0.01059,0.98785
35876275,0,0,0.5924,0.39772,0.00988
35497075,2,2,0.04043,0.05376,0.90581
28306198,2,1,0.08197,0.46439,0.45364
12476902,2,2,0.00683,0.11222,0.88095
19033017,2,2,0.01098,0.14352,0.8455
16196437,0,2,0.20169,0.28527,0.51304
33737490,0,1,0.1403,0.68589,0.1738
34367980,2,2,0.00156,0.01136,0.98709
32872450,0,0,0.95912,0.03924,0.00163
34679866,2,2,0.13881,0.3291,0.5321
29449833,2,2,0.02128,0.07398,0.90475
5494780,0,0,0.60203,0.35949,0.03849
13004403,0,0,0.97114,0.02759,0.00127
21688474,2,2,0.01362,0.08934,0.89704
28727209,2,2,0.01168,0.0887,0.89961
5339858,2,2,0.00331,0.02019,0.9765
10142408,2,2,0.02334,0.43702,0.53964
40880131,2,2,0.00358,0.07766,0.91876
18438915,0,0,0.89167,0.10567,0.00267
12262479,2,2,0.00182,0.01251,0.98568
18391483,2,2,0.00311,0.02027,0.97662
19126423,1,2,0.02195,0.36121,0.61684
40769659,2,2,0.0027,0.02156,0.97574
25704868,2,2,0.00138,0.0097,0.98893
36336555,1,2,0.02384,0.21086,0.7653
19070405,2,2,0.00236,0.03055,0.96709
9077641,2,2,0.01409,0.05074,0.93517
24055612,2,2,0.00181,0.01576,0.98243
17873106,0,0,0.95871,0.03905,0.00223
22468302,2,2,0.00244,0.01166,0.9859
3249914,0,0,0.97298,0.02555,0.00146
5315618,2,2,0.00527,0.05162,0.94311
2435408,2,2,0.00249,0.00823,0.98928
4592945,0,0,0.79016,0.20452,0.00532
19320733,1,1,0.06842,0.82383,0.10775
35317811,2,1,0.47033,0.51254,0.01713
2434152,2,2,0.00337,0.01628,0.98034
33200610,2,2,0.00174,0.00805,0.99021
15789114,1,1,0.33544,0.58642,0.07813
22617158,2,2,0.01126,0.07316,0.91558
5338277,2,2,0.00118,0.00534,0.99348
30249836,2,2,0.00745,0.11832,0.87424
30012599,2,2,0.00518,0.05342,0.9414
144505,2,2,0.00317,0.01491,0.98192
8999801,2,2,0.03555,0.31935,0.6451
5734204,2,2,0.00221,0.01808,0.9797
26676714,2,2,0.00116,0.00769,0.99115
22830655,2,2,0.00353,0.01751,0.97895
11425805,2,2,0.00126,0.00674,0.99201
30404230,0,0,0.7635,0.22924,0.00725
7740101,2,2,0.00161,0.00577,0.99262
4214099,2,2,0.00174,0.01023,0.98803
13014825,2,1,0.19834,0.75885,0.04281
39424976,2,2,0.04464,0.44044,0.51492
40834389,1,2,0.00751,0.03868,0.9538
40273725,2,2,0.00953,0.07749,0.91298
16018664,2,2,0.00386,0.02137,0.97477
20071627,2,2,0.00214,0.01795,0.97991
40672306,0,0,0.68693,0.30722,0.00585
18155732,2,2,0.00125,0.01016,0.98859
32850891,2,2,0.02709,0.0897,0.88321
12425997,2,2,0.00235,0.01901,0.97864
2001393,2,2,0.0014,0.00628,0.99232
25900206,2,2,0.00161,0.00577,0.99262
1811455,0,0,0.98273,0.01613,0.00113
8635719,1,1,0.42702,0.55694,0.01605
18467341,2,2,0.00327,0.01598,0.98075
10963016,0,0,0.97158,0.02666,0.00176
14213651,2,2,0.0022,0.03721,0.96059
17131653,2,2,0.00422,0.02517,0.97061
36330553,2,2,0.00362,0.02461,0.97177
16236971,2,2,0.00231,0.02036,0.97733
20819867,2,2,0.00784,0.02017,0.97199
31985310,2,1,0.08304,0.71736,0.19959
21493981,0,0,0.97666,0.02244,0.0009
5401972,0,0,0.90247,0.08164,0.0159
29760125,2,2,0.00151,0.00954,0.98894
9158957,2,2,0.00218,0.01795,0.97988
32875253,0,0,0.95832,0.04041,0.00127
26306422,2,1,0.02963,0.52113,0.44924
8952809,2,2,0.00151,0.01097,0.98752
20620015,1,1,0.31332,0.64542,0.04126
7794848,2,2,0.00145,0.01576,0.98278
11717198,2,2,0.00473,0.03578,0.95949
36997337,2,2,0.05811,0.45531,0.48657
26258445,0,0,0.76505,0.22351,0.01144
37381869,2,2,0.0018,0.01931,0.97889
722442,2,2,0.00182,0.01213,0.98606
14999429,2,2,0.00323,0.01283,0.98394
18086585,2,2,0.00241,0.01088,0.98672
22756261,2,2,0.00233,0.01113,0.98653
13916417,0,0,0.99134,0.0076,0.00106
15316787,2,2,0.003,0.02291,0.97409
17376764,2,2,0.00963,0.02311,0.96726
25447523,2,2,0.02841,0.08093,0.89067
1567925,2,2,0.03675,0.05895,0.9043
21503309,0,0,0.98237,0.01669,0.00094
34414,2,2,0.0034,0.08346,0.91315
25773825,2,2,0.00121,0.01097,0.98781
29528670,1,1,0.1488,0.83321,0.01798
31690058,2,2,0.05254,0.28184,0.66562
36704985,2,2,0.00146,0.00955,0.98899
25586044,2,2,0.00273,0.01113,0.98615
2918409,2,2,0.00184,0.01459,0.98357
3011527,2,2,0.00166,0.00947,0.98887
34895969,2,2,0.00906,0.21275,0.77819
12465163,0,0,0.98562,0.01326,0.00112
32087474,2,2,0.00232,0.03251,0.96517
32160747,2,1,0.03761,0.71522,0.24717
15284341,2,2,0.00161,0.00897,0.98942
34498293,2,1,0.02707,0.70373,0.2692
15864418,2,2,0.0049,0.04624,0.94886
12415699,1,1,0.01606,0.74983,0.23411
27610629,2,2,0.00356,0.01061,0.98583
23295935,2,2,0.00269,0.00869,0.98862
23987513,2,2,0.00177,0.01961,0.97862
39662695,2,2,0.00242,0.00623,0.99135
20794970,2,2,0.00562,0.01961,0.97477
22366783,0,0,0.938,0.06067,0.00132
16335759,0,0,0.94907,0.04847,0.00247
25282090,2,2,0.00535,0.03734,0.95732
31616320,2,2,0.00264,0.01121,0.98614
28578772,2,2,0.00158,0.01008,0.98834
29278646,0,0,0.94982,0.04416,0.00601
22584267,2,2,0.0043,0.03738,0.95832
21364768,0,0,0.94724,0.0501,0.00266
31033727,0,0,0.84481,0.14369,0.0115
18830893,2,2,0.00169,0.00568,0.99263
21405207,0,0,0.51711,0.45279,0.0301
14656466,2,2,0.00145,0.01845,0.9801
24615039,2,2,0.00829,0.11924,0.87247
36920701,0,0,0.98527,0.01386,0.00087
24077656,0,1,0.04139,0.72228,0.23633
5639009,0,0,0.65413,0.33936,0.00651
33240444,2,2,0.00426,0.01566,0.98008
13271018,2,2,0.00478,0.02643,0.96879
38821447,2,1,0.13543,0.83941,0.02515
3000674,2,2,0.00523,0.02807,0.96669
28044453,2,2,0.00433,0.04566,0.95
31702592,2,2,0.00635,0.02059,0.97305
6255209,0,0,0.77017,0.22413,0.0057
5573324,2,2,0.0039,0.15498,0.84112
36171150,2,2,0.00241,0.01189,0.98571
37370666,2,2,0.00446,0.01825,0.97729
34156544,2,2,0.0066,0.04373,0.94967
15357762,2,2,0.01889,0.15227,0.82883
17626176,2,2,0.00112,0.00993,0.98895
41066438,2,2,0.00552,0.02158,0.9729
15897108,2,2,0.00656,0.0648,0.92864
812632,2,2,0.00382,0.03259,0.96359
38382653,1,1,0.34523,0.63498,0.01978
17900350,2,1,0.23384,0.64377,0.12239
19925671,2,2,0.00184,0.01305,0.98511
25226220,2,2,0.00167,0.0046,0.99373
32869113,2,2,0.00362,0.05444,0.94194
7292826,2,2,0.01308,0.16476,0.82215
16976084,2,2,0.00657,0.03324,0.96019
2461714,2,2,0.00134,0.00633,0.99233
20080286,0,0,0.95966,0.03575,0.00459
37626636,2,2,0.00152,0.00529,0.99319
21032669,2,2,0.00185,0.00762,0.99052
4827529,2,1,0.03061,0.85354,0.11585
34441268,2,2,0.00538,0.01582,0.9788
36354494,2,2,0.00361,0.04253,0.95387
4725572,2,2,0.00901,0.08662,0.90437
20723164,2,2,0.00588,0.02029,0.97383
33017143,0,0,0.90522,0.08645,0.00834
29310325,2,2,0.00874,0.1791,0.81215
39124070,2,2,0.03263,0.07858,0.88879
32244609,2,2,0.00293,0.0307,0.96636
14814889,2,1,0.15343,0.71539,0.13118
33323991,0,1,0.32705,0.57064,0.10231
40362459,0,0,0.89196,0.10488,0.00317
40101626,2,2,0.00557,0.02882,0.96562
1666225,1,1,0.33104,0.61364,0.05532
39449518,2,2,0.00247,0.01668,0.98085
27294246,0,0,0.99229,0.00585,0.00186
15509959,0,0,0.98827,0.00868,0.00305
20815446,2,2,0.00585,0.04023,0.95392
21955852,2,2,0.00282,0.00804,0.98914
41271610,2,2,0.00205,0.02892,0.96902
8004312,1,0,0.4819,0.42861,0.08949
9970493,2,2,0.00176,0.01189,0.98634
15532921,2,2,0.00553,0.0203,0.97418
18824286,0,0,0.93715,0.06109,0.00175
34317751,0,1,0.26011,0.72949,0.01041
24887738,0,1,0.17749,0.79858,0.02393
22344939,0,0,0.98982,0.00798,0.0022
36704770,2,2,0.00352,0.02049,0.97599
16496015,2,2,0.00177,0.00638,0.99185
25262139,2,2,0.00371,0.01502,0.98127
31656630,2,2,0.00356,0.02406,0.97238
567488,2,2,0.00416,0.00997,0.98587
25022111,2,2,0.00386,0.02049,0.97565
35027958,2,2,0.00499,0.02917,0.96584
19534827,2,2,0.00208,0.01557,0.98235
26994264,0,0,0.67898,0.31575,0.00527
28996529,2,2,0.00259,0.01726,0.98015
21089987,2,2,0.0013,0.00482,0.99388
30490990,2,2,0.00383,0.01462,0.98156
18502551,2,1,0.04983,0.80427,0.1459
13324086,2,2,0.00359,0.01685,0.97956
23987924,2,2,0.00535,0.03734,0.95732
9591643,2,2,0.00442,0.02594,0.96964
32709544,1,1,0.27884,0.69012,0.03104
37906374,2,2,0.00291,0.023,0.97409
21219861,2,2,0.00743,0.03462,0.95795
30918731,0,0,0.9781,0.01778,0.00412
29511532,1,2,0.02195,0.4585,0.51955
38224425,2,2,0.00392,0.03587,0.9602
16276342,1,0,0.87321,0.12433,0.00245
30143450,2,2,0.00375,0.01876,0.97748
34451981,2,2,0.00538,0.01619,0.97843
37541681,2,2,0.00194,0.01084,0.98722
13234036,2,2,0.01083,0.1153,0.87387
41479784,2,2,0.00114,0.00734,0.99152
1965013,0,0,0.95791,0.03983,0.00227
25488285,2,2,0.01409,0.05074,0.93517
21791701,1,2,0.01031,0.31081,0.67888
37451494,2,2,0.00313,0.02961,0.96726
10048858,2,0,0.46641,0.4503,0.0833
24629983,2,1,0.06067,0.78071,0.15861
1255417,2,2,0.00305,0.0081,0.98885
12372435,1,0,0.94224,0.0549,0.00286
2324274,2,2,0.00151,0.01093,0.98756
7729306,2,2,0.00471,0.02544,0.96985
18327621,0,0,0.98451,0.01294,0.00256
27165624,0,0,0.97455,0.02234,0.0031
37238341,2,2,0.00902,0.07136,0.91962
7056890,0,0,0.99276,0.0059,0.00134
34926866,2,2,0.00488,0.01962,0.97549
19630052,0,0,0.98946,0.00908,0.00146
13764377,2,2,0.00503,0.03693,0.95804
25580410,0,0,0.98308,0.01595,0.00097
9536727,2,2,0.00281,0.02593,0.97125
19685335,1,1,0.38752,0.42727,0.18521
35684880,2,2,0.00124,0.006,0.99277
29128390,2,2,0.0023,0.01198,0.98572
13255522,2,2,0.00338,0.01349,0.98313
27888025,0,1,0.10194,0.46043,0.43763
16222105,2,2,0.00342,0.03347,0.96311
13519165,0,0,0.62305,0.37204,0.00491
14955029,2,2,0.00382,0.01597,0.98021
33195976,2,2,0.00517,0.02505,0.96978
28854145,2,2,0.00144,0.01351,0.98505
13422471,2,2,0.00627,0.07787,0.91586
1979147,2,2,0.00099,0.00706,0.99195
36955136,2,2,0.00248,0.0135,0.98402
28072062,2,2,0.16822,0.19938,0.6324
14594772,2,2,0.0049,0.0162,0.9789
15343370,0,0,0.54873,0.42735,0.02392
22423886,2,2,0.00893,0.27577,0.7153
36087087,2,2,0.00193,0.01198,0.98608
4822970,2,2,0.00449,0.01137,0.98414
35687045,2,2,0.00204,0.00673,0.99123
6172061,2,2,0.00355,0.01258,0.98387
11566255,2,2,0.00409,0.02479,0.97111
38594929,0,0,0.97617,0.02256,0.00128
24734183,2,2,0.00277,0.02608,0.97115
11216961,2,2,0.01489,0.1264,0.85871
20511867,0,0,0.68701,0.30486,0.00812
29752831,2,2,0.0078,0.03308,0.95913
18607969,2,1,0.02369,0.5969,0.37941
16149273,2,2,0.00613,0.04052,0.95335
27065791,2,2,0.00365,0.02937,0.96697
18098370,2,1,0.25764,0.60078,0.14159
12879551,2,2,0.00191,0.01051,0.98758
3519807,2,2,0.00147,0.00521,0.99332
19937610,2,2,0.00107,0.00717,0.99176
8129737,2,2,0.00218,0.01533,0.98249
1352671,2,2,0.00243,0.01893,0.97864
11248374,2,2,0.00739,0.12542,0.86719
31379984,0,0,0.99017,0.00887,0.00096
21722648,2,1,0.025,0.68097,0.29403
16995497,2,1,0.15567,0.82207,0.02225
20710453,2,2,0.00197,0.01011,0.98792
21420562,2,2,0.00145,0.00643,0.99213
28944022,0,0,0.97518,0.02377,0.00106
9126576,2,2,0.00466,0.03433,0.96101
29382507,2,1,0.02723,0.49019,0.48259
32793323,0,0,0.96991,0.02631,0.00378
12919682,2,2,0.01675,0.18225,0.80099
1752033,2,2,0.00552,0.03602,0.95846
2498053,2,2,0.00881,0.0497,0.94149
7195412,1,1,0.11565,0.82462,0.05973
9621765,0,0,0.51277,0.46325,0.02398
34121147,2,2,0.00342,0.01813,0.97845
22835262,1,1,0.05859,0.88827,0.05314
26001731,2,2,0.00147,0.00689,0.99164
37656035,1,1,0.32048,0.66794,0.01158
30406028,2,2,0.00153,0.00958,0.98888
20444869,2,2,0.0021,0.00883,0.98907
34625289,2,2,0.00204,0.02284,0.97512
20118285,0,0,0.89641,0.09653,0.00706
4915493,2,1,0.03661,0.51738,0.44601
16655844,2,2,0.00301,0.02004,0.97695
1322065,1,1,0.05114,0.91539,0.03347
19246685,0,0,0.98735,0.01168,0.00097
40261157,0,0,0.99253,0.00609,0.00138
39051769,0,0,0.96051,0.0379,0.00159
29751878,2,1,0.07125,0.74823,0.18052
22602273,2,2,0.00319,0.02463,0.97218
24314492,2,2,0.00163,0.01167,0.9867
37672654,2,2,0.00157,0.01762,0.98081
21512324,2,2,0.00331,0.01943,0.97726
7348588,2,2,0.01869,0.16144,0.81987
19721936,2,1,0.02488,0.52368,0.45144
221505,0,0,0.94252,0.05438,0.0031
6515611,2,2,0.00177,0.01972,0.9785
3908618,2,2,0.00176,0.0127,0.98554
35894664,2,2,0.0018,0.0078,0.9904
9427427,2,2,0.01054,0.09851,0.89096
4880643,0,0,0.98954,0.00918,0.00127
9395913,2,2,0.00143,0.01534,0.98322
1640251,2,2,0.00618,0.18421,0.80961
3986694,2,2,0.00218,0.01481,0.98301
4315386,1,1,0.41883,0.54625,0.03492
22467368,2,2,0.00268,0.04156,0.95575
34599446,2,2,0.00291,0.02473,0.97237
27047139,2,2,0.00118,0.00525,0.99356
39701203,2,2,0.00159,0.00618,0.99223
25577103,0,0,0.98386,0.00845,0.00769
19449286,2,2,0.01304,0.25792,0.72903
28733542,2,2,0.01422,0.0851,0.90068
14798106,2,2,0.0012,0.00857,0.99024
26715730,2,2,0.0014,0.00818,0.99042
701903,0,0,0.89121,0.10176,0.00702
16508536,2,2,0.00509,0.02553,0.96938
4802173,2,2,0.02737,0.20946,0.76318
13703037,2,2,0.00166,0.01118,0.98716
1245556,0,0,0.99247,0.00599,0.00154
1917880,2,2,0.00191,0.01055,0.98754
24050361,2,2,0.00147,0.00824,0.99029
35920398,2,2,0.00166,0.01076,0.98758
13577673,2,2,0.02037,0.03562,0.94401
38657180,2,2,0.05476,0.26228,0.68296
31275211,2,2,0.00951,0.02838,0.96211
22836190,0,0,0.51192,0.47345,0.01464
11049999,2,2,0.00241,0.02517,0.97242
38332431,0,0,0.97084,0.02761,0.00155
4203125,2,2,0.00262,0.01822,0.97916
17926616,0,0,0.81949,0.15918,0.02133
18047097,2,2,0.00899,0.12955,0.86146
20829387,2,2,0.00182,0.01131,0.98687
2618750,2,2,0.00421,0.01191,0.98388
1669121,2,2,0.00118,0.00568,0.99314
26778156,0,1,0.21513,0.7657,0.01917
7227027,2,2,0.00795,0.04359,0.94846
35439564,2,2,0.01557,0.05085,0.93358
12992624,2,2,0.00177,0.00876,0.98947
29790110,2,0,0.70173,0.27913,0.01914
19781288,0,0,0.9914,0.00751,0.00109
38433162,2,1,0.01991,0.88043,0.09965
15503550,2,2,0.00096,0.00555,0.99349
17257611,1,1,0.11629,0.8418,0.04191
36882865,2,2,0.00352,0.0217,0.97478
29320994,2,2,0.01589,0.30329,0.68082
683529,2,2,0.00149,0.00739,0.99112
10827075,2,2,0.0013,0.00706,0.99165
39123162,2,1,0.114,0.5767,0.30929
33160802,0,0,0.86877,0.12763,0.00361
21307373,2,2,0.0018,0.00811,0.99009
7134563,2,2,0.00277,0.02525,0.97197
2031886,0,0,0.98614,0.01062,0.00324
26468889,2,2,0.00418,0.02056,0.97526
1257209,2,2,0.00649,0.03025,0.96326
27744411,2,2,0.00779,0.26837,0.72383
20988101,2,2,0.0027,0.04952,0.94777
14129743,2,2,0.0091,0.11852,0.87237
24609669,2,2,0.00298,0.01532,0.9817
28461025,2,2,0.00713,0.05922,0.93365
27837764,0,1,0.05909,0.68423,0.25668
30343809,0,0,0.95375,0.04469,0.00155
3403409,2,2,0.00145,0.00385,0.9947
37117817,1,1,0.02389,0.70907,0.26704
26515164,2,2,0.00334,0.01062,0.98604
34691667,2,2,0.0017,0.01748,0.98082
30588822,0,0,0.99146,0.00737,0.00118
7445612,2,2,0.00408,0.02881,0.96711
2136474,2,2,0.01154,0.43657,0.55188
24821253,2,1,0.03193,0.70994,0.25813
30001956,2,2,0.00357,0.02263,0.9738
1631169,2,2,0.00875,0.04141,0.94984
40144622,2,2,0.01714,0.23108,0.75178
13552948,2,2,0.00455,0.01368,0.98177
25579440,2,2,0.05739,0.22128,0.72133
17534331,2,2,0.00308,0.01391,0.98301
10178333,2,2,0.00256,0.01309,0.98436
23514241,0,1,0.17235,0.8032,0.02444
25216156,2,2,0.00172,0.02003,0.97825
21351610,2,2,0.00262,0.01937,0.97801
34676295,0,0,0.94205,0.05613,0.00182
7510024,2,2,0.00093,0.00831,0.99076
31177542,2,2,0.00664,0.023,0.97036
30197467,2,2,0.00138,0.00604,0.99258
6502764,0,0,0.92661,0.07048,0.0029
8096745,2,2,0.00142,0.00628,0.9923
458425,2,2,0.00131,0.00962,0.98907
10379858,2,2,0.00628,0.04626,0.94746
29097245,0,0,0.89527,0.10323,0.0015
26052749,2,2,0.01732,0.10835,0.87434
4714297,2,2,0.00194,0.007,0.99106
1611217,2,2,0.00244,0.01304,0.98452
9756298,2,2,0.00438,0.0931,0.90252
10912808,2,2,0.004,0.01805,0.97795
19019719,2,2,0.00197,0.02484,0.97319
29227671,2,2,0.00102,0.00805,0.99092
28111287,2,2,0.00431,0.03593,0.95976
4558178,2,2,0.00158,0.01027,0.98815
17092756,2,2,0.01426,0.1173,0.86844
3947149,2,2,0.00569,0.05174,0.94257
16860578,2,2,0.00145,0.00559,0.99296
32010917,2,2,0.00281,0.01244,0.98475
37960774,2,1,0.29557,0.59591,0.10852
8710789,0,0,0.98257,0.01645,0.00098
21482889,2,2,0.0016,0.0127,0.9857
36859874,2,2,0.01022,0.04043,0.94935
22778335,2,2,0.00169,0.00733,0.99098
25842742,2,2,0.01948,0.03433,0.94618
12909599,2,2,0.10392,0.43579,0.46029
13941976,0,0,0.79709,0.19534,0.00757
10124809,2,2,0.00135,0.01106,0.98759
7971022,2,2,0.00275,0.01959,0.97766
10791570,2,2,0.0014,0.00757,0.99103
8325521,2,2,0.00134,0.00521,0.99345
31702369,2,2,0.00286,0.00983,0.98731
38122120,2,2,0.00252,0.01212,0.98536
17143563,2,2,0.00575,0.02661,0.96764
29792765,0,0,0.98607,0.01217,0.00176
20550243,2,2,0.0035,0.0099,0.9866
36374100,2,2,0.00265,0.02483,0.97253
5929672,2,2,0.00244,0.01122,0.98634
13697449,2,2,0.00427,0.03054,0.96519
8523483,2,2,0.00686,0.05159,0.94156
16332468,2,2,0.00347,0.01877,0.97776
10406914,2,2,0.00331,0.01996,0.97673
11876917,2,2,0.00149,0.00944,0.98908
30426695,2,2,0.00237,0.01274,0.98489
24818558,0,0,0.96879,0.02918,0.00202
32673704,1,1,0.11889,0.7768,0.10431
7113380,2,1,0.44273,0.50562,0.05165
36748931,2,2,0.01107,0.04587,0.94307
8596503,2,2,0.00156,0.0083,0.99014
18029009,2,2,0.011,0.19344,0.79556
15101436,2,2,0.01409,0.05074,0.93517
24743162,2,2,0.00156,0.00837,0.99007
33445800,2,2,0.00124,0.00513,0.99363
33464781,2,2,0.00219,0.01109,0.98672
28508051,2,2,0.00113,0.00559,0.99328
22341095,2,2,0.00373,0.02406,0.97221
23855756,2,2,0.01005,0.2961,0.69385
25303203,2,2,0.02865,0.24947,0.72187
23334962,1,1,0.04049,0.56776,0.39175
28907491,2,2,0.00201,0.01998,0.97801
34044907,2,2,0.00351,0.03755,0.95894
20394312,2,2,0.00135,0.00904,0.9896
18238855,2,2,0.00156,0.01097,0.98747
3629252,2,2,0.00343,0.01604,0.98054
25066949,2,2,0.0033,0.08184,0.91486
38261199,2,1,0.09328,0.58494,0.32178
9209342,2,2,0.10274,0.21938,0.67788
27546794,1,1,0.10588,0.85592,0.0382
19350439,0,0,0.98626,0.01281,0.00093
34765273,2,2,0.00511,0.05134,0.94355
17640017,2,2,0.00196,0.01563,0.98241
455691,2,2,0.00195,0.01844,0.97961
31627508,2,2,0.00561,0.02037,0.97401
4345353,2,2,0.00947,0.08347,0.90707
7655382,2,2,0.00336,0.01884,0.97779
22544904,2,2,0.00128,0.0055,0.99322
14957144,2,2,0.00166,0.01023,0.98811
40288653,2,2,0.01779,0.08373,0.89847
39954316,0,0,0.97457,0.02301,0.00242
35058165,2,1,0.36912,0.47581,0.15508
39648014,0,0,0.95542,0.0421,0.00248
17652235,0,0,0.98735,0.01118,0.00146
32679084,2,2,0.00169,0.00756,0.99075
4679244,2,2,0.00198,0.01754,0.98047
32169517,2,0,0.58289,0.30716,0.10995
23506346,2,2,0.00178,0.01795,0.98027
22475963,2,2,0.00163,0.00977,0.9886
30166458,2,2,0.00207,0.00628,0.99165
30316990,2,2,0.00116,0.00658,0.99226
41053023,2,2,0.00203,0.01051,0.98746
39484716,2,2,0.01692,0.19902,0.78406
38832707,2,0,0.75586,0.15766,0.08648
9611770,0,0,0.85508,0.14179,0.00313
4135183,2,2,0.00725,0.08693,0.90582
11960948,2,2,0.15174,0.10865,0.73961
37755265,2,2,0.01045,0.02618,0.96337
21664027,2,2,0.00202,0.01675,0.98123
2281517,2,2,0.04769,0.14574,0.80657
35853841,2,2,0.02058,0.04767,0.93174
1827312,0,1,0.24655,0.38224,0.37121
2145042,0,0,0.67947,0.298,0.02253
1328867,2,2,0.00262,0.01878,0.97859
35474984,2,2,0.00186,0.01983,0.97831
20832601,2,2,0.00459,0.02024,0.97517
39721651,2,2,0.0047,0.01181,0.98349
37512680,0,0,0.77843,0.12933,0.09225
25610609,2,2,0.00233,0.026,0.97167
19052347,2,2,0.00154,0.00793,0.99054
29269806,2,1,0.06916,0.77315,0.15769
9594716,0,0,0.62538,0.35356,0.02107
8020400,1,1,0.25299,0.7151,0.03191
8206243,2,1,0.1021,0.8031,0.0948
32756208,2,2,0.01832,0.02708,0.9546
15543428,2,2,0.00138,0.00787,0.99076
5064534,2,2,0.0035,0.00967,0.98682
8981110,2,2,0.00302,0.01648,0.9805
27548207,0,0,0.70759,0.28813,0.00427
39963843,2,2,0.0044,0.08796,0.90764
20917098,2,2,0.00492,0.02745,0.96763
9439232,2,2,0.00454,0.19532,0.80014
914122,2,2,0.00987,0.15584,0.83429
9300397,2,2,0.00178,0.01782,0.98041
9034373,2,2,0.02043,0.05468,0.92488
39860252,2,2,0.00183,0.00733,0.99084
4350730,2,1,0.1044,0.86729,0.02832
40563109,2,2,0.00179,0.01097,0.98724
990500,2,2,0.0278,0.22081,0.75139
22051701,2,2,0.00213,0.00663,0.99124
31539344,2,2,0.00109,0.00912,0.9898
5096007,2,2,0.02762,0.26002,0.71236
27507709,2,2,0.00374,0.00755,0.98871
10762299,2,2,0.01714,0.23108,0.75178
29999315,2,2,0.02704,0.15138,0.82158
41010926,2,2,0.0028,0.01667,0.98053
29112668,1,2,0.03331,0.23762,0.72907
16696827,2,1,0.06449,0.64875,0.28676
27196344,2,2,0.00216,0.01088,0.98696
4021646,1,1,0.12368,0.60405,0.27227
3098888,2,2,0.00302,0.03176,0.96521
8443936,2,2,0.00151,0.00679,0.9917
16540941,0,0,0.73179,0.26093,0.00729
29856400,2,2,0.00204,0.00525,0.99271
12000357,2,2,0.00109,0.00513,0.99377
24120392,2,2,0.00147,0.00628,0.99225
23704698,0,0,0.97876,0.01724,0.004
13303986,2,2,0.01006,0.09821,0.89173
7480636,2,2,0.00141,0.01505,0.98354
3683753,2,2,0.01963,0.22032,0.76005
7609335,2,2,0.00733,0.03322,0.95946
40544840,2,1,0.39207,0.51941,0.08851
5869643,2,2,0.00136,0.00563,0.99301
41502832,0,0,0.74892,0.11575,0.13533
22459236,2,2,0.00186,0.01991,0.97823
2114100,2,2,0.00332,0.01806,0.97862
27106100,2,2,0.00156,0.00581,0.99263
16337572,2,2,0.00222,0.01335,0.98443
29537,1,0,0.8473,0.14782,0.00488
38920439,0,1,0.36591,0.61279,0.0213
16763104,2,2,0.00116,0.00604,0.99279
29975104,0,0,0.97161,0.02321,0.00518
37695644,2,1,0.19617,0.68873,0.1151
24272691,2,2,0.01362,0.20726,0.77913
11674448,2,2,0.00472,0.02349,0.9718
1714108,2,2,0.00429,0.02498,0.97073
11341526,2,2,0.00497,0.01703,0.978
10468072,0,0,0.99079,0.00808,0.00112
6255590,0,0,0.98473,0.01388,0.00139
13279835,2,2,0.01916,0.16616,0.81468
29524261,2,2,0.00116,0.00857,0.99027
40209447,0,0,0.90843,0.086,0.00557
3998004,0,0,0.95073,0.04255,0.00671
39765862,2,2,0.00275,0.04721,0.95003
17527875,2,2,0.00281,0.01279,0.98441
39718054,2,1,0.03828,0.64742,0.3143
14687326,1,2,0.01606,0.07921,0.90473
34123685,2,2,0.00825,0.02296,0.96879
17203914,2,2,0.00178,0.01582,0.9824
32095754,2,2,0.0025,0.051,0.9465
36939847,2,2,0.00294,0.05975,0.93732
10622341,2,2,0.00127,0.00793,0.9908
2991548,2,2,0.00668,0.07603,0.91728
25236246,2,2,0.00197,0.00689,0.99114
40188746,2,0,0.97334,0.02262,0.00404
40102909,2,2,0.01049,0.04538,0.94413
16857961,2,2,0.02234,0.19638,0.78128
38453685,1,0,0.93926,0.05935,0.00139
5690009,2,2,0.00318,0.01211,0.98471
37667764,2,2,0.00128,0.00568,0.99304
1689113,2,2,0.0303,0.07031,0.89939
21842805,2,2,0.00394,0.01792,0.97815
19897297,0,0,0.71577,0.2803,0.00394
8123168,0,0,0.99213,0.00663,0.00124
2751746,0,0,0.98301,0.01546,0.00152
35439970,2,2,0.00154,0.00774,0.99072
12300818,2,2,0.00185,0.02447,0.97368
7752020,1,0,0.71983,0.26689,0.01329
7754929,2,2,0.00354,0.04559,0.95087
25976874,2,2,0.00216,0.01071,0.98713
13327226,1,1,0.14776,0.82091,0.03134
14222973,2,2,0.07045,0.18677,0.74277
12037935,2,2,0.00465,0.0375,0.95785
37162792,2,2,0.0163,0.13461,0.84909
30536057,2,1,0.02187,0.61956,0.35857
28546167,2,2,0.00153,0.01415,0.98432
39243610,2,2,0.00151,0.00897,0.98952
31362046,2,1,0.43226,0.46014,0.1076
13065477,2,2,0.00279,0.03394,0.96327
27598137,2,2,0.0105,0.03693,0.95257
24789232,0,0,0.61591,0.37357,0.01051
23539492,0,0,0.97508,0.02146,0.00346
16047486,2,2,0.00343,0.01647,0.9801
5468875,0,0,0.98576,0.01316,0.00108
38172047,2,2,0.00585,0.04023,0.95392
4888050,0,0,0.97408,0.02127,0.00465
33992477,2,2,0.00208,0.03406,0.96386
18656853,2,2,0.00149,0.00996,0.98855
12457961,2,2,0.00525,0.04003,0.95472
1884946,2,2,0.00545,0.04819,0.94636
20038726,2,2,0.0042,0.03072,0.96508
6638952,0,0,0.99098,0.00722,0.0018
10885302,2,2,0.00227,0.00969,0.98805
29019700,2,1,0.02247,0.62183,0.3557
5173445,0,0,0.9681,0.02867,0.00323
12736280,2,1,0.36512,0.59729,0.03759
32372270,0,0,0.88408,0.11328,0.00264
25942537,2,2,0.00774,0.08361,0.90865
20287472,2,2,0.0047,0.02593,0.96936
5060297,0,0,0.95866,0.03789,0.00346
25910944,2,2,0.00401,0.08846,0.90753
37914009,0,0,0.93004,0.06369,0.00627
23160831,2,2,0.00151,0.00969,0.9888
31022535,2,2,0.00108,0.00586,0.99307
7284694,2,2,0.00118,0.0069,0.99192
30983459,0,0,0.87303,0.12286,0.00411
33292287,2,2,0.00313,0.01457,0.9823
4398701,2,2,0.00337,0.01725,0.97938
30793786,2,2,0.04207,0.07241,0.88553
21887392,2,2,0.00144,0.007,0.99155
30267290,2,2,0.00585,0.11175,0.8824
27991350,2,2,0.00549,0.02743,0.96708
4391176,1,0,0.94974,0.04869,0.00157
29516144,2,2,0.0034,0.02471,0.97189
13433048,2,1,0.11706,0.73264,0.1503
11183632,0,1,0.08093,0.86158,0.0575
7673520,2,2,0.00367,0.02415,0.97218
30136422,2,2,0.00399,0.02002,0.97599
34265901,2,2,0.00245,0.02253,0.97501
17315315,0,0,0.75655,0.22451,0.01894
36515421,2,2,0.00867,0.03564,0.9557
6183396,2,2,0.00113,0.00695,0.99192
16035150,2,2,0.00574,0.08737,0.90689
10999512,2,2,0.00823,0.06944,0.92233
36188928,2,2,0.00162,0.01789,0.98049
25246781,2,2,0.01199,0.18607,0.80195
25616660,2,2,0.00616,0.02076,0.97309
39620948,2,2,0.00329,0.00968,0.98703
6451739,2,2,0.00188,0.00843,0.98969
25777128,2,2,0.00127,0.00985,0.98888
7577319,2,2,0.0013,0.00609,0.99261
40090236,2,2,0.01146,0.3429,0.64564
36254195,2,1,0.01449,0.55214,0.43338
24937797,2,2,0.00404,0.02315,0.97281
18318750,2,2,0.00103,0.0049,0.99407
19147860,2,0,0.98806,0.01098,0.00096
23985637,2,2,0.00122,0.00831,0.99048
8204349,2,2,0.00233,0.01079,0.98687
41167970,0,0,0.98498,0.01299,0.00202
19644851,2,2,0.00521,0.04762,0.94717
11846005,2,1,0.08747,0.4803,0.43223
29412083,2,2,0.00176,0.0133,0.98494
7361078,2,2,0.00751,0.03956,0.95293
59462,2,2,0.00963,0.11007,0.8803
34219512,0,0,0.64064,0.35104,0.00832
37029665,2,2,0.0024,0.02916,0.96844
13374381,0,0,0.96445,0.03372,0.00183
31650605,2,2,0.00928,0.02183,0.96889
7558137,1,1,0.17244,0.78652,0.04104
25545007,1,2,0.04149,0.22874,0.72977
28204998,0,0,0.96452,0.03442,0.00106
34583845,2,2,0.00104,0.00912,0.98985
29404102,2,2,0.00424,0.03696,0.9588
29365397,2,2,0.00481,0.03413,0.96106
27643582,2,2,0.00129,0.00757,0.99114
34606240,2,0,0.65802,0.23623,0.10575
12559291,2,2,0.00745,0.01731,0.97524
980776,2,2,0.0204,0.28268,0.69692
27755091,2,2,0.10812,0.14721,0.74467
38672012,2,2,0.00583,0.01377,0.9804
33846841,0,0,0.99075,0.00815,0.00111
33356270,2,2,0.03417,0.21217,0.75367
27473032,2,2,0.00166,0.00628,0.99206
30737900,2,2,0.00397,0.03867,0.95735
20373603,2,2,0.00115,0.00486,0.99399
29056951,2,2,0.00149,0.0089,0.98961
37861283,2,2,0.00327,0.01786,0.97888
34586496,2,2,0.00111,0.00509,0.9938
18774429,2,2,0.00533,0.05573,0.93894
33820288,2,2,0.00144,0.01064,0.98792
4243346,2,1,0.06067,0.78071,0.15861
14026448,0,0,0.96034,0.03749,0.00217
15510298,2,2,0.00142,0.01149,0.98709
29561171,0,1,0.18286,0.80053,0.01661
30310726,2,2,0.0079,0.03526,0.95684
22233547,2,2,0.0079,0.23465,0.75745
13880096,0,0,0.98672,0.01235,0.00093
25055168,2,2,0.02027,0.23103,0.7487
37957401,2,2,0.0014,0.00559,0.99301
25236810,2,2,0.01147,0.05539,0.93314
10516850,2,2,0.00138,0.00517,0.99345
10556317,2,2,0.02192,0.21128,0.7668
22344538,2,2,0.00538,0.01708,0.97754
33754670,2,2,0.01047,0.02463,0.9649
23994646,2,2,0.00206,0.00969,0.98825
24687183,0,0,0.56163,0.28241,0.15596
427192,2,2,0.00132,0.00509,0.99359
38428858,2,2,0.00475,0.03117,0.96408
36625124,2,2,0.02615,0.06626,0.90759
24445844,2,2,0.00858,0.08798,0.90344
12916462,2,2,0.0036,0.01479,0.98162
13121316,2,2,0.19793,0.29067,0.51139
5314483,2,2,0.05622,0.19739,0.74639
913477,0,0,0.90703,0.08137,0.0116
20363386,2,1,0.22343,0.53546,0.24111
20253770,2,2,0.00594,0.0262,0.96786
37110871,2,1,0.0636,0.79323,0.14317
32780215,2,2,0.00317,0.03,0.96682
14039554,2,2,0.00288,0.03531,0.96182
16016372,0,0,0.88117,0.11468,0.00414
6311517,2,1,0.02346,0.71839,0.25816
119310,2,2,0.00523,0.02797,0.9668
25832274,2,2,0.00124,0.004,0.99476
20324536,2,2,0.00165,0.02741,0.97094
4318809,1,1,0.0565,0.85666,0.08683
31851286,2,2,0.00127,0.01246,0.98627
30536472,2,2,0.00294,0.01249,0.98457
16425558,2,2,0.01256,0.05035,0.9371
15938592,2,2,0.00156,0.00793,0.99051
33913945,0,0,0.95392,0.04392,0.00215
7102695,2,2,0.00257,0.00896,0.98847
25727982,0,0,0.94686,0.05157,0.00156
5083532,2,2,0.01323,0.05202,0.93475
31168853,1,1,0.42906,0.49,0.08093
32122037,2,2,0.00103,0.00669,0.99229
13322965,2,2,0.00169,0.0083,0.99001
24216751,2,2,0.00237,0.02502,0.9726
30672800,2,1,0.07338,0.86311,0.06351
15279153,2,2,0.0053,0.06053,0.93417
11113653,2,2,0.02355,0.13322,0.84323
20129309,2,1,0.07462,0.54495,0.38043
26833396,0,0,0.51927,0.42382,0.05691
18303356,1,1,0.13237,0.77523,0.09241
41438423,0,0,0.98943,0.00974,0.00083
34921212,0,0,0.99263,0.00581,0.00156
36287808,0,0,0.96108,0.03745,0.00147
4807313,2,2,0.00107,0.00628,0.99264
30532090,0,0,0.98146,0.01744,0.0011
30090350,2,2,0.00246,0.02164,0.9759
9674429,2,2,0.00227,0.02441,0.97332
40878822,2,1,0.36983,0.60029,0.02989
4184633,2,2,0.00128,0.007,0.99172
27301534,2,1,0.05441,0.85112,0.09447
41590063,2,2,0.00474,0.0177,0.97756
28115118,2,2,0.00775,0.06825,0.924
38844535,1,0,0.87742,0.11736,0.00522
33536967,2,1,0.27958,0.64248,0.07794
39833914,0,1,0.40887,0.58113,0.01
38075081,2,2,0.00905,0.03133,0.95962
27034453,2,2,0.00194,0.01092,0.98714
10503351,2,2,0.06453,0.43581,0.49966
37110534,2,2,0.00136,0.00521,0.99343
38141296,2,2,0.00876,0.0323,0.95893
19713375,2,2,0.0012,0.00505,0.99375
38869543,2,1,0.45968,0.47613,0.06419
16105884,2,2,0.00116,0.00479,0.99405
39790389,2,2,0.00206,0.00969,0.98825
9991550,2,2,0.00257,0.02363,0.9738
24480432,2,2,0.00171,0.01162,0.98667
26626613,2,2,0.00122,0.00722,0.99156
13923115,2,2,0.00156,0.00877,0.98968
34016878,2,2,0.00467,0.01882,0.97652
18774424,2,2,0.00323,0.01249,0.98428
18710512,2,2,0.00144,0.00933,0.98923
33815314,0,0,0.95986,0.03814,0.002
22463875,0,1,0.26211,0.64369,0.09419
8184897,2,2,0.00282,0.00961,0.98758
11039276,2,2,0.00103,0.00609,0.99288
7407652,0,0,0.98884,0.01024,0.00092
30654768,2,2,0.03451,0.07538,0.8901
34370427,2,2,0.02512,0.10302,0.87186
29424631,0,1,0.05756,0.68498,0.25746
2774864,2,2,0.00538,0.0157,0.97892
26505829,2,2,0.00256,0.01376,0.98368
34427443,0,0,0.97115,0.02691,0.00193
39000142,0,0,0.97625,0.02221,0.00154
11216641,2,2,0.00492,0.02766,0.96742
29015098,2,2,0.00564,0.01619,0.97818
25572592,2,2,0.00227,0.0091,0.98863
25669964,0,0,0.97273,0.02478,0.00249
21679203,0,0,0.9503,0.04778,0.00192
485072,0,0,0.9583,0.03936,0.00234
6353609,1,1,0.11196,0.84433,0.04371
35820378,2,2,0.00927,0.10198,0.88875
1563451,2,2,0.00312,0.03093,0.96595
14993324,2,2,0.00106,0.00684,0.9921
5472032,2,2,0.00376,0.08944,0.9068
34371561,2,2,0.00267,0.01521,0.98212
25883257,2,2,0.01016,0.1305,0.85934
24948799,0,0,0.86976,0.1253,0.00493
24245690,2,2,0.006,0.01593,0.97807
39476540,2,2,0.00216,0.00925,0.98859
18328874,0,0,0.99232,0.00648,0.0012
32452088,2,2,0.00156,0.00947,0.98897
31713999,2,2,0.00386,0.0217,0.97444
6261064,2,2,0.00149,0.01035,0.98816
12006113,2,2,0.01611,0.05513,0.92877
24129076,2,2,0.00575,0.12692,0.86733
4174607,2,2,0.01279,0.17107,0.81614
10529050,2,2,0.0033,0.03777,0.95893
5897137,0,1,0.29565,0.6928,0.01155
8363174,0,0,0.88993,0.07391,0.03616
38976990,0,0,0.64276,0.33346,0.02378
17069482,1,1,0.06043,0.88455,0.05502
7248242,2,2,0.00241,0.01148,0.98611
19636800,2,2,0.0048,0.02135,0.97385
4558107,2,2,0.00499,0.02917,0.96584
40781219,2,2,0.00387,0.01876,0.97737
139813,0,0,0.99117,0.00781,0.00102
10992940,2,2,0.00443,0.00937,0.9862
31309540,2,2,0.01629,0.02972,0.95399
23346775,0,0,0.99263,0.00619,0.00118
29961160,2,2,0.00153,0.01019,0.98827
28466661,2,2,0.00809,0.16641,0.8255
39523341,2,2,0.01148,0.01005,0.97847
29009222,2,2,0.00216,0.02696,0.97089
27102051,2,2,0.00178,0.01741,0.98081
32859914,2,2,0.00169,0.0078,0.99051
15910195,2,2,0.00303,0.03047,0.9665
7308869,2,1,0.01399,0.68459,0.30142
18660183,2,2,0.00403,0.02423,0.97173
41407948,2,2,0.00246,0.00585,0.99169
33321416,2,2,0.00336,0.02026,0.97638
3314073,2,2,0.00678,0.07644,0.91678
36742076,2,2,0.00142,0.01154,0.98705
36684138,0,0,0.98576,0.0128,0.00144
31760343,2,2,0.00145,0.00542,0.99313
37282510,2,2,0.05467,0.16669,0.77864
38851857,2,2,0.00335,0.02308,0.97357
33725725,2,2,0.00169,0.00618,0.99213
1460663,2,2,0.00206,0.01101,0.98693
25351546,2,2,0.00129,0.00734,0.99137
19673901,0,0,0.99161,0.00706,0.00134
1065106,0,0,0.9921,0.00684,0.00106
18381779,2,2,0.00179,0.01199,0.98623
30281369,2,2,0.00167,0.01582,0.98251
10291166,0,0,0.94922,0.04595,0.00483
38661803,2,2,0.00291,0.02525,0.97184
35557980,2,2,0.00347,0.01813,0.97839
39678090,2,2,0.00884,0.11693,0.87422
40322516,0,0,0.99173,0.00711,0.00116
27662917,2,2,0.00152,0.00494,0.99355
27295757,2,2,0.01289,0.11125,0.87586
1227005,2,2,0.01048,0.16982,0.8197
39821387,2,2,0.00174,0.00648,0.99178
34577569,2,2,0.00176,0.01404,0.9842
27079614,2,2,0.00199,0.01289,0.98511
2492508,0,2,0.01742,0.09584,0.88673
32520777,2,2,0.00118,0.00847,0.99035
22427570,2,2,0.00671,0.07182,0.92146
28970762,0,0,0.95959,0.03903,0.00138
14228717,2,2,0.00411,0.0208,0.97509
777087,0,0,0.91933,0.07878,0.00189
40115572,0,0,0.98476,0.0141,0.00114
35853088,2,2,0.00237,0.01175,0.98588
12661222,2,2,0.00151,0.00751,0.99098
39549506,2,2,0.00122,0.00413,0.99465
24870424,2,2,0.00236,0.01569,0.98195
38687817,2,2,0.00378,0.02738,0.96884
22433972,2,0,0.95732,0.03871,0.00397
10575856,2,2,0.0023,0.01184,0.98586
11995477,2,2,0.00502,0.03806,0.95692
7405389,2,2,0.00219,0.01039,0.98742
35115397,1,0,0.97542,0.02267,0.00191
38757674,2,2,0.00125,0.00775,0.991
11586289,2,2,0.00255,0.01636,0.98109
36661076,2,2,0.00156,0.00695,0.99149
20917403,2,2,0.00308,0.01391,0.98301
33042670,2,2,0.00115,0.00502,0.99384
11555986,2,2,0.00948,0.22531,0.7652
1596292,2,2,0.09942,0.13669,0.76389
28193276,2,2,0.00116,0.006,0.99284
212743,2,2,0.14008,0.40061,0.45931
22666653,2,2,0.00144,0.00843,0.99012
23151298,2,2,0.00149,0.0085,0.99001
4917970,2,2,0.00379,0.02489,0.97132
10613560,2,2,0.00375,0.01965,0.97661
16687151,2,2,0.00552,0.02133,0.97315
3073708,2,2,0.00367,0.0249,0.97143
15737536,2,0,0.94235,0.04157,0.01609
29057669,2,2,0.0014,0.02159,0.97701
25603958,2,2,0.00188,0.00947,0.98865
5913098,2,1,0.0225,0.66804,0.30946
36161379,2,2,0.00237,0.0113,0.98633
29923908,2,2,0.00548,0.01367,0.98085
40449312,2,2,0.00107,0.00905,0.98988
10815839,0,0,0.90113,0.09572,0.00315
36081357,2,2,0.0014,0.00805,0.99055
28225422,2,2,0.00128,0.0055,0.99322
4101103,2,2,0.00305,0.05229,0.94466
14587448,2,2,0.00894,0.03523,0.95583
8194432,2,2,0.00148,0.01275,0.98577
6215103,2,2,0.00638,0.0325,0.96112
11365862,0,0,0.80491,0.1789,0.01619
27629815,2,2,0.00411,0.05008,0.94581
9380737,0,0,0.98249,0.01576,0.00175
10160186,2,2,0.00217,0.00663,0.99121
37149424,0,0,0.97772,0.02061,0.00167
12458289,2,2,0.03801,0.06937,0.89262
26935765,2,2,0.00838,0.03065,0.96097
13511932,2,2,0.00379,0.02461,0.9716
29502459,2,2,0.01063,0.11844,0.87093
15436925,2,1,0.04187,0.70265,0.25548
36913768,0,0,0.88848,0.10948,0.00204
26537095,2,2,0.13084,0.16188,0.70729
6606971,2,2,0.00113,0.00513,0.99374
23522117,2,2,0.0033,0.02138,0.97532
20855190,2,1,0.08168,0.70562,0.2127
26823739,2,2,0.16131,0.39848,0.44021
11121636,2,2,0.00327,0.01673,0.98
29376274,0,0,0.83271,0.16526,0.00203
34646796,2,2,0.00229,0.0151,0.98262
5465363,2,2,0.01303,0.05909,0.92788
20346601,2,2,0.01215,0.13609,0.85176
15591192,2,2,0.00518,0.02312,0.9717
23599134,2,2,0.07985,0.13242,0.78774
15103330,2,2,0.00126,0.00653,0.99221
36245200,2,2,0.0081,0.01826,0.97364
33765091,1,1,0.34259,0.61552,0.04189
15421258,2,2,0.00104,0.00763,0.99133
27056371,2,2,0.00449,0.01044,0.98507
27173044,0,0,0.81656,0.1725,0.01094
15286753,2,2,0.00104,0.0074,0.99156
28172132,0,0,0.98011,0.0175,0.00239
30858041,2,2,0.00155,0.01351,0.98494
34309280,1,0,0.93002,0.06391,0.00607
37974774,2,2,0.0055,0.05549,0.93901
7988132,2,2,0.00145,0.00604,0.99251
32916043,2,2,0.00206,0.00969,0.98825
15817534,2,2,0.00168,0.013,0.98532
26198213,2,2,0.00557,0.05709,0.93733
19319659,2,2,0.00569,0.0667,0.92761
39911224,2,2,0.01452,0.12157,0.86391
34513697,0,0,0.95593,0.04147,0.0026
26572211,1,1,0.29534,0.6975,0.00717
24153899,2,2,0.00188,0.02207,0.97604
13944484,2,1,0.03167,0.86263,0.1057
761214,2,2,0.00113,0.00521,0.99366
37788437,2,2,0.00307,0.0187,0.97823
16814916,2,2,0.00207,0.00722,0.99071
14052828,2,2,0.00168,0.01055,0.98776
19655140,2,2,0.02209,0.30138,0.67653
22342904,2,2,0.00131,0.00793,0.99076
7783608,1,0,0.57637,0.40553,0.0181
39773959,1,1,0.11576,0.73163,0.15261
4463158,2,2,0.00515,0.02949,0.96536
35120448,2,2,0.01047,0.10411,0.88542
34175535,0,0,0.88688,0.10801,0.00511
34792182,2,2,0.00336,0.03405,0.96259
1698057,2,2,0.03889,0.33338,0.62772
26567055,1,1,0.13448,0.60981,0.2557
30985285,2,2,0.00354,0.01485,0.98161
36894986,2,2,0.00331,0.01827,0.97841
38216159,2,2,0.00304,0.01112,0.98583
10152607,2,2,0.00317,0.01759,0.97925
3367384,2,2,0.00156,0.01145,0.987
41115323,0,0,0.74896,0.24698,0.00405
14720114,2,1,0.05629,0.87029,0.07342
26593865,2,2,0.00171,0.00786,0.99042
2950007,2,2,0.00602,0.08642,0.90756
28063901,2,2,0.00359,0.01555,0.98086
38521173,2,2,0.00194,0.01055,0.98751
28708297,2,2,0.01716,0.14942,0.83341
16441248,2,2,0.00244,0.01284,0.98472
34261351,2,2,0.00343,0.04665,0.94992
39879044,2,2,0.00495,0.02218,0.97288
37226495,2,2,0.00586,0.05339,0.94075
30264766,2,2,0.00267,0.0158,0.98152
5144086,2,2,0.01292,0.14932,0.83776
40951730,2,2,0.00169,0.0078,0.99051
23122206,0,0,0.84394,0.15072,0.00534
21785318,2,2,0.00316,0.01981,0.97703
113287,0,0,0.99141,0.00763,0.00096
30760299,2,2,0.00201,0.00648,0.99152
14915387,2,2,0.00381,0.01833,0.97785
1181057,2,2,0.00122,0.00614,0.99264
38977846,0,1,0.41512,0.53511,0.04977
16620382,2,2,0.00189,0.00501,0.9931
36566021,2,2,0.01409,0.05074,0.93517
37666426,2,2,0.00166,0.00951,0.98883
12737817,2,2,0.00192,0.01901,0.97907
354980,2,2,0.00778,0.09287,0.89935
29066266,2,2,0.02311,0.47509,0.5018
35129750,2,2,0.00238,0.02044,0.97718
16047179,2,2,0.07386,0.2755,0.65064
13026887,2,1,0.01913,0.75232,0.22855
28062118,2,2,0.00171,0.00792,0.99036
11259865,2,2,0.00433,0.01602,0.97965
34210353,2,2,0.00145,0.00453,0.99402
4073703,2,2,0.00484,0.0434,0.95176
551902,2,2,0.00613,0.05502,0.93885
8572365,2,2,0.00241,0.01184,0.98575
21026898,2,2,0.00179,0.01,0.98821
9418032,2,2,0.01481,0.10406,0.88113
14004690,0,0,0.98916,0.00749,0.00335
28024627,0,0,0.93937,0.05764,0.00299
9120604,0,0,0.96273,0.03586,0.0014
34647609,2,2,0.00106,0.007,0.99194
40975843,1,1,0.06769,0.88987,0.04244
1958136,2,2,0.00147,0.00658,0.99195
24395557,2,2,0.00258,0.01871,0.97871
12463106,2,2,0.01899,0.18592,0.79509
1101099,2,2,0.00246,0.02075,0.97679
35859739,2,2,0.00171,0.01031,0.98798
36867780,2,2,0.00253,0.00968,0.98779
17472526,0,0,0.98836,0.0106,0.00104
15244269,0,0,0.76175,0.2243,0.01395
39549501,2,1,0.01558,0.62711,0.35732
32683033,2,2,0.00182,0.00843,0.98975
26477610,0,0,0.96135,0.03706,0.00159
18529874,2,2,0.01409,0.05074,0.93517
7388672,2,2,0.00348,0.04558,0.95094
31811992,0,0,0.98672,0.01038,0.0029
23223226,2,2,0.00177,0.00663,0.9916
14409875,0,0,0.97659,0.02246,0.00095
28937998,0,0,0.97677,0.02199,0.00124
25791437,2,2,0.00268,0.01324,0.98408
7986593,2,2,0.0016,0.0127,0.9857
24245117,2,2,0.00259,0.01475,0.98266
37881393,2,2,0.00271,0.01713,0.98016
15637056,0,1,0.31863,0.6693,0.01207
28930436,2,2,0.01119,0.02748,0.96132
40448790,2,2,0.00193,0.01185,0.98622
5660159,2,2,0.01078,0.01892,0.9703
14897119,2,2,0.00125,0.00936,0.98938
15455818,2,2,0.01439,0.08162,0.904
17479063,2,2,0.00111,0.00614,0.99275
10006415,0,1,0.28124,0.63627,0.08249
28045203,2,2,0.06906,0.37045,0.56048
24556908,0,0,0.98426,0.01457,0.00117
11525192,0,0,0.97577,0.02203,0.0022
15986111,2,2,0.00706,0.02407,0.96887
14022073,2,2,0.0051,0.02384,0.97106
12776264,2,0,0.7694,0.21617,0.01443
33676936,2,2,0.00702,0.02955,0.96343
13209970,2,0,0.92717,0.02756,0.04527
29858877,2,2,0.00433,0.04532,0.95034
6095074,2,2,0.00865,0.05216,0.93919
32029468,2,2,0.00185,0.00954,0.98861
31191464,1,1,0.42935,0.55561,0.01504
21142114,2,2,0.014,0.25104,0.73496
17057400,2,2,0.00195,0.01688,0.98116
19233793,2,2,0.00274,0.0081,0.98916
23806015,0,0,0.74588,0.24596,0.00816
2318725,2,0,0.97917,0.01924,0.00159
10063032,0,0,0.97995,0.0189,0.00115
8390000,2,2,0.00177,0.02347,0.97476
28220182,2,2,0.00253,0.02301,0.97446
34474283,2,2,0.002,0.01035,0.98765
17501213,2,2,0.00418,0.02056,0.97526
25042987,2,2,0.00149,0.00768,0.99083
28486317,2,2,0.00364,0.01792,0.97844
6899860,2,2,0.00121,0.00915,0.98964
27063600,2,2,0.00132,0.00468,0.99401
24646588,2,2,0.00249,0.02413,0.97338
13846041,2,2,0.0029,0.01278,0.98432
32994618,2,2,0.00615,0.03668,0.95717
9929638,0,0,0.98953,0.00948,0.00099
25569296,0,0,0.98935,0.00974,0.00092
1968678,2,2,0.03282,0.06629,0.9009
22900418,2,2,0.00369,0.02065,0.97566
36649486,2,2,0.00243,0.03083,0.96673
33741457,0,0,0.98173,0.0166,0.00167
17166159,2,2,0.18467,0.38301,0.43232
38001305,2,2,0.00118,0.00379,0.99503
19734895,0,0,0.90789,0.09025,0.00187
19268286,2,2,0.00223,0.00798,0.98978
39507069,2,2,0.0013,0.00643,0.99227
39406176,2,2,0.00237,0.01088,0.98675
21953097,2,2,0.00348,0.01628,0.98024
9022881,1,0,0.6519,0.34086,0.00724
30761815,0,0,0.97903,0.01738,0.00359
22275237,2,2,0.00181,0.01606,0.98213
39284651,2,2,0.00836,0.23876,0.75288
8938711,2,2,0.00236,0.03245,0.96519
18502616,2,2,0.00339,0.01138,0.98523
31802045,0,0,0.80591,0.18993,0.00416
27237028,2,2,0.00264,0.01175,0.98561
7027315,2,2,0.00408,0.01379,0.98213
11212383,2,2,0.01226,0.11494,0.87281
27118750,1,1,0.11459,0.85589,0.02952
14428068,2,2,0.00164,0.00599,0.99237
29946376,2,2,0.00279,0.01922,0.97799
34939612,2,2,0.00112,0.00891,0.98997
9575404,2,2,0.00234,0.00836,0.9893
38974443,2,2,0.00596,0.05323,0.94081
26705219,2,2,0.00112,0.00812,0.99076
13458090,2,2,0.00124,0.00751,0.99126
19147576,2,2,0.00319,0.01006,0.98675
9760401,2,2,0.00247,0.017,0.98053
20188923,2,2,0.00261,0.02464,0.97275
23337754,2,2,0.00218,0.01481,0.98301
32916922,2,2,0.00123,0.00901,0.98976
6208019,2,2,0.00557,0.02722,0.9672
1177303,2,2,0.00177,0.00581,0.99242
10698857,0,0,0.99071,0.0078,0.00149
16990899,0,0,0.99095,0.00739,0.00166
33508706,2,2,0.00107,0.00722,0.9917
35786427,2,2,0.03443,0.43953,0.52605
22017555,2,1,0.34744,0.5466,0.10596
34336656,0,0,0.96961,0.029,0.00139
4714139,2,2,0.00295,0.01046,0.98659
6734988,0,0,0.9085,0.08651,0.005
14145446,2,2,0.14624,0.40855,0.44521
34290083,2,2,0.0014,0.00653,0.99207
5360048,2,2,0.00372,0.02822,0.96806
28788599,0,0,0.63183,0.34621,0.02196
17190255,2,2,0.00475,0.03147,0.96378
33557181,2,2,0.00702,0.05961,0.93337
14127404,2,2,0.00771,0.04401,0.94829
37173781,2,2,0.00179,0.00883,0.98937
13014573,2,2,0.00165,0.01265,0.98569
37762056,0,0,0.89512,0.10122,0.00366
8429844,2,2,0.0049,0.07494,0.92015
36985408,2,2,0.00384,0.02576,0.9704
11697612,2,2,0.01211,0.13887,0.84902
10736086,2,1,0.06813,0.89039,0.04148
19621509,0,0,0.99065,0.00854,0.00081
1634302,2,2,0.00219,0.01193,0.98587
20545353,2,2,0.01725,0.10498,0.87778
16112913,2,2,0.08069,0.12945,0.78986
28758849,2,2,0.00203,0.00925,0.98872
34518227,2,2,0.00136,0.00706,0.99159
38326824,0,0,0.85902,0.13752,0.00346
23626844,0,0,0.83628,0.15713,0.00659
34304542,1,1,0.07016,0.67618,0.25366
25618929,2,2,0.00241,0.01113,0.98646
18997270,2,2,0.00231,0.00581,0.99188
28261710,0,0,0.99082,0.00805,0.00112
17946642,0,0,0.98909,0.00933,0.00158
26654841,0,0,0.9437,0.05472,0.00158
1856562,0,0,0.94704,0.05098,0.00198
16914866,2,2,0.00153,0.0089,0.98956
29403539,0,0,0.97226,0.02401,0.00373
11405248,2,2,0.002,0.00999,0.98801
22154366,2,2,0.00253,0.00976,0.98771
22125988,2,1,0.05799,0.89299,0.04902
26455084,2,2,0.00387,0.01912,0.97701
4463949,2,2,0.0098,0.08033,0.90987
24603746,2,2,0.00203,0.0241,0.97387
19289063,0,1,0.34443,0.61161,0.04396
3304652,2,2,0.00417,0.00666,0.98916
32050707,2,2,0.00337,0.03187,0.96476
19623677,2,2,0.00261,0.02257,0.97482
12345232,2,2,0.00137,0.01047,0.98815
31868988,0,0,0.63204,0.36013,0.00783
36852934,1,1,0.46188,0.50333,0.03479
33127489,0,0,0.91793,0.07138,0.01069
15537250,0,0,0.9754,0.02236,0.00224
35801311,2,2,0.02325,0.35807,0.61868
40580030,2,2,0.00565,0.02926,0.96509
40580809,0,1,0.1988,0.72151,0.0797
3315681,2,2,0.00127,0.00763,0.9911
24194746,2,2,0.00424,0.08088,0.91488
36693836,2,2,0.00639,0.07476,0.91885
23097841,2,2,0.00141,0.01683,0.98177
16508165,2,2,0.00463,0.02545,0.96992
21774048,2,2,0.02528,0.08339,0.89132
4399186,2,2,0.00711,0.03236,0.96053
24043888,2,2,0.00212,0.0134,0.98448
637225,1,1,0.35155,0.63162,0.01683
31099683,2,1,0.20839,0.75928,0.03233
35895920,2,2,0.00438,0.02001,0.97561
36889488,2,2,0.00424,0.02194,0.97382
11920621,2,2,0.00121,0.00863,0.99015
26457494,2,1,0.32759,0.35179,0.32062
15663816,0,0,0.89146,0.104,0.00453
22778825,0,0,0.9485,0.04959,0.00192
1252805,2,2,0.0016,0.01118,0.98721
33157078,2,2,0.01173,0.06378,0.92449
14818483,1,2,0.01091,0.10908,0.88002
19457699,2,2,0.05907,0.18092,0.76002
16259956,2,2,0.01286,0.12012,0.86702
22659725,2,2,0.00342,0.03347,0.96311
35259573,2,2,0.002,0.02378,0.97422
34924837,2,2,0.00773,0.02566,0.96661
40722357,2,2,0.00286,0.02468,0.97246
21154497,2,2,0.00118,0.00973,0.98909
9594233,2,2,0.01756,0.41884,0.5636
34558345,2,2,0.00149,0.00837,0.99014
32693790,2,2,0.00284,0.01611,0.98105
40148113,2,1,0.12289,0.84558,0.03153
29926209,0,0,0.93216,0.0657,0.00214
13051919,2,2,0.00219,0.01425,0.98356
25096797,0,0,0.93577,0.06245,0.00178
21023785,2,2,0.00144,0.00911,0.98945
23817160,2,2,0.01714,0.23108,0.75178
13216714,0,1,0.42085,0.5489,0.03025
3424028,1,1,0.27999,0.70941,0.0106
4332771,2,2,0.00181,0.01305,0.98514
35231259,0,1,0.25109,0.63618,0.11273
27504346,2,2,0.00223,0.0083,0.98947
20089537,2,2,0.00226,0.01063,0.98711
6804745,2,2,0.01707,0.16678,0.81614
36061887,2,2,0.01212,0.15169,0.8362
4894668,2,2,0.0193,0.1072,0.8735
8445733,2,0,0.97628,0.01809,0.00563
6612135,2,2,0.00127,0.00847,0.99026
15227196,2,2,0.28077,0.33472,0.38451
37632345,2,2,0.00247,0.01587,0.98166
30158310,0,0,0.80235,0.19207,0.00558
39311214,2,2,0.05554,0.30381,0.64065
22095688,0,0,0.97578,0.02303,0.0012
13903266,2,2,0.00171,0.00856,0.98972
28819919,2,2,0.00244,0.01148,0.98608
2307027,2,2,0.00191,0.01109,0.987
10415062,2,2,0.03432,0.05953,0.90615
31911159,2,2,0.00297,0.03481,0.96222
26173043,2,2,0.01479,0.25011,0.73511
33046141,2,2,0.00136,0.00793,0.99072
29608226,0,0,0.50723,0.46183,0.03094
24845948,2,2,0.00365,0.06142,0.93493
24367306,0,0,0.57097,0.36293,0.06609
8507957,2,2,0.00167,0.01546,0.98287
9041599,2,2,0.00785,0.11328,0.87888
10476919,2,2,0.00526,0.1097,0.88504
39454799,0,0,0.95454,0.04395,0.0015
18556484,2,2,0.0026,0.02725,0.97015
40585003,2,2,0.00207,0.02084,0.97709
5216349,2,2,0.00191,0.02373,0.97435
15454965,0,0,0.53487,0.4575,0.00763
8056103,2,2,0.01231,0.18957,0.79812
35445051,0,0,0.85749,0.13835,0.00416
10045711,2,2,0.0047,0.05636,0.93894
17111985,0,0,0.90963,0.08395,0.00642
20135865,0,0,0.77819,0.18215,0.03966
274693,2,2,0.00189,0.00482,0.99329
1939666,2,2,0.08086,0.27567,0.64347
30146630,2,2,0.00364,0.01698,0.97937
21993068,2,2,0.00367,0.02626,0.97007
21265348,2,1,0.01777,0.61679,0.36544
5696520,2,2,0.04651,0.42941,0.52407
17506444,2,2,0.02774,0.19257,0.77969
17485537,2,2,0.01918,0.04918,0.93163
29682443,2,2,0.00217,0.00628,0.99155
30426268,2,2,0.00368,0.00785,0.98847
12977635,2,2,0.00153,0.01493,0.98354
21824145,2,2,0.00291,0.02231,0.97478
23845938,2,1,0.05563,0.73278,0.21159
1515969,0,1,0.13312,0.77358,0.0933
38431301,2,2,0.00436,0.00854,0.9871
35997302,2,2,0.01339,0.08403,0.90258
15738427,2,2,0.00251,0.01733,0.98016
30767772,2,2,0.00277,0.01221,0.98503
34199562,2,2,0.00868,0.07765,0.91366
19380905,2,2,0.00373,0.0096,0.98667
3507747,2,2,0.01714,0.23108,0.75178
336459,2,2,0.00188,0.00774,0.99038
33439658,2,2,0.00266,0.02139,0.97595
33716173,2,2,0.00347,0.02003,0.9765
24013390,1,0,0.57899,0.41057,0.01044
18555511,2,2,0.00138,0.00653,0.99209
7980981,0,0,0.96541,0.03333,0.00126
26959602,2,2,0.00128,0.00563,0.99309
24386425,1,1,0.38731,0.60459,0.0081
3406623,2,2,0.01721,0.0861,0.89669
36338931,0,0,0.98988,0.00894,0.00118
17304762,2,2,0.00343,0.01573,0.98084
14470027,2,1,0.05042,0.76443,0.18515
2132574,2,2,0.00137,0.01119,0.98744
23472481,2,2,0.0072,0.01935,0.97344
3203634,2,2,0.00246,0.03473,0.96281
5670841,2,2,0.00136,0.00775,0.9909
6286015,2,2,0.00224,0.02084,0.97692
26485342,2,2,0.00267,0.01492,0.98241
25621159,0,0,0.81074,0.16279,0.02647
5968818,2,2,0.00595,0.05328,0.94076
22112564,2,2,0.00212,0.0135,0.98438
32655643,2,2,0.00232,0.01808,0.9796
35868910,2,2,0.00424,0.02056,0.9752
37893178,2,2,0.002,0.00876,0.98924
3891933,2,2,0.00188,0.00745,0.99067
22697171,2,2,0.00303,0.01592,0.98105
29906602,0,0,0.97873,0.02032,0.00095
6237093,2,1,0.27791,0.68784,0.03425
28686542,2,0,0.88267,0.11048,0.00685
14892891,2,2,0.00314,0.01095,0.98591
1741305,0,0,0.55786,0.42773,0.01441
37948561,2,2,0.00284,0.01821,0.97895
34080442,2,2,0.00786,0.2903,0.70185
1048488,0,1,0.36878,0.60801,0.02321
22591683,0,0,0.98907,0.0097,0.00123
14152149,2,2,0.00535,0.03734,0.95732
39325276,2,2,0.00217,0.02076,0.97707
25216767,2,2,0.01728,0.06092,0.9218
6186788,2,1,0.32345,0.64325,0.0333
21181910,2,2,0.00156,0.00936,0.98908
25166913,2,2,0.137,0.19913,0.66387
35811636,2,2,0.00422,0.02517,0.97061
8226829,0,0,0.98064,0.01779,0.00157
38049194,0,0,0.95018,0.04521,0.00461
924127,0,1,0.3473,0.62888,0.02382
16120556,0,0,0.97712,0.01876,0.00412
36472334,2,2,0.00147,0.00763,0.99091
15568176,0,0,0.9928,0.00546,0.00175
36020011,2,2,0.00307,0.0158,0.98113
9566394,2,2,0.00291,0.02326,0.97383
14359113,2,1,0.0428,0.81383,0.14337
7133250,1,1,0.43549,0.55051,0.014
28133277,2,1,0.03075,0.8507,0.11855
5352435,2,2,0.00355,0.04309,0.95336
2805830,2,2,0.00136,0.00689,0.99175
3457208,2,2,0.00455,0.0588,0.93666
27799706,2,2,0.00144,0.01,0.98856
20891509,2,2,0.00169,0.00751,0.99081
6061439,0,0,0.88984,0.10669,0.00347
6363706,2,2,0.006,0.03061,0.96339
4211463,1,0,0.55542,0.42919,0.01539
29110236,0,0,0.97466,0.02407,0.00127
21848917,0,0,0.50507,0.45629,0.03864
31751535,0,0,0.78073,0.21511,0.00416
40155895,2,2,0.01369,0.1527,0.83361
37574167,2,2,0.00429,0.08443,0.91128
4876939,2,2,0.00249,0.02206,0.97544
13401969,0,0,0.97765,0.02073,0.00161
17028268,2,2,0.00464,0.0245,0.97087
2029964,2,2,0.01005,0.19121,0.79874
22754380,2,2,0.00773,0.0844,0.90786
9842596,0,0,0.93918,0.05306,0.00775
41208237,2,0,0.9335,0.06478,0.00172
35008477,2,2,0.0559,0.438,0.5061
35872986,2,2,0.00212,0.01436,0.98352
17673944,0,1,0.10535,0.64536,0.24929
17095788,2,2,0.00325,0.02264,0.97411
2287734,2,2,0.00459,0.03407,0.96133
2745191,2,2,0.03233,0.06608,0.90159
20976997,2,2,0.00704,0.07057,0.92238
27748999,2,2,0.00339,0.01138,0.98523
8335058,2,1,0.19726,0.48254,0.32019
35973801,2,2,0.0027,0.05163,0.94567
34556714,2,2,0.00386,0.02137,0.97477
26233417,2,2,0.00859,0.16795,0.82346
40496721,0,2,0.05438,0.35182,0.59381
8717354,2,2,0.0014,0.00734,0.99126
29454949,2,2,0.00289,0.04449,0.95262
1308314,2,2,0.00158,0.0094,0.98902
24407861,0,0,0.85747,0.13727,0.00526
14633957,2,2,0.06886,0.26498,0.66616
3677928,2,2,0.00571,0.13401,0.86029
39273752,0,1,0.42032,0.48949,0.09019
23215362,2,2,0.00149,0.0087,0.98981
12102184,0,1,0.31565,0.64262,0.04173
29575167,0,1,0.19131,0.5634,0.24529
19259808,1,0,0.74504,0.25151,0.00345
41338526,2,1,0.10427,0.85309,0.04264
12962292,0,0,0.98842,0.00848,0.0031
21136631,2,1,0.03543,0.82542,0.13916
17772847,2,2,0.00814,0.06597,0.9259
4831244,2,2,0.00538,0.03163,0.96299
22020236,2,2,0.00407,0.0309,0.96503
34447919,2,2,0.00969,0.1705,0.8198
27433639,2,2,0.00499,0.02928,0.96573
16268963,2,2,0.00449,0.02654,0.96897
2391959,2,2,0.00297,0.02074,0.97629
32164021,2,2,0.00482,0.01723,0.97795
34710563,2,2,0.00305,0.02362,0.97333
20760451,2,2,0.00381,0.05022,0.94597
27632308,2,2,0.03403,0.16048,0.80549
27515056,2,1,0.13402,0.47514,0.39084
33261116,0,0,0.96973,0.02934,0.00093
39345549,2,0,0.67992,0.27795,0.04213
28994367,0,0,0.76693,0.21131,0.02176
7171330,0,0,0.88239,0.11395,0.00366
18386094,2,2,0.01389,0.21563,0.77048
27643566,2,2,0.00203,0.01162,0.98635
23933139,2,2,0.00836,0.0402,0.95144
14149596,2,2,0.06519,0.21168,0.72313
8230190,2,2,0.0065,0.07279,0.92071
24741465,2,2,0.01164,0.01905,0.96931
34230856,2,2,0.0516,0.15375,0.79465
35024143,2,2,0.00454,0.01583,0.97963
31676556,2,2,0.00342,0.03347,0.96311
38768011,2,2,0.01924,0.06091,0.91985
11983601,2,2,0.00107,0.00977,0.98916
2134101,2,2,0.00284,0.01885,0.97831
27639522,2,2,0.00222,0.02752,0.97025
2045118,2,2,0.00192,0.02121,0.97688
28233713,1,1,0.02034,0.58061,0.39905
16227360,2,2,0.0023,0.01055,0.98716
17262674,2,2,0.00273,0.00855,0.98871
15168167,2,2,0.00892,0.0377,0.95339
31353214,2,2,0.0038,0.02065,0.97555
24189760,2,2,0.00109,0.00564,0.99327
62649,2,2,0.0014,0.00684,0.99176
29499466,2,0,0.79972,0.15481,0.04547
23126177,1,0,0.63836,0.33247,0.02916
30340838,0,0,0.98012,0.01813,0.00175
37373113,1,0,0.75737,0.2328,0.00984
32988429,2,2,0.00179,0.01035,0.98786
7978196,2,2,0.0032,0.02282,0.97398
1508602,2,2,0.00135,0.01149,0.98716
20477928,2,2,0.0065,0.02847,0.96503
29573094,2,0,0.56344,0.42531,0.01125
12234519,2,2,0.00991,0.08426,0.90584
33470601,2,2,0.00298,0.02945,0.96757
38471615,0,1,0.30899,0.67489,0.01612
16100831,2,2,0.0014,0.00981,0.9888
9318200,2,2,0.00423,0.03787,0.95789
8206091,1,1,0.07259,0.89696,0.03045
30766228,2,2,0.00265,0.01022,0.98713
7875974,0,0,0.6502,0.31075,0.03905
37277329,2,2,0.00387,0.06434,0.93179
1744752,2,2,0.04464,0.44044,0.51492
27330812,1,1,0.46149,0.51886,0.01965
15771452,1,1,0.30524,0.67194,0.02281
21621516,2,2,0.00347,0.03562,0.96091
11459233,1,2,0.15102,0.17214,0.67684
4380581,1,1,0.39772,0.5924,0.00988
16849663,0,0,0.98243,0.01521,0.00236
12683334,2,2,0.06473,0.44755,0.48772
29909895,2,2,0.00363,0.03469,0.96168
2544065,2,2,0.01262,0.16945,0.81793
16760200,2,2,0.00554,0.09152,0.90294
35374292,2,2,0.00124,0.00604,0.99272
35973074,2,2,0.00183,0.00673,0.99144
6152610,1,0,0.98901,0.00876,0.00223
30479718,2,2,0.00209,0.01071,0.98719
16127161,1,1,0.02821,0.81165,0.16014
26199909,2,2,0.00171,0.00811,0.99018
28562420,2,2,0.0024,0.0143,0.9833
1488483,0,0,0.9865,0.01213,0.00137
29182441,2,2,0.00328,0.02961,0.96712
40748971,1,0,0.9422,0.05658,0.00121
3792412,0,1,0.03556,0.90638,0.05806
12186543,1,1,0.18427,0.77733,0.0384
14755915,2,2,0.00218,0.01481,0.98301
7300515,2,2,0.00156,0.00628,0.99216
35523059,2,2,0.00138,0.00663,0.99199
24168750,2,2,0.0122,0.09171,0.89609
10335331,2,2,0.00142,0.01027,0.98831
6802227,0,0,0.98967,0.0087,0.00163
31807302,2,1,0.03053,0.79984,0.16963
15672793,1,0,0.59189,0.38817,0.01994
35043106,1,1,0.12877,0.80418,0.06705
31510189,0,0,0.93882,0.05874,0.00244
29466683,2,1,0.11482,0.8354,0.04978
23626195,1,1,0.13441,0.73808,0.12751
16181181,1,1,0.055,0.55113,0.39387
7734950,2,2,0.00573,0.04577,0.9485
16571329,2,2,0.00382,0.04786,0.94832
22098188,1,0,0.96958,0.02907,0.00135
28789761,0,2,0.06401,0.20908,0.72691
19858577,2,2,0.00279,0.03592,0.9613
40627515,0,0,0.96996,0.02901,0.00103
22222948,2,2,0.00194,0.02513,0.97293
12172234,0,0,0.91235,0.08586,0.00179
4964146,2,2,0.00223,0.00961,0.98816
3441482,2,2,0.00389,0.05903,0.93708
9768607,2,2,0.00269,0.01104,0.98627
27451882,0,0,0.94365,0.05386,0.00249
18428875,0,0,0.98237,0.01551,0.00212
296922,0,1,0.4369,0.49122,0.07188
26323357,2,1,0.11986,0.72427,0.15587
17412814,2,2,0.00228,0.01801,0.9797
2610614,1,1,0.08924,0.82064,0.09012
34461467,0,0,0.96927,0.0291,0.00163
23217232,2,2,0.00164,0.01823,0.98012
28640642,2,2,0.01519,0.0524,0.93241
5003608,2,1,0.02498,0.56863,0.40638
33653705,2,2,0.00504,0.13455,0.86041
33666623,2,2,0.01444,0.04195,0.94361
28130524,0,0,0.99254,0.00633,0.00113
40434487,0,0,0.53418,0.45335,0.01246
34916954,2,2,0.00161,0.00904,0.98935
2741567,2,2,0.00118,0.007,0.99182
35037948,1,1,0.07826,0.87835,0.04339
18220060,2,1,0.01804,0.81014,0.17182
39498203,2,2,0.00205,0.01656,0.98139
8151997,2,2,0.00285,0.01497,0.98218
32939388,2,2,0.00382,0.03067,0.9655
31952344,2,2,0.00118,0.00572,0.9931
37217687,2,2,0.00381,0.01841,0.97778
14190601,2,2,0.01837,0.12366,0.85797
11156019,2,2,0.00169,0.02374,0.97457
37576638,2,2,0.01804,0.25001,0.73195
38499929,2,2,0.0031,0.00875,0.98815
40916864,0,0,0.90618,0.08799,0.00583
39374748,2,2,0.00233,0.01366,0.98401
39635486,2,2,0.00842,0.13252,0.85906
28950553,0,0,0.49897,0.49123,0.0098
3785346,2,2,0.00674,0.02309,0.97017
5432463,2,2,0.00273,0.00882,0.98844
5057097,2,2,0.01248,0.46102,0.5265
22742792,2,2,0.00323,0.02698,0.96979
8689074,0,0,0.92249,0.07311,0.00441
377765,2,1,0.04797,0.48067,0.47137
9761215,2,2,0.0113,0.15845,0.83024
25806869,2,2,0.00218,0.0147,0.98312
1116971,2,2,0.00472,0.03807,0.95721
31739707,2,2,0.00537,0.01775,0.97687
8931125,2,1,0.02355,0.68837,0.28808
6756854,2,2,0.00991,0.03276,0.95733
5671306,2,2,0.00242,0.03539,0.96219
36087036,2,1,0.02648,0.61221,0.36131
31469088,2,2,0.00291,0.00855,0.98854
12805533,0,0,0.9882,0.01081,0.00099
10831584,2,2,0.00168,0.01222,0.9861
35622905,0,0,0.9865,0.01259,0.00091
14669412,2,1,0.44992,0.50192,0.04817
22817874,2,2,0.01018,0.02991,0.95992
25461879,2,2,0.00453,0.03208,0.96339
36694677,0,0,0.9573,0.04077,0.00194
293855,2,2,0.00141,0.01895,0.97964
14207406,2,2,0.00219,0.01088,0.98693
1994243,2,2,0.0177,0.25302,0.72928
16685951,2,2,0.00122,0.00581,0.99297
25459683,2,2,0.00642,0.06982,0.92375
121190,2,2,0.00109,0.00502,0.99389
15727899,2,2,0.00303,0.01592,0.98105
14897135,0,0,0.98851,0.00973,0.00176
12069979,0,0,0.9875,0.01163,0.00087
33833433,0,0,0.92433,0.07184,0.00384
35040662,2,2,0.00134,0.007,0.99166
10048908,2,2,0.03396,0.38714,0.5789
29481363,2,2,0.00283,0.02231,0.97487
19744277,0,0,0.97617,0.02229,0.00154
16387392,2,2,0.00171,0.01055,0.98774
3021383,2,0,0.77395,0.21745,0.0086
16791739,2,2,0.04765,0.35345,0.5989
17966665,2,1,0.02884,0.68779,0.28337
2620740,2,2,0.00126,0.00551,0.99324
2803577,2,0,0.85268,0.11426,0.03306
38987417,2,2,0.00156,0.00837,0.99007
16325757,2,2,0.05978,0.14653,0.79368
36296873,2,1,0.02972,0.66065,0.30964
38812824,0,0,0.96183,0.03529,0.00288
32924204,2,2,0.00501,0.02602,0.96897
21868701,2,2,0.02865,0.24947,0.72187
36801451,0,1,0.05411,0.85634,0.08956
35181316,2,2,0.00695,0.20229,0.79076
27368976,1,1,0.02107,0.71415,0.26478
31519376,2,2,0.00174,0.01097,0.9873
21601006,2,2,0.00259,0.0143,0.98311
7584014,0,0,0.98715,0.00881,0.00403
3134883,2,2,0.00126,0.0049,0.99384
36548028,2,2,0.00263,0.03196,0.96542
15705520,2,2,0.00256,0.01235,0.98509
40468340,0,0,0.99329,0.00509,0.00161
27277300,2,2,0.00166,0.00673,0.9916
14214923,2,2,0.14653,0.07211,0.78136
29894651,2,2,0.00106,0.00453,0.99441
19002582,2,2,0.00117,0.01742,0.98141
14939929,2,1,0.02679,0.72973,0.24348
32514554,2,1,0.05052,0.48308,0.4664
213631,1,1,0.06067,0.78071,0.15861
12469785,2,2,0.18424,0.29702,0.51874
29251884,2,2,0.04221,0.2818,0.67599
25816983,2,2,0.00177,0.00774,0.99049
22767086,2,2,0.00293,0.03293,0.96415
30342907,2,2,0.01662,0.02514,0.95824
29852229,2,2,0.0027,0.00716,0.99015
7114362,2,0,0.82846,0.15265,0.01888
19462347,0,0,0.87303,0.12382,0.00315
2739483,0,0,0.57582,0.20733,0.21685
29480157,2,2,0.00224,0.03551,0.96224
17106311,2,2,0.00108,0.00586,0.99307
27899048,0,0,0.92729,0.06903,0.00367
19684580,2,2,0.00172,0.00604,0.99224
37993411,2,2,0.00116,0.01,0.98884
37899350,2,2,0.00227,0.00918,0.98856
31375186,0,0,0.93051,0.06675,0.00274
30578858,2,2,0.005,0.1002,0.8948
6130070,2,2,0.00164,0.00623,0.99213
18542785,2,2,0.00197,0.00694,0.99108
34833151,2,2,0.00388,0.01634,0.97978
13981178,2,2,0.00375,0.01942,0.97683
7687599,2,2,0.01447,0.01746,0.96807
9126416,2,1,0.02808,0.77084,0.20108
16450012,2,2,0.00179,0.02631,0.9719
18395351,2,2,0.00114,0.00695,0.99191
33576275,0,0,0.59688,0.38537,0.01774
14088492,2,2,0.00531,0.01399,0.9807
16291132,2,2,0.11818,0.35836,0.52346
24139676,2,1,0.04483,0.83603,0.11914
13993813,2,2,0.01048,0.06813,0.92139
37137302,2,2,0.00395,0.02992,0.96613
26341123,2,1,0.31702,0.64041,0.04257
27354179,1,0,0.53158,0.45469,0.01373
16274770,2,2,0.00144,0.01093,0.98763
4684650,2,2,0.01428,0.21819,0.76753
20871347,2,2,0.00174,0.00897,0.98929
22533061,2,2,0.01018,0.14244,0.84738
34495322,2,2,0.00332,0.04706,0.94962
2666385,2,2,0.2723,0.33477,0.39292
25138418,2,2,0.00127,0.00751,0.99122
3853554,2,2,0.2882,0.21116,0.50064
36635429,2,2,0.00585,0.0403,0.95384
5339853,2,1,0.28337,0.57019,0.14644
13406731,2,0,0.65425,0.33678,0.00897
4839554,2,2,0.00485,0.02673,0.96842
32592906,2,2,0.0013,0.00684,0.99186
3699006,2,2,0.00189,0.02109,0.97703
40297051,0,0,0.97852,0.01301,0.00847
23327068,0,0,0.96098,0.03675,0.00227
28289122,2,2,0.00215,0.01377,0.98408
8337457,2,2,0.00229,0.01593,0.98178
22238141,1,1,0.12839,0.85204,0.01957
27533457,2,2,0.00802,0.10751,0.88447
34277604,2,1,0.07583,0.88066,0.0435
23283676,2,2,0.00106,0.00821,0.99073
26164899,1,0,0.89243,0.10331,0.00426
15990509,2,2,0.00167,0.01546,0.98287
8962148,2,2,0.00674,0.06794,0.92532
16586223,2,2,0.00956,0.23078,0.75966
3497756,2,2,0.00156,0.02657,0.97188
22726484,0,0,0.98852,0.00862,0.00286
38299280,1,0,0.59032,0.39632,0.01335
17824941,2,2,0.00138,0.00623,0.99239
2002820,1,2,0.00386,0.0217,0.97444
10866165,0,1,0.4509,0.52306,0.02604
9157846,2,2,0.22559,0.34465,0.42976
14018278,2,2,0.00281,0.01221,0.98498
35453898,2,2,0.093,0.23575,0.67125
11005069,2,2,0.00163,0.01203,0.98634
4960748,2,2,0.00196,0.01217,0.98587
33147200,2,2,0.00585,0.04023,0.95392
30603540,2,2,0.02143,0.06,0.91857
15988190,2,2,0.00365,0.01573,0.98062
12730664,2,2,0.00219,0.0124,0.98541
25936350,2,2,0.00146,0.00883,0.9897
39843922,0,0,0.78908,0.20584,0.00507
26751019,2,2,0.00236,0.01403,0.98361
9677038,2,2,0.09699,0.34051,0.5625
35873856,2,2,0.00294,0.01318,0.98387
25447830,2,2,0.00272,0.01259,0.98469
31427027,2,2,0.00119,0.01616,0.98265
30635198,2,2,0.00642,0.02639,0.9672
10256418,2,2,0.01571,0.27854,0.70574
35925852,0,0,0.58098,0.3993,0.01973
23508875,2,2,0.007,0.0905,0.9025
36557970,2,2,0.00146,0.0094,0.98914
6985533,2,2,0.00192,0.00554,0.99254
20228101,0,0,0.98664,0.01228,0.00109
20436234,2,2,0.01952,0.24818,0.7323
8321191,0,0,0.87817,0.117,0.00483
13625950,2,2,0.00118,0.0085,0.99032
36086428,2,2,0.00277,0.02772,0.96952
40193346,2,1,0.07462,0.68355,0.24183
3555785,2,2,0.0014,0.00757,0.99103
28473873,0,0,0.99038,0.00867,0.00095
4200698,2,1,0.03698,0.48715,0.47587
1388358,2,2,0.00114,0.00745,0.9914
37177760,2,2,0.00149,0.00628,0.99223
38619944,0,0,0.97874,0.01996,0.0013
22372705,2,1,0.02233,0.5941,0.38358
17076574,2,2,0.00175,0.00482,0.99343
17315383,2,2,0.00163,0.01059,0.98777
25591624,2,2,0.00207,0.00811,0.98983
37160754,2,2,0.00315,0.02122,0.97563
6164890,0,0,0.94991,0.0472,0.00288
2007984,2,2,0.00828,0.31816,0.67355
8563347,2,2,0.00592,0.04425,0.94983
23886050,1,0,0.96361,0.03377,0.00262
28392636,2,2,0.00315,0.00732,0.98953
29473761,2,2,0.00788,0.06717,0.92495
32256897,2,2,0.00578,0.02207,0.97215
19861556,2,2,0.00336,0.01884,0.97779
28810119,2,2,0.00273,0.01079,0.98648
6475287,2,2,0.00603,0.05554,0.93843
112749,2,2,0.00706,0.06881,0.92414
23655559,0,0,0.99172,0.00679,0.00149
13483402,2,2,0.00166,0.01072,0.98763
33888824,2,2,0.00477,0.05639,0.93883
6825655,2,2,0.00273,0.04162,0.95565
12991639,2,2,0.00157,0.01576,0.98267
14509904,1,0,0.44244,0.41889,0.13868
34494312,2,2,0.0011,0.01286,0.98604
12586880,0,0,0.52382,0.46589,0.01029
15315564,2,2,0.00426,0.0156,0.98014
4184683,2,2,0.00615,0.05273,0.94112
38587063,0,0,0.7259,0.26914,0.00497
13056805,2,2,0.00589,0.07871,0.91541
31620801,2,2,0.00386,0.05141,0.94473
29832775,0,0,0.97668,0.02196,0.00136
24784851,2,2,0.00182,0.00947,0.98871
5394183,0,0,0.8908,0.10556,0.00364
4527968,2,2,0.034,0.1422,0.8238
21656976,2,1,0.03825,0.78658,0.17517
34176590,1,0,0.80653,0.1886,0.00487
12140564,2,2,0.05138,0.08638,0.86224
11960658,2,2,0.00612,0.11288,0.88099
12452661,2,2,0.00321,0.03503,0.96176
21777272,2,2,0.00182,0.00768,0.99049
41265684,0,0,0.99083,0.00815,0.00102
14774839,2,2,0.00229,0.01299,0.98472
27852007,2,0,0.94925,0.03995,0.0108
19814065,0,0,0.98622,0.01213,0.00165
32858642,2,2,0.00334,0.02524,0.97142
19268066,2,2,0.00247,0.01569,0.98184
6617009,2,2,0.00138,0.00684,0.99178
4368314,1,1,0.10924,0.85545,0.03531
9941546,0,0,0.51137,0.47294,0.01569
9536481,2,2,0.00182,0.00774,0.99043
13574472,2,2,0.00121,0.00919,0.9896
34276474,2,2,0.02445,0.09998,0.87557
35560543,2,2,0.03618,0.03792,0.9259
39062149,2,2,0.00272,0.02761,0.96966
26761419,0,1,0.23524,0.73888,0.02588
7166648,1,2,0.00649,0.24349,0.75002
38430551,2,2,0.0017,0.01802,0.98028
28513465,2,2,0.00126,0.00623,0.99251
21435179,2,2,0.00344,0.04393,0.95264
18664094,2,2,0.00159,0.0045,0.99391
9280999,0,0,0.98293,0.01607,0.001
30097006,1,2,0.30393,0.31037,0.3857
9027353,2,2,0.00259,0.01475,0.98266
726986,0,1,0.34486,0.61719,0.03794
11734109,2,2,0.04757,0.45669,0.49573
2698791,2,2,0.00116,0.00751,0.99133
23499863,1,0,0.75002,0.23417,0.01581
14410702,2,2,0.00995,0.09436,0.89569
34350907,2,2,0.00408,0.02821,0.96771
34104181,2,2,0.0028,0.01667,0.98053
35366727,2,2,0.0048,0.05229,0.94291
16170310,0,0,0.99262,0.00577,0.00161
28742559,2,2,0.00211,0.01894,0.97895
12933969,2,1,0.04099,0.77955,0.17946
1717654,1,1,0.1553,0.82012,0.02457
36911085,2,2,0.00378,0.01095,0.98527
33092853,2,1,0.0228,0.5229,0.4543
31061641,0,0,0.68455,0.30377,0.01169
19178930,2,2,0.00151,0.00837,0.99012
9794229,2,2,0.00386,0.02049,0.97565
31662074,2,2,0.01298,0.18412,0.8029
38204165,2,2,0.00281,0.0136,0.9836
36613589,2,2,0.00285,0.01532,0.98183
19220645,2,2,0.04508,0.20423,0.75069
26412114,2,2,0.00469,0.02798,0.96732
20604336,0,1,0.35801,0.62832,0.01367
3948123,2,2,0.00259,0.01593,0.98148
28714234,2,2,0.12889,0.29794,0.57317
34883881,2,2,0.00117,0.01149,0.98733
17243393,0,0,0.96938,0.02872,0.0019
3387962,2,1,0.25687,0.37374,0.36939
30144027,2,2,0.00156,0.00638,0.99206
39822972,2,2,0.00146,0.01136,0.98718
9947966,2,2,0.00273,0.02408,0.97319
9485108,2,1,0.18439,0.80094,0.01467
37471676,2,2,0.00408,0.01287,0.98305
30859814,0,0,0.94665,0.04988,0.00347
21345087,2,2,0.00432,0.01911,0.97657
37632888,2,2,0.00138,0.00542,0.9932
25448886,0,0,0.98328,0.01436,0.00236
35320072,2,2,0.00124,0.00439,0.99437
4761487,2,2,0.00398,0.05133,0.94469
20366270,2,2,0.00213,0.00911,0.98876
40272496,2,2,0.00362,0.05359,0.94279
33850973,2,2,0.00318,0.01402,0.9828
33856839,2,2,0.00306,0.02155,0.97539
39132845,0,0,0.64141,0.35146,0.00713
6580935,2,2,0.00121,0.01218,0.98661
27962278,0,0,0.92616,0.07045,0.00339
36832156,2,2,0.01031,0.22649,0.76321
22030987,1,0,0.53463,0.4502,0.01517
14890734,0,0,0.98052,0.01778,0.0017
4085196,2,2,0.00344,0.01239,0.98417
39007172,2,2,0.00294,0.01334,0.98372
24058610,2,2,0.00138,0.00837,0.99025
16610727,2,2,0.00528,0.18674,0.80799
3622918,2,2,0.00374,0.02162,0.97464
29094909,2,2,0.00288,0.03305,0.96406
1688544,2,2,0.00111,0.00513,0.99376
9117914,2,2,0.00337,0.03224,0.96439
318485,2,2,0.00594,0.04083,0.95323
16918250,2,2,0.0106,0.07898,0.91042
18339731,2,2,0.00504,0.04861,0.94634
34048655,0,0,0.98549,0.01357,0.00094
29478751,2,2,0.00352,0.0345,0.96198
12770085,2,2,0.00472,0.02184,0.97343
40427792,2,2,0.00368,0.02289,0.97343
19532659,2,2,0.00149,0.00751,0.991
15047698,2,1,0.03087,0.69179,0.27733
39783487,2,2,0.00245,0.00862,0.98893
19340817,2,2,0.00164,0.00756,0.9908
26803418,2,2,0.00187,0.01437,0.98376
39618629,2,2,0.00134,0.00464,0.99402
35739554,0,0,0.94939,0.04628,0.00433
13204175,2,2,0.06989,0.24062,0.68949
28692182,2,1,0.148,0.6659,0.18609
11715938,2,2,0.0012,0.00595,0.99285
25273668,2,0,0.84992,0.1025,0.04758
31417757,2,2,0.01437,0.07551,0.91012
9360435,2,2,0.00321,0.01793,0.97886
37392841,2,2,0.00295,0.00998,0.98706
24145204,1,2,0.009,0.19383,0.79717
1599053,1,1,0.06272,0.87257,0.06471
19791333,2,0,0.60125,0.39124,0.00751
8403422,2,2,0.00149,0.00837,0.99014
23359025,0,0,0.7546,0.22924,0.01616
29828177,2,2,0.00308,0.01391,0.98301
30510567,2,2,0.00207,0.0083,0.98964
29514028,2,2,0.00104,0.00922,0.98974
33618919,0,0,0.5291,0.46329,0.00761
1092060,2,2,0.00614,0.12451,0.86935
38640069,2,2,0.01714,0.23108,0.75178
1755032,2,2,0.00301,0.03728,0.95971
2255049,2,2,0.00241,0.00984,0.98775
28180938,2,2,0.00459,0.07956,0.91586
25957222,2,2,0.00524,0.04148,0.95328
19533188,0,0,0.93889,0.05767,0.00344
20940045,2,2,0.00186,0.01858,0.97956
13473533,1,0,0.93068,0.02922,0.0401
10994313,2,2,0.00237,0.01063,0.987
527015,0,0,0.68827,0.29143,0.0203
15905312,1,1,0.4029,0.52344,0.07366
4788232,2,2,0.00168,0.01325,0.98507
23686255,0,0,0.97537,0.0231,0.00154
17782167,2,2,0.00241,0.00961,0.98798
5218500,2,2,0.01271,0.16322,0.82407
23616105,2,2,0.01383,0.32484,0.66133
28865263,2,2,0.00206,0.01101,0.98693
15267094,2,2,0.00142,0.00555,0.99303
186291,2,2,0.00188,0.00856,0.98956
30453907,2,2,0.03436,0.11353,0.85211
39368779,0,0,0.98834,0.01068,0.00097
29426434,2,2,0.00301,0.02172,0.97528
21098664,2,2,0.00359,0.06211,0.93431
2188799,0,0,0.9906,0.00716,0.00224
31614833,0,0,0.96848,0.02774,0.00378
14796893,1,1,0.07321,0.79944,0.12736
3840339,2,2,0.00205,0.01802,0.97994
41012575,0,0,0.52076,0.4668,0.01244
19250044,2,2,0.00364,0.04942,0.94694
9904017,2,2,0.00428,0.02736,0.96836
13383243,2,2,0.00288,0.01807,0.97905
40960649,0,0,0.85006,0.14657,0.00337
17558890,2,2,0.00682,0.02729,0.96589
11740471,2,2,0.00494,0.0393,0.95577
20130344,2,2,0.00237,0.00939,0.98824
22664818,2,2,0.00269,0.00939,0.98792
35988598,2,2,0.00558,0.05626,0.93816
2415705,0,0,0.93663,0.06178,0.0016
36237568,2,2,0.00216,0.00984,0.988
35961160,1,0,0.62099,0.37372,0.00529
6089063,2,2,0.00322,0.01739,0.9794
2636644,2,2,0.00162,0.00471,0.99367
15622512,2,2,0.00111,0.00653,0.99236
21871620,2,2,0.00736,0.11531,0.87734
27334537,2,2,0.00257,0.00896,0.98847
14355483,2,2,0.00323,0.02894,0.96783
28981983,2,2,0.00142,0.01167,0.98691
5867123,2,1,0.08641,0.84747,0.06612
9026726,2,2,0.00204,0.00613,0.99183
16608054,2,2,0.00206,0.01157,0.98637
39676661,0,0,0.89161,0.10607,0.00232
32114628,0,1,0.3182,0.38345,0.29834
15321103,2,2,0.09384,0.12653,0.77963
4461015,2,2,0.00106,0.00775,0.9912
30147174,2,2,0.00259,0.01475,0.98266
16712822,2,2,0.0016,0.0132,0.9852
16490957,2,2,0.0027,0.01997,0.97733
35941678,2,2,0.00171,0.00954,0.98875
3475903,2,2,0.00554,0.1599,0.83456
17115973,0,0,0.97588,0.02106,0.00306
28794782,0,0,0.96284,0.03492,0.00224
27102066,2,2,0.00122,0.00513,0.99365
28762367,0,0,0.97502,0.02389,0.00109
16035483,0,0,0.99079,0.00683,0.00238
13818727,2,2,0.00256,0.01104,0.98639
7682210,2,2,0.03717,0.222,0.74083
21063477,2,2,0.00272,0.01235,0.98493
2710948,0,0,0.96013,0.03774,0.00213
29866957,2,2,0.00308,0.01391,0.98301
6175234,2,2,0.00542,0.0541,0.94048
39757245,2,1,0.02149,0.4969,0.48161
5266226,2,2,0.00108,0.00542,0.9935
37599584,2,2,0.01036,0.35386,0.63578
2977566,2,2,0.00255,0.01681,0.98065
39896557,2,2,0.00385,0.02315,0.97299
25848998,2,2,0.00136,0.00684,0.9918
4119605,2,2,0.01417,0.11586,0.86997
30568572,2,2,0.03013,0.20473,0.76514
3375692,2,2,0.01714,0.23108,0.75178
38772984,0,0,0.99279,0.00595,0.00126
37229578,0,0,0.90249,0.09365,0.00387
22873762,1,1,0.05402,0.88549,0.06049
37349135,2,1,0.21771,0.71943,0.06286
13926101,1,1,0.05752,0.92115,0.02133
40181802,2,2,0.0055,0.09806,0.89644
32584467,2,2,0.00435,0.02736,0.96829
18551865,2,2,0.00523,0.07232,0.92244
16437152,2,2,0.00316,0.0353,0.96154
33381310,1,1,0.06896,0.71861,0.21242
29645101,2,2,0.00326,0.07824,0.91849
17053872,2,2,0.0019,0.01464,0.98346
21708420,0,0,0.86307,0.12778,0.00915
4803203,2,2,0.00191,0.02186,0.97622
11545389,2,2,0.019,0.05841,0.92259
37140108,2,2,0.00383,0.0305,0.96567
4780025,2,2,0.00112,0.01132,0.98756
8259143,0,0,0.79411,0.20078,0.00511
27208596,2,2,0.02909,0.33421,0.6367
16538424,2,2,0.00289,0.01424,0.98287
15518603,2,2,0.00188,0.01035,0.98777
8024699,2,2,0.13794,0.12933,0.73272
5546340,2,2,0.00756,0.01718,0.97526
25418683,2,2,0.00158,0.01315,0.98527
37794992,2,2,0.00161,0.00817,0.99022
39798163,2,2,0.0122,0.18426,0.80354
26204797,2,2,0.00241,0.00969,0.9879
33506909,2,2,0.10868,0.241,0.65032
41470655,2,2,0.0014,0.00774,0.99086
12901893,2,2,0.0136,0.11799,0.86841
20831162,2,1,0.16991,0.7949,0.0352
35836251,2,2,0.00291,0.00699,0.99009
30229962,0,0,0.95198,0.04657,0.00145
4874661,2,2,0.00341,0.02113,0.97546
19254939,2,2,0.04818,0.06716,0.88466
12249360,0,0,0.78289,0.19641,0.0207
28412279,2,2,0.01246,0.02086,0.96668
36173413,2,2,0.00243,0.01545,0.98212
21274139,2,2,0.00177,0.00739,0.99084
34031538,2,2,0.00103,0.00546,0.99351
16111355,0,0,0.85373,0.14379,0.00247
4875015,2,0,0.51187,0.46244,0.02568
17222266,2,2,0.00167,0.01895,0.97939
17968840,2,2,0.00477,0.18098,0.81426
29715418,2,2,0.00121,0.00989,0.9889
6127713,2,0,0.91441,0.08374,0.00185
20491428,1,0,0.8501,0.14773,0.00217
2985036,2,2,0.00444,0.12324,0.87232
11020204,2,2,0.00175,0.01576,0.98249
27678526,2,2,0.00657,0.07725,0.91618
16420701,2,2,0.00454,0.01559,0.97987
39984044,2,2,0.00707,0.08189,0.91104
13583425,2,2,0.00832,0.04447,0.9472
4769626,2,2,0.00209,0.01184,0.98607
8783696,2,2,0.00409,0.02685,0.96906
39811181,2,0,0.97838,0.0206,0.00103
4594246,2,2,0.00494,0.05391,0.94116
22599826,2,2,0.0023,0.00925,0.98845
37495133,2,2,0.00125,0.00977,0.98898
30984018,2,2,0.00118,0.00479,0.99403
40106737,0,0,0.93324,0.06426,0.0025
34000198,0,0,0.6697,0.32133,0.00897
24437211,2,2,0.00161,0.00757,0.99082
31883540,2,2,0.00289,0.02996,0.96715
28808877,0,0,0.98764,0.01027,0.00209
3388960,2,1,0.11151,0.51563,0.37285
35045919,2,2,0.0022,0.02161,0.97619
22405621,2,2,0.00194,0.00711,0.99095
32342128,2,2,0.00182,0.00817,0.99
35530774,0,0,0.79689,0.19226,0.01085
2795508,2,2,0.00256,0.01324,0.9842
7749974,0,0,0.93691,0.05432,0.00876
8196691,2,2,0.00161,0.00668,0.99171
27118942,2,2,0.00502,0.00772,0.98726
4586630,2,2,0.00229,0.01382,0.98389
4076179,2,2,0.00448,0.02715,0.96837
40124060,0,0,0.9888,0.00943,0.00177
33313997,2,2,0.00153,0.01101,0.98746
29835429,2,2,0.00169,0.00768,0.99063
30070171,2,2,0.0039,0.04177,0.95433
20899058,2,2,0.00124,0.00572,0.99304
33800171,1,1,0.37524,0.59963,0.02514
33803858,0,1,0.45941,0.48904,0.05154
35416240,1,1,0.45945,0.51658,0.02397
38795247,2,2,0.00942,0.03739,0.95319
14357187,2,2,0.00199,0.01351,0.9845
37310845,2,2,0.01598,0.17694,0.80707
21127498,2,2,0.00318,0.01418,0.98264
19842693,2,2,0.00836,0.04081,0.95084
3740346,2,2,0.00312,0.03099,0.96589
30694018,2,2,0.0013,0.00604,0.99266
31580317,0,0,0.7306,0.25848,0.01092
16527512,0,0,0.7993,0.19209,0.00861
5565494,2,2,0.00118,0.00446,0.99435
6523522,2,2,0.00198,0.01761,0.98041
28503266,2,2,0.034,0.08906,0.87694
1179659,2,2,0.00193,0.0127,0.98537
10363934,2,2,0.00124,0.00728,0.99148
23722071,2,2,0.02173,0.11703,0.86124
17363527,2,2,0.00138,0.00745,0.99117
17387959,2,2,0.00221,0.01998,0.97781
40433637,2,1,0.05931,0.90623,0.03446
22299884,2,2,0.00194,0.02542,0.97264
4214520,2,2,0.01207,0.28667,0.70126
41117293,2,2,0.01714,0.23108,0.75178
18267847,2,2,0.00259,0.01509,0.98232
25933640,0,1,0.14901,0.83113,0.01985
10670647,2,2,0.00982,0.34874,0.64144
38785798,0,0,0.94304,0.04275,0.01421
34794826,2,1,0.10424,0.62378,0.27198
18289414,2,2,0.00108,0.00604,0.99288
4350012,0,0,0.96164,0.0352,0.00316
6673855,2,2,0.02861,0.3784,0.59299
20873995,0,0,0.99258,0.0059,0.00152
8235158,2,2,0.00134,0.00618,0.99248
12683727,2,2,0.00208,0.016,0.98192
7802174,2,2,0.00151,0.01106,0.98744
40349745,2,1,0.03969,0.70352,0.25679
3203086,2,2,0.02074,0.17637,0.80289
24829179,2,2,0.00435,0.02575,0.9699
16933206,2,2,0.00264,0.01175,0.98561
8708828,2,2,0.00402,0.07182,0.92416
27992248,2,2,0.00932,0.09725,0.89343
1737335,1,1,0.04132,0.87652,0.08217
723900,2,2,0.00858,0.04564,0.94579
5621411,2,2,0.00343,0.03063,0.96594
26655550,2,2,0.01714,0.23108,0.75178
41573494,0,0,0.95574,0.04232,0.00193
38539379,2,2,0.00129,0.00734,0.99137
1962545,2,2,0.00415,0.012,0.98385
35924086,2,2,0.00149,0.00793,0.99058
33786588,0,0,0.98946,0.00944,0.00111
24310497,2,2,0.01811,0.16233,0.81956
21765741,2,2,0.02013,0.32361,0.65626
31745445,2,2,0.00564,0.06109,0.93327
13498744,1,0,0.68959,0.29891,0.0115
35937016,1,1,0.35253,0.6139,0.03357
21804624,2,2,0.00099,0.00564,0.99337
1180751,2,2,0.08861,0.23852,0.67287
32410527,2,2,0.0025,0.02091,0.97659
25547479,2,0,0.94856,0.04738,0.00406
27061113,2,2,0.00875,0.05564,0.93561
34551008,2,2,0.00174,0.00695,0.99131
35689736,2,2,0.0014,0.00643,0.99217
18946836,0,0,0.96624,0.03144,0.00232
32645069,2,2,0.00129,0.01256,0.98615
36220839,2,2,0.03967,0.17589,0.78444
24897847,2,2,0.00239,0.01886,0.97875
32325815,2,2,0.0026,0.01193,0.98547
41535085,2,2,0.00808,0.04383,0.9481
6121005,2,2,0.01012,0.12087,0.86901
14165827,2,2,0.00141,0.01227,0.98631
10414429,2,2,0.00126,0.00648,0.99226
20400380,1,1,0.19794,0.79209,0.00997
36095015,0,0,0.96471,0.03311,0.00218
26836270,0,0,0.99131,0.00689,0.0018
13485673,0,0,0.92847,0.06634,0.00519
6612542,2,2,0.00321,0.01821,0.97858
11144784,2,2,0.01664,0.23607,0.74729
34531285,2,2,0.00391,0.0236,0.97249
12207943,2,2,0.0028,0.01733,0.97988
40968282,2,2,0.00694,0.04003,0.95302
32447916,2,2,0.01032,0.10313,0.88655
38418500,0,0,0.97359,0.02428,0.00213
29215716,0,0,0.945,0.05269,0.00231
13905081,2,2,0.004,0.03197,0.96403
25451137,2,2,0.00269,0.02633,0.97098
34016577,2,2,0.0013,0.00638,0.99232
11922593,2,0,0.88153,0.1082,0.01026
34185493,2,2,0.00291,0.00829,0.9888
27671867,2,2,0.0029,0.02814,0.96896
15328914,1,1,0.0803,0.88114,0.03856
16360750,2,2,0.00203,0.0108,0.98717
31318915,0,0,0.59215,0.39446,0.01339
5332907,2,2,0.00172,0.00628,0.992
40989771,2,2,0.00189,0.00609,0.99203
30641365,2,2,0.0016,0.01167,0.98673
24361732,2,2,0.03229,0.20936,0.75835
32707413,0,0,0.9875,0.01159,0.00091
38471186,0,0,0.97811,0.01914,0.00275
5433935,2,2,0.01023,0.11077,0.87899
40836647,0,0,0.50313,0.36381,0.13306
90836,2,1,0.38661,0.52228,0.09111
23154482,2,2,0.00147,0.00618,0.99235
37536502,0,0,0.98104,0.00823,0.01073
32581009,0,0,0.84344,0.14543,0.01113
25104407,2,2,0.00106,0.00577,0.99317
25446894,2,2,0.00306,0.02035,0.97659
21009697,2,2,0.0036,0.04309,0.95331
16842300,2,2,0.00396,0.02716,0.96888
209260,1,1,0.04727,0.6732,0.27954
25134203,0,0,0.9634,0.02639,0.01021
34902767,0,0,0.96856,0.02987,0.00157
26942030,2,2,0.00164,0.00774,0.99062
20110029,1,1,0.06417,0.87376,0.06207
33852904,1,0,0.88584,0.10958,0.00458
33805456,2,2,0.00124,0.00568,0.99308
15904023,1,1,0.24574,0.73939,0.01487
14708979,2,2,0.00267,0.0163,0.98103
1735834,2,2,0.00107,0.00867,0.99026
28970335,2,2,0.00218,0.01481,0.98301
37099255,2,2,0.00138,0.00623,0.99239
5484836,2,2,0.00229,0.03101,0.9667
37215087,2,2,0.00289,0.01424,0.98287
40937797,0,0,0.97406,0.02436,0.00158
9276447,2,2,0.00138,0.00751,0.99111
13170245,2,2,0.00565,0.01356,0.98079
32761720,0,0,0.96918,0.02941,0.00141
39853395,0,0,0.9823,0.01661,0.0011
31499102,2,2,0.00185,0.02233,0.97582
10345570,2,2,0.01401,0.04871,0.93728
1130679,2,2,0.0023,0.01131,0.9864
10890974,2,2,0.0046,0.01736,0.97804
27140417,2,2,0.00385,0.00909,0.98706
15087359,2,2,0.00482,0.0328,0.96238
33395773,2,2,0.00131,0.00757,0.99112
703305,1,1,0.10991,0.85318,0.03691
2243495,2,2,0.00131,0.00799,0.9907
17241668,2,2,0.00205,0.0321,0.96586
28730022,2,2,0.0068,0.01544,0.97776
32917735,2,2,0.01243,0.08123,0.90634
6674056,2,0,0.85536,0.13015,0.01449
17529090,2,2,0.00109,0.00643,0.99248
8704808,1,0,0.74595,0.2205,0.03355
11334361,2,2,0.00547,0.01534,0.97919
6563027,2,2,0.0039,0.04192,0.95418
19296058,2,2,0.01211,0.17793,0.80997
1675775,2,2,0.00285,0.01486,0.9823
28588386,2,2,0.00544,0.03575,0.95881
6375042,2,2,0.00662,0.02569,0.96769
8234063,2,2,0.0015,0.01576,0.98274
27678321,2,2,0.01026,0.09458,0.89516
26845542,2,1,0.07067,0.82477,0.10455
20746233,0,0,0.90635,0.08835,0.00531
11839988,2,2,0.00333,0.0138,0.98287
41573510,1,1,0.45441,0.50299,0.0426
20435623,2,2,0.00273,0.0113,0.98597
18921544,2,2,0.01789,0.08592,0.89619
10162999,2,2,0.00508,0.14104,0.85389
4805738,2,2,0.00178,0.01552,0.9827
11700536,2,2,0.00143,0.01958,0.979
20740836,2,2,0.00116,0.00521,0.99362
40684600,2,2,0.0021,0.00756,0.99034
12281340,2,2,0.00253,0.00856,0.98892
22941283,2,2,0.00394,0.01584,0.98021
26167939,2,2,0.01042,0.06582,0.92376
40942975,0,1,0.22424,0.75268,0.02309
14218842,0,0,0.56876,0.38635,0.0449
25964906,1,0,0.92717,0.06586,0.00697
3194324,0,2,0.15879,0.23724,0.60397
12055212,2,2,0.0012,0.00525,0.99355
2745236,1,1,0.30177,0.68538,0.01285
22073981,2,2,0.00149,0.00614,0.99237
35918541,2,1,0.22844,0.74028,0.03128
25605914,1,1,0.10822,0.85748,0.0343
32649373,2,2,0.0014,0.0087,0.9899
5155337,1,0,0.58943,0.38959,0.02097
5241437,2,2,0.00385,0.02442,0.97173
7293966,2,2,0.02813,0.14972,0.82214
34189899,2,2,0.00689,0.03212,0.96099
1753241,2,2,0.00146,0.01362,0.98493
35946092,1,1,0.04234,0.76828,0.18938
41425688,2,2,0.00187,0.02738,0.97075
24415714,2,2,0.00454,0.01422,0.98124
17023860,2,2,0.00277,0.01157,0.98567
37142918,2,2,0.01443,0.30621,0.67936
24672314,2,2,0.00223,0.01126,0.98651
41457406,1,0,0.84363,0.14405,0.01232
35876466,2,2,0.00443,0.02358,0.97198
36521875,2,2,0.00233,0.01371,0.98396
543937,2,2,0.00121,0.01352,0.98528
5078474,2,2,0.0143,0.31289,0.67282
1873674,2,2,0.00325,0.0229,0.97385
19968152,2,2,0.00282,0.0253,0.97188
14873762,2,2,0.00509,0.02534,0.96957
31240933,0,0,0.93861,0.04646,0.01494
2274992,2,1,0.06958,0.76874,0.16169
22284937,2,2,0.01377,0.07907,0.90715
27857992,2,2,0.0017,0.02996,0.96833
27537517,2,2,0.0032,0.02138,0.97541
2673525,1,1,0.18936,0.77875,0.03189
21853767,2,2,0.01714,0.23108,0.75178
21532267,0,0,0.6561,0.3351,0.00879
29096464,2,2,0.00211,0.01767,0.98021
38269020,2,2,0.00175,0.0154,0.98285
37884737,2,2,0.0041,0.0093,0.9866
808333,2,2,0.00142,0.00555,0.99303
37163398,2,2,0.00162,0.01499,0.98339
17192798,0,1,0.0639,0.81266,0.12344
27652866,2,2,0.00414,0.01411,0.98175
29662464,2,2,0.0012,0.007,0.9918
23154739,2,2,0.00134,0.00609,0.99257
41387297,0,0,0.99218,0.0059,0.00192
38381534,2,2,0.01026,0.09458,0.89516
1129468,2,2,0.00124,0.00595,0.99281
37846369,2,2,0.00203,0.01092,0.98705
4487805,2,2,0.0026,0.01193,0.98547
13979565,2,2,0.0062,0.07316,0.92063
2707755,2,2,0.00207,0.00843,0.98951
38357019,2,2,0.00493,0.09898,0.89609
39255971,0,0,0.93245,0.06572,0.00183
21199711,2,2,0.00543,0.05185,0.94272
38209226,2,2,0.005,0.01119,0.98381
36876195,2,2,0.00994,0.16288,0.82718
38778156,0,0,0.99182,0.00706,0.00113
397991,2,2,0.00161,0.00673,0.99165
38745724,0,0,0.49506,0.49506,0.00988
4516546,2,2,0.00218,0.01481,0.98301
15134444,2,2,0.01858,0.10018,0.88124
41394039,2,2,0.08661,0.16228,0.75111
30891911,2,2,0.01298,0.18412,0.8029
7302314,2,2,0.00629,0.00783,0.98588
11601178,2,2,0.00134,0.006,0.99267
7663624,2,2,0.01043,0.03571,0.95386
26566136,0,0,0.939,0.05979,0.00121
1771079,2,2,0.00207,0.00823,0.9897
11018508,2,2,0.00268,0.01424,0.98308
14555090,2,2,0.00216,0.02645,0.97139
17280978,2,2,0.00259,0.017,0.98041
25409484,2,2,0.00116,0.00494,0.9939
6304169,0,0,0.90642,0.08836,0.00522
18068112,2,2,0.00114,0.00706,0.9918
1865048,2,2,0.00313,0.01313,0.98374
36816925,0,0,0.71911,0.26871,0.01218
37814396,2,2,0.00326,0.01913,0.9776
30924033,2,2,0.01956,0.2577,0.72274
36310227,1,1,0.28489,0.67021,0.0449
27661170,1,2,0.00239,0.01643,0.98118
4854442,2,2,0.00783,0.07243,0.91974
15944277,2,2,0.00271,0.0174,0.9799
39242481,2,2,0.00185,0.00756,0.99058
7130602,0,0,0.92744,0.07068,0.00188
40345658,1,1,0.13854,0.83876,0.0227
20809237,2,2,0.00129,0.01089,0.98782
28976995,2,2,0.00214,0.0214,0.97646
16202829,0,0,0.84877,0.14578,0.00546
39299189,2,2,0.05939,0.27143,0.66918
34471955,2,1,0.13268,0.75904,0.10829
36269260,2,2,0.23758,0.31002,0.4524
40781721,0,0,0.96892,0.02912,0.00196
8135331,2,2,0.00447,0.0444,0.95113
30432540,0,2,0.00945,0.08498,0.90557
22496059,0,0,0.84484,0.15029,0.00487
27091893,2,2,0.00259,0.01408,0.98332
26114225,2,2,0.01891,0.32997,0.65112
31537020,2,2,0.00149,0.00658,0.99193
36132331,2,2,0.01169,0.19392,0.79439
36349900,0,0,0.73978,0.16203,0.09818
27211608,2,2,0.00202,0.01409,0.98389
5861340,2,2,0.00159,0.00757,0.99085
33378285,2,1,0.06067,0.78071,0.15861
7994978,2,2,0.01085,0.01981,0.96934
11665703,2,2,0.00183,0.00595,0.99223
4894837,2,2,0.01837,0.12366,0.85797
9138771,2,2,0.00453,0.0477,0.94778
28366118,2,2,0.00533,0.03995,0.95472
14847360,2,2,0.00129,0.01004,0.98867
4193887,2,2,0.00283,0.02123,0.97594
39883422,2,2,0.0012,0.00775,0.99106
2663356,2,2,0.00115,0.0049,0.99395
35985551,2,2,0.00288,0.03318,0.96394
23885513,2,2,0.00358,0.03522,0.96121
38160881,2,2,0.00169,0.0085,0.98982
38770131,2,2,0.00183,0.00633,0.99185
20085792,0,0,0.98532,0.01341,0.00127
3458269,2,2,0.00416,0.02423,0.97161
30905004,2,2,0.00141,0.01689,0.9817
22425974,0,0,0.83433,0.16174,0.00392
21863328,2,2,0.005,0.15329,0.84171
23211558,2,2,0.00207,0.00684,0.99109
21798104,2,2,0.00418,0.02056,0.97526
27503454,0,0,0.92725,0.0689,0.00385
15318508,1,1,0.11181,0.87094,0.01725
36010073,2,2,0.00138,0.00769,0.99094
29250640,2,1,0.10143,0.85548,0.04309
12977504,2,2,0.00177,0.02263,0.9756
12886968,2,2,0.0151,0.30683,0.67807
2201728,2,2,0.04307,0.13782,0.8191
32305245,2,2,0.00299,0.01408,0.98294
38156909,0,0,0.97734,0.02142,0.00124
2153744,0,0,0.80802,0.17237,0.01961
8896374,2,1,0.05005,0.48611,0.46385
35297771,2,2,0.01529,0.21271,0.772
14047528,2,2,0.00546,0.01735,0.97719
13713706,2,2,0.00109,0.00739,0.99151
28138430,2,2,0.00272,0.04314,0.95414
20105787,0,0,0.98887,0.01028,0.00085
16679739,2,2,0.00586,0.03897,0.95517
3326979,2,2,0.00151,0.00996,0.98853
19953152,2,2,0.00512,0.04966,0.94523
9241822,0,0,0.98834,0.01008,0.00158
23092210,2,2,0.00146,0.0111,0.98744
2994534,1,0,0.85579,0.13862,0.00559
17397729,2,1,0.2282,0.65582,0.11598
39441520,0,0,0.9052,0.09104,0.00376
40593715,0,1,0.30683,0.6598,0.03337
12768375,0,0,0.93174,0.06044,0.00781
31671886,2,2,0.00167,0.01939,0.97895
41108969,2,2,0.00172,0.01708,0.98119
31158964,2,2,0.00809,0.02716,0.96475
28565300,0,0,0.98057,0.01817,0.00126
12294281,2,2,0.00418,0.06418,0.93164
10447089,2,2,0.00361,0.01103,0.98536
632903,2,2,0.00205,0.03047,0.96748
24306780,2,2,0.00689,0.09083,0.90228
38368854,2,2,0.00194,0.00668,0.99138
32321450,2,2,0.00187,0.01625,0.98189
37591421,2,2,0.00191,0.00869,0.9894
12005901,0,0,0.8695,0.12332,0.00718
28377883,2,2,0.0101,0.12275,0.86716
5815050,2,2,0.00222,0.01492,0.98286
10225553,2,2,0.00112,0.00908,0.9898
5131055,0,0,0.54731,0.4467,0.00599
10061122,2,2,0.00481,0.03362,0.96157
40156901,2,2,0.00573,0.03004,0.96423
28010320,2,2,0.0028,0.01636,0.98084
36147401,2,2,0.00312,0.0152,0.98168
36443468,2,2,0.00453,0.01633,0.97914
7865268,0,0,0.75293,0.24065,0.00641
21785714,2,2,0.00728,0.01718,0.97554
34466083,2,2,0.00177,0.00805,0.99018
24549332,2,2,0.00205,0.01498,0.98296
1632796,2,2,0.05488,0.31705,0.62807
1359751,2,2,0.02413,0.40489,0.57098
30112472,2,2,0.00161,0.00977,0.98862
12926751,2,2,0.00378,0.0428,0.95342
32012669,0,0,0.87923,0.11578,0.00499
30207850,2,2,0.00142,0.01084,0.98774
5529251,2,2,0.0077,0.08821,0.90408
21192806,2,0,0.58528,0.40541,0.00931
33406914,2,2,0.00307,0.01667,0.98026
31707513,2,2,0.0024,0.0124,0.98519
12741923,2,2,0.02567,0.17576,0.79857
36105464,2,2,0.00291,0.00842,0.98867
18321341,1,1,0.08712,0.75552,0.15736
10355892,0,0,0.97862,0.01946,0.00192
28649856,2,2,0.00163,0.01093,0.98744
29900410,1,1,0.27199,0.68646,0.04155
10253384,0,0,0.86251,0.13331,0.00419
8780456,0,0,0.99206,0.0059,0.00204
5119414,2,2,0.00199,0.01581,0.9822
4243106,2,0,0.79295,0.18542,0.02163
23348727,2,2,0.00274,0.02156,0.9757
18589131,1,1,0.07955,0.70079,0.21965
41438172,0,1,0.20343,0.76772,0.02885
32026313,0,0,0.99138,0.00668,0.00194
5857889,2,2,0.04551,0.06149,0.893
25269326,2,2,0.00226,0.01166,0.98608
23961372,2,2,0.00276,0.04422,0.95302
6998987,2,2,0.00509,0.01028,0.98464
27972023,2,1,0.01218,0.56858,0.41924
20921385,1,1,0.21501,0.77428,0.0107
10518537,2,2,0.00182,0.00811,0.99007
27229131,2,2,0.00314,0.0113,0.98557
10309736,2,2,0.03449,0.12994,0.83558
19009183,2,2,0.00446,0.01784,0.9777
13805925,2,2,0.01015,0.15786,0.83199
14660417,2,2,0.00305,0.03908,0.95788
4892869,2,2,0.00156,0.00786,0.99057
15986448,2,2,0.00585,0.04023,0.95392
15669569,2,2,0.00274,0.02043,0.97682
24820062,0,1,0.13334,0.8232,0.04346
36192605,2,2,0.00156,0.007,0.99144
8121929,2,2,0.00622,0.05672,0.93707
8241615,0,0,0.89067,0.10596,0.00337
1079388,2,2,0.00156,0.00623,0.99221
8345431,2,1,0.23146,0.72986,0.03868
38116851,2,2,0.00247,0.01815,0.97938
8838360,0,0,0.96327,0.0356,0.00113
25249977,2,2,0.00169,0.00705,0.99126
24810970,2,2,0.0105,0.28713,0.70237
2659433,2,1,0.01161,0.5212,0.4672
10037632,2,2,0.00369,0.03568,0.96063
16124644,2,2,0.00331,0.01892,0.97777
17591020,2,2,0.00508,0.0703,0.92462
29276741,0,0,0.60668,0.38263,0.01069
22975298,2,2,0.00198,0.01688,0.98113
25613241,2,2,0.00268,0.01355,0.98377
23106138,1,2,0.0016,0.01516,0.98324
9658942,2,2,0.00123,0.00834,0.99043
22064705,2,2,0.00101,0.00658,0.99241
37050941,2,2,0.00289,0.04518,0.95193
29321126,2,2,0.01015,0.19605,0.7938
27236998,2,2,0.16607,0.38688,0.44704
13394868,2,2,0.00343,0.01412,0.98244
8432405,2,2,0.0092,0.17561,0.81519
265336,0,0,0.40781,0.3564,0.23579
37328899,2,2,0.00127,0.01209,0.98665
12953628,2,2,0.0097,0.24342,0.74688
2390679,2,2,0.00113,0.00534,0.99354
26126680,0,0,0.61822,0.36915,0.01263
41462301,2,2,0.01659,0.23259,0.75082
22460365,2,1,0.04958,0.89258,0.05785
26719750,0,0,0.82339,0.16992,0.00669
19035572,2,2,0.00773,0.0844,0.90786
38736689,2,2,0.00378,0.01061,0.9856
34675636,2,2,0.00373,0.01045,0.98582
37132860,2,2,0.00699,0.03386,0.95915
22424416,2,2,0.00707,0.01508,0.97785
21779629,2,2,0.00145,0.00628,0.99227
30252147,2,2,0.00327,0.03292,0.96382
12241318,0,0,0.979,0.01987,0.00113
29877137,2,2,0.00267,0.01586,0.98146
12217850,2,1,0.0272,0.53375,0.43905
4329309,2,2,0.00645,0.14906,0.84449
18989654,2,2,0.00538,0.04604,0.94858
31251261,2,2,0.00233,0.01131,0.98636
26161078,2,2,0.0031,0.03889,0.95801
27995017,1,1,0.3046,0.67578,0.01962
39343071,0,0,0.97978,0.01912,0.00109
29461742,1,0,0.75432,0.22124,0.02444
11445851,2,2,0.00256,0.01054,0.98689
20152972,2,2,0.25822,0.22446,0.51732
19171708,2,2,0.00219,0.01153,0.98628
21020978,0,0,0.96525,0.03276,0.00198
30239137,2,2,0.00288,0.01719,0.97992
16074372,2,2,0.00127,0.00739,0.99133
25166561,2,2,0.00939,0.02523,0.96538
34106145,2,2,0.00352,0.02097,0.97551
39530295,0,1,0.35544,0.6287,0.01586
41405754,2,2,0.00174,0.00684,0.99142
39976727,2,2,0.01409,0.05074,0.93517
35392238,2,2,0.00142,0.00706,0.99152
13425274,2,2,0.01559,0.10642,0.878
16356103,0,0,0.98491,0.01416,0.00093
15334782,2,2,0.00341,0.02073,0.97586
20257481,2,2,0.01322,0.28713,0.69965
2231456,2,2,0.00116,0.0046,0.99423
12908960,2,2,0.00127,0.00837,0.99036
6168682,2,2,0.01701,0.23668,0.74631
7494293,2,2,0.00168,0.01476,0.98356
19339931,2,2,0.01226,0.11494,0.87281
40950506,2,2,0.00153,0.00897,0.98949
26735101,0,0,0.99102,0.00763,0.00136
27879390,2,2,0.00107,0.00695,0.99198
31261846,2,2,0.00511,0.03536,0.95952
36355111,2,2,0.00441,0.02726,0.96833
39944510,2,2,0.00206,0.01222,0.98573
29173323,2,2,0.00337,0.06286,0.93377
2334671,2,2,0.01134,0.15535,0.8333
25860132,2,2,0.00301,0.03564,0.96135
17336219,2,2,0.00169,0.00863,0.98968
2362028,0,0,0.99174,0.00717,0.00109
28941367,1,2,0.01156,0.26205,0.72639
24306978,0,0,0.93792,0.05576,0.00632
16804144,2,2,0.00158,0.00911,0.98931
8031360,2,2,0.00182,0.01246,0.98573
9974201,0,0,0.9035,0.09339,0.00311
5908495,2,2,0.00233,0.01398,0.9837
28460942,2,2,0.03121,0.06379,0.905
10876612,2,2,0.00107,0.01123,0.9877
28070358,2,2,0.00217,0.02249,0.97534
33022428,2,2,0.00155,0.01213,0.98632
2816202,0,0,0.9915,0.00742,0.00107
27387720,2,2,0.00191,0.00984,0.98825
37469212,2,2,0.02774,0.11595,0.85631
29514864,2,2,0.00142,0.00757,0.99101
38862618,2,1,0.0964,0.82793,0.07567
35288942,2,2,0.0012,0.00793,0.99087
23356721,2,2,0.00429,0.02565,0.97006
40896926,2,2,0.00358,0.02011,0.97632
36348792,2,0,0.54254,0.44628,0.01117
8937199,0,0,0.9729,0.02583,0.00127
4578825,2,2,0.00123,0.00857,0.9902
25429629,2,2,0.00215,0.01563,0.98222
38863540,2,2,0.00607,0.06385,0.93007
34954238,0,0,0.75547,0.23587,0.00866
30103592,2,1,0.02795,0.49931,0.47274
28891278,2,2,0.00114,0.00781,0.99105
27837539,0,0,0.97834,0.02032,0.00134
30415536,0,0,0.98952,0.00959,0.00089
9506949,2,2,0.00277,0.01259,0.98464
12118704,2,2,0.00253,0.00896,0.98851
13176541,2,1,0.1822,0.73266,0.08514
18945552,0,0,0.92322,0.06668,0.0101
3440488,2,2,0.00773,0.04106,0.9512
34063687,1,2,0.01097,0.11759,0.87144
6847720,2,2,0.00309,0.05458,0.94232
20388645,1,1,0.18711,0.73428,0.07861
12790800,0,1,0.24478,0.68115,0.07407
29247957,2,2,0.00875,0.22753,0.76372
1078926,2,2,0.00411,0.02177,0.97412
23655949,2,0,0.59012,0.27821,0.13167
37722824,0,0,0.99004,0.00894,0.00102
39863486,2,2,0.00295,0.0253,0.97175
36073767,1,0,0.80182,0.14362,0.05456
31377791,2,2,0.00428,0.08504,0.91068
1620613,2,2,0.00169,0.00863,0.98968
21706236,2,2,0.00773,0.05653,0.93575
22035735,2,2,0.01085,0.02729,0.96186
34975218,2,2,0.00234,0.00991,0.98775
1581497,2,2,0.00244,0.01148,0.98608
7018889,2,1,0.27083,0.65352,0.07565
11590123,2,2,0.00226,0.01047,0.98727
20540426,2,2,0.00141,0.01295,0.98563
32128293,2,2,0.00401,0.02981,0.96618
5637942,2,2,0.00176,0.01055,0.98768
34304311,2,2,0.00475,0.01651,0.97874
30657689,2,2,0.04756,0.14165,0.81078
26736827,2,2,0.00124,0.00739,0.99137
3154066,2,2,0.00616,0.0931,0.90073
30382338,2,1,0.0232,0.62225,0.35455
21470814,0,0,0.81212,0.18406,0.00382
21168121,2,2,0.00209,0.01366,0.98425
5777985,2,2,0.00106,0.00623,0.99271
7622449,2,2,0.00229,0.01453,0.98318
15278257,2,2,0.00184,0.01377,0.98439
26372648,2,2,0.03379,0.28742,0.67879
6611515,2,2,0.00484,0.04291,0.95224
8836789,2,2,0.00166,0.00762,0.99071
29984905,0,0,0.96884,0.02512,0.00604
32806425,2,2,0.00378,0.02707,0.96915
9822262,2,2,0.00193,0.01295,0.98512
25784583,0,0,0.96728,0.03079,0.00193
11172397,2,2,0.00412,0.01876,0.97712
6226035,2,2,0.03402,0.11559,0.85039
41353268,2,2,0.00122,0.00419,0.99459
39245837,2,2,0.00308,0.0155,0.98143
16900423,0,0,0.8394,0.13623,0.02438
36104479,2,2,0.02259,0.18117,0.79624
27325352,2,2,0.00126,0.00534,0.99341
25022506,2,2,0.00267,0.0163,0.98103
22085034,2,2,0.00414,0.02886,0.967
17092511,2,2,0.08111,0.29324,0.62565
6139975,2,2,0.00312,0.01814,0.97875
26164525,2,2,0.00993,0.1234,0.86667
41353252,0,0,0.96229,0.03528,0.00242
36317978,2,1,0.32361,0.49344,0.18295
36322876,0,0,0.98022,0.0188,0.00098
9983924,2,2,0.05564,0.3954,0.54896
39025882,0,0,0.98628,0.01242,0.00131
38920042,2,2,0.00265,0.03896,0.95839
12091759,0,0,0.98679,0.01209,0.00112
21514536,2,0,0.8474,0.11844,0.03417
23836685,0,1,0.43309,0.53479,0.03212
12944103,2,2,0.0018,0.00568,0.99252
34314385,0,0,0.8864,0.10504,0.00856
1475157,2,2,0.01286,0.01246,0.97468
17210092,0,0,0.84992,0.1454,0.00467
11486979,2,1,0.05617,0.79374,0.15009
16148505,2,2,0.00308,0.01391,0.98301
30284973,2,2,0.00422,0.04113,0.95465
37294850,2,2,0.10335,0.27578,0.62087
5863000,1,0,0.75669,0.23997,0.00334
11398801,2,2,0.00128,0.00706,0.99167
19917722,2,2,0.00246,0.02148,0.97606
8647386,0,0,0.96526,0.03263,0.00211
36920601,2,2,0.05652,0.10642,0.83706
14009674,2,2,0.00193,0.01149,0.98658
28952329,2,2,0.00132,0.00658,0.9921
41238203,2,2,0.00223,0.01105,0.98673
37328368,2,2,0.00219,0.01084,0.98697
6540416,2,2,0.00596,0.03717,0.95686
39036340,0,0,0.95255,0.04588,0.00157
2208474,2,1,0.1412,0.61577,0.24303
5797408,1,0,0.93131,0.06642,0.00227
22421992,2,2,0.00142,0.01204,0.98655
30635569,0,0,0.88445,0.11333,0.00223
18837248,0,0,0.98403,0.01488,0.00108
35285721,2,2,0.00259,0.01475,0.98266
20928288,2,2,0.00166,0.00716,0.99117
14650470,2,2,0.00137,0.01047,0.98815
30190773,2,2,0.00149,0.00883,0.98968
34926291,2,2,0.00192,0.01909,0.97899
39090892,0,0,0.78625,0.13217,0.08159
717836,1,1,0.03347,0.65149,0.31504
34175065,0,0,0.8078,0.18452,0.00768
34857148,2,2,0.00203,0.01039,0.98758
12980303,2,2,0.00512,0.07831,0.91657
21485755,2,1,0.07314,0.78322,0.14365
4329129,2,2,0.00144,0.00837,0.99019
40404166,2,2,0.00367,0.0248,0.97153
9935620,2,2,0.11589,0.20408,0.68003
28703705,2,2,0.0034,0.02443,0.97217
35940956,2,2,0.00291,0.00991,0.98719
25800215,2,1,0.35283,0.40849,0.23868
594026,2,2,0.08304,0.28146,0.63551
19529386,2,2,0.00248,0.01202,0.98549
34854017,2,2,0.01714,0.23108,0.75178
4539828,0,0,0.96611,0.03217,0.00172
9402527,2,2,0.0012,0.00904,0.98976
16014228,2,2,0.00348,0.01603,0.98048
37805758,2,2,0.01538,0.1578,0.82682
18304870,2,2,0.00172,0.0046,0.99368
323497,2,2,0.00456,0.01102,0.98442
18795584,2,2,0.00177,0.00883,0.9894
6820526,2,2,0.002,0.0083,0.9897
24005302,2,2,0.0018,0.01837,0.97982
32063226,0,0,0.81101,0.17955,0.00944
5432115,2,2,0.00178,0.03433,0.96389
3684397,0,1,0.17792,0.68639,0.13569
164745,2,1,0.0306,0.85996,0.10944
25131461,2,2,0.00127,0.0104,0.98833
33735700,0,1,0.22187,0.75058,0.02755
23235104,2,2,0.00169,0.01991,0.97839
21060249,2,2,0.00237,0.01088,0.98675
24922507,2,2,0.00704,0.02729,0.96568
17910609,0,0,0.9855,0.01231,0.00219
35605166,2,2,0.00191,0.01063,0.98746
21523701,2,2,0.00224,0.0206,0.97716
25636766,2,2,0.02048,0.37161,0.60791
33160620,2,2,0.0014,0.00717,0.99143
7670732,0,0,0.97893,0.01942,0.00164
14632675,2,2,0.00253,0.00798,0.98949
23478748,0,0,0.9239,0.07351,0.0026
21421504,0,0,0.80883,0.1826,0.00857
21373296,2,2,0.00156,0.00542,0.99302
8937628,2,0,0.53397,0.28221,0.18382
15727686,2,2,0.00329,0.00931,0.9874
268324,2,2,0.00148,0.01084,0.98767
25443785,2,2,0.00188,0.00728,0.99084
21527913,2,2,0.00214,0.03686,0.961
34542946,2,2,0.08335,0.31271,0.60394
10877087,2,2,0.01453,0.04354,0.94193
38698061,2,2,0.00311,0.01849,0.9784
16160637,0,0,0.99176,0.00541,0.00283
6701466,2,0,0.94021,0.05393,0.00586
14039486,2,2,0.02233,0.13993,0.83774
34556748,2,2,0.00111,0.00751,0.99138
40676243,2,2,0.00199,0.0147,0.98331
27767028,0,0,0.98185,0.01634,0.00181
30324852,2,2,0.0033,0.02171,0.97499
4145476,2,2,0.00135,0.00977,0.98888
24392873,2,2,0.00132,0.00628,0.9924
10940266,2,2,0.00565,0.02926,0.96509
27974923,2,2,0.00103,0.00658,0.99239
8809366,2,2,0.01287,0.07093,0.91621
39092286,0,0,0.86184,0.13636,0.0018
27652315,0,0,0.95017,0.04824,0.00159
2197546,2,2,0.00513,0.01644,0.97842
16355862,2,2,0.0014,0.00638,0.99222
28659907,2,2,0.00194,0.00849,0.98956
17024866,2,2,0.00362,0.02307,0.97331
20570062,2,2,0.01553,0.25358,0.73089
20351068,2,2,0.00184,0.01476,0.9834
38775436,2,2,0.00633,0.03931,0.95436
16418062,0,0,0.96535,0.03177,0.00289
23000474,0,0,0.73755,0.24996,0.01249
24839501,2,1,0.01594,0.49203,0.49203
25450713,2,2,0.00276,0.01284,0.9844
6530986,2,2,0.00165,0.01256,0.98579
22577753,2,2,0.00377,0.01525,0.98099
12938222,2,2,0.00327,0.01759,0.97915
4994338,2,1,0.14342,0.82211,0.03447
37717833,0,0,0.74084,0.24622,0.01295
6604290,2,2,0.0014,0.00521,0.99338
11344787,2,2,0.00298,0.01623,0.98079
29623474,0,0,0.98931,0.00849,0.0022
35274691,2,1,0.02308,0.79469,0.18223
8204291,2,2,0.00255,0.01593,0.98152
7841187,2,2,0.00234,0.0391,0.95856
9675873,0,0,0.99038,0.00774,0.00188
34817067,0,0,0.51574,0.4623,0.02196
28315072,2,2,0.00185,0.01067,0.98748
8305080,2,2,0.00219,0.01015,0.98766
9087827,2,2,0.02889,0.07931,0.8918
3504524,0,0,0.97048,0.02648,0.00304
6848913,2,2,0.00597,0.07952,0.91451
5583272,2,2,0.01589,0.33443,0.64968
35073206,2,2,0.00271,0.0158,0.98148
22215280,2,2,0.00153,0.01097,0.9875
26981687,2,2,0.00402,0.11351,0.88246
25187943,2,2,0.00194,0.01114,0.98693
39178452,2,2,0.00302,0.01856,0.97842
28203519,2,2,0.00861,0.12699,0.86441
34686234,2,2,0.00271,0.01746,0.97983
39559171,2,2,0.00356,0.02406,0.97238
27358707,2,2,0.00264,0.02579,0.97156
11360747,2,2,0.00505,0.04714,0.94781
20229798,2,2,0.02067,0.27328,0.70606
38101537,2,2,0.01177,0.09576,0.89247
29597421,2,2,0.07502,0.134,0.79097
3284565,2,2,0.00408,0.0121,0.98382
41219032,0,1,0.47726,0.50409,0.01865
2587488,2,2,0.03112,0.1145,0.85438
14000690,1,0,0.70012,0.29185,0.00802
30528476,2,2,0.00223,0.01015,0.98762
3197024,2,2,0.00244,0.01324,0.98432
524931,1,1,0.36034,0.53882,0.10085
32446754,2,2,0.00203,0.0114,0.98658
15399378,1,1,0.30452,0.67298,0.02249
19947525,2,1,0.06276,0.87323,0.064
30488207,2,2,0.00586,0.02346,0.97068
19670446,2,2,0.00142,0.00981,0.98877
32166594,2,2,0.0022,0.05473,0.94307
392648,2,2,0.02084,0.39331,0.58584
6679827,0,0,0.95124,0.04672,0.00205
13017608,2,2,0.00221,0.0339,0.96389
24143704,2,2,0.00139,0.01097,0.98763
17746831,2,1,0.04816,0.53419,0.41765
40369289,1,1,0.11106,0.78919,0.09975
7362729,0,0,0.98847,0.01073,0.00081
9895258,2,2,0.01512,0.40863,0.57626
1211374,1,1,0.03334,0.69081,0.27586
24015662,0,0,0.85658,0.13553,0.00789
2160193,2,2,0.00369,0.02089,0.97543
5516796,2,2,0.00499,0.0732,0.92181
17194017,1,1,0.2184,0.69002,0.09158
12869816,2,2,0.02275,0.15636,0.82089
30684998,2,2,0.00142,0.01199,0.98659
10588278,2,2,0.00354,0.01423,0.98223
3395978,2,2,0.00557,0.05709,0.93733
8677295,2,2,0.00516,0.07184,0.92301
15707704,2,2,0.00773,0.0844,0.90786
35191171,2,2,0.0012,0.0069,0.99191
2194313,2,2,0.00111,0.00745,0.99144
39085220,0,0,0.98634,0.01222,0.00144
14462598,1,2,0.06534,0.20704,0.72761
14614466,2,2,0.03915,0.18661,0.77424
20807390,0,0,0.64226,0.34377,0.01397
31864361,2,2,0.00793,0.13146,0.86061
25352852,0,1,0.10125,0.77188,0.12687
32127274,2,2,0.02625,0.26413,0.70962
37131888,2,2,0.00188,0.01131,0.98681
11325101,2,1,0.03464,0.5334,0.43196
4528709,2,2,0.00272,0.01463,0.98265
22601229,0,0,0.98972,0.00908,0.0012
13008379,0,1,0.36407,0.6193,0.01663
18278231,2,2,0.00178,0.0147,0.98351
20654098,2,2,0.00244,0.01216,0.98539
25433998,0,0,0.95892,0.03793,0.00315
32622882,2,2,0.009,0.12867,0.86233
41406174,0,0,0.97466,0.02363,0.00171
7099023,2,2,0.00289,0.01586,0.98125
4350207,2,2,0.00184,0.01557,0.98259
8655047,2,2,0.08536,0.28878,0.62585
24967006,2,2,0.11175,0.33169,0.55656
13744055,2,2,0.00182,0.01051,0.98767
16222686,2,2,0.00174,0.00711,0.99115
23144780,2,2,0.00165,0.01346,0.98489
29107504,2,2,0.0012,0.00471,0.99409
37729201,2,2,0.00114,0.00787,0.99099
31280989,2,2,0.00389,0.01501,0.9811
13334770,2,2,0.00277,0.02618,0.97105
39673048,2,2,0.0019,0.01631,0.9818
518504,1,1,0.01444,0.55027,0.4353
6436691,2,2,0.00113,0.0049,0.99397
4521875,2,2,0.00195,0.01872,0.97932
27274148,2,2,0.00457,0.08321,0.91222
2229049,2,2,0.00538,0.07607,0.91856
4537272,0,0,0.98716,0.00916,0.00367
28977808,2,2,0.00275,0.01951,0.97774
7857691,0,1,0.41363,0.57427,0.01211
24439110,2,2,0.04125,0.33342,0.62534
7658104,0,0,0.74705,0.23142,0.02153
21509221,2,2,0.01041,0.05265,0.93694
2262177,0,0,0.95635,0.04251,0.00114
6914475,2,2,0.00434,0.01379,0.98187
9989374,2,2,0.00144,0.00706,0.9915
38897876,1,1,0.14195,0.55813,0.29992
26456935,0,0,0.58104,0.40248,0.01648
33419546,2,2,0.0028,0.01605,0.98116
37685585,2,2,0.00142,0.00739,0.99119
3291241,2,2,0.00744,0.06289,0.92967
31892834,0,0,0.9166,0.08009,0.00331
26198429,2,2,0.00331,0.02074,0.97596
23027789,2,2,0.09037,0.29688,0.61275
10449809,2,2,0.00767,0.04884,0.94349
29569047,2,2,0.00144,0.0111,0.98746
1381725,2,2,0.00896,0.1455,0.84553
8570162,2,2,0.00372,0.07087,0.9254
22659432,0,0,0.98635,0.01162,0.00203
18312655,2,2,0.0055,0.08365,0.91085
41587175,2,2,0.00499,0.02984,0.96518
33910845,1,0,0.67254,0.30912,0.01835
38933529,2,1,0.19223,0.58663,0.22114
17543975,2,2,0.03977,0.1231,0.83713
10571941,2,2,0.00111,0.00867,0.99023
36971798,1,1,0.15957,0.79781,0.04261
16991503,2,1,0.25127,0.70472,0.04401
29265817,2,2,0.0068,0.289,0.7042
21730079,0,1,0.02628,0.51156,0.46216
26939553,2,2,0.00659,0.1027,0.8907
21494626,2,2,0.02389,0.06533,0.91077
33058655,2,0,0.64397,0.34469,0.01134
16470501,2,2,0.00339,0.0277,0.96891
29462665,0,0,0.51368,0.45688,0.02944
9914627,2,2,0.00328,0.01349,0.98323
8135577,2,2,0.00489,0.01846,0.97665
32918464,2,2,0.00268,0.01446,0.98286
7582345,2,2,0.00267,0.01521,0.98212
30453808,2,2,0.00781,0.10384,0.88835
15106554,2,2,0.0017,0.01487,0.98342
4994352,2,2,0.00838,0.21289,0.77872
32278870,2,2,0.00267,0.01617,0.98116
15723156,2,2,0.01552,0.48647,0.49801
2965382,2,2,0.00224,0.0228,0.97497
30756856,2,2,0.0024,0.01366,0.98394
15667158,2,2,0.08184,0.06202,0.85614
14967197,2,1,0.04946,0.83329,0.11725
13035687,0,0,0.99176,0.0059,0.00235
703419,2,2,0.00447,0.03054,0.96499
36102940,2,2,0.00213,0.00856,0.98931
10766180,0,0,0.98889,0.00749,0.00362
20492090,0,0,0.88155,0.11251,0.00594
22926328,1,0,0.89826,0.09806,0.00367
5876766,2,2,0.0026,0.04061,0.95679
16404070,0,0,0.9227,0.0737,0.0036
10656985,2,2,0.00269,0.03911,0.9582
3953271,2,2,0.00462,0.05898,0.93641
40204425,1,1,0.0154,0.63958,0.34503
7195137,2,2,0.00163,0.00856,0.9898
11080686,2,2,0.00401,0.0312,0.9648
34649257,2,2,0.00215,0.01309,0.98475
38120115,2,2,0.0049,0.01683,0.97827
36680529,2,2,0.00585,0.04023,0.95392
34471444,2,2,0.00433,0.04566,0.95
15155906,2,2,0.01846,0.33098,0.65056
1843564,2,2,0.00357,0.02263,0.9738
2433018,2,2,0.00714,0.14169,0.85117
41437568,2,2,0.0034,0.02509,0.97151
23158289,2,2,0.02133,0.2832,0.69547
30896845,2,2,0.00209,0.01335,0.98456
40733731,2,2,0.0018,0.00533,0.99287
19786035,2,2,0.00653,0.02436,0.96911
19160432,2,2,0.00106,0.0084,0.99054
12860004,2,2,0.01442,0.43151,0.55407
2028986,2,2,0.00773,0.07097,0.9213
20791275,0,0,0.97889,0.01977,0.00134
24673374,0,0,0.9414,0.05709,0.00151
29315131,2,2,0.00275,0.01842,0.97883
10762365,2,2,0.00497,0.01845,0.97658
6446238,2,2,0.03519,0.258,0.70681
15310332,2,2,0.00286,0.02583,0.97131
28996486,2,2,0.00198,0.01938,0.97864
34713295,2,2,0.00465,0.03793,0.95742
35390776,2,2,0.00641,0.02793,0.96566
26052557,2,2,0.00346,0.02343,0.97312
35329067,2,2,0.00222,0.03035,0.96743
32875897,2,2,0.00165,0.01194,0.9864
8541782,2,2,0.00107,0.00874,0.99019
30132691,0,0,0.92237,0.07542,0.00222
7885658,2,2,0.00226,0.01063,0.98711
20236576,1,1,0.13524,0.77598,0.08878
11314984,2,1,0.0907,0.86056,0.04874
32914734,2,2,0.00245,0.00925,0.9883
28306359,2,2,0.00275,0.03375,0.9635
9425346,2,2,0.00277,0.01038,0.98685
10984508,2,2,0.00229,0.01387,0.98384
7944669,2,2,0.00392,0.0523,0.94378
35840600,2,2,0.00169,0.01895,0.97936
33965518,2,1,0.31266,0.52258,0.16476
18014811,2,2,0.00707,0.18878,0.80415
34785680,2,2,0.00175,0.00546,0.9928
40943213,2,2,0.00132,0.00728,0.99141
34626528,0,0,0.83325,0.15965,0.0071
7282755,2,2,0.00554,0.04796,0.9465
39268721,2,2,0.01123,0.09664,0.89213
39334014,2,2,0.0025,0.00501,0.99249
36162687,2,2,0.00234,0.01015,0.98752
37955332,0,0,0.98373,0.01425,0.00202
13559712,2,2,0.00264,0.01212,0.98524
27520891,2,2,0.00437,0.05207,0.94356
18311680,2,1,0.11222,0.75056,0.13722
24044589,2,2,0.00316,0.018,0.97884
32333823,2,2,0.00824,0.01639,0.97536
41200193,2,2,0.00942,0.12972,0.86087
6648312,2,2,0.00213,0.01088,0.987
5789769,2,2,0.00368,0.05308,0.94324
17350607,2,2,0.00326,0.01906,0.97768
32803449,1,0,0.93071,0.06651,0.00278
17785163,2,2,0.00543,0.06657,0.928
36541946,0,0,0.95091,0.04269,0.00641
11971244,2,2,0.00233,0.01055,0.98712
2649145,2,2,0.00275,0.03337,0.96388
10983596,1,2,0.02833,0.30108,0.67059
27114666,2,2,0.00222,0.01492,0.98286
36417627,2,2,0.00514,0.01607,0.97879
27687427,2,2,0.0046,0.01697,0.97843
12285408,0,0,0.7684,0.20803,0.02357
26790097,2,2,0.0132,0.1699,0.8169
5474150,2,2,0.0118,0.07998,0.90822
32507182,2,2,0.01237,0.04283,0.9448
486314,2,2,0.00447,0.01466,0.98087
10460402,2,0,0.89752,0.09798,0.00449
23211905,2,2,0.00414,0.02832,0.96754
19491119,2,2,0.00259,0.04527,0.95213
6040544,2,2,0.00313,0.01298,0.98389
4130346,2,2,0.00272,0.01269,0.98459
15503432,2,2,0.0031,0.0081,0.9888
8198625,2,1,0.21336,0.74763,0.03901
14139929,1,0,0.90159,0.0954,0.00301
38335691,2,2,0.01187,0.03758,0.95054
32036582,2,2,0.00459,0.13416,0.86125
32675121,1,1,0.04035,0.83291,0.12674
35329636,2,2,0.01477,0.17267,0.81257
6420724,2,2,0.00895,0.06326,0.92779
9635326,2,2,0.00142,0.00751,0.99107
23139352,0,0,0.97397,0.01236,0.01368
24625188,2,2,0.00611,0.02869,0.9652
21591218,2,2,0.00227,0.00792,0.98981
23986020,2,2,0.00335,0.06701,0.92963
13605276,2,2,0.00298,0.01457,0.98244
20339606,0,1,0.24559,0.72749,0.02692
2693882,2,2,0.00135,0.01383,0.98482
15207886,0,0,0.99194,0.00679,0.00128
16309977,0,1,0.47321,0.51972,0.00707
19777661,2,2,0.0051,0.02357,0.97133
1059676,2,1,0.02072,0.8213,0.15798
4292486,0,0,0.88763,0.10684,0.00553
34099542,2,2,0.00203,0.01075,0.98722
33495410,2,2,0.00285,0.02745,0.96969
17485236,2,2,0.00161,0.00695,0.99144
8958863,2,2,0.01658,0.1265,0.85692
41428210,0,0,0.8757,0.11991,0.00438
31766407,0,0,0.99067,0.00827,0.00106
17578356,2,2,0.00242,0.02067,0.9769
28909491,1,1,0.07369,0.87517,0.05114
4011135,2,1,0.04628,0.68534,0.26838
24116256,2,2,0.00309,0.0123,0.98462
20519635,1,1,0.31291,0.54383,0.14326
37624733,2,2,0.01287,0.23909,0.74804
38661338,2,2,0.02875,0.09082,0.88043
8899271,2,2,0.16607,0.38688,0.44704
20553994,2,2,0.04443,0.37936,0.5762
30372365,2,2,0.01128,0.04958,0.93914
27862820,1,1,0.11392,0.59688,0.2892
27266945,2,2,0.00111,0.00834,0.99055
14556848,2,2,0.00132,0.00638,0.9923
6758733,2,2,0.00295,0.01006,0.98699
3646241,2,2,0.00309,0.00968,0.98723
12772353,2,0,0.86228,0.13537,0.00235
25807217,2,2,0.00356,0.02406,0.97238
10994915,2,2,0.00648,0.04703,0.94649
22785562,2,2,0.0027,0.00613,0.99117
20667752,2,2,0.01013,0.04909,0.94078
16677630,1,1,0.03968,0.86851,0.09181
34338835,2,2,0.00262,0.02051,0.97687
35151366,2,2,0.00242,0.0193,0.97828
23435089,2,2,0.00259,0.01475,0.98266
36195191,2,2,0.00351,0.02462,0.97188
13895654,0,0,0.87546,0.11941,0.00512
39972952,2,2,0.00142,0.00922,0.98936
23352941,1,0,0.7752,0.21695,0.00784
24817649,2,2,0.00755,0.03384,0.95861
13233504,2,2,0.03442,0.09174,0.87384
12956502,1,0,0.85106,0.13518,0.01376
8991073,2,2,0.00372,0.01338,0.98291
8601581,2,2,0.00214,0.02013,0.97773
4620986,2,2,0.01359,0.17121,0.8152
18727845,2,2,0.00106,0.00695,0.99199
22697349,0,1,0.41985,0.56497,0.01517
16627449,2,2,0.00123,0.00894,0.98983
23126274,2,2,0.00256,0.01122,0.98622
23373089,0,0,0.71411,0.25863,0.02726
37825683,2,2,0.00227,0.03847,0.95926
18280833,2,2,0.00151,0.00925,0.98924
32378846,2,2,0.0019,0.01487,0.98323
10490557,2,2,0.01216,0.16146,0.82638
11682157,2,0,0.62535,0.344,0.03065
9344761,2,2,0.0186,0.35092,0.63048
4962957,0,0,0.97408,0.02434,0.00158
12285698,0,1,0.3868,0.58979,0.02341
23603029,2,2,0.02451,0.15115,0.82434
3869812,2,2,0.0013,0.00429,0.99441
24038726,2,2,0.00166,0.0078,0.99054
18741740,2,2,0.0074,0.02316,0.96944
26413036,0,0,0.95292,0.04457,0.00251
8347557,2,2,0.00224,0.00613,0.99163
35314072,0,0,0.94748,0.05091,0.00161
11802636,2,2,0.00468,0.04569,0.94963
31509137,2,2,0.00326,0.0182,0.97853
11673663,2,2,0.00517,0.13914,0.85569
1097976,2,2,0.08181,0.18329,0.7349
40759095,2,2,0.00248,0.01289,0.98463
5455900,2,2,0.00316,0.01877,0.97806
2388746,2,2,0.01162,0.26963,0.71875
6044975,0,0,0.95646,0.04157,0.00197
27881201,2,2,0.00224,0.00554,0.99222
30425402,0,0,0.96551,0.03293,0.00157
20542676,2,2,0.00111,0.00446,0.99443
35894178,2,2,0.00209,0.01135,0.98656
36532246,2,1,0.04171,0.75097,0.20732
1152415,2,2,0.01226,0.03632,0.95142
25508144,2,2,0.0045,0.05319,0.94231
16607731,2,2,0.00326,0.02042,0.97632
17312618,2,2,0.00431,0.07859,0.9171
18832993,0,0,0.94051,0.05659,0.0029
25323249,2,2,0.00238,0.00811,0.98952
1340041,2,2,0.00567,0.04154,0.9528
15394984,2,2,0.00156,0.00962,0.98882
26414356,2,2,0.00491,0.02884,0.96625
19163860,2,2,0.00428,0.01086,0.98486
11565657,2,2,0.00186,0.01734,0.98079
31866728,0,0,0.84203,0.10519,0.05279
6142846,2,2,0.00241,0.01122,0.98638
37957988,2,2,0.00174,0.00728,0.99098
40570116,2,2,0.00253,0.00804,0.98943
26907159,2,2,0.00154,0.0195,0.97896
5627529,2,2,0.04861,0.35919,0.5922
5106029,2,2,0.00381,0.03436,0.96183
37978173,0,0,0.55403,0.41495,0.03101
12214110,2,1,0.17022,0.79639,0.03339
18090342,2,2,0.00282,0.03843,0.95875
34561724,0,1,0.08291,0.86812,0.04898
30969289,2,2,0.00462,0.01389,0.98149
18123333,2,2,0.00156,0.00786,0.99057
9325746,2,2,0.00144,0.00877,0.98979
20799421,0,0,0.81209,0.1812,0.0067
35412191,2,2,0.00163,0.02547,0.97289
39033036,2,2,0.08977,0.04684,0.86339
3569887,2,1,0.05493,0.55475,0.39032
9127033,2,2,0.0012,0.0049,0.9939
17029258,2,2,0.0032,0.00842,0.98839
9559978,2,2,0.00246,0.02219,0.97536
29444187,2,2,0.04267,0.3104,0.64693
14087282,2,2,0.00247,0.03166,0.96587
32499111,0,0,0.97763,0.01508,0.00729
36788793,2,2,0.01544,0.29127,0.69329
10800503,0,1,0.14124,0.82719,0.03158
28055520,2,2,0.00138,0.00873,0.98989
23305223,2,2,0.00166,0.00599,0.99234
12267840,2,2,0.00166,0.00745,0.99089
26006641,2,2,0.00193,0.01171,0.98636
33998616,2,1,0.1756,0.71917,0.10524
6729322,2,2,0.00241,0.01157,0.98602
13034856,2,1,0.07763,0.81523,0.10714
36085849,2,2,0.00337,0.01712,0.97951
8537045,2,2,0.05888,0.086,0.85512
7683980,2,1,0.19727,0.77716,0.02557
12963003,1,1,0.47519,0.51381,0.011
11125250,2,2,0.00312,0.01814,0.97875
36696471,2,2,0.00154,0.00653,0.99193
25872049,2,1,0.42362,0.44743,0.12895
16953142,2,2,0.0047,0.05624,0.93906
10355254,2,2,0.03508,0.25472,0.7102
34015860,2,2,0.0012,0.00509,0.99371
6053353,2,2,0.00213,0.00999,0.98788
4535763,0,0,0.98632,0.01266,0.00102
40838091,2,2,0.00285,0.0124,0.98475
3792075,2,2,0.00612,0.07162,0.92226
16108731,2,1,0.06821,0.81486,0.11693
5162367,2,2,0.00186,0.01902,0.97912
32936761,0,0,0.96049,0.0379,0.00161
33723024,2,2,0.00186,0.0198,0.97834
4115817,2,2,0.00366,0.02702,0.96932
8024640,2,2,0.00183,0.01802,0.98014
25085173,2,2,0.00315,0.00761,0.98924
8029699,2,2,0.02588,0.20595,0.76818
18156629,0,0,0.96026,0.03808,0.00166
16402117,0,0,0.68516,0.30882,0.00602
4180726,1,0,0.53527,0.45784,0.0069
39966529,1,1,0.07417,0.84885,0.07698
25158304,2,2,0.00416,0.02423,0.97161
20813427,1,0,0.78435,0.18594,0.02971
28531092,2,2,0.1283,0.17813,0.69358
35542993,1,0,0.67839,0.30578,0.01583
38742078,2,2,0.00879,0.02192,0.96929
16214599,2,2,0.00206,0.00992,0.98802
11010965,2,2,0.00277,0.01249,0.98474
34354089,2,2,0.01073,0.12351,0.86576
16988255,2,2,0.0021,0.00918,0.98873
4156377,2,1,0.14954,0.82274,0.02772
25118871,2,2,0.00847,0.14103,0.8505
8068596,2,2,0.0065,0.10075,0.89274
10702699,2,2,0.01828,0.10761,0.87411
7206958,1,1,0.23407,0.74097,0.02496
24042950,2,2,0.00183,0.02061,0.97756
8954016,2,2,0.002,0.00876,0.98924
28849309,1,1,0.14867,0.80055,0.05078
18496392,2,2,0.00394,0.01758,0.97849
16768162,2,2,0.00253,0.02474,0.97274
20108895,0,0,0.94756,0.04838,0.00406
16936047,2,2,0.00384,0.01037,0.98579
12693665,2,2,0.03823,0.14435,0.81742
33909513,2,2,0.00928,0.03712,0.9536
1836236,2,2,0.00293,0.04686,0.95021
35862104,2,2,0.00165,0.01335,0.98499
15676791,2,2,0.00464,0.03916,0.9562
27135238,2,2,0.00528,0.16047,0.83425
27181519,2,2,0.04122,0.16255,0.79622
28396455,2,2,0.0018,0.00824,0.98997
26134487,2,2,0.01409,0.05074,0.93517
4351457,2,2,0.00162,0.01558,0.9828
37686678,2,2,0.01781,0.22477,0.75742
29801612,2,1,0.29016,0.63874,0.07111
21131866,2,2,0.00286,0.01156,0.98558
25449842,2,2,0.0029,0.02683,0.97026
36162874,2,2,0.0023,0.02363,0.97406
15662155,2,2,0.00216,0.0083,0.98954
29632709,0,0,0.97079,0.02449,0.00471
17997843,2,2,0.01681,0.03629,0.9469
7487205,1,1,0.08667,0.8917,0.02164
19186485,2,2,0.00285,0.01532,0.98183
33553474,0,1,0.43401,0.54438,0.02161
18125247,0,0,0.98731,0.01093,0.00176
21878116,0,0,0.99119,0.00722,0.00159
11868123,2,1,0.06725,0.87043,0.06232
10199751,2,2,0.00256,0.0256,0.97184
2135231,1,1,0.04106,0.73349,0.22546
28045162,2,2,0.00167,0.01594,0.98239
1346487,2,2,0.00179,0.01356,0.98465
14445821,2,1,0.04323,0.79678,0.15999
8694507,1,1,0.43676,0.55645,0.00679
2658999,2,2,0.01597,0.07019,0.91384
28916993,1,2,0.00169,0.01946,0.97885
3916688,0,0,0.98611,0.01276,0.00114
33009062,0,0,0.99023,0.00647,0.0033
32561166,2,2,0.00426,0.0164,0.97934
2787225,2,2,0.00429,0.07032,0.92539
19225290,2,2,0.00949,0.03767,0.95284
10259240,2,2,0.01979,0.0775,0.90271
22396884,2,2,0.33686,0.32364,0.3395
17248041,0,0,0.99234,0.00653,0.00113
5919467,2,2,0.00142,0.00857,0.99001
7257115,2,2,0.00209,0.01088,0.98703
1228801,2,0,0.51788,0.40332,0.0788
32284023,2,2,0.03828,0.15604,0.80569
15980505,2,2,0.00458,0.05158,0.94384
16341518,0,0,0.96937,0.0292,0.00143
23137636,1,1,0.09314,0.87547,0.03139
38548157,2,2,0.00119,0.01016,0.98865
26111518,2,2,0.00303,0.01586,0.98112
31352885,2,2,0.02865,0.24947,0.72187
20915733,2,2,0.00229,0.01329,0.98441
5963009,2,1,0.02245,0.66642,0.31113
31996501,2,2,0.0018,0.0083,0.9899
34092364,2,2,0.00122,0.00757,0.99122
35342258,2,2,0.00602,0.07246,0.92152
29877156,2,2,0.00362,0.06755,0.92883
22475836,2,2,0.00299,0.01139,0.98562
23841784,2,2,0.0267,0.27931,0.69399
288391,0,0,0.99129,0.00787,0.00084
6290856,2,2,0.00385,0.00975,0.98641
2194973,2,2,0.00185,0.00705,0.99109
1209171,2,2,0.00381,0.01848,0.97771
28443224,2,2,0.00445,0.03512,0.96043
29681368,2,2,0.00596,0.03838,0.95566
14087990,2,2,0.00174,0.00897,0.98929
3348609,2,2,0.0024,0.01366,0.98394
5724788,2,2,0.00173,0.01442,0.98385
18345752,0,2,0.34381,0.17322,0.48297
31460990,2,2,0.00268,0.01175,0.98557
26846946,2,2,0.00422,0.02517,0.97061
30746519,2,2,0.01409,0.05074,0.93517
11367099,2,2,0.00297,0.01807,0.97896
9816784,2,2,0.00253,0.01014,0.98733
38001220,2,2,0.00116,0.00904,0.9898
13957396,2,2,0.00126,0.00517,0.99357
14444159,2,2,0.00243,0.03233,0.96524
34997928,2,2,0.00832,0.06003,0.93166
20815651,2,1,0.22492,0.75202,0.02307
18475048,2,2,0.00767,0.14618,0.84615
10869464,0,1,0.32182,0.66551,0.01267
31930028,2,2,0.00648,0.08967,0.90385
6535208,2,2,0.00161,0.00586,0.99253
2549141,2,2,0.0021,0.00762,0.99028
15841614,2,2,0.00197,0.00869,0.98934
687098,2,2,0.00421,0.01337,0.98242
9173688,2,2,0.00587,0.03655,0.95757
6924538,2,2,0.00151,0.00648,0.99201
5588818,2,2,0.0019,0.01569,0.98241
10503034,1,1,0.05271,0.57563,0.37166
16302714,2,2,0.00104,0.00498,0.99398
3488119,2,2,0.00825,0.36177,0.62998
38610440,2,0,0.63013,0.32563,0.04424
29727820,0,2,0.08203,0.33735,0.58062
20920820,2,2,0.00241,0.02386,0.97373
27345728,2,2,0.00724,0.05873,0.93403
27906127,2,2,0.00158,0.00911,0.98931
1053063,2,2,0.00276,0.05808,0.93916
13911670,0,0,0.83412,0.15796,0.00793
22874432,2,2,0.04262,0.31124,0.64614
1233100,2,0,0.93111,0.06615,0.00274
19196230,2,2,0.00156,0.00843,0.99001
9237324,2,2,0.10472,0.23855,0.65673
7380159,2,2,0.0047,0.02756,0.96774
6371608,0,2,0.0707,0.218,0.7113
39058180,2,2,0.02285,0.06434,0.91281
23985539,0,0,0.74095,0.23961,0.01944
36283423,2,1,0.33501,0.55559,0.1094
13014294,2,1,0.11974,0.50414,0.37611
21074370,2,0,0.95302,0.0429,0.00408
3994364,1,1,0.26508,0.69567,0.03925
27655856,2,2,0.00484,0.02819,0.96697
23056209,0,0,0.97008,0.02763,0.00229
40690878,2,2,0.00153,0.01008,0.98839
19582962,0,1,0.33434,0.61255,0.05311
21827133,2,1,0.13967,0.52199,0.33834
10320835,2,2,0.00118,0.00479,0.99403
21423391,2,2,0.00174,0.00658,0.99168
29700855,2,2,0.01455,0.07841,0.90704
33243674,0,0,0.93722,0.05945,0.00333
5458244,2,2,0.00135,0.01101,0.98763
21865090,2,2,0.00104,0.00658,0.99238
4958039,2,2,0.00305,0.02205,0.9749
18758359,0,0,0.875,0.11681,0.00819
25686998,2,2,0.00129,0.0106,0.98811
33180941,2,2,0.00303,0.01544,0.98153
7844583,2,1,0.04123,0.60118,0.35758
35187435,0,0,0.98581,0.01275,0.00144
14962157,2,2,0.00196,0.01637,0.98167
20991031,1,1,0.32461,0.65574,0.01965
7530989,1,1,0.10177,0.82835,0.06988
16695257,2,0,0.90291,0.0881,0.00899
7367643,2,2,0.00215,0.01314,0.9847
32716620,0,0,0.97934,0.01909,0.00157
11474557,0,0,0.98044,0.01789,0.00167
497440,2,1,0.05289,0.79256,0.15455
22149015,2,2,0.00239,0.01975,0.97787
29664041,2,2,0.00356,0.02406,0.97238
27077244,1,0,0.86942,0.12045,0.01012
13922553,2,2,0.00276,0.01452,0.98272
2960776,2,2,0.00293,0.01849,0.97858
31262245,2,1,0.03813,0.87809,0.08378
22331273,2,2,0.07656,0.24906,0.67438
11418678,2,1,0.26363,0.64364,0.09273
27639636,2,2,0.0039,0.01258,0.98353
33165399,2,2,0.00331,0.01988,0.97681
14761796,0,0,0.98642,0.01251,0.00107
6036789,2,1,0.25857,0.71115,0.03028
34860440,2,2,0.02357,0.0852,0.89124
41308919,0,0,0.885,0.11077,0.00423
21777590,2,2,0.00114,0.00679,0.99207
1573209,2,2,0.01259,0.06257,0.92484
8748471,0,0,0.53517,0.41843,0.0464
4419028,0,0,0.97366,0.02414,0.0022
38217295,1,0,0.91557,0.0819,0.00253
4830663,2,2,0.00296,0.00767,0.98937
14450685,2,2,0.03415,0.46407,0.50178
20249382,2,2,0.00359,0.046,0.95041
14162694,2,2,0.00267,0.01532,0.982
21417812,2,2,0.00162,0.00453,0.99385
36298006,0,0,0.99208,0.00684,0.00107
16148597,2,2,0.0014,0.00955,0.98906
8247810,2,2,0.00247,0.01498,0.98255
26853561,2,0,0.74551,0.16441,0.09009
35182309,2,2,0.00786,0.15184,0.8403
39619951,2,2,0.00118,0.0094,0.98942
28259494,2,1,0.05722,0.60567,0.33711
12068710,2,2,0.00114,0.00751,0.99135
29514731,2,2,0.00385,0.05377,0.94238
25788795,2,2,0.18745,0.38764,0.42491
12961435,2,2,0.00355,0.0112,0.98524
22923567,2,2,0.00184,0.01516,0.983
16227505,2,2,0.092,0.35963,0.54837
29057599,2,2,0.00134,0.00581,0.99285
8217980,2,2,0.00585,0.04023,0.95392
25599441,2,2,0.00311,0.01988,0.97701
3840499,2,2,0.00371,0.01561,0.98069
31312159,2,2,0.0089,0.09781,0.8933
12655569,1,1,0.09083,0.8719,0.03728
17086037,0,0,0.99227,0.00658,0.00114
3928283,2,2,0.00399,0.02002,0.97599
30596002,2,2,0.00161,0.00774,0.99065
30757683,2,2,0.00275,0.01842,0.97883
5462748,0,0,0.98282,0.01322,0.00395
9644178,2,2,0.00632,0.02629,0.96739
17101656,2,2,0.00368,0.02212,0.9742
11719111,0,0,0.93254,0.06484,0.00262
25061475,2,2,0.00257,0.00924,0.98819
7545340,2,2,0.00295,0.01156,0.98549
7757455,2,2,0.00129,0.01405,0.98467
1224896,2,2,0.00292,0.03541,0.96167
17209692,2,2,0.00328,0.01364,0.98308
10282195,2,2,0.00146,0.01093,0.98761
21482656,2,2,0.13112,0.29034,0.57854
25855256,2,2,0.0096,0.29623,0.69417
18804792,2,2,0.00307,0.01661,0.98032
25633700,2,2,0.00157,0.01482,0.98361
19682645,0,0,0.99203,0.00679,0.00118
31837598,0,0,0.49587,0.49201,0.01213
30076527,1,0,0.92841,0.06898,0.00261
5987407,2,2,0.00133,0.00973,0.98893
7205151,2,2,0.00808,0.02064,0.97128
41587746,2,2,0.00104,0.0087,0.99026
17480650,2,2,0.00262,0.01878,0.97859
5179062,2,2,0.0338,0.37638,0.58982
20961050,2,2,0.00301,0.0375,0.9595
32804487,2,1,0.03206,0.71279,0.25515
824139,2,2,0.00178,0.01612,0.98209
35509750,0,0,0.56567,0.35123,0.0831
11786469,2,0,0.8991,0.09348,0.00742
31324876,2,2,0.00122,0.00805,0.99073
26110565,2,2,0.09678,0.17404,0.72918
32474998,2,2,0.00766,0.10699,0.88535
13553765,2,2,0.00351,0.02379,0.9727
5766347,2,2,0.00188,0.00932,0.9888
38254017,2,2,0.00231,0.03451,0.96318
24308312,2,2,0.00159,0.00799,0.99043
35414477,2,2,0.00598,0.03409,0.95993
29942937,2,2,0.00337,0.03139,0.96523
23281189,2,2,0.00525,0.03958,0.95517
30908937,2,2,0.00335,0.02299,0.97366
24719190,2,2,0.00241,0.0091,0.98848
22346121,2,2,0.00773,0.0844,0.90786
35208335,2,2,0.00585,0.04023,0.95392
774966,2,2,0.00308,0.01263,0.98428
21508354,2,2,0.32454,0.2413,0.43416
21958189,2,2,0.00201,0.00613,0.99186
36152251,2,2,0.00313,0.05795,0.93892
19826615,2,2,0.00156,0.00843,0.99001
5214213,2,2,0.00443,0.02349,0.97207
24232661,2,2,0.00204,0.02021,0.97775
39881129,2,2,0.00271,0.01617,0.98112
5428193,2,2,0.04664,0.18883,0.76454
3032759,2,2,0.00161,0.00883,0.98956
22420236,2,2,0.02082,0.07975,0.89942
29636265,2,2,0.04304,0.29413,0.66283
26545127,2,2,0.00303,0.01408,0.98289
39133464,0,0,0.92731,0.07123,0.00146
7799472,2,2,0.03036,0.39223,0.57741
38347256,2,2,0.00218,0.01481,0.98301
18178822,2,2,0.00153,0.00988,0.98858
41148842,2,2,0.01078,0.36264,0.62658
34723444,0,0,0.63321,0.3552,0.0116
1242670,2,2,0.0016,0.01127,0.98713
11019768,1,2,0.0089,0.35261,0.63849
1663024,2,2,0.01083,0.02204,0.96713
13999111,2,2,0.00156,0.00805,0.99039
28296613,1,1,0.11706,0.75588,0.12706
26545023,2,2,0.0123,0.17732,0.81037
12129674,2,2,0.00509,0.04071,0.9542
26786107,2,2,0.00156,0.00818,0.99026
37580295,0,0,0.87414,0.10772,0.01814
34946612,2,2,0.00156,0.00572,0.99271
23131539,2,2,0.0221,0.12228,0.85562
24338300,2,2,0.00134,0.00464,0.99402
35211569,1,2,0.15999,0.13135,0.70867
34082531,2,2,0.00275,0.01807,0.97917
40542650,2,1,0.03702,0.62124,0.34174
4352720,0,0,0.98872,0.01032,0.00096
21060924,2,2,0.08661,0.16228,0.75111
15445437,2,2,0.00308,0.0144,0.98252
4237134,2,2,0.02959,0.39437,0.57604
20314622,2,2,0.00474,0.04858,0.94668
12697065,2,1,0.03155,0.81375,0.1547
40888201,0,0,0.89718,0.0991,0.00372
29585907,0,0,0.71126,0.21608,0.07266
15254427,0,0,0.97901,0.01916,0.00183
17318621,1,1,0.32217,0.67145,0.00638
38419610,2,2,0.00203,0.01153,0.98644
23747321,2,2,0.0016,0.02746,0.97093
31889497,0,0,0.99221,0.00653,0.00126
15064145,2,2,0.00361,0.0099,0.98649
31679175,2,2,0.00393,0.0488,0.94727
14168104,2,2,0.00151,0.0127,0.98579
31073815,0,2,0.04918,0.19339,0.75743
3375837,2,2,0.00145,0.00689,0.99166
22313597,0,1,0.44538,0.52478,0.02984
6339896,2,2,0.00196,0.01226,0.98577
13612438,2,2,0.00152,0.00517,0.99331
41581721,2,2,0.00159,0.00638,0.99203
17419862,0,0,0.72983,0.25026,0.01991
18540201,2,2,0.04519,0.32113,0.63368
29952732,2,2,0.00558,0.02681,0.96761
19364708,2,2,0.00289,0.01544,0.98167
17142440,2,2,0.00503,0.03604,0.95893
10512949,2,2,0.00324,0.00975,0.98701
28951110,2,2,0.02663,0.03447,0.9389
33728835,2,2,0.01199,0.26876,0.71924
27191622,2,2,0.00408,0.02832,0.9676
15812328,2,1,0.24501,0.6912,0.06379
27754284,2,2,0.00373,0.02415,0.97212
17258435,1,1,0.41754,0.57071,0.01175
14402853,2,1,0.03342,0.77871,0.18787
18196165,2,2,0.00302,0.03176,0.96521
1897648,2,2,0.00168,0.0094,0.98892
28967221,0,1,0.2682,0.72338,0.00842
33513936,2,2,0.00161,0.00542,0.99297
4137785,2,0,0.99235,0.00643,0.00122
16746387,2,2,0.00389,0.01525,0.98087
41217470,2,2,0.00558,0.11275,0.88167
29910640,2,2,0.00223,0.00984,0.98793
3350465,0,0,0.94713,0.05129,0.00159
25568614,2,2,0.02076,0.2001,0.77914
15906138,1,2,0.04878,0.21168,0.73955
40850815,2,2,0.00174,0.0083,0.98996
36380730,2,2,0.00169,0.00904,0.98927
17449536,2,2,0.00163,0.0108,0.98757
27027810,2,2,0.00651,0.02699,0.9665
26438868,1,1,0.05358,0.83158,0.11485
3299143,2,2,0.00133,0.00837,0.9903
34901171,2,2,0.00208,0.01569,0.98223
39510094,2,2,0.00177,0.00837,0.98987
15683704,2,2,0.0019,0.01372,0.98438
33951149,2,2,0.02999,0.24339,0.72662
26320366,2,2,0.02552,0.24024,0.73424
41429997,2,0,0.91575,0.0816,0.00265
27642439,0,0,0.9643,0.03451,0.00118
302256,2,2,0.00183,0.00728,0.9909
24709274,0,0,0.87871,0.11437,0.00692
12814039,2,2,0.00118,0.00482,0.99399
20469487,2,2,0.00405,0.06475,0.9312
28484576,2,2,0.00131,0.00757,0.99112
38194208,2,2,0.00356,0.02406,0.97238
6147083,2,2,0.00154,0.00525,0.99321
37077053,2,2,0.00278,0.00855,0.98867
23246663,2,2,0.00225,0.01533,0.98242
17602582,0,2,0.25493,0.27818,0.46689
39252055,2,2,0.0019,0.01185,0.98625
10109559,2,2,0.01459,0.45047,0.53494
40841381,0,1,0.29312,0.69768,0.0092
9494192,2,2,0.00487,0.03814,0.957
2455507,2,2,0.00419,0.04679,0.94902
29033808,2,2,0.00585,0.04023,0.95392
35740246,2,2,0.005,0.02745,0.96755
15786101,2,2,0.00154,0.0055,0.99296
24962832,2,2,0.00239,0.01872,0.97889
19365647,2,2,0.00727,0.05506,0.93767
35479030,2,2,0.00322,0.01537,0.9814
16630964,2,2,0.00174,0.00762,0.99064
32729717,0,0,0.98411,0.01488,0.001
16773262,2,2,0.00156,0.00559,0.99285
9321790,2,2,0.01298,0.18412,0.8029
12753023,2,2,0.00248,0.02874,0.96878
10675447,0,2,0.2358,0.3187,0.4455
35846047,2,2,0.00301,0.03666,0.96033
11085826,2,2,0.00791,0.03358,0.95851
36953484,1,0,0.5619,0.42414,0.01396
12407387,2,1,0.25048,0.71914,0.03039
4621823,2,2,0.10751,0.23135,0.66114
40494836,2,2,0.00115,0.00494,0.99392
23097864,2,2,0.00585,0.04023,0.95392
32191011,2,2,0.00476,0.03053,0.96471
22342594,2,2,0.0042,0.04453,0.95126
40366177,2,2,0.00213,0.0075,0.99036
24494246,2,2,0.00114,0.00787,0.99099
27982728,2,2,0.00143,0.01845,0.98012
11287043,0,0,0.75534,0.24142,0.00324
13942383,0,0,0.95264,0.04615,0.00121
20474212,2,2,0.00138,0.0085,0.99012
40269035,2,2,0.00358,0.02034,0.97609
23684420,2,1,0.40521,0.567,0.02779
1745647,2,2,0.00155,0.01256,0.98589
36824208,1,1,0.12723,0.80413,0.06864
17273600,2,2,0.00639,0.04489,0.94871
20580790,2,2,0.00231,0.00637,0.99132
40562592,2,2,0.00168,0.00947,0.98885
23158765,0,0,0.99194,0.00703,0.00102
27988471,0,0,0.96109,0.03467,0.00425
25035147,2,2,0.00399,0.02002,0.97599
16111729,2,1,0.23358,0.71389,0.05253
30621921,2,2,0.0018,0.02073,0.97747
7551828,2,2,0.01037,0.04907,0.94056
12523365,2,2,0.19395,0.27986,0.52618
26275370,2,2,0.00444,0.09459,0.90097
16301479,2,2,0.00656,0.03558,0.95787
27145734,0,2,0.0165,0.03193,0.95157
12869245,2,2,0.00468,0.01512,0.9802
9894362,2,2,0.0018,0.00768,0.99052
5218766,1,1,0.1496,0.79233,0.05807
15375525,2,2,0.00126,0.00391,0.99483
8824740,2,2,0.00235,0.03418,0.96347
33825367,0,0,0.69878,0.29588,0.00534
13709951,2,1,0.04501,0.67711,0.27788
22916794,0,0,0.97758,0.02106,0.00136
18765071,2,2,0.00161,0.00962,0.98877
9172573,2,2,0.00095,0.00577,0.99328
29876386,2,2,0.00619,0.04618,0.94763
989859,2,2,0.00372,0.02626,0.97002
37079537,0,0,0.94866,0.04864,0.00271
24217910,2,2,0.00151,0.01123,0.98726
745294,2,0,0.75281,0.22428,0.02291
11102661,2,2,0.00773,0.0844,0.90786
39231365,0,0,0.98933,0.00925,0.00142
20793444,2,2,0.00238,0.02173,0.97589
6149268,2,1,0.37504,0.58087,0.0441
28634190,2,2,0.00459,0.06383,0.93158
8248289,0,0,0.98551,0.01339,0.0011
29896887,2,2,0.00152,0.00633,0.99216
23651808,2,2,0.01847,0.09162,0.88991
38527865,0,0,0.87456,0.11206,0.01338
1429654,2,2,0.00241,0.04132,0.95627
41356267,0,0,0.99246,0.00664,0.00091
22008059,2,2,0.00232,0.04881,0.94887
2908885,2,2,0.03561,0.47278,0.49161
26089966,2,2,0.0016,0.01149,0.98691
10117841,0,0,0.77568,0.21456,0.00976
10482088,2,2,0.02487,0.21356,0.76158
31916738,1,0,0.98322,0.01555,0.00123
14477395,2,2,0.00151,0.01043,0.98806
6835937,2,2,0.0028,0.01693,0.98027
18429145,2,2,0.00277,0.01148,0.98575
967376,2,2,0.00511,0.03576,0.95912
38441570,2,2,0.001,0.0044,0.99461
19161325,2,2,0.00176,0.00996,0.98828
5710797,0,1,0.43373,0.53558,0.03069
39046092,1,2,0.0032,0.03651,0.96028
10127863,2,2,0.00104,0.00564,0.99332
22549926,1,1,0.08099,0.81642,0.10259
3088488,2,2,0.01416,0.08211,0.90373
41609141,0,0,0.68295,0.31025,0.0068
41218731,0,1,0.33496,0.65583,0.00921
8552873,2,2,0.00538,0.06168,0.93294
13337184,2,2,0.01919,0.34022,0.64059
32362708,2,2,0.00149,0.00762,0.99089
21248889,2,1,0.04065,0.80383,0.15552
21516758,2,2,0.01377,0.05754,0.92868
16571394,2,2,0.0062,0.15565,0.83815
31556799,0,0,0.98367,0.01502,0.00131
4381272,2,2,0.07663,0.19635,0.72703
6955031,1,1,0.04778,0.77118,0.18104
11239187,0,0,0.91184,0.08481,0.00334
8141492,2,2,0.038,0.12375,0.83825
23486779,2,2,0.00885,0.02983,0.96131
11990095,2,2,0.00222,0.01392,0.98385
21523486,2,2,0.00635,0.0797,0.91394
6706801,2,2,0.00518,0.02217,0.97264
2419419,2,2,0.0303,0.25268,0.71702
30218763,2,2,0.0033,0.06813,0.92858
7046756,2,1,0.1199,0.7231,0.15699
11583941,2,2,0.00114,0.00757,0.99129
30915828,2,2,0.00297,0.01773,0.9793
4010155,2,2,0.08638,0.26273,0.65089
15965352,2,2,0.00289,0.02912,0.96799
31394631,2,2,0.0151,0.14752,0.83738
26325514,2,2,0.00297,0.01773,0.9793
30547157,0,0,0.93198,0.06342,0.00459
13698298,2,1,0.14377,0.83547,0.02075
36829275,2,2,0.02092,0.01708,0.962
19847473,0,1,0.18572,0.79424,0.02004
33695096,0,1,0.28186,0.70308,0.01506
6651354,2,2,0.04805,0.08684,0.86511
29234087,2,2,0.00103,0.00551,0.99347
35457626,2,2,0.00464,0.02322,0.97213
30692894,0,0,0.75867,0.21191,0.02942
8895137,2,1,0.09644,0.70703,0.19653
2258210,2,2,0.00523,0.05842,0.93635
14350377,2,2,0.0021,0.00542,0.99248
7845522,2,2,0.00724,0.08818,0.90458
38944355,2,2,0.00531,0.04457,0.95012
37488131,2,2,0.00607,0.0647,0.92924
19672686,2,2,0.00596,0.03717,0.95686
40497215,2,2,0.00665,0.03708,0.95627
31460268,2,2,0.00219,0.01279,0.98502
41196011,1,1,0.05712,0.88313,0.05975
27960938,2,2,0.00136,0.00638,0.99226
40719272,2,2,0.00184,0.01453,0.98363
29855787,2,2,0.10034,0.36561,0.53404
17132269,2,2,0.05026,0.22834,0.72141
24631210,2,2,0.00155,0.0167,0.98176
1666521,2,1,0.0198,0.65053,0.32967
27261923,2,2,0.00334,0.01062,0.98604
33701095,2,2,0.00134,0.00781,0.99086
3979566,2,2,0.0018,0.00786,0.99034
40633570,2,2,0.00236,0.01668,0.98096
8612686,1,0,0.74307,0.246,0.01094
16070687,2,2,0.00116,0.00745,0.99139
38377987,2,2,0.00108,0.00546,0.99346
22186838,1,2,0.0194,0.28613,0.69448
10635118,2,2,0.00227,0.00903,0.9887
4694056,2,2,0.00126,0.00521,0.99353
22097756,2,2,0.00135,0.01114,0.98751
37150902,0,0,0.80191,0.19047,0.00762
38096656,2,2,0.00817,0.19645,0.79538
10882986,0,0,0.98837,0.01027,0.00135
9933427,2,2,0.00158,0.00805,0.99037
19534580,2,1,0.06756,0.88134,0.0511
30415030,0,0,0.97301,0.02538,0.00161
7546883,2,2,0.0148,0.14513,0.84007
38485523,2,2,0.00253,0.00999,0.98749
31856511,2,2,0.0025,0.01982,0.97768
11736027,2,2,0.003,0.00903,0.98797
15022154,2,2,0.00858,0.07465,0.91677
13682409,0,0,0.98304,0.01567,0.00128
929299,1,0,0.61146,0.37671,0.01183
11212143,2,2,0.00154,0.00679,0.99167
14610267,2,2,0.01342,0.11639,0.87018
2745886,2,2,0.00134,0.00577,0.99289
6504648,0,0,0.50144,0.40135,0.09721
11303875,2,2,0.00579,0.06472,0.92948
35826918,2,2,0.16432,0.30939,0.52629
25661021,2,2,0.03171,0.06306,0.90523
6054687,0,0,0.9631,0.03543,0.00147
16383765,2,2,0.00147,0.00653,0.992
28276125,0,0,0.98311,0.01616,0.00073
29687920,2,2,0.00584,0.05643,0.93773
30661070,2,2,0.00182,0.00805,0.99013
13543384,2,2,0.00882,0.10566,0.88552
38766790,0,0,0.97382,0.02497,0.00121
36315565,2,2,0.00308,0.0155,0.98143
27866623,2,2,0.00188,0.01118,0.98694
11342805,2,2,0.00154,0.00684,0.99162
28948780,2,2,0.00216,0.0126,0.98525
25808485,2,2,0.00897,0.07598,0.91505
22334091,2,2,0.01298,0.18412,0.8029
20963418,2,2,0.00115,0.00525,0.9936
24657163,0,0,0.95644,0.04153,0.00203
39257897,2,2,0.00256,0.01157,0.98587
19845412,2,2,0.00303,0.01592,0.98105
25095329,2,2,0.00132,0.00517,0.99351
36338389,2,2,0.0019,0.0154,0.98271
39287737,2,0,0.94147,0.05145,0.00708
8275225,2,2,0.00788,0.09552,0.8966
15719256,2,2,0.01442,0.02835,0.95723
36361622,0,0,0.98273,0.01601,0.00126
18277078,2,2,0.00166,0.01084,0.9875
35351708,2,2,0.00435,0.02575,0.9699
2599801,2,2,0.00143,0.01394,0.98463
32677722,1,1,0.18335,0.75403,0.06262
36745440,2,2,0.00586,0.05428,0.93986
5475010,2,2,0.00182,0.00883,0.98935
17807701,2,2,0.00337,0.01641,0.98022
24986750,2,2,0.00216,0.01105,0.98679
20699788,2,2,0.01787,0.05815,0.92397
30831583,2,2,0.00657,0.03287,0.96056
13085563,2,2,0.00165,0.01227,0.98608
25411526,2,2,0.00156,0.00599,0.99244
15788365,0,1,0.41154,0.57584,0.01262
3021885,2,2,0.00125,0.00897,0.98977
32826792,2,2,0.00683,0.09914,0.89403
40237392,2,1,0.02527,0.51968,0.45505
7846197,2,1,0.23772,0.65637,0.1059
38690254,0,0,0.5636,0.41884,0.01756
27425460,2,2,0.00203,0.01194,0.98604
10038136,2,2,0.00218,0.01498,0.98283
11164724,2,2,0.01505,0.10363,0.88133
14996771,0,0,0.98969,0.00908,0.00123
21324428,2,2,0.00229,0.01498,0.98273
37554853,2,2,0.00517,0.01012,0.98472
4606377,2,2,0.00138,0.00739,0.99123
35169031,0,2,0.11454,0.18108,0.70438
20601085,2,2,0.02365,0.18068,0.79566
780401,2,2,0.00261,0.03695,0.96044
36097485,2,1,0.14082,0.81673,0.04245
35911188,2,2,0.01588,0.13718,0.84694
5933354,0,0,0.93607,0.06126,0.00267
27413775,0,0,0.73842,0.25719,0.00439
14004738,2,2,0.16658,0.30401,0.5294
40140646,2,2,0.00929,0.02101,0.9697
533745,0,2,0.014,0.34727,0.63873
27439115,0,0,0.94656,0.05156,0.00189
36067190,2,2,0.00161,0.01011,0.98828
4162501,2,2,0.00128,0.00555,0.99318
5942218,2,2,0.00457,0.02296,0.97247
32964564,0,0,0.98237,0.01651,0.00111
24734131,0,1,0.22327,0.74071,0.03602
12991356,0,1,0.38488,0.59611,0.01901
11234322,2,2,0.00268,0.0135,0.98383
29240828,0,0,0.98096,0.01759,0.00145
37199404,2,2,0.0026,0.02679,0.97061
40912802,2,2,0.00232,0.01681,0.98087
3975222,2,2,0.00149,0.00811,0.9904
38882822,0,0,0.95549,0.04331,0.00119
1000538,2,2,0.00356,0.02406,0.97238
4592955,2,2,0.00555,0.04664,0.94781
4448283,2,2,0.009,0.11492,0.87608
12977995,2,2,0.00351,0.00791,0.98858
18071780,2,2,0.00181,0.01734,0.98085
14384024,2,2,0.00963,0.11007,0.8803
912977,2,1,0.05621,0.81954,0.12425
31429238,2,2,0.00194,0.00876,0.9893
8062458,1,1,0.21379,0.55805,0.22816
32853350,0,0,0.57018,0.37248,0.05734
25732155,2,2,0.00138,0.00955,0.98908
9207903,2,2,0.00356,0.02406,0.97238
26814581,2,2,0.00273,0.00823,0.98904
15223642,2,0,0.79227,0.13714,0.07059
35371285,0,0,0.91158,0.08613,0.0023
8631623,2,2,0.00126,0.00695,0.9918
38684721,0,0,0.99163,0.00728,0.00109
37875970,0,0,0.93602,0.06114,0.00284
29749946,2,2,0.0037,0.01685,0.97945
7330850,2,2,0.00504,0.03431,0.96064
6929182,2,2,0.00253,0.02413,0.97334
5300147,2,2,0.00232,0.01688,0.9808
13793430,1,0,0.76901,0.22379,0.00719
40971032,2,2,0.02631,0.12936,0.84434
4380691,2,2,0.00708,0.05053,0.94238
24239482,2,2,0.00154,0.0087,0.98977
25541675,0,2,0.07612,0.27899,0.64489
21310183,2,2,0.00156,0.02264,0.9758
10984746,2,1,0.1439,0.71663,0.13947
16768870,2,2,0.00506,0.06024,0.9347
7973794,2,2,0.00296,0.02398,0.97306
10971712,2,1,0.40528,0.55396,0.04076
21615277,2,2,0.00191,0.01105,0.98704
29079861,2,2,0.00291,0.00716,0.98993
8965074,0,0,0.80546,0.18982,0.00472
18859156,2,1,0.21538,0.75766,0.02696
24193807,2,2,0.00132,0.00734,0.99135
40704274,2,1,0.04359,0.66086,0.29555
26559769,0,0,0.89164,0.0919,0.01646
13342987,2,2,0.01121,0.08452,0.90428
8836762,2,2,0.00163,0.0089,0.98946
18776490,2,2,0.00134,0.00775,0.99092
16298838,1,0,0.74125,0.24732,0.01143
7822891,0,0,0.93425,0.06383,0.00192
37207488,2,2,0.00152,0.00581,0.99267
18633556,2,2,0.00292,0.00617,0.99091
5492178,2,2,0.00203,0.01105,0.98692
26018727,0,1,0.47573,0.51842,0.00585
8688300,2,2,0.00126,0.00739,0.99135
19103924,2,2,0.00114,0.00722,0.99163
16415664,0,0,0.98654,0.01208,0.00137
12314307,2,2,0.00836,0.02545,0.96619
29980636,2,2,0.00605,0.06689,0.92706
21394760,2,2,0.00885,0.07466,0.91649
19600118,2,2,0.00231,0.02198,0.97571
24230239,2,2,0.00241,0.01022,0.98737
26096410,2,2,0.00918,0.02448,0.96634
30842815,2,2,0.00124,0.00739,0.99137
35866930,2,2,0.00184,0.01325,0.98491
28603289,2,2,0.00975,0.026,0.96425
34938866,2,2,0.00192,0.01643,0.98164
29363096,2,2,0.00129,0.00989,0.98882
2559663,2,2,0.00159,0.0078,0.99061
15207771,0,1,0.105,0.83321,0.06179
21466067,1,1,0.11792,0.84495,0.03712
40914510,2,2,0.00169,0.00342,0.99488
15609606,1,1,0.14047,0.74831,0.11123
35812318,2,2,0.00391,0.06889,0.9272
38993975,2,2,0.00185,0.00932,0.98883
37304872,2,2,0.00535,0.03734,0.95732
22396245,2,2,0.0024,0.0143,0.9833
4749411,2,2,0.00434,0.04322,0.95244
9164353,2,1,0.02344,0.5377,0.43886
2249231,2,2,0.00213,0.01063,0.98724
33930193,0,0,0.6969,0.1834,0.11969
3185697,2,2,0.00497,0.01696,0.97806
14659303,2,2,0.0021,0.00744,0.99046
21217759,0,0,0.98051,0.01674,0.00275
1406265,2,2,0.00293,0.01786,0.97921
35743739,2,2,0.0134,0.0831,0.9035
38023428,2,2,0.03726,0.47573,0.48701
11901082,2,2,0.00171,0.00977,0.98852
10097141,2,2,0.00396,0.02595,0.97008
24641138,2,2,0.0049,0.03129,0.96381
36707818,2,2,0.00218,0.01563,0.98219
3079028,1,0,0.81165,0.1783,0.01006
32229827,1,0,0.37755,0.28698,0.33547
15290655,1,1,0.09514,0.84306,0.06179
31041674,2,2,0.29306,0.11293,0.59402
5674723,0,1,0.40236,0.54568,0.05196
17437318,2,2,0.00188,0.0087,0.98942
8361550,2,2,0.00492,0.08698,0.90811
38309859,2,2,0.00149,0.00525,0.99325
34628063,2,2,0.00259,0.01475,0.98266
22957102,2,2,0.00304,0.04132,0.95564
40128762,2,2,0.00106,0.006,0.99294
16792505,2,2,0.00189,0.0198,0.97832
36595802,2,2,0.00373,0.02537,0.9709
2378831,2,2,0.00422,0.02517,0.97061
2676153,2,2,0.00166,0.00817,0.99017
19369888,2,2,0.00292,0.01974,0.97734
10411817,2,2,0.0029,0.01147,0.98562
21527309,2,2,0.00236,0.01624,0.9814
37150651,2,1,0.30479,0.53492,0.1603
41108344,2,2,0.00527,0.02183,0.9729
24047208,2,0,0.84765,0.10084,0.05151
22918123,2,2,0.25842,0.26371,0.47787
3952856,2,2,0.03182,0.33413,0.63406
37821616,2,2,0.03819,0.06497,0.89684
9838813,0,0,0.52699,0.46507,0.00794
12569738,2,2,0.00417,0.03831,0.95753
17246196,2,2,0.00576,0.04099,0.95325
39565912,0,0,0.90221,0.09181,0.00598
9259399,2,2,0.00116,0.00805,0.99079
5131978,2,2,0.00209,0.01088,0.98703
25638353,2,2,0.00219,0.0287,0.96911
18748991,2,2,0.00136,0.00609,0.99255
27177054,0,0,0.96487,0.03377,0.00136
21415411,2,2,0.00307,0.01773,0.97921
21716820,2,1,0.01459,0.67594,0.30947
30711514,2,2,0.00167,0.01969,0.97865
28106147,2,1,0.15411,0.4592,0.38669
29158871,0,0,0.9214,0.07682,0.00178
19133613,2,2,0.00285,0.01288,0.98426
7969649,2,2,0.00245,0.0103,0.98725
31921900,0,1,0.37487,0.50247,0.12266
26272342,0,1,0.07765,0.52649,0.39586
4643596,0,0,0.9406,0.05344,0.00595
16592886,0,0,0.98901,0.0097,0.00129
20000007,2,2,0.00385,0.0096,0.98656
19147018,2,2,0.00129,0.01076,0.98795
39662979,2,2,0.00168,0.01275,0.98557
38563039,2,2,0.00147,0.00653,0.992
11183133,2,2,0.00172,0.00653,0.99176
23860410,2,2,0.00178,0.0183,0.97992
27351347,0,0,0.91434,0.08005,0.00561
40444778,2,2,0.00416,0.02395,0.97188
3024265,1,0,0.52971,0.46383,0.00646
31193205,2,2,0.00451,0.05083,0.94466
5464999,1,1,0.04787,0.70901,0.24312
18085261,2,2,0.00224,0.01908,0.97868
40640820,2,1,0.34059,0.59542,0.06399
16499455,2,2,0.00515,0.02938,0.96547
36176510,2,2,0.00138,0.00793,0.9907
12307847,2,2,0.00197,0.01023,0.9878
25891037,2,2,0.00592,0.07316,0.92092
33759758,2,2,0.00396,0.02742,0.96862
35271469,0,0,0.98702,0.01209,0.00089
7454564,2,2,0.00147,0.00618,0.99235
24882014,0,0,0.98053,0.01853,0.00094
9019841,0,2,0.01144,0.05843,0.93014
4728340,2,2,0.00365,0.01428,0.98206
22522301,2,1,0.07369,0.79843,0.12788
4883639,2,2,0.00397,0.01005,0.98598
33610305,2,2,0.00347,0.03483,0.96171
38712747,2,2,0.00565,0.04393,0.95042
37837684,2,2,0.00136,0.00653,0.99211
30231849,0,0,0.93006,0.06711,0.00282
34010322,1,0,0.98042,0.01817,0.00141
5367376,0,0,0.5983,0.39545,0.00624
28069025,2,2,0.00295,0.01202,0.98504
27446105,2,2,0.01097,0.11759,0.87144
2404979,2,2,0.00142,0.00595,0.99263
22885787,2,2,0.00117,0.01256,0.98627
22357313,0,0,0.96303,0.03499,0.00198
4743427,2,2,0.00103,0.00669,0.99229
29081164,0,0,0.99015,0.00894,0.0009
29599418,2,2,0.0027,0.01915,0.97815
24074581,2,2,0.00517,0.00981,0.98502
13629144,2,2,0.00247,0.01581,0.98172
8641862,2,2,0.00674,0.03886,0.9544
1685067,1,1,0.07779,0.64372,0.27849
23543586,2,2,0.00153,0.01285,0.98562
5366128,2,2,0.00963,0.11007,0.8803
30708634,2,2,0.00521,0.03329,0.96151
10493088,2,2,0.00131,0.00996,0.98873
38571921,2,2,0.00112,0.00959,0.98929
20474872,0,0,0.72752,0.26144,0.01105
33103984,2,1,0.02908,0.51954,0.45138
26345555,0,0,0.72423,0.25522,0.02054
3054697,2,0,0.97851,0.01942,0.00207
25329723,2,2,0.00161,0.00728,0.99111
18583028,2,2,0.00478,0.02459,0.97063
4171139,2,2,0.00748,0.04361,0.94892
34798874,0,0,0.96109,0.0373,0.00161
29006694,2,2,0.00171,0.00756,0.99072
18467429,2,2,0.00163,0.0085,0.98987
12827725,2,2,0.00305,0.0223,0.97464
24829153,2,2,0.01096,0.025,0.96404
29717190,0,0,0.96811,0.02996,0.00193
27171439,2,2,0.00198,0.00497,0.99305
29094640,2,2,0.00394,0.0309,0.96515
13871219,2,2,0.00156,0.007,0.99144
17651936,2,2,0.00398,0.02306,0.97296
16435444,2,2,0.01919,0.35512,0.62569
37892974,2,2,0.0047,0.05643,0.93887
767996,0,0,0.87786,0.11788,0.00426
20824600,2,2,0.20943,0.29305,0.49752
34236086,2,2,0.00171,0.00932,0.98896
24734,2,2,0.00225,0.01754,0.98022
25913590,2,2,0.03346,0.1367,0.82984
37887025,2,2,0.00256,0.01087,0.98656
11376593,0,0,0.98948,0.0097,0.00082
23706004,2,2,0.01544,0.01439,0.97017
37820728,2,2,0.02004,0.15399,0.82597
25345375,2,2,0.00276,0.01397,0.98327
21197761,2,2,0.00271,0.01586,0.98142
36784778,2,2,0.00402,0.02768,0.9683
16344975,2,2,0.00252,0.01054,0.98693
18198620,0,0,0.92089,0.07427,0.00483
13772443,2,2,0.00142,0.006,0.99258
11663805,2,2,0.00202,0.01453,0.98345
26959615,2,2,0.00197,0.00961,0.98842
12779323,0,0,0.98762,0.01145,0.00093
6299717,2,2,0.00197,0.00969,0.98834
36756193,0,0,0.95172,0.04593,0.00236
31500294,2,0,0.53848,0.38333,0.07818
31511760,2,2,0.00438,0.02032,0.9753
10876275,2,2,0.00353,0.01799,0.97848
18100766,1,1,0.26475,0.71129,0.02396
19816798,2,2,0.02201,0.16487,0.81312
41268411,0,0,0.94065,0.05649,0.00286
26736695,1,1,0.05665,0.9143,0.02905
40308864,2,2,0.00395,0.0287,0.96734
15051485,2,2,0.0398,0.452,0.5082
26982980,2,2,0.01714,0.23108,0.75178
22423588,2,2,0.0014,0.0059,0.9927
12465986,2,2,0.00879,0.09443,0.89678
19522219,2,2,0.00109,0.00937,0.98955
21994496,2,2,0.00418,0.01941,0.97641
20118628,2,2,0.01705,0.4608,0.52215
13294214,2,2,0.00139,0.01619,0.98242
18956390,2,2,0.02097,0.30582,0.67321
33084431,2,2,0.00418,0.02056,0.97526
39354333,2,2,0.00245,0.01007,0.98749
34066060,2,2,0.00532,0.15374,0.84093
36487042,2,2,0.00203,0.00911,0.98886
29185993,2,2,0.00214,0.03635,0.96152
41373909,2,2,0.00277,0.03998,0.95725
313752,0,0,0.72501,0.26881,0.00618
13544519,2,2,0.00249,0.01038,0.98713
22889196,2,1,0.03357,0.92514,0.04129
452342,2,2,0.00122,0.00824,0.99054
24512604,2,2,0.00311,0.02074,0.97615
17913612,0,1,0.35854,0.60989,0.03157
35517865,2,2,0.00619,0.03072,0.96309
17580553,0,0,0.99076,0.00821,0.00102
35663363,2,2,0.00177,0.00856,0.98967
29600365,2,2,0.01164,0.02665,0.96171
12901700,2,2,0.00291,0.00869,0.9884
35612072,1,1,0.06377,0.90115,0.03508
25273272,0,0,0.98065,0.01768,0.00167
27622420,2,0,0.64726,0.22677,0.12597
28790536,2,2,0.00128,0.00668,0.99204
7349616,2,2,0.00197,0.02523,0.97281
23499914,2,2,0.00987,0.12856,0.86156
17672061,2,2,0.00463,0.07074,0.92463
9015359,2,2,0.00132,0.00689,0.99179
12464828,2,2,0.00349,0.01328,0.98323
22462874,0,0,0.96119,0.03575,0.00306
40523217,0,0,0.96516,0.03289,0.00195
22634506,1,0,0.95868,0.03901,0.0023
36945921,2,2,0.00156,0.00633,0.99211
3554377,0,0,0.96101,0.03695,0.00204
9901861,2,2,0.19821,0.17802,0.62378
19538189,2,2,0.00651,0.08576,0.90773
37342443,2,2,0.00644,0.02274,0.97082
5690346,2,2,0.00372,0.01229,0.98399
20870865,2,2,0.00373,0.00881,0.98745
3660753,2,1,0.04306,0.57614,0.3808
23243316,2,2,0.00302,0.0328,0.96418
19268223,2,2,0.00185,0.01067,0.98748
26360650,1,1,0.11334,0.75659,0.13007
33155961,2,2,0.00219,0.01148,0.98633
27602416,2,2,0.01075,0.0804,0.90885
18548767,2,2,0.00184,0.01715,0.98102
17092613,2,2,0.01082,0.38441,0.60477
2255131,2,2,0.00286,0.02623,0.97091
6135806,2,2,0.00184,0.0129,0.98526
33196185,2,1,0.23242,0.72719,0.04039
51455,0,0,0.87763,0.11739,0.00498
5132582,2,2,0.00137,0.01093,0.9877
22005824,1,1,0.0798,0.73099,0.18921
26885633,2,2,0.08887,0.14037,0.77076
37707025,2,2,0.01409,0.05074,0.93517
10115311,1,1,0.08544,0.65138,0.26318
6253230,2,2,0.00182,0.00745,0.99073
3936799,2,2,0.00216,0.01203,0.98582
38845913,0,0,0.98945,0.00926,0.00129
37797867,2,2,0.00289,0.01446,0.98265
9768808,2,2,0.02338,0.26041,0.71621
7331616,0,2,0.1587,0.19369,0.64761
10238553,2,2,0.0029,0.01054,0.98656
29276294,2,2,0.12021,0.24001,0.63978
3001653,2,1,0.02327,0.63879,0.33794
28671081,2,2,0.01409,0.05074,0.93517
15744121,2,2,0.00253,0.03888,0.95859
530811,0,2,0.06169,0.20992,0.7284
11493289,2,2,0.00124,0.00745,0.99131
26354344,0,0,0.98512,0.01325,0.00163
12207093,0,0,0.98931,0.00951,0.00118
5590659,2,1,0.08491,0.86765,0.04744
34335264,2,2,0.00203,0.00883,0.98914
32550536,0,0,0.81669,0.1794,0.0039
5993193,2,2,0.00238,0.0235,0.97412
23493263,0,0,0.96516,0.0335,0.00134
10027573,2,2,0.00256,0.01387,0.98358
36316236,2,2,0.00142,0.0088,0.98978
36156897,0,0,0.98625,0.01135,0.00241
13884118,2,2,0.0018,0.03588,0.96232
1895344,1,1,0.038,0.75736,0.20464
37887134,1,0,0.9664,0.02958,0.00401
21072618,2,2,0.00723,0.08952,0.90325
36773530,2,2,0.00156,0.00877,0.98968
26626603,2,2,0.00108,0.00538,0.99354
19650268,2,2,0.00383,0.0297,0.96647
34236862,0,0,0.99043,0.00799,0.00159
17948981,2,1,0.04902,0.49127,0.45971
34150346,2,2,0.00447,0.01584,0.9797
28103213,2,0,0.64169,0.31396,0.04436
15262364,2,2,0.00111,0.00808,0.99081
15311307,2,2,0.00328,0.01308,0.98364
27840145,0,1,0.29049,0.68604,0.02347
34365853,2,2,0.00355,0.02749,0.96896
11351657,2,2,0.01575,0.0322,0.95205
34198774,2,2,0.00719,0.03678,0.95603
25201408,2,1,0.10739,0.83447,0.05813
22477072,2,1,0.2106,0.51366,0.27575
602160,2,2,0.00185,0.0075,0.99064
39593152,2,2,0.01382,0.03998,0.9462
33208779,2,2,0.01395,0.04556,0.94049
35046612,2,2,0.00512,0.07803,0.91685
4718214,2,2,0.00452,0.01911,0.97637
23837627,2,2,0.00531,0.05879,0.9359
23319260,2,2,0.00217,0.02029,0.97754
18925510,2,2,0.00656,0.06449,0.92895
14139989,0,0,0.87527,0.12126,0.00347
21425587,2,2,0.01255,0.03577,0.95168
22909434,2,2,0.00267,0.03171,0.96562
6540000,0,0,0.95721,0.04076,0.00203
22126802,2,2,0.00343,0.01429,0.98228
37068806,2,2,0.05493,0.10242,0.84264
10006412,2,2,0.00233,0.01096,0.9867
23985451,2,2,0.00214,0.01975,0.97811
23342757,2,2,0.00262,0.02043,0.97695
38277554,2,1,0.19377,0.45673,0.3495
28866563,0,0,0.99026,0.00887,0.00086
1026828,0,0,0.84125,0.1544,0.00435
11147752,2,1,0.01631,0.49569,0.488
29023959,2,2,0.00347,0.01913,0.9774
8561817,2,2,0.00679,0.08956,0.90365
25866415,0,0,0.77941,0.21643,0.00415
28526140,2,2,0.0042,0.014,0.98179
33261304,2,2,0.0254,0.16564,0.80896
11428247,2,2,0.00191,0.01035,0.98774
35186276,2,2,0.00348,0.01692,0.9796
27312050,0,0,0.73508,0.25804,0.00688
11313899,2,2,0.00442,0.01128,0.9843
7144764,2,2,0.00139,0.01127,0.98733
4016461,2,2,0.08501,0.16322,0.75177
41359928,2,2,0.00196,0.01398,0.98406
20437446,2,2,0.00584,0.04303,0.95113
21309215,2,0,0.97794,0.021,0.00106
14923478,2,0,0.69393,0.28815,0.01792
39305881,2,2,0.00294,0.01491,0.98215
21625164,0,1,0.30232,0.68128,0.0164
22447132,2,2,0.0097,0.14419,0.84611
19657022,2,2,0.00233,0.01148,0.98619
27575594,2,2,0.00575,0.02753,0.96672
17661819,1,1,0.05591,0.7901,0.15399
23499845,2,2,0.00149,0.00568,0.99283
31508503,2,1,0.0618,0.52563,0.41257
30478888,0,0,0.8797,0.1114,0.0089
6821018,2,2,0.05437,0.33305,0.61258
15399777,2,2,0.0047,0.012,0.9833
25481862,2,2,0.00138,0.00668,0.99194
5138334,2,2,0.00098,0.00509,0.99393
38987832,0,0,0.54175,0.41054,0.04771
39238404,0,1,0.31171,0.67553,0.01277
33155161,2,2,0.01147,0.04068,0.94784
5255118,2,1,0.20823,0.76766,0.0241
7515268,2,2,0.00158,0.01043,0.98799
22215088,2,2,0.00558,0.02601,0.96841
38205139,2,2,0.00585,0.04023,0.95392
35016995,2,2,0.00129,0.00769,0.99102
32949791,2,2,0.00192,0.01688,0.98119
23787545,2,2,0.00294,0.01397,0.98309
29912100,2,2,0.00176,0.01051,0.98773
39994905,2,2,0.00187,0.01409,0.98404
18121807,0,0,0.98886,0.00989,0.00125
3033330,2,2,0.01708,0.23948,0.74344
3424295,2,1,0.04147,0.83285,0.12568
19060310,2,2,0.00367,0.07024,0.92609
23189171,2,2,0.00372,0.02666,0.96962
409848,2,2,0.0012,0.00781,0.991
8652392,2,2,0.00585,0.04023,0.95392
6107668,2,2,0.00256,0.01254,0.9849
26961953,2,2,0.00164,0.00751,0.99086
3513273,2,2,0.00161,0.007,0.99139
30109017,2,2,0.00314,0.01156,0.9853
38967190,1,1,0.1789,0.79553,0.02557
14733279,2,0,0.88769,0.10087,0.01144
25688464,0,2,0.01174,0.04864,0.93962
6026637,2,1,0.30265,0.40686,0.29049
1076261,2,2,0.01788,0.19149,0.79062
4240183,0,0,0.86519,0.1281,0.00671
20759335,2,0,0.53401,0.44271,0.02328
33908718,2,2,0.06128,0.29009,0.64863
27434859,2,2,0.20739,0.39088,0.40172
40826127,0,0,0.82984,0.15776,0.01241
25375750,2,1,0.06459,0.60094,0.33447
20179452,2,0,0.96859,0.03021,0.00121
22912514,2,2,0.00237,0.0125,0.98513
696489,2,2,0.00396,0.02675,0.96928
28076928,2,2,0.00252,0.01198,0.9855
25068,2,2,0.00358,0.01848,0.97794
4959151,2,2,0.00118,0.0104,0.98843
24506624,2,0,0.75472,0.23563,0.00965
34983127,2,2,0.02414,0.06986,0.90599
32073239,0,1,0.36435,0.62465,0.011
1983012,2,2,0.00134,0.00555,0.99311
18633726,2,2,0.00841,0.19825,0.79334
35934074,0,0,0.99014,0.00884,0.00102
32478788,0,0,0.85907,0.13807,0.00287
41470234,2,2,0.0009,0.00711,0.99198
41418965,0,0,0.91673,0.08073,0.00253
38137447,2,2,0.00332,0.01806,0.97862
23985042,2,2,0.0045,0.05316,0.94233
40560326,2,2,0.00901,0.1278,0.86319
39303889,2,2,0.00772,0.10054,0.89174
9767334,0,0,0.98226,0.0168,0.00094
26083180,2,2,0.00495,0.03728,0.95777
30647907,2,2,0.00223,0.01105,0.98673
6876758,1,2,0.00534,0.02338,0.97127
7045494,2,2,0.00181,0.01351,0.98468
33883111,0,0,0.98162,0.01699,0.00139
16719818,2,2,0.0028,0.01739,0.97981
25349588,2,2,0.00294,0.01514,0.98192
12254970,2,2,0.00489,0.10654,0.88857
23143163,2,2,0.0012,0.00873,0.99007
28189901,1,1,0.25996,0.6224,0.11763
37360453,2,2,0.00445,0.10585,0.8897
21574344,2,2,0.01085,0.04258,0.94657
19129720,2,2,0.00163,0.00824,0.99013
34112402,2,2,0.00343,0.01418,0.98239
31064468,2,2,0.00458,0.02202,0.97341
16250165,0,0,0.76215,0.23427,0.00359
34928789,2,2,0.00168,0.00981,0.98851
18152123,2,2,0.0051,0.03827,0.95663
32702701,2,2,0.00392,0.02195,0.97413
38575611,0,0,0.96443,0.03405,0.00152
33811032,2,2,0.00155,0.01695,0.9815
16237729,2,2,0.00728,0.01692,0.9758
30125805,2,2,0.00158,0.00805,0.99037
23857762,2,2,0.00337,0.0182,0.97843
24820653,2,2,0.0049,0.03249,0.96261
38164629,2,2,0.00412,0.03448,0.96141
31803076,2,2,0.00252,0.0103,0.98717
19143428,0,0,0.97922,0.01883,0.00195
27048301,0,0,0.99303,0.0055,0.00147
17642300,2,2,0.00656,0.02051,0.97293
8491872,0,0,0.98691,0.01172,0.00137
1212420,2,1,0.02766,0.78335,0.18899
127287,2,2,0.00131,0.0089,0.98978
1720774,2,2,0.00156,0.007,0.99144
24436412,2,1,0.23915,0.65968,0.10117
28144043,0,0,0.67139,0.31714,0.01146
4492054,2,2,0.00168,0.01383,0.9845
31556769,0,1,0.42937,0.55132,0.01931
27119439,2,1,0.06397,0.80721,0.12882
17232328,2,2,0.00149,0.00811,0.9904
18851959,2,2,0.00779,0.19776,0.79446
19291813,2,2,0.00555,0.04673,0.94773
9380888,2,2,0.00605,0.05342,0.94053
38486383,0,0,0.98926,0.00985,0.00089
36341487,2,2,0.00181,0.0133,0.98488
38319366,2,2,0.00207,0.00673,0.9912
23895701,2,2,0.01837,0.0392,0.94242
15096270,2,2,0.00158,0.00943,0.98898
24481984,1,2,0.01067,0.12824,0.86109
9891269,2,2,0.00169,0.00733,0.99098
9131193,2,2,0.00113,0.00513,0.99374
17946887,2,2,0.00118,0.00973,0.98909
22755639,2,2,0.00142,0.00863,0.98995
22724253,2,2,0.00474,0.01804,0.97722
30112473,2,2,0.00901,0.26424,0.72675
22925414,2,2,0.00131,0.00793,0.99076
19079070,0,0,0.91333,0.08347,0.00319
39494263,2,2,0.00205,0.01708,0.98088
29296821,2,2,0.00188,0.00984,0.98828
31649058,1,1,0.09727,0.89098,0.01175
2835829,0,0,0.98692,0.00998,0.00309
24519728,2,2,0.00414,0.02875,0.96711
37824369,1,1,0.07451,0.8201,0.10539
38310184,2,2,0.0032,0.036,0.96079
11312478,2,2,0.00548,0.02937,0.96515
9586271,2,2,0.0103,0.13226,0.85744
22937122,2,2,0.00153,0.00984,0.98862
36068717,0,0,0.6722,0.31017,0.01764
34592257,2,1,0.02457,0.89363,0.0818
11222772,2,2,0.00256,0.01381,0.98363
3261084,0,0,0.98636,0.01185,0.00179
5273009,0,0,0.98325,0.01267,0.00408
13808456,0,0,0.93882,0.05663,0.00456
36925827,2,2,0.00373,0.02406,0.97221
36771622,2,2,0.00327,0.03052,0.96621
23252880,2,2,0.01433,0.02709,0.95858
6322175,0,0,0.9572,0.04104,0.00176
14630589,2,2,0.00257,0.00896,0.98847
9127814,2,2,0.00115,0.00542,0.99343
5345974,1,1,0.09687,0.81106,0.09207
13082849,2,2,0.00151,0.00883,0.98965
6478516,2,2,0.00356,0.02557,0.97087
36383151,0,0,0.80886,0.18767,0.00346
1696010,0,0,0.96745,0.03127,0.00128
14035706,2,2,0.00483,0.05951,0.93566
23183873,2,2,0.0012,0.0053,0.9935
26170858,0,0,0.87297,0.11861,0.00843
2289286,2,2,0.0076,0.042,0.95039
16332105,2,1,0.02399,0.57661,0.39941
33960139,2,2,0.00324,0.02568,0.97108
16418165,2,2,0.0029,0.01054,0.98656
29117841,0,0,0.96582,0.03178,0.00239
30453854,1,1,0.02752,0.64115,0.33133
3329651,2,2,0.00916,0.01969,0.97116
37626633,2,2,0.00111,0.00739,0.9915
28076040,2,2,0.00204,0.00513,0.99283
18032696,2,2,0.00177,0.00568,0.99255
36908484,2,2,0.00256,0.04046,0.95698
20283761,2,2,0.00186,0.01809,0.98005
38240830,2,2,0.00264,0.01096,0.9864
17266276,2,2,0.00453,0.03226,0.96321
16507003,2,2,0.05668,0.35268,0.59063
7954556,0,0,0.78765,0.20387,0.00848
12081670,2,2,0.00708,0.0209,0.97202
2872954,2,2,0.00263,0.03019,0.96717
21526516,2,2,0.01049,0.04538,0.94413
20885420,2,2,0.00142,0.00988,0.9887
1463960,2,2,0.00438,0.01948,0.97614
10620592,2,2,0.00906,0.20061,0.79033
1354849,2,2,0.00192,0.00563,0.99245
33124585,2,2,0.1451,0.32827,0.52663
7625186,2,2,0.00682,0.01254,0.98064
29598024,2,2,0.00147,0.00486,0.99367
18407537,2,2,0.00686,0.149,0.84414
33602053,2,2,0.00151,0.00757,0.99092
6811783,1,1,0.18929,0.75453,0.05617
35893517,1,2,0.01381,0.24384,0.74234
4632032,2,2,0.00456,0.02506,0.97037
13017146,2,2,0.00303,0.01592,0.98105
39153947,2,2,0.01677,0.38759,0.59564
3795662,2,2,0.00434,0.02885,0.96681
2562020,0,0,0.89546,0.10245,0.00209
25449049,2,2,0.00622,0.05594,0.93784
28530498,2,2,0.00765,0.07985,0.9125
38328485,1,0,0.64122,0.35411,0.00467
4118628,0,0,0.98368,0.01436,0.00196
3415898,2,2,0.00203,0.01175,0.98622
2180767,2,2,0.00746,0.16924,0.8233
37048535,2,1,0.19417,0.76051,0.04532
18124464,2,2,0.00483,0.03013,0.96504
4067579,2,2,0.00348,0.01654,0.97998
41584836,0,0,0.71365,0.22544,0.06091
38868505,2,2,0.00337,0.06223,0.9344
34450421,0,0,0.99059,0.0085,0.0009
25047135,1,1,0.02883,0.70397,0.2672
37347797,2,2,0.008,0.03823,0.95377
35871481,2,2,0.01166,0.15814,0.8302
13218032,2,2,0.00469,0.05823,0.93708
2684262,1,1,0.40833,0.58491,0.00676
25874112,2,2,0.00128,0.00446,0.99426
30667197,2,2,0.00154,0.00505,0.99341
30947272,2,2,0.00181,0.01656,0.98163
23709188,2,2,0.00203,0.01175,0.98622
8893179,2,1,0.10665,0.82026,0.07309
23952023,1,1,0.08799,0.88114,0.03087
36869222,2,2,0.00217,0.007,0.99084
14231889,2,2,0.10238,0.33765,0.55997
5924994,0,0,0.98109,0.01773,0.00119
36610712,0,0,0.673,0.31054,0.01646
3545728,2,2,0.00776,0.05192,0.94032
12846032,2,2,0.04464,0.44044,0.51492
16936976,0,0,0.98569,0.01285,0.00146
30594660,2,2,0.00306,0.01899,0.97794
38526207,2,2,0.0019,0.01453,0.98357
26443689,2,2,0.00871,0.23098,0.76031
37800417,2,0,0.4914,0.31083,0.19777
30445560,2,2,0.00109,0.00577,0.99314
33014066,2,2,0.0191,0.16216,0.81873
18470060,2,0,0.97099,0.02523,0.00379
2141720,2,2,0.00162,0.01735,0.98103
2039527,2,1,0.26107,0.68247,0.05646
38954169,0,0,0.97278,0.02631,0.00092
4195443,0,0,0.86554,0.1317,0.00275
3482296,2,2,0.00574,0.04312,0.95114
34814815,2,2,0.02981,0.38064,0.58955
14413520,2,2,0.00181,0.01576,0.98243
15488255,2,2,0.00666,0.06544,0.92791
4127849,2,2,0.00111,0.00423,0.99466
15704811,1,0,0.98407,0.01503,0.0009
29193855,2,2,0.0029,0.0113,0.9858
38059956,0,0,0.81995,0.17595,0.00411
10066439,2,2,0.00128,0.00609,0.99263
2441483,2,0,0.95968,0.03837,0.00194
26762883,2,2,0.00126,0.00739,0.99135
34409365,1,0,0.94116,0.05696,0.00187
16594925,0,0,0.96214,0.0363,0.00156
10081253,1,1,0.06583,0.80515,0.12902
31504245,2,2,0.00342,0.01718,0.97939
18639779,0,0,0.9763,0.02128,0.00242
39854771,0,0,0.8341,0.1549,0.011
22591420,1,1,0.09721,0.8655,0.03729
27298863,2,2,0.0043,0.03731,0.95839
12288599,2,2,0.00134,0.00781,0.99086
8231103,2,2,0.00122,0.0069,0.99189
25045005,2,2,0.00154,0.00856,0.9899
442848,1,0,0.53612,0.44794,0.01594
13845558,2,2,0.004,0.0184,0.9776
36458447,2,2,0.00257,0.0081,0.98933
10286330,2,2,0.00625,0.08065,0.9131
36049431,2,2,0.00154,0.00555,0.99291
20055661,2,1,0.02444,0.79067,0.18489
14656104,0,0,0.64671,0.3103,0.04299
5988773,2,2,0.01455,0.22756,0.75789
25597567,2,2,0.00264,0.01212,0.98524
14007903,2,2,0.0013,0.00479,0.99392
3897339,2,2,0.02513,0.47411,0.50076
18571335,1,2,0.33577,0.28151,0.38272
15773168,2,2,0.00132,0.00717,0.99152
35170362,2,1,0.06514,0.81234,0.12253
22200890,2,2,0.00307,0.01661,0.98032
14823742,2,2,0.00344,0.02839,0.96817
12529537,2,2,0.0022,0.00984,0.98797
25910986,2,2,0.0013,0.00555,0.99316
16493248,2,1,0.02429,0.53157,0.44414
10540963,2,2,0.00194,0.02392,0.97414
37620666,0,0,0.96284,0.03478,0.00239
10157232,2,2,0.00543,0.05311,0.94146
1905849,2,2,0.00702,0.05917,0.93381
2729179,2,2,0.00914,0.1151,0.87576
28260961,2,2,0.03599,0.33098,0.63302
34798263,2,2,0.00172,0.00653,0.99176
27277763,2,2,0.00504,0.06406,0.9309
35177817,2,2,0.00174,0.00786,0.9904
39635977,0,1,0.31319,0.67347,0.01334
29512400,2,0,0.77765,0.21177,0.01058
1313607,0,0,0.98775,0.01072,0.00153
35411462,2,2,0.00296,0.03704,0.96
634162,2,1,0.03993,0.84375,0.11633
38025021,2,1,0.07398,0.5036,0.42242
26093322,0,1,0.30533,0.63885,0.05582
7669829,2,2,0.00264,0.01175,0.98561
12203683,1,0,0.937,0.06002,0.00298
11576479,2,2,0.01609,0.13238,0.85153
28954681,2,2,0.00387,0.01876,0.97737
31506273,0,0,0.94421,0.05301,0.00278
7793175,0,0,0.49584,0.46217,0.04199
38284227,0,0,0.98884,0.00897,0.0022
9642742,2,2,0.00235,0.0631,0.93455
36248305,2,1,0.01893,0.75041,0.23066
8714711,2,1,0.07522,0.77467,0.15011
39286550,1,1,0.22046,0.702,0.07754
17302501,0,1,0.23706,0.73592,0.02702
14134034,2,2,0.06417,0.25132,0.68451
9911257,2,2,0.00373,0.02586,0.97041
38406437,2,2,0.0014,0.00559,0.99301
30934472,0,0,0.95957,0.03869,0.00174
36925953,2,2,0.0014,0.00509,0.9935
19377427,2,2,0.05845,0.06914,0.87241
27478302,2,2,0.00159,0.00457,0.99384
10644283,2,2,0.00323,0.01386,0.98292
26171076,0,0,0.97479,0.02379,0.00142
35398462,2,2,0.00585,0.04023,0.95392
31027460,2,2,0.00858,0.10277,0.88865
36251907,2,2,0.0023,0.01055,0.98716
14907940,2,2,0.00369,0.02026,0.97605
19414862,2,2,0.00253,0.01014,0.98733
10121203,0,0,0.9558,0.04274,0.00146
32498320,2,2,0.00163,0.00958,0.98879
26079392,2,2,0.00437,0.02253,0.9731
14613958,2,2,0.00571,0.04958,0.94471
10327720,2,1,0.02644,0.59702,0.37654
5647212,2,2,0.0017,0.046,0.9523
756033,2,2,0.00191,0.00733,0.99076
39771814,2,2,0.00191,0.01084,0.98725
30023769,0,0,0.96721,0.02557,0.00721
21382716,2,2,0.04172,0.33071,0.62757
35489317,2,2,0.0026,0.01022,0.98717
32204638,2,2,0.00145,0.00542,0.99313
23114461,2,2,0.00155,0.01782,0.98063
19226195,2,0,0.63404,0.3529,0.01306
13598030,2,2,0.00173,0.01227,0.986
25731017,2,2,0.00267,0.01486,0.98247
1226581,2,2,0.00705,0.01828,0.97468
41138962,2,2,0.00281,0.01096,0.98623
9884697,2,2,0.00759,0.08671,0.9057
1306395,0,0,0.99024,0.00857,0.0012
21902899,2,2,0.02399,0.21212,0.76389
38129962,2,2,0.00592,0.04425,0.94983
20869738,2,1,0.08048,0.6925,0.22703
26280163,2,2,0.00582,0.04602,0.94816
39744740,2,2,0.00485,0.02603,0.96912
37747728,2,2,0.00664,0.16396,0.8294
35711045,2,2,0.00973,0.05096,0.93931
27686216,2,2,0.00215,0.01498,0.98287
35008986,2,2,0.01238,0.14621,0.8414
37053902,0,0,0.94598,0.05033,0.00369
32559384,2,2,0.01159,0.05318,0.93523
12174883,0,1,0.2208,0.7617,0.0175
33294530,2,2,0.00295,0.01087,0.98618
37502298,2,2,0.00378,0.02696,0.96926
40293317,2,2,0.01714,0.23108,0.75178
5247881,2,2,0.00159,0.00618,0.99223
20522385,2,2,0.00104,0.0094,0.98956
4335308,0,0,0.98217,0.01616,0.00167
31975111,0,0,0.97069,0.02766,0.00165
37701578,2,2,0.00422,0.02517,0.97061
27713354,2,2,0.00199,0.01487,0.98314
10159290,2,2,0.01216,0.28112,0.70672
7314041,2,2,0.00357,0.05078,0.94564
29634212,2,2,0.00432,0.01819,0.9775
12769141,2,2,0.00721,0.06349,0.92931
2470148,2,2,0.00433,0.01646,0.97922
4035318,2,2,0.00804,0.03332,0.95864
16320322,2,2,0.0016,0.0133,0.98509
32928452,2,2,0.00268,0.02799,0.96933
27516196,2,2,0.01216,0.04447,0.94337
26563419,2,2,0.00337,0.03181,0.96482
6219320,2,2,0.00435,0.02634,0.96931
19195927,2,2,0.01162,0.22892,0.75946
23082510,2,2,0.00614,0.0231,0.97076
5034229,2,2,0.01298,0.18412,0.8029
15248387,2,2,0.00339,0.02577,0.97084
15038778,2,2,0.00364,0.01813,0.97823
12166483,2,2,0.0026,0.04106,0.95633
8052753,2,2,0.00171,0.00745,0.99084
31408713,2,2,0.00114,0.006,0.99286
30009117,2,2,0.00247,0.01713,0.9804
20320274,0,0,0.76105,0.21719,0.02176
39219807,0,1,0.33719,0.64994,0.01287
13441709,0,1,0.0915,0.86394,0.04455
37561076,0,0,0.63573,0.25337,0.11091
26999978,2,2,0.00599,0.04821,0.94581
40707568,2,2,0.00161,0.007,0.99139
29513803,2,2,0.00156,0.00925,0.98919
14212694,2,2,0.00177,0.00521,0.99302
3522920,2,2,0.00226,0.01166,0.98608
14464520,2,1,0.05697,0.85374,0.08928
2117387,2,2,0.00429,0.02517,0.97054
41438690,2,2,0.0014,0.00824,0.99036
12875016,2,2,0.00979,0.13619,0.85403
39454244,2,2,0.00355,0.02871,0.96774
39504592,2,2,0.00289,0.01598,0.98113
14042895,2,2,0.00196,0.0132,0.98484
18022870,2,2,0.00197,0.00811,0.98992
15517486,2,2,0.00632,0.07061,0.92307
16940949,2,2,0.00209,0.01096,0.98694
28111494,0,0,0.58138,0.25238,0.16624
38839927,2,2,0.00168,0.01114,0.98718
36636557,2,1,0.06067,0.78071,0.15861
28741903,0,0,0.98288,0.01564,0.00148
22793871,2,2,0.00118,0.006,0.99282
11545260,2,2,0.00318,0.01298,0.98384
3499988,2,2,0.00202,0.01284,0.98513
14681836,2,2,0.00296,0.00721,0.98983
14319946,2,2,0.00445,0.02009,0.97547
17867087,2,2,0.00366,0.02764,0.9687
3267069,1,0,0.62706,0.36576,0.00719
22460699,0,0,0.96917,0.02948,0.00135
396555,2,2,0.00678,0.06192,0.93129
13875926,2,2,0.00269,0.02436,0.97295
3738452,0,0,0.55705,0.38737,0.05559
32940521,2,2,0.00193,0.01481,0.98326
7676203,2,2,0.00144,0.00722,0.99133
34054209,2,2,0.02739,0.11391,0.8587
3162969,0,0,0.5897,0.40214,0.00815
20749856,2,2,0.00114,0.0069,0.99196
31388824,2,2,0.0028,0.01556,0.98164
39196625,2,2,0.01031,0.00991,0.97978
36107065,2,2,0.0021,0.0383,0.95961
30723861,2,2,0.00371,0.03121,0.96509
38152783,2,2,0.00415,0.01238,0.98347
12575434,2,2,0.01854,0.02325,0.95821
23985083,2,2,0.00181,0.01335,0.98483
4662979,2,2,0.00343,0.01418,0.98239
12800349,2,2,0.00982,0.11987,0.87031
369623,2,2,0.00499,0.04355,0.95145
23801280,2,2,0.00171,0.01004,0.98825
31616202,0,0,0.98265,0.01601,0.00135
23237205,2,0,0.7139,0.27739,0.00871
40832697,2,0,0.57162,0.40852,0.01987
13279951,2,2,0.00435,0.05568,0.93997
27647738,2,2,0.00233,0.02952,0.96815
29334,2,2,0.00127,0.00908,0.98965
17386446,2,2,0.00174,0.01101,0.98725
3933794,2,2,0.00552,0.09466,0.89982
20645378,2,2,0.00146,0.00955,0.98899
19388874,2,2,0.00151,0.00648,0.99201
11657839,2,2,0.00101,0.00506,0.99393
24157581,1,0,0.73341,0.25545,0.01114
13755802,1,1,0.28353,0.68014,0.03633
39061811,2,2,0.00166,0.00799,0.99035
27269803,2,2,0.03547,0.26312,0.70141
4772522,2,2,0.01083,0.15569,0.83348
9914648,2,2,0.00138,0.00559,0.99303
29852349,2,2,0.01561,0.2146,0.76979
7636876,1,1,0.01878,0.68289,0.29833
11058374,2,2,0.01526,0.13843,0.84631
17882423,2,2,0.00156,0.00996,0.98848
16258429,2,2,0.00623,0.06969,0.92408
14052470,2,2,0.01091,0.09481,0.89428
32681464,1,1,0.03023,0.86301,0.10676
16467366,2,2,0.00156,0.00717,0.99127
41046843,0,0,0.99133,0.00751,0.00116
2320758,2,2,0.00484,0.0295,0.96566
4650434,2,2,0.00995,0.09436,0.89569
40963462,2,2,0.00217,0.02198,0.97585
35854289,2,2,0.00213,0.00918,0.98869
10931791,0,0,0.80371,0.19015,0.00614
14333617,2,2,0.00487,0.03708,0.95805
19272500,2,2,0.00339,0.01095,0.98566
25415094,2,2,0.00136,0.0085,0.99014
27942447,2,2,0.0026,0.01014,0.98725
37765996,1,0,0.95297,0.04527,0.00176
35928443,2,2,0.00113,0.00706,0.99182
33038568,2,2,0.00367,0.05515,0.94118
24687990,2,2,0.01583,0.05679,0.92738
5262851,0,0,0.91513,0.07788,0.00699
24239447,2,2,0.00198,0.02133,0.9767
26873989,0,0,0.95708,0.04066,0.00226
37362030,2,2,0.00188,0.01135,0.98677
22232912,2,2,0.00208,0.01741,0.98051
2253020,2,2,0.00244,0.01521,0.98235
29796222,2,2,0.00258,0.03505,0.96237
28087563,2,2,0.00485,0.02704,0.96811
27299993,2,2,0.00275,0.01674,0.98051
41232661,2,2,0.0029,0.01183,0.98527
36394517,2,2,0.00867,0.07896,0.91237
23270420,0,0,0.98212,0.01664,0.00124
31919124,2,2,0.00256,0.01193,0.98551
29062119,2,2,0.00155,0.01511,0.98334
39127584,2,2,0.01729,0.03131,0.9514
9784431,2,2,0.0017,0.01315,0.98515
41323911,0,1,0.36061,0.62797,0.01141
20908242,2,0,0.75105,0.23541,0.01354
33743137,2,2,0.0063,0.04448,0.94922
20435058,0,0,0.61797,0.36901,0.01303
12248846,2,2,0.00592,0.0297,0.96439
25046960,2,2,0.00266,0.0202,0.97714
23625681,2,2,0.00457,0.10997,0.88546
20590163,1,0,0.82865,0.15877,0.01258
13358363,2,2,0.00156,0.00943,0.98901
16280194,2,2,0.00395,0.088,0.90805
36094940,1,1,0.02538,0.71325,0.26137
31475666,2,2,0.00228,0.0176,0.98011
11164389,2,2,0.002,0.01051,0.98749
34278220,2,2,0.00149,0.01051,0.988
2303092,2,2,0.01714,0.23108,0.75178
34754505,2,2,0.00138,0.00464,0.99398
22923089,0,1,0.1645,0.76363,0.07187
12667191,0,0,0.97699,0.02169,0.00132
16796017,0,0,0.97717,0.02189,0.00095
31654517,2,2,0.00186,0.00663,0.99152
40365829,2,1,0.0276,0.70637,0.26602
12537171,1,1,0.14115,0.7203,0.13855
30264781,2,2,0.00766,0.13397,0.85837
13006090,2,2,0.00326,0.01906,0.97768
5346820,2,2,0.00376,0.01609,0.98015
10693204,0,0,0.93893,0.05852,0.00256
29535490,0,0,0.96134,0.03631,0.00235
38946225,2,2,0.00193,0.01398,0.98409
16487862,2,2,0.06135,0.17945,0.7592
20650261,2,2,0.00375,0.03581,0.96044
41424537,2,2,0.0037,0.01679,0.97951
10492804,2,2,0.0127,0.02495,0.96235
15279204,2,2,0.01021,0.04135,0.94844
26679269,2,2,0.00138,0.00884,0.98979
19561519,2,1,0.07221,0.83615,0.09164
31937356,2,2,0.00137,0.00985,0.98878
14126124,0,1,0.29319,0.36134,0.34547
8343565,2,2,0.00498,0.01651,0.97851
36382170,2,2,0.00163,0.01153,0.98684
38462148,2,2,0.00154,0.00572,0.99274
27462475,0,0,0.98818,0.01068,0.00114
34149874,2,2,0.00145,0.00674,0.99182
25849279,2,2,0.00133,0.01232,0.98635
33552333,2,2,0.00276,0.01284,0.9844
37106521,2,2,0.00688,0.04861,0.94451
13039363,0,1,0.06035,0.89558,0.04407
4980386,2,2,0.00402,0.01129,0.98469
5154065,2,2,0.00713,0.03,0.96288
24050208,0,0,0.92836,0.06348,0.00816
37394193,2,2,0.00216,0.0126,0.98525
35007907,2,2,0.00338,0.0138,0.98282
40033020,2,2,0.00314,0.05511,0.94175
7875776,2,2,0.01395,0.03059,0.95545
5116563,2,2,0.00324,0.00903,0.98773
13025737,2,2,0.00321,0.01877,0.97802
3650504,1,0,0.63354,0.35817,0.00829
13832226,0,0,0.96646,0.03165,0.0019
3713710,2,2,0.00203,0.01088,0.98709
17997992,2,2,0.00614,0.02437,0.9695
36014461,2,2,0.00131,0.01394,0.98476
31714554,2,2,0.00392,0.02271,0.97337
3223259,2,2,0.0012,0.00695,0.99185
15769889,2,2,0.00215,0.03108,0.96678
5488897,2,2,0.01452,0.02196,0.96352
25858057,2,2,0.00897,0.19629,0.79474
24854791,2,2,0.00204,0.0206,0.97736
34252617,2,2,0.00159,0.00628,0.99213
18722427,0,0,0.68076,0.27398,0.04525
38420800,2,2,0.00131,0.01119,0.9875
13914031,2,1,0.39398,0.42599,0.18003
37863197,2,2,0.00146,0.00936,0.98917
30937590,2,2,0.00453,0.033,0.96247
36083492,2,2,0.00345,0.04082,0.95573
38331129,2,2,0.00879,0.08003,0.91118
7246386,2,2,0.00155,0.01315,0.9853
40950939,2,2,0.00702,0.02978,0.96321
28529268,2,2,0.01341,0.37975,0.60684
16189490,2,2,0.00177,0.00739,0.99084
2162503,1,1,0.14864,0.83557,0.01579
38952695,2,2,0.00505,0.01762,0.97733
24869807,0,0,0.94386,0.05472,0.00142
27455203,2,2,0.00202,0.01734,0.98064
5749199,2,2,0.00671,0.02814,0.96515
22539648,2,2,0.00323,0.04408,0.95269
1179980,2,2,0.00328,0.01344,0.98328
25958107,2,2,0.00536,0.03569,0.95895
5774843,2,2,0.00487,0.03814,0.957
23059905,2,2,0.00106,0.00706,0.99188
4340463,2,2,0.00301,0.0213,0.97569
9833499,2,2,0.00329,0.01006,0.98665
26166619,2,2,0.00308,0.01391,0.98301
14263225,2,2,0.00833,0.05872,0.93296
8753287,2,2,0.00134,0.00538,0.99328
30671129,2,2,0.01338,0.13275,0.85387
14740705,2,2,0.00816,0.06285,0.92899
39335371,2,2,0.0102,0.31251,0.67728
2370766,2,2,0.00259,0.01492,0.98249
4088572,2,0,0.8355,0.14576,0.01875
40633479,2,0,0.55589,0.29094,0.15317
6375632,2,2,0.00151,0.0085,0.98999
8779223,2,0,0.98964,0.00919,0.00118
30833645,1,0,0.74261,0.24874,0.00865
19050868,2,1,0.11765,0.7137,0.16865
9961464,2,2,0.02387,0.0663,0.90983
29077588,2,2,0.00143,0.01866,0.97991
21997253,2,2,0.00147,0.00679,0.99174
31196479,2,2,0.01494,0.03905,0.94602
20832061,2,2,0.00293,0.01828,0.97879
13185042,2,1,0.13472,0.52661,0.33868
5948632,2,2,0.00155,0.0288,0.96965
22798066,2,2,0.02702,0.15838,0.8146
6235962,2,2,0.1028,0.20286,0.69434
4730931,2,2,0.3502,0.29823,0.35157
4230342,2,2,0.00144,0.01167,0.98689
30526494,2,2,0.00174,0.00679,0.99147
5182623,2,2,0.00543,0.17571,0.81886
16758344,2,0,0.85221,0.10667,0.04112
33730379,2,2,0.00161,0.00843,0.98996
26704613,2,2,0.00385,0.05413,0.94202
29043785,1,1,0.39105,0.59164,0.01732
36170437,2,2,0.01244,0.40227,0.5853
8783808,0,0,0.96172,0.0363,0.00198
21072173,2,2,0.00216,0.02517,0.97267
35454560,0,0,0.98034,0.01838,0.00128
14012700,2,2,0.00298,0.03047,0.96655
16674540,2,2,0.00219,0.01245,0.98536
18662728,2,2,0.00194,0.00643,0.99163
14118239,0,0,0.75862,0.23137,0.01001
40368111,2,2,0.00535,0.10874,0.88591
14347296,2,2,0.00236,0.01458,0.98306
8496894,0,0,0.97204,0.02671,0.00125
33841281,2,1,0.29774,0.40203,0.30023
12465024,2,2,0.00557,0.15524,0.8392
10421574,2,2,0.04851,0.2217,0.72978
24140348,2,2,0.00438,0.06514,0.93048
10904984,2,2,0.00441,0.02863,0.96696
16466147,1,1,0.07695,0.91037,0.01268
9606299,0,1,0.085,0.75171,0.16329
33327810,2,2,0.01181,0.29638,0.69181
33422504,2,2,0.08606,0.16173,0.75221
29331394,2,2,0.01108,0.23043,0.7585
40252345,2,0,0.5193,0.4655,0.0152
17391240,2,2,0.00196,0.01398,0.98406
35099762,0,0,0.84942,0.14251,0.00807
13886512,0,0,0.98707,0.01221,0.00072
10497000,2,2,0.00383,0.02827,0.96789
41627028,2,2,0.00241,0.00849,0.9891
24051808,2,2,0.00124,0.0053,0.99347
30463222,2,2,0.00388,0.04759,0.94853
4087588,2,2,0.00596,0.05231,0.94173
37027520,0,0,0.97102,0.02634,0.00264
11100751,2,2,0.00515,0.1016,0.89325
24453537,1,1,0.1108,0.86983,0.01937
34334251,2,2,0.00488,0.01962,0.97549
15297576,2,2,0.00527,0.06631,0.92842
26957992,2,2,0.00268,0.01193,0.98539
35208480,2,0,0.70599,0.26176,0.03225
1562831,2,2,0.0237,0.06583,0.91047
32268715,2,2,0.00147,0.01799,0.98053
7834565,2,2,0.04211,0.06447,0.89342
26523223,2,1,0.1966,0.41621,0.38719
8146241,1,1,0.07843,0.90326,0.01831
24364916,2,2,0.00273,0.04121,0.95606
18890090,2,2,0.00116,0.00555,0.99329
2036608,2,2,0.00445,0.01853,0.97701
26632599,2,2,0.00276,0.01605,0.9812
35527507,2,2,0.00107,0.01311,0.98583
38353274,2,2,0.00163,0.01213,0.98624
5716896,2,2,0.00222,0.01198,0.98579
30101728,2,2,0.00351,0.06786,0.92863
6045971,2,1,0.05742,0.5754,0.36718
21110607,2,2,0.00124,0.0069,0.99187
11439469,2,2,0.0024,0.01294,0.98466
12535819,2,2,0.00233,0.01289,0.98478
34809669,2,2,0.00214,0.02161,0.97625
38378107,0,0,0.84098,0.15078,0.00824
10672269,2,2,0.01091,0.14938,0.83971
4370846,2,2,0.00203,0.0114,0.98658
5033410,2,2,0.00356,0.01045,0.98599
34111646,2,2,0.00218,0.01481,0.98301
36677734,2,2,0.00756,0.04822,0.94423
20883284,0,0,0.97409,0.02453,0.00138
23097859,2,2,0.00723,0.04613,0.94664
26338456,0,0,0.97781,0.02033,0.00186
9252036,2,2,0.00154,0.01943,0.97903
22611457,2,1,0.09462,0.77235,0.13304
31889340,1,0,0.81708,0.06475,0.11817
31643553,2,2,0.00497,0.01824,0.97679
38497843,2,2,0.00116,0.00728,0.99156
11836579,2,2,0.00281,0.05744,0.93975
35529787,2,2,0.00266,0.02051,0.97683
19693613,2,2,0.18391,0.28498,0.53111
3973138,2,2,0.00395,0.01501,0.98104
3658678,2,2,0.00967,0.03454,0.95579
18129414,2,2,0.00171,0.00969,0.9886
10620232,2,2,0.00174,0.00805,0.99021
8308660,2,2,0.00154,0.00668,0.99178
23891236,2,2,0.01331,0.45105,0.53564
19299485,2,2,0.00245,0.01096,0.98659
11375389,2,1,0.09885,0.82769,0.07346
5434907,0,0,0.96014,0.03756,0.00231
11176530,2,2,0.01046,0.07653,0.913
29836272,1,2,0.00914,0.07339,0.91748
21305593,1,1,0.10995,0.86316,0.02689
39568331,0,0,0.97036,0.02838,0.00127
22232312,0,0,0.91716,0.08014,0.0027
21281984,0,0,0.84001,0.15358,0.00641
17855384,0,0,0.98538,0.01112,0.0035
213397,2,2,0.003,0.00983,0.98717
9341842,2,2,0.00168,0.01241,0.98591
5333412,0,1,0.05697,0.79264,0.15039
39416029,2,2,0.00306,0.01996,0.97698
16181531,0,0,0.91589,0.05228,0.03183
37802799,2,2,0.00245,0.00946,0.98809
18521352,2,1,0.07647,0.87687,0.04665
30567285,0,0,0.8462,0.14936,0.00444
5962180,2,2,0.00283,0.02164,0.97554
1092490,0,0,0.98956,0.00966,0.00077
24039148,2,2,0.00629,0.074,0.91971
38637429,0,0,0.89553,0.10087,0.0036
24432505,0,0,0.93471,0.06262,0.00267
39000721,2,2,0.00372,0.01192,0.98436
4704776,2,2,0.00626,0.10789,0.88586
24019034,2,2,0.00186,0.00449,0.99365
25525344,0,0,0.98661,0.01218,0.00121
28284181,2,2,0.00128,0.00722,0.9915
9586858,2,2,0.00973,0.03628,0.954
7568335,2,2,0.00381,0.04804,0.94814
6269017,2,2,0.00142,0.00658,0.992
1988912,2,2,0.02075,0.03265,0.9466
25983767,2,2,0.0118,0.13454,0.85366
15477825,2,2,0.00603,0.11289,0.88108
23210370,2,2,0.00194,0.0078,0.99026
35739598,2,2,0.0022,0.00897,0.98884
24944438,0,0,0.97519,0.02088,0.00392
5901169,2,2,0.01375,0.03709,0.94916
41385155,2,2,0.00183,0.00653,0.99165
28531596,2,2,0.00317,0.01623,0.9806
11310141,0,2,0.00821,0.07247,0.91932
39469959,2,2,0.00399,0.03442,0.96159
36199673,2,2,0.00969,0.02484,0.96547
22273823,1,0,0.51518,0.45111,0.03372
8507713,2,2,0.08661,0.16228,0.75111
18510865,2,2,0.00551,0.0241,0.97039
14021427,2,2,0.00122,0.00787,0.99092
26010142,0,1,0.46971,0.51992,0.01038
22083934,2,2,0.00197,0.00918,0.98885
9592028,2,2,0.00401,0.05882,0.93716
24958741,0,1,0.15947,0.80671,0.03382
36159028,2,2,0.00435,0.02634,0.96931
30142747,0,1,0.33681,0.47221,0.19098
26505606,2,2,0.00109,0.00479,0.99412
32324620,2,2,0.00485,0.11303,0.88212
15293107,0,0,0.94276,0.04982,0.00743
25939538,2,2,0.00144,0.00793,0.99063
23166020,2,2,0.00229,0.01545,0.98226
1493697,2,2,0.02281,0.05161,0.92558
503075,2,2,0.00285,0.0123,0.98485
6875512,2,2,0.00198,0.02157,0.97645
35062845,2,2,0.0039,0.02615,0.96994
71745,2,2,0.0023,0.01189,0.98582
33811922,2,2,0.0029,0.01193,0.98517
31199124,2,2,0.00204,0.02133,0.97664
36184359,2,2,0.00161,0.00911,0.98928
37199215,2,2,0.00136,0.00739,0.99125
14897093,2,2,0.00169,0.00856,0.98975
19493887,0,1,0.09555,0.58992,0.31453
1320600,2,2,0.00286,0.01038,0.98676
3282927,0,0,0.90691,0.07021,0.02288
27342578,2,2,0.00174,0.0098,0.98846
6646518,2,2,0.00372,0.0122,0.98408
2409270,2,2,0.00234,0.02391,0.97375
26095072,0,0,0.80757,0.18303,0.0094
28530288,2,2,0.00366,0.01258,0.98376
28433961,2,2,0.00608,0.04758,0.94634
24218649,0,0,0.90239,0.09511,0.0025
25232122,1,1,0.42458,0.56688,0.00854
16845726,2,2,0.00394,0.01672,0.97934
28144337,2,1,0.02089,0.54289,0.43622
14919899,2,2,0.03522,0.11821,0.84658
7836176,2,2,0.00683,0.0849,0.90828
26097864,2,2,0.02576,0.10108,0.87317
36363471,2,2,0.00114,0.00947,0.98938
41602990,2,2,0.01046,0.04042,0.94912
5173475,2,2,0.0012,0.0045,0.9943
1285139,2,2,0.00316,0.01988,0.97696
28994764,0,0,0.81193,0.18187,0.0062
25786149,1,1,0.36378,0.61881,0.01742
23336367,0,0,0.95327,0.04511,0.00162
9842056,1,1,0.3255,0.65752,0.01698
16124076,2,2,0.00188,0.02611,0.97202
26420855,2,2,0.01101,0.02105,0.96794
23877011,2,2,0.00269,0.00786,0.98945
20003528,2,2,0.00178,0.01905,0.97917
17597479,2,1,0.06039,0.84023,0.09938
29389500,1,1,0.0373,0.66117,0.30153
17098059,2,2,0.01295,0.02796,0.95909
21107117,1,0,0.63865,0.35546,0.00588
32207378,2,2,0.00405,0.01919,0.97675
35784571,2,2,0.06498,0.44926,0.48577
23537336,2,2,0.02599,0.34915,0.62486
20651770,2,2,0.0021,0.00817,0.98973
23196207,0,0,0.6549,0.313,0.0321
751339,1,1,0.05817,0.89928,0.04256
18912748,2,2,0.00107,0.00787,0.99106
32801632,0,0,0.98583,0.01306,0.00112
3527268,2,2,0.00233,0.01309,0.98458
37186277,2,2,0.00277,0.00991,0.98732
14836017,0,0,0.82776,0.08931,0.08293
18898053,2,2,0.00153,0.01101,0.98746
10760222,2,2,0.00162,0.01796,0.98042
20111899,2,2,0.17858,0.15009,0.67133
21617088,2,2,0.00116,0.00684,0.992
30734038,0,0,0.98008,0.0168,0.00312
6514288,0,0,0.61348,0.37501,0.0115
36969866,2,2,0.00169,0.0078,0.99051
4444870,2,2,0.00424,0.02228,0.97349
22285412,2,2,0.00483,0.0303,0.96487
40251166,0,0,0.87606,0.11247,0.01147
345169,2,2,0.00131,0.00811,0.99057
2066371,2,1,0.07676,0.7813,0.14194
17310297,2,2,0.00138,0.00769,0.99094
18707271,2,2,0.00138,0.00781,0.99082
37578292,2,2,0.0054,0.01218,0.98242
3882460,0,0,0.98489,0.01335,0.00176
28498445,2,2,0.00381,0.01841,0.97778
34825499,2,1,0.12679,0.74692,0.12629
24402643,2,2,0.00133,0.0083,0.99036
37885811,2,2,0.00265,0.00744,0.98991
9056043,0,2,0.21325,0.31363,0.47312
1961358,2,2,0.00565,0.02926,0.96509
27747157,2,2,0.00997,0.06401,0.92602
23054911,2,2,0.00134,0.00745,0.99121
30134026,2,2,0.00134,0.00769,0.99098
22361128,2,2,0.00163,0.01131,0.98706
22690878,2,2,0.00228,0.02013,0.97759
37423051,2,2,0.00144,0.00996,0.9886
17034098,1,0,0.68185,0.31462,0.00352
30079471,2,2,0.00138,0.00751,0.99111
2119827,2,2,0.00294,0.01221,0.98485
35689036,2,2,0.00744,0.03284,0.95972
27478868,2,2,0.02197,0.10716,0.87087
29018881,0,0,0.78329,0.21082,0.00589
18603509,2,1,0.02109,0.71489,0.26402
36769056,1,0,0.78955,0.20597,0.00448
16627790,0,0,0.96726,0.02984,0.00289
20056447,2,2,0.0989,0.18723,0.71387
32149624,0,1,0.42093,0.57086,0.00821
6040596,2,2,0.00362,0.00822,0.98816
31441591,0,1,0.32926,0.57787,0.09287
34257761,0,0,0.99173,0.00734,0.00093
31898923,2,2,0.00169,0.00863,0.98968
8058902,2,2,0.00292,0.03517,0.9619
8964140,2,2,0.0012,0.00648,0.99232
36615054,2,2,0.00482,0.03336,0.96182
24408022,2,2,0.00122,0.00769,0.9911
25699874,2,2,0.00306,0.02004,0.9769
33237846,2,2,0.01081,0.20721,0.78198
5646801,0,0,0.97125,0.02663,0.00212
32916660,2,2,0.06734,0.21432,0.71834
21613915,2,2,0.00256,0.01314,0.9843
8016059,2,2,0.0024,0.0125,0.9851
3961541,2,2,0.00138,0.00689,0.99173
11788508,2,2,0.01006,0.25647,0.73347
18841269,2,2,0.00325,0.03784,0.95891
33392065,2,2,0.15635,0.14977,0.69388
39207101,0,1,0.23523,0.6438,0.12097
8766544,2,2,0.00187,0.01437,0.98376
7659757,1,0,0.98549,0.0127,0.00182
39324925,0,1,0.27653,0.5521,0.17137
37609860,2,2,0.00676,0.05078,0.94246
22563211,2,2,0.00244,0.01122,0.98634
6311793,2,2,0.00183,0.01775,0.98042
33980725,0,0,0.79603,0.20127,0.0027
4623254,2,2,0.00298,0.01648,0.98054
5777282,2,2,0.03187,0.11358,0.85455
8031343,2,2,0.002,0.01039,0.98761
36922833,2,2,0.00122,0.00847,0.99032
17986160,0,0,0.76282,0.23265,0.00454
38351115,2,2,0.00329,0.01078,0.98593
25448445,2,2,0.01409,0.05074,0.93517
41034838,2,2,0.00134,0.00586,0.9928
11147629,2,2,0.00313,0.01278,0.98409
11152765,0,0,0.89684,0.09791,0.00525
7172347,2,1,0.05487,0.66321,0.28192
34185268,2,2,0.00238,0.00657,0.99104
21132671,0,1,0.49008,0.49392,0.016
9347658,2,2,0.01197,0.3694,0.61863
1284843,2,2,0.05663,0.14307,0.8003
6985141,2,2,0.00148,0.01149,0.98702
24476767,2,2,0.01465,0.35765,0.6277
37855688,0,0,0.98763,0.01141,0.00096
3363649,2,2,0.00145,0.00638,0.99218
278148,2,2,0.00216,0.00856,0.98928
28248631,2,2,0.00207,0.0078,0.99013
8873675,2,1,0.02388,0.65037,0.32575
40703009,2,2,0.00309,0.01183,0.98508
38964362,2,2,0.00893,0.01372,0.97734
10145585,2,2,0.00177,0.00799,0.99025
17526693,2,1,0.19939,0.68248,0.11813
6859116,2,2,0.06801,0.08045,0.85153
26396505,2,2,0.00358,0.03404,0.96238
40220016,2,2,0.00201,0.01901,0.97898
30397348,0,0,0.98335,0.01586,0.00079
35437348,2,2,0.23743,0.15753,0.60504
1019226,2,1,0.15314,0.64475,0.2021
31939507,2,2,0.12216,0.17757,0.70026
36332808,2,2,0.00299,0.0122,0.9848
3200583,2,2,0.00707,0.06744,0.9255
21904223,2,2,0.01714,0.23108,0.75178
1241030,2,2,0.00203,0.00817,0.98979
2749602,0,0,0.61958,0.3435,0.03692
20281403,0,0,0.61572,0.27644,0.10784
13227901,2,2,0.00122,0.00638,0.9924
7755223,2,2,0.01089,0.21961,0.7695
9219533,2,2,0.01129,0.01876,0.96994
4690154,2,2,0.01375,0.13541,0.85083
38664467,1,0,0.87133,0.12651,0.00216
25796766,2,2,0.00329,0.02568,0.97103
25964467,1,1,0.07019,0.86016,0.06965
35413752,2,2,0.00159,0.00728,0.99114
17121595,2,2,0.00163,0.01213,0.98624
15673269,0,0,0.96728,0.02987,0.00285
25884665,2,2,0.00136,0.00763,0.99102
22629180,2,2,0.00161,0.00936,0.98903
35381471,2,2,0.0039,0.02785,0.96826
14370116,2,2,0.02453,0.3576,0.61788
30971087,2,2,0.00166,0.00751,0.99083
37275373,1,0,0.56952,0.40385,0.02664
40755786,1,0,0.88083,0.11509,0.00408
15970043,2,2,0.00368,0.05158,0.94473
8330234,2,2,0.00632,0.12577,0.86791
9806543,0,0,0.85145,0.13446,0.01409
891254,2,2,0.00147,0.00768,0.99085
14926248,2,2,0.00146,0.01325,0.98529
33747658,2,2,0.00665,0.14953,0.84383
20741690,1,1,0.18365,0.53246,0.28389
33851185,2,2,0.02865,0.05901,0.91234
11240702,1,0,0.916,0.07942,0.00459
8492239,2,1,0.2178,0.76617,0.01603
24992317,2,1,0.0263,0.76272,0.21097
21087619,2,2,0.01947,0.07122,0.90931
39420445,0,0,0.72645,0.26004,0.01351
392613,2,2,0.00535,0.03699,0.95766
33657665,2,2,0.00191,0.00694,0.99114
28179267,2,2,0.00236,0.01334,0.98429
13303348,2,2,0.00144,0.00837,0.99019
1427865,2,2,0.00176,0.0098,0.98843
24433418,0,0,0.99192,0.00594,0.00214
6378827,2,2,0.00249,0.01014,0.98737
2267611,0,0,0.68068,0.31164,0.00768
40251024,0,2,0.01114,0.26066,0.72819
33833731,2,2,0.00125,0.00897,0.98977
7944969,2,2,0.0024,0.01408,0.98352
36415621,0,0,0.61599,0.37655,0.00746
27463290,2,2,0.00131,0.00958,0.9891
21886859,2,2,0.00287,0.05201,0.94512
33543939,2,2,0.00176,0.01063,0.9876
31672207,2,2,0.00461,0.01444,0.98095
25110642,2,2,0.00976,0.08365,0.90659
38936636,0,0,0.78801,0.20159,0.0104
33055031,2,2,0.007,0.0905,0.9025
31464100,2,2,0.00585,0.04023,0.95392
2883610,2,2,0.00186,0.00422,0.99392
15393514,2,2,0.0018,0.00568,0.99252
40761722,0,0,0.91622,0.07866,0.00512
23351438,2,2,0.00499,0.02917,0.96584
32829656,2,2,0.00225,0.03224,0.96551
22407085,0,0,0.53571,0.43383,0.03046
6532157,2,2,0.00382,0.0465,0.94968
2940642,2,2,0.00163,0.01361,0.98476
39412569,2,2,0.00334,0.04234,0.95432
7923766,2,2,0.0037,0.0182,0.97811
33550135,0,1,0.16866,0.76405,0.06729
22000631,2,2,0.00338,0.01561,0.98101
25846915,2,2,0.00505,0.04794,0.94701
5225911,2,2,0.00204,0.01938,0.97858
11811345,2,2,0.00545,0.01837,0.97617
1966612,2,2,0.00103,0.00628,0.99269
2148448,2,2,0.00352,0.02154,0.97494
20110779,2,2,0.00171,0.0114,0.98689
1696105,2,2,0.00167,0.01546,0.98287
23336619,0,0,0.97804,0.02058,0.00138
39401591,2,2,0.00384,0.01069,0.98546
19504889,1,0,0.82017,0.17327,0.00656
14483462,2,2,0.00313,0.01318,0.98369
3270138,2,2,0.02087,0.40624,0.57289
8069636,2,2,0.00584,0.02784,0.96632
14478990,2,2,0.00164,0.00811,0.99025
12187293,1,0,0.90637,0.09009,0.00353
26948541,0,0,0.86818,0.12704,0.00477
1519810,2,2,0.00254,0.01808,0.97938
25705234,0,0,0.92741,0.06614,0.00645
31188076,2,2,0.00912,0.08891,0.90196
122116,2,2,0.01662,0.08998,0.8934
28192025,0,0,0.98381,0.01526,0.00093
13187571,1,1,0.11522,0.75574,0.12904
23336442,0,0,0.94135,0.05686,0.00179
26501678,2,2,0.00127,0.0129,0.98583
17194261,2,2,0.00158,0.01305,0.98537
29842362,2,2,0.00658,0.0325,0.96093
24434273,2,2,0.00144,0.00863,0.98993
25889683,0,0,0.98429,0.01457,0.00113
2558130,2,2,0.00136,0.00505,0.99359
9298629,2,2,0.00248,0.01166,0.98586
24943112,2,1,0.10444,0.86263,0.03293
35674474,2,2,0.00631,0.05705,0.93664
27762514,2,2,0.05645,0.23399,0.70956
20210205,2,2,0.00221,0.02037,0.97743
714270,2,2,0.01484,0.25894,0.72622
13658477,0,0,0.98798,0.01085,0.00118
41593184,2,2,0.00292,0.019,0.97808
34502120,2,2,0.01787,0.08677,0.89536
19895252,2,2,0.00393,0.03468,0.96139
4214082,2,2,0.00287,0.05325,0.94388
9514638,0,1,0.11791,0.85604,0.02605
38836606,2,2,0.00226,0.04333,0.95441
23824115,2,2,0.00285,0.01344,0.98371
39893189,0,0,0.9852,0.01389,0.00091
23781425,2,0,0.64049,0.34823,0.01128
6394534,2,1,0.14141,0.8429,0.01568
26469190,1,0,0.72105,0.26944,0.00951
10477796,2,2,0.00668,0.06206,0.93126
28578779,2,2,0.00238,0.00849,0.98913
11384066,0,0,0.95039,0.04667,0.00293
39250550,0,0,0.92937,0.06825,0.00238
40701176,2,2,0.00225,0.01781,0.97994
38213809,2,2,0.00462,0.05792,0.93746
23030499,2,2,0.00349,0.02927,0.96725
29010394,2,2,0.01925,0.06759,0.91316
26843708,2,2,0.00132,0.00486,0.99382
18641519,2,2,0.00323,0.01407,0.9827
19182748,2,2,0.00636,0.19928,0.79436
1479120,2,2,0.00608,0.01788,0.97604
2750948,1,1,0.16372,0.79028,0.046
35106649,2,2,0.00134,0.00751,0.99116
8435911,0,0,0.74582,0.24403,0.01015
102725,0,0,0.98337,0.0147,0.00193
18831658,2,2,0.00114,0.00857,0.99029
3709417,2,2,0.00144,0.01023,0.98833
19017896,2,2,0.00111,0.0049,0.99399
36074850,2,2,0.01238,0.285,0.70263
28988321,2,1,0.02979,0.66224,0.30797
12301978,2,2,0.05663,0.14307,0.8003
33986890,0,0,0.63023,0.34534,0.02444
14311122,0,0,0.77456,0.2101,0.01534
24779951,1,1,0.34986,0.63352,0.01662
26210869,1,0,0.59859,0.38347,0.01794
33013284,1,1,0.14935,0.82007,0.03058
8211760,0,0,0.99102,0.00799,0.00099
28805295,2,2,0.00491,0.12965,0.86544
8629411,2,2,0.00384,0.07029,0.92587
1417856,2,2,0.00148,0.01114,0.98737
38991565,2,2,0.00188,0.00733,0.99078
4521151,2,2,0.02082,0.07975,0.89942
24981594,2,2,0.00174,0.00733,0.99093
4763903,2,2,0.00356,0.02406,0.97238
28008998,2,2,0.02894,0.36661,0.60444
8953938,2,1,0.12941,0.50193,0.36866
32092063,2,2,0.00163,0.01136,0.98701
4352174,2,2,0.00581,0.01721,0.97698
2759073,2,2,0.00257,0.03779,0.95963
27357090,2,2,0.00704,0.08503,0.90793
27587783,2,2,0.01199,0.05743,0.93057
31227836,2,2,0.01951,0.15105,0.82944
29041383,0,0,0.96353,0.03443,0.00204
24600501,0,0,0.98679,0.01195,0.00127
24926645,2,2,0.00529,0.04713,0.94758
23198778,2,1,0.28898,0.67191,0.03911
25116364,2,1,0.07956,0.8454,0.07503
33830582,2,2,0.00218,0.01481,0.98301
1719065,2,2,0.00802,0.0503,0.94168
261795,2,2,0.00366,0.01307,0.98327
27942723,0,0,0.82919,0.16715,0.00366
21107404,1,2,0.00449,0.12579,0.86972
651037,2,2,0.00474,0.01825,0.97701
609882,2,2,0.01034,0.1682,0.82146
35829084,2,2,0.00953,0.10577,0.88471
27328394,0,2,0.17889,0.19305,0.62806
21130690,2,2,0.00237,0.01144,0.98619
37336110,2,2,0.00846,0.02895,0.96259
39136531,2,2,0.01076,0.16063,0.82861
8241812,2,2,0.00268,0.04475,0.95257
22097409,2,2,0.00149,0.00786,0.99065
2961605,2,2,0.00437,0.12367,0.87196
30858473,2,2,0.00206,0.01101,0.98693
31560778,2,2,0.01373,0.11656,0.86971
21732590,2,2,0.00111,0.00479,0.9941
6954064,2,2,0.00154,0.007,0.99146
365210,2,1,0.0385,0.80409,0.15741
30528608,2,1,0.25287,0.62954,0.1176
22976838,0,0,0.77575,0.21711,0.00714
4613115,2,2,0.00571,0.06323,0.93106
4833104,2,2,0.00958,0.04368,0.94675
13283760,1,0,0.90037,0.09753,0.0021
22361580,2,1,0.0322,0.54035,0.42745
23738308,2,2,0.00584,0.08659,0.90758
20869269,2,2,0.00316,0.01921,0.97763
10207872,1,1,0.04118,0.70752,0.25129
26541114,1,1,0.21376,0.74608,0.04016
31804039,2,2,0.0013,0.00722,0.99148
39846005,2,2,0.09539,0.42583,0.47878
28355376,2,2,0.00144,0.00774,0.99081
36760044,2,2,0.00221,0.01714,0.98065
31610326,0,0,0.98614,0.01171,0.00216
18982724,2,2,0.00237,0.01274,0.98489
35595512,2,2,0.00252,0.02594,0.97154
24845434,2,2,0.0029,0.01062,0.98647
14489906,2,2,0.00257,0.02206,0.97537
1487233,1,1,0.2352,0.58899,0.17581
38805684,2,2,0.00584,0.02763,0.96653
10095468,2,2,0.07425,0.28185,0.6439
13153318,2,2,0.00452,0.10639,0.88908
30851794,2,2,0.00111,0.00717,0.99172
29986144,2,2,0.04789,0.11646,0.83566
30086779,2,2,0.00176,0.01382,0.98442
8148456,1,2,0.14543,0.20913,0.64544
4128704,2,2,0.00204,0.03346,0.9645
40935387,1,1,0.06338,0.83493,0.10168
11029053,2,2,0.00158,0.01217,0.98625
17250081,2,2,0.07276,0.11696,0.81028
32134326,2,2,0.00533,0.04048,0.95419
17957747,2,2,0.00253,0.00657,0.99089
8517337,2,2,0.00249,0.00984,0.98768
33654742,2,2,0.00195,0.01858,0.97947
7008339,2,2,0.00187,0.01345,0.98467
21226075,1,2,0.00878,0.16254,0.82868
37050384,2,2,0.00315,0.02371,0.97315
29570484,2,2,0.00159,0.00572,0.99269
3814911,1,1,0.12994,0.84897,0.02109
7844101,2,2,0.00279,0.03293,0.96427
23180771,0,0,0.9724,0.02591,0.00168
25732753,2,1,0.15321,0.46461,0.38218
18392947,2,2,0.00156,0.00555,0.99289
5645467,2,2,0.02836,0.08942,0.88222
31486154,2,2,0.00651,0.02793,0.96556
37695619,2,2,0.00267,0.0325,0.96483
33599167,2,2,0.00149,0.00464,0.99387
3028604,2,2,0.00132,0.02179,0.97689
14528400,2,2,0.0036,0.02817,0.96822
20918599,2,2,0.00954,0.04768,0.94279
9531613,2,2,0.00156,0.00996,0.98848
14394133,1,1,0.03004,0.87793,0.09202
26007494,2,2,0.00171,0.00843,0.98986
11400996,2,2,0.00957,0.07316,0.91727
34747331,2,2,0.07651,0.18615,0.73734
16161847,1,1,0.01552,0.53444,0.45004
2172273,2,2,0.00761,0.05664,0.93576
20331761,1,1,0.03718,0.92578,0.03704
40408463,0,0,0.98624,0.01241,0.00135
19268679,2,2,0.00246,0.00705,0.9905
34441651,2,2,0.0018,0.01924,0.97896
36220639,2,2,0.01369,0.09155,0.89476
1654754,2,2,0.00612,0.05625,0.93762
22348841,2,2,0.0496,0.24945,0.70095
6584386,2,2,0.00655,0.08077,0.91269
37906205,2,2,0.00181,0.01682,0.98137
34789433,2,2,0.00132,0.00663,0.99205
3504283,2,2,0.02326,0.16333,0.81341
22795761,2,2,0.00383,0.02987,0.9663
21490289,0,0,0.94052,0.05782,0.00165
32942295,2,2,0.09378,0.2106,0.69562
14047296,2,2,0.00343,0.01396,0.9826
18610221,2,2,0.00153,0.0111,0.98737
11157419,2,2,0.01015,0.03275,0.9571
24360665,2,2,0.00356,0.0248,0.97164
34125509,0,0,0.75429,0.24108,0.00463
26253181,2,2,0.00161,0.00559,0.9928
15311711,2,2,0.00303,0.01313,0.98383
34099895,2,2,0.17411,0.09643,0.72946
19366476,2,2,0.00156,0.0087,0.98974
32108069,2,2,0.00233,0.01046,0.9872
20533811,0,0,0.98542,0.01331,0.00127
34999941,2,2,0.00214,0.0055,0.99236
36262257,2,2,0.00138,0.00751,0.99111
32484507,2,2,0.00264,0.02935,0.96802
6182136,2,2,0.00522,0.08867,0.90611
23515125,2,2,0.00118,0.00572,0.9931
16808245,2,2,0.00391,0.02378,0.97231
25946254,0,0,0.78007,0.2027,0.01723
6887293,0,1,0.05092,0.5143,0.43478
20435925,2,2,0.00297,0.01863,0.97839
16744484,2,2,0.02373,0.18444,0.79184
781383,2,2,0.00149,0.02022,0.97828
4537366,2,2,0.00158,0.01004,0.98838
28104342,2,2,0.00721,0.09178,0.90102
40221742,2,2,0.0022,0.00663,0.99117
26743565,2,2,0.00109,0.00609,0.99282
21585052,2,2,0.00518,0.0957,0.89912
18014965,2,2,0.00281,0.01079,0.9864
30070470,2,2,0.00282,0.03894,0.95824
12134900,2,2,0.00179,0.02533,0.97288
21770414,2,2,0.0054,0.02796,0.96664
7629932,2,2,0.00144,0.01031,0.98825
36804100,0,1,0.36048,0.53903,0.10049
3310980,2,2,0.00548,0.04402,0.9505
22960982,2,2,0.00517,0.04018,0.95465
37268909,2,2,0.0012,0.00609,0.99271
6212410,2,2,0.00418,0.04904,0.94678
3192544,2,2,0.00482,0.13232,0.86286
37540802,2,2,0.01714,0.23108,0.75178
9010909,2,0,0.37703,0.35557,0.2674
35607665,2,2,0.0013,0.01683,0.98187
19369689,2,1,0.03029,0.83802,0.13169
19902199,2,2,0.00995,0.09436,0.89569
16262598,1,2,0.02545,0.20132,0.77324
36152201,2,1,0.15805,0.76196,0.08
28152874,2,2,0.002,0.00774,0.99026
3227798,2,2,0.00128,0.00722,0.9915
26634318,0,1,0.09467,0.81622,0.08911
11445204,0,0,0.58681,0.40647,0.00673
39694701,0,1,0.41929,0.5731,0.00762
25927910,2,2,0.00478,0.03997,0.95525
17506807,0,1,0.36628,0.60389,0.02983
3921179,2,2,0.00292,0.01914,0.97793
33775414,0,0,0.95528,0.03947,0.00525
34705057,2,2,0.00228,0.01668,0.98103
40860703,2,2,0.00107,0.00919,0.98974
31052600,2,0,0.5595,0.42898,0.01152
32427381,2,2,0.00215,0.01371,0.98413
30576281,2,2,0.00104,0.00711,0.99185
3735126,2,2,0.003,0.02371,0.97329
21809215,2,2,0.00118,0.00633,0.99249
25743732,0,1,0.13845,0.84482,0.01673
9472097,0,0,0.81517,0.17424,0.01059
7895024,2,2,0.00263,0.031,0.96637
38877640,2,2,0.00116,0.00568,0.99316
16342870,2,2,0.00124,0.00446,0.9943
1648812,2,2,0.00186,0.00618,0.99196
34209338,2,0,0.58844,0.40128,0.01028
2947193,2,2,0.01612,0.10392,0.87996
13769413,2,2,0.00732,0.0631,0.92957
19012839,2,2,0.00338,0.02994,0.96668
6122961,2,2,0.00232,0.01533,0.98235
37600070,2,2,0.00251,0.0155,0.98198
13251894,1,0,0.91894,0.07905,0.00201
29379239,2,2,0.00213,0.02387,0.974
33752616,2,2,0.00233,0.01071,0.98696
9132463,2,2,0.00246,0.06432,0.93322
15968676,2,2,0.00497,0.04719,0.94784
34362563,2,2,0.00329,0.02519,0.97152
41600357,2,2,0.00594,0.0416,0.95246
28634692,2,2,0.02369,0.16062,0.81569
29108564,2,2,0.00098,0.00633,0.99269
29344406,2,2,0.0041,0.00888,0.98702
12480500,2,2,0.00329,0.02597,0.97074
3482821,2,2,0.0026,0.02584,0.97156
6280648,2,2,0.00625,0.03695,0.9568
4878836,2,2,0.00624,0.12407,0.86969
25568332,2,2,0.00469,0.02863,0.96668
22319899,2,2,0.00166,0.00643,0.99191
38096433,2,0,0.71316,0.19998,0.08686
30441653,2,2,0.02924,0.12284,0.84792
4206661,2,2,0.00877,0.05333,0.9379
35203063,2,2,0.00552,0.02109,0.97339
35115821,2,1,0.04496,0.62545,0.32959
17405197,2,2,0.00417,0.03641,0.95942
26878345,2,1,0.02774,0.49562,0.47663
863263,2,2,0.00422,0.02517,0.97061
38013837,2,2,0.00813,0.0814,0.91047
40875991,1,0,0.97905,0.01993,0.00103
27695381,2,1,0.20306,0.72839,0.06855
13929201,2,2,0.00191,0.01114,0.98696
22086200,2,2,0.00201,0.00678,0.99121
35873924,0,0,0.56529,0.41682,0.01789
38013308,2,2,0.00164,0.00762,0.99074
1686863,2,2,0.00159,0.00517,0.99324
13346668,0,1,0.26362,0.64109,0.09529
11259133,2,2,0.00454,0.02923,0.96622
30899498,0,0,0.97761,0.02025,0.00214
21362378,0,1,0.12232,0.78757,0.09011
28468990,2,2,0.00125,0.00787,0.99088
21899055,1,1,0.38039,0.60786,0.01176
29538789,2,0,0.47157,0.28616,0.24227
18890511,2,2,0.00358,0.01928,0.97714
39172866,2,2,0.00179,0.01101,0.9872
38455356,2,2,0.00928,0.04435,0.94637
31535110,2,2,0.00197,0.00774,0.99029
35521091,0,0,0.82764,0.16815,0.00421
34054245,2,0,0.99294,0.00572,0.00134
27799982,2,2,0.00262,0.01929,0.97808
29449264,2,2,0.00144,0.00695,0.99161
34201299,2,2,0.00128,0.00663,0.99209
29550361,2,2,0.00191,0.02475,0.97334
28693200,2,1,0.04409,0.90294,0.05297
17472948,2,2,0.0225,0.48493,0.49257
29056881,2,1,0.06879,0.58049,0.35071
28093593,2,2,0.00338,0.01349,0.98313
38492755,1,1,0.44552,0.54586,0.00862
16911877,2,2,0.00129,0.01383,0.98488
25430006,0,0,0.99133,0.00722,0.00144
23076172,0,0,0.90462,0.09241,0.00297
13105045,2,2,0.00374,0.06596,0.9303
1998366,2,2,0.00398,0.05164,0.94438
16639380,2,2,0.00349,0.02791,0.9686
31439083,2,2,0.00255,0.01452,0.98292
30960211,2,2,0.0163,0.12773,0.85597
24349929,0,0,0.97527,0.02121,0.00352
35397031,2,2,0.00106,0.00775,0.9912
16125192,2,2,0.0035,0.04226,0.95425
18143798,2,2,0.00298,0.0168,0.98022
28878957,2,2,0.00109,0.00757,0.99134
31781310,0,0,0.98673,0.01153,0.00173
8599507,2,2,0.00307,0.01835,0.97859
14289072,2,1,0.03964,0.77777,0.18259
27719081,2,2,0.00334,0.02567,0.97098
486734,2,2,0.00691,0.16933,0.82376
9370287,2,2,0.00622,0.06991,0.92386
20173136,2,2,0.00665,0.05227,0.94109
3252332,2,2,0.00161,0.00638,0.99201
18175183,2,2,0.00328,0.04302,0.9537
20978079,2,2,0.00308,0.01381,0.98311
13064407,2,2,0.00161,0.00679,0.9916
19944513,2,2,0.0037,0.0321,0.9642
26045266,1,0,0.71461,0.27985,0.00554
41152474,2,2,0.00307,0.01726,0.97967
38785330,2,2,0.00995,0.09436,0.89569
1142982,1,1,0.40599,0.56366,0.03034
40619516,0,0,0.93452,0.05888,0.0066
19652092,2,2,0.00251,0.01425,0.98324
2065112,2,2,0.00468,0.03065,0.96467
4127678,2,2,0.00533,0.04048,0.95419
18755588,2,2,0.00261,0.02488,0.97252
12512290,2,2,0.00573,0.03027,0.964
19996203,0,0,0.65259,0.34121,0.0062
12033523,2,2,0.00376,0.03144,0.9648
17946877,0,0,0.62169,0.36263,0.01569
39514770,0,0,0.96857,0.03047,0.00095
20094061,2,0,0.66963,0.29831,0.03206
38738067,0,0,0.98612,0.01286,0.00102
40423208,0,0,0.66457,0.31269,0.02274
21634326,1,2,0.00423,0.05236,0.94341
40835208,1,1,0.36086,0.62841,0.01073
36374812,2,2,0.00134,0.00609,0.99257
14119920,2,2,0.002,0.01162,0.98639
1620297,2,2,0.00127,0.01,0.98873
34319985,0,0,0.99189,0.007,0.00111
21626093,2,2,0.00503,0.0207,0.97427
1021871,2,1,0.02721,0.74133,0.23145
19954741,2,2,0.00131,0.01068,0.98801
15927363,2,2,0.00321,0.03431,0.96248
35295887,2,2,0.00155,0.01426,0.98419
24524251,2,2,0.00232,0.03393,0.96376
36237456,2,2,0.00204,0.0049,0.99306
15785779,2,1,0.18104,0.68157,0.13739
28355522,2,2,0.00357,0.00773,0.98871
6415998,2,2,0.00295,0.01156,0.98549
18202194,2,2,0.00111,0.00757,0.99132
13347822,2,1,0.13564,0.53126,0.3331
23833593,0,0,0.59448,0.39912,0.0064
12382329,2,2,0.00648,0.14466,0.84886
39025777,1,1,0.09482,0.77557,0.12961
32490186,2,2,0.00145,0.01644,0.9821
36841720,2,2,0.00161,0.01,0.9884
18214135,2,2,0.01644,0.44772,0.53585
9779461,0,0,0.94043,0.05748,0.00209
11236438,2,2,0.00245,0.01071,0.98684
14704712,2,2,0.03802,0.19233,0.76965
17466295,2,2,0.00179,0.00843,0.98977
16786665,2,2,0.00134,0.007,0.99166
9923704,2,2,0.04841,0.36189,0.5897
3537245,2,1,0.20731,0.76724,0.02545
17583751,2,2,0.00154,0.00658,0.99188
38829710,2,2,0.00293,0.01814,0.97893
14212912,2,2,0.00399,0.01854,0.97746
39025586,2,2,0.14462,0.26291,0.59247
15267745,2,2,0.00134,0.00695,0.99172
16019481,2,2,0.01196,0.24791,0.74013
12971803,2,2,0.00344,0.01278,0.98378
31773859,2,2,0.00761,0.04185,0.95055
23120167,0,0,0.88605,0.11134,0.00261
30697777,2,2,0.0023,0.00991,0.98779
3084710,2,2,0.00336,0.0205,0.97614
36102565,2,2,0.00424,0.03724,0.95853
24245811,2,2,0.00355,0.02626,0.97018
19976406,2,2,0.00222,0.01458,0.9832
33566321,0,0,0.65299,0.33092,0.01609
31225864,2,2,0.00672,0.0557,0.93757
39691541,2,2,0.00147,0.00843,0.9901
38392685,0,0,0.9846,0.01335,0.00206
27050968,2,2,0.00154,0.00762,0.99084
22981014,2,2,0.00131,0.01085,0.98784
4862875,1,1,0.07027,0.84279,0.08694
19490738,0,0,0.94971,0.04888,0.00141
12728382,0,0,0.9875,0.01154,0.00096
25378544,2,2,0.00205,0.01377,0.98418
27617345,0,0,0.99179,0.00689,0.00132
8654197,2,2,0.00301,0.02051,0.97648
17090217,2,1,0.04577,0.73289,0.22135
5738112,0,0,0.75305,0.2342,0.01276
8242266,0,1,0.4625,0.504,0.0335
31495281,2,2,0.00211,0.01761,0.98028
23797428,0,0,0.89732,0.09402,0.00866
15235022,2,2,0.00151,0.00843,0.99006
19113742,1,0,0.51415,0.47551,0.01034
12072580,0,0,0.9695,0.02942,0.00108
25011706,2,2,0.01278,0.04832,0.9389
12282482,0,0,0.94013,0.05735,0.00252
22595676,2,2,0.10021,0.23084,0.66895
17686051,2,2,0.00354,0.01543,0.98103
21949612,1,1,0.08235,0.56274,0.35491
33447189,2,2,0.00132,0.00446,0.99422
38428572,2,2,0.00256,0.0113,0.98614
133828,1,0,0.88282,0.10076,0.01642
24673373,0,0,0.96871,0.02969,0.0016
6098035,2,2,0.00338,0.01496,0.98166
14794576,2,2,0.03465,0.11262,0.85273
6858285,2,2,0.00303,0.01418,0.98278
22785419,0,0,0.96861,0.02979,0.0016
3835652,2,2,0.0015,0.01505,0.98345
9957275,2,2,0.00138,0.00811,0.99051
28594849,0,0,0.85454,0.11552,0.02993
17129860,2,2,0.00227,0.02076,0.97697
26082317,0,0,0.90845,0.08533,0.00622
38334930,0,0,0.9865,0.01252,0.00099
31053116,2,2,0.0026,0.01279,0.98461
4598715,2,2,0.00113,0.00684,0.99203
33160208,2,2,0.00883,0.02458,0.96659
35736017,2,2,0.00114,0.00973,0.98912
31656142,2,1,0.06034,0.80423,0.13542
1987252,2,1,0.33207,0.60602,0.06191
7212863,2,2,0.00226,0.01289,0.98485
30460188,2,2,0.00141,0.01793,0.98067
35168589,2,2,0.0031,0.02138,0.97551
18413904,0,1,0.05545,0.80527,0.13929
22115283,2,1,0.26402,0.68214,0.05385
2873322,2,0,0.4044,0.39658,0.19902
28013473,2,2,0.00239,0.01879,0.97882
40378370,2,2,0.00324,0.02444,0.97232
17977233,1,0,0.52689,0.45067,0.02244
2248496,2,2,0.0136,0.11799,0.86841
11181906,2,2,0.00131,0.01027,0.98841
35545839,2,2,0.00233,0.01226,0.98541
32195565,2,2,0.00163,0.01072,0.98765
26949265,2,1,0.07785,0.66988,0.25228
31093409,2,2,0.00174,0.00756,0.99069
9098350,0,0,0.72558,0.26485,0.00957
14021241,1,1,0.43814,0.54527,0.01659
24582236,0,0,0.94377,0.05472,0.00151
25673886,2,2,0.00253,0.03873,0.95874
28253020,2,2,0.02223,0.4717,0.50606
37766171,2,2,0.00199,0.01682,0.9812
29799439,2,2,0.0115,0.068,0.92051
31553380,2,2,0.00142,0.00787,0.99071
25725947,2,2,0.03945,0.11699,0.84356
35105042,0,0,0.87642,0.11564,0.00795
40564845,2,2,0.00166,0.00947,0.98887
17411892,0,0,0.96544,0.03085,0.00371
31769469,1,1,0.02307,0.68473,0.29221
24207444,2,2,0.00166,0.0083,0.99004
29140635,0,1,0.08791,0.54486,0.36723
35514410,2,2,0.00374,0.03839,0.95787
4325271,2,2,0.00201,0.01823,0.97976
40729827,1,1,0.05918,0.81056,0.13027
36729313,2,2,0.00151,0.0089,0.98959
7016797,0,0,0.90879,0.0847,0.00652
13933666,0,0,0.9888,0.01044,0.00076
41314616,2,2,0.00391,0.02442,0.97167
4030298,2,2,0.00409,0.0099,0.98601
32482720,2,2,0.0104,0.11056,0.87904
21580536,2,2,0.05848,0.09548,0.84604
35595156,2,2,0.0022,0.00849,0.98931
12287520,1,0,0.80675,0.18718,0.00606
13208189,2,2,0.00172,0.00663,0.99165
27537399,2,2,0.00186,0.02182,0.97632
5343389,0,0,0.46708,0.40422,0.12869
29148499,2,2,0.00112,0.00962,0.98925
27512162,0,0,0.98861,0.01012,0.00127
15412802,0,0,0.95755,0.04082,0.00163
36120615,0,1,0.48183,0.50102,0.01714
9491397,2,2,0.00118,0.00973,0.98909
36641414,2,2,0.00252,0.01122,0.98626
27743004,2,0,0.83709,0.15852,0.00439
27516777,2,2,0.02043,0.09023,0.88934
33282040,2,0,0.58684,0.14158,0.27158
41532872,2,2,0.01106,0.13716,0.85178
19334980,0,0,0.61158,0.37094,0.01749
27973550,2,2,0.00502,0.02269,0.97229
12645494,2,2,0.00218,0.01894,0.97889
30826849,2,2,0.00428,0.012,0.98372
27116088,2,2,0.00123,0.0085,0.99026
41409346,2,2,0.13787,0.22957,0.63256
18249173,2,2,0.00984,0.04731,0.94285
5251831,0,0,0.9753,0.02232,0.00238
17070089,2,2,0.00161,0.00494,0.99345
14947177,2,2,0.002,0.00768,0.99032
27457303,2,2,0.00191,0.0078,0.99029
21530904,2,2,0.00321,0.01814,0.97865
9699338,2,2,0.00227,0.00694,0.99079
28489632,2,2,0.00571,0.06434,0.92996
35919781,2,2,0.00288,0.01814,0.97898
5488150,2,2,0.0028,0.05915,0.93804
15467366,2,2,0.29417,0.27984,0.42598
17754785,2,2,0.00227,0.00932,0.98842
26746541,2,2,0.0026,0.01184,0.98556
29795498,2,2,0.00255,0.0155,0.98195
32806428,2,2,0.00188,0.0089,0.98922
22227700,0,0,0.9928,0.00586,0.00134
26927130,2,2,0.00558,0.05626,0.93816
12132235,2,2,0.00164,0.00751,0.99086
34655196,2,2,0.00201,0.01851,0.97948
37377884,0,0,0.9294,0.06799,0.00261
37557088,2,2,0.00133,0.00977,0.9889
21500139,2,2,0.0164,0.05998,0.92363
4186283,0,0,0.98563,0.01344,0.00093
23543984,2,2,0.00146,0.01251,0.98603
25803998,2,2,0.01799,0.33803,0.64398
17906331,2,2,0.00294,0.02803,0.96903
37436121,0,0,0.69368,0.23349,0.07283
5901032,2,2,0.00208,0.01593,0.98198
14042965,2,2,0.00588,0.02006,0.97406
9034134,2,2,0.0034,0.0237,0.9729
9042624,2,2,0.01945,0.04332,0.93722
8081855,2,2,0.00164,0.00745,0.99092
2593196,2,2,0.00138,0.006,0.99262
26162558,2,2,0.0014,0.00684,0.99176
37442420,0,0,0.98264,0.01527,0.00208
15089413,0,0,0.75592,0.23973,0.00436
3596740,2,1,0.04419,0.93385,0.02196
33254089,2,2,0.01012,0.06482,0.92506
12445492,2,2,0.01218,0.13426,0.85356
40880372,2,2,0.00426,0.01717,0.97857
2387046,2,2,0.0012,0.00679,0.99201
15195529,0,1,0.04144,0.9,0.05856
12631526,2,2,0.00963,0.11007,0.8803
16131790,2,2,0.00693,0.08603,0.90704
10776093,0,1,0.28212,0.68744,0.03044
38469916,2,2,0.00132,0.0055,0.99318
28196885,0,0,0.92788,0.07044,0.00168
1280433,0,0,0.98737,0.01154,0.00109
24766393,1,1,0.05539,0.61444,0.33017
38740000,2,2,0.00899,0.05922,0.93179
70191,0,0,0.94982,0.04611,0.00407
24039381,2,2,0.02731,0.3314,0.64129
1101904,2,2,0.00209,0.01105,0.98686
25057433,2,2,0.00183,0.02117,0.977
6009418,2,2,0.00521,0.01722,0.97757
27871460,2,2,0.11134,0.24797,0.64069
26889917,2,2,0.00171,0.01265,0.98564
4457651,0,0,0.9035,0.09176,0.00474
27180745,2,2,0.00259,0.0174,0.98002
19742301,0,0,0.97398,0.02277,0.00325
38636013,2,2,0.00151,0.01251,0.98599
2810787,2,2,0.00328,0.01313,0.98359
19285447,0,1,0.35182,0.6223,0.02589
19952393,2,2,0.01763,0.22077,0.76159
17279425,2,2,0.0015,0.01388,0.98462
35031254,2,2,0.00349,0.01239,0.98412
35420282,2,2,0.06465,0.28749,0.64786
2548364,2,2,0.0029,0.04115,0.95595
12157953,2,0,0.80716,0.10608,0.08675
13882425,2,2,0.00192,0.01873,0.97935
11018332,2,2,0.00129,0.01024,0.98847
14934466,2,2,0.00387,0.01995,0.97619
854888,2,2,0.00206,0.01031,0.98763
17795012,2,2,0.00305,0.02308,0.97387
29377190,2,1,0.07011,0.80233,0.12757
31076423,1,1,0.20572,0.69254,0.10174
11582311,0,0,0.98856,0.0104,0.00104
11897845,2,2,0.01664,0.43243,0.55093
37094825,1,0,0.82105,0.17278,0.00617
41184293,2,2,0.00557,0.02785,0.96658
7435522,2,2,0.00129,0.00908,0.98963
2831006,1,1,0.04546,0.89885,0.05569
2105088,2,2,0.00244,0.01515,0.98241
16979264,2,2,0.03781,0.46419,0.498
20098579,0,0,0.91862,0.07872,0.00266
4221507,2,2,0.00161,0.00933,0.98907
25556336,2,2,0.00801,0.0661,0.92589
37315559,2,2,0.00111,0.00908,0.98981
20948121,2,2,0.00146,0.01482,0.98372
3896196,2,2,0.21201,0.07201,0.71598
18505151,2,2,0.00131,0.01261,0.98608
1110369,2,2,0.00307,0.01814,0.97879
19539220,2,2,0.02649,0.21126,0.76225
6839067,2,2,0.00135,0.0146,0.98406
17133867,2,2,0.02564,0.26505,0.70931
13039210,2,2,0.00426,0.06167,0.93407
7243383,2,2,0.00681,0.0218,0.9714
26972025,2,2,0.0113,0.07014,0.91856
7462594,0,0,0.8036,0.17515,0.02125
18083644,2,2,0.00638,0.10345,0.89017
5734140,2,2,0.00126,0.00679,0.99196
41108521,0,0,0.97839,0.02007,0.00154
37856288,0,0,0.9747,0.02324,0.00207
29201938,2,2,0.00296,0.02239,0.97465
6433440,2,2,0.00182,0.01097,0.98721
32399533,0,0,0.95531,0.04284,0.00184
38787139,2,2,0.00682,0.25213,0.74105
3483559,2,2,0.00469,0.01378,0.98153
23258190,2,2,0.00285,0.01491,0.98224
10547711,1,1,0.14,0.79064,0.06936
22711897,2,2,0.00585,0.04023,0.95392
35230551,2,2,0.02309,0.07614,0.90078
34704767,2,2,0.00163,0.01131,0.98706
18854442,2,2,0.00113,0.00628,0.99259
5916689,2,2,0.00289,0.01667,0.98044
176323,1,1,0.09085,0.80976,0.09939
20879981,2,2,0.00356,0.02406,0.97238
3774215,2,2,0.01451,0.46199,0.5235
401137,2,2,0.01714,0.23108,0.75178
34255290,2,2,0.00194,0.01039,0.98768
13246728,2,2,0.00102,0.00787,0.99111
28381844,2,1,0.02676,0.59953,0.37371
2725386,0,0,0.60965,0.36689,0.02345
5023803,0,2,0.33365,0.0842,0.58215
33015742,2,2,0.00545,0.03366,0.96089
16800229,2,2,0.01114,0.04655,0.94231
22025510,2,2,0.00453,0.04662,0.94884
27851352,2,2,0.00218,0.01747,0.98035
36896585,2,2,0.00292,0.02163,0.97545
40808834,2,1,0.04278,0.84263,0.1146
9698215,2,2,0.01268,0.0338,0.95353
5555983,2,2,0.00535,0.06585,0.9288
16235340,2,2,0.00134,0.0046,0.99406
39643518,2,2,0.01505,0.36465,0.6203
22677637,2,2,0.01883,0.25789,0.72328
15528030,0,0,0.95633,0.04251,0.00116
24050496,1,0,0.93067,0.06702,0.00231
23665437,2,2,0.00151,0.01084,0.98765
27320112,0,0,0.73985,0.21322,0.04693
14445424,2,2,0.00187,0.01382,0.98431
24272323,2,2,0.00138,0.00609,0.99253
13148390,2,2,0.00575,0.0118,0.98245
16284693,2,2,0.03733,0.39667,0.56599
18141558,1,1,0.20418,0.75863,0.03718
24096051,2,2,0.01321,0.04577,0.94102
6778483,2,2,0.00269,0.00924,0.98807
35356278,0,0,0.63337,0.34168,0.02495
816870,2,2,0.00264,0.01329,0.98407
33407645,0,0,0.80206,0.07849,0.11945
37688239,2,2,0.00132,0.01683,0.98185
32769031,2,2,0.00418,0.02009,0.97573
21691089,2,2,0.00336,0.0213,0.97535
23981002,2,2,0.00932,0.06971,0.92097
1409307,2,2,0.00137,0.01031,0.98831
37467494,2,2,0.00301,0.02114,0.97585
3186696,2,2,0.00215,0.01624,0.98161
26926213,0,1,0.20822,0.66237,0.12941
28603877,1,2,0.0798,0.41976,0.50043
26314298,2,2,0.00193,0.0126,0.98547
33825217,2,2,0.09643,0.25984,0.64373
5696454,2,2,0.00395,0.02925,0.9668
35532648,1,1,0.12053,0.84564,0.03383
17329349,2,2,0.00145,0.00555,0.99301
23795897,2,2,0.00114,0.00658,0.99227
41133484,2,2,0.00133,0.00837,0.9903
36370337,2,2,0.00334,0.02567,0.97098
203019,2,2,0.00268,0.02809,0.96923
9693377,0,0,0.93958,0.05038,0.01004
26959803,2,2,0.00372,0.02646,0.96982
37821762,2,2,0.00463,0.02535,0.97002
1157722,2,1,0.04634,0.88476,0.06889
40961185,2,2,0.00192,0.01823,0.97985
19252112,2,2,0.03775,0.42871,0.53354
30267136,2,2,0.00176,0.0127,0.98554
40870786,2,2,0.0052,0.03431,0.96049
29752649,2,2,0.00226,0.02881,0.96894
9164861,2,2,0.00192,0.02108,0.977
16580551,2,2,0.00672,0.1408,0.85248
35919564,2,2,0.00136,0.00745,0.99119
16466972,2,2,0.00171,0.00811,0.99018
14689225,0,0,0.98232,0.01622,0.00145
12408115,1,0,0.74384,0.22686,0.0293
32410299,2,2,0.00275,0.01842,0.97883
34544259,2,2,0.00891,0.05342,0.93767
4374708,2,2,0.00291,0.02435,0.97274
2218083,2,2,0.01071,0.22639,0.76289
41387320,2,2,0.0065,0.04325,0.95025
10457364,2,2,0.00862,0.06946,0.92192
36362347,0,0,0.99173,0.00673,0.00154
39074141,2,2,0.00204,0.00475,0.99321
8822571,2,2,0.00677,0.03478,0.95846
22897135,2,2,0.00259,0.01436,0.98305
1313444,0,0,0.82837,0.16375,0.00787
32272182,2,1,0.04277,0.83909,0.11814
2794771,2,1,0.06836,0.88475,0.04689
27256656,2,2,0.0144,0.05205,0.93355
20896505,2,1,0.02305,0.63287,0.34408
10507576,2,2,0.00174,0.0111,0.98717
30324239,0,0,0.98658,0.01259,0.00083
12085136,2,2,0.01316,0.05004,0.93681
27479582,2,2,0.0029,0.01202,0.98508
18904699,0,0,0.93512,0.05949,0.00539
31717778,2,2,0.00116,0.01136,0.98748
37175578,0,0,0.9919,0.00717,0.00093
24565115,2,2,0.00174,0.00668,0.99158
36883154,2,2,0.00263,0.01655,0.98082
11401077,2,2,0.002,0.0118,0.9862
27812414,2,2,0.00116,0.0046,0.99423
28095863,2,2,0.00146,0.0131,0.98544
1008540,2,2,0.00354,0.01456,0.98189
38485113,2,0,0.79885,0.19424,0.00691
665489,1,0,0.72308,0.26809,0.00882
29568574,2,2,0.0052,0.03496,0.95984
26483004,2,2,0.00146,0.00911,0.98942
10717892,2,2,0.00156,0.00728,0.99116
15769113,2,2,0.01393,0.04659,0.93947
17641882,2,2,0.00204,0.0225,0.97547
2615814,2,1,0.1491,0.73388,0.11703
7196618,2,2,0.00868,0.12001,0.87131
33249476,1,0,0.98927,0.00985,0.00087
19517346,2,2,0.00232,0.01563,0.98205
21891091,2,2,0.00112,0.01068,0.9882
37160537,2,2,0.00188,0.00817,0.98995
14155031,0,0,0.48408,0.24773,0.2682
28840990,0,0,0.64419,0.35024,0.00557
9249900,2,2,0.00194,0.00918,0.98888
7808246,2,2,0.00146,0.00918,0.98935
26340359,2,2,0.00546,0.0762,0.91834
17135909,2,2,0.01294,0.06547,0.92159
19256317,2,1,0.08538,0.89052,0.02411
37634463,2,2,0.00156,0.00762,0.99081
36463736,2,2,0.00163,0.00925,0.98911
6228358,2,2,0.00545,0.0181,0.97645
23084717,2,2,0.00367,0.01078,0.98555
26828070,2,0,0.77483,0.21601,0.00916
6075729,2,2,0.12251,0.42761,0.44988
36394299,2,2,0.00135,0.0111,0.98755
36170948,2,2,0.01939,0.06819,0.91242
12522761,2,2,0.00194,0.01035,0.98772
8817705,2,2,0.00227,0.02092,0.97681
19929626,1,0,0.8892,0.10662,0.00418
15164608,2,2,0.02377,0.39581,0.58042
6091351,2,2,0.01379,0.39986,0.58635
14328420,2,2,0.00163,0.0094,0.98897
38713274,2,2,0.00348,0.01591,0.98061
16114423,2,2,0.00142,0.00857,0.99001
8260506,2,2,0.00222,0.01545,0.98233
1664745,2,2,0.00236,0.01605,0.98159
15828079,2,2,0.00127,0.00751,0.99122
30326995,1,0,0.78086,0.20691,0.01223
31375548,2,2,0.01268,0.05583,0.93149
10700896,2,2,0.00601,0.04384,0.95015
23708021,1,1,0.07295,0.89925,0.0278
40726100,2,2,0.0016,0.0142,0.9842
27091333,2,1,0.01748,0.4951,0.48742
10997119,2,2,0.0012,0.00586,0.99294
27127257,0,0,0.97461,0.02333,0.00207
27153551,2,2,0.00363,0.01995,0.97642
11190787,0,0,0.97454,0.02421,0.00125
18750473,2,2,0.00109,0.00638,0.99253
5091508,2,2,0.00168,0.01199,0.98633
3713235,2,0,0.94893,0.04903,0.00204
31306237,2,2,0.00253,0.03895,0.95852
40967111,0,1,0.24133,0.74336,0.01531
9036047,2,2,0.0091,0.02553,0.96537
30759569,2,2,0.00362,0.02461,0.97177
27712059,0,0,0.96096,0.03785,0.0012
6491544,2,1,0.03723,0.57784,0.38493
6642710,2,1,0.09071,0.48656,0.42273
38708359,0,0,0.98558,0.01349,0.00093
17523247,2,2,0.00174,0.01093,0.98734
36004423,2,2,0.00418,0.02056,0.97526
40729896,2,2,0.00339,0.01095,0.98566
13588458,0,0,0.83682,0.15359,0.00959
35534047,2,2,0.00966,0.07921,0.91113
11600404,2,1,0.08156,0.70731,0.21113
22548416,0,0,0.97809,0.02088,0.00103
11424545,0,0,0.99054,0.00774,0.00171
29375606,2,2,0.00109,0.00734,0.99157
36627801,2,2,0.00295,0.0251,0.97194
25794721,0,1,0.24602,0.72029,0.03369
5167944,0,0,0.61368,0.13963,0.24668
9829266,0,0,0.987,0.01118,0.00182
33564140,2,2,0.00389,0.02843,0.96767
37742199,2,2,0.00943,0.15463,0.83593
18281521,2,2,0.00151,0.00757,0.99092
25608190,2,2,0.00307,0.01562,0.98131
22204562,2,2,0.08561,0.10844,0.80595
27414719,2,2,0.00422,0.02517,0.97061
29574350,2,2,0.0012,0.00668,0.99212
30318578,0,0,0.8379,0.1556,0.0065
23767905,2,2,0.01094,0.31731,0.67175
13924957,2,2,0.00297,0.01746,0.97957
760676,2,2,0.00144,0.00805,0.99051
11733629,2,2,0.09993,0.43071,0.46936
20234058,0,0,0.74485,0.24563,0.00952
14387794,1,2,0.01118,0.11417,0.87465
17219640,2,2,0.01076,0.03597,0.95328
33770610,2,2,0.01787,0.09402,0.88812
33649840,2,2,0.00279,0.03478,0.96243
28455149,2,2,0.00863,0.0317,0.95966
39107430,0,0,0.86388,0.1131,0.02302
21784997,2,2,0.07005,0.4568,0.47315
27244977,2,2,0.00252,0.01231,0.98518
25805739,2,2,0.00249,0.02314,0.97437
13231139,0,0,0.9014,0.09372,0.00488
34643364,2,2,0.00185,0.02263,0.97552
40886886,0,0,0.94692,0.05088,0.0022
25526711,2,2,0.00702,0.05861,0.93437
9848316,0,0,0.87947,0.05557,0.06496
38407668,2,2,0.00145,0.00679,0.99177
13653050,2,2,0.00161,0.00897,0.98942
5924842,2,2,0.01481,0.05439,0.9308
10285997,2,2,0.00205,0.01695,0.98101
19395554,2,2,0.04954,0.22817,0.72229
37815887,2,2,0.00107,0.00638,0.99254
37548949,0,0,0.88766,0.10981,0.00253
19240313,2,2,0.00182,0.01007,0.98811
12355586,2,2,0.00172,0.00643,0.99186
9393313,2,2,0.00168,0.01275,0.98557
35600956,0,0,0.99114,0.00694,0.00191
38510746,0,0,0.98448,0.0133,0.00222
9758399,2,1,0.19628,0.7089,0.09482
23059188,0,1,0.35852,0.62922,0.01227
37047013,2,2,0.00233,0.02644,0.97122
33735430,2,2,0.00113,0.00551,0.99337
36819726,2,2,0.01314,0.30744,0.67942
23195308,2,2,0.00126,0.00668,0.99206
27631471,2,1,0.03895,0.7763,0.18475
34754107,2,2,0.00432,0.03357,0.96211
3616160,2,1,0.07132,0.54161,0.38707
21359361,2,2,0.00654,0.02214,0.97132
15130369,2,2,0.0028,0.0152,0.98199
19854962,2,2,0.00164,0.00521,0.99315
676278,0,0,0.82703,0.1597,0.01326
920678,2,2,0.00304,0.0123,0.98466
40651658,0,0,0.9667,0.0305,0.0028
15884260,2,2,0.00172,0.007,0.99128
33808206,2,2,0.00526,0.03805,0.95669
39149787,2,2,0.0159,0.22385,0.76025
20069689,2,2,0.00373,0.02406,0.97221
28585101,2,2,0.00414,0.01327,0.98259
39702105,2,1,0.27602,0.64175,0.08223
32912967,2,2,0.00116,0.00509,0.99374
36171351,2,2,0.00834,0.08641,0.90525
30624287,0,0,0.8002,0.19457,0.00523
25861634,2,2,0.00276,0.0155,0.98174
11263220,2,2,0.00143,0.01845,0.98012
36178877,2,2,0.00553,0.065,0.92947
2622002,0,0,0.89806,0.09392,0.00802
37665400,1,2,0.02212,0.04485,0.93304
9903025,0,0,0.92608,0.07058,0.00334
1153955,2,2,0.00376,0.03222,0.96402
18381915,0,0,0.97389,0.02462,0.00149
5756682,2,2,0.00445,0.02016,0.97539
4219140,2,2,0.00271,0.01674,0.98055
32653710,2,2,0.00134,0.0037,0.99496
31826553,0,0,0.98739,0.01154,0.00107
31956714,2,2,0.00161,0.00648,0.99191
10848879,2,2,0.00164,0.00568,0.99268
12023315,2,2,0.00602,0.02763,0.96635
6105520,2,2,0.00134,0.00633,0.99233
8905510,2,2,0.00118,0.00751,0.99131
22335151,0,0,0.9142,0.0813,0.00451
25952269,0,0,0.97674,0.02239,0.00088
16321344,2,2,0.00187,0.01382,0.98431
31433945,1,1,0.26678,0.6974,0.03582
28743452,2,2,0.00698,0.02004,0.97298
27319869,2,2,0.00349,0.01239,0.98412
23473666,1,0,0.91235,0.08586,0.00179
13890703,0,1,0.28639,0.69783,0.01578
27337078,1,1,0.25694,0.59333,0.14973
20423465,2,2,0.0012,0.00763,0.99118
29821963,0,1,0.26531,0.71001,0.02468
14314911,2,2,0.00129,0.01097,0.98774
25230522,2,2,0.0014,0.0083,0.9903
37744608,2,2,0.00247,0.01458,0.98295
1409909,2,1,0.06813,0.86984,0.06203
1698118,2,2,0.00118,0.00619,0.99263
37993418,2,2,0.00258,0.00533,0.99209
31738242,2,2,0.0018,0.00705,0.99115
12319340,2,2,0.00399,0.01957,0.97644
36967110,2,2,0.0051,0.05298,0.94192
2882062,1,1,0.44897,0.5249,0.02613
38449059,0,2,0.01046,0.01821,0.97133
37379850,0,0,0.66753,0.14047,0.192
27770249,0,0,0.94078,0.05716,0.00206
1758903,2,2,0.00441,0.08733,0.90826
6133383,1,1,0.06067,0.78071,0.15861
3268569,0,0,0.75096,0.2419,0.00714
10338726,2,2,0.00411,0.02112,0.97477
37267199,2,2,0.12957,0.26898,0.60145
32525590,2,2,0.00159,0.00658,0.99183
16681023,0,0,0.94024,0.05658,0.00319
27426369,1,1,0.06715,0.84071,0.09214
7873150,2,2,0.01079,0.13198,0.85723
24972670,2,2,0.00197,0.01015,0.98788
31838554,2,2,0.00592,0.01464,0.97944
13090564,2,2,0.00194,0.01109,0.98697
2902876,2,2,0.00657,0.10507,0.88836
6950138,2,2,0.00113,0.00633,0.99254
40611843,2,2,0.00351,0.0237,0.9728
15287903,1,1,0.32285,0.6573,0.01985
1409765,0,0,0.96453,0.03326,0.00221
38868796,0,0,0.98486,0.01335,0.00179
11228038,2,2,0.00227,0.00946,0.98827
25312052,0,0,0.936,0.05966,0.00433
14161548,2,2,0.00127,0.01089,0.98784
29056187,2,2,0.00206,0.01101,0.98693
4825931,2,2,0.00634,0.02318,0.97048
24321743,2,2,0.00242,0.05014,0.94744
39732983,2,2,0.00196,0.01361,0.98443
36157178,2,2,0.00275,0.03226,0.96499
21778952,2,2,0.00348,0.01647,0.98005
2739405,2,2,0.00217,0.021,0.97683
6639759,0,0,0.98634,0.01185,0.00182
4926190,0,0,0.65183,0.3152,0.03296
17745142,2,2,0.00237,0.00991,0.98771
30660762,2,2,0.00135,0.01176,0.98689
28593746,2,2,0.0088,0.30301,0.68819
36311135,0,0,0.93366,0.06341,0.00293
3179106,2,1,0.22554,0.74825,0.02621
41309898,2,2,0.01544,0.20496,0.7796
38653589,0,0,0.97379,0.02479,0.00142
2333767,2,2,0.00221,0.01788,0.97991
19485738,2,2,0.00182,0.00745,0.99073
20093959,2,2,0.0026,0.02731,0.97009
5852729,0,0,0.65173,0.29722,0.05105
29948778,2,2,0.0014,0.01008,0.98853
40258389,2,2,0.00193,0.02903,0.96904
29847712,2,2,0.01103,0.3917,0.59727
12360146,2,2,0.00407,0.03179,0.96415
15780497,2,2,0.00322,0.0168,0.97999
3499404,2,2,0.00289,0.01365,0.98346
12202544,2,2,0.03613,0.31335,0.65052
23037347,2,2,0.00229,0.01299,0.98472
25157276,0,0,0.96092,0.03625,0.00283
5136658,0,0,0.95175,0.0472,0.00105
30922727,0,0,0.77565,0.19307,0.03127
1832142,2,2,0.00305,0.02444,0.97251
24468967,1,1,0.3183,0.65056,0.03115
38055571,2,0,0.97555,0.0137,0.01075
8366229,0,0,0.87824,0.11565,0.00611
25802835,2,2,0.00585,0.04023,0.95392
14689046,2,2,0.00245,0.02345,0.9741
29338859,0,0,0.57278,0.41579,0.01143
40792483,0,0,0.97082,0.02737,0.00182
6655636,2,2,0.00422,0.02517,0.97061
39757143,0,0,0.96334,0.03226,0.00439
4112796,2,2,0.00101,0.0046,0.99438
26317655,2,2,0.00507,0.15583,0.83911
28825019,2,2,0.00353,0.01699,0.97948
1428851,2,2,0.0026,0.01212,0.98528
32303939,1,0,0.76843,0.22715,0.00443
17056540,2,2,0.00264,0.01397,0.98339
22344620,2,2,0.01708,0.23948,0.74344
12853279,2,2,0.00161,0.0083,0.99009
16660225,0,0,0.88549,0.11127,0.00324
38746926,2,2,0.00318,0.01463,0.9822
31237334,0,0,0.75735,0.23462,0.00803
33842406,2,2,0.00316,0.02035,0.9765
476241,2,1,0.0806,0.71278,0.20662
5047395,2,2,0.07067,0.42123,0.5081
34501791,2,2,0.00217,0.01968,0.97815
9137257,2,1,0.04402,0.61244,0.34355
39979159,2,2,0.00366,0.02707,0.96927
9043445,2,2,0.00198,0.00546,0.99256
24008139,0,0,0.97736,0.02134,0.0013
32099534,2,2,0.00187,0.01241,0.98572
7032763,2,2,0.00293,0.01629,0.98078
39774405,0,0,0.98572,0.01321,0.00107
28601166,2,2,0.00387,0.03462,0.96152
23727163,2,2,0.00413,0.04758,0.94829
20440675,0,0,0.55871,0.43513,0.00616
2658349,2,2,0.00399,0.03527,0.96074
15053866,2,2,0.00204,0.01923,0.97873
14437056,2,1,0.01428,0.52362,0.46209
14035105,0,1,0.13517,0.83206,0.03277
26016353,1,0,0.77645,0.20334,0.02021
6151516,2,2,0.00184,0.01688,0.98128
8862496,2,2,0.00341,0.02011,0.97648
31563331,2,2,0.0084,0.03619,0.95542
30265927,2,2,0.00243,0.01687,0.9807
6779283,2,2,0.00206,0.02706,0.97088
31802839,2,2,0.00743,0.01884,0.97373
5525417,2,2,0.00643,0.1895,0.80407
20066475,0,0,0.94865,0.04433,0.00702
20877149,0,0,0.84293,0.15291,0.00416
12566421,1,0,0.79489,0.19556,0.00955
28863821,2,2,0.00177,0.00799,0.99025
18775547,2,2,0.00218,0.01481,0.98301
2096225,2,2,0.00484,0.02862,0.96654
18255250,2,1,0.02072,0.52211,0.45717
35096254,2,2,0.00356,0.02406,0.97238
26534066,0,0,0.99271,0.00609,0.0012
22894044,2,2,0.0291,0.24361,0.72729
16618411,1,2,0.00242,0.03812,0.95946
36132344,2,2,0.00124,0.00534,0.99343
24184490,2,2,0.00173,0.01487,0.9834
16824061,2,1,0.37147,0.59827,0.03026
17344695,2,2,0.00241,0.0113,0.98629
17179810,0,0,0.81601,0.17647,0.00752
6769709,0,0,0.67737,0.2902,0.03243
10170687,2,2,0.00166,0.00728,0.99106
6195976,2,2,0.0087,0.01614,0.97516
24192254,2,2,0.146,0.22229,0.63171
8134457,2,2,0.00433,0.01484,0.98083
16401633,2,2,0.00291,0.03982,0.95727
36172891,0,0,0.98483,0.01378,0.00139
33702110,2,2,0.00713,0.02877,0.96409
40511635,2,2,0.01353,0.21244,0.77403
27182615,2,2,0.00242,0.00756,0.99003
12841555,2,2,0.00161,0.01,0.9884
26565297,2,2,0.00142,0.00897,0.98961
23576071,2,2,0.02266,0.14006,0.83728
29537557,2,2,0.00149,0.00774,0.99077
37298857,2,2,0.00922,0.10738,0.8834
40313071,2,2,0.01807,0.17043,0.8115
2641421,2,2,0.01222,0.14454,0.84324
29177730,2,2,0.00136,0.00799,0.99066
30666584,1,1,0.07141,0.76774,0.16085
1771931,2,2,0.00384,0.05727,0.93889
16794205,2,2,0.00467,0.03213,0.96319
9723570,2,2,0.00452,0.04859,0.94688
16379428,2,2,0.00481,0.06399,0.9312
20358022,0,0,0.55484,0.29699,0.14817
36875791,0,0,0.91022,0.08769,0.00209
23379037,2,2,0.00218,0.01481,0.98301
16902939,2,2,0.01097,0.09019,0.89884
28925828,0,0,0.99109,0.007,0.00191
12575830,2,1,0.05434,0.62678,0.31888
39186049,0,0,0.99084,0.00818,0.00098
36451726,2,2,0.00163,0.00932,0.98904
39551628,2,2,0.00138,0.00695,0.99167
9367916,2,2,0.00298,0.0148,0.98222
30460053,2,2,0.00118,0.00805,0.99077
16230074,2,1,0.17843,0.73238,0.0892
32965114,2,2,0.00728,0.1112,0.88152
39751990,2,2,0.00213,0.00876,0.98911
14658181,0,0,0.96445,0.03354,0.00201
30849304,0,0,0.97438,0.02401,0.00161
14683466,0,0,0.67532,0.28151,0.04317
2333096,2,2,0.00315,0.02344,0.97342
30585053,2,2,0.00272,0.01492,0.98237
3534824,2,2,0.00692,0.05738,0.93569
37814480,2,2,0.0039,0.02686,0.96924
25164025,0,0,0.94672,0.05167,0.00161
39736995,0,0,0.88903,0.10211,0.00885
5843647,0,0,0.88568,0.10914,0.00518
10322349,2,0,0.64727,0.33843,0.0143
12609558,2,0,0.91096,0.0864,0.00264
6426105,2,2,0.00255,0.01707,0.98039
1746526,2,2,0.00395,0.01358,0.98246
26935037,2,1,0.05285,0.89389,0.05326
31191973,2,2,0.00314,0.01046,0.9864
18395560,2,2,0.00573,0.07522,0.91905
21919488,0,0,0.63364,0.33916,0.0272
35836050,1,0,0.56905,0.41959,0.01136
14521842,2,2,0.00364,0.01813,0.97823
13893065,0,0,0.98077,0.01782,0.00141
24877364,2,2,0.00171,0.00918,0.98911
25810644,1,0,0.91354,0.08236,0.0041
1442157,2,2,0.00377,0.0292,0.96703
15567837,1,0,0.6144,0.33274,0.05285
39034956,2,2,0.00156,0.00774,0.9907
27815551,2,2,0.00122,0.00787,0.99092
1762835,2,2,0.00104,0.00695,0.99201
8559121,0,0,0.56009,0.40028,0.03963
21355690,2,2,0.00244,0.01319,0.98437
1387597,2,2,0.00116,0.00505,0.99378
26320249,1,1,0.09079,0.86903,0.04017
35728361,0,0,0.92903,0.06836,0.00261
14825589,2,2,0.00191,0.00939,0.9887
17943932,2,2,0.00533,0.04048,0.95419
34169555,0,1,0.09074,0.85925,0.05001
12871348,2,2,0.00251,0.01533,0.98216
40192815,2,0,0.69408,0.28044,0.02548
8538349,2,2,0.0037,0.06221,0.93409
9340827,2,2,0.00367,0.02537,0.97096
8418452,2,2,0.01099,0.24239,0.74662
13585107,2,2,0.01427,0.32982,0.65592
22955102,2,2,0.00573,0.04607,0.9482
25188016,2,2,0.00348,0.03199,0.96453
11667262,2,2,0.01337,0.02701,0.95962
1765598,2,2,0.00158,0.0087,0.98972
12763949,0,0,0.99005,0.00912,0.00083
28834547,2,2,0.00312,0.01586,0.98102
17414622,2,2,0.00532,0.05632,0.93835
30072881,2,2,0.00214,0.02157,0.9763
17927438,0,0,0.98706,0.01167,0.00127
26873538,1,0,0.58346,0.40415,0.0124
34333944,2,2,0.01493,0.29303,0.69204
33711560,2,2,0.02115,0.05839,0.92047
41180591,2,2,0.00116,0.00751,0.99133
982818,2,2,0.00335,0.03773,0.95892
13901418,2,2,0.00797,0.07138,0.92066
6906732,2,2,0.00252,0.01038,0.98709
33079613,2,2,0.01157,0.03295,0.95548
16231597,1,1,0.05428,0.70946,0.23625
35385926,2,2,0.00441,0.02935,0.96625
16739983,2,2,0.00172,0.01916,0.97911
36659271,2,2,0.00937,0.17278,0.81785
23704471,2,2,0.00144,0.01199,0.98657
17408052,2,2,0.00171,0.01199,0.98631
28330692,2,2,0.05087,0.33429,0.61485
32875476,2,2,0.00301,0.01989,0.9771
36934915,2,2,0.00483,0.0303,0.96487
38575719,2,2,0.0017,0.0147,0.98359
14222517,2,2,0.00216,0.01231,0.98553
25576604,2,2,0.00553,0.03515,0.95932
11514539,2,2,0.00295,0.01202,0.98504
7635946,0,0,0.99257,0.00628,0.00114
28511168,2,2,0.00865,0.10914,0.88222
20147908,2,1,0.07248,0.86418,0.06334
2080573,2,2,0.00232,0.01515,0.98252
34206930,2,2,0.09448,0.25733,0.64819
36771403,0,0,0.99176,0.00717,0.00107
12055717,2,2,0.00197,0.007,0.99103
5908384,2,2,0.00411,0.03628,0.95961
38465645,2,2,0.0012,0.00658,0.99222
21554281,2,2,0.00284,0.01726,0.9799
29309804,2,2,0.00988,0.02108,0.96904
921349,2,2,0.00308,0.01386,0.98306
33688736,2,2,0.00248,0.0125,0.98502
11277848,0,0,0.94352,0.05197,0.00451
30819768,2,2,0.00104,0.00775,0.99121
22663851,2,2,0.00145,0.00494,0.99362
24700741,2,2,0.00368,0.03797,0.95835
19281736,2,1,0.08841,0.80823,0.10336
5617388,2,2,0.01022,0.2896,0.70017
23496826,2,2,0.00672,0.02709,0.96619
12233152,2,2,0.00872,0.0737,0.91758
10814480,0,0,0.99056,0.0084,0.00104
8924450,2,2,0.01283,0.11527,0.8719
29154097,2,2,0.00256,0.02589,0.97155
6523125,2,2,0.02282,0.0798,0.89738
34688493,2,2,0.00189,0.00426,0.99385
10605597,0,0,0.93022,0.05415,0.01563
19951794,0,0,0.99009,0.00817,0.00174
8779448,2,2,0.00195,0.00604,0.99202
35001192,0,1,0.08579,0.73819,0.17602
19814509,2,2,0.02675,0.10115,0.8721
38102881,0,0,0.98807,0.01081,0.00112
21543784,2,2,0.00554,0.01768,0.97678
33591765,2,2,0.00197,0.00954,0.98849
11949566,2,2,0.00459,0.16005,0.83535
15896207,2,2,0.1257,0.42691,0.44739
2938638,2,2,0.00515,0.05916,0.93569
28743526,2,2,0.00142,0.01123,0.98735
37739744,2,2,0.0197,0.05333,0.92698
29397871,2,2,0.00385,0.01013,0.98602
21498569,2,2,0.00282,0.02454,0.97264
17054271,2,2,0.0028,0.01424,0.98295
4622081,2,2,0.00442,0.01119,0.98439
15056070,2,2,0.00122,0.00419,0.99459
5471614,2,2,0.00208,0.01533,0.98258
12535625,2,2,0.00799,0.13828,0.85373
2962757,0,0,0.98419,0.01486,0.00096
9789924,0,0,0.96594,0.0322,0.00186
753821,2,2,0.0017,0.01383,0.98447
27368969,0,0,0.88678,0.10842,0.0048
33256938,2,2,0.022,0.11302,0.86499
14803099,2,2,0.00264,0.01113,0.98623
8479274,2,2,0.02201,0.32978,0.64821
29894358,2,2,0.00379,0.00868,0.98753
37328420,2,2,0.01375,0.19966,0.78659
842805,2,2,0.00461,0.03065,0.96474
14013913,2,2,0.00176,0.01185,0.98639
2793393,2,0,0.89082,0.10639,0.00279
26919399,2,2,0.00298,0.0448,0.95222
16359504,2,2,0.00436,0.00974,0.9859
5295620,2,2,0.00125,0.01097,0.98778
21787175,2,2,0.00131,0.00981,0.98888
26628129,0,1,0.14969,0.63145,0.21886
22698825,2,2,0.00176,0.01162,0.98662
20609980,2,2,0.00168,0.01295,0.98537
26850504,2,2,0.00242,0.00663,0.99096
5994797,2,2,0.00345,0.025,0.97155
15266217,2,2,0.00241,0.01189,0.98571
35181414,2,2,0.01714,0.23108,0.75178
20306675,2,2,0.00125,0.01032,0.98843
9555391,2,2,0.00359,0.0326,0.96382
25730603,2,2,0.00147,0.00768,0.99085
29112993,2,2,0.00169,0.00843,0.98988
3367113,0,0,0.63945,0.34227,0.01828
32884232,2,2,0.00409,0.01077,0.98514
16404696,2,2,0.00482,0.01645,0.97873
11622313,2,2,0.00184,0.01388,0.98428
23906776,2,2,0.00709,0.01913,0.97377
23852,2,2,0.00476,0.04381,0.95143
9690830,2,2,0.00188,0.00762,0.9905
100124,2,2,0.0387,0.0381,0.92319
23452378,0,0,0.98457,0.01455,0.00088
27196560,2,2,0.00734,0.03139,0.96127
20463273,2,2,0.01522,0.05031,0.93447
30518845,0,0,0.80329,0.19229,0.00442
38390389,2,1,0.03041,0.88166,0.08794
18385316,2,2,0.00213,0.00883,0.98904
30295834,2,2,0.0019,0.01631,0.9818
41155900,0,0,0.89417,0.10351,0.00232
38679324,2,0,0.86247,0.12971,0.00782
32347911,2,2,0.00501,0.02602,0.96897
3133934,0,1,0.42875,0.56358,0.00767
20234091,2,2,0.00332,0.01806,0.97862
26148324,2,2,0.00242,0.02044,0.97714
3665030,2,2,0.00302,0.0187,0.97828
29467894,1,2,0.00937,0.06416,0.92646
17273756,0,1,0.28958,0.65769,0.05274
26189461,2,2,0.00207,0.00542,0.99251
23782070,2,2,0.0022,0.00939,0.98841
4062391,2,2,0.00209,0.01279,0.98512
29077673,2,2,0.00116,0.00555,0.99329
17160921,2,2,0.009,0.10165,0.88935
38321862,2,2,0.00194,0.01039,0.98768
14666775,2,2,0.09539,0.35998,0.54463
37354097,2,1,0.02155,0.74216,0.23628
21693027,1,0,0.60228,0.39191,0.00581
20215209,1,1,0.04099,0.91486,0.04415
28893450,2,2,0.00142,0.01097,0.98761
2132156,2,2,0.00156,0.01031,0.98813
33983225,1,0,0.89101,0.10518,0.00382
17504858,2,2,0.00554,0.01895,0.97552
9763696,0,0,0.97457,0.02433,0.00111
4060549,1,1,0.18754,0.70259,0.10987
26430002,2,2,0.006,0.03038,0.96362
11382417,0,1,0.18486,0.71595,0.09919
40662440,1,0,0.75771,0.2329,0.00939
17984858,1,1,0.39116,0.58263,0.02621
5353269,2,2,0.00158,0.01341,0.98502
16791410,2,2,0.00421,0.0139,0.9819
6076755,2,2,0.01119,0.14088,0.84794
38075658,2,2,0.00794,0.143,0.84905
12132409,2,2,0.01479,0.25011,0.73511
21616962,2,2,0.00117,0.01223,0.9866
24506464,2,2,0.00114,0.00827,0.99058
10959243,1,0,0.95554,0.04323,0.00123
34309410,1,0,0.60344,0.33195,0.0646
37249148,2,2,0.00676,0.13569,0.85756
40366887,2,2,0.00229,0.01361,0.9841
5318883,2,2,0.00147,0.00546,0.99307
13211073,2,2,0.00236,0.01533,0.98231
25889413,2,2,0.00164,0.00762,0.99074
34111459,0,1,0.12414,0.63043,0.24544
37428787,0,0,0.96712,0.03152,0.00137
26004011,2,2,0.00107,0.00763,0.9913
6408576,2,2,0.05544,0.27447,0.67009
31073618,2,2,0.00241,0.00969,0.9879
29565187,0,0,0.96018,0.03826,0.00156
18789532,2,2,0.00433,0.04566,0.95
464945,2,2,0.00302,0.01921,0.97777
14707193,2,2,0.01649,0.44579,0.53772
33071533,2,2,0.00183,0.00475,0.99342
9185341,2,2,0.00455,0.01368,0.98177
4857451,2,2,0.00529,0.0181,0.97661
37896137,2,2,0.00596,0.03717,0.95686
17552433,2,2,0.00987,0.12856,0.86156
26509912,2,2,0.01555,0.08054,0.90391
4181773,1,0,0.95433,0.0429,0.00277
5724800,2,2,0.00656,0.0202,0.97324
1727923,2,2,0.00304,0.01112,0.98583
12957282,2,2,0.00558,0.05626,0.93816
17236541,2,2,0.0022,0.02132,0.97647
39984454,2,2,0.00599,0.03215,0.96186
21447090,2,2,0.00109,0.00513,0.99377
18311843,1,1,0.06955,0.47159,0.45887
28348090,2,2,0.0014,0.00706,0.99154
26802861,0,1,0.24051,0.74664,0.01285
21315443,2,2,0.01756,0.22415,0.75829
34072467,2,2,0.03637,0.08932,0.87431
4551851,2,2,0.00455,0.04257,0.95288
14736544,2,2,0.0016,0.01493,0.98347
13999170,2,2,0.00162,0.004,0.99438
39098979,2,2,0.00194,0.00911,0.98895
1093383,2,2,0.00426,0.03154,0.9642
29411454,2,2,0.00133,0.00911,0.98955
33626241,2,2,0.00323,0.0122,0.98457
762069,2,2,0.00374,0.02089,0.97537
9802288,2,2,0.00544,0.03528,0.95927
8263326,2,2,0.00206,0.01184,0.9861
24323838,2,2,0.00166,0.00876,0.98958
23781873,2,2,0.00982,0.06332,0.92685
28176771,2,2,0.0029,0.02598,0.97112
26505467,0,0,0.91107,0.08198,0.00696
28865467,2,2,0.00435,0.02575,0.9699
16807810,2,2,0.00747,0.05861,0.93392
24386609,2,2,0.00209,0.0114,0.98651
34903913,2,2,0.0026,0.02694,0.97045
38325946,2,2,0.01756,0.27569,0.70675
25808415,2,2,0.00317,0.0459,0.95093
33557249,2,2,0.00137,0.01601,0.98263
36747733,2,2,0.00169,0.02162,0.97669
30631449,0,0,0.96935,0.02946,0.00119
40717184,0,0,0.9805,0.0153,0.0042
18502996,2,1,0.05307,0.64152,0.30541
23646926,0,0,0.85424,0.13837,0.00739
17082251,0,0,0.69425,0.29168,0.01407
2545099,2,2,0.00651,0.02751,0.96598
39266469,2,2,0.01611,0.05513,0.92877
4304063,2,2,0.00144,0.00922,0.98934
8793889,0,0,0.51837,0.47198,0.00964
20989552,2,2,0.00411,0.0648,0.93109
36405510,2,2,0.00109,0.00669,0.99222
21500027,0,0,0.98451,0.0146,0.00088
9712704,2,2,0.0091,0.02524,0.96566
4625040,2,2,0.00845,0.20706,0.78449
22346544,2,2,0.00583,0.16897,0.82521
39097995,2,2,0.00159,0.00733,0.99108
23964440,2,2,0.0256,0.37326,0.60114
8624927,2,2,0.01382,0.03998,0.9462
8075640,2,2,0.0021,0.00711,0.99079
2655895,2,2,0.00339,0.01192,0.98469
10198639,2,2,0.02203,0.063,0.91497
6771990,2,2,0.02259,0.18117,0.79624
18403326,2,2,0.01408,0.14188,0.84404
1758486,2,2,0.00392,0.03594,0.96013
11803099,2,2,0.00298,0.02984,0.96718
39335186,2,2,0.00131,0.01223,0.98647
32031442,2,2,0.00782,0.07366,0.91851
29454245,0,0,0.96282,0.03594,0.00124
8863104,2,2,0.00696,0.01451,0.97852
19394915,2,2,0.00701,0.01543,0.97755
13459060,2,1,0.11302,0.7413,0.14569
15688950,0,0,0.99069,0.00847,0.00084
9556441,1,1,0.15137,0.65879,0.18984
10676731,2,2,0.02124,0.47218,0.50658
14731568,0,0,0.75181,0.24218,0.00602
20611042,2,2,0.0014,0.00751,0.99109
25257421,2,2,0.00151,0.0106,0.9879
17460652,2,2,0.00194,0.00969,0.98837
4237876,2,2,0.0032,0.02114,0.97566
22685493,2,2,0.00131,0.00918,0.9895
22378117,2,2,0.00302,0.01699,0.97998
28332075,2,2,0.0013,0.00689,0.99181
34612782,2,2,0.00665,0.01376,0.97959
3756784,0,0,0.99033,0.00799,0.00169
6700418,0,0,0.98644,0.01259,0.00097
25608461,2,2,0.00863,0.05443,0.93694
14429049,2,2,0.01082,0.03777,0.95141
2786472,2,1,0.19038,0.72909,0.08053
35045247,2,2,0.00233,0.01269,0.98498
2564232,0,0,0.98983,0.0093,0.00087
11237908,0,0,0.99089,0.0076,0.00151
34507709,2,2,0.00238,0.00876,0.98887
24095673,0,0,0.84842,0.14458,0.007
110570,2,2,0.00131,0.00775,0.99094
17329074,2,2,0.019,0.42574,0.55526
6056892,1,1,0.04352,0.85729,0.09919
40440681,0,0,0.99265,0.00563,0.00172
8378766,2,0,0.93408,0.06381,0.00211
11645913,2,2,0.00496,0.03591,0.95914
24469353,2,2,0.0043,0.02359,0.97212
22397254,0,0,0.97333,0.02357,0.0031
35151124,0,0,0.69984,0.27621,0.02395
18510546,2,2,0.00212,0.01212,0.98576
19063645,2,2,0.0024,0.01235,0.98524
22025455,2,2,0.00288,0.01719,0.97992
4231735,2,2,0.00241,0.00991,0.98768
26967893,2,2,0.0135,0.47592,0.51058
9095180,2,2,0.00585,0.04023,0.95392
10306181,0,0,0.97153,0.02638,0.00209
22378334,2,2,0.00315,0.03802,0.95883
25116582,2,2,0.02049,0.30106,0.67845
39558559,1,2,0.00599,0.03276,0.96125
26456461,1,1,0.09982,0.87379,0.02639
2397689,2,2,0.09718,0.17056,0.73226
20207417,2,2,0.16602,0.39827,0.43571
27217106,2,2,0.00238,0.00657,0.99104
36098408,0,0,0.97765,0.01899,0.00336
28388622,2,2,0.00497,0.01803,0.977
41098059,0,1,0.31071,0.66814,0.02114
34322265,2,2,0.00637,0.10527,0.88836
23942511,2,2,0.00339,0.02744,0.96917
19015184,2,2,0.00293,0.0168,0.98027
13644611,2,2,0.00113,0.00604,0.99283
20253849,2,2,0.00814,0.01353,0.97833
36775507,0,0,0.98557,0.01352,0.00091
22740038,2,1,0.02356,0.67794,0.29849
33222306,2,2,0.05373,0.24944,0.69683
7116657,2,2,0.00122,0.00551,0.99328
3268111,2,2,0.01074,0.16222,0.82704
20591350,2,2,0.00132,0.00618,0.9925
34074280,0,0,0.96404,0.03379,0.00218
26875531,2,2,0.00136,0.00711,0.99153
20074514,2,2,0.00142,0.00734,0.99124
32968371,1,1,0.05463,0.89201,0.05336
15467115,2,2,0.00237,0.01015,0.98748
10436522,2,0,0.53377,0.43565,0.03059
12891727,2,2,0.00327,0.01686,0.97987
12465926,2,2,0.00895,0.02734,0.96372
34234086,2,2,0.00254,0.02013,0.97734
6206910,2,2,0.00121,0.00887,0.98991
11991384,2,2,0.00485,0.08575,0.9094
5504709,1,0,0.79947,0.19592,0.00461
3231026,2,1,0.06067,0.78071,0.15861
13647300,2,2,0.00289,0.01365,0.98346
26218142,2,2,0.01286,0.09936,0.88777
32622360,2,2,0.00258,0.01864,0.97878
24839762,2,2,0.0026,0.0113,0.9861
18240472,2,2,0.0079,0.03566,0.95644
24149981,2,2,0.00118,0.00853,0.99029
27492463,2,2,0.00184,0.01522,0.98294
27430550,2,2,0.01285,0.16669,0.82046
354512,2,2,0.00147,0.00717,0.99137
17870727,2,2,0.00446,0.0319,0.96364
24496244,2,1,0.05158,0.6186,0.32982
35421863,2,2,0.19115,0.32074,0.48811
27587778,2,2,0.01167,0.13119,0.85714
30965955,2,2,0.00323,0.01239,0.98438
30142957,2,2,0.00233,0.0125,0.98517
18498915,2,2,0.00313,0.02894,0.96793
38647495,2,2,0.00196,0.01393,0.98411
38045081,2,2,0.00234,0.02288,0.97478
32964503,1,0,0.54687,0.4259,0.02723
29521903,2,2,0.00191,0.01063,0.98746
24523446,2,2,0.00825,0.03772,0.95402
31756177,2,2,0.02168,0.17118,0.80714
35684194,2,2,0.00576,0.01035,0.98389
8025200,0,0,0.97088,0.028,0.00112
17095547,2,2,0.0144,0.02247,0.96313
21600059,2,2,0.00179,0.01063,0.98758
4835672,2,2,0.00987,0.12856,0.86156
25104282,2,2,0.00153,0.01043,0.98803
39918988,2,1,0.26062,0.72524,0.01414
30239168,2,2,0.00261,0.00983,0.98756
20694958,1,1,0.09608,0.71834,0.18557
7389991,2,2,0.00203,0.01039,0.98758
24846137,2,2,0.0028,0.01719,0.98001
27129134,2,2,0.01352,0.08224,0.90424
19294288,2,2,0.00232,0.01636,0.98131
38954108,2,2,0.00552,0.02242,0.97207
22074617,2,2,0.00118,0.01081,0.98802
18942094,2,2,0.00362,0.05245,0.94392
13538596,0,1,0.05717,0.90842,0.03441
181091,2,2,0.00424,0.03546,0.9603
12129883,2,2,0.06712,0.09901,0.83387
6726052,2,2,0.01739,0.14475,0.83786
23241667,2,2,0.04043,0.12182,0.83776
14403579,0,1,0.33905,0.6434,0.01755
4347636,2,2,0.09098,0.10761,0.80141
27181878,2,2,0.00742,0.16117,0.8314
30085051,2,2,0.00505,0.06213,0.93282
5652331,2,2,0.00317,0.01549,0.98133
31483976,0,0,0.95992,0.03234,0.00774
31695863,2,2,0.00114,0.00633,0.99252
5169623,0,1,0.03887,0.83105,0.13009
32035671,2,2,0.0014,0.00799,0.99061
28170588,2,2,0.00185,0.0085,0.98965
21372386,0,0,0.98875,0.01004,0.00121
34883360,1,1,0.06536,0.81835,0.11629
10190509,2,2,0.00534,0.05421,0.94045
8989654,2,2,0.00289,0.01424,0.98287
10592307,0,1,0.3355,0.39147,0.27303
35827975,0,2,0.12784,0.15633,0.71583
28634860,2,0,0.44599,0.31967,0.23433
4298852,2,2,0.00264,0.01324,0.98412
30999391,0,0,0.83031,0.15785,0.01184
22002269,1,1,0.03948,0.89516,0.06535
24824505,2,2,0.00137,0.00981,0.98882
36826986,2,2,0.00864,0.08213,0.90923
8108124,2,2,0.00191,0.00932,0.98877
36293121,2,2,0.00114,0.00674,0.99212
34620274,2,2,0.42711,0.13309,0.4398
107593,2,2,0.00545,0.0773,0.91724
34386357,2,2,0.01837,0.12366,0.85797
30786925,2,2,0.00185,0.02707,0.97109
13899597,2,2,0.03541,0.39746,0.56712
36086631,2,2,0.00213,0.01023,0.98765
15878207,2,2,0.0012,0.00805,0.99075
9821282,2,2,0.00613,0.06938,0.92448
22562027,2,2,0.01026,0.09458,0.89516
13010558,2,2,0.00149,0.00568,0.99283
22328296,2,2,0.00147,0.00768,0.99085
7111492,2,2,0.00252,0.01122,0.98626
14087575,2,2,0.00335,0.02379,0.97286
7558098,2,2,0.00096,0.00669,0.99235
18202111,1,1,0.03524,0.8211,0.14366
2770066,2,2,0.00422,0.02517,0.97061
31447210,2,2,0.01176,0.17628,0.81195
35393574,0,0,0.93546,0.06267,0.00186
6386406,2,2,0.00359,0.03272,0.96369
27345462,2,2,0.00471,0.02376,0.97153
13750520,0,0,0.76984,0.22579,0.00437
8795368,2,2,0.00548,0.02937,0.96515
17819355,2,2,0.00281,0.01329,0.98391
22109948,2,2,0.0014,0.0078,0.9908
824836,2,2,0.00171,0.00768,0.9906
5019391,2,2,0.00233,0.01366,0.98401
18391110,2,2,0.06844,0.34489,0.58667
11645268,2,2,0.00679,0.04658,0.94663
35825089,0,0,0.97991,0.01859,0.0015
40971554,2,2,0.0032,0.02163,0.97517
19453675,2,2,0.00477,0.01228,0.98295
697534,0,0,0.89215,0.10408,0.00376
13419014,0,2,0.05033,0.04709,0.90258
1168143,2,2,0.01079,0.15854,0.83067
5507395,2,2,0.00399,0.04909,0.94691
27877015,2,2,0.00171,0.00962,0.98867
38507889,2,2,0.00165,0.0127,0.98565
24026055,1,1,0.03002,0.85711,0.11287
29254273,2,2,0.00583,0.01377,0.9804
22715443,1,2,0.07929,0.23034,0.69036
8872429,2,2,0.00491,0.01511,0.97998
39126784,2,2,0.00218,0.01481,0.98301
12059863,2,2,0.00229,0.01392,0.98379
9171214,2,2,0.00118,0.00763,0.99119
13101913,0,0,0.99297,0.00505,0.00198
10057632,2,2,0.0023,0.00883,0.98887
24946408,2,2,0.18981,0.2684,0.54179
18075426,2,2,0.00171,0.0087,0.98959
5763533,2,2,0.00168,0.00932,0.98899
37982437,0,0,0.99105,0.00766,0.00129
36800016,2,2,0.0066,0.02901,0.96439
10012813,1,1,0.12266,0.83031,0.04703
22715438,2,2,0.00241,0.00946,0.98813
33369142,2,2,0.00203,0.01171,0.98626
33235563,2,2,0.00305,0.00946,0.9875
2893810,2,2,0.00165,0.01505,0.9833
28273513,2,2,0.00151,0.00904,0.98945
37589506,2,2,0.00234,0.00804,0.98962
2643919,2,2,0.0009,0.00828,0.99082
37254283,2,2,0.01906,0.27682,0.70412
41421312,0,0,0.84409,0.15134,0.00457
33927544,0,0,0.9402,0.05365,0.00614
37105085,2,2,0.01003,0.02913,0.96084
28730855,1,0,0.50361,0.48812,0.00827
5021584,2,2,0.00125,0.01432,0.98443
21795093,0,0,0.89581,0.09469,0.0095
19520461,2,2,0.00192,0.01909,0.97899
17958981,2,1,0.03361,0.50959,0.4568
25778242,2,2,0.00298,0.01457,0.98244
33921740,2,2,0.00132,0.00648,0.9922
19164158,2,2,0.00198,0.02072,0.9773
21858985,2,2,0.00401,0.02908,0.9669
32711130,2,2,0.00259,0.01475,0.98266
9503053,2,2,0.00104,0.00734,0.99162
12039001,2,2,0.00951,0.10772,0.88277
24617391,2,2,0.00179,0.01255,0.98566
8912359,2,2,0.00437,0.03808,0.95755
39504941,2,2,0.00279,0.0176,0.97961
1816127,0,1,0.18456,0.44188,0.37356
22155096,2,2,0.00402,0.0121,0.98388
11763640,1,0,0.63442,0.35588,0.00971
4612555,0,0,0.99166,0.00714,0.0012
19000679,2,2,0.00135,0.00958,0.98906
29556430,2,2,0.00634,0.03837,0.9553
17964673,2,2,0.11809,0.34642,0.53549
27546182,2,2,0.00111,0.00609,0.9928
11914877,2,2,0.00248,0.01063,0.98689
3549093,1,0,0.66825,0.31077,0.02098
23944515,0,0,0.97034,0.02689,0.00277
18795854,2,2,0.00174,0.00599,0.99226
2801242,2,2,0.00464,0.03916,0.9562
36076742,2,2,0.00304,0.01268,0.98428
23685514,2,2,0.00199,0.01289,0.98511
29777221,0,1,0.10418,0.8558,0.04003
16663087,2,2,0.00247,0.01452,0.983
15185422,2,2,0.00216,0.01203,0.98582
15679312,2,2,0.00109,0.00874,0.99018
6248270,2,2,0.00325,0.02299,0.97376
30107084,0,0,0.98954,0.0094,0.00105
18172845,2,2,0.00202,0.01335,0.98463
35928887,2,2,0.00592,0.04392,0.95016
17543237,2,2,0.00542,0.03906,0.95552
13533265,2,2,0.0066,0.07341,0.91999
18590726,2,1,0.1268,0.57723,0.29597
38243863,2,2,0.04542,0.11089,0.8437
15412314,2,2,0.00255,0.01469,0.98276
16802678,2,2,0.00159,0.00648,0.99193
32570390,2,2,0.007,0.0905,0.9025
20839643,2,2,0.00387,0.01905,0.97708
12236414,2,1,0.01969,0.63679,0.34352
26442236,2,2,0.00291,0.02525,0.97184
31037462,2,2,0.00194,0.00925,0.98881
35580603,2,2,0.00124,0.00623,0.99253
32568365,2,2,0.00281,0.01381,0.98338
10546930,2,1,0.0245,0.75627,0.21923
26501309,2,2,0.00374,0.02272,0.97354
2742400,1,2,0.01527,0.39371,0.59103
10573772,2,2,0.00521,0.04718,0.94761
9745079,2,2,0.00135,0.01295,0.9857
29832684,2,2,0.00122,0.00648,0.9923
33302778,2,2,0.00297,0.04936,0.94767
5600523,2,2,0.00104,0.01098,0.98799
289847,2,2,0.02889,0.07931,0.8918
24721456,2,2,0.01409,0.05074,0.93517
10129515,2,2,0.07429,0.15758,0.76812
6624432,2,0,0.60995,0.32268,0.06737
17786446,1,1,0.32871,0.64107,0.03022
30640601,2,2,0.00785,0.15285,0.8393
10482145,2,2,0.0042,0.04495,0.95085
41550204,2,2,0.00336,0.0213,0.97535
15632554,1,2,0.01238,0.14621,0.8414
26536495,0,0,0.98368,0.0152,0.00112
25450081,2,1,0.03463,0.51282,0.45256
23987024,2,2,0.01227,0.4192,0.56853
11644119,0,1,0.20761,0.77135,0.02104
40681720,2,2,0.00442,0.02695,0.96864
30798761,2,2,0.00171,0.00745,0.99084
3859470,2,2,0.00562,0.04954,0.94484
763350,2,2,0.00281,0.0107,0.98648
32500958,0,0,0.69724,0.28503,0.01773
11106174,0,0,0.95691,0.04103,0.00206
35670778,2,0,0.69633,0.29716,0.00651
30353996,0,0,0.9926,0.00577,0.00164
38077498,2,2,0.00101,0.00706,0.99193
10785314,2,2,0.00238,0.02075,0.97686
40562450,0,0,0.98167,0.01574,0.00259
37798216,2,2,0.01451,0.40142,0.58407
35581010,2,2,0.0024,0.01226,0.98534
21233896,2,2,0.00149,0.00595,0.99256
37513863,2,2,0.00237,0.02826,0.96937
7436918,2,2,0.04667,0.13898,0.81435
32084317,2,2,0.00227,0.00961,0.98812
20641112,0,0,0.97212,0.02588,0.002
36846306,2,2,0.01909,0.48088,0.50003
7325289,2,2,0.00208,0.01527,0.98264
34654715,0,0,0.98178,0.01716,0.00106
3034084,2,2,0.00678,0.18469,0.80853
16951492,2,2,0.16607,0.38688,0.44704
29645287,0,0,0.99247,0.00623,0.0013
33156202,2,2,0.00319,0.00882,0.98799
41103130,0,0,0.97703,0.02146,0.00152
35810880,2,2,0.00163,0.00969,0.98867
6525059,0,0,0.98245,0.01645,0.0011
25372571,2,2,0.0014,0.00915,0.98945
39581323,2,2,0.04307,0.13782,0.8191
7262518,2,2,0.00601,0.02892,0.96507
34911897,2,2,0.00297,0.02051,0.97653
39832558,2,2,0.00177,0.00897,0.98926
17111571,2,2,0.00919,0.20184,0.78898
14549155,2,2,0.00184,0.02931,0.96884
25118340,2,1,0.21995,0.65666,0.12338
30739336,2,2,0.00182,0.00876,0.98941
23807479,0,1,0.04028,0.86809,0.09163
26336267,2,2,0.00112,0.01281,0.98607
24512423,0,0,0.87732,0.12013,0.00254
31702023,0,0,0.82375,0.17267,0.00358
11753619,2,2,0.00234,0.02245,0.97521
15216540,2,2,0.00099,0.00751,0.9915
16238159,2,2,0.00958,0.27019,0.72024
37013255,0,0,0.92564,0.0666,0.00776
16155895,2,2,0.00281,0.01259,0.9846
26190093,2,2,0.0559,0.36165,0.58245
33401264,2,2,0.01169,0.15556,0.83275
39892224,1,1,0.15889,0.7975,0.04361
13199922,2,2,0.00585,0.04023,0.95392
8173467,2,2,0.00345,0.0099,0.98665
26542505,0,0,0.98914,0.00993,0.00093
23829668,2,2,0.02312,0.40346,0.57343
25428601,2,2,0.12957,0.26898,0.60145
20674022,2,2,0.00585,0.04023,0.95392
11623384,0,0,0.88688,0.10759,0.00553
21101753,2,2,0.00322,0.04757,0.94922
19158512,2,2,0.00218,0.01481,0.98301
3660081,2,1,0.04116,0.72385,0.235
16667120,2,2,0.00352,0.06634,0.93015
14171592,2,2,0.00249,0.00798,0.98953
22161732,0,0,0.96471,0.03279,0.00251
15394877,2,2,0.00195,0.01734,0.9807
1243705,2,2,0.00195,0.01823,0.97982
39124002,2,2,0.00411,0.03648,0.95941
13049915,2,2,0.00403,0.03904,0.95693
8373891,2,2,0.00272,0.01446,0.98282
29002518,2,2,0.00125,0.00844,0.99031
12190412,2,2,0.00665,0.10879,0.88456
9434678,2,2,0.00196,0.01387,0.98416
7680712,2,2,0.003,0.00983,0.98717
18174918,2,2,0.00213,0.01023,0.98765
28433542,2,2,0.00203,0.00984,0.98813
25092987,2,2,0.0045,0.02305,0.97245
32036390,2,1,0.05168,0.73032,0.218
19337176,2,2,0.00156,0.00757,0.99087
40789202,2,2,0.00313,0.01429,0.98258
31059559,0,0,0.87431,0.12304,0.00266
20158666,2,2,0.00292,0.01907,0.97801
22130447,0,0,0.97968,0.01851,0.0018
29587983,0,0,0.97371,0.02474,0.00156
20416149,2,2,0.00129,0.0128,0.98591
40949937,2,2,0.00564,0.0613,0.93306
13775416,2,2,0.00599,0.1055,0.88852
18441307,2,0,0.5941,0.39576,0.01014
16469127,2,2,0.05361,0.0777,0.86868
23658720,0,0,0.76703,0.22497,0.008
31273458,2,2,0.00567,0.05605,0.93829
39873325,2,2,0.00146,0.00925,0.98928
21776949,1,1,0.0505,0.86426,0.08524
25481020,0,0,0.98753,0.01114,0.00133
9619149,2,2,0.00548,0.04289,0.95163
35222061,2,2,0.0026,0.0113,0.9861
22310694,2,2,0.00133,0.01351,0.98516
18678552,2,2,0.00147,0.00663,0.9919
24352684,0,0,0.98983,0.00908,0.00109
22209752,2,2,0.00287,0.03785,0.95928
41233777,2,2,0.01165,0.02595,0.9624
40037106,2,2,0.00391,0.02451,0.97158
37020962,2,2,0.02014,0.26428,0.71558
35882882,2,2,0.00397,0.02537,0.97067
25806821,2,2,0.00226,0.01038,0.98735
10256522,2,2,0.00429,0.15239,0.84332
14287914,2,2,0.00114,0.00717,0.99169
21717804,2,2,0.00341,0.0213,0.97529
39720890,1,1,0.41678,0.50274,0.08048
20927013,2,2,0.00434,0.01257,0.98309
10726547,1,2,0.0255,0.19944,0.77506
33951260,0,0,0.92562,0.06794,0.00643
37380245,2,2,0.00187,0.01388,0.98425
14470311,0,0,0.98052,0.01876,0.00072
13861915,0,0,0.89744,0.1003,0.00226
28387607,2,1,0.06471,0.80706,0.12823
26170867,2,2,0.00582,0.03061,0.96357
34387510,0,1,0.32487,0.6614,0.01373
4277709,2,2,0.03683,0.02444,0.93874
116166,2,2,0.00152,0.00599,0.99249
9351596,2,2,0.00263,0.01527,0.9821
3896504,2,2,0.00131,0.01106,0.98763
7810367,2,2,0.00661,0.01245,0.98095
18750676,2,2,0.00104,0.00996,0.989
27564001,2,1,0.2329,0.39928,0.36783
3164268,2,0,0.62851,0.34575,0.02574
28759697,2,2,0.01708,0.23948,0.74344
15672061,2,2,0.00139,0.01676,0.98185
35364352,2,2,0.01714,0.23108,0.75178
26256824,2,2,0.00234,0.00774,0.98992
14832293,0,0,0.98937,0.0094,0.00123
16027417,2,1,0.08519,0.82743,0.08738
36714225,0,0,0.8885,0.10863,0.00287
34033035,1,1,0.04984,0.79192,0.15824
32942975,2,2,0.00213,0.0083,0.98957
14420032,2,2,0.00184,0.03033,0.96783
12164301,0,0,0.65288,0.33871,0.00841
26443544,0,0,0.92842,0.06939,0.0022
33774564,2,2,0.00151,0.00799,0.9905
2776309,2,2,0.01211,0.17793,0.80997
34844014,2,2,0.02773,0.10948,0.86279
21599055,0,1,0.13262,0.81878,0.0486
12769169,2,2,0.00233,0.01055,0.98712
16334250,1,2,0.04307,0.13782,0.8191
14440025,2,2,0.00312,0.04738,0.94951
17027846,2,2,0.06493,0.13167,0.80341
33344482,2,2,0.00218,0.01481,0.98301
37696441,0,0,0.90457,0.09277,0.00266
6068590,1,1,0.10647,0.8657,0.02783
23116027,2,2,0.01352,0.22507,0.76141
13462793,2,2,0.0088,0.03577,0.95543
825548,2,2,0.02259,0.14921,0.82819
23160220,2,2,0.03854,0.46947,0.492
37565986,1,1,0.33132,0.62384,0.04484
5795124,2,2,0.00212,0.02987,0.96802
31670682,2,1,0.0712,0.91171,0.01709
22090229,2,2,0.00171,0.00863,0.98966
17783496,2,0,0.80391,0.18946,0.00664
40704271,2,2,0.0035,0.02651,0.96999
20825375,2,2,0.00851,0.09614,0.89536
22794392,0,0,0.71042,0.12394,0.16564
10907769,2,2,0.00203,0.01055,0.98742
7013362,2,2,0.00319,0.01014,0.98667
3799667,2,2,0.01209,0.29066,0.69725
15729623,2,2,0.00136,0.00614,0.9925
8688306,2,2,0.03232,0.22045,0.74723
14540902,2,2,0.00213,0.02207,0.9758
15747329,2,2,0.00286,0.0103,0.98684
13029585,2,2,0.01043,0.23545,0.75412
38277253,2,2,0.00987,0.12856,0.86156
26839970,2,2,0.00144,0.0087,0.98986
40601520,2,0,0.81816,0.1411,0.04073
21713823,0,0,0.90826,0.06936,0.02239
29308778,2,2,0.00393,0.04953,0.94654
4042013,0,0,0.78713,0.16669,0.04618
18042875,2,2,0.04176,0.07924,0.879
284705,0,0,0.98174,0.01683,0.00143
14200284,0,0,0.96641,0.03172,0.00187
5547149,2,1,0.01827,0.58184,0.39989
17293181,2,2,0.0024,0.02842,0.96918
15761228,0,0,0.89213,0.10368,0.0042
11033910,2,2,0.00336,0.07852,0.91812
3006550,2,2,0.00283,0.02059,0.97658
29113728,2,2,0.00179,0.00911,0.9891
8407861,2,2,0.00394,0.01771,0.97835
26638783,2,2,0.00614,0.03888,0.95498
23384357,2,2,0.00174,0.00559,0.99267
24748167,2,1,0.07889,0.57841,0.3427
32141685,2,2,0.01221,0.06236,0.92543
25932915,2,0,0.96089,0.03366,0.00545
15691927,0,0,0.97306,0.02133,0.00561
36737320,2,2,0.00538,0.01619,0.97843
31171647,0,0,0.99059,0.00805,0.00136
2625019,2,2,0.0012,0.0053,0.9935
41526716,2,2,0.00255,0.02974,0.96771
20995018,2,2,0.00492,0.05764,0.93744
37527845,2,2,0.01348,0.07772,0.9088
24989910,2,2,0.00223,0.01063,0.98714
39268283,2,0,0.69045,0.30164,0.00791
12392149,0,2,0.03611,0.06826,0.89563
30197929,2,2,0.00767,0.0341,0.95824
10692503,2,1,0.06067,0.78071,0.15861
7934207,2,2,0.00547,0.01546,0.97907
12849481,0,0,0.99241,0.00648,0.00111
20029012,2,2,0.00728,0.08239,0.91033
28300716,2,2,0.00188,0.00999,0.98813
10266943,2,2,0.00681,0.04331,0.94987
1506021,2,2,0.00688,0.07817,0.91495
29973094,0,0,0.99181,0.00679,0.0014
32393009,2,2,0.00376,0.01597,0.98027
16392053,2,2,0.00602,0.05773,0.93625
21141211,0,0,0.86658,0.13083,0.00259
20868502,0,0,0.94071,0.05233,0.00696
610570,2,2,0.00737,0.02749,0.96514
51098,1,1,0.15246,0.79029,0.05725
34126630,2,2,0.0021,0.00925,0.98866
1242523,2,1,0.02448,0.76155,0.21397
19830914,2,2,0.00511,0.0355,0.95939
22473569,0,0,0.89656,0.09942,0.00402
37353929,2,2,0.00145,0.0059,0.99265
37952759,2,2,0.00596,0.03717,0.95686
35375692,2,1,0.16935,0.78,0.05065
25261124,2,2,0.00203,0.01185,0.98613
9126510,0,0,0.9511,0.04754,0.00136
18012082,2,2,0.00368,0.02212,0.9742
698016,2,2,0.00299,0.0424,0.95461
33333563,2,2,0.00173,0.01158,0.98669
20453330,2,2,0.00244,0.01245,0.98511
35099942,2,2,0.00312,0.03046,0.96641
14145975,2,2,0.00364,0.01827,0.97809
5008229,2,2,0.0015,0.0182,0.9803
22621973,0,0,0.96773,0.03093,0.00135
24170482,2,1,0.0546,0.59625,0.34915
37023847,2,2,0.02807,0.15808,0.81385
7862069,2,2,0.00119,0.01114,0.98766
35140611,2,2,0.00249,0.0103,0.98721
13271467,2,2,0.02237,0.43556,0.54206
20489722,2,1,0.01589,0.55135,0.43276
41421300,0,0,0.94133,0.0541,0.00457
33974342,2,2,0.00138,0.00679,0.99183
6056396,2,2,0.00233,0.04319,0.95448
17418304,2,2,0.0015,0.01534,0.98316
5506490,2,0,0.73867,0.20392,0.05741
24726905,2,2,0.00191,0.00962,0.98848
5202714,2,2,0.00389,0.0436,0.95251
5869101,1,0,0.97728,0.0213,0.00142
30939724,2,2,0.00256,0.01193,0.98551
798064,2,2,0.00967,0.09212,0.89821
37349056,2,2,0.00256,0.01139,0.98605
667093,2,2,0.00284,0.01787,0.9793
12362109,0,0,0.99182,0.00706,0.00113
34239966,2,2,0.01409,0.05074,0.93517
20412525,2,2,0.00288,0.01944,0.97768
27872969,2,2,0.00136,0.0182,0.98043
18103322,2,1,0.04055,0.8737,0.08575
25873092,2,2,0.00545,0.14675,0.8478
36911782,2,2,0.00157,0.0187,0.97974
26469956,1,1,0.31241,0.66396,0.02362
7524316,0,0,0.8756,0.1111,0.0133
36066089,2,2,0.01743,0.06747,0.91511
7020748,0,1,0.43838,0.53293,0.02869
32147405,0,1,0.30065,0.67225,0.0271
20063031,2,2,0.00179,0.00969,0.98852
13894146,0,0,0.98404,0.0146,0.00137
25074956,2,2,0.00223,0.01139,0.98638
24680086,2,2,0.00149,0.00643,0.99208
39906638,2,2,0.0083,0.07582,0.91588
30335984,1,1,0.12981,0.81923,0.05096
31094846,2,2,0.00454,0.05927,0.93619
27340584,2,2,0.00611,0.02924,0.96465
23678987,1,1,0.13411,0.6311,0.23479
8247735,2,2,0.00789,0.18684,0.80527
188023,2,2,0.00422,0.02517,0.97061
16902116,2,1,0.10223,0.83779,0.05998
38394915,1,1,0.28059,0.37813,0.34128
20283009,2,2,0.00358,0.01988,0.97655
17397586,2,2,0.00215,0.02827,0.96958
32998132,2,2,0.02357,0.0852,0.89124
24461040,0,1,0.037,0.69805,0.26495
23986000,2,2,0.00641,0.02679,0.9668
23764991,2,2,0.0013,0.00563,0.99307
17889284,2,2,0.00275,0.01842,0.97883
16131741,2,1,0.22573,0.73727,0.03699
36640009,2,2,0.01816,0.28967,0.69217
25697406,2,2,0.00191,0.01011,0.98798
34351012,2,2,0.01701,0.03216,0.95083
32402350,2,2,0.0024,0.01324,0.98436
4739270,2,2,0.00473,0.14932,0.84595
31206431,2,2,0.00275,0.03366,0.9636
32067987,2,2,0.00138,0.00684,0.99178
18782139,2,1,0.02915,0.48922,0.48163
15177226,2,2,0.0014,0.00563,0.99296
11091297,2,2,0.00227,0.02314,0.97459
13834160,2,2,0.00796,0.02002,0.97202
1151862,2,2,0.00645,0.02067,0.97288
5362134,2,1,0.0384,0.86034,0.10126
36013027,0,0,0.99336,0.00538,0.00126
32159309,0,1,0.37232,0.59963,0.02805
11377134,2,2,0.00215,0.01382,0.98403
4236485,2,2,0.00367,0.02576,0.97057
39628402,2,2,0.04717,0.15501,0.79782
9698300,2,2,0.00185,0.00876,0.98939
10585064,0,0,0.52134,0.47099,0.00767
26132936,2,2,0.00206,0.01101,0.98693
16227407,0,0,0.90395,0.09343,0.00262
13299673,0,0,0.52201,0.46429,0.0137
31660657,1,0,0.95059,0.04817,0.00124
14993091,0,0,0.99291,0.00529,0.0018
8386257,2,2,0.06601,0.28785,0.64614
34740326,2,2,0.00135,0.01114,0.98751
3494887,2,2,0.01538,0.13806,0.84655
36905723,2,2,0.00878,0.1095,0.88172
35255101,0,0,0.98156,0.01746,0.00098
4128069,2,2,0.00106,0.00648,0.99246
36900939,2,2,0.00253,0.02181,0.97566
26691594,1,1,0.20243,0.76996,0.02761
22379642,2,2,0.01217,0.1079,0.87993
5639817,2,2,0.0032,0.00755,0.98925
9887696,2,2,0.00308,0.01249,0.98443
29008476,2,2,0.01202,0.03344,0.95455
29671053,2,2,0.00134,0.00628,0.99238
34518450,2,2,0.00197,0.00843,0.9896
33385960,0,1,0.19569,0.7179,0.08641
24747843,1,0,0.9419,0.05701,0.00109
28200436,2,2,0.02308,0.03331,0.94361
17410440,2,2,0.00204,0.00711,0.99086
11974952,2,2,0.00404,0.02178,0.97418
26347139,2,2,0.00156,0.00653,0.99191
12362849,2,2,0.00246,0.05186,0.94568
23435393,0,0,0.99016,0.00847,0.00138
17321518,2,2,0.00162,0.01902,0.97936
36459076,0,0,0.99155,0.0074,0.00106
10455945,2,2,0.06922,0.14174,0.78904
9152649,2,2,0.00326,0.01884,0.97789
10989312,2,2,0.00229,0.02964,0.96807
16345037,2,2,0.01195,0.27726,0.71079
11673566,1,1,0.31988,0.6615,0.01862
14379312,1,1,0.1286,0.84101,0.0304
27031994,2,1,0.18596,0.65192,0.16212
4091180,2,2,0.00125,0.01494,0.98382
19646903,2,2,0.00237,0.03999,0.95763
13418107,2,2,0.0031,0.00797,0.98893
27638100,2,2,0.00249,0.0081,0.9894
40193418,0,2,0.00333,0.03011,0.96656
23441043,2,2,0.00217,0.007,0.99084
19461474,2,2,0.00379,0.02396,0.97225
848663,2,2,0.00134,0.00706,0.99161
31174630,2,2,0.00095,0.00542,0.99363
27749644,2,2,0.0011,0.01443,0.98447
18265287,2,2,0.00144,0.00805,0.99051
18067423,2,2,0.00221,0.01761,0.98018
10397798,0,0,0.95492,0.04329,0.00179
15570801,2,2,0.01708,0.23948,0.74344
22024963,2,2,0.00689,0.01693,0.97618
24889745,0,0,0.83358,0.15909,0.00733
28198256,2,2,0.00206,0.00969,0.98825
25956293,0,0,0.60763,0.35443,0.03794
14501168,1,1,0.10235,0.86414,0.03351
37165541,2,2,0.00511,0.0357,0.95919
11035080,2,2,0.00289,0.01424,0.98287
27728032,2,2,0.00234,0.05528,0.94238
16791244,2,2,0.00118,0.00684,0.99198
25573042,2,2,0.00169,0.00711,0.9912
37537340,2,2,0.00481,0.02031,0.97488
17669225,2,2,0.00231,0.03487,0.96282
28607488,2,2,0.00281,0.01269,0.9845
37377729,2,2,0.00217,0.00711,0.99073
22862152,2,2,0.00383,0.01501,0.98116
29274748,1,2,0.00356,0.04097,0.95548
21000945,2,2,0.0021,0.02359,0.97431
3814078,2,2,0.00216,0.00849,0.98934
29383002,2,2,0.00223,0.01113,0.98664
6033601,2,2,0.01937,0.09677,0.88385
14580459,2,2,0.00111,0.00564,0.99325
41388581,0,0,0.9875,0.01145,0.00105
27352021,0,0,0.80096,0.19628,0.00276
35730373,2,2,0.00794,0.05945,0.93261
20191025,2,2,0.30968,0.27032,0.41999
4554619,0,1,0.06883,0.81276,0.11841
38364766,0,0,0.92918,0.06731,0.00351
15043459,2,2,0.00285,0.01509,0.98207
1793149,2,2,0.00611,0.02816,0.96573
6646020,2,2,0.00208,0.01788,0.98004
32074066,0,0,0.98789,0.01106,0.00105
20090484,2,2,0.01058,0.14918,0.84024
15020624,2,2,0.00188,0.01084,0.98728
20074847,2,2,0.00177,0.00843,0.9898
30068922,2,2,0.00814,0.09424,0.89762
23628862,2,1,0.24704,0.72609,0.02686
37545771,2,2,0.00983,0.17158,0.81858
2881185,1,1,0.015,0.6328,0.3522
27482916,2,2,0.02542,0.28201,0.69256
17308154,0,0,0.96125,0.03444,0.00431
8906971,2,2,0.00149,0.00751,0.991
21534043,2,1,0.05428,0.70389,0.24184
35744619,2,2,0.01186,0.03077,0.95736
8562108,2,2,0.01714,0.23108,0.75178
24414555,2,2,0.01042,0.16174,0.82784
8762326,2,2,0.00621,0.02731,0.96648
27987571,0,1,0.31828,0.66334,0.01838
36683634,0,1,0.48742,0.4951,0.01748
11311516,2,2,0.00344,0.01333,0.98323
2287510,2,2,0.0056,0.05242,0.94198
27467816,0,0,0.98684,0.01176,0.00139
20063606,2,2,0.00627,0.03351,0.96022
1521830,0,1,0.07394,0.78257,0.14349
13353705,2,2,0.00433,0.01536,0.98031
27551852,0,0,0.97436,0.02418,0.00146
18900462,2,2,0.00393,0.03377,0.96229
13377404,2,2,0.00164,0.00799,0.99038
14897525,2,2,0.00134,0.00559,0.99307
36190033,0,0,0.95247,0.04596,0.00157
19113860,2,2,0.00323,0.0138,0.98297
33294770,2,2,0.00585,0.04023,0.95392
26288327,1,2,0.00536,0.03562,0.95902
14170283,0,0,0.97434,0.02424,0.00142
16799127,2,2,0.00133,0.00901,0.98966
14971794,2,1,0.03286,0.77165,0.19549
23764330,0,0,0.94423,0.04941,0.00636
33648103,0,0,0.95648,0.04103,0.00248
12066052,2,1,0.39046,0.5193,0.09024
36833397,0,0,0.98326,0.01441,0.00233
11094978,2,2,0.00159,0.00648,0.99193
40779982,2,2,0.00153,0.01097,0.9875
31672936,2,2,0.00216,0.00849,0.98934
39755172,2,2,0.0025,0.02028,0.97722
18468427,0,0,0.98641,0.01204,0.00155
36094654,2,2,0.00109,0.00429,0.99461
16566747,2,2,0.06065,0.24797,0.69138
39938828,0,0,0.97626,0.01229,0.01145
10574729,2,2,0.00384,0.05618,0.93998
14377969,0,0,0.99183,0.00653,0.00164
14385263,2,2,0.00203,0.00869,0.98927
23503266,2,2,0.01337,0.09255,0.89408
34581568,0,0,0.97792,0.02054,0.00154
13509925,2,2,0.00972,0.34,0.65027
15879355,2,2,0.00222,0.01203,0.98575
38137913,2,1,0.03402,0.49996,0.46602
34585241,1,2,0.00431,0.03593,0.95976
32855899,1,0,0.77592,0.21715,0.00693
14921769,1,1,0.06067,0.78071,0.15861
4852300,0,0,0.9753,0.02323,0.00147
14092674,2,2,0.00158,0.01185,0.98657
19538653,0,0,0.99165,0.00679,0.00156
29007535,2,2,0.05752,0.27386,0.66862
28619321,1,0,0.81005,0.18648,0.00347
5184541,2,2,0.00217,0.02332,0.97451
1153227,2,2,0.00174,0.00856,0.9897
22616230,2,2,0.00309,0.04263,0.95428
33445557,0,0,0.66623,0.3247,0.00907
23082144,2,2,0.00164,0.00572,0.99264
21996042,2,2,0.00364,0.01862,0.97774
38945317,0,0,0.7604,0.21786,0.02174
33157806,2,2,0.01779,0.04835,0.93387
19164605,2,2,0.02205,0.38186,0.59608
10235554,2,1,0.10448,0.80277,0.09275
28264548,2,2,0.00184,0.01619,0.98198
20389393,2,2,0.00283,0.03578,0.96139
1995788,2,2,0.00171,0.00756,0.99072
39441855,0,0,0.50934,0.46739,0.02327
20372223,2,2,0.002,0.00947,0.98853
4973029,2,2,0.00184,0.01701,0.98115
24758301,2,2,0.00273,0.01079,0.98648
9391612,2,2,0.0022,0.02428,0.97353
35740866,0,0,0.97224,0.02637,0.00139
2657961,2,2,0.00194,0.0241,0.97396
36867635,2,2,0.00581,0.18369,0.81049
33688043,2,2,0.00215,0.03231,0.96555
9127718,0,1,0.07147,0.8861,0.04243
10123777,2,2,0.00105,0.01012,0.98883
21238643,2,2,0.01409,0.05074,0.93517
29467913,2,2,0.03754,0.47183,0.49063
24966798,2,2,0.00151,0.00745,0.99104
2113108,2,1,0.09749,0.83404,0.06846
35908893,0,0,0.98919,0.00977,0.00104
29131361,2,1,0.17668,0.74967,0.07365
10641954,0,0,0.81753,0.17338,0.00908
33040158,2,2,0.00946,0.08404,0.9065
35815242,2,2,0.00153,0.0106,0.98787
3087614,2,2,0.00737,0.14071,0.85192
37023192,1,1,0.14703,0.83951,0.01346
12972715,2,2,0.00411,0.02072,0.97517
6933034,0,1,0.25555,0.66935,0.0751
17355045,2,2,0.00161,0.00837,0.99002
12803197,0,0,0.7997,0.19069,0.00961
17449652,2,2,0.00529,0.06316,0.93155
23697212,2,2,0.00316,0.0187,0.97814
22111404,2,2,0.00501,0.05575,0.93924
32919319,2,2,0.00341,0.03623,0.96036
12295929,2,2,0.00879,0.03658,0.95462
26622276,2,2,0.00136,0.00482,0.99382
10463730,2,2,0.00331,0.02058,0.97612
24637465,0,1,0.45613,0.51284,0.03104
17926435,2,1,0.48306,0.49452,0.02242
32096429,2,2,0.00529,0.03236,0.96235
32074753,2,2,0.00167,0.01682,0.98151
34768758,2,2,0.00144,0.00996,0.9886
37823449,1,1,0.25743,0.73334,0.00923
13967763,0,0,0.96917,0.02853,0.00229
5033063,0,1,0.27808,0.64909,0.07283
10959879,2,2,0.00332,0.01635,0.98033
3791365,2,2,0.00254,0.01822,0.97924
14924946,2,2,0.00339,0.0425,0.95411
11993351,0,0,0.58568,0.39015,0.02417
13985666,0,0,0.99101,0.00716,0.00183
35838007,2,2,0.00204,0.02037,0.97759
9281899,2,2,0.00191,0.00925,0.98884
27212782,2,1,0.07097,0.78722,0.14181
27541678,0,0,0.97812,0.02056,0.00132
26796438,2,2,0.16607,0.38688,0.44704
4808843,2,2,0.01094,0.36798,0.62108
6243226,2,2,0.00331,0.05101,0.94568
24362629,1,0,0.64454,0.32157,0.03389
29560696,2,2,0.00167,0.01741,0.98092
36571075,2,2,0.00135,0.01031,0.98833
21150215,2,1,0.04441,0.92032,0.03527
16544583,2,2,0.00185,0.01059,0.98756
37211325,2,2,0.01628,0.08062,0.90309
17308902,0,0,0.99281,0.00595,0.00124
9443801,2,2,0.00104,0.00745,0.99151
40095878,2,2,0.00438,0.03526,0.96037
31316670,2,2,0.02169,0.09809,0.88022
6430720,2,2,0.00233,0.01403,0.98364
13493749,0,0,0.91568,0.07785,0.00647
14492081,2,2,0.00356,0.09825,0.89819
28388008,2,2,0.00133,0.01136,0.98731
3377172,2,1,0.02732,0.62663,0.34606
1584528,2,1,0.02909,0.55327,0.41763
1504935,2,2,0.00297,0.01914,0.97789
9822568,2,2,0.14016,0.13116,0.72868
14629925,2,2,0.00109,0.00695,0.99196
31046605,2,2,0.00132,0.00559,0.99309
36880414,2,2,0.00583,0.16897,0.82521
6143860,2,2,0.00123,0.00824,0.99052
38002690,0,0,0.99239,0.00633,0.00128
3539512,2,2,0.00222,0.01371,0.98407
31746568,2,2,0.01663,0.12372,0.85965
11177766,2,1,0.15563,0.65715,0.18722
23484622,2,1,0.03968,0.7144,0.24593
19628197,2,2,0.00375,0.0201,0.97615
17992636,0,0,0.99273,0.00609,0.00118
1770857,2,2,0.00678,0.04732,0.94589
34941063,2,2,0.00424,0.02194,0.97382
23517192,2,2,0.0021,0.00932,0.98858
36198300,2,2,0.00248,0.01148,0.98604
20349659,2,2,0.00164,0.00609,0.99227
36905039,0,0,0.81662,0.17387,0.00951
12752389,2,2,0.00169,0.00668,0.99163
27670686,2,2,0.00336,0.0213,0.97535
13271698,2,2,0.00131,0.00985,0.98884
36973394,2,2,0.00111,0.00538,0.99351
18022509,2,2,0.006,0.01643,0.97757
7882835,2,2,0.0516,0.15375,0.79465
41156569,1,2,0.0831,0.18776,0.72914
31285279,2,2,0.00403,0.02635,0.96963
28397792,2,2,0.03726,0.19069,0.77206
29028741,2,2,0.00445,0.01941,0.97614
24342617,0,0,0.94568,0.05131,0.00301
29248556,2,2,0.01679,0.21109,0.77212
8601743,0,0,0.53413,0.45331,0.01256
18386519,2,2,0.00187,0.01493,0.9832
27515588,0,0,0.95021,0.04787,0.00192
14574702,0,0,0.98487,0.01012,0.00501
30222278,2,2,0.00256,0.01079,0.98665
17913898,2,2,0.00815,0.21099,0.78086
34291488,2,1,0.01729,0.65901,0.3237
8880931,2,2,0.00142,0.00717,0.99141
30074735,2,2,0.00144,0.01,0.98856
12506182,2,2,0.00342,0.01855,0.97803
18873254,0,0,0.98588,0.01308,0.00103
19921596,0,0,0.65097,0.3087,0.04033
6163129,2,2,0.00336,0.02011,0.97653
4188295,2,2,0.00166,0.0085,0.98984
29279630,0,0,0.97697,0.01897,0.00406
37459627,2,2,0.00469,0.02973,0.96558
22704845,2,2,0.0228,0.10819,0.86901
8470890,1,0,0.94573,0.05116,0.00311
4575531,0,0,0.97228,0.02614,0.00158
18828515,2,2,0.00502,0.02269,0.97229
9577211,0,0,0.94705,0.05078,0.00217
5082695,0,2,0.01842,0.31158,0.67
24562949,2,2,0.00418,0.1068,0.88902
34964047,0,0,0.9914,0.00778,0.00082
22865827,2,2,0.00385,0.0236,0.97255
40888407,2,2,0.00466,0.03498,0.96036
8981958,2,2,0.00491,0.01378,0.98131
12571738,2,2,0.00455,0.01228,0.98317
19509357,0,0,0.99254,0.00619,0.00128
32813000,2,2,0.00381,0.04957,0.94662
8819651,2,2,0.0024,0.02826,0.96934
3438358,2,2,0.01141,0.0386,0.94999
34514263,2,2,0.00278,0.02335,0.97387
38471835,0,0,0.60224,0.38883,0.00893
1869054,2,2,0.03952,0.45587,0.5046
34870479,2,2,0.00223,0.0078,0.98997
360815,1,1,0.18966,0.79228,0.01806
7014310,2,1,0.03115,0.88926,0.07958
12968707,1,1,0.08682,0.49573,0.41745
41515794,2,2,0.30003,0.18611,0.51386
32596461,2,2,0.28126,0.20769,0.51104
40781922,2,2,0.00418,0.02056,0.97526
4333838,2,2,0.00348,0.01622,0.9803
27130263,2,2,0.00177,0.00546,0.99277
23132349,0,0,0.9811,0.01728,0.00162
26270221,1,2,0.00884,0.0233,0.96785
30846233,2,2,0.0012,0.00546,0.99334
16640549,2,2,0.00287,0.00732,0.98981
15374282,2,2,0.00171,0.02611,0.97218
11643602,2,1,0.02957,0.8916,0.07883
6600064,2,2,0.00187,0.01493,0.9832
36876023,2,2,0.00755,0.07844,0.91402
3347972,2,1,0.05091,0.8184,0.1307
25462711,2,2,0.00113,0.00745,0.99142
19379865,2,2,0.0024,0.01593,0.98167
25956841,2,2,0.02909,0.03001,0.9409
17622710,2,2,0.00331,0.05061,0.94608
2261171,2,2,0.01207,0.14146,0.84647
34588373,0,0,0.6831,0.31031,0.00659
5509748,2,2,0.00332,0.01806,0.97862
22220356,0,1,0.0667,0.89066,0.04264
26885384,0,0,0.74397,0.24059,0.01544
31873176,0,0,0.9792,0.01962,0.00118
28954049,0,0,0.93543,0.06003,0.00454
25230017,2,2,0.00154,0.00471,0.99375
29893690,2,2,0.0031,0.0223,0.9746
35057593,2,2,0.00358,0.01848,0.97794
21674582,2,2,0.00905,0.09583,0.89512
13298649,2,2,0.00219,0.01409,0.98373
24438101,1,1,0.0466,0.8932,0.06019
35620753,2,2,0.00774,0.05493,0.93733
24135668,2,1,0.02319,0.50366,0.47315
22452718,2,2,0.00154,0.0041,0.99436
2412657,2,2,0.00272,0.01544,0.98184
19116114,2,2,0.00179,0.00876,0.98944
15287142,2,2,0.0018,0.00695,0.99126
6312361,0,0,0.94645,0.05175,0.0018
2971124,2,1,0.25916,0.71277,0.02807
10653377,2,2,0.00329,0.05647,0.94025
20537718,2,2,0.00362,0.08152,0.91486
2658835,2,2,0.00116,0.00929,0.98955
26413794,2,2,0.00152,0.00618,0.9923
13439416,2,2,0.01967,0.06892,0.91141
35246325,2,2,0.00558,0.04039,0.95403
28471191,2,2,0.00732,0.19785,0.79483
16678883,2,2,0.00338,0.04418,0.95244
10094361,2,2,0.00781,0.03149,0.9607
38604435,2,2,0.00341,0.02179,0.9748
20392356,2,1,0.03418,0.60118,0.36464
187720,2,2,0.00388,0.04641,0.94971
35124605,2,2,0.00095,0.00591,0.99315
28329200,2,2,0.00202,0.01304,0.98493
28955529,2,2,0.01694,0.30625,0.6768
14734362,2,2,0.00303,0.01592,0.98105
19940485,2,2,0.00482,0.03268,0.9625
40160557,2,2,0.00275,0.01864,0.97861
26955380,2,2,0.00267,0.01674,0.98059
36518105,1,2,0.01361,0.19537,0.79102
36703071,0,0,0.8531,0.14481,0.00208
17365145,1,1,0.46384,0.51342,0.02274
19694411,0,1,0.47429,0.49318,0.03253
33513121,2,2,0.00321,0.01821,0.97858
25097068,2,2,0.01708,0.23948,0.74344
33555659,0,0,0.97697,0.02212,0.0009
32757482,2,2,0.0032,0.02179,0.975
22438110,2,2,0.00483,0.0303,0.96487
9563857,2,2,0.0221,0.34704,0.63086
14163518,2,2,0.00608,0.01886,0.97506
2470065,2,2,0.00212,0.01475,0.98313
25597237,2,2,0.00365,0.03186,0.96449
35926745,2,2,0.01411,0.05658,0.92931
23412352,2,1,0.0329,0.91036,0.05674
14563394,2,2,0.0015,0.01522,0.98327
21946364,0,1,0.37341,0.58976,0.03683
30185381,2,2,0.00166,0.0232,0.97514
37421762,2,2,0.00483,0.01535,0.97982
38503823,0,0,0.9447,0.0533,0.002
38153832,1,1,0.06606,0.6075,0.32644
39809793,2,2,0.00096,0.00513,0.9939
35045887,0,0,0.90221,0.09509,0.0027
39518710,2,2,0.00565,0.02926,0.96509
10231927,2,2,0.01393,0.23742,0.74865
657902,1,0,0.91364,0.08157,0.00479
18819464,2,2,0.00144,0.00992,0.98864
25678496,2,2,0.00355,0.05598,0.94046
15949250,2,2,0.029,0.03286,0.93814
22377163,0,1,0.08972,0.86464,0.04565
17429468,2,2,0.0154,0.49038,0.49422
28368366,2,2,0.00261,0.00876,0.98864
26815370,2,2,0.00116,0.00614,0.9927
32733733,2,2,0.00222,0.0133,0.98448
41364001,1,1,0.06792,0.88603,0.04605
10607815,0,0,0.89358,0.10344,0.00298
32743216,0,0,0.95384,0.04207,0.00409
14476604,2,2,0.00171,0.00947,0.98882
20867758,2,2,0.00403,0.04095,0.95502
29357107,0,0,0.97822,0.02014,0.00164
20516191,2,2,0.00265,0.02404,0.97331
23159435,0,0,0.97794,0.02072,0.00134
32910960,2,1,0.01766,0.54088,0.44146
19774227,2,2,0.12231,0.42856,0.44913
14478159,1,1,0.16741,0.68046,0.15213
22905834,0,2,0.00773,0.02625,0.96602
31919889,1,1,0.11236,0.83717,0.05047
14267218,0,0,0.81407,0.17674,0.00919
1939234,2,2,0.0014,0.006,0.9926
27908108,0,0,0.62501,0.36457,0.01042
34271553,2,2,0.01181,0.05766,0.93054
3157573,2,2,0.01484,0.10893,0.87623
39203739,2,2,0.00179,0.01097,0.98724
27006671,0,0,0.74444,0.24742,0.00814
3889860,2,1,0.07462,0.50594,0.41944
34561353,2,1,0.03056,0.6383,0.33114
21341486,2,2,0.00356,0.02406,0.97238
5112268,2,2,0.21586,0.24412,0.54002
30333793,2,2,0.02105,0.20129,0.77766
38682437,2,1,0.09505,0.68609,0.21886
21349331,2,2,0.00254,0.02067,0.97679
35955249,2,2,0.00266,0.02059,0.97675
20162387,2,2,0.06743,0.08166,0.85091
29187063,2,2,0.00158,0.01367,0.98476
11167006,2,2,0.00367,0.01086,0.98547
8720036,0,0,0.83198,0.16511,0.00291
32838657,2,2,0.00405,0.02056,0.97539
35568007,2,2,0.00156,0.00811,0.99033
28018251,0,0,0.98513,0.01375,0.00112
38368989,0,1,0.10305,0.7933,0.10365
18754773,2,2,0.00188,0.00992,0.9882
8125836,1,0,0.82932,0.16652,0.00415
26161060,1,2,0.00145,0.01884,0.97971
37519314,2,2,0.00172,0.00716,0.99112
37527844,1,1,0.35027,0.63923,0.01049
23840232,2,1,0.15265,0.63643,0.21092
24817221,2,2,0.00166,0.01088,0.98746
35953523,2,1,0.03062,0.49037,0.47901
10169993,2,2,0.01013,0.10589,0.88398
28913732,2,2,0.0061,0.16947,0.82443
20341122,2,2,0.00243,0.01822,0.97935
1375690,2,2,0.00584,0.04239,0.95177
16756239,2,2,0.04248,0.11094,0.84658
26892375,2,2,0.00209,0.01447,0.98344
19826804,2,2,0.00163,0.01265,0.98572
793931,2,2,0.00223,0.02323,0.97453
14143637,2,2,0.01558,0.21005,0.77437
10176457,2,2,0.0013,0.00595,0.99275
12408407,2,2,0.00223,0.00836,0.98941
29007256,2,2,0.00144,0.00768,0.99087
33525821,2,2,0.0018,0.00837,0.98984
5127542,2,1,0.02821,0.8441,0.12769
12097483,2,2,0.00199,0.01351,0.9845
23896070,1,1,0.08891,0.87289,0.0382
35896681,2,2,0.0014,0.00739,0.99121
29638481,2,2,0.00289,0.01424,0.98287
37769234,2,2,0.00298,0.01457,0.98244
10982241,2,2,0.00648,0.06077,0.93274
1205979,2,2,0.00442,0.02526,0.97032
13743504,2,1,0.29422,0.40117,0.3046
41468181,0,0,0.81917,0.16448,0.01635
28514421,2,2,0.00585,0.04023,0.95392
37229831,2,2,0.00341,0.0198,0.97678
24832699,2,2,0.00131,0.01176,0.98693
32160803,2,2,0.01095,0.0407,0.94834
6534705,2,2,0.00916,0.01939,0.97145
3592218,2,2,0.00142,0.01172,0.98687
20184518,1,1,0.25024,0.72693,0.02283
37545986,0,0,0.99229,0.00529,0.00242
28863142,0,0,0.9546,0.03811,0.00729
16449972,0,0,0.97966,0.01787,0.00247
22743839,2,1,0.08494,0.66294,0.25212
38478348,2,2,0.00378,0.07197,0.92425
32756623,2,2,0.00767,0.06369,0.92864
32684855,2,2,0.00336,0.03549,0.96115
38308178,2,2,0.00142,0.00837,0.99021
18070986,2,2,0.01181,0.13431,0.85388
2270678,2,2,0.00146,0.00877,0.98977
3897095,2,2,0.0012,0.00633,0.99247
24264592,2,2,0.00167,0.01676,0.98157
525918,2,2,0.01775,0.03544,0.9468
25710177,2,2,0.00368,0.02387,0.97245
18045557,2,2,0.00248,0.01355,0.98397
27846451,2,2,0.01026,0.09458,0.89516
6589017,2,1,0.09825,0.88166,0.0201
29265265,2,2,0.00323,0.0138,0.98297
284405,2,2,0.00378,0.0121,0.98412
2893342,2,2,0.02739,0.12727,0.84534
26023672,2,2,0.00154,0.00586,0.9926
7537811,2,2,0.0021,0.02245,0.97545
28612188,0,1,0.22991,0.67443,0.09565
22113243,2,2,0.00618,0.18421,0.80961
19221831,2,2,0.00134,0.00529,0.99337
24525464,2,2,0.00172,0.00638,0.99191
9438876,2,2,0.00462,0.01368,0.9817
11308592,1,1,0.11504,0.84025,0.04471
11464415,2,2,0.0021,0.00843,0.98947
32060618,2,2,0.00131,0.01223,0.98647
15272448,2,2,0.00096,0.006,0.99304
38050371,2,2,0.00151,0.00897,0.98952
9985256,2,0,0.69208,0.29534,0.01258
27493941,2,2,0.00535,0.03734,0.95732
35897549,2,2,0.01358,0.08515,0.90127
17679319,2,2,0.00118,0.00638,0.99244
11883045,0,1,0.12489,0.79514,0.07997
34889217,2,2,0.00435,0.01036,0.98528
9565730,2,2,0.01205,0.03065,0.9573
16405609,1,1,0.09134,0.52561,0.38305
8452203,2,0,0.4914,0.31083,0.19777
3848226,2,1,0.06858,0.89639,0.03503
36910351,0,0,0.96813,0.03061,0.00126
33395300,0,0,0.97418,0.01491,0.01091
19384683,2,2,0.00189,0.01961,0.9785
33328222,2,2,0.00106,0.006,0.99294
669661,2,2,0.00377,0.01417,0.98206
20470938,2,1,0.16126,0.80624,0.03251
38573478,2,2,0.00281,0.02841,0.96878
22631084,2,2,0.00154,0.00751,0.99096
21829654,2,2,0.00243,0.0489,0.94868
6771819,0,0,0.98391,0.01525,0.00084
22099124,1,1,0.04374,0.86825,0.08801
18877155,2,2,0.00196,0.0126,0.98544
137821,1,1,0.23712,0.74772,0.01516
28526038,2,2,0.2548,0.15466,0.59055
41023665,2,2,0.00199,0.0134,0.98461
37558320,2,2,0.00124,0.0069,0.99187
29268168,2,2,0.00345,0.02352,0.97303
21071499,2,2,0.00485,0.11381,0.88134
771425,1,0,0.94856,0.04901,0.00243
34292978,0,0,0.98292,0.01579,0.00128
19804672,2,2,0.00301,0.00744,0.98956
30693733,2,2,0.00353,0.01898,0.97749
35081344,0,0,0.991,0.00799,0.00101
3130956,2,2,0.00434,0.02885,0.96681
24657486,2,2,0.00285,0.01386,0.98329
37488099,2,0,0.54445,0.22366,0.23189
6151544,0,1,0.20973,0.77319,0.01708
6356815,1,2,0.03692,0.10967,0.85341
16892322,2,2,0.00484,0.01237,0.98278
6394265,2,2,0.00154,0.00774,0.99072
24722496,2,1,0.03301,0.77516,0.19183
13058162,0,1,0.44458,0.54471,0.0107
31177522,2,2,0.00151,0.00954,0.98894
14849313,2,2,0.01091,0.29261,0.69648
943958,2,2,0.01678,0.10895,0.87427
6423358,2,2,0.00184,0.0147,0.98346
8307351,0,0,0.71253,0.2611,0.02636
27537592,2,2,0.00171,0.00805,0.99024
24238502,2,2,0.00226,0.0103,0.98743
25795269,0,0,0.83017,0.16157,0.00827
18331283,2,2,0.03548,0.47096,0.49356
27984145,2,2,0.00122,0.00564,0.99315
16001871,0,2,0.00363,0.02204,0.97434
40638745,2,2,0.00169,0.00863,0.98968
6711160,2,2,0.01454,0.02802,0.95744
3592574,2,2,0.00277,0.01022,0.98701
29677431,2,2,0.05765,0.28264,0.65972
26355726,2,2,0.0059,0.01741,0.97669
17474802,2,2,0.00538,0.06061,0.93401
731464,0,0,0.43702,0.42027,0.14271
15734598,2,2,0.00158,0.01362,0.98481
23130876,0,0,0.96868,0.02956,0.00176
3154558,2,2,0.0012,0.00614,0.99266
29583877,2,2,0.00275,0.03475,0.9625
34834144,2,2,0.11278,0.15177,0.73545
22264811,2,2,0.00533,0.04048,0.95419
29576998,2,2,0.00858,0.0303,0.96112
41532808,2,2,0.00349,0.02791,0.9686
21779438,2,1,0.17631,0.58492,0.23877
34465664,2,2,0.00324,0.02677,0.96999
22108337,2,2,0.00783,0.01395,0.97822
31737551,0,0,0.96214,0.0368,0.00106
4707417,2,2,0.0013,0.00577,0.99294
31050426,0,0,0.94812,0.04691,0.00498
3335708,1,0,0.95373,0.04409,0.00219
38023494,2,2,0.00127,0.01167,0.98706
9628473,2,2,0.00602,0.10098,0.893
2410195,0,0,0.99021,0.00867,0.00112
3680121,0,0,0.98705,0.01181,0.00114
32946766,0,0,0.85101,0.14446,0.00454
28801518,2,2,0.00113,0.00538,0.99349
12295627,2,2,0.00526,0.02411,0.97063
39093803,2,2,0.0018,0.02041,0.97779
27181426,2,2,0.01017,0.1294,0.86043
29947061,0,0,0.88605,0.11004,0.00392
17259884,2,2,0.00836,0.22762,0.76403
33819420,2,2,0.00378,0.0279,0.96832
30707945,2,2,0.009,0.08701,0.90399
7378970,2,2,0.00191,0.02207,0.97601
33427326,2,2,0.00252,0.01096,0.98652
13564100,2,2,0.00406,0.03352,0.96243
8956232,2,2,0.00135,0.01145,0.9872
4597427,2,2,0.01234,0.05978,0.92788
12802386,2,2,0.00422,0.02517,0.97061
3264402,2,1,0.14528,0.80125,0.05347
7226851,2,2,0.00168,0.0126,0.98572
21928465,2,2,0.00202,0.01366,0.98432
782890,2,1,0.12128,0.85009,0.02864
32614499,0,0,0.72947,0.25707,0.01347
33280580,2,2,0.0012,0.00658,0.99222
24371976,2,2,0.03087,0.31423,0.6549
22086360,2,2,0.00322,0.01667,0.98011
12021236,2,2,0.00422,0.02517,0.97061
16025838,1,1,0.20335,0.78562,0.01103
38229399,2,2,0.00418,0.02056,0.97526
33366264,0,0,0.74356,0.24616,0.01028
25881749,2,2,0.00166,0.00954,0.9888
37151644,2,2,0.00194,0.01043,0.98763
15555105,2,2,0.00161,0.0089,0.98949
2815590,2,2,0.00422,0.02517,0.97061
32274953,1,0,0.81371,0.14038,0.04591
26432917,2,2,0.01107,0.05242,0.9365
15266425,2,2,0.00389,0.01484,0.98127
31182912,2,2,0.13584,0.32269,0.54147
31345882,2,2,0.00226,0.01335,0.9844
27418176,1,0,0.79076,0.20468,0.00456
17364494,2,2,0.00207,0.00613,0.9918
33692915,2,1,0.41609,0.50387,0.08004
12308184,0,0,0.93655,0.06022,0.00322
40418176,2,2,0.2565,0.25388,0.48961
39700791,2,2,0.00367,0.02461,0.97171
26728582,0,0,0.88575,0.10915,0.0051
28748854,0,0,0.58141,0.40273,0.01586
29958219,2,2,0.01939,0.06819,0.91242
6950048,1,1,0.10394,0.85096,0.0451
8526173,2,2,0.00737,0.04217,0.95046
8380527,2,2,0.00531,0.18146,0.81323
13803832,2,2,0.00319,0.00875,0.98805
15042917,1,1,0.12959,0.81226,0.05815
15529423,2,2,0.00238,0.0219,0.97572
6426644,2,2,0.00323,0.02905,0.96772
477678,2,2,0.00312,0.04582,0.95106
3461021,2,2,0.01505,0.24282,0.74213
17211412,0,1,0.39354,0.51933,0.08713
11747399,0,0,0.98147,0.01732,0.0012
30118536,2,1,0.04716,0.6164,0.33644
16316661,2,2,0.0187,0.21068,0.77062
30274898,2,2,0.04122,0.46441,0.49437
34138268,2,2,0.00315,0.02308,0.97377
19272805,2,2,0.00118,0.00595,0.99287
33049441,0,0,0.98132,0.01473,0.00395
21810135,2,2,0.00456,0.04158,0.95386
30904846,1,0,0.77131,0.22012,0.00857
18012408,2,2,0.00218,0.01481,0.98301
30050030,2,2,0.00182,0.00843,0.98975
36181514,1,1,0.02774,0.85636,0.1159
29612296,0,0,0.97245,0.02561,0.00194
13710016,2,2,0.0036,0.01423,0.98217
19364520,2,2,0.00361,0.02697,0.96942
32530474,2,2,0.00257,0.05502,0.94242
4029149,2,2,0.0038,0.06524,0.93096
21124111,2,2,0.00206,0.01023,0.98771
34237908,2,2,0.00723,0.03151,0.96127
39524581,2,2,0.00434,0.0281,0.96756
31622373,0,0,0.98333,0.01588,0.00079
8700878,2,2,0.00222,0.01212,0.98566
23753037,2,2,0.00266,0.0516,0.94574
20497809,2,2,0.01101,0.11429,0.8747
13979960,2,2,0.04601,0.1818,0.77218
12292281,2,2,0.00276,0.01402,0.98321
32916426,2,2,0.0057,0.08033,0.91397
38762777,2,2,0.00136,0.0085,0.99014
29869842,2,2,0.00793,0.10383,0.88824
22155286,2,2,0.00138,0.0059,0.99272
28579843,1,1,0.07016,0.88356,0.04628
33987639,0,2,0.00449,0.02614,0.96937
27338759,0,0,0.98936,0.00933,0.00131
20716836,2,2,0.02865,0.09377,0.87758
41203514,2,2,0.00177,0.00568,0.99255
33157766,2,2,0.01135,0.37872,0.60994
36624368,2,2,0.00442,0.07063,0.92495
24192769,2,2,0.00255,0.01414,0.98331
29955412,1,0,0.9623,0.03634,0.00136
31295823,2,2,0.00127,0.00877,0.98996
30233665,2,2,0.00203,0.00911,0.98886
24323586,2,2,0.00449,0.02497,0.97054
21129672,2,1,0.092,0.846,0.06201
23337093,2,2,0.00129,0.00837,0.99034
26684476,0,0,0.70413,0.28449,0.01138
8136867,1,0,0.96562,0.03263,0.00175
27266155,0,0,0.99152,0.00613,0.00235
36301352,2,2,0.00128,0.00595,0.99277
34118589,2,2,0.00222,0.01447,0.98331
35380076,2,2,0.00633,0.02381,0.96986
33388373,2,2,0.01045,0.03439,0.95517
37277004,0,1,0.13766,0.83996,0.02238
3856590,2,2,0.00187,0.01618,0.98195
32665707,2,2,0.00365,0.03186,0.96449
22789444,1,1,0.04141,0.83178,0.12681
5097723,2,2,0.00598,0.09246,0.90156
31509195,2,2,0.00266,0.02043,0.97691
20726028,2,2,0.00124,0.00745,0.99131
12651840,2,1,0.07651,0.7287,0.19479
24139997,2,1,0.02665,0.81608,0.15728
12778504,2,2,0.00311,0.02066,0.97623
10346722,2,2,0.00118,0.00857,0.99025
29596718,2,2,0.00171,0.00786,0.99042
35293055,2,2,0.00337,0.0187,0.97794
23850162,2,2,0.00166,0.00977,0.98857
41300001,0,0,0.86248,0.13124,0.00628
25747413,2,2,0.00389,0.01358,0.98252
14496314,2,2,0.00355,0.01338,0.98307
32002806,2,2,0.00334,0.01121,0.98545
25349785,2,2,0.00133,0.00962,0.98905
27465359,2,2,0.00199,0.01436,0.98365
37007897,0,0,0.66129,0.32229,0.01643
29060268,2,2,0.00138,0.00689,0.99173
38051006,2,2,0.08982,0.32219,0.58799
9581525,2,2,0.00145,0.00633,0.99222
40809567,2,2,0.00979,0.05906,0.93114
15784525,2,2,0.00171,0.0078,0.99048
2382624,2,0,0.97175,0.02672,0.00153
30116050,2,2,0.00331,0.01834,0.97834
16777807,2,2,0.03464,0.35127,0.61409
2999805,1,0,0.91313,0.07979,0.00708
8026614,1,0,0.8505,0.1455,0.004
709304,2,2,0.00531,0.14195,0.85274
22012840,2,2,0.14927,0.16588,0.68485
15648061,2,2,0.00142,0.007,0.99158
24044644,2,1,0.12262,0.84207,0.0353
15589809,2,2,0.0016,0.01708,0.98132
13614786,2,2,0.0022,0.03802,0.95978
29011335,2,1,0.03434,0.76956,0.1961
31206368,2,2,0.00219,0.01431,0.98351
24085062,2,2,0.00209,0.01275,0.98517
17027763,2,2,0.00359,0.06109,0.93532
23621344,1,1,0.04757,0.89404,0.0584
8333769,2,2,0.00533,0.04048,0.95419
11682539,2,2,0.01685,0.22028,0.76287
14884488,2,2,0.0015,0.01663,0.98187
8471212,2,2,0.00191,0.0228,0.97529
10514082,2,2,0.05388,0.17874,0.76738
20625849,2,2,0.00956,0.26033,0.73011
40288941,2,2,0.00185,0.00673,0.99141
21465434,2,2,0.00124,0.00751,0.99126
39139723,0,2,0.02921,0.19961,0.77118
29166641,2,2,0.0012,0.00811,0.99069
17992474,2,2,0.00264,0.01284,0.98452
28156033,2,2,0.00206,0.00969,0.98825
12469469,2,1,0.06224,0.8558,0.08197
25843108,2,2,0.13779,0.18398,0.67823
11931378,2,1,0.28187,0.37396,0.34417
5641067,2,2,0.00507,0.02787,0.96706
21657561,2,2,0.02212,0.13483,0.84305
19995206,2,2,0.00098,0.0079,0.99112
4988744,2,2,0.00197,0.01007,0.98796
35967357,2,2,0.0014,0.01027,0.98833
11435743,2,2,0.00158,0.01346,0.98496
30068325,2,2,0.00282,0.04056,0.95662
5717567,2,2,0.00257,0.00896,0.98847
38862784,2,2,0.00386,0.03697,0.95917
30456753,2,2,0.00204,0.02174,0.97623
30779056,2,2,0.00889,0.20316,0.78795
4193723,2,2,0.00156,0.00904,0.9894
9264788,2,2,0.0117,0.1149,0.8734
25307640,0,1,0.42641,0.56051,0.01308
30605376,2,2,0.00205,0.01587,0.98208
33917324,0,0,0.89199,0.10447,0.00353
13319673,2,2,0.10839,0.10924,0.78236
34109057,0,0,0.97546,0.02308,0.00147
24997861,2,2,0.00388,0.03204,0.96408
14715053,2,2,0.00321,0.03329,0.96349
26807809,2,2,0.003,0.00931,0.98769
27515961,1,2,0.14706,0.20912,0.64382
1281051,2,1,0.16727,0.75554,0.07718
39082084,2,2,0.16607,0.38688,0.44704
35867779,2,2,0.0022,0.00904,0.98877
30694815,0,0,0.95761,0.04086,0.00153
35715227,2,2,0.00273,0.02399,0.97328
12924844,0,0,0.89846,0.07462,0.02692
34612275,0,0,0.69524,0.29902,0.00574
1652040,1,0,0.95838,0.03782,0.0038
17303332,2,2,0.0026,0.02725,0.97015
29818064,2,2,0.00125,0.00824,0.9905
37230664,1,1,0.10296,0.82418,0.07286
28594060,0,0,0.99106,0.00652,0.00242
26443246,2,2,0.00206,0.01071,0.98723
33914348,2,2,0.00133,0.00904,0.98962
36422659,2,2,0.05192,0.09024,0.85784
34543079,2,2,0.00378,0.01248,0.98374
37557398,2,2,0.00195,0.02033,0.97772
5662592,2,2,0.00432,0.03357,0.96211
12789705,2,2,0.05059,0.31355,0.63586
20163999,0,0,0.93983,0.05744,0.00272
22575218,0,0,0.8748,0.08265,0.04255
38413322,2,2,0.0016,0.0111,0.9873
24877931,2,2,0.00784,0.20464,0.78752
20724957,2,2,0.00212,0.01533,0.98255
12222531,2,2,0.01566,0.08107,0.90326
39214842,2,2,0.00506,0.04584,0.9491
16781731,2,2,0.00253,0.00889,0.98858
701648,2,2,0.00907,0.05081,0.94012
29846776,2,2,0.00275,0.01989,0.97736
34075259,2,2,0.00226,0.01289,0.98485
19312319,2,1,0.19268,0.79552,0.0118
28422980,2,2,0.01626,0.38779,0.59595
37327626,2,1,0.02478,0.66977,0.30545
25361375,2,2,0.002,0.02254,0.97545
35930691,0,0,0.99011,0.0086,0.00129
40588792,2,2,0.009,0.05852,0.93248
35218956,0,1,0.08205,0.88734,0.0306
29212994,2,2,0.04125,0.33342,0.62534
12812049,2,2,0.00212,0.01458,0.9833
17268217,0,0,0.99075,0.00821,0.00104
16102352,2,2,0.0018,0.01909,0.97911
37707890,2,2,0.00356,0.02406,0.97238
18707537,2,2,0.00557,0.12825,0.86619
38723461,2,2,0.00551,0.03797,0.95652
27549997,2,2,0.00189,0.00537,0.99274
5297709,2,2,0.0049,0.06109,0.934
9679673,2,2,0.00607,0.05016,0.94377
20220964,2,2,0.00174,0.00897,0.98929
31118864,2,2,0.0303,0.25268,0.71702
26900624,2,2,0.0064,0.0439,0.9497
15426608,2,1,0.03471,0.78379,0.1815
5295868,2,2,0.00151,0.01118,0.98731
24724805,1,1,0.10115,0.48446,0.41438
25847574,2,2,0.0042,0.04529,0.95051
26971217,0,1,0.0979,0.88458,0.01752
15382408,2,2,0.00422,0.02517,0.97061
27245217,1,1,0.19294,0.76907,0.03799
34910042,2,2,0.00147,0.00863,0.9899
6718851,2,2,0.00207,0.00608,0.99184
30779072,2,2,0.00366,0.01317,0.98317
16233020,2,2,0.00163,0.00992,0.98845
38838221,2,2,0.00125,0.00781,0.99094
32871433,1,0,0.76567,0.22195,0.01238
37353294,2,2,0.01417,0.10232,0.88351
36667751,2,2,0.0047,0.0106,0.98469
24820010,0,0,0.99292,0.00577,0.00132
22429661,2,2,0.0069,0.0314,0.9617
23961825,2,2,0.00138,0.00555,0.99307
41075345,2,2,0.00161,0.00856,0.98983
13257477,0,0,0.96952,0.02888,0.0016
1900265,1,1,0.4157,0.56377,0.02054
20422057,2,2,0.00248,0.01148,0.98604
23911524,2,2,0.00506,0.03075,0.96419
28570514,1,0,0.733,0.24172,0.02528
18907863,0,0,0.97954,0.01936,0.00109
7852819,2,2,0.03912,0.37699,0.58389
40881297,0,0,0.96251,0.03462,0.00288
22256520,2,2,0.00228,0.01908,0.97864
2972204,0,0,0.64589,0.34572,0.00839
2823208,2,2,0.00202,0.02849,0.96949
26446716,2,2,0.00225,0.02986,0.96788
15984686,0,0,0.94949,0.04229,0.00821
6404087,2,2,0.00154,0.00805,0.99041
14540424,2,2,0.00255,0.01486,0.98259
20802841,2,2,0.00231,0.03516,0.96252
35785446,2,2,0.00187,0.01158,0.98655
4238223,0,0,0.97411,0.02332,0.00257
22129642,2,2,0.01762,0.05,0.93238
8591856,1,1,0.14928,0.6756,0.17512
508024,2,2,0.00116,0.00805,0.99079
32819574,2,2,0.00448,0.01296,0.98256
19312500,2,1,0.02179,0.51964,0.45858
18277424,2,2,0.0125,0.28894,0.69856
25537596,2,2,0.00359,0.01628,0.98013
40035112,2,2,0.00297,0.01856,0.97847
23946751,2,2,0.00161,0.00757,0.99082
1475325,2,2,0.00155,0.0132,0.98525
34339425,2,2,0.0035,0.01192,0.98458
2332495,2,2,0.00214,0.0208,0.97706
13046426,2,2,0.03872,0.09379,0.8675
4925060,2,2,0.00165,0.01222,0.98613
27290820,2,1,0.18479,0.6979,0.11732
15984131,0,0,0.95549,0.04079,0.00373
37185895,2,2,0.00169,0.00876,0.98955
18479268,2,2,0.00191,0.00843,0.98966
20003644,0,0,0.55686,0.42034,0.02281
2122253,2,1,0.22023,0.75088,0.02889
41555032,2,2,0.02897,0.15034,0.82069
21321225,2,2,0.00416,0.02441,0.97143
39328371,2,2,0.00487,0.09624,0.8989
37187522,2,2,0.00286,0.0252,0.97194
1073998,2,2,0.00149,0.00904,0.98947
9312476,2,2,0.00242,0.00446,0.99312
38602555,2,2,0.00382,0.01578,0.98039
20383657,2,2,0.00426,0.03066,0.96507
39303771,2,2,0.01768,0.1238,0.85852
24862295,2,2,0.00466,0.03413,0.9612
38318904,0,0,0.97336,0.02184,0.0048
25653667,0,0,0.90104,0.09571,0.00325
20445615,0,0,0.9922,0.00692,0.00088
15152035,2,2,0.0034,0.03844,0.95815
28795941,2,2,0.00115,0.00502,0.99384
31320346,0,0,0.8918,0.10609,0.00211
38311135,0,0,0.98847,0.01036,0.00118
38633743,0,0,0.9418,0.05623,0.00197
1348446,2,2,0.00427,0.07279,0.92294
33157770,2,2,0.00318,0.04241,0.95441
21177862,2,2,0.01979,0.3549,0.62531
10478143,2,2,0.0019,0.01442,0.98368
40060962,2,2,0.0115,0.08234,0.90616
14089061,2,2,0.00136,0.00787,0.99078
16050679,2,2,0.00863,0.19028,0.8011
1496670,2,2,0.00317,0.01745,0.97938
18804821,0,0,0.94495,0.05218,0.00287
19673680,2,2,0.03026,0.46972,0.50002
32791488,2,2,0.00747,0.10145,0.89108
35363837,2,2,0.00295,0.02444,0.9726
40102497,2,2,0.00297,0.01944,0.9776
26855583,2,2,0.00527,0.02126,0.97347
35907463,2,2,0.00149,0.01064,0.98788
15274064,2,2,0.0012,0.00674,0.99206
10682944,2,2,0.00776,0.17587,0.81638
39073704,2,2,0.04667,0.21751,0.73582
20717780,2,2,0.00299,0.0123,0.98471
18223615,2,2,0.00162,0.00467,0.99371
38846661,2,2,0.00503,0.05083,0.94414
38085154,2,1,0.06042,0.8879,0.05168
2378503,0,0,0.95168,0.04455,0.00377
13115455,2,2,0.01191,0.317,0.67109
35485967,0,0,0.87924,0.11669,0.00407
4062318,1,0,0.6392,0.353,0.0078
25881957,2,2,0.00225,0.03087,0.96688
22602449,0,0,0.81542,0.18194,0.00264
8026324,2,0,0.86158,0.13473,0.00369
2252900,2,2,0.00326,0.0347,0.96204
38403340,2,1,0.0662,0.68977,0.24403
40698443,1,1,0.05687,0.70371,0.23942
4068447,2,2,0.0013,0.00521,0.99349
13437428,2,1,0.18328,0.50311,0.31361
3511598,2,2,0.00142,0.00614,0.99244
5870368,0,0,0.83692,0.15787,0.00522
32812077,2,2,0.00198,0.00542,0.99261
21227384,2,2,0.0093,0.02754,0.96317
35088077,0,0,0.96122,0.03542,0.00336
24641195,0,0,0.99052,0.00652,0.00296
34534865,1,1,0.38086,0.58302,0.03612
28523754,0,0,0.51756,0.47494,0.0075
26533774,1,2,0.02216,0.2148,0.76304
9057660,2,2,0.00672,0.07151,0.92177
37751008,2,1,0.07842,0.87502,0.04656
13892095,0,0,0.95744,0.03983,0.00273
3227492,2,2,0.00122,0.00498,0.9938
38564750,2,2,0.00149,0.00929,0.98922
14056506,0,0,0.71047,0.27822,0.01131
39462700,2,2,0.00169,0.00786,0.99045
10078294,2,2,0.00406,0.03283,0.96311
30993319,2,2,0.00452,0.0495,0.94598
32323544,2,2,0.00413,0.03096,0.96491
5001003,2,2,0.00531,0.04478,0.94992
11930085,2,2,0.0043,0.05178,0.94392
40050867,2,2,0.00133,0.00887,0.9898
34060141,0,0,0.99338,0.00505,0.00157
6017150,0,0,0.93073,0.06612,0.00315
26185949,2,2,0.00377,0.02937,0.96686
18466828,0,0,0.97683,0.02059,0.00258
5088274,2,2,0.00311,0.01821,0.97868
30889707,2,2,0.00488,0.07989,0.91523
6084848,2,1,0.04682,0.48031,0.47287
31106250,2,2,0.00982,0.01908,0.9711
41387530,1,1,0.03723,0.86746,0.0953
23041425,2,0,0.5202,0.46997,0.00983
35272592,2,2,0.00248,0.01441,0.98311
39025351,0,0,0.94754,0.04779,0.00467
20352407,2,2,0.00259,0.01668,0.98073
7758183,2,0,0.54306,0.44324,0.0137
29033902,0,0,0.82683,0.16733,0.00584
35962466,1,1,0.33288,0.64165,0.02547
26350583,2,2,0.00219,0.0133,0.98452
6087543,2,2,0.0024,0.01436,0.98324
32531128,2,2,0.02489,0.11817,0.85695
22864865,2,2,0.01453,0.11408,0.87139
27014496,2,2,0.01875,0.29915,0.68209
36015568,0,0,0.69464,0.29876,0.0066
25401212,2,2,0.00249,0.02512,0.9724
5480817,2,2,0.00134,0.00609,0.99257
15288727,0,0,0.94094,0.05706,0.00199
16571566,0,0,0.96204,0.0361,0.00186
39079690,2,1,0.06525,0.8595,0.07525
17576762,2,2,0.00179,0.01203,0.98618
28721896,2,2,0.00704,0.07114,0.92182
13178826,2,2,0.0163,0.21642,0.76728
24170717,2,2,0.00845,0.02296,0.9686
36182173,2,2,0.00437,0.08044,0.91519
15244884,2,2,0.00116,0.00643,0.99241
38487935,2,2,0.00219,0.01153,0.98628
17322472,2,1,0.45883,0.47711,0.06407
26925399,2,0,0.67016,0.24295,0.08688
4456320,2,2,0.00159,0.00546,0.99295
25377585,2,2,0.00205,0.01464,0.98331
23097211,2,2,0.01936,0.06932,0.91132
13823683,2,2,0.00118,0.00734,0.99148
28398770,2,1,0.42286,0.52013,0.05701
5364952,2,1,0.02794,0.85569,0.11637
8317596,2,1,0.02187,0.64402,0.33411
13002063,2,2,0.00203,0.01175,0.98622
20066102,2,2,0.0014,0.00877,0.98984
1853101,2,2,0.00614,0.05337,0.94049
38690593,2,2,0.00124,0.00663,0.99213
24831567,2,2,0.00356,0.02406,0.97238
19362563,2,1,0.07163,0.79145,0.13691
1275235,2,2,0.00834,0.043,0.94866
40719579,2,2,0.01375,0.13541,0.85083
20878329,2,1,0.01979,0.56045,0.41976
38369694,0,0,0.864,0.13147,0.00453
30411541,2,1,0.05313,0.88817,0.0587
31884883,2,2,0.2616,0.34382,0.39458
29812927,2,2,0.00174,0.00883,0.98943
990620,2,2,0.00303,0.01514,0.98183
29979585,0,0,0.98127,0.01739,0.00134
10154533,0,0,0.81523,0.18049,0.00428
15778540,2,2,0.00265,0.02381,0.97354
13758274,2,2,0.01854,0.21136,0.7701
29662863,2,2,0.02465,0.23206,0.74328
16898300,2,2,0.00397,0.02342,0.97261
545060,2,1,0.06804,0.76955,0.16241
40695217,2,1,0.0923,0.64321,0.26449
22721991,0,0,0.95876,0.04012,0.00112
3097149,1,1,0.15697,0.78482,0.0582
4774018,2,2,0.00158,0.00947,0.98895
4560011,2,2,0.09454,0.40428,0.50118
39061777,2,2,0.01714,0.23108,0.75178
28816606,2,1,0.38658,0.51414,0.09928
1804888,2,2,0.02226,0.10929,0.86846
25189613,2,2,0.00405,0.0208,0.97515
29050083,0,0,0.99322,0.00546,0.00132
26724568,2,2,0.00789,0.06583,0.92628
3374476,2,2,0.00166,0.00824,0.9901
34184864,2,2,0.00191,0.00918,0.98891
28599900,0,0,0.5301,0.24676,0.22315
19223545,1,1,0.17133,0.76935,0.05933
30764573,2,2,0.00296,0.02122,0.97581
19502822,1,1,0.37627,0.61075,0.01298
30135527,2,2,0.00134,0.01644,0.98221
31503176,2,2,0.00353,0.0477,0.94877
33026173,2,2,0.02104,0.07034,0.90862
33467682,2,2,0.03817,0.44716,0.51468
16019746,2,2,0.00108,0.00502,0.99391
16417675,2,2,0.00174,0.00984,0.98842
17830295,2,1,0.02923,0.51001,0.46076
24741403,1,1,0.26388,0.7173,0.01882
5630855,0,0,0.98955,0.0097,0.00075
28790154,2,2,0.00171,0.01051,0.98778
1338179,0,0,0.80808,0.15804,0.03388
36348633,2,2,0.00203,0.01231,0.98566
29870489,2,2,0.00145,0.00609,0.99246
16413714,0,0,0.87162,0.12459,0.00379
23162600,2,2,0.05224,0.1432,0.80456
29927102,0,0,0.829,0.16324,0.00776
25785373,2,2,0.00122,0.00648,0.9923
28261233,1,1,0.27393,0.66227,0.0638
5156841,2,2,0.00346,0.02272,0.97382
15042015,0,1,0.12549,0.83687,0.03764
31520247,2,2,0.00126,0.00623,0.99251
20142468,2,2,0.00384,0.02774,0.96842
33339166,2,2,0.00422,0.02517,0.97061
38924739,2,2,0.007,0.0905,0.9025
3312727,2,2,0.00127,0.00793,0.9908
2661437,2,2,0.01023,0.15098,0.83879
35083973,2,2,0.02155,0.36314,0.61531
1152643,2,2,0.00159,0.00768,0.99073
37364997,2,2,0.01486,0.07313,0.91201
25337465,2,2,0.00312,0.01686,0.98002
19145119,0,0,0.83155,0.1631,0.00535
17934830,0,0,0.50935,0.47849,0.01217
12627431,2,2,0.00159,0.00786,0.99055
28796723,0,0,0.86834,0.11752,0.01415
31076896,1,1,0.25024,0.71844,0.03132
13983266,2,2,0.0017,0.01377,0.98452
16310051,0,0,0.84186,0.14976,0.00838
31302006,2,2,0.07756,0.17789,0.74455
38692160,2,2,0.00533,0.02495,0.96972
28261331,2,2,0.00422,0.02517,0.97061
26597276,2,2,0.00142,0.01132,0.98727
7657102,2,2,0.02044,0.14382,0.83574
15892600,2,2,0.0012,0.00958,0.98922
25373623,0,1,0.29581,0.69316,0.01103
8915280,2,2,0.00168,0.01246,0.98586
4958752,1,1,0.32229,0.65105,0.02666
6440301,0,0,0.72995,0.26027,0.00978
16770464,2,2,0.0077,0.05951,0.93278
23305862,2,2,0.00365,0.03005,0.9663
2726865,2,2,0.01385,0.10193,0.88422
35392555,0,0,0.95958,0.03884,0.00158
36347405,2,2,0.00222,0.02853,0.96924
12468496,0,0,0.47559,0.44677,0.07764
37193755,2,2,0.20054,0.28838,0.51109
29063490,2,2,0.00245,0.00792,0.98963
26785453,1,1,0.18927,0.65512,0.15561
34379257,2,2,0.00249,0.00823,0.98928
28946985,2,2,0.0012,0.00853,0.99027
25171354,2,2,0.00182,0.0089,0.98928
20964524,2,2,0.00169,0.00745,0.99086
38302778,0,0,0.99139,0.00754,0.00107
31529630,2,2,0.27047,0.33757,0.39197
21094656,2,2,0.00585,0.04023,0.95392
19540111,2,2,0.00252,0.01231,0.98518
37716454,2,2,0.00234,0.01007,0.9876
30416666,2,2,0.02766,0.2362,0.73613
235722,0,2,0.0286,0.4838,0.4876
35008125,2,2,0.00686,0.05159,0.94156
14760504,0,0,0.98488,0.01435,0.00077
27019483,2,2,0.00344,0.02834,0.96822
16649374,2,2,0.01141,0.03161,0.95698
28011038,2,2,0.00191,0.00653,0.99156
26466071,2,2,0.00455,0.01389,0.98156
37655049,2,1,0.13868,0.82819,0.03313
41093919,0,0,0.98472,0.01455,0.00073
28677771,2,0,0.56741,0.41838,0.0142
33377611,2,2,0.00286,0.00998,0.98715
24542891,2,2,0.00536,0.05015,0.94449
28582788,2,2,0.00286,0.00931,0.98782
4730894,2,2,0.00427,0.014,0.98173
19392136,2,2,0.00908,0.02829,0.96264
28410592,0,0,0.83119,0.16431,0.0045
12514794,0,0,0.99025,0.00792,0.00182
31897347,2,2,0.00635,0.05123,0.94242
22744836,2,2,0.00389,0.02806,0.96805
11440997,2,2,0.00448,0.02736,0.96816
35462816,0,0,0.95841,0.03868,0.00291
11478372,2,2,0.00641,0.04174,0.95185
22798281,2,2,0.00129,0.00887,0.98984
1248454,2,2,0.00268,0.02746,0.96986
19501244,2,2,0.00287,0.02189,0.97524
10845154,2,2,0.00194,0.00918,0.98888
20282316,0,0,0.81201,0.18118,0.00681
11615863,2,0,0.68397,0.30115,0.01488
5576635,2,2,0.00265,0.02385,0.9735
29050114,2,2,0.0072,0.03502,0.95778
3997357,2,2,0.00213,0.0108,0.98708
36730319,2,2,0.00284,0.01544,0.98172
34335176,2,2,0.01524,0.15272,0.83205
2160221,0,0,0.90227,0.08787,0.00987
10810369,2,2,0.00606,0.06627,0.92767
7436549,2,1,0.05324,0.92364,0.02312
16294563,2,2,0.00318,0.01268,0.98414
15932812,1,1,0.16285,0.75928,0.07787
18183620,2,2,0.00278,0.02436,0.97287
23678052,0,0,0.94444,0.05318,0.00238
7853250,2,2,0.00282,0.02417,0.97301
13784940,2,2,0.00179,0.01007,0.98813
20209972,0,0,0.77171,0.22024,0.00805
31152788,2,2,0.00361,0.01156,0.98484
39225346,2,2,0.03248,0.2677,0.69982
20876048,2,2,0.00188,0.00722,0.9909
15581299,2,2,0.00514,0.08979,0.90508
17585552,2,2,0.03011,0.40609,0.5638
21955860,0,0,0.63642,0.35422,0.00937
41522833,2,1,0.03568,0.58957,0.37475
32497888,2,2,0.00465,0.03729,0.95806
9825588,0,0,0.97196,0.02673,0.00131
31095443,2,2,0.00213,0.00999,0.98788
13161396,2,2,0.00303,0.0137,0.98327
26320280,2,2,0.00237,0.00939,0.98824
7734194,2,2,0.00986,0.19427,0.79586
18085249,2,2,0.00508,0.02745,0.96748
9160234,2,2,0.00196,0.01414,0.9839
32407835,2,2,0.00114,0.00728,0.99158
27734521,0,0,0.95672,0.04102,0.00226
3568802,2,2,0.00589,0.03327,0.96084
23650276,2,2,0.0013,0.00689,0.99181
21232749,0,0,0.81564,0.17708,0.00728
28321210,1,1,0.11861,0.85111,0.03028
8242359,2,2,0.0029,0.01249,0.98461
3962321,2,2,0.00127,0.00837,0.99036
18339296,2,2,0.04729,0.08107,0.87163
23232387,2,2,0.05663,0.14307,0.8003
36151817,2,2,0.01425,0.23734,0.7484
37939579,2,1,0.18415,0.65223,0.16363
36932485,2,1,0.02351,0.59701,0.37948
36337008,2,2,0.00734,0.06033,0.93232
32875568,2,0,0.70571,0.28737,0.00692
37889801,0,0,0.54414,0.44412,0.01174
27346564,2,0,0.96411,0.03474,0.00115
5750815,2,2,0.00251,0.01503,0.98245
8954779,2,2,0.00189,0.0201,0.97801
20397648,2,2,0.00533,0.04048,0.95419
26674500,2,2,0.00331,0.0195,0.97719
1124253,2,1,0.01873,0.6108,0.37047
14696558,0,0,0.96108,0.03614,0.00279
32007167,0,0,0.97978,0.01628,0.00394
10629004,0,0,0.47019,0.43316,0.09665
9763989,0,0,0.96601,0.03289,0.0011
6921295,2,2,0.00356,0.02406,0.97238
25186494,2,2,0.00473,0.0366,0.95868
10508795,2,2,0.01124,0.20079,0.78797
36747269,2,1,0.04426,0.91367,0.04207
1051675,2,2,0.00134,0.00793,0.99074
29810458,2,2,0.00135,0.01127,0.98738
29838150,2,2,0.00565,0.05818,0.93617
26199844,2,2,0.00273,0.01121,0.98606
21801634,2,2,0.00194,0.00663,0.99143
31705348,2,2,0.00234,0.00798,0.98968
17769460,2,1,0.07229,0.7864,0.1413
37872095,1,1,0.12337,0.8187,0.05793
18375700,2,1,0.02498,0.68578,0.28924
24503032,2,2,0.00113,0.0053,0.99358
13163627,2,2,0.00156,0.00695,0.99149
15174343,0,0,0.93752,0.06088,0.0016
3111379,2,2,0.00337,0.01616,0.98047
17338369,2,2,0.00134,0.00684,0.99182
9159893,2,1,0.03999,0.63545,0.32456
41171911,0,0,0.87149,0.12264,0.00587
23164564,2,1,0.085,0.84355,0.07144
27484038,2,2,0.00373,0.02351,0.97275
9959807,2,2,0.00379,0.02499,0.97122
8247125,2,2,0.00496,0.03517,0.95987
5061057,2,2,0.00154,0.00843,0.99003
25196992,2,2,0.00242,0.00683,0.99075
2226066,2,2,0.04861,0.07618,0.87521
3507497,2,2,0.00205,0.01618,0.98177
6220734,2,2,0.00111,0.00498,0.99391
27757557,0,0,0.57443,0.37379,0.05179
21211271,2,1,0.35808,0.58807,0.05385
16782474,2,2,0.0019,0.01625,0.98186
4158294,2,2,0.00103,0.00684,0.99213
23768201,2,2,0.00284,0.01598,0.98117
24109949,2,2,0.00769,0.14448,0.84783
30103602,2,2,0.00156,0.00586,0.99258
15681555,2,2,0.00124,0.00534,0.99343
24394321,2,2,0.00261,0.00647,0.99091
39728369,1,1,0.0758,0.82456,0.09964
27366009,2,2,0.00299,0.01397,0.98305
25236230,2,2,0.00132,0.00679,0.9919
24444893,2,2,0.00209,0.01031,0.9876
16863566,2,2,0.02309,0.39058,0.58633
25153176,2,1,0.06467,0.55434,0.38099
38862192,2,2,0.00719,0.18697,0.80584
38648672,0,0,0.92701,0.06828,0.00471
20020500,2,1,0.33318,0.48101,0.18581
9964956,2,2,0.00143,0.01482,0.98375
2253438,0,0,0.94525,0.04818,0.00657
30161750,2,2,0.00138,0.00555,0.99307
35984813,1,0,0.9864,0.01237,0.00123
31355754,2,2,0.00429,0.04098,0.95474
34115255,2,2,0.00164,0.00728,0.99109
40819854,2,2,0.00226,0.02875,0.96899
20734960,2,2,0.00134,0.00781,0.99086
34302245,0,0,0.95697,0.03974,0.00329
2171966,2,2,0.00116,0.00745,0.99139
29887808,2,2,0.00414,0.01317,0.98269
18271303,0,0,0.95369,0.04426,0.00205
30687598,2,2,0.00163,0.01072,0.98765
28939529,2,2,0.02246,0.42049,0.55705
24665163,2,2,0.00124,0.00498,0.99379
4420256,2,2,0.00193,0.01516,0.98291
3628810,0,0,0.666,0.31706,0.01694
10239288,2,2,0.00244,0.02747,0.97009
13353831,2,2,0.0043,0.05294,0.94276
6197428,0,0,0.60934,0.32362,0.06704
7937663,2,2,0.00142,0.00901,0.98957
33701433,2,2,0.00532,0.04155,0.95312
39227894,2,2,0.00177,0.00722,0.99101
6825265,2,2,0.00734,0.09015,0.90251
21283785,0,2,0.00551,0.05316,0.94133
7108080,2,2,0.03006,0.09828,0.87166
24602052,2,2,0.00125,0.00811,0.99063
8229951,2,2,0.00354,0.01537,0.98109
41594291,0,0,0.9671,0.03186,0.00105
5707605,2,2,0.01837,0.12366,0.85797
5336075,0,0,0.58844,0.23418,0.17737
16737704,0,0,0.97542,0.02365,0.00093
37897155,2,1,0.2242,0.70835,0.06745
28382900,0,0,0.97159,0.02559,0.00282
24997971,2,1,0.02775,0.59802,0.37423
8163113,2,2,0.0018,0.00538,0.99282
35169232,2,2,0.0087,0.03123,0.96007
22661180,2,2,0.00554,0.11916,0.8753
19947121,2,2,0.00683,0.02588,0.96729
28488432,2,2,0.00386,0.02064,0.97549
26740070,2,2,0.0028,0.01457,0.98262
8906162,0,0,0.98914,0.00985,0.00101
3462390,0,0,0.98109,0.01748,0.00143
32487430,0,0,0.93739,0.05534,0.00727
34847880,2,2,0.0018,0.00559,0.99261
17226659,2,2,0.00113,0.00669,0.99219
12944250,0,2,0.18933,0.26707,0.5436
15760406,2,2,0.00138,0.0087,0.98992
29527852,2,2,0.00175,0.01656,0.98168
26258036,2,0,0.97839,0.01919,0.00243
21071069,2,2,0.00182,0.01092,0.98726
35859168,2,2,0.00216,0.01096,0.98688
2616059,2,2,0.00104,0.00854,0.99043
32221434,2,2,0.00128,0.00457,0.99415
27262438,2,2,0.00302,0.03305,0.96393
10771019,2,2,0.00147,0.00568,0.99285
40707723,2,2,0.00422,0.02517,0.97061
33824308,2,2,0.00244,0.01226,0.9853
17080224,2,2,0.00438,0.07816,0.91746
21777894,2,2,0.00259,0.01397,0.98343
39148861,2,2,0.00168,0.0132,0.98512
32754400,2,2,0.00595,0.02373,0.97032
35533674,0,0,0.79173,0.16531,0.04296
37285864,2,2,0.0039,0.02556,0.97053
31762850,2,2,0.02206,0.11718,0.86076
29458991,2,2,0.00139,0.01218,0.98643
18502213,2,2,0.00256,0.01122,0.98622
23675146,2,2,0.00486,0.11089,0.88424
17802362,2,2,0.00581,0.03167,0.96251
5946171,2,2,0.00465,0.0221,0.97325
19800360,0,0,0.88219,0.11304,0.00478
13743810,2,2,0.01202,0.06971,0.91827
3580030,2,1,0.0291,0.83737,0.13353
36613327,0,0,0.98521,0.01386,0.00093
33926728,2,1,0.12341,0.46394,0.41264
18352232,1,0,0.78374,0.2005,0.01577
6642238,2,2,0.00812,0.26071,0.73117
37342491,2,2,0.00496,0.04921,0.94583
20090359,2,2,0.00423,0.02245,0.97332
41016565,2,1,0.03843,0.71389,0.24768
32490443,2,2,0.00142,0.01,0.98858
36141932,2,2,0.00792,0.06195,0.93013
19296239,2,2,0.02259,0.18117,0.79624
5013586,2,2,0.00207,0.02157,0.97636
1256270,2,0,0.48689,0.21271,0.3004
1517787,2,2,0.00795,0.07296,0.91909
40851686,2,2,0.0027,0.0498,0.9475
8510858,2,2,0.00122,0.00568,0.9931
28639130,2,2,0.00114,0.00769,0.99117
5896710,2,2,0.00209,0.00999,0.98791
39684640,2,2,0.00199,0.02895,0.96906
5636330,0,0,0.93872,0.0592,0.00209
34606416,2,2,0.00114,0.00609,0.99276
6707347,0,0,0.96154,0.03632,0.00214
11673723,1,0,0.98672,0.01228,0.001
34946470,2,2,0.06228,0.44781,0.48991
15288169,2,2,0.01098,0.14352,0.8455
37796452,2,2,0.00166,0.00613,0.9922
34823384,0,0,0.98711,0.01145,0.00144
6714484,0,0,0.98031,0.01609,0.00359
13463050,2,2,0.00176,0.01185,0.98639
25619027,2,2,0.02628,0.43758,0.53614
1790103,2,2,0.00753,0.0217,0.97077
34543795,0,0,0.83875,0.1576,0.00365
5336929,2,2,0.0012,0.00648,0.99232
14389875,2,2,0.00422,0.02517,0.97061
28925356,2,2,0.00344,0.0435,0.95306
38874559,2,2,0.00495,0.03728,0.95777
35824291,2,2,0.01379,0.11284,0.87337
36191911,2,2,0.00196,0.01166,0.98637
20801173,2,2,0.00161,0.01023,0.98816
13807101,2,2,0.00183,0.02093,0.97725
7631426,2,0,0.54999,0.32777,0.12224
4674272,2,0,0.84772,0.14731,0.00496
26942649,2,2,0.00211,0.0196,0.97829
37996664,2,2,0.00113,0.00397,0.9949
18036029,0,0,0.9883,0.00988,0.00182
2054513,2,2,0.00242,0.01997,0.9776
41108217,2,2,0.00356,0.05339,0.94305
68470,2,2,0.04265,0.10072,0.85663
29743402,2,2,0.00188,0.02485,0.97328
33184562,2,2,0.00203,0.01175,0.98622
7093663,2,2,0.00406,0.01819,0.97775
30337705,2,2,0.00457,0.06857,0.92686
21717870,2,2,0.00258,0.02099,0.97643
41193285,2,2,0.00259,0.01509,0.98232
6665967,2,2,0.00219,0.01039,0.98742
8062524,2,2,0.00149,0.00711,0.9914
7328848,2,2,0.00402,0.05707,0.93891
2024963,2,2,0.00174,0.00843,0.98983
35855224,2,2,0.00206,0.00954,0.9884
25965340,0,0,0.98915,0.00947,0.00138
5929069,2,2,0.00193,0.01398,0.98409
34834150,2,2,0.0039,0.02696,0.96914
11609427,2,2,0.00291,0.00816,0.98892
10413277,2,2,0.00123,0.00985,0.98892
17454108,2,2,0.00264,0.01096,0.9864
8940934,2,2,0.01869,0.16144,0.81987
34938590,2,2,0.00237,0.01007,0.98756
8427373,0,0,0.90826,0.06936,0.02239
2494772,2,2,0.002,0.00947,0.98853
38424870,1,1,0.06281,0.91305,0.02414
497659,2,1,0.02465,0.74328,0.23206
29766798,2,2,0.00422,0.02517,0.97061
3400332,2,0,0.69703,0.28606,0.01691
3477981,2,2,0.00121,0.01032,0.98847
4702551,2,2,0.01537,0.36095,0.62367
28824725,2,2,0.00135,0.0114,0.98724
39983248,2,2,0.03145,0.16368,0.80487
30029111,2,2,0.01453,0.39585,0.58962
17717272,2,2,0.00324,0.01138,0.98538
35697702,2,2,0.0016,0.01341,0.98499
21684492,2,2,0.01094,0.0496,0.93947
39624510,2,2,0.00305,0.02326,0.97369
22605817,2,2,0.00101,0.00482,0.99416
36252493,2,2,0.00231,0.00739,0.99031
550961,2,2,0.0028,0.01719,0.98001
39620019,2,2,0.00139,0.01432,0.98429
13395457,2,2,0.0013,0.00679,0.99192
36213976,2,2,0.03055,0.05553,0.91392
5226926,2,2,0.01282,0.27084,0.71635
32531837,0,0,0.98047,0.01853,0.001
4173956,0,0,0.95715,0.04072,0.00213
25978031,0,0,0.93022,0.05415,0.01563
15960089,2,1,0.02734,0.58923,0.38342
39549074,2,2,0.00915,0.25227,0.73858
29971114,2,2,0.00703,0.17999,0.81298
16578846,2,2,0.00459,0.14835,0.84706
27022603,2,2,0.00151,0.00653,0.99196
16894299,1,1,0.06061,0.89583,0.04357
4804086,2,2,0.00598,0.01998,0.97404
17363729,2,2,0.11033,0.2346,0.65507
40609669,2,2,0.00292,0.02139,0.97569
9384577,2,2,0.00414,0.0139,0.98196
21205912,0,0,0.99196,0.00576,0.00227
29218227,1,0,0.50768,0.48066,0.01166
14484129,2,0,0.59447,0.30961,0.09591
39344651,2,2,0.00149,0.00581,0.9927
2956146,2,2,0.00261,0.03712,0.96026
33122668,2,2,0.0022,0.0089,0.98891
32010099,2,2,0.00146,0.01004,0.9885
1588878,2,2,0.00276,0.01314,0.9841
19569708,0,1,0.10065,0.7901,0.10925
40321008,2,2,0.02395,0.11168,0.86437
10920491,1,1,0.42586,0.55979,0.01435
40188384,2,2,0.00257,0.00876,0.98868
27346605,0,0,0.9665,0.0322,0.0013
10545677,2,0,0.51305,0.4745,0.01245
1087114,2,2,0.00177,0.00628,0.99195
1872581,0,0,0.8861,0.10358,0.01032
5465533,2,2,0.00362,0.02351,0.97287
27925899,2,2,0.00514,0.03029,0.96457
38168894,0,0,0.92534,0.07094,0.00372
30076328,2,2,0.00513,0.0181,0.97677
9671006,0,0,0.90466,0.09134,0.004
22373871,2,0,0.73745,0.25486,0.0077
2797238,2,2,0.0085,0.02394,0.96756
14758016,2,2,0.00211,0.01714,0.98075
36287471,2,2,0.00636,0.10657,0.88707
39880095,2,2,0.00158,0.00911,0.98931
5305107,2,2,0.00098,0.00494,0.99408
39187579,2,2,0.00205,0.01734,0.98061
22927268,2,2,0.04553,0.10201,0.85246
16788421,2,2,0.00112,0.0106,0.98828
23504635,2,2,0.00095,0.00509,0.99396
38951915,2,2,0.00578,0.05178,0.94243
22654643,2,2,0.0013,0.00668,0.99202
36147661,1,1,0.08307,0.84559,0.07133
27291071,0,0,0.93034,0.06753,0.00213
40721083,2,2,0.00232,0.01788,0.97981
7844259,2,2,0.01523,0.07864,0.90613
19635419,2,2,0.00172,0.00684,0.99145
36153730,0,0,0.83695,0.15973,0.00332
25591760,0,0,0.70737,0.28358,0.00904
9625437,2,2,0.00116,0.00944,0.9894
40243950,2,2,0.00182,0.00947,0.98871
2144401,2,2,0.33111,0.23025,0.43864
19065647,2,2,0.00156,0.00689,0.99154
33204903,2,2,0.00239,0.01822,0.97939
29805331,2,2,0.00773,0.0844,0.90786
13137936,2,2,0.0025,0.03398,0.96351
38832885,2,2,0.00235,0.0176,0.98004
16119314,2,2,0.00244,0.0143,0.98326
32014989,0,0,0.91576,0.08128,0.00296
29791848,2,2,0.01086,0.02627,0.96287
10008711,2,2,0.00166,0.01136,0.98699
2706597,2,2,0.01177,0.18848,0.79975
35795677,2,2,0.00151,0.00877,0.98972
24778999,2,2,0.00188,0.01105,0.98707
21486004,2,2,0.00337,0.01712,0.97951
19914142,0,0,0.77417,0.08485,0.14099
1575371,2,2,0.00111,0.00674,0.99215
31993759,2,2,0.00179,0.01131,0.9869
31525988,1,0,0.94589,0.05223,0.00188
22623051,2,2,0.00458,0.03688,0.95854
29474104,2,2,0.00271,0.017,0.98029
266996,2,2,0.00385,0.02433,0.97182
37557804,2,2,0.00457,0.12535,0.87009
15021905,0,0,0.87552,0.11989,0.00459
35074465,2,2,0.00465,0.05218,0.94317
38150099,2,2,0.00352,0.05185,0.94463
16661157,2,2,0.00352,0.02162,0.97486
30853288,2,2,0.00225,0.01504,0.98271
9343028,2,2,0.00322,0.01491,0.98187
39809343,2,2,0.00162,0.00457,0.99382
26477885,2,2,0.00356,0.02406,0.97238
36501577,0,0,0.98537,0.01368,0.00096
6158580,2,2,0.00268,0.01245,0.98487
6580032,2,2,0.01662,0.44573,0.53765
39790299,2,2,0.00304,0.01054,0.98642
10233841,2,2,0.00585,0.04023,0.95392
1209411,2,2,0.00315,0.0377,0.95915
38311130,0,0,0.98835,0.01035,0.00129
4480397,2,2,0.0015,0.0191,0.97941
7058890,2,2,0.0053,0.03051,0.96418
35288568,2,2,0.24663,0.21952,0.53385
11419329,2,2,0.00203,0.00925,0.98872
1936638,0,0,0.91333,0.08012,0.00655
34711300,0,0,0.9399,0.05595,0.00415
17354905,2,2,0.00619,0.03166,0.96215
9157039,0,0,0.98788,0.0111,0.00102
21591504,2,2,0.0017,0.01341,0.98489
20573547,2,2,0.00293,0.01773,0.97934
11518583,2,2,0.00151,0.00843,0.99006
14949282,2,2,0.00113,0.00505,0.99382
23680649,2,2,0.00854,0.0641,0.92736
39113292,2,2,0.04052,0.07252,0.88696
30576469,2,2,0.00255,0.01539,0.98206
33071137,2,2,0.01714,0.23108,0.75178
9627035,2,2,0.00127,0.00763,0.9911
38452029,2,2,0.00657,0.18531,0.80812
29306586,2,2,0.00404,0.02368,0.97228
28974219,2,2,0.00472,0.02278,0.9725
32676474,0,0,0.88379,0.10535,0.01087
24659570,2,2,0.00626,0.01982,0.97392
8958502,2,2,0.00252,0.01279,0.98469
2216867,2,2,0.01634,0.13224,0.85142
17356817,2,2,0.00142,0.00739,0.99119
10821869,2,2,0.00182,0.01176,0.98643
27182038,2,2,0.01333,0.10876,0.87791
30892151,0,0,0.91763,0.07987,0.0025
1083780,2,2,0.00214,0.00501,0.99285
26417659,2,2,0.02099,0.07241,0.9066
1671697,1,0,0.91843,0.07963,0.00195
25175797,2,2,0.0136,0.07674,0.90966
37436211,0,0,0.86614,0.12625,0.00761
13728325,1,0,0.65257,0.33855,0.00888
29292399,0,0,0.75725,0.24015,0.00261
34517321,2,2,0.00257,0.02413,0.9733
25761769,2,2,0.00394,0.01792,0.97815
10232202,2,2,0.00166,0.00856,0.98978
29136656,2,1,0.09059,0.59073,0.31868
21804769,2,2,0.06611,0.2232,0.7107
3141411,2,2,0.00173,0.01459,0.98368
3956963,2,2,0.00337,0.0323,0.96433
7097565,2,2,0.00491,0.07467,0.92042
41255718,2,2,0.00156,0.00793,0.99051
31257894,2,2,0.00669,0.03059,0.96272
12932697,2,2,0.00233,0.01361,0.98407
40791205,2,2,0.00577,0.02437,0.96986
5268210,2,2,0.00856,0.10504,0.8864
32312458,0,0,0.5822,0.40644,0.01135
32726790,2,2,0.00928,0.02871,0.962
33812134,0,0,0.97757,0.02029,0.00214
21625452,2,2,0.0173,0.18128,0.80142
2263303,0,0,0.95009,0.04786,0.00205
16822627,2,2,0.0045,0.02376,0.97174
9933658,2,2,0.00236,0.01533,0.98231
14427428,2,2,0.00194,0.01084,0.98722
3933379,2,2,0.0018,0.01916,0.97903
14792877,2,2,0.00122,0.00513,0.99365
20266680,2,2,0.00238,0.02409,0.97354
8377387,2,2,0.00218,0.0151,0.98272
6372743,2,2,0.00356,0.02406,0.97238
32730448,2,2,0.01073,0.1504,0.83887
20382705,0,0,0.98083,0.01755,0.00162
27198071,2,2,0.00497,0.01838,0.97665
12934422,2,2,0.05233,0.38067,0.567
22897976,2,2,0.01907,0.31387,0.66706
40204511,2,2,0.00197,0.00774,0.99029
19502771,2,1,0.18484,0.71866,0.0965
18026070,2,1,0.04798,0.60302,0.349
37012496,2,2,0.00417,0.03823,0.9576
19721653,2,2,0.00133,0.0085,0.99017
19914681,2,2,0.01708,0.23948,0.74344
12052011,2,2,0.0014,0.00883,0.98977
16788555,2,2,0.00459,0.01896,0.97644
6411116,2,2,0.01024,0.16336,0.82639
9795294,2,2,0.00806,0.10246,0.88947
19021041,0,0,0.98026,0.01483,0.00491
20939444,2,2,0.0047,0.11265,0.88264
35724517,2,2,0.0051,0.03805,0.95684
23196476,2,2,0.00114,0.00815,0.99071
18988280,2,2,0.00235,0.02132,0.97634
25767140,2,1,0.09636,0.83895,0.06469
12129315,2,2,0.00273,0.02684,0.97044
27116469,2,2,0.00126,0.00668,0.99206
21343940,0,0,0.88225,0.11305,0.0047
25326897,0,0,0.77886,0.21628,0.00485
38500768,0,0,0.9892,0.00966,0.00114
19798471,2,2,0.00219,0.01039,0.98742
30070814,2,1,0.03714,0.85197,0.11088
6815176,2,0,0.94688,0.04845,0.00467
8782087,2,2,0.00147,0.0085,0.99004
5130375,2,1,0.11737,0.54697,0.33566
16344387,0,0,0.96982,0.02714,0.00304
28427217,2,2,0.00124,0.00763,0.99114
9714526,2,2,0.00132,0.00534,0.99335
17655234,1,1,0.09217,0.8935,0.01433
2456875,2,2,0.00171,0.00965,0.98863
17497020,2,2,0.00422,0.02517,0.97061
31082123,0,0,0.66564,0.32441,0.00995
14200707,2,2,0.00207,0.00638,0.99156
38344619,2,2,0.00131,0.01024,0.98845
4780339,2,2,0.02335,0.15347,0.82318
29459605,2,2,0.00188,0.01023,0.98789
30759,2,2,0.00207,0.02072,0.97721
26595271,0,0,0.98812,0.00939,0.00249
2413321,2,2,0.01787,0.0936,0.88852
5930940,2,2,0.00208,0.01865,0.97927
5647210,0,0,0.98156,0.01692,0.00152
29070772,0,0,0.98991,0.00912,0.00098
6960592,2,2,0.02631,0.12936,0.84434
28896201,2,2,0.00419,0.03245,0.96336
30668129,0,1,0.49331,0.50108,0.00561
12116687,2,2,0.00267,0.0148,0.98252
480272,2,2,0.00185,0.00962,0.98853
9897271,0,0,0.93752,0.05724,0.00524
25150956,2,2,0.00387,0.04919,0.94694
4825333,2,2,0.00159,0.0203,0.97811
34879893,2,2,0.00351,0.02352,0.97297
6907177,2,2,0.00842,0.10579,0.88579
28495640,2,2,0.00222,0.01599,0.98179
38176652,2,2,0.00171,0.00786,0.99042
31101260,2,2,0.30458,0.17094,0.52448
18482968,0,0,0.93888,0.0584,0.00272
7252418,2,2,0.00219,0.02881,0.96901
561166,2,2,0.00398,0.03683,0.95919
19520156,0,0,0.97212,0.02625,0.00163
5560757,2,2,0.00171,0.01055,0.98774
40156136,2,2,0.00296,0.02353,0.97351
35154367,0,0,0.9862,0.01261,0.00119
39302921,2,2,0.00426,0.06037,0.93537
15412125,2,2,0.02292,0.31764,0.65944
28317461,2,1,0.03698,0.79068,0.17234
25325183,2,2,0.00157,0.01443,0.984
35269639,2,2,0.00168,0.01097,0.98735
402687,0,0,0.98977,0.00922,0.00101
26870198,0,1,0.46391,0.52568,0.01041
39268164,2,2,0.00206,0.01101,0.98693
17731181,2,2,0.01871,0.05125,0.93004
12289883,2,2,0.00227,0.00856,0.98917
14585249,0,1,0.08388,0.46969,0.44643
6178691,2,2,0.00535,0.03734,0.95732
37112830,2,2,0.00914,0.08707,0.90379
14860535,2,2,0.00304,0.01211,0.98485
18510753,2,2,0.00207,0.00762,0.99031
7010634,2,2,0.00489,0.01881,0.9763
27758355,2,2,0.00234,0.02512,0.97254
30895661,1,1,0.08397,0.75134,0.16469
12618555,2,2,0.00169,0.00648,0.99183
24260191,0,0,0.98244,0.01569,0.00187
25877718,2,2,0.00182,0.00904,0.98914
4214011,2,2,0.0012,0.00586,0.99294
3853787,2,2,0.00464,0.02358,0.97178
13973077,2,2,0.00207,0.00823,0.9897
30967367,2,2,0.10428,0.27419,0.62153
33991236,2,2,0.00269,0.00869,0.98862
24160035,2,1,0.14543,0.76775,0.08682
531408,2,2,0.00621,0.07202,0.92177
29765266,1,1,0.1099,0.84835,0.04174
26056426,2,2,0.00367,0.02537,0.97096
22044680,0,0,0.98947,0.0097,0.00083
9121851,0,0,0.84408,0.15074,0.00518
31703783,2,2,0.01977,0.08545,0.89478
19251263,2,2,0.00198,0.00581,0.99222
25050324,2,2,0.1434,0.24453,0.61206
26731236,2,2,0.04997,0.38698,0.56305
31752578,2,2,0.00396,0.02706,0.96898
34425321,0,0,0.63681,0.27496,0.08823
8124325,2,2,0.00253,0.01014,0.98733
36213207,2,2,0.0233,0.11591,0.86079
4078799,0,0,0.94657,0.05237,0.00106
1882029,2,2,0.00188,0.02241,0.9757
34811395,2,2,0.00359,0.04688,0.94953
13273054,1,2,0.07467,0.17704,0.74829
22491609,0,0,0.93095,0.06639,0.00266
2287341,2,2,0.00207,0.02199,0.97594
28461489,2,2,0.00596,0.03717,0.95686
3472319,2,2,0.00348,0.01779,0.97874
6406853,0,1,0.27592,0.6776,0.04647
13111868,2,2,0.01413,0.06982,0.91606
28399774,2,2,0.00196,0.01404,0.984
26508590,2,2,0.00308,0.01497,0.98195
15992372,2,2,0.00147,0.00559,0.99294
18369194,0,0,0.97303,0.02585,0.00112
24557445,1,0,0.62212,0.37149,0.00639
20305876,2,2,0.00545,0.07779,0.91676
33234478,2,2,0.00203,0.01075,0.98722
7954744,2,2,0.00171,0.01153,0.98676
35350443,2,2,0.00653,0.06802,0.92544
10863454,2,2,0.00146,0.01208,0.98646
37575828,2,2,0.00118,0.00867,0.99015
29961597,0,0,0.96526,0.03263,0.00211
27891880,2,2,0.00185,0.02733,0.97083
26432479,2,2,0.00199,0.01371,0.98429
1410551,0,1,0.3761,0.61526,0.00864
12207662,2,2,0.0164,0.11589,0.86771
23596712,2,2,0.00293,0.01773,0.97934
2706963,2,2,0.00382,0.01647,0.97971
3319136,2,2,0.00174,0.01019,0.98807
22338212,2,1,0.02845,0.51231,0.45923
31001190,0,0,0.98531,0.0137,0.00099
33671248,0,0,0.91375,0.08222,0.00404
23336427,0,0,0.97759,0.0213,0.00111
36576636,2,1,0.06533,0.85047,0.08421
38095929,2,2,0.00124,0.00674,0.99203
6363704,2,2,0.01184,0.10451,0.88365
28602514,2,2,0.00205,0.01498,0.98296
9713492,2,2,0.00179,0.00856,0.98964
4444590,2,2,0.01097,0.11759,0.87144
13523098,2,2,0.00361,0.02676,0.96963
16639966,2,2,0.01244,0.08783,0.89973
36890306,2,2,0.00107,0.00831,0.99062
8589191,1,1,0.03762,0.86301,0.09937
12947551,2,2,0.00364,0.01778,0.97858
26034750,2,2,0.00494,0.02468,0.97039
14265964,2,2,0.00284,0.01766,0.9795
18401779,2,2,0.00124,0.00633,0.99243
15614033,2,2,0.03028,0.05679,0.91293
23170240,2,2,0.01182,0.20956,0.77862
35911788,2,2,0.00422,0.02517,0.97061
25785850,2,0,0.98443,0.01435,0.00123
11824526,0,0,0.7926,0.20197,0.00542
16090574,2,1,0.41154,0.57584,0.01262
20910419,0,0,0.93861,0.05821,0.00318
27277479,2,2,0.03919,0.1097,0.85111
41454549,2,2,0.00206,0.01208,0.98587
26472663,2,2,0.00342,0.03347,0.96311
27469949,2,1,0.26449,0.69957,0.03594
1117888,2,2,0.00615,0.06724,0.92661
24952155,0,1,0.15866,0.72794,0.11339
39483121,0,0,0.9894,0.00863,0.00197
15645325,2,2,0.00477,0.07099,0.92423
32869822,0,0,0.99154,0.00722,0.00124
29212477,2,2,0.00278,0.02189,0.97533
38437458,2,2,0.0043,0.0235,0.97221
38816719,0,0,0.98424,0.01457,0.00119
17693768,2,2,0.00132,0.00471,0.99397
27448170,2,2,0.00187,0.0151,0.98303
21906660,2,2,0.00419,0.01678,0.97903
34794408,2,2,0.13158,0.2028,0.66562
20589551,2,2,0.00187,0.01241,0.98572
40838276,0,0,0.95114,0.04754,0.00132
13725812,2,2,0.0021,0.00856,0.98934
6137173,2,2,0.29525,0.28367,0.42108
39270347,2,2,0.00115,0.00498,0.99388
3952394,2,2,0.00574,0.01377,0.98049
26254840,2,2,0.00149,0.00538,0.99313
30669662,2,2,0.00684,0.03907,0.95408
9592119,2,2,0.0037,0.03347,0.96284
38981980,2,2,0.00207,0.00798,0.98995
18224941,0,0,0.96166,0.0361,0.00224
16897488,2,2,0.00119,0.01145,0.98736
811453,2,2,0.00348,0.01597,0.98055
26871305,1,0,0.9679,0.02855,0.00355
10838270,2,2,0.05657,0.05505,0.88838
28364936,2,2,0.00136,0.00787,0.99078
36254264,2,2,0.00227,0.02084,0.97689
21625201,2,2,0.02118,0.08518,0.89364
618798,2,2,0.01762,0.05,0.93238
11442745,2,2,0.00095,0.0053,0.99375
28264230,0,0,0.84435,0.14502,0.01063
12773855,2,2,0.0042,0.01411,0.98168
3714600,2,2,0.00297,0.01951,0.97752
6412568,2,0,0.53159,0.41239,0.05603
19643276,2,2,0.00416,0.02432,0.97152
13133630,2,2,0.002,0.00798,0.99001
22565343,2,2,0.00154,0.00751,0.99096
2300037,2,2,0.00505,0.01657,0.97837
27876316,2,2,0.00116,0.00623,0.9926
21515195,0,0,0.96091,0.03608,0.00301
3865725,2,2,0.01581,0.21065,0.77354
9150514,2,2,0.02567,0.09055,0.88379
15667842,2,2,0.00757,0.23263,0.7598
5271173,2,2,0.00417,0.02271,0.97312
29799946,2,2,0.00212,0.03038,0.9675
12738423,2,2,0.00206,0.01007,0.98787
35347221,2,2,0.00804,0.06297,0.92899
38722269,2,2,0.00164,0.00467,0.99369
11281810,2,2,0.00656,0.04917,0.94426
27479741,2,2,0.01057,0.01562,0.97381
26356768,1,1,0.02057,0.66019,0.31925
33008955,0,0,0.78816,0.17381,0.03803
7839799,2,2,0.01714,0.23108,0.75178
9585028,0,0,0.99005,0.00898,0.00098
24032066,2,1,0.07045,0.57175,0.35779
3785078,2,2,0.00326,0.03405,0.96268
30052264,2,2,0.00302,0.03361,0.96337
9499867,2,2,0.00248,0.01381,0.98371
9471250,0,0,0.95542,0.04297,0.0016
16453782,2,2,0.00151,0.00996,0.98853
1691380,2,2,0.0022,0.02157,0.97623
39165648,2,2,0.23321,0.17128,0.59551
10517588,2,1,0.33494,0.41359,0.25147
17975121,1,2,0.00593,0.04192,0.95215
22469736,2,2,0.10166,0.20634,0.692
29111606,2,2,0.00122,0.00722,0.99156
25840799,2,2,0.00124,0.00763,0.99114
11146583,2,2,0.00864,0.03135,0.96002
18155857,1,1,0.18002,0.77284,0.04714
37435825,2,2,0.00344,0.01268,0.98388
3854881,2,2,0.00346,0.03603,0.96051
5611441,2,1,0.16976,0.55444,0.27581
29872241,2,2,0.00309,0.01104,0.98587
6057532,2,0,0.98679,0.01209,0.00112
37732328,2,2,0.00431,0.03593,0.95976
21843563,1,1,0.1119,0.84812,0.03998
26003940,2,2,0.00111,0.00623,0.99266
26253723,2,1,0.03861,0.77541,0.18598
1029439,0,0,0.89664,0.09827,0.00509
17501557,1,1,0.26648,0.71872,0.0148
19735301,0,0,0.98661,0.01075,0.00264
15548785,0,0,0.99286,0.00555,0.00159
35020657,2,2,0.00165,0.01638,0.98198
8798942,2,2,0.00929,0.14162,0.84909
29081436,2,2,0.00352,0.0217,0.97478
298120,2,2,0.00297,0.02058,0.97645
11291151,2,2,0.00609,0.09058,0.90333
18011930,2,2,0.00146,0.01031,0.98822
6405877,2,2,0.00623,0.05406,0.93971
28126901,2,2,0.0028,0.01424,0.98295
5825631,2,2,0.00298,0.01667,0.98035
35351336,2,2,0.00349,0.01473,0.98178
21383674,2,2,0.04411,0.41851,0.53738
37997780,2,2,0.00281,0.01139,0.9858
2611809,2,2,0.0013,0.01626,0.98244
17644873,0,1,0.45447,0.53549,0.01004
23515034,2,2,0.00227,0.02341,0.97432
23226148,2,2,0.01588,0.08985,0.89427
20018834,2,2,0.00173,0.01255,0.98571
30886644,2,2,0.01244,0.03728,0.95028
29956130,2,2,0.005,0.02797,0.96703
978099,2,2,0.02285,0.06434,0.91281
3724115,2,2,0.00159,0.007,0.99141
11968281,2,2,0.00244,0.01469,0.98287
34092366,2,2,0.00987,0.2595,0.73063
15331994,2,2,0.00218,0.01481,0.98301
37384009,2,1,0.01682,0.49543,0.48775
28236237,0,0,0.99175,0.0074,0.00085
20329011,0,0,0.95795,0.0402,0.00185
8190978,0,0,0.96978,0.02778,0.00244
23062086,2,2,0.00128,0.00609,0.99263
6245694,0,1,0.17001,0.81424,0.01575
13395931,2,2,0.00214,0.0193,0.97856
20019766,2,1,0.11827,0.81533,0.06641
12604869,2,2,0.01955,0.08873,0.89173
19279290,0,1,0.36012,0.59374,0.04614
26676452,2,2,0.00517,0.01043,0.9844
27330086,2,2,0.00425,0.01904,0.97671
17908779,2,2,0.00343,0.02971,0.96685
32562995,2,2,0.01179,0.05152,0.93669
19403200,2,2,0.00145,0.00426,0.99429
440839,2,2,0.00218,0.01498,0.98283
26003201,2,2,0.01026,0.09458,0.89516
36077042,2,1,0.01479,0.54627,0.43894
324737,2,2,0.00153,0.01076,0.98771
13224431,2,2,0.00207,0.00836,0.98957
12580358,0,0,0.54464,0.44801,0.00736
28649711,2,2,0.00249,0.0071,0.9904
19260535,1,0,0.81912,0.17715,0.00373
5877803,2,2,0.00249,0.00968,0.98783
24703110,2,2,0.00732,0.0336,0.95908
20901455,2,2,0.00166,0.01072,0.98763
29147616,2,2,0.00179,0.01114,0.98707
17331233,2,2,0.00205,0.01493,0.98302
244553,2,2,0.00478,0.04005,0.95517
14901258,2,2,0.00579,0.07911,0.9151
29809817,2,2,0.0012,0.00873,0.99007
26776822,2,2,0.00129,0.01085,0.98786
37251378,2,2,0.0051,0.02393,0.97097
33250959,2,0,0.78028,0.11329,0.10643
34298157,2,2,0.00222,0.01387,0.98391
28952278,2,2,0.00194,0.01109,0.98697
8539979,2,2,0.0014,0.00739,0.99121
9115712,2,2,0.00437,0.03668,0.95895
24718549,2,2,0.00365,0.01628,0.98007
34482585,2,2,0.00147,0.0085,0.99004
7930053,2,2,0.00288,0.02027,0.97685
17596053,2,2,0.00366,0.01401,0.98233
7464745,2,2,0.00818,0.14465,0.84717
16903041,2,2,0.00241,0.01202,0.98557
27625728,2,2,0.02901,0.46086,0.51013
34203273,2,2,0.00135,0.01047,0.98817
36141502,2,2,0.01714,0.23108,0.75178
11397882,2,2,0.00346,0.03589,0.96064
31104811,2,2,0.00278,0.02172,0.9755
28922744,2,2,0.00239,0.01707,0.98054
38570543,0,0,0.89368,0.10185,0.00447
7508908,2,2,0.00943,0.12818,0.86239
5529657,0,0,0.89458,0.0992,0.00622
10008868,0,2,0.0014,0.00555,0.99305
21495940,2,2,0.00771,0.02072,0.97156
5598345,0,0,0.99096,0.00594,0.00311
25371440,2,2,0.00243,0.03254,0.96503
10813906,2,2,0.00337,0.03145,0.96517
14158426,2,2,0.00585,0.04023,0.95392
10014526,2,2,0.00234,0.01015,0.98752
11900889,2,2,0.00156,0.00581,0.99263
15057086,2,2,0.00523,0.02807,0.96669
13962306,0,0,0.64957,0.34498,0.00545
21748848,1,0,0.88286,0.11401,0.00313
2497741,2,2,0.00215,0.01587,0.98198
36026045,2,2,0.00171,0.00904,0.98925
11647675,2,2,0.06375,0.35004,0.58621
20930249,2,2,0.00103,0.00517,0.9938
29018904,2,2,0.01323,0.46643,0.52034
11561317,2,2,0.00114,0.00775,0.99111
21992178,2,2,0.00575,0.01285,0.98141
35692738,2,2,0.05519,0.4046,0.54021
29582886,2,2,0.0051,0.02277,0.97213
33688122,2,2,0.01155,0.12618,0.86227
15732266,0,0,0.96849,0.02156,0.00995
22730928,2,1,0.04058,0.78384,0.17558
32991306,2,2,0.01344,0.1151,0.87146
6854569,0,0,0.87624,0.12093,0.00283
35808885,2,2,0.00154,0.00568,0.99278
29112666,0,0,0.9309,0.0677,0.0014
3724110,1,1,0.04129,0.85558,0.10314
11256824,2,2,0.00462,0.01389,0.98149
37383290,0,0,0.81689,0.16792,0.0152
20801834,2,2,0.00265,0.00817,0.98918
38149656,2,2,0.00239,0.01872,0.97889
1483023,2,2,0.00121,0.01136,0.98743
34981040,2,2,0.00106,0.0086,0.99034
33921479,2,2,0.00431,0.01971,0.97598
30675590,2,2,0.00356,0.02406,0.97238
20266417,0,0,0.98153,0.01611,0.00236
16659655,2,2,0.00748,0.02866,0.96387
24436481,2,2,0.00387,0.06312,0.93301
35780115,2,2,0.00163,0.01227,0.9861
3193069,2,2,0.00096,0.0076,0.99144
10657778,2,2,0.00357,0.05088,0.94555
15664470,0,0,0.99084,0.00781,0.00136
17345637,0,0,0.89365,0.10264,0.00371
31994054,2,2,0.00168,0.0094,0.98892
15692531,2,2,0.00227,0.00932,0.98842
472805,2,2,0.00129,0.00831,0.9904
22999255,2,2,0.00275,0.01842,0.97883
32937073,2,2,0.00312,0.01814,0.97875
35802496,2,2,0.00177,0.03777,0.96046
8452327,2,2,0.00461,0.02951,0.96587
23372778,2,2,0.00313,0.0123,0.98457
8978915,2,0,0.54365,0.29906,0.15729
13922755,2,2,0.00216,0.01231,0.98553
5748928,2,2,0.00791,0.09212,0.89997
23674660,2,2,0.00375,0.01862,0.97763
14526438,2,2,0.00344,0.01288,0.98369
7290346,2,2,0.00122,0.00674,0.99205
30807660,2,1,0.02406,0.74854,0.2274
617794,2,2,0.00792,0.11846,0.87362
28490342,2,2,0.00508,0.01218,0.98274
32013673,1,1,0.12438,0.85165,0.02397
33998896,1,2,0.01577,0.35902,0.6252
14964335,2,2,0.00967,0.3228,0.66753
36404298,2,1,0.24646,0.73291,0.02063
2845599,2,2,0.00261,0.00786,0.98953
14556175,2,2,0.00105,0.01008,0.98887
7415765,2,2,0.01329,0.06912,0.91759
24819451,1,0,0.82256,0.17513,0.00231
34257851,2,2,0.00422,0.02517,0.97061
4263729,2,2,0.00244,0.01371,0.98385
5366945,2,1,0.01291,0.6886,0.29849
2954478,2,2,0.00287,0.00816,0.98897
28176834,2,2,0.00134,0.00706,0.99161
15944838,2,2,0.00401,0.02908,0.9669
16881849,2,1,0.22123,0.54782,0.23095
31189159,2,2,0.00228,0.03515,0.96258
19346194,2,0,0.67755,0.31264,0.00982
28593830,2,1,0.02115,0.72818,0.25067
2326066,0,1,0.18566,0.76955,0.04479
3485349,0,0,0.97477,0.02213,0.0031
21625337,2,2,0.00179,0.00856,0.98964
4477812,2,2,0.00399,0.03396,0.96204
12016185,2,1,0.01987,0.70043,0.2797
2415504,2,2,0.00154,0.00728,0.99118
23853518,2,2,0.00298,0.03194,0.96508
15893761,0,0,0.92397,0.0728,0.00323
39969108,0,0,0.63243,0.32682,0.04075
7057891,2,2,0.00263,0.01486,0.98251
24039479,2,2,0.00165,0.01232,0.98603
5927774,2,2,0.00169,0.00863,0.98968
6648084,2,2,0.00203,0.02779,0.97018
16995618,0,0,0.99305,0.00577,0.00118
35181671,2,2,0.00865,0.05255,0.9388
31369344,2,2,0.00184,0.0131,0.98506
33018135,2,2,0.00196,0.01398,0.98406
22207044,2,2,0.00228,0.01747,0.98025
20786430,2,2,0.00312,0.03261,0.96427
16097030,2,2,0.01297,0.04123,0.94579
25890746,2,2,0.00226,0.0126,0.98515
25563949,2,2,0.00356,0.02406,0.97238
17543914,2,2,0.00138,0.00604,0.99258
31087577,0,0,0.99267,0.00581,0.00152
32239657,2,1,0.06067,0.78071,0.15861
38289930,2,2,0.00104,0.00564,0.99332
23752133,2,2,0.00118,0.00831,0.99052
1069991,2,2,0.02185,0.07762,0.90053
14073967,2,2,0.00298,0.01586,0.98116
16684574,2,2,0.00426,0.0175,0.97824
27645337,2,2,0.00161,0.00733,0.99105
4201498,2,2,0.00165,0.01232,0.98603
31110137,2,2,0.00179,0.01158,0.98663
23993755,2,2,0.00203,0.01105,0.98692
13395141,2,2,0.00298,0.03231,0.96471
22841118,2,1,0.2123,0.51655,0.27114
36742664,2,2,0.00111,0.00908,0.98981
5803954,2,2,0.00145,0.00623,0.99232
37217885,2,2,0.00748,0.15494,0.83759
34386317,2,2,0.00132,0.00658,0.9921
15707858,2,2,0.0029,0.02628,0.97082
15855299,2,2,0.01285,0.35831,0.62885
13718219,2,2,0.04363,0.11361,0.84276
7249788,2,2,0.00499,0.02819,0.96682
3543317,2,2,0.00152,0.01552,0.98296
10252969,2,2,0.04153,0.08438,0.8741
18541950,2,2,0.00262,0.0202,0.97718
11397166,2,2,0.00145,0.00638,0.99218
8012656,2,2,0.00203,0.01226,0.98571
18116929,2,2,0.00142,0.00604,0.99253
27723714,2,2,0.00179,0.0087,0.98951
21946807,2,0,0.95209,0.04216,0.00575
3184710,2,2,0.00142,0.0078,0.99077
32945679,2,2,0.00185,0.01199,0.98617
10280469,2,2,0.00103,0.00609,0.99288
13562564,2,1,0.06053,0.65072,0.28875
12154632,0,2,0.03304,0.10147,0.86549
9719200,2,2,0.01705,0.16787,0.81508
31978820,2,2,0.00438,0.01941,0.97621
10396018,2,2,0.00767,0.09173,0.9006
15999363,2,2,0.00922,0.10738,0.8834
37545207,2,2,0.00678,0.06214,0.93108
13791893,0,0,0.95362,0.04374,0.00264
11623217,1,1,0.07809,0.61665,0.30526
20210554,2,2,0.00131,0.0089,0.98978
36377533,2,2,0.00166,0.01123,0.98712
41305306,2,2,0.00585,0.04023,0.95392
18450519,2,2,0.0028,0.01667,0.98053
13154075,2,2,0.00238,0.05158,0.94604
16297196,0,0,0.79516,0.19716,0.00767
24601054,2,2,0.00662,0.13941,0.85397
782938,2,2,0.00249,0.02341,0.9741
3824322,2,2,0.00221,0.01675,0.98104
40347920,2,2,0.0013,0.00628,0.99242
20387313,2,2,0.14836,0.31841,0.53323
16676539,2,2,0.00203,0.02433,0.97364
37518437,0,0,0.8845,0.11289,0.0026
5163302,2,2,0.00155,0.0131,0.98535
9147304,2,2,0.01163,0.14681,0.84155
34121783,2,2,0.002,0.00774,0.99026
31457158,2,2,0.00173,0.01448,0.98379
16578332,2,0,0.83032,0.15971,0.00997
20654009,2,1,0.02115,0.55405,0.4248
26555040,2,2,0.02664,0.09126,0.8821
12363932,0,1,0.41205,0.5632,0.02475
21786920,2,2,0.00219,0.01007,0.98774
20204443,0,0,0.83237,0.15824,0.00939
239130,2,1,0.35922,0.62067,0.02011
7916569,1,0,0.89849,0.09657,0.00494
27467906,2,2,0.01215,0.24211,0.74574
28288332,2,2,0.00584,0.04224,0.95192
36001001,1,2,0.00292,0.02205,0.97503
12766415,2,2,0.00173,0.01236,0.9859
27646789,2,2,0.00427,0.07285,0.92287
29814011,1,2,0.01752,0.19582,0.78667
24223555,0,0,0.82413,0.16355,0.01232
6152934,2,2,0.00221,0.03188,0.96591
36793388,2,2,0.00591,0.01545,0.97864
2548489,1,0,0.8549,0.13085,0.01426
14771122,2,2,0.00657,0.04876,0.94467
17507076,0,0,0.99102,0.00739,0.00159
24756500,2,2,0.00318,0.01174,0.98508
7701398,2,2,0.0032,0.05176,0.94503
26938741,2,2,0.00163,0.01393,0.98444
14409096,2,2,0.03664,0.16761,0.79575
33624741,2,2,0.00154,0.00403,0.99443
7745930,2,2,0.00299,0.01165,0.98536
30699612,1,0,0.68267,0.30531,0.01202
13682520,2,2,0.00163,0.0083,0.99006
7876276,0,0,0.98499,0.01402,0.00099
21875905,2,2,0.00124,0.00658,0.99218
2247529,2,2,0.00146,0.00897,0.98956
30197666,0,1,0.35622,0.63008,0.0137
27956641,2,2,0.00261,0.0075,0.98989
12918714,2,1,0.18642,0.49211,0.32147
26781361,0,0,0.98024,0.01887,0.00089
13921449,2,2,0.00672,0.0557,0.93757
1321724,2,1,0.24637,0.7298,0.02383
15622760,2,2,0.00114,0.00722,0.99163
17353199,1,1,0.15975,0.66668,0.17357
15942324,2,2,0.00138,0.00958,0.98904
1527586,0,0,0.88285,0.10986,0.00729
22025726,2,2,0.00587,0.06681,0.92732
38202972,2,2,0.00399,0.01905,0.97696
33312614,2,2,0.00211,0.01774,0.98015
38918394,2,1,0.0379,0.51108,0.45102
35945619,2,2,0.00131,0.015,0.9837
1234157,2,2,0.00422,0.02517,0.97061
23851926,2,2,0.00109,0.00787,0.99104
4987846,2,2,0.00325,0.02317,0.97359
21165836,2,2,0.0044,0.01602,0.97958
28738229,2,2,0.00467,0.03281,0.96252
8493922,0,1,0.14375,0.83209,0.02416
780956,0,0,0.93388,0.0638,0.00231
10241704,2,2,0.00362,0.02246,0.97391
19115678,0,1,0.33735,0.64519,0.01746
1244943,2,2,0.00199,0.01569,0.98232
40773905,2,2,0.00432,0.04838,0.9473
39452313,2,2,0.00557,0.08723,0.9072
13660309,1,0,0.79067,0.20227,0.00706
35940579,2,2,0.0033,0.02154,0.97515
30034887,2,2,0.00195,0.01837,0.97968
3487525,2,2,0.00124,0.00769,0.99108
31283355,2,2,0.00321,0.01863,0.97816
20458347,2,1,0.13001,0.55382,0.31617
21223624,2,1,0.04412,0.8489,0.10698
14492124,1,2,0.00576,0.03978,0.95445
12203519,2,2,0.29432,0.34629,0.35938
4981476,2,2,0.0012,0.00751,0.99129
38664451,2,1,0.17646,0.76501,0.05853
209574,2,2,0.00126,0.00653,0.99221
10046980,2,2,0.00164,0.00793,0.99044
3870147,0,0,0.96793,0.0309,0.00117
3887019,2,2,0.01096,0.05501,0.93403
28658714,2,2,0.00218,0.01481,0.98301
7529856,2,2,0.00499,0.05964,0.93537
34937487,2,2,0.00166,0.01114,0.9872
36448400,2,2,0.0027,0.01967,0.97763
11443361,0,1,0.41972,0.50234,0.07794
7224668,2,1,0.12544,0.84474,0.02982
26617385,0,1,0.22699,0.65876,0.11425
31587739,2,2,0.00142,0.00929,0.98929
41514983,2,2,0.00415,0.0429,0.95295
28783304,0,0,0.96901,0.0277,0.00328
38002688,2,1,0.27028,0.43454,0.29518
5211284,1,1,0.27253,0.70412,0.02335
39691820,0,0,0.93482,0.06112,0.00407
36938641,2,2,0.00677,0.05004,0.9432
14262942,2,2,0.00379,0.05478,0.94144
19038502,2,2,0.00407,0.01461,0.98131
8153580,2,2,0.0124,0.28341,0.70419
26604021,2,2,0.00223,0.01184,0.98593
23688746,2,2,0.00166,0.01088,0.98746
41062942,0,0,0.98964,0.00904,0.00131
20524963,2,2,0.00206,0.00947,0.98847
21959496,2,2,0.00147,0.00695,0.99158
22310558,0,0,0.6188,0.37532,0.00588
18758999,2,2,0.00991,0.05486,0.93522
4973497,2,2,0.005,0.02693,0.96807
19672742,2,2,0.00585,0.04023,0.95392
18492591,2,2,0.01298,0.18412,0.8029
1682748,2,2,0.00238,0.0083,0.98933
40925643,2,2,0.00379,0.03821,0.95799
23501797,2,1,0.14947,0.73896,0.11157
17535637,2,2,0.01014,0.03363,0.95624
629695,0,0,0.99149,0.00748,0.00102
1888679,2,2,0.00212,0.01304,0.98484
3986814,2,2,0.01189,0.03633,0.95178
36571881,2,2,0.0033,0.00842,0.98829
39511803,2,2,0.00251,0.01617,0.98132
6703455,2,2,0.00194,0.01015,0.98791
27972591,2,2,0.00109,0.00781,0.9911
26364279,2,2,0.02076,0.42685,0.55239
17984274,2,2,0.00205,0.0151,0.98285
20506540,2,2,0.00225,0.01815,0.9796
11872789,2,2,0.00172,0.00595,0.99234
29637047,2,2,0.01282,0.11576,0.87141
5793228,2,2,0.00171,0.00876,0.98952
24457295,2,2,0.00579,0.05069,0.94352
36331258,2,2,0.00313,0.01259,0.98428
2076520,2,2,0.00217,0.00694,0.99089
25239425,1,1,0.09708,0.86463,0.03829
8274393,2,2,0.00348,0.01549,0.98103
5627709,2,2,0.00606,0.06627,0.92767
7360750,2,1,0.141,0.83225,0.02675
20150498,2,2,0.00111,0.00648,0.99241
41306704,2,2,0.00178,0.01663,0.98159
3865533,2,2,0.00503,0.02134,0.97363
19866017,0,0,0.98039,0.01799,0.00162
32283836,0,0,0.71119,0.27851,0.0103
38962678,2,2,0.00297,0.01944,0.9776
954469,2,2,0.00164,0.00793,0.99044
7665720,2,2,0.03451,0.22767,0.73782
39978496,2,2,0.00142,0.00774,0.99083
26014851,1,1,0.33937,0.63155,0.02908
28193071,2,1,0.20483,0.67145,0.12372
4222163,2,2,0.00118,0.00628,0.99254
10256542,2,2,0.00218,0.01481,0.98301
5048887,2,2,0.00122,0.00604,0.99274
13054817,0,0,0.97587,0.02304,0.00109
10757743,0,2,0.03697,0.08122,0.88181
18128290,2,2,0.20669,0.10728,0.68603
41306940,2,2,0.0051,0.03827,0.95663
3622945,1,0,0.88348,0.11101,0.00551
9928046,0,0,0.6323,0.28668,0.08102
18270734,2,1,0.0419,0.74278,0.21532
38831694,2,2,0.0014,0.00745,0.99115
37785955,2,2,0.01473,0.41066,0.57461
21967223,0,0,0.90276,0.09441,0.00283
6384321,2,2,0.07227,0.3571,0.57064
21979155,2,2,0.00514,0.02972,0.96514
32796002,2,2,0.00162,0.01606,0.98231
39645770,2,2,0.00836,0.02594,0.96571
22521028,2,2,0.00518,0.03834,0.95648
26158871,2,2,0.00265,0.00842,0.98893
7320144,2,2,0.0061,0.13037,0.86353
16676607,2,2,0.00126,0.0069,0.99185
33864914,2,2,0.00317,0.03273,0.9641
36505562,1,1,0.3739,0.6069,0.01921
12737957,2,2,0.0012,0.0059,0.9929
5231825,2,2,0.19389,0.35177,0.45434
12112030,2,2,0.0096,0.0483,0.9421
19344798,0,0,0.97623,0.01506,0.00871
9305782,2,2,0.00177,0.00756,0.99067
23487153,2,2,0.00177,0.0094,0.98884
15805466,2,2,0.0022,0.00774,0.99006
22894709,2,2,0.00223,0.01079,0.98698
11315141,2,2,0.00151,0.00658,0.99191
27108988,2,2,0.0035,0.02713,0.96938
11364568,1,1,0.26861,0.69944,0.03196
36810727,0,0,0.99055,0.00834,0.00111
24845936,2,2,0.00171,0.01203,0.98626
13084982,2,2,0.00526,0.08189,0.91284
26021383,2,2,0.00101,0.00591,0.99308
21796365,0,0,0.99073,0.00796,0.00131
38621247,0,0,0.96986,0.02857,0.00158
28834132,1,1,0.35338,0.62506,0.02156
7840231,2,2,0.00347,0.0195,0.97703
37650585,2,2,0.00572,0.03156,0.96272
3354214,2,2,0.00932,0.37221,0.61848
30759839,2,2,0.00531,0.04436,0.95033
28442354,2,2,0.00371,0.04423,0.95206
35313028,2,2,0.00249,0.02206,0.97544
7908820,2,2,0.0053,0.01594,0.97876
23861676,2,2,0.17457,0.38655,0.43888
28317767,2,2,0.00573,0.04607,0.9482
27791517,2,2,0.00128,0.0154,0.98331
37874020,2,2,0.00487,0.02168,0.97345
20916261,2,2,0.00461,0.04612,0.94927
16764462,2,2,0.0038,0.0217,0.9745
37538757,0,2,0.16989,0.29962,0.53049
38382934,2,2,0.00661,0.07144,0.92195
7197933,2,2,0.00286,0.0107,0.98644
25291796,2,2,0.00326,0.0205,0.97624
13584822,2,2,0.00245,0.0235,0.97405
6456553,2,1,0.07384,0.65815,0.268
11092410,2,2,0.00161,0.00811,0.99028
30071872,2,1,0.18366,0.50513,0.3112
3649153,0,1,0.18846,0.77961,0.03193
27845007,2,2,0.00198,0.00554,0.99248
32313544,2,2,0.00164,0.02022,0.97814
20656457,2,2,0.00142,0.00722,0.99136
31979894,2,2,0.00674,0.03908,0.95418
5693908,2,2,0.00149,0.00799,0.99052
13329668,2,1,0.22161,0.56632,0.21207
12523600,0,0,0.72437,0.23379,0.04184
12833637,2,2,0.00128,0.0059,0.99282
8937280,0,0,0.92515,0.07332,0.00153
39328346,2,2,0.00282,0.00961,0.98758
21955968,2,2,0.00102,0.00898,0.99
4032786,2,2,0.00609,0.18423,0.80969
2857173,1,1,0.49209,0.49984,0.00808
21009957,2,2,0.01904,0.1055,0.87546
33212339,2,1,0.05351,0.68313,0.26337
36880612,2,2,0.01018,0.04472,0.9451
13011682,2,2,0.00256,0.01166,0.98578
14807597,2,2,0.00229,0.01314,0.98457
39444921,2,2,0.01692,0.32807,0.65501
23982110,2,2,0.00128,0.00406,0.99466
6537933,2,2,0.0412,0.11818,0.84062
1480436,2,2,0.08696,0.30233,0.61072
3317456,2,2,0.00524,0.11397,0.8808
34817356,0,0,0.98201,0.01673,0.00126
35187178,2,2,0.00364,0.01792,0.97844
18260748,2,1,0.11943,0.82628,0.05429
23466369,0,0,0.77713,0.21246,0.01041
24864521,2,2,0.00209,0.01135,0.98656
21918614,2,2,0.00896,0.02612,0.96492
19188523,2,2,0.00136,0.00717,0.99148
34221415,2,0,0.67016,0.31656,0.01327
22235466,2,2,0.01789,0.19089,0.79122
38963758,2,2,0.00256,0.01046,0.98697
39012921,2,2,0.00987,0.12856,0.86156
16633966,2,2,0.01597,0.45939,0.52464
4971919,2,2,0.01828,0.21664,0.76508
3341352,2,2,0.00158,0.01023,0.98819
6008356,2,2,0.00151,0.01275,0.98574
13929594,2,2,0.00801,0.188,0.80399
26951261,2,1,0.02005,0.60457,0.37538
13115582,2,2,0.00152,0.00609,0.9924
22805192,2,2,0.00565,0.02926,0.96509
22422336,2,2,0.002,0.01166,0.98634
13596508,2,2,0.00306,0.02035,0.97659
37411001,2,2,0.00204,0.00745,0.99052
34117347,2,2,0.00174,0.0085,0.98976
273531,2,2,0.00293,0.01773,0.97934
20422890,2,2,0.00585,0.04023,0.95392
20283819,2,2,0.00129,0.00992,0.98878
35589671,2,2,0.01196,0.26497,0.72307
8815390,0,1,0.06473,0.74666,0.1886
24480778,2,2,0.00206,0.01241,0.98554
23307764,2,2,0.00236,0.01539,0.98225
507199,2,2,0.00225,0.01701,0.98074
27919124,2,2,0.00281,0.01139,0.9858
4485104,2,2,0.00279,0.03488,0.96233
29972469,2,2,0.0014,0.00757,0.99103
17609488,2,2,0.00381,0.03534,0.96085
32397604,2,2,0.04939,0.34418,0.60643
33671197,2,2,0.00184,0.01227,0.98589
41105988,2,2,0.01347,0.23965,0.74688
35861327,2,2,0.00744,0.04778,0.94478
6701341,2,2,0.00119,0.01232,0.98649
10993005,2,2,0.0043,0.02279,0.97291
30081429,2,2,0.00439,0.03269,0.96292
40042873,2,2,0.00449,0.02526,0.97025
23755838,2,2,0.01278,0.10551,0.88171
34152321,2,2,0.00395,0.01554,0.98051
35736944,2,2,0.0024,0.01392,0.98368
31529208,2,2,0.00421,0.08611,0.90967
22601487,2,2,0.00643,0.09693,0.89663
35317382,1,1,0.25996,0.66512,0.07492
38611869,2,2,0.00377,0.07476,0.92148
12527710,0,2,0.00927,0.2193,0.77143
37036810,0,0,0.80394,0.19021,0.00586
34997375,2,1,0.09496,0.53382,0.37121
3501607,2,2,0.00146,0.01064,0.9879
6082140,2,2,0.0248,0.05903,0.91617
32290539,2,2,0.00171,0.00811,0.99018
18254351,2,2,0.01155,0.12661,0.86184
34687291,2,2,0.00625,0.03695,0.9568
40545668,2,2,0.08794,0.252,0.66006
26633269,2,2,0.00201,0.02112,0.97687
31197031,1,1,0.06067,0.78071,0.15861
29996581,1,0,0.92823,0.06704,0.00472
14156352,2,2,0.00159,0.01817,0.98024
17218695,2,1,0.4492,0.50901,0.04178
10172253,2,2,0.00113,0.00534,0.99354
24732940,2,2,0.0013,0.00501,0.99369
35128409,2,2,0.16607,0.38688,0.44704
2498150,2,2,0.00559,0.0241,0.97031
3742894,0,1,0.42463,0.56255,0.01282
910013,1,1,0.23558,0.75159,0.01283
32281927,2,2,0.02375,0.02755,0.9487
20170418,2,2,0.00162,0.00467,0.99371
10734752,2,2,0.00361,0.01029,0.9861
40931273,1,1,0.10818,0.85673,0.03509
17838952,2,1,0.12891,0.7058,0.16529
26517091,0,1,0.43271,0.53852,0.02876
34976967,2,1,0.1969,0.75925,0.04385
24329902,2,2,0.00163,0.01285,0.98552
31633869,2,2,0.0022,0.02324,0.97457
3085583,0,0,0.9912,0.00717,0.00164
14567422,2,2,0.00377,0.02822,0.968
24626397,2,2,0.00319,0.00938,0.98743
3952880,2,2,0.01961,0.31037,0.67002
5013480,2,2,0.00107,0.00854,0.99039
32598838,2,2,0.00352,0.0217,0.97478
31826294,0,0,0.98513,0.01389,0.00099
25652626,2,2,0.02021,0.12046,0.85933
32249599,2,2,0.00407,0.01646,0.97947
28897797,2,2,0.0827,0.32965,0.58766
22549482,2,2,0.00218,0.01802,0.97981
36320051,0,0,0.89061,0.10472,0.00467
711420,2,2,0.00308,0.01391,0.98301
34428220,2,2,0.00131,0.00775,0.99094
26844169,2,2,0.0039,0.02615,0.96994
17470710,2,2,0.00142,0.00824,0.99034
31937024,2,2,0.00422,0.02517,0.97061
9194463,2,2,0.00098,0.00506,0.99396
39359056,0,0,0.56841,0.4224,0.00919
4386651,2,1,0.03753,0.52622,0.43625
13037028,2,2,0.00169,0.00733,0.99098
35811626,0,0,0.85687,0.13771,0.00542
5243867,2,2,0.00194,0.00762,0.99044
35156919,2,2,0.00324,0.01121,0.98556
8882671,0,0,0.98876,0.00773,0.00351
4544174,2,1,0.03813,0.87809,0.08378
26670855,2,0,0.99129,0.00745,0.00126
25901610,0,0,0.87188,0.12318,0.00495
24218214,2,2,0.00244,0.01157,0.98599
34528301,2,2,0.00156,0.00786,0.99057
16430145,2,2,0.0054,0.02702,0.96757
34576856,2,2,0.00393,0.01805,0.97801
25649223,0,0,0.95447,0.04395,0.00158
22359551,2,2,0.0025,0.0199,0.9776
1243862,2,2,0.00122,0.00643,0.99235
8251395,2,2,0.00897,0.14454,0.84649
23388618,2,2,0.00405,0.05106,0.94489
1621322,2,2,0.00611,0.02924,0.96465
26343924,0,0,0.91559,0.08126,0.00315
22979831,0,0,0.75683,0.23815,0.00502
37308097,2,2,0.00106,0.00643,0.99251
2505539,1,1,0.01885,0.69089,0.29026
26089817,1,0,0.63554,0.34419,0.02027
38132669,2,2,0.00152,0.00517,0.99331
5403826,2,2,0.00125,0.00926,0.98949
19776377,2,2,0.09051,0.16341,0.74608
18741031,2,2,0.00197,0.00774,0.99029
2640468,2,2,0.00472,0.05345,0.94184
24344503,1,0,0.75387,0.23908,0.00705
13266507,1,1,0.10358,0.76238,0.13404
27642756,2,2,0.01386,0.07327,0.91287
3834682,2,1,0.06639,0.58711,0.3465
21767843,2,2,0.00375,0.02033,0.97592
40967004,0,0,0.96129,0.03746,0.00126
8434941,2,2,0.00391,0.02442,0.97167
33549827,2,2,0.00109,0.00908,0.98983
34590193,2,2,0.00222,0.01245,0.98532
30062279,0,0,0.95883,0.03961,0.00156
4573620,2,2,0.00425,0.03345,0.9623
14386590,2,2,0.01979,0.3549,0.62531
41330084,2,2,0.02625,0.11122,0.86253
27775870,2,2,0.00161,0.00962,0.98877
25556493,2,2,0.00304,0.01112,0.98583
34245693,2,2,0.00819,0.05954,0.93227
2619223,2,1,0.01381,0.51427,0.47192
38925105,2,2,0.00131,0.00805,0.99063
21137380,2,2,0.0014,0.0078,0.9908
26907891,2,2,0.00169,0.00599,0.99232
16193008,1,1,0.19462,0.77577,0.02961
2535253,0,0,0.9078,0.08849,0.00371
35493955,0,0,0.96556,0.03193,0.00251
21815134,0,0,0.65022,0.32952,0.02026
10357645,0,0,0.94985,0.04683,0.00332
18632050,2,2,0.00241,0.01015,0.98745
37312596,2,2,0.00191,0.00939,0.9887
2576762,2,2,0.00233,0.01382,0.98386
37637024,0,0,0.72496,0.25349,0.02155
29052989,0,0,0.95419,0.04355,0.00226
14664901,0,0,0.98683,0.01223,0.00094
5105208,2,2,0.19484,0.39668,0.40848
3497567,0,0,0.90752,0.08916,0.00332
24736439,2,2,0.00249,0.00705,0.99046
14145492,2,2,0.00143,0.00517,0.9934
19333855,2,2,0.00499,0.05946,0.93556
22084440,0,0,0.94961,0.04255,0.00784
28059992,2,2,0.00174,0.02433,0.97393
3309557,2,2,0.00464,0.02331,0.97204
13020509,2,2,0.02465,0.38266,0.59268
37193555,2,2,0.00153,0.00992,0.98855
31680466,0,1,0.03153,0.57215,0.39632
19232334,2,2,0.00773,0.0844,0.90786
27185746,2,2,0.0013,0.00525,0.99345
36689916,2,2,0.00206,0.01101,0.98693
40905425,2,2,0.4074,0.12185,0.47075
11674543,2,2,0.22922,0.29118,0.4796
20466398,2,2,0.00639,0.02979,0.96381
2310677,2,2,0.00257,0.00637,0.99105
21504202,2,2,0.00158,0.00936,0.98906
38384394,0,0,0.85608,0.10601,0.03791
20138028,2,2,0.00276,0.01308,0.98415
7089976,1,0,0.56127,0.43372,0.00501
12915682,2,2,0.00285,0.02761,0.96953
18656246,2,2,0.00204,0.03577,0.96219
10260255,1,1,0.02083,0.53724,0.44192
18298483,2,2,0.00887,0.04306,0.94807
4522912,2,2,0.00196,0.0142,0.98384
9327474,2,1,0.01346,0.50098,0.48557
19560214,2,2,0.01071,0.0251,0.96419
37221881,2,2,0.01714,0.23108,0.75178
4196528,2,2,0.00434,0.02853,0.96713
19745544,2,2,0.00491,0.0295,0.96559
28385661,0,0,0.92943,0.06919,0.00138
25503220,2,2,0.00679,0.01592,0.97729
19873158,2,2,0.00802,0.0503,0.94168
17395953,2,2,0.00177,0.00786,0.99037
3158940,2,2,0.00201,0.01887,0.97912
20097176,2,2,0.00315,0.06721,0.92964
9154915,2,2,0.00268,0.02767,0.96965
27070176,2,2,0.00351,0.02415,0.97234
5526182,2,2,0.00287,0.023,0.97413
19118800,2,2,0.00177,0.00786,0.99037
37047921,2,2,0.00161,0.00824,0.99015
25864352,2,1,0.02728,0.90352,0.0692
7558247,2,2,0.00111,0.00595,0.99294
13796880,0,0,0.97626,0.02199,0.00174
38135868,2,2,0.00327,0.01526,0.98147
40544,2,2,0.00161,0.00856,0.98983
11443444,2,2,0.00326,0.01913,0.9776
23592508,2,2,0.00304,0.01268,0.98428
16215064,2,0,0.91924,0.07755,0.00321
16142889,2,2,0.00548,0.02937,0.96515
6526853,1,1,0.12812,0.80055,0.07133
6399063,0,0,0.98844,0.01068,0.00087
36168364,2,2,0.00122,0.00623,0.99255
23014217,0,1,0.19304,0.7546,0.05236
15707888,2,2,0.00352,0.02154,0.97494
17969082,0,0,0.8022,0.19128,0.00652
33140455,0,0,0.95197,0.04567,0.00236
31127737,2,2,0.00267,0.01556,0.98177
2192953,2,2,0.00122,0.00663,0.99215
39304189,2,1,0.14589,0.8145,0.03961
35731640,1,1,0.09459,0.86389,0.04152
8704701,0,1,0.4773,0.5002,0.0225
14893822,2,2,0.00125,0.00873,0.99001
29369146,2,2,0.02137,0.09777,0.88085
14059291,2,2,0.00776,0.05192,0.94032
25798782,2,2,0.00146,0.0127,0.98584
16611640,2,2,0.00741,0.12224,0.87035
29258746,2,2,0.00169,0.00689,0.99142
36423112,2,2,0.00191,0.00992,0.98817
31440134,2,2,0.0062,0.05941,0.93439
25709045,2,2,0.00363,0.06424,0.93212
26731772,2,2,0.00321,0.0052,0.99159
496881,2,2,0.00201,0.00595,0.99205
26249327,2,1,0.04237,0.90227,0.05536
5031430,2,2,0.01194,0.41746,0.5706
10572263,2,2,0.00585,0.04023,0.95392
34624470,2,2,0.00281,0.01402,0.98317
41414450,2,2,0.0026,0.02858,0.96883
2997772,2,2,0.00351,0.00743,0.98905
22965608,1,1,0.03162,0.7254,0.24298
7584261,2,2,0.00292,0.03468,0.9624
36358795,0,0,0.90036,0.09527,0.00437
4129338,0,0,0.95866,0.03885,0.00249
25416176,2,2,0.02824,0.08647,0.8853
6857421,0,0,0.89406,0.10309,0.00285
29408270,2,1,0.24151,0.53765,0.22084
21681907,2,2,0.00207,0.02124,0.97669
2981237,2,2,0.00532,0.08586,0.90882
12547471,2,2,0.0317,0.01999,0.94831
28755845,0,1,0.11429,0.60829,0.27741
30237394,2,2,0.00353,0.01785,0.97862
32685329,2,2,0.00244,0.01269,0.98487
22117744,2,2,0.00409,0.04199,0.95392
26385901,1,0,0.86187,0.08017,0.05797
21228033,2,2,0.00415,0.02706,0.96879
3724112,2,2,0.00159,0.01917,0.97924
40043541,2,2,0.00441,0.01368,0.98191
39200768,0,0,0.99183,0.00604,0.00214
30343601,2,2,0.00524,0.16743,0.82734
9177111,2,2,0.00476,0.05943,0.93581
5507821,2,2,0.20578,0.17687,0.61735
9587700,2,2,0.00321,0.01996,0.97683
6400944,2,2,0.00252,0.02604,0.97144
19817537,2,2,0.00149,0.00559,0.99292
25796337,1,0,0.56688,0.4279,0.00522
25112587,2,2,0.00137,0.01404,0.98459
30864046,0,0,0.88195,0.11569,0.00236
38809264,2,2,0.00671,0.02846,0.96483
13813280,2,2,0.00177,0.00638,0.99185
32719510,0,0,0.73234,0.26112,0.00654
1188614,2,2,0.00328,0.01201,0.9847
20087522,2,2,0.00336,0.0347,0.96194
36415859,2,1,0.07863,0.7373,0.18407
15519784,2,2,0.00522,0.02972,0.96506
15890663,2,2,0.09294,0.2068,0.70027
26599314,0,0,0.71959,0.27313,0.00728
28346056,2,2,0.00248,0.01166,0.98586
29632373,2,2,0.00147,0.00811,0.99042
37341208,2,2,0.00328,0.02802,0.9687
16854195,2,2,0.01006,0.20355,0.7864
15794238,0,0,0.57516,0.3953,0.02954
22195249,1,1,0.25597,0.704,0.04003
28122301,1,1,0.4508,0.53117,0.01803
34121013,2,2,0.00422,0.02517,0.97061
41595198,1,1,0.29119,0.69853,0.01028
29514284,2,2,0.00149,0.00774,0.99077
21756880,0,0,0.9457,0.05232,0.00197
31657929,2,2,0.0023,0.01198,0.98572
33871304,2,2,0.00297,0.02074,0.97629
19057355,2,2,0.00438,0.03447,0.96115
7562120,1,1,0.14314,0.80306,0.0538
25991214,0,0,0.75229,0.24423,0.00348
13401291,2,1,0.051,0.84265,0.10635
3592132,2,2,0.00158,0.01131,0.98711
37005274,2,2,0.01857,0.19807,0.78337
5440905,2,2,0.00123,0.00919,0.98958
40608716,2,2,0.00726,0.09918,0.89355
24929402,0,0,0.99147,0.00742,0.00111
23652282,0,0,0.90635,0.08818,0.00547
26643836,2,2,0.01138,0.16558,0.82304
28508094,2,2,0.00103,0.00453,0.99444
25404594,2,2,0.00104,0.00479,0.99417
11866338,2,2,0.00341,0.02162,0.97497
29254172,2,2,0.00138,0.00529,0.99332
26268372,2,1,0.13967,0.52199,0.33834
32088568,0,1,0.21177,0.68829,0.09994
10978148,2,2,0.00136,0.00805,0.99059
30299760,2,2,0.00352,0.02138,0.97511
39203821,2,2,0.00133,0.00837,0.9903
6331586,2,2,0.00561,0.02158,0.97282
37713117,2,2,0.01044,0.36816,0.62139
24972494,2,2,0.00234,0.00932,0.98834
4475266,2,0,0.61999,0.37022,0.00979
28552435,2,2,0.00638,0.07637,0.91726
6117263,2,2,0.0024,0.02975,0.96786
2960616,2,2,0.01714,0.23108,0.75178
22563156,2,2,0.00169,0.00648,0.99183
10596850,2,2,0.00385,0.03832,0.95783
27952644,2,2,0.01267,0.16564,0.82169
18446641,1,1,0.46582,0.51966,0.01451
8555503,2,2,0.00335,0.02221,0.97444
34685471,2,1,0.10051,0.85109,0.04839
29061700,2,2,0.00325,0.02204,0.9747
10246207,2,0,0.67087,0.31443,0.01471
15072372,2,2,0.0112,0.42344,0.56536
18682383,2,2,0.03575,0.24622,0.71804
23056162,2,2,0.00134,0.00711,0.99155
19284472,2,2,0.0023,0.01007,0.98763
8473456,2,2,0.00151,0.01023,0.98826
12785168,2,2,0.00269,0.02309,0.97422
21975999,2,2,0.00143,0.00521,0.99336
29386679,2,2,0.00282,0.02535,0.97184
36039912,2,2,0.00116,0.00521,0.99362
26845939,0,0,0.92893,0.06756,0.00351
22398999,2,2,0.03324,0.12278,0.84398
20998273,2,2,0.00306,0.01907,0.97787
35803341,2,2,0.00135,0.01031,0.98833
2308525,2,2,0.00171,0.0111,0.9872
9710465,1,1,0.17598,0.7719,0.05212
24831326,0,0,0.96617,0.0304,0.00343
17740690,2,2,0.00212,0.02727,0.97061
26701170,2,2,0.01525,0.01869,0.96606
37215077,2,2,0.00137,0.01031,0.98831
39956918,2,2,0.01106,0.04629,0.94265
23194450,2,2,0.01144,0.14831,0.84025
39089983,2,2,0.0021,0.00932,0.98858
23065496,2,1,0.29474,0.67467,0.03058
23662052,2,2,0.00136,0.00763,0.99102
7746814,2,2,0.00236,0.01662,0.98103
37184370,2,1,0.20565,0.72202,0.07233
37438849,2,2,0.16477,0.22898,0.60625
18505313,2,2,0.02082,0.07975,0.89942
36806931,2,2,0.00132,0.01892,0.97976
31034202,2,1,0.20215,0.74376,0.05409
31740912,2,2,0.00468,0.03147,0.96385
21492851,1,0,0.94211,0.05548,0.00241
6279275,0,1,0.18744,0.62245,0.19011
35911861,2,2,0.14289,0.17542,0.68169
20569065,1,1,0.29808,0.3585,0.34342
35717721,2,2,0.00421,0.02908,0.96672
2461978,2,2,0.01637,0.44584,0.53779
7028223,2,2,0.0016,0.01393,0.98447
33671329,2,1,0.09732,0.85483,0.04785
39375530,0,0,0.52256,0.4265,0.05094
18186992,2,2,0.00214,0.02029,0.97757
11299775,2,1,0.04887,0.84292,0.1082
18036371,1,0,0.93251,0.05863,0.00886
32004765,2,2,0.0013,0.01977,0.97893
24495404,2,0,0.93428,0.06284,0.00288
31388224,2,1,0.03292,0.90031,0.06677
159330,0,0,0.98767,0.01068,0.00166
2981154,0,0,0.98315,0.01577,0.00108
33138907,2,2,0.00252,0.01376,0.98372
4835607,2,2,0.00469,0.0282,0.96711
17975310,2,2,0.02865,0.24947,0.72187
1046639,0,0,0.95076,0.04576,0.00348
8284875,2,2,0.00442,0.02584,0.96974
12944928,2,2,0.01226,0.11494,0.87281
22361030,0,0,0.89239,0.10111,0.0065
41173073,0,0,0.97521,0.02325,0.00154
16291766,2,2,0.01071,0.11159,0.8777
19911122,2,2,0.02961,0.15111,0.81928
11812165,2,2,0.05957,0.44361,0.49682
3237417,2,2,0.00928,0.01404,0.97668
7878515,2,2,0.00824,0.17691,0.81485
26003963,2,2,0.00165,0.01465,0.9837
16301513,0,1,0.16845,0.80051,0.03104
32029192,2,2,0.00132,0.00717,0.99152
37811251,2,2,0.00223,0.01122,0.98655
1988266,0,0,0.95789,0.04095,0.00116
2233043,2,2,0.00269,0.04037,0.95694
24788958,0,1,0.1451,0.84151,0.01339
29613030,2,2,0.0013,0.00614,0.99257
31193713,2,1,0.0203,0.49176,0.48794
4907962,2,2,0.00154,0.00786,0.9906
36625018,2,2,0.01368,0.06412,0.9222
41196036,2,2,0.00286,0.02559,0.97155
570002,0,0,0.77967,0.21482,0.00551
4455440,2,2,0.01332,0.17544,0.81124
27618878,2,2,0.00221,0.01788,0.97991
21430323,2,2,0.00372,0.02646,0.96982
25660123,2,2,0.00544,0.03569,0.95887
20848109,2,2,0.00275,0.01842,0.97883
36070801,2,2,0.00579,0.03488,0.95933
32119820,2,2,0.00494,0.03952,0.95555
4615168,2,1,0.15526,0.77285,0.07189
9164947,2,2,0.01403,0.13166,0.85432
29877130,0,0,0.96876,0.02993,0.00131
1892029,0,0,0.89427,0.07976,0.02597
40830593,0,0,0.98985,0.00922,0.00093
19835732,2,1,0.03341,0.70885,0.25773
13101517,0,0,0.98011,0.01898,0.00091
36085421,2,1,0.08005,0.88279,0.03716
19489028,2,2,0.00226,0.0133,0.98445
14666091,1,1,0.18533,0.78333,0.03134
20423884,2,2,0.00345,0.02443,0.97212
25890394,2,2,0.00204,0.00673,0.99123
29461277,2,2,0.00188,0.00836,0.98975
27028894,0,0,0.94445,0.04629,0.00926
32658302,2,2,0.00165,0.016,0.98235
13013959,2,2,0.01325,0.03601,0.95074
37636902,0,0,0.98035,0.01796,0.0017
24706129,2,2,0.00468,0.04612,0.9492
28550429,1,1,0.12074,0.80758,0.07168
11216185,2,2,0.00256,0.01079,0.98665
12848556,2,2,0.00669,0.01642,0.9769
26988727,2,2,0.00344,0.01129,0.98526
37285751,0,1,0.34388,0.63746,0.01866
33687777,2,2,0.00457,0.02331,0.97211
31196428,2,2,0.00308,0.01391,0.98301
806901,2,2,0.00194,0.00897,0.98909
9197412,0,0,0.5557,0.40498,0.03932
14716456,2,1,0.09367,0.70032,0.20601
32938414,0,0,0.89748,0.09684,0.00568
14670688,2,2,0.00529,0.04819,0.94652
17047197,2,2,0.00155,0.01471,0.98374
3137845,2,2,0.00215,0.01563,0.98222
10125727,2,2,0.00202,0.01476,0.98322
31648493,2,2,0.00151,0.01149,0.987
33434013,2,2,0.00173,0.01305,0.98522
10330563,0,0,0.77468,0.21851,0.00681
12696788,2,2,0.24676,0.227,0.52624
18989807,2,2,0.00153,0.01488,0.9836
2045120,2,0,0.88282,0.10076,0.01642
33660770,2,2,0.00231,0.00537,0.99232
25768444,2,0,0.59028,0.37228,0.03744
32364925,0,0,0.97749,0.02005,0.00246
37525840,1,1,0.03684,0.58528,0.37788
11797503,2,2,0.00237,0.01217,0.98547
20824639,2,2,0.00458,0.02095,0.97447
33634034,2,2,0.00322,0.01623,0.98055
36784634,2,2,0.00219,0.01039,0.98742
30057710,0,0,0.89351,0.10424,0.00225
2842788,2,0,0.79084,0.1984,0.01076
40865711,2,2,0.00804,0.03282,0.95914
14084572,2,2,0.00238,0.00599,0.99163
4825998,2,2,0.00987,0.12856,0.86156
26744602,2,2,0.00151,0.01241,0.98608
8156637,2,0,0.93745,0.05146,0.01109
38997274,2,2,0.00706,0.16389,0.82905
8893492,2,2,0.00231,0.01952,0.97816
40997509,0,0,0.6723,0.23008,0.09761
3759134,2,2,0.00227,0.00969,0.98805
33399679,2,2,0.08539,0.19962,0.71498
25743565,1,0,0.98255,0.0157,0.00175
9629880,0,0,0.98604,0.01271,0.00125
11640589,2,2,0.00472,0.0079,0.98738
40633624,2,2,0.00263,0.01623,0.98114
2037106,2,2,0.00552,0.03747,0.95701
22335638,2,2,0.00539,0.02949,0.96512
34363926,2,2,0.00197,0.01105,0.98698
34800018,2,2,0.00585,0.04023,0.95392
30513849,2,2,0.00114,0.00614,0.99272
10372085,2,2,0.00114,0.00821,0.99065
10629625,2,2,0.00629,0.05982,0.93389
21986377,2,2,0.00166,0.01055,0.98779
32868595,2,2,0.04692,0.07468,0.8784
34721903,2,2,0.00289,0.01424,0.98287
19202507,2,2,0.00279,0.0178,0.97941
22306952,2,2,0.00159,0.00762,0.99079
11831204,2,1,0.05144,0.86668,0.08188
20968153,2,2,0.00552,0.03657,0.95791
8510773,2,2,0.00302,0.034,0.96299
2646339,0,0,0.98962,0.00756,0.00282
32886756,0,0,0.98016,0.01878,0.00106
28467785,2,2,0.0139,0.32652,0.65958
33587267,2,2,0.00219,0.02958,0.96823
22978318,1,0,0.59678,0.39754,0.00567
20140523,2,2,0.00149,0.00653,0.99198
24854484,2,2,0.00133,0.01027,0.98839
36336702,2,2,0.01298,0.18412,0.8029
12516346,2,2,0.00388,0.0329,0.96323
21612423,2,2,0.00343,0.02988,0.96668
665486,2,2,0.00999,0.07619,0.91381
1306622,2,1,0.05767,0.74494,0.19739
17110885,0,0,0.98337,0.0147,0.00193
26753739,2,2,0.00289,0.01424,0.98287
17026745,2,2,0.01133,0.25392,0.73475
24729677,0,0,0.87077,0.12545,0.00379
39164405,2,2,0.00206,0.00925,0.98869
27268936,2,2,0.00182,0.01047,0.98771
33843315,2,2,0.00145,0.00577,0.99279
12910596,2,2,0.00213,0.01031,0.98757
16766387,2,2,0.00228,0.00505,0.99268
37229882,0,0,0.9775,0.02105,0.00145
5372454,2,2,0.00303,0.01592,0.98105
24649816,2,2,0.00131,0.00824,0.99045
22598274,2,2,0.00297,0.01773,0.9793
26645428,2,2,0.00396,0.028,0.96804
41169925,0,0,0.98525,0.01285,0.0019
33895807,2,2,0.00191,0.01015,0.98794
33038627,0,0,0.96642,0.03193,0.00165
13332484,2,2,0.00268,0.01397,0.98335
25241435,0,0,0.80136,0.18739,0.01125
33217632,2,2,0.0023,0.01096,0.98674
30942697,1,1,0.13552,0.82129,0.04319
17615366,2,2,0.00121,0.00873,0.99005
33743069,2,2,0.00187,0.01431,0.98382
19108972,0,1,0.21072,0.55598,0.2333
20060415,2,2,0.00176,0.01522,0.98302
15152260,1,1,0.1305,0.85764,0.01186
4863246,2,2,0.0015,0.01404,0.98445
29582215,2,2,0.11851,0.24334,0.63815
28843291,2,2,0.00206,0.01245,0.98549
26706174,2,2,0.0038,0.02153,0.97467
8191075,2,2,0.00418,0.05075,0.94507
27340471,2,2,0.0029,0.02694,0.97016
6196357,1,1,0.03561,0.9402,0.02419
11176510,1,0,0.50683,0.47242,0.02076
40659117,2,1,0.13178,0.68241,0.18581
15205360,2,2,0.00232,0.01655,0.98112
41563979,0,0,0.98994,0.0086,0.00147
36220807,2,2,0.02274,0.46765,0.50961
6139386,2,2,0.07177,0.40819,0.52004
40606427,2,1,0.08016,0.83857,0.08127
15642989,0,0,0.74942,0.24521,0.00538
4522584,2,2,0.00151,0.01043,0.98806
12707544,2,2,0.0016,0.01118,0.98721
30710329,0,0,0.86624,0.13078,0.00298
5894799,2,2,0.00249,0.00662,0.99088
34627184,0,0,0.93757,0.05719,0.00524
2283495,2,2,0.0093,0.15389,0.83681
13458563,0,0,0.94701,0.05138,0.00161
2064639,0,0,0.83839,0.15877,0.00284
14930862,2,2,0.15252,0.08341,0.76406
2879701,2,2,0.00455,0.01337,0.98208
2282944,2,2,0.00171,0.00751,0.99078
1282315,2,2,0.01274,0.14812,0.83914
1297211,2,2,0.00596,0.03717,0.95686
28791251,2,2,0.00389,0.03038,0.96573
35911286,0,0,0.65024,0.34265,0.00711
31479708,0,0,0.98995,0.00922,0.00082
26991609,2,2,0.00432,0.0337,0.96198
23089269,0,0,0.81438,0.1707,0.01492
34427133,2,2,0.00191,0.00678,0.9913
20430134,2,2,0.06122,0.34415,0.59463
38264136,0,0,0.97792,0.02076,0.00132
38955697,2,2,0.00416,0.03852,0.95731
7178772,2,2,0.00316,0.0353,0.96154
12869246,2,2,0.00278,0.02265,0.97457
36638148,2,2,0.03287,0.02878,0.93835
25756952,2,2,0.00354,0.01567,0.98079
386833,2,2,0.00125,0.00992,0.98882
18129783,2,2,0.00193,0.01459,0.98348
20213185,2,2,0.15162,0.34638,0.50201
3234179,2,2,0.01806,0.41113,0.5708
37872540,2,2,0.0024,0.03113,0.96648
1109693,0,0,0.98672,0.01195,0.00133
20767277,2,2,0.00578,0.03725,0.95697
23039849,2,2,0.00531,0.02905,0.96564
3501858,2,1,0.0574,0.85677,0.08583
16594938,2,1,0.02579,0.66,0.31421
2549711,2,2,0.00188,0.00756,0.99055
15841386,0,0,0.9731,0.02496,0.00194
13794612,2,2,0.00408,0.02854,0.96739
37666683,2,1,0.0536,0.80312,0.14329
32684310,2,2,0.00433,0.01627,0.9794
30500454,1,1,0.11184,0.77479,0.11338
37450745,0,0,0.63766,0.35491,0.00742
6972259,2,2,0.0111,0.10746,0.88145
8940004,1,1,0.04729,0.50052,0.45219
15536965,2,2,0.00253,0.00932,0.98816
12019931,2,2,0.00328,0.0138,0.98292
3199497,2,2,0.00158,0.01,0.98842
19744388,2,2,0.00295,0.02435,0.9727
12006447,2,0,0.67459,0.31371,0.0117
37150970,2,2,0.17492,0.28419,0.54089
23944241,2,2,0.0014,0.01004,0.98857
16286948,2,2,0.00319,0.0107,0.98611
7455031,2,2,0.00151,0.00745,0.99104
29190708,2,2,0.01522,0.216,0.76878
333852,2,2,0.00782,0.03021,0.96198
34638308,0,0,0.84595,0.13891,0.01514
17947240,0,1,0.48372,0.49907,0.01721
17976773,2,2,0.00623,0.06909,0.92468
13246479,2,2,0.01462,0.05185,0.93353
1368602,1,1,0.3109,0.66074,0.02836
5281109,2,2,0.01201,0.02644,0.96155
5161415,2,2,0.00154,0.00774,0.99072
12481381,0,1,0.02541,0.67097,0.30361
21237222,2,2,0.03005,0.48119,0.48876
20842620,2,2,0.00203,0.01007,0.9879
20268912,2,2,0.00651,0.04213,0.95136
8350926,2,2,0.00698,0.0794,0.91362
33408154,2,2,0.03883,0.07752,0.88366
28727154,2,2,0.00289,0.01604,0.98107
28811319,2,2,0.00206,0.01101,0.98693
1405840,2,2,0.00147,0.00751,0.99103
38279535,2,2,0.00245,0.03872,0.95883
32400925,2,2,0.00939,0.06197,0.92863
38082873,2,2,0.05765,0.28264,0.65972
15369895,2,2,0.00356,0.00855,0.98789
36771459,2,2,0.00154,0.00824,0.99023
565740,2,0,0.57649,0.41523,0.00829
28678533,2,2,0.22938,0.37892,0.39171
16654046,2,2,0.00462,0.02918,0.96621
9539180,0,0,0.86571,0.12768,0.00661
31123552,2,2,0.00384,0.02656,0.9696
9522614,2,2,0.00504,0.03444,0.96052
9440177,0,1,0.35749,0.62741,0.01511
37738571,0,0,0.86962,0.12479,0.00559
16928180,2,1,0.10585,0.76254,0.13161
24119365,0,1,0.25056,0.73071,0.01873
37556307,2,2,0.00166,0.01019,0.98815
23463054,2,2,0.00123,0.00847,0.9903
30103681,2,2,0.00214,0.01823,0.97963
21952760,2,2,0.00261,0.02296,0.97443
24829971,2,2,0.00596,0.05323,0.94081
21461839,2,2,0.02367,0.24569,0.73064
35089285,2,1,0.03608,0.89845,0.06547
30013529,0,0,0.92238,0.07439,0.00322
19730796,2,2,0.00239,0.01707,0.98054
2677741,1,0,0.95064,0.04715,0.00221
27474329,2,1,0.27021,0.49313,0.23665
23888285,2,2,0.00151,0.01106,0.98744
33224765,2,2,0.00303,0.01375,0.98321
110446,2,2,0.01725,0.10498,0.87778
9596166,2,2,0.00172,0.00623,0.99205
17701402,2,2,0.00207,0.00647,0.99146
22475554,2,1,0.05253,0.47558,0.47188
19958533,2,2,0.00259,0.01475,0.98266
12661560,2,2,0.00301,0.01989,0.9771
13287434,2,1,0.04685,0.73862,0.21453
37605612,0,1,0.33901,0.4273,0.23368
7728789,2,2,0.00298,0.01739,0.97963
6114703,2,2,0.00098,0.00555,0.99347
27349289,2,2,0.00153,0.01265,0.98582
3092293,2,2,0.04392,0.26905,0.68703
25680135,2,2,0.00164,0.0183,0.98005
38571509,2,2,0.00534,0.12482,0.86984
33500221,2,2,0.00125,0.00757,0.99118
12357789,2,2,0.05224,0.16185,0.78591
29527711,0,2,0.01727,0.06871,0.91401
27040455,2,2,0.00113,0.00555,0.99332
40313688,2,1,0.05764,0.7592,0.18317
31831083,2,2,0.00419,0.01784,0.97797
9184048,2,2,0.00147,0.00711,0.99142
25083037,2,2,0.00134,0.00728,0.99138
16025308,2,2,0.01529,0.03149,0.95322
22546616,2,2,0.00115,0.00475,0.9941
38190698,2,2,0.00213,0.00798,0.98989
3791490,2,2,0.00206,0.01118,0.98676
27747373,2,2,0.00274,0.02265,0.97461
10235026,2,2,0.00218,0.01727,0.98055
26513153,2,2,0.00506,0.0157,0.97924
24564239,2,2,0.0115,0.06806,0.92045
23054125,2,2,0.00703,0.02834,0.96463
16447404,2,2,0.00138,0.00604,0.99258
6011268,2,2,0.00302,0.01842,0.97856
14285219,2,2,0.0021,0.0212,0.97669
14467713,2,2,0.03351,0.14825,0.81824
15274942,2,2,0.00987,0.12856,0.86156
3479312,2,2,0.01271,0.08206,0.90523
15370692,2,2,0.0364,0.38075,0.58285
3765115,2,2,0.13235,0.28598,0.58167
35797166,2,2,0.00241,0.00984,0.98775
35994865,0,0,0.95466,0.04131,0.00403
40412709,2,2,0.00216,0.01063,0.98721
24022229,2,1,0.0656,0.74494,0.18946
29381951,2,2,0.00523,0.02927,0.9655
21497248,2,2,0.00167,0.00529,0.99304
1508451,0,0,0.90942,0.07242,0.01815
10220654,2,2,0.00297,0.03362,0.96341
29801027,0,0,0.96599,0.03232,0.0017
23225030,1,1,0.06292,0.7908,0.14628
16529554,2,2,0.00241,0.01096,0.98663
29499912,2,2,0.01258,0.11933,0.86809
7920958,2,2,0.00292,0.01929,0.97779
19523648,2,2,0.00151,0.00883,0.98965
18472485,2,2,0.04052,0.40447,0.55501
898232,2,2,0.00621,0.02721,0.96658
4339174,2,2,0.1241,0.16732,0.70858
36272762,0,0,0.94308,0.05086,0.00606
39752133,2,1,0.42611,0.55575,0.01815
14936832,1,1,0.05729,0.66074,0.28197
26208089,2,2,0.00297,0.01807,0.97896
12814417,2,2,0.00929,0.14091,0.8498
34309047,2,2,0.00196,0.01162,0.98642
1229602,0,0,0.49521,0.49521,0.00958
12946047,1,0,0.95255,0.04324,0.00421
36418358,2,2,0.01298,0.04062,0.9464
11406027,2,2,0.00438,0.04946,0.94615
4879614,2,2,0.00222,0.03026,0.96752
37637587,2,2,0.05765,0.28264,0.65972
17966306,0,0,0.9907,0.00808,0.00122
24876814,2,2,0.00314,0.01121,0.98565
31629769,2,2,0.00263,0.01674,0.98063
39304116,0,0,0.99281,0.00555,0.00164
29545705,2,2,0.00122,0.00446,0.99432
12558609,2,2,0.00197,0.00984,0.98819
19699760,2,2,0.00233,0.01304,0.98463
5634803,2,2,0.01097,0.0542,0.93483
18592239,2,2,0.0747,0.10954,0.81576
38399328,0,1,0.33313,0.65735,0.00952
32376105,2,2,0.03654,0.1317,0.83176
30037556,2,2,0.00225,0.01414,0.9836
5878566,2,2,0.00219,0.01217,0.98564
8304005,2,2,0.00458,0.15034,0.84509
13074087,2,2,0.0023,0.00862,0.98907
7020478,1,1,0.30696,0.67046,0.02259
13739666,2,2,0.00396,0.01103,0.98501
19649537,2,2,0.00107,0.00711,0.99181
13058742,2,2,0.02501,0.06526,0.90973
28371544,2,2,0.05582,0.36255,0.58163
29135128,2,2,0.00726,0.07121,0.92153
31124878,2,2,0.00166,0.01027,0.98807
3638426,2,2,0.00345,0.02626,0.97029
5641792,1,0,0.87471,0.12166,0.00363
17245950,2,2,0.00164,0.00811,0.99025
7483587,2,2,0.00186,0.0201,0.97804
8333318,0,0,0.91669,0.07979,0.00352
14852317,2,2,0.00137,0.01167,0.98696
7663095,2,2,0.00271,0.01828,0.97901
5166739,2,2,0.0014,0.00529,0.9933
5221627,2,1,0.01892,0.55719,0.42389
2010969,2,2,0.00276,0.01386,0.98337
29820109,2,2,0.00159,0.00426,0.99415
13141547,2,2,0.00548,0.04345,0.95107
8171408,2,2,0.01714,0.23108,0.75178
8473826,2,2,0.00194,0.00976,0.9883
3491943,0,1,0.04395,0.47989,0.47616
17315037,0,1,0.44104,0.51563,0.04333
35075575,2,2,0.12101,0.02577,0.85322
14105040,2,2,0.00814,0.23599,0.75587
24125862,2,2,0.00381,0.03346,0.96273
37565360,2,2,0.00142,0.00837,0.99021
14971987,2,2,0.00112,0.01311,0.98577
24830454,2,2,0.00191,0.00869,0.9894
37334456,2,2,0.01018,0.29283,0.69699
16104293,2,2,0.00585,0.04023,0.95392
31478873,2,2,0.00461,0.02974,0.96565
20216002,1,1,0.44623,0.54673,0.00705
17708217,2,2,0.00118,0.00648,0.99234
6906405,1,0,0.97517,0.02332,0.00151
39586651,2,2,0.0014,0.00787,0.99074
19007642,1,0,0.81806,0.17486,0.00708
25428398,2,2,0.00343,0.01479,0.98178
34791323,2,2,0.00819,0.11641,0.8754
7411537,2,1,0.42726,0.53174,0.041
25657207,2,1,0.28744,0.50843,0.20413
23758277,0,0,0.93335,0.06339,0.00326
23041616,2,2,0.00172,0.01954,0.97874
3325230,2,2,0.00139,0.0132,0.9854
34081031,0,0,0.99014,0.0087,0.00116
32945937,2,2,0.0019,0.01217,0.98593
4217294,2,2,0.00136,0.00717,0.99148
32960850,2,2,0.00327,0.01573,0.981
2216370,1,1,0.45861,0.52375,0.01764
13047279,2,0,0.59193,0.3974,0.01067
40077497,1,1,0.42668,0.53937,0.03395
37794556,2,1,0.03982,0.66825,0.29194
35504108,2,2,0.00169,0.00663,0.99168
12913777,0,0,0.45152,0.43253,0.11596
30475941,2,1,0.02927,0.88941,0.08133
32247540,0,0,0.71772,0.27455,0.00773
31340475,2,2,0.00904,0.05441,0.93655
10813978,2,1,0.04114,0.85933,0.09952
10097136,2,2,0.00396,0.02595,0.97008
29420437,2,2,0.01708,0.23948,0.74344
6477196,1,1,0.03793,0.80457,0.1575
1016978,1,1,0.34723,0.6166,0.03617
3010052,2,2,0.00449,0.02654,0.96897
11754676,2,2,0.00148,0.01131,0.9872
25227717,2,2,0.00659,0.10252,0.89088
25785096,2,2,0.00124,0.00623,0.99253
21360921,2,2,0.00163,0.00981,0.98856
37851803,2,2,0.00188,0.00768,0.99044
11375295,2,2,0.00136,0.00525,0.99339
23356231,2,2,0.0025,0.03606,0.96144
9256519,2,2,0.00151,0.00786,0.99062
34362215,2,2,0.00187,0.01618,0.98195
19745065,0,0,0.81679,0.17943,0.00378
24630591,2,2,0.00284,0.04771,0.94945
39284312,2,2,0.00213,0.00711,0.99076
13827673,2,0,0.98483,0.01269,0.00248
4095114,2,2,0.00128,0.00581,0.99291
3272089,2,2,0.00172,0.00663,0.99165
12912068,2,2,0.00524,0.04266,0.95211
34005310,2,1,0.05002,0.85606,0.09391
17091082,2,1,0.03124,0.75104,0.21771
14838512,2,2,0.00142,0.00981,0.98877
38276631,0,1,0.16816,0.63649,0.19535
28109205,1,0,0.65517,0.3399,0.00492
2802542,2,2,0.00147,0.0049,0.99363
9898710,2,2,0.00144,0.01012,0.98844
9448284,2,1,0.03756,0.66582,0.29661
29567919,2,2,0.00158,0.00904,0.98938
7349431,0,1,0.22206,0.75712,0.02082
14627046,2,2,0.00329,0.02514,0.97156
4316407,2,2,0.00336,0.01891,0.97772
22987221,2,2,0.00316,0.03399,0.96285
35565805,2,2,0.01375,0.22367,0.76258
21904333,2,2,0.00409,0.01045,0.98546
585381,2,1,0.14567,0.79989,0.05443
7008922,2,2,0.00138,0.00572,0.9929
15519295,2,2,0.00267,0.03048,0.96685
37530487,2,2,0.0028,0.03238,0.96483
1130658,2,2,0.00571,0.04917,0.94512
5492049,2,2,0.00223,0.0083,0.98947
22843728,2,2,0.16824,0.30021,0.53154
7586522,2,2,0.00297,0.02019,0.97684
27026505,2,2,0.00339,0.01249,0.98413
30751417,0,0,0.95752,0.03902,0.00345
1101995,2,2,0.0023,0.00954,0.98816
37046721,2,2,0.00163,0.00918,0.98919
13122184,2,2,0.00219,0.01299,0.98482
10345842,2,2,0.00467,0.03281,0.96252
37863964,1,0,0.90259,0.09329,0.00412
38113765,2,1,0.03151,0.62306,0.34543
1904119,2,2,0.00208,0.03129,0.96663
5014838,2,2,0.01199,0.07916,0.90885
19795095,2,2,0.002,0.01153,0.98647
8361981,2,1,0.21356,0.4425,0.34394
24458164,2,2,0.00158,0.0094,0.98902
1464581,2,2,0.00279,0.02051,0.9767
1361375,1,1,0.06138,0.87429,0.06433
9306420,2,1,0.02951,0.70948,0.261
12127138,2,2,0.01461,0.08142,0.90397
2610889,2,2,0.00449,0.04135,0.95416
18110166,2,2,0.00695,0.05387,0.93918
29578451,2,2,0.00438,0.05027,0.94535
25849559,2,2,0.0176,0.12094,0.86146
37594642,2,2,0.0016,0.01437,0.98403
7044440,2,0,0.82674,0.14338,0.02988
23628124,1,0,0.69169,0.27621,0.0321
8386316,2,1,0.28231,0.40915,0.30854
38951340,2,2,0.0025,0.02052,0.97699
8025209,2,2,0.00124,0.00609,0.99267
28608514,2,1,0.03813,0.87809,0.08378
18164861,2,2,0.18745,0.38764,0.42491
29638227,2,2,0.00256,0.01179,0.98565
3886297,2,2,0.00262,0.04925,0.94813
34328698,2,2,0.00109,0.00775,0.99116
33594050,2,2,0.00131,0.00901,0.98968
29702755,2,2,0.00356,0.02406,0.97238
41007560,2,2,0.00286,0.00946,0.98768
9246613,2,1,0.05965,0.63626,0.30409
33340326,2,1,0.02284,0.59378,0.38337
34104326,1,2,0.01191,0.13983,0.84826
28989568,2,2,0.00264,0.01175,0.98561
11960986,2,2,0.03355,0.15362,0.81283
33713882,0,0,0.96339,0.03475,0.00186
28366760,2,2,0.00342,0.03347,0.96311
23298283,2,2,0.00155,0.01695,0.9815
23730037,0,0,0.96968,0.02428,0.00604
30441301,0,0,0.98999,0.00857,0.00144
36972524,2,2,0.00129,0.0085,0.99021
31918675,2,1,0.15544,0.794,0.05056
17096967,2,2,0.00225,0.01569,0.98206
25403532,2,2,0.02044,0.163,0.81656
20387257,2,2,0.25194,0.33671,0.41134
4301716,2,2,0.00253,0.00961,0.98786
27427738,0,0,0.96417,0.03312,0.00271
16144771,0,0,0.96095,0.03626,0.00278
13441060,2,2,0.00959,0.05726,0.93316
24553592,1,1,0.29814,0.6878,0.01405
1087909,2,2,0.00898,0.06093,0.93009
40267687,2,2,0.0302,0.13405,0.83574
1220183,2,2,0.00149,0.00559,0.99292
29437210,2,2,0.00263,0.01611,0.98126
6352034,2,2,0.00263,0.04735,0.95003
7211695,0,0,0.89997,0.09787,0.00216
20443994,2,2,0.00166,0.00762,0.99071
4353493,2,2,0.00139,0.0119,0.98671
28050599,2,2,0.00274,0.02231,0.97495
7196667,2,2,0.0076,0.05748,0.93492
36374966,2,2,0.00149,0.01051,0.988
34469665,2,2,0.01611,0.05513,0.92877
11207715,2,2,0.00137,0.01047,0.98815
16346350,2,2,0.00168,0.00965,0.98866
29394046,2,1,0.12395,0.56867,0.30738
14849440,2,2,0.00703,0.02802,0.96495
14707900,2,2,0.00778,0.04966,0.94256
9722247,2,2,0.00122,0.00623,0.99255
1908275,2,2,0.00359,0.01561,0.9808
35797023,1,0,0.75609,0.2315,0.01241
24438844,2,2,0.00399,0.05041,0.9456
31870377,2,2,0.00371,0.01467,0.98162
3899891,2,2,0.00159,0.00728,0.99114
6850726,2,2,0.0193,0.04333,0.93737
22375870,2,2,0.0057,0.07897,0.91532
34428971,2,2,0.00893,0.14869,0.84238
32983084,0,0,0.985,0.01391,0.00108
3462309,2,2,0.00259,0.03095,0.96646
9245218,2,2,0.00199,0.01516,0.98285
26435258,2,2,0.00404,0.02359,0.97237
14420369,2,2,0.00312,0.01623,0.98065
10175763,2,2,0.00244,0.01329,0.98427
5291546,2,2,0.00269,0.02436,0.97295
19026222,0,0,0.78147,0.21198,0.00655
18330710,2,2,0.02457,0.06783,0.9076
25869941,2,2,0.00154,0.00751,0.99096
31567758,2,2,0.00138,0.00586,0.99276
16812571,2,2,0.00834,0.3131,0.67855
19416689,2,2,0.00142,0.00638,0.9922
25017698,0,0,0.98215,0.01697,0.00088
12623841,2,2,0.01279,0.13193,0.85528
20023907,2,2,0.00489,0.03274,0.96237
12994841,0,0,0.97184,0.026,0.00216
16714466,2,2,0.002,0.01131,0.98669
33839671,0,0,0.57832,0.4133,0.00838
19111661,2,1,0.2207,0.77033,0.00897
8876300,2,2,0.00188,0.00733,0.99078
35242446,2,2,0.00173,0.01606,0.98221
3975752,2,2,0.01361,0.35093,0.63546
29872142,0,0,0.62709,0.36578,0.00713
23224808,2,2,0.00448,0.02736,0.96816
4000189,2,2,0.00202,0.01587,0.98211
11278310,2,2,0.00187,0.016,0.98213
8853993,2,2,0.01177,0.03859,0.94964
25608497,0,0,0.86495,0.12657,0.00848
27793274,2,2,0.00126,0.00521,0.99353
16688572,2,1,0.03363,0.54698,0.41939
40257779,0,0,0.92551,0.06978,0.00471
38020884,2,2,0.01374,0.13599,0.85027
33634029,0,0,0.95836,0.03498,0.00666
15755928,2,2,0.00259,0.02935,0.96806
25831758,2,2,0.01298,0.01859,0.96843
20899346,2,2,0.00432,0.03257,0.96311
38738818,2,2,0.00193,0.0133,0.98477
19364035,0,0,0.96143,0.03465,0.00393
24830511,2,1,0.30279,0.58024,0.11697
830614,2,2,0.00203,0.01226,0.98571
12969130,2,1,0.12877,0.70709,0.16414
16452569,2,2,0.00146,0.01218,0.98636
18231618,2,1,0.05446,0.54153,0.40401
11882287,1,1,0.19814,0.68819,0.11367
39463354,2,2,0.00384,0.02676,0.9694
36340676,2,2,0.00241,0.0103,0.98729
32378589,2,2,0.00226,0.01105,0.98669
21696864,2,2,0.00289,0.01491,0.98219
24587555,2,2,0.00124,0.00734,0.99143
7824935,2,2,0.0065,0.02868,0.96482
1888828,2,2,0.00219,0.00999,0.98781
17446329,0,0,0.98774,0.01023,0.00203
17899325,1,1,0.06636,0.91345,0.02018
21061726,2,2,0.00238,0.00849,0.98913
16748045,2,2,0.00865,0.037,0.95434
41026640,2,2,0.00326,0.04984,0.94691
22120905,1,1,0.13382,0.8491,0.01708
40104104,0,0,0.9881,0.01106,0.00083
34311864,2,2,0.0041,0.03874,0.95716
38550330,2,2,0.00537,0.10538,0.88925
23985505,2,2,0.00576,0.04138,0.95287
30715004,2,2,0.00475,0.01651,0.97874
16650369,2,2,0.00397,0.00916,0.98687
34425672,2,2,0.00225,0.01587,0.98188
35834264,2,2,0.00322,0.01772,0.97906
8170161,2,2,0.00267,0.01486,0.98247
27638059,2,2,0.00306,0.02043,0.97651
15953282,2,2,0.004,0.01791,0.97809
3939335,2,2,0.00181,0.01741,0.98078
11316628,2,2,0.00172,0.00509,0.99319
234322,2,2,0.00282,0.00924,0.98794
16896083,2,2,0.00211,0.01721,0.98068
35124400,2,2,0.01076,0.21108,0.77816
22209744,2,2,0.05801,0.18381,0.75818
27243315,0,0,0.92969,0.06527,0.00503
36659990,2,2,0.00197,0.00792,0.99011
23560370,2,2,0.0018,0.00572,0.99248
28059872,0,0,0.91058,0.08338,0.00604
14930597,2,2,0.00447,0.04511,0.95042
40116554,2,2,0.01768,0.1238,0.85852
31958599,2,2,0.00322,0.01514,0.98164
14420199,2,2,0.00132,0.00486,0.99382
30762382,2,2,0.01421,0.26286,0.72294
4178881,1,1,0.21999,0.56232,0.21769
12045443,2,2,0.00354,0.02965,0.9668
32892678,2,2,0.00309,0.07163,0.92528
10928173,2,2,0.00301,0.02012,0.97687
8036790,2,2,0.00195,0.03595,0.96211
29133915,2,2,0.00332,0.01752,0.97916
36091007,2,2,0.00212,0.01126,0.98661
23864597,0,0,0.67689,0.31725,0.00586
26697707,2,2,0.0044,0.04652,0.94909
19933234,2,2,0.00344,0.0562,0.94036
7896068,2,2,0.02865,0.24947,0.72187
10441058,2,2,0.00592,0.02914,0.96494
7242937,2,2,0.00234,0.00663,0.99103
41563867,0,0,0.59593,0.38476,0.01931
12301210,2,2,0.00356,0.02406,0.97238
28926087,2,2,0.01956,0.21702,0.76342
41236397,2,2,0.00635,0.03674,0.95691
19079779,2,0,0.49519,0.42522,0.07959
10256994,2,2,0.00118,0.00619,0.99263
5618194,2,2,0.00751,0.09743,0.89507
28478655,2,2,0.00205,0.01727,0.98068
24022742,2,1,0.08809,0.83417,0.07774
4096529,2,2,0.00217,0.00798,0.98985
2293077,2,2,0.00138,0.00668,0.99194
33155941,0,0,0.76802,0.2059,0.02608
25561367,2,2,0.00406,0.01737,0.97857
27198544,2,2,0.00288,0.01726,0.97986
10375227,0,1,0.46906,0.5192,0.01174
9582490,2,2,0.00259,0.017,0.98041
18187766,1,1,0.07598,0.89755,0.02648
23089669,0,0,0.98975,0.00933,0.00092
36537694,2,2,0.00172,0.00604,0.99224
32026132,2,2,0.00196,0.01153,0.98651
22118780,2,1,0.0545,0.73494,0.21056
10296028,2,2,0.00308,0.01391,0.98301
39533863,2,2,0.00216,0.01109,0.98675
23322260,2,2,0.00335,0.0229,0.97375
6764481,1,1,0.05846,0.90206,0.03948
33297703,0,0,0.63358,0.35264,0.01378
32175578,0,0,0.8538,0.13196,0.01424
6412077,2,2,0.00248,0.01339,0.98413
10981472,0,0,0.49831,0.48676,0.01493
26803519,2,2,0.00125,0.01163,0.98712
39925798,2,2,0.00256,0.05825,0.93919
27457143,1,0,0.62497,0.35889,0.01614
33488246,1,1,0.05233,0.90779,0.03989
24595970,2,2,0.00506,0.13007,0.86487
20429546,2,2,0.00814,0.03675,0.95512
21946301,2,2,0.00166,0.00811,0.99023
8866145,2,2,0.00104,0.0069,0.99206
19155142,2,2,0.00198,0.01721,0.98081
20605412,2,2,0.00161,0.00733,0.99105
12466906,2,2,0.00695,0.0691,0.92395
5753678,1,1,0.16991,0.80114,0.02895
1861519,2,2,0.00431,0.03593,0.95976
10053983,2,2,0.00147,0.00818,0.99036
13858164,2,2,0.01508,0.06641,0.91851
28833443,2,2,0.00241,0.01015,0.98745
33361601,0,0,0.96449,0.03402,0.0015
35934825,0,0,0.99265,0.00563,0.00172
30119758,2,2,0.01714,0.23108,0.75178
22974467,2,2,0.00233,0.01366,0.98401
3106942,2,2,0.00156,0.00958,0.98886
9600363,2,2,0.00227,0.00961,0.98812
39164389,2,2,0.00168,0.02471,0.97361
8054102,2,2,0.00182,0.02489,0.97328
33034765,2,2,0.00299,0.01308,0.98393
33426062,2,2,0.00155,0.01261,0.98584
34364586,2,2,0.0021,0.00932,0.98858
31374024,1,0,0.58536,0.40547,0.00917
22228701,2,1,0.32567,0.65786,0.01647
5159976,2,2,0.00207,0.02263,0.97531
31651852,2,2,0.00252,0.01309,0.98439
11699922,0,0,0.94745,0.04924,0.00331
2617513,2,2,0.00214,0.01741,0.98045
15297900,2,2,0.0013,0.00653,0.99217
21026933,2,2,0.00267,0.0163,0.98103
14900308,2,2,0.01725,0.05547,0.92728
12320104,2,2,0.0022,0.00849,0.98931
23619311,2,2,0.02367,0.095,0.88133
4536972,2,2,0.00662,0.04088,0.9525
35270435,2,2,0.00193,0.02951,0.96856
7776457,2,2,0.00103,0.00679,0.99218
14508494,0,0,0.98619,0.00847,0.00534
34889174,2,2,0.00632,0.09884,0.89484
27119537,2,1,0.04925,0.82336,0.12738
38123614,0,0,0.83843,0.15877,0.0028
6315425,2,0,0.66104,0.18072,0.15824
12548414,2,2,0.00182,0.00863,0.98955
39462730,2,2,0.00189,0.00497,0.99314
29349736,2,2,0.00116,0.00568,0.99316
4642971,2,0,0.73659,0.25456,0.00885
9542770,0,0,0.97292,0.02417,0.00291
6022255,0,1,0.46409,0.52179,0.01412
13042046,0,0,0.98416,0.01494,0.0009
38285052,2,1,0.04094,0.88902,0.07004
24355771,2,2,0.00978,0.06082,0.9294
36088962,2,2,0.00124,0.00763,0.99114
7193130,2,2,0.01047,0.03922,0.9503
10231282,2,2,0.00272,0.0123,0.98497
34915058,1,0,0.84664,0.14944,0.00392
8222732,2,1,0.03473,0.86134,0.10393
8362888,2,2,0.00348,0.01567,0.98085
28411132,2,2,0.002,0.01109,0.98691
39124019,0,0,0.98992,0.00912,0.00096
41116134,2,2,0.00205,0.01618,0.98177
11839780,2,2,0.00172,0.01931,0.97897
7094220,2,2,0.00156,0.00918,0.98926
14168715,2,2,0.00397,0.02387,0.97216
6938227,2,1,0.05571,0.89215,0.05213
39351265,2,2,0.00308,0.01446,0.98246
23694253,2,2,0.00303,0.04579,0.95118
23967280,2,2,0.00357,0.06627,0.93016
17600834,2,2,0.00165,0.01493,0.98342
22835187,1,2,0.0095,0.08003,0.91047
12875782,2,1,0.10197,0.83398,0.06406
25526299,2,0,0.52543,0.4356,0.03896
12539736,0,0,0.56384,0.41252,0.02364
40941703,1,1,0.35621,0.6203,0.02349
25607483,2,2,0.00268,0.01413,0.98319
21597209,2,2,0.00647,0.1049,0.88863
39457352,2,2,0.00137,0.0141,0.98453
14163346,2,2,0.00271,0.01843,0.97887
17742232,0,0,0.98381,0.01506,0.00113
41415420,2,1,0.04082,0.60929,0.34989
2756130,2,2,0.00171,0.00863,0.98966
31300188,2,2,0.00557,0.05709,0.93733
9426027,2,2,0.00653,0.02381,0.96966
15245634,2,2,0.00121,0.00908,0.98971
19780866,2,2,0.05729,0.3992,0.54351
37957103,2,2,0.0139,0.05617,0.92992
10300018,1,1,0.03319,0.77948,0.18733
18370214,2,2,0.00118,0.00695,0.99187
29519321,2,2,0.0016,0.01546,0.98294
2569203,2,1,0.08354,0.88704,0.02942
20809555,2,2,0.02017,0.03812,0.94172
30623637,2,2,0.1,0.20313,0.69687
28485782,2,2,0.00293,0.01693,0.98014
5232622,2,2,0.00269,0.01046,0.98685
20948282,2,2,0.00158,0.01265,0.98577
8920426,0,1,0.12577,0.73087,0.14336
14009966,2,1,0.01675,0.5089,0.47435
26391098,2,2,0.00136,0.00653,0.99211
8280171,2,2,0.28302,0.12626,0.59072
32757342,2,1,0.28461,0.39873,0.31666
3304291,2,2,0.00133,0.01012,0.98855
37155995,0,0,0.88488,0.09572,0.0194
550669,2,1,0.03512,0.78085,0.18403
30740966,2,2,0.03822,0.1572,0.80458
38603942,2,2,0.00247,0.01498,0.98255
13934878,2,2,0.00299,0.01323,0.98378
14629299,2,2,0.00133,0.0085,0.99017
13841676,2,2,0.00308,0.01491,0.98201
23675796,2,2,0.00203,0.00805,0.98992
15655587,2,2,0.0019,0.01453,0.98357
30932312,2,2,0.01832,0.05665,0.92503
480238,2,2,0.00146,0.01015,0.98838
15477852,2,2,0.002,0.04077,0.95723
31237798,0,0,0.97758,0.02143,0.00099
13879189,2,2,0.00118,0.00684,0.99198
9962570,2,2,0.04123,0.13708,0.82169
7702924,2,2,0.0046,0.01736,0.97804
17769606,2,0,0.47326,0.3128,0.21394
26897483,2,2,0.00369,0.03622,0.96009
27580115,0,0,0.96276,0.03618,0.00106
4516024,2,2,0.00495,0.03728,0.95777
39165456,2,2,0.00427,0.01467,0.98107
15762371,2,2,0.00196,0.01325,0.98479
30235059,2,2,0.00344,0.0137,0.98287
17100274,2,2,0.00213,0.00911,0.98876
24457106,2,2,0.00229,0.01447,0.98324
21176738,2,1,0.04675,0.78457,0.16868
30582771,2,2,0.00472,0.05286,0.94242
14136815,0,0,0.61205,0.35422,0.03373
31163296,2,2,0.00131,0.01426,0.98443
18266231,1,0,0.86491,0.13161,0.00348
14613796,2,2,0.00419,0.0175,0.97831
32925766,2,2,0.01763,0.04944,0.93293
18030206,2,1,0.07366,0.8203,0.10604
6148538,2,2,0.0029,0.01165,0.98545
33872490,2,2,0.01714,0.23108,0.75178
19263729,2,2,0.0012,0.00604,0.99276
4150380,2,2,0.00166,0.00977,0.98857
15614879,2,2,0.03724,0.18493,0.77783
34165868,0,1,0.08084,0.79135,0.1278
11222554,2,2,0.00136,0.00757,0.99108
31256108,0,0,0.93596,0.05943,0.00461
41552941,2,0,0.83185,0.16189,0.00625
1994549,0,0,0.99353,0.00509,0.00138
6949987,2,2,0.00818,0.2438,0.74802
3158642,2,2,0.00174,0.00722,0.99104
1210167,1,0,0.70356,0.28874,0.00769
12907711,0,0,0.98354,0.01476,0.0017
1316606,2,2,0.00151,0.00695,0.99154
25000422,2,2,0.00413,0.01578,0.98009
8817467,0,0,0.65601,0.33506,0.00893
16275528,2,2,0.00372,0.02626,0.97002
15337189,2,2,0.0016,0.01241,0.98599
37443896,0,0,0.95048,0.04751,0.00202
4500851,2,2,0.00264,0.01216,0.9852
23299540,2,2,0.00188,0.00836,0.98975
34100961,2,2,0.33079,0.12169,0.54752
37605806,0,0,0.99205,0.00701,0.00095
19508414,2,2,0.014,0.06386,0.92213
4464022,2,1,0.04406,0.79944,0.1565
27931185,2,2,0.00159,0.00628,0.99213
2223005,2,2,0.00222,0.01414,0.98364
29388444,2,1,0.08958,0.87005,0.04038
31161769,2,2,0.0029,0.01211,0.98499
37251017,0,0,0.98741,0.01136,0.00123
11147150,2,2,0.00712,0.03116,0.96173
3807439,2,2,0.00191,0.01101,0.98709
40310581,2,2,0.00429,0.02386,0.97185
28678732,0,2,0.0033,0.00816,0.98854
40364176,2,2,0.00146,0.01056,0.98798
5204764,2,2,0.0019,0.01643,0.98167
36489121,1,1,0.10408,0.83562,0.0603
5484331,2,2,0.00695,0.06849,0.92456
31321657,2,2,0.00214,0.02186,0.97601
20624230,2,2,0.00289,0.01424,0.98287
23410355,1,1,0.09829,0.85782,0.04389
8940186,0,0,0.92638,0.07102,0.0026
35454324,2,2,0.00464,0.04013,0.95524
32278110,0,0,0.98992,0.00915,0.00093
6718972,2,2,0.00161,0.00572,0.99267
35854689,2,2,0.02967,0.10316,0.86716
26239887,2,2,0.00466,0.02001,0.97533
26392478,2,2,0.02188,0.0331,0.94502
36714918,0,0,0.79128,0.20322,0.0055
28382410,2,2,0.0026,0.01087,0.98652
18169752,2,2,0.00585,0.04023,0.95392
16230722,2,2,0.00375,0.0195,0.97675
34351326,2,2,0.00995,0.09436,0.89569
4309220,2,1,0.08849,0.89284,0.01868
8743618,0,0,0.91583,0.08097,0.0032
8076650,2,2,0.00596,0.05289,0.94115
14651810,1,1,0.46826,0.51428,0.01746
28012977,2,2,0.00299,0.01375,0.98326
20101025,1,1,0.04277,0.93063,0.02661
36097238,2,2,0.00389,0.03044,0.96567
30681582,1,1,0.34497,0.61979,0.03524
8802542,2,2,0.00142,0.00586,0.99272
23285563,2,2,0.00221,0.01843,0.97935
26565934,2,2,0.00149,0.00739,0.99112
39352749,0,0,0.97369,0.025,0.00131
5295492,2,2,0.00473,0.02031,0.97495
16692443,0,0,0.61719,0.37434,0.00847
36303050,2,2,0.00114,0.0059,0.99295
32254301,2,2,0.00181,0.01676,0.98144
24706563,0,0,0.96085,0.03569,0.00347
1167370,2,2,0.00194,0.0247,0.97336
8047697,2,2,0.00302,0.03342,0.96356
14646306,0,0,0.97916,0.01928,0.00157
12423801,2,2,0.02223,0.4717,0.50606
15873857,2,2,0.0018,0.01953,0.97866
6061630,0,0,0.92015,0.07494,0.0049
26944061,2,2,0.00278,0.023,0.97422
14556211,2,2,0.00475,0.04616,0.94909
3365609,2,2,0.00866,0.0513,0.94004
31429946,2,2,0.01121,0.08452,0.90428
25941899,2,2,0.00109,0.00572,0.99318
13989578,2,2,0.00544,0.10723,0.88733
25566341,2,1,0.31267,0.41301,0.27432
27233121,2,2,0.0017,0.01644,0.98186
39952704,2,2,0.00249,0.00896,0.98855
38465929,2,2,0.00289,0.05958,0.93752
4541391,2,2,0.00176,0.01465,0.9836
38136478,0,0,0.97193,0.02462,0.00345
35070911,2,2,0.00207,0.00768,0.99025
1360422,2,2,0.00182,0.00799,0.99019
12180958,1,0,0.66401,0.32109,0.0149
7468148,2,1,0.37234,0.61388,0.01378
28097222,2,2,0.02641,0.24286,0.73073
35023254,2,2,0.00325,0.02256,0.97419
7839595,2,2,0.00534,0.0674,0.92726
27363641,0,0,0.76305,0.22911,0.00784
10055485,2,2,0.0013,0.00658,0.99212
10730698,2,2,0.00164,0.00805,0.99032
31226096,0,0,0.99188,0.00703,0.00109
39125679,2,2,0.00248,0.02614,0.97138
277084,2,2,0.01614,0.0888,0.89506
25167676,2,2,0.00382,0.01578,0.98039
37442305,2,2,0.00422,0.02634,0.96944
35701106,2,2,0.00767,0.06294,0.92939
31675952,2,2,0.023,0.23315,0.74385
17409102,0,2,0.23383,0.38121,0.38496
6252615,2,2,0.00283,0.00657,0.9906
18257882,2,2,0.00463,0.01154,0.98383
3982004,2,2,0.00928,0.11548,0.87524
29954162,2,2,0.00575,0.02732,0.96693
34302953,2,2,0.0019,0.01377,0.98433
7913458,2,2,0.00762,0.06889,0.92349
2954630,2,2,0.0032,0.0361,0.96069
33791029,2,2,0.00266,0.02115,0.97619
34275956,2,0,0.80513,0.18901,0.00587
26767947,2,2,0.00173,0.01171,0.98655
29815712,2,1,0.02426,0.73163,0.24411
29256377,2,2,0.02603,0.44713,0.52685
24347223,2,2,0.00153,0.01275,0.98572
28603321,2,2,0.00493,0.01028,0.98479
30933510,2,2,0.00335,0.02352,0.97313
17770224,2,2,0.00244,0.01289,0.98467
11570760,2,2,0.00679,0.01604,0.97716
26001085,2,0,0.77462,0.16541,0.05997
22136657,0,0,0.98996,0.0088,0.00123
39223092,2,1,0.06814,0.83331,0.09856
23843360,2,2,0.00215,0.01545,0.9824
32551061,1,0,0.84155,0.1423,0.01615
23191150,2,2,0.00285,0.01293,0.98421
38763169,0,0,0.86589,0.13175,0.00236
9157234,2,2,0.00207,0.03478,0.96315
27446627,2,2,0.00147,0.00509,0.99344
3689017,0,0,0.77909,0.21635,0.00456
29575105,2,2,0.00122,0.00722,0.99156
19569217,2,2,0.00147,0.00684,0.99169
30079574,2,2,0.01542,0.03066,0.95392
27144007,2,2,0.00297,0.02012,0.97692
16059880,2,2,0.00174,0.0078,0.99046
19448340,2,2,0.00099,0.00638,0.99262
34048217,1,1,0.44915,0.52511,0.02574
29994937,2,2,0.00142,0.01097,0.98761
28725411,2,2,0.00206,0.01118,0.98676
18996005,2,2,0.27804,0.33547,0.3865
23033669,2,2,0.00353,0.01772,0.97875
23269576,2,1,0.38559,0.58796,0.02645
27228523,2,2,0.00624,0.05248,0.94127
16219155,2,2,0.00187,0.01185,0.98628
34831249,2,2,0.00322,0.06106,0.93572
26390591,2,1,0.05929,0.87126,0.06945
37406165,0,0,0.9745,0.02427,0.00123
5281374,1,1,0.20604,0.69567,0.09828
37858706,2,2,0.00127,0.0088,0.98992
20971481,2,2,0.10626,0.27507,0.61867
26708465,1,2,0.05386,0.19094,0.7552
36878370,0,0,0.67655,0.28759,0.03586
32074450,2,2,0.01716,0.14942,0.83341
1928811,2,2,0.01329,0.13847,0.84824
17941306,2,2,0.00566,0.0853,0.90904
39531879,0,0,0.98312,0.0158,0.00108
7702520,2,2,0.00201,0.02076,0.97723
18649029,2,2,0.00338,0.01531,0.98131
38346920,2,2,0.00289,0.01424,0.98287
34062461,2,2,0.00289,0.01424,0.98287
31608314,1,1,0.0245,0.83721,0.13828
98230,2,1,0.02059,0.78482,0.19459
3543179,2,1,0.02157,0.50641,0.47203
23819416,2,2,0.00162,0.01702,0.98136
41205938,0,0,0.584,0.39208,0.02392
23462898,2,2,0.00305,0.00835,0.9886
38217241,2,2,0.00368,0.03782,0.9585
12135296,2,2,0.00101,0.0053,0.99369
8895003,2,2,0.00191,0.00962,0.98848
9201913,2,2,0.00714,0.08686,0.906
21598372,2,2,0.00499,0.07326,0.92175
30193628,2,2,0.00216,0.00947,0.98837
12698568,2,2,0.00154,0.00768,0.99078
8015011,2,2,0.00163,0.00904,0.98933
6081943,2,2,0.0036,0.01348,0.98292
40734477,0,0,0.96585,0.03172,0.00243
1696374,2,2,0.01442,0.05091,0.93468
36183088,2,2,0.00936,0.05042,0.94022
11243751,1,0,0.54818,0.43364,0.01818
41090035,2,2,0.26903,0.16753,0.56344
36064060,2,2,0.00172,0.00648,0.99181
31460039,2,2,0.03089,0.09422,0.8749
41503306,2,2,0.00218,0.01481,0.98301
40147049,2,2,0.00153,0.01346,0.98501
37156678,2,2,0.00131,0.01008,0.98861
31891933,2,2,0.00533,0.04048,0.95419
35997822,1,1,0.28194,0.68165,0.03641
2596887,2,1,0.05112,0.72244,0.22644
36977787,0,0,0.95459,0.04289,0.00252
7958132,2,2,0.00132,0.00623,0.99245
756395,2,2,0.00243,0.03411,0.96346
2646589,2,2,0.00113,0.00517,0.9937
18777104,2,2,0.00361,0.01013,0.98625
21976805,2,2,0.02146,0.43786,0.54068
22316192,2,2,0.00425,0.01784,0.9779
16502707,2,2,0.00352,0.03529,0.96119
34780682,2,2,0.00178,0.01795,0.98027
6882868,2,0,0.83663,0.14036,0.023
34197846,1,1,0.1601,0.75488,0.08503
14178150,2,2,0.00255,0.01636,0.98109
542948,0,0,0.97356,0.02339,0.00305
12354646,0,0,0.9588,0.03988,0.00131
8074822,2,2,0.00102,0.00711,0.99186
39934669,2,2,0.00139,0.01167,0.98694
41122000,0,0,0.98712,0.01167,0.00121
21009383,2,2,0.00196,0.02865,0.96939
15627807,2,2,0.00427,0.08797,0.90776
39692894,2,2,0.16607,0.38688,0.44704
32952725,2,2,0.00271,0.04608,0.95121
22014257,0,0,0.98177,0.0165,0.00173
32477706,2,2,0.00111,0.00464,0.99425
21879900,2,2,0.03715,0.11069,0.85216
26935386,2,2,0.00602,0.04215,0.95183
26023868,2,2,0.23585,0.34636,0.41779
7587336,2,2,0.00337,0.01877,0.97786
36258462,2,2,0.00125,0.00985,0.9889
3956744,2,2,0.00161,0.00555,0.99284
21041975,0,0,0.98694,0.01228,0.00078
19200542,2,2,0.01398,0.12803,0.85799
485194,2,1,0.15916,0.8162,0.02465
14633615,2,2,0.00213,0.00969,0.98818
2462380,0,0,0.60596,0.38819,0.00585
