item_id,pred,p_neg,p_neu,p_pos
R00000,1,0.08251229,0.863163,0.054324675
R00001,1,0.39970013,0.57703453,0.023265338
R00002,1,0.1844616,0.7997012,0.015837224
R00003,2,0.043166645,0.18568516,0.7711482
R00004,1,0.32569155,0.6502501,0.02405835
R00005,0,0.7846729,0.21201843,0.003308573
R00006,2,0.008275762,0.07897967,0.9127445
R00007,1,0.056385536,0.9207434,0.022870982
R00008,1,0.059989158,0.913077,0.026933819
R00009,1,0.100444295,0.8443014,0.055254348
R00010,2,0.0015258531,0.014791284,0.98368293
R00011,2,0.008613334,0.2743073,0.71707934
R00012,1,0.032850336,0.8406282,0.12652142
R00013,1,0.02624017,0.8036521,0.17010775
R00014,1,0.025810748,0.86819464,0.10599464
R00015,0,0.53920734,0.42989358,0.03089904
R00016,1,0.05123504,0.9117173,0.03704765
R00017,1,0.4418139,0.510515,0.047671143
R00018,1,0.4544668,0.5354927,0.010040479
R00019,2,0.0024547607,0.037693013,0.9598523
R00020,0,0.9721162,0.026780616,0.0011032113
R00021,1,0.070359714,0.90710795,0.02253228
R00022,1,0.024218807,0.7957755,0.18000579
R00023,1,0.09167642,0.8579908,0.050332747
R00024,1,0.12563017,0.85132545,0.023044325
R00025,1,0.068776846,0.8954025,0.03582061
R00026,0,0.47920313,0.41796842,0.10282846
R00027,0,0.69285804,0.30268726,0.004454657
R00028,0,0.981503,0.01725444,0.001242605
R00029,1,0.23865347,0.7496031,0.011743429
R00030,2,0.008824337,0.11876217,0.87241346
R00031,2,0.00850851,0.21351841,0.77797306
R00032,2,0.0021532043,0.028781433,0.96906537
R00033,1,0.057339508,0.83278143,0.1098791
R00034,0,0.9533819,0.04529246,0.0013256337
R00035,2,0.0077430257,0.054334357,0.9379227
R00036,0,0.54644763,0.44599757,0.0075548403
R00037,1,0.28900313,0.4538894,0.25710747
R00038,1,0.40644377,0.5776731,0.015883138
R00039,1,0.3831164,0.58418274,0.03270086
R00040,0,0.752366,0.23953311,0.008100882
R00041,0,0.68289095,0.29833296,0.018776108
R00042,1,0.13626502,0.6450251,0.2187099
R00043,1,0.08496896,0.8967089,0.01832207
R00044,0,0.89824295,0.09999579,0.0017613237
R00045,1,0.18675464,0.8002097,0.013035629
R00046,1,0.048871595,0.9113961,0.039732322
R00047,1,0.25653115,0.69325,0.050218865
R00048,1,0.2354428,0.692681,0.07187616
R00049,1,0.07707338,0.88551044,0.037416127
R00050,2,0.016736694,0.23744766,0.7458157
R00051,1,0.039616365,0.8145858,0.1457978
R00052,1,0.45751825,0.49857512,0.043906692
R00053,1,0.029208012,0.88758606,0.08320588
R00054,0,0.789811,0.20047706,0.009711942
R00055,0,0.5339055,0.4602553,0.0058392
R00056,1,0.023506155,0.74277073,0.23372316
R00057,0,0.9633534,0.035055894,0.001590694
R00058,0,0.7176629,0.2766837,0.00565336
R00059,2,0.11422771,0.4178276,0.4679447
R00060,0,0.6346103,0.3504651,0.014924604
R00061,1,0.26575175,0.7223881,0.011860191
R00062,1,0.17022076,0.8136655,0.016113771
R00063,1,0.2470896,0.7405604,0.012350014
R00064,1,0.10142743,0.60220236,0.29637015
R00065,0,0.8348766,0.1631176,0.002005782
R00066,2,0.0015545414,0.011805015,0.9866404
R00067,0,0.5828028,0.3583538,0.058843426
R00068,1,0.08638063,0.8931022,0.020517202
R00069,1,0.07915899,0.84441656,0.07642441
R00070,0,0.8245089,0.17081296,0.0046781977
R00071,0,0.91947645,0.07909735,0.0014262584
R00072,0,0.63097376,0.36233777,0.006688498
R00073,2,0.0023915314,0.017602267,0.9800062
R00074,0,0.6398893,0.30463296,0.055477787
R00075,0,0.76525116,0.23157218,0.0031766559
R00076,0,0.5070458,0.48762116,0.0053329994
R00077,1,0.3442161,0.6281834,0.027600454
R00078,1,0.35754713,0.54413044,0.09832237
R00079,1,0.029522857,0.842798,0.12767912
R00080,1,0.33755818,0.62573403,0.03670775
R00081,1,0.12262024,0.81854594,0.05883383
R00082,1,0.06495344,0.88620824,0.04883828
R00083,2,0.0038491662,0.08326891,0.9128819
R00084,1,0.14716308,0.8172106,0.035626307
R00085,1,0.02380695,0.8591255,0.11706753
R00086,1,0.025904259,0.91315657,0.060939163
R00087,1,0.06946059,0.88335603,0.04718334
R00088,1,0.027567148,0.7687376,0.20369521
R00089,1,0.018339865,0.710044,0.27161604
R00090,1,0.4801932,0.5151721,0.004634663
R00091,0,0.83287925,0.15467016,0.012450536
R00092,0,0.85768753,0.14001365,0.0022987486
R00093,0,0.96920234,0.029626833,0.0011708423
R00094,1,0.022130184,0.830429,0.1474408
R00095,0,0.8782027,0.11978398,0.0020132542
R00096,0,0.93420523,0.064322844,0.0014719251
R00097,0,0.94178206,0.056779772,0.0014382093
R00098,1,0.18406574,0.786381,0.029553184
R00099,0,0.9533636,0.045225296,0.0014111025
R00100,1,0.06399242,0.85287106,0.08313646
R00101,2,0.011278969,0.24591136,0.7428097
R00102,1,0.04176133,0.9212402,0.036998488
R00103,1,0.048129745,0.8871046,0.064765655
R00104,1,0.29240698,0.6905729,0.017020127
R00105,1,0.34687576,0.63800216,0.015122052
R00106,1,0.12849575,0.822494,0.04901021
R00107,1,0.40729243,0.57887924,0.013828323
R00108,1,0.05347648,0.92232543,0.024198076
R00109,0,0.7496723,0.2472157,0.0031119862
R00110,1,0.34806186,0.6452048,0.0067333165
R00111,2,0.008072038,0.23043491,0.76149297
R00112,1,0.023338672,0.74909186,0.22756943
R00113,2,0.006915584,0.18116395,0.81192046
R00114,0,0.8714584,0.124568485,0.003973086
R00115,2,0.014175349,0.46214536,0.5236793
R00116,0,0.95394284,0.044922538,0.0011345416
R00117,2,0.004936227,0.08332704,0.9117367
R00118,1,0.4118061,0.5563145,0.03187936
R00119,2,0.010185066,0.21776631,0.77204865
R00120,1,0.046632208,0.90781575,0.045551974
R00121,2,0.006000382,0.14424461,0.849755
R00122,1,0.021701656,0.8401988,0.13809949
R00123,2,0.011993305,0.19815233,0.78985435
R00124,2,0.011698296,0.2057436,0.7825581
R00125,0,0.7214015,0.27381313,0.004785406
R00126,1,0.06635969,0.82759786,0.10604248
R00127,2,0.0015807857,0.010676854,0.9877424
R00128,1,0.21818997,0.7675308,0.014279195
R00129,2,0.016879782,0.47812235,0.50499785
R00130,0,0.91575533,0.08255784,0.0016868691
R00131,2,0.006834682,0.26255158,0.73061377
R00132,1,0.27565074,0.5065044,0.21784486
R00133,1,0.06103731,0.84589183,0.09307078
R00134,1,0.15973601,0.83044356,0.009820381
R00135,1,0.42193875,0.54602927,0.03203199
R00136,1,0.12145026,0.8381067,0.04044307
R00137,2,0.0029698128,0.07840882,0.9186213
R00138,1,0.28128007,0.69346064,0.025259301
R00139,0,0.97542953,0.022984752,0.0015856635
R00140,1,0.038765423,0.8223912,0.13884339
R00141,0,0.7719821,0.22465958,0.0033583888
R00142,0,0.8565467,0.13819838,0.0052548884
R00143,2,0.0021305257,0.023910973,0.9739585
R00144,2,0.010154612,0.20798361,0.78186184
R00145,0,0.69710326,0.29287505,0.010021633
R00146,2,0.0034077978,0.10895227,0.88764
R00147,1,0.32024708,0.6596762,0.020076733
R00148,0,0.76449376,0.221613,0.013893224
R00149,1,0.022023914,0.5906309,0.38734522
R00150,2,0.0013874752,0.031455677,0.9671569
R00151,2,0.117119305,0.28343484,0.5994458
R00152,2,0.047145043,0.2761121,0.67674285
R00153,0,0.9714246,0.026971461,0.0016040212
R00154,1,0.06611181,0.90908736,0.02480087
R00155,1,0.036121614,0.86157864,0.10229973
R00156,0,0.8381768,0.15626316,0.0055600326
R00157,1,0.034197487,0.84817725,0.117625244
R00158,0,0.8858426,0.11174582,0.0024115972
R00159,1,0.04498849,0.9286672,0.026344262
R00160,2,0.0012523966,0.009510561,0.9892371
R00161,2,0.0057112607,0.09199523,0.9022935
R00162,0,0.6164013,0.3738663,0.009732402
R00163,0,0.9716101,0.027401434,0.0009883975
R00164,0,0.84947354,0.13532817,0.015198235
R00165,0,0.8429879,0.15292099,0.0040911566
R00166,0,0.65621996,0.34044242,0.00333758
R00167,2,0.002304197,0.053477637,0.94421816
R00168,0,0.7828733,0.21402565,0.0031009882
R00169,1,0.3070674,0.662883,0.030049575
R00170,1,0.26472694,0.7252463,0.010026799
R00171,2,0.0021612418,0.009838546,0.9880002
R00172,0,0.8083545,0.18178292,0.009862608
R00173,1,0.010479926,0.5333347,0.45618537
R00174,0,0.49737632,0.42047212,0.082151555
R00175,2,0.007869655,0.096623965,0.8955063
R00176,1,0.4252714,0.55682933,0.01789925
R00177,1,0.14790703,0.84287465,0.009218324
R00178,0,0.56695914,0.41804948,0.014991372
R00179,2,0.0015715765,0.016440297,0.98198813
R00180,1,0.054550204,0.90127367,0.044176098
R00181,2,0.02334953,0.07968775,0.8969627
R00182,1,0.20035516,0.76057595,0.03906887
R00183,2,0.0124743935,0.42289147,0.5646342
R00184,1,0.08415526,0.8803501,0.03549466
R00185,0,0.9270061,0.07120435,0.0017895428
R00186,0,0.6960287,0.2947171,0.009254208
R00187,1,0.43517593,0.5544285,0.010395525
R00188,1,0.18479644,0.7964723,0.018731235
R00189,1,0.24219236,0.69331896,0.0644887
R00190,1,0.08311157,0.7123871,0.20450136
R00191,0,0.9550365,0.042669024,0.0022944647
R00192,1,0.49103838,0.50268304,0.006278602
R00193,0,0.9385456,0.058323853,0.0031305428
R00194,1,0.031165069,0.8966565,0.07217845
R00195,1,0.37268472,0.6192724,0.008042945
R00196,0,0.97717506,0.020122796,0.0027021312
R00197,2,0.003146146,0.05363038,0.9432235
R00198,2,0.007089414,0.2809819,0.71192867
R00199,1,0.07624697,0.90824735,0.015505647
R00200,1,0.25820467,0.7185175,0.023277856
R00201,1,0.027024688,0.77753276,0.19544253
R00202,2,0.0051937555,0.19951603,0.7952902
R00203,2,0.0016124635,0.021850167,0.97653747
R00204,0,0.9190404,0.07875161,0.0022079844
R00205,0,0.9082986,0.087081686,0.004619669
R00206,1,0.20596565,0.7757895,0.018244822
R00207,1,0.062467024,0.53963274,0.39790025
R00208,1,0.042073853,0.67375326,0.28417286
R00209,1,0.09664885,0.84806675,0.055284392
R00210,0,0.5589731,0.43532863,0.005698276
R00211,2,0.0032892507,0.055742223,0.9409686
R00212,1,0.026526395,0.7998228,0.17365082
R00213,0,0.97046363,0.028665068,0.00087122846
R00214,1,0.2338473,0.7548683,0.011284367
R00215,0,0.6014227,0.3913532,0.007224103
R00216,1,0.022821488,0.85637003,0.120808475
R00217,1,0.07341681,0.8771005,0.04948263
R00218,2,0.008007079,0.14932235,0.8426706
R00219,1,0.10858827,0.8658704,0.025541326
R00220,1,0.0129046375,0.5530228,0.43407252
R00221,2,0.016699295,0.20343907,0.7798616
R00222,1,0.45325434,0.5237344,0.023011284
R00223,1,0.069639705,0.88910013,0.041260157
R00224,1,0.02042135,0.8482229,0.13135572
R00225,2,0.010867431,0.42736796,0.5617646
R00226,1,0.08255641,0.8893003,0.028143317
R00227,1,0.06856698,0.88919014,0.04224289
R00228,1,0.027164092,0.757498,0.2153379
R00229,1,0.05334902,0.9094074,0.03724362
R00230,0,0.632698,0.357695,0.009607011
R00231,1,0.3689443,0.62271136,0.008344337
R00232,0,0.7079882,0.28829664,0.003715181
R00233,1,0.1619872,0.82585865,0.012154186
R00234,1,0.07579571,0.867436,0.05676836
R00235,1,0.4554784,0.5366847,0.007836939
R00236,1,0.4563686,0.5335489,0.010082495
R00237,2,0.0025184732,0.043014765,0.95446676
R00238,2,0.0062746815,0.09113154,0.90259385
R00239,0,0.6339234,0.36119863,0.004878026
R00240,1,0.16785163,0.5334314,0.29871696
R00241,1,0.18547456,0.80095786,0.013567583
R00242,0,0.9295108,0.068930306,0.0015589825
R00243,2,0.0032366875,0.026395231,0.9703681
R00244,1,0.2773791,0.68651986,0.036101073
R00245,0,0.7288809,0.26814032,0.0029787698
R00246,1,0.09806772,0.8588379,0.043094385
R00247,1,0.04910728,0.9015932,0.04929948
R00248,0,0.6413924,0.33799008,0.020617526
R00249,0,0.99058753,0.0081778,0.0012346633
R00250,0,0.93832076,0.059459936,0.0022193554
R00251,0,0.94053817,0.057093732,0.0023680748
R00252,1,0.384304,0.609337,0.006359002
R00253,1,0.032849394,0.80211,0.16504052
R00254,1,0.16628574,0.8184871,0.015227189
R00255,0,0.9537384,0.04458516,0.0016763846
R00256,1,0.21471383,0.7686969,0.016589323
R00257,1,0.31086293,0.678987,0.010150034
R00258,1,0.16737165,0.817421,0.015207356
R00259,1,0.013415029,0.5659825,0.42060247
R00260,0,0.5853439,0.38992313,0.024732968
R00261,1,0.43423086,0.5575635,0.008205677
R00262,1,0.22703344,0.7215108,0.05145576
R00263,1,0.21322446,0.7678508,0.018924749
R00264,0,0.7913154,0.20642696,0.0022576435
R00265,1,0.06990874,0.9048214,0.025269866
R00266,1,0.11719773,0.86809736,0.014704872
R00267,2,0.0076193423,0.13879997,0.8535807
R00268,0,0.91949683,0.079099104,0.0014041773
R00269,1,0.25130504,0.7328786,0.015816325
R00270,1,0.4518739,0.5408222,0.0073038614
R00271,2,0.009704995,0.10292174,0.8873733
R00272,0,0.95109785,0.047537707,0.0013644372
R00273,2,0.004212882,0.15442513,0.84136194
R00274,2,0.009790315,0.12257675,0.86763287
R00275,1,0.07189727,0.88275766,0.04534504
R00276,0,0.57920873,0.41394183,0.006849413
R00277,1,0.41482955,0.57593375,0.009236659
R00278,1,0.06318791,0.88948655,0.047325563
R00279,1,0.09235234,0.4953668,0.41228083
R00280,1,0.23832999,0.748587,0.013082985
R00281,1,0.31329063,0.6403244,0.04638495
R00282,1,0.023494454,0.8612001,0.11530544
R00283,1,0.045354813,0.9003626,0.054282606
R00284,0,0.6917823,0.3045876,0.0036301403
R00285,1,0.11489194,0.8556013,0.02950669
R00286,0,0.7611818,0.2358031,0.0030150672
R00287,1,0.18484922,0.65470773,0.16044304
R00288,1,0.4084726,0.5805566,0.010970801
R00289,0,0.6758346,0.31924164,0.004923764
R00290,0,0.90790147,0.09059946,0.0014991314
R00291,0,0.64563096,0.34558135,0.008787701
R00292,0,0.9716641,0.027362842,0.00097312784
R00293,0,0.7973084,0.19049023,0.0122014405
R00294,1,0.04183318,0.7710493,0.18711749
R00295,0,0.8782968,0.117021725,0.0046814578
R00296,0,0.90539795,0.092854224,0.0017478293
R00297,1,0.1841975,0.8016817,0.014120804
R00298,1,0.03278953,0.90019304,0.06701744
R00299,1,0.38946086,0.58465,0.025889197
R00300,1,0.09447484,0.8946101,0.010915
R00301,1,0.20262209,0.7752143,0.022163618
R00302,2,0.0028815565,0.04831135,0.9488071
R00303,2,0.008115258,0.21425854,0.77762616
R00304,0,0.9027622,0.09496477,0.002272963
R00305,0,0.9012074,0.094063476,0.0047291024
R00306,1,0.18351997,0.8049974,0.011482671
R00307,1,0.056929447,0.90455014,0.038520392
R00308,1,0.27206287,0.7029262,0.025010966
R00309,0,0.5537132,0.44145867,0.004828131
R00310,1,0.04946363,0.49567732,0.45485908
R00311,2,0.017261598,0.35493043,0.627808
R00312,1,0.04632618,0.8538621,0.099811696
R00313,1,0.2658732,0.72554684,0.008579928
R00314,1,0.059174985,0.91130155,0.029523496
R00315,1,0.089695275,0.84768736,0.06261739
R00316,1,0.25248754,0.73059684,0.01691561
R00317,1,0.26820087,0.70386034,0.02793883
R00318,2,0.011652315,0.46910062,0.51924706
R00319,2,0.004283731,0.140205,0.85551125
R00320,2,0.0046028635,0.11824661,0.87715054
R00321,0,0.5013384,0.47465768,0.02400396
R00322,0,0.803336,0.19305824,0.003605726
R00323,1,0.4624793,0.4734467,0.06407404
R00324,2,0.0036544728,0.05921104,0.93713456
R00325,1,0.28217006,0.70937544,0.008454489
R00326,1,0.07399722,0.8737354,0.05226732
R00327,2,0.0026570125,0.021352885,0.9759902
R00328,0,0.813957,0.18020499,0.005838112
R00329,1,0.019553402,0.79958016,0.1808664
R00330,0,0.46211407,0.42240646,0.11547951
R00331,2,0.0014434844,0.007957311,0.9905992
R00332,0,0.8443382,0.15256879,0.0030931132
R00333,1,0.20012783,0.7288273,0.07104488
R00334,1,0.38716188,0.60435116,0.008486956
R00335,1,0.48081598,0.5118259,0.007358066
R00336,2,0.007548693,0.119940944,0.8725103
R00337,0,0.87517285,0.12125053,0.0035766314
R00338,0,0.5611578,0.43025464,0.008587561
R00339,1,0.37171367,0.61765885,0.010627408
R00340,1,0.29864532,0.5734097,0.12794499
R00341,0,0.63401705,0.31632286,0.049660053
R00342,1,0.019796351,0.66070676,0.31949693
R00343,1,0.02485015,0.87599796,0.09915188
R00344,1,0.1011007,0.8498189,0.049080446
R00345,0,0.9672692,0.03154393,0.0011869082
R00346,0,0.93860507,0.05711566,0.004279216
R00347,0,0.95213866,0.046578195,0.0012831728
R00348,0,0.9700496,0.028796602,0.0011536977
R00349,2,0.0013558045,0.008208549,0.9904357
R00350,0,0.9395579,0.05838676,0.0020552746
R00351,1,0.27508357,0.71073073,0.014185655
R00352,1,0.032262176,0.87198347,0.09575435
R00353,0,0.80986255,0.18717065,0.0029668165
R00354,1,0.04728239,0.78119546,0.1715221
R00355,0,0.513106,0.48201847,0.0048755473
R00356,2,0.0065917983,0.15661567,0.8367925
R00357,0,0.8883096,0.109034464,0.0026559976
R00358,1,0.035944365,0.8245064,0.13954927
R00359,0,0.66068614,0.3182414,0.021072451
R00360,1,0.051070515,0.9052465,0.04368292
R00361,0,0.8756006,0.11849965,0.00589975
R00362,1,0.1662054,0.8180917,0.015702963
R00363,1,0.07512162,0.5507582,0.3741202
R00364,1,0.18698087,0.7980556,0.014963528
R00365,0,0.9012554,0.08904051,0.009704006
R00366,2,0.0038572317,0.03744597,0.9586967
R00367,1,0.4707265,0.5210467,0.008226842
R00368,0,0.96914005,0.029380037,0.0014799882
R00369,1,0.26831877,0.6269135,0.10476776
R00370,2,0.011301133,0.017988753,0.9707101
R00371,2,0.013561385,0.35804683,0.6283918
R00372,1,0.09634315,0.862058,0.04159885
R00373,0,0.78140104,0.20225434,0.016344655
R00374,1,0.06723241,0.7516102,0.18115741
R00375,1,0.103830315,0.86091214,0.03525756
R00376,2,0.02333356,0.42011046,0.5565559
R00377,0,0.9768664,0.022007452,0.0011260601
R00378,0,0.7743957,0.21672851,0.008875841
R00379,0,0.9085536,0.089608274,0.0018380934
R00380,1,0.29478347,0.69076765,0.014448867
R00381,2,0.009831688,0.3866368,0.6035315
R00382,0,0.75010604,0.24543375,0.0044602933
R00383,2,0.002835917,0.03374308,0.9634209
R00384,1,0.2502862,0.71999604,0.029717786
R00385,2,0.009463816,0.27874243,0.7117937
R00386,2,0.0030252698,0.016290694,0.980684
R00387,1,0.25437883,0.7190185,0.026602687
R00388,0,0.83713955,0.1603962,0.0024641964
R00389,0,0.7994177,0.18693456,0.013647702
R00390,0,0.5200824,0.4431157,0.03680191
R00391,1,0.20728594,0.7626762,0.030037858
R00392,2,0.0106322,0.22033235,0.76903546
R00393,2,0.006687276,0.07541892,0.91789377
R00394,0,0.5044063,0.4888873,0.0067064483
R00395,2,0.008228748,0.3581928,0.6335785
R00396,1,0.08871651,0.8855662,0.02571732
R00397,0,0.56465703,0.37321553,0.062127408
R00398,2,0.0030711368,0.10452137,0.8924075
R00399,0,0.89076847,0.10764118,0.0015903586
R00400,2,0.024883391,0.38621265,0.58890396
R00401,1,0.12482212,0.8569703,0.01820763
R00402,1,0.20860587,0.7705367,0.020857474
R00403,1,0.4780369,0.51285875,0.009104333
R00404,1,0.18884,0.7981578,0.013002203
R00405,1,0.027578168,0.7168287,0.25559315
R00406,0,0.7392884,0.25549126,0.0052203434
R00407,1,0.21759641,0.7684387,0.013964917
R00408,1,0.44008029,0.5519843,0.007935387
R00409,1,0.2598152,0.7104013,0.029783513
R00410,1,0.026146024,0.7066758,0.26717818
R00411,1,0.10702139,0.8533763,0.039602336
R00412,0,0.8391939,0.158297,0.0025091444
R00413,0,0.75510496,0.24040511,0.004490018
R00414,1,0.19848114,0.7788992,0.022619653
R00415,1,0.14730525,0.67980343,0.1728913
R00416,1,0.23800753,0.74175656,0.02023591
R00417,2,0.0016003972,0.013906567,0.984493
R00418,2,0.0052000093,0.09253312,0.90226686
R00419,0,0.9496592,0.04859142,0.0017493219
R00420,1,0.14722176,0.81142193,0.041356336
R00421,0,0.8392775,0.15769558,0.0030269073
R00422,2,0.0031529404,0.13617769,0.8606694
R00423,1,0.022403065,0.67549634,0.30210063
R00424,1,0.017520929,0.5579858,0.42449322
R00425,1,0.094983436,0.83999,0.06502659
R00426,0,0.88454574,0.112457365,0.0029968875
R00427,1,0.13873233,0.47671625,0.38455147
R00428,1,0.016098566,0.57194495,0.41195652
R00429,0,0.8237407,0.16605072,0.010208604
R00430,1,0.09552227,0.6302258,0.27425188
R00431,1,0.19781387,0.6410502,0.16113594
R00432,1,0.16103771,0.8170187,0.021943578
R00433,1,0.057189945,0.9016177,0.04119237
R00434,1,0.16572915,0.74274653,0.091524325
R00435,2,0.009203753,0.23644254,0.7543537
R00436,1,0.08078181,0.8752979,0.04392031
R00437,1,0.3582385,0.6336593,0.0081022065
R00438,0,0.682242,0.27835575,0.03940221
R00439,1,0.3569877,0.6314469,0.011565354
R00440,0,0.86694646,0.13037907,0.002674406
R00441,0,0.59621406,0.39407346,0.009712486
R00442,0,0.9538245,0.04478557,0.001389897
R00443,0,0.5505671,0.44239312,0.0070397584
R00444,2,0.0053766607,0.090408035,0.90421534
R00445,1,0.065205514,0.7232783,0.21151625
R00446,0,0.64763004,0.34261277,0.009757216
R00447,1,0.43122724,0.5624263,0.006346384
R00448,1,0.22932567,0.7607934,0.0098809805
R00449,1,0.20235649,0.7787478,0.018895755
R00450,1,0.038764857,0.8096294,0.15160578
R00451,0,0.6910688,0.297225,0.011706151
R00452,0,0.97662646,0.022348529,0.0010250375
R00453,0,0.83850527,0.15755047,0.003944199
R00454,1,0.04052889,0.51341146,0.4460596
R00455,1,0.19087984,0.80050105,0.008619162
R00456,1,0.15786032,0.81669474,0.025444902
R00457,1,0.10274049,0.8695262,0.027733361
R00458,1,0.0978238,0.69242454,0.20975168
R00459,1,0.34280422,0.6454657,0.011730115
R00460,1,0.02951073,0.7319348,0.23855446
R00461,1,0.09537908,0.8762336,0.028387396
R00462,0,0.49287093,0.48903537,0.018093627
R00463,1,0.0740719,0.88839036,0.03753781
R00464,0,0.93063563,0.06702116,0.0023431424
R00465,1,0.018865813,0.7775138,0.20362042
R00466,2,0.0147418585,0.17406714,0.811191
R00467,2,0.001920216,0.03398682,0.9640929
R00468,1,0.08149278,0.87955904,0.038948223
R00469,0,0.76083547,0.23569582,0.0034687424
R00470,2,0.027074622,0.08331431,0.88961107
R00471,1,0.011180573,0.53871024,0.45010924
R00472,1,0.061933458,0.9065573,0.03150919
R00473,1,0.03815379,0.86161846,0.10022778
R00474,2,0.001673507,0.016002322,0.9823241
R00475,1,0.23127522,0.7583223,0.010402498
R00476,2,0.011526757,0.297279,0.6911943
R00477,2,0.0021801647,0.016620725,0.98119915
R00478,0,0.824668,0.1681972,0.007134776
R00479,0,0.7959018,0.19811563,0.005982573
R00480,1,0.4417869,0.5328967,0.025316404
R00481,0,0.9460666,0.04994422,0.0039890893
R00482,1,0.08361161,0.8644728,0.051915627
R00483,1,0.05948261,0.8340631,0.10645425
R00484,0,0.67942446,0.31596175,0.004613831
R00485,2,0.0022392848,0.03610495,0.9616558
R00486,1,0.14883475,0.8317564,0.019408813
R00487,1,0.13028494,0.5092836,0.36043146
R00488,0,0.70129216,0.28893617,0.009771667
R00489,1,0.38784823,0.60071105,0.0114406925
R00490,1,0.29333135,0.69005525,0.016613392
R00491,0,0.81154704,0.17757823,0.010874737
R00492,0,0.8903429,0.10427957,0.0053775436
R00493,1,0.35262656,0.5419085,0.10546493
R00494,0,0.91202676,0.08533022,0.0026430127
R00495,1,0.2750059,0.6995143,0.025479808
R00496,1,0.049946148,0.8187841,0.13126972
R00497,0,0.9844572,0.014601919,0.0009407908
R00498,2,0.001463392,0.009845426,0.9886912
R00499,2,0.0078161,0.143501,0.84868294
R00500,0,0.7107664,0.28494078,0.0042929268
R00501,0,0.679406,0.30384913,0.016744902
R00502,1,0.024127068,0.5448562,0.43101674
R00503,0,0.9404351,0.05447326,0.005091603
R00504,2,0.0047486657,0.1043455,0.8909058
R00505,0,0.52409905,0.46979937,0.0061016288
R00506,1,0.20540859,0.6659873,0.12860417
R00507,0,0.9085018,0.086423345,0.00507485
R00508,1,0.029546564,0.8048493,0.16560416
R00509,0,0.96671194,0.031811826,0.0014762802
R00510,0,0.5028743,0.49122524,0.005900445
R00511,2,0.0070108147,0.2778667,0.7151225
R00512,0,0.8124011,0.18484645,0.0027524577
R00513,2,0.019176986,0.35071045,0.6301126
R00514,0,0.8405002,0.15669632,0.0028035098
R00515,0,0.9370175,0.06054847,0.0024340996
R00516,0,0.90301263,0.09406798,0.0029193514
R00517,0,0.9460871,0.052855883,0.0010570263
R00518,1,0.14318782,0.83207524,0.024736945
R00519,1,0.3167568,0.6524866,0.030756555
R00520,1,0.1710559,0.819256,0.009688083
R00521,1,0.012504058,0.50339025,0.48410568
R00522,1,0.13946481,0.6238183,0.23671691
R00523,0,0.7890598,0.19602929,0.014910895
R00524,1,0.079144016,0.89695305,0.023902988
R00525,0,0.53261334,0.4627425,0.0046441494
R00526,2,0.002532941,0.022400174,0.9750669
R00527,1,0.021917025,0.6159718,0.36211115
R00528,1,0.1646087,0.8262129,0.009178396
R00529,1,0.030863376,0.5261087,0.44302794
R00530,1,0.21690834,0.76900685,0.014084851
R00531,2,0.009974296,0.20995358,0.78007215
R00532,1,0.4757077,0.51839685,0.0058954367
R00533,1,0.014797296,0.68566,0.2995427
R00534,0,0.9732204,0.025508432,0.0012712309
R00535,1,0.32249394,0.6565651,0.02094101
R00536,0,0.7183042,0.27693096,0.00476486
R00537,0,0.647331,0.32677245,0.0258965
R00538,1,0.3075817,0.62498343,0.0674349
R00539,1,0.45846528,0.5276903,0.013844451
R00540,1,0.2053734,0.7534288,0.041197788
R00541,2,0.0643224,0.39711282,0.5385648
R00542,0,0.6651495,0.32927287,0.0055776183
R00543,0,0.9442309,0.05474656,0.0010224951
R00544,0,0.51886207,0.46148548,0.019652423
R00545,2,0.014604601,0.11645542,0.86894006
R00546,1,0.05252654,0.8444304,0.10304303
R00547,0,0.7991041,0.19736479,0.003531124
R00548,2,0.049573418,0.4216096,0.52881694
R00549,1,0.42853823,0.5589192,0.012542589
R00550,0,0.5121547,0.47738066,0.010464637
R00551,0,0.89318407,0.10299046,0.0038254177
R00552,1,0.28467637,0.66448295,0.050840672
R00553,1,0.18543494,0.79922426,0.01534081
R00554,1,0.34048292,0.65119064,0.008326368
R00555,1,0.055026963,0.56893194,0.37604105
R00556,0,0.63723934,0.33843526,0.024325382
R00557,2,0.014156445,0.1369617,0.84888184
R00558,1,0.28841132,0.6838023,0.027786322
R00559,1,0.032915987,0.6019705,0.36511356
R00560,1,0.21163695,0.76362383,0.024739172
R00561,1,0.3442359,0.37439504,0.28136903
R00562,2,0.0052784323,0.034893513,0.959828
R00563,0,0.9494063,0.04939169,0.0012019699
R00564,1,0.08246482,0.8104001,0.10713509
R00565,0,0.9640991,0.035048787,0.0008520962
R00566,1,0.01445446,0.6098363,0.37570924
R00567,1,0.19218113,0.78882754,0.018991379
R00568,2,0.0026147815,0.09510014,0.90228504
R00569,0,0.59739995,0.37530652,0.02729352
R00570,1,0.054908533,0.47992867,0.4651628
R00571,2,0.0022040906,0.05125429,0.94654167
R00572,0,0.97256,0.026403233,0.0010368443
R00573,1,0.49159208,0.4993335,0.009074439
R00574,1,0.36529028,0.6093611,0.025348604
R00575,1,0.16806647,0.7830354,0.048898194
R00576,0,0.9093148,0.07552095,0.01516426
R00577,0,0.52480495,0.46313873,0.012056323
R00578,0,0.95108134,0.047676355,0.0012423126
R00579,1,0.039286062,0.8941466,0.0665673
R00580,1,0.14519581,0.7667385,0.08806571
R00581,0,0.9362964,0.060531415,0.0031722214
R00582,1,0.33436045,0.6101971,0.055442397
R00583,1,0.0918276,0.86445594,0.043716487
R00584,1,0.013957832,0.6028484,0.38319376
R00585,2,0.052704476,0.29511246,0.65218306
R00586,1,0.04936801,0.760273,0.19035904
R00587,0,0.7365474,0.26058033,0.0028722584
R00588,1,0.07915913,0.8901429,0.030697908
R00589,1,0.42145073,0.5627106,0.015838647
R00590,0,0.974895,0.02421609,0.0008889892
R00591,2,0.0065469164,0.021804562,0.9716485
R00592,1,0.31102657,0.5512255,0.13774791
R00593,1,0.024266766,0.8226619,0.15307142
R00594,1,0.14391181,0.8275489,0.028539263
R00595,0,0.7800881,0.21662264,0.003289241
R00596,1,0.22438362,0.76802784,0.0075885337
R00597,1,0.08001019,0.8468546,0.07313524
R00598,1,0.22008412,0.7577382,0.022177715
R00599,1,0.0200985,0.725298,0.25460356
R00600,1,0.054735873,0.9221778,0.02308627
R00601,1,0.3557933,0.63427013,0.0099366
R00602,1,0.1116039,0.64474976,0.24364634
R00603,1,0.1635101,0.81590396,0.020585958
R00604,0,0.6169901,0.3090326,0.073977366
R00605,1,0.0499439,0.84473705,0.10531903
R00606,0,0.8823688,0.11328148,0.004349714
R00607,0,0.7640268,0.22761722,0.0083559835
R00608,0,0.8552142,0.13690959,0.00787625
R00609,1,0.21106954,0.75123537,0.037695155
R00610,2,0.009691725,0.3470252,0.64328307
R00611,1,0.43488434,0.55405706,0.011058565
R00612,2,0.09830061,0.29005238,0.61164695
R00613,1,0.21810459,0.5899819,0.19191353
R00614,0,0.792106,0.20422584,0.0036681786
R00615,0,0.7096964,0.28010088,0.010202673
R00616,1,0.43700612,0.55676025,0.0062335585
R00617,0,0.9302578,0.06858267,0.0011594685
R00618,2,0.019861538,0.37184334,0.6082951
R00619,0,0.68223405,0.31234953,0.0054164203
R00620,2,0.0028147153,0.025908928,0.97127634
R00621,0,0.7753293,0.22040689,0.004263809
R00622,2,0.00380179,0.10853086,0.8876673
R00623,0,0.8305798,0.16677663,0.0026435538
R00624,1,0.13999785,0.8391577,0.020844417
R00625,1,0.07159199,0.9069122,0.021495812
R00626,2,0.01650482,0.44959176,0.5339034
R00627,2,0.035971362,0.41006547,0.5539631
R00628,1,0.051681906,0.83410376,0.1142143
R00629,0,0.93143284,0.06590976,0.0026574023
R00630,1,0.44607157,0.52765787,0.026270539
R00631,0,0.8534498,0.13905,0.0075000655
R00632,2,0.002484219,0.041204687,0.9563111
R00633,2,0.017737655,0.33208045,0.6501819
R00634,2,0.008419771,0.13274036,0.8588399
R00635,1,0.28600863,0.70236933,0.011621966
R00636,2,0.025452368,0.28122434,0.69332325
R00637,1,0.11867416,0.8474246,0.03390125
R00638,2,0.014420266,0.2907724,0.69480735
R00639,0,0.78378975,0.21013172,0.006078548
R00640,1,0.042124115,0.89364433,0.064231604
R00641,1,0.18850213,0.7752394,0.03625843
R00642,1,0.43119836,0.50215656,0.06664505
R00643,1,0.40669376,0.58713096,0.0061753187
R00644,1,0.1344194,0.8242231,0.0413575
R00645,2,0.006563807,0.14707544,0.8463608
R00646,0,0.6548554,0.319151,0.02599364
R00647,0,0.77143955,0.22188617,0.00667426
R00648,1,0.21336387,0.77136016,0.01527596
R00649,2,0.0024495707,0.039727584,0.95782286
R00650,2,0.0011777282,0.008567383,0.9902548
R00651,0,0.90617913,0.09131501,0.0025058098
R00652,0,0.86662865,0.13135345,0.0020180072
R00653,1,0.29613099,0.47414112,0.22972791
R00654,1,0.3107933,0.6579494,0.0312573
R00655,1,0.051061656,0.86702263,0.081915654
R00656,0,0.88022935,0.11819905,0.0015715424
R00657,1,0.38896534,0.60244125,0.008593363
R00658,1,0.46467516,0.5224483,0.012876463
R00659,2,0.0034474302,0.02562295,0.9709297
R00660,1,0.0909884,0.79839784,0.11061376
R00661,0,0.9901606,0.008907821,0.0009315711
R00662,2,0.0023113338,0.02048034,0.97720826
R00663,1,0.11926322,0.77466196,0.1060749
R00664,0,0.5732294,0.41938356,0.0073870136
R00665,0,0.743112,0.20863433,0.048253667
R00666,1,0.18571647,0.7926589,0.02162458
R00667,0,0.56257886,0.4164432,0.020977886
R00668,1,0.11929474,0.86569333,0.0150119
R00669,1,0.29929435,0.65371895,0.04698672
R00670,0,0.7314008,0.2577507,0.01084847
R00671,0,0.9443939,0.054118082,0.0014879783
R00672,0,0.8804905,0.11549521,0.0040142643
R00673,1,0.21476914,0.7584542,0.026776709
R00674,2,0.005811104,0.1317445,0.86244434
R00675,0,0.624145,0.36406055,0.011794492
R00676,1,0.2509646,0.5906767,0.1583587
R00677,1,0.19853465,0.6882332,0.113232166
R00678,1,0.42694312,0.5482058,0.024851069
R00679,2,0.25463653,0.32307166,0.42229176
R00680,0,0.652119,0.3409683,0.006912643
R00681,1,0.24878378,0.530806,0.22041021
R00682,1,0.036804534,0.93084216,0.03235326
R00683,1,0.048888117,0.8268798,0.12423209
R00684,1,0.19644001,0.79225904,0.011300967
R00685,0,0.54399747,0.44748014,0.008522371
R00686,1,0.12416873,0.84936833,0.02646288
R00687,1,0.10886952,0.73819846,0.15293208
R00688,0,0.86935383,0.12622458,0.0044215936
R00689,1,0.08708497,0.8558033,0.057111714
R00690,1,0.064450726,0.9143786,0.021170733
R00691,1,0.028931735,0.89303565,0.07803258
R00692,1,0.211384,0.6182658,0.17035015
R00693,0,0.5456453,0.44883558,0.0055191237
R00694,1,0.23310672,0.75542283,0.011470489
R00695,2,0.005243167,0.041341506,0.9534154
R00696,0,0.98610836,0.013059914,0.0008316375
R00697,2,0.017110249,0.45885774,0.524032
R00698,1,0.39562917,0.5939097,0.0104611125
R00699,0,0.5660657,0.4239636,0.00997067
R00700,0,0.9359812,0.061734654,0.002284096
R00701,2,0.0057581686,0.19143069,0.8028112
R00702,0,0.9840816,0.014710829,0.0012075383
R00703,0,0.88518167,0.10971677,0.0051015425
R00704,1,0.12950894,0.8527919,0.017699132
R00705,1,0.14647631,0.84291303,0.010610709
R00706,1,0.19609028,0.7612946,0.04261507
R00707,2,0.018830232,0.40894827,0.5722215
R00708,0,0.89214456,0.10531011,0.0025453118
R00709,1,0.1513861,0.809839,0.038774893
R00710,0,0.65660137,0.3275906,0.015807975
R00711,1,0.061778888,0.88680416,0.051416952
R00712,1,0.047690216,0.76369137,0.18861845
R00713,1,0.05806293,0.89417577,0.04776126
R00714,2,0.005415377,0.04015153,0.9544331
R00715,1,0.17313251,0.80604786,0.020819565
R00716,1,0.45134977,0.53181994,0.016830284
R00717,0,0.82927257,0.16233945,0.0083879735
R00718,0,0.54755783,0.4469037,0.005538469
R00719,2,0.037363164,0.36431867,0.5983182
R00720,1,0.10242501,0.8702489,0.027326088
R00721,2,0.020189501,0.22220497,0.7576055
R00722,1,0.2725809,0.7097882,0.01763092
R00723,2,0.0062447023,0.10940041,0.8843548
R00724,0,0.9474113,0.050580066,0.0020086912
R00725,1,0.08463975,0.878528,0.036832213
R00726,1,0.18977277,0.7002878,0.10993936
R00727,1,0.26554346,0.7134124,0.02104414
R00728,1,0.20419751,0.7858327,0.009969761
R00729,2,0.008938753,0.06492531,0.92613596
R00730,1,0.076622926,0.87690294,0.046474155
R00731,1,0.087221965,0.83729374,0.07548432
R00732,1,0.018492743,0.74448365,0.23702358
R00733,2,0.0023788007,0.03794462,0.9596766
R00734,1,0.3160915,0.66655684,0.017351655
R00735,0,0.90226233,0.09307642,0.0046612346
R00736,0,0.96635544,0.03230087,0.0013436729
R00737,2,0.0066333767,0.21457867,0.77878803
R00738,1,0.057908826,0.9201114,0.02197971
R00739,1,0.046048824,0.84875,0.10520113
R00740,1,0.105271585,0.80254954,0.09217888
R00741,1,0.035803564,0.8674409,0.09675559
R00742,0,0.77400273,0.20750783,0.01848945
R00743,1,0.024538772,0.7937884,0.18167286
R00744,0,0.6582406,0.33619642,0.0055629755
R00745,1,0.47921163,0.5101181,0.0106702
R00746,1,0.2951422,0.6943152,0.010542619
R00747,2,0.0075345337,0.24756776,0.74489766
R00748,2,0.0018984633,0.04493007,0.95317143
R00749,2,0.004937902,0.111076795,0.88398534
R00750,0,0.7042283,0.2856476,0.010124063
R00751,0,0.7703703,0.22594889,0.0036807677
R00752,2,0.0070458474,0.11238941,0.8805647
R00753,2,0.004382041,0.14739844,0.8482196
R00754,1,0.070823565,0.8661847,0.06299179
R00755,1,0.12167763,0.8479159,0.030406501
R00756,2,0.011574241,0.23798783,0.750438
R00757,1,0.2148241,0.7736113,0.011564553
R00758,2,0.0023702227,0.026355458,0.9712743
R00759,1,0.30296534,0.68809783,0.008936831
R00760,1,0.16632976,0.81551194,0.018158317
R00761,1,0.33329672,0.6576814,0.0090219285
R00762,1,0.22200128,0.3992538,0.37874493
R00763,0,0.787271,0.19255263,0.020176329
R00764,2,0.0058653797,0.05290025,0.94123447
R00765,1,0.09957923,0.7651073,0.13531348
R00766,1,0.47186816,0.5142128,0.013919102
R00767,0,0.5613061,0.43036833,0.008325549
R00768,0,0.90425617,0.0932821,0.0024617256
R00769,1,0.11964497,0.8435792,0.036775846
R00770,2,0.0069423765,0.35330495,0.6397527
R00771,1,0.10979363,0.87036705,0.019839304
R00772,2,0.0111780735,0.03615381,0.95266813
R00773,1,0.06701744,0.90019304,0.03278953
R00774,2,0.013684608,0.11280343,0.8735119
R00775,0,0.6106805,0.3821541,0.0071653826
R00776,1,0.27460423,0.70397097,0.02142481
R00777,2,0.0018070189,0.01721162,0.98098135
R00778,0,0.98232055,0.013848806,0.003830681
R00779,2,0.0037771321,0.057434477,0.93878835
R00780,1,0.02448802,0.7798655,0.19564642
R00781,1,0.22104053,0.76849943,0.010460068
R00782,1,0.045492254,0.89256966,0.061938122
R00783,2,0.0012319025,0.0103954915,0.9883725
R00784,1,0.2870117,0.6556944,0.057293937
R00785,1,0.22669795,0.7275147,0.045787413
R00786,0,0.8605456,0.1345718,0.004882667
R00787,1,0.03592529,0.81765586,0.14641878
R00788,1,0.10319178,0.66505545,0.23175277
R00789,1,0.054333292,0.76185954,0.18380718
R00790,1,0.48313344,0.5102906,0.0065759425
R00791,2,0.006476163,0.18415622,0.8093676
R00792,1,0.07474595,0.80673987,0.118514165
R00793,0,0.960638,0.0378484,0.0015135723
R00794,1,0.077916645,0.90575117,0.016332217
R00795,2,0.012982207,0.44355854,0.5434593
R00796,1,0.24090739,0.7334019,0.025690757
R00797,1,0.047604993,0.8982403,0.054154657
R00798,1,0.18935019,0.7894468,0.021203049
R00799,1,0.07634699,0.8771649,0.04648804
R00800,1,0.22774789,0.6336093,0.13864286
R00801,1,0.07972011,0.86717486,0.05310504
R00802,0,0.9393127,0.056908086,0.0037792418
R00803,1,0.0757812,0.901818,0.022400878
R00804,1,0.029915068,0.92338824,0.046696756
R00805,1,0.3527154,0.6337148,0.01356983
R00806,1,0.14713795,0.82589555,0.026966445
R00807,0,0.6262813,0.36817178,0.0055468883
R00808,1,0.0637407,0.86289424,0.0733651
R00809,1,0.09705844,0.80319256,0.099748984
R00810,2,0.087276734,0.29010874,0.62261456
R00811,0,0.47802505,0.39629668,0.12567832
R00812,0,0.5316811,0.46193254,0.006386388
R00813,1,0.15162595,0.7677674,0.0806066
R00814,0,0.5368706,0.43138766,0.031741727
R00815,1,0.023480944,0.5470974,0.42942163
R00816,0,0.71719474,0.27867186,0.0041333884
R00817,2,0.0057497723,0.07156775,0.9226825
R00818,1,0.029692061,0.50220317,0.4681048
R00819,1,0.22197163,0.70198834,0.076040074
R00820,1,0.119419225,0.86169165,0.018889101
R00821,0,0.81732064,0.17954151,0.0031378302
R00822,1,0.3729642,0.6101287,0.01690708
R00823,1,0.024811836,0.6299849,0.34520325
R00824,0,0.7884513,0.20891881,0.0026298994
R00825,1,0.03903538,0.6758904,0.28507426
R00826,1,0.09345899,0.8815338,0.02500719
R00827,1,0.4048831,0.55775,0.03736692
R00828,1,0.04378445,0.93250316,0.023712387
R00829,1,0.06006703,0.9071473,0.0327857
R00830,1,0.038238913,0.86354077,0.09822031
R00831,1,0.14963904,0.8014709,0.048890036
R00832,1,0.11321025,0.80133414,0.08545559
R00833,2,0.003986761,0.020485101,0.9755282
R00834,2,0.001822512,0.024124397,0.974053
R00835,0,0.8065038,0.18932968,0.00416653
R00836,1,0.011490839,0.5366253,0.45188385
R00837,2,0.01769493,0.41877785,0.5635272
R00838,0,0.9607709,0.037715275,0.0015137817
R00839,0,0.9644243,0.03414824,0.0014274738
R00840,1,0.39277616,0.5919347,0.015289194
R00841,1,0.03047129,0.7982405,0.17128819
R00842,0,0.9428571,0.05418854,0.0029543827
R00843,0,0.96261287,0.036495555,0.0008916125
R00844,0,0.7915499,0.20568311,0.0027669428
R00845,1,0.22640608,0.752576,0.021017954
R00846,1,0.07427594,0.8303518,0.09537219
R00847,1,0.08375142,0.4634927,0.4527559
R00848,1,0.049800392,0.92148966,0.028709888
R00849,1,0.07387832,0.5188621,0.40725952
R00850,1,0.19898784,0.768781,0.03223108
R00851,1,0.09590702,0.8648863,0.039206713
R00852,1,0.29419845,0.6708015,0.03500001
R00853,0,0.91333944,0.082985856,0.0036747407
R00854,1,0.010372771,0.52377343,0.46585375
R00855,0,0.78350776,0.20599328,0.010499011
R00856,1,0.025796574,0.6549878,0.31921557
R00857,1,0.3264827,0.65694207,0.016575212
R00858,1,0.016091708,0.64782244,0.33608586
R00859,1,0.17624776,0.7960828,0.027669432
R00860,0,0.96908563,0.028922917,0.00199143
R00861,1,0.039697103,0.7490294,0.21127345
R00862,0,0.8353223,0.1619346,0.002743042
R00863,2,0.007566678,0.34249398,0.64993936
R00864,1,0.23121475,0.7551683,0.013616954
R00865,2,0.004162513,0.09698501,0.89885247
R00866,2,0.0016032327,0.027449666,0.9709471
R00867,1,0.04418171,0.8271602,0.1286581
R00868,1,0.05551511,0.7199309,0.22455399
R00869,2,0.08037677,0.41950223,0.500121
R00870,0,0.7811147,0.19672677,0.02215852
R00871,1,0.16082111,0.7905753,0.04860364
R00872,0,0.74628794,0.24997516,0.003736826
R00873,1,0.085530944,0.8020408,0.1124283
R00874,2,0.0021869545,0.04384045,0.9539726
R00875,2,0.0051943436,0.09352186,0.9012838
R00876,1,0.17232879,0.810971,0.016700186
R00877,2,0.0033149563,0.077539556,0.91914546
R00878,0,0.64169276,0.3475221,0.010785171
R00879,1,0.05572478,0.92067987,0.023595355
R00880,1,0.083003394,0.9002483,0.016748281
R00881,1,0.4436478,0.5435687,0.01278351
R00882,1,0.10673245,0.8738111,0.019456415
R00883,0,0.5607454,0.43331048,0.005944058
R00884,1,0.09363314,0.59875536,0.30761147
R00885,1,0.2705184,0.7044176,0.02506403
R00886,0,0.50561494,0.47128496,0.023100121
R00887,0,0.97716016,0.02059968,0.0022401114
R00888,2,0.017661508,0.18913883,0.7931997
R00889,1,0.10799884,0.869197,0.0228042
R00890,2,0.01771443,0.42252755,0.55975807
R00891,0,0.95123583,0.046899002,0.001865235
R00892,1,0.025639566,0.77308315,0.20127729
R00893,2,0.0053539504,0.08007092,0.91457516
R00894,0,0.89582276,0.102091305,0.002085988
R00895,1,0.029187901,0.85968566,0.1111264
R00896,0,0.52491426,0.41040364,0.064682126
R00897,1,0.026283838,0.72724736,0.24646881
R00898,1,0.11728619,0.7738173,0.10889653
R00899,0,0.7952927,0.20108148,0.0036258372
R00900,1,0.08041804,0.86120474,0.058377236
R00901,2,0.0037177457,0.057702757,0.93857944
R00902,1,0.30121827,0.62779284,0.07098885
R00903,1,0.3726417,0.57043463,0.056923658
R00904,1,0.045201257,0.8012114,0.15358734
R00905,0,0.6982036,0.29795673,0.0038396677
R00906,0,0.9754141,0.023737162,0.0008487311
R00907,1,0.37304857,0.6150531,0.011898307
R00908,2,0.13052605,0.40126407,0.46820986
R00909,1,0.32170445,0.67048967,0.007805927
R00910,1,0.26540056,0.7158193,0.01878019
R00911,1,0.018062327,0.6219694,0.35996827
R00912,1,0.2165601,0.7448774,0.038562573
R00913,2,0.019876836,0.39923692,0.5808863
R00914,1,0.18982144,0.7867879,0.02339059
R00915,0,0.48397192,0.44238615,0.07364191
R00916,1,0.026608473,0.88115156,0.09223998
R00917,1,0.23037565,0.7494943,0.020130001
R00918,0,0.51667595,0.47784713,0.005476909
R00919,1,0.22415079,0.7582924,0.017556848
R00920,0,0.8520881,0.14464065,0.0032713083
R00921,1,0.05354061,0.6371486,0.30931082
R00922,0,0.58337945,0.40726447,0.00935607
R00923,1,0.11473363,0.8168895,0.0683769
R00924,1,0.39927283,0.59008694,0.010640259
R00925,1,0.13456348,0.7476088,0.11782773
R00926,0,0.7663821,0.22043154,0.013186333
R00927,1,0.39938924,0.55666727,0.043943517
R00928,1,0.18071266,0.8004623,0.01882507
R00929,1,0.020487461,0.67845154,0.30106103
R00930,0,0.6862229,0.30450958,0.009267514
R00931,0,0.60472286,0.39043844,0.004838696
R00932,2,0.0055186474,0.16254343,0.8319379
R00933,1,0.049496394,0.8050967,0.14540698
R00934,1,0.34408796,0.6478828,0.0080292
R00935,0,0.5693007,0.4263865,0.0043128384
R00936,0,0.59884334,0.3958113,0.0053454726
R00937,0,0.9641737,0.03473206,0.0010941977
R00938,1,0.11744201,0.8378076,0.044750426
R00939,2,0.07497278,0.4399479,0.4850794
R00940,0,0.7508056,0.24566266,0.0035316737
R00941,0,0.82844967,0.16570036,0.0058499384
R00942,1,0.11808431,0.8489965,0.03291917
R00943,1,0.03093956,0.9328884,0.036172006
R00944,1,0.33944616,0.6492078,0.011346142
R00945,1,0.09339446,0.88178587,0.024819678
R00946,1,0.14540888,0.83554554,0.019045576
R00947,0,0.793508,0.19906893,0.007423039
R00948,2,0.0027549376,0.046596233,0.95064884
R00949,1,0.34909955,0.64209235,0.008808082
R00950,0,0.36414495,0.35156542,0.2842896
R00951,2,0.0019995614,0.054895304,0.9431052
R00952,2,0.09286979,0.31787783,0.5892524
R00953,1,0.21615405,0.77536595,0.008479997
R00954,0,0.9607535,0.03817313,0.0010734126
R00955,1,0.17647909,0.79479575,0.02872514
R00956,0,0.83639127,0.14864449,0.014964176
R00957,0,0.56860787,0.4225535,0.008838601
R00958,0,0.713897,0.27847615,0.0076268595
R00959,1,0.4192095,0.5729915,0.0077990033
R00960,2,0.0033499114,0.067812495,0.9288376
R00961,2,0.0012464899,0.014181982,0.9845716
R00962,2,0.008475143,0.39271143,0.5988134
R00963,2,0.004563556,0.12577674,0.8696598
R00964,0,0.6114578,0.38264057,0.0059015853
R00965,0,0.80856353,0.1718172,0.019619212
R00966,0,0.78761727,0.2046612,0.007721528
R00967,2,0.010981823,0.3752121,0.613806
R00968,1,0.035110433,0.8776503,0.087239265
R00969,0,0.713897,0.27847615,0.0076268595
R00970,0,0.9197825,0.0775933,0.0026241636
R00971,1,0.32673913,0.66520786,0.00805294
R00972,1,0.2032802,0.7731884,0.023531388
R00973,1,0.33417374,0.64918876,0.01663753
R00974,1,0.08383133,0.8803938,0.03577482
R00975,1,0.252441,0.47601762,0.2715414
R00976,2,0.0015811302,0.025778009,0.9726408
R00977,1,0.030268941,0.8309936,0.13873743
R00978,1,0.035050124,0.8761428,0.0888071
R00979,1,0.22501159,0.7582367,0.01675163
R00980,0,0.62588006,0.3679359,0.0061840364
R00981,1,0.22423182,0.72524434,0.05052388
R00982,0,0.9454114,0.05323239,0.0013562794
R00983,1,0.036022834,0.8134956,0.15048157
R00984,1,0.06268384,0.8387006,0.098615535
R00985,1,0.01614535,0.6106015,0.37325323
R00986,2,0.013733447,0.35976794,0.6264987
R00987,1,0.31610936,0.66399574,0.019894896
R00988,1,0.31362393,0.6460332,0.040342823
R00989,1,0.0212795,0.63662565,0.34209484
R00990,2,0.0073708887,0.09978392,0.8928453
R00991,0,0.8707449,0.12692139,0.0023337444
R00992,0,0.95836127,0.03995423,0.0016845101
R00993,0,0.67482364,0.31876415,0.006412193
R00994,0,0.8947509,0.10357493,0.0016741329
R00995,1,0.21356052,0.7781265,0.00831305
R00996,2,0.00696833,0.13565646,0.85737514
R00997,0,0.7425823,0.25068477,0.0067329183
R00998,0,0.51389366,0.47900158,0.0071047703
R00999,0,0.59479594,0.39932713,0.0058769085
R01000,1,0.186391,0.765435,0.048173994
R01001,1,0.11413968,0.7876577,0.098202564
R01002,1,0.083941996,0.9024615,0.013596516
R01003,1,0.10411932,0.5165128,0.3793679
R01004,0,0.96394813,0.034974918,0.0010769818
R01005,1,0.02289788,0.690416,0.28668615
R01006,2,0.0046579563,0.14834109,0.8470009
R01007,0,0.68406737,0.30833334,0.0075993026
R01008,1,0.26484087,0.7283982,0.0067609297
R01009,1,0.4501395,0.54297185,0.0068886154
R01010,1,0.13847615,0.84290177,0.018622125
R01011,0,0.9308597,0.06567651,0.0034637735
R01012,1,0.035436925,0.9068181,0.057744935
R01013,1,0.0269693,0.80057025,0.17246047
R01014,0,0.9673875,0.03156488,0.0010475711
R01015,1,0.08957771,0.88030005,0.030122211
R01016,1,0.15156177,0.83386487,0.014573378
R01017,2,0.011237637,0.08198803,0.9067743
R01018,0,0.9107739,0.087233774,0.0019923097
R01019,1,0.4323677,0.5595254,0.008106886
R01020,1,0.1232771,0.85498184,0.021741116
R01021,1,0.38791704,0.6008176,0.01126532
R01022,0,0.50424397,0.48873,0.0070260367
R01023,2,0.0016783584,0.013149844,0.9851718
R01024,1,0.117550455,0.65564376,0.2268058
R01025,1,0.2294121,0.6160406,0.15454732
R01026,1,0.19049032,0.71400535,0.09550434
R01027,1,0.2724134,0.7205228,0.0070637576
R01028,0,0.66550803,0.32945034,0.0050416742
R01029,1,0.42616025,0.5645706,0.009269139
R01030,1,0.10764847,0.8000949,0.09225663
R01031,2,0.0053684013,0.13314885,0.8614828
R01032,2,0.0023497606,0.019597601,0.97805256
R01033,0,0.83317524,0.16026144,0.0065633035
R01034,2,0.013098707,0.3458313,0.64106995
R01035,0,0.74566466,0.22258112,0.031754233
R01036,1,0.09914757,0.70729876,0.19355363
R01037,1,0.088084,0.86393195,0.047984067
R01038,0,0.58018273,0.41141114,0.008406188
R01039,1,0.105813675,0.6846222,0.20956405
R01040,0,0.68099916,0.3142295,0.0047713225
R01041,1,0.057939235,0.8547432,0.08731752
R01042,0,0.7056217,0.28958657,0.0047917315
R01043,1,0.38423336,0.59744143,0.018325275
R01044,0,0.8590115,0.1391385,0.0018499476
R01045,1,0.2950223,0.55821615,0.1467615
R01046,1,0.16279547,0.8219136,0.015290936
R01047,2,0.060257602,0.43323705,0.50650537
R01048,0,0.50795424,0.47717884,0.01486696
R01049,0,0.65580505,0.31712663,0.02706831
R01050,1,0.01752876,0.73378634,0.24868491
R01051,0,0.5130467,0.48196274,0.0049905907
R01052,2,0.005864062,0.08206523,0.9120707
R01053,0,0.93404514,0.06242453,0.0035303598
R01054,1,0.105264165,0.8677017,0.027034074
R01055,0,0.97109544,0.02746727,0.001437348
R01056,0,0.9603127,0.037619136,0.0020681077
R01057,1,0.07208676,0.8511773,0.07673596
R01058,1,0.18410237,0.7880752,0.027822457
R01059,2,0.012023733,0.272592,0.7153843
R01060,1,0.023195641,0.593568,0.38323635
R01061,0,0.56326526,0.42850962,0.0082250815
R01062,1,0.15104005,0.58811355,0.2608464
R01063,0,0.86759555,0.13047667,0.0019277446
R01064,1,0.021202385,0.91574574,0.06305185
R01065,2,0.0060977265,0.14374952,0.8501528
R01066,1,0.20100115,0.78418016,0.014818683
R01067,1,0.46904343,0.52325577,0.0077007706
R01068,1,0.3353047,0.65138584,0.013309487
R01069,1,0.107502736,0.8719901,0.02050724
R01070,0,0.6180095,0.35628206,0.025708366
R01071,1,0.024486283,0.7441001,0.23141363
R01072,1,0.053496893,0.8500104,0.09649269
R01073,1,0.017036295,0.8403206,0.14264314
R01074,0,0.7605306,0.23560138,0.003868111
R01075,1,0.25067168,0.7281815,0.021146784
R01076,1,0.029466318,0.8954356,0.07509805
R01077,0,0.857865,0.12989825,0.012236787
R01078,1,0.01821421,0.6271994,0.35458642
R01079,2,0.00615966,0.22402811,0.76981217
R01080,0,0.7750506,0.21606614,0.008883347
R01081,1,0.03387941,0.8806144,0.085506186
R01082,1,0.25679958,0.72586095,0.017339436
R01083,0,0.9647502,0.034268368,0.000981419
R01084,0,0.9365069,0.060693026,0.0028001051
R01085,1,0.40885255,0.5566565,0.034490995
R01086,1,0.4223328,0.52355254,0.054114714
R01087,2,0.002287062,0.045757774,0.95195514
R01088,1,0.047686744,0.9033045,0.04900867
R01089,2,0.01707344,0.47611007,0.5068165
R01090,1,0.1800273,0.8021127,0.017859966
R01091,0,0.9051453,0.092466414,0.0023883327
R01092,1,0.090099625,0.61331874,0.2965816
R01093,1,0.0889375,0.86720693,0.043855608
R01094,1,0.3417253,0.64092565,0.017349062
R01095,1,0.29048735,0.67804676,0.031465877
R01096,0,0.92930275,0.06824516,0.002452075
R01097,1,0.03148839,0.927443,0.0410686
R01098,1,0.19832802,0.78747255,0.014199453
R01099,2,0.15389244,0.3627362,0.48337135
R01100,0,0.9445001,0.050770525,0.004729317
R01101,1,0.090841435,0.84191406,0.06724443
R01102,0,0.539663,0.45090532,0.009431639
R01103,0,0.92380434,0.07364111,0.002554548
R01104,2,0.0064098113,0.19251491,0.8010752
R01105,1,0.09060098,0.8975582,0.011840821
R01106,0,0.82302153,0.17386773,0.0031107299
R01107,2,0.0041165273,0.092962615,0.90292084
R01108,1,0.23466355,0.64308083,0.12225562
R01109,1,0.14981349,0.78038055,0.06980595
R01110,0,0.51938725,0.46922728,0.011385462
R01111,2,0.011787309,0.2923527,0.69585997
R01112,0,0.5334071,0.45982566,0.0067672683
R01113,1,0.023682363,0.8218892,0.15442841
R01114,0,0.9623231,0.03661842,0.0010584972
R01115,2,0.0023796274,0.052493736,0.9451266
R01116,2,0.0067857685,0.3480435,0.64517075
R01117,1,0.4180508,0.5625488,0.019400338
R01118,1,0.12567365,0.8529726,0.021353753
R01119,0,0.6006888,0.39087564,0.008435526
R01120,0,0.47551966,0.3919165,0.13256386
R01121,1,0.059980415,0.90938455,0.030634996
R01122,0,0.9657728,0.03279776,0.0014294698
R01123,1,0.25303397,0.71801645,0.02894956
R01124,1,0.31347767,0.66883713,0.0176852
R01125,1,0.095697686,0.804403,0.099899314
R01126,1,0.04007239,0.93003184,0.029895825
R01127,1,0.023555467,0.9048738,0.071570724
R01128,2,0.0038856745,0.15704231,0.839072
R01129,1,0.026169464,0.6097389,0.3640917
R01130,1,0.10106557,0.8578603,0.04107414
R01131,1,0.17774619,0.7950488,0.027205072
R01132,2,0.0039027068,0.041136462,0.9549608
R01133,2,0.0063662874,0.17274176,0.820892
R01134,1,0.4385905,0.5544303,0.0069792476
R01135,1,0.16279547,0.8219136,0.015290936
R01136,2,0.0057880823,0.17452203,0.8196898
R01137,1,0.3272384,0.6533384,0.019423239
R01138,1,0.46988755,0.52419746,0.0059150113
R01139,1,0.19242854,0.7929344,0.014637006
R01140,2,0.0031947948,0.03899666,0.95780855
R01141,0,0.8600809,0.13661718,0.0033019937
R01142,1,0.41440174,0.559821,0.025777249
R01143,2,0.0028148058,0.010581551,0.9866036
R01144,0,0.8908925,0.106401935,0.0027056679
R01145,1,0.29051113,0.6222616,0.087227255
R01146,0,0.85021156,0.14432211,0.0054663448
R01147,1,0.05139537,0.84914976,0.09945491
R01148,1,0.4166363,0.5739407,0.009422977
R01149,0,0.49605715,0.4883665,0.015576349
R01150,2,0.004011607,0.088149615,0.90783876
R01151,0,0.5006297,0.4928682,0.0065020453
R01152,1,0.091218255,0.8920557,0.016726028
R01153,0,0.9202063,0.07778081,0.0020129432
R01154,0,0.70861226,0.28630525,0.0050825262
R01155,0,0.54046,0.45511296,0.0044270484
R01156,0,0.86337584,0.12523426,0.011389879
R01157,1,0.3942488,0.59647936,0.009271843
R01158,1,0.08228639,0.8641688,0.05354477
R01159,2,0.014842687,0.3540302,0.63112706
R01160,1,0.2693487,0.71800435,0.0126469135
R01161,2,0.0023106905,0.035899036,0.9617902
R01162,1,0.1015981,0.8424036,0.055998325
R01163,2,0.027008498,0.13932043,0.8336711
R01164,0,0.69210416,0.3023579,0.0055378783
R01165,1,0.10541539,0.8471629,0.047421727
R01166,0,0.9359747,0.062218416,0.0018068564
R01167,1,0.020423522,0.55633736,0.42323914
R01168,1,0.24163789,0.7442971,0.014065012
R01169,1,0.43558115,0.5549448,0.009474047
R01170,1,0.054509234,0.4764386,0.46905214
R01171,0,0.94370043,0.053051796,0.0032476569
R01172,1,0.09294264,0.8783773,0.028680036
R01173,1,0.14922129,0.826216,0.024562754
R01174,2,0.024847604,0.24899897,0.72615343
R01175,0,0.9149745,0.08264872,0.0023768384
R01176,0,0.9445197,0.05412529,0.0013550001
R01177,1,0.39317247,0.5239298,0.08289774
R01178,1,0.037181325,0.65392596,0.30889276
R01179,1,0.07575349,0.86020607,0.064040504
R01180,1,0.07163258,0.88987523,0.038492225
R01181,1,0.3947485,0.53745365,0.067797825
R01182,0,0.5021498,0.49051753,0.007332643
R01183,1,0.027778678,0.756692,0.21552931
R01184,1,0.1446824,0.79136544,0.06395213
R01185,1,0.058312144,0.89102536,0.05066247
R01186,0,0.57198673,0.41847444,0.009538782
R01187,2,0.0018047562,0.01844225,0.979753
R01188,0,0.92866,0.06900185,0.002338168
R01189,0,0.561481,0.39970797,0.038810972
R01190,1,0.03902941,0.82154804,0.13942248
R01191,1,0.033457402,0.91138065,0.055161938
R01192,1,0.30934864,0.67832416,0.012327255
R01193,2,0.0070979036,0.18521518,0.8076869
R01194,1,0.0985217,0.812123,0.089355305
R01195,0,0.8713729,0.12553316,0.0030939388
R01196,1,0.07967252,0.8889439,0.03138356
R01197,2,0.0014362172,0.01295176,0.98561203
R01198,1,0.14685439,0.7285119,0.1246337
R01199,0,0.70787024,0.28600544,0.0061242776
R01200,2,0.003833756,0.07262079,0.9235455
R01201,1,0.36573735,0.62701964,0.007243036
R01202,0,0.8229032,0.17316498,0.003931766
R01203,1,0.3179937,0.5975816,0.08442467
R01204,1,0.054283474,0.89686674,0.04884984
R01205,1,0.12248115,0.84977275,0.027746063
R01206,2,0.16396849,0.31085378,0.5251777
R01207,0,0.8236483,0.16864672,0.007704993
R01208,0,0.5761771,0.39445648,0.029366441
R01209,1,0.060951453,0.91334075,0.025707854
R01210,1,0.22868839,0.76164865,0.00966294
R01211,1,0.042465307,0.9150694,0.042465307
R01212,0,0.84661335,0.14827321,0.005113423
R01213,0,0.72501963,0.24958324,0.025397131
R01214,1,0.058322094,0.89816695,0.043510932
R01215,2,0.1142025,0.3955039,0.49029362
R01216,2,0.009855618,0.19488636,0.795258
R01217,0,0.84926057,0.14757936,0.0031601393
R01218,1,0.44221038,0.5418075,0.015982162
R01219,0,0.7453739,0.25162718,0.0029989462
R01220,0,0.74180263,0.2543651,0.0038322734
R01221,0,0.9420641,0.056685954,0.0012499122
R01222,2,0.0012200547,0.019913066,0.9788669
R01223,0,0.9439314,0.05440945,0.0016591469
R01224,1,0.20742165,0.78280103,0.009777327
R01225,1,0.09473894,0.85435253,0.050908577
R01226,0,0.93763757,0.0608851,0.001477333
R01227,1,0.03520802,0.80761576,0.15717624
R01228,1,0.42081946,0.54034287,0.038837697
R01229,0,0.963533,0.028757194,0.0077097192
R01230,2,0.0028077252,0.07269559,0.92449677
R01231,1,0.08050112,0.8587334,0.060765427
R01232,2,0.0027395536,0.08100523,0.91625524
R01233,2,0.005111921,0.2242643,0.77062374
R01234,1,0.06480866,0.891168,0.044023365
R01235,0,0.8054854,0.19206837,0.002446284
R01236,1,0.14808114,0.8299729,0.021945907
R01237,1,0.2935914,0.69608396,0.010324635
R01238,1,0.070461005,0.90310663,0.026432402
R01239,1,0.35921228,0.6304372,0.010350538
R01240,1,0.06007779,0.8523387,0.08758356
R01241,1,0.39255178,0.59857,0.008878263
R01242,1,0.025714276,0.89240617,0.08187956
R01243,1,0.12060337,0.8511674,0.028229255
R01244,0,0.70865756,0.27428117,0.017061252
R01245,1,0.07183525,0.6709874,0.25717738
R01246,2,0.016584642,0.13940501,0.8440103
R01247,1,0.20024177,0.78580844,0.0139497705
R01248,1,0.18882479,0.78572017,0.025455028
R01249,1,0.02817129,0.7097166,0.26211205
R01250,0,0.8828183,0.11289732,0.0042844596
R01251,1,0.047454733,0.90950567,0.04303957
R01252,1,0.05321185,0.8826024,0.06418574
R01253,0,0.70111966,0.29227015,0.0066102142
R01254,0,0.9819187,0.015933357,0.0021479384
R01255,1,0.011723433,0.5517815,0.4364951
R01256,1,0.10252081,0.6790473,0.21843193
R01257,1,0.16313595,0.81642526,0.020438807
R01258,1,0.13221124,0.8491741,0.018614704
R01259,2,0.008890241,0.11218064,0.8789291
R01260,2,0.025127232,0.14277314,0.8320997
R01261,0,0.95700955,0.041659772,0.0013306778
R01262,0,0.98480105,0.013829648,0.0013693206
R01263,1,0.15443568,0.6413695,0.20419481
R01264,0,0.6308746,0.27199903,0.09712641
R01265,0,0.94584966,0.052176002,0.0019742895
R01266,1,0.10455262,0.52477616,0.37067124
R01267,0,0.80124,0.18883017,0.009929753
R01268,0,0.8537957,0.1443655,0.001838715
R01269,1,0.3625484,0.6239853,0.013466288
R01270,1,0.44572392,0.54611236,0.0081637185
R01271,0,0.83524454,0.16128826,0.0034672075
R01272,0,0.96750915,0.03145945,0.0010314597
R01273,1,0.43511975,0.5457624,0.019117827
R01274,1,0.13309231,0.8490095,0.017898116
R01275,0,0.868617,0.12760423,0.003778784
R01276,1,0.36472392,0.6228445,0.012431512
R01277,1,0.035232205,0.8945632,0.07020459
R01278,2,0.0012910509,0.010314819,0.98839414
R01279,2,0.004278803,0.027415132,0.96830606
R01280,1,0.2870687,0.6740048,0.038926482
R01281,1,0.12521182,0.86322105,0.011567169
R01282,1,0.0743714,0.7659391,0.15968953
R01283,1,0.017393272,0.5805036,0.4021031
R01284,1,0.16820687,0.7926371,0.03915598
R01285,0,0.6048569,0.39052498,0.004618139
R01286,1,0.1888477,0.76686287,0.044289406
R01287,1,0.11833674,0.85895115,0.022712141
R01288,1,0.22240044,0.7363792,0.041220378
R01289,2,0.0017607519,0.012032555,0.9862067
R01290,1,0.43479428,0.5582869,0.0069188396
R01291,1,0.123003915,0.6914416,0.18555455
R01292,1,0.2640659,0.71500707,0.020927047
R01293,0,0.7205223,0.26818985,0.011287844
R01294,1,0.06607863,0.79252213,0.14139928
R01295,1,0.024229748,0.881241,0.09452925
R01296,1,0.2987432,0.6811639,0.020092878
R01297,1,0.043113783,0.7292144,0.22767185
R01298,1,0.33172265,0.6597092,0.008568128
R01299,1,0.27113116,0.5523327,0.17653614
R01300,1,0.09539951,0.8486275,0.055973053
R01301,1,0.19797881,0.7845522,0.017468961
R01302,1,0.07341969,0.6293136,0.2972667
R01303,0,0.7297423,0.26636803,0.0038896392
R01304,1,0.029636767,0.67452973,0.29583356
R01305,0,0.50657856,0.47218317,0.021238266
R01306,2,0.008254549,0.2007721,0.79097337
R01307,1,0.10175408,0.7637067,0.13453922
R01308,0,0.60455906,0.38428113,0.011159732
R01309,1,0.1384035,0.81058115,0.051015347
R01310,2,0.0023865844,0.019634437,0.977979
R01311,0,0.66034824,0.32562163,0.014030097
R01312,1,0.108179875,0.8761447,0.015675418
R01313,1,0.19717029,0.78747636,0.015353346
R01314,2,0.0020747818,0.01934198,0.97858334
R01315,1,0.044931687,0.9274946,0.027573688
R01316,0,0.65505844,0.33719522,0.007746371
R01317,1,0.26285738,0.7257725,0.0113700945
R01318,0,0.6188679,0.37244126,0.008690816
R01319,2,0.043211877,0.2085824,0.74820566
R01320,1,0.19102284,0.7948665,0.014110571
R01321,1,0.08671468,0.8895789,0.023706473
R01322,0,0.98897666,0.009809875,0.0012135449
R01323,1,0.15701187,0.8340082,0.008979941
R01324,1,0.3313058,0.6512041,0.017490111
R01325,0,0.9837753,0.015381945,0.00084273523
R01326,1,0.03109835,0.80832744,0.16057421
R01327,1,0.1984219,0.7323831,0.06919501
R01328,0,0.756628,0.2210531,0.022318907
R01329,0,0.63862437,0.35544798,0.005927657
R01330,2,0.0048446357,0.114208795,0.88094664
R01331,1,0.09412382,0.6636375,0.2422387
R01332,1,0.0469737,0.77609533,0.176931
R01333,2,0.005169438,0.05482203,0.9400085
R01334,1,0.05604193,0.8630521,0.08090597
R01335,0,0.9801996,0.0189992,0.00080122077
R01336,1,0.044094563,0.9031311,0.052774284
R01337,1,0.22127414,0.73193485,0.04679103
R01338,2,0.007488915,0.026863482,0.96564764
R01339,1,0.05537988,0.91856253,0.026057614
R01340,0,0.83076936,0.16487123,0.0043594777
R01341,1,0.48100433,0.5120264,0.006969206
R01342,1,0.49158597,0.5032436,0.005170397
R01343,1,0.041909575,0.86849725,0.08959325
R01344,1,0.20923223,0.777392,0.013375768
R01345,1,0.11882559,0.793215,0.08795941
R01346,2,0.007727294,0.19165488,0.8006179
R01347,2,0.012389034,0.1716947,0.81591624
R01348,0,0.7978758,0.15711106,0.045013078
R01349,2,0.005622435,0.17287107,0.8215065
R01350,0,0.7059354,0.28746074,0.006603823
R01351,1,0.44026622,0.55221754,0.0075162486
R01352,1,0.25312406,0.72958326,0.017292725
R01353,1,0.12452476,0.8435258,0.03194939
R01354,0,0.57970977,0.4078768,0.012413413
R01355,1,0.32687372,0.6450072,0.028119097
R01356,0,0.7621918,0.23427853,0.0035296485
R01357,0,0.79759264,0.19853652,0.003870846
R01358,1,0.3831601,0.51862824,0.098211646
R01359,0,0.8730826,0.11862134,0.008296055
R01360,1,0.13027877,0.82258344,0.047137786
R01361,0,0.50318193,0.4915257,0.00529236
R01362,1,0.41332158,0.5649436,0.021734776
R01363,1,0.101472534,0.7439514,0.15457611
R01364,0,0.6144114,0.34600252,0.039586067
R01365,0,0.69903666,0.29026577,0.01069756
R01366,2,0.0041810824,0.09295659,0.90286237
R01367,2,0.07361691,0.37385753,0.5525256
R01368,0,0.50668603,0.4872752,0.006038793
R01369,1,0.18323317,0.7928255,0.023941258
R01370,0,0.603053,0.39241403,0.004532982
R01371,2,0.05760186,0.35147858,0.59091955
R01372,0,0.94916207,0.048294034,0.0025439158
R01373,0,0.9587157,0.0397258,0.0015584934
R01374,2,0.00851009,0.23731244,0.7541774
R01375,0,0.7925978,0.20276237,0.0046398905
R01376,1,0.08899837,0.8057255,0.10527615
R01377,1,0.068839505,0.88924384,0.041916687
R01378,1,0.023997044,0.8727775,0.10322541
R01379,0,0.95572233,0.04302931,0.0012483747
R01380,1,0.08639469,0.8391284,0.074476875
R01381,2,0.12392352,0.41922787,0.45684862
R01382,1,0.053745236,0.89144945,0.054805264
R01383,0,0.93576425,0.062022448,0.0022133086
R01384,2,0.002409981,0.025334269,0.97225577
R01385,0,0.59280056,0.40110895,0.0060905176
R01386,1,0.19054285,0.78057694,0.02888026
R01387,1,0.22642194,0.75410026,0.0194778
R01388,1,0.06320499,0.90021473,0.036580246
R01389,2,0.0047467486,0.032343246,0.96291
R01390,1,0.035837863,0.9099412,0.054220956
R01391,2,0.0039700265,0.05448434,0.94154555
R01392,0,0.7655952,0.22808446,0.006320375
R01393,2,0.015407361,0.32431665,0.66027594
R01394,1,0.089385904,0.89137715,0.019236898
R01395,2,0.008333479,0.2869602,0.7047063
R01396,1,0.33064637,0.64737415,0.021979537
R01397,1,0.2536582,0.67617804,0.07016373
R01398,1,0.3873858,0.5953257,0.017288579
R01399,1,0.030877292,0.85434365,0.114779085
R01400,1,0.17160346,0.8051952,0.023201333
R01401,1,0.023823306,0.82678056,0.1493962
R01402,1,0.0751286,0.8870943,0.037777036
R01403,2,0.0043922625,0.017035734,0.978572
R01404,2,0.030584618,0.123169765,0.84624565
R01405,0,0.7930388,0.2036692,0.003292006
R01406,1,0.04535544,0.7731458,0.18149878
R01407,0,0.95365685,0.045172986,0.001170205
R01408,1,0.038144518,0.82840896,0.13344659
R01409,1,0.05765428,0.8084263,0.13391937
R01410,1,0.0125095565,0.5796534,0.4078371
R01411,2,0.009855256,0.37563953,0.6145052
R01412,0,0.6041477,0.32023433,0.075617954
R01413,2,0.024875252,0.37714258,0.5979821
R01414,1,0.124085136,0.84321976,0.032695178
R01415,0,0.8214288,0.17626399,0.0023072246
R01416,1,0.43234608,0.5359657,0.031688225
R01417,1,0.4140505,0.5793608,0.006588745
R01418,0,0.7101946,0.28471154,0.0050938753
R01419,1,0.28244752,0.70454705,0.013005439
R01420,1,0.34550935,0.6454964,0.008994221
R01421,0,0.62313956,0.369198,0.0076624597
R01422,1,0.35415196,0.63134414,0.014503844
R01423,1,0.017636683,0.61687624,0.3654871
R01424,2,0.0036862763,0.036137518,0.96017617
R01425,0,0.58668053,0.40638173,0.0069377697
R01426,1,0.062243164,0.91109073,0.026666082
R01427,2,0.013412275,0.3889138,0.5976739
R01428,0,0.5531764,0.43759856,0.00922509
R01429,1,0.029324304,0.81137407,0.15930164
R01430,1,0.26893076,0.7016525,0.029416723
R01431,2,0.002611194,0.06773933,0.9296494
R01432,1,0.4128429,0.5342584,0.052898746
R01433,1,0.3349952,0.6332308,0.031773973
R01434,1,0.028973697,0.8336081,0.13741823
R01435,0,0.954071,0.043450695,0.0024783995
R01436,1,0.25019145,0.7085652,0.041243434
R01437,1,0.289391,0.68881047,0.021798497
R01438,1,0.04235547,0.8777375,0.079906985
R01439,1,0.4864113,0.50578773,0.0078009237
R01440,0,0.70814776,0.28058356,0.011268687
R01441,1,0.35584304,0.617248,0.026908936
R01442,0,0.9074421,0.084828764,0.0077291955
R01443,1,0.017799808,0.8247869,0.15741333
R01444,1,0.22439201,0.7620795,0.0135285305
R01445,0,0.8237501,0.17199424,0.0042556273
R01446,1,0.16639866,0.82064414,0.012957206
R01447,2,0.006543143,0.122978725,0.87047815
R01448,1,0.018107595,0.7289783,0.25291416
R01449,1,0.0510123,0.91487324,0.034114517
R01450,1,0.30521965,0.6878231,0.0069572325
R01451,1,0.059186887,0.8765664,0.06424676
R01452,1,0.2030184,0.76918215,0.027799424
R01453,0,0.9010308,0.09627524,0.0026940333
R01454,0,0.92890483,0.06956138,0.0015338124
R01455,1,0.4023936,0.48254365,0.11506275
R01456,0,0.80098975,0.19552572,0.0034845823
R01457,2,0.020939484,0.38594657,0.59311396
R01458,0,0.5137483,0.47886604,0.0073857014
R01459,1,0.20085326,0.77902514,0.02012159
R01460,2,0.0047764825,0.14013562,0.855088
R01461,1,0.20374002,0.7840721,0.012187838
R01462,1,0.085949585,0.89474094,0.019309493
R01463,1,0.035313167,0.8966189,0.068067916
R01464,0,0.9050961,0.09228098,0.0026229278
R01465,1,0.13292198,0.82626104,0.04081699
R01466,2,0.0013143106,0.0234422,0.9752435
R01467,2,0.026398424,0.47159323,0.5020084
R01468,1,0.046128217,0.884082,0.06978976
R01469,2,0.00534163,0.12397279,0.8706856
R01470,0,0.97768193,0.021369021,0.0009490293
R01471,1,0.036607202,0.90087813,0.06251467
R01472,0,0.6966579,0.29962882,0.0037132942
R01473,1,0.16535337,0.80441564,0.030230949
R01474,1,0.21607432,0.7690483,0.01487737
R01475,0,0.96976197,0.028971381,0.0012667135
R01476,0,0.5749379,0.41411227,0.010949836
R01477,0,0.8068825,0.18868013,0.004437331
R01478,1,0.059751313,0.87120616,0.06904251
R01479,0,0.89862645,0.097340114,0.0040334314
R01480,0,0.7090956,0.28427097,0.0066333856
R01481,0,0.8182302,0.17904058,0.0027292278
R01482,1,0.028283665,0.879879,0.091837324
R01483,1,0.040269032,0.93095195,0.028778978
R01484,0,0.79543144,0.19877349,0.005795082
R01485,0,0.8003007,0.1923288,0.0073705143
R01486,1,0.086903945,0.8213072,0.09178886
R01487,1,0.06161371,0.90540683,0.032979444
R01488,1,0.34944522,0.63772637,0.0128283715
R01489,2,0.0881077,0.24542072,0.66647154
R01490,2,0.0027551716,0.061254803,0.93599
R01491,2,0.029370308,0.27008432,0.7005454
R01492,2,0.0022435584,0.049202964,0.9485535
R01493,1,0.1981114,0.78507763,0.016810987
R01494,2,0.008152163,0.31316206,0.6786858
R01495,1,0.44567022,0.5375809,0.016748846
R01496,1,0.032526515,0.92854434,0.038929146
R01497,1,0.07904228,0.8870946,0.033863124
R01498,2,0.026414108,0.11913363,0.8544523
R01499,1,0.026724324,0.92745954,0.045816153
R01500,1,0.019846845,0.78048855,0.19966458
R01501,1,0.49096528,0.5026082,0.0064265374
R01502,2,0.002305927,0.022771776,0.9749223
R01503,1,0.09034343,0.8930423,0.01661422
R01504,0,0.7574833,0.23283125,0.009685467
R01505,1,0.077950574,0.56927085,0.35277858
R01506,0,0.9859725,0.0121240495,0.0019033748
R01507,1,0.014800231,0.6005031,0.3846967
R01508,1,0.03159807,0.7655511,0.20285086
R01509,2,0.001311408,0.010274808,0.98841375
R01510,2,0.0027535167,0.061818767,0.9354277
R01511,1,0.20680586,0.7759175,0.017276699
R01512,1,0.016460797,0.7509162,0.23262298
R01513,1,0.039716985,0.8558469,0.104436144
R01514,1,0.05731274,0.9142043,0.028482907
R01515,2,0.016242594,0.41564205,0.56811535
R01516,0,0.9864336,0.012514759,0.001051635
R01517,1,0.3296027,0.6580587,0.012338589
R01518,1,0.23864865,0.75252175,0.008829667
R01519,0,0.7532107,0.23886715,0.00792211
R01520,1,0.05309267,0.850204,0.096703365
R01521,2,0.002723018,0.042845484,0.9544315
R01522,0,0.8829915,0.11291947,0.004089062
R01523,0,0.7250272,0.27092287,0.004049969
R01524,2,0.006604179,0.1147977,0.87859815
R01525,0,0.54024535,0.45493224,0.004822408
R01526,1,0.308116,0.60326177,0.088622205
R01527,1,0.026821246,0.7136868,0.25949192
R01528,1,0.3271431,0.66084725,0.012009646
R01529,2,0.014480512,0.3793384,0.606181
R01530,1,0.11470093,0.4607949,0.42450416
R01531,0,0.9525506,0.046145502,0.0013039437
R01532,1,0.46423844,0.52605104,0.009710529
R01533,2,0.015283421,0.4501501,0.53456646
R01534,1,0.049184572,0.87522966,0.07558574
R01535,1,0.041564967,0.85465264,0.10378242
R01536,2,0.011200793,0.46161655,0.52718264
R01537,1,0.42275235,0.5688755,0.008372157
R01538,2,0.0374566,0.34850472,0.61403877
R01539,2,0.0029225925,0.03475847,0.962319
R01540,2,0.00488523,0.13411751,0.8609973
R01541,1,0.01848945,0.77400273,0.20750783
R01542,1,0.06607714,0.8208613,0.11306153
R01543,0,0.5709743,0.42431206,0.004713681
R01544,1,0.2045436,0.78103894,0.014417424
R01545,1,0.4757712,0.51443136,0.009797473
R01546,1,0.20856474,0.777945,0.013490265
R01547,1,0.07538519,0.85937434,0.06524045
R01548,0,0.70651084,0.28995144,0.0035376532
R01549,2,0.011796881,0.29719773,0.6910054
R01550,0,0.9659058,0.033156544,0.00093759823
R01551,0,0.5534015,0.41610086,0.03049755
R01552,1,0.022961073,0.67102087,0.30601802
R01553,1,0.06984635,0.6033804,0.32677326
R01554,1,0.38501576,0.6057148,0.009269429
R01555,0,0.9236705,0.07334338,0.0029861361
R01556,2,0.006367203,0.18535149,0.80828136
R01557,1,0.10901285,0.8458093,0.045177825
R01558,2,0.0011751434,0.010743284,0.9880816
R01559,1,0.2172679,0.7702816,0.012450443
R01560,0,0.92951417,0.06799456,0.0024912562
R01561,0,0.6026785,0.38911846,0.008203073
R01562,1,0.3108297,0.34862307,0.3405472
R01563,1,0.24785823,0.7200086,0.03213315
R01564,1,0.23525314,0.7418148,0.022932088
R01565,2,0.004955986,0.16157527,0.83346874
R01566,2,0.004688481,0.073483564,0.921828
R01567,0,0.6143202,0.37847173,0.007208089
R01568,1,0.04869034,0.8939384,0.057371236
R01569,2,0.002791563,0.033921134,0.9632873
R01570,0,0.9030519,0.09388852,0.0030595872
R01571,0,0.554862,0.43551615,0.0096218055
R01572,1,0.3645658,0.62501115,0.0104230475
R01573,0,0.9586379,0.039703183,0.001658873
R01574,2,0.008372158,0.42275238,0.5688755
R01575,2,0.0070331683,0.22929566,0.76367116
R01576,1,0.2764883,0.708801,0.014710695
R01577,0,0.76861626,0.22809179,0.0032919063
R01578,2,0.0029088664,0.05414099,0.9429501
R01579,0,0.6850574,0.30877957,0.006163009
R01580,1,0.11339286,0.85857373,0.028033426
R01581,1,0.42460424,0.56692106,0.008474783
R01582,1,0.03288946,0.9171556,0.04995492
R01583,2,0.0015068548,0.011760097,0.98673314
R01584,1,0.024146654,0.6083244,0.36752895
R01585,0,0.96826684,0.03044845,0.0012846775
R01586,1,0.03482041,0.7802222,0.18495741
R01587,1,0.022872418,0.5455567,0.4315709
R01588,1,0.09460202,0.86148983,0.043908183
R01589,1,0.11222005,0.85970944,0.028070508
R01590,1,0.10914983,0.7817004,0.10914983
R01591,0,0.5826658,0.39271435,0.024619807
R01592,1,0.039919503,0.9228715,0.037209067
R01593,1,0.05102154,0.8529101,0.0960684
R01594,2,0.009838332,0.35227466,0.637887
R01595,2,0.018074404,0.13122569,0.85069984
R01596,2,0.037757307,0.31861755,0.64362514
R01597,1,0.047873512,0.76662654,0.18549994
R01598,1,0.069592156,0.89721227,0.033195607
R01599,1,0.42194235,0.47625926,0.101798326
R01600,1,0.1633373,0.7878469,0.048815787
R01601,1,0.32006007,0.6722943,0.0076456256
R01602,1,0.3247188,0.6636821,0.0115991095
R01603,0,0.64450926,0.35041362,0.0050770952
R01604,1,0.43881878,0.53975624,0.02142493
R01605,1,0.15299624,0.82951653,0.017487181
R01606,1,0.1585036,0.7938236,0.047672812
R01607,1,0.13736817,0.84891045,0.01372136
R01608,2,0.012263806,0.19258901,0.7951472
R01609,0,0.51880735,0.44723988,0.033952758
R01610,1,0.3383509,0.54919773,0.11245139
R01611,1,0.14457862,0.8036432,0.051778134
R01612,1,0.039506752,0.8852292,0.075264074
R01613,1,0.061185937,0.92044276,0.01837135
R01614,1,0.03536338,0.6171128,0.34752378
R01615,0,0.71851575,0.2727178,0.008766499
R01616,0,0.8414777,0.15626694,0.0022553033
R01617,2,0.002458267,0.036318522,0.96122324
R01618,1,0.045568515,0.90814537,0.046286114
R01619,0,0.9230748,0.07532792,0.0015973329
R01620,1,0.24843563,0.7301929,0.02137151
R01621,1,0.3486615,0.6387865,0.012552034
R01622,2,0.003940979,0.031733304,0.9643257
R01623,2,0.022671055,0.4772135,0.50011545
R01624,2,0.0140898675,0.48140356,0.5045066
R01625,1,0.019624958,0.675778,0.30459702
R01626,1,0.19108531,0.79512644,0.013788207
R01627,1,0.054058608,0.8555868,0.090354495
R01628,0,0.94784755,0.051025152,0.0011272924
R01629,0,0.75753254,0.22305319,0.019414186
R01630,1,0.07858262,0.90815604,0.013261349
R01631,0,0.74999976,0.24539898,0.004601226
R01632,2,0.0046370304,0.08365091,0.91171205
R01633,1,0.05120976,0.9256179,0.023172392
R01634,1,0.02367183,0.8542494,0.12207878
R01635,1,0.08211268,0.9037293,0.014158
R01636,1,0.3130676,0.60699975,0.079932675
R01637,1,0.1804935,0.7994916,0.020014882
R01638,1,0.4124767,0.5816854,0.0058378773
R01639,1,0.020120729,0.7669148,0.21296453
R01640,2,0.0011216,0.010558632,0.98831975
R01641,1,0.34419385,0.6480822,0.0077239824
R01642,2,0.01626591,0.29747245,0.6862617
R01643,0,0.6465098,0.34068677,0.012803433
R01644,0,0.72092277,0.26212284,0.016954478
R01645,1,0.13099362,0.8103079,0.05869851
R01646,1,0.061985828,0.47999743,0.45801678
R01647,2,0.006426307,0.083500534,0.9100731
R01648,1,0.053605903,0.91736275,0.029031396
R01649,0,0.87902606,0.11942885,0.0015450628
R01650,0,0.5602426,0.43292195,0.0068354337
R01651,0,0.85309154,0.14368406,0.0032243838
R01652,1,0.020487439,0.6999871,0.27952543
R01653,1,0.07278104,0.86273855,0.064480424
R01654,0,0.97040176,0.020377452,0.0092207845
R01655,1,0.09278279,0.8950349,0.012182345
R01656,2,0.03524261,0.36867374,0.5960836
R01657,1,0.020865966,0.7708504,0.20828359
R01658,1,0.1383853,0.82969433,0.03192039
R01659,1,0.16081774,0.780824,0.058358192
R01660,1,0.14170621,0.84464145,0.013652357
R01661,0,0.83934104,0.15526249,0.005396454
R01662,0,0.6171483,0.37431937,0.008532303
R01663,1,0.03803378,0.8390117,0.12295452
R01664,0,0.5716823,0.3975426,0.030775174
R01665,1,0.2283015,0.7191918,0.052506693
R01666,1,0.05195753,0.91737866,0.0306638
R01667,1,0.04485011,0.9008386,0.054311305
R01668,1,0.09993396,0.8616133,0.0384528
R01669,1,0.15655202,0.82590044,0.017547505
R01670,2,0.005814603,0.15777244,0.83641297
R01671,1,0.15171535,0.82659805,0.021686576
R01672,1,0.029813638,0.89194417,0.07824225
R01673,1,0.16661543,0.8185097,0.0148748625
R01674,2,0.22609963,0.2795709,0.49432948
R01675,2,0.010263159,0.3243054,0.66543144
R01676,0,0.6485743,0.34715682,0.004268827
R01677,2,0.020390788,0.30435908,0.6752501
R01678,1,0.053696904,0.911769,0.034534167
R01679,1,0.2497124,0.7339455,0.016342144
R01680,2,0.0045152926,0.14836235,0.84712225
R01681,1,0.41487953,0.5561049,0.029015552
R01682,0,0.87242955,0.1251954,0.0023750816
R01683,1,0.34150317,0.6430159,0.015480898
R01684,1,0.026668876,0.80411893,0.16921216
R01685,0,0.5641775,0.4079523,0.02787016
R01686,1,0.24264888,0.7415948,0.015756303
R01687,1,0.2969497,0.68773705,0.01531326
R01688,1,0.105425425,0.69828606,0.19628857
R01689,0,0.9367379,0.05988365,0.0033784045
R01690,1,0.4470238,0.51452124,0.038454928
R01691,1,0.045635663,0.70279443,0.25156987
R01692,1,0.33674484,0.62912214,0.034132943
R01693,1,0.027791744,0.73951083,0.2326974
R01694,1,0.07387555,0.80990195,0.11622256
R01695,0,0.9471814,0.04994207,0.002876619
R01696,1,0.11147453,0.8725442,0.015981205
R01697,0,0.5793007,0.41400754,0.006691809
R01698,0,0.78214043,0.21216129,0.005698251
R01699,0,0.5422527,0.44604492,0.011702409
R01700,2,0.0035646502,0.12419428,0.87224114
R01701,0,0.5783281,0.38827112,0.033400767
R01702,1,0.03144284,0.8046109,0.16394623
R01703,1,0.047270507,0.90952075,0.04320874
R01704,2,0.006842512,0.28421116,0.70894635
R01705,1,0.10043292,0.88558453,0.013982553
R01706,1,0.22399406,0.74747264,0.028533325
R01707,1,0.1266492,0.8537379,0.019612886
R01708,0,0.9113926,0.08661371,0.0019936634
R01709,1,0.05237448,0.8452813,0.10234418
R01710,2,0.00717262,0.13746865,0.8553587
R01711,1,0.33421236,0.6391979,0.026589772
R01712,1,0.16906044,0.81049013,0.020449363
R01713,0,0.69091785,0.29369804,0.015384085
R01714,2,0.03802968,0.18609504,0.77587533
R01715,0,0.6783104,0.31055313,0.011136522
R01716,1,0.10786997,0.48343965,0.40869033
R01717,1,0.014032962,0.5561825,0.42978454
R01718,0,0.725781,0.26909402,0.0051249634
R01719,2,0.0022054142,0.020620113,0.9771746
R01720,1,0.05645655,0.65117854,0.2923649
R01721,1,0.2962971,0.6703292,0.033373725
R01722,1,0.12045325,0.8459672,0.033579577
R01723,0,0.60888946,0.38402176,0.0070887697
R01724,1,0.17079934,0.7658434,0.0633573
R01725,0,0.9234652,0.073685996,0.002848758
R01726,0,0.9143433,0.084385335,0.0012713523
R01727,0,0.4562045,0.26884434,0.2749512
R01728,1,0.12512419,0.8490361,0.025839753
R01729,1,0.014640379,0.67838895,0.30697063
R01730,1,0.030901803,0.8752981,0.09380011
R01731,1,0.08322388,0.86046404,0.05631209
R01732,1,0.097639576,0.8668593,0.03550112
R01733,0,0.8364119,0.16088401,0.0027040378
R01734,1,0.057243574,0.7840736,0.15868287
R01735,2,0.013577344,0.19112617,0.79529643
R01736,1,0.041988622,0.79226714,0.16574419
R01737,2,0.020669885,0.42501113,0.55431896
R01738,2,0.01222873,0.12374725,0.86402404
R01739,1,0.2708596,0.5530607,0.17607966
R01740,1,0.06393205,0.88947666,0.04659133
R01741,1,0.21161114,0.753163,0.0352259
R01742,0,0.7477426,0.24851327,0.0037441095
R01743,1,0.34707683,0.638372,0.014551167
R01744,1,0.33784714,0.6336519,0.028500946
R01745,0,0.49224627,0.45882398,0.04892974
R01746,0,0.9618993,0.036844365,0.0012564431
R01747,0,0.5193018,0.4654991,0.015199085
R01748,1,0.070983574,0.8887289,0.04028754
R01749,1,0.049263053,0.7950654,0.15567152
R01750,1,0.07010362,0.88114697,0.04874941
R01751,1,0.09314043,0.8531642,0.053695384
R01752,0,0.7904432,0.20063752,0.008919312
R01753,1,0.09029306,0.8969132,0.012793778
R01754,2,0.01515342,0.37001324,0.61483335
R01755,2,0.009900824,0.20357928,0.7865199
R01756,2,0.011637255,0.0639011,0.9244616
R01757,2,0.0049815937,0.089167394,0.905851
R01758,0,0.8793542,0.11716261,0.0034831522
R01759,0,0.96160674,0.03726734,0.0011259257
R01760,0,0.75045276,0.24554719,0.004000029
R01761,1,0.05754292,0.50888324,0.4335739
R01762,2,0.0014317727,0.016006196,0.98256195
R01763,1,0.08108912,0.6353287,0.28358215
R01764,1,0.029278906,0.6929306,0.27779055
R01765,0,0.95040554,0.047381483,0.0022130879
R01766,1,0.18412516,0.7517125,0.064162344
R01767,0,0.59800243,0.39217955,0.009818023
R01768,1,0.4699989,0.50819,0.021811074
R01769,1,0.15545736,0.8120563,0.032486342
R01770,2,0.0013693206,0.013829648,0.98480105
R01771,1,0.38112304,0.60903287,0.009844099
R01772,2,0.0055690105,0.1679166,0.8265144
R01773,1,0.2119161,0.7751569,0.012926966
R01774,0,0.9774909,0.018983738,0.0035253828
R01775,0,0.9495863,0.048303828,0.002109923
R01776,0,0.934632,0.06225062,0.0031174887
R01777,0,0.8423943,0.15461463,0.0029910463
R01778,1,0.43146014,0.5411722,0.027367674
R01779,2,0.010024155,0.47180232,0.5181735
R01780,1,0.17247173,0.5666187,0.2609096
R01781,1,0.025421182,0.86179745,0.11278134
R01782,0,0.87894815,0.118027,0.0030248177
R01783,1,0.3944373,0.5852221,0.020340553
R01784,2,0.0013352737,0.007866189,0.9907986
R01785,1,0.039719515,0.7207412,0.23953931
R01786,2,0.004954958,0.17466828,0.82037675
R01787,1,0.11682262,0.8725317,0.010645624
R01788,1,0.14387755,0.7970175,0.059104923
R01789,0,0.49605548,0.4696559,0.034288596
R01790,0,0.628135,0.36638793,0.0054770554
R01791,1,0.0836883,0.89710194,0.019209778
R01792,0,0.51287407,0.4706397,0.01648631
R01793,1,0.104103655,0.8301106,0.06578571
R01794,0,0.9216215,0.07639369,0.0019847832
R01795,1,0.084115595,0.4802849,0.43559948
R01796,2,0.014410941,0.44482246,0.5407666
R01797,1,0.25878435,0.6336539,0.10756178
R01798,1,0.07840141,0.8920146,0.029583968
R01799,0,0.62450504,0.35031557,0.025179293
R01800,1,0.16951168,0.7622997,0.06818859
R01801,0,0.91823524,0.07807032,0.0036944386
R01802,1,0.1509308,0.8263487,0.022720484
R01803,1,0.09721187,0.85801977,0.044768386
R01804,1,0.48371428,0.5069282,0.009357534
R01805,0,0.8142572,0.18311033,0.0026324138
R01806,0,0.9324541,0.06598203,0.0015639191
R01807,1,0.08099075,0.88790625,0.03110298
R01808,1,0.33475164,0.6402293,0.025019083
R01809,1,0.21470577,0.7370583,0.048235945
R01810,1,0.07526351,0.7721049,0.15263152
R01811,2,0.0097895395,0.16237496,0.8278355
R01812,1,0.13123648,0.85576934,0.012994171
R01813,1,0.27041063,0.7124371,0.017152246
R01814,1,0.105926506,0.88049334,0.013580126
R01815,0,0.93275136,0.06536164,0.0018870479
R01816,1,0.016777715,0.610209,0.37301332
R01817,0,0.8134093,0.16917302,0.017417656
R01818,0,0.94752187,0.05056127,0.0019169301
R01819,1,0.06921022,0.90988696,0.020902796
R01820,0,0.58035535,0.39731696,0.022327702
R01821,2,0.005674315,0.111767255,0.8825584
R01822,1,0.14195809,0.842844,0.015197894
R01823,2,0.014549145,0.38113636,0.6043145
R01824,0,0.9263341,0.072273225,0.0013926869
R01825,1,0.3944704,0.59681463,0.008714986
R01826,0,0.9368779,0.060835775,0.0022862845
R01827,1,0.3597249,0.58617646,0.054098606
R01828,1,0.09021982,0.7350257,0.17475449
R01829,1,0.12287929,0.85901177,0.018108975
R01830,2,0.0019854498,0.016623968,0.9813906
R01831,1,0.16046119,0.8188778,0.02066099
R01832,2,0.008724603,0.21808763,0.77318776
R01833,2,0.0037612373,0.046679385,0.9495593
R01834,2,0.004510578,0.12238924,0.8731001
R01835,0,0.9271286,0.07093612,0.0019352129
R01836,1,0.021358326,0.66964924,0.3089924
R01837,1,0.29607493,0.69379395,0.010131127
R01838,2,0.019913325,0.42910498,0.5509817
R01839,1,0.36427402,0.6294091,0.006316839
R01840,0,0.80795205,0.18966967,0.0023782803
R01841,0,0.6584202,0.33367112,0.007908739
R01842,1,0.38129187,0.58825403,0.030454123
R01843,0,0.6263083,0.36818767,0.00550396
R01844,0,0.8263438,0.16592604,0.0077302083
R01845,1,0.08006203,0.8408087,0.07912928
R01846,1,0.14273977,0.8247766,0.03248367
R01847,1,0.34289414,0.64311785,0.013988044
R01848,1,0.17132933,0.65293545,0.1757352
R01849,2,0.0057189954,0.19693145,0.7973496
R01850,1,0.39465344,0.59709156,0.008255011
R01851,0,0.89966476,0.09417796,0.0061573545
R01852,0,0.7680705,0.22615606,0.0057733734
R01853,1,0.29877675,0.68927073,0.011952573
R01854,1,0.24261892,0.7415032,0.015877921
R01855,0,0.6012524,0.35345802,0.04528959
R01856,2,0.00491138,0.16912152,0.82596713
R01857,1,0.11425093,0.8566638,0.029085305
R01858,1,0.04353256,0.9127645,0.04370294
R01859,0,0.7200157,0.25572863,0.024255611
R01860,2,0.0014641592,0.00932635,0.9892096
R01861,1,0.3409455,0.6444785,0.014576038
R01862,1,0.0627898,0.91193974,0.025270468
R01863,1,0.1293844,0.85697854,0.0136370165
R01864,1,0.044236638,0.7964611,0.15930223
R01865,0,0.88670194,0.11141814,0.0018799758
R01866,1,0.17645639,0.8032763,0.02026735
R01867,0,0.7493548,0.23395999,0.01668525
R01868,1,0.29925746,0.67702657,0.023715952
R01869,0,0.69478816,0.25163558,0.05357631
R01870,2,0.07196086,0.18692587,0.7411133
R01871,0,0.86485755,0.12705193,0.008090493
R01872,1,0.3631524,0.4915467,0.14530092
R01873,0,0.80523443,0.15107761,0.04368789
R01874,1,0.023304168,0.8024702,0.17422561
R01875,1,0.042447757,0.8728044,0.08474784
R01876,2,0.0047499663,0.14490904,0.850341
R01877,2,0.004059389,0.033201493,0.96273905
R01878,0,0.83185375,0.16189338,0.0062528145
R01879,1,0.48758176,0.50305927,0.009358949
R01880,2,0.01337795,0.43956926,0.5470528
R01881,1,0.12692232,0.8543495,0.018728154
R01882,0,0.5901371,0.39619932,0.013663526
R01883,1,0.42792562,0.50619304,0.06588137
R01884,1,0.4056935,0.585687,0.008619572
R01885,2,0.0042451005,0.09328032,0.9024745
R01886,2,0.011496092,0.21947226,0.76903164
R01887,0,0.9544821,0.044014044,0.001503873
R01888,1,0.23247832,0.64491695,0.1226047
R01889,1,0.14976147,0.8235577,0.026680853
R01890,0,0.9428928,0.055856213,0.0012510117
R01891,0,0.9441493,0.054315824,0.0015348142
R01892,0,0.92277074,0.074717104,0.0025121295
R01893,1,0.37294355,0.55333203,0.07372436
R01894,1,0.06056155,0.6068901,0.33254835
R01895,0,0.7605557,0.23286423,0.0065800957
R01896,1,0.22031066,0.75408673,0.025602626
R01897,1,0.28506297,0.63429546,0.08064161
R01898,1,0.052966613,0.8993686,0.04766479
R01899,2,0.0019004086,0.013663461,0.98443604
R01900,1,0.05474723,0.8905055,0.05474723
R01901,1,0.0270099,0.7710599,0.20193022
R01902,1,0.06089162,0.88783246,0.051275887
R01903,1,0.08136662,0.8511781,0.0674553
R01904,1,0.14945242,0.8206552,0.029892365
R01905,1,0.4855219,0.5048629,0.009615241
R01906,0,0.6203825,0.3089164,0.0707011
R01907,1,0.33717474,0.6550187,0.0078066527
R01908,1,0.22402045,0.7548968,0.02108277
R01909,1,0.3463644,0.6420582,0.011577389
R01910,2,0.01487441,0.43131116,0.5538145
R01911,1,0.028371219,0.8826027,0.089026116
R01912,1,0.03828727,0.8782489,0.08346391
R01913,2,0.0034826002,0.030888883,0.9656285
R01914,0,0.8903499,0.10633714,0.0033130348
R01915,1,0.03417875,0.8746218,0.091199495
R01916,2,0.0029458138,0.027089199,0.96996504
R01917,1,0.31225413,0.6740799,0.013666002
R01918,1,0.4862891,0.5017256,0.011985269
R01919,1,0.35642165,0.6353903,0.00818806
R01920,1,0.15202989,0.8331794,0.014790706
R01921,1,0.017350331,0.8899021,0.092747524
R01922,1,0.056301806,0.8876159,0.056082305
R01923,0,0.63155645,0.36267236,0.00577117
R01924,0,0.93484396,0.06399077,0.0011651848
R01925,0,0.86594504,0.13022846,0.0038264845
R01926,1,0.014666008,0.5858316,0.39950243
R01927,1,0.13568518,0.8542134,0.01010147
R01928,1,0.24811603,0.71514857,0.03673538
R01929,1,0.042161245,0.9120732,0.045765605
R01930,1,0.12941268,0.84408283,0.026504463
R01931,2,0.002964426,0.0209421,0.9760935
R01932,0,0.7965205,0.20060678,0.0028727015
R01933,1,0.041145,0.8526528,0.106202185
R01934,1,0.04781658,0.8150993,0.13708416
R01935,0,0.90059584,0.09679427,0.0026098862
R01936,1,0.14131008,0.8191611,0.03952885
R01937,1,0.25692606,0.70250165,0.040572286
R01938,1,0.1030771,0.86136997,0.035552986
R01939,1,0.15390432,0.8279463,0.01814937
R01940,1,0.039530817,0.7061961,0.25427306
R01941,1,0.1779487,0.805337,0.016714236
R01942,2,0.005134877,0.1578803,0.83698475
R01943,1,0.051307175,0.8953418,0.05335102
R01944,1,0.21523455,0.7527111,0.03205431
R01945,1,0.12536551,0.86175233,0.0128821535
R01946,2,0.00381792,0.090710625,0.90547144
R01947,0,0.9560792,0.04246087,0.0014600428
R01948,1,0.3249184,0.6666892,0.008392379
R01949,1,0.12515792,0.8330421,0.041800015
R01950,1,0.088412724,0.7849419,0.12664539
R01951,1,0.08529401,0.8940069,0.020699065
R01952,1,0.21805888,0.66579115,0.11614998
R01953,1,0.35470504,0.59634405,0.0489509
R01954,1,0.104679376,0.44940898,0.44591165
R01955,0,0.6661679,0.329777,0.004055116
R01956,1,0.0150466915,0.49440038,0.4905529
R01957,1,0.45386004,0.5347778,0.011362163
R01958,1,0.030485079,0.8909046,0.078610316
R01959,0,0.9232291,0.073739134,0.0030317116
R01960,1,0.070451304,0.88206476,0.04748389
R01961,0,0.98934245,0.009586173,0.0010713458
R01962,1,0.35086632,0.6303926,0.018741079
R01963,1,0.15469052,0.8281224,0.017187132
R01964,0,0.88034976,0.11775434,0.0018959012
R01965,0,0.7002822,0.2930636,0.0066541014
R01966,1,0.016592145,0.7748577,0.20855013
R01967,0,0.8228136,0.17382379,0.003362651
R01968,1,0.1711085,0.7037058,0.12518565
R01969,2,0.0032668787,0.04744714,0.9492859
R01970,1,0.02891911,0.85844934,0.112631544
R01971,1,0.035270594,0.895538,0.06919148
R01972,0,0.742083,0.2514967,0.006420276
R01973,1,0.048528973,0.89796376,0.053507254
R01974,1,0.28576374,0.69903207,0.015204199
R01975,1,0.030534394,0.92789274,0.041572858
R01976,1,0.3538642,0.6357788,0.0103570055
R01977,0,0.7293681,0.2600642,0.0105677135
R01978,1,0.32356387,0.6224687,0.05396744
R01979,0,0.98801917,0.010805735,0.0011750693
R01980,1,0.013665992,0.493167,0.493167
R01981,1,0.08915797,0.87446547,0.036376588
R01982,0,0.8427792,0.1522871,0.0049336543
R01983,0,0.541907,0.45278028,0.00531267
R01984,1,0.07521968,0.8864368,0.038343497
R01985,2,0.0030174023,0.03401357,0.962969
R01986,0,0.7605259,0.22393456,0.015539499
R01987,1,0.022532178,0.7175782,0.2598896
R01988,1,0.023865,0.8612203,0.11491471
R01989,1,0.18395226,0.8037478,0.012299985
R01990,1,0.07482809,0.8766702,0.048501734
R01991,1,0.35352737,0.6204599,0.02601273
R01992,2,0.012456013,0.39668438,0.5908596
R01993,2,0.014267264,0.016293727,0.9694391
R01994,1,0.23783308,0.74995005,0.012216886
R01995,2,0.024945343,0.34168,0.6333747
R01996,1,0.08130664,0.8861618,0.032531604
R01997,0,0.9130386,0.084100515,0.0028609484
R01998,0,0.76642334,0.2283312,0.0052454434
R01999,0,0.49677405,0.49677405,0.0064519686
R02000,1,0.25029817,0.7102533,0.039448526
R02001,1,0.05511805,0.86895365,0.075928316
R02002,1,0.48039064,0.50739366,0.012215731
R02003,1,0.15564026,0.60721046,0.23714928
R02004,2,0.0014704998,0.020438867,0.97809064
R02005,1,0.16865538,0.69701207,0.13433254
R02006,0,0.5795392,0.40775678,0.01270405
R02007,0,0.558962,0.43193236,0.0091056395
R02008,1,0.28807473,0.7046852,0.0072400365
R02009,1,0.027194347,0.87284595,0.09995967
R02010,1,0.10872623,0.87911963,0.0121541545
R02011,0,0.6799921,0.30174467,0.018263303
R02012,1,0.08829144,0.8727584,0.038950194
R02013,0,0.9323006,0.06584245,0.0018568943
R02014,0,0.4967778,0.49291185,0.010310294
R02015,1,0.028228786,0.9275343,0.044236977
R02016,1,0.4166463,0.54981476,0.033538915
R02017,1,0.08429928,0.47572607,0.43997467
R02018,1,0.19279759,0.792905,0.01429741
R02019,1,0.14313518,0.8374746,0.019390164
R02020,1,0.27120516,0.6305709,0.098224
R02021,1,0.11138303,0.7611649,0.1274521
R02022,1,0.03481757,0.9337274,0.031455047
R02023,1,0.07262184,0.73632514,0.19105296
R02024,0,0.65488553,0.33975014,0.005364338
R02025,2,0.042850263,0.4227472,0.5344025
R02026,1,0.013681564,0.52969384,0.4566246
R02027,0,0.77880424,0.21626613,0.004929609
R02028,1,0.045637347,0.90597135,0.048391305
R02029,0,0.9709089,0.028072082,0.0010190365
R02030,1,0.1573035,0.8258228,0.016873682
R02031,2,0.013983857,0.48530546,0.5007107
R02032,2,0.004552176,0.100419395,0.8950284
R02033,1,0.041835647,0.86696523,0.09119916
R02034,1,0.032626502,0.92415047,0.043223094
R02035,2,0.0011678356,0.016895158,0.981937
R02036,1,0.14766811,0.8357802,0.01655173
R02037,0,0.8291292,0.16358441,0.007286337
R02038,1,0.4534613,0.53014994,0.016388787
R02039,1,0.18410784,0.52039295,0.2954992
R02040,2,0.01085321,0.21629612,0.7728507
R02041,1,0.19813369,0.7897801,0.012086233
R02042,0,0.5876559,0.40705734,0.005286752
R02043,1,0.16661857,0.82012534,0.013256092
R02044,1,0.034701396,0.8742291,0.091069564
R02045,2,0.010821762,0.15594879,0.8332294
R02046,1,0.02623939,0.87574434,0.0980162
R02047,1,0.30992672,0.6795917,0.010481557
R02048,2,0.052741747,0.1318503,0.81540793
R02049,0,0.95777094,0.040647633,0.0015814762
R02050,0,0.94690055,0.051675875,0.0014236073
R02051,1,0.0555307,0.92466915,0.01980008
R02052,0,0.6365534,0.35429534,0.009151162
R02053,1,0.11841261,0.8689966,0.012590773
R02054,0,0.9650679,0.033363167,0.0015688196
R02055,2,0.0021474767,0.031364914,0.9664876
R02056,1,0.020803472,0.7867671,0.19242938
R02057,1,0.017142659,0.7462103,0.23664708
R02058,0,0.55693513,0.427017,0.016047833
R02059,1,0.024748547,0.7520699,0.22318155
R02060,2,0.0010217442,0.010159267,0.98881894
R02061,0,0.70249367,0.27510047,0.02240589
R02062,1,0.46901512,0.5232242,0.0077607
R02063,2,0.0019825622,0.01805413,0.97996324
R02064,0,0.617307,0.3773522,0.0053407517
R02065,2,0.0016590367,0.024510661,0.9738303
R02066,1,0.072922185,0.8970921,0.029985711
R02067,2,0.007235974,0.10245826,0.8903057
R02068,1,0.18214357,0.79351693,0.024339484
R02069,0,0.94674027,0.051768135,0.0014916752
R02070,1,0.034595698,0.838177,0.12722732
R02071,1,0.028470742,0.74583316,0.22569612
R02072,1,0.06966471,0.89290047,0.03743478
R02073,1,0.04795672,0.91197395,0.040069338
R02074,1,0.23827355,0.7513389,0.010387538
R02075,1,0.05356045,0.87120163,0.07523788
R02076,2,0.11600367,0.27855024,0.6054461
R02077,2,0.004633707,0.17869867,0.8166676
R02078,1,0.080231346,0.81347936,0.10628927
R02079,1,0.1416166,0.8383567,0.020026745
R02080,1,0.03134958,0.88107115,0.0875793
R02081,1,0.038579635,0.9059413,0.055479065
R02082,1,0.0365255,0.8988675,0.064607024
R02083,1,0.13416012,0.85540324,0.010436643
R02084,1,0.048624188,0.8927238,0.058651958
R02085,1,0.043638404,0.6773073,0.27905428
R02086,1,0.035037175,0.93230456,0.032658234
R02087,0,0.5568407,0.43706924,0.006090037
R02088,1,0.027796755,0.72251034,0.2496929
R02089,1,0.031774186,0.5856467,0.38257912
R02090,2,0.0016578536,0.009881655,0.98846054
R02091,0,0.96282333,0.035858717,0.001318006
R02092,1,0.09594073,0.8618171,0.04224213
R02093,1,0.3603589,0.5918151,0.047825996
R02094,1,0.27328032,0.7088352,0.01788452
R02095,0,0.8931063,0.10158313,0.005310604
R02096,2,0.05255769,0.42485806,0.5225843
R02097,1,0.043593634,0.8859228,0.07048359
R02098,1,0.2474583,0.70494306,0.04759866
R02099,0,0.8821425,0.1152608,0.0025966668
R02100,2,0.0030162826,0.019213008,0.9777706
R02101,0,0.5534276,0.44123092,0.005341497
R02102,1,0.28080916,0.7059542,0.013236629
R02103,1,0.027050588,0.80298316,0.16996616
R02104,1,0.2580687,0.7070055,0.034925807
R02105,1,0.25963596,0.73101693,0.009347058
R02106,2,0.0032200064,0.061114106,0.9356658
R02107,1,0.16068637,0.82565176,0.013661895
R02108,1,0.025375474,0.8337809,0.14084364
R02109,2,0.0018732841,0.057597216,0.9405295
R02110,1,0.46173638,0.52731943,0.010944166
R02111,2,0.0022061632,0.020287497,0.9775064
R02112,1,0.034094688,0.89316076,0.072744556
R02113,1,0.2365739,0.75183034,0.011595716
R02114,1,0.15942447,0.81517786,0.025397643
R02115,1,0.2183094,0.7679509,0.013739685
R02116,1,0.13731904,0.8510967,0.011584301
R02117,0,0.7381541,0.2571,0.0047458834
R02118,2,0.0043381364,0.15594074,0.8397211
R02119,1,0.45798147,0.53543454,0.0065839915
R02120,0,0.96277684,0.03568233,0.0015408307
R02121,2,0.0057263942,0.20827018,0.7860034
R02122,1,0.15303688,0.8337982,0.0131648965
R02123,0,0.66583216,0.32961082,0.0045569916
R02124,1,0.43325663,0.5563125,0.01043085
R02125,0,0.9908139,0.007332208,0.0018538726
R02126,1,0.026553333,0.80063504,0.17281161
R02127,1,0.11488364,0.86752844,0.017587895
R02128,2,0.004676048,0.046756048,0.94856787
R02129,1,0.18568988,0.800323,0.01398717
R02130,1,0.4825374,0.49785477,0.019607916
R02131,1,0.21046369,0.77285725,0.016679108
R02132,2,0.008403912,0.35456255,0.6370335
R02133,1,0.10796188,0.77017826,0.1218599
R02134,0,0.93164915,0.06722533,0.0011254763
R02135,1,0.061369926,0.8774994,0.061130673
R02136,1,0.11185134,0.8510472,0.037101414
R02137,1,0.0955347,0.83829033,0.06617495
R02138,2,0.007977041,0.21560381,0.77641916
R02139,1,0.2297809,0.71262985,0.057589322
R02140,1,0.036979854,0.9100489,0.052971195
R02141,2,0.0012319025,0.0103954915,0.9883725
R02142,1,0.042976413,0.8498216,0.107201904
R02143,1,0.041198894,0.9159611,0.04284007
R02144,2,0.0039031347,0.08476689,0.9113299
R02145,2,0.0035058302,0.03949525,0.95699894
R02146,0,0.9777606,0.018767748,0.0034716844
R02147,0,0.9696219,0.029344453,0.0010337121
R02148,0,0.9561185,0.04191671,0.001964783
R02149,1,0.36253268,0.6024032,0.03506407
R02150,1,0.028272191,0.5904832,0.3812446
R02151,2,0.023103045,0.13663432,0.8402626
R02152,1,0.09440636,0.83488655,0.07070709
R02153,0,0.5121899,0.4811579,0.0066521857
R02154,1,0.07704353,0.8612916,0.06166487
R02155,0,0.50593644,0.416172,0.077891536
R02156,1,0.052733276,0.8884385,0.058828223
R02157,1,0.46478385,0.5307998,0.0044163894
R02158,0,0.9678554,0.030734187,0.0014103426
R02159,0,0.8599116,0.13447265,0.005615775
R02160,0,0.95041794,0.048630238,0.0009518497
R02161,0,0.9011464,0.09647585,0.002377781
R02162,1,0.32359898,0.6360558,0.040345255
R02163,1,0.018090859,0.68417877,0.2977303
R02164,1,0.02571671,0.48904452,0.48523873
R02165,1,0.040763505,0.85804987,0.10118667
R02166,1,0.035506308,0.880639,0.08385468
R02167,2,0.021499572,0.41528732,0.5632131
R02168,0,0.97418785,0.02500327,0.00080884673
R02169,0,0.8677533,0.12948483,0.0027618688
R02170,1,0.02843288,0.8309306,0.14063656
R02171,1,0.061324026,0.90467703,0.0339989
R02172,2,0.005777163,0.052545346,0.94167745
R02173,0,0.9551818,0.0437676,0.0010506422
R02174,0,0.91295487,0.085584044,0.0014610954
R02175,0,0.5799487,0.4112452,0.008806056
R02176,1,0.019673087,0.61201173,0.36831516
R02177,1,0.15926392,0.81754416,0.023191944
R02178,1,0.48049393,0.4880606,0.03144538
R02179,1,0.29038167,0.66729176,0.042326562
R02180,1,0.09316793,0.87194973,0.03488238
R02181,1,0.32405016,0.65716136,0.018788448
R02182,1,0.04925208,0.7764748,0.17427309
R02183,1,0.3678334,0.61600506,0.016161472
R02184,1,0.1418925,0.7768638,0.08124364
R02185,1,0.07450758,0.88320476,0.042287625
R02186,1,0.2888917,0.7011843,0.009924022
R02187,0,0.78430295,0.20620234,0.009494692
R02188,1,0.33817506,0.6518495,0.009975442
R02189,1,0.2757854,0.6987622,0.02545241
R02190,0,0.72374535,0.26833928,0.007915434
R02191,0,0.9291485,0.069579616,0.0012719086
R02192,1,0.30259264,0.5522219,0.14518553
R02193,0,0.74637383,0.2500039,0.0036222728
R02194,2,0.0024739464,0.030171968,0.9673542
R02195,1,0.13591695,0.842818,0.021265022
R02196,2,0.0064252005,0.2392276,0.75434726
R02197,1,0.063775934,0.9012777,0.03494633
R02198,1,0.29837766,0.67503613,0.026586171
R02199,0,0.86839265,0.12857184,0.0030355542
R02200,0,0.89982414,0.0986188,0.0015570989
R02201,1,0.12413269,0.8462245,0.029642884
R02202,0,0.5922559,0.4007404,0.007003701
R02203,1,0.027304027,0.8763663,0.09632967
R02204,1,0.073467374,0.905566,0.020966694
R02205,1,0.080864094,0.74944454,0.1696913
R02206,0,0.9350908,0.062402938,0.0025062026
R02207,1,0.026936661,0.81219316,0.16087016
R02208,1,0.24573709,0.7393895,0.014873406
R02209,1,0.012650445,0.5013878,0.4859617
R02210,1,0.13105229,0.8027926,0.06615515
R02211,0,0.76062244,0.2347112,0.004666396
R02212,1,0.21647267,0.77348155,0.010045772
R02213,1,0.21160156,0.76648444,0.021914028
R02214,0,0.6719757,0.31866118,0.009363177
R02215,1,0.35227466,0.637887,0.009838332
R02216,1,0.11314522,0.86753803,0.019316737
R02217,1,0.08376187,0.8935171,0.02272102
R02218,2,0.003763538,0.046096202,0.9501402
R02219,1,0.21549916,0.75363654,0.030864226
R02220,1,0.03420991,0.86184704,0.10394307
R02221,1,0.1103117,0.867457,0.022231348
R02222,1,0.3530067,0.5934887,0.05350463
R02223,0,0.95552635,0.0426857,0.0017878475
R02224,1,0.07291874,0.8745598,0.052521396
R02225,2,0.04369421,0.14463843,0.8116673
R02226,1,0.34418437,0.6183873,0.037428316
R02227,1,0.1797159,0.8038592,0.01642491
R02228,0,0.6506185,0.34285185,0.006529699
R02229,0,0.5067099,0.4872981,0.0059920796
R02230,1,0.1420327,0.84493554,0.013031707
R02231,0,0.75057405,0.23710297,0.012322949
R02232,0,0.4968968,0.4968968,0.0062063313
R02233,1,0.023317903,0.7484253,0.2282568
R02234,2,0.009630496,0.21327679,0.77709264
R02235,1,0.44944015,0.5379094,0.012650417
R02236,1,0.31045914,0.672828,0.01671284
R02237,0,0.561441,0.31279427,0.12576473
R02238,2,0.004917886,0.05789894,0.9371832
R02239,1,0.29877147,0.6919563,0.00927222
R02240,1,0.09190824,0.8771255,0.030966317
R02241,1,0.39968354,0.59069395,0.009622561
R02242,1,0.06358439,0.7929859,0.14342964
R02243,1,0.0154980635,0.54207397,0.4424279
R02244,0,0.67460847,0.31128067,0.014110863
R02245,1,0.197433,0.73426926,0.06829768
R02246,0,0.8469179,0.14890711,0.004174956
R02247,0,0.8032977,0.18857704,0.008125241
R02248,1,0.072347544,0.8745147,0.05313776
R02249,1,0.02985607,0.86573225,0.104411654
R02250,0,0.8800206,0.118171014,0.001808405
R02251,1,0.061178528,0.8990119,0.039809626
R02252,2,0.0039023282,0.09908205,0.8970157
R02253,0,0.803606,0.19237018,0.0040238295
R02254,1,0.102746,0.87212414,0.02512986
R02255,2,0.0034177464,0.078092,0.91849035
R02256,1,0.16241662,0.8160067,0.021576617
R02257,2,0.013123139,0.10211859,0.88475823
R02258,1,0.1694246,0.8130294,0.017546067
R02259,0,0.70685256,0.2878342,0.005313215
R02260,1,0.031058762,0.85936475,0.109576516
R02261,0,0.6199347,0.36729914,0.012766208
R02262,1,0.043947414,0.91787046,0.038182177
R02263,1,0.10448294,0.8752522,0.020264834
R02264,1,0.29119158,0.6823508,0.026457611
R02265,2,0.004166016,0.08205821,0.9137757
R02266,1,0.1843215,0.79909384,0.016584663
R02267,0,0.53379536,0.4565794,0.009625228
R02268,0,0.9899048,0.009260275,0.0008348392
R02269,0,0.86703706,0.12988433,0.003078544
R02270,2,0.003381416,0.08789184,0.9087268
R02271,0,0.54577243,0.44198,0.012247565
R02272,1,0.19183616,0.45394218,0.35422167
R02273,1,0.016714064,0.56221,0.42107588
R02274,2,0.0036437216,0.090726495,0.9056298
R02275,1,0.08535754,0.8990521,0.015590371
R02276,0,0.9393926,0.059006963,0.0016003681
R02277,1,0.30200073,0.533403,0.16459632
R02278,2,0.061258476,0.38415256,0.554589
R02279,2,0.0022876295,0.030526057,0.96718633
R02280,1,0.031310383,0.8528958,0.11579383
R02281,2,0.017317943,0.4397112,0.54297084
R02282,2,0.0087975515,0.24725272,0.7439498
R02283,1,0.107062936,0.8242159,0.06872118
R02284,2,0.005954357,0.17675212,0.81729347
R02285,0,0.5520522,0.4401344,0.007813321
R02286,1,0.041320045,0.89737386,0.06130607
R02287,1,0.059626732,0.9004978,0.039875425
R02288,2,0.013409643,0.34047756,0.6461128
R02289,0,0.9781878,0.020702055,0.0011101017
R02290,1,0.016692877,0.5527922,0.430515
R02291,1,0.04232188,0.92272884,0.034949284
R02292,2,0.0027493206,0.033600055,0.96365064
R02293,2,0.009819351,0.17269768,0.81748295
R02294,2,0.04202493,0.30571032,0.6522647
R02295,0,0.62786883,0.3633826,0.008748601
R02296,1,0.33534065,0.65400547,0.010653922
R02297,1,0.11536823,0.8616691,0.022962702
R02298,0,0.6664667,0.32992494,0.0036083125
R02299,1,0.049625315,0.8459317,0.10444303
R02300,2,0.03144991,0.1824012,0.7861488
R02301,0,0.60694724,0.35960436,0.033448413
R02302,1,0.16664466,0.82346416,0.009891195
R02303,1,0.013559452,0.50092626,0.48551434
R02304,2,0.06556469,0.34086105,0.5935743
R02305,0,0.69463605,0.30110243,0.0042615714
R02306,1,0.043840658,0.7955226,0.16063675
R02307,1,0.0418552,0.9161258,0.04201902
R02308,0,0.8445837,0.15201817,0.003398108
R02309,1,0.1263432,0.7313276,0.14232922
R02310,2,0.0054114955,0.2161614,0.7784271
R02311,1,0.43936124,0.55108243,0.009556265
R02312,1,0.1848815,0.8062318,0.008886727
R02313,1,0.1953925,0.79266524,0.011942321
R02314,1,0.08351189,0.5196284,0.39685968
R02315,0,0.86972433,0.12263249,0.007643085
R02316,0,0.49690464,0.45777002,0.04532537
R02317,1,0.17688474,0.7846553,0.038460027
R02318,2,0.0028129139,0.026532264,0.9706547
R02319,0,0.5022909,0.49065536,0.0070537156
R02320,2,0.0068810955,0.07768063,0.91543823
R02321,1,0.3645287,0.6298491,0.00562224
R02322,2,0.040528532,0.3053741,0.6540974
R02323,2,0.00930849,0.28508914,0.70560235
R02324,0,0.7057875,0.28740048,0.0068120235
R02325,1,0.06701744,0.90019304,0.03278953
R02326,0,0.8831284,0.11493976,0.0019318355
R02327,1,0.28041923,0.6859584,0.03362238
R02328,0,0.608238,0.364617,0.027144955
R02329,2,0.0052871737,0.15941867,0.83529407
R02330,0,0.82683736,0.14838861,0.024774019
R02331,2,0.0018941433,0.016915321,0.98119056
R02332,0,0.7288216,0.26603195,0.0051464336
R02333,1,0.14884724,0.82939285,0.021759901
R02334,1,0.039941262,0.8810901,0.07896862
R02335,2,0.004178586,0.064855404,0.930966
R02336,1,0.08546043,0.62655777,0.28798178
R02337,1,0.070045196,0.8533252,0.07662968
R02338,1,0.35873544,0.6345383,0.006726283
R02339,1,0.029797336,0.8440139,0.1261887
R02340,1,0.018063948,0.57080245,0.4111336
R02341,2,0.004722163,0.18862614,0.8066517
R02342,2,0.0016766135,0.014175874,0.98414755
R02343,2,0.024769051,0.19255394,0.78267694
R02344,1,0.037960693,0.8244167,0.13762257
R02345,1,0.0906102,0.87493086,0.034458987
R02346,1,0.022785302,0.8095092,0.16770549
R02347,2,0.0024159807,0.007558934,0.99002504
R02348,0,0.9849672,0.013406416,0.0016263827
R02349,1,0.028979374,0.808119,0.16290167
R02350,0,0.84671646,0.13515267,0.018130867
R02351,1,0.04817711,0.9054914,0.046331473
R02352,1,0.48196277,0.5050926,0.012944608
R02353,1,0.47238594,0.49312618,0.034487907
R02354,2,0.1264576,0.38497886,0.48856357
R02355,1,0.16041422,0.8226451,0.01694059
R02356,1,0.2657593,0.70843595,0.025804779
R02357,1,0.122952566,0.85054785,0.026499629
R02358,0,0.6895353,0.30359828,0.00686642
R02359,1,0.018323975,0.635928,0.34574804
R02360,0,0.935606,0.06255938,0.0018345873
R02361,1,0.24802323,0.7346983,0.017278448
R02362,0,0.9011445,0.09685324,0.0020022881
R02363,2,0.008717162,0.21875447,0.77252835
R02364,1,0.43300352,0.5473677,0.01962876
R02365,0,0.47682485,0.47311416,0.050061036
R02366,2,0.0038899994,0.08784698,0.90826297
R02367,2,0.31282824,0.26291376,0.424258
R02368,2,0.0094342865,0.42040795,0.5701577
R02369,1,0.1921407,0.7703922,0.037467066
R02370,0,0.932694,0.0657417,0.0015643216
R02371,0,0.97664195,0.022348883,0.0010091618
R02372,1,0.024587885,0.60983676,0.36557537
R02373,1,0.19670193,0.79022247,0.013075653
R02374,1,0.19864853,0.78567016,0.015681388
R02375,2,0.12215884,0.2950539,0.5827872
R02376,1,0.07398437,0.8804352,0.04558045
R02377,1,0.08951377,0.8796717,0.030814525
R02378,1,0.23402709,0.73650885,0.029464062
R02379,2,0.033394307,0.25260398,0.7140017
R02380,1,0.12675107,0.8510935,0.022155471
R02381,1,0.08385638,0.88583213,0.030311508
R02382,1,0.21581343,0.76811975,0.01606685
R02383,2,0.018429924,0.37600434,0.6055657
R02384,2,0.0013645681,0.017252333,0.98138314
R02385,1,0.44424725,0.5485721,0.0071805874
R02386,2,0.007600833,0.019947456,0.9724516
R02387,1,0.2291842,0.75440717,0.016408626
R02388,1,0.068734534,0.8809782,0.050287258
R02389,1,0.029189102,0.8664639,0.10434694
R02390,2,0.0032705711,0.07561008,0.92111933
R02391,0,0.7418467,0.2543802,0.0037730834
R02392,1,0.06145696,0.8787438,0.05979927
R02393,0,0.8115633,0.18321882,0.00521786
R02394,1,0.019018406,0.6704219,0.31055966
R02395,0,0.9345693,0.060449276,0.004981399
R02396,1,0.10883605,0.863619,0.027544953
R02397,0,0.8270179,0.16999944,0.0029826923
R02398,2,0.0027816936,0.081292994,0.9159254
R02399,1,0.31559345,0.6733514,0.011055105
R02400,1,0.04307444,0.8996378,0.057287704
R02401,1,0.1370056,0.82826924,0.03472512
R02402,0,0.9090931,0.08879013,0.0021168888
R02403,1,0.16900875,0.7574447,0.0735466
R02404,1,0.4224632,0.5640624,0.013474377
R02405,1,0.08512408,0.85637105,0.05850487
R02406,0,0.9674261,0.031649336,0.00092451513
R02407,0,0.62434053,0.36990952,0.005749977
R02408,0,0.7931545,0.17680396,0.030041523
R02409,1,0.03526148,0.85430735,0.11043119
R02410,1,0.30343682,0.64741397,0.04914922
R02411,1,0.068996035,0.8740273,0.05697673
R02412,0,0.8182988,0.1790556,0.00264548
R02413,1,0.27355865,0.7123343,0.014107016
R02414,2,0.008421581,0.4057745,0.58580387
R02415,1,0.23849604,0.7491086,0.012395351
R02416,0,0.98327774,0.0142465765,0.002475684
R02417,1,0.36099797,0.62374854,0.015253512
R02418,0,0.58597285,0.40907496,0.0049522202
R02419,1,0.34554267,0.6430419,0.011415361
R02420,1,0.448506,0.54524463,0.0062493947
R02421,2,0.007819734,0.30992737,0.68225294
R02422,0,0.5795795,0.38307863,0.03734187
R02423,1,0.19033054,0.6975612,0.11210829
R02424,2,0.020943752,0.41739282,0.56166345
R02425,1,0.018636813,0.7680761,0.21328704
R02426,1,0.24895315,0.72036976,0.030677047
R02427,0,0.8994176,0.09723572,0.003346776
R02428,1,0.2581324,0.72678363,0.015083913
R02429,0,0.9445868,0.05310811,0.0023050965
R02430,0,0.6699241,0.32395414,0.006121774
R02431,2,0.0049465606,0.081408024,0.91364545
R02432,1,0.04044954,0.89930105,0.06024941
R02433,0,0.88043475,0.11684925,0.0027160153
R02434,1,0.13906753,0.8502296,0.010702812
R02435,2,0.010709681,0.28946173,0.6998286
R02436,0,0.97391754,0.024959741,0.0011226609
R02437,1,0.08003745,0.8604837,0.059478786
R02438,0,0.85925454,0.13809477,0.0026506772
R02439,0,0.9550187,0.04365342,0.0013279095
R02440,0,0.98159605,0.017357482,0.0010464777
R02441,1,0.014866335,0.68885905,0.2962746
R02442,1,0.40599135,0.5815558,0.012452941
R02443,0,0.83361685,0.16414888,0.002234235
R02444,1,0.061082568,0.9206842,0.018233163
R02445,0,0.52670324,0.4611968,0.012099933
R02446,1,0.019712733,0.7691817,0.21110559
R02447,1,0.07048913,0.89294153,0.036569282
R02448,0,0.9783624,0.020544617,0.0010930862
R02449,1,0.029261678,0.8618586,0.10887971
R02450,1,0.029539756,0.5933219,0.37713832
R02451,0,0.91890967,0.0790486,0.0020417613
R02452,0,0.6869334,0.3072156,0.0058509987
R02453,1,0.122491725,0.8567206,0.020787708
R02454,0,0.6244822,0.36425728,0.011260465
R02455,0,0.87849873,0.11796665,0.0035345622
R02456,0,0.85584855,0.13010013,0.014051349
R02457,1,0.47246426,0.5108557,0.016680028
R02458,1,0.08107438,0.82524437,0.09368127
R02459,1,0.20817222,0.7795199,0.012307893
R02460,1,0.108099036,0.872769,0.019131927
R02461,1,0.4268367,0.56546676,0.0076965834
R02462,2,0.0096624885,0.1859137,0.8044238
R02463,1,0.073290825,0.8859167,0.04079249
R02464,0,0.9583529,0.040395252,0.0012518108
R02465,1,0.45808652,0.5150405,0.02687296
R02466,1,0.10195243,0.84865016,0.049397357
R02467,1,0.19527201,0.76930493,0.035423044
R02468,1,0.1074188,0.8449144,0.04766681
R02469,0,0.5928099,0.39335695,0.01383306
R02470,1,0.12973201,0.85928094,0.010987089
R02471,1,0.0562749,0.9117856,0.03193946
R02472,0,0.9519857,0.046118136,0.0018961019
R02473,2,0.0020157914,0.017043648,0.98094064
R02474,1,0.14176734,0.8308903,0.02734231
R02475,1,0.3794536,0.6111209,0.00942551
R02476,1,0.15742119,0.8232186,0.019360246
R02477,0,0.8535621,0.14376332,0.0026745826
R02478,1,0.0344675,0.6922983,0.27323425
R02479,2,0.0026673002,0.017563669,0.97976905
R02480,1,0.053466916,0.7795763,0.16695678
R02481,2,0.0033151822,0.09172776,0.9049572
R02482,1,0.3170363,0.6737927,0.009171011
R02483,1,0.35442555,0.6318319,0.01374257
R02484,1,0.048568584,0.8813144,0.070116945
R02485,1,0.45103502,0.48768514,0.061279867
R02486,2,0.018678952,0.22934096,0.7519801
R02487,1,0.06670735,0.6529922,0.28030047
R02488,1,0.29872787,0.69185525,0.009416861
R02489,2,0.0017057706,0.012554895,0.9857393
R02490,1,0.014289897,0.6367822,0.3489279
R02491,2,0.016232762,0.15766446,0.82610273
R02492,1,0.09076609,0.888501,0.020732932
R02493,2,0.00266111,0.04991811,0.9474207
R02494,1,0.10921909,0.8798766,0.010904294
R02495,1,0.10583525,0.60194427,0.29222047
R02496,0,0.93920153,0.059341643,0.0014568551
R02497,2,0.0022695237,0.038199108,0.95953137
R02498,1,0.16975802,0.6101293,0.22011271
R02499,1,0.46929315,0.50151515,0.02919168
R02500,2,0.008913854,0.15017863,0.8409075
R02501,1,0.19924594,0.7660287,0.03472534
R02502,1,0.12281266,0.8086981,0.06848917
R02503,0,0.53871614,0.44313583,0.01814806
R02504,0,0.6901724,0.30626214,0.003565543
R02505,0,0.9446788,0.053660706,0.0016604605
R02506,1,0.49406955,0.49794462,0.007985892
R02507,0,0.91385096,0.08319466,0.0029543906
R02508,1,0.34025857,0.6456973,0.014044148
R02509,1,0.11467917,0.86302954,0.022291355
R02510,0,0.83453107,0.16178122,0.0036876707
R02511,1,0.13864298,0.78700167,0.07435533
R02512,0,0.64111596,0.35130256,0.0075814943
R02513,1,0.44321862,0.46813217,0.088649295
R02514,2,0.0027043454,0.049409036,0.94788665
R02515,0,0.5462267,0.44234785,0.011425487
R02516,2,0.0017576534,0.013771116,0.9844712
R02517,1,0.03518105,0.50500584,0.4598131
R02518,2,0.019097343,0.18767384,0.7932288
R02519,1,0.12130786,0.8626434,0.016048677
R02520,0,0.52487725,0.4668355,0.008287322
R02521,0,0.8118135,0.18399261,0.0041939607
R02522,0,0.96113783,0.036887173,0.0019750975
R02523,1,0.03010704,0.7825607,0.18733229
R02524,1,0.056800876,0.88505125,0.05814787
R02525,1,0.040458992,0.9065661,0.052975003
R02526,0,0.9042395,0.09419579,0.0015647394
R02527,1,0.43706924,0.5568407,0.006090037
R02528,0,0.5418581,0.34848598,0.10965597
R02529,1,0.13858852,0.8398867,0.021524774
R02530,1,0.107763,0.87367445,0.018562537
R02531,1,0.09607833,0.8843831,0.019538566
R02532,1,0.013985818,0.554314,0.4317002
R02533,1,0.04489035,0.912275,0.04283467
R02534,1,0.021099517,0.5484316,0.4304689
R02535,0,0.97196317,0.02693376,0.0011030377
R02536,0,0.89066744,0.10679139,0.0025410976
R02537,0,0.9916113,0.007395663,0.0009931051
R02538,1,0.07893361,0.878981,0.042085394
R02539,1,0.14888635,0.82295376,0.02815993
R02540,1,0.31765813,0.64925104,0.033090856
R02541,1,0.15913737,0.8305694,0.010293231
R02542,1,0.109163456,0.87258464,0.018251954
R02543,0,0.77148765,0.22627659,0.0022357365
R02544,1,0.26659837,0.71905,0.0143516995
R02545,1,0.0626803,0.88926107,0.04805865
R02546,2,0.0030934382,0.040045377,0.9568611
R02547,1,0.015739739,0.5999304,0.38432986
R02548,2,0.0040800036,0.07260284,0.9233172
R02549,0,0.9554552,0.04289144,0.0016533656
R02550,1,0.15974994,0.82003903,0.020210998
R02551,0,0.50755125,0.4843088,0.00813996
R02552,1,0.15626046,0.77064466,0.073094904
R02553,0,0.7237387,0.25604874,0.020212585
R02554,1,0.15937994,0.76857114,0.07204894
R02555,1,0.23723343,0.7165968,0.046169795
R02556,0,0.72244513,0.27420923,0.003345585
R02557,1,0.030578762,0.79482204,0.17459923
R02558,1,0.24274616,0.7318181,0.025435783
R02559,0,0.98267925,0.01613366,0.0011871231
R02560,1,0.09882854,0.765295,0.13587642
R02561,1,0.053548977,0.8676193,0.078831725
R02562,2,0.011960454,0.30368188,0.6843577
R02563,2,0.0029102154,0.02375603,0.9733338
R02564,0,0.5782295,0.4068353,0.014935201
R02565,1,0.25567234,0.72267467,0.021653056
R02566,2,0.0073249373,0.26849896,0.72417605
R02567,2,0.0029217335,0.035042167,0.96203613
R02568,2,0.006679723,0.19674116,0.7965791
R02569,0,0.98862565,0.010603238,0.0007711023
R02570,0,0.6706806,0.31804705,0.011272381
R02571,0,0.91113365,0.08558031,0.003286061
R02572,2,0.0026462192,0.025328267,0.97202545
R02573,2,0.011983463,0.4824321,0.5055845
R02574,1,0.022391792,0.8874764,0.09013176
R02575,2,0.01831688,0.30500343,0.6766797
R02576,2,0.0019379806,0.009727215,0.9883348
R02577,2,0.013683416,0.3669579,0.6193587
R02578,1,0.46282586,0.5285637,0.008610443
R02579,1,0.09710511,0.7203234,0.18257146
R02580,2,0.05507204,0.32443324,0.6204948
R02581,1,0.10206644,0.8705966,0.027337003
R02582,0,0.6317505,0.3627838,0.005465713
R02583,1,0.023409998,0.8922874,0.08430265
R02584,1,0.44738972,0.54388756,0.008722711
R02585,1,0.35362798,0.6353544,0.011017616
R02586,0,0.7627874,0.2344616,0.002751041
R02587,0,0.94243413,0.05359204,0.003973773
R02588,0,0.62972915,0.35462862,0.015642276
R02589,0,0.91796136,0.08083967,0.0011990509
R02590,1,0.12822683,0.49928433,0.3724888
R02591,1,0.02949871,0.57426816,0.39623314
R02592,2,0.0037970443,0.1633576,0.83284533
R02593,1,0.017157083,0.58620006,0.39664283
R02594,0,0.7847864,0.21039893,0.004814641
R02595,1,0.18751615,0.80190486,0.010578937
R02596,1,0.3469381,0.58901006,0.064051874
R02597,1,0.49028566,0.5019125,0.0078018685
R02598,1,0.094867855,0.8308148,0.07431735
R02599,2,0.0045259204,0.010482054,0.98499197
R02600,2,0.016841713,0.31041843,0.6727398
R02601,2,0.1898542,0.29204866,0.51809704
R02602,0,0.9471655,0.051690333,0.0011442208
R02603,1,0.4380734,0.5537766,0.008149947
R02604,0,0.90311325,0.09481633,0.0020703608
R02605,2,0.008872702,0.057358,0.9337693
R02606,2,0.0072064283,0.22244081,0.7703527
R02607,0,0.7462787,0.2470598,0.0066615297
R02608,1,0.045139473,0.5899688,0.3648918
R02609,0,0.6453385,0.348134,0.0065275067
R02610,2,0.018302998,0.10667215,0.87502486
R02611,1,0.04895122,0.71933293,0.23171586
R02612,0,0.94583046,0.05253283,0.0016367104
R02613,1,0.031309802,0.8138236,0.15486658
R02614,1,0.13809066,0.8336069,0.02830248
R02615,1,0.21176812,0.7776474,0.01058458
R02616,2,0.062121045,0.33451396,0.603365
R02617,1,0.0930788,0.89455366,0.012367535
R02618,0,0.83702403,0.15065749,0.012318508
R02619,1,0.38958076,0.60339445,0.007024796
R02620,0,0.52811676,0.4624345,0.009448726
R02621,2,0.00465062,0.051939856,0.94340956
R02622,1,0.40757993,0.57030684,0.022113197
R02623,1,0.2896415,0.6840417,0.026316771
R02624,1,0.029020203,0.7484409,0.22253883
R02625,0,0.908555,0.089084886,0.002360162
R02626,1,0.33390713,0.6486708,0.01742207
R02627,1,0.18247962,0.76108044,0.056439914
R02628,2,0.03578823,0.37292188,0.59128994
R02629,0,0.6825763,0.31007427,0.0073494418
R02630,1,0.17979398,0.80893445,0.011271534
R02631,0,0.5685871,0.40953797,0.02187495
R02632,2,0.0074614,0.022893129,0.9696455
R02633,1,0.4643391,0.52207047,0.01359042
R02634,0,0.8155465,0.18055691,0.003896616
R02635,0,0.5555633,0.4360666,0.008370136
R02636,1,0.17896637,0.76833755,0.052696113
R02637,0,0.5692336,0.4230185,0.0077478546
R02638,0,0.9809054,0.017687373,0.0014071988
R02639,2,0.007778796,0.1862673,0.80595386
R02640,2,0.005941509,0.05538922,0.9386692
R02641,1,0.28444707,0.69309855,0.022454359
R02642,1,0.4183155,0.57176954,0.009914997
R02643,2,0.004493544,0.19107035,0.80443615
R02644,1,0.3259521,0.6584414,0.015606508
R02645,1,0.012475607,0.7539588,0.23356555
R02646,2,0.0061686076,0.21076064,0.78307074
R02647,2,0.0027706348,0.026107967,0.97112143
R02648,1,0.14524747,0.8201002,0.034652296
R02649,1,0.2070994,0.76646775,0.026432786
R02650,1,0.035331577,0.9112134,0.05345497
R02651,0,0.6605972,0.33477435,0.0046283794
R02652,2,0.0023832363,0.03615075,0.9614661
R02653,1,0.064447455,0.88274616,0.05280635
R02654,2,0.010827152,0.29263675,0.69653606
R02655,2,0.0016945103,0.019073352,0.9792322
R02656,0,0.78806216,0.20318325,0.00875458
R02657,0,0.51152265,0.4094176,0.07905979
R02658,1,0.21774836,0.7659773,0.016274346
R02659,0,0.8902783,0.10800301,0.0017186414
R02660,0,0.84320396,0.15355885,0.0032372004
R02661,1,0.18826063,0.7895168,0.022222573
R02662,2,0.0034682935,0.019726126,0.97680557
R02663,0,0.6039351,0.34411183,0.05195312
R02664,2,0.28420532,0.35335398,0.36244074
R02665,0,0.83124655,0.16561158,0.0031418176
R02666,1,0.03677279,0.9336795,0.029547766
R02667,0,0.9003141,0.097522914,0.0021629948
R02668,1,0.14166035,0.8443681,0.01397159
R02669,2,0.010746501,0.4714581,0.51779544
R02670,1,0.040333338,0.86912847,0.090538226
R02671,0,0.7928206,0.20281938,0.0043599997
R02672,0,0.68537825,0.3113471,0.0032746822
R02673,2,0.027380548,0.31953412,0.65308535
R02674,1,0.19663233,0.7761785,0.027189203
R02675,1,0.030038713,0.8508509,0.11911035
R02676,0,0.5417395,0.44215494,0.016105492
R02677,1,0.121742465,0.8558047,0.02245284
R02678,0,0.91148424,0.08527946,0.0032363601
R02679,0,0.95502913,0.04315585,0.0018150569
R02680,2,0.008143589,0.30320784,0.6886486
R02681,2,0.0024407292,0.057989713,0.9395696
R02682,0,0.65129006,0.34320575,0.005504234
R02683,1,0.2894401,0.68892735,0.021632534
R02684,0,0.95902777,0.03975814,0.0012141509
R02685,0,0.53856176,0.22384916,0.2375891
R02686,1,0.077506445,0.5380013,0.38449222
R02687,1,0.013036448,0.66864216,0.3183214
R02688,1,0.15448318,0.8197756,0.02574121
R02689,1,0.053444766,0.88646567,0.060089562
R02690,1,0.06194983,0.6925548,0.24549535
R02691,1,0.40128574,0.58386725,0.014847014
R02692,0,0.7906606,0.20625615,0.0030832794
R02693,1,0.050675858,0.90529615,0.04402795
R02694,0,0.6471448,0.343696,0.009159189
R02695,1,0.20362036,0.7790336,0.017346082
R02696,0,0.9511422,0.045318633,0.0035392456
R02697,1,0.39844304,0.59347916,0.008077861
R02698,1,0.08566837,0.673834,0.24049766
R02699,1,0.3516415,0.61474407,0.03361445
R02700,1,0.1679828,0.7940006,0.038016558
R02701,1,0.3561894,0.5399509,0.10385968
R02702,0,0.66241735,0.33308434,0.0044983393
R02703,1,0.37922308,0.6107496,0.010027307
R02704,2,0.07466727,0.38216573,0.543167
R02705,0,0.7914733,0.20486142,0.0036652489
R02706,1,0.04672688,0.8545453,0.098727785
R02707,1,0.09310908,0.8948992,0.011991656
R02708,0,0.9384827,0.059761293,0.0017559578
R02709,0,0.9455846,0.05231442,0.0021010314
R02710,2,0.013772005,0.3579704,0.62825763
R02711,0,0.70877707,0.28303552,0.008187459
R02712,2,0.00905474,0.13674694,0.8541983
R02713,2,0.0074172607,0.1996925,0.7928903
R02714,1,0.028674016,0.9131762,0.058149807
R02715,1,0.071165144,0.5730315,0.35580337
R02716,2,0.0016617838,0.022895455,0.97544277
R02717,1,0.2580656,0.6852449,0.056689486
R02718,1,0.036972888,0.91701365,0.046013504
R02719,0,0.94105345,0.05585624,0.0030902436
R02720,0,0.59874165,0.3957441,0.00551422
R02721,0,0.55528754,0.43926865,0.0054438477
R02722,1,0.042524356,0.8743795,0.08309619
R02723,2,0.028226845,0.45555818,0.516215
R02724,1,0.09052531,0.8227568,0.086717926
R02725,0,0.90679187,0.09013596,0.0030722583
R02726,0,0.6656908,0.3181567,0.016152509
R02727,2,0.0047003115,0.011542851,0.9837569
R02728,0,0.5760975,0.41494748,0.008955021
R02729,2,0.032229632,0.2998718,0.66789854
R02730,0,0.8195001,0.17585012,0.0046497784
R02731,2,0.008458445,0.21814618,0.77339536
R02732,1,0.18349956,0.7211626,0.09533787
R02733,2,0.0015759221,0.013720665,0.9847035
R02734,0,0.61727035,0.37439337,0.008336301
R02735,1,0.0535374,0.8374658,0.10899674
R02736,1,0.05215074,0.5025843,0.445265
R02737,0,0.7627208,0.23444115,0.0028381208
R02738,1,0.34992564,0.6311632,0.018911155
R02739,0,0.882213,0.11527002,0.0025169768
R02740,0,0.9405295,0.057597216,0.0018732841
R02741,2,0.0015053053,0.028058417,0.9704362
R02742,1,0.034740485,0.86164486,0.103614695
R02743,2,0.005169148,0.11182404,0.8830068
R02744,0,0.97134227,0.026811613,0.0018460604
R02745,0,0.96372914,0.033106066,0.0031647063
R02746,0,0.86830986,0.1270618,0.004628226
R02747,0,0.97161376,0.027428305,0.0009579913
R02748,1,0.22172844,0.642533,0.13573857
R02749,0,0.82864517,0.16769315,0.0036616619
R02750,1,0.36920598,0.5992805,0.03151354
R02751,1,0.13063185,0.8518266,0.017541518
R02752,0,0.681496,0.30958351,0.0089205075
R02753,2,0.014641046,0.26880473,0.7165542
R02754,0,0.87236375,0.12518595,0.0024502904
R02755,1,0.04242962,0.9323333,0.025237106
R02756,0,0.9670874,0.031239135,0.0016734945
R02757,2,0.0034099785,0.051097583,0.9454925
R02758,1,0.35649198,0.47412354,0.16938446
R02759,0,0.59634155,0.37027693,0.033381473
R02760,1,0.35750195,0.6323565,0.010141551
R02761,1,0.10523034,0.44825864,0.44651106
R02762,0,0.5642635,0.42926908,0.006467383
R02763,1,0.4717252,0.4962986,0.03197615
R02764,1,0.15419449,0.8226503,0.023155184
R02765,1,0.030454986,0.77326727,0.19627777
R02766,1,0.2584656,0.71364635,0.027888099
R02767,0,0.7498735,0.24440111,0.005725355
R02768,1,0.11981844,0.8690693,0.011112247
R02769,0,0.8137994,0.18158318,0.0046174326
R02770,2,0.030234246,0.45839226,0.5113735
R02771,1,0.013678928,0.7126436,0.27367747
R02772,1,0.15282719,0.76110893,0.08606382
R02773,0,0.80134964,0.19333461,0.0053157406
R02774,1,0.41673076,0.45059338,0.13267587
R02775,2,0.00690272,0.038200673,0.95489657
R02776,0,0.58307284,0.40705043,0.009876785
R02777,2,0.016766304,0.39680052,0.5864331
R02778,1,0.29783958,0.6791036,0.02305681
R02779,1,0.040696934,0.53190523,0.42739785
R02780,0,0.97668946,0.022219397,0.0010912172
R02781,1,0.04617702,0.89544976,0.058373228
R02782,0,0.8918606,0.10466154,0.0034779212
R02783,0,0.5148754,0.4799167,0.0052078916
R02784,0,0.80656636,0.19008544,0.0033481608
R02785,1,0.29711223,0.66955274,0.033335067
R02786,2,0.09023057,0.44067416,0.4690952
R02787,1,0.054718986,0.8865762,0.058704905
R02788,0,0.5788191,0.41366336,0.007517548
R02789,1,0.0240898,0.8166626,0.15924764
R02790,2,0.049716853,0.27460355,0.67567956
R02791,0,0.95817024,0.040476393,0.0013532721
R02792,0,0.9324857,0.06534302,0.0021713602
R02793,0,0.8244735,0.17281903,0.0027074167
R02794,2,0.0024060814,0.026911406,0.9706825
R02795,0,0.5420224,0.44935238,0.008625151
R02796,1,0.11907032,0.83788943,0.043040268
R02797,1,0.016937956,0.6064862,0.3765759
R02798,1,0.017451802,0.6151972,0.36735103
R02799,2,0.002545728,0.017464982,0.97998935
R02800,0,0.6730041,0.320398,0.0065979008
R02801,1,0.38953766,0.6033277,0.0071346303
R02802,1,0.026171915,0.90828836,0.06553968
R02803,0,0.7263689,0.269312,0.004319147
R02804,1,0.27245456,0.70119375,0.02635174
R02805,0,0.7399487,0.2527402,0.0073110964
R02806,2,0.004353864,0.15288065,0.8427655
R02807,1,0.08818466,0.8785398,0.03327558
R02808,0,0.5069425,0.47996354,0.013093916
R02809,1,0.29321864,0.6817537,0.025027642
R02810,1,0.36911654,0.61815387,0.012729537
R02811,1,0.047804292,0.89498144,0.057214245
R02812,1,0.16615196,0.81623286,0.017615201
R02813,1,0.22274497,0.74621356,0.03104148
R02814,1,0.33875093,0.6378337,0.02341531
R02815,1,0.18836944,0.77772564,0.03390496
R02816,1,0.03236838,0.6155367,0.3520949
R02817,1,0.023556406,0.49584967,0.48059395
R02818,2,0.011156677,0.28773448,0.7011088
R02819,2,0.0017407103,0.007924176,0.990335
R02820,1,0.17543559,0.80646664,0.018097749
R02821,1,0.08882244,0.74080175,0.1703758
R02822,1,0.29904535,0.68989044,0.011064262
R02823,0,0.8773991,0.11967437,0.002926587
R02824,1,0.14754997,0.71082944,0.14162055
R02825,1,0.04604361,0.9033874,0.050569013
R02826,1,0.020715127,0.7189122,0.26037273
R02827,1,0.23410274,0.73530936,0.030587882
R02828,1,0.2623256,0.72430426,0.013370142
R02829,0,0.7407207,0.25201753,0.007261771
R02830,1,0.01972871,0.674064,0.30620736
R02831,0,0.57908285,0.41385186,0.0070653004
R02832,1,0.47121507,0.5175285,0.01125643
R02833,0,0.98978233,0.008904418,0.0013132237
R02834,1,0.054660782,0.9031006,0.04223858
R02835,0,0.7624181,0.23252437,0.0050574886
R02836,0,0.7575385,0.23559296,0.0068685245
R02837,1,0.4317114,0.55867606,0.009612552
R02838,0,0.749058,0.24605012,0.00489183
R02839,2,0.019181116,0.24971808,0.7311008
R02840,1,0.035673276,0.8987135,0.065613195
R02841,2,0.0026444078,0.055881217,0.9414744
R02842,1,0.1074583,0.8602138,0.032327913
R02843,2,0.03471299,0.15648706,0.80879986
R02844,1,0.14400528,0.81226814,0.043726552
R02845,2,0.022534737,0.29799873,0.67946655
R02846,0,0.93401235,0.06456127,0.0014263442
R02847,1,0.1281816,0.84776896,0.024049357
R02848,1,0.12759216,0.83935016,0.03305765
R02849,2,0.0033541392,0.037114352,0.9595315
R02850,0,0.74638724,0.24903372,0.0045790635
R02851,1,0.3793688,0.6109843,0.009646872
R02852,2,0.0042985226,0.038014166,0.95768726
R02853,1,0.05953193,0.83475465,0.10571338
R02854,0,0.9182406,0.07883691,0.0029225587
R02855,0,0.8299567,0.1666515,0.0033918433
R02856,1,0.36801156,0.6067485,0.025239922
R02857,1,0.12332162,0.8501899,0.026488477
R02858,0,0.8718687,0.1256046,0.0025266362
R02859,1,0.04701162,0.8464235,0.10656491
R02860,1,0.19363335,0.7963422,0.010024468
R02861,2,0.004900662,0.031553205,0.96354616
R02862,2,0.009933423,0.46028352,0.52978307
R02863,1,0.02110455,0.5615712,0.41732427
R02864,1,0.3245282,0.5853536,0.09011822
R02865,0,0.86257446,0.135417,0.0020085669
R02866,0,0.7704103,0.22507969,0.004510005
R02867,1,0.05404381,0.8999103,0.046045903
R02868,1,0.05444258,0.68430007,0.26125735
R02869,0,0.89603335,0.09994483,0.0040217927
R02870,2,0.008541517,0.23449603,0.7569625
R02871,1,0.39529458,0.59806156,0.0066438643
R02872,1,0.21826276,0.6187442,0.16299304
R02873,2,0.039720047,0.14356217,0.8167177
R02874,1,0.07154413,0.90807784,0.020377986
R02875,1,0.09777262,0.88754135,0.014685971
R02876,0,0.78854585,0.20812926,0.003324903
R02877,0,0.37718287,0.28799835,0.3348188
R02878,2,0.005694968,0.17510122,0.81920385
R02879,1,0.11425386,0.5939887,0.29175746
R02880,0,0.8407414,0.15613021,0.003128439
R02881,1,0.23975231,0.7298854,0.030362252
R02882,1,0.2476906,0.7423617,0.009947653
R02883,0,0.91456634,0.08374906,0.001684679
R02884,1,0.024969008,0.82042533,0.15460563
R02885,1,0.054554604,0.8873723,0.058073074
R02886,1,0.0969291,0.78660786,0.116463
R02887,0,0.9539567,0.044835538,0.0012077308
R02888,1,0.04556622,0.58175045,0.37268335
R02889,1,0.07709976,0.8962553,0.026644967
R02890,1,0.11599321,0.8697276,0.014279216
R02891,1,0.017466232,0.6061602,0.37637347
R02892,1,0.046013504,0.91701365,0.036972888
R02893,1,0.1462183,0.7661291,0.08765266
R02894,1,0.090203464,0.7263307,0.1834659
R02895,1,0.109057546,0.8657992,0.025143275
R02896,1,0.05061721,0.84285223,0.1065306
R02897,2,0.0018950688,0.01643497,0.9816699
R02898,1,0.13347939,0.85356,0.012960623
R02899,1,0.15424189,0.8289523,0.016805818
R02900,1,0.1415369,0.748878,0.10958506
R02901,1,0.14656223,0.76643276,0.08700501
R02902,2,0.002705256,0.04908896,0.9482058
R02903,0,0.74396724,0.24629457,0.009738231
R02904,1,0.24371079,0.7419363,0.014352884
R02905,1,0.19699988,0.78833395,0.014666218
R02906,2,0.0015965407,0.016282728,0.9821207
R02907,0,0.5802526,0.41468784,0.0050595426
R02908,0,0.8198247,0.17319238,0.006982909
R02909,1,0.45197546,0.5409438,0.007080736
R02910,1,0.025786072,0.8406787,0.1335353
R02911,1,0.48234105,0.50548905,0.012169877
R02912,2,0.002606451,0.024898948,0.9724946
R02913,1,0.41914803,0.5509597,0.029892247
R02914,1,0.14872976,0.836871,0.014399162
R02915,1,0.47806278,0.50889516,0.013042061
R02916,2,0.005524559,0.050756413,0.943719
R02917,1,0.43789282,0.44652948,0.11557769
R02918,0,0.8094844,0.1878155,0.002700056
R02919,1,0.035153013,0.84505165,0.11979531
R02920,0,0.9669548,0.031858686,0.0011865225
R02921,1,0.02747182,0.7425095,0.2300187
R02922,2,0.001596642,0.016220277,0.982183
R02923,1,0.3180194,0.6680078,0.0139727965
R02924,1,0.3750793,0.43595025,0.18897045
R02925,0,0.8785005,0.118428595,0.0030708872
R02926,1,0.32421795,0.6422706,0.03351137
R02927,1,0.2798929,0.7091694,0.010937743
R02928,2,0.0014790195,0.01476354,0.98375744
R02929,1,0.25637704,0.7303502,0.01327273
R02930,1,0.04672338,0.75999147,0.19328515
R02931,1,0.10511137,0.87494504,0.019943656
R02932,1,0.057299457,0.76069206,0.18200842
R02933,2,0.0013998917,0.007421369,0.9911787
R02934,1,0.07898802,0.89868885,0.022323152
R02935,0,0.57191133,0.36638016,0.061708488
R02936,1,0.055324182,0.90694803,0.037727818
R02937,2,0.0023671389,0.04266093,0.9549719
R02938,1,0.13348004,0.84053606,0.025983907
R02939,0,0.7867531,0.19092847,0.02231847
R02940,2,0.006809472,0.20612252,0.78706795
R02941,1,0.19879943,0.64424413,0.15695643
R02942,1,0.26948598,0.6976295,0.03288448
R02943,0,0.6797396,0.3136483,0.0066120736
R02944,2,0.022253817,0.40381265,0.5739335
R02945,2,0.0039813705,0.05178268,0.9442359
R02946,1,0.056163922,0.9029059,0.040930208
R02947,1,0.09943186,0.880189,0.020379137
R02948,1,0.10297758,0.87408984,0.022932569
R02949,2,0.002589911,0.06081726,0.93659276
R02950,1,0.059599653,0.88613427,0.0542661
R02951,1,0.014563832,0.71277535,0.27266085
R02952,1,0.12461788,0.8624889,0.012893165
R02953,1,0.12499771,0.8246955,0.050306745
R02954,1,0.19604175,0.78144133,0.022516876
R02955,1,0.10891189,0.8676032,0.023484943
R02956,2,0.008964676,0.2788829,0.7121524
R02957,2,0.013553255,0.05830053,0.9281461
R02958,0,0.59215754,0.40067387,0.0071685994
R02959,0,0.8981638,0.09260839,0.009227863
R02960,1,0.19764277,0.7756092,0.026748043
R02961,1,0.1431569,0.7074008,0.14944224
R02962,1,0.2028337,0.7867064,0.010459835
R02963,2,0.0021398473,0.034806248,0.96305394
R02964,0,0.6274084,0.3574865,0.01510514
R02965,0,0.56250906,0.43129066,0.0062002814
R02966,1,0.25723034,0.7270785,0.015691154
R02967,0,0.5011011,0.4933322,0.00556673
R02968,2,0.001695658,0.018408941,0.97989535
R02969,1,0.18427981,0.800475,0.015245247
R02970,1,0.4162032,0.54923004,0.034566756
R02971,1,0.19453058,0.7922573,0.013212141
R02972,1,0.32047445,0.6705403,0.008985246
R02973,1,0.34159625,0.61855096,0.039852776
R02974,2,0.0053188247,0.16741423,0.82726693
R02975,2,0.0012158883,0.007897678,0.99088645
R02976,2,0.008439113,0.17016752,0.8213934
R02977,0,0.9638257,0.034791645,0.0013826964
R02978,1,0.052187342,0.91784406,0.02996867
R02979,0,0.9719045,0.02726291,0.0008325663
R02980,1,0.11187159,0.87074894,0.017379498
R02981,2,0.0017878372,0.027644036,0.9705682
R02982,2,0.002416528,0.037800856,0.95978254
R02983,1,0.11985918,0.8206902,0.059450604
R02984,2,0.0018766252,0.026007406,0.97211593
R02985,2,0.0019965305,0.011135753,0.98686767
R02986,2,0.41218507,0.11246526,0.47534963
R02987,0,0.5703687,0.42386204,0.0057691983
R02988,2,0.008722107,0.31971288,0.671565
R02989,2,0.0076760435,0.13239111,0.85993284
R02990,1,0.20999074,0.7265261,0.06348314
R02991,1,0.37836304,0.61414385,0.007493074
R02992,2,0.0068407995,0.19001886,0.8031404
R02993,1,0.083437026,0.87968236,0.03688061
R02994,0,0.51481646,0.4614785,0.02370499
R02995,1,0.019469358,0.6447365,0.33579406
R02996,0,0.52964,0.4140985,0.056261484
R02997,1,0.33877563,0.6504613,0.010763054
R02998,0,0.535739,0.45467582,0.009585099
R02999,1,0.025661098,0.9045849,0.069754094
R03000,1,0.3086319,0.67940116,0.011966958
R03001,1,0.4873817,0.4912043,0.021414056
R03002,0,0.53131735,0.45092317,0.017759522
R03003,0,0.6735097,0.3181435,0.008346794
R03004,2,0.0126993945,0.09002167,0.89727896
R03005,1,0.13247117,0.65973204,0.20779674
R03006,1,0.27373078,0.7155723,0.010696939
R03007,1,0.031228475,0.71633136,0.25244012
R03008,0,0.9596443,0.037574604,0.002781006
R03009,1,0.11146966,0.8573031,0.031227265
R03010,0,0.5652652,0.42336404,0.011370757
R03011,1,0.2646649,0.65633255,0.079002544
R03012,1,0.30581823,0.67320734,0.020974416
R03013,2,0.0032804536,0.013230345,0.9834893
