item_id,y,pred,p_neg,p_neu,p_pos
1591155,0,1,0.31355,0.64841,0.03804
34338873,0,0,0.78993,0.20129,0.00878
2743694,0,0,0.87071,0.12544,0.00385
27643560,0,0,0.47608,0.4104,0.11352
25965777,0,0,0.98194,0.01625,0.00181
7368859,0,0,0.68083,0.30808,0.01109
10851784,0,0,0.96172,0.03607,0.0022
23123677,0,0,0.96523,0.03189,0.00289
36714225,0,0,0.81208,0.18262,0.0053
29379403,0,0,0.50825,0.4812,0.01055
30895315,0,0,0.98626,0.01148,0.00226
21811143,0,0,0.89153,0.10483,0.00364
23535935,0,0,0.95946,0.03805,0.00249
4056603,0,0,0.87745,0.11265,0.0099
8144760,0,0,0.63498,0.34658,0.01844
23786512,0,0,0.91882,0.07736,0.00381
25841321,0,1,0.46844,0.489,0.04256
15151102,0,0,0.88933,0.10642,0.00425
21739255,0,0,0.96999,0.02822,0.00179
12525979,0,0,0.98063,0.01789,0.00147
27206941,0,2,0.0517,0.27785,0.67045
29646434,0,0,0.95042,0.04636,0.00322
25238931,0,0,0.97682,0.02141,0.00177
21661821,0,0,0.84776,0.1414,0.01084
25819663,0,0,0.58768,0.37355,0.03876
36605312,0,1,0.18856,0.71864,0.0928
40858787,0,0,0.82591,0.16519,0.00889
33064277,0,1,0.24468,0.67558,0.07975
19984881,0,0,0.94689,0.04251,0.0106
31546298,0,0,0.89554,0.09729,0.00717
26059798,0,1,0.26966,0.69672,0.03362
40767110,0,0,0.97997,0.01866,0.00136
31876567,0,0,0.87688,0.11291,0.01021
134194,0,0,0.88691,0.10738,0.0057
2124274,0,1,0.38337,0.52503,0.09159
17820566,0,0,0.96933,0.0267,0.00396
5104473,0,1,0.30557,0.67003,0.02441
36152833,0,0,0.92877,0.06874,0.00249
26249429,0,0,0.98463,0.01356,0.00181
36749407,0,0,0.64276,0.33346,0.02378
18958789,0,0,0.53298,0.42327,0.04375
36896227,0,0,0.71898,0.27183,0.00919
35892136,0,0,0.89351,0.10223,0.00427
1025627,0,0,0.82402,0.16938,0.00659
2551489,0,0,0.9719,0.02515,0.00295
12164885,0,0,0.87403,0.11829,0.00768
34640795,0,0,0.66325,0.32578,0.01097
32170826,0,0,0.91555,0.07363,0.01083
21380968,0,1,0.32019,0.63926,0.04055
20798892,0,1,0.1066,0.73416,0.15924
22540275,0,0,0.73886,0.24175,0.01938
26201552,0,0,0.98146,0.01715,0.00139
12784438,0,0,0.9871,0.01127,0.00163
8235424,0,0,0.98172,0.01689,0.00139
29063632,0,1,0.06353,0.60748,0.32899
20787720,0,0,0.87995,0.11497,0.00507
25313267,0,1,0.13384,0.83382,0.03233
16687724,0,0,0.9531,0.04454,0.00236
22297228,0,0,0.74665,0.24718,0.00616
40735641,0,0,0.82031,0.17465,0.00503
36286275,0,1,0.42503,0.55003,0.02493
36468258,0,1,0.43433,0.55335,0.01232
9386850,0,1,0.44976,0.53411,0.01613
22234687,0,0,0.80282,0.19218,0.005
29104774,0,0,0.66857,0.31829,0.01314
32119889,0,0,0.97372,0.02428,0.002
39673625,0,0,0.89699,0.09831,0.00471
13810415,0,1,0.06547,0.87255,0.06198
22494540,0,0,0.96834,0.02967,0.00199
37931537,0,0,0.64129,0.34866,0.01005
24121691,0,1,0.40676,0.57362,0.01963
159709,0,0,0.78163,0.21202,0.00635
21065485,0,0,0.95421,0.04294,0.00285
35267028,0,0,0.97111,0.02603,0.00286
35488925,0,0,0.94906,0.04899,0.00195
16651309,0,0,0.92428,0.07339,0.00233
31630265,0,1,0.23454,0.60953,0.15593
18130463,0,0,0.98331,0.01447,0.00222
5716421,0,0,0.98217,0.01644,0.00139
6526099,0,0,0.9589,0.03916,0.00194
5850000,0,1,0.14978,0.81444,0.03578
26762675,0,0,0.96891,0.02903,0.00205
7359425,0,0,0.9484,0.04893,0.00266
40793678,0,0,0.83005,0.16409,0.00586
19420265,0,0,0.9868,0.00923,0.00397
40925692,0,0,0.98264,0.01576,0.0016
15614926,0,0,0.88107,0.104,0.01492
38646460,0,0,0.5091,0.47825,0.01265
39449862,0,1,0.27291,0.65086,0.07623
30483060,0,0,0.89207,0.10367,0.00426
28874187,0,1,0.39771,0.56306,0.03923
14641511,0,0,0.93729,0.06015,0.00255
39105224,0,0,0.85462,0.14061,0.00477
12168824,0,0,0.98357,0.01465,0.00178
8960548,0,1,0.39464,0.57871,0.02665
26233843,0,0,0.82747,0.16746,0.00508
33838599,0,0,0.9724,0.02586,0.00174
12367047,0,0,0.95453,0.04321,0.00226
20741492,0,0,0.84755,0.14786,0.00459
22058105,0,0,0.50462,0.48151,0.01387
40180832,0,0,0.83898,0.15279,0.00823
33530776,0,0,0.90282,0.09332,0.00387
34009115,0,1,0.42086,0.54251,0.03663
27258194,0,0,0.64869,0.33785,0.01346
3807140,0,0,0.79557,0.19573,0.0087
19275100,0,0,0.90384,0.09197,0.00419
4163235,0,0,0.93756,0.06029,0.00215
19154956,0,0,0.97393,0.0241,0.00197
36093763,0,0,0.52909,0.43863,0.03227
37730427,0,0,0.95675,0.04149,0.00176
8271532,0,0,0.8075,0.18517,0.00732
39518829,0,0,0.9816,0.01656,0.00184
16690060,0,0,0.89577,0.09856,0.00567
41597088,0,0,0.98236,0.01607,0.00157
23731992,0,1,0.05733,0.51904,0.42363
18094073,0,0,0.84773,0.12687,0.0254
29947471,0,0,0.9699,0.02811,0.00199
36879749,0,0,0.96297,0.03012,0.00691
5841246,0,0,0.9393,0.05737,0.00334
41348086,0,0,0.93357,0.06273,0.0037
24079098,0,0,0.97451,0.02388,0.00161
30193847,0,0,0.79672,0.19832,0.00496
32009889,0,0,0.96892,0.02909,0.00199
21886383,0,0,0.61604,0.35376,0.0302
28865131,0,0,0.97794,0.0209,0.00116
37079483,0,0,0.78255,0.20334,0.01411
15988416,0,0,0.54679,0.4428,0.01041
14332129,0,0,0.57461,0.41713,0.00826
20903468,0,0,0.71095,0.2828,0.00625
7719104,0,0,0.66838,0.23149,0.10013
36589454,0,0,0.96132,0.0371,0.00159
34289465,0,1,0.04459,0.53895,0.41647
40722397,0,0,0.59174,0.21876,0.1895
23049316,0,0,0.97725,0.01974,0.00301
28305614,0,0,0.94072,0.05492,0.00436
19071471,0,0,0.53197,0.45502,0.01301
35865703,0,0,0.97536,0.02289,0.00174
34058720,0,1,0.39839,0.45676,0.14485
17093938,0,0,0.96946,0.02325,0.00729
14996907,0,0,0.84327,0.15238,0.00436
3370908,0,0,0.96105,0.03549,0.00347
41516335,0,0,0.97891,0.01901,0.00208
15810501,0,0,0.39119,0.27323,0.33558
31547806,0,0,0.93528,0.0613,0.00343
2943853,0,1,0.31681,0.66286,0.02033
40412115,0,0,0.98366,0.01505,0.00128
27434340,0,1,0.43293,0.55589,0.01118
6882328,0,0,0.71862,0.27064,0.01074
37617815,0,0,0.89748,0.09618,0.00634
34132946,0,0,0.70113,0.28887,0.01
29978480,0,0,0.92732,0.0669,0.00578
5406854,0,1,0.48931,0.49702,0.01367
7908457,0,0,0.96459,0.0333,0.00211
11250340,0,0,0.95728,0.04049,0.00223
19692391,0,1,0.07842,0.77671,0.14487
37869830,0,0,0.98264,0.01558,0.00178
10638910,0,0,0.70962,0.28117,0.00922
28537177,0,0,0.90129,0.09398,0.00473
28053356,0,0,0.93632,0.0614,0.00228
38538602,0,0,0.94514,0.05233,0.00253
37870808,0,0,0.93513,0.06067,0.0042
2454698,0,0,0.76107,0.23302,0.0059
26752544,0,0,0.57675,0.41218,0.01107
14911667,0,1,0.0811,0.8822,0.0367
32327236,0,0,0.84859,0.14689,0.00452
32970187,0,0,0.65287,0.33607,0.01106
21151302,0,0,0.51804,0.46437,0.01759
35242498,0,1,0.25046,0.72474,0.0248
27505049,0,1,0.07995,0.84287,0.07718
17465803,0,0,0.96379,0.03366,0.00254
897255,0,0,0.81754,0.14976,0.03271
31911421,0,0,0.98059,0.01768,0.00172
14668144,0,0,0.59486,0.39318,0.01197
10079682,0,0,0.93173,0.06422,0.00405
38476948,0,0,0.80577,0.17358,0.02065
37973078,0,0,0.69944,0.28593,0.01463
24629536,0,0,0.748,0.24189,0.0101
7410885,0,0,0.8719,0.12366,0.00443
6013867,0,0,0.63834,0.34978,0.01188
26559068,0,1,0.34645,0.63225,0.0213
25905848,0,1,0.2015,0.69657,0.10193
11886273,0,0,0.98504,0.01357,0.00139
35659275,0,0,0.77204,0.22033,0.00763
41335205,0,0,0.76989,0.21463,0.01549
34596176,0,0,0.93359,0.06391,0.0025
4685372,0,0,0.97983,0.01746,0.00271
35516679,0,0,0.97703,0.02133,0.00164
25812599,0,2,0.05062,0.47284,0.47654
16967254,0,1,0.23913,0.7056,0.05527
27625595,0,1,0.10262,0.84425,0.05313
14748562,0,0,0.96109,0.03453,0.00438
14538440,0,0,0.91924,0.0774,0.00337
14467948,0,0,0.73571,0.24643,0.01785
27462514,0,0,0.98539,0.0131,0.0015
34797258,0,0,0.95589,0.04159,0.00252
8134797,0,0,0.96328,0.03296,0.00376
4771010,0,0,0.72719,0.26752,0.0053
4172698,0,0,0.66947,0.31747,0.01305
34119225,0,0,0.8799,0.11678,0.00333
6581551,0,0,0.97752,0.02122,0.00126
26180300,0,0,0.84626,0.14937,0.00437
1900065,0,0,0.59033,0.22319,0.18648
6689811,0,0,0.90725,0.08948,0.00327
20665219,0,0,0.71549,0.27477,0.00974
27468234,0,0,0.98185,0.01683,0.00132
2424426,0,2,0.00444,0.03586,0.9597
2781560,0,0,0.97936,0.01895,0.00169
36120980,0,0,0.90355,0.09141,0.00505
11620729,0,0,0.9625,0.03586,0.00164
21841125,0,0,0.85339,0.13345,0.01316
33682859,0,0,0.85004,0.14543,0.00453
20845411,0,0,0.98801,0.00999,0.002
29478057,0,0,0.79592,0.17829,0.02579
16337276,0,0,0.912,0.0845,0.0035
34406042,0,1,0.34729,0.59307,0.05965
1324622,0,0,0.95833,0.03902,0.00265
12769383,0,0,0.57859,0.39456,0.02685
37069940,0,0,0.85008,0.14486,0.00505
40632985,0,0,0.98109,0.01748,0.00143
19503789,0,0,0.9362,0.06082,0.00298
16755743,0,1,0.14122,0.82041,0.03837
19391062,0,1,0.39109,0.59634,0.01257
28120068,0,1,0.43407,0.55302,0.0129
20527947,0,0,0.71102,0.28283,0.00615
41466965,0,0,0.93955,0.05701,0.00344
41394161,0,0,0.94423,0.05304,0.00274
38896495,0,1,0.46434,0.52207,0.01359
18846509,0,0,0.91269,0.08407,0.00324
20280480,0,0,0.97893,0.01864,0.00243
21511303,0,1,0.39582,0.55385,0.05032
37978561,0,0,0.68635,0.28278,0.03087
26128589,0,0,0.95195,0.04565,0.0024
16508295,0,0,0.6989,0.29363,0.00747
20593075,0,0,0.97015,0.02752,0.00233
27422736,0,0,0.91954,0.07788,0.00258
7019024,0,0,0.98139,0.01643,0.00218
40893412,0,1,0.4008,0.58316,0.01603
2411353,0,1,0.37842,0.60236,0.01921
9018732,0,0,0.53811,0.42072,0.04117
28452328,0,0,0.98269,0.01595,0.00137
30906392,0,0,0.97621,0.02225,0.00154
39565884,0,0,0.91575,0.0816,0.00265
7480655,0,0,0.54101,0.44502,0.01397
32661353,0,0,0.97611,0.0214,0.0025
35636132,0,0,0.91682,0.08027,0.00292
29497307,0,0,0.64581,0.2877,0.06649
26281681,0,0,0.81343,0.1815,0.00507
16156541,0,0,0.97622,0.02186,0.00191
34207576,0,0,0.90998,0.06976,0.02026
34279012,0,1,0.20948,0.74704,0.04348
20831549,0,1,0.39917,0.58535,0.01548
41574521,0,0,0.75223,0.24137,0.00641
32025021,0,0,0.95764,0.04065,0.00171
18675009,0,0,0.77592,0.21886,0.00523
26388088,0,0,0.71892,0.27075,0.01034
32431765,0,0,0.75647,0.23526,0.00827
34569187,0,0,0.57936,0.38896,0.03168
29435736,0,1,0.13837,0.82015,0.04148
8896794,0,0,0.79686,0.16999,0.03315
39638326,0,0,0.86384,0.12494,0.01122
5247714,0,0,0.94454,0.0505,0.00496
35841365,0,0,0.97664,0.01972,0.00363
39537338,0,0,0.96053,0.0373,0.00217
25561930,0,0,0.81942,0.17515,0.00544
34336738,0,0,0.94073,0.05641,0.00286
30166250,0,0,0.9791,0.01943,0.00147
37633294,0,1,0.30435,0.65446,0.04119
10357138,0,0,0.56062,0.4265,0.01288
8117958,0,0,0.82298,0.13408,0.04294
503877,0,0,0.56427,0.2184,0.21733
31143773,0,0,0.87662,0.11841,0.00497
24381479,0,0,0.4961,0.49224,0.01167
31123366,0,0,0.9417,0.05516,0.00314
37559680,0,1,0.22165,0.64925,0.1291
7673703,0,0,0.73684,0.25465,0.00851
38989726,0,0,0.83774,0.15679,0.00547
24113127,0,1,0.2718,0.705,0.0232
37778938,0,0,0.90811,0.08835,0.00354
8811880,0,0,0.94349,0.05346,0.00305
13103458,0,0,0.82478,0.16561,0.0096
34110894,0,0,0.54031,0.44794,0.01175
26432979,0,0,0.89593,0.10052,0.00355
14080674,0,0,0.96999,0.02779,0.00222
5431790,0,0,0.97067,0.0274,0.00193
13375835,0,0,0.79,0.20368,0.00632
22619945,0,0,0.96041,0.03623,0.00336
8768126,0,0,0.9593,0.03413,0.00657
17733135,0,0,0.96974,0.02866,0.0016
17527768,0,0,0.9823,0.016,0.0017
1261493,0,0,0.74665,0.24335,0.01001
28029905,0,0,0.91057,0.08553,0.0039
9740647,0,1,0.44792,0.50756,0.04452
40096749,0,0,0.95332,0.0433,0.00338
28074726,0,0,0.70503,0.28154,0.01343
17201534,0,0,0.63562,0.31221,0.05217
27403719,0,0,0.96643,0.03165,0.00192
14514826,0,0,0.76286,0.22905,0.00809
13190025,0,0,0.96985,0.02847,0.00168
24010579,0,1,0.36537,0.58614,0.04849
18671362,0,0,0.98709,0.01109,0.00182
23495703,0,0,0.78109,0.21023,0.00868
31624331,0,0,0.97344,0.02446,0.0021
22590285,0,0,0.61366,0.36217,0.02417
40540919,0,0,0.97277,0.02552,0.00171
28517164,0,1,0.43965,0.5429,0.01745
3601419,0,2,0.33607,0.31787,0.34606
24701954,0,0,0.92873,0.06521,0.00607
10059872,0,0,0.96468,0.03333,0.00198
35983465,0,0,0.97658,0.02179,0.00164
31348446,0,1,0.35528,0.62597,0.01876
32511649,0,0,0.75475,0.22137,0.02389
29525445,0,0,0.66852,0.2955,0.03599
39284997,0,0,0.98192,0.01618,0.0019
35180756,0,0,0.9269,0.06996,0.00314
27930811,0,1,0.36307,0.6128,0.02413
16344846,0,0,0.9557,0.04178,0.00252
23786470,0,0,0.97879,0.01977,0.00145
25788831,0,0,0.82622,0.16786,0.00593
13369396,0,0,0.9245,0.07178,0.00372
30218971,0,0,0.9721,0.02434,0.00356
20652860,0,0,0.96372,0.03448,0.0018
22822307,0,0,0.95682,0.04089,0.0023
31151429,0,0,0.98057,0.01748,0.00195
22817236,0,0,0.91201,0.07959,0.0084
8969422,0,0,0.86203,0.13428,0.00369
19970581,0,0,0.93782,0.05502,0.00716
29535079,0,0,0.70418,0.2823,0.01352
33047895,0,0,0.51347,0.44785,0.03868
38108101,0,0,0.96152,0.03635,0.00214
15544733,0,0,0.82536,0.16834,0.0063
4023849,0,0,0.97439,0.02425,0.00135
31312312,0,1,0.04994,0.77508,0.17498
40145642,0,0,0.97369,0.02246,0.00386
33116769,0,0,0.96458,0.03307,0.00235
27874565,0,1,0.46551,0.51527,0.01921
4429139,0,0,0.96312,0.03367,0.00321
10172089,0,1,0.28701,0.6885,0.0245
27193574,0,0,0.96165,0.03625,0.0021
13377650,0,0,0.93557,0.06159,0.00284
28329250,0,0,0.91731,0.07922,0.00347
21911621,0,0,0.94009,0.05768,0.00222
681923,0,0,0.89253,0.09801,0.00946
10813386,0,0,0.65709,0.33561,0.0073
24358786,0,1,0.35659,0.62097,0.02244
37854446,0,1,0.4467,0.53883,0.01447
39470756,0,0,0.89924,0.0889,0.01186
38870147,0,1,0.28574,0.51213,0.20213
5682427,0,0,0.86049,0.13615,0.00336
39275580,0,0,0.95489,0.04177,0.00334
21741745,0,0,0.97181,0.02677,0.00142
5108564,0,1,0.30996,0.64099,0.04904
26277905,0,0,0.91325,0.08225,0.0045
29084750,0,0,0.95352,0.04486,0.00162
24819850,0,0,0.96721,0.03112,0.00167
29329454,0,0,0.9423,0.05244,0.00526
31323024,0,0,0.66663,0.31985,0.01351
16133950,0,1,0.17317,0.80385,0.02298
35570666,0,0,0.97325,0.02485,0.00191
8380993,0,1,0.17112,0.80687,0.02201
14400082,0,0,0.86986,0.1263,0.00384
30202234,0,0,0.72929,0.2631,0.00761
18375476,0,0,0.97794,0.01998,0.00207
12228192,0,1,0.48073,0.49988,0.01938
28790423,0,2,0.06083,0.16858,0.77059
15378028,0,0,0.96309,0.03321,0.0037
20544532,0,0,0.62915,0.34881,0.02204
27286364,0,0,0.95828,0.03934,0.00238
11236628,0,1,0.4309,0.55762,0.01148
20561233,0,0,0.94946,0.04803,0.00251
31426398,0,1,0.46813,0.51014,0.02172
40316445,0,0,0.71867,0.19277,0.08856
8890361,0,2,0.01092,0.04386,0.94522
41210976,0,0,0.92089,0.07618,0.00293
9070954,0,0,0.97894,0.01965,0.0014
33425153,0,0,0.75735,0.23462,0.00803
20241848,0,0,0.97771,0.02037,0.00192
40963292,0,0,0.96572,0.03074,0.00354
34197359,0,0,0.82097,0.17276,0.00627
40610110,0,0,0.92015,0.07538,0.00447
33634162,0,1,0.04729,0.83171,0.121
11968607,0,1,0.42935,0.55561,0.01504
5957595,0,0,0.98593,0.01134,0.00273
11912552,0,0,0.88618,0.06102,0.05281
24992255,0,0,0.6871,0.3049,0.008
4759406,0,0,0.85902,0.12315,0.01783
26929371,0,0,0.90258,0.09229,0.00512
14156095,0,0,0.50639,0.3815,0.11211
28068348,0,0,0.94178,0.05557,0.00265
26111196,0,0,0.55575,0.41139,0.03286
23683116,0,0,0.89069,0.10555,0.00376
25140767,0,0,0.98713,0.0103,0.00256
17057317,0,0,0.98707,0.01145,0.00148
26436114,0,0,0.6144,0.37265,0.01295
41455971,0,0,0.9646,0.03367,0.00172
37483808,0,0,0.65317,0.33886,0.00797
38387407,0,1,0.40903,0.58135,0.00962
36226165,0,1,0.23168,0.7508,0.01752
41116232,0,0,0.81439,0.17137,0.01423
13144219,0,1,0.07746,0.76715,0.1554
31530913,0,0,0.69805,0.29557,0.00638
18593295,0,0,0.746,0.24793,0.00606
31801928,0,0,0.77642,0.20734,0.01624
20544271,0,0,0.96362,0.03434,0.00204
37610481,0,1,0.27915,0.70454,0.01631
13323204,0,1,0.10675,0.85452,0.03874
27045813,0,1,0.33165,0.64934,0.01901
36061831,0,0,0.89964,0.09557,0.0048
20729152,0,0,0.52248,0.32064,0.15688
24320551,0,0,0.94461,0.05277,0.00261
38035661,0,0,0.80902,0.1848,0.00618
7950252,0,1,0.04147,0.82648,0.13205
12925167,0,0,0.86684,0.12784,0.00532
40301398,0,1,0.37791,0.58303,0.03906
7865643,0,0,0.71345,0.26869,0.01786
40181464,0,0,0.89869,0.09659,0.00472
11508084,0,0,0.6797,0.31119,0.00911
22455176,0,1,0.44205,0.53321,0.02474
9773831,0,1,0.27314,0.70571,0.02114
12208657,0,0,0.87032,0.12272,0.00696
14161912,0,0,0.95515,0.04245,0.0024
671322,0,0,0.64419,0.34751,0.0083
30302730,0,0,0.98646,0.01117,0.00237
18203283,0,0,0.9799,0.01621,0.00388
32134309,0,0,0.802,0.19049,0.0075
38004894,0,0,0.93525,0.06127,0.00348
19069181,0,0,0.98081,0.01782,0.00136
23396644,0,2,0.02533,0.11583,0.85884
27046686,0,0,0.50623,0.47929,0.01447
37973172,0,0,0.92376,0.07228,0.00396
3026216,0,1,0.45363,0.53035,0.01602
25016013,0,0,0.51904,0.28086,0.20011
37351230,0,0,0.87483,0.11817,0.007
32387322,0,2,0.01796,0.31841,0.66363
30023306,0,0,0.97987,0.01774,0.00239
14723343,0,1,0.33386,0.64858,0.01756
2680569,0,0,0.98659,0.01144,0.00197
76613,0,0,0.82292,0.16078,0.0163
6879154,0,1,0.45783,0.49891,0.04326
37698748,0,0,0.7744,0.21758,0.00802
21408703,0,0,0.96893,0.02914,0.00193
24058330,0,0,0.97521,0.02325,0.00154
32099666,0,1,0.03341,0.48707,0.47952
36319422,0,0,0.98126,0.01715,0.0016
38372515,0,2,0.1537,0.06728,0.77902
12875637,0,1,0.4279,0.55374,0.01836
18515326,0,1,0.11761,0.80373,0.07865
17866496,0,0,0.74929,0.24517,0.00554
10903899,0,1,0.27961,0.69205,0.02834
23158319,0,0,0.43034,0.34444,0.22523
16224333,0,0,0.59466,0.38998,0.01536
10198588,0,0,0.78193,0.2121,0.00597
24869176,0,0,0.7425,0.22513,0.03237
32355944,0,0,0.7408,0.25205,0.00715
34243161,0,0,0.94788,0.04958,0.00254
12654788,0,0,0.8278,0.16492,0.00727
7644398,0,0,0.90465,0.09188,0.00347
265899,0,1,0.38552,0.60179,0.01269
30324803,0,0,0.98354,0.01308,0.00338
32911861,0,0,0.81877,0.17707,0.00416
33474711,0,1,0.05249,0.89821,0.04931
32398125,0,0,0.89566,0.09683,0.00751
9325967,0,0,0.97405,0.02391,0.00203
27801718,0,2,0.00863,0.02506,0.96632
30528480,0,0,0.58595,0.40272,0.01134
20579093,0,0,0.97584,0.02255,0.00161
29153315,0,1,0.03857,0.55797,0.40346
16081869,0,0,0.9499,0.04771,0.00239
35917827,0,0,0.93668,0.061,0.00232
23264386,0,0,0.92148,0.07535,0.00317
15634824,0,1,0.34374,0.41747,0.2388
13062210,0,0,0.94038,0.05658,0.00304
41032885,0,0,0.95973,0.03797,0.00231
28182035,0,0,0.91177,0.08514,0.00309
2474825,0,0,0.88599,0.11003,0.00398
33414809,0,0,0.98641,0.01199,0.0016
36139059,0,1,0.09918,0.85842,0.04241
33822141,0,0,0.70682,0.27896,0.01422
39931156,0,0,0.53771,0.37101,0.09128
26223407,0,0,0.75633,0.23799,0.00569
3083642,0,0,0.43099,0.38183,0.18718
13532069,0,0,0.70741,0.28582,0.00677
9124705,0,0,0.90347,0.09266,0.00387
35425544,0,0,0.91475,0.08247,0.00278
2662257,0,0,0.9746,0.02402,0.00138
3009668,0,0,0.98531,0.01221,0.00248
34636960,0,0,0.95267,0.04493,0.0024
35660490,0,0,0.57999,0.40807,0.01194
35994576,0,0,0.98898,0.00925,0.00177
6600470,0,1,0.45757,0.52665,0.01578
38535387,0,0,0.81044,0.18013,0.00944
8110011,0,0,0.98259,0.01588,0.00152
31568188,0,0,0.92011,0.07642,0.00348
31398649,0,1,0.30538,0.67487,0.01975
9338304,0,0,0.85941,0.13413,0.00646
37752529,0,0,0.87657,0.11956,0.00387
20727902,0,0,0.66131,0.29003,0.04866
8137621,0,0,0.97336,0.02461,0.00203
30145782,0,0,0.76537,0.22713,0.0075
34466006,0,2,0.05605,0.12029,0.82366
36885562,0,0,0.94277,0.05393,0.0033
40573043,0,0,0.86878,0.12346,0.00776
23639718,0,1,0.39888,0.58491,0.01621
33852491,0,0,0.93574,0.06038,0.00388
41532232,0,0,0.8557,0.08742,0.05688
18157624,0,0,0.65754,0.33323,0.00923
28770210,0,0,0.92307,0.07365,0.00328
37369738,0,0,0.97712,0.02129,0.00159
13810912,0,0,0.62389,0.27739,0.09871
39724808,0,0,0.74404,0.25118,0.00478
37424335,0,0,0.96266,0.0351,0.00224
14926261,0,0,0.65908,0.31871,0.0222
9275931,0,0,0.94905,0.04737,0.00359
16532458,0,1,0.10148,0.84799,0.05053
41151819,0,0,0.96722,0.03091,0.00187
7847543,0,0,0.94575,0.05062,0.00363
7289467,0,0,0.97554,0.02308,0.00138
6341288,0,0,0.81452,0.18033,0.00516
32324468,0,0,0.74415,0.19757,0.05829
28108381,0,0,0.41538,0.23552,0.3491
29846697,0,1,0.08361,0.78407,0.13232
29762051,0,2,0.04422,0.24762,0.70816
37669368,0,0,0.95868,0.03969,0.00163
25664563,0,0,0.93221,0.06319,0.0046
19415950,0,0,0.98838,0.00925,0.00237
10746038,0,1,0.19289,0.781,0.02611
24711144,0,0,0.75778,0.15653,0.08569
33118929,0,0,0.8005,0.19088,0.00862
5110084,0,0,0.67985,0.31126,0.0089
14611659,0,0,0.93449,0.06267,0.00284
9965475,0,0,0.65794,0.312,0.03006
6117584,0,0,0.98115,0.01735,0.0015
32748644,0,1,0.43371,0.55256,0.01373
37214500,0,0,0.66188,0.31265,0.02546
37782570,0,2,0.0824,0.08208,0.83551
16870828,0,0,0.78464,0.20791,0.00746
22014198,0,0,0.98565,0.01175,0.0026
18062963,0,0,0.9705,0.02748,0.00203
16944307,0,0,0.89967,0.09464,0.00569
33369630,0,0,0.9729,0.0237,0.0034
31859992,0,0,0.75025,0.24262,0.00713
14706700,0,0,0.94717,0.04851,0.00432
16714340,0,0,0.77641,0.21644,0.00715
11346124,0,0,0.97524,0.02294,0.00182
26328677,0,0,0.94732,0.05026,0.00242
36789708,0,0,0.98699,0.01122,0.00179
12834073,0,0,0.91156,0.05626,0.03218
40477685,0,0,0.913,0.08361,0.0034
37847934,0,0,0.93488,0.05703,0.00809
17869803,0,0,0.49363,0.49363,0.01275
39638101,0,0,0.97094,0.02328,0.00577
15204908,0,0,0.8637,0.12939,0.00691
4412198,0,0,0.96875,0.0296,0.00165
27700719,0,0,0.95093,0.0466,0.00247
18239037,0,0,0.9057,0.08924,0.00506
10116054,0,0,0.96329,0.03283,0.00388
20177311,0,0,0.98346,0.01464,0.0019
29347209,0,0,0.95307,0.04488,0.00205
40158826,0,0,0.80424,0.1888,0.00696
38010082,0,0,0.95059,0.04665,0.00275
27372388,0,0,0.81991,0.17254,0.00755
40643779,0,0,0.93328,0.06266,0.00406
34679322,0,0,0.78607,0.20829,0.00564
14307270,0,0,0.98213,0.01625,0.00162
25397142,0,0,0.98388,0.01471,0.00141
24109063,0,0,0.68496,0.30158,0.01346
32925785,0,0,0.95943,0.03706,0.00351
33642984,0,0,0.90899,0.08251,0.0085
4060994,0,0,0.91328,0.07763,0.00909
34433057,0,1,0.29289,0.41649,0.29062
4904566,0,0,0.97639,0.02178,0.00183
23155332,0,0,0.81926,0.17307,0.00766
4194932,0,0,0.98396,0.01454,0.0015
23166144,0,0,0.64023,0.3387,0.02107
4809283,0,0,0.9654,0.02904,0.00556
18632759,0,0,0.86542,0.1299,0.00469
40809367,0,0,0.77681,0.20908,0.01412
16222441,0,0,0.77069,0.22254,0.00677
34473613,0,0,0.98747,0.01097,0.00156
31113073,0,1,0.22416,0.70134,0.0745
13653395,0,2,0.06224,0.21428,0.72348
30884879,0,0,0.95056,0.04722,0.00221
16292056,0,0,0.753,0.23973,0.00727
17632549,0,0,0.68935,0.30352,0.00714
36664981,0,0,0.9167,0.07924,0.00405
19367908,0,0,0.52081,0.46685,0.01234
37528993,0,0,0.66089,0.33232,0.00679
7820964,0,0,0.83474,0.15746,0.00781
14053485,0,0,0.55116,0.43943,0.00941
29923470,0,2,0.0097,0.02373,0.96657
7265423,0,0,0.68014,0.31383,0.00602
9763982,0,0,0.97029,0.02821,0.00151
14939363,0,0,0.95177,0.04525,0.00298
17293186,0,0,0.94983,0.04583,0.00433
25664521,0,1,0.23586,0.73076,0.03339
28171069,0,0,0.97224,0.02546,0.0023
22732031,0,0,0.91726,0.07875,0.00399
28409503,0,0,0.95274,0.04458,0.00268
13668441,0,1,0.37632,0.60608,0.0176
37307808,0,1,0.43066,0.55731,0.01203
38184911,0,0,0.9639,0.03435,0.00175
32626307,0,0,0.9346,0.06219,0.00322
28052885,0,1,0.08699,0.87682,0.03619
14929409,0,0,0.61888,0.36668,0.01444
23150621,0,1,0.25183,0.7344,0.01377
27416611,0,0,0.56312,0.40088,0.036
15327467,0,0,0.77418,0.21667,0.00916
33060802,0,0,0.88697,0.10866,0.00437
14884042,0,0,0.95337,0.04334,0.00328
36933419,0,0,0.97173,0.02667,0.0016
18864970,0,1,0.11209,0.55391,0.334
32672832,0,0,0.96473,0.0336,0.00167
41567637,0,0,0.98282,0.01534,0.00184
9241013,0,0,0.98662,0.01153,0.00185
2086492,0,0,0.79863,0.11687,0.0845
41228618,0,0,0.90056,0.09679,0.00265
30808546,0,0,0.92115,0.07502,0.00382
2746769,0,1,0.05245,0.71839,0.22916
20511774,0,1,0.13492,0.82088,0.04419
41230684,0,0,0.96791,0.02929,0.0028
29019637,0,0,0.9868,0.01167,0.00153
6118625,0,1,0.41308,0.56241,0.02452
15531588,0,0,0.7939,0.19995,0.00616
25803459,0,0,0.88792,0.10856,0.00352
10157926,0,1,0.27366,0.70705,0.01929
21093355,0,0,0.94002,0.05824,0.00173
20783540,0,0,0.59368,0.38935,0.01697
13748080,0,1,0.06445,0.87594,0.05961
35573453,0,0,0.77977,0.21235,0.00789
36918580,0,0,0.9717,0.0263,0.002
13008198,0,0,0.66119,0.32988,0.00893
40540073,0,0,0.69617,0.28571,0.01812
24603483,0,0,0.65988,0.33181,0.00831
3388917,0,0,0.88051,0.11595,0.00354
24852037,0,0,0.8784,0.11612,0.00547
21736606,0,0,0.91834,0.07557,0.00609
16802726,0,0,0.97576,0.02281,0.00142
32151914,0,0,0.54075,0.20888,0.25037
40200031,0,0,0.81232,0.17984,0.00784
18549686,0,2,0.09251,0.20225,0.70524
30587233,0,0,0.73871,0.25529,0.006
37436913,0,1,0.34823,0.64049,0.01128
29881903,0,0,0.95099,0.04702,0.00199
34993074,0,0,0.97874,0.01931,0.00195
25146598,0,1,0.30938,0.6731,0.01752
36994283,0,0,0.52582,0.43084,0.04333
38405913,0,0,0.76144,0.23042,0.00813
21529317,0,1,0.15381,0.8129,0.03329
29633118,0,0,0.78479,0.2104,0.00481
15657228,0,0,0.93826,0.05871,0.00303
4953940,0,1,0.18748,0.78242,0.0301
35724819,0,0,0.44592,0.41322,0.14086
22758871,0,0,0.97897,0.01931,0.00172
41311983,0,0,0.88132,0.11031,0.00837
20767523,0,0,0.96884,0.02931,0.00184
22289306,0,0,0.94467,0.04703,0.0083
33906472,0,0,0.85259,0.13918,0.00823
41537775,0,1,0.4702,0.5124,0.0174
39474833,0,0,0.81509,0.16559,0.01932
5714325,0,2,0.2939,0.26319,0.44292
22805642,0,0,0.98655,0.01046,0.003
39036701,0,0,0.93922,0.05814,0.00264
23470119,0,0,0.91816,0.07837,0.00347
16267851,0,0,0.97657,0.02174,0.00169
22375721,0,1,0.1615,0.79065,0.04785
6810438,0,0,0.89326,0.1022,0.00454
30324984,0,0,0.79942,0.19591,0.00468
35509932,0,0,0.91626,0.08101,0.00274
32073606,0,0,0.87038,0.12539,0.00422
30804224,0,0,0.83175,0.16314,0.0051
27181396,0,0,0.98159,0.01709,0.00132
35225366,0,0,0.97878,0.0195,0.00172
27879872,0,0,0.9847,0.0134,0.0019
795786,0,1,0.3139,0.67236,0.01374
25529351,0,0,0.95823,0.04016,0.00161
28133146,0,0,0.94486,0.05134,0.0038
5587618,0,1,0.40912,0.55485,0.03603
41120227,0,1,0.12096,0.85385,0.02519
31363111,0,0,0.82445,0.1708,0.00475
12195545,0,0,0.84459,0.15084,0.00457
39286774,0,0,0.98381,0.01403,0.00215
27433690,0,0,0.96738,0.03105,0.00157
18823716,0,0,0.90145,0.09613,0.00242
29211350,0,0,0.95129,0.04554,0.00317
35645089,0,0,0.97897,0.01946,0.00157
14352740,0,0,0.74296,0.24692,0.01011
28408730,0,1,0.3926,0.5472,0.06021
29159100,0,0,0.97058,0.02727,0.00216
9764947,0,0,0.86591,0.12671,0.00738
24271925,0,0,0.85337,0.14261,0.00401
40044287,0,0,0.66193,0.33025,0.00783
27784348,0,0,0.93994,0.0504,0.00966
31318451,0,1,0.2373,0.7338,0.0289
3431190,0,0,0.77538,0.16293,0.06169
4508959,0,0,0.85772,0.13785,0.00443
41345853,0,0,0.98386,0.01459,0.00155
26942566,0,1,0.13516,0.84388,0.02096
11485604,0,0,0.9156,0.08016,0.00424
38623184,0,0,0.7901,0.20055,0.00934
28590329,0,0,0.94927,0.04869,0.00204
9035539,0,0,0.93486,0.05904,0.00611
16525454,0,0,0.92232,0.07424,0.00343
27466647,0,1,0.09075,0.84272,0.06652
33237679,0,0,0.85166,0.13903,0.00931
21465389,0,0,0.67653,0.31462,0.00886
13236266,0,0,0.9853,0.01331,0.00139
16181943,0,0,0.8882,0.10691,0.00488
15296652,0,1,0.17969,0.62716,0.19315
34606502,0,1,0.36748,0.60116,0.03137
11960317,0,0,0.63037,0.3536,0.01603
39164251,0,1,0.2817,0.69994,0.01836
19750848,0,0,0.93653,0.06075,0.00271
24735023,0,0,0.97009,0.02647,0.00344
37623082,0,0,0.87716,0.11871,0.00413
26428081,0,0,0.72871,0.25481,0.01648
22073339,0,0,0.9678,0.02917,0.00303
10776093,0,1,0.23345,0.71626,0.05029
27865324,0,0,0.6985,0.28666,0.01484
34353596,0,0,0.63983,0.3506,0.00956
31362573,0,0,0.86695,0.12836,0.00469
39016309,0,0,0.80534,0.18612,0.00854
264843,0,0,0.92778,0.07016,0.00206
27023417,0,0,0.93313,0.06412,0.00275
4665806,0,0,0.94349,0.05428,0.00223
3483801,0,1,0.3678,0.53829,0.09391
41577458,0,0,0.89501,0.09983,0.00516
878282,0,0,0.5102,0.47929,0.01051
4706647,0,1,0.30271,0.36583,0.33147
3755786,0,0,0.92919,0.06601,0.0048
33200637,0,0,0.97085,0.0231,0.00605
30266655,0,0,0.80217,0.17759,0.02024
445867,0,0,0.92634,0.07129,0.00237
28647481,0,0,0.93234,0.0652,0.00246
3701667,0,0,0.91821,0.07456,0.00723
12342647,0,0,0.95631,0.04116,0.00252
34327739,0,0,0.93185,0.06523,0.00292
27717221,0,0,0.89084,0.10434,0.00482
39067836,0,0,0.86494,0.13059,0.00447
40321467,0,0,0.82688,0.16539,0.00774
23380678,0,0,0.85124,0.14337,0.00539
2194307,0,0,0.91002,0.08648,0.00349
11912975,0,1,0.34121,0.64246,0.01634
28570028,0,0,0.93191,0.06543,0.00266
15725570,0,0,0.91918,0.07785,0.00297
24875807,0,0,0.54854,0.38746,0.064
10228487,0,0,0.75179,0.23749,0.01072
11858911,0,0,0.48767,0.24811,0.26422
22926499,0,0,0.79648,0.19595,0.00757
36933205,0,0,0.91058,0.08486,0.00456
17563396,0,0,0.94512,0.05214,0.00274
20902924,0,0,0.62345,0.36082,0.01573
6393318,0,0,0.80151,0.18669,0.0118
29085772,0,0,0.5525,0.43706,0.01044
14755921,0,0,0.95819,0.03968,0.00213
18630790,0,0,0.63932,0.35306,0.00762
19621790,0,0,0.60367,0.38672,0.00961
18407265,0,0,0.98128,0.01605,0.00267
3031476,0,0,0.86731,0.12495,0.00774
11326221,0,0,0.53938,0.45067,0.00996
35869511,0,0,0.53602,0.45137,0.01261
13647390,0,1,0.10797,0.85587,0.03616
22961322,0,1,0.31474,0.67154,0.01372
9596882,0,1,0.39312,0.59014,0.01674
8882896,0,1,0.48465,0.50395,0.0114
29678473,0,1,0.39754,0.58752,0.01494
25271712,0,0,0.58129,0.26796,0.15075
37428542,0,0,0.96248,0.0358,0.00172
16422416,0,0,0.81718,0.17811,0.00471
6110174,0,1,0.41185,0.4676,0.12056
3035510,0,0,0.85432,0.14001,0.00567
18631407,0,0,0.74682,0.24341,0.00978
15392535,0,0,0.69705,0.29515,0.0078
36212127,0,0,0.98235,0.01533,0.00232
12768243,0,1,0.43352,0.55232,0.01416
26936502,0,0,0.6335,0.35815,0.00836
5564447,0,0,0.66654,0.32106,0.0124
19466116,0,0,0.71995,0.27326,0.00679
13200097,0,0,0.97218,0.02576,0.00206
13768731,0,0,0.7741,0.19344,0.03245
37917540,0,0,0.96446,0.03329,0.00225
34121425,0,0,0.90066,0.09373,0.00561
7241029,0,1,0.16927,0.79075,0.03999
12158859,0,0,0.95486,0.04284,0.00229
39565912,0,0,0.83339,0.1572,0.0094
25148657,0,1,0.36283,0.54895,0.08822
11594485,0,0,0.60697,0.37983,0.0132
9249631,0,0,0.79629,0.19514,0.00857
30229107,0,0,0.95267,0.0443,0.00303
17716272,0,1,0.04835,0.65198,0.29967
35233079,0,0,0.90509,0.09085,0.00406
14280431,0,0,0.9685,0.02742,0.00408
8707570,0,0,0.91983,0.07617,0.004
14728827,0,0,0.97547,0.02276,0.00177
39991185,0,1,0.40051,0.57147,0.02801
22613867,0,1,0.43969,0.53452,0.02579
11217813,0,0,0.67038,0.30216,0.02745
2481986,0,0,0.52625,0.46441,0.00934
14789206,0,0,0.91305,0.08345,0.00351
40804760,0,0,0.85819,0.13846,0.00335
36792944,0,0,0.98793,0.01051,0.00156
36687234,0,0,0.62022,0.24876,0.13102
33998173,0,1,0.16813,0.70371,0.12816
28860306,0,0,0.9871,0.01127,0.00163
37048827,0,0,0.93899,0.05542,0.00558
19715511,0,0,0.85268,0.13784,0.00947
32918000,0,0,0.96243,0.0353,0.00228
26056823,0,1,0.37844,0.57706,0.0445
29020641,0,0,0.97658,0.02204,0.00138
37810327,0,0,0.97523,0.02303,0.00174
5637494,0,1,0.08234,0.88182,0.03583
33831585,0,0,0.76864,0.22282,0.00854
25505349,0,0,0.92014,0.07747,0.00239
21493107,0,0,0.55461,0.43193,0.01346
4551389,0,0,0.76524,0.21925,0.01551
40849403,0,0,0.97888,0.01901,0.00211
12282495,0,0,0.73812,0.25509,0.0068
17765710,0,1,0.31217,0.67128,0.01654
31548734,0,0,0.98513,0.013,0.00187
3768340,0,1,0.34627,0.63193,0.02179
32894187,0,0,0.73707,0.18645,0.07648
26985866,0,0,0.70114,0.28551,0.01335
14388044,0,0,0.6803,0.30664,0.01306
10883878,0,0,0.83002,0.15903,0.01095
33824278,0,0,0.9309,0.06479,0.00431
15602654,0,0,0.46267,0.44148,0.09585
24836006,0,0,0.90679,0.09067,0.00255
7829952,0,0,0.83176,0.15177,0.01647
6518362,0,0,0.82978,0.15961,0.01061
31196701,0,0,0.96874,0.02684,0.00442
41595390,0,0,0.81487,0.18111,0.00402
32567110,0,1,0.27186,0.7079,0.02024
20910962,0,0,0.88971,0.09818,0.01211
26187105,0,0,0.6346,0.34368,0.02171
17401484,0,1,0.13605,0.7648,0.09915
33728535,0,0,0.71969,0.27104,0.00927
30793166,0,0,0.87374,0.12153,0.00473
31629167,0,0,0.53735,0.42342,0.03923
13092217,0,0,0.9637,0.03419,0.00211
29429240,0,0,0.8633,0.13188,0.00482
22224750,0,0,0.98352,0.01408,0.0024
27273924,0,1,0.43175,0.55437,0.01388
27755059,0,0,0.81143,0.18176,0.0068
16974202,0,1,0.43191,0.55027,0.01783
22463617,0,0,0.97633,0.02066,0.00301
22025850,0,1,0.22577,0.75488,0.01935
10764202,0,0,0.95045,0.04515,0.0044
12774404,0,0,0.96686,0.02925,0.00389
2756924,0,0,0.96603,0.0321,0.00186
40325451,0,0,0.93226,0.06438,0.00336
6209534,0,1,0.1817,0.58884,0.22946
30457316,0,0,0.95255,0.03781,0.00963
10788724,0,1,0.21246,0.76958,0.01796
29885548,0,0,0.8668,0.12342,0.00978
33378166,0,0,0.95732,0.03986,0.00282
24763367,0,0,0.98311,0.01552,0.00137
8613711,0,0,0.98284,0.01504,0.00212
40874299,0,0,0.90127,0.09462,0.00411
29069506,0,0,0.89433,0.10152,0.00414
24822880,0,1,0.17636,0.69821,0.12543
30460493,0,0,0.74878,0.21537,0.03585
2674910,0,0,0.90815,0.0848,0.00704
18907364,0,0,0.5627,0.4053,0.03199
8005074,0,2,0.04788,0.04864,0.90348
39233442,0,0,0.96886,0.02892,0.00222
37048910,0,0,0.66988,0.31643,0.01369
27832039,0,0,0.90583,0.09004,0.00413
41169803,0,1,0.22756,0.73027,0.04218
34895996,0,0,0.62752,0.34927,0.02322
36501292,0,2,0.01935,0.15794,0.82271
7769062,0,0,0.96902,0.02938,0.0016
20533666,0,0,0.96438,0.03303,0.00258
32313030,0,1,0.12854,0.80293,0.06853
41471580,0,0,0.51406,0.45013,0.03581
25840161,0,0,0.78652,0.20678,0.0067
35175004,0,0,0.73701,0.25371,0.00928
30218792,0,0,0.97785,0.02014,0.00201
31740346,0,0,0.97578,0.02224,0.00197
35927901,0,0,0.92682,0.06968,0.0035
21071426,0,0,0.48598,0.47287,0.04116
16970116,0,0,0.96682,0.02863,0.00455
14908121,0,0,0.87838,0.11365,0.00796
33624703,0,0,0.66018,0.33196,0.00787
2695169,0,1,0.28758,0.68719,0.02523
25442886,0,1,0.1433,0.78301,0.07369
14560109,0,0,0.78105,0.19404,0.02491
29407645,0,1,0.39769,0.56967,0.03264
2403656,0,0,0.89277,0.10335,0.00388
31155273,0,0,0.91634,0.07821,0.00545
16529849,0,0,0.83547,0.14377,0.02075
26759860,0,2,0.04176,0.037,0.92124
9171238,0,0,0.62862,0.36098,0.0104
34115922,0,1,0.16137,0.80916,0.02947
21960904,0,0,0.54118,0.44516,0.01365
2633089,0,1,0.3262,0.63618,0.03761
28470267,0,0,0.95729,0.04048,0.00223
40228185,0,0,0.87326,0.11658,0.01017
22337010,0,0,0.88348,0.11188,0.00464
19295753,0,0,0.72813,0.26064,0.01123
33519049,0,0,0.96735,0.02985,0.0028
18436264,0,0,0.94939,0.04863,0.00198
5731173,0,0,0.87434,0.11833,0.00733
2770169,0,0,0.63343,0.34982,0.01675
40284769,0,1,0.21332,0.74309,0.04359
15339484,0,1,0.26709,0.65081,0.0821
1303234,0,0,0.593,0.38437,0.02264
20409171,0,0,0.70769,0.2826,0.00971
2768778,0,0,0.77892,0.21295,0.00813
15683935,0,0,0.98657,0.01194,0.00148
31601250,0,0,0.80979,0.17041,0.0198
14541628,0,0,0.84026,0.15483,0.00492
41083717,0,0,0.98788,0.01027,0.00185
14547613,0,0,0.98714,0.01101,0.00185
13738383,0,0,0.92281,0.07443,0.00276
10596590,0,0,0.75549,0.23865,0.00586
40483546,0,0,0.76037,0.2292,0.01043
25946519,0,1,0.29138,0.69626,0.01236
36550982,0,2,0.00716,0.01745,0.97539
29796097,0,0,0.77402,0.21494,0.01104
18000133,0,0,0.61573,0.37056,0.01371
41202170,0,0,0.96999,0.02817,0.00184
1525399,0,0,0.98552,0.01295,0.00153
36913580,0,0,0.61127,0.37366,0.01507
37259991,0,0,0.97949,0.01906,0.00145
9761527,0,0,0.97221,0.02642,0.00137
6467600,0,0,0.79632,0.19668,0.007
21975431,0,0,0.54534,0.44163,0.01303
34224500,0,0,0.54848,0.43389,0.01763
36918569,0,0,0.9821,0.01638,0.00152
21129901,0,0,0.93778,0.05808,0.00414
9904771,0,0,0.6639,0.3261,0.01
26705630,0,1,0.3697,0.61431,0.01599
17445459,0,0,0.96675,0.03089,0.00236
40519892,0,0,0.79685,0.19604,0.00711
7745379,0,0,0.90906,0.08673,0.00421
35285118,0,0,0.97382,0.02391,0.00227
34760393,0,1,0.20436,0.77124,0.02441
16598992,0,1,0.14719,0.77652,0.07629
13253328,0,0,0.96495,0.03356,0.0015
29947805,0,0,0.77787,0.21349,0.00864
36916099,0,0,0.96442,0.03319,0.00239
5924993,0,0,0.88134,0.11471,0.00396
35131423,0,0,0.90906,0.08673,0.00421
1087904,0,1,0.43424,0.55324,0.01251
26761843,0,0,0.68738,0.30383,0.00879
7954810,0,0,0.94313,0.05401,0.00286
38290151,0,0,0.61442,0.37853,0.00704
9324065,0,0,0.69236,0.29662,0.01102
11273855,0,0,0.94694,0.05095,0.0021
9183084,0,0,0.96791,0.02906,0.00303
32302742,0,0,0.92425,0.07246,0.00328
27461597,0,0,0.87092,0.12232,0.00675
40512544,0,0,0.54604,0.41378,0.04018
21674637,0,0,0.67482,0.31628,0.0089
6045111,0,1,0.34194,0.63386,0.0242
33815031,0,0,0.89182,0.10364,0.00454
24308320,0,1,0.4405,0.54821,0.01129
30241387,0,0,0.97057,0.02775,0.00168
17211441,0,0,0.98402,0.01465,0.00133
27672142,0,1,0.31645,0.64425,0.0393
31874517,0,0,0.86138,0.11005,0.02857
14077831,0,0,0.85129,0.13816,0.01055
21073253,0,0,0.97477,0.02374,0.00149
33162034,0,0,0.90637,0.0866,0.00703
18546064,0,0,0.85346,0.14097,0.00557
27497236,0,0,0.98201,0.01606,0.00193
11012623,0,1,0.31211,0.63792,0.04997
30652972,0,1,0.36967,0.60948,0.02086
5166454,0,2,0.28266,0.26698,0.45036
18639133,0,0,0.98763,0.01063,0.00174
22397536,0,0,0.96642,0.03107,0.00251
4330963,0,0,0.97939,0.01924,0.00136
20829767,0,1,0.13591,0.79365,0.07044
17479820,0,0,0.91389,0.08255,0.00356
17436396,0,0,0.93127,0.06616,0.00258
2088907,0,0,0.80118,0.18808,0.01074
22876573,0,0,0.97531,0.02088,0.0038
8656375,0,0,0.83743,0.15735,0.00522
39076001,0,0,0.74964,0.23405,0.01631
23012526,0,0,0.97835,0.0193,0.00235
14819273,0,0,0.58132,0.37096,0.04772
37546530,0,0,0.91943,0.07764,0.00293
12631475,0,1,0.40235,0.58541,0.01225
23798628,0,0,0.95343,0.03029,0.01628
5716607,0,0,0.69088,0.24827,0.06084
39834745,0,0,0.9364,0.06072,0.00289
36176059,0,0,0.92594,0.07154,0.00252
30866015,0,1,0.47572,0.5064,0.01788
27832535,0,0,0.70185,0.2903,0.00786
13923669,0,0,0.9685,0.02874,0.00276
26062195,0,0,0.87865,0.11753,0.00382
15720201,0,0,0.64728,0.34377,0.00895
33388992,0,0,0.69713,0.29518,0.00768
33089981,0,0,0.96133,0.03676,0.00191
14051119,0,0,0.94825,0.04977,0.00198
40177317,0,2,0.01047,0.11795,0.87158
26394833,0,0,0.76616,0.22559,0.00825
33549161,0,0,0.76914,0.22296,0.0079
10615340,0,1,0.2611,0.68121,0.05769
24098718,0,0,0.90958,0.08594,0.00448
29530809,0,0,0.90679,0.08978,0.00343
27336071,0,0,0.94986,0.04789,0.00225
32854385,0,0,0.83159,0.16121,0.00719
3430327,0,1,0.34084,0.39577,0.26338
40506326,0,0,0.94548,0.05218,0.00234
24877132,0,0,0.82091,0.17478,0.00431
39184586,0,0,0.94267,0.0519,0.00543
26456892,0,0,0.81528,0.17291,0.01181
16595011,0,0,0.83195,0.16002,0.00803
16481338,0,0,0.90172,0.09248,0.0058
24541361,0,0,0.95791,0.03714,0.00495
25227012,0,0,0.9263,0.06991,0.00379
17399942,0,1,0.3412,0.63002,0.02878
20914892,0,0,0.961,0.03714,0.00186
35392346,0,0,0.96777,0.03048,0.00176
3901450,0,1,0.37871,0.60755,0.01374
32086099,0,0,0.81285,0.18208,0.00507
35130694,0,2,0.12082,0.17156,0.70762
30356083,0,0,0.98717,0.01014,0.00269
34430023,0,0,0.98419,0.0146,0.00121
14397277,0,0,0.91291,0.08409,0.003
34298807,0,0,0.98544,0.01275,0.00182
34729703,0,0,0.7944,0.19544,0.01016
40557662,0,0,0.91652,0.07931,0.00418
11148839,0,0,0.9468,0.05046,0.00274
24056964,0,0,0.82606,0.1698,0.00414
665263,0,0,0.98515,0.01156,0.00329
33305632,0,0,0.60502,0.3684,0.02658
23249868,0,0,0.62343,0.34429,0.03228
7381909,0,0,0.90678,0.08839,0.00483
34963502,0,0,0.97674,0.02092,0.00235
37818055,0,1,0.26862,0.71605,0.01533
39632708,0,1,0.05351,0.47694,0.46955
2372760,0,0,0.84449,0.14906,0.00645
41092147,0,0,0.96309,0.03508,0.00183
38397123,0,0,0.96465,0.03089,0.00447
17884177,0,0,0.97312,0.02494,0.00194
35926158,0,0,0.98704,0.01163,0.00133
13790767,0,0,0.98595,0.01231,0.00173
15690612,0,0,0.91601,0.08098,0.00301
3212128,0,0,0.93295,0.06474,0.00231
31388179,0,0,0.94075,0.05677,0.00248
34361875,0,0,0.92827,0.06567,0.00606
13024056,0,0,0.49612,0.48086,0.02302
17401164,0,0,0.80121,0.1933,0.00548
7744043,0,0,0.89585,0.10032,0.00384
19483269,0,0,0.6058,0.38507,0.00913
12025731,0,1,0.16996,0.65536,0.17467
9377956,0,0,0.77664,0.2066,0.01676
14656198,0,0,0.89942,0.09461,0.00597
19431099,0,0,0.9832,0.01481,0.00199
8357178,0,1,0.38919,0.59344,0.01737
39801821,0,0,0.5484,0.44065,0.01095
31445775,0,0,0.97935,0.01924,0.0014
12315315,0,0,0.53974,0.41383,0.04643
4723644,0,1,0.12387,0.82686,0.04927
10412101,0,0,0.51502,0.47632,0.00866
19410516,0,0,0.82644,0.16725,0.00631
32854627,0,0,0.97252,0.02532,0.00216
26436156,0,0,0.91209,0.08418,0.00373
29269087,0,0,0.72135,0.23465,0.044
31197057,0,0,0.91285,0.08376,0.0034
13815886,0,0,0.98626,0.01189,0.00185
21570389,0,0,0.97319,0.02556,0.00125
22079567,0,0,0.93917,0.05853,0.00229
41342484,0,0,0.96248,0.03509,0.00242
27837760,0,0,0.95712,0.03974,0.00314
4641799,0,1,0.16375,0.80131,0.03493
30118736,0,0,0.92777,0.0678,0.00443
25948753,0,1,0.27483,0.70732,0.01785
25594835,0,0,0.98423,0.01432,0.00146
14300511,0,1,0.39207,0.59319,0.01473
14281772,0,0,0.91713,0.07813,0.00474
2149987,0,0,0.75926,0.22356,0.01717
22674256,0,0,0.85521,0.14016,0.00463
15343669,0,0,0.93305,0.06412,0.00283
25064347,0,0,0.94934,0.04759,0.00307
20228119,0,0,0.79016,0.20452,0.00532
33435828,0,1,0.21545,0.7246,0.05995
19073738,0,0,0.90563,0.09037,0.004
25988723,0,0,0.96584,0.02917,0.00499
455007,0,0,0.96359,0.03362,0.00279
37778986,0,0,0.77582,0.18645,0.03773
6808042,0,1,0.38183,0.4243,0.19388
19856321,0,0,0.57897,0.39175,0.02928
31809224,0,0,0.94072,0.05672,0.00256
21879364,0,0,0.96611,0.03118,0.00271
4182569,0,0,0.61153,0.35117,0.0373
28805701,0,0,0.81816,0.16525,0.01659
39356600,0,0,0.97527,0.02285,0.00188
33510380,0,1,0.17902,0.79918,0.0218
30601848,0,0,0.91798,0.07881,0.00321
7491021,0,0,0.8283,0.15932,0.01238
36402619,0,0,0.80909,0.18554,0.00537
23362001,0,0,0.62408,0.35283,0.02309
28419919,0,0,0.91164,0.08546,0.0029
38859970,0,0,0.61843,0.37218,0.00939
20962666,0,2,0.06149,0.25639,0.68212
17630657,0,0,0.85641,0.1363,0.00729
28505113,0,1,0.34746,0.63907,0.01347
25466621,0,0,0.69003,0.30381,0.00616
28537273,0,0,0.92375,0.07235,0.00389
12778270,0,1,0.41676,0.56964,0.01361
7174792,0,0,0.7981,0.1933,0.00859
11938107,0,1,0.37875,0.40397,0.21729
30542046,0,0,0.74693,0.24249,0.01057
35223064,0,0,0.82637,0.16789,0.00574
32499676,0,0,0.72349,0.27035,0.00616
39121681,0,0,0.9876,0.00991,0.00249
16117500,0,1,0.07147,0.89662,0.0319
24810944,0,0,0.71592,0.27386,0.01021
31696487,0,0,0.94508,0.05196,0.00296
14993879,0,0,0.94409,0.0524,0.00351
29415206,0,0,0.63472,0.29517,0.07011
30217943,0,0,0.96884,0.02852,0.00264
16596566,0,1,0.11539,0.8104,0.07421
15315042,0,0,0.98288,0.0151,0.00202
25156958,0,0,0.81564,0.17987,0.00449
25353743,0,0,0.9456,0.05166,0.00274
25008364,0,0,0.80394,0.19021,0.00586
28265843,0,0,0.97726,0.02138,0.00136
5765905,0,0,0.98533,0.01255,0.00212
22557589,0,0,0.84315,0.15235,0.00449
30626040,0,0,0.85852,0.13798,0.00351
1573086,0,0,0.85393,0.14049,0.00558
18235467,0,0,0.79316,0.1862,0.02065
32930047,0,0,0.90583,0.09075,0.00342
14541981,0,0,0.97965,0.01837,0.00198
10810620,0,0,0.9787,0.01969,0.00162
31221016,0,0,0.98312,0.0154,0.00148
26317718,0,0,0.83616,0.15958,0.00425
18830419,0,1,0.06233,0.69684,0.24082
40695041,0,2,0.03204,0.25005,0.71791
7944823,0,0,0.96842,0.02988,0.0017
35007086,0,0,0.96147,0.03428,0.00425
20039830,0,0,0.78372,0.20848,0.0078
3034546,0,0,0.81084,0.18449,0.00467
29745499,0,0,0.83236,0.15948,0.00816
40808974,0,0,0.95471,0.04261,0.00268
5112463,0,0,0.98411,0.01448,0.00141
33762719,0,1,0.24557,0.736,0.01843
22163292,0,0,0.94997,0.04792,0.00211
15751294,0,0,0.95004,0.04729,0.00267
23501738,0,0,0.97604,0.02199,0.00197
27518008,0,0,0.95695,0.03596,0.00708
24099163,0,1,0.18435,0.76095,0.05469
2717784,0,0,0.86712,0.12788,0.005
41378611,0,0,0.98808,0.00976,0.00216
6210015,0,0,0.86367,0.13014,0.00619
6210206,0,0,0.84478,0.14424,0.01097
27923733,0,0,0.92695,0.06908,0.00397
16577435,0,0,0.61644,0.37682,0.00674
27472556,0,0,0.97417,0.02392,0.00191
35202537,0,0,0.97628,0.02165,0.00207
35494012,0,1,0.04847,0.80712,0.14441
8035919,0,0,0.80669,0.18644,0.00687
16091755,0,0,0.96354,0.03422,0.00224
29758214,0,0,0.98499,0.01305,0.00196
37677663,0,0,0.71305,0.26854,0.01842
32880521,0,0,0.75428,0.23827,0.00745
40754549,0,0,0.97722,0.02138,0.0014
31495453,0,0,0.97439,0.02387,0.00174
12777577,0,0,0.83312,0.15777,0.00911
4252948,0,0,0.92919,0.06824,0.00257
32958889,0,0,0.78821,0.19813,0.01367
1703072,0,1,0.08986,0.64604,0.2641
2435430,0,0,0.55484,0.43211,0.01305
23481916,0,1,0.37948,0.60404,0.01648
27588901,0,1,0.18998,0.77979,0.03024
27764435,0,0,0.54913,0.40175,0.04912
27755621,0,0,0.69014,0.30032,0.00954
39799811,0,0,0.86246,0.11595,0.02159
36682694,0,0,0.9807,0.018,0.0013
2423555,0,0,0.95367,0.04411,0.00222
18626882,0,0,0.96695,0.03133,0.00173
7093834,0,0,0.98129,0.01756,0.00115
20351259,0,0,0.93117,0.06608,0.00274
25944599,0,0,0.57479,0.414,0.01121
32855965,0,0,0.92137,0.07652,0.00211
30083490,0,0,0.83226,0.16388,0.00385
30255253,0,0,0.82995,0.16152,0.00853
185740,0,0,0.9371,0.06061,0.00229
37071348,0,0,0.67286,0.30447,0.02267
32537472,0,1,0.22216,0.75451,0.02332
26656079,0,0,0.88098,0.10409,0.01492
26644954,0,1,0.49088,0.49861,0.01051
22963175,0,0,0.76999,0.22234,0.00767
31286665,0,1,0.23815,0.74804,0.01381
39236075,0,0,0.97807,0.01998,0.00195
34834993,0,0,0.79451,0.19094,0.01455
36461344,0,0,0.97686,0.0215,0.00164
30174238,0,0,0.78507,0.14388,0.07105
40228648,0,0,0.87517,0.12031,0.00452
3773649,0,0,0.86721,0.1294,0.00338
21923036,0,0,0.97916,0.01909,0.00175
13632161,0,0,0.97127,0.02568,0.00304
3866139,0,0,0.98361,0.01476,0.00162
19323980,0,0,0.97338,0.02362,0.003
22252346,0,0,0.90331,0.09156,0.00513
41032834,0,0,0.95164,0.04596,0.0024
6402547,0,0,0.93089,0.06581,0.00331
39860827,0,0,0.86333,0.13085,0.00582
4852251,0,0,0.82411,0.17007,0.00582
17658904,0,0,0.79055,0.19185,0.0176
4759358,0,0,0.64362,0.3445,0.01188
34282681,0,1,0.35688,0.62879,0.01433
418664,0,1,0.3411,0.64477,0.01413
8659115,0,0,0.75772,0.23473,0.00755
1477999,0,0,0.98081,0.01721,0.00198
10609702,0,0,0.95116,0.04659,0.00225
10694900,0,0,0.52562,0.4675,0.00688
9992303,0,0,0.51744,0.47113,0.01143
11082916,0,0,0.97981,0.01895,0.00124
11873650,0,0,0.96195,0.03535,0.0027
9280685,0,0,0.94253,0.05513,0.00234
38353046,0,0,0.98122,0.01624,0.00255
9830915,0,1,0.05539,0.8905,0.05411
5645819,0,1,0.26045,0.70935,0.03021
19851221,0,0,0.91304,0.08443,0.00252
40116617,0,0,0.84067,0.1525,0.00683
23816978,0,0,0.77551,0.21789,0.00661
25965878,0,0,0.586,0.40275,0.01125
26462882,0,0,0.70752,0.28586,0.00662
30275350,0,0,0.77564,0.21122,0.01314
37255204,0,0,0.96551,0.03221,0.00228
973211,0,1,0.48201,0.50514,0.01285
28999974,0,0,0.9327,0.06472,0.00258
9683645,0,0,0.75614,0.237,0.00686
11313796,0,0,0.89286,0.09315,0.01399
15552908,0,1,0.3408,0.63422,0.02498
14048254,0,0,0.90104,0.09478,0.00417
6778014,0,0,0.5572,0.4157,0.0271
6156507,0,0,0.98309,0.01552,0.00139
3643482,0,1,0.22072,0.75843,0.02085
39104706,0,0,0.95257,0.04435,0.00308
33008270,0,1,0.09046,0.8701,0.03944
28155248,0,0,0.8862,0.10878,0.00503
4775356,0,1,0.27398,0.68076,0.04525
2975641,0,1,0.21833,0.75022,0.03145
40561269,0,0,0.49662,0.49275,0.01063
30407790,0,0,0.93518,0.06235,0.00247
14665425,0,0,0.62979,0.12353,0.24668
39592683,0,0,0.98105,0.01728,0.00167
7090243,0,0,0.67192,0.31739,0.01069
26621171,0,2,0.05002,0.3639,0.58607
26978256,0,0,0.47329,0.39933,0.12738
37547736,0,0,0.96681,0.03135,0.00184
19075698,0,0,0.98191,0.01631,0.00178
14701142,0,1,0.28383,0.6822,0.03396
3689711,0,1,0.35869,0.61977,0.02154
8391083,0,1,0.27858,0.6949,0.02653
25169463,0,1,0.32936,0.64991,0.02073
25352726,0,1,0.31386,0.644,0.04215
27150252,0,1,0.1963,0.7547,0.04901
2179379,0,0,0.84009,0.15359,0.00631
6357594,0,0,0.92173,0.07551,0.00276
4097927,0,1,0.32066,0.66312,0.01622
36534604,0,0,0.77416,0.21751,0.00834
22329136,0,0,0.79756,0.19698,0.00546
17446733,0,0,0.89265,0.10455,0.0028
9760102,0,0,0.94531,0.04981,0.00488
27427739,0,0,0.91582,0.08049,0.00368
12005303,0,1,0.12745,0.84811,0.02444
16390376,0,0,0.90287,0.09045,0.00668
32690764,0,0,0.92494,0.07139,0.00366
32114070,0,0,0.96851,0.02953,0.00196
15362164,0,1,0.05982,0.87214,0.06804
21332874,0,0,0.92554,0.07151,0.00295
10339019,0,1,0.36429,0.60533,0.03037
6993999,0,1,0.34875,0.62904,0.02221
32248260,0,0,0.8724,0.12134,0.00626
25889492,0,0,0.59742,0.38875,0.01383
24831232,0,0,0.8964,0.09439,0.00921
23225199,0,0,0.98503,0.01274,0.00222
21922824,0,0,0.74668,0.24241,0.0109
41551236,0,0,0.95196,0.04544,0.00259
35352216,0,0,0.98204,0.01657,0.00139
19040474,0,1,0.2818,0.67074,0.04746
35893565,0,0,0.9145,0.08277,0.00273
9690338,0,0,0.98217,0.01638,0.00145
8970563,0,0,0.88726,0.10912,0.00363
35266781,0,1,0.0975,0.78511,0.11738
1781375,0,1,0.46333,0.52094,0.01573
22987944,0,0,0.50935,0.47849,0.01217
28998496,0,0,0.70055,0.26694,0.03251
11513473,0,1,0.43805,0.51614,0.04581
19336087,0,0,0.53768,0.45277,0.00954
30984890,0,0,0.97062,0.02772,0.00165
23472044,0,0,0.93557,0.06159,0.00284
28229813,0,0,0.94805,0.05015,0.0018
9856743,0,0,0.86031,0.13612,0.00357
40283751,0,0,0.98602,0.01208,0.0019
7145417,0,1,0.13792,0.83543,0.02665
14938485,0,0,0.95602,0.04158,0.00241
31087457,0,0,0.96096,0.03473,0.00431
8731820,0,0,0.96088,0.03695,0.00217
12672723,0,0,0.91831,0.07931,0.00239
27966190,0,0,0.97825,0.02034,0.0014
20228286,0,0,0.97104,0.02696,0.002
30098338,0,0,0.93975,0.0561,0.00415
14741621,0,1,0.184,0.78688,0.02911
22902358,0,0,0.79116,0.19848,0.01036
6611568,0,0,0.82464,0.16688,0.00847
9275634,0,0,0.98715,0.01075,0.00209
30286154,0,0,0.90554,0.07982,0.01464
32954587,0,0,0.88879,0.10824,0.00296
22130111,0,0,0.63846,0.34985,0.01169
11400868,0,1,0.27708,0.66728,0.05564
37078232,0,0,0.93245,0.06336,0.00419
41081458,0,0,0.95181,0.04629,0.0019
6429702,0,0,0.98033,0.017,0.00267
29127156,0,0,0.73188,0.26198,0.00614
12658743,0,0,0.9777,0.01929,0.00302
29388324,0,0,0.83201,0.16319,0.0048
40244563,0,0,0.96799,0.0233,0.00871
34898554,0,0,0.82571,0.16907,0.00523
26625687,0,0,0.67469,0.31499,0.01032
27130782,0,0,0.83334,0.16155,0.00511
33408254,0,0,0.80771,0.1845,0.0078
39588340,0,1,0.14691,0.8144,0.03869
26420571,0,0,0.94318,0.05278,0.00404
10102971,0,0,0.72787,0.26465,0.00748
37673582,0,0,0.83386,0.15915,0.00699
9182520,0,0,0.96681,0.03141,0.00178
17254009,0,0,0.98524,0.013,0.00176
25216916,0,0,0.52305,0.46521,0.01174
31745941,0,1,0.10209,0.83339,0.06452
5046248,0,0,0.93774,0.05893,0.00333
17925721,0,0,0.90935,0.08676,0.00389
28694212,0,0,0.91929,0.07695,0.00376
33287262,0,0,0.97534,0.0228,0.00185
19687081,0,0,0.62474,0.36157,0.01369
8098410,0,0,0.84061,0.1555,0.00389
29225193,0,1,0.29712,0.64517,0.05771
10177569,0,0,0.94969,0.04756,0.00275
39831760,0,0,0.98285,0.01558,0.00157
5283765,0,0,0.88203,0.10509,0.01288
11905091,0,0,0.98343,0.01172,0.00485
32799980,0,0,0.97864,0.01984,0.00152
3706888,0,0,0.85836,0.13741,0.00423
26516265,0,0,0.94815,0.04964,0.00221
24614737,0,0,0.81756,0.1775,0.00494
5730053,0,0,0.88895,0.10742,0.00363
26935523,0,0,0.89546,0.0993,0.00524
30595891,0,0,0.98594,0.01194,0.00212
17552131,0,0,0.93324,0.06388,0.00288
36390797,0,0,0.98192,0.01606,0.00202
34689148,0,1,0.06898,0.65445,0.27657
33498354,0,0,0.98536,0.01255,0.00209
31794860,0,0,0.96693,0.03123,0.00184
1714528,0,0,0.77909,0.21133,0.00958
12484851,0,0,0.98823,0.01019,0.00158
40215597,0,2,0.41155,0.14085,0.44761
29178121,0,0,0.90329,0.09246,0.00425
26654278,0,0,0.55861,0.42166,0.01972
26642967,0,1,0.44195,0.47973,0.07831
29891397,0,0,0.95556,0.04154,0.0029
41549296,0,0,0.98031,0.0168,0.00289
38559191,0,0,0.854,0.14216,0.00383
34196430,0,1,0.1557,0.81302,0.03128
28727039,0,0,0.93153,0.06643,0.00204
2614549,0,0,0.76333,0.22301,0.01366
9811785,0,2,0.14999,0.32443,0.52558
8593118,0,0,0.97597,0.02229,0.00174
27701149,0,0,0.97743,0.01818,0.00439
22419009,0,0,0.97302,0.02573,0.00125
16299460,0,0,0.96303,0.034,0.00297
12218774,0,0,0.7691,0.22208,0.00882
31286666,0,1,0.20664,0.77229,0.02107
22420533,0,0,0.94871,0.04931,0.00198
7710410,0,0,0.75798,0.23481,0.0072
35192520,0,0,0.66907,0.2615,0.06943
37052275,0,0,0.98454,0.01388,0.00158
1683867,0,1,0.34368,0.63708,0.01924
8651070,0,0,0.95671,0.03827,0.00502
16982018,0,0,0.92729,0.06903,0.00367
19507294,0,1,0.40948,0.57746,0.01306
6924235,0,0,0.53419,0.43942,0.02639
27620651,0,0,0.98008,0.01781,0.00211
14880030,0,0,0.97137,0.0271,0.00153
38433818,0,0,0.57231,0.40425,0.02344
12950791,0,0,0.97911,0.01916,0.00172
40278476,0,0,0.98646,0.0118,0.00173
33208458,0,1,0.11383,0.84687,0.0393
38007939,0,1,0.15314,0.81068,0.03618
9047211,0,0,0.81518,0.18048,0.00435
921644,0,0,0.88508,0.11013,0.00479
20726695,0,0,0.95677,0.04163,0.0016
23995552,0,0,0.73475,0.25392,0.01133
10968900,0,0,0.97622,0.02186,0.00191
38727298,0,0,0.98829,0.00961,0.0021
698503,0,0,0.92997,0.06552,0.00451
40155759,0,0,0.73896,0.24946,0.01158
25800370,0,0,0.7643,0.22593,0.00977
36380603,0,0,0.88108,0.11028,0.00864
31786751,0,0,0.98503,0.01245,0.00252
14835117,0,0,0.82168,0.17223,0.00608
13083409,0,0,0.87518,0.11844,0.00638
8312401,0,2,0.01571,0.14621,0.83808
21947144,0,1,0.19553,0.75321,0.05126
14282970,0,0,0.8079,0.18239,0.0097
16902163,0,0,0.70732,0.28356,0.00912
39469215,0,1,0.21744,0.59775,0.18481
172283,0,0,0.74077,0.25302,0.00621
33085817,0,0,0.79564,0.19883,0.00553
10700180,0,0,0.9769,0.02076,0.00235
23470366,0,0,0.93679,0.05989,0.00333
10128162,0,1,0.24587,0.73117,0.02296
3722853,0,0,0.97886,0.01872,0.00243
23697270,0,0,0.6542,0.33675,0.00904
14812390,0,0,0.97988,0.01647,0.00365
27445822,0,0,0.95496,0.04143,0.00361
30452558,0,0,0.96555,0.03302,0.00143
14345382,0,1,0.34977,0.63335,0.01688
35269809,0,0,0.91491,0.08152,0.00357
18784452,0,1,0.21524,0.76013,0.02463
38647537,0,0,0.93645,0.05972,0.00383
9587044,0,0,0.95497,0.0435,0.00153
15649170,0,0,0.71372,0.2795,0.00678
24423854,0,0,0.70085,0.28651,0.01264
30407085,0,1,0.45799,0.51493,0.02708
248692,0,0,0.95758,0.03964,0.00278
31270342,0,0,0.9628,0.03531,0.00189
40682910,0,0,0.72203,0.27192,0.00605
32646485,0,0,0.9328,0.06492,0.00228
39451157,0,0,0.91601,0.07926,0.00473
28523677,0,0,0.98463,0.01377,0.0016
21191867,0,0,0.66421,0.32881,0.00699
29510650,0,0,0.80481,0.19116,0.00403
30938185,0,0,0.98438,0.0134,0.00222
26867149,0,0,0.93129,0.06065,0.00806
6071116,0,0,0.97274,0.02435,0.00291
14877832,0,0,0.95789,0.04011,0.002
33547936,0,0,0.86337,0.13189,0.00475
39827077,0,0,0.8424,0.15282,0.00478
34893543,0,1,0.1079,0.85538,0.03671
37166394,0,0,0.94055,0.05684,0.0026
34765085,0,1,0.10228,0.8522,0.04552
21209502,0,0,0.98037,0.0182,0.00143
11890604,0,0,0.85998,0.13292,0.0071
36027432,0,0,0.76839,0.22537,0.00625
8093300,0,0,0.96672,0.03047,0.0028
22252809,0,0,0.65231,0.33058,0.01711
7587193,0,0,0.57076,0.41758,0.01166
31132158,0,0,0.56072,0.42325,0.01603
33962601,0,0,0.60353,0.38664,0.00983
18236275,0,0,0.97291,0.02568,0.00142
37863500,0,0,0.62627,0.35406,0.01967
28589857,0,0,0.78114,0.21189,0.00697
4905334,0,0,0.85582,0.13754,0.00664
31292047,0,1,0.29846,0.42237,0.27917
21400202,0,2,0.07457,0.0819,0.84352
11750038,0,1,0.08604,0.67148,0.24248
8678791,0,2,0.34654,0.28708,0.36638
24348434,0,0,0.91793,0.07661,0.00546
3902527,0,0,0.96378,0.03379,0.00243
31869923,0,0,0.97526,0.01962,0.00512
511478,0,1,0.11893,0.84343,0.03764
23343374,0,0,0.61089,0.37052,0.01859
28827441,0,0,0.97408,0.02354,0.00238
33277563,0,1,0.17002,0.77513,0.05485
33699990,0,0,0.98357,0.01465,0.00178
2126651,0,0,0.98183,0.0167,0.00148
28885042,0,0,0.86763,0.12696,0.00541
37672212,0,0,0.84631,0.14938,0.0043
31592466,0,0,0.79513,0.1987,0.00617
10191114,0,0,0.91002,0.08615,0.00384
16273235,0,0,0.54683,0.44284,0.01033
39700879,0,0,0.93568,0.06129,0.00302
6772984,0,0,0.95365,0.04383,0.00252
21398118,0,0,0.97814,0.02003,0.00183
27625475,0,0,0.98386,0.01454,0.0016
25646352,0,0,0.95598,0.04169,0.00233
22238993,0,0,0.78122,0.21191,0.00687
2694686,0,0,0.87814,0.11746,0.0044
12168668,0,0,0.83169,0.16123,0.00708
24771005,0,0,0.86904,0.12422,0.00674
24153716,0,0,0.91897,0.07521,0.00582
6591338,0,0,0.69905,0.29255,0.0084
21692058,0,0,0.97647,0.02208,0.00145
20465200,0,0,0.92575,0.06771,0.00654
41069923,0,0,0.78563,0.20736,0.00701
2994851,0,0,0.88068,0.11462,0.00469
38721864,0,1,0.35414,0.6143,0.03156
25954132,0,0,0.98208,0.016,0.00193
4189789,0,0,0.7291,0.26613,0.00476
7201050,0,0,0.84667,0.14656,0.00677
13943053,0,0,0.77315,0.21386,0.01299
9247037,0,0,0.86231,0.12459,0.01309
1969683,0,0,0.96254,0.03508,0.00239
35632334,0,1,0.40937,0.55955,0.03108
19019871,0,1,0.09819,0.76334,0.13847
16452632,0,1,0.31512,0.6671,0.01778
16742452,0,0,0.50049,0.48509,0.01442
19990340,0,0,0.97802,0.01892,0.00306
30466978,0,1,0.29651,0.55884,0.14465
38002706,0,0,0.94369,0.05397,0.00234
5166724,0,0,0.84962,0.14592,0.00446
22568678,0,1,0.30342,0.66792,0.02867
31921900,0,1,0.2673,0.66808,0.06462
32957028,0,1,0.49132,0.49517,0.01351
32561128,0,0,0.91914,0.07604,0.00482
27792781,0,0,0.76566,0.21345,0.02089
11422776,0,0,0.9471,0.05076,0.00214
36620030,0,0,0.93769,0.05959,0.00272
28826234,0,0,0.94295,0.05348,0.00356
36276150,0,0,0.65642,0.32495,0.01862
41005873,0,1,0.48274,0.50591,0.01135
39528378,0,0,0.39933,0.32688,0.27379
2968218,0,0,0.89922,0.09552,0.00526
20039663,0,0,0.83856,0.15756,0.00388
19011589,0,0,0.96551,0.03221,0.00228
8869208,0,0,0.81059,0.18443,0.00497
21590594,0,0,0.64127,0.35138,0.00735
19991901,0,1,0.22459,0.75977,0.01565
30897863,0,0,0.78127,0.16598,0.05275
13369196,0,0,0.92039,0.07659,0.00302
14216242,0,0,0.9812,0.01742,0.00139
23878511,0,0,0.98666,0.01118,0.00216
23592972,0,0,0.95095,0.04684,0.00221
33587873,0,0,0.75316,0.24072,0.00612
18699225,0,1,0.03687,0.84573,0.1174
12931451,0,0,0.78291,0.20584,0.01126
3399946,0,0,0.98644,0.01096,0.0026
39298982,0,1,0.35308,0.61484,0.03208
11099420,0,0,0.95229,0.04055,0.00716
32471202,0,0,0.74945,0.24426,0.00628
16679410,0,0,0.86317,0.13083,0.006
14509903,0,0,0.90888,0.08133,0.00979
41495525,0,0,0.97937,0.0188,0.00183
18700491,0,1,0.23072,0.74477,0.02451
6077533,0,0,0.69948,0.29387,0.00665
19519788,0,0,0.87365,0.12295,0.00341
11466675,0,0,0.95861,0.03824,0.00315
18583126,0,1,0.35597,0.62719,0.01685
22166545,0,0,0.95814,0.03909,0.00278
27727229,0,0,0.93966,0.05794,0.0024
26518154,0,0,0.57819,0.41,0.01181
39115780,0,0,0.90268,0.09422,0.00311
32880704,0,0,0.81706,0.17878,0.00416
34146806,0,0,0.97902,0.01814,0.00284
16811648,0,0,0.96687,0.03154,0.0016
37819961,0,0,0.93641,0.06104,0.00255
21118341,0,1,0.16464,0.80644,0.02892
33381043,0,0,0.75759,0.23653,0.00588
11046816,0,0,0.5893,0.35189,0.05881
8509376,0,0,0.94072,0.0555,0.00378
27146681,0,0,0.87311,0.12073,0.00617
33551149,0,0,0.8597,0.13549,0.0048
17329087,0,0,0.81438,0.181,0.00462
11218616,0,0,0.9807,0.01796,0.00134
34939841,0,0,0.7881,0.20559,0.00631
17515079,0,0,0.92113,0.07517,0.00371
16008034,0,1,0.42272,0.56441,0.01287
33778077,0,0,0.57407,0.41027,0.01566
22865736,0,0,0.91364,0.08301,0.00335
32147666,0,0,0.97311,0.02316,0.00374
17987844,0,0,0.96166,0.03572,0.00262
34628761,0,0,0.76735,0.22244,0.0102
2955102,0,0,0.98625,0.01246,0.00129
12063770,0,0,0.8113,0.18388,0.00482
34905882,0,0,0.98479,0.01356,0.00165
37685463,0,0,0.60955,0.37848,0.01198
24597694,0,0,0.98468,0.01372,0.0016
40711194,0,0,0.7597,0.23351,0.00678
3336287,0,0,0.94985,0.04804,0.00211
11442732,0,0,0.93514,0.06265,0.00221
36473050,0,0,0.5722,0.41863,0.00918
39609822,0,0,0.90942,0.08745,0.00313
18286521,0,0,0.94559,0.05154,0.00287
21182366,0,0,0.9693,0.02865,0.00206
40990239,0,0,0.88481,0.11096,0.00423
40946873,0,0,0.93303,0.06309,0.00387
4543523,0,0,0.88846,0.10736,0.00418
22142401,0,0,0.83373,0.161,0.00528
16925264,0,0,0.74153,0.24838,0.01009
32172224,0,0,0.90205,0.09415,0.0038
12850607,0,0,0.95846,0.03974,0.00179
17403236,0,0,0.86367,0.13245,0.00388
4226499,0,1,0.42737,0.56176,0.01087
27026249,0,0,0.47868,0.47126,0.05006
15388859,0,0,0.7224,0.26784,0.00976
10161248,0,0,0.81432,0.17818,0.0075
31281920,0,0,0.92379,0.0725,0.00372
37586293,0,0,0.97881,0.01908,0.00211
2623720,0,1,0.20157,0.75999,0.03843
36273002,0,0,0.93083,0.06638,0.00278
11770073,0,1,0.29291,0.38334,0.32375
29201431,0,0,0.85346,0.14097,0.00557
3140182,0,0,0.90562,0.0909,0.00348
39689659,0,1,0.36662,0.41869,0.21469
4205919,0,1,0.17647,0.79865,0.02488
12678958,0,1,0.04168,0.89815,0.06017
8573814,0,0,0.74319,0.24508,0.01173
19050825,0,0,0.97602,0.02269,0.00129
34278780,0,0,0.85724,0.13511,0.00765
22093391,0,0,0.93877,0.0588,0.00244
2203511,0,0,0.98124,0.01728,0.00148
32164956,0,1,0.43625,0.55147,0.01228
25369590,0,0,0.94001,0.05773,0.00226
40830850,0,1,0.43519,0.53112,0.03369
23708517,0,0,0.61758,0.36877,0.01364
16150262,0,0,0.76537,0.22713,0.0075
28893897,0,0,0.72939,0.26211,0.00849
14092119,0,0,0.72915,0.25897,0.01188
31274982,0,1,0.39999,0.58654,0.01347
13270003,0,0,0.97991,0.01852,0.00157
34232625,0,0,0.97823,0.0196,0.00217
12378352,0,0,0.93596,0.06149,0.00255
28497295,0,0,0.97423,0.02392,0.00185
26089140,0,1,0.11981,0.83654,0.04365
4936178,0,0,0.84562,0.14695,0.00743
19339451,0,2,0.27464,0.22415,0.50121
373811,0,0,0.84414,0.15017,0.00569
7589697,0,0,0.98433,0.01111,0.00456
3722495,0,0,0.92485,0.07202,0.00313
24000616,0,0,0.92394,0.07351,0.00255
37274968,0,0,0.89437,0.09726,0.00837
27239308,0,0,0.95513,0.04284,0.00203
6354174,0,1,0.25633,0.72171,0.02196
3773571,0,0,0.96284,0.03509,0.00207
19048504,0,1,0.27306,0.70001,0.02693
40584484,0,0,0.98156,0.01669,0.00175
21917724,0,1,0.24475,0.65818,0.09707
12154459,0,0,0.69932,0.29038,0.01029
41106742,0,0,0.58983,0.39291,0.01726
39721352,0,0,0.95881,0.03862,0.00257
17245049,0,1,0.39101,0.59622,0.01277
15215923,0,0,0.69742,0.2953,0.00728
16777726,0,0,0.64109,0.34855,0.01036
22591952,0,0,0.97277,0.02552,0.00171
15289797,0,0,0.97453,0.02379,0.00169
40726579,0,1,0.3755,0.60475,0.01975
13216368,0,0,0.98324,0.01516,0.0016
17479212,0,1,0.26884,0.56858,0.16258
33284564,0,0,0.96266,0.03539,0.00195
4869557,0,0,0.80785,0.18671,0.00544
26860924,0,0,0.97367,0.02376,0.00257
22603036,0,1,0.30999,0.67182,0.01819
21371272,0,0,0.71795,0.2725,0.00955
37633568,0,1,0.11109,0.84859,0.04031
32563219,0,0,0.76759,0.2269,0.00551
14105039,0,0,0.98332,0.01511,0.00157
35315300,0,0,0.98863,0.00918,0.0022
33090380,0,0,0.7587,0.23503,0.00626
35695225,0,0,0.73624,0.25643,0.00733
39717867,0,0,0.98682,0.01172,0.00146
5889652,0,0,0.59156,0.40027,0.00818
28098514,0,0,0.96186,0.03597,0.00217
18320451,0,0,0.977,0.02142,0.00159
36184699,0,0,0.9724,0.02586,0.00174
4084919,0,0,0.60583,0.37912,0.01505
2557929,0,0,0.58815,0.32165,0.0902
13278959,0,0,0.92188,0.07385,0.00427
29677450,0,0,0.84438,0.15139,0.00423
15160713,0,0,0.51485,0.47246,0.01269
13741133,0,1,0.3527,0.59529,0.05202
21394135,0,1,0.31362,0.66134,0.02505
12806845,0,0,0.53817,0.44966,0.01217
10112114,0,0,0.7187,0.2644,0.0169
19245066,0,0,0.92737,0.06918,0.00345
10850475,0,0,0.86239,0.13122,0.00638
15199121,0,0,0.96029,0.0377,0.002
41123426,0,0,0.9386,0.04222,0.01918
29756654,0,0,0.90575,0.08986,0.0044
11944358,0,1,0.14119,0.4795,0.37931
24115810,0,0,0.78726,0.20537,0.00736
2961556,0,0,0.98335,0.01529,0.00137
17418762,0,0,0.76373,0.19884,0.03743
22602968,0,0,0.97868,0.01908,0.00224
14578555,0,0,0.94963,0.04835,0.00201
28170880,0,0,0.98395,0.01393,0.00212
629960,0,0,0.97794,0.0205,0.00157
35117457,0,0,0.83522,0.15941,0.00537
23225140,0,0,0.59396,0.39566,0.01038
3421311,0,0,0.91048,0.08602,0.0035
22691062,0,0,0.77569,0.18569,0.03862
35287353,0,0,0.71635,0.27835,0.0053
35815969,0,0,0.5239,0.46597,0.01013
26771106,0,0,0.66642,0.32479,0.00879
7834647,0,1,0.3294,0.57586,0.09474
7110667,0,0,0.96325,0.03421,0.00254
33979747,0,0,0.96527,0.03303,0.0017
32320647,0,0,0.84177,0.1533,0.00493
35462176,0,0,0.90795,0.08765,0.00441
22084581,0,0,0.97373,0.02433,0.00194
21364409,0,0,0.97856,0.01856,0.00288
13861662,0,0,0.94978,0.04685,0.00337
32364458,0,0,0.94866,0.04923,0.00211
33114207,0,0,0.85501,0.13876,0.00623
1444948,0,0,0.97325,0.02509,0.00166
26486314,0,0,0.5778,0.24074,0.18146
34415260,0,0,0.95718,0.04126,0.00156
21515329,0,0,0.95911,0.03811,0.00278
22342729,0,0,0.90795,0.08612,0.00593
12036931,0,0,0.89402,0.09437,0.01161
5911549,0,0,0.62181,0.35708,0.02111
39682378,0,0,0.92014,0.07214,0.00772
35331388,0,0,0.97201,0.02657,0.00142
25830674,0,0,0.64397,0.3474,0.00863
17945152,0,0,0.94463,0.05163,0.00374
36577016,0,0,0.81324,0.16458,0.02219
18002431,0,0,0.94784,0.0484,0.00375
26087666,0,0,0.93375,0.06299,0.00326
5212821,0,0,0.72032,0.2734,0.00628
20737735,0,0,0.74764,0.24178,0.01058
33240237,0,0,0.95411,0.04317,0.00272
16749625,0,0,0.80211,0.18978,0.00811
34897558,0,0,0.7085,0.28292,0.00858
37256667,0,0,0.97269,0.02537,0.00194
28595604,0,0,0.922,0.07524,0.00276
36966980,0,0,0.574,0.41022,0.01578
2739157,0,1,0.18044,0.77922,0.04034
32873297,0,0,0.98375,0.01488,0.00137
25728571,0,0,0.98215,0.01625,0.0016
25167393,0,1,0.46175,0.48202,0.05624
37339829,0,0,0.78688,0.18115,0.03197
1763102,0,1,0.2539,0.70655,0.03955
39793603,0,0,0.91699,0.07842,0.00459
34620800,0,0,0.9144,0.07691,0.00869
37029712,0,0,0.97996,0.01859,0.00145
19190597,0,0,0.97165,0.02682,0.00153
33798546,0,0,0.52194,0.46061,0.01745
34903715,0,0,0.95385,0.0433,0.00285
26891691,0,0,0.96484,0.03318,0.00198
38684164,0,0,0.93967,0.04922,0.01111
14913266,0,0,0.82699,0.16801,0.00499
7268085,0,0,0.98839,0.00896,0.00265
5295999,0,0,0.98526,0.01331,0.00144
849530,0,0,0.96698,0.0309,0.00212
8178520,0,0,0.98525,0.01245,0.00229
18610200,0,1,0.09114,0.79045,0.11841
35917010,0,1,0.3319,0.65493,0.01317
983039,0,0,0.90006,0.09712,0.00282
30588282,0,0,0.92996,0.06684,0.0032
2853369,0,0,0.98683,0.01127,0.00191
38279184,0,0,0.9763,0.0217,0.00201
19349877,0,0,0.60339,0.38655,0.01006
37649160,0,0,0.60458,0.35128,0.04414
20783539,0,0,0.52016,0.45904,0.02081
25018079,0,0,0.9547,0.04304,0.00226
32831970,0,0,0.54619,0.42371,0.0301
40265816,0,0,0.91002,0.08631,0.00366
37543252,0,0,0.64309,0.34692,0.01
34639526,0,0,0.75974,0.18348,0.05678
30214619,0,1,0.3428,0.62805,0.02915
28203474,0,0,0.96531,0.03271,0.00198
35200812,0,0,0.96015,0.03769,0.00217
21222592,0,0,0.5743,0.39011,0.03558
39693133,0,0,0.97438,0.02383,0.00179
2414096,0,0,0.8415,0.15265,0.00585
12569310,0,0,0.78006,0.18402,0.03592
37570465,0,0,0.96297,0.03012,0.00691
25343092,0,1,0.28338,0.41657,0.30004
33076382,0,0,0.87032,0.12489,0.00479
2722916,0,0,0.91652,0.07603,0.00745
5593493,0,0,0.98242,0.01588,0.0017
35938406,0,0,0.92501,0.07231,0.00268
36365053,0,0,0.53492,0.45398,0.0111
19724884,0,0,0.85601,0.13865,0.00533
1383466,0,0,0.95419,0.04263,0.00318
6748156,0,0,0.98325,0.0154,0.00135
41128743,0,0,0.90735,0.08742,0.00523
16577963,0,0,0.98086,0.01776,0.00139
35607874,0,0,0.87494,0.11749,0.00757
34599737,0,0,0.95043,0.04764,0.00192
14626705,0,1,0.40399,0.58323,0.01278
39444258,0,0,0.93153,0.06267,0.0058
21879041,0,0,0.90832,0.08507,0.00662
14874906,0,0,0.85354,0.14043,0.00603
15732202,0,0,0.87808,0.11033,0.01158
11032204,0,0,0.89282,0.10376,0.00343
15170860,0,0,0.89909,0.09495,0.00596
36439385,0,0,0.9682,0.02862,0.00318
30377364,0,0,0.90041,0.09398,0.00561
39827922,0,0,0.84549,0.15041,0.0041
11236350,0,0,0.96491,0.03334,0.00175
3286522,0,0,0.9292,0.06718,0.00362
766211,0,1,0.09776,0.80896,0.09328
17388303,0,0,0.5796,0.4078,0.01261
16171418,0,0,0.53486,0.41655,0.0486
3444361,0,0,0.98687,0.0114,0.00173
32538678,0,1,0.26647,0.70756,0.02597
7528688,0,0,0.92262,0.07097,0.00641
30563696,0,0,0.94033,0.05703,0.00264
20217131,0,0,0.82243,0.16417,0.0134
27171324,0,0,0.94356,0.05383,0.00261
29630777,0,0,0.55374,0.4279,0.01836
28726271,0,1,0.41094,0.56389,0.02517
35748565,0,0,0.87314,0.12287,0.00398
24483874,0,0,0.96564,0.03147,0.00289
6298214,0,1,0.18331,0.78621,0.03048
35502925,0,1,0.06669,0.76022,0.17309
3109282,0,1,0.48751,0.50299,0.0095
21310883,0,1,0.20359,0.75129,0.04512
10866708,0,0,0.9126,0.08324,0.00416
29194913,0,1,0.31485,0.64856,0.03659
32793214,0,0,0.61728,0.34762,0.0351
22994859,0,0,0.5619,0.27522,0.16288
40990613,0,0,0.9472,0.04652,0.00628
26634579,0,0,0.95721,0.04102,0.00176
9040419,0,0,0.98042,0.01747,0.00211
37172214,0,1,0.2048,0.76391,0.03129
35814297,0,0,0.9105,0.08535,0.00415
19105524,0,0,0.81693,0.17946,0.00361
38184527,0,0,0.92582,0.06814,0.00605
23306426,0,0,0.94424,0.05319,0.00257
32336869,0,1,0.31948,0.66846,0.01205
15040166,0,0,0.93208,0.06538,0.00254
20078995,0,0,0.96224,0.02883,0.00893
11139098,0,0,0.87572,0.11828,0.00599
16324488,0,0,0.55107,0.42917,0.01976
9739367,0,2,0.31785,0.32443,0.35772
6010430,0,0,0.81729,0.17606,0.00664
25505166,0,0,0.78858,0.20491,0.00651
21124181,0,0,0.66763,0.32158,0.01079
25203193,0,2,0.00468,0.08919,0.90612
40662289,0,0,0.91941,0.07771,0.00288
1261840,0,0,0.88878,0.10119,0.01003
4727538,0,0,0.47548,0.38883,0.13569
36223730,0,0,0.98894,0.00897,0.0021
41162211,0,1,0.43287,0.55149,0.01564
29391845,0,0,0.97311,0.02541,0.00149
1573707,0,0,0.98188,0.01689,0.00122
23431741,0,0,0.97473,0.02361,0.00166
25510932,0,0,0.96477,0.03272,0.00251
14532851,0,0,0.9615,0.03696,0.00154
18546705,0,0,0.96509,0.03232,0.00259
15017991,0,0,0.90301,0.09352,0.00347
17525662,0,0,0.94169,0.05453,0.00379
16576479,0,0,0.69556,0.29683,0.00761
7682607,0,0,0.87949,0.11536,0.00515
26732607,0,2,0.06502,0.16117,0.7738
3740912,0,0,0.97262,0.02493,0.00245
16251023,0,0,0.55694,0.42702,0.01605
38095311,0,0,0.98687,0.01167,0.00146
14920631,0,1,0.33057,0.65485,0.01458
14798036,0,0,0.97819,0.01806,0.00376
3817268,0,0,0.96856,0.02942,0.00202
13077569,0,0,0.56364,0.42214,0.01422
23076172,0,0,0.9275,0.06925,0.00324
17756644,0,0,0.98096,0.01735,0.0017
40077348,0,0,0.94084,0.05587,0.00329
4558285,0,0,0.98104,0.01748,0.00147
12676509,0,1,0.05916,0.84921,0.09163
28355112,0,0,0.90658,0.08768,0.00574
16745949,0,0,0.98652,0.0119,0.00158
17709645,0,0,0.5653,0.4201,0.0146
27146175,0,0,0.94233,0.05393,0.00373
25798067,0,0,0.98849,0.00954,0.00197
32051114,0,2,0.22974,0.34894,0.42132
20740042,0,1,0.37679,0.58816,0.03505
20812068,0,0,0.95586,0.04208,0.00206
10689099,0,0,0.93089,0.06473,0.00438
37147482,0,0,0.97038,0.02837,0.00125
3456679,0,1,0.24755,0.73618,0.01626
7782141,0,0,0.83545,0.15698,0.00757
26264767,0,0,0.93637,0.06176,0.00187
32567707,0,0,0.87751,0.1183,0.00419
1904981,0,0,0.71971,0.27211,0.00818
20442633,0,0,0.95527,0.04225,0.00248
26705010,0,0,0.90418,0.09183,0.004
33446687,0,0,0.93417,0.06246,0.00337
40320777,0,0,0.84685,0.13178,0.02137
10144106,0,1,0.30318,0.67001,0.0268
6469538,0,0,0.90388,0.09324,0.00288
36193947,0,0,0.98435,0.0121,0.00355
28253141,0,0,0.9302,0.06679,0.00301
18533795,0,0,0.89792,0.09899,0.00309
23382698,0,0,0.95715,0.04088,0.00197
19546234,0,0,0.93144,0.06656,0.00201
34460758,0,1,0.22132,0.75311,0.02557
10106421,0,0,0.96698,0.03066,0.00236
779822,0,0,0.93886,0.05759,0.00355
11644076,0,0,0.987,0.01088,0.00213
11741731,0,0,0.95299,0.04253,0.00448
12091867,0,0,0.9226,0.07441,0.00298
14964606,0,0,0.92829,0.05946,0.01225
16461836,0,0,0.85527,0.13799,0.00674
6716135,0,0,0.97816,0.02014,0.00169
14624810,0,0,0.8816,0.11363,0.00477
25866388,0,0,0.87441,0.12114,0.00445
11821924,0,0,0.91098,0.08573,0.00329
36163892,0,0,0.92227,0.07273,0.00499
4984378,0,0,0.87411,0.12158,0.00431
39322761,0,0,0.78438,0.11433,0.10129
34815008,0,0,0.81854,0.17292,0.00854
31487262,0,0,0.90232,0.094,0.00369
15902593,0,0,0.91002,0.08648,0.00349
25531124,0,1,0.34396,0.63264,0.02341
13594185,0,0,0.92927,0.06891,0.00182
28257963,0,1,0.35821,0.62135,0.02045
7679636,0,0,0.93437,0.06242,0.00322
16314154,0,0,0.96219,0.03543,0.00239
28045438,0,0,0.82899,0.16516,0.00585
2676482,0,0,0.93259,0.0644,0.00301
18557172,0,0,0.67543,0.31044,0.01413
20893227,0,1,0.15755,0.78877,0.05368
38349359,0,0,0.97412,0.02429,0.00158
31794089,0,0,0.92182,0.07464,0.00354
29800901,0,1,0.33061,0.65492,0.01447
40289591,0,0,0.86542,0.10206,0.03252
5801634,0,1,0.2786,0.70041,0.02099
28070024,0,0,0.98591,0.01261,0.00148
34667544,0,0,0.56773,0.40733,0.02494
23287662,0,0,0.82402,0.16938,0.00659
38759780,0,0,0.97463,0.02388,0.00149
22632781,0,0,0.86556,0.12421,0.01024
38403611,0,0,0.94857,0.04912,0.00231
25403492,0,0,0.98211,0.01619,0.0017
12628280,0,0,0.95278,0.04409,0.00313
28635187,0,0,0.96248,0.03509,0.00242
11650706,0,0,0.83892,0.15458,0.00651
11412398,0,0,0.54824,0.42035,0.03142
30183052,0,0,0.93555,0.05922,0.00523
7863213,0,0,0.9626,0.03586,0.00154
6305488,0,0,0.97316,0.02484,0.002
7258650,0,0,0.96561,0.03231,0.00208
33251037,0,0,0.9866,0.01167,0.00173
16477882,0,0,0.73062,0.26358,0.0058
31105310,0,0,0.94867,0.04905,0.00228
10628760,0,0,0.97523,0.02316,0.00161
11276001,0,0,0.92089,0.07522,0.00388
32933051,0,2,0.10364,0.30225,0.5941
12160688,0,1,0.27783,0.69846,0.02371
30783212,0,0,0.58198,0.39225,0.02577
6355375,0,1,0.08359,0.7962,0.12021
14256718,0,0,0.9143,0.0806,0.00511
40409928,0,0,0.94969,0.04525,0.00506
30405799,0,0,0.9877,0.01059,0.00171
4698449,0,0,0.94767,0.04991,0.00242
6535475,0,1,0.39994,0.58648,0.01358
6912798,0,0,0.93762,0.06029,0.00208
25760813,0,0,0.95352,0.04404,0.00244
14833703,0,0,0.73989,0.25371,0.0064
37666824,0,0,0.93762,0.05971,0.00268
22707285,0,0,0.86217,0.13145,0.00638
4376055,0,0,0.72097,0.26112,0.01791
13842332,0,1,0.18797,0.74725,0.06479
29607175,0,1,0.22309,0.76062,0.01629
33116232,0,0,0.97318,0.02352,0.0033
14179297,0,0,0.98458,0.01372,0.0017
30526152,0,0,0.89282,0.10195,0.00523
20629771,0,0,0.96162,0.03664,0.00174
21246600,0,1,0.46426,0.49421,0.04153
2443626,0,0,0.75975,0.22991,0.01034
34579549,0,0,0.88552,0.10976,0.00472
24636289,0,0,0.83564,0.16011,0.00425
23584473,0,1,0.17236,0.79698,0.03066
30089154,0,0,0.765,0.22702,0.00798
29672366,0,1,0.34376,0.58475,0.07149
39276982,0,0,0.93877,0.0588,0.00244
16737504,0,0,0.98147,0.01689,0.00165
9867940,0,0,0.73671,0.2556,0.00769
2223165,0,0,0.89544,0.09814,0.00642
40036457,0,0,0.73278,0.23697,0.03025
38415699,0,0,0.72535,0.26893,0.00571
24404177,0,0,0.9536,0.04389,0.00252
30624496,0,0,0.90428,0.09112,0.0046
35475491,0,0,0.69705,0.29515,0.0078
27941467,0,0,0.8834,0.10494,0.01165
2616923,0,0,0.9188,0.07858,0.00262
23627206,0,0,0.94104,0.05587,0.00309
12157366,0,1,0.28157,0.68609,0.03234
33757533,0,0,0.49341,0.48957,0.01702
30131429,0,0,0.79681,0.19757,0.00563
30753607,0,0,0.94429,0.03132,0.02439
14340389,0,0,0.95922,0.03858,0.0022
4529676,0,0,0.77892,0.21295,0.00813
25258804,0,0,0.8608,0.13409,0.00512
20073845,0,0,0.95398,0.04373,0.00229
19717748,0,0,0.64789,0.32578,0.02633
4107117,0,0,0.95504,0.04323,0.00173
13947946,0,0,0.80372,0.19165,0.00463
32171663,0,2,0.24681,0.23527,0.51792
21624246,0,1,0.34121,0.53784,0.12095
17157135,0,0,0.845,0.14974,0.00527
11365612,0,1,0.29244,0.55658,0.15098
28052832,0,0,0.93121,0.06538,0.00341
21351978,0,1,0.32315,0.63765,0.0392
38331686,0,0,0.96428,0.03399,0.00172
30624634,0,0,0.58669,0.31526,0.09805
21392326,0,0,0.98337,0.01476,0.00187
33134538,0,1,0.18084,0.78859,0.03058
21011778,0,0,0.8694,0.12331,0.00729
36445050,0,0,0.98091,0.01642,0.00267
28865993,0,0,0.54949,0.43468,0.01583
39318540,0,0,0.78357,0.2109,0.00553
31083205,0,0,0.94141,0.05599,0.0026
14117267,0,1,0.34356,0.53005,0.12639
29658883,0,0,0.98411,0.01431,0.00157
9256229,0,0,0.72455,0.26759,0.00786
17427012,0,0,0.85104,0.1439,0.00506
4034033,0,0,0.89946,0.09536,0.00518
35482767,0,0,0.9643,0.0304,0.0053
17097979,0,0,0.75572,0.23687,0.00741
26995945,0,0,0.97639,0.01426,0.00935
5282269,0,0,0.81706,0.1767,0.00624
7674052,0,1,0.2784,0.42758,0.29402
3121678,0,0,0.88751,0.10114,0.01135
35735761,0,0,0.51197,0.46981,0.01822
31486633,0,0,0.96202,0.03594,0.00204
30105645,0,0,0.97994,0.01823,0.00183
23902256,0,0,0.92336,0.06865,0.00799
38397589,0,0,0.74578,0.24307,0.01115
22968511,0,0,0.89585,0.09857,0.00558
11082312,0,0,0.90031,0.09545,0.00423
16646031,0,0,0.86644,0.1074,0.02616
28867359,0,0,0.97734,0.02126,0.0014
37087523,0,0,0.71036,0.27927,0.01037
11757239,0,1,0.45459,0.53147,0.01394
24997835,0,0,0.61951,0.36277,0.01771
4898716,0,0,0.94036,0.05439,0.00525
34156243,0,0,0.92929,0.06725,0.00346
3714553,0,0,0.96403,0.0326,0.00337
30623263,0,0,0.97663,0.02075,0.00262
202937,0,0,0.8217,0.15867,0.01963
33611675,0,0,0.96187,0.03555,0.00258
35105397,0,1,0.1878,0.783,0.0292
16524138,0,0,0.67588,0.31678,0.00733
9977124,0,0,0.91379,0.08286,0.00335
28892581,0,0,0.90839,0.08889,0.00272
28811302,0,0,0.56807,0.42215,0.00977
36506778,0,1,0.31649,0.6648,0.01871
39439480,0,0,0.87655,0.12003,0.00342
1109443,0,0,0.84827,0.14798,0.00375
11426665,0,0,0.95626,0.04162,0.00212
38552411,0,0,0.97643,0.02217,0.0014
39872958,0,0,0.87227,0.11509,0.01264
32426477,0,0,0.55062,0.40127,0.04811
12605339,0,0,0.87025,0.12635,0.00339
27790187,0,0,0.92569,0.07194,0.00237
33376205,0,0,0.95584,0.03922,0.00494
41359876,0,0,0.83545,0.15883,0.00572
21025155,0,0,0.63809,0.34423,0.01768
15516910,0,1,0.3058,0.66272,0.03148
25343070,0,0,0.96424,0.03428,0.00147
6314603,0,2,0.21802,0.17468,0.6073
36038985,0,0,0.94274,0.0511,0.00616
19994037,0,0,0.75976,0.23262,0.00763
30739227,0,0,0.96179,0.03382,0.00438
14557017,0,0,0.98087,0.01748,0.00165
25699991,0,0,0.98449,0.01366,0.00184
36902545,0,0,0.98244,0.01563,0.00193
21064412,0,1,0.433,0.55599,0.01101
36599811,0,1,0.25426,0.71727,0.02847
40941423,0,0,0.98833,0.00988,0.00179
17188682,0,0,0.97591,0.0222,0.00188
24199133,0,0,0.55135,0.43276,0.01589
39680463,0,0,0.98402,0.01443,0.00155
38856042,0,0,0.98126,0.01722,0.00152
29954786,0,0,0.9779,0.02053,0.00157
25474096,0,0,0.81396,0.17741,0.00863
38899613,0,0,0.8936,0.10264,0.00377
41480195,0,0,0.97241,0.02571,0.00188
19528485,0,1,0.061,0.77279,0.16621
37591632,0,0,0.97463,0.02393,0.00144
23870624,0,0,0.97774,0.01826,0.004
35529962,0,0,0.85973,0.13603,0.00424
15299213,0,0,0.50715,0.47272,0.02013
3674277,0,1,0.16533,0.75703,0.07764
15195028,0,0,0.91076,0.08085,0.00839
26344176,0,1,0.32672,0.56783,0.10545
28858691,0,0,0.53837,0.44983,0.0118
32207394,0,0,0.87549,0.12082,0.00369
21123438,0,0,0.98526,0.01331,0.00144
36789932,0,0,0.97863,0.0198,0.00157
8631939,0,1,0.48577,0.50512,0.00911
37089911,0,0,0.9679,0.02998,0.00212
25170259,0,0,0.97803,0.02022,0.00175
31381110,0,0,0.95097,0.04435,0.00469
29561286,0,1,0.45072,0.52284,0.02644
30737003,0,0,0.90504,0.09138,0.00358
13556557,0,0,0.96208,0.03542,0.0025
19554125,0,0,0.92079,0.07632,0.00289
29100192,0,1,0.28742,0.63024,0.08235
30225410,0,0,0.81406,0.17953,0.00641
38157291,0,1,0.45393,0.46469,0.08138
1146052,0,1,0.3632,0.61541,0.02139
30361806,0,2,0.07838,0.255,0.66662
14800020,0,0,0.97886,0.01931,0.00183
40475882,0,0,0.87764,0.11878,0.00359
19079874,0,0,0.95159,0.04657,0.00184
1006856,0,0,0.98527,0.0132,0.00153
38241475,0,0,0.93002,0.06737,0.00261
12777649,0,0,0.5073,0.43732,0.05538
15425374,0,0,0.85098,0.14502,0.004
39814637,0,1,0.11442,0.83723,0.04835
1599663,0,0,0.97078,0.02754,0.00168
18198261,0,0,0.7961,0.19894,0.00496
26709093,0,0,0.98666,0.0119,0.00144
35484839,0,1,0.3818,0.54477,0.07344
40741669,0,0,0.57267,0.41897,0.00836
35902654,0,0,0.9417,0.056,0.0023
36695350,0,0,0.81702,0.17739,0.00559
16930159,0,1,0.46576,0.50755,0.02669
4743795,0,0,0.98194,0.01538,0.00267
20187847,0,0,0.94434,0.05251,0.00315
27039460,0,0,0.98172,0.01696,0.00132
14916712,0,0,0.52875,0.45939,0.01187
11492578,0,0,0.91176,0.05605,0.03219
34245002,0,1,0.28808,0.68035,0.03157
20275675,0,0,0.89268,0.10415,0.00317
4701856,0,1,0.44273,0.50562,0.05165
35998178,0,0,0.83492,0.15566,0.00942
14300048,0,0,0.97541,0.02316,0.00142
38067540,0,0,0.89787,0.09879,0.00334
13059885,0,0,0.97945,0.0188,0.00175
5462930,0,0,0.95937,0.03894,0.00169
23336286,0,0,0.78618,0.20669,0.00713
13486167,0,1,0.05544,0.89468,0.04989
4100991,0,0,0.7149,0.27241,0.01269
24845783,0,0,0.9535,0.04477,0.00173
23336536,0,0,0.97548,0.02299,0.00154
30646321,0,0,0.88306,0.1101,0.00685
5044149,0,0,0.93172,0.06497,0.00331
21123272,0,0,0.78515,0.20886,0.00599
28236108,0,0,0.94595,0.0508,0.00326
14715122,0,0,0.71958,0.27526,0.00516
34440645,0,0,0.7834,0.21003,0.00657
21140772,0,0,0.94647,0.05153,0.00201
21234208,0,0,0.96949,0.02851,0.00199
41372597,0,0,0.95328,0.04364,0.00308
23078061,0,0,0.64096,0.35122,0.00782
40316350,0,0,0.98328,0.01392,0.00281
40768550,0,0,0.97336,0.02461,0.00203
1258845,0,0,0.73006,0.26031,0.00963
31934816,0,1,0.35778,0.5413,0.10092
9630239,0,0,0.98275,0.01582,0.00143
6535862,0,0,0.84341,0.15181,0.00479
7383922,0,0,0.96973,0.02564,0.00463
13116821,0,0,0.74934,0.23304,0.01762
29445237,0,1,0.16431,0.81193,0.02376
31517407,0,2,0.00676,0.02878,0.96446
7571937,0,0,0.75173,0.23747,0.01081
758336,0,0,0.91084,0.08555,0.00361
34267139,0,0,0.9704,0.02764,0.00196
11911734,0,0,0.93991,0.0569,0.00318
17053465,0,0,0.89919,0.09816,0.00265
26474950,0,0,0.90136,0.09426,0.00437
33159840,0,1,0.42557,0.54858,0.02586
22542211,0,0,0.92721,0.06876,0.00403
24315452,0,2,0.35031,0.23042,0.41927
16483169,0,2,0.04547,0.40057,0.55396
40530607,0,0,0.94339,0.05237,0.00423
17237994,0,0,0.83273,0.16018,0.00709
740109,0,0,0.91951,0.07712,0.00337
38332387,0,0,0.93811,0.03312,0.02877
1966791,0,1,0.25869,0.70455,0.03676
12939842,0,1,0.17384,0.79138,0.03477
17115973,0,0,0.97041,0.02556,0.00403
37961918,0,0,0.92967,0.06767,0.00265
36767702,0,0,0.59551,0.37853,0.02596
22054205,0,0,0.88654,0.10776,0.0057
16063413,0,0,0.86312,0.1334,0.00347
24119266,0,0,0.98766,0.01055,0.00179
22068308,0,0,0.77854,0.21451,0.00695
16671067,0,1,0.36292,0.39164,0.24544
40188125,0,0,0.62536,0.36477,0.00987
17868927,0,0,0.82994,0.16535,0.00471
18159239,0,0,0.98767,0.01089,0.00144
29866147,0,0,0.79683,0.19375,0.00942
38611570,0,0,0.51051,0.45761,0.03188
15875235,0,0,0.86443,0.13051,0.00506
17573946,0,0,0.92761,0.06919,0.00319
33337280,0,1,0.15238,0.81737,0.03024
40812955,0,0,0.68938,0.30234,0.00828
17478416,0,1,0.40573,0.5611,0.03317
20157870,0,0,0.90546,0.08948,0.00506
9178160,0,0,0.57587,0.33854,0.0856
31933504,0,0,0.96297,0.03012,0.00691
2658538,0,0,0.53129,0.39482,0.07389
6632249,0,0,0.74042,0.25191,0.00767
8083105,0,1,0.18348,0.78004,0.03648
29354235,0,0,0.83351,0.16033,0.00617
11779168,0,0,0.58854,0.389,0.02247
7392727,0,0,0.69153,0.30211,0.00637
29921154,0,0,0.94593,0.05101,0.00306
37144716,0,0,0.97504,0.02214,0.00283
9968177,0,0,0.93765,0.05794,0.00441
17432832,0,1,0.1872,0.782,0.0308
28434579,0,0,0.97201,0.02606,0.00194
564708,0,0,0.86401,0.12918,0.00681
39873640,0,0,0.98451,0.01211,0.00339
9453372,0,0,0.66946,0.24773,0.08282
34643839,0,0,0.98716,0.01118,0.00166
16988764,0,0,0.97938,0.01745,0.00317
10263946,0,0,0.97469,0.01961,0.00571
16744093,0,0,0.84237,0.14898,0.00865
33148269,0,0,0.90369,0.09232,0.00399
22598920,0,0,0.97611,0.02212,0.00177
11402652,0,0,0.8428,0.1517,0.0055
32348040,0,0,0.97859,0.01969,0.00172
16864099,0,0,0.87334,0.12171,0.00496
36752884,0,1,0.17633,0.80112,0.02255
8451666,0,2,0.13765,0.32636,0.53598
17237656,0,0,0.88453,0.11202,0.00345
5372062,0,0,0.95967,0.03671,0.00363
21811339,0,0,0.9648,0.01753,0.01767
28739167,0,1,0.48361,0.50682,0.00958
24894536,0,0,0.90699,0.08998,0.00303
3311496,0,0,0.9738,0.02476,0.00144
7417787,0,1,0.13489,0.48385,0.38126
15713150,0,0,0.98861,0.00992,0.00146
19263470,0,0,0.58809,0.39483,0.01708
31904106,0,1,0.40613,0.55947,0.0344
17787995,0,0,0.97771,0.02021,0.00207
9865054,0,1,0.15422,0.80567,0.04011
40358442,0,0,0.68587,0.30435,0.00978
10189829,0,0,0.87021,0.11708,0.01271
27488706,0,1,0.42813,0.5349,0.03697
41575726,0,0,0.97544,0.0221,0.00246
25499288,0,0,0.95869,0.03915,0.00216
13848676,0,0,0.9868,0.0103,0.0029
4437789,0,1,0.35614,0.60818,0.03568
9322564,0,0,0.92616,0.06841,0.00542
41488541,0,0,0.98623,0.01096,0.00281
35750531,0,0,0.92155,0.07609,0.00236
35684562,0,0,0.55429,0.43507,0.01064
5991796,0,0,0.97849,0.01992,0.00159
10298180,0,0,0.8616,0.11995,0.01845
10657300,0,0,0.58357,0.40423,0.01221
13942575,0,0,0.97892,0.01894,0.00214
10098873,0,0,0.58699,0.31977,0.09324
25665894,0,0,0.92157,0.07535,0.00307
18497125,0,1,0.26233,0.71588,0.02179
33877805,0,0,0.80677,0.18865,0.00458
33305811,0,0,0.82992,0.16026,0.00981
23711517,0,0,0.8989,0.09567,0.00543
161687,0,0,0.97189,0.02555,0.00256
6219390,0,0,0.87947,0.11402,0.00651
10870056,0,0,0.97519,0.02348,0.00133
3337389,0,0,0.87409,0.11992,0.00598
16985969,0,0,0.79117,0.20004,0.00879
8022920,0,0,0.78009,0.21326,0.00664
27110605,0,1,0.43333,0.54778,0.01889
14132780,0,0,0.95632,0.04111,0.00256
37157964,0,0,0.82784,0.16429,0.00787
3086877,0,0,0.97604,0.02269,0.00127
29076909,0,0,0.94742,0.04917,0.00342
35516692,0,2,0.09786,0.08911,0.81303
33932690,0,1,0.14564,0.8056,0.04876
21842288,0,0,0.9508,0.04622,0.00298
24619873,0,1,0.32575,0.65037,0.02388
32496640,0,2,0.00262,0.02119,0.97619
10511910,0,1,0.14368,0.82362,0.03269
36877452,0,0,0.93135,0.06655,0.0021
8256817,0,0,0.94235,0.05512,0.00253
19961546,0,0,0.97859,0.01799,0.00342
22322554,0,1,0.26361,0.7222,0.01419
31234634,0,0,0.74881,0.24501,0.00618
15363384,0,1,0.26639,0.71569,0.01792
40304740,0,1,0.43732,0.5073,0.05538
31811593,0,0,0.90446,0.08973,0.00582
23969930,0,0,0.91482,0.08183,0.00335
39567663,0,0,0.90989,0.08597,0.00415
27028098,0,0,0.98305,0.01558,0.00137
5151614,0,1,0.19127,0.74913,0.0596
41452176,0,0,0.62202,0.36141,0.01658
5809551,0,1,0.03404,0.878,0.08796
19360094,0,0,0.93278,0.06448,0.00275
25541310,0,0,0.97315,0.02465,0.0022
30842837,0,0,0.9814,0.01695,0.00165
10399729,0,0,0.90323,0.09245,0.00432
36720592,0,1,0.29866,0.67831,0.02303
39031845,0,0,0.98675,0.01006,0.00319
38346894,0,0,0.64546,0.31952,0.03502
8138621,0,0,0.73108,0.2617,0.00722
2204534,0,0,0.80263,0.19289,0.00448
31044239,0,0,0.98186,0.01618,0.00196
932744,0,0,0.63155,0.35289,0.01557
6645736,0,1,0.32593,0.60655,0.06752
19909837,0,0,0.92098,0.06985,0.00917
33754890,0,0,0.87782,0.11696,0.00522
25771168,0,1,0.23438,0.74776,0.01786
35285765,0,0,0.75039,0.2352,0.0144
3268061,0,1,0.13946,0.83493,0.02561
6607503,0,0,0.8123,0.18196,0.00574
13766933,0,1,0.32399,0.59708,0.07893
15781093,0,0,0.93812,0.05933,0.00255
17650725,0,1,0.32114,0.55815,0.12071
7714161,0,0,0.86973,0.12677,0.0035
8275317,0,1,0.31235,0.57002,0.11763
13102584,0,2,0.22593,0.34618,0.42789
12767802,0,0,0.62812,0.36353,0.00835
29592890,0,0,0.56657,0.41129,0.02214
3007122,0,0,0.98224,0.01606,0.0017
25029384,0,0,0.98855,0.00932,0.00213
31466973,0,0,0.93785,0.05731,0.00485
12815743,0,0,0.83757,0.15283,0.0096
19002345,0,0,0.62637,0.36251,0.01112
25018241,0,0,0.90847,0.08804,0.00349
34838710,0,0,0.84326,0.1506,0.00614
5278281,0,0,0.87988,0.1134,0.00672
28975682,0,0,0.97107,0.0267,0.00223
18582959,0,0,0.72569,0.26593,0.00838
33862609,0,0,0.92366,0.07199,0.00434
4478185,0,0,0.98876,0.00911,0.00213
17859904,0,0,0.9751,0.02352,0.00138
9268550,0,0,0.98534,0.0124,0.00226
5005277,0,0,0.71758,0.25787,0.02455
29502468,0,0,0.51663,0.4471,0.03627
19736339,0,0,0.97356,0.02299,0.00346
33261402,0,0,0.92529,0.06857,0.00614
6624767,0,0,0.59164,0.39105,0.01732
45869,0,1,0.32722,0.63816,0.03462
30845209,0,0,0.90016,0.09423,0.00561
9794652,0,0,0.8254,0.16638,0.00822
36647030,0,0,0.92378,0.072,0.00421
39601256,0,0,0.97068,0.02754,0.00179
38768640,0,0,0.96581,0.03194,0.00225
23710166,0,0,0.98051,0.01782,0.00167
13714276,0,0,0.96218,0.03621,0.00161
32193539,0,0,0.61813,0.33346,0.04842
19032067,0,1,0.22312,0.75039,0.02649
29776198,0,0,0.97013,0.02683,0.00304
29308400,0,0,0.90475,0.09189,0.00337
21863406,0,0,0.91905,0.07663,0.00432
38484059,0,0,0.85608,0.13866,0.00525
39778296,0,1,0.3701,0.61498,0.01492
9544278,0,1,0.40864,0.5808,0.01055
30156072,0,0,0.85333,0.14205,0.00462
2048598,0,0,0.84764,0.14083,0.01154
3873421,0,0,0.95735,0.04117,0.00149
25633851,0,0,0.98666,0.01171,0.00163
12319910,0,0,0.96749,0.03026,0.00225
29402383,0,1,0.11149,0.6027,0.28581
37280231,0,0,0.61523,0.3306,0.05418
40799060,0,0,0.86804,0.12457,0.00739
16297927,0,0,0.96887,0.0288,0.00233
15209127,0,0,0.95117,0.04585,0.00298
2789422,0,0,0.95147,0.04621,0.00232
37530234,0,0,0.84565,0.14496,0.00939
3659436,0,0,0.83095,0.16426,0.00479
12000531,0,0,0.93533,0.06187,0.0028
1483033,0,0,0.93273,0.06485,0.00242
35759318,0,1,0.2979,0.68456,0.01754
34128889,0,0,0.98534,0.01147,0.00319
35978591,0,0,0.9648,0.03345,0.00175
36258069,0,0,0.98194,0.01581,0.00225
40211675,0,0,0.3696,0.27356,0.35684
8482332,0,0,0.8625,0.13488,0.00262
6606727,0,0,0.87474,0.08971,0.03555
32823887,0,0,0.96484,0.02959,0.00556
33380946,0,0,0.89877,0.0917,0.00953
24928332,0,0,0.70289,0.28847,0.00864
41355667,0,0,0.96757,0.0305,0.00193
28324697,0,0,0.82334,0.16858,0.00807
23034217,0,0,0.97235,0.02531,0.00234
38141966,0,0,0.97751,0.02061,0.00189
20462424,0,0,0.58455,0.40491,0.01054
558716,0,0,0.85778,0.13679,0.00543
3177374,0,0,0.82611,0.16849,0.0054
39593248,0,0,0.95235,0.0451,0.00255
14039841,0,0,0.56209,0.42762,0.0103
2391524,0,0,0.92475,0.07257,0.00268
22883170,0,0,0.63712,0.33837,0.02451
27307227,0,0,0.98062,0.01754,0.00183
25550843,0,0,0.87539,0.11987,0.00474
36350496,0,1,0.3233,0.648,0.02869
16657749,0,1,0.47355,0.48101,0.04545
10527489,0,1,0.25681,0.67528,0.06791
1170632,0,0,0.86472,0.13158,0.0037
17700978,0,0,0.93793,0.06002,0.00205
27134608,0,0,0.49988,0.48073,0.01938
36410465,0,0,0.94007,0.0572,0.00272
1323180,0,1,0.10939,0.83067,0.05994
22486049,0,0,0.91525,0.08155,0.0032
20586535,0,0,0.92914,0.06695,0.00392
29259950,0,0,0.91913,0.07799,0.00288
35635917,0,0,0.9846,0.01377,0.00163
8532165,0,0,0.83455,0.15928,0.00618
4326474,0,0,0.98225,0.016,0.00175
40531589,0,0,0.83277,0.15956,0.00767
29282934,0,0,0.90874,0.08611,0.00516
36468226,0,0,0.97938,0.01815,0.00247
24424432,0,0,0.9292,0.06864,0.00216
21314154,0,1,0.491,0.49873,0.01027
1546092,0,0,0.79447,0.20009,0.00544
24718756,0,0,0.95095,0.04443,0.00462
38889387,0,0,0.95606,0.04194,0.002
23138168,0,0,0.89976,0.09633,0.00391
26089804,0,0,0.97479,0.02196,0.00325
38312910,0,0,0.89452,0.10056,0.00492
8796251,0,1,0.42414,0.55752,0.01835
25768202,0,0,0.90326,0.09102,0.00572
17756823,0,0,0.92898,0.06889,0.00213
18710581,0,0,0.78557,0.20897,0.00546
23232817,0,0,0.85769,0.12949,0.01282
32155065,0,1,0.25711,0.7239,0.01899
12477908,0,1,0.27588,0.69627,0.02785
19075826,0,0,0.81445,0.17961,0.00593
32230871,0,0,0.75482,0.20455,0.04063
20741746,0,0,0.91956,0.07742,0.00302
6176398,0,2,0.00612,0.0423,0.95158
41276993,0,0,0.60703,0.38285,0.01012
31901495,0,1,0.46236,0.51985,0.01779
19649565,0,0,0.89029,0.10407,0.00564
39214591,0,0,0.77172,0.22283,0.00545
14347349,0,0,0.55456,0.43528,0.01016
40422715,0,0,0.65075,0.34025,0.009
8402048,0,1,0.15414,0.80036,0.04551
38230689,0,0,0.81094,0.18236,0.00669
29293590,0,0,0.68431,0.30844,0.00725
36885090,0,0,0.60101,0.34648,0.05252
4301125,0,0,0.98317,0.01558,0.00124
27333210,0,0,0.97324,0.02325,0.00351
14770594,0,0,0.92155,0.07594,0.00251
1523537,0,0,0.96338,0.03201,0.0046
25427538,0,0,0.66656,0.32233,0.01112
22619729,0,0,0.82056,0.17267,0.00677
4497638,0,0,0.94717,0.05029,0.00254
1935091,0,0,0.96473,0.03343,0.00183
6449805,0,0,0.69301,0.29806,0.00893
32390824,0,0,0.9249,0.07216,0.00294
8887112,0,0,0.94947,0.04849,0.00204
3945868,0,0,0.98313,0.01546,0.00141
16882787,0,0,0.90946,0.08711,0.00344
17162172,0,1,0.26868,0.71622,0.0151
39809411,0,0,0.82602,0.13318,0.04081
19146787,0,0,0.56519,0.42662,0.00819
34843768,0,1,0.07207,0.49834,0.42959
37630288,0,0,0.78041,0.21169,0.00789
13795476,0,0,0.91296,0.08247,0.00457
1916848,0,0,0.98469,0.01259,0.00272
37951721,0,0,0.9567,0.03957,0.00373
25606816,0,1,0.30857,0.66873,0.0227
5861557,0,1,0.05879,0.69418,0.24703
8022534,0,0,0.91755,0.07909,0.00336
15895420,0,0,0.96847,0.02902,0.00252
4292401,0,1,0.45497,0.53192,0.01311
35364805,0,0,0.96399,0.0339,0.00211
40705549,0,0,0.49251,0.49251,0.01499
19321407,0,0,0.5146,0.43504,0.05036
32849586,0,0,0.9364,0.0608,0.0028
25318369,0,0,0.66014,0.32936,0.0105
339709,0,1,0.1455,0.83075,0.02375
19364467,0,0,0.9744,0.0236,0.002
31111741,0,0,0.9685,0.02925,0.00226
38675163,0,0,0.90003,0.09561,0.00437
23278875,0,0,0.96087,0.03718,0.00194
17376601,0,0,0.98038,0.01838,0.00124
38212085,0,0,0.97022,0.0279,0.00187
37370070,0,0,0.98622,0.01194,0.00185
30744716,0,0,0.97138,0.0264,0.00223
32309523,0,0,0.86623,0.12775,0.00602
15060239,0,1,0.07691,0.56607,0.35702
5727092,0,0,0.74649,0.22856,0.02495
22405247,0,0,0.94115,0.05594,0.0029
31693920,0,0,0.97557,0.01947,0.00496
23151567,0,0,0.80726,0.1873,0.00544
10722545,0,0,0.96963,0.02821,0.00215
25845505,0,1,0.28886,0.69565,0.01549
38280892,0,0,0.75944,0.20641,0.03416
26851032,0,0,0.92284,0.07487,0.00229
1137375,0,0,0.74513,0.17964,0.07523
1176498,0,1,0.43677,0.55213,0.01111
27355789,0,0,0.92353,0.07063,0.00585
15288299,0,0,0.96386,0.03363,0.0025
39642629,0,1,0.3183,0.51413,0.16757
22226286,0,0,0.93009,0.06738,0.00253
39717440,0,0,0.98111,0.01748,0.00141
5245676,0,0,0.71855,0.26956,0.01189
21931466,0,0,0.94589,0.04986,0.00425
26604597,0,1,0.06658,0.84347,0.08995
41549790,0,0,0.88791,0.09322,0.01887
40017159,0,0,0.97316,0.02475,0.0021
36290172,0,0,0.57479,0.406,0.01921
22909054,0,0,0.97076,0.02722,0.00203
31571219,0,0,0.63711,0.35047,0.01242
21328552,0,0,0.69657,0.29726,0.00617
38549180,0,0,0.96297,0.03012,0.00691
11574903,0,0,0.51728,0.42884,0.05389
24846074,0,0,0.937,0.06049,0.00251
40742860,0,0,0.93861,0.05779,0.0036
20229268,0,0,0.98052,0.01796,0.00152
19421520,0,0,0.98043,0.01782,0.00175
13164132,0,0,0.98603,0.01251,0.00146
14629827,0,0,0.869,0.12716,0.00384
9695288,0,0,0.83574,0.15703,0.00723
30344450,0,0,0.91202,0.08516,0.00281
26339213,0,0,0.96481,0.03305,0.00214
18019888,0,0,0.81875,0.17229,0.00895
38468962,0,0,0.97323,0.02403,0.00273
23798716,0,0,0.62775,0.31565,0.05659
10306158,0,0,0.91615,0.07897,0.00488
26088060,0,1,0.11734,0.8379,0.04476
20687062,0,0,0.81496,0.17972,0.00532
12854906,0,1,0.38166,0.52371,0.09463
23728394,0,0,0.98311,0.01534,0.00155
40792212,0,0,0.85233,0.14244,0.00523
12379293,0,0,0.93374,0.06305,0.00321
17216710,0,0,0.84427,0.15137,0.00436
23056920,0,0,0.53876,0.45015,0.01109
40524104,0,1,0.33891,0.64313,0.01796
28157218,0,0,0.91806,0.07011,0.01183
32076576,0,0,0.94563,0.05206,0.00231
19372539,0,0,0.98527,0.0132,0.00153
32093142,0,0,0.90453,0.09115,0.00432
15672209,0,0,0.71185,0.2723,0.01585
38320046,0,0,0.86058,0.12892,0.0105
27067436,0,0,0.49595,0.45157,0.05248
30420927,0,0,0.49244,0.46989,0.03768
23389509,0,0,0.95754,0.04061,0.00185
17205833,0,1,0.4358,0.5298,0.0344
23693003,0,0,0.92349,0.07333,0.00318
23073461,0,0,0.8744,0.10535,0.02025
33923206,0,0,0.61725,0.36857,0.01418
16386323,0,1,0.14491,0.4733,0.38179
41133784,0,0,0.95929,0.03691,0.0038
34543542,0,1,0.33641,0.64339,0.0202
27047863,0,0,0.88115,0.11513,0.00372
1064826,0,0,0.91886,0.07744,0.0037
29591504,0,0,0.95244,0.04557,0.00199
30640570,0,0,0.96782,0.029,0.00318
26843373,0,1,0.34232,0.61025,0.04743
12774991,0,0,0.97699,0.02154,0.00147
17070284,0,0,0.90391,0.09234,0.00375
33683795,0,0,0.89332,0.1022,0.00447
5312457,0,1,0.17049,0.77098,0.05853
17185486,0,0,0.89444,0.10253,0.00303
16138780,0,0,0.93085,0.06632,0.00283
26028189,0,0,0.83978,0.15656,0.00365
20059478,0,0,0.9518,0.0463,0.0019
31062279,0,0,0.98275,0.01595,0.0013
38002494,0,0,0.84973,0.13737,0.0129
24306383,0,1,0.29825,0.68538,0.01637
12695706,0,0,0.84966,0.14479,0.00555
28623214,0,0,0.86348,0.13139,0.00513
6870266,0,0,0.94991,0.04773,0.00235
23873421,0,0,0.66512,0.32289,0.01199
14374835,0,0,0.87077,0.12545,0.00379
1538943,0,0,0.95127,0.04695,0.00178
15729800,0,0,0.90846,0.08752,0.00401
35934683,0,0,0.85766,0.13784,0.0045
37676370,0,0,0.87354,0.1215,0.00496
40709444,0,1,0.4393,0.47686,0.08384
39281503,0,0,0.40072,0.28322,0.31607
15137358,0,0,0.92667,0.0658,0.00753
4481074,0,0,0.96739,0.0282,0.00441
2965336,0,1,0.31523,0.43552,0.24925
13486746,0,0,0.66178,0.32761,0.01061
5186335,0,0,0.96549,0.03208,0.00243
5178122,0,0,0.93099,0.06549,0.00352
2169561,0,0,0.89237,0.09691,0.01072
11457727,0,1,0.34995,0.61899,0.03106
21238524,0,0,0.87875,0.11594,0.00531
36192609,0,0,0.8236,0.16409,0.01231
38440578,0,0,0.79397,0.19997,0.00606
25115660,0,0,0.69266,0.12037,0.18697
36262197,0,0,0.87106,0.12186,0.00708
6788966,0,1,0.42219,0.5053,0.07251
864388,0,1,0.48377,0.50304,0.0132
38933942,0,0,0.92326,0.06283,0.01391
35319815,0,0,0.97041,0.02799,0.0016
36446158,0,1,0.18467,0.77368,0.04165
6128127,0,0,0.98527,0.01295,0.00179
17963264,0,1,0.09194,0.79115,0.11691
7729084,0,0,0.71147,0.27971,0.00882
25453850,0,0,0.93831,0.05825,0.00344
20462899,0,1,0.42752,0.55325,0.01923
35875226,0,1,0.43602,0.52389,0.04008
26632961,0,0,0.53054,0.44156,0.0279
4269056,0,0,0.98144,0.01715,0.00141
25201339,0,1,0.45366,0.52625,0.02009
13034954,0,0,0.87687,0.1196,0.00353
11501217,0,0,0.92539,0.07122,0.00339
28702055,0,1,0.38135,0.60465,0.014
34767517,0,1,0.43548,0.54197,0.02255
4109449,0,0,0.90469,0.08862,0.00669
19941097,0,0,0.97759,0.02013,0.00228
10832888,0,0,0.71922,0.26562,0.01516
27513264,0,0,0.56597,0.40607,0.02796
26344265,0,0,0.73669,0.25759,0.00571
21436403,0,0,0.94914,0.04784,0.00302
18459355,0,0,0.7227,0.26277,0.01454
2778696,0,1,0.37528,0.61391,0.01081
230209,0,0,0.84876,0.14635,0.00489
2301392,0,0,0.50689,0.48368,0.00943
32959786,0,0,0.98692,0.00998,0.00309
24652276,0,0,0.64108,0.35128,0.00764
34082528,0,0,0.76848,0.14496,0.08656
14439892,0,0,0.58323,0.39773,0.01904
29387458,0,0,0.89991,0.09384,0.00626
26156554,0,0,0.92992,0.06564,0.00444
30895879,0,0,0.97228,0.02581,0.00191
35388647,0,0,0.89387,0.10029,0.00584
1257419,0,0,0.85944,0.13598,0.00458
13887210,0,0,0.87087,0.12497,0.00416
19736835,0,0,0.85672,0.11232,0.03096
9596652,0,0,0.9007,0.09568,0.00362
33987423,0,0,0.87596,0.11786,0.00619
26793184,0,1,0.47001,0.51219,0.0178
39197727,0,0,0.95962,0.03859,0.0018
30983915,0,0,0.92234,0.07345,0.00421
16387338,0,1,0.40215,0.58512,0.01273
40945407,0,0,0.52299,0.45438,0.02262
13096419,0,1,0.41957,0.52625,0.05418
25411799,0,0,0.96316,0.03507,0.00177
37957639,0,0,0.83891,0.1564,0.00469
41259187,0,0,0.78716,0.20858,0.00426
21090353,0,1,0.42848,0.5291,0.04242
34020380,0,0,0.98744,0.00917,0.0034
33559207,0,0,0.98846,0.00954,0.002
35036702,0,1,0.39105,0.59164,0.01732
20495809,0,0,0.59849,0.3925,0.00902
16324659,0,0,0.96141,0.03441,0.00418
14620732,0,0,0.92932,0.06238,0.0083
20480853,0,0,0.83643,0.15964,0.00393
16401963,0,1,0.39804,0.55695,0.04501
8617699,0,1,0.44429,0.51137,0.04434
21084591,0,0,0.98551,0.01326,0.00123
20967536,0,1,0.22573,0.72159,0.05268
302882,0,0,0.98427,0.01432,0.00141
9345155,0,0,0.94678,0.05091,0.00231
33738505,0,0,0.85664,0.13741,0.00596
31272830,0,0,0.95889,0.03895,0.00216
24189698,0,1,0.43176,0.53943,0.02881
19349930,0,0,0.87896,0.11597,0.00507
17245621,0,0,0.83809,0.09951,0.06239
11744400,0,0,0.9853,0.0131,0.0016
38989194,0,0,0.98529,0.01245,0.00226
2096044,0,0,0.96862,0.02959,0.00178
34327110,0,0,0.94047,0.05653,0.00299
1671369,0,0,0.637,0.35178,0.01122
27425404,0,0,0.35815,0.32547,0.31638
15731242,0,0,0.83596,0.16017,0.00387
24095972,0,0,0.89827,0.09864,0.00309
41292010,0,2,0.00396,0.01107,0.98497
29627158,0,0,0.93786,0.05946,0.00268
10315826,0,0,0.97883,0.01916,0.00201
15824628,0,0,0.63284,0.34949,0.01767
34814206,0,0,0.53234,0.45533,0.01233
39224614,0,0,0.89235,0.10289,0.00476
36613484,0,0,0.94928,0.04848,0.00225
7423021,0,0,0.72855,0.26283,0.00862
24314698,0,0,0.5119,0.47714,0.01096
37036116,0,0,0.97764,0.01982,0.00254
29694918,0,0,0.43284,0.41222,0.15494
4925511,0,0,0.49974,0.39302,0.10724
31391375,0,0,0.92608,0.0703,0.00361
39617932,0,0,0.8704,0.11007,0.01953
13457497,0,0,0.56288,0.42488,0.01224
5287712,0,0,0.80624,0.18561,0.00815
2782708,0,0,0.85219,0.14297,0.00484
26360591,0,0,0.85887,0.13696,0.00417
37958094,0,0,0.98515,0.01245,0.0024
27949996,0,0,0.79241,0.18493,0.02266
15146581,0,0,0.53236,0.45181,0.01583
33316310,0,0,0.95721,0.04001,0.00277
29725852,0,0,0.70455,0.28025,0.0152
36206293,0,1,0.06154,0.56149,0.37697
34976088,0,2,0.02776,0.06712,0.90512
23829143,0,1,0.10363,0.87363,0.02274
15590096,0,0,0.57016,0.32998,0.09986
35056671,0,2,0.00231,0.00756,0.99013
26875421,0,0,0.9722,0.02634,0.00146
18994950,0,1,0.05479,0.64196,0.30324
16549945,0,0,0.97537,0.02263,0.002
20030032,0,0,0.9259,0.07154,0.00256
30446341,0,0,0.97498,0.02249,0.00253
32758030,0,0,0.9643,0.03375,0.00195
24672559,0,0,0.84271,0.15228,0.00501
7287610,0,0,0.95425,0.04185,0.0039
2988202,0,1,0.08461,0.86119,0.0542
23791084,0,1,0.17049,0.80309,0.02643
30707953,0,0,0.68242,0.31,0.00758
29963505,0,1,0.0896,0.8272,0.08319
24372083,0,0,0.72374,0.26729,0.00897
15477674,0,0,0.95598,0.04179,0.00223
21454861,0,0,0.84277,0.15288,0.00435
31722910,0,0,0.97418,0.02291,0.00291
27309443,0,0,0.56762,0.42182,0.01056
31625790,0,0,0.77932,0.21473,0.00595
12009589,0,0,0.7149,0.27241,0.01269
33567728,0,0,0.5656,0.41705,0.01735
39247089,0,0,0.88937,0.09434,0.01629
11956439,0,0,0.90267,0.08067,0.01666
17003413,0,1,0.39921,0.58999,0.01081
41002924,0,0,0.96852,0.02908,0.0024
18965104,0,2,0.11643,0.13612,0.74745
38898808,0,0,0.96181,0.03566,0.00254
3305768,0,0,0.95576,0.04138,0.00286
12488849,0,0,0.91786,0.07789,0.00425
13666450,0,1,0.47329,0.51576,0.01096
22614234,0,1,0.10019,0.83398,0.06583
29082845,0,0,0.69667,0.17089,0.13244
13851587,0,0,0.97717,0.02134,0.00149
13467575,0,0,0.51957,0.46939,0.01104
39187639,0,0,0.96607,0.03185,0.00208
23374468,0,0,0.95999,0.03751,0.00249
25225245,0,1,0.3965,0.57466,0.02884
7947627,0,0,0.75304,0.23328,0.01368
979505,0,0,0.87912,0.11487,0.00602
35360508,0,0,0.98329,0.01493,0.00178
21141010,0,0,0.9506,0.04754,0.00186
20780544,0,0,0.96655,0.03147,0.00199
4635135,0,0,0.88487,0.11162,0.00351
36749966,0,1,0.4355,0.54624,0.01826
20193318,0,0,0.9419,0.05569,0.00241
36660471,0,0,0.98261,0.01601,0.00139
13051357,0,0,0.80853,0.179,0.01247
36743489,0,0,0.62781,0.35493,0.01726
20078456,0,0,0.88071,0.11307,0.00622
36834755,0,1,0.17702,0.79958,0.0234
21226440,0,0,0.78723,0.20456,0.00822
35610446,0,0,0.7816,0.21368,0.00472
34021484,0,0,0.94508,0.05135,0.00357
8349245,0,0,0.9843,0.01415,0.00155
29014635,0,0,0.92693,0.06935,0.00373
15211770,0,0,0.63502,0.34257,0.02242
5729676,0,0,0.58738,0.39744,0.01517
11384444,0,0,0.93424,0.06283,0.00293
22354145,0,0,0.53591,0.45128,0.0128
34325518,0,0,0.97902,0.01962,0.00136
15127632,0,0,0.71383,0.27954,0.00663
8382927,0,0,0.97422,0.02336,0.00241
18195573,0,0,0.94772,0.04816,0.00412
39427852,0,0,0.94385,0.05425,0.00191
32119607,0,0,0.90223,0.09021,0.00757
14851081,0,0,0.92834,0.06925,0.00241
26052155,0,0,0.98533,0.0128,0.00187
16203913,0,0,0.72504,0.26569,0.00927
2981725,0,0,0.79251,0.19882,0.00867
33095159,0,2,0.08086,0.39185,0.52729
4845934,0,0,0.66232,0.33044,0.00724
33271724,0,1,0.31661,0.6573,0.02609
14802634,0,0,0.76903,0.21947,0.0115
8354810,0,0,0.94427,0.05054,0.00519
3140713,0,1,0.2658,0.71133,0.02287
20037220,0,0,0.67006,0.3215,0.00843
30074706,0,1,0.21671,0.72035,0.06294
39339205,0,0,0.67304,0.31299,0.01397
26209138,0,0,0.94989,0.04806,0.00205
29307443,0,0,0.92833,0.06837,0.0033
10146152,0,0,0.93442,0.06242,0.00317
31159938,0,1,0.31014,0.6643,0.02556
33025342,0,0,0.97687,0.02133,0.0018
32407939,0,1,0.07554,0.8867,0.03776
1592053,0,2,0.02957,0.12615,0.84428
38420058,0,0,0.88999,0.10713,0.00288
4125828,0,0,0.9358,0.06209,0.00211
1090697,0,0,0.84724,0.14838,0.00438
29848100,0,1,0.26923,0.6956,0.03518
32602458,0,0,0.95816,0.03893,0.00291
5531283,0,0,0.9292,0.0681,0.00269
19330490,0,0,0.58019,0.39411,0.02569
39007004,0,0,0.97638,0.02183,0.0018
28356985,0,1,0.14338,0.4729,0.38372
16434738,0,0,0.96493,0.03308,0.00198
21033871,0,0,0.59268,0.38266,0.02465
40952487,0,0,0.97829,0.0196,0.00211
3790643,0,2,0.01772,0.12841,0.85387
20834340,0,0,0.98254,0.01527,0.00218
22440373,0,0,0.9531,0.04027,0.00663
37268932,0,1,0.31102,0.66619,0.0228
17068294,0,1,0.43258,0.51773,0.04969
15783196,0,0,0.9681,0.028,0.0039
6265181,0,0,0.4912,0.43859,0.07021
32824091,0,0,0.87159,0.11341,0.015
35600185,0,1,0.30147,0.67146,0.02707
19495423,0,1,0.44349,0.52053,0.03598
6930468,0,0,0.45981,0.40896,0.13122
36099702,0,0,0.65518,0.32816,0.01666
11482660,0,0,0.98827,0.00946,0.00227
31251302,0,0,0.66859,0.32331,0.00809
37888207,0,0,0.92105,0.0762,0.00275
23451996,0,0,0.73268,0.25519,0.01212
12735559,0,1,0.25045,0.68345,0.0661
31661979,0,0,0.91383,0.08206,0.0041
14592392,0,0,0.96514,0.03319,0.00167
117090,0,0,0.85427,0.1411,0.00463
15266838,0,0,0.69156,0.30212,0.00632
35773547,0,0,0.9367,0.05142,0.01188
20220746,0,0,0.94232,0.05555,0.00213
35933452,0,0,0.98358,0.01334,0.00308
32761092,0,0,0.97814,0.01991,0.00195
35586833,0,1,0.3313,0.64865,0.02005
39508046,0,0,0.86524,0.13063,0.00413
32572845,0,0,0.9508,0.04653,0.00267
28142165,0,0,0.62522,0.32183,0.05295
16355218,0,0,0.70794,0.28603,0.00603
20168511,0,0,0.85832,0.13848,0.00319
12327573,0,0,0.9601,0.03773,0.00217
36814587,0,0,0.74731,0.24548,0.00721
7722611,0,0,0.69625,0.29366,0.01009
13426477,0,0,0.97245,0.02586,0.00168
38575680,0,1,0.09973,0.83344,0.06683
27532798,0,0,0.98493,0.0132,0.00187
25804501,0,1,0.38101,0.55654,0.06244
23537049,0,0,0.52396,0.34095,0.13509
25566743,0,0,0.97696,0.021,0.00204
1278559,0,1,0.3668,0.61909,0.01411
4062085,0,0,0.92148,0.06137,0.01714
13044487,0,0,0.72422,0.26851,0.00727
30705948,0,0,0.53083,0.33284,0.13633
28454927,0,1,0.32607,0.63344,0.04049
22157929,0,0,0.84833,0.14742,0.00425
24666215,0,1,0.1423,0.53703,0.32067
7814116,0,0,0.89044,0.10635,0.00321
17824886,0,1,0.1521,0.76791,0.07999
38290707,0,0,0.98349,0.01308,0.00344
15848473,0,0,0.86156,0.13187,0.00658
38326182,0,0,0.9468,0.05004,0.00316
35093942,0,1,0.43314,0.54753,0.01933
12740846,0,0,0.94111,0.05624,0.00264
33833486,0,0,0.94739,0.05011,0.0025
5471966,0,0,0.88666,0.10883,0.00451
3087141,0,0,0.96597,0.03136,0.00267
31216440,0,0,0.97533,0.02254,0.00213
17073039,0,2,0.00274,0.02139,0.97587
32220974,0,0,0.72749,0.25939,0.01312
24619981,0,1,0.24926,0.73548,0.01526
5484933,0,0,0.96114,0.03655,0.00231
30221326,0,0,0.90531,0.09194,0.00275
26975376,0,0,0.67178,0.2784,0.04982
10938000,0,0,0.98172,0.01676,0.00152
21607562,0,0,0.95708,0.04043,0.00249
40567448,0,0,0.82933,0.15705,0.01362
28967855,0,1,0.15762,0.68599,0.15639
8493446,0,0,0.61026,0.37159,0.01814
8439910,0,0,0.94331,0.05416,0.00253
32767855,0,0,0.98185,0.01637,0.00178
18934326,0,0,0.9274,0.06837,0.00423
20404107,0,0,0.9032,0.09281,0.00399
8964211,0,0,0.92239,0.07498,0.00263
16950868,0,0,0.88198,0.10285,0.01518
25886673,0,0,0.97565,0.02286,0.00149
4306105,0,0,0.98421,0.01164,0.00415
26346628,0,0,0.88428,0.10875,0.00697
24323072,0,0,0.8571,0.13614,0.00675
17628081,0,0,0.97148,0.02655,0.00197
5001954,0,0,0.95488,0.03805,0.00707
27832851,0,0,0.9659,0.03238,0.00172
14233689,0,1,0.07527,0.88184,0.04289
33970784,0,0,0.96897,0.02898,0.00205
31661926,0,0,0.92729,0.06985,0.00286
30173606,0,0,0.69943,0.28704,0.01353
23205544,0,1,0.26281,0.7144,0.02279
36285352,0,0,0.96025,0.03758,0.00217
41124903,0,0,0.83715,0.15853,0.00432
36233517,0,1,0.10151,0.75892,0.13957
19844297,0,2,0.0138,0.4261,0.5601
41086394,0,0,0.92804,0.06829,0.00368
31865556,0,0,0.58317,0.40395,0.01288
23025439,0,1,0.32594,0.62581,0.04826
36310091,0,1,0.28697,0.6938,0.01923
1421034,0,1,0.2107,0.77373,0.01556
22953606,0,1,0.35106,0.63321,0.01573
17665125,0,0,0.61997,0.32543,0.0546
21824291,0,0,0.92474,0.073,0.00226
1889423,0,0,0.70889,0.28198,0.00914
25727029,0,0,0.8651,0.12959,0.00531
312773,0,1,0.45588,0.53297,0.01115
37256414,0,0,0.87741,0.11668,0.00591
8282620,0,1,0.37724,0.60755,0.01521
30012690,0,0,0.55513,0.23621,0.20866
41109124,0,0,0.92049,0.07497,0.00454
11227138,0,0,0.87878,0.118,0.00322
4569204,0,1,0.0918,0.6397,0.2685
41416550,0,1,0.27085,0.65611,0.07304
32036538,0,0,0.97734,0.02122,0.00145
29428864,0,0,0.97524,0.02325,0.00151
29765362,0,0,0.95303,0.04454,0.00244
27254106,0,0,0.68622,0.30451,0.00927
26238207,0,0,0.72879,0.26395,0.00726
41256194,0,0,0.94732,0.05018,0.0025
28881128,0,0,0.9217,0.07492,0.00338
21650984,0,0,0.59609,0.31106,0.09285
9674459,0,1,0.45873,0.51981,0.02146
29961903,0,0,0.9503,0.04731,0.00239
22355645,0,0,0.77652,0.13181,0.09166
29155888,0,0,0.98261,0.01527,0.00212
20423129,0,0,0.91659,0.07978,0.00363
4146884,0,0,0.98528,0.01352,0.00121
29294623,0,0,0.95781,0.04028,0.00191
40729543,0,0,0.97997,0.01802,0.00201
33945476,0,1,0.09631,0.86178,0.04191
38727186,0,1,0.37578,0.60521,0.019
20320481,0,2,0.01909,0.0247,0.95622
31082559,0,0,0.96695,0.03054,0.00251
6384002,0,0,0.93031,0.06577,0.00392
21588146,0,2,0.01283,0.16832,0.81885
25209889,0,0,0.76637,0.22921,0.00442
23493747,0,0,0.97793,0.02006,0.00201
38869580,0,0,0.98287,0.01458,0.00255
14149666,0,1,0.41536,0.45797,0.12668
12252391,0,0,0.93692,0.05931,0.00377
28326088,0,0,0.94827,0.04902,0.00271
26934702,0,1,0.15023,0.76817,0.0816
11444302,0,0,0.94546,0.05123,0.0033
22662366,0,0,0.74285,0.22789,0.02926
32309313,0,0,0.83883,0.15578,0.00539
27116220,0,0,0.98264,0.01558,0.00178
24960922,0,0,0.85715,0.13483,0.00802
35743160,0,1,0.18467,0.75985,0.05548
9421502,0,0,0.70448,0.28242,0.01311
34201114,0,0,0.89568,0.09874,0.00558
18710572,0,1,0.09406,0.87003,0.03591
18400648,0,0,0.97474,0.02306,0.0022
35215306,0,0,0.95946,0.03823,0.00231
34972398,0,0,0.92371,0.06448,0.01181
37996499,0,0,0.84435,0.14846,0.00719
41391001,0,0,0.98571,0.01139,0.0029
10497507,0,0,0.94432,0.05338,0.0023
9044991,0,0,0.90921,0.08794,0.00285
12989598,0,1,0.04304,0.66283,0.29413
39124369,0,0,0.97116,0.02699,0.00185
23233088,0,0,0.85267,0.14249,0.00484
5314422,0,1,0.33609,0.60149,0.06241
24826107,0,0,0.96654,0.03083,0.00263
32803261,0,0,0.90388,0.0927,0.00342
25004534,0,0,0.94642,0.05105,0.00254
6028879,0,1,0.20336,0.77955,0.01709
2709073,0,0,0.90549,0.09125,0.00327
37794265,0,0,0.95307,0.04376,0.00318
25010280,0,0,0.94287,0.0544,0.00273
349924,0,0,0.9792,0.0192,0.00159
39186706,0,0,0.79357,0.19034,0.01609
1035429,0,0,0.71375,0.27733,0.00891
38377256,0,0,0.94974,0.04787,0.00239
28485420,0,0,0.85189,0.14404,0.00407
8016504,0,0,0.89182,0.10405,0.00413
19149714,0,0,0.93718,0.06026,0.00255
6481484,0,0,0.82752,0.16681,0.00566
4340528,0,0,0.93326,0.06432,0.00242
6587465,0,0,0.87424,0.12207,0.00369
24347370,0,0,0.78327,0.20917,0.00756
11404965,1,1,0.1018,0.86663,0.03157
6310144,1,1,0.0865,0.86683,0.04666
4964737,1,1,0.0837,0.87219,0.04411
9082196,1,2,0.00922,0.07908,0.9117
27829073,1,0,0.84472,0.14852,0.00676
19878404,1,0,0.50198,0.48275,0.01528
4538002,1,1,0.38693,0.57859,0.03448
13934591,1,1,0.14737,0.79669,0.05594
4723822,1,1,0.15015,0.82531,0.02454
24278188,1,1,0.12453,0.784,0.09147
38468901,1,1,0.0619,0.73658,0.20152
10209299,1,1,0.22349,0.75605,0.02047
40506208,1,2,0.0106,0.0275,0.9619
8377435,1,0,0.79782,0.19628,0.0059
32915220,1,0,0.77466,0.2168,0.00854
17549000,1,1,0.02114,0.51617,0.46269
28012386,1,0,0.54907,0.43435,0.01658
17618981,1,1,0.04918,0.88201,0.06881
36503500,1,0,0.55991,0.42596,0.01413
38142613,1,1,0.0343,0.81818,0.14752
24442539,1,1,0.10133,0.83526,0.06341
30092913,1,1,0.15052,0.77948,0.07
9656039,1,0,0.53158,0.45469,0.01373
37055191,1,1,0.17221,0.74221,0.08558
8413631,1,0,0.54985,0.43838,0.01177
25391844,1,1,0.35663,0.62836,0.01501
33634259,1,1,0.25588,0.665,0.07911
18635103,1,1,0.10523,0.84734,0.04743
28525884,1,1,0.46602,0.49996,0.03402
15771723,1,1,0.14262,0.76201,0.09538
41194272,1,1,0.34606,0.62663,0.02732
13267288,1,2,0.01031,0.07571,0.91397
7530637,1,1,0.36361,0.61611,0.02027
20248558,1,0,0.63556,0.34555,0.01889
14333513,1,2,0.01988,0.16072,0.8194
6294279,1,2,0.01153,0.12835,0.86013
7284947,1,2,0.02438,0.29582,0.6798
39124105,1,2,0.02097,0.39879,0.58024
37958401,1,0,0.6895,0.30358,0.00692
2238045,1,1,0.20571,0.77029,0.024
22961497,1,1,0.07257,0.86703,0.0604
24304415,1,0,0.86739,0.12619,0.00642
4073195,1,1,0.11028,0.73329,0.15643
31148770,1,1,0.39999,0.58654,0.01347
3950985,1,0,0.51495,0.44565,0.0394
40436129,1,1,0.09524,0.85217,0.0526
23734706,1,1,0.13326,0.84015,0.02659
14716362,1,0,0.75847,0.23496,0.00656
17390870,1,1,0.0613,0.89385,0.04485
10715839,1,0,0.63504,0.3507,0.01425
9398680,1,1,0.04107,0.825,0.13392
16510859,1,1,0.44649,0.53022,0.0233
12569555,1,2,0.00548,0.01372,0.9808
20871058,1,1,0.25192,0.70378,0.04429
18490450,1,0,0.67664,0.30143,0.02192
22957197,1,1,0.05577,0.54168,0.40255
27174036,1,2,0.08059,0.38146,0.53795
6015056,1,2,0.03481,0.0882,0.87699
28978882,1,1,0.06785,0.86964,0.06251
25352375,1,1,0.0992,0.86536,0.03544
23843122,1,0,0.93798,0.05869,0.00333
1904260,1,1,0.05972,0.85062,0.08965
3004851,1,0,0.90748,0.08811,0.0044
12938439,1,1,0.07286,0.88414,0.043
28284270,1,1,0.20007,0.76171,0.03822
152058,1,0,0.62927,0.33551,0.03522
36815585,1,0,0.93353,0.0634,0.00307
34405958,1,2,0.00944,0.12775,0.86282
2231895,1,0,0.93273,0.06435,0.00292
18203190,1,0,0.6117,0.31859,0.06971
29362378,1,1,0.08077,0.75446,0.16477
7636859,1,2,0.00829,0.11903,0.87268
34438670,1,1,0.44028,0.53944,0.02027
13837331,1,1,0.11578,0.72888,0.15534
9490486,1,1,0.42351,0.55669,0.01981
36877678,1,1,0.45047,0.53079,0.01874
25230191,1,0,0.77755,0.2134,0.00905
9145903,1,1,0.13016,0.82507,0.04476
4097510,1,1,0.19068,0.78879,0.02053
11682721,1,1,0.15396,0.81698,0.02907
30109498,1,1,0.22814,0.43336,0.33849
9780802,1,1,0.17549,0.79033,0.03419
29346775,1,1,0.32895,0.64405,0.027
23825440,1,0,0.52011,0.41629,0.06359
853630,1,2,0.01892,0.13133,0.84974
26231484,1,1,0.28665,0.42572,0.28763
13497007,1,0,0.8302,0.16284,0.00696
15756373,1,1,0.07754,0.78314,0.13932
23810275,1,0,0.62943,0.35033,0.02023
21731799,1,1,0.18614,0.78982,0.02404
4387036,1,0,0.95634,0.04133,0.00233
14539357,1,1,0.0584,0.61332,0.32828
4156498,1,0,0.53952,0.4438,0.01668
16263220,1,1,0.08045,0.88548,0.03407
19598030,1,0,0.68859,0.29157,0.01984
35255686,1,1,0.21441,0.76912,0.01647
26910978,1,1,0.18619,0.7755,0.03831
390385,1,0,0.72829,0.25169,0.02002
8151732,1,0,0.57614,0.41498,0.00889
28558272,1,2,0.03855,0.42095,0.54051
29747966,1,0,0.71345,0.2783,0.00824
36310863,1,1,0.34368,0.63708,0.01924
3617005,1,1,0.49078,0.49463,0.01459
1105120,1,1,0.42129,0.5625,0.01621
17843787,1,1,0.2237,0.74797,0.02833
14177161,1,1,0.34304,0.64339,0.01356
11252989,1,1,0.04515,0.84527,0.10958
23077898,1,1,0.42127,0.55809,0.02065
38854795,1,2,0.01905,0.17109,0.80987
17363568,1,1,0.47481,0.50544,0.01975
26556367,1,0,0.79412,0.19845,0.00743
11461522,1,0,0.60049,0.38021,0.0193
23268456,1,1,0.02759,0.82537,0.14704
14620095,1,1,0.43586,0.52165,0.04249
11485087,1,2,0.00752,0.0675,0.92498
35156072,1,1,0.20629,0.77097,0.02274
32697202,1,0,0.63593,0.35395,0.01012
26971132,1,2,0.01549,0.04864,0.93587
27510673,1,0,0.76644,0.22305,0.01051
30707956,1,1,0.04342,0.83877,0.11781
25238930,1,1,0.36063,0.61345,0.02592
27009128,1,1,0.34933,0.62763,0.02304
37914150,1,1,0.35973,0.59309,0.04719
27304383,1,0,0.94292,0.05467,0.00241
5313266,1,1,0.03305,0.69561,0.27134
24918115,1,1,0.2177,0.75542,0.02688
5795661,1,1,0.11971,0.74196,0.13833
34515193,1,1,0.01913,0.52105,0.45982
41199268,1,1,0.31565,0.66303,0.02131
11870364,1,0,0.46613,0.4607,0.07318
11175425,1,1,0.09655,0.8084,0.09505
25619952,1,2,0.22062,0.35289,0.4265
12967145,1,0,0.51192,0.46611,0.02197
8445493,1,2,0.0082,0.07292,0.91888
7302590,1,1,0.31758,0.65675,0.02566
39724725,1,0,0.79357,0.20065,0.00578
9432309,1,1,0.08322,0.88431,0.03246
11641791,1,0,0.51713,0.40749,0.07538
5936755,1,0,0.53658,0.45184,0.01158
31825026,1,0,0.58455,0.40491,0.01054
11686256,1,1,0.18375,0.78734,0.0289
38911499,1,2,0.25088,0.20581,0.54331
33556407,1,0,0.84371,0.15127,0.00502
5107904,1,1,0.09508,0.88033,0.02459
33722730,1,1,0.18065,0.64046,0.17889
35305780,1,1,0.07308,0.86293,0.06399
15415159,1,1,0.1606,0.77974,0.05966
20576058,1,2,0.01571,0.03472,0.94956
29575809,1,1,0.05588,0.89141,0.0527
15372563,1,0,0.5186,0.46852,0.01288
24440944,1,1,0.42527,0.559,0.01573
25016398,1,1,0.41525,0.53319,0.05157
37061860,1,0,0.83726,0.15855,0.00419
25540903,1,1,0.20682,0.7419,0.05128
11944485,1,1,0.2957,0.67422,0.03009
24142667,1,2,0.0186,0.04208,0.93931
37962701,1,1,0.45583,0.52057,0.0236
17244615,1,1,0.22782,0.57329,0.1989
36868516,1,1,0.43671,0.54349,0.0198
16987393,1,0,0.92151,0.07228,0.00621
27267300,1,1,0.21032,0.77083,0.01885
36340266,1,1,0.35374,0.62816,0.0181
22680686,1,0,0.51712,0.36884,0.11404
2332478,1,1,0.04164,0.72659,0.23178
6460352,1,0,0.87603,0.11718,0.00679
14183806,1,2,0.08757,0.33242,0.58001
7737556,1,2,0.00375,0.01827,0.97798
12192562,1,0,0.77374,0.21739,0.00887
3723164,1,1,0.3429,0.63813,0.01897
4198083,1,1,0.30351,0.68131,0.01517
8249603,1,1,0.06211,0.82781,0.11008
6804799,1,1,0.04442,0.84477,0.11081
7082893,1,1,0.22168,0.74556,0.03276
12443348,1,0,0.78593,0.15487,0.0592
40481687,1,1,0.27019,0.70357,0.02624
21399598,1,1,0.34419,0.63554,0.02027
29260105,1,1,0.39754,0.54126,0.0612
14484108,1,1,0.44076,0.54003,0.01921
39699116,1,0,0.51785,0.37445,0.1077
22254168,1,1,0.22147,0.75656,0.02197
34889105,1,1,0.27737,0.62752,0.09511
39331194,1,1,0.3686,0.61488,0.01651
40127667,1,1,0.37192,0.6132,0.01488
25234794,1,0,0.93131,0.06616,0.00254
28941677,1,0,0.45118,0.20859,0.34023
16295322,1,0,0.62062,0.37059,0.00878
5183961,1,1,0.07596,0.86933,0.05471
20236691,1,0,0.58371,0.4075,0.00879
7758981,1,1,0.09054,0.83585,0.07361
20656323,1,1,0.19876,0.65554,0.1457
22491291,1,1,0.06249,0.87971,0.0578
20606183,1,1,0.12767,0.83616,0.03617
18133271,1,1,0.06763,0.82388,0.10849
18974169,1,1,0.17656,0.71208,0.11136
12440914,1,1,0.24816,0.71109,0.04075
852448,1,1,0.20216,0.77043,0.02741
39899072,1,2,0.00828,0.21096,0.78076
5443428,1,1,0.07842,0.76464,0.15695
9951936,1,2,0.00744,0.03315,0.95941
22639761,1,1,0.0327,0.66189,0.30541
22317802,1,1,0.22336,0.73812,0.03851
30796320,1,0,0.51687,0.47431,0.00882
20116130,1,1,0.08277,0.77011,0.14712
15307008,1,1,0.04301,0.83082,0.12617
29470930,1,1,0.0494,0.88937,0.06124
40582255,1,1,0.0369,0.74698,0.21611
9025463,1,0,0.58835,0.26114,0.15051
34090401,1,2,0.03146,0.20635,0.76219
36027422,1,0,0.61631,0.36802,0.01567
9229124,1,1,0.3554,0.62375,0.02085
33011460,1,0,0.77964,0.20418,0.01618
20386955,1,2,0.00431,0.03552,0.96017
26573646,1,0,0.71811,0.27256,0.00933
5924130,1,2,0.16699,0.12169,0.71132
15389922,1,0,0.69487,0.29538,0.00976
17887182,1,1,0.08081,0.8946,0.0246
23781975,1,1,0.3329,0.63174,0.03536
35230705,1,0,0.64167,0.3355,0.02283
30735598,1,1,0.22753,0.75485,0.01761
36196008,1,1,0.07436,0.83453,0.09111
21433945,1,2,0.169,0.28973,0.54128
39021182,1,0,0.95846,0.03966,0.00188
11850226,1,1,0.03596,0.7994,0.16464
6586489,1,1,0.02904,0.60171,0.36926
10505673,1,1,0.07113,0.85315,0.07572
12050030,1,1,0.20079,0.75189,0.04732
17356941,1,1,0.18567,0.77712,0.03721
19824216,1,1,0.04125,0.76631,0.19243
17604044,1,0,0.76486,0.22521,0.00993
27836446,1,2,0.00999,0.26778,0.72224
35848096,1,1,0.35366,0.47498,0.17136
7011576,1,1,0.40288,0.58162,0.0155
595934,1,1,0.17669,0.80592,0.01739
31648872,1,1,0.20424,0.77381,0.02195
33059436,1,1,0.0732,0.86775,0.05905
13175973,1,2,0.03476,0.29909,0.66615
15611848,1,1,0.07263,0.57127,0.3561
11141153,1,1,0.16165,0.798,0.04036
9785846,1,2,0.17711,0.26549,0.5574
20578692,1,0,0.55356,0.43449,0.01195
39019972,1,0,0.6887,0.29161,0.01969
3143310,1,0,0.90301,0.091,0.00599
5354571,1,0,0.79592,0.17829,0.02579
24061432,1,1,0.12879,0.75576,0.11545
8678140,1,1,0.04067,0.74956,0.20978
26799280,1,0,0.90136,0.09021,0.00843
8391680,1,1,0.18089,0.62768,0.19143
34682879,1,2,0.00847,0.07157,0.91996
36540929,1,0,0.8507,0.14497,0.00433
38292332,1,0,0.41481,0.30527,0.27992
4011312,1,1,0.01266,0.71876,0.26858
6251216,1,0,0.58899,0.39543,0.01557
22116804,1,2,0.05515,0.44754,0.49732
9914891,1,0,0.76555,0.19356,0.04089
38370968,1,1,0.13082,0.84272,0.02646
24773654,1,2,0.12479,0.13573,0.73948
9112452,1,1,0.39872,0.58241,0.01887
18785913,1,1,0.06497,0.89684,0.03819
1997843,1,1,0.48197,0.50906,0.00897
26975478,1,1,0.33639,0.60912,0.05449
15584541,1,0,0.95021,0.04768,0.00211
31403914,1,2,0.0173,0.43592,0.54677
22109832,1,1,0.10638,0.80781,0.08581
35870971,1,0,0.9439,0.05404,0.00206
1637275,1,1,0.06165,0.71108,0.22727
40771207,1,0,0.67376,0.31089,0.01536
19250096,1,1,0.10284,0.81999,0.07717
40614883,1,1,0.34762,0.61728,0.0351
38385599,1,1,0.45052,0.535,0.01448
38595500,1,1,0.10656,0.85382,0.03962
24776672,1,1,0.41871,0.54398,0.03731
23647617,1,0,0.94274,0.05461,0.00265
35945704,1,0,0.6198,0.3701,0.0101
7030171,1,2,0.00892,0.18843,0.80266
34189462,1,1,0.14794,0.82838,0.02368
14489613,1,0,0.52196,0.46424,0.0138
19853826,1,1,0.0485,0.78272,0.16878
34518938,1,1,0.08679,0.88345,0.02976
6726105,1,1,0.09721,0.87153,0.03125
11343554,1,0,0.87453,0.12211,0.00336
18741618,1,1,0.12047,0.8515,0.02802
10361562,1,2,0.16129,0.26129,0.57743
7251506,1,1,0.25423,0.59385,0.15192
19485651,1,1,0.42796,0.55382,0.01822
7861084,1,2,0.00711,0.10428,0.88861
27424226,1,1,0.24535,0.71832,0.03633
32258798,1,1,0.05765,0.82749,0.11487
30423366,1,2,0.01579,0.12204,0.86217
28204415,1,0,0.51638,0.45928,0.02434
15197135,1,1,0.07784,0.88561,0.03655
18226232,1,1,0.4623,0.52385,0.01385
22772131,1,1,0.21611,0.76021,0.02368
28126938,1,1,0.17361,0.77296,0.05343
34683058,1,1,0.30817,0.61646,0.07537
15505914,1,1,0.04772,0.70126,0.25102
712832,1,1,0.35196,0.62255,0.0255
16483814,1,1,0.43948,0.48079,0.07972
27290562,1,0,0.60078,0.33833,0.0609
22388902,1,1,0.36367,0.61621,0.02012
20378372,1,1,0.28661,0.58408,0.12931
17711870,1,1,0.40488,0.51382,0.0813
3150692,1,1,0.07397,0.8399,0.08614
28740907,1,0,0.5419,0.44575,0.01235
9388274,1,0,0.81002,0.18216,0.00782
27654191,1,1,0.27467,0.67452,0.05081
12968361,1,1,0.21927,0.73746,0.04326
23313240,1,1,0.31318,0.66559,0.02123
24226897,1,1,0.03642,0.55646,0.40712
36248611,1,1,0.26868,0.71622,0.0151
36324376,1,2,0.00526,0.03805,0.95669
35312009,1,1,0.14229,0.73115,0.12656
8172147,1,1,0.37836,0.60462,0.01702
37686009,1,2,0.41011,0.0795,0.51039
20348163,1,1,0.21971,0.75793,0.02236
20654840,1,1,0.04207,0.6231,0.33483
22866066,1,0,0.95686,0.04041,0.00273
37857916,1,0,0.71854,0.2685,0.01296
109644,1,2,0.00748,0.12756,0.86495
29057187,1,2,0.00785,0.0705,0.92165
3372795,1,1,0.34101,0.64713,0.01185
27713301,1,1,0.12385,0.8349,0.04124
24829284,1,0,0.8626,0.11156,0.02585
11683093,1,1,0.25691,0.49442,0.24867
24079479,1,0,0.49408,0.48263,0.02329
28023665,1,2,0.20986,0.2768,0.51335
28103153,1,0,0.90137,0.09538,0.00325
35839069,1,1,0.16248,0.53692,0.3006
33524070,1,2,0.02392,0.14595,0.83013
30374880,1,1,0.18869,0.7198,0.09151
22983807,1,2,0.00697,0.02106,0.97197
36062100,1,0,0.85361,0.14154,0.00484
15310980,1,0,0.85974,0.13418,0.00607
12869820,1,1,0.46638,0.50427,0.02935
18847415,1,1,0.39344,0.58375,0.02281
14039547,1,0,0.90695,0.08962,0.00343
7194010,1,0,0.63817,0.35243,0.00939
2603532,1,1,0.08064,0.7445,0.17486
1440834,1,1,0.15088,0.81285,0.03628
17169730,1,0,0.56401,0.42574,0.01025
19205462,1,2,0.11709,0.42164,0.46128
29616695,1,0,0.5633,0.40731,0.02939
26064092,1,1,0.03577,0.79524,0.16899
5794132,1,2,0.01862,0.04831,0.93307
9070189,1,0,0.49629,0.4886,0.0151
32957453,1,1,0.08277,0.76707,0.15016
12219370,1,1,0.37151,0.60538,0.02311
16949021,1,1,0.10705,0.85364,0.03931
38878702,1,1,0.16131,0.59236,0.24633
9254465,1,0,0.88675,0.1057,0.00755
29594762,1,0,0.80455,0.19035,0.00509
11961471,1,1,0.37332,0.50138,0.12529
25009120,1,0,0.75085,0.23079,0.01836
7097250,1,0,0.5324,0.3652,0.10241
13849346,1,1,0.06968,0.79744,0.13288
21523901,1,1,0.33157,0.63167,0.03677
3820049,1,2,0.19591,0.26843,0.53566
39462401,1,1,0.05412,0.89069,0.05519
37457719,1,1,0.24158,0.71701,0.04141
3202617,1,0,0.7069,0.28561,0.00749
29999018,1,1,0.49014,0.49398,0.01588
9969822,1,2,0.0094,0.07598,0.91463
8828409,1,2,0.02779,0.22687,0.74534
18466955,1,0,0.90265,0.0933,0.00405
9272998,1,1,0.05459,0.75948,0.18594
13818042,1,0,0.75638,0.23708,0.00654
41215691,1,0,0.70054,0.2875,0.01196
9134506,1,1,0.24617,0.74068,0.01315
10870651,1,1,0.08547,0.76481,0.14972
6133605,1,1,0.14048,0.82596,0.03356
26218256,1,0,0.89563,0.10088,0.00349
12079693,1,1,0.15314,0.8182,0.02866
11269578,1,1,0.09381,0.87287,0.03332
9852908,1,1,0.09428,0.83055,0.07517
21355465,1,1,0.14019,0.80045,0.05936
33538513,1,1,0.31764,0.65944,0.02292
36724671,1,1,0.06022,0.69454,0.24524
27819017,1,2,0.01348,0.23333,0.7532
22594004,1,1,0.06164,0.70548,0.23287
23466615,1,1,0.05512,0.8931,0.05178
10893106,1,1,0.17205,0.74443,0.08352
24271180,1,1,0.27137,0.69841,0.03021
27900431,1,1,0.31763,0.48008,0.20229
27025693,1,1,0.43445,0.55351,0.01204
9369885,1,2,0.06508,0.24609,0.68883
40626114,1,2,0.01015,0.15786,0.83199
36186529,1,1,0.22263,0.72856,0.04881
16377899,1,0,0.79497,0.19711,0.00792
33036552,1,2,0.13301,0.32633,0.54066
20658243,1,0,0.72152,0.27173,0.00675
39667610,1,1,0.11591,0.83174,0.05235
5840483,1,2,0.14394,0.1892,0.66686
30370661,1,1,0.04321,0.82811,0.12868
8818883,1,0,0.9364,0.06072,0.00289
13407066,1,1,0.4125,0.41655,0.17095
13261716,1,1,0.03948,0.72197,0.23855
28485867,1,2,0.02414,0.23081,0.74506
20043191,1,1,0.17388,0.64794,0.17818
7549312,1,1,0.27484,0.68557,0.03959
17124061,1,1,0.32024,0.66744,0.01232
37500358,1,1,0.2057,0.75462,0.03968
33605051,1,1,0.08633,0.79074,0.12293
18955250,1,1,0.18879,0.78866,0.02255
18315114,1,2,0.01302,0.18765,0.79933
4891243,1,2,0.02352,0.46156,0.51491
33814901,1,1,0.45165,0.52803,0.02031
7019957,1,1,0.44289,0.54265,0.01446
36441704,1,1,0.05592,0.86459,0.07948
40045827,1,1,0.06141,0.80261,0.13598
4522313,1,2,0.00304,0.01014,0.98682
15207836,1,0,0.91336,0.07267,0.01398
19346063,1,1,0.15704,0.6795,0.16346
25674999,1,0,0.73709,0.25673,0.00618
12464118,1,1,0.02482,0.6922,0.28297
23533334,1,0,0.45572,0.20262,0.34165
15961150,1,1,0.48859,0.50018,0.01122
22227040,1,2,0.01436,0.32551,0.66013
14031860,1,0,0.9842,0.01324,0.00256
19287093,1,1,0.27127,0.45768,0.27105
26743692,1,1,0.45411,0.51861,0.02727
27973866,1,1,0.23364,0.71268,0.05368
19400094,1,1,0.13527,0.84124,0.02349
6989141,1,1,0.0444,0.81208,0.14352
23684654,1,2,0.02235,0.40562,0.57202
24402808,1,0,0.8825,0.11242,0.00509
38199374,1,2,0.0552,0.26179,0.68302
35543283,1,1,0.21248,0.75921,0.02831
40874980,1,1,0.13662,0.84308,0.0203
22734172,1,1,0.07512,0.83321,0.09168
11558469,1,1,0.04873,0.60771,0.34357
19851339,1,1,0.11051,0.82298,0.06651
8835895,1,1,0.14134,0.79376,0.0649
8584858,1,1,0.10515,0.86761,0.02724
35755753,1,1,0.15248,0.50389,0.34362
20201327,1,0,0.65434,0.33682,0.00884
26263889,1,1,0.32135,0.64159,0.03705
23306596,1,0,0.55198,0.43665,0.01137
4118709,1,0,0.69455,0.29756,0.0079
24303576,1,1,0.06878,0.79955,0.13167
3680255,1,2,0.07476,0.35528,0.56996
17334819,1,1,0.16362,0.80539,0.03099
438321,1,0,0.77098,0.20832,0.02071
9996113,1,1,0.14088,0.81986,0.03925
13016120,1,2,0.00668,0.02511,0.96822
31230777,1,2,0.00383,0.0434,0.95276
19469447,1,1,0.26095,0.57471,0.16434
17661684,1,1,0.09585,0.86609,0.03805
35408494,1,1,0.01966,0.6165,0.36384
21141157,1,0,0.82087,0.17409,0.00504
15950058,1,0,0.70509,0.27078,0.02413
24342468,1,1,0.27094,0.66148,0.06757
23813230,1,1,0.08693,0.84431,0.06877
2732766,1,1,0.4414,0.54081,0.0178
10563272,1,1,0.04121,0.7595,0.19929
595250,1,0,0.64427,0.34756,0.00817
30985810,1,1,0.37887,0.60307,0.01807
21637295,1,2,0.01728,0.12364,0.85908
6233712,1,0,0.50249,0.43487,0.06265
27419524,1,1,0.10306,0.67201,0.22493
11312959,1,2,0.01407,0.21757,0.76835
37033872,1,2,0.00447,0.06056,0.93497
4231814,1,1,0.3156,0.66552,0.01888
9172787,1,0,0.81174,0.18112,0.00713
12730769,1,2,0.00648,0.06163,0.93189
16130383,1,1,0.2728,0.53634,0.19086
12831566,1,1,0.02511,0.8124,0.16249
33799821,1,0,0.86265,0.13126,0.00609
26189987,1,0,0.57001,0.33054,0.09944
2014575,1,1,0.28459,0.70162,0.01379
6214958,1,0,0.50828,0.2765,0.21522
25698858,1,1,0.0619,0.56918,0.36893
31934201,1,1,0.14278,0.83092,0.0263
13869646,1,2,0.04749,0.13018,0.82233
13434219,1,1,0.16319,0.80954,0.02727
25517200,1,0,0.88659,0.10968,0.00374
35946841,1,1,0.35915,0.59911,0.04174
13500677,1,2,0.01064,0.23191,0.75745
6717338,1,0,0.58379,0.40438,0.01184
11013170,1,0,0.94688,0.05033,0.00279
4171763,1,0,0.65705,0.33559,0.00736
35281843,1,2,0.01026,0.01458,0.97517
10684778,1,1,0.11673,0.84582,0.03745
2737613,1,1,0.07006,0.84032,0.08961
15651701,1,0,0.6621,0.32776,0.01013
31329338,1,0,0.50153,0.47856,0.01991
17996577,1,1,0.08865,0.70003,0.21132
32834580,1,1,0.07512,0.76461,0.16027
13569611,1,1,0.24789,0.5253,0.22681
23273231,1,2,0.01927,0.08773,0.893
14815621,1,1,0.13708,0.83563,0.02728
30461175,1,1,0.3676,0.61083,0.02156
30458963,1,1,0.0335,0.57554,0.39096
39480907,1,0,0.677,0.31117,0.01183
36793712,1,1,0.27617,0.69701,0.02682
27419954,1,0,0.95095,0.04684,0.00221
13219110,1,1,0.34354,0.64183,0.01463
33907203,1,1,0.06665,0.78395,0.1494
1632581,1,1,0.0677,0.84434,0.08796
23177662,1,1,0.28178,0.68126,0.03696
14066371,1,0,0.78839,0.20169,0.00992
29254806,1,0,0.85442,0.13759,0.00799
30983949,1,0,0.88298,0.11358,0.00344
11651714,1,1,0.12366,0.69783,0.17852
28249211,1,1,0.07491,0.79285,0.13224
14183366,1,1,0.08271,0.85185,0.06543
5888752,1,2,0.011,0.02196,0.96705
17955318,1,0,0.8469,0.14774,0.00536
11295399,1,2,0.0169,0.39675,0.58636
30387168,1,1,0.11856,0.85767,0.02377
37227578,1,0,0.77241,0.21787,0.00972
17450943,1,0,0.78348,0.21005,0.00647
9650875,1,1,0.46432,0.51396,0.02172
27925323,1,0,0.77545,0.19152,0.03302
25002640,1,1,0.06621,0.8257,0.1081
7811148,1,1,0.41674,0.55641,0.02685
41025485,1,0,0.63508,0.35347,0.01145
36174212,1,1,0.3221,0.6331,0.0448
6183945,1,1,0.04882,0.81286,0.13832
36786302,1,1,0.48754,0.49137,0.02109
27409565,1,0,0.91013,0.08565,0.00421
16321509,1,2,0.00173,0.01426,0.98401
3227352,1,0,0.83727,0.15549,0.00724
14044586,1,1,0.31003,0.67717,0.0128
30217849,1,1,0.26753,0.39212,0.34035
31364657,1,2,0.01044,0.17315,0.81641
27489908,1,2,0.00169,0.00432,0.99398
17000824,1,0,0.54141,0.44535,0.01324
40891592,1,0,0.8385,0.1539,0.0076
35408114,1,1,0.08083,0.88273,0.03643
36410409,1,1,0.3081,0.67296,0.01894
1139073,1,0,0.84637,0.14765,0.00598
2416547,1,1,0.09506,0.50002,0.40493
22173640,1,2,0.01418,0.36857,0.61725
12024848,1,1,0.35623,0.55066,0.09311
33694950,1,1,0.20057,0.7629,0.03653
2627821,1,1,0.21829,0.64002,0.1417
15679003,1,1,0.09361,0.88213,0.02425
40933186,1,1,0.0701,0.8573,0.07261
10188661,1,2,0.02249,0.1531,0.82441
34680817,1,2,0.05516,0.25158,0.69327
19432204,1,0,0.90311,0.09244,0.00445
38230424,1,0,0.78104,0.21353,0.00543
40293856,1,1,0.36729,0.61031,0.0224
21959003,1,1,0.06141,0.85113,0.08746
39019631,1,0,0.77202,0.20819,0.01979
549622,1,2,0.01047,0.11795,0.87158
8709861,1,2,0.00854,0.28057,0.71089
20518086,1,1,0.48005,0.49529,0.02466
35187811,1,0,0.9622,0.03444,0.00336
36728353,1,0,0.65429,0.33418,0.01152
8494322,1,0,0.95381,0.04413,0.00205
11985348,1,1,0.15117,0.7745,0.07433
38913124,1,1,0.08134,0.87444,0.04422
19096153,1,0,0.7425,0.25066,0.00684
28473653,1,1,0.47819,0.48194,0.03987
33870353,1,1,0.10575,0.75442,0.13983
28032251,1,2,0.02859,0.32587,0.64554
7828775,1,1,0.45596,0.52892,0.01512
35532648,1,1,0.0998,0.85212,0.04807
9773374,1,1,0.03382,0.78808,0.17809
12135164,1,1,0.05468,0.87565,0.06967
17592028,1,1,0.36205,0.61587,0.02209
22226719,1,1,0.17256,0.80027,0.02717
14667382,1,0,0.49362,0.48219,0.02419
19340785,1,0,0.75863,0.23501,0.00636
35079850,1,1,0.21078,0.75316,0.03606
27584335,1,0,0.86698,0.12786,0.00516
26865584,1,0,0.86373,0.13246,0.00382
21785412,1,1,0.03909,0.81001,0.1509
22345593,1,0,0.71004,0.26019,0.02977
18996984,1,0,0.72027,0.26601,0.01372
2818513,1,2,0.03148,0.37908,0.58943
7769480,1,0,0.88764,0.10832,0.00405
29604446,1,2,0.0176,0.19215,0.79025
39644468,1,0,0.71166,0.2618,0.02654
15042070,1,1,0.17712,0.71855,0.10433
33749733,1,2,0.01465,0.10688,0.87847
9651417,1,1,0.05169,0.86072,0.08759
3504318,1,1,0.45036,0.53482,0.01482
14092480,1,1,0.40016,0.56874,0.0311
35472482,1,2,0.00239,0.01733,0.98027
19921306,1,0,0.90895,0.08422,0.00683
22814219,1,1,0.03944,0.7983,0.16226
21420106,1,1,0.42628,0.55165,0.02207
37565935,1,0,0.60373,0.37928,0.01699
28174325,1,1,0.05647,0.85623,0.0873
31048644,1,1,0.47481,0.50544,0.01975
25914466,1,0,0.51136,0.33865,0.14998
30714510,1,1,0.06665,0.88144,0.05191
5836594,1,0,0.69068,0.30056,0.00876
38063045,1,1,0.04103,0.88423,0.07474
34049705,1,1,0.44356,0.54346,0.01298
1378923,1,1,0.09211,0.86881,0.03908
40076193,1,0,0.65946,0.32139,0.01915
28433200,1,0,0.5094,0.46381,0.02679
19776527,1,1,0.19834,0.49863,0.30303
13928375,1,2,0.02067,0.19155,0.78778
39162670,1,2,0.03923,0.24891,0.71186
12296292,1,1,0.26259,0.47863,0.25878
24981711,1,1,0.06581,0.74147,0.19272
14984322,1,0,0.69827,0.29222,0.0095
35242588,1,0,0.49059,0.26055,0.24886
40803658,1,0,0.81028,0.18293,0.00679
26180453,1,1,0.36452,0.61524,0.02025
15158586,1,1,0.11741,0.85157,0.03102
31542484,1,0,0.80451,0.18521,0.01029
19070165,1,1,0.22944,0.75525,0.01531
34816521,1,2,0.08535,0.43858,0.47607
14228789,1,0,0.80146,0.19261,0.00593
7973645,1,1,0.05061,0.70414,0.24525
41350667,1,0,0.95339,0.04432,0.00229
13997171,1,1,0.23698,0.70472,0.0583
18965110,1,2,0.02052,0.20359,0.77589
13935416,1,1,0.06564,0.85792,0.07644
21990982,1,1,0.29757,0.48536,0.21707
13563195,1,0,0.68536,0.30294,0.0117
27415070,1,2,0.06114,0.15828,0.78058
17562441,1,2,0.03888,0.18622,0.77489
36177263,1,0,0.75221,0.22852,0.01928
30623371,1,0,0.76438,0.22419,0.01143
35455999,1,2,0.11304,0.23263,0.65433
26166501,1,1,0.38166,0.59577,0.02257
5517919,1,1,0.08297,0.85114,0.06589
15954240,1,0,0.59029,0.39322,0.01649
9018979,1,1,0.22634,0.66509,0.10857
8530953,1,1,0.05737,0.86299,0.07965
23264534,1,1,0.4726,0.51501,0.0124
33915403,1,0,0.9259,0.06868,0.00542
20227525,1,1,0.04077,0.73404,0.22519
34342492,1,1,0.3484,0.63581,0.01579
18760063,1,0,0.84132,0.1395,0.01918
39907523,1,1,0.10532,0.86053,0.03416
36801546,1,0,0.53958,0.45084,0.00958
25639611,1,1,0.11694,0.85317,0.02989
24905435,1,0,0.65786,0.33339,0.00875
22674335,1,1,0.47361,0.51209,0.0143
11693287,1,2,0.00555,0.04582,0.94863
29765044,1,0,0.88911,0.09547,0.01542
17018933,1,1,0.09603,0.87707,0.0269
26649452,1,1,0.21288,0.75324,0.03388
10819,1,1,0.09146,0.85592,0.05262
13947131,1,1,0.34061,0.64134,0.01805
6601075,1,1,0.46968,0.49222,0.0381
18447439,1,0,0.86645,0.12605,0.0075
23441647,1,0,0.64026,0.3481,0.01164
39682647,1,1,0.32637,0.65929,0.01434
39084922,1,1,0.42804,0.50632,0.06564
35706669,1,1,0.10321,0.50803,0.38876
29970141,1,2,0.02182,0.23833,0.73985
12146306,1,1,0.4625,0.52819,0.0093
40638726,1,1,0.40196,0.52221,0.07582
8768248,1,1,0.12031,0.46302,0.41667
20595405,1,1,0.12991,0.81546,0.05463
31541289,1,1,0.2473,0.73256,0.02014
7778623,1,2,0.01084,0.05119,0.93798
32201339,1,1,0.43429,0.549,0.01671
7815010,1,1,0.06075,0.52893,0.41032
26414146,1,1,0.3775,0.60798,0.01452
25436234,1,1,0.30413,0.6695,0.02637
12721938,1,1,0.02897,0.81413,0.1569
11240212,1,1,0.13564,0.83744,0.02692
3264626,1,0,0.57648,0.36644,0.05708
7072691,1,1,0.03364,0.82787,0.13849
26644399,1,2,0.01451,0.26428,0.72121
40040124,1,1,0.18137,0.77864,0.04
20147460,1,1,0.2406,0.73105,0.02835
38294496,1,0,0.59668,0.38225,0.02107
40275270,1,1,0.04705,0.90534,0.04761
2990733,1,0,0.75327,0.23427,0.01246
39806063,1,0,0.84347,0.15182,0.00471
30098277,1,1,0.09597,0.74029,0.16374
12986231,1,0,0.55038,0.4388,0.01081
1820395,1,0,0.75123,0.24294,0.00583
36388251,1,2,0.01363,0.13005,0.85633
17942157,1,2,0.00166,0.00833,0.99001
1579672,1,2,0.08412,0.2796,0.63628
30696356,1,0,0.90886,0.08462,0.00652
7832992,1,1,0.0302,0.82263,0.14717
37079214,1,1,0.11872,0.84363,0.03765
38395294,1,0,0.66846,0.32073,0.0108
41574143,1,1,0.24247,0.73816,0.01937
15676277,1,1,0.02982,0.62762,0.34257
36987680,1,1,0.38774,0.48161,0.13064
6229793,1,0,0.69598,0.29013,0.01389
27623100,1,1,0.10083,0.80556,0.09362
41083282,1,1,0.31721,0.42852,0.25426
3324294,1,0,0.83631,0.1541,0.00959
35885544,1,0,0.61051,0.37907,0.01042
38707172,1,1,0.31162,0.66229,0.02608
3436180,1,0,0.96666,0.03101,0.00232
5745362,1,1,0.19772,0.77894,0.02334
5473505,1,0,0.91696,0.07873,0.00431
25812231,1,1,0.34912,0.56227,0.08862
20800041,1,0,0.76184,0.22432,0.01384
10144147,1,1,0.23481,0.74622,0.01898
35420646,1,0,0.79319,0.17356,0.03325
7093066,1,2,0.00439,0.04867,0.94695
21172963,1,0,0.91242,0.08082,0.00675
38661347,1,1,0.06122,0.89257,0.04621
27092488,1,1,0.07071,0.80298,0.12631
19106089,1,0,0.97207,0.02675,0.00117
7892748,1,1,0.17612,0.79861,0.02527
9156128,1,1,0.15167,0.79623,0.05211
2707152,1,0,0.89145,0.1038,0.00475
163536,1,0,0.80759,0.18811,0.0043
37372276,1,1,0.3093,0.62847,0.06223
6956986,1,1,0.06394,0.86557,0.0705
21014001,1,1,0.17184,0.79225,0.03591
40590075,1,0,0.70694,0.27792,0.01514
30888725,1,0,0.97153,0.02687,0.0016
19668080,1,0,0.75115,0.24386,0.00498
34478420,1,1,0.03013,0.50954,0.46033
34547558,1,1,0.16206,0.7915,0.04643
9033258,1,0,0.50247,0.48702,0.01051
21365384,1,2,0.01715,0.37831,0.60454
4004536,1,1,0.22979,0.75052,0.01969
40357597,1,1,0.46869,0.51476,0.01655
9139935,1,1,0.41169,0.57158,0.01673
30509259,1,1,0.06963,0.68158,0.24879
18477523,1,1,0.24179,0.73897,0.01924
2486307,1,1,0.05299,0.80345,0.14356
22381559,1,0,0.53209,0.45869,0.00923
12911456,1,1,0.33512,0.62609,0.03879
20687315,1,1,0.33061,0.64226,0.02714
40320642,1,1,0.41568,0.55936,0.02496
8190966,1,2,0.00642,0.08501,0.90858
14149315,1,0,0.70732,0.27591,0.01677
34199938,1,1,0.10961,0.83728,0.05311
667791,1,1,0.11166,0.83317,0.05517
24966054,1,1,0.42883,0.55063,0.02053
21207676,1,1,0.26865,0.71056,0.0208
36305856,1,1,0.24497,0.7342,0.02083
20040381,1,2,0.00345,0.02509,0.97146
15312865,1,0,0.8562,0.13977,0.00403
28427272,1,0,0.78517,0.19017,0.02465
20645319,1,0,0.73188,0.25195,0.01617
33058542,1,0,0.72073,0.26205,0.01722
28463957,1,1,0.39352,0.59074,0.01574
514157,1,0,0.73318,0.25737,0.00945
14427239,1,1,0.12859,0.84055,0.03086
26975988,1,1,0.02456,0.50105,0.47439
803021,1,1,0.17079,0.58343,0.24578
4242624,1,1,0.08843,0.87754,0.03403
15789796,1,1,0.13516,0.81831,0.04653
34701783,1,0,0.90829,0.08854,0.00318
34497165,1,2,0.00759,0.1293,0.86312
1881400,1,2,0.01571,0.38069,0.6036
24770862,1,1,0.08887,0.80456,0.10657
21637978,1,1,0.22592,0.72218,0.05191
15062367,1,0,0.7188,0.2707,0.0105
33923218,1,1,0.25751,0.71101,0.03148
19146369,1,1,0.09974,0.86666,0.0336
27445715,1,1,0.06962,0.83503,0.09535
29275833,1,1,0.27203,0.70834,0.01963
27366702,1,0,0.58951,0.40201,0.00847
30496878,1,0,0.61806,0.37195,0.00999
7464866,1,1,0.06714,0.57551,0.35734
8005173,1,0,0.89967,0.09575,0.00458
35738832,1,1,0.36733,0.61757,0.0151
9616161,1,1,0.09709,0.80035,0.10255
27534628,1,0,0.57232,0.41872,0.00897
39541024,1,1,0.24746,0.71466,0.03788
4479467,1,0,0.67386,0.31583,0.01031
34761765,1,1,0.2304,0.46633,0.30326
20665281,1,1,0.23692,0.71985,0.04323
39301287,1,1,0.31673,0.64989,0.03338
230281,1,1,0.07719,0.84622,0.07659
24725840,1,1,0.01924,0.73323,0.24753
3603247,1,0,0.60715,0.37995,0.0129
2934927,1,1,0.16961,0.81072,0.01967
4447578,1,1,0.18489,0.77842,0.03669
21650359,1,1,0.43429,0.5533,0.01242
34785156,1,1,0.11103,0.82202,0.06695
39252411,1,1,0.36439,0.61985,0.01576
35097352,1,0,0.75141,0.24111,0.00748
28888017,1,1,0.44867,0.53281,0.01852
12969388,1,0,0.67121,0.29209,0.0367
4001313,1,0,0.73107,0.25965,0.00927
32814832,1,0,0.95721,0.04073,0.00206
28323927,1,0,0.52889,0.45951,0.01159
41445768,1,2,0.02088,0.03415,0.94497
38703786,1,0,0.59,0.40234,0.00766
20471016,1,1,0.48736,0.49892,0.01372
15705331,1,1,0.1428,0.77803,0.07917
8343757,1,0,0.49505,0.41688,0.08807
13272895,1,1,0.05297,0.90294,0.04409
22597314,1,1,0.46766,0.51765,0.01468
26872943,1,1,0.42843,0.55443,0.01714
8915124,1,1,0.05407,0.807,0.13894
23000279,1,2,0.02319,0.35986,0.61695
25825631,1,1,0.29815,0.54412,0.15773
27963727,1,1,0.07489,0.87054,0.05458
41071516,1,0,0.71267,0.28018,0.00715
28796707,1,1,0.25427,0.69117,0.05456
13325685,1,1,0.17259,0.77469,0.05272
10410226,1,2,0.00188,0.00999,0.98813
29391194,1,0,0.78156,0.20629,0.01215
30973866,1,0,0.91388,0.08385,0.00227
33293495,1,0,0.90367,0.09286,0.00347
13410111,1,0,0.56485,0.42305,0.0121
31385534,1,2,0.0271,0.17466,0.79823
9046353,1,0,0.68373,0.30818,0.00809
35449435,1,1,0.24124,0.73441,0.02436
40181898,1,1,0.26523,0.70564,0.02913
31175618,1,0,0.77002,0.20404,0.02594
8471868,1,1,0.15563,0.81866,0.02571
38157255,1,0,0.69958,0.29277,0.00765
6269178,1,0,0.90765,0.08651,0.00584
7064170,1,0,0.65849,0.33111,0.0104
15466946,1,2,0.00509,0.00894,0.98597
27864850,1,1,0.31192,0.6552,0.03288
17337264,1,1,0.21817,0.73016,0.05167
24879642,1,0,0.8843,0.11068,0.00502
11656743,1,1,0.24016,0.74264,0.01719
30095925,1,0,0.53819,0.44618,0.01563
16183120,1,0,0.88399,0.11283,0.00319
29129881,1,0,0.95528,0.04203,0.00268
6436849,1,1,0.05453,0.82682,0.11865
5215406,1,2,0.01181,0.24578,0.74241
29983061,1,0,0.86732,0.12791,0.00477
30808857,1,1,0.2848,0.70214,0.01306
15111542,1,1,0.08282,0.84634,0.07084
5527899,1,1,0.22067,0.6532,0.12613
13637004,1,1,0.05324,0.85931,0.08744
23271146,1,0,0.96076,0.03689,0.00234
41508921,1,1,0.12613,0.8034,0.07047
13827024,1,2,0.01765,0.36012,0.62223
23066384,1,1,0.2174,0.76475,0.01785
4264354,1,1,0.45229,0.52466,0.02305
14340628,1,1,0.07354,0.8786,0.04786
8654735,1,0,0.79121,0.2032,0.00559
17211183,1,1,0.06276,0.8496,0.08764
28389751,1,1,0.08698,0.8802,0.03282
30024010,1,0,0.87819,0.11793,0.00388
15564673,1,0,0.5171,0.47083,0.01207
13690711,1,0,0.89636,0.09998,0.00366
26568862,1,0,0.77552,0.21368,0.01081
7310606,1,2,0.05621,0.40416,0.53963
31868447,1,0,0.38727,0.34277,0.26996
35482935,1,1,0.04974,0.86124,0.08902
2675513,1,0,0.93906,0.05813,0.00281
16908336,1,1,0.1557,0.82864,0.01566
26296852,1,2,0.00622,0.01083,0.98294
1280261,1,2,0.05967,0.3698,0.57053
18803144,1,1,0.48323,0.49469,0.02208
15227276,1,1,0.09761,0.84319,0.0592
29482830,1,1,0.08144,0.88242,0.03614
21770742,1,2,0.05576,0.41523,0.52901
36292120,1,1,0.25157,0.72512,0.02331
25778768,1,1,0.19172,0.78999,0.01829
33935343,1,1,0.10405,0.86949,0.02646
32118866,1,1,0.07414,0.76958,0.15627
11374303,1,0,0.58162,0.40288,0.0155
30487189,1,0,0.90699,0.08552,0.00749
13614009,1,1,0.07436,0.88142,0.04423
21138798,1,0,0.91957,0.0769,0.00353
32679377,1,0,0.9567,0.04096,0.00233
9507609,1,1,0.14805,0.81416,0.03778
40531380,1,1,0.10319,0.84892,0.04789
6944044,1,1,0.02573,0.78816,0.18611
17391063,1,1,0.1438,0.76983,0.08637
8764501,1,0,0.52153,0.33672,0.14175
12200715,1,0,0.43852,0.36497,0.1965
31620243,1,0,0.52829,0.45899,0.01272
34238863,1,1,0.14296,0.43522,0.42183
36597122,1,1,0.36956,0.59986,0.03057
11978337,1,1,0.26519,0.66474,0.07006
12185187,1,0,0.922,0.07524,0.00276
1518406,1,1,0.17235,0.7884,0.03925
13655849,1,1,0.08884,0.81378,0.09738
20154688,1,1,0.15905,0.78373,0.05722
3608576,1,0,0.80859,0.18542,0.00598
12490739,1,1,0.0601,0.90063,0.03926
3986887,1,0,0.7925,0.16314,0.04436
32057538,1,1,0.34022,0.64059,0.01919
22220342,1,1,0.04896,0.74818,0.20285
5038525,1,0,0.66873,0.30978,0.0215
25064156,1,0,0.69049,0.30165,0.00785
29554009,1,1,0.09684,0.76171,0.14145
12772084,1,1,0.26409,0.71229,0.02362
8957287,1,1,0.35418,0.62893,0.01689
1870176,1,0,0.6717,0.31978,0.00852
6453846,1,0,0.6377,0.34671,0.01559
13019207,1,1,0.13037,0.82073,0.04891
6655957,1,1,0.12637,0.79713,0.0765
14422858,1,2,0.30324,0.25597,0.44078
39381085,1,1,0.48825,0.49594,0.01582
21952763,1,0,0.76699,0.22408,0.00893
39876755,1,1,0.34844,0.62849,0.02307
16561502,1,0,0.82247,0.1724,0.00513
38491470,1,1,0.04362,0.88987,0.06651
33539528,1,1,0.11488,0.83571,0.04941
9491722,1,1,0.06295,0.87236,0.06469
19225716,1,0,0.7855,0.20895,0.00555
14327729,1,2,0.00309,0.02603,0.97088
2846389,1,0,0.90702,0.08981,0.00317
23535756,1,1,0.20417,0.75269,0.04313
10869215,1,0,0.94751,0.04933,0.00316
2499155,1,2,0.01286,0.12676,0.86037
28925007,1,1,0.43418,0.45859,0.10723
38711135,1,1,0.07076,0.85537,0.07387
19111613,1,1,0.07823,0.787,0.13477
28941889,1,1,0.09773,0.87622,0.02605
16790907,1,0,0.72972,0.25416,0.01612
18318613,1,0,0.46848,0.40543,0.12609
41363802,1,1,0.23887,0.72861,0.03252
12180165,1,0,0.93141,0.06501,0.00358
38565743,1,1,0.03972,0.53985,0.42043
11924962,1,1,0.15256,0.81435,0.03309
8848256,1,1,0.17461,0.73229,0.0931
9712251,1,1,0.21546,0.7624,0.02214
27921507,1,0,0.56874,0.41936,0.0119
34690435,1,0,0.66652,0.32739,0.00609
1873499,1,1,0.17622,0.60848,0.2153
31732209,1,1,0.18833,0.66313,0.14854
3929795,1,1,0.15672,0.80644,0.03684
41484238,1,2,0.00188,0.00739,0.99073
22976126,1,0,0.90628,0.09079,0.00293
31430070,1,0,0.77275,0.21796,0.00928
10940574,1,0,0.92335,0.06702,0.00964
362598,1,1,0.09379,0.85745,0.04875
22428847,1,1,0.12594,0.81011,0.06395
3731602,1,1,0.04567,0.90317,0.05115
11345870,1,0,0.87756,0.11923,0.00321
40666878,1,1,0.04796,0.87029,0.08174
34485415,1,1,0.18869,0.78057,0.03074
29976669,1,2,0.00712,0.14408,0.8488
718476,1,1,0.05209,0.89137,0.05654
34081119,1,1,0.16281,0.79865,0.03854
21351380,1,1,0.17371,0.6016,0.22469
26320249,1,1,0.23755,0.73312,0.02933
26623875,1,0,0.50304,0.48377,0.0132
1272012,1,0,0.74328,0.248,0.00872
35859857,1,0,0.52879,0.45585,0.01536
22388584,1,0,0.45845,0.35704,0.18451
7756831,1,1,0.17998,0.65323,0.16678
36747765,1,1,0.42279,0.54499,0.03222
34660859,1,1,0.21502,0.76381,0.02117
1652040,1,0,0.83698,0.14745,0.01557
39252318,1,1,0.06083,0.78881,0.15036
1232788,1,0,0.82357,0.17062,0.00582
9804855,1,0,0.87836,0.11544,0.0062
20645938,1,1,0.30255,0.64679,0.05066
31221619,1,1,0.4526,0.5333,0.0141
28146123,1,1,0.08738,0.85532,0.0573
32838861,1,0,0.89801,0.09727,0.00471
33503737,1,1,0.04138,0.81817,0.14045
12674359,1,1,0.12769,0.73479,0.13752
10247199,1,1,0.31102,0.58562,0.10337
15727240,1,1,0.13664,0.83824,0.02512
23661970,1,1,0.27243,0.70939,0.01818
15927568,1,1,0.09601,0.84743,0.05655
10945641,1,0,0.4291,0.42576,0.14514
19739234,1,0,0.80057,0.19239,0.00704
493506,1,2,0.14999,0.32443,0.52558
21467717,1,2,0.02086,0.4495,0.52964
37117817,1,2,0.01968,0.47676,0.50356
5679953,1,2,0.00834,0.0426,0.94906
22980490,1,2,0.00177,0.00856,0.98967
3499337,1,1,0.06786,0.82349,0.10865
14642724,1,0,0.96994,0.02725,0.00281
39309780,1,0,0.73566,0.25623,0.00811
29886952,1,1,0.08986,0.64604,0.2641
25690721,1,1,0.28925,0.65566,0.0551
1636433,1,2,0.02205,0.43948,0.53847
15284865,1,1,0.17743,0.79828,0.0243
10694115,1,0,0.96485,0.03375,0.00141
23648880,1,2,0.01019,0.11458,0.87523
28155589,1,2,0.01459,0.21351,0.7719
36063034,1,1,0.42521,0.53334,0.04145
16046352,1,1,0.26376,0.71698,0.01926
1279094,1,0,0.74497,0.15615,0.09887
35762814,1,0,0.88046,0.11594,0.0036
34210630,1,1,0.14973,0.827,0.02328
21412087,1,0,0.73714,0.25575,0.00711
14042703,1,2,0.03972,0.47639,0.48389
29521452,1,1,0.02261,0.79069,0.18671
17257829,1,1,0.08833,0.70845,0.20322
35136428,1,1,0.07703,0.89197,0.031
39321267,1,1,0.04106,0.78685,0.17209
3904129,1,0,0.97217,0.02571,0.00213
28930009,1,1,0.04758,0.49387,0.45855
12924479,1,0,0.61396,0.37825,0.00779
7099822,1,2,0.00751,0.13812,0.85437
21723163,1,2,0.09611,0.29172,0.61217
8216720,1,1,0.18704,0.79054,0.02243
106753,1,2,0.00362,0.0527,0.94368
5229520,1,0,0.56137,0.42707,0.01156
3618045,1,1,0.05316,0.88518,0.06167
584747,1,2,0.0483,0.21944,0.73227
16269916,1,1,0.10159,0.56005,0.33836
34654752,1,1,0.39143,0.58076,0.02781
7069487,1,1,0.21372,0.67556,0.11071
3949965,1,1,0.19587,0.78536,0.01876
40209960,1,1,0.19504,0.78661,0.01836
6571105,1,0,0.55289,0.43737,0.00974
2637848,1,0,0.56052,0.42976,0.00972
19592771,1,1,0.10183,0.81039,0.08778
3058912,1,0,0.95718,0.04069,0.00213
24547655,1,0,0.84134,0.14226,0.0164
16893556,1,1,0.39056,0.59554,0.0139
32932977,1,0,0.813,0.16245,0.02455
8824969,1,1,0.05523,0.67289,0.27187
4397579,1,1,0.0476,0.83062,0.12178
38083972,1,0,0.89344,0.10063,0.00593
13175797,1,1,0.0368,0.76851,0.19469
34974973,1,0,0.96751,0.0305,0.00199
38588695,1,2,0.01678,0.37301,0.61021
26821176,1,2,0.01165,0.20895,0.7794
24620446,1,2,0.0015,0.01383,0.98467
30603248,1,0,0.97041,0.02769,0.0019
8603381,1,1,0.05705,0.8752,0.06775
15144141,1,2,0.00194,0.00668,0.99138
12327751,1,0,0.65494,0.32044,0.02461
35972993,1,1,0.1818,0.79744,0.02076
14544192,1,1,0.05303,0.72065,0.22632
2052955,1,0,0.64787,0.34141,0.01072
14940166,1,1,0.07405,0.77767,0.14828
17038031,1,1,0.15476,0.81727,0.02797
20162467,1,0,0.94019,0.05741,0.0024
40563678,1,1,0.03027,0.81175,0.15798
36719217,1,0,0.7415,0.25228,0.00622
8916733,1,1,0.11499,0.85343,0.03158
24674093,1,0,0.89625,0.10036,0.00339
1711468,1,1,0.07375,0.88455,0.0417
18365494,1,1,0.36735,0.61041,0.02223
32136050,1,0,0.69522,0.29668,0.00809
13161050,1,1,0.04788,0.78492,0.1672
13156041,1,2,0.02349,0.12896,0.84755
14255899,1,0,0.7471,0.23879,0.01412
28040795,1,1,0.07406,0.84102,0.08491
11014384,1,1,0.1252,0.84608,0.02873
24746769,1,1,0.14342,0.78446,0.07212
3775184,1,1,0.47838,0.49356,0.02806
39151575,1,0,0.80584,0.18697,0.00719
3602869,1,0,0.69261,0.29557,0.01182
21758279,1,1,0.17008,0.80667,0.02324
22862227,1,1,0.04085,0.7413,0.21785
20886719,1,1,0.31342,0.64562,0.04095
16943068,1,1,0.36649,0.59255,0.04096
11280459,1,1,0.47471,0.50929,0.01599
19167632,1,1,0.46832,0.50243,0.02925
31192694,1,1,0.04731,0.64298,0.30971
804991,1,0,0.77077,0.21997,0.00926
31505733,1,1,0.02354,0.64634,0.33012
30520220,1,1,0.09534,0.79514,0.10952
2144843,1,1,0.06161,0.85385,0.08454
39793089,1,1,0.1191,0.85131,0.02959
14852829,1,2,0.00135,0.00955,0.9891
301884,1,1,0.33384,0.48955,0.17661
27674074,1,2,0.02917,0.29118,0.67965
27183114,1,1,0.09402,0.53266,0.37331
28738464,1,0,0.55092,0.43581,0.01326
9198688,1,1,0.47334,0.5118,0.01486
19344105,1,1,0.11372,0.74447,0.14181
37370916,1,1,0.20423,0.77227,0.0235
3295693,1,1,0.42125,0.49249,0.08625
15293310,1,1,0.21265,0.75243,0.03492
3130780,1,1,0.05065,0.88381,0.06554
6913748,1,1,0.04023,0.76502,0.19475
27652146,1,1,0.11694,0.84241,0.04065
38620771,1,0,0.86183,0.1332,0.00497
8963068,1,0,0.82799,0.16496,0.00705
26963164,1,0,0.76966,0.22398,0.00635
34527037,1,1,0.0298,0.83102,0.13918
35538299,1,2,0.01579,0.46522,0.51899
30417819,1,0,0.55317,0.42745,0.01938
28773230,1,1,0.23023,0.74902,0.02076
4233631,1,0,0.87444,0.1221,0.00346
1430044,1,1,0.16531,0.79011,0.04458
9494456,1,2,0.01156,0.07739,0.91105
3685629,1,0,0.71234,0.28115,0.00651
2033339,1,0,0.92417,0.07239,0.00344
5383727,1,1,0.0462,0.91005,0.04374
20136148,1,0,0.59122,0.38321,0.02557
10966740,1,1,0.4049,0.58,0.0151
37342524,1,2,0.00959,0.21657,0.77384
6163472,1,1,0.22517,0.5636,0.21122
37091138,1,0,0.82409,0.16808,0.00783
10765926,1,0,0.93932,0.05575,0.00493
6438718,1,1,0.14904,0.8146,0.03635
14928515,1,0,0.54954,0.43813,0.01233
31975820,1,1,0.22877,0.72137,0.04986
18142869,1,1,0.04378,0.87938,0.07684
25454203,1,1,0.26228,0.71018,0.02754
17608312,1,0,0.70724,0.26739,0.02536
11036294,1,0,0.80195,0.19122,0.00683
21186353,1,1,0.11327,0.5958,0.29094
15018240,1,1,0.25915,0.72396,0.01689
11559001,1,0,0.89673,0.09983,0.00344
16440667,1,0,0.8761,0.12043,0.00347
8514463,1,1,0.16928,0.80365,0.02707
26679443,1,1,0.07954,0.83207,0.08839
39065452,1,1,0.11804,0.85449,0.02747
34474516,1,1,0.05932,0.56723,0.37345
31892233,1,1,0.03414,0.691,0.27486
14164934,1,1,0.3324,0.64323,0.02436
11143981,1,1,0.46837,0.5225,0.00913
26628876,1,1,0.07163,0.86922,0.05915
8854221,1,1,0.21684,0.72289,0.06027
30813245,1,0,0.96515,0.03182,0.00302
14527047,1,1,0.36129,0.62426,0.01445
7093293,1,1,0.31164,0.67539,0.01296
33846141,1,1,0.45023,0.49642,0.05335
31732496,1,2,0.00459,0.03394,0.96146
6386511,1,1,0.37639,0.55845,0.06515
40068216,1,0,0.77075,0.22082,0.00843
19392706,1,1,0.29076,0.68937,0.01986
5282698,1,0,0.93445,0.06334,0.00221
14040723,1,0,0.90899,0.08757,0.00344
18607660,1,1,0.04187,0.55149,0.40664
24819617,1,1,0.30176,0.64132,0.05692
7139214,1,0,0.78149,0.21281,0.00569
9536710,1,2,0.0051,0.08118,0.91372
14953490,1,1,0.44015,0.48911,0.07074
6274873,1,0,0.75747,0.21702,0.02552
21446424,1,1,0.13573,0.69336,0.17091
22332624,1,2,0.01449,0.03116,0.95435
20442342,1,1,0.38761,0.59103,0.02136
39271642,1,0,0.79817,0.19637,0.00546
28961650,1,1,0.03719,0.51333,0.44949
25463085,1,0,0.81046,0.17665,0.0129
40072718,1,0,0.53933,0.33553,0.12514
38655176,1,1,0.15285,0.78311,0.06403
39893379,1,1,0.41196,0.55219,0.03586
29127222,1,1,0.22734,0.75421,0.01844
2616941,1,1,0.07823,0.87966,0.04212
9698696,1,1,0.06283,0.8708,0.06637
41146515,1,1,0.48685,0.50231,0.01084
28135742,1,0,0.95015,0.04742,0.00243
678022,1,1,0.10323,0.84269,0.05408
6543296,1,2,0.02093,0.44757,0.5315
30115032,1,1,0.31339,0.66865,0.01796
8339775,1,1,0.45848,0.5236,0.01792
2262179,1,2,0.00248,0.02789,0.96964
32076728,1,1,0.06898,0.89805,0.03297
1791837,1,0,0.52922,0.4598,0.01098
9762487,1,1,0.14873,0.8231,0.02817
31877538,1,1,0.15506,0.81961,0.02534
16161857,1,0,0.89489,0.10198,0.00313
26885358,1,0,0.86981,0.10807,0.02212
12309958,1,1,0.41988,0.56944,0.01068
16219691,1,1,0.42047,0.5658,0.01373
39094119,1,0,0.79988,0.19298,0.00714
12809252,1,1,0.38517,0.4888,0.12603
6239303,1,2,0.03511,0.22015,0.74475
5987478,1,1,0.06713,0.70221,0.23066
17408636,1,1,0.17392,0.73258,0.0935
3220705,1,2,0.03525,0.28384,0.68091
14274716,1,1,0.22677,0.74501,0.02822
28882293,1,1,0.1258,0.84953,0.02467
26511011,1,0,0.48434,0.41916,0.0965
7431485,1,1,0.46235,0.51177,0.02588
25390612,1,0,0.75755,0.23376,0.00868
9769797,1,0,0.81537,0.17225,0.01238
10238676,1,2,0.07102,0.09371,0.83527
10458434,1,1,0.2715,0.70422,0.02429
34800755,1,0,0.68009,0.30535,0.01456
10357122,1,0,0.71849,0.27485,0.00667
16235852,1,0,0.62569,0.36496,0.00935
30963251,1,0,0.65,0.31187,0.03813
12043005,1,0,0.75088,0.23906,0.01006
17627617,1,0,0.8691,0.12718,0.00372
28351096,1,0,0.89053,0.10615,0.00331
11465645,1,1,0.40134,0.58853,0.01013
28343684,1,1,0.02544,0.64081,0.33375
12038341,1,1,0.36625,0.61816,0.0156
9561106,1,1,0.05512,0.83903,0.10584
22915005,1,1,0.28226,0.68241,0.03533
15753806,1,1,0.29582,0.66926,0.03492
34350113,1,1,0.13511,0.79439,0.07051
15333159,1,0,0.97336,0.02461,0.00203
28665212,1,1,0.19637,0.78277,0.02086
33098769,1,1,0.38923,0.59816,0.01261
14176347,1,1,0.038,0.77531,0.18669
13505834,1,0,0.77661,0.21566,0.00773
9256957,1,1,0.16164,0.81609,0.02226
5699364,1,1,0.27251,0.70134,0.02615
34596189,1,1,0.25864,0.40138,0.33998
19214041,1,0,0.6942,0.29394,0.01185
21198129,1,1,0.05262,0.87628,0.07109
34944819,1,1,0.09707,0.86605,0.03688
41524855,1,0,0.54675,0.33684,0.11641
38424506,1,1,0.03667,0.86109,0.10224
3962663,1,1,0.28488,0.69146,0.02366
6722691,1,0,0.84372,0.15068,0.0056
36703559,1,1,0.08867,0.85951,0.05182
39893372,1,1,0.06106,0.79807,0.14087
26697553,1,1,0.1512,0.8,0.0488
9634991,1,1,0.36249,0.52845,0.10905
41520085,1,0,0.54366,0.18069,0.27565
22518829,1,1,0.07287,0.64944,0.27769
4787039,1,1,0.06199,0.77911,0.15891
25574379,1,1,0.06045,0.57355,0.366
13632248,1,1,0.07941,0.87232,0.04826
4979430,1,0,0.60474,0.38741,0.00785
21383253,1,0,0.8818,0.1045,0.01371
1936025,1,1,0.05537,0.86954,0.07509
21000846,1,0,0.86279,0.13231,0.0049
6957783,1,1,0.31302,0.66266,0.02433
21351313,1,1,0.05848,0.81676,0.12477
34143351,1,0,0.70523,0.28717,0.00759
31326805,1,0,0.94505,0.05285,0.0021
20605743,1,1,0.02682,0.67568,0.2975
7539822,1,0,0.74961,0.23496,0.01544
16983700,1,0,0.53224,0.45882,0.00895
3870590,1,1,0.33786,0.54096,0.12118
7906654,1,1,0.23999,0.73921,0.02081
29502725,1,0,0.67266,0.31774,0.0096
39217090,1,1,0.08061,0.78906,0.13033
9398406,1,1,0.17569,0.79354,0.03077
36712800,1,1,0.25177,0.72851,0.01972
23129823,1,0,0.71363,0.27299,0.01338
35371914,1,1,0.32311,0.57601,0.10088
40853998,1,1,0.36721,0.5891,0.04369
38409702,1,1,0.27365,0.48975,0.2366
33716795,1,1,0.03068,0.7609,0.20842
41628385,1,0,0.87596,0.11832,0.00572
33449194,1,0,0.833,0.1553,0.0117
7818543,1,2,0.00407,0.01584,0.98009
9495960,1,0,0.76385,0.22668,0.00947
10943608,1,0,0.51552,0.46939,0.01509
8480505,1,1,0.49078,0.49463,0.01459
23705589,1,1,0.04572,0.89006,0.06422
19460266,1,2,0.002,0.02382,0.97418
2484904,1,2,0.01116,0.01525,0.97359
24814919,1,1,0.16279,0.60367,0.23353
10936984,1,1,0.17036,0.80641,0.02324
18289599,1,0,0.89517,0.10122,0.0036
27748540,1,1,0.13448,0.75005,0.11547
29372958,1,1,0.05896,0.68542,0.25562
18568071,1,1,0.03456,0.8243,0.14114
2683418,1,1,0.24678,0.70991,0.04331
22310646,1,1,0.1086,0.84587,0.04554
5748108,1,2,0.0031,0.03712,0.95977
18006877,1,1,0.14929,0.7486,0.10211
34180016,1,0,0.89085,0.10598,0.00316
38890294,1,1,0.14107,0.82639,0.03255
20774274,1,1,0.10992,0.82819,0.0619
23329125,1,0,0.6401,0.34531,0.01459
16843547,1,0,0.63215,0.34639,0.02146
21850369,1,1,0.05357,0.70017,0.24626
13233352,1,1,0.05698,0.87744,0.06558
23757569,1,1,0.44099,0.5278,0.03121
7440788,1,1,0.05414,0.62443,0.32143
38714431,1,1,0.08522,0.77151,0.14327
39945593,1,1,0.19712,0.73743,0.06545
5185717,1,0,0.60985,0.35295,0.0372
2786361,1,0,0.5249,0.44897,0.02613
25401695,1,1,0.41749,0.5596,0.02292
27763628,1,0,0.84394,0.15072,0.00534
33782760,1,1,0.39626,0.58564,0.0181
21071679,1,0,0.59534,0.38139,0.02327
32871434,1,1,0.05276,0.90647,0.04077
8698646,1,1,0.08546,0.89221,0.02234
29326716,1,0,0.55559,0.4327,0.01171
31492426,1,1,0.43173,0.53311,0.03516
3750765,1,0,0.84964,0.14366,0.00669
33178800,1,1,0.23905,0.63412,0.12683
20631287,1,0,0.67479,0.29365,0.03156
4109368,1,1,0.31828,0.66334,0.01838
4461202,1,1,0.02626,0.73227,0.24148
16153955,1,1,0.10898,0.8679,0.02313
40271849,1,1,0.4452,0.52869,0.02612
8199609,1,1,0.40215,0.58512,0.01273
16698591,1,0,0.94352,0.05455,0.00194
24482132,1,1,0.45546,0.52834,0.01621
3115612,1,1,0.39286,0.58289,0.02425
32873701,1,1,0.16938,0.79867,0.03195
37261612,1,1,0.064,0.87323,0.06276
18661111,1,1,0.30978,0.61128,0.07894
39548460,1,0,0.75293,0.24065,0.00641
20822037,1,0,0.5796,0.4078,0.01261
37761036,1,2,0.01259,0.03292,0.95449
31052588,1,0,0.75708,0.23637,0.00655
4100119,1,0,0.68999,0.28428,0.02573
40932442,1,1,0.2054,0.76166,0.03295
34692641,1,0,0.80263,0.19064,0.00673
39617861,1,2,0.0605,0.08125,0.85826
27534492,1,0,0.53259,0.45555,0.01186
21171651,1,0,0.8577,0.13624,0.00606
30441516,1,2,0.01062,0.04064,0.94874
13996496,1,0,0.58615,0.40286,0.01099
1973525,1,1,0.39092,0.58685,0.02223
19683621,1,0,0.8012,0.1903,0.00849
178541,1,1,0.48681,0.50226,0.01092
8591856,1,1,0.07619,0.58766,0.33615
38839281,1,2,0.0098,0.14856,0.84164
39078098,1,1,0.05563,0.87701,0.06736
36247536,1,2,0.04846,0.27726,0.67427
35449419,1,1,0.36166,0.58704,0.05129
24623866,1,1,0.19241,0.74408,0.06351
8258435,1,1,0.22854,0.73487,0.03659
40670894,1,0,0.82042,0.17332,0.00626
4592671,1,0,0.97032,0.02753,0.00216
31533940,1,1,0.47698,0.51172,0.01131
21580777,1,1,0.07312,0.78608,0.1408
26574621,1,1,0.04925,0.76442,0.18633
27031274,1,1,0.10058,0.48739,0.41203
36440223,1,1,0.1422,0.77629,0.0815
38099042,1,0,0.95101,0.04278,0.00621
3331796,1,2,0.02662,0.06386,0.90952
385818,1,1,0.11884,0.83874,0.04242
29695426,1,0,0.70393,0.26562,0.03045
39425362,1,1,0.04863,0.86866,0.08271
11751692,1,0,0.51363,0.47503,0.01135
5136179,1,1,0.15234,0.81277,0.03488
19675219,1,1,0.23542,0.74234,0.02224
15731623,1,2,0.00414,0.02903,0.96683
29694161,1,1,0.07735,0.86472,0.05793
18595998,1,1,0.17972,0.51097,0.30931
4287720,1,1,0.24379,0.73353,0.02268
6888398,1,1,0.31928,0.62026,0.06046
6263007,1,1,0.20689,0.77021,0.0229
14304076,1,1,0.07312,0.73273,0.19415
32941993,1,1,0.09328,0.77797,0.12875
26325686,1,1,0.39995,0.58192,0.01813
16368728,1,1,0.08198,0.84425,0.07377
19766838,1,1,0.08593,0.71385,0.20022
5623100,1,0,0.75627,0.17555,0.06818
17124514,1,1,0.08572,0.88286,0.03141
23155188,1,1,0.08064,0.85354,0.06582
2421924,1,1,0.02094,0.56166,0.41739
28854519,1,1,0.07234,0.8917,0.03595
2094071,1,1,0.0359,0.70996,0.25414
38675418,1,1,0.26544,0.71592,0.01864
38040073,1,0,0.72297,0.25379,0.02324
9259620,1,1,0.19986,0.65371,0.14643
14333353,1,0,0.88193,0.11411,0.00396
34901912,1,1,0.37115,0.61673,0.01212
27496121,1,0,0.95756,0.03983,0.00261
38184850,1,0,0.76155,0.22336,0.01508
9546478,1,0,0.79878,0.18715,0.01407
10543681,1,2,0.16779,0.39783,0.43438
20085857,1,1,0.38489,0.55349,0.06162
14937061,1,1,0.47042,0.51665,0.01293
19326709,1,2,0.00404,0.05278,0.94318
17033524,1,1,0.09778,0.85296,0.04926
2518120,1,0,0.56785,0.42199,0.01016
3121694,1,1,0.27243,0.70939,0.01818
30114210,1,1,0.40833,0.45463,0.13704
25521656,1,1,0.13454,0.84085,0.02461
7616930,1,1,0.07688,0.79182,0.1313
39687514,1,2,0.01047,0.11795,0.87158
31458902,1,1,0.03673,0.86929,0.09398
5014102,1,1,0.21763,0.52564,0.25674
12186802,1,1,0.43633,0.54728,0.0164
8552495,1,2,0.01328,0.07013,0.91659
26053308,1,2,0.09236,0.27897,0.62867
36008103,1,0,0.49457,0.49072,0.0147
22353236,1,1,0.04898,0.70854,0.24248
16954879,1,0,0.48444,0.33524,0.18032
30553905,1,2,0.02284,0.47713,0.50003
18087807,1,1,0.0445,0.60001,0.35549
23683733,1,1,0.39505,0.54848,0.05647
22024259,1,1,0.42038,0.56568,0.01394
10282615,1,1,0.03149,0.55376,0.41475
1391003,1,1,0.04973,0.86436,0.08592
28124485,1,2,0.01094,0.27444,0.71463
34015853,1,1,0.29188,0.68932,0.01881
3690115,1,0,0.79914,0.18981,0.01105
26771067,1,2,0.01193,0.08396,0.90411
4756681,1,0,0.84287,0.14618,0.01095
12486974,1,1,0.16083,0.80566,0.03351
5210353,1,1,0.35651,0.6306,0.01288
15516590,1,1,0.07469,0.86826,0.05704
23623508,1,1,0.06252,0.84307,0.09441
36277776,1,0,0.73219,0.26107,0.00674
24459472,1,2,0.0261,0.13601,0.83788
13113015,1,0,0.86092,0.13516,0.00393
20820348,1,1,0.37914,0.59414,0.02672
38276151,1,2,0.2981,0.33109,0.37081
23372086,1,1,0.16424,0.79432,0.04144
18161713,1,0,0.49168,0.45119,0.05714
14644628,1,1,0.37006,0.60302,0.02691
8714131,1,1,0.08666,0.85494,0.05841
12119206,1,2,0.00868,0.04916,0.94216
15018846,1,1,0.12041,0.83499,0.0446
16904540,1,1,0.36598,0.6153,0.01873
10296104,1,1,0.17481,0.75547,0.06972
3899854,1,1,0.104,0.83255,0.06345
17573642,1,0,0.90212,0.09453,0.00336
41267429,1,2,0.00375,0.01827,0.97798
29662660,1,0,0.60279,0.38616,0.01104
16445923,1,1,0.18229,0.79338,0.02434
39987919,1,1,0.06009,0.86599,0.07392
7785418,1,0,0.84438,0.15139,0.00423
17229664,1,1,0.2205,0.76213,0.01737
31658221,1,1,0.23277,0.72686,0.04037
567916,1,2,0.00695,0.15148,0.84158
9047017,1,1,0.06138,0.88446,0.05416
36489116,1,2,0.00113,0.00692,0.99195
20250745,1,1,0.1643,0.78048,0.05523
26127090,1,2,0.00633,0.09746,0.89621
31459588,1,1,0.08102,0.6549,0.26409
35327803,1,1,0.24149,0.51172,0.24679
18870565,1,0,0.58538,0.39609,0.01853
22795239,1,0,0.97426,0.02383,0.00191
30081695,1,1,0.44512,0.54112,0.01376
18332407,1,1,0.20085,0.77445,0.0247
15484870,1,0,0.90147,0.09372,0.0048
12677454,1,2,0.09851,0.17639,0.72509
27488187,1,0,0.55473,0.42201,0.02326
21121562,1,1,0.14512,0.83509,0.01979
34438187,1,0,0.84234,0.15161,0.00604
28261795,1,1,0.45583,0.4948,0.04938
7415077,1,1,0.18807,0.79491,0.01702
35910651,1,1,0.174,0.79675,0.02925
21802621,1,0,0.86496,0.13161,0.00343
37665145,1,0,0.59659,0.38219,0.02123
29245379,1,0,0.87652,0.11068,0.0128
10611285,1,1,0.19586,0.45361,0.35053
10394949,1,1,0.15406,0.82152,0.02442
35268082,1,2,0.00884,0.20762,0.78354
29239554,1,1,0.27802,0.69622,0.02576
37511524,1,0,0.64379,0.3446,0.01161
24514867,1,1,0.03236,0.68647,0.28118
15309909,1,1,0.04234,0.85039,0.10727
37177411,1,2,0.00169,0.022,0.97632
38967295,1,0,0.76813,0.20433,0.02755
25606581,1,1,0.42964,0.556,0.01436
5854293,1,1,0.08318,0.88386,0.03296
27893876,1,1,0.02769,0.84802,0.12429
32088474,1,1,0.03316,0.85516,0.11168
14580670,1,1,0.21467,0.7319,0.05343
39304095,1,0,0.66482,0.32655,0.00863
25864640,1,1,0.035,0.70843,0.25658
37448648,1,1,0.13763,0.8349,0.02747
15612336,1,1,0.16728,0.80432,0.0284
5114063,1,1,0.45892,0.5241,0.01698
29403959,1,1,0.21271,0.74678,0.04052
17234578,1,2,0.00166,0.00684,0.9915
4989810,1,1,0.44805,0.53625,0.0157
13949863,1,1,0.03994,0.56446,0.3956
16123157,1,1,0.16772,0.80879,0.02349
15020287,1,1,0.11897,0.84584,0.03519
8579169,1,2,0.08984,0.11878,0.79138
9720388,1,0,0.91496,0.08153,0.00351
37484858,1,1,0.13903,0.82859,0.03238
18280384,1,0,0.84653,0.14568,0.0078
9506369,1,0,0.59212,0.39753,0.01035
326408,1,2,0.09556,0.09802,0.80642
35903519,1,1,0.13329,0.7262,0.14051
1545814,1,0,0.61112,0.37945,0.00943
3598239,1,1,0.16997,0.79713,0.0329
14318368,1,0,0.85281,0.13786,0.00933
6230397,2,2,0.00682,0.02771,0.96547
5061108,2,2,0.00238,0.00727,0.99035
16797448,2,2,0.00297,0.02,0.97703
24612531,2,2,0.00373,0.00916,0.98711
30825587,2,2,0.00149,0.00996,0.98855
25938857,2,2,0.00232,0.01886,0.97882
34319432,2,2,0.00245,0.00896,0.98859
12285954,2,2,0.00149,0.00609,0.99242
13741942,2,2,0.00144,0.00734,0.99122
35287726,2,1,0.08184,0.81058,0.10758
2538702,2,2,0.02356,0.30912,0.66732
28525953,2,2,0.002,0.0078,0.9902
2328240,2,2,0.00212,0.01122,0.98665
5373435,2,2,0.00389,0.01456,0.98155
17032727,2,2,0.21927,0.19106,0.58967
17609365,2,2,0.00586,0.06913,0.92501
14068932,2,2,0.00152,0.00581,0.99267
27656282,2,2,0.0025,0.019,0.97849
31096001,2,2,0.00276,0.01515,0.98209
14822054,2,2,0.00329,0.01054,0.98617
37884753,2,2,0.00128,0.00604,0.99268
3930865,2,2,0.00181,0.01758,0.98061
28456076,2,2,0.05152,0.08395,0.86454
14739505,2,2,0.00725,0.03637,0.95639
20717094,2,2,0.00747,0.0584,0.93413
8953576,2,2,0.00191,0.01011,0.98798
40475944,2,2,0.00258,0.00554,0.99188
22166803,2,2,0.00356,0.03983,0.95661
12563138,2,2,0.00939,0.03315,0.95746
21492177,2,2,0.12526,0.08459,0.79014
32757581,2,2,0.0022,0.00632,0.99147
20310759,2,2,0.00274,0.00688,0.99038
30940182,2,2,0.00202,0.01675,0.98123
905048,2,2,0.00273,0.00869,0.98858
34194068,2,2,0.00174,0.00668,0.99158
34676959,2,2,0.00188,0.00739,0.99073
1711506,2,2,0.00422,0.0112,0.98459
31060567,2,2,0.01033,0.03002,0.95965
3901361,2,2,0.00364,0.03272,0.96364
5440450,2,2,0.00179,0.0086,0.98961
17818767,2,2,0.00672,0.11282,0.88046
27883778,2,2,0.00194,0.00846,0.9896
36780924,2,2,0.00156,0.00805,0.99039
21962399,2,2,0.00172,0.00525,0.99303
25372342,2,2,0.00911,0.08983,0.90106
6872837,2,2,0.0106,0.10714,0.88227
21516075,2,2,0.00219,0.01007,0.98774
3669400,2,2,0.00862,0.04057,0.95081
31859006,2,2,0.00282,0.00976,0.98743
20247294,2,2,0.00164,0.007,0.99136
11437465,2,2,0.00222,0.0151,0.98268
36009706,2,2,0.01691,0.02311,0.95998
29218875,2,2,0.01833,0.2085,0.77317
16396972,2,2,0.03074,0.16393,0.80533
29349017,2,2,0.06577,0.13923,0.795
29414023,2,2,0.00178,0.01708,0.98114
36294993,2,2,0.01013,0.06377,0.92611
39062360,2,2,0.00162,0.01522,0.98315
38444244,2,2,0.00207,0.00653,0.99141
2926831,2,2,0.00152,0.00559,0.99289
3138072,2,2,0.18677,0.14717,0.66606
6848080,2,2,0.00427,0.04371,0.95202
15299490,2,2,0.0036,0.00622,0.99018
8378627,2,2,0.03752,0.08827,0.87421
3349006,2,2,0.00191,0.00638,0.99171
21187481,2,2,0.01233,0.28739,0.70027
27778572,2,2,0.01801,0.37616,0.60582
29777543,2,2,0.00171,0.01208,0.98621
27364664,2,2,0.00118,0.00433,0.99449
35187980,2,2,0.00138,0.00894,0.98969
16659007,2,2,0.00185,0.00843,0.98972
14683628,2,2,0.00146,0.00933,0.98921
2939229,2,2,0.00202,0.01504,0.98294
13540372,2,2,0.00972,0.08792,0.90237
34134502,2,2,0.00578,0.08134,0.91288
12691059,2,2,0.00198,0.01953,0.97849
13714894,2,2,0.00221,0.0172,0.98058
24351402,2,2,0.00305,0.00667,0.99027
31999453,2,2,0.00957,0.01436,0.97607
31262021,2,2,0.0018,0.007,0.9912
34870471,2,2,0.00392,0.03577,0.9603
36563902,2,2,0.00405,0.00589,0.99007
16951358,2,2,0.00182,0.0078,0.99037
38781987,2,2,0.0206,0.35815,0.62125
9190095,2,2,0.00565,0.04468,0.94968
24093930,2,2,0.00144,0.00894,0.98962
29561669,2,2,0.00265,0.00773,0.98961
580217,2,2,0.00199,0.01516,0.98285
25793182,2,2,0.00187,0.01453,0.9836
10145468,2,1,0.2171,0.63593,0.14697
23585834,2,1,0.051,0.61645,0.33255
28958138,2,2,0.00176,0.01431,0.98393
35057469,2,2,0.01098,0.01585,0.97317
36413797,2,2,0.00621,0.0206,0.9732
23220752,2,2,0.00305,0.00882,0.98813
12627007,2,2,0.00128,0.00638,0.99234
14396955,2,2,0.00825,0.09591,0.89584
27583936,2,2,0.00238,0.00798,0.98964
11957651,2,2,0.00299,0.01268,0.98433
26150825,2,2,0.00209,0.0133,0.98462
26741636,2,2,0.00296,0.02122,0.97581
18187288,2,2,0.29228,0.30053,0.40718
3775203,2,2,0.01688,0.04671,0.9364
15997618,2,2,0.00333,0.01258,0.98408
28675529,2,2,0.00188,0.01097,0.98716
35673908,2,2,0.00184,0.01546,0.98271
28514645,2,2,0.00235,0.00501,0.99264
16268593,2,2,0.00252,0.0125,0.98498
13900688,2,2,0.00335,0.02247,0.97418
16742560,2,2,0.00311,0.01943,0.97746
39257061,2,2,0.0021,0.00663,0.99127
1759969,2,2,0.03137,0.03366,0.93497
37949132,2,2,0.00261,0.00939,0.988
31785839,2,2,0.00134,0.00653,0.99213
622756,2,2,0.00528,0.01895,0.97577
6058795,2,2,0.00668,0.06217,0.93115
2084112,2,2,0.00191,0.00943,0.98866
16296981,2,2,0.00162,0.00439,0.99399
36478432,2,2,0.00653,0.01733,0.97615
3217898,2,2,0.00258,0.0058,0.99162
19459173,2,2,0.00177,0.00613,0.99209
31641973,2,2,0.00162,0.00486,0.99353
24560094,2,2,0.00122,0.00633,0.99245
40569365,2,2,0.00198,0.00546,0.99256
19483884,2,2,0.00215,0.01694,0.98091
40258321,2,2,0.00203,0.00869,0.98927
29166318,2,2,0.00272,0.02841,0.96887
3926076,2,2,0.00512,0.03497,0.95992
469422,2,2,0.00351,0.02221,0.97428
37791357,2,2,0.0952,0.15303,0.75177
23313925,2,2,0.00142,0.00684,0.99174
5363643,2,2,0.12342,0.36702,0.50956
6059883,2,2,0.00222,0.01431,0.98348
20849033,2,2,0.00433,0.01646,0.97922
39060464,2,2,0.0012,0.00638,0.99242
20173238,2,2,0.02033,0.11533,0.86434
9593787,2,2,0.00202,0.01409,0.98389
12167475,2,2,0.0074,0.02397,0.96864
23323078,2,2,0.00748,0.02089,0.97164
5914907,2,2,0.05691,0.28674,0.65635
17401145,2,2,0.09557,0.13191,0.77253
8700648,2,2,0.00188,0.00999,0.98813
33210489,2,2,0.00816,0.0109,0.98094
8376795,2,2,0.00198,0.00525,0.99277
11472472,2,1,0.44095,0.51755,0.0415
2564081,2,2,0.00305,0.00938,0.98757
31536032,2,2,0.00194,0.00965,0.98841
7645519,2,2,0.0042,0.00797,0.98784
24674628,2,2,0.00213,0.00859,0.98928
22486022,2,2,0.00259,0.01562,0.98179
28686295,2,2,0.00302,0.01828,0.9787
25128152,2,2,0.00336,0.07824,0.9184
15628601,2,2,0.03511,0.22015,0.74475
39143219,2,2,0.01217,0.03578,0.95205
13723764,2,2,0.00172,0.00638,0.99191
21193235,2,1,0.04185,0.61983,0.33832
33452581,2,2,0.00195,0.01718,0.98087
3664230,2,2,0.00428,0.04264,0.95308
11880399,2,2,0.01774,0.04356,0.9387
10295402,2,2,0.00407,0.04583,0.95011
27469924,2,2,0.02706,0.1113,0.86165
5236212,2,2,0.10615,0.26608,0.62778
36474744,2,2,0.00197,0.00999,0.98804
33608701,2,2,0.00896,0.03341,0.95763
8455974,2,2,0.00318,0.01463,0.9822
1695754,2,2,0.00145,0.00679,0.99177
8922275,2,2,0.00382,0.01764,0.97854
4131882,2,2,0.00142,0.00604,0.99253
5839670,2,2,0.00206,0.00965,0.98829
38283344,2,2,0.00269,0.00995,0.98736
12935435,2,2,0.00206,0.00947,0.98847
8444139,2,2,0.00258,0.0059,0.99153
24345348,2,2,0.00455,0.02804,0.96741
6319681,2,2,0.01267,0.03431,0.95302
32266129,2,2,0.00209,0.01442,0.9835
33596434,2,2,0.002,0.00739,0.99061
22827829,2,2,0.00172,0.00439,0.99389
9757636,2,2,0.00558,0.01866,0.97576
17856408,2,2,0.00235,0.02144,0.97621
37911743,2,2,0.01255,0.14765,0.83979
19554240,2,2,0.00324,0.01125,0.98551
32687349,2,2,0.26187,0.24385,0.49428
34365356,2,2,0.00196,0.01162,0.98642
36249779,2,2,0.00164,0.00638,0.99198
27551837,2,2,0.0022,0.0095,0.9883
23346750,2,2,0.00373,0.00828,0.98798
11346791,2,2,0.00261,0.00876,0.98864
31894216,2,2,0.00388,0.0096,0.98653
23290364,2,2,0.0018,0.00711,0.99109
37964985,2,2,0.00214,0.02072,0.97714
9749470,2,2,0.00179,0.00887,0.98934
12505214,2,2,0.00174,0.00648,0.99178
5427282,2,2,0.00164,0.00663,0.99173
34123692,2,2,0.00412,0.03283,0.96305
20151074,2,2,0.00325,0.02179,0.97495
41332543,2,2,0.00626,0.10714,0.8866
32400099,2,2,0.04359,0.13385,0.82255
26520467,2,2,0.00324,0.02652,0.97024
12650203,2,2,0.00531,0.01367,0.98102
23695982,2,2,0.0057,0.03541,0.95889
32694176,2,2,0.0014,0.00933,0.98928
5872896,2,2,0.00172,0.00695,0.99134
38143396,2,2,0.00197,0.00939,0.98864
15933908,2,2,0.00255,0.01587,0.98158
18424777,2,2,0.00243,0.01551,0.98206
8330379,2,2,0.00349,0.01303,0.98348
7137205,2,2,0.00177,0.00856,0.98967
15653576,2,2,0.00168,0.01315,0.98517
9281644,2,2,0.00153,0.01136,0.98711
11060444,2,2,0.01049,0.28238,0.70713
8863921,2,1,0.38776,0.5821,0.03014
5500898,2,2,0.0051,0.02384,0.97106
9611810,2,2,0.00186,0.0182,0.97994
9698030,2,2,0.13392,0.13926,0.72682
6674762,2,2,0.00151,0.00739,0.99109
17794390,2,2,0.00132,0.0046,0.99408
18715835,2,2,0.00174,0.00648,0.99178
10939498,2,2,0.0021,0.00509,0.99281
4633513,2,2,0.00235,0.00594,0.99171
6785811,2,2,0.00151,0.00739,0.99109
36060709,2,2,0.00274,0.00694,0.99032
37556409,2,2,0.00183,0.00446,0.99371
21627763,2,2,0.00462,0.04404,0.95134
31281613,2,2,0.00143,0.00423,0.99435
26394574,2,2,0.00188,0.00936,0.98876
4910282,2,0,0.49619,0.45711,0.0467
1487526,2,1,0.06995,0.86903,0.06102
705777,2,2,0.00172,0.01755,0.98073
26519821,2,2,0.00685,0.09554,0.89761
27228646,2,2,0.00525,0.05517,0.93958
8580719,2,2,0.00149,0.00901,0.98951
20010780,2,2,0.00294,0.01249,0.98457
8612264,2,0,0.7784,0.20385,0.01774
18055345,2,2,0.00624,0.0383,0.95546
8495338,2,1,0.075,0.8821,0.0429
31129877,2,2,0.02467,0.0423,0.93303
10537862,2,2,0.00145,0.00498,0.99358
101895,2,2,0.00177,0.00722,0.99101
4591464,2,2,0.00257,0.00618,0.99125
12882074,2,2,0.02995,0.29896,0.67109
27382907,2,2,0.00157,0.00471,0.99372
20868899,2,2,0.00177,0.00962,0.98862
20846081,2,0,0.84661,0.14827,0.00511
4058633,2,2,0.00243,0.01581,0.98176
34189852,2,2,0.02541,0.13955,0.83504
38041254,2,2,0.00177,0.00623,0.992
33781328,2,2,0.00901,0.0131,0.97789
22501075,2,2,0.00291,0.0081,0.98899
14091010,2,2,0.00375,0.01827,0.97798
357716,2,2,0.00493,0.05569,0.93938
14660713,2,2,0.00183,0.00673,0.99144
29335405,2,2,0.00235,0.0185,0.97914
36380815,2,2,0.00197,0.0078,0.99023
41555034,2,2,0.00377,0.0149,0.98133
18276959,2,2,0.02015,0.21198,0.76787
21177667,2,2,0.00188,0.02405,0.97407
20807591,2,2,0.01569,0.04317,0.94114
16158527,2,2,0.00184,0.01465,0.98351
38801037,2,2,0.02504,0.0498,0.92515
3211166,2,2,0.00185,0.00914,0.98901
17780460,2,2,0.01295,0.24049,0.74657
5967799,2,2,0.00406,0.03277,0.96317
28010769,2,1,0.17453,0.80072,0.02475
20738471,2,2,0.00155,0.01227,0.98618
36452948,2,2,0.00281,0.01054,0.98664
17056438,2,2,0.08728,0.10065,0.81207
22758052,2,0,0.98571,0.01285,0.00144
6973415,2,2,0.00402,0.02805,0.96793
14117153,2,2,0.00214,0.00572,0.99215
40074825,2,2,0.00286,0.0113,0.98584
6108044,2,0,0.50516,0.40909,0.08575
6101798,2,2,0.00249,0.00836,0.98915
28165912,2,2,0.00182,0.00936,0.98882
29269608,2,2,0.00265,0.00924,0.98811
33373659,2,2,0.00428,0.04264,0.95308
18440408,2,2,0.00134,0.00546,0.9932
13292992,2,2,0.00325,0.02366,0.9731
9140419,2,2,0.00147,0.00827,0.99026
20011019,2,2,0.00177,0.00856,0.98967
5747315,2,2,0.00286,0.00931,0.98782
37329167,2,2,0.03701,0.17178,0.79121
32377499,2,2,0.00305,0.00829,0.98866
24821094,2,2,0.00169,0.00494,0.99337
21957018,2,2,0.02021,0.32613,0.65367
36759581,2,2,0.00199,0.01662,0.98139
13637555,2,2,0.00224,0.00678,0.99098
8690635,2,2,0.00161,0.00538,0.99301
2573879,2,1,0.0845,0.86514,0.05036
17436513,2,2,0.01256,0.14692,0.84052
10810608,2,2,0.00166,0.00733,0.991
14269705,2,2,0.01476,0.27959,0.70565
17188981,2,2,0.00396,0.01196,0.98408
10106965,2,2,0.00375,0.01848,0.97777
13416679,2,2,0.0038,0.00693,0.98927
23879308,2,2,0.00278,0.02431,0.97292
28076685,2,1,0.03766,0.63193,0.33041
25567676,2,2,0.00133,0.00944,0.98923
39055142,2,2,0.00563,0.03198,0.96239
7381775,2,2,0.00261,0.01007,0.98733
34469989,2,2,0.09198,0.14386,0.76416
2679102,2,2,0.00378,0.02774,0.96848
36035063,2,2,0.00249,0.02279,0.97472
24671965,2,2,0.00396,0.07157,0.92447
8546400,2,2,0.0607,0.05072,0.88857
37303155,2,2,0.01719,0.04441,0.93841
36173460,2,2,0.00162,0.00471,0.99367
29541776,2,2,0.00295,0.02628,0.97077
16606777,2,2,0.01103,0.08473,0.90424
36507197,2,2,0.0039,0.02686,0.96924
9021102,2,2,0.00151,0.00843,0.99006
16460649,2,1,0.07483,0.5422,0.38298
32910756,2,2,0.00483,0.06051,0.93466
823797,2,2,0.00538,0.07477,0.91984
30853117,2,2,0.00893,0.2358,0.75526
26524645,2,2,0.00245,0.01075,0.9868
28180033,2,2,0.00122,0.00663,0.99215
39357335,2,2,0.00182,0.00918,0.989
2877774,2,2,0.0055,0.00981,0.98469
2285325,2,2,0.00148,0.01227,0.98625
8440573,2,2,0.01192,0.02654,0.96154
30369220,2,2,0.05736,0.11931,0.82333
11561226,2,2,0.00418,0.00532,0.9905
32155733,2,2,0.00166,0.00728,0.99106
39243016,2,2,0.00573,0.00802,0.98626
38881295,2,2,0.0014,0.00498,0.99362
1988613,2,2,0.00206,0.01122,0.98672
28164981,2,2,0.00375,0.01827,0.97798
3660275,2,2,0.01106,0.21362,0.77532
36152966,2,2,0.00129,0.00901,0.9897
16735065,2,2,0.00549,0.07062,0.92389
18772318,2,2,0.00277,0.00991,0.98732
41517192,2,1,0.07222,0.86624,0.06154
32061579,2,2,0.00151,0.00643,0.99206
32592459,2,2,0.12186,0.19045,0.68769
30366912,2,2,0.00833,0.04325,0.94842
8112757,2,2,0.00159,0.00789,0.99052
13472852,2,2,0.0014,0.00787,0.99074
33570674,2,2,0.00454,0.03002,0.96544
16573683,2,2,0.00332,0.01725,0.97943
7500445,2,2,0.01379,0.1198,0.86641
25421965,2,1,0.0345,0.62114,0.34437
2486566,2,2,0.01389,0.03479,0.95132
6842789,2,2,0.00493,0.04141,0.95366
24153755,2,2,0.00185,0.00711,0.99104
36539299,2,2,0.00149,0.0059,0.99261
3580457,2,2,0.01237,0.33823,0.64941
27118363,2,2,0.00309,0.01134,0.98557
31325757,2,2,0.04236,0.13302,0.82463
29717121,2,2,0.00246,0.02215,0.9754
33213484,2,2,0.0077,0.05908,0.93322
37545978,2,2,0.00395,0.01536,0.98069
5148950,2,2,0.0025,0.00546,0.99205
28726879,2,2,0.00158,0.01039,0.98803
40847320,2,2,0.0045,0.02279,0.97271
10123650,2,2,0.00247,0.01643,0.9811
24301390,2,2,0.00188,0.00999,0.98813
38313238,2,2,0.01173,0.01964,0.96864
8674136,2,2,0.00118,0.00757,0.99125
38101152,2,2,0.00157,0.01546,0.98297
39767849,2,2,0.00143,0.00525,0.99332
4269418,2,2,0.00132,0.007,0.99168
28179507,2,0,0.58289,0.30716,0.10995
31264035,2,2,0.01895,0.05337,0.92768
31728379,2,1,0.11194,0.71585,0.1722
20928190,2,2,0.00188,0.00904,0.98908
30404749,2,2,0.00898,0.02312,0.96789
23120166,2,2,0.01648,0.40248,0.58104
15567107,2,2,0.00282,0.02344,0.97374
18979533,2,2,0.00694,0.05528,0.93778
30353488,2,2,0.00188,0.00999,0.98813
32082168,2,2,0.002,0.00921,0.98879
26265263,2,2,0.00991,0.06265,0.92744
37041938,2,1,0.02985,0.78188,0.18827
4063219,2,2,0.00372,0.04168,0.9546
37142711,2,0,0.75766,0.18253,0.05981
22960819,2,2,0.00149,0.02217,0.97634
28444316,2,1,0.07784,0.6884,0.23376
17030411,2,2,0.00134,0.00419,0.99447
17098896,2,2,0.00213,0.01084,0.98704
4019102,2,2,0.00742,0.17367,0.8189
17904594,2,2,0.00264,0.01184,0.98552
30919359,2,2,0.00498,0.03012,0.96489
20043611,2,2,0.00514,0.0146,0.98026
26309766,2,2,0.00145,0.00479,0.99377
41101708,2,2,0.04887,0.07466,0.87646
25981619,2,1,0.06853,0.74253,0.18894
28492325,2,2,0.0043,0.00621,0.98948
28378047,2,2,0.00223,0.0089,0.98887
22629009,2,2,0.00149,0.00648,0.99203
18920978,2,2,0.00158,0.00811,0.9903
12159097,2,2,0.0079,0.07922,0.91288
37012636,2,2,0.02938,0.1252,0.84542
18439037,2,2,0.00387,0.03462,0.96152
29253798,2,2,0.002,0.02298,0.97502
8417972,2,2,0.07869,0.3143,0.60701
25204054,2,2,0.0826,0.29745,0.61995
36145803,2,2,0.01436,0.03261,0.95303
20117221,2,2,0.00193,0.01166,0.9864
26343525,2,2,0.0049,0.01742,0.97768
3075852,2,2,0.0019,0.01366,0.98444
15758836,2,2,0.00216,0.0089,0.98894
29547379,2,2,0.00185,0.0094,0.98875
14033897,2,2,0.00156,0.00717,0.99127
33739740,2,2,0.00174,0.00756,0.99069
3645891,2,2,0.00571,0.09281,0.90148
7116657,2,2,0.00166,0.00628,0.99206
2076400,2,2,0.00572,0.04768,0.9466
19121349,2,2,0.00128,0.00498,0.99375
8786585,2,0,0.86731,0.12841,0.00428
26883928,2,2,0.00166,0.00846,0.98988
29083464,2,2,0.00161,0.00759,0.99079
12566234,2,2,0.00151,0.0078,0.99068
24466629,2,2,0.00166,0.00883,0.98951
36396863,2,2,0.00207,0.00762,0.99031
39510163,2,2,0.00437,0.0221,0.97353
10226676,2,2,0.00275,0.01951,0.97774
38319312,2,2,0.00177,0.00648,0.99175
35520771,2,2,0.00161,0.00739,0.991
19076238,2,2,0.00154,0.00467,0.99378
24718998,2,2,0.00859,0.05838,0.93303
36995100,2,2,0.00551,0.0088,0.9857
41340721,2,0,0.47825,0.3603,0.16145
1347624,2,2,0.00161,0.00745,0.99094
14651189,2,2,0.00197,0.00846,0.98957
23609175,2,2,0.00337,0.01813,0.9785
24314344,2,2,0.00875,0.03323,0.95801
29513887,2,2,0.00359,0.01622,0.98019
34677442,2,2,0.00487,0.00687,0.98826
37586666,2,2,0.00683,0.16554,0.82763
26347657,2,1,0.15731,0.65587,0.18681
37084658,2,2,0.00421,0.01297,0.98282
10426222,2,2,0.00206,0.01096,0.98698
29870506,2,2,0.01696,0.03534,0.94771
8680255,2,1,0.06422,0.87616,0.05962
22187877,2,2,0.00446,0.01665,0.97889
7755705,2,2,0.00368,0.00816,0.98817
15891262,2,2,0.00154,0.00572,0.99274
29211616,2,2,0.00428,0.04264,0.95308
32021140,2,2,0.00262,0.00613,0.99126
1403262,2,2,0.0179,0.11303,0.86908
10051441,2,2,0.00731,0.02718,0.96551
16418164,2,2,0.00131,0.00784,0.99085
39938200,2,2,0.00237,0.01153,0.98611
26848590,2,2,0.00186,0.00521,0.99293
8930113,2,1,0.07526,0.84799,0.07675
3050759,2,2,0.03406,0.1278,0.83814
39197535,2,2,0.00242,0.00699,0.99059
19814279,2,2,0.00186,0.00595,0.9922
35847842,2,2,0.00135,0.01072,0.98793
30239972,2,2,0.0064,0.01324,0.98036
24732133,2,2,0.00164,0.00648,0.99188
5354201,2,2,0.02322,0.13887,0.83791
9185530,2,2,0.00237,0.01071,0.98692
12048835,2,2,0.0014,0.006,0.9926
1640116,2,2,0.00198,0.00572,0.9923
41123858,2,2,0.00253,0.00699,0.99047
7861068,2,2,0.00202,0.01569,0.98229
2250932,2,2,0.00126,0.00728,0.99146
17807880,2,2,0.00194,0.00673,0.99132
26150279,2,2,0.0045,0.03855,0.95695
16404293,2,2,0.00196,0.01414,0.9839
8426652,2,2,0.00148,0.01097,0.98754
30783440,2,2,0.00171,0.00827,0.99002
28853532,2,2,0.01335,0.06491,0.92174
8994854,2,2,0.00197,0.00914,0.98889
601776,2,2,0.02034,0.04443,0.93523
25859789,2,2,0.0014,0.00609,0.99251
33159211,2,2,0.00181,0.01377,0.98442
17330785,2,0,0.76884,0.22374,0.00742
32290762,2,2,0.00144,0.01101,0.98755
36449220,2,1,0.02442,0.67573,0.29985
1009710,2,2,0.00204,0.00618,0.99178
22351270,2,2,0.00138,0.00618,0.99244
14421698,2,2,0.27656,0.29724,0.4262
35388268,2,2,0.01221,0.37112,0.61667
17511773,2,1,0.31408,0.34731,0.33861
15211473,2,2,0.00172,0.00695,0.99134
11225621,2,2,0.00625,0.08043,0.91332
21452692,2,2,0.00183,0.01775,0.98042
29352340,2,2,0.01508,0.03704,0.94788
38314184,2,2,0.00555,0.06071,0.93373
1445509,2,2,0.00321,0.01966,0.97714
19832297,2,2,0.002,0.00774,0.99026
22782408,2,2,0.00292,0.02147,0.97561
32193410,2,1,0.03334,0.7767,0.18997
13969965,2,2,0.00136,0.00604,0.9926
1667228,2,2,0.00255,0.01469,0.98276
13898636,2,2,0.00171,0.00808,0.99021
7474205,2,2,0.0022,0.00756,0.99024
27454262,2,2,0.00435,0.02639,0.96926
1399118,2,2,0.00963,0.13713,0.85324
25453355,2,2,0.00334,0.0107,0.98596
33578996,2,2,0.00404,0.00828,0.98768
9925593,2,2,0.00623,0.06936,0.92441
38078227,2,2,0.00142,0.00925,0.98933
9325116,2,2,0.00339,0.04206,0.95455
30071305,2,2,0.00399,0.03484,0.96117
37369367,2,2,0.00238,0.00811,0.98952
4300116,2,2,0.00365,0.01462,0.98173
10895088,2,2,0.00265,0.00738,0.98996
35891059,2,2,0.00151,0.007,0.99148
17848874,2,2,0.00642,0.11207,0.88151
31294388,2,2,0.00174,0.00799,0.99027
10078465,2,2,0.00766,0.14789,0.84445
4888453,2,0,0.41831,0.37278,0.20891
8258723,2,2,0.00227,0.00862,0.98911
34150659,2,2,0.00185,0.01185,0.98631
36534813,2,2,0.00472,0.02358,0.97171
4042779,2,1,0.06019,0.53645,0.40336
32902194,2,2,0.10038,0.09767,0.80195
23320664,2,2,0.00217,0.00711,0.99073
30994564,2,2,0.00305,0.00938,0.98757
34329698,2,2,0.00215,0.01504,0.98281
29101258,2,2,0.00132,0.00595,0.99273
31430084,2,2,0.02873,0.33262,0.63865
7987678,2,2,0.05072,0.08814,0.86114
32930037,2,2,0.17911,0.16957,0.65132
1175103,2,2,0.00164,0.00623,0.99213
30353870,2,2,0.00309,0.00968,0.98723
26919954,2,2,0.00265,0.00804,0.98931
16951593,2,2,0.27282,0.27814,0.44904
16255672,2,2,0.00194,0.00863,0.98943
37247484,2,2,0.00257,0.00856,0.98888
20537002,2,2,0.00216,0.01096,0.98688
2235960,2,2,0.00355,0.02718,0.96927
1462426,2,2,0.00142,0.0094,0.98918
15046345,2,2,0.00441,0.01411,0.98148
5777880,2,2,0.00205,0.01464,0.98331
10946839,2,2,0.0069,0.02308,0.97002
26769278,2,2,0.00553,0.02007,0.97441
24632261,2,2,0.00161,0.00866,0.98973
14460033,2,2,0.00226,0.01345,0.98429
34019420,2,2,0.01085,0.1793,0.80985
29494229,2,2,0.00926,0.14401,0.84673
35769339,2,2,0.17879,0.17295,0.64826
560111,2,2,0.00242,0.00501,0.99257
3020333,2,2,0.00783,0.02178,0.9704
16722888,2,2,0.00473,0.01257,0.9827
21823084,2,2,0.00129,0.00958,0.98912
35952452,2,0,0.65927,0.22067,0.12006
36878555,2,2,0.00149,0.00542,0.99309
16649948,2,2,0.00622,0.07089,0.92289
1897744,2,2,0.0018,0.00559,0.99261
29510040,2,2,0.00378,0.01053,0.98569
40225905,2,2,0.0018,0.00538,0.99282
31823710,2,2,0.00201,0.01858,0.97941
24016186,2,2,0.00144,0.00765,0.9909
14146068,2,1,0.09443,0.83512,0.07045
16014397,2,2,0.00187,0.01246,0.98567
31864523,2,2,0.02638,0.05085,0.92276
23851797,2,2,0.00648,0.00965,0.98388
21797712,2,2,0.00234,0.01042,0.98724
27600674,2,2,0.0036,0.01401,0.98239
26322463,2,1,0.17326,0.77008,0.05666
5865860,2,2,0.00286,0.00889,0.98825
891476,2,2,0.00669,0.0465,0.94682
11258868,2,2,0.00188,0.00999,0.98813
5345800,2,2,0.00222,0.01212,0.98566
21326357,2,2,0.0052,0.03523,0.95958
12682580,2,2,0.026,0.38213,0.59186
40849715,2,2,0.00161,0.00648,0.99191
35380114,2,2,0.00545,0.04846,0.94609
23096769,2,2,0.00433,0.01627,0.9794
22166739,2,2,0.01166,0.26128,0.72706
17495239,2,2,0.00183,0.00501,0.99316
17573510,2,2,0.01068,0.02792,0.9614
30585473,2,2,0.002,0.00897,0.98903
34530109,2,2,0.0018,0.00716,0.99104
4053351,2,2,0.00484,0.01316,0.982
11995136,2,2,0.00207,0.0083,0.98964
14458179,2,2,0.00385,0.02405,0.9721
1573685,2,2,0.04778,0.46403,0.4882
21512312,2,2,0.01086,0.11313,0.87602
4929165,2,2,0.01451,0.38298,0.60251
14453876,2,2,0.0023,0.01157,0.98613
27785249,2,2,0.0024,0.01212,0.98548
22233857,2,2,0.00149,0.00689,0.99162
8473647,2,2,0.00278,0.00613,0.99109
26703120,2,2,0.03768,0.09127,0.87105
36213527,2,2,0.00967,0.04215,0.94818
7063275,2,2,0.00182,0.00799,0.99019
5549330,2,2,0.00311,0.0187,0.97818
27908462,2,2,0.00244,0.01447,0.9831
22067993,2,1,0.11877,0.7477,0.13353
31095074,2,2,0.00573,0.06024,0.93403
3331036,2,2,0.02759,0.23832,0.73409
35550431,2,2,0.00647,0.07785,0.91568
17759036,2,2,0.0055,0.02476,0.96974
13109957,2,2,0.02135,0.03452,0.94412
34114697,2,2,0.00154,0.00538,0.99308
1445981,2,2,0.00177,0.00932,0.98891
33779275,2,2,0.00421,0.01317,0.98262
23091067,2,2,0.00209,0.01371,0.9842
28865163,2,2,0.00939,0.05499,0.93562
40942906,2,2,0.01083,0.03658,0.95259
974852,2,2,0.00227,0.00768,0.99005
32719141,2,2,0.00433,0.00772,0.98795
33540351,2,2,0.00272,0.02912,0.96816
37013199,2,1,0.09597,0.83395,0.07008
3799854,2,2,0.00575,0.01894,0.9753
26118182,2,2,0.00236,0.03172,0.96592
16488610,2,2,0.0024,0.01414,0.98346
2900811,2,1,0.04073,0.52818,0.43109
835910,2,2,0.00237,0.01153,0.98611
2023073,2,2,0.002,0.01027,0.98773
33784911,2,2,0.00336,0.01973,0.97691
4677581,2,2,0.00555,0.03103,0.96342
21436996,2,1,0.43478,0.43819,0.12702
11400995,2,2,0.0034,0.03915,0.95745
5297600,2,2,0.10184,0.21035,0.68781
21794719,2,2,0.00331,0.0187,0.97799
2994843,2,2,0.14036,0.24395,0.61569
30601022,2,2,0.00239,0.02001,0.9776
39441269,2,2,0.00276,0.0282,0.96904
2141824,2,2,0.00163,0.00876,0.9896
2280052,2,2,0.00291,0.00964,0.98745
37707384,2,2,0.00248,0.01274,0.98478
302005,2,2,0.00183,0.00604,0.99213
38966144,2,2,0.0019,0.01594,0.98217
12906808,2,2,0.04007,0.13599,0.82394
38833339,2,2,0.00789,0.05153,0.94058
3504741,2,2,0.00206,0.00988,0.98806
36669152,2,2,0.00835,0.0109,0.98075
19409866,2,2,0.00205,0.01788,0.98007
3953552,2,2,0.02937,0.05695,0.91368
6240180,2,2,0.00185,0.0075,0.99064
4181301,2,2,0.00807,0.04432,0.94761
14095746,2,2,0.00188,0.00786,0.99026
1688578,2,2,0.00841,0.02746,0.96414
2014377,2,2,0.00231,0.01994,0.97775
6610124,2,2,0.00221,0.01681,0.98097
25649659,2,2,0.00144,0.01172,0.98685
25037054,2,2,0.0012,0.00663,0.99217
4164634,2,2,0.00685,0.05255,0.9406
29882183,2,2,0.0032,0.00773,0.98907
22977515,2,2,0.00305,0.00938,0.98757
29483856,2,2,0.00303,0.01318,0.98378
13625950,2,2,0.00144,0.00843,0.99012
8939147,2,2,0.00224,0.021,0.97676
3344539,2,2,0.00583,0.05898,0.93519
38569918,2,2,0.00217,0.01983,0.978
2870014,2,2,0.00174,0.00705,0.9912
6059577,2,2,0.00869,0.03305,0.95826
20424022,2,2,0.00472,0.00821,0.98707
25967447,2,2,0.00151,0.00739,0.99109
39957674,2,2,0.00294,0.01288,0.98418
40313032,2,2,0.004,0.01757,0.97843
3234214,2,2,0.00963,0.03875,0.95163
26564103,2,2,0.00359,0.03097,0.96543
2904064,2,1,0.07442,0.57401,0.35157
3607048,2,2,0.0029,0.01344,0.98366
20912634,2,2,0.00177,0.0055,0.99273
36055321,2,1,0.08532,0.83198,0.0827
15052012,2,2,0.00587,0.0142,0.97993
5447420,2,1,0.21147,0.74972,0.03881
36532801,2,2,0.00178,0.01744,0.98078
39114,2,2,0.01389,0.14002,0.84609
2050265,2,2,0.00612,0.01171,0.98217
39597770,2,2,0.1735,0.37822,0.44827
20389952,2,2,0.00473,0.03531,0.95996
25658424,2,2,0.0018,0.00673,0.99147
29372921,2,2,0.00197,0.00918,0.98885
30249536,2,2,0.00217,0.02249,0.97534
35613119,2,2,0.00204,0.00689,0.99107
16406081,2,2,0.07514,0.30544,0.61942
33647340,2,2,0.00372,0.02785,0.96843
30746823,2,2,0.00353,0.01898,0.97749
13269434,2,2,0.0025,0.01956,0.97794
1006495,2,1,0.20016,0.74258,0.05726
190586,2,2,0.00882,0.10529,0.88589
5339746,2,2,0.01438,0.15009,0.83553
32073452,2,2,0.26154,0.31729,0.42117
27038493,2,2,0.0039,0.01267,0.98343
15652639,2,2,0.00388,0.06102,0.9351
26606326,2,2,0.00191,0.02302,0.97507
24437805,2,2,0.0014,0.00618,0.99241
7054235,2,2,0.00878,0.03075,0.96047
3576712,2,2,0.00143,0.0167,0.98187
23059785,2,2,0.0031,0.00889,0.98802
2488675,2,2,0.0023,0.00856,0.98914
25771196,2,2,0.00183,0.00478,0.99339
36663925,2,1,0.02687,0.64584,0.3273
16259621,2,2,0.00834,0.16691,0.82475
9224667,2,2,0.00424,0.02152,0.97424
26737413,2,2,0.00174,0.0084,0.98986
13790716,2,1,0.03038,0.62465,0.34497
33687983,2,2,0.0038,0.02272,0.97349
24527539,2,2,0.005,0.02776,0.96724
34921390,2,2,0.00219,0.01265,0.98516
25656798,2,1,0.15386,0.79144,0.05471
19796915,2,2,0.01481,0.09718,0.88801
20102529,2,2,0.00292,0.02035,0.97673
12799303,2,2,0.01362,0.18254,0.80384
26195581,2,2,0.2711,0.24112,0.48779
10905936,2,2,0.0037,0.03168,0.96462
17860056,2,2,0.0025,0.02036,0.97714
34568123,2,2,0.00233,0.01371,0.98396
7672533,2,2,0.00548,0.10192,0.8926
17400866,2,2,0.00189,0.00595,0.99217
23902232,2,2,0.00387,0.0775,0.91863
3877658,2,2,0.00853,0.03571,0.95576
31813515,2,2,0.00194,0.00684,0.99122
35736968,2,2,0.00237,0.01153,0.98611
15207415,2,2,0.00313,0.02911,0.96776
29513871,2,2,0.00156,0.00751,0.99093
7055580,2,2,0.00138,0.00751,0.99111
23559843,2,2,0.00156,0.00897,0.98947
39280292,2,2,0.00257,0.00678,0.99065
26626192,2,2,0.00375,0.01827,0.97798
29671171,2,2,0.0036,0.01364,0.98276
18435033,2,2,0.00172,0.0045,0.99378
40394707,2,2,0.00522,0.01613,0.97865
32549562,2,2,0.00502,0.02384,0.97114
11130094,2,2,0.00153,0.00915,0.98932
17087910,2,2,0.00627,0.07731,0.91642
28706605,2,2,0.00338,0.01537,0.98125
1644385,2,2,0.00246,0.0059,0.99165
10805026,2,2,0.00459,0.05003,0.94538
34255648,2,2,0.0024,0.01475,0.98285
34392544,2,2,0.00736,0.02888,0.96376
5665966,2,2,0.00735,0.02255,0.9701
29572315,2,2,0.00359,0.03241,0.964
18635665,2,2,0.00362,0.00875,0.98763
3831444,2,2,0.00233,0.01226,0.98541
15008014,2,2,0.00146,0.00951,0.98903
13200899,2,2,0.02297,0.05218,0.92485
12118985,2,2,0.03593,0.24796,0.7161
10028477,2,2,0.01343,0.11589,0.87068
33087041,2,2,0.00969,0.07658,0.91374
6569301,2,2,0.0029,0.01303,0.98407
28853649,2,2,0.00226,0.01007,0.98767
34688609,2,2,0.0029,0.01038,0.98672
20435710,2,1,0.1175,0.71418,0.16831
21947545,2,2,0.00282,0.00761,0.98956
40942633,2,2,0.00159,0.0059,0.99251
15922383,2,2,0.00179,0.01092,0.98728
18258834,2,2,0.0193,0.47121,0.5095
7783768,2,2,0.00492,0.11361,0.88147
23984759,2,2,0.00374,0.02113,0.97513
5881715,2,1,0.06142,0.66547,0.27311
13716676,2,2,0.00296,0.00727,0.98977
18832210,2,2,0.00374,0.02254,0.97372
21385165,2,2,0.00527,0.05123,0.9435
40624765,2,2,0.00597,0.03655,0.95748
9065490,2,2,0.00505,0.0088,0.98614
7276001,2,2,0.01186,0.11698,0.87116
27293501,2,2,0.00244,0.01521,0.98235
23366405,2,2,0.0025,0.01986,0.97764
24635556,2,2,0.00138,0.00894,0.98969
2985442,2,2,0.00417,0.02161,0.97422
1200625,2,2,0.00233,0.01105,0.98662
16720703,2,2,0.00162,0.01859,0.97979
2201488,2,2,0.00277,0.01193,0.9853
2035485,2,2,0.00147,0.00568,0.99285
11903071,2,2,0.00249,0.00946,0.98805
4054831,2,2,0.0081,0.06975,0.92215
9676590,2,2,0.00154,0.00728,0.99118
14838514,2,2,0.00325,0.06672,0.93003
28082788,2,2,0.00375,0.01827,0.97798
39029276,2,2,0.00444,0.00626,0.9893
30246446,2,2,0.00197,0.00863,0.9894
35184106,2,2,0.0055,0.02581,0.96869
14719724,2,2,0.00773,0.02615,0.96612
28525941,2,2,0.00236,0.01458,0.98306
19986640,2,2,0.00164,0.00432,0.99403
32948273,2,2,0.00364,0.01876,0.9776
17906614,2,2,0.00242,0.00733,0.99026
27200789,2,2,0.00179,0.01003,0.98817
37469205,2,2,0.00208,0.01721,0.98071
29468315,2,2,0.00191,0.00678,0.9913
39202773,2,2,0.0028,0.01611,0.98109
33043208,2,2,0.00967,0.0785,0.91184
8706062,2,2,0.00201,0.00599,0.992
30861920,2,2,0.04007,0.07953,0.88041
21637692,2,2,0.00966,0.02827,0.96208
18446926,2,2,0.00334,0.01014,0.98652
31539761,2,2,0.00253,0.0075,0.98997
17087933,2,2,0.00145,0.00433,0.99423
34595588,2,2,0.00223,0.00811,0.98966
11477452,2,2,0.02688,0.18766,0.78546
22344475,2,2,0.00923,0.01204,0.97874
6992273,2,2,0.01278,0.42654,0.56068
14354804,2,2,0.00319,0.04048,0.95633
37249135,2,2,0.0023,0.01088,0.98682
14729838,2,2,0.00131,0.00955,0.98914
13167616,2,2,0.00216,0.01189,0.98595
30261046,2,2,0.00169,0.00808,0.99023
14090180,2,2,0.02375,0.36858,0.60768
38843858,2,2,0.00136,0.00818,0.99047
34664207,2,2,0.00219,0.0125,0.98531
38778879,2,2,0.00249,0.02493,0.97259
32094178,2,2,0.00737,0.11392,0.87871
7243714,2,1,0.02405,0.7482,0.22774
39882611,2,2,0.00252,0.01067,0.98681
9173509,2,2,0.02342,0.31331,0.66327
11699251,2,2,0.00221,0.00471,0.99309
17661961,2,2,0.00215,0.01289,0.98495
28570598,2,2,0.00295,0.01206,0.98499
19827908,2,2,0.00298,0.01592,0.9811
16885038,2,2,0.00207,0.00833,0.9896
30320605,2,2,0.00832,0.01472,0.97696
33618457,2,2,0.00191,0.01063,0.98746
32916297,2,2,0.01175,0.01037,0.97789
5746318,2,2,0.00186,0.00599,0.99215
11379046,2,2,0.02277,0.09551,0.88172
8927329,2,2,0.04893,0.09052,0.86055
8694869,2,2,0.00269,0.00738,0.98992
19118637,2,2,0.00166,0.00618,0.99215
6233297,2,2,0.00226,0.01067,0.98707
40960353,2,2,0.00188,0.00999,0.98813
26847126,2,2,0.00315,0.00862,0.98824
29378624,2,2,0.00182,0.01097,0.98721
40564228,2,2,0.01342,0.03061,0.95597
14204119,2,2,0.0014,0.00446,0.99413
30296856,2,2,0.00173,0.01153,0.98673
14064502,2,2,0.00194,0.02271,0.97534
23489272,2,2,0.00392,0.03789,0.9582
15396745,2,2,0.00614,0.01694,0.97692
21274144,2,2,0.00222,0.01212,0.98566
17075366,2,2,0.0049,0.046,0.9491
8653966,2,2,0.00207,0.00608,0.99184
12756986,2,2,0.00253,0.02386,0.97361
11061857,2,2,0.03363,0.37018,0.59619
36687889,2,2,0.00189,0.00546,0.99265
18945464,2,2,0.00124,0.00658,0.99218
13227635,2,0,0.95905,0.03921,0.00174
38618321,2,2,0.00634,0.01527,0.97839
17934960,2,2,0.00162,0.01663,0.98175
4003326,2,2,0.00784,0.08618,0.90598
19819069,2,2,0.00133,0.00824,0.99042
35796120,2,2,0.00177,0.00546,0.99277
38820448,2,2,0.00236,0.01649,0.98115
28526405,2,2,0.00149,0.00757,0.99094
22989502,2,2,0.00197,0.00999,0.98804
2054312,2,2,0.00215,0.01371,0.98413
9547341,2,2,0.00383,0.01396,0.98221
17383140,2,2,0.01309,0.07606,0.91085
34492647,2,2,0.07384,0.10073,0.82544
4877771,2,2,0.00221,0.01701,0.98078
6937853,2,2,0.00228,0.00497,0.99275
4615842,2,2,0.00265,0.00792,0.98943
38447717,2,2,0.00177,0.00623,0.992
28979433,2,2,0.00204,0.00413,0.99383
21417834,2,2,0.01005,0.01975,0.97021
14645164,2,2,0.01488,0.17885,0.80627
24129407,2,2,0.00237,0.01221,0.98542
30462364,2,2,0.0043,0.05178,0.94391
2449344,2,2,0.00319,0.01054,0.98627
29635599,2,2,0.00238,0.00792,0.9897
39681812,2,2,0.00169,0.00559,0.99272
8620722,2,2,0.02901,0.19292,0.77807
18456474,2,2,0.00403,0.01053,0.98544
2881390,2,2,0.0023,0.00862,0.98907
34334947,2,2,0.0023,0.00972,0.98798
35933434,2,2,0.00122,0.00538,0.9934
9497577,2,2,0.00142,0.00581,0.99276
37356955,2,2,0.0029,0.01038,0.98672
25371447,2,2,0.00222,0.01314,0.98464
31272301,2,2,0.00422,0.01155,0.98424
34921916,2,2,0.00323,0.01413,0.98265
24516883,2,2,0.00122,0.00679,0.99199
32707032,2,1,0.10312,0.8736,0.02328
1981419,2,2,0.00214,0.00599,0.99187
30070436,2,2,0.00683,0.02598,0.96719
11063175,2,2,0.00214,0.00546,0.99241
25972601,2,2,0.00206,0.00886,0.98907
36046920,2,1,0.14123,0.80602,0.05275
3880904,2,2,0.00161,0.0084,0.98999
14122789,2,2,0.0041,0.03889,0.95701
35628548,2,2,0.00188,0.0078,0.99032
28432790,2,2,0.00172,0.00695,0.99134
32613319,2,2,0.00342,0.01786,0.97872
38842610,2,2,0.0021,0.00678,0.99112
8369319,2,2,0.00171,0.00984,0.98845
11623591,2,2,0.00384,0.02566,0.97049
34422953,2,2,0.00144,0.00717,0.99139
34998242,2,2,0.00135,0.00988,0.98876
18000909,2,2,0.00174,0.00768,0.99058
20119542,2,2,0.00427,0.01363,0.9821
11444501,2,2,0.00133,0.0094,0.98927
13731320,2,2,0.00169,0.00648,0.99183
15082360,2,2,0.00263,0.01767,0.97971
16035900,2,1,0.16735,0.58524,0.24741
17026486,2,2,0.00434,0.01267,0.98299
35765990,2,2,0.00182,0.00887,0.98931
29197843,2,1,0.03738,0.81188,0.15073
30208170,2,2,0.00198,0.01964,0.97838
12772437,2,2,0.10156,0.43431,0.46413
19157617,2,2,0.00764,0.06728,0.92509
12364955,2,2,0.00453,0.01645,0.97901
1406655,2,2,0.01921,0.04067,0.94012
8175969,2,2,0.00558,0.01136,0.98307
36183175,2,2,0.00675,0.05268,0.94058
26392764,2,2,0.00177,0.00604,0.99219
6546735,2,2,0.00193,0.01522,0.98285
35312784,2,2,0.00472,0.03729,0.95799
15123917,2,2,0.00662,0.05576,0.93762
19040918,2,2,0.00171,0.0098,0.98848
24515498,2,2,0.00848,0.04173,0.94979
8044754,2,2,0.00287,0.03698,0.96015
4095986,2,2,0.00142,0.00824,0.99034
28562553,2,2,0.00136,0.007,0.99164
7935165,2,2,0.00581,0.07644,0.91775
30021124,2,2,0.09227,0.11687,0.79087
18633132,2,2,0.0027,0.00673,0.99058
24605245,2,2,0.00255,0.01562,0.98183
5292592,2,2,0.07168,0.03966,0.88866
26003707,2,1,0.05294,0.60587,0.34119
40363206,2,2,0.00144,0.00877,0.98979
38139305,2,2,0.00209,0.01289,0.98502
7800693,2,2,0.00145,0.00643,0.99213
39862446,2,2,0.00237,0.01071,0.98692
21327075,2,2,0.00185,0.0114,0.98676
13870005,2,0,0.81164,0.09694,0.09142
18145201,2,0,0.96188,0.03562,0.0025
4829846,2,2,0.00544,0.03542,0.95914
17557937,2,2,0.00342,0.01718,0.97939
10661696,2,2,0.00333,0.00545,0.99122
37377741,2,2,0.00325,0.00657,0.99018
10798445,2,2,0.16379,0.2406,0.59561
38063699,2,2,0.00275,0.01746,0.97979
13844282,2,2,0.00216,0.00849,0.98934
40719441,2,2,0.00491,0.04502,0.95007
22043704,2,2,0.00717,0.03913,0.9537
32433843,2,2,0.00829,0.13321,0.85851
21108710,2,2,0.00214,0.00628,0.99159
16718568,2,2,0.03097,0.36141,0.60762
28316024,2,2,0.02088,0.3878,0.59132
41434132,2,2,0.00132,0.00653,0.99215
39292564,2,2,0.08141,0.25795,0.66064
15690771,2,2,0.00212,0.01157,0.9863
29174471,2,2,0.00971,0.10283,0.88746
9130794,2,1,0.03368,0.59705,0.36927
39620046,2,2,0.00174,0.00992,0.98834
24486555,2,2,0.00433,0.01554,0.98013
14448598,2,2,0.00142,0.00577,0.99281
34303893,2,2,0.00149,0.00793,0.99058
27027368,2,2,0.00231,0.00739,0.99031
35780916,2,2,0.00506,0.0079,0.98704
21576510,2,2,0.00361,0.01147,0.98493
35434349,2,0,0.38747,0.36756,0.24497
13133253,2,2,0.00246,0.0193,0.97824
16788238,2,2,0.00385,0.00835,0.9878
15246544,2,2,0.00292,0.00489,0.99219
29181735,2,2,0.00171,0.00856,0.98972
10225601,2,2,0.00136,0.00731,0.99134
32081568,2,2,0.00272,0.01538,0.9819
4478858,2,2,0.00206,0.01039,0.98755
10488932,2,2,0.00272,0.01254,0.98473
28162005,2,2,0.0036,0.01312,0.98327
26494318,2,2,0.00157,0.00494,0.9935
24924842,2,2,0.00146,0.0089,0.98963
37316811,2,2,0.00676,0.05097,0.94227
23818555,2,2,0.02355,0.1397,0.83675
12001139,2,2,0.00142,0.00559,0.99299
10765851,2,1,0.0552,0.80487,0.13993
2129068,2,2,0.02508,0.05574,0.91918
19256364,2,1,0.27221,0.64163,0.08616
39590609,2,2,0.00217,0.00739,0.99045
37686776,2,2,0.00224,0.00678,0.99098
31574669,2,2,0.00639,0.04578,0.94783
36380713,2,2,0.00306,0.02139,0.97556
5835584,2,2,0.00226,0.01118,0.98656
26548868,2,2,0.00199,0.0131,0.98491
32719320,2,2,0.004,0.01672,0.97928
29575130,2,2,0.00174,0.00977,0.9885
29052202,2,2,0.00601,0.19381,0.80018
20792553,2,2,0.05097,0.05259,0.89644
8085524,2,2,0.00316,0.02011,0.97673
33074285,2,2,0.00145,0.00614,0.99242
19056067,2,2,0.00766,0.03474,0.95759
716363,2,2,0.00251,0.01425,0.98324
36771085,2,2,0.00273,0.0253,0.97197
6229722,2,2,0.00134,0.00391,0.99475
38294285,2,2,0.00177,0.0088,0.98944
23050744,2,2,0.00358,0.03495,0.96147
23776638,2,2,0.00127,0.00897,0.98975
38899918,2,2,0.05946,0.07695,0.86359
27693077,2,2,0.00465,0.10882,0.88653
13982803,2,2,0.00469,0.01286,0.98245
28226861,2,2,0.00201,0.00546,0.99253
12230994,2,2,0.00327,0.03227,0.96446
30530190,2,2,0.00185,0.00962,0.98853
22630705,2,2,0.00241,0.00798,0.9896
10609111,2,2,0.00132,0.0059,0.99278
26265593,2,2,0.00185,0.01019,0.98796
19011435,2,2,0.00179,0.01194,0.98627
19296378,2,2,0.04741,0.04741,0.90517
27073245,2,2,0.00423,0.03896,0.95682
16158116,2,2,0.02054,0.07121,0.90825
27791589,2,2,0.00273,0.02608,0.97119
598829,2,2,0.00152,0.0059,0.99258
9074697,2,2,0.00112,0.00781,0.99107
21509703,2,2,0.00439,0.01743,0.97818
40284074,2,2,0.00305,0.00983,0.98712
17314558,2,2,0.00131,0.00958,0.9891
40000467,2,2,0.00356,0.01053,0.98591
21291400,2,2,0.00314,0.00924,0.98762
23247249,2,2,0.00173,0.0118,0.98646
1905311,2,2,0.00176,0.00988,0.98835
1389168,2,2,0.00444,0.02279,0.97278
40222696,2,2,0.00309,0.00968,0.98723
40654273,2,2,0.00223,0.01189,0.98589
39798254,2,2,0.00183,0.00613,0.99204
29413196,2,2,0.00463,0.02564,0.96973
36442403,2,2,0.00828,0.03433,0.95738
4679341,2,2,0.0021,0.00668,0.99122
27682094,2,2,0.00145,0.00604,0.99251
7721102,2,1,0.32319,0.54976,0.12706
31861656,2,1,0.13106,0.80443,0.0645
20728435,2,2,0.0022,0.00756,0.99024
24081133,2,2,0.0028,0.01642,0.98078
3380909,2,2,0.00324,0.02578,0.97099
29760806,2,1,0.04225,0.8035,0.15425
20094251,2,2,0.04125,0.03089,0.92786
38756553,2,2,0.00428,0.04264,0.95308
13928638,2,2,0.01216,0.19936,0.78848
18674335,2,2,0.00174,0.00609,0.99217
38471799,2,2,0.01232,0.2544,0.73327
33372921,2,2,0.0018,0.00568,0.99252
17946500,2,2,0.00146,0.00929,0.98925
5576062,2,2,0.00136,0.00717,0.99148
16568476,2,2,0.05535,0.17461,0.77004
33187593,2,2,0.0274,0.13337,0.83923
13067052,2,2,0.00382,0.03277,0.96341
2132787,2,2,0.00263,0.03086,0.96651
5300604,2,2,0.01339,0.09805,0.88856
32159325,2,2,0.00208,0.01612,0.9818
22282830,2,2,0.05985,0.41705,0.5231
16088863,2,2,0.00142,0.00614,0.99244
12435222,2,2,0.00166,0.00595,0.99239
27235045,2,2,0.00362,0.00797,0.98841
1321497,2,2,0.0029,0.01066,0.98643
30351683,2,2,0.0025,0.00482,0.99268
568602,2,2,0.18715,0.25957,0.55328
34185334,2,2,0.03256,0.11448,0.85296
151741,2,2,0.00611,0.01414,0.97975
4778798,2,2,0.00206,0.00961,0.98832
278708,2,2,0.00552,0.05175,0.94273
37216919,2,2,0.00627,0.0481,0.94562
21976099,2,2,0.00154,0.00546,0.993
9938398,2,2,0.00188,0.007,0.99112
7478524,2,2,0.04107,0.42631,0.53262
19188149,2,2,0.00114,0.00728,0.99158
19537585,2,1,0.07243,0.48731,0.44025
8315218,2,2,0.00428,0.01146,0.98426
34760689,2,2,0.01457,0.11163,0.87379
29657019,2,2,0.00207,0.00546,0.99247
30194247,2,2,0.00597,0.03621,0.95782
33484278,2,2,0.00555,0.06071,0.93373
16259349,2,2,0.00194,0.00827,0.98979
38889250,2,2,0.00271,0.01648,0.9808
32454946,2,2,0.02169,0.07017,0.90814
20988944,2,2,0.02339,0.32931,0.64729
4952485,2,2,0.01204,0.16955,0.81841
25170956,2,2,0.0024,0.01441,0.98319
37369291,2,2,0.00183,0.00568,0.9925
35134611,2,2,0.00792,0.03233,0.95975
29791948,2,1,0.08986,0.64604,0.2641
22356321,2,2,0.00149,0.00439,0.99411
1998119,2,2,0.00237,0.01022,0.9874
41485543,2,2,0.02723,0.28149,0.69128
25918338,2,2,0.0052,0.01984,0.97496
3189719,2,2,0.00866,0.12146,0.86988
40352333,2,2,0.19654,0.15397,0.64949
27517048,2,0,0.92265,0.07427,0.00308
27146602,2,2,0.04765,0.0568,0.89555
30031015,2,2,0.00606,0.03662,0.95732
38319861,2,2,0.00446,0.03313,0.96242
18527918,2,2,0.12058,0.19091,0.68851
13337406,2,2,0.00202,0.0142,0.98378
23135492,2,2,0.00605,0.00747,0.98647
7255783,2,2,0.00284,0.03287,0.96429
16058740,2,2,0.00226,0.01126,0.98648
32090866,2,2,0.00226,0.01118,0.98656
13468940,2,2,0.00649,0.04582,0.94769
1286976,2,2,0.00192,0.00609,0.992
25850354,2,2,0.00204,0.00705,0.99091
33056491,2,2,0.00154,0.00542,0.99304
162449,2,2,0.00382,0.01628,0.9799
12820106,2,1,0.0627,0.82595,0.11134
36113027,2,2,0.00314,0.02642,0.97044
4868037,2,2,0.00942,0.12906,0.86152
25557506,2,1,0.07855,0.75695,0.1645
18703659,2,2,0.0032,0.00647,0.99033
33688679,2,2,0.00413,0.00937,0.9865
34820678,2,2,0.03918,0.0965,0.86432
16381619,2,1,0.04638,0.79067,0.16294
22283728,2,2,0.00574,0.02976,0.96451
21450012,2,2,0.00423,0.05265,0.94312
1634926,2,2,0.00151,0.0087,0.98979
21969259,2,2,0.00891,0.11044,0.88065
25647918,2,1,0.05256,0.87185,0.07559
23581674,2,2,0.00286,0.0244,0.97274
7735822,2,2,0.07546,0.17717,0.74737
3538070,2,2,0.00187,0.01546,0.98268
39003342,2,2,0.00351,0.02312,0.97337
21753549,2,2,0.00231,0.00762,0.99008
13831902,2,2,0.0018,0.00542,0.99278
31169697,2,2,0.00227,0.00733,0.9904
30555609,2,2,0.01422,0.05636,0.92941
28126963,2,2,0.00122,0.00546,0.99332
32432542,2,2,0.00206,0.01217,0.98577
12723465,2,2,0.00224,0.0046,0.99316
6655303,2,2,0.00171,0.00796,0.99033
7887813,2,2,0.0072,0.02718,0.96562
12517698,2,1,0.15147,0.44868,0.39985
7384130,2,2,0.00177,0.00623,0.992
10339094,2,2,0.00196,0.01425,0.98379
17040595,2,2,0.00343,0.01473,0.98183
40607976,2,2,0.0044,0.01524,0.98036
26554968,2,2,0.00188,0.0083,0.98982
29280591,2,2,0.015,0.02003,0.96497
14473901,2,2,0.00298,0.03024,0.96678
2705473,2,2,0.00268,0.01245,0.98487
34897604,2,2,0.00204,0.02104,0.97692
26486589,2,2,0.00291,0.00882,0.98827
1487846,2,2,0.00324,0.01046,0.98631
36860438,2,2,0.00334,0.02662,0.97004
38482513,2,2,0.00361,0.01116,0.98523
32839900,2,2,0.0028,0.03002,0.96718
39846321,2,2,0.01266,0.19802,0.78932
24579403,2,1,0.15624,0.69204,0.15172
31647172,2,2,0.01721,0.25095,0.73184
25197840,2,2,0.00795,0.14205,0.85
31309700,2,2,0.00287,0.02051,0.97662
28042175,2,1,0.03003,0.79288,0.17709
37580715,2,2,0.00266,0.03401,0.96333
12204910,2,2,0.00169,0.00811,0.9902
21885825,2,2,0.00177,0.00856,0.98967
11675097,2,2,0.00898,0.06034,0.93067
19060774,2,2,0.00476,0.01432,0.98092
7241172,2,2,0.00301,0.03642,0.96057
9156927,2,2,0.01121,0.15233,0.83646
1801762,2,2,0.00531,0.01459,0.9801
34571966,2,1,0.1008,0.82925,0.06996
1616967,2,2,0.00597,0.12179,0.87224
4434822,2,2,0.00202,0.01618,0.9818
34362121,2,2,0.00729,0.01531,0.9774
38585353,2,2,0.00397,0.00945,0.98658
25061424,2,1,0.26859,0.57868,0.15274
8872326,2,2,0.00295,0.0411,0.95595
14545412,2,2,0.00538,0.01588,0.97874
24415755,2,2,0.00384,0.02671,0.96945
2389877,2,2,0.07771,0.4234,0.49889
27461413,2,2,0.00186,0.01827,0.97987
27668305,2,2,0.00398,0.02145,0.97457
34790825,2,2,0.00213,0.0075,0.99036
23917089,2,2,0.01614,0.08158,0.90228
38188580,2,2,0.03698,0.20266,0.76036
34365928,2,2,0.00446,0.04639,0.94915
8205849,2,2,0.00217,0.02009,0.97773
27995006,2,2,0.0022,0.02112,0.97668
30391323,2,2,0.00377,0.01549,0.98075
30324967,2,2,0.00217,0.00694,0.99089
36924365,2,2,0.00249,0.00744,0.99007
3657337,2,2,0.00138,0.00668,0.99194
38622149,2,2,0.00167,0.00471,0.99362
34067883,2,2,0.00207,0.00774,0.99019
24889949,2,2,0.00369,0.03456,0.96175
7357174,2,2,0.00164,0.00728,0.99109
39561980,2,2,0.0025,0.01937,0.97813
35917169,2,2,0.00317,0.01555,0.98127
24381496,2,2,0.00201,0.00638,0.99162
29505446,2,2,0.00435,0.04136,0.95429
26610621,2,2,0.00262,0.02067,0.97671
36160216,2,2,0.01365,0.01431,0.97204
12888039,2,2,0.00156,0.00604,0.9924
7919160,2,0,0.86311,0.12829,0.00859
25060216,2,2,0.00163,0.01305,0.98532
28698130,2,2,0.00288,0.04919,0.94793
8768653,2,0,0.97718,0.0202,0.00262
1319602,2,2,0.00212,0.01325,0.98463
28261655,2,2,0.00828,0.01141,0.9803
1463010,2,2,0.00176,0.01246,0.98578
27292727,2,2,0.00176,0.01236,0.98588
12205851,2,2,0.00383,0.01423,0.98194
13541831,2,2,0.00159,0.00628,0.99213
10490560,2,2,0.00751,0.05434,0.93815
29874097,2,2,0.02267,0.09261,0.88471
33214408,2,2,0.00207,0.00689,0.99104
23616343,2,1,0.14013,0.6075,0.25238
11771553,2,2,0.00696,0.01463,0.97841
41619723,2,2,0.00153,0.01432,0.98416
8998968,2,2,0.00144,0.01266,0.98591
1579840,2,2,0.00182,0.00756,0.99061
34227939,2,2,0.00138,0.00706,0.99156
16575156,2,2,0.00188,0.00999,0.98813
7477283,2,2,0.00242,0.00774,0.98985
37916144,2,2,0.00135,0.00884,0.98981
18855938,2,2,0.00339,0.02567,0.97093
6422942,2,2,0.0025,0.03569,0.96181
34733615,2,2,0.00305,0.0075,0.98945
4364578,2,2,0.00212,0.01366,0.98422
14236517,2,2,0.00434,0.01461,0.98106
473162,2,1,0.02948,0.60143,0.36909
26779352,2,2,0.00185,0.00768,0.99047
20473854,2,2,0.01475,0.0291,0.95615
15225402,2,2,0.00114,0.00687,0.99199
12176418,2,2,0.00477,0.02704,0.96819
12677033,2,2,0.00235,0.00618,0.99148
37028783,2,1,0.19994,0.70237,0.09769
5611499,2,2,0.00116,0.00623,0.9926
11877856,2,2,0.00703,0.02813,0.96484
30742633,2,1,0.18107,0.63572,0.18321
16460254,2,2,0.01047,0.11795,0.87158
13166260,2,2,0.0014,0.00555,0.99305
7641709,2,2,0.00292,0.00512,0.99196
5241428,2,2,0.00305,0.00842,0.98853
15011708,2,2,0.00573,0.0891,0.90517
30889707,2,2,0.00298,0.03041,0.96661
38547137,2,2,0.00689,0.06148,0.93163
19070653,2,2,0.0245,0.01968,0.95582
10152261,2,2,0.00194,0.00918,0.98888
11473421,2,2,0.00154,0.00379,0.99467
4901619,2,2,0.00151,0.01227,0.98622
14190667,2,2,0.003,0.00767,0.98932
16225845,2,2,0.03237,0.45738,0.51025
1636285,2,2,0.00172,0.00643,0.99186
19663169,2,2,0.0045,0.02327,0.97223
10434763,2,2,0.00353,0.03241,0.96406
8698636,2,2,0.0042,0.0153,0.9805
30536827,2,2,0.00216,0.01043,0.98741
9946260,2,2,0.0012,0.00778,0.99103
486767,2,2,0.0138,0.14552,0.84068
37030737,2,2,0.00383,0.01428,0.98189
4152527,2,2,0.00838,0.13638,0.85524
2407255,2,2,0.01077,0.09283,0.8964
10993264,2,2,0.00242,0.01952,0.97805
14425086,2,2,0.00161,0.01031,0.98808
37516508,2,2,0.00584,0.02806,0.96611
9122621,2,2,0.00428,0.02821,0.96752
29536824,2,2,0.00345,0.00924,0.98731
6120115,2,2,0.00428,0.04264,0.95308
34625773,2,2,0.00241,0.00928,0.98831
3345016,2,2,0.00479,0.00784,0.98737
11594947,2,2,0.0014,0.00689,0.99171
22077307,2,2,0.00253,0.00976,0.98771
38964666,2,2,0.00126,0.00453,0.99421
33541901,2,2,0.00147,0.00467,0.99385
39596070,2,2,0.00149,0.0049,0.99361
958930,2,2,0.01177,0.03113,0.9571
4421519,2,2,0.00166,0.00679,0.99155
6199155,2,2,0.00255,0.0158,0.98164
15143827,2,2,0.00126,0.00619,0.99256
30573622,2,2,0.002,0.01027,0.98773
33992071,2,2,0.00134,0.00529,0.99337
19865273,2,2,0.03741,0.18128,0.78131
1831960,2,2,0.00448,0.01384,0.98168
7467796,2,2,0.00617,0.06329,0.93053
470295,2,2,0.00477,0.02756,0.96767
26572696,2,2,0.00159,0.00668,0.99173
23741539,2,2,0.00188,0.01088,0.98724
36965697,2,2,0.00247,0.01475,0.98278
2600142,2,2,0.00269,0.0103,0.98701
35585878,2,2,0.04307,0.09189,0.86504
12225900,2,2,0.0018,0.00609,0.99211
19646176,2,2,0.00337,0.01856,0.97808
6824222,2,2,0.00115,0.00498,0.99388
19930884,2,2,0.00138,0.00719,0.99143
41252229,2,2,0.00212,0.01403,0.98385
1743518,2,2,0.00269,0.02511,0.9722
14879570,2,2,0.00147,0.00873,0.9898
666394,2,2,0.00156,0.00517,0.99326
15219582,2,2,0.0079,0.1611,0.83101
14052643,2,2,0.00149,0.00774,0.99077
6740272,2,2,0.00195,0.00471,0.99334
21767226,2,2,0.00327,0.03169,0.96504
26918198,2,2,0.00191,0.00716,0.99092
26245975,2,2,0.00194,0.00774,0.99032
23164406,2,2,0.00248,0.0124,0.98512
4503420,2,2,0.16882,0.20514,0.62604
6636481,2,2,0.00572,0.06236,0.93192
27924282,2,2,0.00331,0.03477,0.96192
10969391,2,1,0.04993,0.74531,0.20475
39175295,2,2,0.00189,0.01724,0.98086
7187233,2,2,0.00211,0.01781,0.98008
27530015,2,2,0.00156,0.00577,0.99267
3113719,2,2,0.02099,0.24493,0.73408
39223650,2,2,0.00551,0.01576,0.97873
37845937,2,2,0.00246,0.00563,0.99191
35092925,2,2,0.01604,0.07314,0.91082
11429056,2,2,0.00234,0.00657,0.99108
28294096,2,2,0.01076,0.05072,0.93852
9494193,2,2,0.00626,0.02799,0.96575
23806003,2,2,0.0038,0.03578,0.96042
12367977,2,2,0.00233,0.0143,0.98337
37372330,2,2,0.02452,0.28621,0.68927
24845622,2,2,0.0012,0.00479,0.99401
22358098,2,2,0.00214,0.00604,0.99183
2268547,2,2,0.00197,0.00786,0.99017
15471362,2,2,0.00248,0.01304,0.98448
33584372,2,2,0.00562,0.06438,0.93
5868644,2,1,0.06246,0.60189,0.33566
23939315,2,2,0.00237,0.01153,0.98611
6332528,2,2,0.01498,0.11442,0.8706
17533475,2,2,0.00483,0.0086,0.98657
1907702,2,2,0.00126,0.00559,0.99315
11128827,2,2,0.00294,0.01486,0.98221
39515968,2,2,0.00273,0.01014,0.98713
1494227,2,2,0.00174,0.0084,0.98986
24325338,2,2,0.20573,0.20764,0.58663
13811428,2,2,0.00194,0.00984,0.98822
12451562,2,2,0.03681,0.09871,0.86447
26018158,2,2,0.01003,0.05095,0.93902
31550571,2,2,0.00398,0.00704,0.98898
19968233,2,2,0.00187,0.01437,0.98376
9352067,2,2,0.00213,0.00817,0.9897
38758316,2,2,0.01304,0.08697,0.89999
8764497,2,2,0.00373,0.02433,0.97194
33832598,2,2,0.00153,0.00897,0.98949
10952907,2,2,0.00253,0.0078,0.98967
22664305,2,2,0.00385,0.05317,0.94297
31852665,2,2,0.01375,0.07344,0.91281
24446784,2,2,0.00328,0.05762,0.9391
33551916,2,2,0.00137,0.01,0.98863
12553814,2,2,0.014,0.02751,0.95849
14547541,2,2,0.11366,0.15384,0.7325
18901213,2,2,0.00693,0.02647,0.96659
35528940,2,2,0.00569,0.02267,0.97164
34016653,2,2,0.00226,0.01207,0.98567
18884976,2,2,0.00383,0.0138,0.98237
25997591,2,2,0.00174,0.00739,0.99087
7353905,2,2,0.00175,0.00538,0.99288
38983213,2,2,0.0018,0.00426,0.99394
8476862,2,1,0.03189,0.52274,0.44538
31708390,2,2,0.00609,0.0905,0.90341
8330381,2,2,0.00595,0.06938,0.92467
12881948,2,2,0.00204,0.00642,0.99154
9034605,2,2,0.20909,0.29805,0.49285
3977414,2,2,0.00528,0.01992,0.9748
30033280,2,2,0.00322,0.01712,0.97966
19035383,2,2,0.00383,0.02948,0.96669
6465904,2,2,0.00313,0.01278,0.98409
16768957,2,2,0.06383,0.11159,0.82457
5632542,2,2,0.00163,0.00973,0.98864
10856837,2,2,0.00209,0.01361,0.9843
4711618,2,1,0.37625,0.47841,0.14534
4747589,2,2,0.00138,0.0084,0.99022
23558317,2,1,0.07506,0.88453,0.04041
5876712,2,1,0.33205,0.63507,0.03288
6123231,2,2,0.00207,0.00798,0.98995
19289588,2,2,0.01032,0.07528,0.9144
21226532,2,2,0.00291,0.00773,0.98935
15136166,2,1,0.10309,0.86318,0.03373
12115375,2,2,0.00158,0.00984,0.98857
30716742,2,2,0.03838,0.12814,0.83348
16875924,2,2,0.00197,0.01007,0.98796
3195287,2,2,0.0022,0.00768,0.99012
21324751,2,2,0.0055,0.02457,0.96993
39456002,2,2,0.00281,0.01313,0.98406
10574531,2,2,0.01121,0.15208,0.83671
34491687,2,2,0.00449,0.02594,0.96957
22795285,2,2,0.07429,0.15155,0.77416
6609721,2,2,0.00145,0.0045,0.99405
9448372,2,2,0.01274,0.13532,0.85194
15035933,2,2,0.00535,0.02191,0.97274
36638732,2,1,0.09511,0.85935,0.04554
9900930,2,2,0.00152,0.00446,0.99402
38802256,2,2,0.00151,0.00722,0.99126
30665553,2,2,0.0039,0.01258,0.98353
36612318,2,2,0.00656,0.02709,0.96634
30675944,2,2,0.00384,0.02717,0.96899
3315985,2,2,0.00287,0.00756,0.98958
15896997,2,2,0.00173,0.01476,0.98351
38661803,2,2,0.00158,0.01167,0.98675
11747519,2,2,0.00553,0.04954,0.94492
23016371,2,2,0.00194,0.00893,0.98913
19882110,2,2,0.00164,0.00517,0.99319
11433042,2,2,0.00159,0.00475,0.99366
33336175,2,2,0.0064,0.05895,0.93466
8613823,2,2,0.00305,0.00938,0.98757
22429067,2,2,0.0059,0.04743,0.94667
35535872,2,1,0.11943,0.81934,0.06124
13254413,2,2,0.00154,0.00748,0.99098
26850069,2,2,0.00307,0.0324,0.96453
38812664,2,2,0.00584,0.01255,0.98161
39653972,2,2,0.00289,0.01562,0.98149
22007405,2,2,0.06528,0.03001,0.90471
20737345,2,2,0.00231,0.00694,0.99075
39478812,2,2,0.00766,0.03561,0.95674
4907872,2,2,0.00245,0.02359,0.97396
16055724,2,2,0.00576,0.0183,0.97594
25425191,2,2,0.02135,0.22599,0.75266
11605489,2,2,0.08982,0.14326,0.76692
10237554,2,1,0.1211,0.82837,0.05053
6318169,2,2,0.00222,0.01279,0.98498
11610147,2,2,0.00257,0.00869,0.98874
23631592,2,2,0.00124,0.00486,0.9939
10412358,2,2,0.00142,0.007,0.99158
21936069,2,2,0.00212,0.01148,0.98639
30848832,2,2,0.00227,0.00862,0.98911
11384453,2,2,0.00632,0.01018,0.98349
8459331,2,2,0.00712,0.04609,0.94679
20948722,2,2,0.00136,0.00684,0.9918
4576955,2,2,0.01634,0.11888,0.86478
5692030,2,2,0.00453,0.00974,0.98573
32498684,2,2,0.00149,0.00538,0.99313
4568508,2,2,0.00532,0.01266,0.98203
7127862,2,2,0.03183,0.11457,0.8536
34104734,2,1,0.0381,0.81467,0.14723
40138696,2,2,0.00128,0.00717,0.99156
39837366,2,2,0.02613,0.1353,0.83857
22623390,2,2,0.00295,0.01002,0.98703
34355811,2,2,0.00513,0.00981,0.98506
56435,2,2,0.01533,0.23428,0.75039
8839602,2,2,0.00307,0.01786,0.97907
13973418,2,2,0.08511,0.45119,0.4637
11138453,2,1,0.05795,0.67359,0.26846
25822074,2,2,0.01002,0.19424,0.79574
35436106,2,2,0.00156,0.00757,0.99087
3371097,2,2,0.00211,0.01688,0.98101
10626936,2,2,0.00209,0.00988,0.98803
8612308,2,2,0.00354,0.01445,0.98201
34789393,2,2,0.02504,0.0498,0.92515
27851229,2,1,0.13819,0.64903,0.21278
11131705,2,2,0.0013,0.00498,0.99373
22802417,2,2,0.00934,0.08123,0.90943
21679866,2,2,0.00741,0.01496,0.97763
20021058,2,2,0.00512,0.01085,0.98403
14712554,2,1,0.38039,0.49612,0.12349
16335024,2,2,0.03481,0.42073,0.54446
21791604,2,2,0.00595,0.03853,0.95552
36738632,2,0,0.5845,0.36864,0.04687
11810441,2,0,0.54907,0.43435,0.01658
13594494,2,2,0.00393,0.0189,0.97717
24310427,2,2,0.00148,0.01718,0.98134
37261900,2,2,0.00532,0.01246,0.98222
22051118,2,2,0.00437,0.05279,0.94284
14527293,2,2,0.00134,0.00623,0.99243
22551591,2,2,0.00177,0.00856,0.98967
39710077,2,2,0.0021,0.00559,0.99231
19998712,2,2,0.00376,0.00938,0.98686
20096827,2,2,0.00125,0.00815,0.9906
1692628,2,2,0.0093,0.01909,0.9716
17270102,2,2,0.00277,0.01083,0.9864
32406575,2,2,0.00528,0.09236,0.90236
17760773,2,1,0.10123,0.8542,0.04457
8346928,2,2,0.0014,0.00947,0.98913
32758134,2,2,0.00144,0.00787,0.99069
33951838,2,2,0.0014,0.00577,0.99283
40704949,2,2,0.00392,0.02289,0.9732
6956102,2,2,0.00159,0.00595,0.99246
26488973,2,2,0.0013,0.00568,0.99302
33306619,2,2,0.00329,0.01104,0.98568
3211936,2,0,0.89478,0.09807,0.00716
1265093,2,2,0.00242,0.01978,0.97779
20228918,2,1,0.13411,0.79007,0.07582
22004448,2,2,0.00184,0.01546,0.98271
21874022,2,1,0.16347,0.57391,0.26263
26242423,2,2,0.01619,0.01301,0.9708
8522308,2,2,0.00488,0.02102,0.9741
37652718,2,2,0.0031,0.00855,0.98835
18551161,2,2,0.00213,0.01003,0.98784
35847541,2,2,0.00179,0.01127,0.98694
36097783,2,2,0.00145,0.00628,0.99227
41073087,2,2,0.0014,0.00534,0.99326
16308053,2,1,0.30745,0.64077,0.05178
13212502,2,2,0.00457,0.06761,0.92782
37149364,2,2,0.09177,0.1458,0.76243
9234076,2,2,0.00234,0.00843,0.98923
29381273,2,1,0.0317,0.8048,0.1635
10339257,2,2,0.00455,0.01384,0.98162
23619255,2,2,0.00189,0.00559,0.99253
33068667,2,2,0.00345,0.02481,0.97174
30640036,2,2,0.00353,0.07794,0.91853
21456939,2,2,0.00286,0.00953,0.98761
33180098,2,2,0.00278,0.00721,0.99001
9661881,2,2,0.00299,0.01216,0.98485
4501256,2,2,0.00376,0.04712,0.94912
12491,2,2,0.00208,0.01694,0.98098
31186245,2,2,0.00397,0.01045,0.98559
33185953,2,2,0.00564,0.06069,0.93367
2753647,2,2,0.00677,0.04921,0.94402
23705988,2,2,0.00207,0.00774,0.99019
33161705,2,2,0.00161,0.00988,0.98851
5907344,2,2,0.00138,0.00618,0.99244
28937598,2,2,0.00901,0.11452,0.87647
37229641,2,1,0.14027,0.82074,0.03899
19615762,2,2,0.00186,0.00663,0.99152
30534840,2,2,0.00258,0.00567,0.99175
36511341,2,2,0.00711,0.02397,0.96891
13694136,2,2,0.01663,0.15683,0.82655
14932521,2,2,0.00324,0.01022,0.98654
41493003,2,2,0.01783,0.03129,0.95088
33240646,2,2,0.00748,0.14164,0.85088
2748991,2,2,0.00225,0.01419,0.98355
3112533,2,2,0.00436,0.01005,0.9856
37829980,2,2,0.00233,0.01231,0.98536
37915073,2,2,0.00177,0.00722,0.99101
13340987,2,0,0.91293,0.07965,0.00742
33895163,2,2,0.14248,0.15618,0.70133
9537866,2,2,0.00191,0.00843,0.98966
28385125,2,2,0.00411,0.00661,0.98928
23181901,2,2,0.00249,0.00862,0.98889
31127099,2,2,0.00262,0.01986,0.97752
1876545,2,2,0.00196,0.0126,0.98544
38878622,2,2,0.00588,0.02006,0.97406
18862281,2,2,0.00259,0.01447,0.98294
1409454,2,2,0.00536,0.07978,0.91486
26981457,2,2,0.00175,0.00471,0.99354
37332313,2,2,0.00462,0.02863,0.96675
13702641,2,2,0.0026,0.0136,0.9838
11338277,2,2,0.0036,0.0285,0.9679
14650478,2,2,0.00209,0.01031,0.9876
22145290,2,2,0.11967,0.09999,0.78034
29048306,2,2,0.00241,0.00798,0.9896
31912353,2,2,0.00285,0.01288,0.98426
24397223,2,1,0.03645,0.63611,0.32744
9672438,2,2,0.01153,0.14106,0.8474
24570738,2,2,0.00165,0.01409,0.98425
19140157,2,2,0.00169,0.00856,0.98975
14884467,2,2,0.06125,0.04226,0.8965
34529529,2,2,0.00653,0.05414,0.93933
2390008,2,2,0.01189,0.19266,0.79545
1255668,2,2,0.07806,0.24495,0.67699
17986752,2,2,0.00234,0.00856,0.9891
3553088,2,2,0.00278,0.02185,0.97537
1303610,2,2,0.00156,0.01136,0.98709
17649090,2,2,0.02895,0.06347,0.90758
3466702,2,2,0.00614,0.02409,0.96977
37729474,2,2,0.0542,0.11758,0.82822
16033243,2,2,0.0013,0.00618,0.99252
6708297,2,2,0.00188,0.00897,0.98915
37637374,2,2,0.00172,0.00668,0.9916
27764241,2,1,0.3051,0.6612,0.0337
14054976,2,2,0.00373,0.00909,0.98718
15740689,2,2,0.0026,0.01126,0.98614
14081800,2,2,0.00292,0.00474,0.99234
22342687,2,2,0.00453,0.00974,0.98573
9419226,2,2,0.00245,0.01026,0.98729
37446415,2,2,0.0034,0.025,0.97161
19254988,2,2,0.00197,0.00833,0.9897
19035396,2,2,0.01476,0.21023,0.77501
1709881,2,1,0.08023,0.84261,0.07716
27292817,2,2,0.00407,0.03049,0.96544
26393917,2,2,0.00366,0.01151,0.98483
10283291,2,2,0.00445,0.04853,0.94702
19125438,2,2,0.04902,0.08877,0.86221
34717904,2,2,0.00291,0.00727,0.98982
21802168,2,2,0.00177,0.00633,0.9919
16342885,2,2,0.00291,0.00804,0.98905
8998679,2,2,0.0201,0.03392,0.94598
17752659,2,1,0.03283,0.71296,0.25421
5578281,2,2,0.01075,0.05901,0.93025
27938541,2,2,0.00143,0.00482,0.99375
12682768,2,2,0.05259,0.05798,0.88943
16677652,2,2,0.00166,0.00965,0.98869
9122512,2,2,0.00361,0.04155,0.95485
4149426,2,2,0.00607,0.06433,0.92959
2644770,2,2,0.00198,0.00613,0.99189
3719834,2,2,0.00602,0.04286,0.95112
29517701,2,2,0.00532,0.0431,0.95159
32652276,2,2,0.00149,0.00951,0.989
39631733,2,2,0.14394,0.1892,0.66686
19896154,2,2,0.12958,0.15752,0.7129
3276159,2,2,0.00213,0.00762,0.99025
34263296,2,1,0.17908,0.78862,0.0323
15727954,2,2,0.00354,0.01485,0.98161
12023035,2,2,0.00278,0.00599,0.99123
6686219,2,2,0.00208,0.01816,0.97977
35983488,2,2,0.00145,0.00555,0.99301
23190350,2,2,0.00591,0.00866,0.98543
25428626,2,2,0.00989,0.02752,0.96259
4211945,2,2,0.00177,0.00856,0.98967
12953060,2,2,0.00188,0.00999,0.98813
15039334,2,2,0.01042,0.10837,0.88121
16694450,2,1,0.04584,0.70589,0.24827
25829982,2,2,0.00174,0.01027,0.98799
31196905,2,2,0.01153,0.12835,0.86013
5108502,2,2,0.00349,0.00558,0.99093
15094393,2,1,0.26723,0.70682,0.02595
25296495,2,2,0.01982,0.15683,0.82335
26988787,2,2,0.00154,0.00856,0.9899
12639611,2,2,0.00204,0.01851,0.97945
22699015,2,2,0.15703,0.15013,0.69284
29726524,2,2,0.01624,0.08301,0.90075
1849810,2,2,0.00187,0.01265,0.98548
39866560,2,2,0.00901,0.11452,0.87647
16366240,2,2,0.00151,0.00843,0.99006
23684230,2,2,0.00197,0.00673,0.99129
4382243,2,2,0.0084,0.135,0.8566
16075973,2,2,0.01371,0.09015,0.89614
3811773,2,2,0.0013,0.00572,0.99298
809097,2,2,0.00188,0.01131,0.98681
7551914,2,2,0.00217,0.00711,0.99073
34475892,2,2,0.00409,0.01103,0.98488
6237436,2,2,0.00377,0.0149,0.98133
30985048,2,2,0.03582,0.40829,0.55589
35952265,2,2,0.0019,0.01499,0.98312
7358463,2,2,0.0043,0.0227,0.973
10645216,2,2,0.00393,0.03346,0.96261
37883576,2,2,0.00318,0.01359,0.98323
14209885,2,2,0.00346,0.00785,0.98869
17136417,2,2,0.00366,0.01234,0.984
17459906,2,2,0.00156,0.00786,0.99057
9562452,2,2,0.00213,0.00883,0.98904
15150792,2,1,0.07817,0.88245,0.03938
4140889,2,2,0.00149,0.00668,0.99183
34474536,2,2,0.0024,0.01329,0.9843
40982520,2,1,0.01773,0.75408,0.22819
25921845,2,2,0.01045,0.05632,0.93323
29695752,2,2,0.00222,0.01551,0.98227
40817585,2,2,0.00142,0.0059,0.99267
30393249,2,1,0.21375,0.42759,0.35866
34631602,2,2,0.00384,0.05733,0.93884
37636418,2,2,0.00329,0.0107,0.98601
37511889,2,2,0.00344,0.04151,0.95504
33828422,2,2,0.00279,0.00533,0.99189
5471732,2,2,0.00328,0.01407,0.98265
33982530,2,2,0.00226,0.01157,0.98617
11107851,2,2,0.00237,0.01304,0.98459
862013,2,2,0.00529,0.01782,0.97689
31578325,2,1,0.05741,0.81131,0.13128
21034465,2,2,0.00186,0.00422,0.99392
3945141,2,2,0.00174,0.00992,0.98834
34529049,2,2,0.01954,0.03886,0.94159
18571287,2,2,0.0025,0.02152,0.97598
795965,2,2,0.00142,0.00904,0.98954
19992495,2,2,0.00258,0.00403,0.99339
8257254,2,2,0.00147,0.00643,0.9921
15073736,2,2,0.00541,0.02682,0.96778
13050955,2,2,0.00174,0.00792,0.99034
2663052,2,2,0.0085,0.0244,0.9671
14329080,2,2,0.00244,0.01207,0.98549
33080225,2,2,0.00221,0.01688,0.98091
14423001,2,1,0.02721,0.50159,0.4712
4330952,2,2,0.00167,0.00505,0.99328
25689625,2,2,0.00684,0.02435,0.96881
20799813,2,2,0.00196,0.01171,0.98633
13600055,2,2,0.00149,0.00856,0.98995
5461921,2,2,0.00236,0.01371,0.98393
33239329,2,2,0.00681,0.11537,0.87782
31595507,2,2,0.01213,0.15044,0.83743
39103195,2,2,0.00272,0.01497,0.98231
34694722,2,2,0.00174,0.00695,0.99131
24847541,2,2,0.00414,0.02881,0.96705
32492436,2,1,0.09409,0.80337,0.10254
29183782,2,2,0.01135,0.08712,0.90153
6490614,2,2,0.00145,0.00628,0.99227
8379394,2,2,0.00296,0.02131,0.97573
14602790,2,2,0.00464,0.02516,0.97021
29804211,2,1,0.08368,0.54351,0.37282
28164842,2,2,0.00344,0.01253,0.98403
21421111,2,1,0.11423,0.76251,0.12327
14425005,2,2,0.00257,0.02502,0.97242
22093368,2,2,0.00918,0.06927,0.92155
8711021,2,1,0.4477,0.49945,0.05285
11391278,2,2,0.00332,0.07602,0.92066
23456476,2,2,0.00287,0.00537,0.99176
31600314,2,2,0.00369,0.05066,0.94565
31740510,2,2,0.00234,0.0083,0.98936
16791273,2,2,0.00618,0.04748,0.94634
29061078,2,2,0.00192,0.00604,0.99205
7994146,2,2,0.00154,0.00538,0.99308
18942393,2,2,0.00681,0.08775,0.90545
40456890,2,2,0.00185,0.00798,0.99016
10985377,2,2,0.00404,0.03853,0.95744
31287834,2,2,0.00525,0.05453,0.94022
7681079,2,2,0.03834,0.17939,0.78227
10750558,2,2,0.00249,0.00716,0.99035
28440377,2,2,0.03043,0.1471,0.82247
36854545,2,1,0.17596,0.47273,0.35131
20799573,2,2,0.00387,0.02002,0.97611
17351807,2,1,0.05373,0.65973,0.28653
34664328,2,2,0.00132,0.00586,0.99283
26034883,2,2,0.00206,0.00961,0.98832
37024352,2,2,0.00177,0.00768,0.99055
8360300,2,2,0.00245,0.00886,0.98869
7665114,2,2,0.00176,0.01493,0.98331
17765311,2,2,0.00403,0.0246,0.97136
24866143,2,2,0.00168,0.01007,0.98824
2039333,2,2,0.07188,0.40724,0.52087
23497733,2,2,0.11875,0.1438,0.73745
12682510,2,2,0.01648,0.04063,0.94289
37723736,2,2,0.003,0.02573,0.97127
423525,2,2,0.01057,0.05313,0.9363
36547942,2,2,0.00296,0.03676,0.96027
8969251,2,2,0.01064,0.13044,0.85892
21706128,2,2,0.00241,0.0103,0.98729
2907079,2,2,0.02512,0.00984,0.96504
7221167,2,2,0.00132,0.00725,0.99143
37111604,2,2,0.00315,0.00848,0.98837
4380422,2,2,0.00142,0.01047,0.98811
28514003,2,2,0.01633,0.03457,0.9491
41319543,2,1,0.14587,0.75911,0.09501
19760748,2,2,0.00177,0.00628,0.99195
15929458,2,2,0.00184,0.0129,0.98526
25037172,2,2,0.00222,0.01274,0.98503
7530917,2,2,0.00613,0.05545,0.93842
10984915,2,2,0.02056,0.34496,0.63448
1217360,2,2,0.0231,0.41274,0.56415
28767470,2,2,0.00174,0.00811,0.99015
33607743,2,2,0.00151,0.00887,0.98962
19515123,2,2,0.00204,0.00613,0.99183
5016871,2,2,0.00456,0.04036,0.95508
15986182,2,1,0.10858,0.6472,0.24422
26946325,2,2,0.03616,0.10141,0.86244
35044190,2,2,0.00156,0.00529,0.99314
37963116,2,2,0.00256,0.01188,0.98556
19509176,2,2,0.00504,0.01954,0.97542
8254334,2,2,0.00433,0.00902,0.98666
30107600,2,2,0.01033,0.03778,0.95189
4134301,2,2,0.00118,0.00772,0.9911
20923841,2,2,0.00281,0.01143,0.98576
12562861,2,2,0.00267,0.01836,0.97898
12301644,2,2,0.01986,0.02322,0.95692
11003841,2,2,0.00203,0.01067,0.9873
4532637,2,2,0.00525,0.00988,0.98487
11174638,2,2,0.00202,0.0134,0.98458
24174697,2,2,0.00823,0.17805,0.81372
12969072,2,2,0.00134,0.00486,0.9938
12026509,2,2,0.00718,0.05207,0.94075
17517882,2,2,0.30431,0.26633,0.42936
22781401,2,2,0.00966,0.1471,0.84323
36926182,2,2,0.00253,0.00733,0.99014
4245832,2,2,0.00156,0.0086,0.98984
13077470,2,2,0.00335,0.02375,0.97291
19375626,2,2,0.00201,0.00585,0.99214
24606602,2,0,0.56229,0.41786,0.01985
7288684,2,2,0.00142,0.00689,0.99168
5555457,2,2,0.00312,0.01759,0.97929
30978787,2,2,0.05631,0.30922,0.63447
9733957,2,2,0.00299,0.01283,0.98418
29255034,2,1,0.11382,0.64734,0.23884
37845558,2,2,0.00186,0.00432,0.99382
21414137,2,2,0.00396,0.01282,0.98322
13072799,2,2,0.00376,0.04701,0.94923
23409056,2,2,0.00487,0.02269,0.97244
25092758,2,2,0.00246,0.01871,0.97882
40960685,2,2,0.0063,0.01324,0.98046
2558571,2,2,0.01037,0.09879,0.89084
16511425,2,2,0.00535,0.03699,0.95766
35129953,2,2,0.0018,0.00733,0.99087
6346413,2,2,0.00155,0.01459,0.98386
19291363,2,2,0.01136,0.05721,0.93143
24424458,2,2,0.0041,0.02284,0.97306
26398231,2,2,0.00374,0.02316,0.97311
23341642,2,2,0.00294,0.0148,0.98226
13251169,2,2,0.00682,0.0852,0.90797
36074114,2,2,0.00366,0.01323,0.98312
2009417,2,1,0.36456,0.59406,0.04138
7256788,2,2,0.00589,0.0488,0.94531
29517028,2,2,0.00142,0.00857,0.99001
32298085,2,2,0.0015,0.00406,0.99444
24656899,2,1,0.03813,0.80259,0.15928
17022354,2,2,0.00161,0.00796,0.99043
31429876,2,2,0.01106,0.02397,0.96497
31033678,2,2,0.01383,0.38875,0.59742
14963666,2,1,0.14988,0.82262,0.0275
27512750,2,2,0.00206,0.01075,0.98718
2167036,2,2,0.00285,0.01334,0.98381
19327390,2,1,0.02133,0.5008,0.47787
21427730,2,2,0.00244,0.01144,0.98612
31965434,2,2,0.00287,0.00785,0.98928
16204389,2,1,0.03866,0.50131,0.46003
1410368,2,1,0.05652,0.62698,0.3165
12875915,2,2,0.00161,0.00739,0.991
23332188,2,2,0.0042,0.04631,0.94949
9930481,2,2,0.00422,0.01159,0.98419
16510114,2,2,0.00204,0.00705,0.99091
7092499,2,2,0.03004,0.37605,0.59392
2241494,2,2,0.01332,0.30904,0.67765
21969505,2,2,0.00191,0.00613,0.99195
4374924,2,2,0.00154,0.00572,0.99274
24145188,2,2,0.00182,0.00774,0.99043
37171119,2,2,0.00176,0.00973,0.98851
16878627,2,2,0.00168,0.01093,0.98739
25790138,2,2,0.01138,0.04884,0.93978
3436399,2,2,0.00417,0.02161,0.97422
3763063,2,2,0.00138,0.00538,0.99324
22224763,2,2,0.00274,0.00792,0.98935
15648211,2,2,0.00267,0.03356,0.96377
2812814,2,2,0.00164,0.00689,0.99147
38204091,2,2,0.00154,0.00722,0.99124
33716070,2,1,0.04758,0.57964,0.37278
17111185,2,2,0.00189,0.00475,0.99337
20610597,2,1,0.07813,0.85319,0.06868
25011236,2,2,0.00142,0.01204,0.98655
36167237,2,2,0.00185,0.00914,0.98901
1875614,2,2,0.0031,0.00738,0.98952
16661156,2,2,0.0161,0.30982,0.67408
23937622,2,1,0.09095,0.57704,0.33201
10634547,2,2,0.00174,0.00568,0.99258
7798219,2,2,0.00285,0.01474,0.98241
40160988,2,2,0.00476,0.02979,0.96545
5658346,2,2,0.01246,0.16675,0.82078
23548884,2,2,0.00377,0.01434,0.98189
32184590,2,2,0.00321,0.02042,0.97637
15344916,2,2,0.00221,0.00422,0.99357
25712597,2,2,0.00177,0.00856,0.98967
9162288,2,2,0.00283,0.02197,0.9752
5850336,2,2,0.00233,0.0118,0.98587
36950972,2,2,0.02541,0.47207,0.50252
28822744,2,2,0.00647,0.06315,0.93038
2668611,2,2,0.37032,0.23084,0.39885
18098660,2,2,0.00721,0.07727,0.91552
12539224,2,2,0.00296,0.00705,0.98999
41247048,2,2,0.00429,0.0246,0.97111
14513467,2,2,0.00185,0.00859,0.98955
40062619,2,2,0.02357,0.32925,0.64717
30001091,2,2,0.00164,0.00751,0.99086
2875226,2,2,0.00164,0.00555,0.99281
29327925,2,2,0.00311,0.00493,0.99196
30546674,2,2,0.00398,0.00797,0.98806
38384839,2,2,0.05104,0.10575,0.84322
23095432,2,2,0.00409,0.01086,0.98505
35523367,2,2,0.00377,0.01537,0.98087
34000503,2,2,0.00753,0.02097,0.9715
22739578,2,2,0.00512,0.06451,0.93037
36924334,2,2,0.00296,0.00705,0.98999
18545798,2,2,0.00213,0.00859,0.98928
36624617,2,2,0.0031,0.00715,0.98974
34435268,2,2,0.00154,0.00509,0.99337
11739304,2,2,0.00223,0.00958,0.98819
34779751,2,2,0.01729,0.01624,0.96646
30810362,2,2,0.00544,0.02085,0.97371
41294300,2,2,0.00464,0.04005,0.95531
9956415,2,2,0.00262,0.0058,0.99158
32032019,2,2,0.00156,0.00728,0.99116
2501094,2,2,0.0038,0.02263,0.97357
27866075,2,2,0.00166,0.00897,0.98937
9038952,2,2,0.01153,0.12835,0.86013
11847375,2,2,0.00198,0.00643,0.9916
24305692,2,2,0.0033,0.00875,0.98795
11854992,2,2,0.00172,0.02018,0.9781
30105237,2,2,0.00154,0.0085,0.98997
38787141,2,2,0.0019,0.01453,0.98357
14156931,2,2,0.00635,0.05121,0.94244
10445882,2,2,0.0024,0.01376,0.98384
7883227,2,2,0.00177,0.00638,0.99185
11382416,2,2,0.07669,0.30095,0.62236
38955660,2,2,0.00539,0.05908,0.93553
21726193,2,2,0.00531,0.04322,0.95147
17993204,2,2,0.00363,0.02137,0.975
7345843,2,2,0.00257,0.00829,0.98914
30695214,2,2,0.00205,0.01356,0.98439
423699,2,2,0.00449,0.01028,0.98523
21281091,2,2,0.00234,0.00925,0.98842
24074947,2,2,0.00728,0.02361,0.96911
11894820,2,2,0.00417,0.03721,0.95862
4427935,2,2,0.00174,0.01097,0.9873
18634268,2,2,0.00304,0.01192,0.98504
2137232,2,2,0.00138,0.00563,0.99299
19641366,2,2,0.0035,0.02543,0.97107
34729846,2,2,0.00341,0.02026,0.97632
24220103,2,2,0.00403,0.01045,0.98553
26335227,2,2,0.02244,0.24029,0.73727
24179631,2,2,0.00952,0.19803,0.79245
6825268,2,2,0.00436,0.00796,0.98767
37305125,2,2,0.00238,0.00836,0.98926
4754829,2,2,0.00338,0.01391,0.98271
24569678,2,2,0.00264,0.01202,0.98534
4380858,2,2,0.00415,0.05562,0.94023
38185749,2,2,0.00325,0.00613,0.99062
24831815,2,2,0.00877,0.06783,0.9234
21507218,2,2,0.00465,0.00709,0.98826
23926043,2,2,0.05402,0.07413,0.87185
20392866,2,2,0.00441,0.01267,0.98292
31388831,2,2,0.00184,0.01606,0.9821
39812910,2,2,0.00185,0.00914,0.98901
27697785,2,1,0.26885,0.69462,0.03653
12575067,2,2,0.0378,0.16647,0.79573
9667390,2,2,0.00114,0.00623,0.99262
32055335,2,2,0.00138,0.00648,0.99214
21020163,2,2,0.01074,0.13606,0.8532
24819767,2,2,0.00169,0.00604,0.99227
32738950,2,2,0.00145,0.00563,0.99292
19751733,2,2,0.00207,0.00727,0.99066
34992033,2,2,0.00871,0.13047,0.86082
4094684,2,2,0.24717,0.26511,0.48773
7722855,2,2,0.00177,0.007,0.99123
12293926,2,2,0.15377,0.27492,0.57131
14767299,2,2,0.00307,0.01635,0.98057
29193299,2,2,0.01457,0.18973,0.79569
12466804,2,2,0.00311,0.01863,0.97826
38521429,2,2,0.00257,0.00953,0.9879
17451701,2,2,0.00169,0.00581,0.9925
10773326,2,2,0.01661,0.15786,0.82553
9936450,2,2,0.13188,0.40781,0.46031
39524424,2,2,0.11578,0.18868,0.69554
3482734,2,2,0.08795,0.13424,0.77781
9163631,2,2,0.00273,0.02525,0.97202
12459707,2,2,0.00224,0.00482,0.99294
5941133,2,2,0.01602,0.1024,0.88158
26986775,2,2,0.00201,0.00633,0.99167
5682784,2,2,0.02476,0.35134,0.62389
34470181,2,2,0.00132,0.00546,0.99322
38481685,2,2,0.15826,0.2468,0.59494
38862069,2,2,0.00166,0.00705,0.99128
21889597,2,2,0.00404,0.03785,0.95811
25306669,2,2,0.04136,0.02831,0.93033
2108863,2,2,0.00405,0.02112,0.97483
17716261,2,2,0.00237,0.01153,0.98611
39477666,2,2,0.00147,0.00739,0.99114
8228642,2,2,0.00157,0.0046,0.99383
38134430,2,2,0.00157,0.00464,0.9938
35361774,2,2,0.00263,0.0172,0.98018
12323554,2,2,0.0021,0.02293,0.97497
30532206,2,2,0.0031,0.00603,0.99086
36474718,2,2,0.01404,0.04659,0.93937
14590272,2,2,0.01537,0.29451,0.69012
24601531,2,2,0.00745,0.01705,0.9755
9739785,2,1,0.14346,0.53512,0.32141
1821551,2,2,0.00535,0.03741,0.95725
34125709,2,2,0.00214,0.00533,0.99253
10974797,2,2,0.00382,0.00854,0.98763
3058373,2,2,0.00169,0.0086,0.98972
5792998,2,1,0.04498,0.829,0.12602
32880529,2,2,0.00257,0.00882,0.98861
24648052,2,1,0.36204,0.48481,0.15315
35430515,2,2,0.00402,0.01215,0.98383
14483005,2,2,0.01061,0.02658,0.96281
28142686,2,2,0.00164,0.00419,0.99417
23762632,2,2,0.02415,0.06961,0.90624
16172833,2,2,0.00281,0.01054,0.98664
15501999,2,2,0.00471,0.00966,0.98563
39622144,2,2,0.17758,0.1652,0.65722
2090010,2,2,0.00324,0.00882,0.98794
11040320,2,2,0.00149,0.00799,0.99052
19623168,2,2,0.00252,0.0113,0.98617
10671655,2,2,0.03256,0.05243,0.91501
23631101,2,2,0.00194,0.0078,0.99026
41396940,2,2,0.00161,0.00843,0.98996
30161932,2,2,0.00188,0.00911,0.98901
26244228,2,2,0.02655,0.08036,0.89309
18715423,2,2,0.00675,0.16287,0.83038
5194515,2,2,0.00192,0.0188,0.97928
27006722,2,2,0.00384,0.02576,0.9704
3429682,2,1,0.18634,0.61218,0.20148
18316374,2,2,0.06231,0.23015,0.70754
39026098,2,2,0.00159,0.00774,0.99067
22958641,2,2,0.0022,0.00572,0.99208
8143045,2,2,0.00209,0.01309,0.98482
10753400,2,2,0.00995,0.06603,0.92402
7059380,2,2,0.0118,0.02864,0.95956
18738026,2,2,0.00305,0.00889,0.98806
7379848,2,2,0.00417,0.06739,0.92844
33126113,2,2,0.01168,0.14342,0.8449
37230689,2,2,0.00158,0.01059,0.98782
19814623,2,2,0.00196,0.01315,0.98489
39383755,2,1,0.04983,0.62142,0.32875
36541118,2,2,0.02187,0.15094,0.82719
5231266,2,2,0.00419,0.01691,0.9789
27626421,2,2,0.05348,0.03132,0.9152
21186096,2,2,0.00214,0.00613,0.99173
23129939,2,2,0.0027,0.00657,0.99073
18348395,2,2,0.00301,0.00705,0.98995
35658531,2,1,0.05551,0.91002,0.03447
9573726,2,2,0.00344,0.00554,0.99103
4200024,2,2,0.00138,0.00586,0.99276
32615658,2,2,0.00216,0.02456,0.97328
3506553,2,2,0.02581,0.02823,0.94596
14807985,2,2,0.00165,0.01431,0.98404
33110548,2,2,0.00335,0.00721,0.98944
5810431,2,2,0.00192,0.01682,0.98126
34335268,2,2,0.00938,0.11931,0.87131
23249221,2,2,0.00643,0.11033,0.88323
27944920,2,2,0.00186,0.00643,0.99172
10584517,2,2,0.00463,0.02699,0.96838
12777584,2,2,0.00128,0.00638,0.99234
37855968,2,2,0.00493,0.01077,0.98431
11961970,2,2,0.01387,0.20466,0.78147
22284459,2,1,0.03026,0.59378,0.37596
1101079,2,2,0.01184,0.01013,0.97803
21254879,2,2,0.00355,0.01086,0.98558
25483280,2,2,0.00139,0.0119,0.98671
5602890,2,2,0.0016,0.01505,0.98335
6399064,2,2,0.00356,0.03983,0.95661
38860933,2,2,0.00963,0.02293,0.96744
28753217,2,2,0.00253,0.00817,0.9893
20967799,2,2,0.03046,0.3432,0.62634
12048644,2,2,0.01672,0.01924,0.96404
3827731,2,2,0.00262,0.02067,0.97671
19837679,2,2,0.004,0.04756,0.94844
30493804,2,2,0.00375,0.0182,0.97805
23256208,2,0,0.5089,0.4387,0.0524
10443563,2,2,0.00154,0.00673,0.99173
33636217,2,2,0.00237,0.01153,0.98611
5574513,2,2,0.0022,0.00563,0.99217
37124378,2,2,0.0043,0.02279,0.97291
17664418,2,2,0.00217,0.00576,0.99207
14521252,2,2,0.00473,0.05108,0.94419
40108176,2,2,0.00169,0.00786,0.99045
39796492,2,2,0.2416,0.25278,0.50562
35055896,2,2,0.01467,0.08492,0.90041
13880181,2,2,0.00953,0.07709,0.91338
25075818,2,2,0.00377,0.01513,0.9811
37089638,2,2,0.00161,0.00546,0.99293
17478365,2,2,0.00223,0.00876,0.98901
8821562,2,2,0.00216,0.00849,0.98934
12778468,2,1,0.2169,0.67862,0.10448
28962836,2,1,0.07044,0.77531,0.15424
18804801,2,2,0.00428,0.04264,0.95308
18092363,2,2,0.00287,0.0075,0.98963
17929052,2,2,0.00224,0.00733,0.99044
29249436,2,2,0.01047,0.11795,0.87158
14170743,2,2,0.00166,0.0084,0.98994
6892686,2,2,0.00309,0.01079,0.98613
3273307,2,2,0.00159,0.00668,0.99173
6209697,2,2,0.00148,0.01601,0.98252
27326066,2,2,0.00918,0.12455,0.86626
34380524,2,2,0.00506,0.01595,0.97899
10447895,2,2,0.00572,0.01795,0.97633
15098746,2,2,0.01223,0.02403,0.96374
5131880,2,2,0.0022,0.02359,0.97421
25410815,2,2,0.00158,0.01227,0.98615
16308769,2,2,0.00281,0.01054,0.98664
1845359,2,2,0.00277,0.0105,0.98673
1627377,2,2,0.00444,0.08072,0.91484
15022781,2,2,0.08396,0.35556,0.56047
14474416,2,2,0.00427,0.02924,0.96649
8899259,2,1,0.19623,0.70082,0.10295
6462776,2,2,0.0018,0.00638,0.99182
28737581,2,2,0.27357,0.17543,0.55101
10166473,2,2,0.00205,0.01356,0.98439
35742806,2,2,0.00161,0.00969,0.9887
22539514,2,2,0.00172,0.00505,0.99323
30500885,2,2,0.00124,0.00643,0.99233
29057580,2,2,0.00182,0.00799,0.99019
26467452,2,2,0.00283,0.02012,0.97705
36636250,2,2,0.00377,0.01412,0.98211
28949199,2,2,0.00168,0.01341,0.98492
14023885,2,2,0.00189,0.01721,0.9809
33929623,2,2,0.02697,0.41855,0.55449
34928662,2,2,0.00286,0.01014,0.987
21422747,2,2,0.00194,0.00984,0.98822
21552896,2,2,0.00468,0.01595,0.97937
6438716,2,2,0.00433,0.01639,0.97928
31898967,2,2,0.00922,0.06527,0.92552
36639306,2,2,0.00634,0.02292,0.97074
28999948,2,2,0.0053,0.00901,0.9857
1413888,2,2,0.00755,0.0116,0.98085
17864599,2,2,0.00479,0.03879,0.95642
26622747,2,2,0.00375,0.01827,0.97798
22861450,2,2,0.00407,0.07393,0.922
6868469,2,2,0.003,0.02573,0.97127
7708975,2,2,0.00151,0.01118,0.98731
21692027,2,2,0.00579,0.04999,0.94421
39942101,2,2,0.00682,0.01143,0.98175
21797133,2,2,0.00299,0.02699,0.97002
19337736,2,2,0.00523,0.01266,0.98211
14006162,2,2,0.00136,0.00648,0.99216
40523066,2,2,0.00245,0.01022,0.98733
28374658,2,2,0.00415,0.01168,0.98417
29132230,2,2,0.00488,0.06496,0.93016
11949180,2,2,0.00159,0.00633,0.99208
9772315,2,1,0.06736,0.72415,0.20849
10830330,2,2,0.0037,0.01855,0.97776
14651618,2,2,0.01857,0.05843,0.923
19077845,2,2,0.01047,0.11795,0.87158
22254220,2,2,0.00222,0.01355,0.98422
19737713,2,2,0.00461,0.01466,0.98073
30606986,2,1,0.02263,0.64094,0.33643
6792019,2,2,0.00905,0.02348,0.96747
39524434,2,2,0.0047,0.01247,0.98284
7272638,2,2,0.0013,0.00498,0.99373
26720381,2,2,0.0078,0.01757,0.97463
24144164,2,2,0.00384,0.01263,0.98354
33714101,2,2,0.00398,0.02112,0.97489
32016879,2,2,0.0014,0.00505,0.99354
26393705,2,2,0.00153,0.01176,0.98671
11271076,2,2,0.00197,0.02228,0.97574
12449612,2,2,0.00277,0.02663,0.9706
22090710,2,2,0.14934,0.35132,0.49933
33412611,2,2,0.04301,0.03737,0.91962
39163677,2,2,0.00294,0.01486,0.98221
38555127,2,2,0.00961,0.04759,0.9428
6651423,2,2,0.00226,0.00972,0.98801
23040115,2,2,0.00344,0.01174,0.98482
36008724,2,2,0.00274,0.00673,0.99053
20367624,2,2,0.00206,0.00936,0.98858
39730620,2,2,0.0026,0.04372,0.95368
3185145,2,2,0.04165,0.0714,0.88696
31947263,2,2,0.00839,0.02143,0.97017
30801897,2,2,0.00353,0.01891,0.97756
15413614,2,2,0.00213,0.00817,0.9897
31821923,2,2,0.02012,0.04752,0.93236
22541352,2,2,0.0016,0.01158,0.98682
12654269,2,2,0.01307,0.04123,0.9457
11294442,2,2,0.00219,0.0124,0.98541
21004368,2,2,0.00621,0.01226,0.98153
11489421,2,2,0.00134,0.00633,0.99233
6078186,2,2,0.00265,0.02399,0.97336
37307977,2,2,0.00151,0.00973,0.98876
20830972,2,2,0.00173,0.01372,0.98455
9817292,2,2,0.00359,0.01513,0.98127
33237886,2,1,0.02876,0.51782,0.45342
3353939,2,2,0.00805,0.04635,0.9456
38804841,2,2,0.03345,0.14986,0.81669
10901408,2,2,0.00213,0.00954,0.98833
30818438,2,2,0.00247,0.01643,0.9811
36855767,2,1,0.05775,0.79721,0.14504
23063250,2,2,0.03493,0.02086,0.94421
4068882,2,2,0.00679,0.09012,0.90309
25654316,2,2,0.00476,0.01489,0.98036
28139517,2,2,0.0157,0.21589,0.76841
24706891,2,2,0.00438,0.04986,0.94577
604114,2,2,0.00147,0.00446,0.99407
4742527,2,2,0.00177,0.00457,0.99366
14785464,2,2,0.00177,0.00628,0.99195
8086696,2,2,0.03416,0.04267,0.92317
12295403,2,2,0.00763,0.0312,0.96117
41143639,2,2,0.00156,0.00765,0.99078
2638691,2,2,0.00136,0.00538,0.99326
6703822,2,2,0.00237,0.01153,0.98611
9569252,2,2,0.01263,0.0226,0.96477
37004933,2,2,0.00346,0.00738,0.98916
27663162,2,2,0.08363,0.24821,0.66816
13385642,2,2,0.00632,0.07085,0.92283
16794066,2,0,0.92887,0.06676,0.00437
41300259,2,2,0.00726,0.04155,0.95119
14794676,2,2,0.00183,0.00643,0.99175
4749411,2,2,0.004,0.03173,0.96427
17750986,2,2,0.0018,0.00695,0.99126
4242315,2,2,0.0025,0.02169,0.97582
21613350,2,2,0.07382,0.12005,0.80613
7799616,2,2,0.00987,0.01458,0.97555
33419278,2,1,0.13467,0.77803,0.08729
33583789,2,1,0.22914,0.51436,0.2565
16420953,2,2,0.00104,0.00502,0.99394
6015194,2,2,0.00167,0.00538,0.99296
19645937,2,2,0.00159,0.00599,0.99242
12657609,2,2,0.00212,0.01255,0.98533
13475618,2,2,0.00417,0.02112,0.97471
3950762,2,2,0.0053,0.04579,0.94891
2565505,2,2,0.00187,0.01663,0.98151
9689370,2,2,0.00747,0.05898,0.93355
14279594,2,2,0.00149,0.00513,0.99337
3942123,2,2,0.00497,0.01881,0.97622
12190650,2,2,0.00356,0.00938,0.98706
13181691,2,2,0.00172,0.00716,0.99112
25324973,2,2,0.02751,0.31117,0.66132
28377400,2,2,0.00145,0.00689,0.99166
30925345,2,2,0.00495,0.02094,0.97411
26408321,2,2,0.00568,0.15067,0.84365
4174780,2,2,0.02189,0.15676,0.82135
24411188,2,2,0.00197,0.01015,0.98788
32041859,2,2,0.01605,0.15436,0.82959
35714504,2,2,0.00382,0.03234,0.96384
1066023,2,2,0.00207,0.00554,0.99239
10129248,2,2,0.00193,0.01135,0.98671
16327622,2,2,0.02737,0.14097,0.83166
10675772,2,2,0.00142,0.00623,0.99234
10302741,2,2,0.00314,0.00991,0.98695
1324789,2,2,0.00167,0.00482,0.99351
36354832,2,2,0.00279,0.03439,0.96282
5154605,2,2,0.00191,0.00977,0.98833
31170073,2,2,0.00223,0.01007,0.9877
15668130,2,2,0.00347,0.01786,0.97867
21321230,2,2,0.00172,0.0055,0.99278
16962482,2,2,0.00209,0.01335,0.98456
20897356,2,2,0.00659,0.0148,0.9786
21761770,2,1,0.16516,0.80742,0.02741
21094977,2,2,0.0013,0.00717,0.99154
31939492,2,2,0.0013,0.00482,0.99388
12512308,2,1,0.10087,0.85617,0.04296
13957644,2,2,0.00266,0.00599,0.99136
33225505,2,2,0.00303,0.01532,0.98165
16334071,2,2,0.00234,0.00668,0.99098
33142337,2,2,0.0026,0.01314,0.98427
36310824,2,2,0.00302,0.01842,0.97856
28862621,2,2,0.00363,0.02195,0.97442
20350576,2,2,0.00263,0.01521,0.98216
9198269,2,2,0.00217,0.02284,0.97499
41364946,2,2,0.00164,0.00572,0.99264
35083711,2,1,0.07392,0.82966,0.09642
2538051,2,2,0.00149,0.00915,0.98937
40350756,2,2,0.00177,0.00856,0.98967
9231748,2,2,0.19209,0.11074,0.69717
10347233,2,2,0.00436,0.03954,0.9561
12423948,2,1,0.0911,0.81193,0.09697
701222,2,2,0.0032,0.00721,0.98959
17448062,2,2,0.00676,0.1084,0.88485
35478926,2,2,0.00213,0.01067,0.9872
16274284,2,2,0.00174,0.00765,0.99061
14985441,2,2,0.0059,0.00965,0.98445
29151421,2,2,0.0057,0.03561,0.95869
3681732,2,2,0.00389,0.01307,0.98304
12368974,2,2,0.0468,0.10403,0.84918
37056449,2,2,0.0029,0.01259,0.98451
21754968,2,2,0.00172,0.00595,0.99234
6859496,2,2,0.00214,0.00623,0.99164
22794839,2,2,0.00179,0.01176,0.98645
3745392,2,2,0.08988,0.26136,0.64876
30035581,2,2,0.00191,0.00648,0.99161
18176290,2,2,0.00227,0.00903,0.9887
34993565,2,2,0.00224,0.00581,0.99195
19077174,2,2,0.00245,0.01088,0.98668
31637380,2,2,0.00194,0.00673,0.99132
34640155,2,2,0.00149,0.00695,0.99156
7235707,2,2,0.13105,0.30411,0.56484
18782886,2,2,0.00156,0.00695,0.99149
16595412,2,2,0.01051,0.14145,0.84804
21530222,2,2,0.00214,0.02006,0.9778
30621736,2,2,0.00257,0.00637,0.99105
21321024,2,2,0.00337,0.01673,0.9799
2377007,2,2,0.00277,0.00953,0.98769
19801511,2,2,0.00257,0.00991,0.98752
10476844,2,1,0.2535,0.70131,0.04519
40946783,2,2,0.00144,0.00706,0.9915
6652010,2,2,0.02504,0.0498,0.92515
9599325,2,2,0.04639,0.0783,0.87531
30634789,2,2,0.00406,0.01698,0.97896
32157087,2,1,0.1838,0.55737,0.25882
4661138,2,2,0.01655,0.10092,0.88253
22079907,2,2,0.00513,0.01729,0.97758
16303914,2,2,0.00243,0.01767,0.9799
10759478,2,2,0.00166,0.0094,0.98894
1092298,2,2,0.00223,0.02414,0.97363
26540950,2,2,0.01307,0.13967,0.84726
31553329,2,2,0.00124,0.00731,0.99146
9599882,2,2,0.0033,0.00652,0.99018
40523623,2,2,0.00338,0.01391,0.98271
39295355,2,2,0.00419,0.0337,0.96211
39499657,2,2,0.05745,0.11788,0.82467
27016475,2,2,0.00235,0.00567,0.99198
13980922,2,2,0.00206,0.01007,0.98787
25578742,2,0,0.82756,0.16169,0.01075
6593933,2,2,0.00169,0.00525,0.99306
32179202,2,2,0.00177,0.00689,0.99134
19679505,2,2,0.00306,0.00613,0.99082
25035314,2,2,0.0341,0.27029,0.69562
1652540,2,2,0.00666,0.09355,0.89979
38048204,2,2,0.00136,0.00546,0.99318
20267058,2,2,0.00169,0.00811,0.9902
14616636,2,2,0.00197,0.00722,0.99081
30516470,2,2,0.0047,0.02593,0.96936
19522890,2,2,0.14545,0.15928,0.69527
33093389,2,2,0.00124,0.00772,0.99105
27460152,2,2,0.0048,0.00698,0.98823
14132743,2,2,0.00402,0.02832,0.96766
12337287,2,1,0.05508,0.6353,0.30962
3964353,2,2,0.00924,0.01064,0.98012
1694986,2,1,0.04872,0.75614,0.19514
6509918,2,2,0.18531,0.26146,0.55323
19390915,2,2,0.00444,0.0054,0.99015
32237057,2,2,0.00133,0.00929,0.98938
37509940,2,2,0.00375,0.01827,0.97798
34239759,2,2,0.00236,0.04491,0.95273
22509119,2,1,0.02748,0.68163,0.29088
37508826,2,2,0.00114,0.0079,0.99096
19026150,2,2,0.00443,0.03976,0.95581
10862767,2,2,0.00178,0.01765,0.98057
20194812,2,2,0.00142,0.00546,0.99311
24141784,2,2,0.00382,0.01615,0.98003
33658164,2,2,0.13776,0.14607,0.71617
10536041,2,2,0.00249,0.00678,0.99072
8781452,2,2,0.00166,0.00695,0.99139
3227227,2,2,0.00393,0.01883,0.97724
26198717,2,2,0.00679,0.00839,0.98482
20740092,2,2,0.00277,0.02492,0.97231
30461986,2,1,0.02234,0.56273,0.41493
32088159,2,2,0.00237,0.01153,0.98611
18482206,2,2,0.03961,0.09337,0.86702
24477345,2,2,0.00224,0.00663,0.99114
7697747,2,2,0.0018,0.00695,0.99126
21651804,2,0,0.8435,0.15006,0.00644
1322313,2,2,0.00134,0.00648,0.99218
18326706,2,2,0.00174,0.00684,0.99142
10432686,2,2,0.00511,0.01346,0.98143
33564624,2,2,0.00329,0.02708,0.96963
18887942,2,2,0.00404,0.02203,0.97393
25988741,2,2,0.00307,0.03134,0.96558
31638383,2,2,0.00147,0.00674,0.9918
37829681,2,2,0.00145,0.00572,0.99283
32024666,2,2,0.00156,0.00943,0.98901
23465482,2,1,0.04868,0.86283,0.08849
22299847,2,2,0.00136,0.00555,0.99309
15653972,2,2,0.00181,0.01564,0.98255
12679716,2,2,0.00385,0.01013,0.98602
7918139,2,2,0.00166,0.00595,0.99239
37382779,2,2,0.01153,0.12835,0.86013
9268454,2,2,0.00273,0.02362,0.97364
17852368,2,2,0.00618,0.14567,0.84815
40872569,2,2,0.00158,0.01019,0.98823
38960620,2,2,0.00139,0.01119,0.98742
24079222,2,2,0.0022,0.00921,0.98859
8553054,2,2,0.00472,0.02218,0.9731
41075600,2,2,0.00936,0.02871,0.96193
21740919,2,2,0.00176,0.01393,0.98431
6055802,2,2,0.00144,0.00962,0.98894
36246716,2,2,0.00122,0.00638,0.9924
2243145,2,2,0.00409,0.02508,0.97083
24437188,2,2,0.0025,0.02083,0.97667
28389350,2,2,0.00521,0.06296,0.93184
34420725,2,2,0.01269,0.27783,0.70947
13445594,2,2,0.00555,0.06071,0.93373
10645605,2,2,0.00254,0.0204,0.97706
30791313,2,2,0.00809,0.01214,0.97977
17150771,2,2,0.01057,0.01514,0.97428
12366147,2,2,0.0023,0.00836,0.98934
41572134,2,2,0.00356,0.01037,0.98607
4779104,2,2,0.0739,0.16793,0.75816
5895339,2,2,0.00142,0.01093,0.98765
6344489,2,1,0.05424,0.49687,0.44889
21366354,2,2,0.02492,0.4666,0.50847
20721616,2,2,0.04729,0.45219,0.50052
15315488,2,2,0.00267,0.01733,0.98
36279981,2,2,0.00168,0.00973,0.98859
22296189,2,2,0.0049,0.01729,0.97781
17363222,2,0,0.96185,0.03624,0.00192
16811549,2,2,0.00149,0.00736,0.99115
20595379,2,2,0.00166,0.00563,0.9927
34037159,2,2,0.00333,0.01333,0.98334
29165233,2,2,0.00169,0.00853,0.98978
34626693,2,2,0.00151,0.01093,0.98756
37182092,2,2,0.00169,0.0078,0.99051
11431672,2,2,0.00305,0.0081,0.98885
22001473,2,2,0.01112,0.06295,0.92593
20407333,2,1,0.05667,0.69035,0.25298
19729655,2,2,0.00263,0.01463,0.98273
29300705,2,2,0.00529,0.01027,0.98444
27822465,2,2,0.00222,0.01265,0.98513
20272628,2,2,0.00226,0.01162,0.98612
20361326,2,2,0.00224,0.00716,0.9906
26719473,2,2,0.00166,0.00962,0.98872
10450064,2,2,0.00941,0.21927,0.77132
7356575,2,2,0.00169,0.00827,0.99004
17092340,2,2,0.00116,0.006,0.99284
4730666,2,2,0.00144,0.00706,0.9915
18152604,2,2,0.00424,0.00617,0.98959
36425340,2,2,0.03126,0.31576,0.65298
21903892,2,2,0.00596,0.0371,0.95693
27579538,2,2,0.00157,0.00505,0.99338
35838367,2,2,0.0166,0.0982,0.88521
37193347,2,2,0.00493,0.02525,0.96982
249658,2,1,0.13903,0.8281,0.03287
8405951,2,2,0.00495,0.01405,0.981
20282211,2,2,0.00242,0.00786,0.98973
33163897,2,2,0.00473,0.01378,0.98149
27084229,2,2,0.00216,0.01027,0.98757
889501,2,1,0.10589,0.86269,0.03142
16725473,2,2,0.00282,0.03861,0.95857
36120814,2,2,0.018,0.02205,0.95995
35457526,2,2,0.0021,0.00694,0.99096
12669764,2,2,0.00245,0.00836,0.98919
9158434,2,2,0.00264,0.01408,0.98328
6000751,2,1,0.03031,0.69528,0.27441
41329539,2,2,0.00309,0.0123,0.98462
8535402,2,2,0.00161,0.00546,0.99293
25854254,2,2,0.00168,0.01404,0.98428
6904767,2,2,0.00428,0.04264,0.95308
26434398,2,2,0.00191,0.01109,0.987
38861153,2,2,0.00234,0.02215,0.97551
561044,2,2,0.0013,0.00563,0.99307
19935402,2,2,0.06441,0.08048,0.85511
18005015,2,1,0.03341,0.82218,0.14442
11171376,2,2,0.00138,0.00674,0.99189
15200071,2,1,0.16296,0.71271,0.12433
9652869,2,2,0.00174,0.00679,0.99147
35455464,2,2,0.00244,0.01299,0.98457
28975970,2,2,0.00172,0.00668,0.9916
23158855,2,2,0.00151,0.00883,0.98965
19111871,2,2,0.00263,0.01661,0.98076
11204886,2,1,0.25196,0.72906,0.01898
25740181,2,2,0.00224,0.01971,0.97805
40378007,2,2,0.02979,0.05067,0.91953
22337011,2,2,0.00238,0.00647,0.99115
24769104,2,2,0.00138,0.00751,0.99111
25827835,2,2,0.02803,0.08618,0.88579
12558071,2,2,0.0028,0.01486,0.98234
36549114,2,2,0.00237,0.01299,0.98464
31982958,2,2,0.04386,0.32158,0.63456
41037389,2,2,0.00278,0.00869,0.98854
17201533,2,2,0.00396,0.01219,0.98385
27404860,2,2,0.00183,0.00546,0.99271
34920926,2,2,0.00249,0.0078,0.98971
13049743,2,2,0.0021,0.00798,0.98992
27840434,2,2,0.00367,0.01061,0.98572
7233421,2,2,0.00163,0.00824,0.99013
33343656,2,2,0.01817,0.13988,0.84195
32870680,2,2,0.00263,0.01713,0.98024
265030,2,2,0.00542,0.11045,0.88413
34757998,2,2,0.00846,0.03585,0.95569
35397504,2,2,0.0017,0.01582,0.98248
8833574,2,1,0.08755,0.76824,0.14421
39260252,2,2,0.00232,0.01475,0.98292
38791143,2,2,0.002,0.00976,0.98824
9413250,2,1,0.03201,0.7458,0.22219
32145366,2,2,0.00285,0.01221,0.98494
2965968,2,2,0.01053,0.01184,0.97764
14347330,2,2,0.00138,0.00763,0.991
11665701,2,2,0.00331,0.02003,0.97666
40328595,2,2,0.00493,0.02633,0.96875
21022600,2,2,0.0195,0.3196,0.66091
13935211,2,2,0.00393,0.0189,0.97717
27116020,2,1,0.45474,0.51128,0.03399
17381521,2,2,0.04936,0.08595,0.86469
35929090,2,2,0.00319,0.01078,0.98603
40672868,2,2,0.00363,0.02105,0.97532
25446120,2,2,0.00288,0.01706,0.98005
24504278,2,2,0.01739,0.03326,0.94936
19217878,2,2,0.0013,0.00618,0.99252
13525154,2,2,0.00257,0.0071,0.99032
34235050,2,2,0.00138,0.0059,0.99272
40871363,2,2,0.00912,0.00824,0.98264
18102163,2,2,0.01827,0.02239,0.95934
28141904,2,2,0.00177,0.00936,0.98887
12258701,2,2,0.00163,0.00853,0.98984
6089454,2,1,0.03495,0.75306,0.212
28853998,2,2,0.00147,0.00457,0.99396
27091332,2,2,0.00443,0.00895,0.98663
2602970,2,2,0.00154,0.00717,0.9913
36814456,2,2,0.01317,0.10584,0.88099
9652369,2,1,0.42892,0.52552,0.04556
5576932,2,2,0.00568,0.0688,0.92552
9712352,2,2,0.00188,0.00673,0.99138
30241357,2,2,0.00844,0.07517,0.91639
11906296,2,2,0.00325,0.0071,0.98965
30220054,2,2,0.00443,0.00944,0.98613
10968237,2,2,0.00277,0.01075,0.98648
31178840,2,2,0.00142,0.00695,0.99163
21707917,2,2,0.00278,0.00673,0.99049
33781873,2,2,0.00138,0.00766,0.99097
8405432,2,2,0.00156,0.00555,0.99289
14760223,2,2,0.0034,0.02495,0.97165
25557545,2,2,0.00237,0.00984,0.98779
28471276,2,2,0.00295,0.0253,0.97175
8906951,2,2,0.00299,0.02922,0.96779
27136716,2,2,0.05509,0.16034,0.78457
19945852,2,2,0.00153,0.01236,0.98611
15661734,2,2,0.00217,0.00727,0.99056
29870744,2,1,0.11041,0.75745,0.13214
41618352,2,2,0.02772,0.22893,0.74335
41558587,2,2,0.0015,0.004,0.9945
13182766,2,2,0.06758,0.33006,0.60235
695529,2,2,0.0021,0.00559,0.99231
7006234,2,2,0.00393,0.0189,0.97717
18209520,2,2,0.00166,0.00863,0.98971
28422101,2,2,0.00145,0.00388,0.99467
34206363,2,2,0.00229,0.01515,0.98256
900223,2,2,0.01284,0.04345,0.9437
19752185,2,2,0.06656,0.15061,0.78283
34763812,2,2,0.00163,0.01039,0.98798
16085420,2,0,0.53685,0.44506,0.01809
32479214,2,2,0.00536,0.06425,0.93039
23631364,2,2,0.00438,0.00504,0.99058
2409265,2,2,0.00414,0.01363,0.98223
3706507,2,2,0.00524,0.01199,0.98277
9544520,2,2,0.00301,0.01974,0.97725
35438564,2,1,0.05003,0.6387,0.31128
31589470,2,2,0.00622,0.01109,0.98269
6079187,2,2,0.00154,0.00614,0.99233
20400289,2,2,0.00188,0.00658,0.99154
2177822,2,2,0.00174,0.00739,0.99087
29153422,2,2,0.00161,0.00614,0.99225
40790657,2,2,0.00314,0.01125,0.98561
18821031,2,2,0.00206,0.01175,0.98619
3123909,2,2,0.00154,0.00494,0.99352
34243843,2,2,0.00124,0.00475,0.99401
9765031,2,2,0.00375,0.01827,0.97798
38108948,2,2,0.00555,0.0466,0.94786
8292884,2,2,0.00189,0.00576,0.99235
23711712,2,2,0.0014,0.00777,0.99083
40014288,2,2,0.00349,0.01338,0.98313
11927978,2,2,0.0572,0.12179,0.82101
39268738,2,2,0.00161,0.00918,0.98921
15227038,2,2,0.02724,0.34783,0.62493
30021421,2,2,0.00542,0.05406,0.94052
10120250,2,2,0.00281,0.01324,0.98396
33714831,2,2,0.00188,0.01072,0.98741
13483893,2,2,0.00339,0.01078,0.98583
34343962,2,2,0.01453,0.0433,0.94217
33817221,2,2,0.00591,0.02275,0.97133
36951947,2,2,0.00253,0.00957,0.9879
25197809,2,2,0.00204,0.00705,0.99091
26185889,2,2,0.00128,0.00501,0.99371
37550748,2,2,0.00147,0.00577,0.99276
39419933,2,2,0.00168,0.01097,0.98735
10316019,2,2,0.01363,0.30894,0.67743
21698373,2,2,0.00202,0.01442,0.98356
15419218,2,2,0.02432,0.02671,0.94897
26855954,2,2,0.00543,0.02285,0.97172
1754385,2,2,0.01158,0.03947,0.94895
5517415,2,2,0.00246,0.01941,0.97813
22643299,2,2,0.00545,0.03443,0.96012
231333,2,2,0.00461,0.04612,0.94927
36472306,2,2,0.0014,0.00757,0.99103
27469535,2,2,0.00458,0.0365,0.95892
37987290,2,2,0.00223,0.00817,0.9896
33945786,2,2,0.00274,0.00744,0.98982
25243833,2,2,0.0077,0.07393,0.91837
25000980,2,2,0.05857,0.07404,0.8674
12948059,2,2,0.00481,0.03458,0.96061
27095721,2,2,0.01151,0.02254,0.96595
21035448,2,2,0.06602,0.1452,0.78878
23013935,2,2,0.00154,0.00653,0.99193
19829741,2,2,0.00316,0.03345,0.96338
15540169,2,1,0.05381,0.82876,0.11743
749664,2,2,0.00203,0.00984,0.98813
8147274,2,2,0.00319,0.01058,0.98623
40813921,2,1,0.41221,0.55686,0.03093
34950072,2,2,0.00952,0.01176,0.97872
23233137,2,2,0.00182,0.00863,0.98955
18118727,2,2,0.00154,0.007,0.99146
9981405,2,2,0.00323,0.04257,0.95419
30081672,2,1,0.05061,0.70414,0.24525
4577878,2,2,0.0014,0.00628,0.99232
39516608,2,2,0.00503,0.02086,0.97411
39664264,2,2,0.00169,0.00586,0.99245
20030721,2,2,0.01975,0.02852,0.95173
18289080,2,2,0.00138,0.00572,0.9929
29481451,2,2,0.00156,0.00757,0.99087
9155525,2,2,0.00322,0.04632,0.95046
8582068,2,2,0.00234,0.00817,0.98949
18763229,2,2,0.06347,0.27516,0.66137
13201107,2,2,0.00262,0.02051,0.97687
13430386,2,2,0.00266,0.00513,0.99221
23675586,2,2,0.00628,0.08993,0.90379
27424266,2,2,0.0027,0.00716,0.99015
16617709,2,2,0.00812,0.01615,0.97574
34062329,2,2,0.00281,0.01283,0.98436
5574962,2,2,0.00356,0.02411,0.97233
15888406,2,2,0.00155,0.01181,0.98664
16348933,2,2,0.00185,0.00992,0.98823
15769880,2,2,0.01499,0.26265,0.72236
29818125,2,2,0.00317,0.03099,0.96584
23196483,2,2,0.00218,0.01865,0.97918
33716123,2,0,0.48823,0.39849,0.11328
4553034,2,2,0.00159,0.00538,0.99303
1566924,2,1,0.48281,0.49426,0.02294
6293591,2,0,0.68401,0.2576,0.05838
20009513,2,2,0.00339,0.01183,0.98478
9890177,2,2,0.00166,0.00762,0.99071
22476233,2,1,0.02357,0.56667,0.40976
8943057,2,2,0.00576,0.01802,0.97622
23767831,2,2,0.00255,0.01661,0.98084
9599815,2,2,0.00267,0.03253,0.9648
16344593,2,2,0.00197,0.00673,0.99129
40460837,2,2,0.00507,0.00584,0.98909
24122287,2,2,0.00399,0.07975,0.91626
12313059,2,2,0.00193,0.01153,0.98654
32237627,2,2,0.01753,0.04028,0.94219
36269797,2,2,0.00995,0.0944,0.89565
22329330,2,2,0.00181,0.01448,0.98371
13777211,2,2,0.00448,0.0271,0.96842
26364591,2,2,0.00223,0.02284,0.97493
6250269,2,2,0.0025,0.02052,0.97699
38582974,2,2,0.00627,0.03294,0.96078
32554508,2,2,0.00171,0.00894,0.98935
32775250,2,1,0.2369,0.61029,0.15281
20747947,2,2,0.00307,0.01654,0.98039
34762156,2,2,0.00366,0.01243,0.9839
15587107,2,1,0.47088,0.51313,0.01599
7758722,2,2,0.00311,0.01958,0.97731
25943749,2,2,0.00517,0.01696,0.97787
33986898,2,2,0.00164,0.00774,0.99062
9478604,2,2,0.00412,0.01861,0.97727
24403826,2,2,0.00227,0.00733,0.9904
13249061,2,2,0.00761,0.07119,0.92121
40595717,2,2,0.00238,0.00558,0.99203
34921191,2,2,0.00194,0.00643,0.99163
14420974,2,2,0.00225,0.01436,0.98339
37759696,2,2,0.01153,0.01358,0.97489
24289666,2,2,0.00233,0.01139,0.98627
16949001,2,2,0.00171,0.00756,0.99072
19832291,2,2,0.00879,0.02894,0.96226
24741472,2,2,0.00748,0.01343,0.97909
8047337,2,2,0.00241,0.0256,0.97199
37711564,2,2,0.00899,0.18136,0.80964
9971016,2,2,0.05479,0.20637,0.73884
17480737,2,2,0.00249,0.00889,0.98862
37215209,2,2,0.13201,0.20278,0.66521
8569174,2,0,0.48331,0.33217,0.18452
23640674,2,2,0.01972,0.45954,0.52073
8260722,2,2,0.00337,0.01635,0.98028
21512517,2,2,0.00294,0.01221,0.98485
28583732,2,2,0.00231,0.02092,0.97677
26584804,2,2,0.00237,0.01217,0.98547
24957900,2,1,0.07965,0.63633,0.28403
7311397,2,2,0.0076,0.01196,0.98043
21535849,2,2,0.0033,0.00855,0.98815
23627892,2,2,0.00588,0.01991,0.97421
18219479,2,2,0.00156,0.00568,0.99276
13789883,2,1,0.0433,0.73244,0.22426
32493435,2,2,0.00205,0.01398,0.98397
21843419,2,2,0.00144,0.00847,0.99009
25078365,2,2,0.00933,0.03109,0.95958
6124322,2,2,0.01003,0.10088,0.88909
40657899,2,2,0.00277,0.01087,0.98636
40312476,2,2,0.00394,0.01758,0.97849
31452164,2,2,0.00227,0.0078,0.98993
23948631,2,2,0.00193,0.01415,0.98393
30861848,2,2,0.00313,0.01234,0.98452
36635866,2,2,0.00236,0.01469,0.98294
655928,2,2,0.00283,0.00589,0.99128
15763552,2,2,0.00183,0.00471,0.99346
20124691,2,2,0.00332,0.01543,0.98124
19483182,2,2,0.00171,0.00969,0.9886
36829836,2,2,0.0014,0.00494,0.99366
36858319,2,2,0.00559,0.02513,0.96928
13207181,2,2,0.00481,0.03458,0.96061
9251221,2,2,0.00516,0.07122,0.92362
32135040,2,2,0.0066,0.04414,0.94926
23094655,2,2,0.00216,0.01203,0.98582
19031981,2,2,0.0029,0.01179,0.98531
13770287,2,2,0.00195,0.01741,0.98064
4118500,2,1,0.23745,0.74003,0.02252
26880819,2,2,0.00354,0.01537,0.98109
4775525,2,2,0.00233,0.01109,0.98658
36503713,2,2,0.00218,0.01516,0.98266
4830147,2,2,0.01457,0.44284,0.54258
21781161,2,2,0.00662,0.09881,0.89457
16915396,2,2,0.00252,0.01329,0.98419
16139867,2,2,0.01406,0.1231,0.86285
28570650,2,1,0.23519,0.60161,0.16319
16017816,2,2,0.00206,0.02479,0.97314
30165799,2,2,0.00161,0.00673,0.99165
20377262,2,2,0.00154,0.00538,0.99308
12168704,2,2,0.00249,0.0103,0.98721
8890882,2,2,0.00189,0.00478,0.99333
2041041,2,2,0.00795,0.15538,0.83667
39074154,2,2,0.00492,0.01186,0.98322
15776508,2,1,0.17857,0.64937,0.17206
4759596,2,2,0.00524,0.04155,0.9532
21196917,2,2,0.00447,0.01466,0.98087
4284995,2,2,0.0023,0.00925,0.98845
23445213,2,2,0.00234,0.00652,0.99113
23841253,2,1,0.02877,0.72468,0.24656
5197851,2,1,0.04893,0.63451,0.31657
2009095,2,2,0.00219,0.01212,0.98569
21348644,2,2,0.00555,0.06071,0.93373
33157182,2,2,0.00183,0.00679,0.99139
37639805,2,2,0.00576,0.01851,0.97573
24481416,2,2,0.00939,0.17166,0.81895
23212801,2,2,0.00292,0.00525,0.99183
2147288,2,2,0.00261,0.02381,0.97358
19413508,2,1,0.04774,0.59536,0.3569
39317944,2,2,0.00159,0.00733,0.99108
6446832,2,1,0.0812,0.85606,0.06274
20065088,2,2,0.00756,0.07634,0.91609
30984936,2,2,0.00138,0.00815,0.99048
7229245,2,2,0.00253,0.00756,0.98991
34903742,2,2,0.00463,0.02694,0.96843
35375577,2,2,0.00525,0.02505,0.9697
19168041,2,0,0.66329,0.30846,0.02825
37719378,2,2,0.0036,0.01473,0.98167
11451679,2,2,0.0132,0.19545,0.79135
24456652,2,2,0.04902,0.08209,0.86889
13098785,2,2,0.00396,0.01146,0.98458
14390205,2,2,0.00233,0.01157,0.9861
380518,2,2,0.00355,0.02855,0.9679
24513963,2,2,0.00288,0.01936,0.97776
11972299,2,2,0.00365,0.01555,0.9808
15757688,2,1,0.13146,0.72188,0.14666
32697125,2,2,0.0192,0.11171,0.86909
35177611,2,2,0.20905,0.30775,0.48321
24746774,2,2,0.00318,0.01211,0.98471
31335903,2,2,0.00131,0.00811,0.99057
4894654,2,2,0.00182,0.00936,0.98882
31265724,2,2,0.00118,0.00973,0.98909
6385594,2,2,0.00163,0.00837,0.99
20279250,2,2,0.00474,0.06235,0.93291
14157065,2,2,0.00531,0.01415,0.98054
22657181,2,2,0.01153,0.12835,0.86013
17544603,2,2,0.00375,0.02033,0.97592
23380708,2,2,0.00299,0.01239,0.98462
27946132,2,2,0.00169,0.00568,0.99263
2191376,2,2,0.00488,0.0498,0.94532
22770129,2,2,0.00171,0.00733,0.99095
11876614,2,2,0.00138,0.00689,0.99173
41380524,2,2,0.00194,0.01109,0.98697
8826276,2,1,0.08459,0.60111,0.3143
928876,2,2,0.00217,0.00762,0.99021
6236261,2,2,0.00223,0.00811,0.98966
11377102,2,2,0.09603,0.18884,0.71513
4550038,2,2,0.00194,0.00716,0.99089
15848350,2,2,0.00392,0.03715,0.95894
40646655,2,2,0.15703,0.15013,0.69284
24725612,2,2,0.00811,0.05416,0.93773
38603974,2,2,0.00971,0.05259,0.9377
41136939,2,2,0.00789,0.02886,0.96325
32524977,2,2,0.01135,0.0138,0.97485
36389497,2,2,0.00714,0.11375,0.87911
2223653,2,2,0.00187,0.013,0.98513
23647790,2,2,0.00163,0.01043,0.98794
14107260,2,2,0.00134,0.00555,0.99311
27326449,2,1,0.14682,0.7856,0.06758
17521691,2,2,0.00174,0.007,0.99126
775200,2,2,0.00166,0.00805,0.99029
40503378,2,2,0.01303,0.01454,0.97243
18405450,2,2,0.00507,0.02808,0.96685
15891850,2,2,0.00151,0.0094,0.98909
26688253,2,2,0.00166,0.00613,0.9922
4984810,2,2,0.00203,0.0083,0.98967
886057,2,1,0.21011,0.59971,0.19019
18276184,2,2,0.00184,0.01241,0.98575
2771926,2,2,0.00188,0.00843,0.98969
33430038,2,2,0.02503,0.05017,0.92479
16510421,2,2,0.00372,0.02822,0.96806
11099467,2,2,0.00375,0.01827,0.97798
17412160,2,2,0.00689,0.0251,0.96801
7358560,2,2,0.00919,0.03169,0.95913
23095436,2,2,0.00207,0.00859,0.98934
1949720,2,2,0.01701,0.14408,0.83891
10004364,2,2,0.00185,0.00859,0.98955
30826295,2,2,0.00206,0.01157,0.98637
35814723,2,1,0.03186,0.59639,0.37176
23238409,2,1,0.23544,0.68327,0.08129
12867310,2,2,0.00872,0.01438,0.9769
6117269,2,2,0.00206,0.01075,0.98718
4424982,2,2,0.00691,0.11596,0.87713
10969267,2,2,0.02655,0.03032,0.94314
28788715,2,2,0.00984,0.07664,0.91353
37851834,2,2,0.00151,0.00954,0.98894
7332813,2,2,0.00194,0.00969,0.98837
40047513,2,2,0.00444,0.00532,0.99024
2621030,2,2,0.00591,0.01581,0.97828
29814358,2,2,0.00478,0.00997,0.98525
19993228,2,2,0.00154,0.00517,0.99329
18658612,2,2,0.0059,0.09052,0.90358
13577093,2,2,0.03077,0.28516,0.68407
1754932,2,2,0.00177,0.00643,0.9918
10666738,2,2,0.00525,0.06893,0.92582
23005676,2,2,0.09745,0.22613,0.67642
36867982,2,2,0.00147,0.00475,0.99378
4491996,2,2,0.00266,0.0216,0.97574
5720480,2,1,0.02429,0.73799,0.23773
12736397,2,1,0.09851,0.66275,0.23875
16809666,2,2,0.00177,0.00904,0.98919
37457039,2,2,0.00431,0.02048,0.97521
9911010,2,2,0.00373,0.02433,0.97194
22547664,2,2,0.00388,0.00773,0.98839
33311798,2,2,0.00188,0.0078,0.99032
28984510,2,2,0.00593,0.05684,0.93723
13219430,2,2,0.02795,0.04644,0.9256
3215113,2,2,0.00129,0.00736,0.99134
16188796,2,1,0.21213,0.7699,0.01797
20648135,2,2,0.0013,0.00614,0.99257
23310364,2,2,0.00142,0.00604,0.99253
10734766,2,2,0.018,0.25737,0.72463
32186556,2,2,0.00382,0.01628,0.9799
26624135,2,2,0.05154,0.07677,0.8717
21271671,2,2,0.00798,0.06992,0.9221
29002247,2,2,0.0022,0.0075,0.9903
20264033,2,2,0.00174,0.00795,0.9903
35028179,2,2,0.01472,0.23027,0.75501
38280126,2,2,0.00296,0.00732,0.98972
5700735,2,2,0.00126,0.00513,0.99361
16960214,2,2,0.00283,0.00657,0.9906
10561470,2,2,0.00555,0.06071,0.93373
8135271,2,2,0.0055,0.00943,0.98506
11177175,2,1,0.12305,0.79304,0.08391
24691027,2,2,0.00561,0.03663,0.95776
20634402,2,2,0.00256,0.02896,0.96848
28803264,2,2,0.00277,0.01207,0.98517
39750292,2,2,0.00313,0.03012,0.96675
26397375,2,2,0.00345,0.01062,0.98594
10366606,2,2,0.00172,0.00668,0.9916
31201005,2,2,0.00163,0.01222,0.98615
33085749,2,2,0.00352,0.051,0.94548
35740640,2,2,0.00578,0.02157,0.97264
29290419,2,2,0.00201,0.00628,0.99172
39203843,2,2,0.00219,0.01442,0.9834
11573093,2,2,0.003,0.01006,0.98694
26863293,2,2,0.0014,0.00457,0.99403
5126989,2,2,0.00545,0.01946,0.97509
927492,2,2,0.01316,0.06439,0.92245
12452795,2,2,0.00576,0.04084,0.9534
14435517,2,2,0.01416,0.06794,0.91791
20529938,2,2,0.00188,0.0098,0.98832
41181744,2,2,0.30197,0.2285,0.46953
1885737,2,2,0.03039,0.17338,0.79623
12610215,2,1,0.22958,0.73965,0.03077
20403950,2,2,0.02544,0.13196,0.8426
3113644,2,2,0.00208,0.01854,0.97938
9340381,2,2,0.00177,0.00679,0.99144
17121663,2,0,0.50796,0.41136,0.08069
34404119,2,2,0.00823,0.09831,0.89347
22896247,2,2,0.00134,0.00475,0.99391
40058985,2,2,0.00296,0.00705,0.98999
37483498,2,2,0.00194,0.009,0.98906
22912199,2,2,0.00152,0.00577,0.99272
33695484,2,2,0.00436,0.0235,0.97214
4277954,2,2,0.00223,0.01184,0.98593
25546425,2,2,0.00226,0.01299,0.98475
16363658,2,2,0.0059,0.03209,0.96201
10872374,2,2,0.00319,0.01062,0.98619
34133244,2,2,0.00456,0.01137,0.98408
17824359,2,2,0.00185,0.00745,0.9907
31809811,2,2,0.0012,0.00751,0.99129
19737777,2,1,0.27744,0.70022,0.02233
23061981,2,1,0.03563,0.69904,0.26533
31642714,2,2,0.05954,0.46288,0.47758
836287,2,2,0.00858,0.16904,0.82237
15305423,2,2,0.00475,0.03195,0.9633
38862547,2,2,0.0066,0.05843,0.93497
28556576,2,1,0.01748,0.55235,0.43017
3398814,2,2,0.00308,0.01435,0.98257
10390939,2,0,0.42175,0.34828,0.22997
29540195,2,2,0.0021,0.00537,0.99252
23452319,2,2,0.00149,0.00992,0.98859
32694643,2,2,0.00197,0.00824,0.98979
1583633,2,1,0.06436,0.53049,0.40515
21851087,2,2,0.01483,0.21873,0.76644
6322149,2,2,0.00584,0.05702,0.93714
16732082,2,2,0.00245,0.00716,0.99039
38909344,2,2,0.00149,0.00609,0.99242
37686670,2,2,0.00242,0.00733,0.99026
31974006,2,2,0.00917,0.01106,0.97978
14368864,2,2,0.00762,0.09802,0.89436
27320896,2,2,0.00407,0.01596,0.97997
21961211,2,2,0.00307,0.01807,0.97886
16363469,2,2,0.05899,0.08094,0.86007
12902041,2,2,0.00206,0.01075,0.98718
16381517,2,2,0.01759,0.02935,0.95306
40232667,2,2,0.00186,0.00623,0.99191
16688451,2,2,0.00155,0.01607,0.98239
35224897,2,2,0.00224,0.00678,0.99098
29698762,2,2,0.04023,0.06183,0.89794
38974412,2,2,0.00538,0.03175,0.96287
6992541,2,2,0.00293,0.01786,0.97921
19866220,2,2,0.00231,0.00689,0.99081
3138082,2,2,0.07595,0.08164,0.84242
20515259,2,2,0.0013,0.00453,0.99417
10697278,2,2,0.02186,0.06301,0.91513
29798553,2,2,0.00217,0.01968,0.97815
41511589,2,2,0.00161,0.00633,0.99206
29125020,2,2,0.00154,0.00542,0.99304
21378195,2,2,0.00475,0.00908,0.98617
27444240,2,1,0.21365,0.75744,0.02891
19744785,2,2,0.03671,0.13439,0.8289
1087587,2,2,0.00349,0.00452,0.99198
18830417,2,2,0.00282,0.02422,0.97296
26414042,2,2,0.00599,0.01051,0.98351
8350826,2,2,0.00925,0.03979,0.95096
20834864,2,1,0.07907,0.86007,0.06086
20104937,2,2,0.00226,0.01122,0.98652
22843936,2,2,0.00136,0.00658,0.99206
38301317,2,2,0.00364,0.01772,0.97864
10586304,2,2,0.00388,0.03271,0.96341
20230028,2,2,0.0137,0.13203,0.85427
25274075,2,2,0.11744,0.10776,0.7748
19806404,2,2,0.00197,0.00914,0.98889
12525302,2,2,0.02029,0.44407,0.53565
17464479,2,2,0.00158,0.01383,0.9846
38938041,2,2,0.00413,0.01717,0.9787
17776772,2,2,0.01883,0.04517,0.936
26170742,2,2,0.00199,0.01241,0.9856
14812094,2,2,0.00824,0.13755,0.8542
3106693,2,2,0.00294,0.01249,0.98457
5210553,2,2,0.00177,0.00538,0.99285
21200863,2,2,0.00178,0.01705,0.98117
22341586,2,2,0.00179,0.01222,0.98599
5800616,2,2,0.01267,0.0347,0.95263
25268137,2,2,0.01136,0.02081,0.96784
9386228,2,2,0.02121,0.41448,0.56431
14064165,2,2,0.00428,0.01214,0.98358
5436197,2,2,0.00479,0.02269,0.97251
4903655,2,2,0.00249,0.0078,0.98971
17324990,2,2,0.00622,0.05559,0.93819
3825466,2,2,0.00311,0.01885,0.97804
29177481,2,2,0.00153,0.00951,0.98896
26460502,2,2,0.00154,0.007,0.99146
20683294,2,2,0.00183,0.00397,0.9942
14002900,2,2,0.00144,0.00908,0.98948
18341002,2,1,0.04243,0.71765,0.23992
38231001,2,2,0.00313,0.01435,0.98253
19011387,2,2,0.00309,0.02491,0.972
18835869,2,2,0.01032,0.06073,0.92895
36552791,2,2,0.00444,0.02244,0.97312
8753312,2,2,0.00321,0.01842,0.97837
10936644,2,2,0.00231,0.00716,0.99053
26385466,2,2,0.0469,0.25853,0.69457
944647,2,2,0.01663,0.11702,0.86635
33733112,2,2,0.00185,0.00774,0.99041
7760876,2,2,0.00247,0.01808,0.97945
6658718,2,2,0.0029,0.02719,0.96991
9963228,2,2,0.00191,0.00792,0.99017
26682224,2,2,0.00241,0.0098,0.98779
12205780,2,2,0.00244,0.0124,0.98516
7833382,2,1,0.20512,0.77261,0.02226
10735180,2,2,0.00253,0.00716,0.99031
23568,2,2,0.00299,0.01313,0.98388
17529393,2,2,0.00157,0.01459,0.98383
40102822,2,2,0.00272,0.01376,0.98352
35240609,2,2,0.04044,0.08815,0.87141
240174,2,2,0.0027,0.01967,0.97763
17066615,2,2,0.00253,0.00946,0.98801
40156251,2,2,0.01984,0.14951,0.83065
22726321,2,2,0.0022,0.00817,0.98963
38920756,2,2,0.00305,0.00938,0.98757
10207686,2,2,0.00147,0.00599,0.99254
7917337,2,2,0.00188,0.00722,0.9909
40949012,2,2,0.00328,0.02983,0.96689
40029818,2,2,0.00627,0.03294,0.96078
39477872,2,1,0.1752,0.65415,0.17065
40110378,2,2,0.00244,0.01166,0.9859
20573342,2,1,0.31156,0.45509,0.23335
30432697,2,2,0.02733,0.0954,0.87727
22096839,2,2,0.00323,0.0144,0.98237
36283820,2,2,0.0028,0.03082,0.96638
17829089,2,2,0.0038,0.0217,0.9745
12887449,2,2,0.00291,0.00816,0.98892
9280537,2,2,0.01491,0.41246,0.57264
6079245,2,2,0.00133,0.0087,0.98997
5400666,2,2,0.00262,0.00541,0.99197
278123,2,2,0.00185,0.01162,0.98653
1455327,2,2,0.00198,0.00442,0.9936
4197588,2,2,0.00134,0.00563,0.99303
13635695,2,2,0.00458,0.02087,0.97455
23031395,2,2,0.00309,0.00938,0.98752
38271641,2,1,0.30784,0.4881,0.20407
2690456,2,2,0.26663,0.18509,0.54828
541440,2,2,0.00911,0.0395,0.95139
11972369,2,2,0.00506,0.08837,0.90657
38465872,2,2,0.00346,0.02187,0.97467
21949042,2,2,0.00242,0.00727,0.99031
8701840,2,2,0.00468,0.03129,0.96403
27894737,2,2,0.00834,0.16691,0.82475
17550365,2,1,0.15099,0.81108,0.03793
22512014,2,1,0.12575,0.79632,0.07793
37031709,2,2,0.0097,0.18239,0.8079
34922772,2,2,0.00304,0.01091,0.98605
37201035,2,1,0.17015,0.7018,0.12806
13947813,2,2,0.0013,0.00443,0.99427
20455001,2,2,0.00156,0.00856,0.98988
28496404,2,2,0.00131,0.00894,0.98975
36590773,2,2,0.00268,0.01419,0.98313
11768786,2,1,0.07556,0.68942,0.23502
21703351,2,0,0.83645,0.13087,0.03269
38381636,2,2,0.00158,0.01123,0.98719
17135954,2,2,0.00157,0.00443,0.99401
35037716,2,2,0.05089,0.08828,0.86082
35201009,2,2,0.00157,0.00373,0.9947
943589,2,2,0.00373,0.00875,0.98752
37142918,2,2,0.0054,0.07192,0.92268
2146122,2,2,0.00262,0.02091,0.97647
29126505,2,2,0.00632,0.04135,0.95233
6633290,2,2,0.00634,0.01458,0.97908
29538172,2,2,0.00409,0.0258,0.97011
11098393,2,2,0.00204,0.00567,0.99229
15293472,2,2,0.01308,0.15229,0.83463
12733996,2,2,0.00161,0.00614,0.99225
10778509,2,2,0.00172,0.00618,0.9921
32338073,2,2,0.00283,0.00673,0.99045
425959,2,2,0.00257,0.00721,0.99021
33167798,2,2,0.00262,0.02067,0.97671
27096307,2,2,0.00177,0.00856,0.98967
14955585,2,2,0.00171,0.00833,0.98995
22997475,2,1,0.30779,0.36569,0.32652
29522796,2,2,0.00375,0.04836,0.94789
5552857,2,2,0.00171,0.0098,0.98848
31947822,2,2,0.00142,0.00867,0.98991
33256117,2,2,0.0289,0.42144,0.54966
22347365,2,2,0.00144,0.0076,0.99096
18734208,2,2,0.00328,0.04474,0.95198
37914193,2,2,0.0025,0.02083,0.97667
6792777,2,2,0.00113,0.00486,0.99401
17073014,2,2,0.00219,0.01063,0.98718
11607418,2,2,0.00405,0.00584,0.99011
12007601,2,2,0.00177,0.00962,0.98862
3936983,2,2,0.0065,0.02825,0.96525
2399039,2,2,0.00578,0.05143,0.94279
24621488,2,2,0.00779,0.04821,0.944
39131378,2,1,0.21088,0.64168,0.14744
40014566,2,2,0.00136,0.00542,0.99322
11897144,2,2,0.02175,0.05331,0.92493
9191314,2,2,0.00203,0.02405,0.97392
11555464,2,2,0.00216,0.0095,0.98834
41038815,2,2,0.00262,0.02067,0.97671
38647150,2,2,0.00213,0.00836,0.98951
18988634,2,2,0.00156,0.00695,0.99149
27709089,2,2,0.00116,0.00623,0.9926
28672138,2,2,0.00472,0.03861,0.95667
35043906,2,2,0.00177,0.00733,0.9909
26794623,2,2,0.00462,0.01342,0.98196
13341229,2,2,0.00188,0.00999,0.98813
22149460,2,2,0.0301,0.41071,0.55919
38848667,2,2,0.0064,0.04357,0.95002
27952199,2,2,0.05886,0.12546,0.81569
6608290,2,2,0.00435,0.01069,0.98496
40820578,2,2,0.00177,0.00542,0.99281
19783055,2,2,0.00314,0.01147,0.98539
5299261,2,2,0.00242,0.02001,0.97756
9860315,2,2,0.00572,0.06186,0.93242
10045984,2,2,0.00363,0.05107,0.9453
13606310,2,2,0.02431,0.09827,0.87741
40541554,2,2,0.00177,0.00722,0.99101
21346895,2,2,0.01411,0.03478,0.95111
17619931,2,2,0.00151,0.01185,0.98664
28269567,2,2,0.00324,0.00875,0.988
35753246,2,2,0.00392,0.03621,0.95986
41253668,2,2,0.00234,0.00637,0.99128
38562720,2,2,0.00168,0.01194,0.98638
16738699,2,2,0.00142,0.00777,0.9908
36379490,2,0,0.7966,0.19522,0.00818
25878358,2,2,0.00398,0.00797,0.98806
19911530,2,2,0.00254,0.00501,0.99245
2321088,2,2,0.00129,0.00996,0.98875
21623916,2,1,0.04381,0.78259,0.1736
15189599,2,2,0.0018,0.00563,0.99257
39088906,2,2,0.01096,0.09102,0.89802
34770544,2,2,0.00708,0.05134,0.94159
5732077,2,2,0.0034,0.02448,0.97212
8849209,2,2,0.00918,0.02476,0.96606
26194496,2,2,0.0012,0.00663,0.99217
15148639,2,2,0.00201,0.00505,0.99294
25556883,2,2,0.03658,0.12422,0.8392
27217935,2,2,0.00256,0.01324,0.9842
22938411,2,2,0.00238,0.00576,0.99186
21017994,2,2,0.00198,0.00525,0.99277
7974941,2,1,0.08321,0.57987,0.33692
3054804,2,2,0.00265,0.00792,0.98943
7246296,2,2,0.00458,0.01373,0.98169
29719887,2,2,0.1961,0.30314,0.50076
12901460,2,2,0.00927,0.08807,0.90265
9729476,2,2,0.00131,0.00887,0.98982
26425922,2,2,0.00142,0.0086,0.98998
9762721,2,2,0.00237,0.01096,0.98667
36134995,2,2,0.00176,0.01114,0.9871
12021682,2,1,0.06381,0.73022,0.20597
25530713,2,2,0.00222,0.01255,0.98523
30199098,2,2,0.00116,0.00595,0.99289
10151368,2,2,0.00638,0.07571,0.9179
30647345,2,2,0.00191,0.00678,0.9913
40052380,2,2,0.00725,0.0583,0.93446
2680655,2,2,0.00836,0.0399,0.95173
8928096,2,2,0.0021,0.02245,0.97545
17881207,2,2,0.00198,0.00456,0.99346
3782837,2,2,0.00259,0.01593,0.98148
38746904,2,2,0.00459,0.01276,0.98265
26931452,2,2,0.0496,0.11805,0.83235
21436658,2,2,0.00182,0.00814,0.99004
36466345,2,2,0.01186,0.28278,0.70537
37484688,2,2,0.00299,0.02906,0.96796
41173737,2,1,0.02677,0.60936,0.36387
13461052,2,2,0.00423,0.02414,0.97164
35257269,2,2,0.00623,0.03917,0.9546
15270369,2,1,0.11659,0.84732,0.03608
33188971,2,2,0.00376,0.01566,0.98057
32229700,2,2,0.0064,0.02099,0.97261
33780086,2,2,0.00376,0.0156,0.98063
2419209,2,2,0.00154,0.00546,0.993
39039542,2,2,0.00191,0.00648,0.99161
14774417,2,2,0.00448,0.01182,0.9837
11516382,2,2,0.06533,0.21567,0.719
17787648,2,2,0.00173,0.01588,0.98239
29963378,2,1,0.05047,0.86027,0.08927
20032680,2,1,0.07212,0.46847,0.45941
3929738,2,2,0.00153,0.01399,0.98448
40643518,2,2,0.0104,0.00862,0.98098
41344739,2,1,0.45407,0.46484,0.08109
36431750,2,2,0.00136,0.006,0.99265
14334558,2,0,0.66078,0.31458,0.02464
35510833,2,2,0.01671,0.03456,0.94873
25661627,2,2,0.03896,0.12143,0.83961
25875913,2,2,0.00129,0.00977,0.98894
20814819,2,2,0.00223,0.02346,0.97431
12834753,2,2,0.00628,0.06164,0.93208
1512005,2,2,0.00254,0.00456,0.9929
1659776,2,2,0.00643,0.06853,0.92504
20421010,2,2,0.00305,0.00938,0.98757
12983954,2,2,0.0106,0.01269,0.97672
14150140,2,2,0.00245,0.00896,0.98859
41036468,2,2,0.0052,0.01866,0.97613
6240805,2,2,0.0013,0.00426,0.99444
8148675,2,2,0.00202,0.0133,0.98468
33181692,2,2,0.00134,0.00711,0.99155
19287395,2,2,0.00244,0.02818,0.96938
14514103,2,2,0.00198,0.0059,0.99212
6368554,2,2,0.00176,0.01185,0.98639
29251048,2,2,0.00315,0.02098,0.97587
16383452,2,2,0.0034,0.00842,0.98818
24333740,2,2,0.00174,0.00638,0.99188
25976174,2,2,0.0022,0.0075,0.9903
16632913,2,2,0.00257,0.00953,0.9879
37737634,2,2,0.00269,0.00738,0.98992
6992322,2,2,0.0032,0.02082,0.97598
6140183,2,2,0.00224,0.02025,0.97751
29583918,2,2,0.00219,0.01345,0.98436
11078900,2,2,0.00414,0.01513,0.98074
1115030,2,2,0.00347,0.03516,0.96138
992803,2,2,0.00289,0.01674,0.98038
24738182,2,2,0.00832,0.01495,0.97673
32876127,2,2,0.00278,0.00673,0.99049
15125713,2,0,0.60557,0.376,0.01843
37249100,2,2,0.00202,0.01569,0.98229
16148706,2,0,0.68145,0.30239,0.01615
20898346,2,2,0.00392,0.0228,0.97328
41333644,2,2,0.00159,0.00638,0.99203
30029835,2,2,0.00281,0.0289,0.96829
6544718,2,1,0.07071,0.71417,0.21512
3629490,2,2,0.00191,0.009,0.98909
5071151,2,2,0.00149,0.01023,0.98828
22916233,2,2,0.0016,0.01149,0.98691
10795897,2,2,0.23608,0.18068,0.58324
26478412,2,2,0.05567,0.16986,0.77447
7931229,2,2,0.00147,0.0083,0.99023
33778269,2,2,0.00629,0.0313,0.96241
30999917,2,2,0.00163,0.00925,0.98911
22482159,2,2,0.00164,0.00695,0.99142
5507539,2,2,0.00234,0.02161,0.97605
41259957,2,2,0.00138,0.00748,0.99114
7510988,2,2,0.00744,0.1059,0.88667
3786225,2,2,0.00281,0.01397,0.98322
24527082,2,2,0.00417,0.05295,0.94289
33630414,2,2,0.00283,0.03687,0.9603
40602845,2,2,0.00212,0.01226,0.98561
33689269,2,2,0.00277,0.00976,0.98747
203404,2,2,0.15446,0.25918,0.58636
18524534,2,2,0.01321,0.03904,0.94775
34321188,2,2,0.00295,0.01121,0.98584
36710969,2,2,0.00124,0.00772,0.99105
32900052,2,2,0.00237,0.01153,0.98611
28680031,2,2,0.00425,0.07789,0.91786
14379841,2,2,0.0019,0.01372,0.98438
5191075,2,1,0.04227,0.82936,0.12837
8679658,2,2,0.11456,0.35983,0.5256
6633861,2,0,0.65622,0.31733,0.02646
40853406,2,2,0.00361,0.04162,0.95477
19598584,2,2,0.00483,0.03013,0.96504
5183733,2,2,0.0072,0.01996,0.97285
34567933,2,2,0.07726,0.37586,0.54688
37861729,2,2,0.00115,0.00525,0.9936
12101286,2,2,0.00494,0.0674,0.92766
6547342,2,2,0.01319,0.171,0.81581
26968936,2,2,0.00242,0.00727,0.99031
17224259,2,2,0.0168,0.05135,0.93184
24829443,2,2,0.00249,0.00896,0.98855
22536320,2,2,0.00191,0.00689,0.9912
17939286,2,2,0.22832,0.13943,0.63225
24589456,2,2,0.00581,0.1177,0.87649
41025444,2,2,0.00161,0.00805,0.99034
41606209,2,1,0.45753,0.53074,0.01173
24532335,2,2,0.00588,0.03514,0.95898
11267782,2,2,0.00783,0.07299,0.91918
16788263,2,2,0.0034,0.00953,0.98708
21788766,2,2,0.03079,0.33619,0.63302
116554,2,2,0.00471,0.00847,0.98681
10783057,2,2,0.00318,0.04226,0.95456
20917088,2,2,0.00389,0.03038,0.96573
18800466,2,2,0.00494,0.0233,0.97175
28630170,2,2,0.00147,0.0055,0.99303
1197675,2,2,0.00855,0.06255,0.92889
20625288,2,1,0.04143,0.61839,0.34018
19763565,2,2,0.03968,0.11847,0.84185
34400389,2,2,0.00276,0.01474,0.9825
20618161,2,2,0.00358,0.03334,0.96307
23594816,2,2,0.03443,0.2294,0.73617
24535385,2,2,0.00197,0.01144,0.98659
29935327,2,2,0.00849,0.04012,0.95139
5132651,2,2,0.00198,0.00554,0.99248
9895489,2,2,0.00248,0.01152,0.98599
10217116,2,2,0.00185,0.00843,0.98972
24186673,2,2,0.00166,0.00756,0.99077
19034148,2,2,0.00243,0.01707,0.9805
27284772,2,2,0.00176,0.00969,0.98854
36867362,2,2,0.00196,0.0127,0.98534
14591091,2,2,0.00207,0.00668,0.99125
40240276,2,2,0.00154,0.00628,0.99218
22594127,2,1,0.02052,0.61864,0.36085
34019724,2,2,0.00348,0.06071,0.93581
35674201,2,2,0.00226,0.02556,0.97218
25646100,2,0,0.41168,0.31595,0.27237
28697162,2,2,0.00295,0.01006,0.98699
11368114,2,2,0.02567,0.06242,0.91191
27145367,2,1,0.14009,0.72545,0.13446
10713019,2,2,0.00886,0.03644,0.9547
36996099,2,2,0.00149,0.00467,0.99383
41277310,2,2,0.00687,0.06434,0.92879
9991855,2,2,0.00209,0.02655,0.97136
17841422,2,2,0.00515,0.02872,0.96613
23291870,2,2,0.0022,0.00886,0.98894
29015775,2,2,0.00301,0.00744,0.98956
9071104,2,2,0.00164,0.00663,0.99173
39467482,2,2,0.00145,0.00633,0.99222
31510395,2,2,0.00159,0.01917,0.97924
37957858,2,2,0.00305,0.02235,0.9746
29056179,2,2,0.00167,0.00429,0.99404
11656328,2,2,0.00279,0.03369,0.96352
4271239,2,2,0.00182,0.00756,0.99061
26824819,2,2,0.00568,0.02438,0.96994
40862578,2,2,0.00147,0.0059,0.99263
41246567,2,2,0.00234,0.0091,0.98856
3625010,2,2,0.01516,0.06122,0.92362
6691935,2,2,0.00214,0.00554,0.99232
23477319,2,2,0.00161,0.00748,0.99091
6869581,2,2,0.00367,0.01133,0.985
21591155,2,2,0.00492,0.01247,0.98261
21753019,2,2,0.00262,0.00563,0.99176
22458750,2,2,0.03768,0.02423,0.93809
39574149,2,2,0.00188,0.00999,0.98813
6957008,2,2,0.2891,0.06826,0.64264
5511400,2,1,0.19819,0.641,0.16081
29588492,2,2,0.01025,0.29848,0.69127
8560671,2,2,0.00168,0.00925,0.98906
22929103,2,2,0.00204,0.00521,0.99275
38684923,2,2,0.00646,0.03479,0.95875
13879816,2,2,0.00171,0.00943,0.98886
29508033,2,2,0.00348,0.01519,0.98132
11628731,2,2,0.00216,0.00823,0.9896
34912987,2,2,0.00658,0.00865,0.98476
4709158,2,2,0.11063,0.22996,0.65941
7598694,2,2,0.00354,0.04416,0.9523
21957737,2,2,0.00673,0.04065,0.95263
12437036,2,2,0.0021,0.00684,0.99106
4504362,2,2,0.00769,0.10386,0.88846
13878449,2,1,0.06481,0.80196,0.13324
14619577,2,2,0.00183,0.0049,0.99327
28531410,2,2,0.08025,0.06373,0.85602
28302481,2,2,0.12223,0.15633,0.72145
33960063,2,2,0.00191,0.00792,0.99017
18898933,2,1,0.02546,0.57942,0.39513
14511716,2,2,0.00487,0.05233,0.9428
23720499,2,2,0.00182,0.00943,0.98875
38547085,2,2,0.01271,0.03914,0.94816
9056169,2,1,0.2182,0.63199,0.14982
16869697,2,2,0.00271,0.03127,0.96602
11208429,2,2,0.00188,0.00918,0.98894
38923143,2,2,0.00349,0.01354,0.98297
6639129,2,2,0.00497,0.03249,0.96254
40516602,2,2,0.00268,0.02746,0.96986
34861295,2,2,0.00221,0.02013,0.97766
3950657,2,2,0.00752,0.03045,0.96204
3932050,2,2,0.00228,0.01829,0.97943
25831506,2,2,0.00286,0.00968,0.98746
12247209,2,1,0.05701,0.87119,0.07179
10532126,2,2,0.00485,0.05595,0.9392
29986536,2,2,0.02011,0.02583,0.95406
20399502,2,2,0.00174,0.00768,0.99058
35532858,2,2,0.00156,0.00689,0.99154
677277,2,2,0.00246,0.01952,0.97802
18323215,2,2,0.00244,0.02932,0.96824
5958013,2,2,0.00169,0.00618,0.99213
14058114,2,2,0.01228,0.01247,0.97525
11672636,2,2,0.00339,0.01293,0.98369
27515196,2,1,0.03369,0.56539,0.40092
37442911,2,2,0.00206,0.01075,0.98718
35449892,2,2,0.00182,0.01131,0.98687
39949746,2,2,0.00434,0.01422,0.98144
13131603,2,2,0.01055,0.28951,0.69994
20370525,2,2,0.00227,0.02293,0.9748
8652699,2,1,0.39611,0.59001,0.01388
29865103,2,2,0.00977,0.13803,0.8522
5066694,2,2,0.05408,0.1164,0.82953
20793185,2,2,0.0046,0.01818,0.97722
1150712,2,2,0.0073,0.0518,0.9409
8772647,2,2,0.00355,0.01333,0.98313
32680178,2,2,0.00994,0.10899,0.88106
11391980,2,2,0.00185,0.00969,0.98846
13321884,2,2,0.00167,0.00413,0.99421
24078973,2,2,0.00428,0.02619,0.96952
20993243,2,2,0.00276,0.01349,0.98374
13187024,2,2,0.00309,0.01042,0.98649
18770159,2,2,0.00278,0.02417,0.97305
33359317,2,2,0.00253,0.0221,0.97536
36944617,2,2,0.00219,0.01217,0.98564
34178349,2,2,0.00136,0.00586,0.99278
22294122,2,2,0.00159,0.00745,0.99097
20897637,2,2,0.00262,0.03316,0.96422
28139276,2,2,0.00355,0.02749,0.96896
39420502,2,2,0.00262,0.01822,0.97916
32084134,2,0,0.58535,0.40231,0.01234
36058684,2,2,0.17758,0.1652,0.65722
20002945,2,2,0.00447,0.01422,0.98131
13724230,2,2,0.00312,0.01532,0.98156
35094273,2,2,0.00223,0.01118,0.9866
20348060,2,2,0.02613,0.33095,0.64293
972150,2,2,0.00156,0.0083,0.99014
36395321,2,2,0.00138,0.00457,0.99405
39085268,2,2,0.00265,0.00942,0.98793
26907038,2,2,0.00849,0.0695,0.92201
7406521,2,2,0.00852,0.02176,0.96972
12000713,2,1,0.05671,0.8204,0.1229
21775021,2,2,0.00188,0.00999,0.98813
1951496,2,2,0.00484,0.02771,0.96744
30701729,2,2,0.00265,0.00683,0.99051
1562663,2,1,0.04784,0.62524,0.32692
31968756,2,2,0.00228,0.00493,0.99279
14054362,2,2,0.00362,0.02429,0.97209
15948926,2,2,0.05874,0.0472,0.89406
16143768,2,2,0.06463,0.31256,0.62281
30495677,2,2,0.00172,0.00538,0.99291
19487967,2,2,0.00216,0.01019,0.98765
877778,2,2,0.00177,0.00856,0.98967
26055756,2,2,0.00142,0.00768,0.99089
26021717,2,2,0.01636,0.09038,0.89326
16097127,2,0,0.60255,0.14882,0.24863
1531848,2,2,0.00923,0.01917,0.9716
24964441,2,2,0.0018,0.00756,0.99064
5578974,2,2,0.0016,0.01236,0.98603
23841387,2,2,0.00206,0.01011,0.98783
33511312,2,2,0.00277,0.01054,0.98669
20004383,2,2,0.00764,0.06645,0.9259
3770100,2,2,0.00262,0.02067,0.97671
6840567,2,2,0.00521,0.01683,0.97796
23435931,2,2,0.00393,0.0189,0.97717
30527748,2,2,0.00252,0.01329,0.98419
11236503,2,2,0.00522,0.01494,0.97984
25282922,2,2,0.00222,0.01475,0.98303
27166469,2,1,0.27299,0.64725,0.07976
9080706,2,2,0.00138,0.00904,0.98958
20402931,2,2,0.00577,0.02437,0.96986
39816581,2,2,0.03206,0.39519,0.57275
31096575,2,2,0.002,0.00756,0.99043
17205799,2,2,0.00603,0.01894,0.97504
32695813,2,2,0.00347,0.03379,0.96274
6981087,2,2,0.02511,0.21777,0.75712
37616221,2,1,0.34437,0.356,0.29963
3379385,2,1,0.06082,0.70696,0.23222
35575367,2,2,0.15598,0.23427,0.60974
2448127,2,2,0.11191,0.10975,0.77834
13023421,2,2,0.04688,0.20826,0.74486
24317710,2,1,0.021,0.72316,0.25584
14397092,2,2,0.00484,0.02873,0.96643
19288186,2,2,0.008,0.06761,0.92439
22101482,2,2,0.01509,0.01407,0.97084
40905985,2,2,0.00182,0.0114,0.98678
21708640,2,2,0.0018,0.00756,0.99064
19211820,2,2,0.00953,0.01105,0.97942
17780413,2,2,0.00371,0.01502,0.98127
3566640,2,2,0.00191,0.00827,0.98982
27474708,2,2,0.00196,0.01222,0.98582
33513978,2,2,0.00311,0.03474,0.96215
5639835,2,2,0.0041,0.00854,0.98736
23946973,2,2,0.00238,0.00722,0.9904
2170592,2,1,0.0283,0.62425,0.34745
9280986,2,2,0.00177,0.00722,0.99101
231444,2,2,0.00879,0.17512,0.81609
16336555,2,1,0.30438,0.60652,0.0891
17850870,2,2,0.00274,0.00632,0.99094
34236501,2,2,0.01705,0.05201,0.93094
38243752,2,2,0.0018,0.00827,0.98994
36625471,2,2,0.01495,0.03846,0.94659
29177681,2,2,0.00386,0.05067,0.94546
2652238,2,1,0.05197,0.64308,0.30496
28306273,2,2,0.01032,0.03165,0.95804
13551897,2,2,0.04642,0.2442,0.70938
14923134,2,2,0.16403,0.15743,0.67854
15781208,2,2,0.00258,0.01886,0.97856
9145408,2,2,0.00149,0.00722,0.99129
2188224,2,2,0.00476,0.03013,0.96511
28973973,2,2,0.00177,0.0083,0.98993
13898868,2,2,0.00224,0.00497,0.99279
28823843,2,2,0.00591,0.01581,0.97828
19985255,2,2,0.00142,0.0085,0.99008
11332139,2,2,0.04053,0.46568,0.49378
10727270,2,2,0.00449,0.02535,0.97015
4798635,2,2,0.00875,0.03355,0.9577
16901430,2,2,0.00161,0.00762,0.99077
33892612,2,2,0.00229,0.01236,0.98535
31369844,2,2,0.01709,0.02763,0.95528
19069575,2,2,0.02741,0.03617,0.93642
32330964,2,2,0.00164,0.00705,0.99131
40139726,2,2,0.00395,0.01513,0.98092
21291277,2,2,0.00194,0.00958,0.98848
38933403,2,2,0.22351,0.26936,0.50714
5973727,2,2,0.00169,0.00705,0.99126
20716587,2,2,0.01049,0.15652,0.833
27243099,2,0,0.76186,0.19057,0.04758
27451981,2,2,0.00124,0.00614,0.99263
23691983,2,2,0.00159,0.00783,0.99058
4205070,2,1,0.12726,0.79185,0.08089
16370157,2,2,0.00159,0.00623,0.99218
12767654,2,2,0.00154,0.00887,0.9896
39649967,2,2,0.00309,0.00975,0.98715
11200293,2,2,0.00375,0.01827,0.97798
28873721,2,2,0.0036,0.01401,0.98239
12259345,2,2,0.00734,0.08896,0.9037
29514886,2,2,0.00271,0.01611,0.98118
6462719,2,2,0.00854,0.02673,0.96472
39305380,2,2,0.00525,0.00929,0.98546
4331928,2,2,0.00182,0.00911,0.98907
2051814,2,2,0.00156,0.01076,0.98768
31119217,2,2,0.00183,0.00711,0.99107
18125523,2,2,0.01005,0.0269,0.96305
8189493,2,1,0.06718,0.71661,0.21622
23175548,2,2,0.00136,0.00618,0.99246
31856638,2,2,0.02538,0.17893,0.79569
27764872,2,2,0.00502,0.02304,0.97194
5939471,2,2,0.00319,0.02632,0.97049
35881670,2,2,0.00189,0.00623,0.99189
39912337,2,2,0.00163,0.00918,0.98919
37684321,2,1,0.16315,0.7708,0.06605
34179278,2,2,0.00938,0.0188,0.97182
23902277,2,2,0.0284,0.27804,0.69356
32749410,2,2,0.00579,0.05058,0.94364
32623106,2,2,0.02703,0.06372,0.90925
24402705,2,2,0.00185,0.009,0.98915
37584287,2,2,0.00217,0.00756,0.99027
9984551,2,2,0.00392,0.00682,0.98926
35738002,2,2,0.00369,0.02081,0.97551
34489345,2,2,0.00569,0.01481,0.9795
28428950,2,2,0.00164,0.00728,0.99109
39074561,2,2,0.01994,0.03406,0.946
28072932,2,2,0.00287,0.00785,0.98928
5266697,2,2,0.00191,0.00853,0.98956
15439346,2,2,0.00187,0.01315,0.98498
36414471,2,1,0.19398,0.76423,0.04179
5925259,2,2,0.00844,0.06121,0.93035
27982491,2,2,0.00281,0.01365,0.98354
39057489,2,2,0.00166,0.00638,0.99196
6787633,2,1,0.27389,0.49185,0.23427
40096719,2,2,0.00319,0.02486,0.97195
70456,2,2,0.02632,0.33088,0.64279
34238213,2,2,0.00339,0.05589,0.94072
22696126,2,2,0.00158,0.01217,0.98625
5652758,2,2,0.00208,0.01587,0.98204
41571918,2,2,0.00197,0.00897,0.98906
12389030,2,2,0.0021,0.00873,0.98918
22893401,2,2,0.00603,0.05618,0.93779
29102473,2,2,0.0147,0.1245,0.86081
14813637,2,2,0.00169,0.00638,0.99193
25262626,2,2,0.00149,0.00568,0.99283
6889277,2,2,0.00188,0.0078,0.99032
13162642,2,2,0.00732,0.10609,0.88659
24772659,2,1,0.02754,0.78015,0.19231
34621578,2,2,0.24042,0.27605,0.48353
28940229,2,1,0.06264,0.64259,0.29477
18044099,2,2,0.00613,0.04067,0.9532
11995187,2,2,0.00154,0.00453,0.99393
8029057,2,2,0.00237,0.01126,0.98637
11297158,2,2,0.00204,0.00648,0.99149
31037400,2,2,0.00225,0.01707,0.98068
6396749,2,2,0.00901,0.07188,0.9191
31279305,2,2,0.00238,0.00537,0.99224
28309830,2,2,0.00708,0.12145,0.87147
182662,2,2,0.00124,0.00479,0.99397
7675793,2,1,0.08665,0.87344,0.03991
37822288,2,2,0.00304,0.04165,0.95531
20595030,2,2,0.00291,0.00961,0.98749
39579254,2,2,0.00566,0.01983,0.97451
28312464,2,1,0.34142,0.54665,0.11193
21446378,2,2,0.00159,0.0059,0.99251
10152617,2,2,0.00383,0.00631,0.98986
8340815,2,2,0.00298,0.01726,0.97977
24880775,2,2,0.00226,0.00984,0.9879
31300529,2,2,0.00242,0.00642,0.99116
4149852,2,2,0.0052,0.03354,0.96125
13399191,2,2,0.00183,0.00595,0.99223
2997283,2,2,0.00413,0.03131,0.96456
35612778,2,2,0.00169,0.00805,0.99026
27526261,2,2,0.00183,0.00663,0.99154
35057447,2,2,0.00136,0.00614,0.9925
40028923,2,2,0.03919,0.06189,0.89892
8776182,2,2,0.00242,0.0078,0.98979
24747477,2,2,0.00215,0.01681,0.98104
28571062,2,2,0.00533,0.08412,0.91055
6036863,2,1,0.31922,0.6499,0.03088
15066904,2,2,0.00216,0.01162,0.98623
24151962,2,2,0.00641,0.01216,0.98143
15799291,2,2,0.0019,0.01453,0.98357
24762698,2,2,0.00124,0.00464,0.99412
18646233,2,2,0.1701,0.29563,0.53427
27342336,2,2,0.00355,0.01095,0.9855
6717540,2,2,0.00191,0.01055,0.98754
14240548,2,2,0.00428,0.04264,0.95308
37297709,2,2,0.00229,0.01481,0.9829
25540401,2,2,0.00237,0.01113,0.9865
148771,2,2,0.00134,0.00725,0.99141
5585421,2,2,0.01079,0.04033,0.94888
12007301,2,2,0.00422,0.02619,0.96959
4784465,2,2,0.00134,0.00618,0.99248
966048,2,2,0.00212,0.01118,0.9867
36521848,2,2,0.00346,0.00603,0.99051
35991969,2,2,0.00302,0.01951,0.97748
2849520,2,2,0.00673,0.01753,0.97574
1345403,2,0,0.65668,0.32635,0.01696
25164465,2,2,0.00177,0.007,0.99123
40334600,2,2,0.00299,0.02922,0.96779
35824722,2,2,0.00174,0.0084,0.98986
27028093,2,2,0.00685,0.10952,0.88362
2767851,2,2,0.00181,0.01576,0.98243
40038166,2,2,0.00288,0.01871,0.97841
22145638,2,0,0.39169,0.3651,0.24321
38728116,2,2,0.00514,0.04593,0.94894
40476582,2,2,0.00253,0.02354,0.97393
20936838,2,1,0.19906,0.6919,0.10905
2928645,2,2,0.01772,0.08775,0.89453
4699746,2,2,0.00543,0.01488,0.97969
30517008,2,2,0.00399,0.01883,0.97718
23412006,2,2,0.00459,0.03452,0.96088
33352449,2,2,0.00169,0.00728,0.99103
10432434,2,2,0.00545,0.04918,0.94537
11382910,2,2,0.00364,0.03328,0.96308
23796462,2,2,0.00263,0.01586,0.9815
2237386,2,1,0.04589,0.87263,0.08148
27418068,2,2,0.02072,0.1321,0.84719
20897617,2,2,0.00166,0.00577,0.99257
6608196,2,2,0.00265,0.00855,0.9888
34034438,2,2,0.00416,0.02395,0.97188
31423290,2,2,0.00408,0.04286,0.95306
13941880,2,2,0.00358,0.01957,0.97685
39334340,2,2,0.00194,0.00897,0.98909
33728495,2,2,0.00603,0.02561,0.96836
12068034,2,2,0.00755,0.1601,0.83235
33801837,2,2,0.00189,0.01728,0.98083
12846969,2,2,0.00307,0.01617,0.98076
3354660,2,2,0.00204,0.00727,0.99069
27977818,2,2,0.0018,0.00711,0.99109
4939333,2,2,0.00136,0.0076,0.99105
9355182,2,2,0.002,0.00745,0.99055
20030007,2,2,0.01459,0.12387,0.86153
41396948,2,0,0.52918,0.43699,0.03383
39249758,2,2,0.00286,0.00889,0.98825
38736730,2,2,0.00772,0.11388,0.8784
3931158,2,2,0.00245,0.0227,0.97484
39128240,2,2,0.01375,0.29177,0.69448
16805706,2,2,0.0038,0.02113,0.97507
34190649,2,2,0.00223,0.00904,0.98873
24543616,2,2,0.0413,0.05471,0.90399
6647900,2,2,0.00222,0.01481,0.98297
39274037,2,2,0.01714,0.08316,0.89971
34748453,2,2,0.00454,0.07531,0.92015
36688013,2,2,0.00315,0.02326,0.9736
10981906,2,2,0.0113,0.06242,0.92628
7583043,2,2,0.00417,0.08074,0.91508
111380,2,2,0.00366,0.01151,0.98483
21913517,2,0,0.5545,0.42849,0.01701
17425365,2,2,0.02103,0.06364,0.91533
5377235,2,2,0.00477,0.02798,0.96725
19975810,2,2,0.00249,0.01046,0.98705
38202928,2,2,0.00152,0.00581,0.99267
4874827,2,2,0.04481,0.29677,0.65842
19421165,2,2,0.00144,0.00711,0.99144
15853355,2,2,0.00176,0.01067,0.98756
40367675,2,2,0.00324,0.02444,0.97232
24604976,2,2,0.00883,0.10401,0.88716
6441712,2,2,0.0018,0.00604,0.99216
10914936,2,2,0.05353,0.18411,0.76236
35392780,2,2,0.00211,0.01851,0.97938
35630750,2,2,0.00206,0.01084,0.9871
5873880,2,2,0.00164,0.00482,0.99354
6888981,2,0,0.71323,0.27713,0.00963
31173584,2,2,0.00163,0.00821,0.99016
19870037,2,2,0.00151,0.00733,0.99115
11004532,2,2,0.00161,0.00717,0.99122
36470433,2,2,0.00834,0.16691,0.82475
30541433,2,2,0.00532,0.04257,0.95211
19269815,2,1,0.03936,0.80311,0.15753
16922964,2,2,0.00397,0.00945,0.98658
10175157,2,2,0.0018,0.00792,0.99028
17053868,2,2,0.00372,0.04189,0.95439
26681570,2,2,0.00198,0.02149,0.97653
32706590,2,2,0.00188,0.00739,0.99073
33090280,2,0,0.8699,0.12532,0.00478
25077884,2,2,0.00593,0.04243,0.95164
13672921,2,1,0.07492,0.84084,0.08424
36783781,2,2,0.00629,0.01469,0.97901
28749929,2,2,0.00669,0.1566,0.83671
37109744,2,2,0.0054,0.04317,0.95143
28631101,2,2,0.00295,0.00968,0.98737
26830,2,2,0.00118,0.00778,0.99104
39479862,2,2,0.00174,0.00716,0.99109
35386339,2,2,0.00179,0.00904,0.98917
17943081,2,2,0.00241,0.00823,0.98935
34110665,2,2,0.01839,0.35807,0.62354
1446337,2,2,0.00269,0.02408,0.97323
30924613,2,2,0.00142,0.00534,0.99324
17948093,2,2,0.00474,0.03368,0.96158
22543907,2,2,0.00344,0.01328,0.98328
31574666,2,2,0.00142,0.00777,0.9908
4686822,2,2,0.00404,0.06679,0.92917
16454519,2,2,0.07438,0.13221,0.79342
29867736,2,2,0.01057,0.13677,0.85266
27864086,2,2,0.00932,0.11116,0.87951
21506986,2,2,0.00956,0.03767,0.95277
29266391,2,2,0.00207,0.00762,0.99031
3136367,2,2,0.0039,0.02743,0.96868
21472334,2,2,0.00295,0.00972,0.98733
9454496,2,2,0.00167,0.01695,0.98138
8876013,2,2,0.00303,0.03027,0.9667
32137935,2,2,0.00127,0.00977,0.98896
26542450,2,2,0.00508,0.01127,0.98364
11215940,2,2,0.00149,0.0045,0.99401
25919209,2,2,0.00434,0.01301,0.98264
14357297,2,2,0.00279,0.03565,0.96157
30337607,2,2,0.00176,0.0133,0.98494
15992487,2,2,0.00232,0.01551,0.98217
27582670,2,2,0.00153,0.01127,0.9872
21105109,2,2,0.0029,0.01117,0.98593
28509229,2,1,0.22751,0.73154,0.04095
31358879,2,2,0.00237,0.01153,0.98611
30123431,2,2,0.00156,0.00951,0.98893
23953733,2,2,0.01019,0.01329,0.97652
37957784,2,2,0.00175,0.00367,0.99458
3780266,2,2,0.29983,0.32041,0.37976
25238621,2,2,0.24495,0.35139,0.40366
38182870,2,2,0.00557,0.02785,0.96658
39126091,2,2,0.00213,0.00817,0.9897
39269392,2,2,0.00671,0.0581,0.93519
15692267,2,0,0.45199,0.33985,0.20815
3761308,2,2,0.00171,0.00863,0.98966
9366120,2,2,0.01112,0.29014,0.69874
9961897,2,2,0.00149,0.00996,0.98855
40498747,2,2,0.00272,0.0135,0.98378
23124532,2,1,0.43003,0.52689,0.04308
5201412,2,2,0.01047,0.11795,0.87158
34291660,2,2,0.00141,0.01315,0.98543
19858698,2,2,0.00813,0.09524,0.89663
30989997,2,2,0.00852,0.02193,0.96955
26150186,2,2,0.00224,0.02241,0.97536
19083382,2,1,0.05232,0.80574,0.14194
31000028,2,1,0.46362,0.50918,0.0272
40880737,2,2,0.00239,0.0199,0.97771
20017198,2,2,0.00163,0.01145,0.98693
26671093,2,2,0.00172,0.00525,0.99303
34478768,2,2,0.00177,0.00628,0.99195
21131605,2,2,0.00442,0.02674,0.96884
27818783,2,2,0.00515,0.02944,0.96542
39229472,2,2,0.00419,0.01812,0.97769
24165090,2,2,0.00397,0.02571,0.97033
6552264,2,2,0.00159,0.00717,0.99125
7952422,2,2,0.00395,0.01507,0.98098
20169797,2,2,0.00153,0.0094,0.98907
30950540,2,2,0.00211,0.01624,0.98164
14760315,2,2,0.0022,0.0231,0.9747
3608915,2,2,0.01229,0.06322,0.92449
27209103,2,1,0.08986,0.64604,0.2641
34857776,2,2,0.00314,0.01156,0.9853
34679803,2,2,0.00357,0.02204,0.97439
27664462,2,2,0.00612,0.01153,0.98235
14578904,2,2,0.00213,0.01113,0.98674
12604985,2,2,0.00219,0.01207,0.98574
8327144,2,2,0.00124,0.00714,0.99162
1497857,2,2,0.00807,0.04432,0.94761
28159940,2,2,0.00995,0.02156,0.96849
22384098,2,2,0.00154,0.00595,0.99251
28093844,2,2,0.00383,0.04333,0.95284
19453793,2,2,0.00308,0.04277,0.95415
34958029,2,2,0.00201,0.0188,0.97919
36832159,2,2,0.00396,0.01155,0.98449
4192260,2,2,0.01988,0.30616,0.67396
12128034,2,2,0.00257,0.00817,0.98926
14952659,2,2,0.00202,0.01487,0.98311
25212649,2,2,0.01084,0.28623,0.70292
11527228,2,2,0.00287,0.00599,0.99114
33076104,2,2,0.00264,0.01419,0.98318
10866823,2,2,0.00185,0.00792,0.99022
20368130,2,2,0.00213,0.00678,0.99108
4443164,2,2,0.00241,0.00862,0.98896
19890058,2,2,0.00147,0.00555,0.99298
8083612,2,2,0.00689,0.04723,0.94588
23058691,2,2,0.00273,0.00924,0.98803
6042934,2,2,0.00177,0.00722,0.99101
33801590,2,2,0.07399,0.33486,0.59115
34221865,2,2,0.00163,0.01076,0.98761
23172255,2,2,0.00925,0.25005,0.7407
8327990,2,2,0.00295,0.02549,0.97156
15747740,2,2,0.00151,0.00856,0.98992
35036227,2,2,0.13054,0.12702,0.74244
11536721,2,2,0.00246,0.00647,0.99107
25829987,2,2,0.3449,0.16727,0.48782
11773497,2,2,0.00362,0.02285,0.97353
19681975,2,2,0.00179,0.01246,0.98575
39566161,2,2,0.00296,0.0081,0.98894
19899721,2,2,0.00155,0.01346,0.98499
10399061,2,2,0.00364,0.01685,0.9795
24432104,2,0,0.80084,0.17626,0.0229
8841724,2,2,0.11789,0.1957,0.68641
15764366,2,2,0.00286,0.00855,0.98858
27885494,2,2,0.01077,0.09283,0.8964
7488144,2,1,0.02908,0.51954,0.45138
10961435,2,2,0.00851,0.02349,0.96801
35225060,2,2,0.00231,0.0059,0.99179
32732727,2,2,0.00555,0.06071,0.93373
1157708,2,2,0.00797,0.1262,0.86582
28250684,2,2,0.00225,0.01475,0.98299
15237122,2,1,0.29108,0.67021,0.03871
25209845,2,2,0.00149,0.00555,0.99296
976516,2,2,0.00413,0.01627,0.9796
37420549,2,2,0.00161,0.00947,0.98892
4296995,2,2,0.02728,0.04048,0.93223
25164972,2,2,0.00265,0.01014,0.98721
4961826,2,0,0.79071,0.18965,0.01964
11435762,2,2,0.0018,0.00808,0.99013
21748181,2,2,0.01474,0.44087,0.5444
40650107,2,1,0.04816,0.57307,0.37878
38451299,2,2,0.00359,0.01616,0.98025
335310,2,2,0.00368,0.03688,0.95944
28126433,2,2,0.00565,0.01398,0.98037
16681415,2,2,0.00432,0.03251,0.96317
5467743,2,0,0.67195,0.27202,0.05603
17764373,2,2,0.00132,0.00595,0.99273
35100091,2,2,0.00237,0.00965,0.98798
27136882,2,2,0.05363,0.18254,0.76383
29546080,2,2,0.00442,0.02545,0.97012
10372312,2,2,0.00163,0.0087,0.98967
8953176,2,2,0.00175,0.00505,0.9932
19510846,2,2,0.00282,0.02283,0.97435
19738256,2,2,0.00568,0.06827,0.92605
15778705,2,2,0.00166,0.00577,0.99257
4215232,2,2,0.00732,0.10609,0.88659
6512107,2,2,0.00501,0.02458,0.97041
25122228,2,2,0.00249,0.00917,0.98834
32485914,2,2,0.00265,0.01022,0.98713
13988655,2,2,0.00227,0.00694,0.99079
35157449,2,2,0.00404,0.02306,0.9729
12280927,2,2,0.0162,0.01232,0.97147
27986509,2,2,0.01171,0.02128,0.96701
26933998,2,2,0.00309,0.01042,0.98649
1338819,2,2,0.00212,0.01231,0.98557
20631609,2,2,0.02677,0.38729,0.58594
21273736,2,1,0.15455,0.64816,0.19729
5204146,2,2,0.00169,0.00663,0.99168
21680993,2,2,0.00177,0.00722,0.99101
1775907,2,2,0.00174,0.01011,0.98815
17748928,2,2,0.00132,0.00643,0.99225
36883739,2,2,0.00233,0.02972,0.96796
35509792,2,2,0.05404,0.13935,0.80661
34890386,2,2,0.00227,0.0078,0.98993
7670135,2,2,0.00203,0.00961,0.98835
11431849,2,2,0.00313,0.01424,0.98264
1372881,2,2,0.00174,0.0059,0.99236
38020870,2,2,0.00344,0.01129,0.98526
4424095,2,2,0.0132,0.01669,0.9701
10726453,2,2,0.00761,0.05638,0.93602
11942510,2,2,0.00172,0.01782,0.98046
39156916,2,2,0.00286,0.00924,0.9879
2358124,2,1,0.11173,0.83529,0.05298
3658761,2,2,0.00125,0.00944,0.98931
7549921,2,2,0.02914,0.17711,0.79375
39252643,2,2,0.00861,0.07139,0.92
19507661,2,2,0.00177,0.00716,0.99107
39364346,2,2,0.00634,0.01562,0.97804
36833959,2,2,0.00238,0.00768,0.98994
19368672,2,1,0.0317,0.86345,0.10485
8682110,2,2,0.00291,0.00767,0.98941
39605820,2,2,0.00698,0.03444,0.95857
5618268,2,2,0.0018,0.02065,0.97755
29569888,2,2,0.004,0.07763,0.91838
17042801,2,2,0.00152,0.00568,0.99281
4313660,2,1,0.19122,0.76897,0.03981
4151160,2,2,0.00402,0.01337,0.98261
31326544,2,2,0.02507,0.27589,0.69904
11843167,2,2,0.00443,0.00937,0.9862
29868647,2,2,0.0018,0.00833,0.98987
38335427,2,2,0.00229,0.01527,0.98244
37913344,2,1,0.16967,0.76526,0.06506
21421068,2,2,0.01429,0.12886,0.85685
35133523,2,2,0.00436,0.02478,0.97086
35560508,2,2,0.00203,0.00811,0.98986
2844212,2,2,0.00368,0.00803,0.98829
36437802,2,2,0.00283,0.00642,0.99075
13510976,2,2,0.00179,0.0133,0.98491
7458435,2,2,0.00191,0.00853,0.98956
1406924,2,2,0.00679,0.10359,0.88962
6732934,2,2,0.00213,0.007,0.99087
24701978,2,2,0.00488,0.01261,0.98251
206921,2,2,0.03095,0.26473,0.70432
21550713,2,2,0.00197,0.00999,0.98804
23699895,2,2,0.0529,0.40015,0.54695
28393218,2,2,0.00151,0.0094,0.98909
15523495,2,2,0.00168,0.00947,0.98885
20729327,2,2,0.01794,0.46994,0.51212
21045389,2,2,0.00273,0.01022,0.98705
29865152,2,2,0.01549,0.13202,0.85249
33797340,2,2,0.00149,0.00731,0.9912
29017967,2,2,0.00393,0.01912,0.97695
13188658,2,2,0.00165,0.01285,0.9855
8490042,2,2,0.28281,0.24933,0.46786
6656108,2,2,0.00236,0.01458,0.98306
12952989,2,2,0.0018,0.00774,0.99046
37346556,2,2,0.00143,0.00505,0.99352
30682325,2,2,0.00172,0.007,0.99128
37169493,2,2,0.00701,0.02256,0.97043
22205140,2,2,0.00349,0.0047,0.9918
36688201,2,2,0.00351,0.03797,0.95852
39639174,2,2,0.0022,0.00756,0.99024
21021536,2,1,0.15788,0.62442,0.2177
35844118,2,2,0.00464,0.03949,0.95587
1219852,2,2,0.00325,0.00647,0.99028
14811492,2,2,0.00197,0.0075,0.99052
18857857,2,2,0.004,0.01791,0.97809
40790750,2,2,0.00349,0.01313,0.98338
17975309,2,2,0.00213,0.00859,0.98928
3785346,2,2,0.00325,0.00785,0.9889
6378845,2,2,0.01047,0.11795,0.87158
9500516,2,2,0.0031,0.00842,0.98848
32458797,2,2,0.0014,0.00722,0.99138
14695816,2,2,0.00191,0.0083,0.98979
14127778,2,2,0.01279,0.11798,0.86923
16204320,2,2,0.00245,0.00921,0.98834
23058820,2,2,0.00164,0.00505,0.99331
7905,2,2,0.00314,0.00953,0.98733
27759612,2,2,0.00139,0.01213,0.98648
34762391,2,2,0.00116,0.00863,0.99021
30552137,2,1,0.07572,0.85315,0.07113
13626086,2,2,0.00531,0.01383,0.98086
19460959,2,2,0.02655,0.07331,0.90014
21982595,2,2,0.00122,0.00633,0.99245
9398478,2,2,0.00151,0.0094,0.98909
12838566,2,2,0.00253,0.02427,0.9732
24962181,2,1,0.12208,0.58015,0.29776
16386728,2,2,0.00188,0.00999,0.98813
7734259,2,2,0.04596,0.36722,0.58682
8078205,2,2,0.00485,0.05562,0.93952
17224084,2,2,0.00167,0.00521,0.99312
2790067,2,2,0.00426,0.01697,0.97877
33337475,2,2,0.00486,0.01729,0.97785
32846224,2,2,0.00128,0.00486,0.99386
20922225,2,2,0.00176,0.01067,0.98756
14674041,2,2,0.00207,0.0083,0.98964
32052650,2,2,0.00171,0.00821,0.99008
9328366,2,2,0.00284,0.01623,0.98093
4841502,2,2,0.01047,0.11795,0.87158
21790878,2,2,0.00161,0.00679,0.9916
8879430,2,2,0.00217,0.00663,0.99121
12897454,2,2,0.00279,0.05003,0.94718
11482489,2,2,0.00414,0.02864,0.96722
19002682,2,2,0.01137,0.11307,0.87556
10020625,2,2,0.06928,0.12219,0.80853
6445913,2,2,0.00189,0.00446,0.99365
11164876,2,2,0.0023,0.00939,0.98831
3747097,2,2,0.00731,0.09266,0.90002
37535805,2,2,0.00166,0.00568,0.99266
4806006,2,2,0.00249,0.0083,0.98921
5707146,2,2,0.00325,0.00642,0.99033
18396397,2,2,0.0018,0.00595,0.99225
20957400,2,2,0.00414,0.01439,0.98147
33205885,2,2,0.00163,0.01007,0.98829
17746223,2,1,0.20574,0.73225,0.06201
9165644,2,2,0.00198,0.00525,0.99277
36800488,2,2,0.00241,0.01026,0.98733
23573796,2,2,0.02182,0.09297,0.88521
11741621,2,2,0.00194,0.00689,0.99117
35218023,2,2,0.00764,0.09487,0.89748
39514794,2,2,0.01637,0.03943,0.9442
21742371,2,2,0.00161,0.00684,0.99155
39801500,2,2,0.00206,0.01114,0.98681
33880570,2,2,0.00194,0.00653,0.99153
28351602,2,2,0.0037,0.0318,0.9645
16790474,2,2,0.009,0.08724,0.90376
11145690,2,2,0.06433,0.13658,0.7991
5423599,2,1,0.18496,0.69872,0.11631
24087382,2,2,0.00188,0.007,0.99112
36078757,2,2,0.00499,0.0445,0.95051
25879133,2,1,0.32686,0.61545,0.05769
10330683,2,2,0.0021,0.00658,0.99132
3712318,2,2,0.00776,0.05245,0.93979
33282250,2,2,0.00183,0.01902,0.97915
39240177,2,2,0.00132,0.00517,0.99351
36175008,2,1,0.0835,0.86163,0.05487
34543801,2,2,0.00149,0.00648,0.99203
17933103,2,2,0.04106,0.13421,0.82473
1929353,2,2,0.01047,0.11795,0.87158
14692277,2,1,0.04504,0.68282,0.27214
17979454,2,2,0.02134,0.34034,0.63832
4871950,2,2,0.00692,0.05821,0.93487
11724346,2,2,0.00373,0.00909,0.98718
21356234,2,2,0.00268,0.01157,0.98575
26686855,2,2,0.00188,0.00999,0.98813
7986999,2,2,0.01048,0.16982,0.8197
21793866,2,2,0.00174,0.01055,0.98771
25096766,2,2,0.00844,0.10323,0.88833
38614078,2,2,0.01672,0.0417,0.94159
24929834,2,2,0.00166,0.00837,0.98997
33580567,2,2,0.003,0.00773,0.98926
24116717,2,2,0.01774,0.18557,0.79669
36344316,2,1,0.21666,0.64934,0.134
19856978,2,2,0.00135,0.00884,0.98981
10185843,2,2,0.00375,0.01827,0.97798
8541405,2,2,0.00177,0.00811,0.99012
31228682,2,1,0.10552,0.792,0.10248
11858716,2,2,0.00147,0.00475,0.99378
20820222,2,2,0.00242,0.00632,0.99126
1422824,2,2,0.00195,0.00576,0.99229
9729171,2,2,0.00797,0.01115,0.98087
9227559,2,2,0.00249,0.0095,0.98801
34143138,2,2,0.00154,0.00684,0.99162
5955592,2,2,0.00249,0.00889,0.98862
24717177,2,2,0.22034,0.25368,0.52598
9723579,2,2,0.00169,0.01913,0.97918
25878832,2,2,0.002,0.01101,0.987
5917771,2,2,0.00168,0.00951,0.98881
2461432,2,2,0.01509,0.02887,0.95604
14789694,2,2,0.05094,0.35223,0.59683
13366048,2,2,0.00235,0.0046,0.99305
30057880,2,2,0.00204,0.00678,0.99118
1893083,2,2,0.00281,0.01156,0.98562
1096258,2,1,0.06045,0.86776,0.07179
30123506,2,2,0.00427,0.01358,0.98215
12649815,2,2,0.00662,0.02638,0.967
30149201,2,2,0.00443,0.00867,0.9869
1348765,2,2,0.01047,0.11795,0.87158
37876932,2,2,0.00228,0.00517,0.99256
5139822,2,2,0.0021,0.00897,0.98894
21954051,2,2,0.0022,0.00863,0.98918
36683476,2,1,0.09578,0.88247,0.02175
34575058,2,2,0.00292,0.00657,0.99051
17153952,2,2,0.00252,0.01329,0.98419
37127217,2,2,0.00539,0.01482,0.97979
6727785,2,2,0.06961,0.19078,0.73961
4674054,2,2,0.00542,0.02374,0.97084
29037568,2,2,0.00239,0.01908,0.97853
28861817,2,1,0.09214,0.73328,0.17457
28725781,2,2,0.00147,0.00706,0.99148
12514270,2,2,0.00432,0.0322,0.96347
23742559,2,2,0.00536,0.06472,0.92992
32671613,2,2,0.00232,0.01727,0.98041
23075904,2,2,0.00564,0.04501,0.94934
33773163,2,2,0.25504,0.25108,0.49388
34641341,2,2,0.00322,0.03227,0.96451
20133893,2,2,0.00161,0.00717,0.99122
11849257,2,2,0.00568,0.06844,0.92588
18916029,2,2,0.00196,0.01464,0.9834
16484078,2,2,0.00423,0.08235,0.91342
27981936,2,2,0.00147,0.007,0.99153
11504449,2,2,0.01159,0.09635,0.89207
3432590,2,2,0.00587,0.01464,0.97949
8363350,2,2,0.00522,0.08915,0.90563
37089873,2,2,0.00199,0.01315,0.98486
10941357,2,2,0.0273,0.39805,0.57465
1861965,2,2,0.00156,0.00706,0.99138
31227175,2,2,0.00197,0.01144,0.98659
10845755,2,0,0.48439,0.13242,0.38318
29370843,2,2,0.00333,0.01338,0.98328
1632159,2,2,0.00318,0.05726,0.93956
17003130,2,2,0.00234,0.00804,0.98962
31035184,2,2,0.00614,0.00935,0.98451
35802415,2,2,0.03596,0.21307,0.75098
36663972,2,2,0.00194,0.00786,0.9902
31372521,2,1,0.21584,0.62516,0.159
36971277,2,2,0.02183,0.07124,0.90692
3244920,2,2,0.00116,0.00564,0.9932
36529768,2,2,0.00245,0.01113,0.98642
20023876,2,2,0.0025,0.00501,0.99249
9927272,2,2,0.00189,0.01923,0.97888
36723350,2,2,0.00286,0.01046,0.98668
32123816,2,2,0.00386,0.00755,0.9886
35351117,2,2,0.00126,0.00658,0.99216
502378,2,2,0.01047,0.11795,0.87158
31939341,2,2,0.00136,0.00843,0.99021
24432182,2,2,0.00463,0.01209,0.98328
30278160,2,2,0.02211,0.03762,0.94027
10247510,2,2,0.00667,0.01058,0.98274
40690412,2,2,0.00569,0.03775,0.95656
9232373,2,2,0.00404,0.00778,0.98818
22075877,2,2,0.00213,0.00716,0.9907
11584704,2,2,0.00177,0.00745,0.99078
30139865,2,2,0.00143,0.004,0.99457
5763169,2,2,0.00479,0.02295,0.97225
34365071,2,2,0.00182,0.01217,0.98601
6698230,2,2,0.00472,0.08143,0.91385
8539552,2,2,0.00188,0.01076,0.98737
28806657,2,2,0.00179,0.01213,0.98609
25356042,2,2,0.00428,0.04264,0.95308
11573068,2,2,0.19086,0.07607,0.73307
32693210,2,2,0.01469,0.07645,0.90886
19747891,2,2,0.02177,0.21066,0.76756
8588408,2,1,0.31326,0.66837,0.01838
37251177,2,2,0.00131,0.0076,0.99109
6974603,2,2,0.00262,0.02067,0.97671
30138918,2,2,0.003,0.02525,0.97176
20851620,2,2,0.00879,0.0512,0.94001
28802724,2,1,0.04142,0.54992,0.40866
12413842,2,2,0.00177,0.00658,0.99165
22545543,2,2,0.00237,0.00907,0.98856
791162,2,2,0.00217,0.00774,0.9901
40699474,2,2,0.0023,0.00811,0.98959
233392,2,2,0.00182,0.01019,0.98799
4015307,2,2,0.02408,0.14678,0.82914
13594991,2,2,0.24849,0.34719,0.40432
9627778,2,2,0.00466,0.01933,0.97601
29893072,2,2,0.00403,0.00982,0.98615
40749707,2,2,0.00185,0.02478,0.97337
15493432,2,2,0.00189,0.00595,0.99217
11805362,2,2,0.00453,0.06239,0.93308
3986306,2,1,0.09502,0.57527,0.32971
2469892,2,2,0.00245,0.00823,0.98932
37726485,2,1,0.06876,0.86765,0.06359
58643,2,2,0.00152,0.00494,0.99355
41168377,2,2,0.00888,0.04187,0.94925
31138452,2,2,0.00257,0.00961,0.98783
23526503,2,2,0.01355,0.13498,0.85147
28264776,2,2,0.00584,0.01255,0.98161
9788992,2,2,0.00787,0.06787,0.92425
24149699,2,2,0.00239,0.03279,0.96482
30517656,2,2,0.00175,0.01546,0.98279
11398341,2,2,0.00944,0.0499,0.94066
10192446,2,2,0.00171,0.00887,0.98942
29414371,2,2,0.00203,0.01075,0.98722
9459972,2,2,0.00197,0.01122,0.98681
5127945,2,2,0.0195,0.08374,0.89676
36556709,2,2,0.00206,0.00954,0.9884
28655090,2,2,0.00177,0.00856,0.98967
15875129,2,2,0.00417,0.05272,0.94311
20404877,2,1,0.03158,0.5776,0.39082
29515345,2,2,0.0027,0.02164,0.97566
24962115,2,0,0.5442,0.09681,0.35899
40436859,2,2,0.00209,0.01208,0.98583
15713447,2,2,0.00197,0.01063,0.9874
27102937,2,2,0.00169,0.00883,0.98948
25455787,2,2,0.00396,0.02806,0.96799
36188249,2,2,0.00177,0.00722,0.99101
21454157,2,2,0.00482,0.00894,0.98623
25833773,2,2,0.17434,0.30212,0.52354
10946714,2,0,0.48964,0.44409,0.06627
22479323,2,2,0.00321,0.01892,0.97787
30340032,2,2,0.01797,0.06767,0.91436
4035708,2,2,0.00567,0.02571,0.96862
32784258,2,2,0.02041,0.09136,0.88823
15541372,2,2,0.00154,0.00684,0.99162
19251604,2,2,0.01417,0.23596,0.74987
36777995,2,2,0.00801,0.0945,0.89749
36283163,2,2,0.00149,0.00555,0.99296
37444885,2,2,0.00552,0.05197,0.94252
7667824,2,2,0.05988,0.26012,0.68
3006902,2,1,0.02799,0.60325,0.36876
24779686,2,2,0.00194,0.00733,0.99073
31522762,2,2,0.00161,0.01031,0.98808
31047625,2,2,0.00182,0.01255,0.98563
37666708,2,2,0.02936,0.04305,0.9276
21900508,2,2,0.00384,0.01037,0.98579
22590814,2,2,0.00174,0.01039,0.98787
13018213,2,2,0.00136,0.00769,0.99096
29050886,2,2,0.00128,0.00482,0.9939
37855341,2,2,0.02105,0.28723,0.69172
4000558,2,2,0.00238,0.00673,0.99089
13747343,2,2,0.00221,0.01872,0.97907
18069008,2,2,0.01519,0.10193,0.88288
38378259,2,2,0.00284,0.01878,0.97838
11130779,2,1,0.27967,0.63024,0.09009
22785031,2,2,0.00375,0.01827,0.97798
11383698,2,2,0.00138,0.00719,0.99143
4959723,2,2,0.00138,0.00706,0.99156
22885142,2,2,0.00335,0.00688,0.98977
27019804,2,2,0.00213,0.00869,0.98918
20884661,2,2,0.00192,0.00413,0.99396
39911385,2,2,0.00502,0.01494,0.98004
16206776,2,2,0.00286,0.01139,0.98576
40927987,2,2,0.00206,0.00883,0.98911
7321540,2,2,0.18992,0.20001,0.61008
13438145,2,2,0.00166,0.01035,0.98799
10605494,2,2,0.00174,0.00768,0.99058
29950429,2,2,0.00284,0.01706,0.9801
18005284,2,2,0.00168,0.01176,0.98656
10655485,2,2,0.00773,0.08444,0.90783
27369339,2,2,0.016,0.0683,0.91569
31866970,2,2,0.03868,0.36559,0.59573
31131497,2,2,0.00596,0.00655,0.98749
37233433,2,2,0.00435,0.07057,0.92508
21651904,2,2,0.00366,0.0138,0.98255
7603168,2,2,0.07521,0.06408,0.86071
45871,2,2,0.00238,0.0083,0.98933
25557867,2,1,0.08315,0.4995,0.41735
1273860,2,2,0.00161,0.00863,0.98976
32538955,2,2,0.00273,0.01014,0.98713
5834264,2,2,0.00366,0.01369,0.98265
7464816,2,0,0.96764,0.0248,0.00756
4341805,2,2,0.00121,0.01145,0.98734
4616783,2,2,0.00457,0.03994,0.95549
17026131,2,2,0.01047,0.11795,0.87158
121704,2,2,0.00274,0.02164,0.97562
26653623,2,2,0.00248,0.01104,0.98647
26967273,2,2,0.169,0.28973,0.54128
533434,2,2,0.02368,0.03052,0.9458
4965051,2,2,0.00145,0.00494,0.99362
11254580,2,2,0.00231,0.007,0.9907
23041306,2,2,0.00162,0.00471,0.99367
29516419,2,2,0.00126,0.00577,0.99298
27090253,2,2,0.00148,0.0127,0.98581
35349696,2,0,0.86431,0.12822,0.00748
36102030,2,2,0.00265,0.00762,0.98973
40522027,2,2,0.00194,0.00768,0.99038
18331395,2,2,0.00298,0.01598,0.98104
31377007,2,2,0.00204,0.007,0.99097
34981551,2,2,0.00203,0.01071,0.98726
19959448,2,2,0.00468,0.0303,0.96501
8213829,2,1,0.05161,0.79486,0.15353
18403507,2,2,0.00503,0.00676,0.98821
17480210,2,2,0.00304,0.02771,0.96925
8514908,2,2,0.00182,0.0086,0.98958
19031553,2,2,0.00245,0.00823,0.98932
20304907,2,2,0.00185,0.0085,0.98965
11316093,2,2,0.0022,0.00958,0.98823
7057877,2,1,0.12711,0.76956,0.10334
29854943,2,2,0.00317,0.01543,0.98139
12123229,2,2,0.00473,0.04984,0.94543
21265915,2,2,0.00363,0.03522,0.96115
31457918,2,2,0.00154,0.00802,0.99045
29816449,2,1,0.03463,0.64321,0.32217
8618267,2,2,0.00124,0.00628,0.99248
27280793,2,1,0.16321,0.79243,0.04436
356599,2,2,0.00174,0.00628,0.99198
6234942,2,2,0.00234,0.00705,0.99061
10146082,2,2,0.00126,0.00509,0.99365
33480210,2,2,0.00286,0.00862,0.98852
1887220,2,2,0.01883,0.04534,0.93584
37701698,2,2,0.00177,0.00648,0.99175
14043118,2,2,0.00164,0.00705,0.99131
38987083,2,2,0.00246,0.00533,0.99221
3414315,2,2,0.0023,0.0091,0.98859
32434262,2,2,0.00203,0.01245,0.98552
28491267,2,2,0.17758,0.1652,0.65722
38300542,2,2,0.01044,0.01279,0.97678
29369459,2,2,0.00926,0.14425,0.84649
11527686,2,1,0.03371,0.52737,0.43892
3118264,2,2,0.00675,0.10973,0.88353
8307853,2,2,0.00258,0.02131,0.97611
37308045,2,2,0.00116,0.00494,0.9939
3004857,2,2,0.00154,0.00628,0.99218
16630741,2,2,0.01265,0.48982,0.49753
31660467,2,2,0.04519,0.35961,0.59521
29011911,2,2,0.0013,0.00663,0.99207
1238129,2,2,0.00147,0.00604,0.99249
20418560,2,2,0.00303,0.04622,0.95076
41296825,2,1,0.03588,0.49147,0.47265
12647723,2,2,0.00299,0.02922,0.96779
28895076,2,2,0.00433,0.00834,0.98733
40145144,2,2,0.00177,0.00856,0.98967
8413741,2,2,0.00424,0.07987,0.91589
10108183,2,2,0.00415,0.01155,0.9843
9320712,2,2,0.0123,0.15216,0.83554
10303548,2,2,0.00416,0.01037,0.98548
6949451,2,2,0.00194,0.00658,0.99148
16469770,2,2,0.00175,0.00529,0.99296
1569885,2,2,0.00432,0.0474,0.94828
37438113,2,2,0.00128,0.00517,0.99355
22912214,2,2,0.0022,0.0078,0.99
18466215,2,2,0.00142,0.01031,0.98827
24690777,2,0,0.87782,0.10754,0.01464
11259402,2,2,0.00191,0.00859,0.9895
32900727,2,2,0.00593,0.02701,0.96706
28372484,2,2,0.00377,0.0149,0.98133
24442515,2,2,0.00146,0.00908,0.98946
39431496,2,2,0.00171,0.01023,0.98806
24497938,2,2,0.00769,0.0156,0.9767
2671939,2,2,0.0117,0.1553,0.833
25674475,2,2,0.00359,0.00842,0.98799
40918532,2,2,0.0039,0.0424,0.95371
20044938,2,2,0.00544,0.02077,0.97379
18499781,2,2,0.00198,0.00633,0.9917
31868241,2,2,0.0022,0.00581,0.99199
27272003,2,2,0.00165,0.0127,0.98565
31562691,2,2,0.0021,0.00939,0.98851
34456565,2,2,0.00888,0.02662,0.96449
8578315,2,2,0.00496,0.09354,0.9015
36697521,2,2,0.00242,0.02152,0.97606
39169103,2,2,0.00625,0.03599,0.95775
26947504,2,2,0.00375,0.03356,0.96269
32788319,2,2,0.00748,0.02003,0.97249
4281657,2,2,0.00188,0.00936,0.98876
14190488,2,1,0.03752,0.63961,0.32287
32069677,2,2,0.00132,0.00604,0.99264
31723421,2,1,0.30514,0.614,0.08085
36424648,2,2,0.00169,0.00513,0.99318
32899660,2,2,0.00191,0.00774,0.99035
7741029,2,2,0.00224,0.02254,0.97523
23987301,2,2,0.1536,0.2701,0.5763
25037787,2,2,0.00666,0.01197,0.98136
28308031,2,2,0.0099,0.02629,0.9638
3629907,2,2,0.00261,0.02345,0.97394
36174263,2,2,0.00188,0.01023,0.98789
2442294,2,2,0.00629,0.05998,0.93373
37756937,2,2,0.00236,0.01498,0.98266
20133059,2,1,0.02322,0.775,0.20178
19171452,2,2,0.00805,0.19647,0.79548
41093851,2,2,0.00142,0.00722,0.99136
24619572,2,2,0.00185,0.0098,0.98835
14321275,2,2,0.00239,0.01971,0.9779
7099023,2,2,0.002,0.0089,0.9891
14828735,2,2,0.02431,0.24267,0.73302
8450335,2,2,0.0592,0.11071,0.83009
31430962,2,2,0.00824,0.01639,0.97536
4253441,2,2,0.0024,0.01309,0.98451
2457862,2,2,0.00478,0.02658,0.96864
12934776,2,2,0.06536,0.13837,0.79627
21918340,2,2,0.00188,0.00678,0.99133
41008227,2,1,0.05318,0.55847,0.38835
8988183,2,2,0.02504,0.0498,0.92515
11260947,2,2,0.00207,0.00567,0.99225
28525096,2,2,0.00436,0.03921,0.95643
8587476,2,2,0.01378,0.17256,0.81366
40457670,2,2,0.00142,0.00542,0.99316
22015973,2,2,0.01758,0.46055,0.52187
28136689,2,2,0.00208,0.01865,0.97927
40977275,2,2,0.00147,0.00517,0.99336
11608436,2,2,0.00211,0.00482,0.99308
36244884,2,1,0.07245,0.84546,0.08209
30894928,2,2,0.01475,0.06577,0.91949
39224380,2,1,0.03999,0.8483,0.11171
13968933,2,2,0.00354,0.00603,0.99043
16021098,2,2,0.00187,0.01426,0.98387
7379669,2,1,0.36732,0.58469,0.04799
29338765,2,2,0.00217,0.02267,0.97517
41078834,2,2,0.00184,0.0147,0.98346
19490404,2,2,0.00557,0.01236,0.98207
34516958,2,2,0.002,0.0088,0.9892
16665901,2,2,0.00189,0.00609,0.99203
33184815,2,2,0.00391,0.01005,0.98604
24511785,2,2,0.00171,0.00768,0.9906
30050690,2,2,0.00238,0.00647,0.99115
36717547,2,2,0.00369,0.0198,0.97651
15027447,2,2,0.00149,0.0079,0.99062
15910734,2,2,0.00348,0.01502,0.98149
8930212,2,2,0.00304,0.01192,0.98504
26630165,2,2,0.00688,0.03323,0.95988
21524678,2,2,0.00268,0.01121,0.9861
15528310,2,2,0.00617,0.07753,0.9163
33035883,2,2,0.00977,0.06138,0.92885
411410,2,2,0.0023,0.01198,0.98572
19619758,2,2,0.00941,0.05315,0.93745
5911858,2,2,0.00427,0.02831,0.96741
19799457,2,2,0.00351,0.00888,0.98761
33713940,2,2,0.00147,0.00614,0.9924
39480591,2,2,0.02192,0.08191,0.89618
32767968,2,1,0.09435,0.68637,0.21927
35867676,2,2,0.00646,0.03479,0.95875
1644719,2,2,0.00167,0.01972,0.97861
15858505,2,2,0.00362,0.00888,0.9875
30076054,2,2,0.00217,0.00623,0.9916
9915434,2,2,0.06652,0.28227,0.6512
15004121,2,1,0.15825,0.60782,0.23393
30340231,2,2,0.00644,0.01574,0.97782
16424840,2,2,0.00555,0.06071,0.93373
7268607,2,2,0.002,0.0075,0.99049
36217146,2,2,0.00375,0.01827,0.97798
946823,2,2,0.00935,0.1083,0.88234
27580206,2,1,0.34309,0.47541,0.1815
72763,2,2,0.00267,0.01538,0.98194
15292058,2,2,0.00225,0.0176,0.98015
7596934,2,2,0.00246,0.02028,0.97726
555936,2,2,0.00256,0.011,0.98644
18351420,2,2,0.01355,0.26378,0.72267
27270875,2,2,0.00129,0.01044,0.98827
31086882,2,2,0.0071,0.09106,0.90184
2361858,2,2,0.00171,0.00739,0.9909
24424348,2,1,0.18399,0.77275,0.04326
29215791,2,2,0.00911,0.0684,0.92248
36863087,2,2,0.00223,0.0235,0.97426
23845533,2,2,0.00147,0.00751,0.99103
40714932,2,2,0.04868,0.15943,0.79188
6416380,2,2,0.00152,0.00609,0.9924
9938909,2,2,0.00593,0.04299,0.95109
19618486,2,2,0.00202,0.01431,0.98367
25219181,2,2,0.0032,0.03887,0.95794
2485305,2,2,0.00246,0.03671,0.96083
6250859,2,1,0.09862,0.82412,0.07726
31308171,2,2,0.07013,0.37177,0.5581
3595183,2,2,0.00779,0.04812,0.94409
13216096,2,2,0.00149,0.00962,0.98889
9777585,2,2,0.00188,0.0075,0.99061
14232544,2,2,0.00226,0.02548,0.97225
21683851,2,1,0.22984,0.51293,0.25723
34035357,2,1,0.03584,0.59215,0.37201
12976390,2,2,0.00604,0.05517,0.9388
29517089,2,2,0.00149,0.00521,0.99329
13950096,2,2,0.00288,0.01828,0.97884
24329892,2,2,0.02106,0.43993,0.53901
35136190,2,2,0.0014,0.00897,0.98963
36857146,2,2,0.00641,0.19191,0.80168
22075296,2,2,0.00253,0.00662,0.99084
145867,2,2,0.00201,0.00689,0.9911
3404987,2,2,0.0035,0.02471,0.97178
36936165,2,2,0.00191,0.00745,0.99064
33378412,2,2,0.002,0.00739,0.99061
39162679,2,2,0.00185,0.00859,0.98955
18518625,2,2,0.03752,0.05333,0.90914
21427393,2,2,0.0036,0.02937,0.96703
2531664,2,2,0.00312,0.01779,0.97909
5103871,2,1,0.07214,0.69522,0.23264
39453697,2,2,0.00253,0.00856,0.98892
35865585,2,2,0.00396,0.01078,0.98526
3570851,2,2,0.00254,0.02103,0.97643
13521696,2,2,0.00242,0.00722,0.99037
22579873,2,2,0.00303,0.01318,0.98378
23646642,2,2,0.00894,0.1208,0.87025
31760409,2,2,0.002,0.0082,0.98979
16914376,2,2,0.00332,0.03335,0.96333
18105496,2,2,0.00299,0.01216,0.98485
34315811,2,2,0.00444,0.02095,0.97461
9367962,2,2,0.01476,0.04289,0.94235
16737801,2,2,0.00186,0.00648,0.99167
21616083,2,2,0.00177,0.00722,0.99101
15868525,2,2,0.00689,0.03261,0.9605
26735482,2,2,0.01406,0.03821,0.94773
12332191,2,2,0.00433,0.0153,0.98037
3286121,2,2,0.00385,0.01005,0.9861
25761619,2,2,0.00212,0.0114,0.98648
26256892,2,2,0.00639,0.04595,0.94766
26242692,2,2,0.00177,0.00856,0.98967
4327902,2,2,0.00984,0.04678,0.94337
2196268,2,2,0.00224,0.00663,0.99114
33795160,2,2,0.00182,0.00792,0.99025
14813778,2,2,0.00326,0.02027,0.97648
2886776,2,2,0.00308,0.01497,0.98195
13059878,2,2,0.00136,0.00413,0.99451
40093376,2,2,0.10825,0.27124,0.62051
14633270,2,2,0.00266,0.00637,0.99097
8170957,2,2,0.01062,0.26761,0.72177
16325836,2,2,0.00204,0.00705,0.99091
24409999,2,2,0.00366,0.01151,0.98483
5234051,2,2,0.07008,0.23316,0.69677
15988741,2,2,0.00423,0.02297,0.9728
32189724,2,2,0.15826,0.2468,0.59494
15966812,2,2,0.04702,0.28857,0.66442
39881738,2,2,0.00123,0.00805,0.99071
38564866,2,2,0.00226,0.01109,0.98665
41268431,2,2,0.00272,0.01381,0.98347
21249105,2,2,0.01995,0.17708,0.80297
26053156,2,2,0.00182,0.00988,0.9883
24092163,2,2,0.0022,0.02194,0.97586
40486357,2,2,0.03521,0.37852,0.58627
23801428,2,2,0.00563,0.03302,0.96135
28390152,2,2,0.00144,0.00834,0.99022
23379991,2,2,0.00129,0.00911,0.98959
20576215,2,2,0.002,0.00739,0.99061
5640657,2,2,0.00185,0.00969,0.98846
9592196,2,2,0.00237,0.01157,0.98606
35589611,2,2,0.00191,0.00774,0.99035
1418727,2,2,0.01834,0.27702,0.70464
17199218,2,1,0.12346,0.65197,0.22457
936130,2,2,0.00182,0.00866,0.98952
20062073,2,2,0.00177,0.0083,0.98993
34675149,2,2,0.00401,0.01525,0.98075
15408088,2,1,0.01735,0.49517,0.48749
11916459,2,2,0.00346,0.02105,0.97548
29180197,2,2,0.0015,0.01613,0.98237
9569952,2,1,0.11009,0.50114,0.38877
11536888,2,2,0.00203,0.0078,0.99017
37402387,2,2,0.00156,0.00996,0.98848
3481910,2,2,0.0018,0.00722,0.99098
12910714,2,2,0.02394,0.21969,0.75638
21793843,2,2,0.0018,0.00464,0.99356
13741067,2,2,0.00177,0.00856,0.98967
21278638,2,2,0.00298,0.01446,0.98256
40072564,2,2,0.00754,0.09272,0.89973
1537566,2,2,0.00417,0.06599,0.92984
8994682,2,2,0.00333,0.01474,0.98194
34463918,2,2,0.01119,0.20458,0.78423
18092112,2,2,0.00235,0.01998,0.97767
16649089,2,2,0.00836,0.0399,0.95173
37500026,2,2,0.01783,0.01623,0.96593
9057371,2,2,0.00305,0.00938,0.98757
19503470,2,2,0.00233,0.01193,0.98574
4116477,2,2,0.0054,0.07192,0.92268
20496393,2,2,0.00382,0.01628,0.9799
12560476,2,2,0.00185,0.00722,0.99093
31037477,2,2,0.00782,0.0882,0.90398
29434652,2,2,0.0032,0.03887,0.95794
37055592,2,2,0.0014,0.00996,0.98864
24891299,2,2,0.05034,0.06438,0.88528
7861883,2,2,0.0023,0.01109,0.98661
10236784,2,2,0.0107,0.03323,0.95607
6130430,2,2,0.00283,0.00585,0.99132
13342424,2,2,0.00158,0.00901,0.98941
10107879,2,2,0.00177,0.00856,0.98967
33979128,2,2,0.00267,0.01592,0.9814
20313012,2,2,0.00767,0.01862,0.97371
21961651,2,2,0.0021,0.02116,0.97673
11097589,2,2,0.00294,0.02984,0.96722
4713233,2,2,0.0018,0.00799,0.99022
32267620,2,2,0.00171,0.0085,0.98979
20174893,2,2,0.00839,0.06652,0.92509
31036497,2,2,0.00446,0.0335,0.96204
23970092,2,2,0.00401,0.0156,0.98039
41244798,2,2,0.0079,0.07929,0.91281
28443921,2,2,0.01296,0.29604,0.691
25531426,2,2,0.01125,0.05208,0.93667
15357302,2,2,0.00276,0.01474,0.9825
22780416,2,1,0.05419,0.86445,0.08135
37387955,2,1,0.08011,0.81541,0.10448
39020357,2,2,0.00479,0.02322,0.97199
9771200,2,2,0.00237,0.0098,0.98783
7830830,2,2,0.03539,0.07291,0.8917
8699667,2,2,0.00185,0.00792,0.99022
23830603,2,1,0.0806,0.7921,0.1273
120394,2,2,0.01047,0.11795,0.87158
25858661,2,2,0.00196,0.01425,0.98379
25551063,2,2,0.00499,0.02884,0.96617
13792660,2,2,0.02124,0.06837,0.91038
7412448,2,2,0.00305,0.00855,0.9884
24648915,2,2,0.00197,0.00932,0.98871
24308648,2,2,0.00278,0.00903,0.98819
4096172,2,2,0.00188,0.00733,0.99078
32671651,2,2,0.02654,0.04532,0.92815
6380509,2,2,0.00311,0.03487,0.96202
14112726,2,2,0.00185,0.00762,0.99052
21500460,2,2,0.00128,0.00638,0.99234
12977995,2,2,0.00531,0.0064,0.98829
17292360,2,2,0.11678,0.06462,0.8186
22134181,2,2,0.00426,0.04775,0.94799
8686499,2,2,0.00615,0.08037,0.91348
2145337,2,2,0.06601,0.31739,0.61659
5857611,2,2,0.01197,0.01489,0.97314
21812404,2,2,0.01422,0.18447,0.8013
8221652,2,2,0.00185,0.01023,0.98792
10553756,2,2,0.00169,0.00501,0.9933
18370141,2,2,0.00829,0.03319,0.95852
31257605,2,1,0.02739,0.60897,0.36364
21840027,2,2,0.08749,0.27857,0.63394
28765384,2,2,0.00183,0.00733,0.99084
19498286,2,2,0.00602,0.01236,0.98162
15099790,2,2,0.00675,0.09571,0.89754
11310169,2,2,0.00269,0.00889,0.98842
21142122,2,2,0.01163,0.12068,0.86769
16950798,2,2,0.00938,0.07742,0.9132
24726075,2,2,0.0036,0.01423,0.98217
1711509,2,2,0.00475,0.00828,0.98697
14561295,2,2,0.00156,0.00777,0.99067
18705284,2,2,0.00209,0.01245,0.98546
195927,2,2,0.00317,0.03292,0.96392
22697767,2,2,0.00242,0.00632,0.99126
20087531,2,2,0.00177,0.00856,0.98967
29593385,2,2,0.01856,0.02932,0.95212
21838914,2,2,0.0034,0.00855,0.98805
26182408,2,2,0.00164,0.00653,0.99183
7213342,2,2,0.0047,0.01186,0.98344
21043660,2,2,0.07609,0.316,0.60791
18380792,2,2,0.01519,0.04483,0.93998
15382060,2,2,0.00802,0.05025,0.94173
16225239,2,2,0.00319,0.0099,0.9869
4923271,2,2,0.00201,0.00563,0.99236
32009778,2,2,0.01153,0.12835,0.86013
28741975,2,2,0.00225,0.0143,0.98344
32267824,2,2,0.01115,0.03138,0.95747
40600766,2,2,0.00226,0.01361,0.98414
38559994,2,0,0.93185,0.03394,0.03421
20990859,2,2,0.00522,0.03116,0.96363
28152650,2,2,0.00204,0.02029,0.97767
26761614,2,2,0.00421,0.01327,0.98252
10067449,2,2,0.00185,0.00977,0.98838
23476927,2,2,0.00552,0.02216,0.97232
36067319,2,2,0.00177,0.00542,0.99281
17936650,2,1,0.03403,0.85739,0.10858
8984718,2,2,0.01761,0.02826,0.95413
40382737,2,2,0.00184,0.01372,0.98444
38685830,2,2,0.01875,0.18392,0.79733
19791151,2,2,0.00249,0.00856,0.98895
35648581,2,2,0.00315,0.0081,0.98875
28030610,2,2,0.0327,0.26276,0.70455
27620722,2,2,0.0022,0.00762,0.99018
15315926,2,2,0.00136,0.00873,0.98991
6919910,2,2,0.00498,0.01595,0.97907
29947749,2,2,0.00744,0.03315,0.95941
17754149,2,2,0.00191,0.00798,0.9901
16844564,2,1,0.03415,0.75336,0.21249
21084459,2,2,0.00131,0.00805,0.99063
32871831,2,2,0.05104,0.41913,0.52983
17946330,2,2,0.00159,0.00786,0.99055
7814697,2,2,0.00203,0.00969,0.98828
4680733,2,2,0.00124,0.00586,0.9929
4760442,2,2,0.00241,0.00856,0.98903
8411276,2,2,0.00174,0.00756,0.99069
16389814,2,2,0.00967,0.03441,0.95592
36940503,2,0,0.93666,0.05879,0.00455
37533391,2,2,0.00221,0.01656,0.98123
26922021,2,2,0.00168,0.01189,0.98642
8771585,2,2,0.00272,0.01344,0.98384
28916968,2,2,0.00524,0.02692,0.96784
9834318,2,2,0.00378,0.01272,0.9835
36524087,2,2,0.00242,0.00727,0.99031
28021008,2,2,0.00299,0.02814,0.96887
33415948,2,1,0.37598,0.59614,0.02788
29156287,2,2,0.00156,0.00586,0.99258
14177606,2,2,0.03567,0.02992,0.93441
27342456,2,2,0.07217,0.11156,0.81628
7011070,2,2,0.01699,0.04061,0.9424
1268020,2,2,0.00189,0.00563,0.99248
24306491,2,2,0.00151,0.00962,0.98887
29500317,2,1,0.21909,0.57948,0.20144
38581801,2,2,0.00126,0.00648,0.99226
18893587,2,2,0.00269,0.00991,0.9874
29000009,2,1,0.0264,0.50201,0.47159
32195793,2,2,0.00147,0.00525,0.99328
41519832,2,1,0.01841,0.60013,0.38146
37246885,2,2,0.00469,0.08778,0.90753
14918798,2,2,0.01109,0.03609,0.95282
29218030,2,2,0.00138,0.00546,0.99316
24191024,2,2,0.00473,0.04984,0.94543
15932169,2,2,0.01196,0.03758,0.95046
36725556,2,1,0.44574,0.48955,0.06472
25093232,2,2,0.0014,0.00674,0.99186
16803498,2,0,0.65566,0.29901,0.04532
32284058,2,2,0.00367,0.00952,0.9868
33126057,2,2,0.00198,0.00475,0.99328
38051006,2,2,0.04402,0.0991,0.85689
22386065,2,2,0.00345,0.00902,0.98752
35332143,2,2,0.00204,0.00711,0.99086
26659669,2,2,0.00185,0.00673,0.99141
33366686,2,2,0.00331,0.01899,0.9777
5128413,2,2,0.00269,0.00773,0.98957
9970071,2,2,0.00191,0.00733,0.99076
2389707,2,2,0.00188,0.00921,0.98891
40394140,2,2,0.00251,0.01636,0.98113
30159288,2,2,0.00257,0.0227,0.97473
33165077,2,2,0.00182,0.01162,0.98656
32296998,2,2,0.00375,0.01827,0.97798
2084877,2,2,0.00711,0.01679,0.97609
21597487,2,2,0.00901,0.0128,0.97819
24611499,2,2,0.00311,0.03451,0.96238
2094390,2,2,0.00209,0.01189,0.98602
22866616,2,2,0.00546,0.01721,0.97733
34392566,2,2,0.00808,0.08709,0.90483
9333175,2,2,0.00547,0.03022,0.96431
27326002,2,2,0.00215,0.01727,0.98058
15274535,2,2,0.02298,0.45802,0.519
8820278,2,2,0.00269,0.00798,0.98933
12841264,2,2,0.00947,0.02504,0.9655
28218158,2,2,0.00256,0.02783,0.96961
16095857,2,2,0.01675,0.34982,0.63343
9441863,2,2,0.00174,0.00658,0.99168
34363619,2,2,0.00312,0.01567,0.9812
27202865,2,2,0.00312,0.01814,0.97875
14675793,2,2,0.00142,0.00771,0.99086
16538382,2,2,0.00226,0.01075,0.98698
18514904,2,2,0.00739,0.00942,0.98319
3109331,2,2,0.02454,0.11695,0.8585
41610297,2,2,0.00875,0.06999,0.92126
22931374,2,2,0.0014,0.00638,0.99222
35040217,2,2,0.00378,0.01272,0.9835
29697867,2,2,0.00531,0.02866,0.96602
36985147,2,2,0.18343,0.17384,0.64273
25304431,2,2,0.16675,0.08376,0.74949
2895867,2,2,0.00481,0.03458,0.96061
24294979,2,1,0.30363,0.67627,0.0201
14516078,2,2,0.00206,0.01047,0.98747
34948460,2,1,0.041,0.8631,0.0959
23564065,2,2,0.00179,0.0088,0.98941
24568989,2,2,0.17763,0.22845,0.59392
18272631,2,2,0.00188,0.00999,0.98813
607062,2,1,0.24667,0.71097,0.04236
37449036,2,2,0.00735,0.01451,0.97814
3953870,2,2,0.00143,0.00482,0.99375
5656803,2,2,0.03507,0.40769,0.55724
27686874,2,2,0.01255,0.01326,0.97419
9373302,2,2,0.0022,0.00911,0.9887
14369089,2,2,0.00328,0.01344,0.98328
17740860,2,2,0.00253,0.00683,0.99063
10413954,2,1,0.27215,0.69767,0.03018
22044342,2,2,0.00183,0.00658,0.9916
38760619,2,2,0.00375,0.01827,0.97798
22899514,2,2,0.00219,0.01139,0.98641
11826011,2,2,0.01047,0.11795,0.87158
28758104,2,2,0.00753,0.02113,0.97134
23482819,2,2,0.0022,0.00792,0.98988
10292463,2,1,0.04188,0.88154,0.07658
1279938,2,2,0.01917,0.41628,0.56456
10179364,2,2,0.0022,0.00863,0.98918
14351481,2,2,0.00202,0.0126,0.98538
37256364,2,2,0.00212,0.01284,0.98504
30149975,2,2,0.00379,0.00822,0.98799
8904301,2,1,0.40536,0.46931,0.12533
6422176,2,2,0.008,0.04584,0.94617
14923195,2,2,0.01181,0.02002,0.96817
23269839,2,2,0.00206,0.01208,0.98587
16945295,2,2,0.02087,0.18381,0.79532
2459340,2,2,0.0024,0.01475,0.98285
3006713,2,2,0.00216,0.01212,0.98572
41000887,2,2,0.00292,0.03529,0.96179
33837820,2,1,0.05768,0.56026,0.38206
32594420,2,2,0.01393,0.02464,0.96143
28973294,2,2,0.00236,0.0136,0.98403
17339606,2,2,0.00149,0.00711,0.9914
40868761,2,2,0.00213,0.00965,0.98822
6385903,2,2,0.00238,0.00567,0.99194
33851900,2,2,0.00282,0.0075,0.98968
3546774,2,1,0.02596,0.61431,0.35973
34030994,2,2,0.03402,0.13519,0.83078
10610424,2,2,0.00197,0.00999,0.98804
1337644,2,2,0.005,0.05612,0.93887
20436862,2,2,0.00388,0.01758,0.97855
11101555,2,2,0.01064,0.07515,0.9142
16781167,2,2,0.00132,0.00581,0.99287
29274592,2,2,0.00174,0.00628,0.99198
7829896,2,2,0.0034,0.02429,0.97231
25036220,2,2,0.0014,0.0046,0.99399
2163298,2,2,0.01123,0.00909,0.97968
11734736,2,2,0.00143,0.01383,0.98474
40128913,2,2,0.0024,0.01414,0.98346
3299089,2,2,0.00245,0.00733,0.99022
15274613,2,2,0.00158,0.00988,0.98854
36415790,2,2,0.00147,0.00614,0.9924
20668277,2,2,0.00244,0.01289,0.98467
13768691,2,2,0.0014,0.00714,0.99146
38929442,2,2,0.00448,0.01281,0.98271
20928823,2,1,0.202,0.59081,0.20719
7655699,2,2,0.0014,0.0079,0.9907
5971636,2,2,0.00605,0.01581,0.97814
106993,2,2,0.0041,0.00784,0.98805
13925036,2,2,0.01187,0.10954,0.87859
34277236,2,2,0.01203,0.06147,0.9265
36846408,2,2,0.11621,0.13194,0.75186
32087191,2,2,0.00154,0.0055,0.99296
17730340,2,2,0.00543,0.00742,0.98715
13400546,2,2,0.00315,0.00598,0.99086
14185611,2,2,0.0051,0.01632,0.97859
38203037,2,2,0.00171,0.00958,0.98871
8703526,2,2,0.00278,0.00608,0.99114
23904250,2,2,0.01824,0.06052,0.92123
11473326,2,2,0.00185,0.01149,0.98667
12397408,2,2,0.00214,0.00493,0.99293
639371,2,2,0.00146,0.01149,0.98705
31130288,2,2,0.0042,0.02952,0.96627
4547932,2,2,0.00339,0.04181,0.9548
20331935,2,2,0.00194,0.00954,0.98852
25202343,2,2,0.00713,0.02154,0.97132
41341491,2,2,0.00185,0.01039,0.98776
33730585,2,2,0.00393,0.01862,0.97745
29252658,2,2,0.0031,0.0081,0.9888
41057259,2,2,0.00623,0.06936,0.92441
37380013,2,2,0.01153,0.12835,0.86013
7888529,2,2,0.00272,0.0136,0.98368
11960751,2,2,0.01397,0.20527,0.78076
18501930,2,2,0.00203,0.01031,0.98766
27430016,2,2,0.0023,0.00961,0.98809
29117245,2,2,0.00345,0.01078,0.98577
41472023,2,2,0.00238,0.00876,0.98887
11575944,2,2,0.00169,0.00863,0.98968
40860103,2,2,0.003,0.0107,0.9863
28145981,2,2,0.00971,0.06022,0.93008
8244633,2,2,0.01725,0.28834,0.69441
4086674,2,2,0.00458,0.0221,0.97332
18751138,2,2,0.00418,0.036,0.95982
34618727,2,2,0.00184,0.01255,0.9856
37668234,2,2,0.00203,0.0108,0.98717
28425031,2,2,0.0837,0.19039,0.72591
24410005,2,2,0.00175,0.00509,0.99316
17683202,2,2,0.00933,0.06784,0.92283
15019779,2,2,0.0041,0.05376,0.94214
23986575,2,2,0.00192,0.00554,0.99254
23742129,2,2,0.00174,0.0094,0.98887
16549489,2,2,0.00196,0.01305,0.98499
29332165,2,2,0.0025,0.03514,0.96236
27853467,2,2,0.00741,0.02993,0.96266
8459140,2,2,0.00676,0.03618,0.95706
3932068,2,1,0.32837,0.35367,0.31796
31890882,2,2,0.00336,0.02007,0.97657
13587920,2,2,0.00258,0.00541,0.99201
25012840,2,2,0.00126,0.00534,0.99341
13389788,2,2,0.00142,0.006,0.99258
20261002,2,2,0.02723,0.35309,0.61969
29258322,2,2,0.00199,0.01587,0.98214
32536694,2,2,0.0012,0.00586,0.99294
13453550,2,2,0.00245,0.01034,0.98721
7626009,2,2,0.00361,0.01229,0.9841
30124346,2,2,0.01492,0.04039,0.9447
16776489,2,2,0.00498,0.04673,0.94829
19354544,2,2,0.00292,0.02147,0.97561
32684526,2,2,0.00259,0.03011,0.9673
16161002,2,2,0.00183,0.00643,0.99175
20472875,2,2,0.00556,0.05932,0.93512
2312769,2,2,0.13377,0.10541,0.76082
30222862,2,2,0.00156,0.00717,0.99127
20736448,2,2,0.00237,0.01153,0.98611
30239175,2,2,0.00422,0.04187,0.95391
4109616,2,2,0.00175,0.0046,0.99365
18111919,2,2,0.00429,0.05377,0.94194
37427024,2,2,0.00154,0.00538,0.99308
23506281,2,2,0.00164,0.0041,0.99426
19331949,2,1,0.14784,0.67695,0.17522
4001284,2,2,0.00166,0.00628,0.99206
10117987,2,1,0.04832,0.86316,0.08852
8736580,2,2,0.00299,0.02658,0.97043
31076752,2,2,0.00256,0.011,0.98644
14985523,2,2,0.00418,0.02096,0.97487
10666911,2,2,0.00295,0.00875,0.98829
5366223,2,2,0.00136,0.00468,0.99396
28006943,2,2,0.0031,0.00632,0.99058
14592750,2,2,0.00165,0.0133,0.98504
16985139,2,2,0.00253,0.0095,0.98798
32155492,2,2,0.00368,0.00657,0.98975
32206207,2,1,0.14359,0.70266,0.15375
11937669,2,2,0.00175,0.00505,0.9932
10044818,2,2,0.00768,0.00956,0.98276
35424378,2,2,0.13514,0.1705,0.69437
15013256,2,2,0.00154,0.00648,0.99198
22665236,2,2,0.00177,0.00856,0.98967
35314021,2,2,0.01021,0.06364,0.92615
31231111,2,2,0.00188,0.00774,0.99038
22490,2,2,0.02182,0.09297,0.88521
7461341,2,2,0.00133,0.01145,0.98722
18032,2,2,0.00159,0.00668,0.99173
26407328,2,2,0.00148,0.01194,0.98657
5147582,2,2,0.00496,0.0357,0.95934
3325308,2,2,0.00174,0.00728,0.99098
39925733,2,2,0.04428,0.18907,0.76665
36859876,2,2,0.00245,0.00999,0.98756
20935358,2,2,0.00238,0.00889,0.98873
26341999,2,2,0.00201,0.01747,0.98051
8487714,2,2,0.00269,0.00953,0.98778
11443867,2,2,0.18522,0.08908,0.7257
874644,2,2,0.00203,0.00973,0.98824
26219556,2,2,0.00129,0.00793,0.99078
9252228,2,2,0.09299,0.03335,0.87366
38751032,2,2,0.00154,0.00568,0.99278
19706569,2,2,0.03423,0.03343,0.93234
8940105,2,2,0.00213,0.01109,0.98678
26933653,2,2,0.00203,0.01011,0.98786
20979120,2,2,0.00286,0.0101,0.98704
3575845,2,2,0.03566,0.07289,0.89145
18621489,2,2,0.00314,0.02588,0.97098
18720984,2,2,0.00179,0.01003,0.98817
41163893,2,2,0.00161,0.0084,0.98999
24221483,2,2,0.00164,0.00618,0.99218
17389751,2,2,0.00149,0.00834,0.99018
13054061,2,2,0.00118,0.00464,0.99418
10328337,2,2,0.00546,0.00943,0.98511
16232952,2,2,0.18232,0.2517,0.56598
27864207,2,2,0.00275,0.03502,0.96224
33176928,2,2,0.00403,0.00967,0.9863
3603250,2,2,0.00992,0.12489,0.8652
18965629,2,2,0.00489,0.01867,0.97644
14813873,2,2,0.00204,0.00663,0.99134
9539620,2,2,0.00619,0.07458,0.91923
40876918,2,2,0.00314,0.01058,0.98628
31336589,2,2,0.00466,0.01172,0.98361
27758254,2,2,0.00529,0.03304,0.96168
25747840,2,1,0.02967,0.75325,0.21708
23582325,2,2,0.00257,0.00817,0.98926
10304627,2,2,0.00493,0.02554,0.96953
7756484,2,1,0.01906,0.57022,0.41072
38726649,2,2,0.0022,0.0095,0.9883
34540460,2,2,0.00206,0.0114,0.98654
8359220,2,2,0.00379,0.055,0.94121
22828127,2,2,0.0018,0.00482,0.99338
11875961,2,2,0.00202,0.01356,0.98442
35260472,2,1,0.0453,0.7843,0.17041
11523130,2,2,0.002,0.0083,0.9897
36316506,2,2,0.00622,0.04105,0.95273
1032697,2,2,0.00213,0.01105,0.98683
6887339,2,2,0.00562,0.01858,0.97579
25429499,2,2,0.00179,0.01227,0.98595
6452384,2,2,0.00337,0.01806,0.97857
27910773,2,2,0.00166,0.00805,0.99029
29164990,2,2,0.00161,0.00628,0.99211
22979370,2,2,0.00169,0.00695,0.99137
26727265,2,2,0.00842,0.15892,0.83266
5358507,2,2,0.0014,0.00897,0.98963
20548144,2,2,0.00282,0.02478,0.97241
16344271,2,2,0.00132,0.00604,0.99264
20326381,2,2,0.00299,0.01244,0.98457
27787170,2,2,0.00435,0.0112,0.98445
20607243,2,2,0.00562,0.01953,0.97485
9062182,2,2,0.00158,0.00827,0.99014
36729818,2,2,0.04062,0.09083,0.86855
11742127,2,2,0.01283,0.06608,0.92109
20451739,2,1,0.24862,0.71521,0.03617
25497147,2,2,0.00391,0.03846,0.95763
6131212,2,2,0.00751,0.02406,0.96843
27981077,2,2,0.00474,0.0333,0.96195
28766786,2,2,0.0084,0.05,0.94159
40510081,2,2,0.00772,0.01187,0.98041
26271566,2,2,0.00164,0.00668,0.99168
38200654,2,2,0.00245,0.00961,0.98794
14556061,2,0,0.4814,0.26952,0.24908
39945897,2,2,0.0044,0.01483,0.98076
23224040,2,0,0.7529,0.23415,0.01295
6316206,2,2,0.00203,0.00984,0.98813
15928968,2,2,0.00132,0.006,0.99269
51846,2,2,0.00177,0.00799,0.99025
30450706,2,2,0.00253,0.00935,0.98812
11502691,2,2,0.01586,0.09779,0.88636
1792200,2,2,0.0022,0.00965,0.98815
4144101,2,2,0.00171,0.00866,0.98962
6133779,2,2,0.00592,0.02108,0.973
8372078,2,2,0.00132,0.00706,0.99163
8612990,2,2,0.00222,0.01436,0.98342
20725401,2,1,0.12286,0.56586,0.31128
10582808,2,2,0.00161,0.00739,0.991
23093097,2,1,0.08186,0.72958,0.18856
29406813,2,2,0.00172,0.00568,0.99261
9559218,2,1,0.12558,0.59445,0.27997
38895380,2,2,0.00261,0.0078,0.98959
25429622,2,2,0.00179,0.01194,0.98627
3611341,2,2,0.01988,0.04445,0.93567
32980839,2,2,0.00199,0.01289,0.98511
1621779,2,2,0.0224,0.08282,0.89478
10989831,2,2,0.00252,0.01231,0.98518
20260597,2,2,0.00547,0.10228,0.89224
15298069,2,2,0.02579,0.13984,0.83436
7553238,2,2,0.00524,0.01954,0.97522
2238199,2,2,0.00161,0.00706,0.99133
32961131,2,2,0.00291,0.00961,0.98749
781416,2,2,0.00224,0.00678,0.99098
28823962,2,2,0.0053,0.03163,0.96307
6317617,2,2,0.00519,0.02118,0.97363
22647570,2,2,0.00276,0.01586,0.98138
8531889,2,2,0.00352,0.02121,0.97527
5620159,2,1,0.02394,0.60307,0.37299
28924989,2,2,0.00201,0.00638,0.99162
38659357,2,2,0.00332,0.0166,0.98008
21562157,2,2,0.00166,0.00805,0.99029
2943287,2,2,0.00179,0.00988,0.98833
2072730,2,2,0.008,0.09534,0.89666
27027722,2,2,0.00234,0.00647,0.99118
16317539,2,2,0.0038,0.02104,0.97515
39045323,2,2,0.00245,0.0083,0.98925
29505321,2,2,0.00256,0.01202,0.98542
25376955,2,2,0.0018,0.00751,0.9907
36514353,2,2,0.0018,0.0059,0.9923
32762501,2,2,0.00156,0.00633,0.99211
22675921,2,2,0.00122,0.00799,0.99079
12046014,2,2,0.00191,0.00716,0.99092
24633616,2,1,0.07487,0.75318,0.17196
38020825,2,2,0.00478,0.01052,0.9847
7700403,2,2,0.00328,0.01359,0.98313
7677436,2,2,0.00233,0.01126,0.98641
281285,2,1,0.06755,0.47624,0.45621
21073126,2,2,0.03769,0.01282,0.94949
32475224,2,2,0.00142,0.00542,0.99316
25403157,2,2,0.00203,0.01122,0.98675
6903472,2,2,0.0016,0.01167,0.98673
31216614,2,2,0.00673,0.0253,0.96797
33417617,2,2,0.00151,0.00981,0.98868
26441309,2,2,0.00142,0.00633,0.99225
37462988,2,2,0.00276,0.02951,0.96773
33317994,2,2,0.00158,0.01203,0.98639
13948136,2,1,0.03468,0.56847,0.39685
20649993,2,2,0.00169,0.00684,0.99147
25266079,2,2,0.00191,0.00673,0.99135
21737005,2,1,0.38409,0.59257,0.02334
9275666,2,2,0.0045,0.05356,0.94194
30921860,2,2,0.00244,0.01366,0.9839
25763777,2,2,0.00847,0.02047,0.97106
8629895,2,2,0.00696,0.01463,0.97841
19060679,2,2,0.01497,0.24643,0.73859
8001343,2,2,0.00233,0.01144,0.98623
4595421,2,2,0.00364,0.03436,0.962
22702724,2,2,0.00136,0.00643,0.99221
19282281,2,2,0.00319,0.01138,0.98543
34521477,2,2,0.00227,0.02236,0.97537
21902329,2,2,0.00391,0.00938,0.98672
4419412,2,2,0.00228,0.00505,0.99268
37300057,2,1,0.04832,0.79209,0.15959
31741672,2,2,0.00248,0.02664,0.97087
30923046,2,2,0.00167,0.0055,0.99283
38615000,2,2,0.00719,0.08007,0.91274
6957976,2,2,0.00147,0.00633,0.9922
21868581,2,2,0.00237,0.0113,0.98633
36166481,2,2,0.00201,0.00563,0.99236
36634600,2,2,0.00147,0.00847,0.99007
20948635,2,2,0.00147,0.00653,0.992
31375101,2,2,0.00217,0.00567,0.99216
25637240,2,2,0.05351,0.41439,0.53209
40444120,2,2,0.00176,0.01409,0.98415
26520620,2,2,0.00159,0.007,0.99141
7533209,2,2,0.0022,0.02157,0.97623
3175759,2,2,0.00345,0.03932,0.95723
1350276,2,2,0.00138,0.00774,0.99088
7361945,2,2,0.01802,0.48332,0.49866
23297647,2,2,0.00194,0.007,0.99106
24821574,2,2,0.00761,0.16649,0.82591
6831422,2,2,0.00154,0.00429,0.99417
5866748,2,2,0.00949,0.02233,0.96818
7927040,2,2,0.00319,0.02453,0.97228
41601245,2,2,0.00432,0.03428,0.96141
20026819,2,2,0.00216,0.00904,0.9888
11875293,2,2,0.00286,0.00998,0.98715
14645745,2,2,0.01002,0.07355,0.91642
7119770,2,2,0.00532,0.0431,0.95159
21605589,2,2,0.01781,0.03982,0.94237
19678360,2,2,0.00199,0.01335,0.98466
39590893,2,2,0.05973,0.18061,0.75966
7673606,2,0,0.37506,0.29668,0.32826
26472416,2,2,0.00154,0.00568,0.99278
17565925,2,2,0.00125,0.00877,0.98998
4439913,2,2,0.00353,0.01827,0.9782
25871422,2,1,0.03542,0.63764,0.32695
17456234,2,2,0.00249,0.00786,0.98965
24661685,2,2,0.03368,0.09101,0.87532
37188344,2,2,0.00209,0.01431,0.98361
19427535,2,1,0.0426,0.69287,0.26453
24912166,2,2,0.00644,0.05328,0.94028
29988764,2,2,0.00484,0.0057,0.98946
34187237,2,2,0.01401,0.06363,0.92236
9697374,2,2,0.00154,0.00658,0.99188
27841937,2,2,0.09892,0.15577,0.74531
37314872,2,2,0.00619,0.07478,0.91903
10294243,2,2,0.00531,0.07291,0.92178
21874394,2,2,0.0026,0.01083,0.98656
18388244,2,2,0.00476,0.05916,0.93608
26508685,2,2,0.00191,0.009,0.98909
34490271,2,2,0.23658,0.16873,0.5947
9596532,2,2,0.00241,0.02446,0.97313
6656629,2,2,0.003,0.00836,0.98864
35937347,2,2,0.08936,0.09531,0.81533
32703182,2,2,0.00254,0.01836,0.9791
23671982,2,2,0.00182,0.0108,0.98738
39333571,2,2,0.1181,0.12376,0.75814
1804506,2,2,0.00536,0.01305,0.98159
6978228,2,1,0.08432,0.81258,0.10311
23727967,2,2,0.00525,0.08345,0.9113
20695453,2,2,0.00221,0.00525,0.99255
22841127,2,2,0.00348,0.06172,0.9348
28567469,2,2,0.03415,0.34622,0.61963
26753005,2,2,0.00303,0.01532,0.98165
8002181,2,2,0.01142,0.03788,0.9507
40600429,2,2,0.00476,0.01489,0.98036
31271146,2,2,0.00354,0.04499,0.95147
15691525,2,2,0.00534,0.05391,0.94075
39711361,2,2,0.01934,0.31462,0.66604
26335111,2,2,0.00139,0.01426,0.98435
25244792,2,2,0.01327,0.04192,0.94481
31231018,2,2,0.02576,0.14096,0.83328
5889174,2,1,0.28559,0.4622,0.25221
24727244,2,2,0.00422,0.00959,0.98618
17116014,2,2,0.06133,0.1117,0.82697
28760539,2,2,0.00437,0.05207,0.94356
35886919,2,2,0.00218,0.01533,0.98249
11490207,2,2,0.01047,0.09039,0.89915
35688989,2,2,0.00673,0.04004,0.95323
39020838,2,2,0.00901,0.11452,0.87647
35101857,2,2,0.00237,0.01153,0.98611
26425718,2,2,0.00725,0.02866,0.96409
16190355,2,2,0.0339,0.46796,0.49814
16475832,2,2,0.003,0.00975,0.98725
2027604,2,2,0.00357,0.00755,0.98888
4087307,2,2,0.00143,0.00423,0.99435
6526583,2,2,0.00693,0.01951,0.97356
19718597,2,1,0.07507,0.8392,0.08573
9292678,2,2,0.00278,0.00642,0.9908
11559942,2,2,0.00161,0.01097,0.98743
17851949,2,2,0.00232,0.01788,0.97981
37236892,2,2,0.00385,0.03897,0.95718
21187881,2,2,0.0021,0.00786,0.99004
19844870,2,2,0.00257,0.00792,0.98951
13992622,2,2,0.0078,0.01717,0.97502
1283819,2,2,0.04985,0.17045,0.77971
40006808,2,2,0.00743,0.01206,0.98052
33210475,2,2,0.00178,0.01534,0.98288
23861374,2,2,0.00197,0.00739,0.99064
10233635,2,2,0.00426,0.0159,0.97984
27054954,2,2,0.0061,0.07462,0.91929
39658405,2,2,0.00229,0.01245,0.98525
25776625,2,2,0.00216,0.01023,0.98761
22724399,2,1,0.04469,0.74417,0.21114
29126836,2,2,0.0014,0.00754,0.99106
16357349,2,2,0.00818,0.03148,0.96034
23004825,2,2,0.01148,0.04015,0.94837
35175057,2,2,0.00186,0.01942,0.97872
36764610,2,2,0.00285,0.01308,0.98406
31388788,2,2,0.03222,0.04088,0.9269
7269879,2,2,0.00747,0.15545,0.83708
30097902,2,2,0.00549,0.12652,0.86799
467628,2,2,0.0021,0.00739,0.99051
38246428,2,2,0.00376,0.06198,0.93426
39313054,2,2,0.00502,0.02277,0.9722
34319146,2,2,0.00171,0.00728,0.99101
30197857,2,2,0.00924,0.13218,0.85857
22628488,2,2,0.00436,0.00967,0.98598
38637177,2,2,0.00503,0.01341,0.98156
13196048,2,2,0.00253,0.00849,0.98898
27725493,2,2,0.00185,0.01176,0.9864
33869923,2,2,0.02637,0.38745,0.58619
18981298,2,1,0.02191,0.49095,0.48713
31124215,2,2,0.03519,0.05021,0.91461
35971253,2,2,0.00129,0.0089,0.9898
2435637,2,2,0.00592,0.04351,0.95056
15420980,2,2,0.00203,0.00943,0.98854
23752097,2,2,0.00576,0.04008,0.95416
2541749,2,2,0.00132,0.00648,0.9922
40676665,2,2,0.0074,0.02316,0.96944
25280846,2,2,0.00238,0.00689,0.99073
18120328,2,2,0.00716,0.09824,0.8946
24457672,2,2,0.00143,0.00433,0.99425
30464952,2,2,0.0021,0.00744,0.99046
8944007,2,2,0.00169,0.00648,0.99183
41202766,2,2,0.00164,0.00555,0.99281
15366384,2,2,0.00134,0.00568,0.99298
17203560,2,2,0.00169,0.00643,0.99188
784047,2,0,0.83091,0.16234,0.00675
18552252,2,2,0.01047,0.11795,0.87158
17853251,2,2,0.01977,0.02024,0.95999
36681861,2,2,0.00353,0.03363,0.96284
10477399,2,2,0.00194,0.00684,0.99122
20924359,2,2,0.00253,0.00889,0.98858
22827443,2,2,0.00177,0.00628,0.99195
41269010,2,2,0.00118,0.00577,0.99305
27743668,2,2,0.00459,0.07856,0.91685
1928846,2,2,0.04874,0.06688,0.88438
38053180,2,2,0.0034,0.00924,0.98737
37296665,2,2,0.00273,0.00823,0.98904
38201756,2,2,0.00198,0.00572,0.9923
39156595,2,2,0.01832,0.07105,0.91063
6025527,2,2,0.00169,0.00711,0.9912
32293453,2,2,0.01309,0.01762,0.96929
2431247,2,2,0.00145,0.00684,0.99171
13389782,2,2,0.0021,0.00628,0.99162
40675084,2,1,0.03878,0.61146,0.34976
14504515,2,2,0.00167,0.01528,0.98304
36594475,2,2,0.00136,0.00658,0.99206
4901763,2,2,0.00232,0.01563,0.98205
16015323,2,1,0.17726,0.68017,0.14257
12680031,2,0,0.93869,0.05828,0.00303
1083043,2,2,0.00307,0.01574,0.98119
13267816,2,2,0.00257,0.00953,0.9879
25022602,2,2,0.00228,0.01983,0.9779
34661205,2,2,0.0053,0.03098,0.96372
36157523,2,2,0.00238,0.00862,0.989
33165860,2,2,0.00391,0.00822,0.98787
24631272,2,2,0.00132,0.00453,0.99415
15086667,2,2,0.00154,0.00736,0.9911
35734101,2,2,0.00286,0.02593,0.97121
5441285,2,2,0.00533,0.01027,0.9844
29074302,2,2,0.00177,0.00856,0.98967
22228416,2,2,0.00372,0.01328,0.98301
25935169,2,2,0.00149,0.00479,0.99372
27879467,2,2,0.00175,0.00542,0.99284
15678307,2,2,0.0074,0.0965,0.8961
31990095,2,2,0.00242,0.00613,0.99145
21523339,2,2,0.0043,0.00828,0.98742
27418735,2,2,0.00118,0.00638,0.99244
12532416,2,2,0.00241,0.02624,0.97135
12671219,2,2,0.01055,0.27844,0.71102
17534842,2,2,0.00197,0.00756,0.99046
29170944,2,2,0.09647,0.11147,0.79207
12605041,2,2,0.00317,0.01706,0.97978
23901427,2,2,0.00366,0.02822,0.96812
10812228,2,2,0.00142,0.00722,0.99136
5551505,2,2,0.02467,0.33918,0.63615
32619678,2,2,0.0314,0.04001,0.92859
37799408,2,0,0.87548,0.11417,0.01035
1766237,2,2,0.00125,0.0085,0.99025
3976789,2,2,0.00335,0.0378,0.95885
8405442,2,2,0.01232,0.17618,0.81149
26762455,2,2,0.0035,0.01074,0.98576
41375162,2,2,0.00138,0.00769,0.99094
8428663,2,2,0.00218,0.01656,0.98126
15636258,2,2,0.00458,0.02135,0.97407
6288583,2,2,0.00229,0.01376,0.98395
15747253,2,1,0.05354,0.81804,0.12843
10347207,2,0,0.46675,0.42664,0.10661
26478876,2,2,0.00477,0.057,0.93823
2269491,2,2,0.00286,0.0117,0.98545
14545142,2,2,0.00147,0.00808,0.99045
28814148,2,2,0.00177,0.00658,0.99165
31905508,2,2,0.00274,0.0075,0.98976
8272576,2,1,0.06392,0.73147,0.20462
30228660,2,2,0.00175,0.00453,0.99372
9058352,2,2,0.00925,0.02504,0.96571
35770779,2,2,0.0049,0.04755,0.94756
16326207,2,2,0.00365,0.03085,0.9655
24380514,2,2,0.02698,0.22067,0.75236
32374846,2,2,0.0021,0.00727,0.99063
1011203,2,2,0.00193,0.0134,0.98467
16605931,2,2,0.00131,0.00922,0.98947
26717500,2,2,0.0022,0.00678,0.99102
29856814,2,2,0.00246,0.00657,0.99097
22688553,2,2,0.00333,0.01288,0.98379
20874091,2,1,0.04049,0.85891,0.1006
37994688,2,1,0.03632,0.59542,0.36826
9355916,2,2,0.0029,0.02554,0.97156
37756604,2,2,0.00177,0.00585,0.99237
28199196,2,2,0.0089,0.1248,0.8663
30011380,2,2,0.00407,0.02953,0.9664
26193825,2,2,0.00201,0.00638,0.99162
19710099,2,2,0.00131,0.00933,0.98936
22967603,2,1,0.04049,0.85891,0.1006
19316033,2,2,0.01315,0.08601,0.90084
15160535,2,2,0.00703,0.193,0.79997
35395454,2,2,0.0018,0.00786,0.99034
24829506,2,2,0.00149,0.00555,0.99296
1996753,2,2,0.01334,0.12172,0.86494
34093637,2,2,0.05026,0.1062,0.84353
34440985,2,2,0.02169,0.04133,0.93698
21398500,2,2,0.00319,0.01042,0.9864
38509851,2,2,0.01768,0.18824,0.79408
11646075,2,2,0.00173,0.01199,0.98628
26887257,2,2,0.00174,0.0215,0.97676
5395680,2,2,0.00134,0.0079,0.99077
40302606,2,2,0.00185,0.00711,0.99104
26435177,2,2,0.00354,0.04582,0.95064
39573024,2,0,0.77584,0.21377,0.0104
6957637,2,2,0.0047,0.04088,0.95441
7253431,2,2,0.00265,0.00804,0.98931
3292806,2,1,0.11876,0.61982,0.26142
26512171,2,0,0.9684,0.0297,0.0019
12463610,2,2,0.0031,0.03718,0.95972
2376591,2,2,0.0021,0.00939,0.98851
14196948,2,2,0.0018,0.00509,0.99311
19228794,2,2,0.00229,0.02802,0.96968
5359891,2,1,0.13554,0.84132,0.02313
31841501,2,2,0.00366,0.01151,0.98483
34912982,2,2,0.00895,0.04951,0.94154
16809697,2,2,0.00473,0.06452,0.93074
1301937,2,2,0.00546,0.04783,0.94671
4171931,2,1,0.19774,0.72577,0.0765
26890476,2,2,0.00212,0.0127,0.98518
19930091,2,2,0.03244,0.01587,0.95169
17421667,2,0,0.639,0.32893,0.03206
6160089,2,2,0.0528,0.42018,0.52702
29761744,2,2,0.00276,0.01486,0.98238
7017186,2,2,0.00349,0.03017,0.96635
14972143,2,2,0.00476,0.01547,0.97978
40014764,2,2,0.00184,0.013,0.98516
15312772,2,2,0.00166,0.01011,0.98823
36742792,2,2,0.00157,0.00509,0.99334
7558098,2,2,0.00127,0.00837,0.99036
3083306,2,2,0.00469,0.043,0.9523
25647527,2,2,0.00203,0.02346,0.9745
18722309,2,2,0.00964,0.03753,0.95283
5700206,2,2,0.00194,0.0075,0.99055
26258901,2,2,0.02075,0.26487,0.71439
28081148,2,2,0.09365,0.36535,0.54101
24272227,2,2,0.00154,0.00759,0.99087
14346236,2,2,0.01283,0.0591,0.92807
13053028,2,2,0.00191,0.0088,0.98929
25050665,2,2,0.00174,0.00653,0.99173
29054222,2,2,0.00431,0.01934,0.97635
16025320,2,2,0.00134,0.00684,0.99182
11234085,2,2,0.00124,0.00748,0.99128
10624626,2,2,0.00206,0.0134,0.98454
22559108,2,2,0.02504,0.0498,0.92515
34281681,2,2,0.02108,0.15637,0.82255
26744298,2,2,0.00197,0.01015,0.98788
9751488,2,2,0.00181,0.01679,0.9814
22035656,2,2,0.00274,0.02345,0.97382
32393850,2,2,0.00827,0.01332,0.97841
2670100,2,2,0.00159,0.00509,0.99332
30047721,2,2,0.01566,0.03801,0.94633
7998864,2,2,0.00204,0.0055,0.99246
869015,2,2,0.00214,0.01809,0.97977
25671760,2,2,0.00289,0.01538,0.98173
35516687,2,2,0.28128,0.24165,0.47707
35949134,2,2,0.00724,0.04494,0.94782
99358,2,2,0.00442,0.04006,0.95552
25055838,2,2,0.01241,0.04692,0.94067
9929116,2,2,0.00838,0.05335,0.93828
23628849,2,2,0.02615,0.05201,0.92184
29663600,2,2,0.30377,0.23416,0.46207
3709621,2,2,0.00457,0.0234,0.97203
34675632,2,1,0.26421,0.70292,0.03288
28008858,2,2,0.00586,0.00789,0.98624
33339030,2,1,0.02776,0.58444,0.3878
7378077,2,2,0.00204,0.00673,0.99123
36955927,2,2,0.00246,0.00563,0.99191
32669216,2,2,0.00205,0.01533,0.98262
26630211,2,2,0.01954,0.03916,0.94131
35944161,2,2,0.00174,0.00805,0.99021
38329573,2,2,0.00199,0.01487,0.98314
20854226,2,2,0.00216,0.01148,0.98636
12664883,2,2,0.00203,0.01059,0.98738
11215878,2,2,0.00269,0.0081,0.9892
8912767,2,1,0.03721,0.79561,0.16718
38419917,2,2,0.00223,0.01019,0.98758
12476722,2,2,0.00202,0.01504,0.98294
18289142,2,2,0.00147,0.00837,0.99017
24075959,2,2,0.00273,0.02362,0.97364
28061838,2,2,0.02984,0.18857,0.7816
17645920,2,2,0.00203,0.00965,0.98832
27129959,2,2,0.07912,0.18759,0.73329
16158734,2,2,0.0111,0.02812,0.96078
35760122,2,2,0.00903,0.11246,0.87852
20319024,2,2,0.00159,0.00762,0.99079
7886580,2,2,0.00156,0.00638,0.99206
39639072,2,2,0.00172,0.00475,0.99353
28397214,2,2,0.0018,0.00689,0.99131
10277133,2,2,0.00475,0.00981,0.98544
18375942,2,2,0.00348,0.01686,0.97967
36339226,2,2,0.0031,0.00862,0.98829
39896712,2,2,0.00245,0.00862,0.98893
29323494,2,2,0.00191,0.00965,0.98844
39444204,2,2,0.00956,0.08852,0.90192
9284096,2,2,0.0033,0.00749,0.98921
37805944,2,2,0.00135,0.01008,0.98857
23126147,2,1,0.12437,0.70463,0.171
41502257,2,2,0.01284,0.01388,0.97328
9934879,2,2,0.0025,0.00456,0.99294
11809334,2,2,0.00123,0.00815,0.99062
29398978,2,2,0.0018,0.00613,0.99207
16883613,2,2,0.00134,0.00501,0.99365
31657025,2,2,0.00678,0.0105,0.98272
4621160,2,2,0.00314,0.02588,0.97098
9397269,2,2,0.00265,0.0078,0.98955
6638497,2,2,0.00878,0.03075,0.96047
13867944,2,2,0.01047,0.11795,0.87158
6472117,2,2,0.00174,0.00555,0.99271
6740251,2,2,0.00155,0.01748,0.98097
1401282,2,2,0.00735,0.10173,0.89091
40258738,2,2,0.01086,0.0345,0.95464
21840019,2,2,0.01448,0.03929,0.94623
37250967,2,2,0.00169,0.00684,0.99147
25144409,2,2,0.00186,0.00576,0.99238
30705061,2,2,0.00281,0.01104,0.98615
37949672,2,2,0.00314,0.03957,0.95729
5588943,2,2,0.00501,0.02544,0.96955
30599091,2,2,0.00177,0.00572,0.99251
27765421,2,2,0.00373,0.05505,0.94122
17661038,2,2,0.00397,0.02447,0.97156
15005182,2,2,0.0021,0.02262,0.97527
38575584,2,2,0.00249,0.00798,0.98953
20324354,2,2,0.00237,0.01083,0.98679
35827653,2,2,0.00385,0.00938,0.98678
17086087,2,2,0.0022,0.00613,0.99167
11230153,2,2,0.00915,0.05015,0.9407
35988286,2,2,0.00226,0.00972,0.98801
19086865,2,0,0.56602,0.37705,0.05693
28713278,2,2,0.0021,0.00533,0.99256
11433530,2,2,0.00334,0.0099,0.98675
25641285,2,2,0.0014,0.00722,0.99138
6752008,2,1,0.03475,0.60171,0.36353
15036180,2,2,0.00642,0.08501,0.90858
9180029,2,2,0.00169,0.00853,0.98978
22399302,2,2,0.00585,0.09785,0.8963
34028116,2,2,0.01722,0.07876,0.90402
14468374,2,2,0.08731,0.11911,0.79357
19904569,2,2,0.00271,0.01693,0.98036
12088481,2,2,0.00146,0.00894,0.9896
31762564,2,2,0.00206,0.00939,0.98854
3693043,2,2,0.00514,0.01465,0.9802
9815256,2,2,0.00189,0.01809,0.98002
24263158,2,2,0.00606,0.03703,0.95691
1157186,2,2,0.00397,0.02414,0.97189
37279439,2,2,0.0025,0.00627,0.99123
32090149,2,2,0.00154,0.00486,0.9936
26646926,2,2,0.00168,0.00951,0.98881
20204308,2,2,0.0577,0.09113,0.85118
22665250,2,2,0.00147,0.0086,0.98994
30425158,2,2,0.00377,0.00593,0.99029
11686866,2,2,0.00492,0.01163,0.98345
27502098,2,2,0.00378,0.02671,0.96951
3551014,2,2,0.00544,0.05006,0.9445
10094005,2,0,0.96423,0.03338,0.00239
20004506,2,2,0.00562,0.01199,0.9824
29098340,2,2,0.00191,0.01067,0.98742
25368513,2,2,0.00506,0.01494,0.98
7835912,2,2,0.01153,0.12835,0.86013
39830195,2,2,0.00354,0.06018,0.93628
37179985,2,2,0.00256,0.01054,0.98689
24284493,2,2,0.00551,0.02268,0.97181
31373597,2,2,0.00179,0.00873,0.98948
4444551,2,2,0.0023,0.01131,0.9864
39612563,2,2,0.00683,0.01074,0.98243
33701474,2,2,0.0048,0.1088,0.8864
36893211,2,2,0.00459,0.02032,0.9751
26819298,2,2,0.00227,0.00608,0.99164
17496239,2,2,0.00185,0.01043,0.98772
32085668,2,2,0.0014,0.00525,0.99334
3783478,2,2,0.00386,0.00693,0.98921
6184664,2,2,0.0024,0.01425,0.98335
38886114,2,1,0.41579,0.57278,0.01143
8193468,2,2,0.00154,0.00436,0.9941
5878204,2,0,0.72754,0.25639,0.01607
8932813,2,2,0.00445,0.01128,0.98427
27325357,2,2,0.00159,0.00648,0.99193
20525541,2,2,0.00319,0.00862,0.98819
16926430,2,1,0.04418,0.8337,0.12212
11068386,2,2,0.01177,0.03089,0.95733
39162561,2,2,0.00253,0.00987,0.9876
11013770,2,1,0.02208,0.49087,0.48705
35386321,2,2,0.00179,0.0088,0.98941
29184376,2,2,0.00146,0.01415,0.98439
1237138,2,1,0.03318,0.5314,0.43541
30960342,2,0,0.6775,0.30777,0.01474
4917829,2,2,0.00229,0.01387,0.98384
2113422,2,2,0.10864,0.20742,0.68394
26007095,2,2,0.00349,0.01462,0.98189
13699677,2,2,0.01265,0.04322,0.94413
10852941,2,2,0.00659,0.12987,0.86354
5245807,2,2,0.00198,0.00609,0.99194
39142299,2,2,0.00363,0.00571,0.99066
30517191,2,1,0.11367,0.66443,0.2219
30933518,2,2,0.10762,0.08783,0.80455
29876177,2,1,0.3438,0.63482,0.02139
36830674,2,2,0.00375,0.01827,0.97798
8047272,2,2,0.00507,0.01362,0.98131
38914107,2,2,0.00166,0.00751,0.99083
20612185,2,2,0.00515,0.01266,0.98219
15939568,2,2,0.03259,0.23155,0.73586
11030019,2,2,0.0018,0.00576,0.99244
41404160,2,2,0.00138,0.00805,0.99057
17094608,2,2,0.01467,0.11928,0.86604
7815257,2,2,0.00271,0.03334,0.96395
41569698,2,2,0.0014,0.01085,0.98776
19297625,2,2,0.00219,0.01355,0.98426
15167154,2,2,0.00419,0.00874,0.98706
28534030,2,2,0.00383,0.00737,0.9888
22222698,2,2,0.00272,0.01544,0.98184
4260735,2,2,0.0014,0.00992,0.98868
27142120,2,2,0.00305,0.03742,0.95952
28025382,2,2,0.00198,0.00576,0.99226
9208224,2,2,0.00169,0.00765,0.99066
9069628,2,2,0.00486,0.0243,0.97083
25734665,2,2,0.00138,0.00679,0.99183
10973261,2,2,0.01172,0.29077,0.69751
2653795,2,2,0.00161,0.00799,0.9904
33057248,2,2,0.00305,0.00946,0.9875
9422183,2,2,0.01018,0.02189,0.96793
14386859,2,2,0.0021,0.00762,0.99028
1053385,2,1,0.12869,0.82937,0.04194
923549,2,2,0.00313,0.01349,0.98338
7889635,2,2,0.00455,0.01326,0.98219
7836381,2,2,0.00905,0.16356,0.82739
8723757,2,2,0.00181,0.0183,0.97989
26668210,2,2,0.05769,0.10777,0.83454
28449785,2,2,0.00213,0.00856,0.98931
26190079,2,2,0.00633,0.0681,0.92556
13912008,2,2,0.00207,0.01927,0.97866
375458,2,2,0.00172,0.00513,0.99315
7660392,2,2,0.00671,0.01324,0.98006
2892063,2,2,0.00272,0.01259,0.98469
37078869,2,2,0.00415,0.0263,0.96955
1750587,2,2,0.00366,0.02702,0.96932
3041768,2,2,0.00237,0.01153,0.98611
41396757,2,2,0.0576,0.20124,0.74116
6973127,2,2,0.00164,0.00422,0.99413
3728491,2,2,0.0013,0.00618,0.99252
11363672,2,1,0.02689,0.83,0.14311
26798113,2,2,0.27168,0.23506,0.49327
35214831,2,2,0.00134,0.00802,0.99064
33115822,2,2,0.0169,0.08897,0.89414
3927313,2,2,0.00277,0.02653,0.9707
34841981,2,2,0.01148,0.22081,0.76771
19167417,2,2,0.00206,0.01131,0.98663
36637241,2,2,0.0013,0.00658,0.99212
23066862,2,2,0.00305,0.00938,0.98757
1221458,2,2,0.01038,0.03312,0.9565
31080991,2,2,0.00183,0.00663,0.99154
15958159,2,2,0.00169,0.00581,0.9925
10871188,2,2,0.01832,0.13963,0.84206
18627612,2,2,0.04583,0.18502,0.76915
1860861,2,2,0.00204,0.00705,0.99091
14687599,2,1,0.06176,0.72353,0.21471
26577092,2,2,0.00137,0.01035,0.98827
6175235,2,2,0.00776,0.06692,0.92532
1873153,2,2,0.00153,0.0129,0.98557
41409432,2,2,0.00283,0.01936,0.9778
9684251,2,2,0.0675,0.06051,0.87199
10667819,2,2,0.00332,0.01567,0.981
6648637,2,2,0.0022,0.00836,0.98944
5063875,2,2,0.01665,0.26978,0.71357
20339704,2,2,0.00268,0.01254,0.98478
9714967,2,2,0.13486,0.09963,0.76551
5975198,2,2,0.00305,0.02273,0.97421
25631025,2,2,0.00191,0.00943,0.98866
30063839,2,2,0.00904,0.0691,0.92186
14791285,2,2,0.00174,0.00805,0.99021
38734852,2,1,0.3466,0.35447,0.29893
31984164,2,2,0.00701,0.00845,0.98454
30407387,2,0,0.53913,0.08597,0.3749
28938761,2,2,0.00149,0.00614,0.99237
1912007,2,2,0.0026,0.01122,0.98618
22221788,2,2,0.00291,0.00946,0.98763
16868226,2,1,0.08986,0.64604,0.2641
15190447,2,2,0.00255,0.01486,0.98259
36276096,2,2,0.00402,0.04223,0.95375
10530982,2,2,0.0021,0.00768,0.99022
27827753,2,2,0.00291,0.0091,0.98799
31409755,2,2,0.00279,0.03595,0.96126
25045966,2,2,0.00173,0.01136,0.98691
26566808,2,2,0.00151,0.0084,0.99009
27057849,2,2,0.01605,0.07978,0.90417
26468197,2,2,0.0042,0.01461,0.98119
23703838,2,2,0.00319,0.01121,0.9856
25869602,2,2,0.00193,0.01382,0.98425
17575861,2,2,0.00272,0.01304,0.98424
7351584,2,2,0.00359,0.0326,0.96382
41268802,2,2,0.00286,0.00869,0.98845
11688011,2,2,0.00642,0.11305,0.88054
4420259,2,2,0.04141,0.15237,0.80621
4213222,2,2,0.00172,0.01876,0.97951
12041602,2,2,0.00901,0.11452,0.87647
2562964,2,1,0.22329,0.73932,0.03739
27863437,2,2,0.00266,0.00632,0.99102
30848253,2,2,0.03539,0.07291,0.8917
18298031,2,2,0.00302,0.01899,0.97799
17614635,2,2,0.00287,0.03598,0.96115
5581130,2,2,0.00213,0.0078,0.99007
26676313,2,2,0.00168,0.01123,0.98709
3683548,2,2,0.00267,0.01617,0.98116
40628756,2,2,0.00136,0.00802,0.99062
26814727,2,2,0.01118,0.21099,0.77783
27117935,2,2,0.0086,0.04251,0.94888
11452633,2,2,0.00151,0.00751,0.99098
16307648,2,2,0.00315,0.02361,0.97324
26886961,2,2,0.00949,0.24276,0.74775
36133775,2,2,0.00454,0.01438,0.98107
2209935,2,2,0.00254,0.00613,0.99134
6953375,2,2,0.00493,0.02583,0.96924
15931353,2,2,0.00662,0.02668,0.9667
14591835,2,2,0.00171,0.00866,0.98962
18908431,2,2,0.02085,0.1266,0.85255
18580483,2,2,0.00524,0.11298,0.88177
25174106,2,1,0.13416,0.82744,0.0384
39950000,2,1,0.41838,0.5027,0.07892
17897396,2,2,0.00542,0.09652,0.89805
24735669,2,2,0.00194,0.00792,0.99014
21486194,2,2,0.00841,0.01993,0.97166
35440717,2,2,0.00157,0.00486,0.99357
3036876,2,2,0.00339,0.01258,0.98403
25764688,2,2,0.00197,0.00925,0.98878
40220166,2,2,0.00161,0.00853,0.98986
31656666,2,2,0.00211,0.01905,0.97884
38673654,2,2,0.00204,0.00722,0.99075
8175469,2,2,0.01333,0.06659,0.92008
26984206,2,2,0.00151,0.00653,0.99196
25760857,2,2,0.01193,0.03269,0.95538
25190153,2,2,0.00339,0.01206,0.98455
27655832,2,2,0.00188,0.007,0.99112
28447524,2,2,0.00484,0.02808,0.96707
14678298,2,2,0.00177,0.00722,0.99101
35696839,2,1,0.1351,0.51789,0.34701
26863299,2,2,0.00798,0.04052,0.9515
35124502,2,2,0.03536,0.06696,0.89768
20335856,2,2,0.00213,0.00804,0.98982
33174015,2,2,0.00198,0.00486,0.99316
14097670,2,2,0.00319,0.00882,0.98799
32910024,2,2,0.00266,0.00517,0.99217
20797245,2,2,0.00138,0.00609,0.99253
19087230,2,2,0.00286,0.01161,0.98554
18807007,2,2,0.00192,0.00546,0.99262
37954708,2,2,0.00287,0.02282,0.97431
7852930,2,2,0.00156,0.00711,0.99133
26014895,2,2,0.04748,0.11751,0.83501
21483962,2,2,0.00511,0.01316,0.98173
3970038,2,2,0.0039,0.02655,0.96955
34782512,2,2,0.00291,0.00694,0.99015
18280333,2,2,0.0227,0.08451,0.89278
12268151,2,2,0.00201,0.00482,0.99317
13956994,2,2,0.01493,0.29869,0.68638
25731087,2,2,0.00432,0.01077,0.98491
27269523,2,2,0.00843,0.00985,0.98172
7441028,2,2,0.00171,0.01131,0.98698
16460015,2,2,0.00204,0.00618,0.99178
4524728,2,2,0.00273,0.01002,0.98724
19373354,2,2,0.02971,0.03875,0.93154
15887122,2,2,0.00219,0.02856,0.96925
25086988,2,1,0.18091,0.47107,0.34802
26619285,2,2,0.0045,0.03968,0.95582
24259123,2,2,0.01212,0.04035,0.94753
10541738,2,2,0.01561,0.11195,0.87244
27401035,2,2,0.00641,0.07081,0.92277
22013468,2,2,0.00171,0.00814,0.99014
9538777,2,2,0.04155,0.09737,0.86108
30549162,2,2,0.00236,0.01575,0.98189
11868339,2,2,0.0032,0.00562,0.99117
35825213,2,1,0.22303,0.71085,0.06612
1110273,2,2,0.18202,0.10195,0.71603
17840011,2,2,0.02396,0.26475,0.71129
31641829,2,2,0.03064,0.43469,0.53467
31196524,2,2,0.02201,0.13237,0.84562
9583513,2,2,0.00685,0.05323,0.93992
36376408,2,2,0.0014,0.00568,0.99292
13364478,2,1,0.34861,0.63125,0.02013
7844201,2,2,0.02802,0.02937,0.94261
12925536,2,2,0.00161,0.00759,0.99079
35752039,2,2,0.00146,0.00962,0.98892
21226203,2,2,0.00207,0.007,0.99093
3955670,2,2,0.00885,0.05994,0.93121
16368348,2,2,0.003,0.03902,0.95798
38983782,2,2,0.00227,0.00756,0.99017
33021856,2,2,0.01933,0.20861,0.77206
31472353,2,1,0.20084,0.63888,0.16028
25227136,2,2,0.0043,0.00815,0.98755
25230520,2,1,0.12327,0.78983,0.0869
9070704,2,2,0.00147,0.00856,0.98997
19152082,2,2,0.00287,0.00721,0.98992
28645723,2,2,0.01433,0.08488,0.90079
14229256,2,2,0.00229,0.01464,0.98307
35549469,2,2,0.00156,0.01047,0.98797
37588217,2,2,0.08923,0.36627,0.54449
34176799,2,2,0.00168,0.01055,0.98776
1182490,2,2,0.00345,0.01091,0.98565
7420561,2,2,0.11188,0.24678,0.64134
41331799,2,2,0.00167,0.00486,0.99347
38365847,2,2,0.00998,0.03389,0.95613
25836129,2,2,0.00266,0.01893,0.97841
14128094,2,2,0.03557,0.20993,0.75451
36271765,2,2,0.00962,0.00876,0.98161
20234256,2,2,0.00174,0.00648,0.99178
27440408,2,2,0.0024,0.01575,0.98186
12777545,2,2,0.00234,0.00991,0.98775
17224484,2,2,0.00413,0.04546,0.9504
36768025,2,2,0.00269,0.00804,0.98927
9140978,2,2,0.02183,0.10636,0.87182
36041076,2,2,0.05018,0.12073,0.82909
25662022,2,2,0.00253,0.00961,0.98786
8269563,2,1,0.42122,0.48105,0.09773
15271251,2,2,0.00229,0.01387,0.98384
1998639,2,2,0.00259,0.01713,0.98028
34191643,2,2,0.00202,0.0128,0.98518
4481904,2,2,0.00461,0.05993,0.93546
22036893,2,2,0.00206,0.01231,0.98563
12905212,2,2,0.00379,0.00938,0.98683
12114527,2,2,0.00134,0.00648,0.99218
28928727,2,2,0.00317,0.03182,0.96501
19059442,2,2,0.00576,0.00973,0.98451
39657735,2,2,0.01332,0.09571,0.89097
28842376,2,2,0.00428,0.04264,0.95308
39845983,2,2,0.00149,0.00663,0.99188
25083528,2,2,0.00228,0.01886,0.97886
32849426,2,2,0.00571,0.03449,0.95981
29183644,2,2,0.00124,0.00501,0.99375
5359889,2,2,0.04569,0.27769,0.67663
10108085,2,2,0.00732,0.10609,0.88659
4962952,2,2,0.01971,0.04513,0.93516
16441303,2,2,0.01303,0.14227,0.8447
40374230,2,2,0.00382,0.01628,0.9799
19217654,2,2,0.0018,0.00633,0.99187
26923577,2,2,0.01286,0.15334,0.8338
38205190,2,2,0.01507,0.1358,0.84912
3477258,2,2,0.00226,0.011,0.98673
38381551,2,2,0.03032,0.11752,0.85216
16215538,2,0,0.58678,0.38332,0.02991
34528931,2,2,0.03381,0.02706,0.93913
8851804,2,2,0.00533,0.01695,0.97771
5115705,2,2,0.01047,0.11795,0.87158
18462777,2,2,0.00274,0.00673,0.99053
26398392,2,2,0.00379,0.01021,0.986
35870267,2,2,0.33755,0.15274,0.5097
12625154,2,2,0.00456,0.02634,0.96911
25842096,2,2,0.02758,0.1145,0.85792
22229344,2,2,0.01047,0.11795,0.87158
13827590,2,2,0.00168,0.00977,0.98855
24398288,2,2,0.00467,0.03232,0.96301
27405648,2,2,0.00249,0.0256,0.97192
19514793,2,2,0.00124,0.0072,0.99157
26586306,2,2,0.00204,0.00705,0.99091
26001651,2,2,0.00128,0.00577,0.99296
32935990,2,2,0.00229,0.0135,0.98421
32326054,2,2,0.00394,0.04803,0.94804
1373225,2,2,0.00185,0.00846,0.98969
35309246,2,2,0.00268,0.01309,0.98423
175563,2,2,0.00427,0.01411,0.98162
10487255,2,2,0.00616,0.05025,0.94358
19660919,2,2,0.00617,0.09244,0.90139
20920739,2,2,0.00179,0.00887,0.98934
25436912,2,2,0.00231,0.00618,0.99151
4376021,2,2,0.00169,0.00689,0.99142
1654707,2,2,0.00234,0.01019,0.98748
3027357,2,2,0.0022,0.0059,0.9919
39504292,2,2,0.00383,0.01479,0.98139
29482972,2,2,0.01124,0.02369,0.96507
11774339,2,2,0.00151,0.01023,0.98826
38862752,2,2,0.00252,0.01403,0.98346
21710355,2,2,0.0016,0.01528,0.98312
11765101,2,2,0.00188,0.00722,0.9909
32833457,2,2,0.00174,0.0059,0.99236
17581917,2,2,0.00189,0.00628,0.99184
40005991,2,2,0.00233,0.01131,0.98636
39635812,2,1,0.12712,0.54574,0.32715
5731874,2,1,0.08532,0.87869,0.03599
12844368,2,2,0.00253,0.00836,0.98911
7200037,2,2,0.01189,0.03606,0.95205
38466844,2,2,0.00328,0.02983,0.96689
24096285,2,2,0.00748,0.14164,0.85088
2655588,2,2,0.09556,0.09802,0.80642
9620811,2,2,0.00183,0.00525,0.99292
8144001,2,2,0.00188,0.00856,0.98956
23269705,2,2,0.00414,0.01307,0.98279
14483224,2,2,0.00536,0.0203,0.97434
9189171,2,2,0.00227,0.00817,0.98956
15612795,2,2,0.00309,0.01042,0.98649
714153,2,1,0.29947,0.50006,0.20047
30903297,2,2,0.0714,0.16691,0.76168
5502657,2,2,0.09004,0.2208,0.68915
38850965,2,2,0.01121,0.01799,0.9708
10543661,2,2,0.0018,0.00811,0.99009
25554869,2,2,0.00191,0.00786,0.99023
8163560,2,2,0.00418,0.03516,0.96066
33344181,2,2,0.0073,0.10853,0.88417
7556372,2,2,0.00125,0.0089,0.98984
277888,2,2,0.00291,0.00849,0.9886
14233660,2,2,0.00237,0.01153,0.98611
16118016,2,2,0.0031,0.0075,0.9894
39071045,2,2,0.00477,0.02756,0.96767
9249038,2,2,0.02667,0.21186,0.76146
17946757,2,2,0.00468,0.00874,0.98658
16857807,2,2,0.00478,0.04001,0.95521
3894173,2,2,0.00312,0.01555,0.98132
20340406,2,2,0.00138,0.00443,0.99419
11106086,2,2,0.00389,0.04545,0.95067
31705157,2,2,0.01333,0.01476,0.97191
15912342,2,2,0.17758,0.1652,0.65722
25583820,2,2,0.00174,0.00792,0.99034
21672081,2,2,0.00223,0.04014,0.95763
30292826,2,2,0.00144,0.00985,0.98871
20222637,2,2,0.00169,0.00673,0.99158
5945771,2,2,0.00151,0.01285,0.98564
17194416,2,2,0.00143,0.00521,0.99336
30083060,2,2,0.0014,0.00633,0.99227
4775452,2,2,0.00166,0.00943,0.98891
20454572,2,2,0.00142,0.00765,0.99092
29423513,2,2,0.00147,0.00633,0.9922
27765967,2,2,0.00243,0.01624,0.98133
19377122,2,2,0.01912,0.0449,0.93597
14504122,2,2,0.00203,0.01047,0.9875
16472688,2,2,0.01814,0.17998,0.80189
35701008,2,2,0.00164,0.00599,0.99237
27866356,2,2,0.0014,0.00453,0.99406
20997663,2,2,0.07631,0.08381,0.83988
4056077,2,2,0.00191,0.01051,0.98758
22753625,2,2,0.0033,0.03892,0.95778
31758927,2,2,0.00298,0.01446,0.98256
20084890,2,2,0.00194,0.01019,0.98787
36635326,2,2,0.00508,0.07033,0.92459
30627299,2,2,0.00159,0.00706,0.99136
24674001,2,2,0.00149,0.00856,0.98995
22794552,2,2,0.00554,0.01768,0.97678
29546782,2,2,0.00424,0.02048,0.97528
91106,2,2,0.00247,0.01794,0.97959
18256631,2,2,0.00235,0.01915,0.9785
17478669,2,2,0.0014,0.00572,0.99288
31740089,2,2,0.00939,0.1044,0.8862
17368501,2,2,0.0159,0.0234,0.9607
38543506,2,1,0.05782,0.79195,0.15023
20940625,2,2,0.00257,0.00965,0.98779
10431026,2,2,0.00271,0.0163,0.98099
1022768,2,2,0.00338,0.01354,0.98308
16538201,2,2,0.002,0.00739,0.99061
38890284,2,1,0.48541,0.50475,0.00984
15798172,2,2,0.00171,0.00733,0.99095
31349499,2,2,0.00457,0.00841,0.98702
27791605,2,2,0.00256,0.01083,0.9866
9275697,2,2,0.00295,0.02554,0.97151
6867849,2,2,0.00217,0.00684,0.991
18747191,2,2,0.01097,0.03199,0.95704
20791548,2,2,0.00177,0.00856,0.98967
17323646,2,2,0.01493,0.0967,0.88837
8841445,2,1,0.10231,0.45673,0.44096
14932390,2,1,0.20857,0.77041,0.02102
14699108,2,2,0.00154,0.00684,0.99162
11363907,2,2,0.00142,0.00633,0.99225
19809389,2,2,0.00149,0.00933,0.98919
28841699,2,2,0.00233,0.01162,0.98605
29250287,2,2,0.01498,0.0724,0.91262
27002463,2,2,0.00973,0.07208,0.91819
21596567,2,2,0.00172,0.00689,0.99139
30755962,2,2,0.00188,0.00999,0.98813
21541709,2,2,0.00314,0.01091,0.98595
8657916,2,2,0.00334,0.02617,0.97049
26243879,2,2,0.00207,0.00642,0.99151
157900,2,2,0.00118,0.00638,0.99244
37001257,2,2,0.00258,0.0058,0.99162
13939823,2,2,0.01055,0.0252,0.96425
4464857,2,2,0.00254,0.01787,0.97958
7390641,2,2,0.17758,0.1652,0.65722
28608963,2,2,0.00175,0.0157,0.98255
13614216,2,2,0.00241,0.02721,0.97039
11374538,2,2,0.00122,0.00542,0.99336
27939321,2,2,0.00308,0.00489,0.99203
5778045,2,2,0.00162,0.01692,0.98146
24918615,2,2,0.00538,0.0167,0.97793
38004014,2,2,0.00335,0.02375,0.97291
12657617,2,2,0.00166,0.01019,0.98815
16506733,2,2,0.00788,0.05269,0.93943
10976796,2,2,0.00171,0.01047,0.98782
5797292,2,2,0.00414,0.08705,0.90881
14830924,2,2,0.00476,0.05925,0.93599
335253,2,2,0.00734,0.01628,0.97638
6309528,2,2,0.00138,0.00748,0.99114
338295,2,2,0.03156,0.03897,0.92947
35643645,2,2,0.00308,0.02933,0.96759
21981085,2,2,0.00322,0.01712,0.97966
40971156,2,2,0.02071,0.30426,0.67503
17927413,2,2,0.00321,0.01936,0.97743
24564326,2,2,0.00466,0.03472,0.96062
16794264,2,2,0.03133,0.48244,0.48623
9788824,2,2,0.0026,0.01387,0.98354
13097388,2,2,0.00193,0.01185,0.98622
37595223,2,2,0.02067,0.31586,0.66347
25463685,2,2,0.00198,0.00638,0.99165
24712549,2,1,0.02333,0.55656,0.42011
6231477,2,2,0.14377,0.23291,0.62331
33179261,2,2,0.00161,0.00796,0.99043
17817370,2,2,0.02228,0.43372,0.544
10962254,2,2,0.00167,0.00446,0.99387
35104952,2,2,0.00165,0.01208,0.98627
27507735,2,2,0.00317,0.01604,0.98079
10778931,2,2,0.00433,0.01627,0.9794
31982539,2,2,0.00315,0.02226,0.97459
117282,2,2,0.0035,0.01021,0.98629
31505239,2,2,0.00324,0.02393,0.97283
13111110,2,2,0.00359,0.03235,0.96406
17254679,2,2,0.00176,0.00992,0.98832
577281,2,2,0.00166,0.00586,0.99248
33352925,2,2,0.00145,0.00498,0.99358
29393776,2,2,0.00199,0.01643,0.98158
12497060,2,1,0.0847,0.65845,0.25685
27506893,2,2,0.00323,0.02883,0.96794
23339770,2,2,0.00485,0.02573,0.96941
36080096,2,2,0.00321,0.05046,0.94634
38636252,2,2,0.01634,0.07757,0.9061
18040014,2,1,0.05107,0.79884,0.1501
26700779,2,2,0.00153,0.00908,0.98939
26981827,2,2,0.00151,0.01093,0.98756
39908982,2,2,0.00197,0.00716,0.99086
29452531,2,1,0.06041,0.81145,0.12814
2384128,2,2,0.00138,0.00958,0.98904
33268550,2,2,0.00161,0.00745,0.99094
2849468,2,2,0.00132,0.00517,0.99351
4894497,2,2,0.00238,0.00744,0.99018
27580657,2,2,0.00169,0.00613,0.99218
11680226,2,2,0.00487,0.02209,0.97303
14557257,2,2,0.00158,0.00894,0.98948
29888234,2,2,0.00517,0.05561,0.93923
4975751,2,2,0.00391,0.03893,0.95716
6196077,2,1,0.12473,0.60205,0.27323
13499979,2,2,0.00369,0.01957,0.97674
14332370,2,2,0.00444,0.02071,0.97484
34095783,2,2,0.04862,0.43676,0.51462
38247354,2,2,0.00555,0.03103,0.96342
13271200,2,2,0.00223,0.00969,0.98808
21447125,2,2,0.01286,0.01227,0.97487
6771878,2,2,0.00531,0.02938,0.96531
14611227,2,2,0.00314,0.01018,0.98668
29422112,2,2,0.00398,0.00743,0.98859
9219702,2,2,0.00145,0.00534,0.99322
32297499,2,2,0.00261,0.00976,0.98764
25990397,2,2,0.01837,0.02462,0.95701
29291491,2,2,0.00174,0.00786,0.9904
2028685,2,2,0.00237,0.01153,0.98611
23528578,2,2,0.00306,0.02188,0.97506
40843584,2,2,0.00335,0.00785,0.9888
30391326,2,2,0.0043,0.02211,0.97359
35804016,2,1,0.39393,0.58676,0.01931
18765076,2,2,0.00182,0.00863,0.98955
21288786,2,2,0.00213,0.00668,0.99119
41588540,2,2,0.00474,0.06391,0.93136
26775600,2,2,0.00168,0.00965,0.98866
36351629,2,2,0.00274,0.00716,0.9901
3889961,2,2,0.0063,0.02874,0.96495
2110167,2,2,0.01108,0.10858,0.88033
19182893,2,2,0.00584,0.01945,0.9747
24972225,2,2,0.00363,0.00528,0.99109
31627808,2,2,0.00926,0.06086,0.92988
23144167,2,2,0.00158,0.00966,0.98876
27968826,2,2,0.00161,0.00728,0.99111
34826233,2,2,0.00203,0.01096,0.98701
6611141,2,2,0.00207,0.007,0.99093
8979406,2,2,0.01271,0.33034,0.65695
16922921,2,2,0.00689,0.01773,0.97539
32302852,2,2,0.00303,0.01544,0.98153
22239733,2,0,0.80595,0.18627,0.00778
1543501,2,2,0.0029,0.01113,0.98597
18970111,2,2,0.05988,0.11667,0.82344
34739013,2,2,0.00175,0.01625,0.982
23759461,2,2,0.00438,0.01868,0.97694
4907248,2,1,0.17368,0.78219,0.04413
7854627,2,2,0.00253,0.00817,0.9893
2256737,2,2,0.02332,0.02314,0.95354
35692126,2,2,0.13794,0.3899,0.47215
12117305,2,2,0.00194,0.00876,0.9893
17960272,2,2,0.00375,0.01827,0.97798
20435572,2,2,0.19486,0.22681,0.57833
13919879,2,2,0.04732,0.10076,0.85192
23787468,2,2,0.00168,0.00951,0.98881
29188766,2,2,0.11375,0.14157,0.74468
777984,2,2,0.00455,0.02715,0.9683
35033814,2,2,0.00201,0.00419,0.9938
40956100,2,2,0.00741,0.0144,0.97819
4929112,2,2,0.00446,0.03172,0.96382
26267053,2,2,0.01977,0.15277,0.82747
16565467,2,2,0.00621,0.01226,0.98153
8101326,2,2,0.00218,0.01533,0.98249
26255460,2,2,0.00217,0.02203,0.97581
37437716,2,2,0.00286,0.00953,0.98761
3288848,2,2,0.00236,0.01533,0.98231
36991831,2,2,0.00461,0.03025,0.96514
20960805,2,2,0.00163,0.01388,0.9845
11962109,2,2,0.0276,0.04394,0.92846
37381675,2,2,0.00315,0.00823,0.98863
38567125,2,2,0.0026,0.01202,0.98538
30500842,2,2,0.00159,0.00648,0.99193
25000500,2,2,0.33917,0.13757,0.52326
30932688,2,2,0.0035,0.02514,0.97136
1448154,2,2,0.02339,0.36871,0.6079
31517577,2,2,0.00264,0.01392,0.98345
23529102,2,2,0.00169,0.00846,0.98985
512883,2,2,0.00401,0.04587,0.95012
39467455,2,2,0.0028,0.01435,0.98284
11864179,2,1,0.07314,0.83053,0.09633
6831026,2,2,0.00148,0.01131,0.9872
35323123,2,2,0.00142,0.00908,0.9895
5589220,2,2,0.00191,0.00805,0.99004
38952766,2,2,0.0028,0.01538,0.98182
6044737,2,2,0.00303,0.01365,0.98332
31919051,2,2,0.00571,0.01851,0.97578
27644745,2,2,0.0023,0.01118,0.98653
24386907,2,2,0.00174,0.0084,0.98986
1935841,2,2,0.04673,0.34257,0.6107
300704,2,2,0.00737,0.03436,0.95826
4896104,2,2,0.00237,0.01153,0.98611
14202385,2,2,0.00118,0.00709,0.99174
25326932,2,2,0.01583,0.24478,0.73939
2965299,2,2,0.16517,0.3643,0.47053
36935184,2,2,0.00395,0.02903,0.96702
41129360,2,2,0.00871,0.11695,0.87434
20748082,2,2,0.00472,0.03828,0.957
18048924,2,2,0.00217,0.00623,0.9916
30556426,2,1,0.11837,0.85786,0.02377
27479089,2,2,0.00227,0.00563,0.9921
20241022,2,2,0.00223,0.00879,0.98897
8877541,2,2,0.10684,0.15729,0.73587
29516836,2,2,0.0035,0.01197,0.98454
36264971,2,2,0.00295,0.02468,0.97237
9003046,2,2,0.00343,0.02977,0.9668
7138232,2,2,0.00282,0.00862,0.98856
39697526,2,2,0.0036,0.00693,0.98947
14713136,2,2,0.00305,0.02449,0.97246
18588747,2,2,0.00164,0.00638,0.99198
11799073,2,2,0.00134,0.00542,0.99324
36890669,2,2,0.06654,0.10366,0.8298
5544570,2,2,0.00208,0.01593,0.98198
16484454,2,2,0.00239,0.0196,0.97802
25590680,2,0,0.4344,0.2731,0.2925
27874664,2,2,0.00362,0.00855,0.98783
7844736,2,2,0.00668,0.03268,0.96064
19079164,2,2,0.00191,0.00886,0.98923
27825156,2,2,0.01878,0.35438,0.62684
35167627,2,2,0.00142,0.006,0.99258
15372658,2,2,0.00507,0.02813,0.9668
5279793,2,2,0.00487,0.02313,0.972
29200140,2,2,0.00227,0.00907,0.98866
35393815,2,2,0.00435,0.02614,0.96951
22349011,2,2,0.00193,0.01305,0.98502
14729465,2,2,0.00237,0.01153,0.98611
28594593,2,1,0.04105,0.6472,0.31175
3099238,2,2,0.00676,0.09387,0.89937
30326234,2,0,0.81169,0.179,0.0093
19885657,2,2,0.00811,0.08314,0.90875
33871618,2,2,0.00168,0.00951,0.98881
38551823,2,2,0.00189,0.01953,0.97858
39734342,2,2,0.02616,0.0801,0.89374
13041925,2,2,0.00164,0.00733,0.99103
28172847,2,2,0.01236,0.02884,0.9588
22067896,2,2,0.0051,0.01546,0.97944
9227319,2,2,0.00335,0.03789,0.95876
23469905,2,2,0.00203,0.0088,0.98917
11873975,2,2,0.00552,0.03595,0.95852
13596402,2,2,0.00151,0.00922,0.98927
37025567,2,2,0.00653,0.017,0.97647
32332024,2,2,0.00326,0.03553,0.96121
26588592,2,2,0.0026,0.01279,0.98461
39470856,2,2,0.00503,0.01373,0.98124
41377471,2,2,0.05154,0.11017,0.83829
25830095,2,0,0.96489,0.03078,0.00433
798592,2,2,0.00328,0.02983,0.96689
21710709,2,2,0.00236,0.01624,0.9814
13773349,2,2,0.00902,0.02672,0.96426
18788414,2,1,0.03994,0.58696,0.3731
25103758,2,2,0.00372,0.01095,0.98533
15830952,2,2,0.0393,0.40957,0.55113
28244774,2,2,0.01117,0.10116,0.88766
35675514,2,2,0.00894,0.16093,0.83013
41507183,2,2,0.00249,0.00804,0.98947
29183660,2,2,0.01675,0.01728,0.96597
4291752,2,2,0.00296,0.00849,0.98856
31562295,2,2,0.00172,0.0059,0.99238
9410667,2,2,0.00995,0.07986,0.91018
28434756,2,2,0.00158,0.0108,0.98762
38282134,2,2,0.00252,0.01329,0.98419
7226804,2,2,0.00298,0.01514,0.98187
25159235,2,2,0.00385,0.00848,0.98767
35992596,2,2,0.00228,0.00517,0.99256
28166152,2,2,0.00534,0.02285,0.9718
29347099,2,2,0.0014,0.00751,0.99109
25244822,2,2,0.00287,0.00694,0.99019
36801292,2,2,0.00222,0.01504,0.98274
23065542,2,2,0.01054,0.07729,0.91217
17126273,2,2,0.01307,0.07059,0.91634
33138458,2,2,0.0022,0.00774,0.99006
32403122,2,2,0.00615,0.02249,0.97136
38080079,2,2,0.00441,0.02935,0.96625
8147851,2,2,0.0019,0.02719,0.9709
27661509,2,2,0.01528,0.03173,0.95299
39975986,2,2,0.00197,0.00817,0.98986
1653582,2,2,0.00437,0.05183,0.9438
25255027,2,2,0.00166,0.00599,0.99234
12690654,2,2,0.00198,0.00475,0.99328
29108947,2,2,0.00169,0.00638,0.99193
41522374,2,2,0.00195,0.00613,0.99192
38643276,2,2,0.0785,0.162,0.7595
29746947,2,2,0.00185,0.0114,0.98676
20354251,2,2,0.00529,0.11898,0.87573
22937397,2,1,0.04802,0.66293,0.28905
2953939,2,2,0.01047,0.11795,0.87158
4763612,2,2,0.00345,0.00945,0.9871
19303657,2,2,0.00217,0.00572,0.99211
18201754,2,2,0.00419,0.01691,0.9789
35347362,2,2,0.00233,0.0258,0.97187
32911727,2,2,0.00188,0.00999,0.98813
26790934,2,2,0.02028,0.3185,0.66122
39295914,2,2,0.0018,0.00792,0.99028
15753117,2,2,0.00181,0.01522,0.98297
34563662,2,0,0.63779,0.18853,0.17368
10926083,2,1,0.04344,0.85904,0.09752
31836559,2,2,0.00142,0.00777,0.9908
7680299,2,0,0.43552,0.26006,0.30442
29972907,2,2,0.00502,0.01657,0.97841
27009017,2,2,0.00423,0.00867,0.9871
28382200,2,2,0.0201,0.03392,0.94598
15537140,2,1,0.23447,0.60168,0.16385
2338723,2,2,0.00333,0.02966,0.96701
31631900,2,2,0.00926,0.13084,0.8599
14348763,2,2,0.00245,0.00939,0.98816
38404685,2,2,0.00384,0.04169,0.95447
763132,2,2,0.00184,0.0132,0.98496
16034972,2,2,0.00393,0.0189,0.97717
9232582,2,1,0.14306,0.62383,0.23311
13239731,2,1,0.08986,0.64604,0.2641
4277940,2,2,0.01868,0.43531,0.546
18158004,2,2,0.00144,0.00731,0.99125
21804256,2,2,0.02078,0.33794,0.64129
8543239,2,2,0.00248,0.01207,0.98545
34377871,2,2,0.00305,0.0081,0.98885
22503879,2,2,0.00705,0.01835,0.97461
30106817,2,0,0.7186,0.25127,0.03013
5424496,2,2,0.00307,0.0187,0.97823
40521445,2,2,0.00118,0.00877,0.99005
1805243,2,1,0.08484,0.867,0.04815
13277027,2,2,0.00252,0.02674,0.97074
25856508,2,2,0.00204,0.02165,0.97631
26756352,2,2,0.00188,0.00833,0.98979
36474317,2,2,0.0285,0.28113,0.69038
39469082,2,2,0.13001,0.15052,0.71948
15925009,2,2,0.00206,0.00893,0.989
3755703,2,2,0.02469,0.0267,0.94861
31918465,2,2,0.00573,0.0154,0.97887
14488545,2,2,0.01763,0.04228,0.94009
33426077,2,2,0.00182,0.00936,0.98882
17871537,2,2,0.00373,0.00848,0.98779
27556791,2,1,0.14968,0.8211,0.02922
17101881,2,2,0.00144,0.00873,0.98983
36527296,2,2,0.0055,0.04077,0.95373
6562703,2,2,0.00163,0.00908,0.98929
28936929,2,2,0.00422,0.03999,0.95578
34618627,2,2,0.00188,0.00914,0.98898
6772775,2,2,0.00359,0.0607,0.93571
21628526,2,1,0.08533,0.53301,0.38167
40670895,2,2,0.0012,0.00711,0.99169
29172676,2,2,0.0034,0.01002,0.98659
33752722,2,2,0.00177,0.00856,0.98967
20608186,2,2,0.07213,0.22724,0.70063
6657977,2,1,0.2879,0.61547,0.09662
37175567,2,2,0.00355,0.01086,0.98558
30690543,2,2,0.01098,0.19466,0.79435
3907391,2,2,0.00249,0.0078,0.98971
15622433,2,2,0.02642,0.0566,0.91698
7425881,2,2,0.0018,0.00805,0.99016
17804846,2,2,0.00199,0.01682,0.9812
41622514,2,2,0.00281,0.01334,0.98385
11492898,2,2,0.00238,0.00647,0.99115
13847614,2,1,0.19737,0.46657,0.33606
31800,2,2,0.00246,0.02232,0.97523
2223630,2,2,0.002,0.02489,0.97311
9061603,2,2,0.00489,0.03438,0.96073
35204830,2,2,0.00125,0.01213,0.98662
30067974,2,2,0.00361,0.04102,0.95537
23195532,2,2,0.00118,0.00633,0.99249
14268864,2,2,0.00198,0.00533,0.99269
30842694,2,2,0.00169,0.0078,0.99051
6454674,2,2,0.00325,0.03682,0.95993
1325244,2,2,0.00128,0.00614,0.99259
27793623,2,2,0.00374,0.03705,0.95921
36720214,2,2,0.00214,0.01865,0.97921
33255786,2,2,0.00383,0.02806,0.96811
37308517,2,2,0.00443,0.00881,0.98676
41192949,2,1,0.26663,0.36955,0.36382
32780815,2,1,0.03861,0.68971,0.27168
4558823,2,2,0.00127,0.00766,0.99107
13743541,2,2,0.01232,0.28264,0.70504
9205224,2,2,0.00209,0.00999,0.98791
11273202,2,2,0.00364,0.06182,0.93454
8448043,2,2,0.05791,0.36175,0.58034
40413840,2,1,0.22413,0.7306,0.04527
16294621,2,2,0.00159,0.00668,0.99173
17784918,2,2,0.00174,0.00932,0.98894
35897610,2,2,0.00216,0.00965,0.98819
26662578,2,2,0.00301,0.02205,0.97494
18048253,2,2,0.03818,0.41372,0.54809
2529260,2,2,0.00835,0.07059,0.92105
39652210,2,2,0.00326,0.00422,0.99252
30635457,2,1,0.19877,0.66899,0.13225
12516643,2,2,0.00272,0.0123,0.98497
11461562,2,2,0.0067,0.02231,0.971
17287154,2,2,0.00351,0.00791,0.98858
14047507,2,2,0.10689,0.44306,0.45004
32849475,2,2,0.00555,0.11712,0.87733
9183449,2,2,0.00161,0.00853,0.98986
7401967,2,2,0.00415,0.05765,0.9382
5636648,2,2,0.00414,0.02821,0.96764
6811583,2,2,0.00269,0.01038,0.98693
15615522,2,2,0.00296,0.00836,0.98869
6064201,2,2,0.01049,0.12958,0.85993
16678602,2,2,0.00216,0.01023,0.98761
35432165,2,2,0.0014,0.006,0.9926
33378521,2,2,0.00299,0.02934,0.96768
2309159,2,2,0.00213,0.00995,0.98792
20972144,2,1,0.05143,0.79818,0.1504
35052474,2,2,0.00216,0.01231,0.98553
36885779,2,2,0.00317,0.01629,0.98054
28679506,2,0,0.48,0.23302,0.28697
24819037,2,2,0.00271,0.01753,0.97976
30966110,2,2,0.00185,0.00969,0.98846
25957592,2,2,0.00261,0.00705,0.99034
18884763,2,2,0.00295,0.00403,0.99303
23185264,2,2,0.00191,0.00711,0.99098
23957740,2,2,0.01131,0.24374,0.74494
10300102,2,2,0.00216,0.00988,0.98796
2273714,2,2,0.00179,0.01162,0.98659
14817499,2,1,0.25435,0.53375,0.2119
32801587,2,2,0.00271,0.01843,0.97887
29415510,2,2,0.00984,0.06183,0.92833
27784750,2,2,0.00299,0.0122,0.9848
22743606,2,2,0.00264,0.01054,0.98681
14572091,2,2,0.00174,0.00745,0.99081
6501986,2,2,0.00237,0.01153,0.98611
34828540,2,1,0.02954,0.65164,0.31882
5903611,2,0,0.43465,0.25533,0.31002
14799839,2,2,0.00136,0.00517,0.99347
26289480,2,1,0.15979,0.76794,0.07227
16808669,2,2,0.00149,0.00663,0.99188
23659152,2,2,0.00163,0.01097,0.9874
523084,2,2,0.01015,0.04694,0.9429
4417069,2,2,0.03061,0.03183,0.93756
16524737,2,2,0.01578,0.01578,0.96845
2208518,2,2,0.02027,0.04032,0.93941
31243302,2,2,0.00257,0.00968,0.98775
34032652,2,2,0.0013,0.00604,0.99266
2408706,2,2,0.00279,0.01814,0.97906
221269,2,2,0.00283,0.03571,0.96146
10829969,2,2,0.00922,0.09381,0.89698
8554889,2,2,0.00479,0.02278,0.97243
25313875,2,2,0.0022,0.00563,0.99217
8200481,2,2,0.00213,0.00663,0.99124
41332624,2,2,0.00789,0.02112,0.97099
28215842,2,2,0.00753,0.02212,0.97036
30145229,2,2,0.00279,0.01849,0.97871
26288252,2,2,0.18588,0.18407,0.63005
7890678,2,1,0.26188,0.66873,0.06939
29427888,2,2,0.00153,0.013,0.98547
40824631,2,2,0.0019,0.01231,0.98578
27589181,2,2,0.00871,0.14337,0.84792
20692485,2,2,0.0022,0.00969,0.98812
1101784,2,0,0.60019,0.30955,0.09026
5080465,2,2,0.00116,0.01132,0.98753
18086669,2,1,0.08819,0.76782,0.14399
12043322,2,2,0.00129,0.00827,0.99043
2766134,2,1,0.18056,0.77632,0.04312
25977843,2,2,0.00176,0.01003,0.9882
13872733,2,2,0.00908,0.23507,0.75585
31577167,2,2,0.00606,0.021,0.97294
39294813,2,2,0.00234,0.00694,0.99072
2995176,2,2,0.00207,0.00638,0.99156
20117500,2,2,0.00289,0.01486,0.98225
959022,2,2,0.00742,0.10757,0.88501
15084697,2,2,0.03802,0.149,0.81298
8541960,2,2,0.00788,0.06721,0.92492
31497005,2,2,0.0016,0.01241,0.98599
20010378,2,2,0.00462,0.00656,0.98883
1068482,2,2,0.00451,0.02079,0.9747
15939833,2,2,0.00446,0.00908,0.98645
3669564,2,2,0.00234,0.02165,0.97601
23772915,2,2,0.00426,0.00982,0.98593
10137591,2,2,0.00234,0.02328,0.97438
25590153,2,2,0.07541,0.08816,0.83643
27550614,2,2,0.03192,0.44067,0.52741
5714974,2,2,0.0034,0.00938,0.98722
23958651,2,2,0.00153,0.01031,0.98815
15062666,2,2,0.00651,0.09934,0.89414
17973309,2,2,0.00621,0.07238,0.92141
3750426,2,2,0.00137,0.01101,0.98761
11436498,2,2,0.00153,0.0128,0.98567
1550157,2,2,0.00144,0.00951,0.98905
25972370,2,2,0.00153,0.01011,0.98835
29919437,2,2,0.00224,0.00604,0.99172
6536674,2,2,0.00191,0.0075,0.99058
29885560,2,2,0.00177,0.00658,0.99165
16004239,2,2,0.00152,0.00534,0.99315
13959603,2,2,0.00237,0.01153,0.98611
25084475,2,2,0.00179,0.0086,0.98961
12582788,2,2,0.01327,0.04168,0.94504
27372141,2,2,0.00375,0.01827,0.97798
7528068,2,2,0.00156,0.0089,0.98954
6719429,2,2,0.00197,0.00711,0.99092
5604229,2,2,0.00274,0.00733,0.98994
3213593,2,2,0.00551,0.02383,0.97066
32640130,2,2,0.0018,0.00486,0.99334
27649240,2,2,0.00253,0.00946,0.98801
13533922,2,2,0.00174,0.00774,0.99052
979487,2,2,0.00427,0.00593,0.9898
17791418,2,1,0.02319,0.50748,0.46934
22017764,2,2,0.00414,0.01348,0.98238
31979752,2,2,0.00157,0.01511,0.98332
18035771,2,2,0.00156,0.00911,0.98933
35344532,2,2,0.00223,0.0075,0.99026
34319585,2,2,0.00269,0.00961,0.9877
39807979,2,1,0.02144,0.71009,0.26847
3083711,2,2,0.0018,0.00559,0.99261
31323295,2,2,0.00215,0.01309,0.98475
26497396,2,2,0.00263,0.01687,0.9805
17189378,2,2,0.04261,0.3783,0.57909
23427870,2,2,0.0024,0.01255,0.98505
7586181,2,2,0.00219,0.01105,0.98676
22570113,2,2,0.00163,0.01047,0.9879
32112167,2,2,0.00128,0.00614,0.99259
1601741,2,2,0.00307,0.01759,0.97934
19784293,2,2,0.00848,0.03381,0.95771
34436455,2,1,0.12535,0.57511,0.29953
40877100,2,2,0.07653,0.04932,0.87415
17977415,2,2,0.15154,0.37801,0.47044
6468479,2,2,0.0071,0.0187,0.9742
36122598,2,2,0.01057,0.13677,0.85266
28602111,2,2,0.00261,0.00738,0.99
12767374,2,2,0.0052,0.02,0.97481
31862312,2,2,0.00166,0.00821,0.99013
30862829,2,2,0.00614,0.03947,0.95439
4780724,2,2,0.00222,0.01304,0.98474
1504652,2,2,0.00545,0.0486,0.94595
12560550,2,2,0.00194,0.00969,0.98837
6439284,2,2,0.00363,0.02097,0.9754
7413724,2,2,0.00249,0.00798,0.98953
375034,2,2,0.00286,0.01108,0.98606
19962746,2,2,0.00183,0.00497,0.9932
31599314,2,2,0.00858,0.02243,0.96898
1286456,2,2,0.00133,0.00867,0.99
2873419,2,2,0.00196,0.01581,0.98223
11349424,2,2,0.00224,0.00733,0.99044
12453238,2,2,0.00177,0.00856,0.98967
16876797,2,1,0.04926,0.51335,0.43738
37545756,2,2,0.00478,0.01004,0.98518
1022232,2,1,0.02766,0.74747,0.22487
13925979,2,1,0.12787,0.84054,0.03159
38939179,2,2,0.00419,0.0337,0.96211
2412884,2,2,0.00207,0.00678,0.99115
33764833,2,2,0.00253,0.00792,0.98955
33594371,2,2,0.00171,0.00911,0.98918
15428628,2,2,0.01664,0.19385,0.7895
12081177,2,2,0.00568,0.02447,0.96985
30246855,2,2,0.00201,0.00501,0.99298
22817834,2,2,0.00586,0.02419,0.96995
23763761,2,2,0.00158,0.01393,0.98449
15785120,2,2,0.00191,0.0075,0.99058
15912818,2,2,0.07178,0.18613,0.7421
11854372,2,2,0.00172,0.00568,0.99261
10405545,2,2,0.0032,0.00738,0.98942
14254466,2,2,0.00321,0.03406,0.96273
12281010,2,2,0.00179,0.0085,0.98971
22214812,2,2,0.00312,0.03317,0.96371
39318743,2,1,0.05122,0.89383,0.05495
28616540,2,2,0.00177,0.00716,0.99107
4579497,2,2,0.00268,0.01198,0.98534
22829686,2,2,0.00174,0.00722,0.99104
23508188,2,2,0.00171,0.00821,0.99008
8810383,2,2,0.00403,0.08385,0.91212
406633,2,2,0.00446,0.03338,0.96217
35658182,2,2,0.00342,0.01848,0.9781
22221946,2,2,0.00241,0.0091,0.98848
25009859,2,2,0.00147,0.00623,0.9923
15483568,2,2,0.00132,0.00501,0.99367
38510737,2,2,0.00331,0.00558,0.99111
26866616,2,2,0.00432,0.01052,0.98516
26860296,2,0,0.44465,0.39241,0.16294
24604876,2,2,0.00407,0.03055,0.96538
8171329,2,2,0.00988,0.036,0.95412
19031619,2,2,0.00426,0.03137,0.96437
23305365,2,2,0.00185,0.00745,0.9907
19389061,2,2,0.00301,0.02074,0.97625
22096146,2,2,0.00224,0.01926,0.97849
1208696,2,2,0.00149,0.00915,0.98937
4604169,2,1,0.07082,0.60233,0.32684
24123987,2,2,0.00206,0.01171,0.98623
32867367,2,2,0.00382,0.00875,0.98743
12966050,2,1,0.23845,0.62701,0.13454
4732076,2,0,0.49841,0.47189,0.0297
10937579,2,2,0.00213,0.00817,0.9897
32308040,2,2,0.00237,0.01153,0.98611
4085577,2,2,0.00386,0.03601,0.96012
26523025,2,2,0.01214,0.02322,0.96463
17782065,2,2,0.00545,0.04909,0.94546
37172800,2,2,0.0023,0.01109,0.98661
23983026,2,2,0.00312,0.01592,0.98096
38289363,2,2,0.04699,0.28897,0.66404
10152208,2,2,0.00777,0.02104,0.97119
2975657,2,2,0.00661,0.01254,0.98085
27117176,2,2,0.00124,0.0069,0.99187
29457261,2,2,0.00816,0.06283,0.929
22680689,2,1,0.03537,0.65186,0.31277
98397,2,2,0.00242,0.00792,0.98967
13580902,2,2,0.04816,0.19846,0.75338
6139029,2,2,0.00624,0.09678,0.89698
25549950,2,2,0.00266,0.01967,0.97767
36832348,2,2,0.00216,0.00836,0.98947
4439600,2,2,0.00167,0.00555,0.99279
30915427,2,2,0.00213,0.01071,0.98716
38063579,2,2,0.00149,0.00768,0.99083
34839541,2,2,0.00609,0.01714,0.97678
33591752,2,2,0.00204,0.00595,0.99202
37182244,2,2,0.00271,0.01599,0.9813
38381980,2,1,0.04383,0.85989,0.09629
29944039,2,2,0.14988,0.11811,0.73201
40865429,2,2,0.00308,0.01249,0.98443
21583650,2,2,0.00217,0.00513,0.9927
24986902,2,2,0.00401,0.02886,0.96712
24289740,2,2,0.00142,0.00827,0.99031
35626563,2,2,0.00339,0.02562,0.97098
15446202,2,2,0.0069,0.13138,0.86173
37208307,2,2,0.00169,0.00722,0.99109
23655968,2,2,0.00373,0.00952,0.98675
23088494,2,2,0.00236,0.01527,0.98237
16874257,2,2,0.00233,0.01071,0.98696
41180591,2,2,0.00153,0.01015,0.98831
39128372,2,2,0.16249,0.31504,0.52247
18745488,2,1,0.12066,0.81336,0.06599
35884412,2,2,0.00147,0.00777,0.99076
21339892,2,2,0.00238,0.00558,0.99203
20782094,2,2,0.0049,0.01565,0.97945
16178967,2,2,0.00555,0.06071,0.93373
19519097,2,2,0.00238,0.00786,0.98976
32321459,2,2,0.00204,0.00705,0.99091
36688361,2,2,0.037,0.07358,0.88942
293566,2,2,0.00205,0.01551,0.98244
17643813,2,2,0.00156,0.00739,0.99105
17627417,2,2,0.00197,0.00897,0.98906
40919855,2,2,0.00194,0.00911,0.98895
23862970,2,2,0.00253,0.00976,0.98771
16576059,2,2,0.04074,0.10181,0.85745
10913450,2,1,0.16829,0.47753,0.35418
28937645,2,2,0.00151,0.01039,0.9881
15699738,2,2,0.00234,0.00683,0.99082
5129394,2,2,0.00147,0.00745,0.99108
17638698,2,2,0.01368,0.0271,0.95921
19516193,2,2,0.00264,0.01212,0.98524
29430420,2,2,0.00256,0.01014,0.98729
15792107,2,2,0.01103,0.02626,0.9627
9131796,2,2,0.00373,0.00916,0.98711
2807072,2,2,0.0057,0.03642,0.95788
31326127,2,2,0.00919,0.00863,0.98218
41563918,2,1,0.25277,0.70065,0.04658
32151267,2,2,0.00225,0.01747,0.98028
26762777,2,2,0.00174,0.01055,0.98771
37036640,2,2,0.00118,0.00633,0.99249
2469109,2,2,0.00136,0.00628,0.99236
18397326,2,1,0.12375,0.8277,0.04856
25075806,2,2,0.03416,0.13171,0.83413
6116499,2,2,0.00682,0.10019,0.89299
24819405,2,2,0.34916,0.29997,0.35087
32373722,2,2,0.04078,0.12068,0.83853
41303168,2,2,0.00418,0.05075,0.94507
21451273,2,2,0.00237,0.01153,0.98611
39292701,2,2,0.00149,0.00658,0.99193
30727806,2,2,0.0028,0.03117,0.96603
35074460,2,2,0.00156,0.00673,0.9917
23685896,2,2,0.00356,0.00931,0.98713
7058468,2,1,0.04158,0.5434,0.41502
22530627,2,2,0.00397,0.02522,0.97081
19380009,2,2,0.00397,0.00945,0.98658
17470514,2,2,0.0022,0.00965,0.98815
7551980,2,1,0.07556,0.68942,0.23502
34907440,2,2,0.00505,0.0088,0.98614
3164136,2,2,0.00142,0.00739,0.99119
22571887,2,2,0.0027,0.01974,0.97756
3400137,2,2,0.00188,0.00843,0.98969
12542223,2,2,0.0055,0.02429,0.97021
5326197,2,2,0.01266,0.09986,0.88748
2461157,2,2,0.00355,0.01086,0.98558
1536427,2,2,0.01592,0.14813,0.83595
5834662,2,2,0.00255,0.04713,0.95032
23305661,2,2,0.00247,0.01713,0.9804
7562551,2,2,0.00339,0.02597,0.97064
31510547,2,2,0.00201,0.00648,0.99152
20431290,2,2,0.00212,0.01325,0.98463
36514044,2,2,0.00161,0.00658,0.99181
14589992,2,2,0.00241,0.01015,0.98745
7979293,2,2,0.00183,0.02003,0.97814
9556396,2,2,0.0355,0.05607,0.90843
9003500,2,2,0.00194,0.0078,0.99026
17168898,2,2,0.00136,0.00827,0.99037
30653294,2,2,0.01588,0.23068,0.75343
15389836,2,2,0.01202,0.05495,0.93303
979533,2,1,0.04444,0.66857,0.28699
8296250,2,2,0.17049,0.04769,0.78182
25548452,2,2,0.00176,0.01084,0.9874
41130679,2,2,0.00363,0.03572,0.96065
34362716,2,2,0.00231,0.00762,0.99008
36611502,2,1,0.16389,0.55225,0.28386
26864411,2,2,0.00375,0.01827,0.97798
23143163,2,2,0.00132,0.00742,0.99126
22703265,2,2,0.00174,0.00774,0.99052
793506,2,2,0.0039,0.01129,0.98481
25766028,2,2,0.00198,0.00416,0.99386
14625983,2,2,0.00196,0.01162,0.98642
35991450,2,2,0.00206,0.0133,0.98465
22982389,2,2,0.00253,0.0071,0.99036
19143075,2,2,0.00177,0.00722,0.99101
1159307,2,2,0.0029,0.02588,0.97121
22250586,2,2,0.00156,0.00658,0.99186
38900911,2,2,0.00501,0.01036,0.98464
34517940,2,2,0.0021,0.00856,0.98934
3667385,2,2,0.05083,0.20222,0.74695
19099636,2,2,0.00213,0.00859,0.98928
8116502,2,2,0.00251,0.01681,0.98068
5810664,2,2,0.00142,0.0059,0.99267
14923109,2,2,0.0014,0.00668,0.99192
16458927,2,2,0.01297,0.24477,0.74226
9597201,2,2,0.02027,0.18276,0.79698
4189363,2,2,0.00191,0.01011,0.98798
12367740,2,2,0.00122,0.0072,0.99159
369785,2,2,0.00294,0.02819,0.96887
22798999,2,2,0.00467,0.03213,0.96319
27595395,2,2,0.00138,0.00534,0.99328
36920584,2,2,0.00248,0.01264,0.98488
19278706,2,2,0.11787,0.23741,0.64472
12626935,2,2,0.00146,0.01158,0.98696
5247798,2,2,0.00129,0.01102,0.98769
38324776,2,2,0.02214,0.09353,0.88433
7821913,2,0,0.55579,0.43285,0.01136
2259973,2,2,0.00349,0.01445,0.98206
11771328,2,1,0.03306,0.52117,0.44578
3955751,2,2,0.00413,0.00841,0.98746
39443198,2,2,0.00321,0.01996,0.97683
15813698,2,0,0.45071,0.30112,0.24818
22361407,2,2,0.00521,0.04824,0.94655
6219042,2,2,0.02593,0.3931,0.58097
29632340,2,2,0.00259,0.01408,0.98332
7522608,2,2,0.00209,0.01027,0.98764
3461327,2,2,0.00179,0.00904,0.98917
3727628,2,2,0.00333,0.0276,0.96907
26778554,2,2,0.00324,0.0113,0.98547
30161847,2,2,0.04148,0.03989,0.91863
33270455,2,0,0.62065,0.16191,0.21744
36210061,2,2,0.03377,0.40824,0.55799
24636485,2,2,0.00146,0.01399,0.98455
29983651,2,2,0.00869,0.17178,0.81953
21799406,2,2,0.00248,0.01152,0.98599
41129061,2,2,0.0142,0.14068,0.84511
31424166,2,2,0.00263,0.0143,0.98307
29171199,2,2,0.01381,0.14479,0.84139
2158242,2,1,0.32454,0.40986,0.2656
6906120,2,2,0.00853,0.07991,0.91157
14855571,2,2,0.00144,0.00745,0.99111
28891099,2,2,0.00242,0.00678,0.9908
24595166,2,2,0.00154,0.00847,0.99
18343876,2,2,0.00217,0.00546,0.99237
26471480,2,2,0.00552,0.02216,0.97232
27869844,2,2,0.00171,0.0085,0.98979
10571406,2,2,0.00209,0.0118,0.98611
33776559,2,2,0.00301,0.03656,0.96044
26696978,2,2,0.00177,0.00833,0.9899
7241539,2,2,0.00147,0.00668,0.99185
41274505,2,2,0.00252,0.02752,0.96996
27870621,2,2,0.00206,0.01071,0.98723
17477412,2,2,0.00448,0.01247,0.98305
21208826,2,2,0.00378,0.01095,0.98527
25757176,2,2,0.00823,0.22696,0.7648
36189615,2,2,0.00198,0.00633,0.9917
41137206,2,2,0.00188,0.00999,0.98813
24813612,2,2,0.00371,0.02893,0.96736
26539995,2,2,0.00375,0.01827,0.97798
1941747,2,2,0.14999,0.32443,0.52558
14817,2,2,0.00609,0.04622,0.94768
6684630,2,2,0.00161,0.00711,0.99128
27811474,2,2,0.05016,0.15901,0.79083
12818110,2,1,0.02848,0.66886,0.30266
36795096,2,2,0.00218,0.01563,0.98219
8821714,2,2,0.00304,0.01278,0.98418
3885920,2,2,0.00203,0.00876,0.98921
34323727,2,2,0.0749,0.09105,0.83405
40841088,2,2,0.00237,0.01148,0.98615
33321910,2,2,0.0018,0.00751,0.9907
12589840,2,2,0.01661,0.10455,0.87884
15989732,2,2,0.002,0.00739,0.99061
14204199,2,2,0.00443,0.02358,0.97198
37308062,2,2,0.00248,0.01299,0.98453
37665381,2,2,0.00212,0.01387,0.98401
2092907,2,2,0.01923,0.47315,0.50762
3163220,2,2,0.00429,0.00916,0.98655
8717965,2,2,0.00281,0.01283,0.98436
5595710,2,2,0.00332,0.01738,0.9793
28826141,2,2,0.0023,0.02531,0.97239
19602231,2,2,0.00395,0.01417,0.98188
10948606,2,2,0.0014,0.00748,0.99112
21951563,2,2,0.002,0.00943,0.98857
26219154,2,2,0.00145,0.00555,0.99301
2412431,2,2,0.00174,0.00774,0.99052
35406913,2,2,0.00427,0.06011,0.93563
36108128,2,2,0.00628,0.04761,0.94611
20254947,2,2,0.00219,0.01382,0.984
18598428,2,2,0.00299,0.04431,0.95271
8067835,2,1,0.15536,0.82203,0.0226
22729296,2,2,0.00183,0.00533,0.99284
22462909,2,1,0.07362,0.87272,0.05365
5577261,2,2,0.00164,0.00802,0.99035
6464640,2,2,0.00557,0.0573,0.93712
32539857,2,2,0.00219,0.01393,0.98389
25823214,2,2,0.00309,0.01121,0.9857
39883422,2,2,0.00142,0.00843,0.99015
36600266,2,1,0.15648,0.81432,0.0292
4102321,2,1,0.05057,0.71467,0.23476
7784872,2,2,0.0173,0.01563,0.96707
14459877,2,2,0.00136,0.00525,0.99339
11437637,2,2,0.02786,0.11875,0.85338
41395607,2,2,0.00239,0.01857,0.97904
21679230,2,2,0.00575,0.0118,0.98245
15270968,2,2,0.01672,0.0417,0.94159
15042715,2,2,0.00728,0.03193,0.96079
35219911,2,2,0.00249,0.00889,0.98862
27321740,2,0,0.40974,0.29484,0.29542
24418356,2,2,0.00154,0.00663,0.99183
12110726,2,2,0.0016,0.01118,0.98721
28432581,2,2,0.00378,0.01234,0.98389
24233989,2,2,0.00156,0.01118,0.98726
34641218,2,2,0.00272,0.01289,0.98439
27014399,2,2,0.0031,0.02407,0.97283
23490243,2,2,0.00366,0.01151,0.98483
26187331,2,2,0.0032,0.02326,0.97355
3429981,2,2,0.01936,0.06957,0.91107
34315395,2,2,0.00587,0.03662,0.9575
8702144,2,2,0.01865,0.48109,0.50026
3977536,2,2,0.00201,0.00542,0.99258
471096,2,2,0.00286,0.02668,0.97046
8812225,2,2,0.00174,0.00876,0.9895
24999579,2,2,0.00266,0.01893,0.97841
3453972,2,2,0.01224,0.04556,0.94221
28106901,2,2,0.00423,0.05282,0.94295
39574169,2,2,0.00212,0.01118,0.9867
17820052,2,2,0.00723,0.0161,0.97667
27203103,2,0,0.93016,0.05917,0.01066
16537326,2,2,0.00237,0.01284,0.98479
34692317,2,2,0.00773,0.0184,0.97387
7940058,2,2,0.04755,0.08954,0.86291
6512197,2,1,0.04022,0.71292,0.24686
30286995,2,2,0.00277,0.01006,0.98716
24547019,2,2,0.00688,0.03438,0.95874
3654407,2,2,0.00185,0.00984,0.98831
41089590,2,2,0.09191,0.10788,0.80021
38619743,2,2,0.03613,0.08159,0.88228
40924003,2,2,0.00763,0.02405,0.96832
4596542,2,2,0.00166,0.00958,0.98876
12540696,2,2,0.03589,0.08787,0.87625
7132564,2,2,0.00187,0.01176,0.98637
6781841,2,2,0.00252,0.01109,0.98639
13665665,2,2,0.00678,0.0105,0.98272
9603714,2,2,0.01273,0.01465,0.97262
19095133,2,2,0.00291,0.00779,0.98929
2117753,2,2,0.00287,0.03775,0.95938
18775485,2,2,0.00149,0.00768,0.99083
2901872,2,2,0.00155,0.01208,0.98636
18804279,2,2,0.00406,0.03339,0.96255
6633642,2,2,0.00126,0.00648,0.99226
19146947,2,2,0.00285,0.01538,0.98177
12146075,2,2,0.00157,0.00471,0.99372
13927936,2,2,0.00179,0.01382,0.98439
41325937,2,2,0.00145,0.00628,0.99227
13380794,2,2,0.00169,0.00648,0.99183
34028165,2,2,0.00398,0.05172,0.9443
19057143,2,1,0.06992,0.83206,0.09803
4945896,2,2,0.00185,0.01097,0.98719
29385326,2,2,0.00217,0.00623,0.9916
29013295,2,2,0.00375,0.01827,0.97798
9507342,2,2,0.00547,0.06075,0.93378
28841778,2,2,0.05765,0.16499,0.77737
9665010,2,2,0.00405,0.06528,0.93067
24916440,2,2,0.00398,0.03683,0.95919
16104082,2,2,0.0019,0.01135,0.98674
13729866,2,2,0.00301,0.00744,0.98956
25197952,2,1,0.04114,0.77627,0.18259
34870455,2,2,0.02301,0.25569,0.72131
6232421,2,2,0.00169,0.00814,0.99017
7890323,2,2,0.00192,0.00482,0.99326
8922502,2,2,0.00463,0.02589,0.96948
5073910,2,2,0.00581,0.01701,0.97718
9528655,2,2,0.0014,0.00908,0.98952
18433829,2,2,0.00204,0.00705,0.99091
16183271,2,2,0.00461,0.00748,0.98791
22733290,2,2,0.00167,0.00521,0.99312
23113821,2,2,0.00238,0.00849,0.98913
40853992,2,1,0.30763,0.66409,0.02828
1130607,2,2,0.0041,0.03911,0.95679
20047229,2,2,0.00749,0.04177,0.95074
40346683,2,2,0.02408,0.04377,0.93216
20668207,2,2,0.00194,0.00684,0.99122
20442543,2,2,0.00184,0.01305,0.98511
11532504,2,2,0.03678,0.09945,0.86376
18384719,2,0,0.66082,0.30851,0.03067
7599288,2,2,0.0014,0.00446,0.99413
505386,2,2,0.01589,0.04581,0.93829
37402553,2,2,0.00154,0.00739,0.99107
20595028,2,2,0.0022,0.00585,0.99194
19776229,2,2,0.0035,0.01086,0.98564
12142458,2,2,0.00136,0.00802,0.99062
12420265,2,2,0.00191,0.00756,0.99053
28513947,2,2,0.00197,0.00873,0.9893
5041461,2,2,0.00694,0.03988,0.95317
10846448,2,2,0.00167,0.00555,0.99279
30188006,2,2,0.00213,0.00853,0.98934
26506312,2,2,0.00185,0.00833,0.98982
17256183,2,2,0.00132,0.00534,0.99335
16153981,2,2,0.00271,0.03207,0.96521
13566968,2,2,0.01153,0.12835,0.86013
11740181,2,2,0.00428,0.04264,0.95308
6921559,2,2,0.00189,0.00563,0.99248
29624979,2,2,0.01541,0.13003,0.85456
3572061,2,2,0.00265,0.00914,0.98821
6731620,2,2,0.05471,0.15378,0.79151
14715927,2,2,0.0026,0.02869,0.96872
13304028,2,2,0.00728,0.08283,0.90989
1666457,2,2,0.0015,0.00403,0.99447
27296092,2,2,0.00206,0.00976,0.98817
28659916,2,2,0.00321,0.03583,0.96096
31542947,2,2,0.00158,0.01019,0.98823
39483942,2,1,0.04114,0.80716,0.1517
35815066,2,2,0.00245,0.0081,0.98944
16926775,2,2,0.01981,0.04034,0.93985
36567073,2,2,0.00183,0.00604,0.99213
35134799,2,2,0.00268,0.01329,0.98403
41265423,2,2,0.00143,0.0049,0.99368
5099430,2,2,0.00413,0.07568,0.92019
18157804,2,2,0.00177,0.00856,0.98967
13639648,2,2,0.00298,0.02967,0.96734
9666856,2,2,0.00201,0.01905,0.97894
29032404,2,2,0.00172,0.00475,0.99353
31837477,2,2,0.03081,0.04034,0.92886
9494763,2,2,0.00247,0.01713,0.9804
2579614,2,2,0.00256,0.01042,0.98701
35067517,2,2,0.00355,0.01268,0.98377
33023448,2,2,0.04849,0.25554,0.69598
7015800,2,2,0.00219,0.01436,0.98345
38044618,2,2,0.12599,0.16577,0.70823
35538615,2,2,0.00286,0.00924,0.9879
14850481,2,2,0.01227,0.03537,0.95235
530815,2,2,0.13309,0.08745,0.77946
1972941,2,2,0.003,0.00823,0.98877
708940,2,2,0.00542,0.05456,0.94002
38790944,2,2,0.07134,0.09286,0.8358
15348754,2,2,0.00132,0.00494,0.99374
33923217,2,2,0.00132,0.00725,0.99143
28873750,2,2,0.00219,0.0125,0.98531
35745512,2,2,0.00717,0.008,0.98482
23375102,2,2,0.00292,0.05148,0.9456
16253935,2,2,0.00202,0.01299,0.98498
9387236,2,2,0.00795,0.0371,0.95495
12113324,2,2,0.01111,0.1464,0.84248
38166734,2,2,0.00776,0.00701,0.98523
12052370,2,2,0.01436,0.01746,0.96818
5888305,2,2,0.01065,0.13022,0.85914
17101100,2,2,0.00263,0.03281,0.96456
38956913,2,2,0.00901,0.11452,0.87647
37307446,2,2,0.00217,0.00497,0.99286
31679782,2,2,0.04551,0.38251,0.57198
19056548,2,2,0.003,0.00798,0.98902
4893898,2,2,0.00149,0.00568,0.99283
22997688,2,2,0.01897,0.45608,0.52495
24245857,2,2,0.00198,0.01688,0.98113
887291,2,2,0.0029,0.01225,0.98485
1975627,2,2,0.00488,0.02143,0.9737
25001909,2,2,0.00546,0.04695,0.94759
13382184,2,2,0.00133,0.00977,0.9889
26313706,2,2,0.04647,0.07325,0.88028
19239254,2,2,0.0217,0.06256,0.91573
11200466,2,2,0.01047,0.11795,0.87158
33893468,2,2,0.0021,0.00533,0.99256
10238935,2,2,0.00174,0.00663,0.99163
31597588,2,2,0.00191,0.00756,0.99053
19011735,2,2,0.00237,0.01153,0.98611
784539,2,2,0.0014,0.00572,0.99288
5236253,2,2,0.0513,0.17704,0.77166
21386702,2,2,0.00387,0.06464,0.93149
22563156,2,2,0.00266,0.00618,0.99117
2263444,2,2,0.00192,0.00542,0.99267
10843571,2,2,0.00158,0.01167,0.98675
23051604,2,2,0.01467,0.04132,0.94401
6454113,2,2,0.00901,0.11452,0.87647
21674984,2,2,0.00158,0.01315,0.98527
14577093,2,2,0.00223,0.01171,0.98607
5780942,2,2,0.00255,0.0155,0.98195
17872126,2,2,0.18696,0.33656,0.47648
21892450,2,2,0.00156,0.01019,0.98825
31868418,2,2,0.04871,0.17731,0.77398
37274628,2,0,0.49042,0.49042,0.01916
14395706,2,2,0.0042,0.06036,0.93544
28676495,2,2,0.00175,0.02069,0.97757
6595826,2,2,0.01047,0.11795,0.87158
35113649,2,2,0.0083,0.00941,0.98229
35648877,2,2,0.08849,0.1735,0.73801
7086377,2,2,0.00476,0.0146,0.98064
8233278,2,1,0.26373,0.66303,0.07324
35267798,2,2,0.00273,0.011,0.98627
40779227,2,2,0.00222,0.01299,0.98479
12847522,2,2,0.01157,0.02546,0.96297
38373509,2,2,0.00191,0.00962,0.98848
40740124,2,2,0.00872,0.01438,0.9769
25202754,2,2,0.00313,0.01446,0.98242
122156,2,2,0.00185,0.01084,0.98731
5945060,2,2,0.02345,0.08964,0.88691
39712904,2,2,0.03897,0.08091,0.88012
25345538,2,1,0.39526,0.5684,0.03634
26762082,2,2,0.0036,0.01253,0.98386
8984193,2,2,0.00294,0.0434,0.95366
24837342,2,2,0.00136,0.00722,0.99142
29587358,2,2,0.00365,0.01473,0.98162
38982669,2,2,0.00711,0.02462,0.96827
35801259,2,2,0.00208,0.01656,0.98136
1963938,2,2,0.00214,0.00618,0.99168
11297095,2,2,0.00232,0.01781,0.97988
35551516,2,1,0.02081,0.6839,0.29529
17113953,2,2,0.0048,0.03718,0.95802
38562996,2,2,0.0829,0.28264,0.63446
16577988,2,2,0.05276,0.15969,0.78755
1265708,2,1,0.26402,0.70932,0.02666
1746193,2,2,0.00168,0.00951,0.98881
32257000,2,2,0.00409,0.01155,0.98436
24340692,2,2,0.00163,0.0083,0.99006
32311970,2,2,0.00281,0.01288,0.98431
26021013,2,2,0.00511,0.02192,0.97297
28840436,2,2,0.00341,0.02187,0.97472
20199962,2,1,0.26419,0.42238,0.31343
14936281,2,2,0.00177,0.00827,0.98996
22802616,2,2,0.00528,0.04867,0.94605
14192288,2,2,0.00385,0.02378,0.97237
29687689,2,2,0.00273,0.02376,0.97351
11772084,2,2,0.00169,0.00814,0.99017
6174842,2,2,0.01112,0.01891,0.96997
35438999,2,2,0.00274,0.00603,0.99123
39339385,2,2,0.00159,0.00614,0.99228
8511130,2,2,0.00181,0.01522,0.98297
21447630,2,2,0.00166,0.00962,0.98872
13106255,2,2,0.00409,0.02541,0.9705
22329028,2,2,0.01521,0.18605,0.79874
36080617,2,2,0.00265,0.00804,0.98931
39379663,2,2,0.00354,0.04599,0.95047
30939264,2,2,0.00132,0.00711,0.99157
33872406,2,2,0.00497,0.00937,0.98566
40735469,2,2,0.00159,0.00614,0.99228
24747184,2,2,0.00207,0.00711,0.99083
28104161,2,2,0.00174,0.00586,0.9924
16004669,2,2,0.00315,0.00562,0.99122
41110362,2,1,0.03099,0.67838,0.29063
22011447,2,2,0.00319,0.00882,0.98799
29052150,2,2,0.0042,0.0298,0.96599
34010736,2,2,0.00275,0.0168,0.98044
18180084,2,2,0.00325,0.02163,0.97512
16032581,2,2,0.00579,0.02076,0.97345
14088016,2,2,0.00402,0.01272,0.98326
34440882,2,2,0.00599,0.0174,0.9766
791366,2,2,0.19609,0.16658,0.63733
40857940,2,2,0.00429,0.0093,0.98641
15771297,2,2,0.0017,0.01844,0.97986
14951542,2,2,0.00367,0.02641,0.96993
38371623,2,2,0.00273,0.01002,0.98724
34713012,2,2,0.00379,0.02456,0.97165
27007163,2,2,0.00274,0.00505,0.99221
37080945,2,2,0.00149,0.00609,0.99242
12071277,2,2,0.00172,0.00689,0.99139
6288060,2,2,0.00338,0.01537,0.98125
18240312,2,2,0.02164,0.12088,0.85749
35845617,2,0,0.94817,0.04917,0.00266
26284646,2,2,0.02061,0.04645,0.93294
10959033,2,2,0.00636,0.01254,0.9811
27399099,2,2,0.00237,0.00932,0.98831
21756065,2,2,0.00278,0.00699,0.99023
8472670,2,2,0.00278,0.00889,0.98833
12927664,2,2,0.00863,0.08287,0.9085
40032106,2,2,0.00335,0.02375,0.97291
37719318,2,2,0.00177,0.00932,0.98891
21576447,2,1,0.41153,0.57135,0.01712
18103829,2,2,0.30903,0.29301,0.39796
30462356,2,2,0.00174,0.00595,0.99231
23121883,2,2,0.00151,0.00648,0.99201
40156141,2,1,0.39475,0.49901,0.10624
2239572,2,2,0.00411,0.03527,0.96062
11906187,2,2,0.00682,0.01264,0.98055
26768167,2,2,0.00189,0.00497,0.99314
20600361,2,2,0.00401,0.00749,0.9885
6123198,2,2,0.0051,0.02348,0.97142
32582229,2,2,0.00373,0.00875,0.98752
37210436,2,2,0.00169,0.00756,0.99075
9755868,2,2,0.00174,0.00568,0.99258
23656203,2,2,0.0012,0.00479,0.99401
28010178,2,2,0.00238,0.00657,0.99104
11148855,2,2,0.00194,0.00984,0.98822
885478,2,2,0.00427,0.02902,0.96671
33545260,2,2,0.00422,0.01128,0.9845
33044344,2,2,0.00264,0.01414,0.98323
11960025,2,2,0.00194,0.02419,0.97387
8123056,2,1,0.08707,0.6535,0.25944
7669465,2,2,0.01121,0.06977,0.91902
2496943,2,2,0.0018,0.02216,0.97604
27525826,2,2,0.00272,0.01259,0.98469
7971613,2,2,0.00361,0.05634,0.94005
4778401,2,2,0.00574,0.01345,0.9808
8900628,2,2,0.00116,0.00494,0.9939
32963339,2,2,0.02089,0.04801,0.93109
16982367,2,1,0.06821,0.86411,0.06768
34028905,2,2,0.00242,0.00727,0.99031
9558111,2,2,0.00842,0.02545,0.96613
39306068,2,1,0.09416,0.57006,0.33578
11287912,2,2,0.00285,0.01376,0.98339
25602111,2,2,0.0047,0.01247,0.98284
37083979,2,1,0.07134,0.46705,0.46161
13970863,2,2,0.00594,0.0265,0.96756
35698725,2,2,0.01092,0.05851,0.93057
34775287,2,2,0.12091,0.05439,0.82469
13018571,2,2,0.0029,0.01091,0.98618
8857952,2,2,0.00769,0.04637,0.94595
30131967,2,2,0.00485,0.02613,0.96902
3040418,2,2,0.00743,0.02666,0.96591
22598563,2,2,0.0036,0.04434,0.95206
26459595,2,2,0.07602,0.14412,0.77986
5272590,2,2,0.00323,0.02966,0.96711
41329922,2,2,0.00207,0.00413,0.9938
13901239,2,2,0.00178,0.0142,0.98401
29230267,2,2,0.00174,0.00745,0.99081
25410135,2,2,0.00197,0.01131,0.98673
17428186,2,2,0.00138,0.006,0.99262
29972886,2,2,0.00231,0.00581,0.99188
35057767,2,2,0.00149,0.00559,0.99292
35942618,2,2,0.00373,0.05505,0.94122
33584524,2,2,0.0018,0.00482,0.99338
39018108,2,2,0.00137,0.01043,0.98819
24624152,2,2,0.00521,0.04824,0.94655
28862111,2,2,0.00371,0.02931,0.96697
32925483,2,2,0.00284,0.01556,0.9816
18884015,2,2,0.00207,0.00722,0.99071
31644219,2,2,0.00216,0.01148,0.98636
5180809,2,2,0.00287,0.00816,0.98897
23007864,2,2,0.00239,0.02005,0.97756
19485852,2,2,0.00221,0.01795,0.97984
9495357,2,2,0.01705,0.07376,0.90919
27762710,2,2,0.00241,0.00896,0.98862
33144525,2,2,0.00133,0.00966,0.98901
18336247,2,2,0.00401,0.01433,0.98165
27736168,2,2,0.08975,0.24708,0.66317
36123990,2,2,0.00111,0.00669,0.99221
8315582,2,2,0.00138,0.00754,0.99108
25893068,2,1,0.05594,0.64519,0.29887
30216744,2,2,0.0042,0.0302,0.9656
23916300,2,2,0.00318,0.01202,0.9848
21808488,2,2,0.00201,0.00537,0.99262
7554330,2,2,0.00166,0.00663,0.99171
10391767,2,2,0.00289,0.01568,0.98143
12971947,2,1,0.07971,0.88068,0.03961
8403299,2,2,0.00671,0.16718,0.82611
30803473,2,2,0.00172,0.00482,0.99346
35959215,2,2,0.00174,0.00586,0.9924
26687776,2,2,0.02691,0.19273,0.78035
13343125,2,2,0.00246,0.02044,0.9771
41206430,2,2,0.00185,0.00969,0.98846
5198401,2,2,0.00571,0.03378,0.96051
27028086,2,2,0.00147,0.0086,0.98994
10033522,2,2,0.0078,0.04022,0.95198
22767560,2,2,0.007,0.08986,0.90314
3764215,2,2,0.00197,0.00817,0.98986
16425495,2,2,0.00254,0.00463,0.99283
29881350,2,2,0.00149,0.01051,0.988
41279352,2,2,0.00355,0.01183,0.98462
9418210,2,2,0.00152,0.00521,0.99327
203270,2,2,0.00444,0.02095,0.97461
23158465,2,2,0.007,0.10411,0.88889
31274570,2,2,0.00209,0.01212,0.98579
32530520,2,2,0.00281,0.01324,0.98396
29936345,2,2,0.00497,0.00922,0.9858
1053329,2,2,0.00188,0.00999,0.98813
31494943,2,1,0.3828,0.60224,0.01496
10052435,2,1,0.04882,0.75179,0.1994
31297954,2,2,0.00383,0.03016,0.96602
29307355,2,2,0.02852,0.06315,0.90832
12745292,2,2,0.00188,0.00999,0.98813
11770447,2,2,0.00267,0.0335,0.96383
37060434,2,2,0.00727,0.02577,0.96696
29773772,2,2,0.00388,0.01678,0.97934
28383547,2,2,0.00559,0.02466,0.96975
14840551,2,2,0.00199,0.02939,0.96862
39546272,2,2,0.00404,0.03749,0.95847
17317772,2,2,0.01296,0.01218,0.97486
12224040,2,2,0.04262,0.23085,0.72652
12125081,2,2,0.04776,0.46031,0.49192
20742581,2,1,0.07702,0.88666,0.03631
40741353,2,2,0.00224,0.00652,0.99124
39305962,2,2,0.00131,0.00936,0.98932
15640566,2,2,0.01246,0.17958,0.80796
41183681,2,2,0.00256,0.011,0.98644
10545961,2,2,0.03783,0.47545,0.48672
25965720,2,2,0.00213,0.00943,0.98844
22216844,2,2,0.00378,0.01078,0.98544
1581443,2,2,0.00534,0.05391,0.94075
28946660,2,2,0.00142,0.007,0.99158
22194794,2,2,0.00215,0.01274,0.9851
5796516,2,2,0.00197,0.01092,0.98711
20700906,2,2,0.0082,0.12834,0.86345
8451253,2,2,0.02991,0.10269,0.8674
28564680,2,2,0.00216,0.01055,0.98729
35931690,2,1,0.03891,0.87871,0.08237
25922543,2,2,0.00227,0.0091,0.98863
39107108,2,2,0.00212,0.01126,0.98661
17881046,2,2,0.00152,0.00467,0.99381
36018347,2,2,0.04258,0.34149,0.61594
21876559,2,2,0.00233,0.01144,0.98623
23430517,2,0,0.54454,0.18098,0.27448
11693009,2,2,0.00732,0.04823,0.94445
37651988,2,2,0.00237,0.01153,0.98611
17103693,2,2,0.00178,0.0157,0.98252
20616437,2,2,0.07518,0.18606,0.73876
40000404,2,2,0.01737,0.04151,0.94112
35036915,2,2,0.00207,0.00705,0.99088
37067422,2,2,0.01286,0.09923,0.8879
10616738,2,2,0.02306,0.04127,0.93567
37373566,2,2,0.00628,0.0176,0.97612
11076789,2,2,0.39923,0.19841,0.40236
6578014,2,2,0.02997,0.07345,0.89658
37957274,2,2,0.00182,0.00768,0.99049
21227321,2,2,0.00262,0.02032,0.97706
14252025,2,2,0.00257,0.00792,0.98951
23645456,2,2,0.00159,0.00388,0.99453
14540900,2,2,0.00163,0.01105,0.98732
29819633,2,0,0.57644,0.31525,0.10831
38895401,2,2,0.00242,0.00678,0.9908
37825369,2,2,0.00164,0.00429,0.99407
16276626,2,1,0.31229,0.65855,0.02916
23987628,2,2,0.00468,0.03183,0.96349
33330429,2,2,0.00881,0.01223,0.97897
37719035,2,2,0.0025,0.00618,0.99133
7958938,2,2,0.19793,0.39594,0.40613
11308786,2,2,0.00449,0.02644,0.96907
733933,2,2,0.00381,0.01949,0.9767
14093111,2,2,0.00287,0.0071,0.99003
41176046,2,2,0.00288,0.01793,0.97918
432461,2,2,0.0027,0.00721,0.99009
38213263,2,2,0.00515,0.02797,0.96688
23339000,2,2,0.00496,0.04955,0.94549
4281114,2,2,0.01215,0.03042,0.95744
13864893,2,2,0.08466,0.1725,0.74284
37309824,2,2,0.00231,0.007,0.9907
5349320,2,2,0.00216,0.01071,0.98713
41020360,2,2,0.17813,0.13968,0.68219
23461797,2,2,0.00174,0.00795,0.9903
11737541,2,2,0.00265,0.02314,0.97421
2559923,2,2,0.00344,0.02802,0.96854
1174287,2,2,0.00154,0.00572,0.99274
18344254,2,1,0.03784,0.56479,0.39738
24565930,2,2,0.00453,0.03189,0.96357
16273975,2,2,0.00991,0.13895,0.85115
40790924,2,2,0.00177,0.00856,0.98967
20920456,2,1,0.03642,0.49496,0.46862
19841982,2,2,0.00285,0.01413,0.98302
20168603,2,2,0.00867,0.0498,0.94153
20725489,2,2,0.00511,0.07937,0.91551
997774,2,2,0.00245,0.02565,0.9719
3263006,2,1,0.25939,0.37392,0.36669
12189916,2,2,0.00131,0.00911,0.98957
19038385,2,2,0.00922,0.0508,0.93998
35207474,2,2,0.00242,0.0071,0.99048
24830858,2,2,0.00189,0.00576,0.99235
30821195,2,2,0.00835,0.05641,0.93524
36817644,2,0,0.78,0.20668,0.01332
17311837,2,2,0.01567,0.30747,0.67685
33197491,2,2,0.00595,0.03974,0.95432
38339673,2,2,0.00242,0.0075,0.99008
11161873,2,1,0.06079,0.83918,0.10003
4035412,2,2,0.00919,0.02401,0.9668
12867359,2,2,0.00169,0.00722,0.99109
29760884,2,2,0.00562,0.06408,0.9303
33051014,2,2,0.00177,0.00762,0.99061
17447455,2,2,0.01665,0.11601,0.86734
5859219,2,2,0.0014,0.00894,0.98966
14850738,2,2,0.00253,0.00762,0.98985
25539366,2,2,0.00276,0.01376,0.98348
23404699,2,2,0.01081,0.02326,0.96593
15511178,2,2,0.00189,0.00559,0.99253
8077668,2,2,0.00149,0.00542,0.99309
21724217,2,2,0.00375,0.01827,0.97798
6974025,2,2,0.0036,0.01323,0.98317
21817113,2,2,0.00217,0.02337,0.97447
6422018,2,2,0.00399,0.04867,0.94733
1389097,2,2,0.03086,0.40486,0.56429
13589859,2,2,0.00721,0.03373,0.95906
14424825,2,2,0.00278,0.03881,0.95841
18173979,2,1,0.03341,0.82218,0.14442
9474491,2,2,0.00161,0.00711,0.99128
423966,2,2,0.01047,0.11795,0.87158
14267718,2,1,0.22126,0.4269,0.35184
14270150,2,2,0.00169,0.00827,0.99004
5997012,2,0,0.4359,0.17716,0.38694
7450325,2,2,0.00374,0.00641,0.98984
5673357,2,2,0.00611,0.04302,0.95087
30556070,2,2,0.00343,0.01502,0.98155
26937019,2,2,0.00614,0.02455,0.96931
30282805,2,2,0.00114,0.00993,0.98893
5439340,2,2,0.00186,0.01924,0.9789
34810323,2,2,0.00238,0.00836,0.98926
10595744,2,2,0.00142,0.00722,0.99136
37970360,2,2,0.00351,0.02307,0.97342
21585088,2,2,0.07979,0.30232,0.61789
40793593,2,1,0.18578,0.54073,0.27349
40233644,2,2,0.00283,0.02079,0.97639
27859417,2,1,0.04352,0.64962,0.30686
935455,2,2,0.00236,0.01521,0.98243
38613021,2,2,0.0018,0.00497,0.99323
30320314,2,2,0.02575,0.0379,0.93635
728348,2,2,0.00266,0.01959,0.97775
14859455,2,2,0.00515,0.05777,0.93708
3067324,2,2,0.00203,0.00958,0.98839
3633677,2,2,0.0066,0.00645,0.98696
22272265,2,2,0.00154,0.00653,0.99193
19217468,2,2,0.00206,0.01084,0.9871
3253118,2,2,0.00167,0.00525,0.99308
34493623,2,2,0.00277,0.0113,0.98593
21532979,2,2,0.00234,0.00657,0.99108
33591609,2,2,0.00244,0.02799,0.96957
340015,2,2,0.00203,0.00859,0.98937
18089566,2,2,0.00159,0.0059,0.99251
33248354,2,2,0.00125,0.0084,0.99034
11878322,2,2,0.00905,0.12393,0.86702
943493,2,2,0.01326,0.08571,0.90103
26355811,2,2,0.00188,0.00999,0.98813
11285761,2,2,0.0033,0.0081,0.9886
29596022,2,2,0.00528,0.06361,0.93111
4865207,2,2,0.0058,0.06313,0.93107
19231943,2,2,0.00475,0.04696,0.94829
39895338,2,2,0.00237,0.01088,0.98675
27349528,2,0,0.67235,0.27701,0.05064
24564887,2,1,0.27223,0.68038,0.0474
29144694,2,2,0.00169,0.00609,0.99222
10494774,2,2,0.00905,0.04553,0.94541
2773286,2,2,0.00163,0.01325,0.98512
23336488,2,2,0.00165,0.01383,0.98452
8539494,2,2,0.00176,0.01093,0.98731
17121670,2,2,0.01489,0.19695,0.78815
39461322,2,2,0.00257,0.02526,0.97218
28357914,2,2,0.00949,0.0225,0.96801
9768056,2,2,0.00177,0.00643,0.9918
1886252,2,2,0.02687,0.08341,0.88973
3930950,2,2,0.00191,0.00689,0.9912
11033790,2,2,0.00177,0.00856,0.98967
18906750,2,2,0.00354,0.04625,0.95021
14562398,2,2,0.01571,0.05669,0.92759
38935529,2,2,0.00212,0.0125,0.98538
5304572,2,2,0.00771,0.00644,0.98586
12605667,2,2,0.00215,0.01431,0.98354
16313559,2,2,0.00545,0.01823,0.97631
20274987,2,2,0.00325,0.00642,0.99033
41277083,2,2,0.01779,0.04057,0.94163
39164605,2,2,0.00428,0.01128,0.98443
16951006,2,2,0.00636,0.01152,0.98211
8601852,2,2,0.07359,0.39318,0.53323
28306689,2,2,0.00203,0.02603,0.97194
8819202,2,2,0.05065,0.32262,0.62674
8431240,2,2,0.00162,0.0046,0.99378
6340819,2,2,0.00257,0.00896,0.98847
40936081,2,2,0.00151,0.00745,0.99104
29688137,2,0,0.4946,0.44859,0.05681
15913309,2,2,0.00281,0.01313,0.98406
32869028,2,0,0.48767,0.24811,0.26422
11369048,2,2,0.00172,0.00705,0.99123
1851696,2,1,0.30144,0.42324,0.27532
10971193,2,2,0.002,0.01149,0.98652
26325484,2,2,0.0036,0.02921,0.96719
25599114,2,2,0.00338,0.01445,0.98217
40988362,2,2,0.00361,0.02596,0.97043
2162023,2,2,0.00219,0.01109,0.98672
11739501,2,1,0.0652,0.52911,0.40569
12113971,2,2,0.00456,0.01172,0.98372
3408277,2,0,0.44978,0.44628,0.10395
7658033,2,2,0.00132,0.00614,0.99255
7715222,2,2,0.00195,0.01761,0.98044
19839776,2,2,0.00283,0.02205,0.97512
29647440,2,2,0.0021,0.00533,0.99256
2320283,2,1,0.29587,0.41451,0.28962
15906008,2,2,0.00186,0.02113,0.97702
22055016,2,2,0.00147,0.0055,0.99303
29962555,2,2,0.00211,0.01707,0.98081
34824146,2,2,0.00128,0.00695,0.99178
13451156,2,1,0.31941,0.65538,0.02521
30316140,2,2,0.00207,0.0055,0.99243
36807412,2,1,0.13522,0.77815,0.08663
12840289,2,2,0.00245,0.00792,0.98963
20766604,2,2,0.00872,0.26508,0.7262
31456341,2,2,0.00208,0.01714,0.98078
29009196,2,2,0.00199,0.01285,0.98516
4478695,2,2,0.17758,0.1652,0.65722
8906338,2,2,0.002,0.00727,0.99072
5635675,2,0,0.50438,0.47754,0.01809
11642564,2,2,0.01037,0.19114,0.79849
4166970,2,2,0.00217,0.00658,0.99126
36332783,2,2,0.00299,0.02922,0.96779
22463807,2,2,0.01224,0.10266,0.8851
32669556,2,2,0.0019,0.01236,0.98574
8468531,2,2,0.00448,0.01342,0.9821
41484404,2,2,0.00386,0.03764,0.9585
23684391,2,2,0.00319,0.02481,0.97199
32926629,2,2,0.00444,0.03586,0.9597
35286831,2,2,0.00209,0.01027,0.98764
20069900,2,2,0.00147,0.00595,0.99258
25992483,2,2,0.00246,0.00567,0.99187
35438313,2,2,0.00451,0.02135,0.97413
11767570,2,2,0.00191,0.00911,0.98898
9875147,2,2,0.00527,0.01295,0.98177
22686110,2,2,0.00472,0.00821,0.98707
30715383,2,2,0.00221,0.01964,0.97815
38047291,2,2,0.00235,0.00608,0.99157
41262779,2,2,0.00526,0.00708,0.98765
6574812,2,2,0.00742,0.01263,0.97995
18901609,2,1,0.02994,0.48693,0.48314
9883451,2,2,0.00353,0.01827,0.9782
34826424,2,2,0.00249,0.02253,0.97498
2138024,2,2,0.00203,0.00988,0.98809
4691576,2,2,0.00636,0.01274,0.9809
24329789,2,2,0.00168,0.01019,0.98812
33336319,2,2,0.00466,0.03598,0.95936
36625800,2,2,0.00159,0.00638,0.99203
20249158,2,1,0.08396,0.48126,0.43478
36342007,2,2,0.00401,0.01596,0.98003
37858870,2,2,0.00311,0.01988,0.97701
18739485,2,2,0.00724,0.04427,0.94848
39067826,2,1,0.04134,0.72715,0.23151
21530225,2,2,0.00567,0.02504,0.96929
35381583,2,2,0.00621,0.07245,0.92134
15517061,2,1,0.10406,0.54735,0.3486
19698138,2,2,0.00355,0.01307,0.98338
17756284,2,2,0.00183,0.00572,0.99245
38511899,2,2,0.02589,0.39404,0.58008
19034328,2,2,0.00449,0.12622,0.86929
1173138,2,2,0.1179,0.17105,0.71105
5639977,2,2,0.00191,0.00836,0.98972
20070930,2,2,0.00401,0.03079,0.96521
36698410,2,2,0.00167,0.0041,0.99424
14570662,2,2,0.00253,0.0091,0.98837
24869432,2,2,0.0024,0.01557,0.98204
3505174,2,2,0.09924,0.40654,0.49422
38837395,2,2,0.00304,0.01062,0.98634
18795527,2,2,0.00416,0.06894,0.9269
30344423,2,1,0.12419,0.75187,0.12394
10080551,2,2,0.00381,0.01848,0.97771
5122745,2,2,0.0024,0.0124,0.98519
19512288,2,2,0.0019,0.01448,0.98363
25611095,2,2,0.00132,0.00684,0.99184
18752658,2,2,0.00228,0.01986,0.97786
25202921,2,2,0.00154,0.00628,0.99218
34142102,2,2,0.00924,0.18423,0.80653
18295930,2,2,0.00237,0.01226,0.98537
28769264,2,2,0.0014,0.00926,0.98935
37677175,2,2,0.00341,0.01996,0.97663
21310759,2,2,0.00127,0.00877,0.98996
18318631,2,2,0.00169,0.00509,0.99322
6719065,2,2,0.00797,0.0115,0.98053
12320804,2,2,0.00172,0.00546,0.99282
12841603,2,2,0.00255,0.0143,0.98315
6239747,2,2,0.00271,0.01836,0.97894
6492535,2,0,0.64439,0.34762,0.00799
12537056,2,2,0.00133,0.01035,0.98831
26535653,2,2,0.00286,0.00991,0.98723
35083020,2,2,0.08463,0.39287,0.5225
33569290,2,2,0.00244,0.01184,0.98572
9567631,2,2,0.00249,0.00804,0.98947
27222638,2,1,0.14324,0.7804,0.07637
16416141,2,2,0.00198,0.00542,0.99261
22902542,2,2,0.0014,0.00674,0.99186
37967437,2,2,0.00188,0.00873,0.98939
19890167,2,2,0.01415,0.37947,0.60638
12207765,2,2,0.0141,0.10648,0.87942
6236601,2,2,0.0024,0.02989,0.96772
9764571,2,2,0.00139,0.01172,0.98689
29456553,2,2,0.00229,0.01269,0.98501
21608275,2,2,0.00348,0.03151,0.96501
13594097,2,1,0.13505,0.73582,0.12912
15940646,2,2,0.00561,0.03643,0.95797
32073507,2,2,0.00668,0.01687,0.97645
16477940,2,2,0.02731,0.32124,0.65145
2575041,2,1,0.07768,0.76639,0.15593
34503119,2,2,0.00224,0.00563,0.99213
32651683,2,2,0.01375,0.09462,0.89163
35538104,2,2,0.01472,0.0532,0.93208
19985947,2,2,0.01142,0.123,0.86558
14377003,2,2,0.01296,0.0644,0.92264
41319221,2,2,0.00282,0.01046,0.98673
37427721,2,2,0.00269,0.00991,0.9874
23711152,2,2,0.00262,0.02067,0.97671
12309249,2,2,0.0026,0.02564,0.97175
24619945,2,2,0.00436,0.0534,0.94223
21192816,2,2,0.00238,0.02079,0.97682
3113887,2,2,0.0042,0.01602,0.97978
245476,2,2,0.00782,0.12993,0.86226
19671641,2,2,0.00702,0.02146,0.97151
9059292,2,2,0.00356,0.00982,0.98662
34148430,2,2,0.05576,0.41523,0.52901
27916381,2,2,0.00231,0.01897,0.97871
19910699,2,2,0.00147,0.00643,0.9921
34350736,2,2,0.00188,0.00873,0.98939
19367248,2,2,0.00185,0.01122,0.98693
5131547,2,2,0.00225,0.01774,0.98001
19510549,2,2,0.00892,0.08141,0.90967
27398382,2,2,0.00177,0.00954,0.98869
4601448,2,1,0.07394,0.87643,0.04964
4042783,2,1,0.13232,0.61903,0.24865
30650522,2,2,0.00194,0.00727,0.99078
8690898,2,2,0.00149,0.00513,0.99337
779211,2,2,0.00422,0.0112,0.98459
9715160,2,2,0.00537,0.01076,0.98387
13577489,2,2,0.00156,0.00599,0.99244
40566498,2,2,0.04343,0.3234,0.63318
15169215,2,2,0.00172,0.00546,0.99282
26840987,2,2,0.00346,0.02162,0.97492
17413324,2,2,0.00152,0.00501,0.99347
3909261,2,2,0.00369,0.01957,0.97674
39468186,2,2,0.00277,0.02584,0.97139
32897250,2,2,0.00295,0.01104,0.98601
40858026,2,2,0.00147,0.00577,0.99276
9311885,2,2,0.00482,0.0102,0.98498
28126896,2,0,0.68927,0.28733,0.0234
21909349,2,1,0.07446,0.87233,0.05321
14465858,2,1,0.139,0.78062,0.08037
7152943,2,1,0.04084,0.69076,0.2684
1413940,2,2,0.00329,0.02505,0.97166
15688293,2,2,0.00738,0.02538,0.96724
38691532,2,2,0.00732,0.10609,0.88659
7242796,2,2,0.00396,0.01086,0.98518
7146296,2,2,0.00193,0.01436,0.98371
37832391,2,2,0.00133,0.0094,0.98927
4309584,2,2,0.00307,0.01617,0.98076
39181308,2,0,0.80157,0.171,0.02743
838564,2,2,0.01121,0.09823,0.89056
12615830,2,2,0.00305,0.00938,0.98757
271613,2,0,0.35712,0.29198,0.3509
5221579,2,2,0.00207,0.00722,0.99071
11780554,2,2,0.00295,0.01074,0.98631
25963413,2,2,0.00188,0.00658,0.99154
30182950,2,2,0.00265,0.00876,0.98859
35707195,2,2,0.00194,0.00805,0.99001
4479341,2,2,0.00186,0.01891,0.97923
14464059,2,2,0.00376,0.04719,0.94905
27060034,2,2,0.01704,0.34358,0.63938
29401037,2,2,0.00375,0.01827,0.97798
3075400,2,2,0.00318,0.01375,0.98307
26263648,2,2,0.00145,0.00595,0.9926
25423618,2,2,0.00293,0.01842,0.97865
11878505,2,1,0.15734,0.80611,0.03654
17450853,2,2,0.00196,0.01539,0.98265
7551042,2,2,0.00129,0.00787,0.99084
31947015,2,2,0.00166,0.00817,0.99017
15563757,2,2,0.00197,0.00768,0.99035
14805231,2,2,0.00245,0.00842,0.98912
11188201,2,2,0.00236,0.01636,0.98128
5997013,2,2,0.00346,0.02138,0.97516
15043894,2,2,0.05552,0.23012,0.71437
34720077,2,2,0.00365,0.01609,0.98026
33878996,2,2,0.03795,0.466,0.49605
30922470,2,2,0.03812,0.39726,0.56462
35734509,2,2,0.00213,0.00811,0.98976
25065780,2,2,0.01275,0.18592,0.80133
15020783,2,2,0.00159,0.00653,0.99188
11375619,2,2,0.00177,0.00722,0.99101
26057961,2,2,0.00181,0.0131,0.98509
9474510,2,2,0.00954,0.17108,0.81938
41584785,2,2,0.00124,0.00643,0.99233
8676151,2,2,0.0023,0.00849,0.9892
10105397,2,2,0.00216,0.00823,0.9896
28975081,2,2,0.00174,0.00633,0.99193
13297806,2,2,0.00147,0.00568,0.99285
475032,2,2,0.00261,0.00756,0.98983
12786573,2,2,0.01015,0.13117,0.85868
11514625,2,2,0.0355,0.12424,0.84026
32298622,2,2,0.00226,0.01221,0.98553
37229912,2,2,0.00142,0.00581,0.99276
6373452,2,2,0.01961,0.04283,0.93755
30634372,2,2,0.00209,0.00988,0.98803
18599971,2,2,0.00401,0.01467,0.98132
28841623,2,2,0.00305,0.02313,0.97382
11178637,2,2,0.03447,0.20507,0.76045
19530952,2,2,0.00288,0.01951,0.97761
9983683,2,1,0.2078,0.47658,0.31562
24514756,2,2,0.00104,0.00766,0.9913
10938585,2,2,0.00391,0.02342,0.97267
24770632,2,2,0.00623,0.06936,0.92441
22170136,2,2,0.00238,0.00657,0.99104
37985733,2,2,0.05557,0.05801,0.88642
26971355,2,2,0.00303,0.01318,0.98378
11939866,2,2,0.00755,0.04944,0.94301
35756382,2,2,0.00159,0.00728,0.99114
17352361,2,2,0.00482,0.03165,0.96353
12034264,2,1,0.06394,0.74908,0.18698
39768696,2,2,0.00334,0.02472,0.97194
24122543,2,2,0.00994,0.0521,0.93796
27654028,2,2,0.00464,0.02349,0.97187
7562173,2,2,0.02993,0.05336,0.91671
32468417,2,2,0.00478,0.099,0.89623
28307291,2,2,0.00185,0.01189,0.98626
32237121,2,2,0.00213,0.01039,0.98749
23355660,2,2,0.00223,0.00866,0.98911
10486568,2,2,0.00149,0.00827,0.99024
29840227,2,2,0.00131,0.00815,0.99054
13795871,2,1,0.06836,0.81352,0.11812
22054182,2,2,0.00164,0.00623,0.99213
11649098,2,2,0.00186,0.00493,0.99321
32946382,2,2,0.00152,0.00505,0.99343
37105018,2,2,0.0013,0.00468,0.99403
9706355,2,2,0.00194,0.0088,0.98926
30826365,2,2,0.00146,0.00966,0.98888
5434518,2,2,0.01345,0.05124,0.93531
37582578,2,2,0.02706,0.09058,0.88236
32943236,2,2,0.00252,0.02746,0.97002
16642086,2,2,0.00142,0.00863,0.98995
8596285,2,2,0.00583,0.10117,0.89299
32043158,2,2,0.00206,0.0133,0.98465
41511940,2,2,0.17478,0.17581,0.6494
25794996,2,2,0.00289,0.01365,0.98346
40412772,2,2,0.00527,0.02217,0.97257
15402808,2,2,0.00163,0.00969,0.98867
12285310,2,2,0.00419,0.01684,0.97896
17980531,2,2,0.00877,0.17682,0.81441
10697053,2,2,0.0046,0.01783,0.97757
23081369,2,2,0.00614,0.08323,0.91064
35769738,2,2,0.00191,0.00774,0.99035
25945700,2,2,0.00217,0.0075,0.99033
14171713,2,2,0.02888,0.45525,0.51587
22148335,2,2,0.00357,0.0364,0.96003
26987095,2,2,0.00377,0.01307,0.98315
14444649,2,2,0.02525,0.02709,0.94765
3580403,2,2,0.04243,0.15078,0.80679
4962412,2,2,0.00157,0.01647,0.98196
37036880,2,2,0.00177,0.00876,0.98947
15148586,2,2,0.00241,0.01079,0.9868
23682271,2,2,0.03364,0.02471,0.94166
39963094,2,1,0.03663,0.60054,0.36283
38868461,2,2,0.00382,0.00785,0.98833
26306706,2,2,0.00217,0.0078,0.99004
23115031,2,2,0.00172,0.00648,0.99181
37135881,2,2,0.00377,0.0149,0.98133
34720963,2,2,0.00249,0.00804,0.98947
32248557,2,2,0.00473,0.02103,0.97425
18736764,2,2,0.00901,0.11452,0.87647
2699026,2,2,0.00168,0.00947,0.98885
34183105,2,2,0.00172,0.00446,0.99382
25732797,2,2,0.00333,0.01323,0.98344
40365043,2,2,0.0014,0.00818,0.99042
13147652,2,1,0.08427,0.79335,0.12238
24224186,2,2,0.00223,0.00995,0.98782
23686440,2,2,0.00674,0.0317,0.96156
7974348,2,2,0.00237,0.01153,0.98611
8027154,2,2,0.00295,0.01121,0.98584
30548647,2,2,0.00845,0.04455,0.947
9051424,2,0,0.79641,0.18843,0.01517
6882736,2,2,0.00296,0.00727,0.98977
30368092,2,1,0.34976,0.60197,0.04827
39954939,2,1,0.05712,0.75244,0.19043
39030189,2,2,0.02228,0.02299,0.95474
23386248,2,2,0.00291,0.02239,0.97469
24264692,2,2,0.00188,0.0078,0.99032
16314882,2,2,0.00276,0.02945,0.96779
16464893,2,2,0.002,0.00716,0.99083
30660913,2,1,0.04993,0.54956,0.4005
25013805,2,2,0.01385,0.10866,0.87749
5029589,2,2,0.00287,0.00637,0.99076
25203114,2,0,0.57443,0.31972,0.10585
41167953,2,2,0.00263,0.01503,0.98233
13859481,2,2,0.00282,0.00829,0.98889
1213120,2,2,0.00374,0.05177,0.94449
32616537,2,1,0.11876,0.83655,0.04468
29685136,2,2,0.00212,0.01294,0.98494
19323435,2,2,0.01035,0.07277,0.91688
37274974,2,2,0.00266,0.00647,0.99087
1247995,2,2,0.00295,0.00931,0.98773
17205987,2,2,0.02318,0.03619,0.94063
25302511,2,2,0.01386,0.26978,0.71636
33358271,2,2,0.00122,0.00468,0.9941
3402598,2,2,0.00758,0.1822,0.81022
27299054,2,2,0.00863,0.11105,0.88032
24990894,2,2,0.00454,0.01577,0.97969
22085052,2,2,0.00195,0.00567,0.99238
36700903,2,2,0.09212,0.16615,0.74173
22605241,2,2,0.00177,0.00555,0.99268
28063124,2,2,0.00571,0.03359,0.9607
9481272,2,1,0.42503,0.55003,0.02493
14114049,2,1,0.10182,0.84421,0.05397
2636975,2,2,0.00343,0.01479,0.98178
18060323,2,2,0.00261,0.02323,0.97416
12331603,2,2,0.00227,0.00689,0.99084
13571923,2,2,0.00238,0.00774,0.98988
40568566,2,2,0.00253,0.00716,0.99031
15598547,2,2,0.002,0.00811,0.98989
6795445,2,2,0.00209,0.01304,0.98487
38645569,2,2,0.00227,0.0055,0.99223
18432356,2,2,0.00242,0.00774,0.98985
16008466,2,2,0.00274,0.0202,0.97706
14344228,2,2,0.00769,0.02378,0.96853
2834517,2,2,0.00616,0.06502,0.92882
23075817,2,0,0.59679,0.39139,0.01182
6222045,2,2,0.00185,0.01027,0.98788
28662597,2,2,0.00253,0.00756,0.98991
19827144,2,2,0.00179,0.01285,0.98537
12142770,2,2,0.00188,0.00745,0.99067
15657895,2,2,0.00227,0.0095,0.98823
39998290,2,2,0.01343,0.06682,0.91975
27911093,2,2,0.00241,0.00862,0.98896
9420391,2,2,0.00149,0.00679,0.99172
20044590,2,2,0.00161,0.00908,0.98932
31766910,2,2,0.003,0.0096,0.9874
25171223,2,2,0.00367,0.0112,0.98513
39782353,2,2,0.003,0.03963,0.95737
38269647,2,2,0.00122,0.00517,0.99361
832940,2,2,0.00225,0.01727,0.98048
22136971,2,2,0.00304,0.0105,0.98646
22045770,2,2,0.04046,0.26437,0.69517
37252820,2,2,0.00352,0.03619,0.96029
36002705,2,2,0.01723,0.04214,0.94063
28278222,2,2,0.00274,0.00662,0.99064
38201631,2,2,0.15093,0.1883,0.66077
34653180,2,2,0.00151,0.00668,0.9918
538192,2,2,0.00128,0.00581,0.99291
26517405,2,2,0.0076,0.10046,0.89194
18535756,2,2,0.00166,0.0078,0.99054
18930269,2,2,0.00206,0.01126,0.98668
31378411,2,2,0.00506,0.07507,0.91987
10717746,2,2,0.00161,0.00653,0.99186
10624084,2,2,0.00212,0.01314,0.98474
31053712,2,2,0.0029,0.01062,0.98647
13100804,2,2,0.00182,0.0089,0.98928
30357618,2,1,0.11691,0.75344,0.12966
29409628,2,2,0.00339,0.02734,0.96928
35880,2,2,0.01364,0.0449,0.94146
32344761,2,2,0.0429,0.11542,0.84168
10159311,2,2,0.00175,0.016,0.98225
8792087,2,2,0.0021,0.00811,0.98979
33211407,2,2,0.00999,0.02521,0.9648
20162553,2,2,0.00207,0.00853,0.98941
33543741,2,2,0.00145,0.00529,0.99326
5013092,2,2,0.00438,0.02087,0.97475
3447581,2,2,0.00273,0.02623,0.97104
5062480,2,2,0.00464,0.03934,0.95602
6578252,2,2,0.00249,0.00786,0.98965
9188708,2,2,0.00136,0.00509,0.99355
12236565,2,2,0.00459,0.03446,0.96095
20105288,2,2,0.00161,0.00663,0.99176
2049008,2,2,0.00654,0.00783,0.98564
32761085,2,0,0.5355,0.1333,0.3312
14387077,2,2,0.00298,0.01693,0.98009
9414175,2,2,0.00631,0.10042,0.89327
27455252,2,2,0.00352,0.03619,0.96029
3547115,2,2,0.00403,0.02561,0.97036
15053521,2,2,0.00226,0.01131,0.98643
30195568,2,2,0.00257,0.00673,0.9907
34088804,2,2,0.00455,0.04281,0.95264
25883884,2,2,0.00686,0.02147,0.97167
15400657,2,2,0.04433,0.42393,0.53173
26717139,2,2,0.00172,0.00409,0.99418
18385541,2,2,0.00343,0.01468,0.98189
11605350,2,2,0.00451,0.00646,0.98903
428729,2,2,0.00857,0.01677,0.97466
22111452,2,2,0.00144,0.00793,0.99063
22076046,2,2,0.00246,0.00683,0.99071
38999327,2,1,0.0809,0.85967,0.05942
36296405,2,2,0.00361,0.01025,0.98614
9548284,2,2,0.00721,0.06346,0.92933
34301965,2,2,0.00219,0.01047,0.98734
39730665,2,2,0.00557,0.02785,0.96658
18311536,2,2,0.01794,0.09721,0.88485
23666496,2,2,0.04205,0.4084,0.54956
33128783,2,2,0.0012,0.00517,0.99363
8794812,2,2,0.00204,0.00563,0.99233
8044742,2,2,0.00164,0.00623,0.99213
33557240,2,0,0.77592,0.21546,0.00862
22470226,2,2,0.00341,0.05072,0.94587
8784886,2,2,0.04298,0.23008,0.72694
40297170,2,2,0.00187,0.01189,0.98623
37107208,2,2,0.00177,0.00628,0.99195
1882967,2,2,0.00177,0.00648,0.99175
19632655,2,2,0.0198,0.24884,0.73137
21648477,2,2,0.00356,0.01053,0.98591
12208579,2,2,0.00295,0.01197,0.98508
36811864,2,0,0.60273,0.36557,0.03169
8765646,2,2,0.00278,0.00855,0.98867
31276525,2,2,0.00571,0.10664,0.88765
17031429,2,2,0.00237,0.01153,0.98611
12014903,2,2,0.00336,0.01958,0.97706
3167320,2,2,0.05515,0.16548,0.77937
9112040,2,2,0.00314,0.0412,0.95566
26843024,2,0,0.46608,0.3864,0.14752
1048074,2,1,0.19119,0.78936,0.01945
34502862,2,2,0.0089,0.01716,0.97394
13570810,2,2,0.00545,0.03315,0.96139
23017438,2,2,0.00282,0.00823,0.98895
36452487,2,2,0.00216,0.02698,0.97086
1320338,2,1,0.15073,0.77674,0.07253
10988334,2,2,0.00614,0.06812,0.92574
37387293,2,2,0.00773,0.03409,0.95818
33690722,2,2,0.00783,0.02136,0.97081
32075472,2,2,0.00174,0.00559,0.99267
12867356,2,2,0.00186,0.02195,0.9762
25531155,2,2,0.01481,0.01772,0.96747
30173761,2,0,0.90444,0.0915,0.00406
36973979,2,2,0.00208,0.01493,0.98299
16566158,2,2,0.08491,0.04405,0.87104
23943108,2,2,0.00266,0.01893,0.97841
22257921,2,2,0.00151,0.01181,0.98669
22797301,2,2,0.00291,0.02274,0.97435
10200715,2,2,0.00447,0.01584,0.9797
1228964,2,1,0.08996,0.66213,0.24791
8718710,2,2,0.00258,0.00576,0.99166
657657,2,2,0.00802,0.02064,0.97134
15529098,2,2,0.0014,0.00595,0.99265
26052320,2,2,0.00244,0.01207,0.98549
31533236,2,2,0.008,0.1886,0.8034
17872626,2,2,0.01309,0.10438,0.88253
20651903,2,2,0.00911,0.02411,0.96678
25441493,2,1,0.01979,0.82845,0.15176
26531726,2,2,0.00182,0.01135,0.98683
392325,2,2,0.0048,0.03652,0.95868
6686183,2,2,0.01453,0.06507,0.9204
21739683,2,2,0.00286,0.01079,0.98635
2562038,2,1,0.30127,0.60739,0.09134
29664480,2,2,0.02024,0.05623,0.92353
22012715,2,2,0.00172,0.00679,0.9915
10924124,2,2,0.01553,0.11635,0.86812
28559306,2,2,0.00213,0.00652,0.99134
37121927,2,2,0.0159,0.01541,0.96868
6490048,2,1,0.09119,0.8534,0.05542
41328030,2,2,0.00156,0.00834,0.9901
19377090,2,2,0.00218,0.01557,0.98225
9787079,2,2,0.00159,0.00529,0.99312
31768882,2,2,0.00139,0.01097,0.98763
36320330,2,2,0.0021,0.02141,0.97649
6016595,2,2,0.01047,0.11795,0.87158
29175961,2,2,0.03358,0.3378,0.62863
23478210,2,2,0.00177,0.00572,0.99251
3762166,2,2,0.02594,0.34568,0.62839
13298654,2,2,0.00154,0.0088,0.98967
24149163,2,2,0.00489,0.01119,0.98392
19086228,2,2,0.00182,0.0114,0.98678
16736861,2,2,0.00336,0.02146,0.97518
8553443,2,2,0.00327,0.01786,0.97888
30723216,2,2,0.00151,0.00695,0.99154
17903350,2,1,0.05226,0.73859,0.20914
9613774,2,2,0.00624,0.0073,0.98646
29591215,2,2,0.00251,0.01481,0.98268
36786158,2,2,0.00473,0.00488,0.99039
16824419,2,2,0.0041,0.0246,0.9713
36341225,2,2,0.00271,0.01815,0.97915
28657521,2,2,0.00151,0.00783,0.99065
16697608,2,2,0.00352,0.01913,0.97735
23896852,2,2,0.00149,0.00843,0.99008
40776706,2,2,0.00322,0.01712,0.97966
2888455,2,2,0.00167,0.01862,0.97971
15762241,2,2,0.00174,0.00599,0.99226
10230123,2,0,0.55965,0.2248,0.21555
7808246,2,2,0.00233,0.01255,0.98512
36574425,2,2,0.00185,0.01084,0.98731
8451166,2,2,0.06642,0.19099,0.74258
27442092,2,2,0.00188,0.00999,0.98813
37264740,2,2,0.18715,0.25957,0.55328
29832404,2,2,0.00295,0.00961,0.98744
4722418,2,1,0.28203,0.39705,0.32091
25900492,2,2,0.01415,0.04675,0.9391
36759747,2,2,0.00134,0.00653,0.99213
15200313,2,2,0.00378,0.05733,0.93889
38880693,2,2,0.00198,0.01983,0.97819
17746869,2,2,0.00212,0.01217,0.98571
1589927,2,2,0.00145,0.00559,0.99296
36167341,2,2,0.02643,0.0346,0.93897
31820475,2,2,0.01202,0.06946,0.91852
12327438,2,2,0.00191,0.01063,0.98746
12915368,2,2,0.02498,0.16067,0.81435
12235019,2,2,0.00168,0.01227,0.98605
14353323,2,2,0.00525,0.09877,0.89598
2748602,2,0,0.89636,0.08518,0.01846
8988333,2,2,0.0022,0.00563,0.99217
16552822,2,2,0.00841,0.07816,0.91343
41252597,2,2,0.00174,0.00853,0.98973
31034731,2,2,0.00504,0.02008,0.97489
37557619,2,2,0.00372,0.01317,0.98311
1286426,2,2,0.10934,0.29491,0.59574
35995092,2,2,0.0091,0.07681,0.91409
34305384,2,2,0.00416,0.00902,0.98682
20644814,2,1,0.02061,0.67181,0.30758
189569,2,1,0.10811,0.8671,0.02479
36509154,2,0,0.63371,0.19271,0.17359
28959198,2,2,0.00178,0.01415,0.98407
32019978,2,2,0.00319,0.01156,0.98525
24303772,2,2,0.00596,0.03774,0.9563
12575477,2,2,0.01178,0.06703,0.9212
36682923,2,2,0.18983,0.22433,0.58585
10792767,2,2,0.03771,0.08366,0.87863
11349423,2,2,0.00756,0.01758,0.97486
16218615,2,2,0.01063,0.07659,0.91278
31083270,2,2,0.00697,0.01323,0.97979
37348814,2,2,0.00543,0.02329,0.97128
5891533,2,2,0.00333,0.01359,0.98308
23051581,2,2,0.00279,0.02001,0.97721
38003619,2,2,0.00143,0.00521,0.99336
24076941,2,2,0.00253,0.0091,0.98837
7735432,2,2,0.00432,0.00944,0.98623
12813600,2,2,0.02046,0.0605,0.91904
21232922,2,2,0.02351,0.14135,0.83514
18321928,2,2,0.00335,0.0081,0.98855
4846409,2,2,0.00161,0.00739,0.991
24271137,2,2,0.00236,0.01425,0.98339
2019184,2,2,0.01372,0.05425,0.93203
25606508,2,2,0.00429,0.02488,0.97083
36808458,2,2,0.00136,0.00754,0.99111
38697840,2,2,0.00188,0.00999,0.98813
5222725,2,1,0.06925,0.66736,0.26339
31521648,2,2,0.00145,0.00586,0.9927
23928434,2,2,0.00327,0.03227,0.96446
33882125,2,1,0.10919,0.81949,0.07133
11994825,2,2,0.00238,0.00678,0.99084
6058209,2,2,0.00911,0.0395,0.95139
10517424,2,2,0.00149,0.00679,0.99172
18884013,2,2,0.00207,0.00722,0.99071
9513003,2,2,0.01019,0.043,0.9468
15075870,2,2,0.02089,0.04105,0.93806
29093411,2,2,0.00582,0.10296,0.89122
13424196,2,0,0.63637,0.35419,0.00944
23594412,2,2,0.00164,0.00802,0.99035
23167716,2,2,0.01156,0.26205,0.72639
13115402,2,2,0.02577,0.43593,0.5383
14659950,2,2,0.00193,0.01185,0.98622
7489911,2,2,0.00212,0.01414,0.98374
14483339,2,2,0.0037,0.04794,0.94837
24144395,2,2,0.00136,0.00586,0.99278
7757388,2,2,0.00318,0.01216,0.98466
8741887,2,2,0.00161,0.00581,0.99258
10709506,2,2,0.00329,0.0091,0.98761
34497463,2,0,0.67254,0.25929,0.06817
40230508,2,2,0.02017,0.01547,0.96436
130136,2,2,0.03208,0.29269,0.67523
14722268,2,2,0.00737,0.04201,0.95062
8765302,2,2,0.00212,0.01198,0.98589
18993629,2,2,0.00168,0.0131,0.98522
24917960,2,2,0.00191,0.00811,0.98998
15484878,2,1,0.18208,0.76062,0.05729
40358740,2,2,0.00158,0.00853,0.98988
11227015,2,2,0.00362,0.06829,0.92809
38095519,2,2,0.01339,0.21443,0.77218
2128331,2,2,0.00175,0.00513,0.99312
29177573,2,2,0.00207,0.00581,0.99212
7334514,2,2,0.00244,0.01475,0.98281
35994420,2,2,0.00177,0.00856,0.98967
15633105,2,2,0.00295,0.02482,0.97223
32253090,2,2,0.00453,0.0179,0.97757
15753788,2,2,0.00863,0.22687,0.7645
7672388,2,2,0.0021,0.00576,0.99213
1352466,2,2,0.00185,0.00745,0.9907
26941897,2,2,0.003,0.00791,0.98908
423962,2,2,0.00177,0.00856,0.98967
17981786,2,2,0.00987,0.01458,0.97555
31827512,2,2,0.00578,0.02149,0.97273
29400303,2,2,0.00349,0.01348,0.98302
4254073,2,2,0.00354,0.01434,0.98212
20208663,2,2,0.0036,0.00662,0.98979
16987678,2,2,0.19011,0.28396,0.52593
12773952,2,2,0.01923,0.01737,0.9634
27571973,2,2,0.19881,0.33622,0.46497
29995213,2,2,0.00329,0.00998,0.98673
25657571,2,2,0.00384,0.02706,0.9691
518180,2,2,0.01113,0.11849,0.87038
8960908,2,2,0.00197,0.0089,0.98913
14554262,2,2,0.04128,0.45971,0.49901
38903461,2,2,0.0032,0.03887,0.95794
14628887,2,2,0.03019,0.08063,0.88918
39985258,2,2,0.03308,0.15282,0.8141
32801406,2,2,0.00265,0.00882,0.98853
20336349,2,2,0.00222,0.01409,0.98369
38612631,2,2,0.00436,0.00944,0.9862
3194615,2,2,0.00254,0.0185,0.97896
10451173,2,2,0.03116,0.16519,0.80364
8128716,2,1,0.12718,0.52508,0.34774
19958125,2,2,0.01915,0.09351,0.88734
38744221,2,0,0.63184,0.29672,0.07145
114885,2,2,0.00176,0.01,0.98824
27826687,2,2,0.00138,0.00711,0.99151
37846221,2,2,0.00114,0.0059,0.99295
655520,2,2,0.017,0.04015,0.94285
35123946,2,2,0.00486,0.03926,0.95588
2661600,2,2,0.00171,0.00887,0.98942
18738529,2,2,0.00615,0.01398,0.97987
8498331,2,2,0.00136,0.00653,0.99211
25425639,2,2,0.00248,0.01319,0.98433
6660003,2,2,0.00385,0.02369,0.97246
10350824,2,2,0.00185,0.00836,0.98978
38965465,2,2,0.01134,0.02254,0.96612
18889407,2,2,0.00217,0.00585,0.99198
23888919,2,2,0.00151,0.00834,0.99015
39124617,2,2,0.00615,0.08095,0.9129
4817705,2,2,0.00263,0.03157,0.96581
27970134,2,2,0.0014,0.0106,0.98801
20578409,2,2,0.0015,0.01415,0.98435
7729106,2,2,0.00171,0.00762,0.99066
34438872,2,2,0.00188,0.0078,0.99032
18409425,2,2,0.00525,0.02524,0.96951
14624035,2,2,0.00281,0.02846,0.96873
13287907,2,2,0.00135,0.00904,0.9896
27168749,2,1,0.06311,0.85097,0.08592
17608298,2,2,0.00213,0.00727,0.99059
37181162,2,2,0.00445,0.01875,0.9768
39187852,2,2,0.11257,0.08284,0.80459
16744466,2,1,0.0227,0.54565,0.43165
15552982,2,2,0.00151,0.01012,0.98838
18381280,2,2,0.00305,0.0075,0.98945
11259867,2,2,0.00154,0.00595,0.99251
7781597,2,2,0.00173,0.01275,0.98552
16914694,2,2,0.00362,0.05328,0.9431
6600593,2,2,0.00375,0.01827,0.97798
29642236,2,2,0.00164,0.00771,0.99065
30627906,2,2,0.00448,0.01352,0.982
32732578,2,2,0.00169,0.00653,0.99178
26481794,2,2,0.00185,0.00887,0.98928
34744927,2,2,0.17307,0.30211,0.52482
37207565,2,2,0.00297,0.01752,0.9795
30628253,2,1,0.03917,0.67814,0.28269
31816081,2,1,0.06615,0.8512,0.08265
17673583,2,2,0.00134,0.00577,0.99289
5285455,2,2,0.00184,0.01476,0.9834
13577079,2,2,0.00228,0.01649,0.98122
4157131,2,2,0.00248,0.01294,0.98458
4486119,2,2,0.0013,0.00471,0.99399
27048368,2,2,0.00259,0.01556,0.98185
16240040,2,1,0.12177,0.81444,0.06379
13997825,2,2,0.00252,0.01329,0.98419
34485541,2,2,0.00391,0.00848,0.98761
10230877,2,2,0.00214,0.02132,0.97654
10173561,2,2,0.00243,0.01575,0.98182
39051644,2,2,0.00276,0.02841,0.96882
15061965,2,2,0.00138,0.00429,0.99433
21273833,2,2,0.00303,0.01349,0.98347
26113181,2,2,0.00667,0.02668,0.96665
5492591,2,2,0.18831,0.39554,0.41615
28361369,2,2,0.00189,0.0055,0.99261
39563933,2,2,0.00333,0.00598,0.99069
35105157,2,2,0.00136,0.0055,0.99314
34062208,2,2,0.00126,0.00551,0.99324
24222591,2,2,0.00413,0.00797,0.9879
22258863,2,2,0.00467,0.01697,0.97836
36242316,2,2,0.01372,0.01656,0.96972
27974380,2,2,0.00253,0.01014,0.98733
3780015,2,2,0.0048,0.02168,0.97352
27341508,2,2,0.01512,0.01196,0.97291
16885266,2,2,0.00229,0.01563,0.98209
34185462,2,2,0.00331,0.02027,0.97643
7552693,2,2,0.01153,0.12835,0.86013
26992523,2,1,0.18389,0.76296,0.05315
14956997,2,2,0.0012,0.00513,0.99367
41406450,2,1,0.11915,0.64916,0.23169
16547740,2,2,0.00598,0.01886,0.97515
14764099,2,2,0.00428,0.04264,0.95308
37175301,2,2,0.0032,0.0213,0.9755
13804212,2,2,0.00685,0.03871,0.95445
10495921,2,2,0.0256,0.10657,0.86783
9138654,2,2,0.00185,0.01088,0.98727
219564,2,2,0.00377,0.0149,0.98133
38478034,2,2,0.00658,0.07666,0.91676
30586771,2,2,0.01107,0.02272,0.9662
19752968,2,2,0.00187,0.01606,0.98207
24450616,2,2,0.01053,0.01165,0.97782
3119439,2,2,0.00281,0.01054,0.98664
39465062,2,2,0.01106,0.08243,0.90651
21612238,2,1,0.10857,0.57108,0.32035
15695108,2,2,0.00916,0.05634,0.9345
40181358,2,1,0.1724,0.79717,0.03043
30113201,2,2,0.00419,0.03282,0.96299
20641207,2,2,0.00321,0.018,0.97879
37972856,2,2,0.00149,0.00684,0.99167
2248577,2,2,0.00188,0.00684,0.99128
8276187,2,2,0.00156,0.01015,0.98829
26326951,2,2,0.00578,0.00697,0.98725
23149506,2,2,0.00527,0.01325,0.98147
39229653,2,2,0.00225,0.01475,0.98299
40016262,2,2,0.0014,0.0085,0.9901
5256684,2,1,0.06353,0.63163,0.30484
25103984,2,2,0.00194,0.01114,0.98693
36885101,2,2,0.02058,0.12444,0.85498
32784629,2,2,0.01732,0.0298,0.95288
28636618,2,2,0.00225,0.0163,0.98145
38104147,2,2,0.00266,0.02176,0.97558
38218267,2,2,0.01125,0.14933,0.83942
27870624,2,2,0.00527,0.06577,0.92896
16523469,2,0,0.55393,0.36045,0.08561
6003925,2,2,0.00138,0.00628,0.99234
9510271,2,2,0.00188,0.01039,0.98773
14040788,2,1,0.39652,0.58146,0.02202
30899034,2,2,0.00247,0.01727,0.98027
24861100,2,2,0.00132,0.00498,0.99371
19064266,2,2,0.02713,0.37447,0.5984
32518043,2,2,0.00611,0.02052,0.97337
39620820,2,2,0.00269,0.00738,0.98992
17055268,2,2,0.00437,0.03613,0.9595
8997633,2,2,0.00156,0.00814,0.9903
30516400,2,2,0.00438,0.02071,0.97491
11177233,2,2,0.00457,0.00894,0.98649
23689056,2,2,0.01128,0.13371,0.85501
600156,2,1,0.04594,0.73573,0.21833
16539564,2,2,0.00359,0.00738,0.98903
14092987,2,2,0.00128,0.00471,0.99401
33616392,2,2,0.00138,0.00446,0.99416
16878035,2,2,0.01168,0.07484,0.91348
36143606,2,2,0.00152,0.00609,0.9924
3323846,2,2,0.00223,0.01079,0.98698
14893012,2,0,0.54093,0.26582,0.19325
15100534,2,2,0.00706,0.01654,0.9764
39499370,2,2,0.00368,0.00779,0.98853
40009240,2,2,0.01056,0.03878,0.95066
24021378,2,2,0.00418,0.02017,0.97565
26420597,2,2,0.00177,0.00509,0.99314
30597930,2,2,0.00382,0.01628,0.9799
27026994,2,1,0.05013,0.8646,0.08527
28564218,2,2,0.00246,0.00546,0.99209
7944220,2,2,0.00156,0.00546,0.99297
9313391,2,2,0.00332,0.04647,0.95021
36793001,2,2,0.00159,0.00739,0.99102
27957904,2,2,0.00377,0.04326,0.95296
40667619,2,2,0.17758,0.1652,0.65722
31755475,2,2,0.00373,0.01037,0.9859
26202453,2,2,0.0036,0.02833,0.96806
30242004,2,2,0.00209,0.01019,0.98772
3604841,2,2,0.00177,0.00799,0.99025
15919876,2,2,0.00166,0.00843,0.98991
9137247,2,2,0.00826,0.02918,0.96256
8325276,2,2,0.00445,0.02016,0.97539
24524369,2,2,0.00213,0.00859,0.98928
21526233,2,2,0.00126,0.00559,0.99315
14398335,2,2,0.0034,0.02343,0.97317
24990139,2,2,0.01171,0.05067,0.93762
16204205,2,2,0.03676,0.26954,0.69369
22563335,2,2,0.00254,0.00497,0.99249
31374459,2,2,0.00325,0.05177,0.94498
28873827,2,2,0.02086,0.1841,0.79504
31927672,2,2,0.01914,0.03661,0.94424
7129446,2,2,0.006,0.04627,0.94773
23664762,2,2,0.00148,0.0114,0.98711
8831661,2,2,0.00377,0.0149,0.98133
6411297,2,2,0.02641,0.28173,0.69186
1585106,2,2,0.00203,0.01217,0.9858
11371548,2,2,0.01305,0.01285,0.9741
14690828,2,2,0.00908,0.03562,0.9553
12678378,2,2,0.00157,0.00453,0.9939
19991684,2,2,0.00185,0.00969,0.98846
40727012,2,2,0.00338,0.01537,0.98125
12205759,2,2,0.00373,0.01045,0.98582
15291889,2,2,0.00428,0.04264,0.95308
34057506,2,2,0.00626,0.12051,0.87323
32052140,2,2,0.00164,0.00568,0.99268
20264056,2,2,0.00286,0.0103,0.98684
19503962,2,2,0.00163,0.00929,0.98908
17061149,2,2,0.00232,0.01879,0.9789
11341199,2,2,0.00381,0.0334,0.96279
16186773,2,2,0.00783,0.058,0.93417
6581337,2,2,0.00634,0.06684,0.92681
36319503,2,2,0.00337,0.01738,0.97925
38435488,2,2,0.00188,0.009,0.98912
13273593,2,2,0.00169,0.00873,0.98958
10468819,2,1,0.34797,0.62519,0.02683
5727332,2,2,0.00152,0.0045,0.99399
23898465,2,2,0.0021,0.00567,0.99222
32299363,2,1,0.08152,0.798,0.12048
14186747,2,2,0.00151,0.00719,0.99129
35057381,2,2,0.00347,0.01792,0.9786
8579043,2,2,0.00569,0.05247,0.94185
41271554,2,2,0.00145,0.00674,0.99182
33218107,2,2,0.00287,0.02127,0.97586
19951311,2,2,0.01056,0.0964,0.89304
31668888,2,2,0.02159,0.0239,0.95452
22316980,2,2,0.00194,0.00984,0.98822
34235129,2,2,0.0045,0.06767,0.92782
30667802,2,2,0.00283,0.01936,0.9778
36237078,2,2,0.00435,0.01191,0.98374
30649078,2,2,0.01554,0.10218,0.88228
23277143,2,2,0.00163,0.01011,0.98825
26703254,2,2,0.00329,0.00945,0.98725
3725523,2,2,0.00376,0.01579,0.98045
2763529,2,2,0.00201,0.00449,0.9935
13457630,2,2,0.00223,0.01092,0.98685
21102279,2,1,0.05698,0.7804,0.16262
29837496,2,2,0.00172,0.00638,0.99191
39006344,2,2,0.00183,0.007,0.99118
21575891,2,1,0.38251,0.56532,0.05217
12262908,2,2,0.00628,0.01649,0.97723
25476749,2,2,0.005,0.04263,0.95237
2230341,2,2,0.00317,0.06001,0.93682
28067131,2,2,0.00227,0.00744,0.99029
11721995,2,2,0.003,0.02496,0.97204
27228544,2,2,0.00246,0.00541,0.99213
27476576,2,2,0.00539,0.04549,0.94913
11732399,2,2,0.00191,0.00768,0.99041
7517486,2,1,0.06615,0.89899,0.03486
16611104,2,2,0.00207,0.0059,0.99203
1903709,2,2,0.005,0.0119,0.9831
26577910,2,2,0.01828,0.28487,0.69685
36354500,2,2,0.01261,0.24271,0.74468
26424546,2,2,0.00366,0.02769,0.96864
26679979,2,2,0.00395,0.05922,0.93683
5183465,2,2,0.00201,0.0049,0.9931
11275314,2,2,0.01873,0.17225,0.80902
6819945,2,2,0.00171,0.02609,0.97221
41171597,2,2,0.01688,0.04724,0.93589
33348503,2,2,0.25155,0.25136,0.49709
39678017,2,2,0.09231,0.20945,0.69825
22106109,2,2,0.00263,0.0316,0.96578
1520918,2,2,0.00521,0.06143,0.93335
24098258,2,2,0.00295,0.00968,0.98737
9928251,2,2,0.00459,0.01918,0.97623
38103876,2,1,0.02743,0.66467,0.3079
39801491,2,2,0.00207,0.00642,0.99151
16447731,2,2,0.00241,0.00804,0.98954
31058314,2,1,0.04048,0.56323,0.39628
19969611,2,2,0.00152,0.0045,0.99399
21273599,2,2,0.00176,0.00969,0.98854
34413172,2,2,0.00747,0.07327,0.91926
35935838,2,0,0.78679,0.15395,0.05927
34881847,2,1,0.34819,0.62803,0.02379
7064382,2,2,0.00946,0.07016,0.92038
23610615,2,2,0.00206,0.00932,0.98862
36839945,2,2,0.00145,0.00538,0.99318
15179405,2,2,0.00912,0.03109,0.95979
10640143,2,2,0.00149,0.00555,0.99296
7847388,2,2,0.00114,0.00669,0.99217
13240360,2,2,0.0035,0.04216,0.95435
4462678,2,2,0.00292,0.0058,0.99128
11598989,2,2,0.00384,0.02769,0.96847
12064503,2,2,0.00518,0.0086,0.98623
24514343,2,2,0.00318,0.01216,0.98466
32060158,2,2,0.04904,0.09509,0.85586
20066280,2,2,0.01777,0.0635,0.91872
26804481,2,2,0.00245,0.00786,0.98969
28947046,2,2,0.00481,0.02039,0.9748
32573873,2,2,0.00519,0.06491,0.9299
17075844,2,2,0.00215,0.01294,0.9849
17227236,2,2,0.00159,0.00509,0.99332
1294086,2,2,0.00111,0.00734,0.99155
13211339,2,2,0.00275,0.01726,0.97999
37170985,2,2,0.00678,0.0773,0.91592
40912856,2,2,0.03816,0.05156,0.91028
24824828,2,2,0.00352,0.00637,0.99012
26692101,2,2,0.00168,0.01415,0.98417
25244885,2,2,0.00536,0.02061,0.97403
6104132,2,2,0.01662,0.07596,0.90742
36323084,2,2,0.00154,0.00814,0.99032
26296427,2,1,0.09455,0.801,0.10445
4988855,2,2,0.04072,0.03247,0.92681
37658464,2,2,0.00177,0.00856,0.98967
30462150,2,2,0.00279,0.01914,0.97807
2195826,2,2,0.00364,0.01935,0.97702
26915987,2,2,0.0049,0.04619,0.9489
18267125,2,2,0.00185,0.01153,0.98662
22039964,2,2,0.00174,0.00722,0.99104
5635721,2,2,0.00266,0.03401,0.96333
23063338,2,2,0.01582,0.29036,0.69382
38978547,2,2,0.00421,0.01348,0.98232
21332440,2,2,0.00169,0.0083,0.99001
39214450,2,1,0.33243,0.63085,0.03672
9367763,2,2,0.00377,0.02993,0.9663
1257459,2,2,0.00217,0.00705,0.99078
38930841,2,2,0.00326,0.03431,0.96243
28816507,2,2,0.00174,0.00623,0.99203
20317157,2,1,0.12935,0.81353,0.05712
13709595,2,2,0.00287,0.03698,0.96015
37551646,2,2,0.01263,0.46671,0.52065
31893598,2,1,0.07079,0.87598,0.05323
2205856,2,1,0.15315,0.80423,0.04262
6981352,2,2,0.002,0.0108,0.98721
5895706,2,2,0.00375,0.01827,0.97798
28208953,2,2,0.0253,0.13026,0.84444
1067951,2,2,0.00169,0.00663,0.99168
32505330,2,1,0.10171,0.56285,0.33544
40618524,2,2,0.0076,0.07173,0.92067
32471069,2,2,0.00309,0.01042,0.98649
7441643,2,2,0.0133,0.29918,0.68752
19931418,2,2,0.00884,0.03146,0.9597
27695098,2,2,0.00151,0.00679,0.9917
17335521,2,2,0.00161,0.00706,0.99133
40648369,2,2,0.0016,0.01448,0.98392
25960051,2,2,0.0022,0.00823,0.98957
22230877,2,2,0.00339,0.02739,0.96922
10682466,2,2,0.0014,0.0046,0.99399
29842582,2,2,0.00598,0.04916,0.94486
7522221,2,2,0.0023,0.02522,0.97248
5309213,2,2,0.00415,0.05676,0.93909
12691201,2,2,0.00187,0.01409,0.98404
17978892,2,2,0.10341,0.20626,0.69032
5755815,2,2,0.00207,0.00684,0.99109
31563320,2,2,0.01913,0.06638,0.9145
33836890,2,1,0.02067,0.61854,0.36079
4637520,2,1,0.11174,0.60404,0.28422
6175883,2,2,0.00379,0.00923,0.98698
766021,2,2,0.00234,0.00843,0.98923
7963774,2,2,0.00219,0.01126,0.98654
10499367,2,2,0.00177,0.00863,0.9896
31960276,2,2,0.00257,0.00924,0.98819
36642260,2,2,0.00189,0.00486,0.99325
14345554,2,2,0.00676,0.03659,0.95665
38686429,2,2,0.00894,0.01992,0.97114
36782351,2,2,0.00156,0.00856,0.98988
25066519,2,2,0.00348,0.00816,0.98836
18599400,2,2,0.00292,0.00667,0.99041
4530008,2,2,0.0026,0.01284,0.98456
20246540,2,2,0.00263,0.01544,0.98192
34769717,2,2,0.00188,0.00999,0.98813
23748687,2,2,0.00381,0.01812,0.97806
37109452,2,2,0.00185,0.00705,0.99109
12070839,2,2,0.00237,0.01153,0.98611
20620001,2,2,0.00207,0.00647,0.99146
31448148,2,2,0.00278,0.00829,0.98893
24225487,2,2,0.00309,0.0103,0.98661
31035713,2,2,0.01409,0.47756,0.50836
38214288,2,2,0.00231,0.01912,0.97857
7629062,2,2,0.00166,0.00792,0.99041
10844792,2,2,0.01579,0.14211,0.8421
19528335,2,2,0.00428,0.04264,0.95308
4937895,2,1,0.08023,0.82633,0.09344
34167956,2,1,0.03599,0.70065,0.26335
3179706,2,2,0.01316,0.04224,0.9446
23539480,2,2,0.00306,0.00637,0.99058
39841348,2,1,0.0272,0.50918,0.46362
10963837,2,0,0.43198,0.42695,0.14107
18918638,2,2,0.00249,0.02336,0.97415
3885288,2,2,0.00183,0.02208,0.9761
866863,2,2,0.00439,0.0177,0.97791
6878706,2,2,0.00179,0.01023,0.98798
41163512,2,2,0.00617,0.1199,0.87393
34071162,2,2,0.00375,0.01827,0.97798
1029129,2,2,0.00837,0.0245,0.96714
5777020,2,1,0.08751,0.47495,0.43754
27153420,2,2,0.00179,0.01189,0.98632
11340700,2,2,0.00159,0.00679,0.99163
1255033,2,1,0.1033,0.83502,0.06168
23223997,2,1,0.16797,0.77704,0.05498
33932201,2,2,0.00217,0.02337,0.97447
1113711,2,2,0.00161,0.0085,0.98989
30324755,2,2,0.00261,0.00896,0.98843
34119211,2,2,0.00328,0.0123,0.98442
3823763,2,1,0.40701,0.52058,0.07241
8751783,2,2,0.01153,0.12835,0.86013
34667121,2,2,0.10928,0.29301,0.59771
16475009,2,2,0.00276,0.01386,0.98337
18098238,2,1,0.08013,0.66571,0.25416
19327957,2,2,0.00171,0.00811,0.99018
37830201,2,2,0.00223,0.01003,0.98774
2502491,2,2,0.00233,0.01184,0.98583
2238356,2,2,0.00215,0.01662,0.98123
22748993,2,2,0.00145,0.0055,0.99305
37236677,2,2,0.01447,0.4467,0.53883
11915004,2,2,0.00354,0.00652,0.98994
41083374,2,2,0.0059,0.01727,0.97683
22149585,2,2,0.00156,0.00555,0.99289
30150975,2,2,0.00529,0.00988,0.98483
12956477,2,2,0.01526,0.1316,0.85313
2031713,2,2,0.00268,0.01245,0.98487
16669634,2,2,0.03123,0.07715,0.89162
37500719,2,2,0.00219,0.01166,0.98615
24177433,2,2,0.00159,0.00648,0.99193
13852442,2,2,0.00386,0.03557,0.96056
23754344,2,2,0.00238,0.00823,0.98939
28453578,2,2,0.00151,0.00739,0.99109
6659863,2,2,0.01719,0.43977,0.54304
14945738,2,2,0.0018,0.00808,0.99013
18948735,2,2,0.00321,0.03441,0.96238
4899037,2,2,0.00596,0.05294,0.9411
3413029,2,2,0.00169,0.00745,0.99086
711866,2,2,0.00213,0.007,0.99087
16722131,2,2,0.0046,0.00901,0.98638
28895145,2,1,0.04894,0.78376,0.1673
8437648,2,2,0.01291,0.38911,0.59798
37376680,2,2,0.01047,0.11795,0.87158
25233993,2,2,0.00237,0.01153,0.98611
9200108,2,2,0.01213,0.30445,0.68342
19146905,2,2,0.02072,0.41936,0.55992
9319516,2,2,0.13507,0.26195,0.60298
14029660,2,0,0.58607,0.38737,0.02657
20902325,2,2,0.20362,0.31738,0.47901
23973655,2,2,0.01153,0.12835,0.86013
22122734,2,2,0.00149,0.00436,0.99415
23226426,2,2,0.00126,0.00643,0.99231
7900676,2,2,0.011,0.23601,0.75299
30052486,2,2,0.002,0.01162,0.98639
6222467,2,2,0.00322,0.01579,0.98098
32919863,2,2,0.00445,0.03499,0.96056
15158796,2,2,0.00172,0.00595,0.99234
7895310,2,2,0.00204,0.00509,0.99287
6002182,2,2,0.00195,0.01669,0.98136
22992752,2,2,0.01719,0.12156,0.86125
19282945,2,2,0.00179,0.01227,0.98595
12926135,2,2,0.00204,0.00529,0.99267
23792976,2,2,0.00142,0.00947,0.98911
26787582,2,2,0.0661,0.116,0.8179
35988803,2,2,0.00182,0.00996,0.98822
34398020,2,2,0.00145,0.00443,0.99412
14005002,2,2,0.00661,0.08675,0.90664
13475211,2,2,0.00732,0.04946,0.94323
38412814,2,2,0.00425,0.01868,0.97707
20625783,2,2,0.00194,0.00762,0.99044
23540097,2,2,0.00657,0.09224,0.90119
2279968,2,2,0.00223,0.01023,0.98755
29319596,2,2,0.00348,0.01654,0.97998
25578257,2,2,0.00551,0.11044,0.88405
16501009,2,2,0.00375,0.01827,0.97798
5498966,2,2,0.00256,0.0125,0.98495
13643925,2,1,0.06211,0.47169,0.4662
10451855,2,2,0.00568,0.0165,0.97782
11637732,2,2,0.00384,0.01116,0.985
3738263,2,2,0.00806,0.11662,0.87531
36743700,2,2,0.00166,0.00805,0.99029
20282730,2,2,0.00192,0.00501,0.99307
20259286,2,2,0.00263,0.01486,0.98251
20743421,2,2,0.00142,0.00911,0.98947
19059167,2,2,0.00177,0.00856,0.98967
19152751,2,2,0.00308,0.01249,0.98443
3328117,2,2,0.12464,0.13823,0.73713
22780691,2,2,0.0026,0.01269,0.98471
40831260,2,2,0.00254,0.01836,0.9791
33476339,2,2,0.00777,0.03669,0.95554
14303579,2,2,0.00156,0.00568,0.99276
29264680,2,2,0.06355,0.33821,0.59824
19060971,2,2,0.00495,0.03618,0.95887
31535069,2,2,0.0023,0.00995,0.98775
23907315,2,2,0.00285,0.01463,0.98252
37887793,2,2,0.00195,0.0059,0.99216
5550951,2,2,0.00413,0.09101,0.90487
21576630,2,2,0.00333,0.01323,0.98344
14138651,2,2,0.00145,0.00486,0.99369
13467274,2,2,0.0365,0.18304,0.78046
641911,2,2,0.00207,0.00618,0.99175
18651451,2,2,0.0027,0.00662,0.99068
26878885,2,1,0.07208,0.52433,0.40359
27424721,2,2,0.002,0.00739,0.99061
9694692,2,2,0.00213,0.00739,0.99048
28782602,2,2,0.00727,0.01799,0.97474
14218627,2,2,0.00227,0.00711,0.99062
20879274,2,2,0.0285,0.07108,0.90042
21474514,2,2,0.01115,0.13059,0.85826
5868602,2,2,0.00225,0.01464,0.98311
37960708,2,2,0.00389,0.0286,0.96751
875817,2,2,0.00213,0.00689,0.99098
25548017,2,2,0.00906,0.02208,0.96885
7492918,2,2,0.01087,0.02587,0.96326
28248445,2,2,0.00274,0.02051,0.97675
5332944,2,2,0.00138,0.0079,0.99073
36342893,2,2,0.00346,0.02338,0.97316
24348188,2,2,0.00241,0.00856,0.98903
10161261,2,2,0.00329,0.00968,0.98703
6684639,2,2,0.00129,0.00894,0.98977
5361639,2,2,0.00441,0.02836,0.96723
23859141,2,2,0.06727,0.38258,0.55016
15354001,2,2,0.00217,0.00722,0.99062
10786187,2,2,0.00144,0.00799,0.99057
41436093,2,2,0.00852,0.02973,0.96175
4845768,2,2,0.00217,0.00678,0.99105
30577273,2,1,0.08121,0.67468,0.24411
28805864,2,2,0.0013,0.00623,0.99247
19582243,2,2,0.0018,0.0078,0.9904
443397,2,2,0.00164,0.0049,0.99346
35571880,2,2,0.00159,0.00413,0.99428
14388159,2,2,0.00146,0.0088,0.98973
28379491,2,2,0.0073,0.16225,0.83045
9760704,2,2,0.02503,0.05017,0.92479
6879481,2,2,0.00134,0.00763,0.99104
20988549,2,2,0.00303,0.03035,0.96662
28517846,2,2,0.00166,0.00929,0.98905
18932186,2,2,0.00223,0.01096,0.98681
24830346,2,1,0.15811,0.80255,0.03934
6486583,2,2,0.00251,0.01747,0.98003
7438949,2,2,0.00291,0.00705,0.99004
22389679,2,2,0.00237,0.01153,0.98611
3533301,2,2,0.002,0.00824,0.98976
15736098,2,2,0.02212,0.06641,0.91147
39175716,2,2,0.00385,0.01013,0.98602
13861559,2,2,0.00119,0.01036,0.98845
33682210,2,2,0.0018,0.00739,0.99081
2087514,2,2,0.00142,0.00623,0.99234
2792099,2,2,0.00159,0.00563,0.99278
8235117,2,2,0.00713,0.02171,0.97116
19050798,2,2,0.00144,0.0076,0.99096
20308060,2,2,0.0019,0.01528,0.98283
39961931,2,2,0.00364,0.06377,0.93259
5506893,2,2,0.00734,0.06051,0.93214
3909325,2,2,0.00177,0.00464,0.99359
2784131,2,2,0.0024,0.01382,0.98378
2218926,2,2,0.00156,0.00623,0.99221
14177403,2,2,0.00324,0.05518,0.94158
16365886,2,2,0.0016,0.01576,0.98264
20027561,2,2,0.00308,0.01268,0.98423
748880,2,2,0.00185,0.0075,0.99064
32453651,2,2,0.00431,0.01971,0.97598
19792369,2,2,0.00335,0.02375,0.97291
10974905,2,2,0.00521,0.01824,0.97656
1585399,2,2,0.00738,0.08424,0.90837
20323297,2,2,0.01281,0.11677,0.87042
27818999,2,2,0.00149,0.00457,0.99394
22598007,2,2,0.00259,0.01753,0.97988
1182022,2,2,0.00902,0.0486,0.94238
9552949,2,1,0.31988,0.38755,0.29257
18884426,2,2,0.00177,0.00722,0.99101
9024489,2,2,0.00243,0.01605,0.98152
12768292,2,2,0.0236,0.14455,0.83185
505096,2,2,0.01889,0.30483,0.67629
12475497,2,2,0.00229,0.01236,0.98535
1511673,2,2,0.00832,0.01483,0.97685
23186387,2,1,0.06848,0.8408,0.09072
38188574,2,2,0.0022,0.00798,0.98982
33217762,2,2,0.00367,0.0696,0.92673
21027828,2,2,0.00154,0.00542,0.99304
19833525,2,2,0.01775,0.43005,0.5522
6420230,2,2,0.00368,0.00868,0.98765
14441258,2,2,0.00147,0.00595,0.99258
30329920,2,2,0.01586,0.03281,0.95133
18558131,2,2,0.00435,0.02669,0.96896
30783407,2,2,0.00163,0.01015,0.98822
37542029,2,2,0.00176,0.01372,0.98452
15241651,2,2,0.00428,0.02773,0.96799
1235386,2,2,0.00163,0.00958,0.98879
11036785,2,2,0.00234,0.0091,0.98856
38955661,2,2,0.00668,0.02549,0.96783
39260150,2,2,0.00216,0.00843,0.98941
1882467,2,2,0.00374,0.03818,0.95809
15500078,2,1,0.13755,0.71372,0.14873
26002114,2,2,0.00263,0.01556,0.98181
41244605,2,2,0.00227,0.00823,0.9895
12456526,2,2,0.00266,0.01952,0.97782
18749235,2,1,0.06478,0.46943,0.46578
32707586,2,2,0.00155,0.0131,0.98535
11485664,2,2,0.00621,0.02005,0.97374
32197935,2,2,0.00183,0.01942,0.97875
11598877,2,2,0.00169,0.00866,0.98965
24893846,2,2,0.0018,0.00792,0.99028
28552693,2,2,0.0293,0.0593,0.91141
20893623,2,2,0.00253,0.00637,0.99109
36463882,2,2,0.00163,0.01346,0.98492
11668304,2,2,0.01032,0.02371,0.96597
2291376,2,2,0.0014,0.00494,0.99366
22415742,2,2,0.00543,0.02166,0.9729
612665,2,2,0.00188,0.01127,0.98686
1932001,2,2,0.03195,0.29034,0.67771
5219396,2,2,0.00149,0.00877,0.98975
29373941,2,2,0.00138,0.00563,0.99299
19960549,2,2,0.24235,0.25379,0.50386
15723721,2,2,0.00231,0.00559,0.9921
6613314,2,2,0.00283,0.00627,0.9909
3540457,2,2,0.00564,0.07564,0.91873
32341155,2,2,0.00371,0.01434,0.98195
7460016,2,2,0.00146,0.00883,0.9897
16359825,2,2,0.00377,0.01302,0.9832
2070483,2,2,0.00779,0.03377,0.95844
1208932,2,2,0.00164,0.00756,0.9908
1568659,2,2,0.00146,0.01019,0.98834
22033474,2,2,0.02068,0.0504,0.92892
1877583,2,2,0.00166,0.00668,0.99166
333008,2,2,0.00364,0.04808,0.94828
17741372,2,2,0.00411,0.02104,0.97485
11591057,2,2,0.00291,0.00756,0.98953
1724189,2,2,0.01047,0.11795,0.87158
29168344,2,2,0.00127,0.00897,0.98975
35387253,2,2,0.00154,0.00638,0.99208
16298499,2,2,0.00926,0.04595,0.94479
14580479,2,2,0.00834,0.03512,0.95654
22253272,2,2,0.00384,0.0121,0.98406
23160900,2,2,0.0022,0.02165,0.97615
34329780,2,1,0.21328,0.48821,0.29851
20995298,2,2,0.00194,0.00768,0.99038
15885589,2,2,0.00124,0.00658,0.99218
12027714,2,2,0.00377,0.01423,0.982
39238973,2,2,0.00286,0.00869,0.98845
29612190,2,2,0.00755,0.01187,0.98058
21898847,2,1,0.01801,0.514,0.468
27664485,2,2,0.00241,0.01034,0.98725
36933823,2,2,0.00164,0.00478,0.99358
26580183,2,2,0.00368,0.02154,0.97478
22470083,2,2,0.00842,0.09191,0.89968
36193068,2,2,0.00349,0.00657,0.98995
10487725,2,2,0.0026,0.01198,0.98542
9127094,2,1,0.2459,0.63285,0.12125
12605011,2,2,0.00378,0.04195,0.95427
16522856,2,2,0.03592,0.16559,0.7985
35988655,2,2,0.00207,0.0083,0.98964
35998410,2,2,0.00489,0.04826,0.94685
34779653,2,2,0.01047,0.11795,0.87158
30203189,2,2,0.0013,0.00505,0.99365
13541646,2,2,0.00188,0.00999,0.98813
17767263,2,2,0.00136,0.00521,0.99343
10699011,2,2,0.00334,0.01229,0.98437
23212487,2,2,0.00277,0.04168,0.95555
32285219,2,0,0.78009,0.21326,0.00664
29069104,2,2,0.00177,0.00856,0.98967
11993794,2,2,0.00257,0.00939,0.98804
9340383,2,2,0.00227,0.02148,0.97624
14310390,2,2,0.0023,0.00804,0.98965
20871347,2,2,0.00245,0.00939,0.98816
13274400,2,2,0.00271,0.01592,0.98136
36011600,2,2,0.00147,0.0049,0.99363
36905206,2,2,0.00195,0.00443,0.99363
18839471,2,2,0.01049,0.0148,0.97471
38408662,2,2,0.00672,0.02668,0.9666
36647246,2,2,0.0264,0.08571,0.88789
22416099,2,2,0.00158,0.0133,0.98512
25871706,2,2,0.00236,0.0172,0.98044
10953238,2,2,0.00338,0.01514,0.98148
34903273,2,2,0.00154,0.00628,0.99218
17626176,2,2,0.00153,0.01158,0.98689
8247776,2,1,0.02471,0.7277,0.24759
23513935,2,2,0.00182,0.00936,0.98882
7042623,2,2,0.00398,0.03778,0.95824
20526898,2,2,0.00336,0.00627,0.99038
12480441,2,2,0.00136,0.00689,0.99175
16349711,2,2,0.00213,0.0075,0.99036
27476042,2,2,0.00407,0.01444,0.98148
16479983,2,1,0.29649,0.39558,0.30793
1671047,2,2,0.01044,0.02709,0.96247
10846784,2,0,0.92493,0.07188,0.00318
37966632,2,2,0.00431,0.07958,0.91611
23269972,2,0,0.8505,0.14103,0.00847
16034970,2,2,0.00287,0.00823,0.98891
33780976,2,2,0.00321,0.01928,0.97751
9170455,2,2,0.00227,0.00678,0.99095
25115821,2,2,0.00189,0.00568,0.99244
4548397,2,2,0.00613,0.03999,0.95388
16182692,2,2,0.00194,0.00965,0.98841
30390286,2,2,0.00337,0.03266,0.96397
11032939,2,2,0.00529,0.04691,0.94779
15638369,2,0,0.9506,0.04673,0.00267
9295057,2,2,0.13227,0.13861,0.72912
20080099,2,2,0.00831,0.0162,0.97549
11646656,2,2,0.03359,0.27579,0.69063
9064353,2,2,0.0018,0.00517,0.99303
30376131,2,2,0.00262,0.01967,0.97771
9314296,2,2,0.00154,0.00658,0.99188
28117887,2,2,0.00328,0.0122,0.98452
12337850,2,2,0.00428,0.02773,0.96799
37980735,2,2,0.00471,0.07004,0.92526
3669185,2,2,0.00255,0.0174,0.98006
31168949,2,2,0.00164,0.00517,0.99319
10069315,2,2,0.00156,0.0055,0.99293
11638198,2,2,0.38632,0.11375,0.49993
32858923,2,2,0.00319,0.00953,0.98728
16557335,2,2,0.00337,0.03157,0.96505
2684445,2,2,0.00257,0.00823,0.9892
12557625,2,2,0.00518,0.0387,0.95612
5065441,2,2,0.00127,0.00787,0.99086
13148027,2,2,0.00253,0.02516,0.97231
31157817,2,2,0.00193,0.01551,0.98256
14375046,2,2,0.00151,0.01076,0.98773
6015797,2,2,0.01153,0.12835,0.86013
1091158,2,1,0.33584,0.41714,0.24703
18173236,2,2,0.00232,0.03023,0.96745
25785841,2,2,0.0028,0.01532,0.98188
20138657,2,2,0.2554,0.33156,0.41304
1175233,2,2,0.00126,0.00638,0.99236
19819509,2,2,0.00411,0.0208,0.97509
25057805,2,2,0.00536,0.02085,0.97379
27447925,2,1,0.15381,0.76636,0.07983
17520347,2,2,0.00721,0.02667,0.96613
27026347,2,2,0.00222,0.0125,0.98528
8230576,2,2,0.11492,0.24663,0.63846
27705521,2,2,0.0014,0.00517,0.99342
32189914,2,2,0.002,0.0078,0.9902
620997,2,2,0.00716,0.19116,0.80168
22558355,2,2,0.00144,0.00977,0.98879
9289945,2,2,0.00679,0.01693,0.97628
24384592,2,2,0.00901,0.0574,0.93359
22797784,2,2,0.00204,0.00559,0.99237
2139309,2,2,0.01897,0.07402,0.90701
26597873,2,2,0.00388,0.01554,0.98057
20137671,2,1,0.03504,0.79747,0.16749
7197701,2,2,0.0032,0.00571,0.99108
7449708,2,2,0.00857,0.00831,0.98312
8236574,2,2,0.00346,0.03681,0.95972
38700325,2,2,0.00354,0.01423,0.98223
9592507,2,2,0.00166,0.00792,0.99041
28759793,2,2,0.00257,0.02381,0.97362
13647868,2,2,0.00342,0.0344,0.96218
5849397,2,1,0.0623,0.58195,0.35574
27782401,2,2,0.00955,0.04585,0.9446
6084876,2,2,0.00299,0.02922,0.96779
23381970,2,2,0.00228,0.01694,0.98078
10155095,2,2,0.00269,0.00829,0.98901
13658214,2,2,0.00808,0.08624,0.90568
14450108,2,2,0.10035,0.14056,0.75909
21898552,2,2,0.00122,0.00725,0.99153
34361966,2,2,0.00154,0.00834,0.99013
21205342,2,2,0.00163,0.01145,0.98693
35101277,2,0,0.66685,0.3077,0.02546
17759639,2,2,0.00807,0.04432,0.94761
24238195,2,2,0.0082,0.0587,0.9331
21422822,2,2,0.00143,0.0045,0.99408
29560857,2,2,0.00179,0.0089,0.98931
31912596,2,2,0.00361,0.01183,0.98457
33045814,2,2,0.00354,0.01579,0.98067
23684122,2,2,0.00205,0.01727,0.98068
21790921,2,2,0.0026,0.01202,0.98538
14693946,2,2,0.00138,0.00413,0.99449
5026292,2,2,0.00204,0.00705,0.99091
21410501,2,2,0.00726,0.02656,0.96617
37369262,2,2,0.00798,0.0409,0.95112
11778343,2,2,0.02964,0.41554,0.55482
35350811,2,2,0.00272,0.01274,0.98454
28539474,2,2,0.00188,0.00999,0.98813
39611554,2,1,0.18108,0.54486,0.27406
203576,2,2,0.00149,0.00736,0.99115
16947878,2,2,0.05424,0.04604,0.89972
17007545,2,2,0.00293,0.0178,0.97928
13625907,2,2,0.22389,0.18853,0.58757
36208479,2,2,0.00176,0.01015,0.98808
24341093,2,2,0.00397,0.00945,0.98658
15099954,2,2,0.00648,0.0325,0.96102
26764217,2,2,0.0037,0.03321,0.96309
35163819,2,2,0.01423,0.01914,0.96663
19127944,2,1,0.03654,0.8922,0.07126
1945384,2,2,0.01076,0.02813,0.96111
8500683,2,2,0.01462,0.08058,0.9048
16794617,2,2,0.00147,0.00658,0.99195
21810830,2,2,0.00151,0.00717,0.99132
28514140,2,2,0.00773,0.08467,0.9076
41253870,2,2,0.09483,0.08272,0.82245
27511552,2,2,0.00169,0.00684,0.99147
9432840,2,2,0.0469,0.40997,0.54312
26052047,2,2,0.00194,0.01043,0.98763
36703770,2,2,0.00248,0.01408,0.98344
2047610,2,2,0.00183,0.00618,0.99199
2169755,2,2,0.00594,0.05559,0.93847
9461363,2,2,0.00226,0.01289,0.98485
32083885,2,2,0.00145,0.00517,0.99338
13410776,2,2,0.00134,0.00498,0.99369
17922142,2,2,0.00149,0.00457,0.99394
20069839,2,2,0.00237,0.01221,0.98542
19880427,2,2,0.00425,0.06288,0.93287
35072100,2,2,0.00297,0.018,0.97903
36039672,2,2,0.00247,0.01569,0.98184
23926696,2,2,0.00496,0.0207,0.97434
5537974,2,1,0.21634,0.76103,0.02262
22291750,2,2,0.00448,0.0437,0.95182
11337534,2,2,0.00491,0.0146,0.98049
16397179,2,2,0.00496,0.10672,0.88832
4715738,2,2,0.00237,0.01153,0.98611
30874395,2,2,0.00467,0.03337,0.96196
12150760,2,2,0.03923,0.05383,0.90694
1999802,2,2,0.00366,0.01243,0.9839
16188783,2,2,0.00226,0.01113,0.98661
37870650,2,2,0.00287,0.00727,0.98986
39400096,2,2,0.00892,0.14918,0.84189
37546137,2,1,0.1049,0.82028,0.07482
41440508,2,2,0.00201,0.01938,0.97861
8824768,2,2,0.00159,0.00555,0.99286
3152078,2,2,0.00151,0.01089,0.98761
8409336,2,2,0.00212,0.01398,0.9839
27642884,2,2,0.00194,0.00762,0.99044
30491962,2,2,0.0026,0.01376,0.98364
17479684,2,2,0.00166,0.00817,0.99017
34835184,2,2,0.00166,0.00897,0.98937
39367793,2,2,0.00707,0.01555,0.97738
28799776,2,1,0.04233,0.81126,0.14641
21534216,2,2,0.00144,0.01008,0.98848
19142158,2,2,0.00198,0.00521,0.99281
16391917,2,2,0.00206,0.00883,0.98911
23127352,2,2,0.00194,0.00866,0.9894
20619543,2,2,0.00355,0.01318,0.98328
27664534,2,2,0.25504,0.25108,0.49388
29872905,2,2,0.00147,0.00505,0.99348
7982796,2,2,0.00151,0.00706,0.99143
28308417,2,2,0.0034,0.02325,0.97335
9430090,2,2,0.00194,0.00722,0.99084
12175977,2,2,0.00136,0.00873,0.98991
20228802,2,2,0.00337,0.01799,0.97864
13766148,2,2,0.00732,0.10609,0.88659
18498834,2,0,0.46167,0.10463,0.4337
37959040,2,2,0.00138,0.00614,0.99248
36075656,2,2,0.00189,0.01792,0.98019
11676514,2,2,0.00165,0.01383,0.98452
16799629,2,2,0.00584,0.01255,0.98161
6049483,2,2,0.00447,0.03124,0.96429
16650610,2,2,0.0018,0.00811,0.99009
7794922,2,2,0.0017,0.01695,0.98135
31093211,2,2,0.00501,0.0106,0.98439
33751780,2,2,0.00124,0.00505,0.99371
2363713,2,2,0.00265,0.02469,0.97267
9410019,2,2,0.00216,0.00883,0.98901
158892,2,2,0.00256,0.01198,0.98546
3606537,2,2,0.01581,0.02095,0.96323
30938924,2,2,0.0227,0.08474,0.89256
11905336,2,2,0.00426,0.00841,0.98733
37678202,2,2,0.0042,0.03101,0.96479
37851557,2,2,0.00325,0.03759,0.95916
7180352,2,2,0.00994,0.03773,0.95233
11845209,2,2,0.00552,0.01454,0.97995
26151166,2,2,0.00136,0.007,0.99164
37068568,2,2,0.00194,0.00792,0.99014
28866251,2,2,0.00603,0.01067,0.9833
10180896,2,2,0.00149,0.00638,0.99213
10635149,2,2,0.01912,0.0449,0.93597
33315623,2,2,0.00241,0.02498,0.97261
27208408,2,2,0.00477,0.01266,0.98257
23186220,2,2,0.00154,0.00802,0.99045
15169348,2,1,0.07434,0.8087,0.11696
8312631,2,2,0.01796,0.03176,0.95028
1071979,2,2,0.00252,0.02767,0.96981
23764569,2,2,0.0018,0.00478,0.99341
34634588,2,2,0.00406,0.03406,0.96189
15421409,2,2,0.00219,0.01274,0.98507
4092446,2,2,0.00711,0.03218,0.96072
21688993,2,2,0.00467,0.09128,0.90405
18205544,2,2,0.00188,0.00999,0.98813
3496591,2,2,0.00262,0.02067,0.97671
20324227,2,1,0.05917,0.87635,0.06448
39287269,2,2,0.00295,0.00938,0.98766
14954989,2,2,0.00393,0.01078,0.98529
4052889,2,2,0.00168,0.01335,0.98497
21887756,2,2,0.00401,0.03079,0.96521
8780966,2,2,0.00177,0.00876,0.98947
35459764,2,2,0.01242,0.33561,0.65198
34362273,2,2,0.00257,0.00856,0.98888
16036886,2,2,0.01848,0.4373,0.54423
38158803,2,2,0.00512,0.04936,0.94552
6386188,2,2,0.00144,0.00722,0.99133
10060429,2,1,0.047,0.8697,0.0833
7700098,2,2,0.00354,0.01573,0.98073
1155181,2,0,0.92006,0.07574,0.00419
7700277,2,2,0.00281,0.0137,0.98349
21577951,2,2,0.01519,0.10193,0.88288
2415234,2,2,0.09409,0.11195,0.79396
11515802,2,2,0.00209,0.01442,0.9835
14071072,2,2,0.00269,0.00738,0.98992
1068199,2,2,0.00679,0.06098,0.93223
10060089,2,2,0.00203,0.01055,0.98742
38978415,2,1,0.06189,0.75401,0.1841
16719798,2,2,0.00169,0.00796,0.99036
7590103,2,2,0.00227,0.00739,0.99034
8359172,2,2,0.00392,0.0369,0.95918
13678672,2,2,0.00257,0.00716,0.99027
22162832,2,2,0.00204,0.00653,0.99144
5702588,2,2,0.0021,0.0078,0.9901
10251219,2,2,0.00299,0.01112,0.98588
6716653,2,2,0.00174,0.00936,0.9889
17674818,2,2,0.01465,0.065,0.92036
32446178,2,1,0.12309,0.84241,0.0345
38896258,2,2,0.00257,0.00618,0.99125
23104618,2,2,0.02495,0.0818,0.89326
20653281,2,2,0.00298,0.01629,0.98073
29665493,2,2,0.00158,0.01246,0.98596
9857217,2,2,0.0022,0.00774,0.99006
23546422,2,2,0.0063,0.01366,0.98004
5574640,2,2,0.0035,0.0408,0.9557
36189220,2,2,0.00281,0.0123,0.98489
7384297,2,2,0.00204,0.00756,0.9904
15010640,2,2,0.00855,0.07734,0.91411
22268442,2,2,0.0164,0.18116,0.80244
6151382,2,2,0.00166,0.00722,0.99112
21656417,2,2,0.0107,0.03361,0.95569
37717188,2,2,0.00236,0.01403,0.98361
30420329,2,2,0.0114,0.03222,0.95638
5172264,2,2,0.00258,0.02036,0.97706
17295592,2,1,0.04955,0.74545,0.20499
17028099,2,2,0.00433,0.01578,0.97989
7703106,2,2,0.00549,0.07088,0.92363
11689363,2,2,0.00252,0.01063,0.98685
25764556,2,2,0.0056,0.02233,0.97207
12388533,2,2,0.00341,0.0661,0.93049
32324589,2,2,0.00901,0.11452,0.87647
38558411,2,1,0.02847,0.78151,0.19003
26784353,2,2,0.00267,0.01668,0.98065
40326673,2,2,0.00496,0.03557,0.95947
14729496,2,0,0.65698,0.32019,0.02283
28630765,2,2,0.00351,0.02277,0.97372
40546,2,2,0.00207,0.00722,0.99071
40201100,2,2,0.00377,0.01312,0.9831
41382080,2,2,0.00332,0.01555,0.98112
18192783,2,2,0.0023,0.01042,0.98728
37980656,2,2,0.00189,0.00482,0.99329
11531187,2,2,0.0714,0.16691,0.76168
22039884,2,2,0.00278,0.02222,0.97499
34218448,2,2,0.00145,0.00513,0.99342
16164436,2,1,0.02182,0.59895,0.37923
34179090,2,2,0.00232,0.01808,0.9796
2427197,2,2,0.0144,0.02222,0.96338
9575295,2,2,0.00151,0.00765,0.99083
10946418,2,2,0.00128,0.00671,0.99201
15753152,2,2,0.00414,0.01307,0.98279
13346448,2,2,0.00308,0.01344,0.98348
11455332,2,2,0.00431,0.06604,0.92965
16918344,2,2,0.00156,0.0083,0.99014
7874439,2,2,0.00147,0.00771,0.99082
30500013,2,2,0.0019,0.01305,0.98505
39571949,2,2,0.01047,0.11795,0.87158
4766987,2,2,0.01166,0.13186,0.85648
18467290,2,2,0.00222,0.01425,0.98353
1602277,2,2,0.01848,0.03372,0.9478
2939912,2,2,0.00646,0.0272,0.96634
25138300,2,2,0.00298,0.03111,0.96591
34339067,2,2,0.00366,0.01151,0.98483
17851875,2,1,0.0739,0.86921,0.05688
27190483,2,2,0.00508,0.01227,0.98265
7296043,2,2,0.00625,0.06552,0.92823
17540047,2,2,0.00156,0.00936,0.98908
15288399,2,2,0.00304,0.02755,0.96941
3579667,2,2,0.0512,0.44756,0.50124
18789126,2,1,0.07457,0.58197,0.34346
19593200,2,2,0.00204,0.00711,0.99086
4105677,2,2,0.04262,0.17174,0.78564
37027627,2,2,0.00234,0.00862,0.98904
34229998,2,2,0.01572,0.19679,0.78749
22595770,2,2,0.00196,0.01208,0.98596
13699561,2,1,0.04372,0.73379,0.22249
27946245,2,2,0.00466,0.03413,0.9612
11522103,2,2,0.03751,0.12844,0.83405
26771556,2,2,0.00359,0.01641,0.98
22547567,2,2,0.00226,0.01274,0.985
40057179,2,2,0.00172,0.00716,0.99112
23867874,2,1,0.27683,0.43435,0.28881
38709436,2,2,0.00224,0.00482,0.99294
29712586,2,2,0.01204,0.08233,0.90563
37507180,2,1,0.107,0.84905,0.04396
37931101,2,2,0.00296,0.00541,0.99162
20115215,2,2,0.00204,0.00638,0.99159
11145980,2,2,0.00166,0.00563,0.9927
29629014,2,2,0.00183,0.00559,0.99258
30270034,2,2,0.00851,0.03088,0.96061
33234833,2,2,0.00441,0.01242,0.98316
28727245,2,2,0.00224,0.00722,0.99055
41486352,2,2,0.00126,0.00658,0.99216
9055710,2,2,0.00158,0.00901,0.98941
27754839,2,2,0.0032,0.00749,0.98931
32019021,2,1,0.15833,0.5091,0.33257
25975331,2,2,0.00266,0.01982,0.97752
35271627,2,2,0.0206,0.25891,0.72049
18646289,2,2,0.00147,0.00783,0.9907
16160918,2,2,0.00275,0.01922,0.97803
16577758,2,2,0.00184,0.01295,0.98521
5862501,2,2,0.00376,0.01765,0.9786
27956575,2,2,0.0012,0.00628,0.99252
37009017,2,2,0.00746,0.10297,0.88957
34400114,2,2,0.00152,0.00486,0.99362
1322224,2,2,0.00132,0.00559,0.99309
7817720,2,2,0.00353,0.01813,0.97834
33186080,2,2,0.0053,0.00777,0.98692
15726025,2,2,0.00341,0.00567,0.99092
19553670,2,2,0.00113,0.00416,0.99471
15097381,2,2,0.00351,0.00704,0.98945
10025821,2,2,0.01047,0.11795,0.87158
29472579,2,2,0.00279,0.01849,0.97871
2316903,2,2,0.00291,0.00896,0.98813
24749493,2,2,0.00212,0.01162,0.98626
32012278,2,2,0.00134,0.00633,0.99233
31815541,2,2,0.00268,0.04279,0.95453
41111638,2,2,0.00361,0.00982,0.98656
28106427,2,2,0.00151,0.00668,0.9918
20550104,2,2,0.00133,0.00811,0.99055
4552271,2,2,0.00183,0.00599,0.99218
19410412,2,2,0.37171,0.24628,0.38201
5975350,2,2,0.00156,0.00722,0.99122
33628584,2,2,0.00162,0.01528,0.9831
35527215,2,2,0.00134,0.00595,0.99271
35227881,2,2,0.00518,0.05281,0.94201
21905157,2,2,0.0025,0.00594,0.99156
21013818,2,2,0.00601,0.03003,0.96396
33560036,2,2,0.18422,0.0946,0.72118
41305679,2,1,0.08986,0.64604,0.2641
10672106,2,2,0.00179,0.01027,0.98794
16996590,2,1,0.24975,0.54046,0.20979
481424,2,2,0.00194,0.00716,0.99089
36289306,2,2,0.00175,0.01564,0.98261
35641055,2,2,0.00203,0.00918,0.98879
1525051,2,2,0.0021,0.00727,0.99063
15434225,2,2,0.00443,0.05432,0.94125
33383256,2,2,0.02398,0.05489,0.92113
109865,2,2,0.00643,0.09642,0.89714
8400627,2,2,0.00277,0.02473,0.9725
3746301,2,2,0.00276,0.01334,0.9839
15311643,2,2,0.00129,0.01114,0.98757
36055944,2,2,0.00345,0.00835,0.98819
19745752,2,2,0.00124,0.0053,0.99347
3769477,2,2,0.00823,0.11245,0.87932
14771398,2,2,0.0018,0.00756,0.99064
3047854,2,2,0.00693,0.09895,0.89411
15094094,2,2,0.00211,0.01844,0.97945
34315576,2,2,0.00315,0.00855,0.9883
20110008,2,2,0.00111,0.00703,0.99186
19538636,2,2,0.0021,0.00843,0.98947
24575183,2,2,0.00191,0.01118,0.98691
19975990,2,2,0.00377,0.00726,0.98897
7940526,2,2,0.00242,0.00623,0.99135
37353281,2,2,0.00151,0.00695,0.99154
6892817,2,1,0.061,0.84209,0.09691
27446292,2,2,0.00235,0.021,0.97666
7554572,2,2,0.00111,0.0059,0.99299
32939394,2,2,0.00258,0.00525,0.99218
43935,2,2,0.00655,0.09389,0.89956
24592134,2,2,0.00695,0.06786,0.92519
25006079,2,2,0.01898,0.11514,0.86588
21025023,2,2,0.00588,0.021,0.97312
14777063,2,2,0.0086,0.02787,0.96353
14026102,2,1,0.45557,0.52847,0.01596
9134288,2,2,0.00862,0.02593,0.96545
22127608,2,2,0.00149,0.00595,0.99256
27442432,2,2,0.0022,0.0075,0.9903
30052439,2,2,0.00207,0.00733,0.9906
36225806,2,2,0.19027,0.38511,0.42462
3521313,2,1,0.27006,0.63222,0.09771
32519315,2,2,0.00283,0.03591,0.96126
19924537,2,2,0.00172,0.00711,0.99118
14289463,2,2,0.01047,0.11795,0.87158
23078109,2,2,0.00275,0.03452,0.96273
32905321,2,2,0.00132,0.00658,0.9921
34461063,2,2,0.033,0.18589,0.7811
40650584,2,2,0.01683,0.30546,0.6777
16958291,2,2,0.00226,0.01007,0.98767
14428718,2,2,0.00361,0.01086,0.98553
13233149,2,2,0.00217,0.00762,0.99021
32972050,2,2,0.00188,0.01047,0.98765
3779244,2,2,0.00166,0.01149,0.98686
33845391,2,1,0.0183,0.72515,0.25655
35176512,2,2,0.00211,0.01618,0.98171
7486385,2,2,0.00328,0.0285,0.96822
10079674,2,2,0.0648,0.05457,0.88064
14646496,2,2,0.00513,0.01035,0.98452
20065307,2,2,0.0023,0.00879,0.9889
15223672,2,2,0.00217,0.00633,0.99151
6313355,2,1,0.06211,0.71639,0.2215
21335686,2,1,0.46689,0.52086,0.01225
20697698,2,2,0.00161,0.00827,0.99012
32823969,2,2,0.00224,0.00497,0.99279
38944189,2,2,0.00294,0.01308,0.98398
13330768,2,2,0.04394,0.09393,0.86212
31684615,2,2,0.0296,0.30721,0.66319
21719611,2,2,0.00476,0.01489,0.98036
2005957,2,1,0.45903,0.52834,0.01262
28801170,2,2,0.0029,0.01334,0.98377
35047375,2,2,0.00233,0.01171,0.98596
14102195,2,2,0.00163,0.0126,0.98577
4955868,2,2,0.00324,0.00882,0.98794
41477811,2,1,0.14265,0.75997,0.09738
15628943,2,2,0.00158,0.00908,0.98934
38746646,2,1,0.17383,0.61628,0.20988
22327820,2,0,0.62163,0.18161,0.19675
10864610,2,2,0.00623,0.06936,0.92441
2806403,2,1,0.20081,0.78343,0.01576
21977302,2,0,0.54081,0.4414,0.0178
1661575,2,2,0.00512,0.07873,0.91615
38088856,2,2,0.00178,0.01505,0.98317
22628255,2,2,0.00209,0.01157,0.98634
977946,2,2,0.00145,0.00668,0.99187
36502111,2,2,0.00649,0.04481,0.9487
17768380,2,2,0.00227,0.0091,0.98863
34857767,2,2,0.00253,0.00849,0.98898
4461455,2,2,0.0069,0.02335,0.96975
22664629,2,2,0.0137,0.0259,0.9604
4145029,2,2,0.00161,0.00996,0.98843
36904933,2,2,0.00132,0.00464,0.99404
17160148,2,2,0.00185,0.01153,0.98662
15340847,2,2,0.00647,0.03269,0.96084
41190239,2,2,0.00181,0.01744,0.98075
40427945,2,2,0.00217,0.00694,0.99089
32012868,2,2,0.00147,0.00505,0.99348
40498166,2,2,0.00379,0.00861,0.9876
7830669,2,2,0.00808,0.08709,0.90483
28619150,2,2,0.00213,0.00722,0.99065
16209013,2,2,0.00407,0.01444,0.98148
32984988,2,2,0.0025,0.02099,0.97651
20058862,2,2,0.00216,0.00973,0.98811
18796118,2,2,0.01358,0.01916,0.96726
13582794,2,2,0.00671,0.0862,0.90708
11432223,2,2,0.02062,0.43068,0.5487
9675276,2,2,0.0018,0.00745,0.99076
15966510,2,2,0.00367,0.02636,0.96998
31988852,2,2,0.00204,0.00678,0.99118
39927911,2,2,0.00164,0.02146,0.9769
15988703,2,2,0.01056,0.20156,0.78789
6107057,2,2,0.00172,0.00604,0.99224
3756915,2,2,0.00154,0.00604,0.99242
20658058,2,2,0.00203,0.00823,0.98973
34764850,2,2,0.00193,0.01176,0.98631
19189988,2,2,0.0096,0.0114,0.979
28344643,2,2,0.01714,0.2539,0.72896
26155194,2,2,0.06032,0.23303,0.70665
17705,2,2,0.00155,0.01232,0.98613
18108983,2,2,0.00156,0.00648,0.99196
16029790,2,2,0.00174,0.00973,0.98853
19694718,2,2,0.00177,0.00856,0.98967
30191702,2,2,0.01183,0.18433,0.80384
35721388,2,2,0.02092,0.20636,0.77273
8244589,2,2,0.00195,0.00501,0.99304
35739282,2,2,0.00193,0.01157,0.98649
4124649,2,2,0.00144,0.0131,0.98546
1542753,2,2,0.00475,0.00881,0.98644
25446226,2,2,0.00163,0.00943,0.98893
23344376,2,2,0.00367,0.02537,0.97096
36173092,2,2,0.00255,0.01397,0.98347
38964271,2,2,0.00523,0.02877,0.966
19673516,2,2,0.00185,0.01149,0.98667
15811460,2,2,0.00387,0.01972,0.97641
21271031,2,2,0.00172,0.00572,0.99256
18516906,2,2,0.03641,0.23791,0.72568
36868251,2,2,0.00244,0.0124,0.98516
32168486,2,2,0.00192,0.00501,0.99307
16647021,2,2,0.00227,0.00647,0.99125
8879726,2,2,0.00152,0.00525,0.99323
26281191,2,2,0.00472,0.05244,0.94284
24531941,2,2,0.00668,0.03177,0.96155
4350524,2,2,0.00653,0.09761,0.89586
32362708,2,2,0.00159,0.00711,0.9913
4486586,2,2,0.00156,0.00706,0.99138
4059488,2,1,0.05696,0.83044,0.11261
16198249,2,2,0.00376,0.01597,0.98027
21110799,2,2,0.08402,0.17298,0.743
29535800,2,2,0.00612,0.02629,0.96758
32508216,2,2,0.00209,0.0126,0.98531
1137113,2,2,0.00342,0.01841,0.97817
10460522,2,2,0.00446,0.01633,0.97921
26240656,2,1,0.11038,0.82685,0.06277
12110435,2,2,0.00207,0.00529,0.99264
30617649,2,2,0.00588,0.05055,0.94357
31502443,2,2,0.0023,0.0098,0.9879
14794996,2,2,0.00238,0.00572,0.9919
11364463,2,2,0.01446,0.22015,0.76539
2656434,2,2,0.00234,0.00762,0.99004
37160226,2,2,0.01788,0.02857,0.95355
11501560,2,2,0.00203,0.00792,0.99004
9167357,2,2,0.00194,0.01007,0.98799
38906034,2,1,0.03231,0.5817,0.38599
5097988,2,2,0.00524,0.0707,0.92406
21730895,2,1,0.03959,0.57282,0.38759
19817101,2,2,0.01954,0.03886,0.94159
29182193,2,2,0.00288,0.018,0.97911
29226526,2,2,0.00305,0.03983,0.95712
26509928,2,2,0.00282,0.01022,0.98696
39614921,2,2,0.00368,0.03898,0.95735
19328392,2,2,0.00191,0.00943,0.98866
30678059,2,2,0.00154,0.00559,0.99287
24267678,2,2,0.00154,0.00684,0.99162
20626434,2,2,0.00588,0.01294,0.98118
5728737,2,2,0.00884,0.01577,0.97539
16572280,2,2,0.00223,0.0118,0.98598
4144502,2,2,0.00824,0.02441,0.96735
18200073,2,2,0.04836,0.10118,0.85047
4833540,2,2,0.00175,0.00439,0.99386
24585539,2,1,0.05519,0.5933,0.35152
14958588,2,2,0.00136,0.00711,0.99153
6012802,2,2,0.00207,0.00798,0.98995
2287537,2,2,0.00128,0.00534,0.99339
20984442,2,2,0.00539,0.0304,0.96422
2130940,2,2,0.0151,0.13455,0.85036
35892627,2,2,0.0018,0.00786,0.99034
6240384,2,2,0.00445,0.03505,0.9605
27974129,2,2,0.19704,0.32518,0.47778
19364251,2,2,0.002,0.00921,0.98879
4888930,2,2,0.05264,0.16166,0.7857
12530507,2,2,0.00196,0.01612,0.98192
12113980,2,2,0.00201,0.02037,0.97762
6193633,2,2,0.00208,0.01481,0.9831
14817679,2,1,0.05108,0.59847,0.35045
34046439,2,2,0.00623,0.00907,0.9847
15161980,2,2,0.00971,0.02267,0.96762
33597710,2,0,0.63546,0.35093,0.01361
36811101,2,2,0.00471,0.00847,0.98681
39320427,2,2,0.00156,0.00609,0.99235
38862105,2,2,0.003,0.00829,0.98871
34069613,2,2,0.00374,0.02153,0.97472
15179530,2,2,0.01061,0.02709,0.96231
36478755,2,2,0.01013,0.01157,0.9783
11765799,2,2,0.00394,0.03191,0.96415
9256887,2,2,0.00226,0.01226,0.98548
16204949,2,2,0.01755,0.36373,0.61872
20845049,2,2,0.00261,0.00768,0.98971
26918275,2,2,0.00287,0.00512,0.992
29733222,2,2,0.00344,0.04151,0.95504
6339034,2,2,0.00252,0.01198,0.9855
30414258,2,2,0.00206,0.0132,0.98475
25872814,2,2,0.04116,0.17604,0.7828
30725859,2,2,0.0018,0.00808,0.99013
39236516,2,2,0.00847,0.02063,0.97091
14302049,2,2,0.00616,0.02021,0.97363
2901584,2,0,0.77466,0.20768,0.01766
19944514,2,2,0.00792,0.0246,0.96747
19095257,2,2,0.00179,0.0108,0.98741
34551700,2,2,0.00344,0.04151,0.95504
32091201,2,2,0.01373,0.04626,0.94002
291972,2,2,0.00356,0.02401,0.97242
17285189,2,2,0.0018,0.00695,0.99126
35201436,2,2,0.00368,0.06829,0.92804
18312282,2,2,0.00577,0.06796,0.92627
13939953,2,2,0.00531,0.01356,0.98112
24160312,2,2,0.00191,0.00643,0.99166
8824766,2,2,0.00138,0.0085,0.99012
18921556,2,2,0.00292,0.03517,0.9619
2761147,2,1,0.05264,0.84289,0.10447
16122223,2,2,0.00147,0.00586,0.99267
8795014,2,2,0.00327,0.01739,0.97935
23295998,2,2,0.02203,0.10474,0.87323
39284923,2,2,0.00397,0.00945,0.98658
35952140,2,2,0.0031,0.00842,0.98848
20101776,2,2,0.01017,0.16932,0.82051
25566791,2,2,0.0023,0.00961,0.98809
33845622,2,2,0.00517,0.00922,0.98561
29247780,2,2,0.00166,0.00873,0.98961
39331794,2,2,0.00246,0.02232,0.97523
18566227,2,2,0.00267,0.0155,0.98183
12441723,2,2,0.00607,0.0352,0.95874
32619703,2,2,0.00182,0.02333,0.97484
10670230,2,2,0.00161,0.0083,0.99009
17255238,2,2,0.0027,0.00733,0.98998
40083093,2,2,0.00215,0.01382,0.98403
41620502,2,2,0.0018,0.00768,0.99052
23439902,2,2,0.00149,0.00486,0.99365
12496710,2,2,0.00234,0.00768,0.98998
28236133,2,2,0.01109,0.02866,0.96025
8418453,2,2,0.00281,0.02838,0.96881
31391446,2,2,0.0173,0.02355,0.95916
41514422,2,2,0.008,0.03837,0.95363
7250418,2,1,0.15636,0.80733,0.03631
6293326,2,2,0.01792,0.11848,0.86359
25557571,2,2,0.00181,0.01738,0.98082
14000287,2,2,0.00321,0.01996,0.97683
14123625,2,1,0.10368,0.83488,0.06143
4341602,2,2,0.00159,0.00568,0.99273
36732598,2,2,0.00177,0.00756,0.99067
2721151,2,0,0.52323,0.37613,0.10064
14897529,2,2,0.00172,0.00542,0.99286
34878750,2,2,0.00161,0.00796,0.99043
5784322,2,2,0.00182,0.01101,0.98717
35809831,2,2,0.00872,0.01471,0.97657
29384251,2,2,0.00322,0.01693,0.97986
23549683,2,2,0.00301,0.02239,0.9746
14900386,2,2,0.00401,0.01385,0.98214
38107632,2,2,0.0036,0.01282,0.98357
29778304,2,2,0.00341,0.0071,0.9895
11231578,2,2,0.12256,0.20573,0.6717
15887161,2,2,0.0551,0.15094,0.79396
39099208,2,2,0.00282,0.00991,0.98727
31062736,2,1,0.0727,0.86512,0.06218
19103490,2,2,0.00305,0.00917,0.98778
15295296,2,2,0.01964,0.07025,0.91011
38337784,2,2,0.01105,0.07647,0.91248
37735641,2,2,0.0024,0.01436,0.98324
9493888,2,2,0.00251,0.01414,0.98335
16667005,2,2,0.00314,0.05496,0.9419
10655449,2,2,0.00551,0.05409,0.94041
11155860,2,2,0.00373,0.05518,0.94109
13206556,2,2,0.00114,0.00687,0.99199
1088474,2,2,0.00216,0.01063,0.98721
14780786,2,0,0.56006,0.26128,0.17866
33190110,2,2,0.00434,0.01337,0.98229
23518250,2,2,0.00778,0.02727,0.96495
3312072,2,2,0.01832,0.13963,0.84206
36939202,2,1,0.04556,0.75865,0.19579
16691342,2,2,0.00144,0.00955,0.98901
29675590,2,2,0.00377,0.0149,0.98133
13190053,2,2,0.00241,0.00969,0.9879
602213,2,1,0.34251,0.53049,0.12699
17753087,2,1,0.12312,0.6708,0.20609
33536516,2,1,0.38132,0.57242,0.04626
13740983,2,2,0.00265,0.0078,0.98955
17599110,2,1,0.03837,0.51737,0.44426
9116569,2,2,0.08717,0.43414,0.47868
20231998,2,2,0.00146,0.01027,0.98826
5721521,2,2,0.00383,0.02903,0.96713
3881854,2,1,0.10341,0.81975,0.07685
32043997,2,2,0.169,0.28973,0.54128
8396603,2,1,0.04384,0.808,0.14816
18055099,2,2,0.00144,0.00722,0.99133
6593823,2,2,0.0015,0.01399,0.98451
9273529,2,2,0.00234,0.00987,0.98779
27897917,2,1,0.12915,0.47613,0.39472
3950738,2,2,0.00283,0.03416,0.963
14499572,2,0,0.55731,0.43066,0.01203
16865953,2,2,0.00423,0.00848,0.9873
6042552,2,2,0.00281,0.02761,0.96958
25770207,2,2,0.00142,0.0079,0.99068
38002225,2,2,0.04104,0.19068,0.76828
10917868,2,2,0.00884,0.1957,0.79546
24648002,2,2,0.00473,0.04984,0.94543
523621,2,2,0.00147,0.00827,0.99026
4069385,2,2,0.00204,0.007,0.99097
18871157,2,2,0.00166,0.00563,0.9927
39847925,2,2,0.00346,0.02179,0.97475
12260763,2,2,0.00147,0.00572,0.99281
27141926,2,2,0.0048,0.03666,0.95854
39240861,2,2,0.08582,0.33679,0.57739
18926864,2,0,0.74156,0.24646,0.01199
40296249,2,2,0.04679,0.06689,0.88632
5227212,2,2,0.00174,0.00904,0.98922
34121695,2,2,0.01047,0.11795,0.87158
41185060,2,2,0.01653,0.05242,0.93105
10458400,2,2,0.00207,0.00642,0.99151
22603268,2,2,0.00288,0.01881,0.97831
20407176,2,2,0.00297,0.01921,0.97782
27705619,2,2,0.00191,0.00705,0.99103
5692871,2,2,0.00194,0.00663,0.99143
27764840,2,2,0.00276,0.03121,0.96604
22189450,2,2,0.00468,0.00796,0.98736
10317426,2,2,0.01494,0.00865,0.97641
29211574,2,2,0.03047,0.1264,0.84313
34533974,2,2,0.01393,0.05414,0.93193
6132899,2,2,0.01853,0.08886,0.89262
6211568,2,2,0.03646,0.10058,0.86296
23895863,2,2,0.00348,0.01502,0.98149
6096915,2,1,0.36076,0.58787,0.05137
29306587,2,2,0.00397,0.00945,0.98658
26005244,2,2,0.00185,0.01031,0.98784
1796252,2,2,0.00269,0.03799,0.95932
25289581,2,2,0.00591,0.045,0.94909
8653923,2,2,0.00183,0.0203,0.97788
22824976,2,2,0.00138,0.00577,0.99285
18433798,2,2,0.01009,0.24838,0.74153
30356044,2,2,0.0045,0.03876,0.95674
1091699,2,2,0.00213,0.00756,0.99031
25673375,2,2,0.00194,0.00684,0.99122
14095074,2,2,0.00367,0.01095,0.98539
29297107,2,2,0.00343,0.01666,0.97991
17655401,2,2,0.00269,0.00924,0.98807
22475736,2,2,0.00171,0.01051,0.98778
41557317,2,2,0.00533,0.02621,0.96846
27133892,2,2,0.00561,0.02166,0.97273
725945,2,2,0.00463,0.02715,0.96823
37455644,2,2,0.00195,0.00533,0.99272
11259273,2,2,0.02359,0.38672,0.58968
24264452,2,2,0.00266,0.00652,0.99082
41616609,2,1,0.30499,0.6113,0.08371
40975163,2,2,0.01317,0.01887,0.96795
1656623,2,2,0.00191,0.00943,0.98866
41044316,2,2,0.00162,0.00478,0.9936
11731362,2,2,0.00243,0.01557,0.982
10043652,2,2,0.00219,0.01051,0.9873
31781647,2,2,0.00552,0.02216,0.97232
39696353,2,2,0.00203,0.0253,0.97267
30413454,2,2,0.00555,0.06071,0.93373
12049532,2,2,0.00177,0.00856,0.98967
11392758,2,2,0.00493,0.08408,0.91099
9814410,2,2,0.0014,0.00521,0.99338
19282959,2,2,0.0027,0.00632,0.99098
32870295,2,2,0.00233,0.01314,0.98453
27067778,2,1,0.0533,0.89105,0.05564
10310702,2,2,0.0013,0.00604,0.99266
244639,2,2,0.00367,0.00881,0.98751
12664778,2,2,0.00245,0.0083,0.98925
9898486,2,2,0.00265,0.00798,0.98937
37563233,2,2,0.01125,0.00761,0.98115
16161219,2,2,0.00506,0.04623,0.94871
9201887,2,2,0.00274,0.00798,0.98929
11423475,2,2,0.0018,0.00542,0.99278
24917350,2,2,0.00145,0.00563,0.99292
7526313,2,2,0.03462,0.14606,0.81932
25047253,2,2,0.00227,0.00961,0.98812
16007116,2,2,0.0095,0.0367,0.95381
34040363,2,2,0.00411,0.00698,0.98891
38954720,2,2,0.0018,0.0084,0.98981
2193515,2,2,0.00182,0.00774,0.99043
3146527,2,2,0.00217,0.03783,0.96
37970312,2,2,0.0026,0.01046,0.98693
10728395,2,2,0.0012,0.00734,0.99147
2388998,2,2,0.00152,0.00517,0.99331
23835213,2,2,0.01143,0.13527,0.85329
13035392,2,2,0.00147,0.00643,0.9921
34147733,2,2,0.00267,0.01808,0.97926
2250026,2,1,0.09323,0.87083,0.03594
8498683,2,2,0.00435,0.02695,0.9687
38495888,2,2,0.00217,0.00673,0.9911
3534818,2,0,0.63729,0.25325,0.10945
10484230,2,0,0.82707,0.15106,0.02187
11216130,2,2,0.00182,0.01043,0.98775
24057945,2,2,0.00242,0.00733,0.99026
28023050,2,2,0.00336,0.02034,0.9763
20113917,2,2,0.00713,0.05857,0.93429
6158289,2,2,0.08553,0.14018,0.77429
20391747,2,2,0.00156,0.00648,0.99196
30216226,2,2,0.00322,0.01673,0.98005
1902516,2,2,0.00898,0.05376,0.93726
37961685,2,2,0.00151,0.00739,0.99109
8824767,2,2,0.00183,0.00493,0.99324
15817599,2,2,0.00158,0.01404,0.98438
41238329,2,2,0.0387,0.02,0.9413
39574574,2,2,0.00496,0.01903,0.97601
30081402,2,2,0.00311,0.03393,0.96296
25356095,2,2,0.00557,0.04268,0.95175
5497756,2,2,0.01711,0.01923,0.96366
270890,2,2,0.00223,0.00969,0.98808
40174171,2,2,0.00187,0.01546,0.98268
30248614,2,2,0.00145,0.00618,0.99237
20342383,2,2,0.00235,0.00525,0.9924
24174467,2,2,0.00369,0.02026,0.97605
31566515,2,2,0.00155,0.01682,0.98163
30980195,2,2,0.00234,0.01007,0.9876
22962257,2,2,0.00188,0.00833,0.98979
20080818,2,2,0.00163,0.0126,0.98577
21677068,2,2,0.00799,0.05337,0.93864
14058776,2,2,0.01257,0.02734,0.96009
39630724,2,2,0.00309,0.01042,0.98649
37910316,2,2,0.00299,0.02709,0.96992
31770690,2,2,0.00164,0.00658,0.99178
21916245,2,2,0.00328,0.01308,0.98364
33209871,2,2,0.01493,0.01679,0.96828
17870564,2,2,0.01994,0.03419,0.94587
21481650,2,2,0.00363,0.01995,0.97642
33501079,2,2,0.00252,0.01329,0.98419
24514926,2,2,0.00891,0.01552,0.97556
337079,2,2,0.00201,0.01865,0.97934
905754,2,2,0.01304,0.03615,0.9508
19774579,2,2,0.01382,0.35086,0.63532
15486886,2,1,0.38378,0.59674,0.01948
23465062,2,2,0.00161,0.0108,0.98759
11985245,2,2,0.00208,0.0165,0.98142
7103425,2,2,0.04733,0.18884,0.76383
34900600,2,2,0.04007,0.13599,0.82394
7119949,2,2,0.0022,0.00954,0.98827
14088047,2,2,0.0018,0.00739,0.99081
10855024,2,2,0.00156,0.00765,0.99078
38855269,2,2,0.00172,0.00684,0.99145
26159763,2,2,0.00176,0.01051,0.98773
12323137,2,2,0.00206,0.01092,0.98702
26705858,2,2,0.00627,0.06275,0.93098
2132042,2,2,0.00198,0.00572,0.9923
32304380,2,2,0.00145,0.00529,0.99326
24321743,2,2,0.00325,0.05328,0.94347
37627475,2,2,0.00122,0.00546,0.99332
4933710,2,2,0.00193,0.01464,0.98343
39967124,2,2,0.15439,0.1098,0.73582
27722272,2,0,0.47239,0.3545,0.17311
30294131,2,2,0.00257,0.00804,0.98939
23710743,2,2,0.00222,0.01403,0.98375
35655770,2,2,0.00177,0.00856,0.98967
26584540,2,2,0.00728,0.00949,0.98323
39694318,2,2,0.00134,0.00736,0.9913
2038000,2,0,0.61975,0.37007,0.01018
24739771,2,2,0.00207,0.00623,0.9917
2502888,2,2,0.00208,0.01858,0.97934
33347472,2,2,0.00249,0.00876,0.98875
1777507,2,2,0.00172,0.00563,0.99265
18011791,2,2,0.00226,0.01409,0.98366
11489494,2,2,0.00171,0.00992,0.98837
2301060,2,2,0.00873,0.11416,0.87711
22915437,2,1,0.19092,0.76925,0.03982
16405867,2,2,0.00149,0.00821,0.9903
12658713,2,2,0.00366,0.01151,0.98483
40313493,2,2,0.00505,0.00944,0.98551
21591221,2,2,0.00197,0.01003,0.988
16437223,2,2,0.0027,0.02047,0.97683
22100568,2,2,0.0021,0.0089,0.98901
40895325,2,2,0.002,0.0078,0.9902
40068377,2,2,0.00719,0.03651,0.95631
19316511,2,2,0.00298,0.01503,0.98199
28819049,2,2,0.00209,0.02571,0.9722
39022003,2,2,0.00179,0.01171,0.9865
22647731,2,2,0.01094,0.09263,0.89643
27141956,2,2,0.00149,0.00962,0.98889
6870381,2,2,0.00142,0.01004,0.98854
5523425,2,2,0.00197,0.00876,0.98927
27119967,2,2,0.00165,0.01588,0.98247
9636780,2,2,0.00172,0.0055,0.99278
8272859,2,2,0.002,0.01135,0.98665
16640146,2,1,0.03348,0.87021,0.09631
24579482,2,2,0.00444,0.03713,0.95844
3786911,2,2,0.00242,0.00637,0.99121
4117830,2,2,0.00383,0.05893,0.93724
8062691,2,2,0.00728,0.03935,0.95337
8645267,2,2,0.00748,0.04361,0.94892
11152894,2,2,0.00315,0.00744,0.98941
13114497,2,2,0.00309,0.01014,0.98677
14696703,2,2,0.00262,0.02067,0.97671
26779696,2,2,0.00229,0.01521,0.9825
3505703,2,2,0.00188,0.00897,0.98915
25390677,2,2,0.0021,0.00886,0.98904
21005666,2,2,0.0024,0.01392,0.98368
6065575,2,2,0.00454,0.01466,0.9808
35958518,2,2,0.00174,0.00876,0.9895
28265932,2,2,0.00554,0.00958,0.98488
2186231,2,2,0.02336,0.0932,0.88344
39289923,2,2,0.00211,0.01649,0.98139
19387973,2,2,0.00169,0.00653,0.99178
12358907,2,2,0.00362,0.03883,0.95755
27091813,2,2,0.00255,0.01515,0.9823
30266388,2,2,0.0023,0.00849,0.9892
22096609,2,2,0.00478,0.02653,0.96869
6953494,2,2,0.00334,0.00945,0.9872
16916809,2,2,0.00204,0.01991,0.97805
14930857,2,2,0.00367,0.04013,0.9562
7208783,2,2,0.00641,0.01188,0.9817
2624669,2,2,0.00444,0.08072,0.91484
30525684,2,1,0.07258,0.8739,0.05352
6230091,2,2,0.00253,0.02492,0.97255
32948306,2,2,0.0026,0.01245,0.98495
29253308,2,2,0.00219,0.01189,0.98592
40958217,2,2,0.00224,0.00637,0.99139
22467636,2,2,0.00577,0.03853,0.9557
6605682,2,1,0.09052,0.69824,0.21124
7398109,2,2,0.00207,0.00413,0.9938
22670741,2,2,0.00186,0.01695,0.98119
22190758,2,2,0.12892,0.27027,0.6008
36512493,2,2,0.01064,0.03176,0.9576
13337135,2,2,0.0037,0.01731,0.97899
40524095,2,2,0.00122,0.00568,0.9931
31530,2,2,0.00174,0.00897,0.98929
9587004,2,2,0.00268,0.01193,0.98539
30442423,2,2,0.00478,0.04054,0.95468
33151096,2,2,0.00393,0.0189,0.97717
21671860,2,2,0.00373,0.02581,0.97046
20714793,2,2,0.08721,0.14155,0.77124
19170226,2,2,0.00686,0.037,0.95614
22579257,2,1,0.05945,0.66459,0.27596
33162496,2,2,0.00237,0.01153,0.98611
24035501,2,2,0.06956,0.05271,0.87773
11265552,2,1,0.35459,0.62965,0.01576
578492,2,2,0.00269,0.02413,0.97318
10857770,2,2,0.00237,0.01153,0.98611
12425214,2,2,0.00195,0.00517,0.99288
13443077,2,2,0.00711,0.03273,0.96017
4342962,2,2,0.00172,0.00705,0.99123
25902544,2,2,0.00233,0.02816,0.96952
12620605,2,2,0.02195,0.35148,0.62657
6435773,2,2,0.00382,0.01628,0.9799
9515420,2,2,0.00254,0.00533,0.99213
12284795,2,2,0.00609,0.00907,0.98484
11020636,2,2,0.02702,0.47889,0.49409
4523661,2,2,0.00324,0.00983,0.98693
20680291,2,2,0.00213,0.01071,0.98716
2142260,2,2,0.00161,0.00623,0.99216
21963924,2,2,0.00272,0.03022,0.96707
20313997,2,2,0.02341,0.02694,0.94965
37559211,2,2,0.00301,0.01966,0.97733
40358532,2,2,0.006,0.02382,0.97018
35893527,2,2,0.00164,0.00728,0.99109
34491796,2,2,0.00159,0.00501,0.9934
39292912,2,2,0.00781,0.1033,0.88889
12645022,2,2,0.00234,0.00943,0.98824
39360895,2,2,0.00163,0.0087,0.98967
10227520,2,2,0.0093,0.01909,0.9716
11897728,2,2,0.00194,0.00768,0.99038
23846888,2,1,0.08803,0.87183,0.04014
641828,2,2,0.00145,0.00521,0.99334
33068241,2,2,0.00194,0.00873,0.98933
9565558,2,2,0.00518,0.00815,0.98668
32564186,2,2,0.01701,0.23111,0.75188
10046633,2,2,0.00161,0.00684,0.99155
10814961,2,1,0.05074,0.88203,0.06722
32097061,2,2,0.00374,0.02097,0.97529
4917076,2,2,0.00188,0.00856,0.98956
37297869,2,2,0.0958,0.0652,0.83899
1125345,2,2,0.00559,0.0389,0.9555
12720550,2,2,0.02003,0.33216,0.64781
943937,2,2,0.00188,0.00999,0.98813
1682661,2,0,0.90542,0.08982,0.00475
3703356,2,2,0.00202,0.01594,0.98205
15456247,2,2,0.02216,0.16565,0.81219
18333084,2,2,0.00138,0.00897,0.98965
26762427,2,2,0.01091,0.02179,0.96729
34487913,2,2,0.00522,0.00736,0.98741
18657790,2,2,0.00188,0.00904,0.98908
28756540,2,2,0.00772,0.03442,0.95786
17478326,2,2,0.00278,0.0075,0.98972
9570295,2,2,0.00867,0.06409,0.92723
38764491,2,2,0.03202,0.07504,0.89294
20299854,2,2,0.01098,0.01585,0.97317
39881262,2,2,0.00191,0.00897,0.98912
7438952,2,2,0.00385,0.00952,0.98663
40584688,2,2,0.00309,0.01165,0.98526
37761957,2,2,0.00182,0.01275,0.98544
17745797,2,1,0.0335,0.6782,0.28829
17994049,2,2,0.00318,0.02894,0.96788
40814825,2,2,0.00166,0.00739,0.99095
29146393,2,2,0.0051,0.05349,0.94141
25631671,2,2,0.10769,0.19825,0.69406
21151300,2,2,0.00245,0.0105,0.98705
36660498,2,2,0.00644,0.09524,0.89832
13510589,2,2,0.00159,0.00706,0.99136
28310068,2,2,0.00177,0.00856,0.98967
22930214,2,1,0.09676,0.75513,0.14811
35861414,2,2,0.00269,0.00792,0.98939
28757770,2,2,0.00151,0.0078,0.99068
5274886,2,2,0.00173,0.01127,0.987
9979732,2,2,0.00172,0.00568,0.99261
6446629,2,2,0.00302,0.01958,0.9774
203433,2,2,0.00235,0.01829,0.97936
25829829,2,2,0.00149,0.00614,0.99237
5436619,2,2,0.03016,0.03161,0.93823
6031584,2,2,0.00159,0.00555,0.99286
26291930,2,2,0.00151,0.0106,0.9879
18415724,2,2,0.0022,0.00873,0.98908
39362599,2,2,0.09647,0.11147,0.79207
17114164,2,0,0.97068,0.02732,0.00199
14296893,2,2,0.00271,0.01623,0.98105
22845138,2,2,0.00529,0.04713,0.94758
9146901,2,2,0.00253,0.00786,0.98961
21117877,2,2,0.00272,0.02974,0.96755
21910444,2,2,0.00159,0.00751,0.99091
16736716,2,2,0.00603,0.01051,0.98346
12609105,2,1,0.04547,0.73378,0.22075
20126644,2,2,0.0023,0.00849,0.9892
31630020,2,2,0.00209,0.01314,0.98477
20815072,2,2,0.00192,0.0059,0.99218
14182307,2,2,0.00439,0.01743,0.97818
3741361,2,2,0.00166,0.00668,0.99166
8886852,2,2,0.0039,0.0116,0.9845
32470793,2,2,0.00237,0.00987,0.98775
21630190,2,2,0.00265,0.0078,0.98955
20859559,2,2,0.00543,0.01564,0.97894
15523583,2,2,0.00353,0.01686,0.97961
5239031,2,2,0.0022,0.00594,0.99185
27639874,2,2,0.00164,0.00529,0.99307
30468978,2,2,0.01047,0.11795,0.87158
7485464,2,2,0.00385,0.02369,0.97246
6167205,2,1,0.04554,0.67442,0.28004
5859283,2,2,0.00161,0.00925,0.98914
3538602,2,2,0.00241,0.00925,0.98834
2565474,2,2,0.01047,0.11795,0.87158
27522797,2,2,0.00513,0.01789,0.97698
1689386,2,2,0.00154,0.00684,0.99162
34392140,2,2,0.00231,0.00563,0.99206
38452025,2,2,0.01153,0.12835,0.86013
3321451,2,2,0.00281,0.04253,0.95466
24521067,2,2,0.00618,0.09146,0.90236
38781425,2,2,0.02299,0.25606,0.72095
12256699,2,2,0.00189,0.00609,0.99203
34365475,2,2,0.00136,0.00799,0.99066
18808081,2,2,0.00433,0.0306,0.96507
24308677,2,2,0.00187,0.01176,0.98637
20703324,2,2,0.0012,0.006,0.9928
36806112,2,2,0.00245,0.03861,0.95894
33911538,2,2,0.00289,0.04417,0.95293
24719101,2,2,0.00215,0.01681,0.98104
13622247,2,2,0.0037,0.00848,0.98782
753977,2,2,0.00275,0.01794,0.97931
38575543,2,2,0.00136,0.00663,0.99201
9299273,2,2,0.00207,0.00613,0.9918
7314892,2,2,0.00305,0.00829,0.98866
16274855,2,2,0.00207,0.00856,0.98938
17818770,2,1,0.07994,0.85948,0.06058
6293369,2,2,0.00128,0.00684,0.99188
8532501,2,2,0.00244,0.01193,0.98562
14994486,2,2,0.00248,0.01184,0.98568
26860658,2,2,0.01858,0.02121,0.96021
13507422,2,2,0.0407,0.14182,0.81748
21440085,2,2,0.002,0.02709,0.97092
3403560,2,2,0.00397,0.05382,0.94221
28815410,2,1,0.04467,0.74387,0.21146
22771369,2,2,0.01148,0.14513,0.84339
9671332,2,2,0.00161,0.00762,0.99077
36166626,2,2,0.00234,0.00817,0.98949
25263530,2,2,0.00509,0.0542,0.94071
35068517,2,2,0.00415,0.02706,0.96879
18808958,2,1,0.04903,0.81001,0.14096
3336429,2,2,0.01057,0.17537,0.81406
28767357,2,2,0.00275,0.01835,0.9789
29850860,2,2,0.00294,0.01334,0.98372
27857402,2,2,0.00405,0.02025,0.9757
12939357,2,2,0.00188,0.00745,0.99067
25208842,2,2,0.00237,0.01153,0.98611
9025223,2,2,0.00272,0.01435,0.98293
21947751,2,2,0.00224,0.00537,0.99239
38168393,2,2,0.00306,0.01929,0.97765
8582255,2,2,0.00166,0.02424,0.9741
36173806,2,2,0.00154,0.00653,0.99193
35758990,2,2,0.1684,0.23221,0.59938
16991268,2,2,0.00194,0.00988,0.98818
13112049,2,2,0.00161,0.00595,0.99244
6183093,2,2,0.00304,0.04076,0.9562
309799,2,2,0.00476,0.03065,0.9646
37408451,2,2,0.00403,0.02409,0.97187
14490825,2,2,0.00497,0.04837,0.94667
19037143,2,2,0.00152,0.00475,0.99373
29105730,2,2,0.01581,0.02896,0.95524
1139001,2,2,0.00313,0.04307,0.9538
14659552,2,2,0.00237,0.01299,0.98464
34834672,2,2,0.00449,0.02574,0.96977
35636552,2,2,0.00382,0.01542,0.98075
5004314,2,2,0.00287,0.00667,0.99046
9074290,2,2,0.00138,0.00802,0.9906
31800306,2,2,0.00203,0.01185,0.98613
23916766,2,2,0.00358,0.01862,0.9778
36532427,2,2,0.00316,0.0052,0.99164
25105524,2,2,0.00182,0.00817,0.99
16044467,2,2,0.00415,0.01137,0.98448
21867656,2,1,0.04597,0.8407,0.11333
803604,2,2,0.00152,0.00467,0.99381
3146430,2,2,0.00217,0.00486,0.99297
30498620,2,2,0.02235,0.03449,0.94316
36058832,2,2,0.00656,0.03538,0.95807
23986582,2,2,0.00414,0.05848,0.93738
2042392,2,2,0.04026,0.33973,0.62001
9732173,2,2,0.00154,0.0083,0.99016
8522230,2,1,0.20433,0.76813,0.02755
2947432,2,2,0.00159,0.00563,0.99278
26166829,2,2,0.00246,0.00501,0.99253
29100282,2,2,0.00222,0.0147,0.98309
8718074,2,2,0.01126,0.07997,0.90877
12303482,2,2,0.28653,0.16278,0.55069
25570019,2,2,0.00182,0.00768,0.99049
10607870,2,2,0.00238,0.00509,0.99253
4364883,2,2,0.38922,0.10016,0.51062
8495220,2,2,0.00668,0.01667,0.97664
22491200,2,2,0.01827,0.05899,0.92274
13510399,2,2,0.00505,0.01702,0.97792
6958771,2,2,0.00164,0.00638,0.99198
22827278,2,2,0.00175,0.00494,0.99332
20438401,2,2,0.00209,0.01101,0.9869
34633490,2,1,0.19461,0.72328,0.08211
13523309,2,2,0.00733,0.02519,0.96749
863977,2,2,0.00742,0.09339,0.89918
31089028,2,2,0.00209,0.01055,0.98736
15142846,2,2,0.00132,0.00509,0.99359
6799490,2,2,0.00449,0.05507,0.94044
28024900,2,2,0.0044,0.0316,0.96401
21365923,2,2,0.00203,0.00774,0.99023
8896171,2,2,0.00295,0.00975,0.98729
5776172,2,2,0.00185,0.00984,0.98831
24788507,2,2,0.00191,0.0078,0.99029
1973894,2,2,0.00739,0.12457,0.86804
26419468,2,2,0.01248,0.08472,0.9028
12057075,2,2,0.02593,0.28422,0.68985
27054676,2,2,0.01128,0.08535,0.90337
10997446,2,2,0.00388,0.03056,0.96556
31354606,2,2,0.02554,0.05281,0.92165
9884266,2,2,0.00171,0.00811,0.99018
37237004,2,2,0.0022,0.0078,0.99
9896445,2,2,0.00253,0.00738,0.99008
36721275,2,2,0.00415,0.0267,0.96915
32248768,2,2,0.00252,0.0257,0.97178
17132115,2,2,0.00379,0.01029,0.98593
30946403,2,2,0.00171,0.00805,0.99024
24435086,2,2,0.00178,0.01465,0.98357
17421893,2,2,0.00366,0.01151,0.98483
36890512,2,2,0.0065,0.01324,0.98026
29569164,2,1,0.11785,0.85274,0.02941
38869712,2,2,0.00154,0.00754,0.99093
7750669,2,2,0.00309,0.01018,0.98673
18930947,2,2,0.00191,0.01127,0.98683
10024898,2,2,0.002,0.01162,0.98639
8078065,2,0,0.91697,0.07904,0.00399
26560080,2,2,0.00183,0.00439,0.99378
1793062,2,1,0.08701,0.79077,0.12222
12031727,2,2,0.00395,0.01312,0.98293
31108226,2,2,0.00209,0.01144,0.98647
26651782,2,2,0.00401,0.04452,0.95147
38726635,2,2,0.00227,0.0059,0.99183
23973496,2,2,0.05453,0.08579,0.85968
9652630,2,2,0.0137,0.04105,0.94526
40918307,2,2,0.00292,0.02066,0.97642
40869071,2,2,0.00382,0.03102,0.96515
26681746,2,2,0.00235,0.0059,0.99176
21257815,2,2,0.00308,0.01288,0.98404
38000442,2,2,0.00641,0.0565,0.93709
16682648,2,2,0.00232,0.01599,0.98169
17409709,2,2,0.00198,0.00546,0.99256
3491946,2,2,0.00274,0.00744,0.98982
26099501,2,2,0.01901,0.21583,0.76517
14005349,2,2,0.00212,0.01241,0.98547
22977007,2,2,0.00274,0.00642,0.99084
16762644,2,2,0.04327,0.32095,0.63579
8350364,2,2,0.00204,0.00733,0.99063
29423038,2,2,0.00218,0.01649,0.98133
15157173,2,1,0.26161,0.71951,0.01888
6101777,2,2,0.00224,0.00716,0.9906
36089968,2,2,0.00213,0.0075,0.99036
5657729,2,2,0.0012,0.00658,0.99222
19195560,2,2,0.00384,0.01182,0.98434
5826239,2,2,0.00294,0.02984,0.96722
22726056,2,0,0.58941,0.38055,0.03004
24087154,2,2,0.04172,0.12693,0.83135
2881693,2,2,0.00171,0.00907,0.98921
16231745,2,2,0.00539,0.02982,0.96479
31414434,2,2,0.00532,0.04151,0.95316
31652076,2,2,0.00378,0.01287,0.98335
1709534,2,2,0.00672,0.05604,0.93724
17066982,2,2,0.00506,0.0084,0.98654
17398076,2,2,0.00257,0.00756,0.98987
23497797,2,2,0.00164,0.0078,0.99056
32981004,2,2,0.01658,0.01969,0.96373
32471158,2,2,0.00215,0.01366,0.98419
20134256,2,1,0.02728,0.79725,0.17547
5294235,2,2,0.00434,0.04306,0.9526
10875669,2,2,0.00231,0.00727,0.99042
27105726,2,2,0.01177,0.0752,0.91303
40209911,2,2,0.00428,0.04264,0.95308
15487515,2,2,0.00197,0.00893,0.9891
8183922,2,2,0.00345,0.03895,0.9576
34158156,2,2,0.04257,0.0473,0.91013
27373739,2,2,0.00454,0.01438,0.98107
14562830,2,2,0.00166,0.00866,0.98968
5210784,2,2,0.00356,0.02374,0.9727
38211088,2,2,0.03905,0.17671,0.78425
6103448,2,2,0.00314,0.0117,0.98517
30031293,2,2,0.00283,0.02083,0.97635
26484266,2,2,0.00483,0.00796,0.98721
37764440,2,2,0.0031,0.00804,0.98886
30801850,2,2,0.00136,0.00529,0.99335
2758189,2,1,0.09397,0.87092,0.03511
11252902,2,2,0.00206,0.01194,0.98601
35124561,2,2,0.00132,0.00403,0.99465
4287146,2,2,0.00132,0.00521,0.99347
2511882,2,2,0.00595,0.06925,0.9248
16638853,2,2,0.00213,0.00879,0.98908
24724204,2,0,0.5756,0.39871,0.02569
31227341,2,2,0.00172,0.01708,0.98119
31595620,2,2,0.00383,0.03016,0.96602
256846,2,2,0.05199,0.36227,0.58574
8034051,2,2,0.00269,0.02363,0.97368
30490064,2,2,0.00137,0.01251,0.98612
17240761,2,2,0.21488,0.18583,0.59928
6781201,2,2,0.01883,0.04534,0.93584
432174,2,2,0.00309,0.0096,0.9873
14356918,2,2,0.15042,0.20252,0.64706
12827898,2,2,0.00238,0.00869,0.98893
1920030,2,2,0.01078,0.01104,0.97818
17520252,2,2,0.00374,0.02225,0.97402
35776852,2,2,0.00355,0.01086,0.98558
14551179,2,2,0.00428,0.04264,0.95308
15079978,2,2,0.00172,0.00658,0.99171
28920517,2,2,0.00356,0.01021,0.98623
22339527,2,2,0.00183,0.00497,0.9932
39312778,2,2,0.00177,0.00856,0.98967
26929709,2,2,0.00126,0.00684,0.9919
29452688,2,2,0.15365,0.29733,0.54902
9799775,2,2,0.04732,0.03152,0.92116
8380801,2,2,0.02009,0.12551,0.85439
16678673,2,2,0.0031,0.02389,0.97302
26285249,2,2,0.00197,0.00817,0.98986
7306487,2,2,0.00149,0.00529,0.99321
13665941,2,1,0.07127,0.88534,0.04339
19819793,2,2,0.00217,0.00642,0.99141
15249010,2,2,0.00968,0.02571,0.96461
33797553,2,2,0.00399,0.03507,0.96094
7155931,2,2,0.0056,0.02267,0.97172
30633116,2,1,0.08585,0.86533,0.04882
37337643,2,2,0.00223,0.00999,0.98778
6238360,2,2,0.00142,0.00745,0.99113
14524157,2,2,0.01333,0.2299,0.75677
15486471,2,2,0.00461,0.03002,0.96537
9747665,2,2,0.00439,0.0093,0.98631
20039648,2,2,0.00152,0.00595,0.99254
1284990,2,2,0.00156,0.00925,0.98919
10488054,2,2,0.00181,0.01792,0.98028
26225551,2,2,0.00255,0.01713,0.98032
18326787,2,2,0.00269,0.00836,0.98895
38213989,2,2,0.0039,0.02774,0.96836
23628296,2,2,0.01244,0.24132,0.74623
31184341,2,2,0.00613,0.04113,0.95274
15758792,2,2,0.02429,0.42719,0.54852
18619153,2,2,0.00481,0.01154,0.98365
2051193,2,2,0.00188,0.00684,0.99128
5418910,2,2,0.0053,0.03011,0.96458
8980672,2,2,0.00204,0.00716,0.9908
38324581,2,2,0.00261,0.00942,0.98797
4002555,2,2,0.00158,0.01019,0.98823
24822893,2,2,0.01314,0.06599,0.92087
2837225,2,2,0.00376,0.01679,0.97945
5770555,2,2,0.0029,0.04292,0.95418
14364159,2,2,0.00204,0.0049,0.99306
19837626,2,2,0.00176,0.0118,0.98644
34484965,2,2,0.00213,0.00716,0.9907
7528668,2,2,0.00371,0.01439,0.98189
22386516,2,2,0.0022,0.00572,0.99208
25494713,2,1,0.10805,0.84325,0.0487
16272276,2,2,0.00598,0.01851,0.97551
15627488,2,2,0.00236,0.01527,0.98237
16188083,2,2,0.02308,0.06236,0.91457
37127006,2,2,0.00259,0.0465,0.95092
24472255,2,2,0.00409,0.00997,0.98593
4284245,2,2,0.00426,0.04726,0.94849
35562644,2,2,0.00741,0.09481,0.89778
24810331,2,2,0.00862,0.08373,0.90765
6612059,2,2,0.00878,0.03075,0.96047
9005537,2,2,0.00158,0.01089,0.98753
13792293,2,2,0.00334,0.04111,0.95555
37862754,2,2,0.00928,0.01437,0.97635
15985267,2,0,0.83934,0.15526,0.0054
20846016,2,2,0.00456,0.02679,0.96865
18325780,2,2,0.00143,0.00505,0.99352
27154220,2,2,0.00203,0.02306,0.9749
28961961,2,2,0.00236,0.01521,0.98243
24952558,2,2,0.00369,0.01942,0.97689
22760885,2,2,0.0051,0.0086,0.9863
17152635,2,2,0.00528,0.01261,0.98212
30149042,2,2,0.00136,0.00757,0.99108
30241694,2,2,0.00222,0.01376,0.98401
11114383,2,2,0.00427,0.01358,0.98215
36122959,2,2,0.00376,0.03156,0.96468
19705811,2,2,0.00163,0.00951,0.98886
17201041,2,2,0.01156,0.02635,0.96209
9163234,2,2,0.0111,0.10736,0.88154
12057955,2,2,0.0042,0.01411,0.98168
41417531,2,2,0.00765,0.07978,0.91257
39238554,2,2,0.00318,0.02939,0.96744
14597224,2,2,0.00131,0.01106,0.98763
9989490,2,2,0.00196,0.01149,0.98655
6467834,2,2,0.00196,0.01162,0.98642
39190650,2,2,0.01155,0.09941,0.88905
3144702,2,2,0.00738,0.05536,0.93726
12689020,2,2,0.00218,0.01618,0.98164
14799397,2,2,0.00174,0.01003,0.98823
19622418,2,2,0.00205,0.01618,0.98177
24774168,2,0,0.98098,0.01721,0.00181
452294,2,2,0.00545,0.01969,0.97487
6247004,2,2,0.00164,0.00618,0.99218
36992487,2,2,0.00168,0.01019,0.98812
19268623,2,1,0.04072,0.78658,0.1727
10459550,2,2,0.00214,0.00554,0.99232
19772530,2,2,0.00254,0.0204,0.97706
27435666,2,2,0.01047,0.11795,0.87158
27015254,2,0,0.81406,0.17953,0.00641
15749112,2,2,0.00331,0.02074,0.97596
3667047,2,2,0.00324,0.00896,0.9878
14687770,2,2,0.0058,0.03377,0.96042
13900842,2,2,0.00204,0.0055,0.99246
4989781,2,1,0.06278,0.8566,0.08062
9086642,2,2,0.00194,0.00727,0.99078
181594,2,2,0.00166,0.00853,0.98981
23462644,2,2,0.00166,0.00796,0.99038
40681715,2,2,0.00815,0.06442,0.92743
5796961,2,2,0.00852,0.21221,0.77927
29672731,2,2,0.00287,0.00705,0.99008
28350426,2,2,0.00163,0.00876,0.9896
22024626,2,2,0.00434,0.04304,0.95262
25034792,2,2,0.00188,0.01153,0.98659
27199434,2,2,0.01099,0.11568,0.87333
41126959,2,1,0.12207,0.45354,0.4244
1420110,2,1,0.08724,0.84072,0.07204
13142419,2,2,0.01308,0.10493,0.88199
13974362,2,2,0.0044,0.01506,0.98053
26622826,2,2,0.00127,0.00831,0.99042
6715992,2,2,0.00129,0.0076,0.99111
21779449,2,2,0.00347,0.0187,0.97783
22630748,2,2,0.0038,0.05215,0.94405
19231895,2,2,0.04281,0.06303,0.89416
17952808,2,2,0.003,0.00896,0.98804
38375433,2,2,0.0055,0.01823,0.97627
31462128,2,2,0.00305,0.00875,0.9882
30958104,2,2,0.00612,0.04191,0.95197
5023385,2,2,0.00398,0.02186,0.97416
5068373,2,1,0.44503,0.53264,0.02233
10930956,2,2,0.00182,0.00762,0.99055
13997180,2,2,0.00186,0.00604,0.9921
11283048,2,2,0.00345,0.01062,0.98594
29604478,2,2,0.00214,0.00618,0.99168
31804735,2,2,0.00204,0.007,0.99097
13195138,2,2,0.00146,0.00911,0.98942
7129957,2,2,0.00259,0.0155,0.98191
34318153,2,1,0.0266,0.5915,0.3819
17005418,2,2,0.00203,0.00947,0.9885
3954312,2,2,0.00142,0.00745,0.99113
20712374,2,2,0.00229,0.01515,0.98256
40106781,2,2,0.00316,0.01814,0.9787
16346457,2,2,0.00229,0.01409,0.98362
20692616,2,2,0.00132,0.00494,0.99374
31499726,2,2,0.00236,0.01618,0.98147
9751394,2,2,0.00446,0.0175,0.97804
5206106,2,2,0.01133,0.03067,0.958
13065477,2,2,0.00451,0.05261,0.94289
2232460,2,2,0.00198,0.00442,0.9936
17624396,2,2,0.0018,0.00538,0.99282
18178042,2,2,0.00269,0.02468,0.97263
29514490,2,2,0.00764,0.17532,0.81704
1203663,2,2,0.00156,0.00751,0.99093
26161170,2,1,0.36288,0.58443,0.05269
36730713,2,2,0.00202,0.01701,0.98097
29341441,2,2,0.00278,0.0218,0.97541
17215654,2,2,0.00653,0.09761,0.89586
25768563,2,2,0.00282,0.01022,0.98696
26899702,2,2,0.01216,0.07326,0.91458
26553273,2,1,0.0194,0.67839,0.30221
20629322,2,2,0.02875,0.02301,0.94824
12680454,2,2,0.02151,0.07082,0.90767
21176735,2,2,0.09647,0.11147,0.79207
36062971,2,2,0.01669,0.1,0.8833
5877395,2,2,0.01151,0.02254,0.96595
8772752,2,0,0.94731,0.05075,0.00195
24269439,2,2,0.00377,0.04431,0.95192
11539496,2,2,0.00197,0.00846,0.98957
16809532,2,2,0.00383,0.03027,0.9659
13016725,2,2,0.01001,0.1303,0.85969
31464001,2,2,0.00197,0.00733,0.9907
26810279,2,2,0.00267,0.01836,0.97898
4698315,2,2,0.00564,0.06096,0.9334
22696059,2,2,0.00161,0.00577,0.99262
9972466,2,2,0.00256,0.01269,0.98475
22024108,2,2,0.00355,0.01183,0.98462
15334845,2,2,0.00157,0.00509,0.99334
23703663,2,2,0.03827,0.03444,0.92728
6335428,2,1,0.2798,0.6712,0.049
32718487,2,2,0.00431,0.01986,0.97583
34620767,2,2,0.00177,0.00843,0.9898
40739692,2,2,0.0096,0.21591,0.77449
37442736,2,2,0.00893,0.0657,0.92536
37167824,2,1,0.25958,0.57703,0.16339
15374347,2,2,0.00154,0.00728,0.99118
11050079,2,2,0.00278,0.00694,0.99028
32252079,2,2,0.00534,0.02294,0.97171
6268583,2,2,0.00359,0.01628,0.98013
33628113,2,2,0.00493,0.02583,0.96924
41104782,2,2,0.00207,0.00722,0.99071
21589394,2,2,0.00128,0.00623,0.99249
12936680,2,2,0.00188,0.0085,0.98962
1908778,2,2,0.00228,0.01893,0.97879
22883363,2,2,0.00447,0.01472,0.98081
14984157,2,2,0.06088,0.06184,0.87729
24700483,2,2,0.00177,0.00786,0.99037
29791225,2,1,0.05084,0.83337,0.1158
22739683,2,2,0.00209,0.01387,0.98404
28525394,2,2,0.00192,0.00609,0.992
8768849,2,0,0.48506,0.45746,0.05748
37549142,2,2,0.01062,0.03298,0.95639
16840858,2,2,0.00177,0.00846,0.98977
38955704,2,2,0.00286,0.01161,0.98554
3300134,2,2,0.00256,0.01334,0.9841
32846175,2,2,0.00425,0.03376,0.96199
12129942,2,2,0.00402,0.01129,0.98469
15105910,2,2,0.00177,0.0089,0.98933
34417862,2,2,0.00149,0.00695,0.99156
9394470,2,2,0.00158,0.0132,0.98522
9495283,2,2,0.00452,0.01918,0.97629
29601609,2,2,0.00234,0.01011,0.98756
28468971,2,2,0.01029,0.13271,0.85699
27782801,2,2,0.00234,0.0095,0.98816
11087876,2,2,0.00138,0.00501,0.9936
39248634,2,2,0.00397,0.00809,0.98793
6504254,2,1,0.15875,0.80504,0.03621
25303245,2,2,0.00647,0.01787,0.97566
34000891,2,2,0.00282,0.0103,0.98689
23582831,2,2,0.00474,0.01853,0.97673
2606040,2,2,0.00316,0.01793,0.97891
16272673,2,2,0.002,0.00745,0.99055
25403117,2,2,0.00947,0.11115,0.87938
36446144,2,2,0.12097,0.23523,0.6438
37945985,2,2,0.00154,0.00648,0.99198
19208392,2,2,0.00197,0.00914,0.98889
26398735,2,2,0.00296,0.00599,0.99105
8337579,2,2,0.04004,0.20452,0.75544
6325463,2,2,0.00287,0.00804,0.98909
17132920,2,2,0.00297,0.03474,0.96229
5083380,2,2,0.00425,0.01036,0.98538
29936473,2,2,0.00136,0.00781,0.99084
25589118,2,2,0.0155,0.29933,0.68517
24686187,2,2,0.00189,0.01862,0.97949
22303863,2,2,0.00129,0.00736,0.99134
24383731,2,1,0.05753,0.81296,0.12951
22422464,2,2,0.19512,0.24847,0.5564
31695970,2,2,0.00491,0.03041,0.96468
29773735,2,2,0.00197,0.00786,0.99017
19131162,2,2,0.00877,0.05417,0.93706
23242018,2,2,0.00237,0.01153,0.98611
24449164,2,2,0.00328,0.01359,0.98313
12161898,2,2,0.00158,0.01039,0.98803
36564144,2,2,0.00346,0.00773,0.98881
10216622,2,1,0.08024,0.77332,0.14644
22012143,2,2,0.00284,0.0178,0.97936
18658040,2,2,0.00824,0.03939,0.95237
21808568,2,2,0.00159,0.00555,0.99286
38621800,2,2,0.00331,0.00567,0.99103
5611913,2,2,0.00861,0.04173,0.94966
30796372,2,2,0.00183,0.00529,0.99288
21233141,2,1,0.04816,0.56861,0.38324
14157012,2,2,0.00187,0.0125,0.98562
6046381,2,2,0.00993,0.04643,0.94364
1764243,2,2,0.00324,0.01033,0.98643
6317558,2,2,0.00329,0.01151,0.9852
2278456,2,2,0.00373,0.00875,0.98752
13693961,2,1,0.0447,0.7502,0.20509
40431869,2,2,0.0034,0.00761,0.98899
9117395,2,2,0.13755,0.42533,0.43712
28896097,2,2,0.00179,0.00984,0.98837
9791851,2,2,0.00166,0.00866,0.98968
35479580,2,2,0.00176,0.01067,0.98756
18897478,2,2,0.0018,0.00808,0.99013
21529176,2,2,0.00138,0.00668,0.99194
24238653,2,2,0.00901,0.14142,0.84957
1353485,2,2,0.00146,0.01127,0.98727
15918215,2,2,0.00236,0.01425,0.98339
21757892,2,2,0.00265,0.00762,0.98973
39986501,2,2,0.0728,0.22557,0.70163
8706125,2,2,0.00308,0.02944,0.96748
5927861,2,2,0.05908,0.04173,0.89919
11194422,2,2,0.00214,0.00628,0.99159
33733382,2,2,0.01297,0.21517,0.77185
2755154,2,2,0.0051,0.06831,0.92659
24238172,2,2,0.00998,0.04882,0.9412
15367040,2,1,0.15906,0.60146,0.23948
20150761,2,2,0.0047,0.01247,0.98284
31656579,2,2,0.0054,0.08694,0.90767
35224645,2,2,0.01026,0.12252,0.86723
25009465,2,2,0.00477,0.0273,0.96793
27198827,2,2,0.00238,0.0075,0.99012
37670673,2,2,0.00207,0.00762,0.99031
27055587,2,2,0.00506,0.01494,0.98
31099296,2,2,0.00199,0.01382,0.98419
6982192,2,2,0.0014,0.00426,0.99434
33542131,2,2,0.0024,0.02768,0.96992
32133485,2,2,0.001,0.0053,0.99371
16095987,2,1,0.21402,0.47761,0.30837
26440536,2,2,0.00616,0.01324,0.9806
24541218,2,2,0.04825,0.09318,0.85857
4439747,2,2,0.00188,0.00999,0.98813
34315855,2,2,0.00376,0.01679,0.97945
25886137,2,2,0.00159,0.00706,0.99136
13637326,2,2,0.00305,0.03826,0.95869
9994448,2,1,0.43173,0.54152,0.02675
4741013,2,2,0.00623,0.06936,0.92441
2563539,2,2,0.0023,0.0083,0.9894
16497878,2,2,0.01364,0.10169,0.88467
7967494,2,1,0.31596,0.65851,0.02553
9533316,2,2,0.00263,0.0316,0.96578
38515043,2,2,0.00191,0.01031,0.98778
1888676,2,2,0.00427,0.01422,0.98151
39867199,2,2,0.1295,0.28786,0.58264
37638028,2,2,0.00244,0.01221,0.98535
27993562,2,2,0.00147,0.00467,0.99385
878068,2,2,0.00231,0.0214,0.97629
15174881,2,2,0.00213,0.00786,0.99001
1968741,2,2,0.00299,0.02683,0.97018
20865688,2,2,0.00174,0.00733,0.99093
32600127,2,2,0.00171,0.00722,0.99106
21141960,2,2,0.0025,0.00599,0.99151
30338178,2,2,0.00294,0.02771,0.96934
34902491,2,1,0.04444,0.68439,0.27117
34178358,2,2,0.01231,0.03974,0.94795
32561791,2,2,0.00437,0.00651,0.98912
32662476,2,2,0.00452,0.04991,0.94557
38286005,2,2,0.00246,0.00705,0.9905
7415491,2,2,0.00299,0.01354,0.98347
9559763,2,2,0.00286,0.01165,0.98549
16126873,2,1,0.13348,0.46956,0.39696
23634025,2,2,0.006,0.03072,0.96327
10792674,2,2,0.00196,0.01315,0.98489
34182567,2,2,0.00145,0.00525,0.9933
8381115,2,2,0.14978,0.34352,0.5067
6302305,2,2,0.01155,0.13965,0.8488
27635930,2,2,0.00154,0.00618,0.99228
4890643,2,2,0.00159,0.00722,0.99119
23091499,2,2,0.03063,0.1153,0.85407
34881757,2,2,0.00177,0.00856,0.98967
39359234,2,2,0.00181,0.01382,0.98436
19038253,2,2,0.00166,0.00936,0.98898
38337456,2,2,0.00177,0.00482,0.99341
2743487,2,2,0.01042,0.10819,0.88139
15835875,2,2,0.00217,0.0078,0.99004
11000601,2,2,0.00195,0.00533,0.99272
14328008,2,2,0.00166,0.00951,0.98883
35029626,2,2,0.00316,0.02035,0.9765
10912402,2,2,0.00142,0.01039,0.98819
14524766,2,2,0.00219,0.01294,0.98487
23768137,2,2,0.01242,0.06787,0.91971
8511720,2,0,0.57062,0.17746,0.25192
11114495,2,2,0.00154,0.00877,0.9897
11035411,2,2,0.00212,0.0142,0.98368
8861600,2,2,0.00142,0.00638,0.9922
23688391,2,2,0.00931,0.08431,0.90638
29523726,2,2,0.0018,0.00546,0.99274
16159309,2,2,0.00215,0.01563,0.98222
22338033,2,2,0.0152,0.36819,0.61661
15288164,2,2,0.0069,0.03111,0.962
37292222,2,2,0.00213,0.0089,0.98897
4402095,2,2,0.01885,0.46378,0.51738
26177520,2,2,0.00639,0.11602,0.87759
7469529,2,2,0.00778,0.03461,0.95761
34764808,2,2,0.00159,0.00739,0.99102
13757480,2,2,0.00384,0.00485,0.99132
28916351,2,2,0.00241,0.01075,0.98684
27517784,2,2,0.00179,0.01051,0.9877
31040942,2,2,0.00134,0.00586,0.9928
32385505,2,2,0.00631,0.01982,0.97387
38082920,2,2,0.02386,0.10156,0.87458
5558979,2,2,0.00537,0.03411,0.96052
26516737,2,2,0.00428,0.04264,0.95308
37121901,2,2,0.00161,0.00745,0.99094
19713204,2,2,0.00191,0.00958,0.98851
40200995,2,2,0.00237,0.01153,0.98611
14318816,2,1,0.0215,0.62334,0.35517
25929225,2,2,0.00429,0.06855,0.92715
26848077,2,2,0.00172,0.00638,0.99191
14792327,2,2,0.00136,0.00663,0.99201
9271216,2,2,0.00222,0.01464,0.98314
14770546,2,2,0.02247,0.21572,0.76181
28829064,2,2,0.04247,0.28797,0.66956
23438307,2,2,0.00234,0.02565,0.97201
11331696,2,2,0.00564,0.03138,0.96298
30247155,2,2,0.00234,0.00972,0.98794
5007069,2,2,0.00673,0.11126,0.882
7788677,2,2,0.00313,0.02978,0.96709
26515773,2,2,0.00274,0.00632,0.99094
2641033,2,2,0.00306,0.03574,0.9612
460097,2,2,0.00324,0.00868,0.98807
31728517,2,2,0.00158,0.00811,0.9903
5014063,2,2,0.00308,0.01244,0.98447
5977284,2,2,0.00466,0.01911,0.97623
2440894,2,2,0.00333,0.01446,0.98222
2714212,2,2,0.00179,0.01305,0.98517
26531729,2,2,0.00287,0.00512,0.992
30608937,2,2,0.0043,0.02211,0.97359
38927510,2,2,0.00281,0.01134,0.98584
487665,2,2,0.00203,0.01131,0.98666
22840674,2,2,0.00193,0.01194,0.98613
7921622,2,2,0.08237,0.36774,0.54989
35304650,2,2,0.02783,0.08589,0.88628
31996499,2,2,0.00458,0.03629,0.95912
23767246,2,1,0.03719,0.63898,0.32382
36682457,2,1,0.43509,0.51066,0.05425
39115589,2,2,0.00351,0.02264,0.97385
4661981,2,2,0.01554,0.29204,0.69242
6163319,2,2,0.00286,0.02684,0.97031
4610203,2,2,0.00428,0.01155,0.98417
30264993,2,2,0.00211,0.01707,0.98081
24734941,2,2,0.00304,0.01066,0.9863
6601379,2,2,0.00169,0.02109,0.97722
28489727,2,2,0.01276,0.198,0.78924
32698657,2,2,0.00739,0.00971,0.9829
8876777,2,2,0.0014,0.00754,0.99106
35488529,2,2,0.00179,0.01241,0.9858
21412412,2,2,0.00377,0.0149,0.98133
37622603,2,1,0.29242,0.60828,0.0993
35076564,2,2,0.0075,0.01009,0.98241
26169175,2,1,0.03337,0.82124,0.14538
37387712,2,2,0.00145,0.00628,0.99227
22875305,2,2,0.00134,0.00766,0.99101
6876602,2,2,0.01032,0.04633,0.94335
32916582,2,2,0.00996,0.02084,0.96921
12429502,2,2,0.00354,0.01434,0.98212
1782603,2,2,0.00539,0.08803,0.90658
19745667,2,2,0.00257,0.02279,0.97464
32464492,2,2,0.00294,0.03013,0.96694
14088193,2,2,0.00219,0.01007,0.98774
33922732,2,2,0.00265,0.00972,0.98763
25490239,2,2,0.00185,0.01047,0.98768
17400651,2,2,0.00238,0.02363,0.97399
23229396,2,2,0.00403,0.02503,0.97094
41260508,2,2,0.00164,0.00811,0.99025
38364524,2,2,0.17758,0.1652,0.65722
24949489,2,1,0.02475,0.60436,0.37089
6333504,2,2,0.00365,0.01549,0.98086
4804178,2,2,0.03929,0.08045,0.88026
2113431,2,2,0.00285,0.02814,0.96901
37459862,2,2,0.01267,0.11312,0.87422
807268,2,2,0.00291,0.00816,0.98892
40817172,2,2,0.003,0.0091,0.9879
33140073,2,2,0.0022,0.00733,0.99047
14304871,2,2,0.00335,0.00842,0.98823
11671168,2,2,0.00969,0.13168,0.85864
29241642,2,2,0.0031,0.00617,0.99072
11339856,2,2,0.00232,0.01581,0.98187
15821947,2,2,0.00833,0.08769,0.90398
1490723,2,2,0.00487,0.03728,0.95784
3995797,2,1,0.07605,0.55541,0.36854
27602360,2,2,0.00236,0.0134,0.98424
32402674,2,2,0.00408,0.01214,0.98377
4110041,2,2,0.00303,0.01435,0.98262
27879414,2,2,0.00324,0.02563,0.97113
26162534,2,2,0.01185,0.29962,0.68853
17562644,2,2,0.00246,0.00554,0.992
41163498,2,2,0.00233,0.01309,0.98458
6522013,2,2,0.00255,0.0172,0.98025
18176428,2,2,0.00373,0.00868,0.98759
23866877,2,2,0.00216,0.01194,0.98591
17600962,2,2,0.00591,0.0073,0.98678
9936876,2,1,0.0411,0.61344,0.34546
29057025,2,2,0.00496,0.02008,0.97496
29516823,2,2,0.00114,0.00648,0.99238
16188325,2,2,0.02405,0.28398,0.69197
37490069,2,2,0.00875,0.06999,0.92126
3336073,2,2,0.00452,0.03518,0.9603
3933813,2,2,0.00396,0.02769,0.96836
17008103,2,2,0.00666,0.01283,0.98051
3934482,2,2,0.017,0.09061,0.89239
13994230,2,2,0.00157,0.01511,0.98332
34179411,2,2,0.00278,0.00855,0.98867
20968981,2,2,0.00168,0.01084,0.98748
10326119,2,1,0.06323,0.77935,0.15743
13026957,2,2,0.00183,0.00673,0.99144
8678881,2,2,0.00213,0.0083,0.98957
5159336,2,2,0.00241,0.00804,0.98954
34671594,2,2,0.00349,0.05906,0.93745
3545761,2,2,0.00326,0.01988,0.97686
13265283,2,2,0.00469,0.05842,0.93689
792330,2,2,0.00125,0.00827,0.99047
34527025,2,1,0.06586,0.8744,0.05974
29656201,2,2,0.00179,0.00843,0.98977
32767974,2,1,0.10466,0.76432,0.13102
8798832,2,2,0.00201,0.00638,0.99162
3327296,2,2,0.00156,0.00922,0.98922
29505055,2,2,0.00422,0.02522,0.97056
4240695,2,2,0.07537,0.08863,0.836
12010879,2,2,0.00153,0.00936,0.9891
2800350,2,2,0.00491,0.02878,0.9663
375732,2,1,0.02763,0.57262,0.39975
19392290,2,2,0.0023,0.01011,0.98759
21554739,2,2,0.00204,0.00653,0.99144
40079888,2,2,0.00166,0.01035,0.98799
19859753,2,2,0.04602,0.1319,0.82209
37035761,2,2,0.01829,0.1408,0.84091
1552667,2,2,0.00156,0.00796,0.99048
37560504,2,2,0.02295,0.21693,0.76012
12716823,2,2,0.00284,0.01562,0.98154
19320780,2,2,0.0052,0.01145,0.98335
30151052,2,2,0.00339,0.01014,0.98647
13037317,2,2,0.0022,0.00869,0.98911
1102532,2,2,0.00499,0.01306,0.98195
5413540,2,2,0.16909,0.30291,0.528
24481238,2,2,0.002,0.01153,0.98647
40763585,2,2,0.00623,0.06936,0.92441
38181157,2,2,0.00158,0.00958,0.98884
8953520,2,2,0.00349,0.01343,0.98308
27041398,2,1,0.13891,0.77175,0.08934
28629126,2,2,0.00171,0.00951,0.98878
24569009,2,2,0.00237,0.01309,0.98454
18095374,2,1,0.28295,0.67876,0.03829
22243842,2,2,0.00428,0.02752,0.9682
20394631,2,1,0.3133,0.57737,0.10934
21454116,2,2,0.0074,0.03861,0.95399
18171034,2,2,0.02505,0.04244,0.93252
27060111,2,2,0.00517,0.01696,0.97787
27148235,2,2,0.00361,0.0096,0.98679
5504137,2,2,0.00394,0.06228,0.93378
19007598,2,2,0.19096,0.36593,0.44312
40374150,2,2,0.00314,0.00968,0.98718
2589799,2,2,0.02118,0.07837,0.90045
14776732,2,2,0.00599,0.01802,0.976
12492259,2,2,0.00191,0.01039,0.9877
24141971,2,2,0.00505,0.07575,0.9192
35633722,2,2,0.00235,0.00474,0.99291
11014127,2,2,0.01911,0.12954,0.85135
19812841,2,2,0.00138,0.00555,0.99307
11417390,2,2,0.00317,0.03131,0.96552
4387047,2,2,0.00136,0.00501,0.99363
31591012,2,2,0.02155,0.04781,0.93065
39730930,2,2,0.00177,0.0086,0.98964
3086960,2,2,0.01749,0.13998,0.84253
9269624,2,2,0.0031,0.00882,0.98808
17737356,2,2,0.01089,0.0091,0.98002
29689495,2,2,0.00185,0.00711,0.99104
25443847,2,1,0.03732,0.70965,0.25303
16742107,2,2,0.00207,0.00792,0.99001
37685652,2,2,0.00169,0.00722,0.99109
24533723,2,2,0.00238,0.00501,0.99261
31843154,2,2,0.00164,0.00793,0.99044
13838700,2,2,0.00269,0.00779,0.98951
3115137,2,2,0.01326,0.08571,0.90103
8378083,2,2,0.00166,0.00638,0.99196
4630372,2,0,0.52686,0.31277,0.16037
7532961,2,2,0.00174,0.00936,0.9889
28325886,2,2,0.00307,0.01617,0.98076
17874179,2,2,0.00261,0.02214,0.97524
188131,2,2,0.00278,0.00817,0.98906
10313659,2,2,0.00898,0.04613,0.94489
1531439,2,2,0.0026,0.01334,0.98406
6685652,2,1,0.13393,0.59789,0.26818
19004696,2,2,0.00844,0.08917,0.90238
38067012,2,2,0.00775,0.10981,0.88244
14523361,2,2,0.00174,0.00711,0.99115
27116787,2,2,0.0064,0.02051,0.97308
22686844,2,2,0.00345,0.00909,0.98745
525746,2,2,0.00426,0.03131,0.96443
31793945,2,2,0.00126,0.00436,0.99438
32953846,2,2,0.00223,0.00849,0.98928
18728008,2,1,0.07423,0.87312,0.05264
34447587,2,2,0.00749,0.01927,0.97324
32880005,2,2,0.0043,0.00784,0.98786
25233525,2,2,0.00787,0.05377,0.93836
22761445,2,2,0.00635,0.02115,0.9725
38209941,2,1,0.08291,0.82441,0.09268
20363909,2,2,0.00187,0.01459,0.98354
26578051,2,2,0.00351,0.02343,0.97306
11544831,2,1,0.17519,0.79752,0.02729
34231223,2,2,0.00194,0.00817,0.98989
37971326,2,1,0.28866,0.68439,0.02695
29920598,2,2,0.00379,0.01029,0.98593
30005599,2,2,0.03397,0.08295,0.88308
701719,2,2,0.00257,0.02223,0.9752
11452922,2,2,0.00568,0.05422,0.94011
36837416,2,0,0.68584,0.30553,0.00863
26456481,2,2,0.00166,0.00805,0.99029
35366518,2,1,0.09281,0.85347,0.05371
7730882,2,2,0.02789,0.25847,0.71365
31030957,2,2,0.00288,0.03494,0.96218
22826017,2,2,0.00516,0.02592,0.96891
40501812,2,2,0.00171,0.009,0.98928
37166052,2,2,0.00336,0.03637,0.96027
15743226,2,2,0.00642,0.0098,0.98378
7502814,2,2,0.00419,0.00902,0.98679
7462655,2,2,0.09797,0.17245,0.72958
22783320,2,2,0.00148,0.01208,0.98643
15359524,2,2,0.00283,0.00673,0.99045
13594362,2,2,0.0473,0.14635,0.80635
22251922,2,2,0.00232,0.03119,0.96649
38551899,2,2,0.0437,0.25645,0.69984
28872983,2,2,0.05836,0.19648,0.74515
12486815,2,2,0.0029,0.01042,0.98668
14293658,2,2,0.00305,0.00938,0.98757
39652313,2,2,0.00291,0.02344,0.97365
9785656,2,1,0.24321,0.7261,0.03068
29108381,2,1,0.01714,0.6136,0.36927
20634801,2,2,0.00166,0.00653,0.99181
34942703,2,2,0.00166,0.00679,0.99155
14707792,2,2,0.00338,0.01549,0.98113
39301334,2,2,0.00223,0.01092,0.98685
12658286,2,2,0.00243,0.01575,0.98182
6772634,2,1,0.02509,0.51598,0.45892
20230022,2,2,0.00159,0.007,0.99141
30960462,2,2,0.00592,0.02875,0.96532
20492533,2,2,0.00203,0.00976,0.98821
8262603,2,1,0.09748,0.81616,0.08636
31115256,2,2,0.00321,0.0356,0.9612
37328924,2,2,0.00142,0.01023,0.98835
7046385,2,2,0.00265,0.00773,0.98961
18488553,2,2,0.00357,0.02285,0.97358
21986675,2,2,0.00224,0.00585,0.99191
23204649,2,2,0.00409,0.01077,0.98514
5117353,2,2,0.19387,0.09576,0.71037
30958881,2,2,0.00242,0.00613,0.99145
19976072,2,2,0.00345,0.01062,0.98594
4379300,2,1,0.10226,0.73811,0.15963
7304866,2,2,0.00499,0.00631,0.9887
11021584,2,1,0.03957,0.87297,0.08745
10807545,2,2,0.00375,0.01827,0.97798
14348238,2,2,0.00126,0.00525,0.99349
35903682,2,2,0.00305,0.00767,0.98928
37513851,2,2,0.10518,0.16758,0.72724
28443841,2,2,0.00245,0.0231,0.97445
8567288,2,0,0.60059,0.08353,0.31587
3314901,2,2,0.00389,0.01327,0.98283
19250535,2,2,0.03188,0.14585,0.82227
15349281,2,2,0.00185,0.01092,0.98723
12020043,2,2,0.00276,0.01592,0.98132
22575283,2,2,0.00161,0.00555,0.99284
18895572,2,2,0.03978,0.34766,0.61256
35368339,2,1,0.12886,0.65186,0.21928
34017778,2,2,0.0023,0.00856,0.98914
28061676,2,2,0.00185,0.00907,0.98908
2885732,2,2,0.02328,0.19958,0.77713
9485329,2,2,0.00142,0.0106,0.98799
22356751,2,2,0.00174,0.00883,0.98943
1492080,2,2,0.00365,0.01679,0.97957
13990069,2,2,0.0081,0.01048,0.98141
4865062,2,1,0.03204,0.85243,0.11553
13456482,2,2,0.05652,0.10315,0.84033
30400028,2,2,0.00336,0.0198,0.97683
23986125,2,2,0.01047,0.11795,0.87158
3395233,2,1,0.11133,0.46688,0.42179
9071103,2,2,0.00374,0.00738,0.98889
26134195,2,2,0.00196,0.01382,0.98422
15705272,2,2,0.0018,0.00554,0.99265
31232625,2,2,0.00231,0.00722,0.99048
39814675,2,1,0.07209,0.78719,0.14072
5862721,2,2,0.00459,0.04971,0.9457
6930939,2,2,0.00151,0.00733,0.99115
7934586,2,2,0.0021,0.00786,0.99004
28968810,2,2,0.00238,0.00554,0.99207
9768333,2,2,0.00198,0.02125,0.97678
8435593,2,2,0.01053,0.31744,0.67203
7532167,2,2,0.03306,0.22028,0.74666
29448772,2,2,0.0035,0.0249,0.9716
5296594,2,2,0.00173,0.01382,0.98444
27644225,2,2,0.00159,0.00774,0.99067
24280487,2,2,0.00619,0.00741,0.98639
30346560,2,2,0.00223,0.00869,0.98908
26738030,2,2,0.05771,0.08429,0.858
41104514,2,2,0.00344,0.01293,0.98364
1176992,2,2,0.00188,0.00668,0.99144
32932694,2,1,0.06072,0.79047,0.14881
18786534,2,2,0.01788,0.12059,0.86153
4503006,2,2,0.00695,0.0158,0.97725
20093117,2,2,0.00395,0.01484,0.98121
3716767,2,2,0.00887,0.05786,0.93328
3929199,2,2,0.005,0.01276,0.98225
3656327,2,2,0.01501,0.1589,0.82609
26424846,2,2,0.00207,0.0082,0.98973
6701613,2,2,0.00204,0.00705,0.99091
23146568,2,2,0.00223,0.01096,0.98681
36087296,2,2,0.01202,0.11838,0.8696
18149592,2,2,0.00188,0.00999,0.98813
35203711,2,2,0.0018,0.00689,0.99131
38835028,2,2,0.02493,0.03953,0.93554
34782788,2,2,0.00906,0.16249,0.82844
4069316,2,2,0.00166,0.00783,0.99051
39504950,2,2,0.00224,0.01858,0.97918
23018311,2,2,0.38758,0.21488,0.39754
28942477,2,2,0.01031,0.09052,0.89917
643003,2,1,0.07434,0.88813,0.03753
12196009,2,2,0.02458,0.06746,0.90796
29811079,2,1,0.06346,0.85909,0.07745
26991706,2,2,0.05445,0.05298,0.89257
1233774,2,1,0.20234,0.77263,0.02503
16925931,2,2,0.03041,0.32949,0.6401
30701340,2,2,0.00159,0.00739,0.99102
28381486,2,2,0.02606,0.21232,0.76162
19798147,2,2,0.00207,0.00537,0.99255
6732035,2,2,0.00348,0.01712,0.97941
18260199,2,2,0.01147,0.07727,0.91126
31817967,2,2,0.00337,0.04632,0.9503
13414572,2,2,0.00427,0.0145,0.98123
19612887,2,2,0.00131,0.00877,0.98992
32015563,2,2,0.00544,0.02133,0.97323
28957738,2,2,0.00159,0.00467,0.99374
2687452,2,1,0.05677,0.87764,0.06559
27389485,2,2,0.05782,0.26476,0.67742
20606072,2,1,0.03013,0.73566,0.23421
8069038,2,2,0.00714,0.11474,0.87813
12124581,2,0,0.57512,0.33026,0.09462
1894848,2,2,0.00441,0.08733,0.90826
37570965,2,2,0.00149,0.00643,0.99208
37555899,2,2,0.00335,0.0091,0.98756
33316724,2,2,0.0023,0.0098,0.9879
39369256,2,2,0.00164,0.00586,0.99251
31354143,2,2,0.00411,0.02088,0.97501
21710604,2,2,0.00282,0.02564,0.97155
242278,2,2,0.00311,0.05128,0.94562
31012857,2,2,0.00149,0.00513,0.99337
24004024,2,2,0.11074,0.29291,0.59634
18516643,2,2,0.00334,0.02652,0.97014
12623485,2,2,0.00253,0.00792,0.98955
29851353,2,1,0.02865,0.63699,0.33436
28427748,2,2,0.00414,0.01358,0.98228
28857834,2,2,0.002,0.00727,0.99072
38284193,2,2,0.00401,0.01525,0.98075
25629610,2,2,0.00147,0.00734,0.9912
14104556,2,2,0.01372,0.04669,0.93959
25380844,2,1,0.14801,0.46128,0.39072
19541518,2,2,0.16359,0.22024,0.61617
13619718,2,2,0.00281,0.01216,0.98503
30175921,2,2,0.00212,0.01447,0.98341
390898,2,2,0.00454,0.01438,0.98107
2283837,2,2,0.00227,0.00594,0.99178
7710108,2,2,0.00396,0.05766,0.93838
29818428,2,2,0.01318,0.31074,0.67608
6487247,2,2,0.00263,0.01492,0.98245
11714059,2,2,0.00188,0.00756,0.99055
15839651,2,2,0.00143,0.00525,0.99332
14297334,2,2,0.00151,0.00843,0.99006
37205743,2,0,0.78191,0.19236,0.02573
33269853,2,2,0.00937,0.10699,0.88364
33028272,2,2,0.00912,0.24357,0.74731
38590827,2,2,0.00209,0.01275,0.98517
22467646,2,2,0.00229,0.01355,0.98416
32530324,2,2,0.00757,0.07505,0.91738
16573533,2,2,0.00203,0.00792,0.99004
3645915,2,2,0.01654,0.03713,0.94634
12301900,2,2,0.02864,0.05226,0.91911
22449575,2,2,0.07776,0.06971,0.85253
7460662,2,2,0.00133,0.00824,0.99042
20935575,2,1,0.0348,0.49956,0.46564
6931714,2,0,0.91251,0.0834,0.0041
4243332,2,1,0.08986,0.64604,0.2641
27351330,2,2,0.0029,0.0117,0.9854
28208745,2,2,0.00135,0.0094,0.98925
5913329,2,2,0.00204,0.01887,0.97909
18308615,2,2,0.00158,0.01167,0.98675
10691380,2,2,0.00192,0.01781,0.98026
9638729,2,2,0.00807,0.04432,0.94761
19673560,2,1,0.03458,0.58485,0.38057
2289876,2,2,0.00217,0.01941,0.97841
32027550,2,2,0.00164,0.00467,0.99369
21328330,2,2,0.00185,0.00969,0.98846
470531,2,2,0.00983,0.19673,0.79344
20404736,2,2,0.00298,0.01468,0.98233
28835739,2,2,0.00215,0.01403,0.98381
20522738,2,2,0.00641,0.01188,0.9817
29204672,2,2,0.00185,0.00689,0.99125
28831223,2,1,0.04006,0.86327,0.09667
22011818,2,2,0.00577,0.05351,0.94071
4665199,2,2,0.00179,0.00922,0.98899
34559614,2,2,0.00164,0.0045,0.99386
38041555,2,2,0.02839,0.04608,0.92553
5291755,2,2,0.00448,0.05829,0.93724
14742592,2,2,0.00278,0.02176,0.97545
22665129,2,2,0.01009,0.08128,0.90863
28936122,2,2,0.0097,0.04653,0.94377
39452327,2,2,0.0054,0.11375,0.88085
25291940,2,1,0.10018,0.74313,0.15668
32947734,2,2,0.0026,0.01289,0.98452
31462151,2,2,0.00406,0.04774,0.9482
32648839,2,2,0.00194,0.00648,0.99158
38755690,2,2,0.00149,0.0059,0.99261
10411543,2,2,0.00379,0.03912,0.95709
24481006,2,2,0.00249,0.00946,0.98805
3269137,2,2,0.00623,0.03917,0.9546
27815445,2,2,0.13019,0.29311,0.57669
24689019,2,2,0.002,0.01015,0.98785
14267579,2,2,0.00144,0.01084,0.98772
36724055,2,2,0.00221,0.00478,0.99301
15012656,2,2,0.00272,0.01458,0.98271
16335504,2,2,0.00182,0.00853,0.98965
32459519,2,2,0.00213,0.00907,0.9888
13728036,2,2,0.00206,0.01007,0.98787
12191551,2,2,0.0018,0.00739,0.99081
15012414,2,2,0.00182,0.01162,0.98656
30123028,2,2,0.00223,0.01084,0.98694
12654789,2,2,0.02604,0.4509,0.52306
19526152,2,2,0.00216,0.01027,0.98757
6965312,2,2,0.00802,0.06524,0.92674
34121255,2,2,0.0293,0.04485,0.92585
19237790,2,2,0.01134,0.15561,0.83305
1135228,2,1,0.1776,0.56774,0.25465
12419192,2,2,0.00187,0.0129,0.98523
5053622,2,2,0.00116,0.00494,0.9939
6698984,2,1,0.04232,0.67241,0.28527
7666209,2,2,0.00246,0.0059,0.99165
8798613,2,2,0.0014,0.00653,0.99207
14896098,2,2,0.00333,0.0291,0.96757
15651296,2,2,0.00189,0.00457,0.99355
36946363,2,2,0.03389,0.0247,0.94141
23120620,2,2,0.00646,0.01198,0.98156
8447644,2,2,0.00285,0.02984,0.96731
2943929,2,2,0.00911,0.0395,0.95139
26509655,2,2,0.00308,0.01249,0.98443
16617994,2,2,0.01706,0.04441,0.93853
33972369,2,1,0.06105,0.77333,0.16562
7559624,2,2,0.00145,0.00638,0.99218
15726956,2,2,0.02824,0.43483,0.53694
36153745,2,2,0.00398,0.06697,0.92905
34232806,2,1,0.02882,0.72607,0.24511
20739153,2,2,0.00323,0.01211,0.98466
34579249,2,1,0.05055,0.5145,0.43495
38818638,2,2,0.00246,0.00623,0.99132
36902355,2,2,0.00171,0.00733,0.99095
2072630,2,2,0.05534,0.32601,0.61865
31666496,2,2,0.00299,0.02934,0.96768
34821259,2,2,0.02647,0.40761,0.56592
24526233,2,2,0.01454,0.05015,0.93531
18933280,2,2,0.00201,0.00546,0.99253
11579612,2,2,0.00453,0.00923,0.98624
37720137,2,2,0.00321,0.03317,0.96362
7673864,2,2,0.00468,0.04694,0.94838
27952119,2,2,0.00545,0.01845,0.9761
4299391,2,2,0.013,0.02411,0.96289
3685428,2,2,0.00501,0.02477,0.97022
32104846,2,2,0.00246,0.03663,0.96092
30156283,2,2,0.00303,0.01339,0.98358
16221751,2,2,0.00294,0.01526,0.9818
40539328,2,2,0.11826,0.29964,0.5821
21311738,2,1,0.05559,0.74962,0.19479
22170252,2,2,0.00493,0.02496,0.97011
20224725,2,2,0.00227,0.00811,0.98963
15643089,2,2,0.00287,0.00849,0.98865
4794985,2,2,0.00251,0.01605,0.98144
6534519,2,2,0.00207,0.00798,0.98995
27194053,2,2,0.01562,0.22595,0.75843
31963867,2,2,0.0013,0.0053,0.99341
23203963,2,2,0.00467,0.01004,0.98528
34071924,2,2,0.00261,0.00882,0.98857
17266359,2,2,0.01878,0.21326,0.76796
6518599,2,2,0.00227,0.00856,0.98917
8583468,2,2,0.00235,0.0184,0.97925
4721931,2,2,0.00158,0.00843,0.98998
26202301,2,2,0.00301,0.01996,0.97702
32399236,2,2,0.01047,0.11795,0.87158
18898215,2,2,0.00217,0.021,0.97683
33075628,2,2,0.00161,0.00614,0.99225
15619684,2,1,0.2626,0.66405,0.07335
24100843,2,2,0.0298,0.3179,0.6523
1715979,2,2,0.00161,0.00936,0.98903
11270016,2,2,0.01467,0.01928,0.96605
33403595,2,2,0.0018,0.00728,0.99093
12335758,2,2,0.00357,0.02272,0.97371
6057317,2,2,0.00183,0.00568,0.9925
9434098,2,2,0.0014,0.00559,0.99301
28239159,2,2,0.00636,0.049,0.94464
34685184,2,2,0.00532,0.08617,0.90851
6404553,2,1,0.03314,0.79659,0.17027
21265965,2,2,0.00149,0.00599,0.99251
13397830,2,2,0.00431,0.03467,0.96102
15748694,2,2,0.00592,0.07353,0.92056
4162049,2,2,0.00222,0.01414,0.98364
34601915,2,1,0.31871,0.64381,0.03747
38914291,2,2,0.02648,0.12353,0.84998
4415948,2,2,0.00156,0.00751,0.99093
19061869,2,2,0.00435,0.04136,0.95429
29393902,2,2,0.00296,0.00862,0.98843
27191970,2,2,0.02539,0.20892,0.76569
37891520,2,2,0.182,0.38984,0.42816
13877921,2,2,0.00182,0.00958,0.9886
39587873,2,2,0.00375,0.01827,0.97798
23144299,2,2,0.00366,0.01173,0.9846
39052049,2,2,0.00224,0.00658,0.99119
5279811,2,2,0.00156,0.00614,0.9923
5616037,2,2,0.00723,0.01622,0.97655
6122024,2,1,0.12736,0.72577,0.14687
4241422,2,2,0.00134,0.0076,0.99107
22026129,2,2,0.00857,0.0234,0.96803
32428526,2,2,0.14168,0.39195,0.46637
24688428,2,2,0.00197,0.0084,0.98963
35462197,2,2,0.02327,0.13684,0.83989
31246618,2,2,0.01102,0.15337,0.83561
9990055,2,2,0.00257,0.00738,0.99004
3558683,2,2,0.00215,0.01637,0.98149
35372181,2,2,0.02094,0.28018,0.69888
34199312,2,2,0.00177,0.00883,0.9894
3450537,2,2,0.00171,0.00762,0.99066
15671439,2,2,0.00131,0.01448,0.98421
36634771,2,2,0.00126,0.00505,0.99369
25201552,2,2,0.0014,0.00505,0.99354
7301839,2,2,0.00203,0.00965,0.98832
36355720,2,2,0.00325,0.00835,0.9884
30058219,2,2,0.00468,0.01595,0.97937
5055751,2,2,0.0014,0.00679,0.99181
33677414,2,2,0.016,0.37875,0.60524
17883325,2,2,0.00941,0.01576,0.97483
34921114,2,1,0.19839,0.59692,0.20469
9101288,2,2,0.0021,0.00817,0.98973
31215777,2,2,0.00203,0.00817,0.98979
3187537,2,2,0.01402,0.06242,0.92356
35347533,2,2,0.00331,0.01856,0.97813
31470226,2,2,0.00197,0.00932,0.98871
10956619,2,2,0.00231,0.00762,0.99008
37050351,2,2,0.00201,0.00563,0.99236
12228801,2,2,0.00603,0.01135,0.98262
28960017,2,2,0.00254,0.01787,0.97958
21951900,2,2,0.00304,0.01095,0.986
3357739,2,2,0.00274,0.00716,0.9901
12965135,2,2,0.00695,0.12462,0.86843
24145511,2,2,0.00216,0.00976,0.98808
14844047,2,2,0.0018,0.0203,0.9779
1613742,2,2,0.00544,0.05003,0.94452
30068046,2,2,0.00221,0.00517,0.99263
1808997,2,2,0.00153,0.01047,0.98799
40975124,2,0,0.87845,0.10274,0.01881
20244447,2,2,0.00196,0.0126,0.98544
63853,2,2,0.00275,0.01753,0.97972
21111793,2,2,0.00291,0.00683,0.99025
8417209,2,2,0.00483,0.00815,0.98702
2882996,2,2,0.00629,0.0082,0.98551
23145097,2,2,0.00161,0.00555,0.99284
28826740,2,2,0.00864,0.09629,0.89507
2962077,2,1,0.11382,0.80719,0.07899
14192499,2,2,0.00161,0.00943,0.98896
6563689,2,2,0.00393,0.01898,0.97709
21529095,2,2,0.00167,0.01741,0.98092
29513692,2,2,0.00259,0.01469,0.98272
6158933,2,2,0.00262,0.02047,0.97691
7886068,2,2,0.00334,0.00938,0.98727
37222123,2,2,0.04729,0.05338,0.89933
37127963,2,2,0.00812,0.21426,0.77763
20385198,2,2,0.005,0.02755,0.96745
29218640,2,2,0.00807,0.04432,0.94761
11991446,2,2,0.01407,0.15544,0.8305
4902056,2,2,0.01375,0.03003,0.95623
41281929,2,2,0.0022,0.00811,0.98969
15793390,2,2,0.00446,0.03263,0.96291
29834005,2,2,0.00256,0.01188,0.98556
37714124,2,2,0.01449,0.24225,0.74326
37338269,2,2,0.00356,0.00882,0.98762
16040977,2,2,0.00396,0.01248,0.98356
12735524,2,2,0.00411,0.00688,0.98902
608267,2,2,0.00225,0.01643,0.98132
5471311,2,2,0.00207,0.00633,0.9916
24109124,2,2,0.00483,0.01449,0.98068
20881767,2,2,0.00206,0.01309,0.98485
10284582,2,2,0.00161,0.00873,0.98966
31047911,2,2,0.00287,0.02278,0.97435
859779,2,2,0.00213,0.01023,0.98765
27467173,2,2,0.00116,0.00737,0.99147
13508656,2,2,0.00268,0.01413,0.98319
20705414,2,2,0.00132,0.00572,0.99296
19869594,2,1,0.05873,0.8939,0.04737
13202893,2,2,0.00183,0.00568,0.9925
5254089,2,2,0.0057,0.06568,0.92862
20260313,2,2,0.0114,0.01705,0.97155
5193613,2,2,0.00382,0.01578,0.98039
21705909,2,2,0.01319,0.40383,0.58299
20550416,2,2,0.20076,0.14075,0.65849
26066887,2,2,0.0124,0.0179,0.9697
37180657,2,2,0.00248,0.01054,0.98697
13639845,2,1,0.08077,0.82218,0.09705
12951087,2,2,0.00252,0.01329,0.98419
11848222,2,2,0.002,0.00768,0.99032
23886031,2,2,0.00289,0.01623,0.98088
16661124,2,2,0.00647,0.01886,0.97468
29912100,2,2,0.00147,0.00745,0.99108
12105699,2,2,0.00235,0.0059,0.99176
23019402,2,1,0.0411,0.62798,0.33092
11163839,2,2,0.00394,0.0309,0.96515
37410,2,2,0.0016,0.01203,0.98636
34582114,2,2,0.00244,0.0143,0.98326
27984245,2,2,0.02335,0.06537,0.91127
39862799,2,2,0.00164,0.00643,0.99193
28844711,2,2,0.00249,0.02526,0.97225
41607971,2,2,0.00609,0.14423,0.84967
8971722,2,1,0.04329,0.62146,0.33525
27951318,2,2,0.0093,0.01185,0.97885
35760211,2,2,0.00695,0.039,0.95405
12446358,2,2,0.00535,0.01383,0.98082
4885674,2,1,0.02892,0.81924,0.15184
38331976,2,2,0.0022,0.00804,0.98976
29997979,2,2,0.0014,0.00863,0.98997
16535442,2,2,0.01703,0.02382,0.95915
2281255,2,1,0.05758,0.8363,0.10612
6579594,2,2,0.006,0.03143,0.96257
35376014,2,2,0.16308,0.29588,0.54103
25786351,2,2,0.00442,0.0102,0.98537
33811330,2,2,0.01492,0.28269,0.70239
34883424,2,2,0.00208,0.0165,0.98142
24526103,2,2,0.00151,0.00684,0.99165
11222453,2,2,0.00267,0.0158,0.98152
8873946,2,2,0.00354,0.00617,0.99029
21459140,2,2,0.00166,0.00908,0.98927
28373523,2,2,0.00158,0.00966,0.98876
20661040,2,1,0.10864,0.63253,0.25883
7323974,2,2,0.00223,0.01118,0.9866
34523628,2,2,0.0018,0.0082,0.99
10445117,2,2,0.00197,0.00866,0.98937
8018360,2,2,0.00217,0.00642,0.99141
2305571,2,2,0.00384,0.01078,0.98538
17776391,2,1,0.2835,0.4727,0.2438
28275816,2,2,0.00237,0.01153,0.98611
6122162,2,2,0.00134,0.00633,0.99233
3556690,2,2,0.01631,0.48032,0.50337
34571560,2,1,0.2815,0.694,0.0245
34609682,2,2,0.00426,0.0156,0.98014
27737243,2,2,0.00816,0.04167,0.95018
35383689,2,2,0.00249,0.00849,0.98902
12631577,2,2,0.00245,0.0075,0.99005
29076546,2,2,0.0014,0.00734,0.99126
37217840,2,2,0.00118,0.006,0.99282
29114972,2,1,0.11322,0.84565,0.04113
14351805,2,2,0.00143,0.00391,0.99466
41521991,2,2,0.00278,0.0071,0.99012
3606951,2,2,0.01957,0.18,0.80043
20909255,2,2,0.00194,0.00869,0.98937
21655413,2,2,0.02714,0.08103,0.89183
33733786,2,2,0.01153,0.12835,0.86013
41467889,2,2,0.00206,0.01114,0.98681
253168,2,2,0.00183,0.007,0.99118
26204680,2,2,0.00352,0.03619,0.96029
9136787,2,2,0.00227,0.00722,0.99051
16686998,2,2,0.00278,0.00738,0.98984
7663045,2,2,0.0024,0.01452,0.98308
18505723,2,2,0.00313,0.02745,0.96942
23750792,2,2,0.01175,0.01737,0.97088
23091732,2,1,0.34507,0.58698,0.06795
16603588,2,2,0.0027,0.00435,0.99294
4600924,2,1,0.19114,0.77844,0.03042
13386851,2,2,0.00197,0.00869,0.98934
2100241,2,2,0.00242,0.00647,0.99111
21428752,2,2,0.00335,0.00732,0.98933
7505750,2,2,0.01003,0.12832,0.86165
3469813,2,2,0.002,0.00739,0.99061
24673587,2,2,0.00225,0.01836,0.97939
18285657,2,2,0.01153,0.12835,0.86013
21895819,2,2,0.00278,0.0375,0.95972
36851701,2,2,0.00269,0.02599,0.97133
23972403,2,1,0.05031,0.68914,0.26055
25239579,2,2,0.02091,0.15034,0.82875
34514106,2,2,0.0031,0.00732,0.98958
33632697,2,2,0.00161,0.00768,0.99071
24941283,2,0,0.76497,0.21746,0.01757
36486133,2,2,0.00172,0.00464,0.99364
39012831,2,2,0.02525,0.34854,0.62621
26976034,2,2,0.00299,0.02922,0.96779
14731662,2,2,0.00462,0.00656,0.98883
40261779,2,2,0.00257,0.00896,0.98847
1710164,2,2,0.00223,0.00886,0.98891
8248950,2,1,0.20594,0.7467,0.04736
2535812,2,2,0.01713,0.39296,0.58991
13643585,2,1,0.04204,0.57136,0.3866
9978135,2,2,0.00287,0.03698,0.96015
39425771,2,2,0.00253,0.00856,0.98892
18146187,2,2,0.00274,0.00652,0.99074
33836851,2,2,0.2887,0.30988,0.40141
4523939,2,2,0.01551,0.13746,0.84702
29361566,2,2,0.00321,0.01842,0.97837
6426408,2,2,0.00564,0.03079,0.96357
12406773,2,2,0.00291,0.00931,0.98778
3168519,2,2,0.00281,0.02638,0.97081
8484323,2,2,0.01521,0.4142,0.57059
18352657,2,1,0.07556,0.68942,0.23502
33878491,2,1,0.05182,0.86291,0.08527
4790455,2,2,0.00136,0.0086,0.99005
30673110,2,2,0.00431,0.03483,0.96086
6703037,2,2,0.0021,0.02215,0.97574
35025814,2,2,0.00278,0.00637,0.99085
32160162,2,2,0.00206,0.01105,0.98689
39126116,2,2,0.00273,0.00903,0.98824
16846185,2,2,0.00495,0.0211,0.97395
38256072,2,2,0.00257,0.00738,0.99004
38620744,2,2,0.00177,0.00751,0.99073
29458925,2,0,0.56132,0.42703,0.01165
5455968,2,2,0.00704,0.01074,0.98221
27332520,2,2,0.00245,0.01063,0.98693
15537306,2,2,0.00235,0.00604,0.99162
25101118,2,2,0.01075,0.02146,0.96778
11056982,2,2,0.00152,0.00436,0.99412
30331927,2,2,0.00192,0.00604,0.99205
27623440,2,2,0.04232,0.08077,0.87691
4559581,2,2,0.02781,0.02582,0.94637
2591775,2,2,0.00203,0.01122,0.98675
27451841,2,2,0.00389,0.01478,0.98133
31414233,2,2,0.00471,0.05392,0.94137
2453950,2,1,0.334,0.64633,0.01967
32519146,2,2,0.00225,0.01545,0.9823
612020,2,2,0.00192,0.00581,0.99228
37400540,2,2,0.00277,0.00961,0.98762
4922258,2,2,0.00355,0.05624,0.9402
22224249,2,2,0.00168,0.00951,0.98881
32314397,2,2,0.00292,0.02131,0.97578
10367014,2,2,0.00169,0.00733,0.99098
10437945,2,2,0.00277,0.0103,0.98693
16015855,2,2,0.00179,0.00958,0.98863
27942525,2,2,0.00428,0.04264,0.95308
21715689,2,2,0.00143,0.00525,0.99332
20654695,2,2,0.00283,0.00662,0.99055
26625338,2,1,0.28955,0.55054,0.1599
1507262,2,2,0.0279,0.13751,0.83459
27772745,2,2,0.00142,0.00542,0.99316
1324591,2,2,0.00847,0.02767,0.96386
23429595,2,2,0.00177,0.00873,0.9895
1598977,2,2,0.00193,0.01236,0.98571
30031687,2,2,0.00147,0.00479,0.99374
23098097,2,2,0.00172,0.00638,0.99191
11947439,2,2,0.00553,0.03548,0.95899
10083393,2,2,0.00216,0.01031,0.98753
8154387,2,2,0.00134,0.00648,0.99218
20229941,2,2,0.00174,0.00705,0.9912
22768221,2,2,0.0327,0.38312,0.58418
1241774,2,2,0.00867,0.01985,0.97148
33129046,2,2,0.00123,0.00891,0.98986
28783993,2,2,0.00344,0.00576,0.99081
27692238,2,2,0.03336,0.03271,0.93392
19931641,2,2,0.0018,0.00493,0.99326
34287556,2,2,0.00217,0.00786,0.98997
41090386,2,2,0.02024,0.45359,0.52617
23106990,2,2,0.00159,0.00793,0.99049
19199100,2,2,0.00382,0.06058,0.9356
5091862,2,2,0.00354,0.00683,0.98963
35313579,2,2,0.00486,0.03956,0.95558
13269158,2,2,0.00823,0.0177,0.97407
18521464,2,2,0.00323,0.01354,0.98323
4041510,2,2,0.00185,0.00678,0.99136
10535763,2,2,0.00189,0.00432,0.99379
10299420,2,2,0.00245,0.00792,0.98963
5477359,2,1,0.05634,0.79623,0.14743
38303800,2,2,0.00295,0.02653,0.97052
26215842,2,2,0.00173,0.01558,0.9827
14790119,2,2,0.00315,0.02188,0.97497
6404636,2,0,0.78825,0.17657,0.03518
20724603,2,2,0.01903,0.19674,0.78423
40544045,2,2,0.00423,0.00861,0.98716
10060612,2,2,0.00194,0.00936,0.9887
9134594,2,2,0.00143,0.00498,0.9936
37970979,2,2,0.00241,0.01144,0.98616
5045104,2,2,0.00249,0.00738,0.99012
14797504,2,2,0.00217,0.00756,0.99027
10989456,2,2,0.00149,0.00762,0.99089
25094495,2,2,0.00313,0.01308,0.98379
27332641,2,2,0.0021,0.00973,0.98818
21210311,2,2,0.0068,0.05933,0.93387
33665607,2,2,0.00612,0.07099,0.92289
37978660,2,2,0.00231,0.00628,0.99142
21708132,2,2,0.0014,0.00453,0.99406
4247692,2,2,0.00203,0.00973,0.98824
17615645,2,1,0.18578,0.72975,0.08447
2084235,2,2,0.06182,0.29899,0.63918
23941707,2,2,0.0021,0.00786,0.99004
32369034,2,2,0.01966,0.01791,0.96243
32628356,2,2,0.00248,0.01264,0.98488
34836152,2,2,0.01507,0.06726,0.91767
26866450,2,1,0.09878,0.60747,0.29375
23818111,2,2,0.00264,0.02619,0.97117
39819508,2,2,0.03473,0.37781,0.58746
39373598,2,2,0.00245,0.00733,0.99022
17714921,2,2,0.002,0.01175,0.98625
3176816,2,2,0.00359,0.01634,0.98007
15918154,2,2,0.00826,0.16263,0.82912
35713432,2,2,0.00179,0.01114,0.98707
22992004,2,2,0.00522,0.04533,0.94945
4488110,2,2,0.00296,0.00627,0.99077
16365641,2,2,0.00979,0.05225,0.93796
36067517,2,2,0.00238,0.00525,0.99237
23998861,2,1,0.08822,0.80495,0.10683
3956101,2,2,0.00203,0.01027,0.9877
7647889,2,2,0.00391,0.01005,0.98604
29621333,2,2,0.00182,0.00947,0.98871
3414197,2,2,0.00485,0.05665,0.9385
32803036,2,2,0.00256,0.011,0.98644
5180338,2,2,0.00577,0.01675,0.97748
30946559,2,2,0.00224,0.007,0.99077
749209,2,2,0.00136,0.00638,0.99226
19236745,2,2,0.00116,0.0059,0.99293
38388741,2,2,0.00179,0.01231,0.9859
17860722,2,2,0.00662,0.01134,0.98204
224035,2,2,0.00504,0.01163,0.98333
5076801,2,2,0.00292,0.02118,0.9759
36502445,2,2,0.00179,0.01122,0.98699
38893442,2,2,0.00235,0.00486,0.9928
41527693,2,2,0.00137,0.01043,0.98819
8739421,2,2,0.00559,0.01619,0.97822
37916366,2,2,0.00177,0.00432,0.9939
10646406,2,2,0.01311,0.03883,0.94807
19612696,2,1,0.13495,0.77656,0.0885
24712164,2,2,0.00193,0.01194,0.98613
36561280,2,2,0.00328,0.00652,0.99021
37451695,2,2,0.00219,0.01067,0.98714
13693416,2,2,0.00339,0.02553,0.97108
31638939,2,2,0.00127,0.00784,0.99089
33627907,2,2,0.00953,0.01795,0.97251
27643513,2,2,0.00171,0.00958,0.98871
7368108,2,2,0.24843,0.18886,0.56272
1530721,2,2,0.00216,0.00869,0.98914
26149049,2,2,0.01047,0.11795,0.87158
27696240,2,1,0.03451,0.66146,0.30402
33895068,2,2,0.00183,0.00673,0.99144
3537879,2,2,0.0014,0.00689,0.99171
34093860,2,2,0.01065,0.06016,0.92919
32295722,2,2,0.00553,0.03469,0.95978
31278341,2,2,0.00159,0.00419,0.99422
32479095,2,2,0.00372,0.04327,0.95302
17691824,2,2,0.00135,0.00904,0.9896
8106365,2,2,0.00237,0.01096,0.98667
14644883,2,1,0.04945,0.59776,0.35278
36663847,2,2,0.00125,0.01281,0.98595
38194598,2,2,0.00188,0.0075,0.99061
30818464,2,2,0.00948,0.16349,0.82703
39493778,2,2,0.00171,0.00965,0.98863
18411147,2,2,0.00788,0.10884,0.88327
25413689,2,2,0.00162,0.01552,0.98286
7298106,2,2,0.00207,0.00525,0.99268
190215,2,2,0.00257,0.02327,0.97416
31013281,2,1,0.01976,0.61465,0.36559
17548606,2,2,0.00442,0.0707,0.92489
28395222,2,2,0.0014,0.01085,0.98776
38352607,2,2,0.0023,0.00862,0.98907
36340090,2,2,0.00177,0.00679,0.99144
8336380,2,2,0.00192,0.00599,0.99209
34659316,2,2,0.00325,0.00842,0.98834
40870015,2,2,0.00226,0.01226,0.98548
25163327,2,2,0.00468,0.01633,0.979
29851799,2,2,0.00149,0.00818,0.99034
31456729,2,2,0.00837,0.05384,0.93778
28449400,2,2,0.00339,0.01273,0.98389
2825680,2,2,0.00164,0.00802,0.99035
21225018,2,2,0.00257,0.00849,0.98894
14709327,2,2,0.00192,0.00429,0.99379
12777926,2,0,0.59198,0.38823,0.01979
5326044,2,2,0.00209,0.01345,0.98446
20090791,2,2,0.00416,0.02337,0.97247
4547393,2,2,0.003,0.02353,0.97347
26413346,2,2,0.11275,0.15487,0.73238
8906952,2,2,0.00344,0.04177,0.95479
17901815,2,2,0.0033,0.03637,0.96032
28593969,2,2,0.00203,0.01241,0.98557
14162720,2,2,0.00138,0.00517,0.99345
12920936,2,2,0.00249,0.00762,0.98989
29186328,2,2,0.00338,0.02872,0.9679
30897803,2,2,0.00237,0.01088,0.98675
3558386,2,2,0.08778,0.14193,0.77028
14579728,2,2,0.00219,0.01003,0.98777
18805071,2,2,0.00545,0.04973,0.94482
40281072,2,2,0.00227,0.00585,0.99187
6937756,2,1,0.02857,0.5739,0.39753
38463614,2,2,0.0022,0.00563,0.99217
4952482,2,2,0.00462,0.07184,0.92353
29654394,2,2,0.00134,0.00453,0.99413
21288046,2,2,0.00572,0.03234,0.96194
11332920,2,1,0.06709,0.87685,0.05606
23144772,2,2,0.03824,0.09138,0.87038
14595071,2,2,0.0019,0.01476,0.98334
33160401,2,2,0.00149,0.00728,0.99123
1473575,2,2,0.00679,0.02398,0.96923
19346054,2,2,0.01432,0.26813,0.71755
7561255,2,2,0.00821,0.01214,0.97964
8275353,2,2,0.01426,0.09674,0.889
31480271,2,2,0.00147,0.00689,0.99164
5905830,2,2,0.02104,0.39692,0.58204
41501230,2,2,0.00174,0.00922,0.98905
28244973,2,2,0.0102,0.20478,0.78502
11214380,2,2,0.00161,0.00759,0.99079
15711952,2,2,0.00487,0.0368,0.95833
6652721,2,2,0.00237,0.01153,0.98611
9359419,2,2,0.14292,0.09939,0.75769
26504621,2,1,0.16851,0.81179,0.0197
22772907,2,2,0.01008,0.00917,0.98075
31396596,2,2,0.00179,0.0089,0.98931
20609354,2,2,0.00361,0.01112,0.98527
937588,2,2,0.00147,0.00793,0.99061
39816811,2,2,0.00125,0.00799,0.99076
30252551,2,2,0.00213,0.01105,0.98683
757451,2,2,0.00252,0.01026,0.98721
32796579,2,2,0.00244,0.01299,0.98457
35619917,2,2,0.00266,0.01893,0.97841
20195663,2,2,0.00157,0.0046,0.99383
361487,2,2,0.00672,0.02709,0.96619
40738890,2,2,0.00414,0.04331,0.95255
2239174,2,2,0.00151,0.00793,0.99056
5497185,2,1,0.31689,0.57718,0.10594
38680206,2,2,0.00204,0.00576,0.9922
14277540,2,2,0.0856,0.11792,0.79647
23453529,2,2,0.00187,0.0128,0.98533
33631380,2,2,0.00198,0.00609,0.99194
31083289,2,2,0.00168,0.01149,0.98683
23876975,2,2,0.00875,0.06999,0.92126
35662595,2,2,0.00457,0.02478,0.97065
23823941,2,2,0.00186,0.00585,0.99229
7831791,2,2,0.00279,0.03535,0.96187
20831833,2,2,0.00177,0.00856,0.98967
40423364,2,2,0.00237,0.02685,0.97078
10789150,2,2,0.00154,0.00609,0.99237
18291420,2,2,0.00852,0.08123,0.91026
28675146,2,2,0.00271,0.01753,0.97976
21881228,2,1,0.21902,0.75553,0.02545
29458223,2,2,0.00562,0.04972,0.94466
31861921,2,2,0.0014,0.00674,0.99186
32018248,2,2,0.0028,0.01674,0.98046
38760532,2,2,0.00189,0.01844,0.97967
24631103,2,2,0.00156,0.00521,0.99322
8878002,2,2,0.00379,0.00841,0.98779
41003164,2,2,0.01451,0.15511,0.83038
39798432,2,2,0.00313,0.01485,0.98202
22045588,2,2,0.00567,0.07067,0.92366
34356257,2,2,0.00256,0.01314,0.9843
31819699,2,2,0.00152,0.00604,0.99244
6094747,2,1,0.05035,0.76332,0.18633
36770924,2,2,0.002,0.00929,0.98871
27110248,2,2,0.00653,0.09761,0.89586
4724731,2,2,0.00246,0.02223,0.97531
39822949,2,2,0.00746,0.04556,0.94698
32696355,2,2,0.02201,0.02739,0.9506
27830772,2,2,0.00217,0.00811,0.98973
4513662,2,2,0.00333,0.01496,0.98171
6401224,2,2,0.00343,0.0161,0.98048
22999889,2,2,0.00719,0.07985,0.91296
275166,2,1,0.12467,0.80821,0.06712
1107490,2,2,0.0019,0.01295,0.98515
29055771,2,2,0.0014,0.00658,0.99202
3941885,2,2,0.00241,0.02354,0.97404
28034753,2,2,0.00219,0.01345,0.98436
23887228,2,0,0.78516,0.1729,0.04194
25065315,2,2,0.0029,0.01046,0.98664
33594338,2,2,0.09646,0.08316,0.82038
37534230,2,2,0.00197,0.00663,0.9914
1226148,2,2,0.00174,0.00907,0.98919
7400944,2,2,0.00113,0.00555,0.99332
23859765,2,2,0.00185,0.009,0.98915
8787158,2,2,0.0032,0.03887,0.95794
14372608,2,1,0.03751,0.55124,0.41125
36829350,2,2,0.00249,0.02296,0.97454
37162388,2,2,0.00128,0.00604,0.99268
30373787,2,2,0.00373,0.0107,0.98558
31775368,2,2,0.00128,0.00542,0.9933
27665317,2,2,0.1486,0.24263,0.60877
12126220,2,2,0.00355,0.02718,0.96927
16005241,2,2,0.00605,0.08264,0.91131
8772646,2,2,0.00571,0.01953,0.97476
4453069,2,2,0.00273,0.00939,0.98788
6445926,2,2,0.00264,0.01117,0.98619
12463948,2,2,0.00502,0.06696,0.92801
38896175,2,2,0.00132,0.00498,0.99371
25964643,2,2,0.28173,0.29554,0.42272
28601275,2,0,0.89395,0.10128,0.00476
7172189,2,2,0.01903,0.04974,0.93123
25258886,2,2,0.00144,0.00908,0.98948
31168489,2,2,0.0094,0.00911,0.98149
9503075,2,2,0.00292,0.03704,0.96004
39744708,2,2,0.00352,0.0345,0.96198
41504803,2,2,0.00228,0.01901,0.97871
2115019,2,2,0.00198,0.00585,0.99217
30691702,2,2,0.00213,0.00859,0.98928
17258250,2,2,0.00807,0.03731,0.95463
13559490,2,2,0.00345,0.00902,0.98752
32027902,2,2,0.00569,0.01522,0.97909
22598938,2,2,0.00133,0.00857,0.9901
7128161,2,2,0.00196,0.01448,0.98357
19283373,2,2,0.00381,0.03544,0.96075
17273351,2,2,0.0014,0.00697,0.99162
2710118,2,2,0.00469,0.04377,0.95154
6526955,2,2,0.00666,0.02075,0.9726
20161237,2,2,0.00791,0.02695,0.96514
11614438,2,2,0.03403,0.08843,0.87754
38320426,2,2,0.02025,0.11191,0.86784
10571499,2,2,0.00385,0.03861,0.95754
34602887,2,2,0.00431,0.02024,0.97544
13936382,2,2,0.00138,0.0076,0.99103
41060818,2,2,0.00265,0.00849,0.98886
21336599,2,2,0.00402,0.01327,0.98271
33155470,2,2,0.0367,0.06711,0.89619
24685354,2,2,0.00539,0.08826,0.90635
17087054,2,2,0.00181,0.01582,0.98237
29747577,2,2,0.00999,0.17156,0.81846
19085082,2,2,0.0035,0.00998,0.98652
12584277,2,2,0.0024,0.02783,0.96976
13418603,2,2,0.0027,0.00689,0.99042
28539351,2,2,0.00151,0.00658,0.99191
35256042,2,0,0.42714,0.21457,0.35829
14703620,2,2,0.00244,0.01189,0.98567
1450123,2,1,0.16555,0.78612,0.04833
261856,2,2,0.00215,0.01599,0.98186
37706123,2,2,0.00382,0.01628,0.9799
13625694,2,2,0.00149,0.00783,0.99068
6819469,2,2,0.00397,0.00982,0.98621
36472690,2,2,0.04522,0.03231,0.92247
15785886,2,2,0.00303,0.0137,0.98327
36073564,2,2,0.00285,0.01538,0.98177
15239545,2,1,0.17191,0.62514,0.20295
32539155,2,2,0.01165,0.06971,0.91864
1688713,2,2,0.00138,0.00668,0.99194
8053940,2,1,0.20137,0.59942,0.19922
41140665,2,2,0.00186,0.00638,0.99177
30199018,2,2,0.00321,0.01835,0.97844
1768739,2,2,0.00175,0.00457,0.99369
208705,2,2,0.04822,0.05954,0.89224
20532066,2,2,0.00188,0.00999,0.98813
31096234,2,2,0.00189,0.01848,0.97963
16390252,2,2,0.00217,0.00722,0.99062
23555893,2,2,0.0014,0.00513,0.99346
38993081,2,2,0.01937,0.0472,0.93342
10972612,2,2,0.00319,0.00862,0.98819
14812406,2,2,0.00186,0.00638,0.99177
5330161,2,2,0.00301,0.02147,0.97552
36259841,2,2,0.00224,0.00628,0.99149
38995472,2,2,0.00757,0.0318,0.96064
10106812,2,2,0.01727,0.32967,0.65306
13108861,2,2,0.00607,0.01294,0.98099
20009430,2,2,0.00595,0.12432,0.86973
15580702,2,2,0.03763,0.42228,0.5401
37732709,2,2,0.0074,0.06734,0.92526
32051146,2,2,0.00517,0.03973,0.9551
8667660,2,2,0.01038,0.01842,0.9712
21137155,2,1,0.10849,0.83195,0.05956
23143143,2,2,0.00278,0.02248,0.97474
36794669,2,2,0.00474,0.04824,0.94701
32911446,2,2,0.00435,0.04136,0.95429
36050440,2,2,0.00363,0.03545,0.96092
26446473,2,2,0.00189,0.00497,0.99314
14313148,2,2,0.00304,0.00489,0.99207
39285485,2,2,0.00161,0.00668,0.99171
27582373,2,2,0.00298,0.03249,0.96453
39643159,2,2,0.0014,0.00985,0.98876
6430186,2,2,0.00206,0.01131,0.98663
31094492,2,2,0.00156,0.00668,0.99176
29109284,2,2,0.00607,0.01245,0.98148
41319,2,2,0.00555,0.03097,0.96348
23212013,2,2,0.0013,0.00577,0.99294
34313600,2,2,0.00156,0.00614,0.9923
34677866,2,2,0.00749,0.04177,0.95074
15699469,2,2,0.00168,0.01039,0.98793
36874851,2,2,0.00237,0.01022,0.9874
29574374,2,2,0.00115,0.00471,0.99414
8224289,2,2,0.00145,0.00505,0.9935
30807708,2,2,0.01694,0.44368,0.53938
24542727,2,2,0.00148,0.01154,0.98698
8527978,2,2,0.00237,0.01157,0.98606
23841349,2,2,0.01349,0.37608,0.61044
9007399,2,0,0.54434,0.42726,0.0284
7850788,2,2,0.03127,0.04768,0.92105
36602856,2,2,0.00219,0.02884,0.96898
1870897,2,2,0.00147,0.00555,0.99298
30435519,2,2,0.01047,0.11795,0.87158
16107646,2,2,0.0056,0.00692,0.98748
6854730,2,2,0.00247,0.01533,0.9822
29334224,2,2,0.0022,0.00843,0.98937
11289760,2,2,0.04016,0.07387,0.88597
9217994,2,2,0.00202,0.01309,0.98488
171458,2,2,0.01769,0.2064,0.77591
9707189,2,1,0.04161,0.81644,0.14195
34312246,2,2,0.00281,0.01293,0.98426
5925891,2,2,0.00459,0.0645,0.93091
19407126,2,2,0.00309,0.0105,0.98641
28610576,2,2,0.00176,0.01189,0.98634
14876086,2,2,0.0014,0.00563,0.99296
5318572,2,2,0.00193,0.01436,0.98371
19178760,2,2,0.0102,0.16714,0.82267
13049686,2,2,0.00167,0.00509,0.99324
807881,2,2,0.00199,0.0128,0.98521
17419562,2,2,0.00217,0.00505,0.99278
7515640,2,2,0.00413,0.01652,0.97935
25620371,2,2,0.00994,0.14928,0.84078
13379966,2,2,0.00169,0.0078,0.99051
15394553,2,0,0.73935,0.23265,0.028
27633858,2,2,0.00957,0.06651,0.92393
20609643,2,2,0.00183,0.00694,0.99123
41332021,2,2,0.0052,0.03503,0.95978
28550369,2,2,0.00238,0.00572,0.9919
27511229,2,2,0.0014,0.00534,0.99326
34677387,2,2,0.00148,0.01089,0.98763
21158220,2,2,0.00174,0.01063,0.98763
6794205,2,2,0.00293,0.0158,0.98127
36138267,2,2,0.00366,0.01151,0.98483
14673476,2,2,0.00507,0.01367,0.98126
21641495,2,2,0.0014,0.00471,0.99388
3227796,2,2,0.02443,0.22731,0.74825
38043651,2,2,0.00555,0.06071,0.93373
20614838,2,2,0.00149,0.00609,0.99242
23374513,2,2,0.00337,0.01856,0.97808
13649204,2,2,0.01285,0.12774,0.85941
3261561,2,2,0.14666,0.23102,0.62232
22244549,2,2,0.01108,0.16216,0.82676
7269459,2,2,0.00201,0.00432,0.99367
27201361,2,2,0.18727,0.37389,0.43884
25639155,2,2,0.00136,0.00618,0.99246
2959216,2,2,0.00126,0.00663,0.99211
9338154,2,2,0.00268,0.01324,0.98408
30035341,2,2,0.00376,0.01806,0.97819
27663490,2,1,0.03054,0.79387,0.17559
26775734,2,2,0.00245,0.00792,0.98963
24531528,2,1,0.10126,0.57818,0.32055
4876260,2,2,0.00194,0.00722,0.99084
14901112,2,2,0.00174,0.00827,0.98999
35824208,2,1,0.08652,0.83712,0.07636
12653262,2,2,0.01194,0.17682,0.81124
15965315,2,2,0.00222,0.01319,0.98458
5864571,2,2,0.00213,0.01051,0.98737
32460370,2,2,0.00169,0.00814,0.99017
14177967,2,2,0.00639,0.02292,0.97069
12884714,2,2,0.0032,0.0229,0.9739
30190937,2,2,0.00311,0.01885,0.97804
28175620,2,2,0.00151,0.00962,0.98887
38509223,2,2,0.14611,0.18488,0.66902
23743957,2,2,0.00149,0.00453,0.99397
3439202,2,2,0.00143,0.00426,0.99431
22247309,2,2,0.00224,0.02088,0.97688
8952480,2,2,0.00588,0.06581,0.92831
19380038,2,2,0.00138,0.00482,0.9938
15738847,2,2,0.04448,0.14211,0.81341
8412061,2,1,0.28613,0.63109,0.08278
31319960,2,2,0.0042,0.01542,0.98038
35252963,2,2,0.00221,0.01815,0.97963
30910184,2,2,0.00147,0.00643,0.9921
17996774,2,2,0.00407,0.01566,0.98027
17578678,2,2,0.00166,0.00604,0.9923
7311,2,2,0.00242,0.02314,0.97444
27542785,2,2,0.00388,0.01647,0.97965
39810307,2,2,0.06394,0.08052,0.85554
3352988,2,2,0.00859,0.02209,0.96932
19607571,2,1,0.05967,0.89067,0.04966
1216752,2,2,0.00718,0.09593,0.8969
6734321,2,2,0.0023,0.01148,0.98622
24592232,2,2,0.00536,0.02038,0.97426
9960359,2,2,0.02526,0.04149,0.93325
29522629,2,2,0.00571,0.0639,0.93039
19076715,2,2,0.00177,0.00827,0.98996
36362825,2,2,0.00142,0.00674,0.99184
38861115,2,2,0.00713,0.0593,0.93357
18705158,2,2,0.0013,0.00475,0.99395
28282734,2,2,0.00269,0.0239,0.97341
38275011,2,2,0.00132,0.00542,0.99326
10368924,2,2,0.00339,0.01229,0.98432
22258089,2,2,0.00246,0.00699,0.99055
18810072,2,2,0.00326,0.01988,0.97686
25162666,2,2,0.00149,0.00604,0.99247
21907108,2,2,0.00613,0.06924,0.92463
15467647,2,2,0.00315,0.00657,0.99028
16217811,2,2,0.01204,0.03112,0.95684
32297731,2,2,0.00172,0.01931,0.97897
5350130,2,2,0.00437,0.02111,0.97451
6572815,2,2,0.02942,0.20583,0.76475
20151215,2,2,0.00216,0.01189,0.98595
20334451,2,2,0.0062,0.01398,0.97982
23750287,2,2,0.00213,0.00733,0.99054
33215628,2,2,0.00285,0.02884,0.96831
4571376,2,1,0.11264,0.76675,0.12061
31007753,2,2,0.00153,0.01194,0.98653
19721357,2,1,0.0172,0.53924,0.44356
37758882,2,2,0.00172,0.00648,0.99181
455930,2,2,0.00464,0.08365,0.91171
19035928,2,2,0.0032,0.03887,0.95794
3051832,2,2,0.00261,0.00932,0.98808
40466061,2,2,0.00188,0.01023,0.98789
28053243,2,2,0.00185,0.00873,0.98942
18655929,2,2,0.00329,0.02505,0.97166
13810538,2,2,0.00245,0.011,0.98655
13022936,2,2,0.01132,0.06106,0.92762
5679779,2,2,0.0012,0.00568,0.99312
29184730,2,2,0.01165,0.07037,0.91798
33156099,2,2,0.0027,0.02227,0.97504
19678692,2,2,0.00144,0.00911,0.98945
5666188,2,2,0.00228,0.01886,0.97886
4031921,2,2,0.00286,0.00903,0.98811
30425532,2,2,0.01,0.20802,0.78198
7701425,2,2,0.00323,0.01313,0.98364
24151922,2,2,0.00687,0.07874,0.91439
25251205,2,2,0.03698,0.36624,0.59679
2295714,2,2,0.01962,0.06408,0.9163
26056558,2,2,0.00152,0.00534,0.99315
28737682,2,2,0.00177,0.00563,0.9926
36869319,2,2,0.00172,0.00628,0.992
26289244,2,2,0.00227,0.00576,0.99196
25254777,2,2,0.28551,0.20898,0.50551
26065903,2,2,0.00142,0.00643,0.99215
21752329,2,2,0.01437,0.06121,0.92442
12331867,2,2,0.00499,0.02829,0.96671
23433807,2,2,0.00156,0.01047,0.98797
25237642,2,2,0.00657,0.02579,0.96764
14159751,2,2,0.00217,0.00647,0.99136
13015705,2,2,0.01173,0.15275,0.83551
39226301,2,1,0.10081,0.849,0.0502
33637874,2,2,0.01551,0.30918,0.67531
20952088,2,2,0.00464,0.03883,0.95653
21695730,2,2,0.00136,0.00638,0.99226
31133843,2,2,0.00203,0.00886,0.9891
14895713,2,2,0.00126,0.00419,0.99455
10647634,2,2,0.00351,0.00848,0.98801
15914940,2,2,0.00265,0.00889,0.98846
27892962,2,2,0.00296,0.00773,0.98931
9110404,2,2,0.00154,0.00711,0.99135
1767260,2,2,0.00284,0.01586,0.9813
35736679,2,2,0.00555,0.06071,0.93373
37045249,2,2,0.00936,0.05042,0.94022
12474179,2,2,0.00282,0.00983,0.98735
9338487,2,1,0.39353,0.50137,0.10509
30981689,2,0,0.76585,0.20815,0.026
40759338,2,2,0.0563,0.40955,0.53415
20990628,2,2,0.00144,0.00887,0.98969
5774938,2,2,0.00343,0.04636,0.95021
32382912,2,2,0.00255,0.01392,0.98353
39810807,2,2,0.00359,0.01738,0.97903
9476046,2,2,0.00138,0.00703,0.99159
40610409,2,2,0.00504,0.0351,0.95986
19678300,2,2,0.00191,0.00897,0.98912
9837483,2,2,0.00152,0.00479,0.9937
2005030,2,2,0.03225,0.07529,0.89246
8906190,2,2,0.00576,0.0989,0.89535
30634650,2,1,0.05765,0.8179,0.12445
23742228,2,2,0.00187,0.01631,0.98182
14328041,2,2,0.00171,0.01127,0.98702
3716825,2,2,0.00166,0.00943,0.98891
36756503,2,2,0.00263,0.01435,0.98301
20679840,2,2,0.00154,0.00525,0.99321
19217296,2,2,0.00484,0.02782,0.96734
1709636,2,2,0.00523,0.04375,0.95102
16893681,2,2,0.00738,0.01862,0.974
40814388,2,2,0.00238,0.00762,0.99
2412118,2,2,0.10246,0.21086,0.68667
608366,2,2,0.00242,0.0071,0.99048
39063814,2,2,0.00376,0.00822,0.98802
33054782,2,2,0.00265,0.00869,0.98866
6944088,2,2,0.00237,0.02794,0.96969
36467210,2,2,0.00156,0.007,0.99144
11039453,2,2,0.03085,0.22751,0.74163
8955258,2,2,0.00207,0.00628,0.99165
29033460,2,2,0.00182,0.00958,0.9886
20664122,2,1,0.14832,0.81363,0.03805
4428926,2,2,0.00156,0.00996,0.98848
13643462,2,2,0.00775,0.02405,0.9682
40256158,2,0,0.80837,0.18683,0.00481
36716426,2,2,0.00166,0.00837,0.98997
21580367,2,1,0.0504,0.52927,0.42033
36870866,2,2,0.00339,0.01087,0.98574
36570827,2,2,0.00202,0.01284,0.98513
30898361,2,2,0.0014,0.00572,0.99288
8362901,2,2,0.00177,0.0084,0.98983
40271605,2,2,0.00435,0.01173,0.98393
4071410,2,2,0.00213,0.00705,0.99081
17931734,2,2,0.00164,0.00555,0.99281
16358332,2,2,0.00419,0.04869,0.94713
31671772,2,2,0.00717,0.00807,0.98476
38367809,2,2,0.00395,0.05917,0.93688
40853751,2,2,0.00356,0.00875,0.98769
21542503,2,2,0.01382,0.02512,0.96107
19785220,2,2,0.00552,0.02216,0.97232
20743167,2,2,0.00287,0.00816,0.98897
6736956,2,2,0.05968,0.10015,0.84017
21605031,2,2,0.00474,0.01903,0.97623
6344431,2,2,0.00164,0.00581,0.99255
11882791,2,2,0.00405,0.01927,0.97668
32672397,2,2,0.00373,0.00875,0.98752
23011104,2,1,0.15952,0.46521,0.37527
24739849,2,2,0.00118,0.00471,0.9941
4135016,2,1,0.03666,0.78392,0.17941
29528824,2,2,0.00485,0.01172,0.98343
35610937,2,2,0.00335,0.03903,0.95763
26557222,2,2,0.00351,0.02229,0.97419
13059344,2,2,0.00484,0.04304,0.95212
41241583,2,2,0.00269,0.0103,0.98701
27049843,2,2,0.01306,0.03508,0.95186
1279899,2,2,0.00226,0.01059,0.98715
26643302,2,2,0.03854,0.33949,0.62198
7745267,2,2,0.003,0.03842,0.95857
18676291,2,2,0.01568,0.04406,0.94026
32826658,2,1,0.04681,0.56582,0.38737
17746101,2,2,0.00972,0.11513,0.87515
40790913,2,1,0.01663,0.50129,0.48209
37239249,2,2,0.00356,0.02587,0.97058
5080508,2,1,0.13325,0.57429,0.29246
16815022,2,2,0.00145,0.00572,0.99283
13952406,2,2,0.00409,0.00952,0.98639
16535459,2,2,0.0033,0.03914,0.95757
11008580,2,2,0.00217,0.00668,0.99115
18742611,2,2,0.00583,0.05898,0.93519
33654428,2,2,0.00291,0.00694,0.99015
20989139,2,2,0.003,0.00773,0.98926
21624180,2,2,0.00217,0.0078,0.99004
13788117,2,2,0.00677,0.03425,0.95897
25298951,2,2,0.00177,0.00722,0.99101
8985301,2,2,0.00544,0.0363,0.95827
6176060,2,2,0.00547,0.10228,0.89224
6092013,2,2,0.00223,0.01126,0.98651
8284733,2,2,0.00458,0.08144,0.91399
35853071,2,2,0.00206,0.01051,0.98743
14417890,2,1,0.10528,0.79792,0.0968
17483081,2,2,0.00298,0.03085,0.96617
39355292,2,2,0.00277,0.02468,0.97254
33542138,2,2,0.0113,0.01792,0.97078
5249065,2,2,0.01047,0.11795,0.87158
26190523,2,2,0.00381,0.03391,0.96228
17692524,2,2,0.00761,0.02686,0.96553
19296815,2,2,0.00352,0.03619,0.96029
20651348,2,2,0.0034,0.02365,0.97295
41288566,2,2,0.00641,0.02679,0.9668
36992234,2,2,0.00377,0.01353,0.98269
1121447,2,2,0.00277,0.01188,0.98535
27291720,2,2,0.00151,0.0108,0.98769
27695863,2,2,0.00874,0.05647,0.93479
38977671,2,2,0.00253,0.00657,0.99089
2196703,2,2,0.00168,0.01236,0.98596
37273514,2,2,0.00273,0.01046,0.98681
23918331,2,2,0.00183,0.00509,0.99308
6581341,2,1,0.03659,0.64856,0.31485
6443433,2,2,0.0141,0.01254,0.97335
8387517,2,2,0.0021,0.00939,0.98851
32220200,2,2,0.12269,0.15738,0.71994
29710009,2,2,0.002,0.00817,0.98983
40547970,2,2,0.00481,0.01947,0.97572
37251707,2,2,0.00154,0.00464,0.99382
4005826,2,2,0.01794,0.20099,0.78107
41066410,2,2,0.00365,0.02954,0.96681
15698259,2,2,0.01142,0.123,0.86558
19733211,2,2,0.00283,0.03473,0.96243
34795080,2,1,0.07204,0.55782,0.37014
1200202,2,2,0.00612,0.01998,0.97391
8755402,2,2,0.00277,0.02492,0.97231
3444382,2,2,0.00171,0.00821,0.99008
12177590,2,2,0.00657,0.03331,0.96012
41525570,2,2,0.0026,0.01148,0.98592
40275007,2,2,0.00319,0.00896,0.98785
18275449,2,2,0.00256,0.0117,0.98574
6296494,2,2,0.00434,0.04306,0.9526
4311260,2,2,0.00154,0.00733,0.99113
37234116,2,2,0.00242,0.02283,0.97475
15130387,2,2,0.00416,0.03922,0.95662
23389305,2,2,0.00255,0.01503,0.98241
25491928,2,2,0.00158,0.00933,0.98909
39662964,2,2,0.00243,0.01618,0.98139
38866322,2,2,0.0024,0.01355,0.98405
20207257,2,2,0.00287,0.00804,0.98909
13496551,2,2,0.00158,0.00992,0.9885
22866047,2,2,0.00335,0.02457,0.97208
20699627,2,2,0.02241,0.07537,0.90222
13632145,2,2,0.00285,0.01334,0.98381
32557546,2,2,0.00259,0.01403,0.98338
34215018,2,2,0.0265,0.46965,0.50386
39413627,2,2,0.00192,0.01637,0.9817
32349780,2,2,0.00131,0.00815,0.99054
20507464,2,2,0.0406,0.32435,0.63505
33926427,2,2,0.00171,0.00821,0.99008
38100196,2,2,0.00212,0.01118,0.9867
23809897,2,2,0.00274,0.00779,0.98947
19916711,2,2,0.0038,0.02049,0.97571
6230304,2,2,0.12631,0.15386,0.71983
24626451,2,2,0.00346,0.02212,0.97442
38899930,2,2,0.00405,0.02128,0.97467
31581196,2,2,0.00252,0.01329,0.98419
31529463,2,2,0.00247,0.01551,0.98202
7878100,2,2,0.00203,0.00863,0.98934
10296073,2,2,0.00154,0.00599,0.99247
40043276,2,2,0.00207,0.00585,0.99208
39161976,2,2,0.002,0.00843,0.98957
27692285,2,2,0.00216,0.00976,0.98808
35423702,2,2,0.0155,0.08341,0.90109
13409382,2,2,0.00185,0.00705,0.99109
24624620,2,2,0.00261,0.00792,0.98947
26309671,2,2,0.00602,0.15414,0.83983
38923106,2,1,0.06258,0.77442,0.163
13469177,2,2,0.00415,0.04292,0.95293
15272513,2,2,0.00752,0.01462,0.97786
18673265,2,2,0.0032,0.00842,0.98839
33766837,2,2,0.00483,0.01541,0.97976
7675649,2,2,0.01617,0.01405,0.96978
10037923,2,2,0.00234,0.00652,0.99113
12200558,2,2,0.00487,0.08141,0.91372
11966533,2,1,0.08557,0.61045,0.30397
8992944,2,2,0.0036,0.01468,0.98173
8094199,2,2,0.00337,0.03184,0.96479
38521557,2,2,0.00434,0.01332,0.98234
35302520,2,2,0.01077,0.09283,0.8964
21495505,2,2,0.00338,0.05928,0.93734
26016763,2,2,0.00301,0.02135,0.97564
27448740,2,2,0.00182,0.0078,0.99037
20448194,2,2,0.00655,0.12214,0.87131
15140274,2,2,0.00283,0.00673,0.99045
17589092,2,2,0.04905,0.05041,0.90054
15443007,2,1,0.05355,0.65751,0.28893
10379932,2,1,0.24726,0.48671,0.26603
21038528,2,2,0.00258,0.00585,0.99157
28910873,2,2,0.01061,0.01892,0.97047
34125368,2,2,0.00197,0.00739,0.99064
2240957,2,2,0.00973,0.02029,0.96998
40646930,2,2,0.00161,0.00873,0.98966
27193732,2,2,0.00232,0.01587,0.98181
20931438,2,2,0.00145,0.00413,0.99442
1854324,2,2,0.00224,0.02048,0.97728
23142553,2,2,0.02201,0.06393,0.91407
4035686,2,2,0.00258,0.01871,0.97871
19500156,2,2,0.0096,0.17895,0.81145
24488217,2,2,0.0023,0.00976,0.98794
22822692,2,2,0.01396,0.01509,0.97095
38576450,2,2,0.00149,0.0085,0.99001
27860947,2,2,0.00294,0.01278,0.98427
20362415,2,2,0.0033,0.00773,0.98897
31079233,2,2,0.00245,0.00716,0.99039
36578880,2,2,0.00138,0.00695,0.99167
2533704,2,2,0.00185,0.007,0.99115
7916184,2,2,0.0188,0.23625,0.74496
6812332,2,2,0.0023,0.00804,0.98965
575871,2,2,0.01107,0.13647,0.85246
20484222,2,2,0.00772,0.0201,0.97218
31958912,2,2,0.00208,0.01734,0.98058
19922135,2,2,0.00223,0.00786,0.98991
3144294,2,1,0.12492,0.80349,0.07159
22414946,2,2,0.00142,0.00638,0.9922
11958032,2,2,0.00353,0.01647,0.97999
26201492,2,2,0.00177,0.00533,0.99289
1425217,2,2,0.00161,0.00689,0.9915
24996317,2,2,0.00479,0.00841,0.98681
25197912,2,2,0.00337,0.01705,0.97958
8645599,2,2,0.00774,0.03985,0.95241
14251562,2,2,0.00463,0.01191,0.98347
27743577,2,2,0.00217,0.02267,0.97517
1368116,2,2,0.00357,0.00743,0.989
39335371,2,2,0.01934,0.266,0.71465
9586399,2,2,0.00234,0.00798,0.98968
33337982,2,2,0.00329,0.00953,0.98718
26052959,2,2,0.00274,0.00599,0.99127
30788778,2,2,0.00974,0.02732,0.96294
31698317,2,2,0.02035,0.23939,0.74026
16149591,2,1,0.24004,0.72085,0.03911
32910855,2,2,0.0014,0.00763,0.99097
7550311,2,2,0.00287,0.0075,0.98963
29048657,2,2,0.00209,0.0134,0.98451
17943080,2,2,0.01003,0.04415,0.94582
1426965,2,2,0.00383,0.01348,0.98269
35101944,2,2,0.00257,0.00987,0.98756
11768325,2,1,0.04771,0.807,0.14529
13612473,2,2,0.00732,0.03385,0.95883
13024236,2,2,0.01153,0.12835,0.86013
9982655,2,2,0.00453,0.07668,0.91879
7687731,2,2,0.00345,0.01057,0.98598
12289834,2,2,0.00156,0.00748,0.99096
25092300,2,2,0.00233,0.01425,0.98343
17870559,2,2,0.00757,0.02405,0.96838
26124709,2,2,0.00263,0.01544,0.98192
1644079,2,2,0.00308,0.01268,0.98423
26991074,2,2,0.00162,0.01437,0.98401
5569241,2,2,0.00262,0.02067,0.97671
31109076,2,2,0.00205,0.01557,0.98238
2777488,2,2,0.00628,0.07565,0.91806
18578329,2,2,0.00831,0.04616,0.94553
6288099,2,2,0.01563,0.1638,0.82057
12732723,2,2,0.00186,0.00628,0.99187
30936522,2,2,0.00213,0.01007,0.9878
11312610,2,2,0.00309,0.01042,0.98649
15405058,2,2,0.00298,0.0307,0.96632
24337584,2,2,0.00621,0.02021,0.97358
27290991,2,2,0.00285,0.01274,0.98441
30562577,2,2,0.00734,0.03151,0.96116
30512645,2,2,0.00903,0.01824,0.97273
32257027,2,2,0.00218,0.01487,0.98295
3287361,2,2,0.00176,0.01236,0.98588
28319437,2,2,0.00261,0.02531,0.97209
37654377,2,2,0.00132,0.00748,0.99121
25196157,2,2,0.00126,0.00513,0.99361
18012581,2,2,0.00448,0.02874,0.96678
9149650,2,2,0.00136,0.00559,0.99305
35660522,2,2,0.00154,0.00464,0.99382
36190865,2,2,0.00586,0.01581,0.97832
26302696,2,2,0.00266,0.01907,0.97826
1642211,2,2,0.00224,0.00739,0.99038
30517027,2,2,0.01995,0.30368,0.67637
25603996,2,2,0.0064,0.02164,0.97196
31815902,2,2,0.00261,0.03847,0.95892
25471319,2,0,0.74285,0.23193,0.02522
23135278,2,2,0.0034,0.02325,0.97335
36984102,2,2,0.00364,0.0334,0.96296
21073054,2,2,0.00349,0.0296,0.96691
17513083,2,2,0.00671,0.0274,0.96589
34649499,2,2,0.00924,0.01097,0.97979
5947341,2,1,0.038,0.60847,0.35353
23225581,2,2,0.00345,0.01021,0.98634
31814751,2,2,0.00494,0.08214,0.91292
7028262,2,2,0.00303,0.01497,0.982
11173246,2,2,0.00134,0.00799,0.99068
12748592,2,2,0.03304,0.04569,0.92127
21191853,2,2,0.00474,0.06353,0.93173
8205905,2,2,0.00149,0.00757,0.99094
35025989,2,2,0.00185,0.01,0.98816
2372756,2,2,0.00856,0.07627,0.91517
13235265,2,2,0.00139,0.01295,0.98566
27147296,2,2,0.15826,0.2468,0.59494
17560748,2,2,0.00131,0.00815,0.99054
8909755,2,2,0.00145,0.00577,0.99279
34699723,2,2,0.0012,0.00815,0.99066
6540403,2,2,0.00487,0.03842,0.95671
6420160,2,2,0.00252,0.01329,0.98419
30616925,2,2,0.00177,0.00856,0.98967
9343038,2,2,0.00316,0.01921,0.97763
23265454,2,2,0.00421,0.01368,0.98211
382335,2,2,0.00292,0.00608,0.991
16857821,2,2,0.00161,0.00581,0.99258
27925196,2,2,0.00144,0.00706,0.9915
21613195,2,2,0.00201,0.00684,0.99116
17813098,2,2,0.01047,0.11795,0.87158
11082027,2,2,0.00426,0.03137,0.96437
16256356,2,2,0.00151,0.00918,0.98931
23762973,2,1,0.39982,0.54649,0.05369
10878035,2,2,0.00273,0.00964,0.98762
19650549,2,2,0.03569,0.17704,0.78727
21601443,2,2,0.00166,0.00623,0.99211
29002602,2,2,0.0023,0.01071,0.98699
12743268,2,2,0.00645,0.0653,0.92825
12828130,2,2,0.00322,0.03188,0.9649
22606460,2,2,0.00475,0.01696,0.97829
703715,2,2,0.00187,0.01382,0.98431
15875392,2,1,0.04669,0.85388,0.09943
6149412,2,2,0.00164,0.00494,0.99342
28978439,2,2,0.00228,0.01865,0.97907
16068004,2,2,0.00168,0.01222,0.9861
3817987,2,2,0.00883,0.02524,0.96593
40398949,2,2,0.00234,0.00623,0.99143
24789292,2,2,0.02863,0.35433,0.61703
31154435,2,1,0.24971,0.43168,0.31861
24136939,2,2,0.0029,0.01058,0.98652
26743926,2,2,0.00375,0.01827,0.97798
20901907,2,1,0.26966,0.59711,0.13323
37329195,2,2,0.00657,0.01042,0.98301
10308189,2,1,0.01865,0.50792,0.47343
38015796,2,2,0.00335,0.00931,0.98735
17867171,2,2,0.00499,0.00651,0.98851
22355794,2,2,0.00212,0.01356,0.98432
33795469,2,2,0.00334,0.01066,0.986
24846450,2,2,0.00171,0.0094,0.98889
11974655,2,2,0.00164,0.00394,0.99442
2576984,2,2,0.00169,0.00471,0.9936
5893202,2,2,0.00561,0.00574,0.98865
12506465,2,2,0.00944,0.15361,0.83694
31766665,2,2,0.0021,0.00811,0.98979
2647399,2,2,0.0032,0.02192,0.97488
27029359,2,2,0.00166,0.00805,0.99029
22332868,2,2,0.01879,0.05417,0.92703
23040442,2,2,0.00369,0.04921,0.9471
35767536,2,2,0.01032,0.19479,0.79488
26915100,2,2,0.00218,0.01527,0.98254
25806921,2,2,0.00136,0.0055,0.99314
2269569,2,2,0.00586,0.02475,0.9694
29863739,2,2,0.00126,0.00517,0.99357
22951683,2,2,0.015,0.23366,0.75134
26628869,2,2,0.00496,0.0207,0.97434
8390528,2,2,0.00886,0.11513,0.87601
32211458,2,2,0.00132,0.00633,0.99235
16808024,2,2,0.00152,0.00555,0.99294
11135043,2,2,0.00245,0.00849,0.98906
26382946,2,2,0.03429,0.40802,0.5577
26629630,2,2,0.09647,0.11147,0.79207
38680370,2,2,0.04249,0.13673,0.82078
14985393,2,2,0.00158,0.00837,0.99005
35170591,2,2,0.00666,0.1215,0.87184
3683231,2,2,0.00216,0.00856,0.98928
23159964,2,2,0.24684,0.2776,0.47556
14177841,2,2,0.00142,0.00717,0.99141
41605048,2,2,0.169,0.28973,0.54128
1630941,2,2,0.00145,0.0046,0.99395
18811223,2,2,0.00266,0.01864,0.9787
35205590,2,2,0.00226,0.01398,0.98377
67019,2,2,0.00129,0.00821,0.9905
28304676,2,2,0.00339,0.02577,0.97084
10932510,2,0,0.77829,0.21612,0.00558
1729955,2,2,0.00167,0.00497,0.99336
20737582,2,2,0.05325,0.12019,0.82656
14624708,2,2,0.00182,0.0088,0.98938
17558110,2,2,0.00596,0.02198,0.97205
27146369,2,2,0.00166,0.00604,0.9923
39870889,2,2,0.01331,0.15001,0.83668
30414026,2,2,0.0075,0.13882,0.85368
18754434,2,2,0.00138,0.00668,0.99194
27643013,2,2,0.00198,0.00505,0.99297
8997538,2,2,0.00124,0.0053,0.99347
27878986,2,2,0.00151,0.00821,0.99028
7303894,2,2,0.01127,0.01328,0.97546
29757372,2,2,0.00198,0.00609,0.99194
28898942,2,2,0.1414,0.20604,0.65256
13160430,2,2,0.00238,0.00585,0.99177
21157642,2,2,0.01399,0.10017,0.88584
29863455,2,2,0.00472,0.02193,0.97335
14548784,2,2,0.00705,0.01018,0.98277
35845910,2,2,0.00138,0.00457,0.99405
2527904,2,2,0.00406,0.03345,0.96249
14132932,2,2,0.00127,0.00734,0.99139
1089310,2,2,0.00202,0.0126,0.98538
10175286,2,2,0.01109,0.12158,0.86733
19489802,2,2,0.00295,0.0252,0.97185
14226506,2,2,0.02473,0.03264,0.94263
36882059,2,2,0.00174,0.00768,0.99058
14353962,2,1,0.08113,0.82906,0.0898
29350799,2,2,0.01314,0.05116,0.9357
40238571,2,2,0.01672,0.0417,0.94159
22725622,2,2,0.00915,0.07191,0.91894
14219681,2,2,0.00174,0.00563,0.99262
9799044,2,2,0.00174,0.00824,0.99002
8374268,2,1,0.42897,0.55081,0.02022
5274901,2,2,0.00403,0.01045,0.98553
3857688,2,2,0.00274,0.00733,0.98994
24334941,2,1,0.03219,0.76788,0.19992
8662972,2,2,0.00206,0.01131,0.98663
20064839,2,2,0.00138,0.00568,0.99294
35041349,2,2,0.00164,0.00643,0.99193
11922063,2,0,0.95421,0.04201,0.00378
35133409,2,1,0.0545,0.685,0.2605
16792058,2,2,0.0014,0.00628,0.99232
16795467,2,2,0.00154,0.00733,0.99113
38758600,2,2,0.00166,0.00805,0.99029
29226467,2,2,0.01144,0.01369,0.97487
29619366,2,2,0.002,0.00798,0.99001
25317862,2,2,0.00182,0.00811,0.99007
39272960,2,2,0.0014,0.00808,0.99052
36429506,2,2,0.00235,0.02124,0.97642
8746771,2,2,0.00231,0.0196,0.97809
34230180,2,2,0.00604,0.08383,0.91013
24580887,2,2,0.00233,0.01083,0.98683
7226635,2,2,0.00173,0.01118,0.98708
39862103,2,2,0.00188,0.00999,0.98813
11129566,2,2,0.07171,0.1723,0.75599
27203198,2,2,0.00683,0.02588,0.96729
2956221,2,1,0.12319,0.83734,0.03947
40995172,2,1,0.35498,0.62789,0.01713
27829267,2,2,0.00181,0.0134,0.98478
25240539,2,2,0.00149,0.00563,0.99287
5720479,2,2,0.00227,0.00546,0.99227
18149219,2,2,0.00338,0.00627,0.99035
12890263,2,2,0.00451,0.0221,0.97339
13733767,2,2,0.00191,0.00893,0.98916
30739399,2,2,0.00349,0.0058,0.99071
35191624,2,2,0.00442,0.00974,0.98583
13104891,2,2,0.00511,0.02118,0.97371
23753677,2,2,0.00234,0.00762,0.99004
9593946,2,1,0.2146,0.62037,0.16503
4475422,2,2,0.00965,0.16187,0.82849
23580555,2,2,0.01325,0.02101,0.96575
19085088,2,2,0.0051,0.0226,0.9723
36741759,2,2,0.0014,0.00413,0.99447
36079129,2,2,0.00211,0.00497,0.99292
39635833,2,2,0.0021,0.00711,0.99079
10172513,2,2,0.01442,0.07938,0.9062
39569336,2,2,0.00428,0.04264,0.95308
22109690,2,2,0.00177,0.00911,0.98912
6976957,2,2,0.00286,0.00961,0.98753
40402181,2,2,0.01047,0.11795,0.87158
38650073,2,2,0.00865,0.16256,0.82879
935623,2,2,0.0023,0.02451,0.97319
37075046,2,2,0.00177,0.00658,0.99165
13673870,2,2,0.00424,0.02136,0.9744
15458947,2,2,0.00282,0.00767,0.9895
20967847,2,2,0.00204,0.00623,0.99173
24359161,2,2,0.00324,0.02448,0.97227
26008632,2,2,0.01113,0.0553,0.93357
14117266,2,1,0.40293,0.57268,0.02439
41325728,2,2,0.00265,0.02248,0.97486
22687298,2,2,0.0117,0.12898,0.85932
27510893,2,2,0.00504,0.01199,0.98297
37054187,2,2,0.01522,0.02822,0.95656
28063443,2,2,0.002,0.01019,0.98781
8149551,2,2,0.00469,0.01389,0.98142
18956186,2,0,0.48295,0.43973,0.07731
36306041,2,2,0.00141,0.01537,0.98322
31304622,2,2,0.00219,0.02708,0.97073
18037280,2,2,0.00234,0.00918,0.98849
22456706,2,1,0.04845,0.88268,0.06887
30496454,2,2,0.01047,0.11795,0.87158
12581469,2,2,0.00297,0.03289,0.96413
37124971,2,2,0.00235,0.00604,0.99162
3139095,2,2,0.00264,0.0117,0.98566
4462040,2,2,0.00331,0.01834,0.97834
1199547,2,2,0.00373,0.05505,0.94122
16797886,2,1,0.18902,0.70851,0.10247
5981272,2,2,0.00151,0.00922,0.98927
41025362,2,2,0.00878,0.08139,0.90983
11661628,2,1,0.04735,0.87273,0.07992
8938179,2,2,0.00216,0.01166,0.98618
7387028,2,2,0.00572,0.01669,0.97759
17415321,2,2,0.00219,0.01011,0.9877
3649045,2,2,0.00629,0.10346,0.89026
35843949,2,2,0.00461,0.07416,0.92123
14489245,2,2,0.00712,0.07511,0.91777
16198629,2,2,0.00339,0.02657,0.97004
10566427,2,2,0.00332,0.01573,0.98094
1404886,2,2,0.00477,0.07242,0.92281
10460067,2,2,0.00161,0.00853,0.98986
23689304,2,2,0.00287,0.0081,0.98903
35562977,2,2,0.0013,0.00546,0.99324
29214898,2,2,0.00379,0.03836,0.95785
34546419,2,2,0.00552,0.03622,0.95825
24580935,2,2,0.00463,0.05562,0.93975
36006861,2,2,0.00458,0.08144,0.91399
40106719,2,2,0.00233,0.01092,0.98675
10153207,2,2,0.00136,0.00633,0.99231
40547012,2,2,0.00363,0.01972,0.97664
16068435,2,2,0.00161,0.00618,0.9922
2335224,2,2,0.0023,0.01105,0.98666
1714256,2,2,0.00182,0.01097,0.98721
18708851,2,2,0.00275,0.01726,0.97999
40942421,2,2,0.0039,0.02615,0.96994
19371151,2,2,0.00252,0.01231,0.98518
11460564,2,2,0.00329,0.00917,0.98754
11212550,2,2,0.01621,0.39888,0.58491
38409997,2,2,0.00195,0.00456,0.99349
29637606,2,2,0.00192,0.01741,0.98067
35932834,2,2,0.00175,0.00497,0.99328
20742849,2,2,0.00151,0.00754,0.99095
6690043,2,2,0.0014,0.0049,0.9937
25074575,2,2,0.00204,0.00497,0.99299
26798395,2,2,0.00159,0.00453,0.99388
28705790,2,2,0.00799,0.06896,0.92306
6938370,2,2,0.00319,0.02389,0.97292
14754674,2,2,0.00271,0.01687,0.98042
10146719,2,2,0.002,0.00984,0.98816
22390356,2,2,0.00555,0.06071,0.93373
8204799,2,2,0.00201,0.00567,0.99232
7951232,2,2,0.00144,0.0127,0.98586
3639677,2,2,0.00344,0.00528,0.99128
16802385,2,2,0.00126,0.00517,0.99357
36329558,2,2,0.00128,0.00638,0.99234
990230,2,2,0.0381,0.0425,0.9194
17442365,2,2,0.01074,0.01468,0.97457
14429572,2,2,0.00161,0.00684,0.99155
31456939,2,2,0.00194,0.00727,0.99078
38960230,2,2,0.00154,0.00684,0.99162
30050217,2,2,0.00854,0.03419,0.95726
31858126,2,2,0.00646,0.03479,0.95875
30853102,2,2,0.34423,0.14604,0.50973
27529210,2,2,0.0036,0.04376,0.95264
40233334,2,2,0.00259,0.03112,0.96629
33772915,2,2,0.00411,0.02228,0.97362
4541135,2,2,0.03143,0.05714,0.91143
34999377,2,2,0.00174,0.00599,0.99226
11489154,2,2,0.00238,0.00896,0.98866
3745692,2,2,0.00178,0.0142,0.98401
9279945,2,2,0.00662,0.08537,0.90801
3844994,2,2,0.00628,0.01681,0.97691
19519690,2,2,0.00444,0.02095,0.97461
5710388,2,2,0.00481,0.03458,0.96061
23282626,2,2,0.00312,0.01726,0.97963
14833367,2,2,0.00366,0.01151,0.98483
6527591,2,2,0.00192,0.00497,0.99311
12530072,2,2,0.01104,0.03347,0.95549
18511923,2,2,0.00208,0.03258,0.96534
36453865,2,2,0.03644,0.04922,0.91434
19224723,2,2,0.00154,0.00722,0.99124
12579131,2,2,0.00213,0.00883,0.98904
20493062,2,2,0.00328,0.01446,0.98227
38101328,2,2,0.0022,0.00678,0.99102
21084013,2,2,0.0026,0.02815,0.96925
9349061,2,2,0.00136,0.0086,0.99005
14772826,2,2,0.00254,0.01829,0.97917
22829805,2,2,0.01807,0.07674,0.9052
31269400,2,2,0.00578,0.00742,0.98681
37293047,2,2,0.00186,0.00653,0.99162
20040484,2,1,0.03535,0.81726,0.14739
29240973,2,2,0.0113,0.098,0.8907
39106221,2,2,0.00319,0.01058,0.98623
29763289,2,2,0.00244,0.01117,0.98638
38242244,2,2,0.0041,0.00737,0.98852
7603163,2,1,0.05231,0.63225,0.31544
26910108,2,2,0.00147,0.00433,0.9942
8402970,2,2,0.00191,0.00992,0.98817
39371516,2,2,0.00202,0.01377,0.98421
15190510,2,2,0.01732,0.08744,0.89524
11510932,2,2,0.00475,0.01729,0.97796
5525176,2,2,0.0027,0.00622,0.99108
19398650,2,2,0.00241,0.00991,0.98768
4224214,2,2,0.00244,0.01231,0.98525
22147110,2,2,0.00244,0.01179,0.98576
6186226,2,2,0.00333,0.01479,0.98188
33147644,2,2,0.0112,0.08475,0.90405
11413390,2,2,0.00206,0.01031,0.98763
10609518,2,1,0.03082,0.59074,0.37844
6623578,2,2,0.0018,0.00722,0.99098
23646511,2,2,0.00423,0.00854,0.98723
17736034,2,2,0.00201,0.00581,0.99218
15069067,2,2,0.00368,0.02229,0.97403
40259464,2,2,0.00252,0.0135,0.98399
14652722,2,2,0.00185,0.01176,0.9864
17649812,2,2,0.0023,0.01212,0.98559
36745242,2,2,0.01292,0.08165,0.90544
9671821,2,2,0.36126,0.16572,0.47302
9327322,2,2,0.0021,0.0075,0.9904
34401839,2,2,0.01383,0.0163,0.96986
1168401,2,2,0.00693,0.05642,0.93665
7222743,2,2,0.00188,0.01131,0.98681
15707584,2,2,0.00161,0.00648,0.99191
19860254,2,2,0.00585,0.00973,0.98442
41113408,2,2,0.00259,0.01424,0.98316
34367225,2,2,0.00787,0.03831,0.95382
29042569,2,2,0.0038,0.02104,0.97515
6477832,2,2,0.00817,0.07671,0.91512
610479,2,2,0.00317,0.01555,0.98127
3904888,2,2,0.00213,0.00652,0.99134
18635770,2,2,0.0061,0.0306,0.9633
21961851,2,2,0.00229,0.02805,0.96966
25784176,2,2,0.00144,0.01008,0.98848
9566255,2,2,0.01253,0.16246,0.82502
8998429,2,2,0.27073,0.35574,0.37354
39704973,2,2,0.00174,0.00853,0.98973
37391374,2,2,0.00281,0.01365,0.98354
23739003,2,2,0.00253,0.00804,0.98943
37297424,2,2,0.04044,0.08815,0.87141
24565171,2,2,0.00226,0.01212,0.98562
19267691,2,2,0.00163,0.0083,0.99006
34239165,2,2,0.00369,0.0198,0.97651
849705,2,2,0.00282,0.02239,0.97478
38511979,2,2,0.00157,0.00471,0.99372
30763790,2,2,0.00282,0.0081,0.98908
23105111,2,2,0.00217,0.00623,0.9916
4854477,2,2,0.00278,0.00599,0.99123
15785772,2,2,0.00179,0.01063,0.98758
5977125,2,2,0.03914,0.11075,0.85011
30272874,2,2,0.01003,0.05095,0.93902
23131582,2,2,0.00134,0.00471,0.99395
30275318,2,2,0.00185,0.0075,0.99064
11167487,2,2,0.09972,0.23723,0.66305
12299517,2,2,0.04025,0.06483,0.89492
19263821,2,2,0.0111,0.01308,0.97583
15843492,2,1,0.08986,0.64604,0.2641
6201176,2,2,0.00171,0.013,0.9853
38169666,2,2,0.00186,0.00568,0.99247
19586553,2,2,0.00443,0.03998,0.95559
29152617,2,2,0.00134,0.00426,0.9944
31195292,2,2,0.00274,0.0202,0.97706
23082224,2,2,0.00216,0.00947,0.98837
11600300,2,2,0.00418,0.03434,0.96147
5733942,2,1,0.09102,0.6076,0.30137
24437726,2,2,0.0023,0.0269,0.9708
22454180,2,2,0.00286,0.01108,0.98606
33490525,2,0,0.39665,0.23363,0.36972
21876001,2,2,0.0014,0.00542,0.99318
23751002,2,2,0.00574,0.04368,0.95057
23116826,2,1,0.02672,0.57131,0.40197
11281668,2,2,0.00206,0.01131,0.98663
35343172,2,2,0.11288,0.42105,0.46606
37506302,2,2,0.11192,0.37861,0.50947
38650349,2,2,0.00156,0.00599,0.99244
4925382,2,2,0.00176,0.01361,0.98463
29253048,2,0,0.52445,0.42972,0.04583
27600421,2,2,0.00174,0.0059,0.99236
16149507,2,1,0.13431,0.81555,0.05014
17347311,2,2,0.02311,0.34232,0.63456
3334727,2,2,0.00472,0.03726,0.95802
32790064,2,2,0.00415,0.01182,0.98403
36258902,2,2,0.0044,0.01422,0.98138
21809558,2,2,0.00649,0.00807,0.98544
4689056,2,2,0.00379,0.00875,0.98746
14971959,2,2,0.01346,0.0862,0.90034
11334465,2,2,0.00266,0.00521,0.99213
17837077,2,2,0.00211,0.01701,0.98088
23986464,2,2,0.03355,0.43338,0.53307
6228194,2,2,0.00305,0.00694,0.99001
24053967,2,2,0.10427,0.1915,0.70424
24282396,2,2,0.0018,0.00658,0.99162
39842793,2,2,0.00237,0.01018,0.98744
21630828,2,2,0.06752,0.44895,0.48354
20721966,2,2,0.00248,0.01221,0.98531
13571453,2,2,0.00205,0.01823,0.97973
36579388,2,2,0.00238,0.00567,0.99194
8458449,2,2,0.00818,0.01671,0.97511
15426866,2,2,0.00234,0.00836,0.9893
25047959,2,2,0.00229,0.01361,0.9841
38207596,2,2,0.0338,0.05978,0.90642
25674091,2,2,0.01444,0.15925,0.82631
11274485,2,2,0.00979,0.14955,0.84066
18298688,2,2,0.00408,0.02805,0.96787
39627291,2,2,0.00335,0.00755,0.9891
33968323,2,1,0.16195,0.79889,0.03916
29216829,2,2,0.01404,0.08268,0.90328
34445,2,2,0.00237,0.01212,0.98551
11547701,2,1,0.37401,0.58611,0.03988
10034972,2,1,0.35669,0.52819,0.11512
29220917,2,2,0.00335,0.00889,0.98777
27779704,2,2,0.00177,0.00728,0.99095
10238916,2,2,0.00738,0.01877,0.97386
15984605,2,2,0.00382,0.01548,0.98069
29031047,2,2,0.00251,0.01539,0.9821
20797017,2,2,0.0014,0.00559,0.99301
34478746,2,2,0.00769,0.03185,0.96046
32555868,2,2,0.00348,0.01514,0.98138
23563687,2,2,0.00381,0.02041,0.97578
16821287,2,2,0.00396,0.01111,0.98492
27963940,2,2,0.17758,0.1652,0.65722
4616453,2,2,0.00261,0.00705,0.99034
38621433,2,2,0.00237,0.0098,0.98783
3763527,2,2,0.00237,0.01148,0.98615
33371636,2,2,0.01438,0.04605,0.93957
11469243,2,2,0.00457,0.00854,0.98689
10790902,2,2,0.00186,0.00576,0.99238
10125589,2,2,0.01952,0.33924,0.64125
12475504,2,2,0.01047,0.11795,0.87158
17649690,2,2,0.00367,0.01095,0.98539
4713284,2,2,0.00269,0.00786,0.98945
37407946,2,2,0.00183,0.00529,0.99288
16341459,2,2,0.00495,0.03763,0.95742
13914666,2,2,0.00156,0.00751,0.99093
30353563,2,1,0.03685,0.76357,0.19958
8154926,2,1,0.03621,0.81134,0.15245
2678747,2,2,0.00171,0.00786,0.99042
1476761,2,1,0.06176,0.84259,0.09565
17481136,2,2,0.00206,0.00954,0.9884
11146634,2,2,0.01197,0.29796,0.69007
21317815,2,1,0.08426,0.80882,0.10693
9023972,2,2,0.00242,0.00632,0.99126
27918131,2,2,0.00349,0.01229,0.98421
19127674,2,2,0.00204,0.00705,0.99091
1652695,2,2,0.00227,0.00943,0.98831
26228793,2,2,0.00358,0.01785,0.97856
28341015,2,2,0.04683,0.11659,0.83658
30477440,2,2,0.00606,0.01304,0.98089
18138690,2,2,0.00694,0.02578,0.96728
24171897,2,2,0.0358,0.22232,0.74188
28227958,2,2,0.00818,0.01671,0.97511
22610566,2,2,0.00142,0.00663,0.99195
10426804,2,2,0.00195,0.01721,0.98084
25219361,2,2,0.00282,0.00738,0.98979
2106612,2,2,0.00233,0.02789,0.96978
5923189,2,2,0.00276,0.03007,0.96717
20687528,2,2,0.00437,0.02177,0.97386
12965399,2,2,0.00601,0.01481,0.97918
24497874,2,2,0.00215,0.01521,0.98264
23799566,2,2,0.00134,0.00423,0.99443
8913831,2,2,0.0054,0.07231,0.92229
1432375,2,2,0.00216,0.00991,0.98792
21280723,2,2,0.00188,0.01055,0.98757
41239950,2,2,0.0022,0.0228,0.975
33139017,2,2,0.002,0.01043,0.98757
7724898,2,1,0.20045,0.76539,0.03416
13335079,2,2,0.01342,0.19418,0.79239
28443032,2,2,0.0081,0.16586,0.82604
36690158,2,2,0.00356,0.00931,0.98713
40469143,2,2,0.00234,0.00768,0.98998
17493790,2,2,0.00213,0.01101,0.98687
25765751,2,2,0.02289,0.25388,0.72323
35095523,2,2,0.00207,0.01991,0.97802
19732158,2,2,0.00772,0.04303,0.94925
18279762,2,2,0.00596,0.06631,0.92773
4857633,2,2,0.00582,0.01557,0.97861
29935295,2,2,0.00122,0.00568,0.9931
27971996,2,2,0.04503,0.09203,0.86295
13785104,2,2,0.00229,0.01236,0.98535
2018334,2,2,0.00375,0.01827,0.97798
39562113,2,2,0.00147,0.00555,0.99298
39459248,2,2,0.00219,0.01345,0.98436
11539592,2,2,0.00304,0.01006,0.98689
26566144,2,2,0.00552,0.08063,0.91385
34224171,2,2,0.00204,0.00446,0.9935
17598834,2,2,0.00173,0.01255,0.98571
14366429,2,2,0.00665,0.07997,0.91338
34883685,2,2,0.0021,0.00961,0.98829
9519341,2,2,0.00171,0.00821,0.99008
8219035,2,2,0.00194,0.00705,0.991
14021611,2,1,0.06423,0.77942,0.15635
19966068,2,2,0.00177,0.00633,0.9919
11407328,2,2,0.00163,0.00918,0.98919
41074624,2,2,0.00159,0.00555,0.99286
602269,2,2,0.00511,0.03536,0.95952
35565024,2,2,0.00271,0.03226,0.96503
11608683,2,2,0.17454,0.19816,0.6273
36207352,2,2,0.00354,0.01514,0.98133
30593778,2,2,0.00166,0.00689,0.99144
35300537,2,2,0.00191,0.00658,0.99151
34675346,2,2,0.00238,0.00505,0.99257
19530256,2,2,0.00189,0.00542,0.9927
38319847,2,2,0.00515,0.02861,0.96624
31493806,2,2,0.02729,0.06175,0.91096
4991235,2,2,0.0029,0.01283,0.98427
34103844,2,2,0.00623,0.04036,0.95341
13224625,2,2,0.00246,0.00652,0.99102
25835851,2,2,0.00402,0.01229,0.98369
40624801,2,2,0.00207,0.00594,0.99198
178515,2,2,0.00242,0.00786,0.98973
901479,2,2,0.00385,0.02306,0.97308
27021303,2,2,0.00156,0.01055,0.98789
32191011,2,2,0.00621,0.01982,0.97396
39253741,2,2,0.00186,0.00658,0.99157
11835217,2,2,0.00187,0.01442,0.98371
11274257,2,2,0.081,0.18284,0.73616
21728975,2,2,0.00502,0.05377,0.94122
1526568,2,2,0.00392,0.02153,0.97455
25262015,2,2,0.00299,0.02922,0.96779
18861273,2,2,0.00227,0.00817,0.98956
1480197,2,2,0.00237,0.0126,0.98504
33374815,2,1,0.03341,0.53501,0.43158
17486518,2,2,0.01025,0.03807,0.95168
23027437,2,2,0.00131,0.00787,0.99082
34589192,2,2,0.00413,0.04733,0.94854
32399193,2,2,0.00174,0.00768,0.99058
15670136,2,2,0.00358,0.02049,0.97593
28371217,2,2,0.00201,0.00554,0.99245
2854352,2,2,0.00662,0.07084,0.92254
2578462,2,2,0.00294,0.0137,0.98336
27033547,2,2,0.00428,0.02649,0.96922
14611079,2,1,0.1401,0.80861,0.05129
36772448,2,2,0.00217,0.00792,0.98991
31163758,2,1,0.11821,0.84327,0.03853
33993118,2,2,0.00203,0.00947,0.9885
11432633,2,2,0.0088,0.02766,0.96354
24236345,2,2,0.01086,0.27368,0.71545
21899570,2,2,0.03423,0.08975,0.87601
10116421,2,2,0.00238,0.0235,0.97412
28388648,2,2,0.00205,0.01795,0.98
4372341,2,1,0.13011,0.80172,0.06816
2018335,2,2,0.00623,0.06936,0.92441
3899915,2,2,0.01166,0.11812,0.87022
13374263,2,2,0.02357,0.36864,0.60779
24434273,2,2,0.00191,0.00911,0.98898
19845358,2,2,0.00482,0.03318,0.96201
3310968,2,2,0.00294,0.01532,0.98174
29500802,2,2,0.00297,0.01773,0.9793
6095588,2,2,0.01061,0.02668,0.96271
1592067,2,2,0.00334,0.01014,0.98652
25303010,2,2,0.01081,0.02379,0.9654
22994697,2,0,0.9181,0.07007,0.01183
3523289,2,2,0.00789,0.06569,0.92642
37727287,2,2,0.00201,0.00668,0.99132
40280421,2,2,0.00705,0.0101,0.98285
21522354,2,2,0.03541,0.07934,0.88524
8582585,2,2,0.01127,0.23455,0.75418
31653954,2,2,0.00839,0.01483,0.97678
10599493,2,2,0.00424,0.00656,0.9892
6221537,2,2,0.0022,0.00722,0.99058
39311987,2,2,0.00266,0.02012,0.97722
11428910,2,2,0.35684,0.05022,0.59294
35045503,2,2,0.00588,0.01217,0.98195
37904982,2,2,0.00841,0.01904,0.97255
40307968,2,1,0.35094,0.54674,0.10233
26287600,2,2,0.00305,0.00953,0.98742
4685158,2,2,0.0022,0.00932,0.98848
25233057,2,2,0.0023,0.02575,0.97195
32735700,2,2,0.0022,0.00811,0.98969
23881946,2,2,0.01186,0.26575,0.72239
6465489,2,2,0.00131,0.00947,0.98921
26165118,2,2,0.00254,0.00517,0.9923
7768178,2,2,0.00367,0.00952,0.9868
37257759,2,2,0.01498,0.08662,0.8984
23632215,2,2,0.00263,0.03014,0.96723
6627365,2,2,0.00794,0.07424,0.91782
35269611,2,2,0.00196,0.01425,0.98379
31296245,2,2,0.00309,0.00983,0.98708
29363500,2,2,0.00135,0.0097,0.98895
29046564,2,2,0.00202,0.01315,0.98483
5017396,2,2,0.00323,0.01174,0.98503
2705932,2,2,0.0106,0.2519,0.7375
3781408,2,2,0.00164,0.00542,0.99294
5847990,2,2,0.00912,0.1167,0.87418
21789936,2,2,0.00441,0.08749,0.9081
12933959,2,1,0.40287,0.57708,0.02006
40850234,2,2,0.00188,0.00863,0.98949
3263082,2,2,0.00171,0.01295,0.98535
18127094,2,2,0.00122,0.00658,0.9922
23469754,2,2,0.00206,0.01144,0.9865
17316252,2,1,0.10397,0.69402,0.20202
17341540,2,2,0.00149,0.00673,0.99177
1686757,2,1,0.12748,0.50221,0.37031
36474363,2,2,0.00459,0.04946,0.94595
40850874,2,2,0.00557,0.02077,0.97366
14818112,2,2,0.00324,0.00953,0.98723
9769283,2,2,0.00113,0.00494,0.99393
3114469,2,2,0.00375,0.01827,0.97798
21268730,2,2,0.00122,0.00572,0.99306
39300621,2,2,0.00286,0.02408,0.97306
19507878,2,2,0.00186,0.00505,0.99309
3988996,2,2,0.01127,0.05023,0.9385
19678764,2,2,0.00195,0.00509,0.99296
4196799,2,2,0.00398,0.00755,0.98848
32016073,2,2,0.00126,0.00513,0.99361
21699679,2,2,0.0014,0.00595,0.99265
34534117,2,2,0.02528,0.05542,0.9193
19821029,2,2,0.003,0.0253,0.97171
35539757,2,2,0.00172,0.00546,0.99282
16149534,2,2,0.0021,0.00599,0.99191
18331288,2,2,0.00224,0.00711,0.99066
31567614,2,2,0.0964,0.08054,0.82306
11677822,2,2,0.00144,0.00933,0.98923
17462681,2,1,0.30611,0.67385,0.02003
28327070,2,2,0.19557,0.21656,0.58787
20718274,2,2,0.0567,0.25261,0.6907
37742583,2,2,0.00159,0.00623,0.99218
38767916,2,2,0.09647,0.11147,0.79207
29539567,2,2,0.00223,0.01139,0.98638
28051002,2,0,0.86086,0.13462,0.00452
18016025,2,2,0.10114,0.23677,0.66209
3294651,2,2,0.00147,0.00623,0.9923
10821820,2,2,0.00227,0.00903,0.9887
17482118,2,2,0.00637,0.04882,0.94482
35955921,2,2,0.00252,0.01289,0.98459
37136601,2,2,0.00305,0.00983,0.98712
1726290,2,2,0.00465,0.00743,0.98793
14646574,2,1,0.03673,0.86929,0.09398
27093035,2,2,0.00339,0.01134,0.98527
14776387,2,2,0.01721,0.30617,0.67662
18721705,2,1,0.13951,0.78882,0.07167
1615246,2,2,0.0098,0.01414,0.97606
3947836,2,2,0.00189,0.00525,0.99286
39642410,2,2,0.02654,0.0877,0.88576
24429885,2,2,0.00179,0.01059,0.98762
5186920,2,2,0.00201,0.01987,0.97812
26792017,2,2,0.00217,0.00613,0.9917
16313596,2,2,0.00623,0.01018,0.98359
11703847,2,2,0.00212,0.0126,0.98528
3530876,2,1,0.24309,0.62447,0.13244
10235768,2,2,0.00254,0.00533,0.99213
38977186,2,2,0.02312,0.37601,0.60087
14569259,2,2,0.00188,0.00756,0.99055
6893598,2,2,0.0017,0.01393,0.98436
233303,2,2,0.0096,0.04083,0.94956
23815792,2,2,0.0177,0.24146,0.74084
1646121,2,2,0.05288,0.02797,0.91915
26603037,2,2,0.01469,0.1449,0.84041
37717022,2,2,0.00286,0.0091,0.98804
1193820,2,2,0.00217,0.00722,0.99062
8196326,2,2,0.00254,0.02148,0.97599
5816565,2,2,0.00916,0.03482,0.95602
19736553,2,2,0.00375,0.01827,0.97798
7443983,2,0,0.4402,0.43169,0.12811
25834385,2,2,0.0018,0.00613,0.99207
10921518,2,2,0.00279,0.02001,0.97721
3204892,2,2,0.0014,0.00821,0.99039
9141996,2,2,0.00194,0.00918,0.98888
39574636,2,1,0.19955,0.63916,0.16129
3311158,2,2,0.0022,0.00869,0.98911
11615118,2,2,0.00174,0.00705,0.9912
31470438,2,2,0.00302,0.0187,0.97828
23504445,2,2,0.00154,0.00542,0.99304
33919912,2,2,0.00245,0.00856,0.98899
18069205,2,2,0.00241,0.00843,0.98916
11985599,2,2,0.00305,0.00779,0.98916
19318022,2,2,0.01006,0.09847,0.89147
13117377,2,2,0.00456,0.05513,0.9403
26606083,2,2,0.00138,0.00486,0.99376
27878136,2,2,0.00158,0.01256,0.98587
23480843,2,2,0.0014,0.00542,0.99318
20787952,2,2,0.00358,0.01806,0.97836
6753907,2,2,0.00219,0.01442,0.9834
35067703,2,2,0.00234,0.00862,0.98904
1101991,2,2,0.09201,0.24124,0.66674
5094245,2,2,0.00246,0.00509,0.99245
35392551,2,2,0.00721,0.09153,0.90126
15148625,2,1,0.05777,0.56992,0.37231
22210523,2,2,0.00125,0.00824,0.9905
24830320,2,2,0.03949,0.17341,0.7871
39256470,2,2,0.01068,0.04989,0.93943
13901122,2,2,0.00299,0.0443,0.95271
18010397,2,2,0.00209,0.01382,0.98409
26225298,2,2,0.00315,0.02196,0.97489
3865756,2,2,0.00158,0.00925,0.98916
31670466,2,2,0.00439,0.03325,0.96236
38128403,2,2,0.00217,0.00722,0.99062
34805175,2,2,0.00683,0.05547,0.9377
40970277,2,2,0.00193,0.01241,0.98566
25428397,2,2,0.0018,0.00689,0.99131
15520017,2,2,0.01015,0.05405,0.9358
2416869,2,2,0.00378,0.01215,0.98407
29707372,2,2,0.00773,0.01041,0.98186
22834703,2,2,0.00189,0.00623,0.99189
37027554,2,2,0.02246,0.05172,0.92581
32931227,2,2,0.00259,0.01538,0.98202
12301021,2,2,0.00292,0.00637,0.99071
4068191,2,2,0.00247,0.01747,0.98007
9133179,2,2,0.00166,0.00684,0.9915
5780812,2,2,0.00441,0.02804,0.96755
35952169,2,2,0.0036,0.01333,0.98307
34744970,2,2,0.00668,0.06165,0.93167
20565511,2,2,0.00222,0.01618,0.98161
9866153,2,2,0.0065,0.10128,0.89222
15287239,2,2,0.00512,0.01845,0.97642
6324338,2,2,0.00283,0.00673,0.99045
36363076,2,2,0.00216,0.00921,0.98863
23779845,2,2,0.00308,0.02928,0.96764
13665362,2,2,0.00127,0.00742,0.9913
19713775,2,2,0.00223,0.00936,0.98841
5314435,2,2,0.00217,0.00637,0.99146
34159178,2,2,0.00489,0.01881,0.9763
9592753,2,2,0.00197,0.01043,0.9876
19674657,2,2,0.00188,0.00999,0.98813
37668876,2,2,0.00701,0.0237,0.96929
22417300,2,2,0.00593,0.02006,0.97401
22061898,2,2,0.01129,0.05617,0.93254
11461218,2,2,0.00199,0.0142,0.98381
30730911,2,2,0.00355,0.01215,0.9843
25551574,2,1,0.09346,0.69602,0.21052
11101765,2,2,0.00172,0.00668,0.9916
13139769,2,2,0.00194,0.00856,0.9895
37166079,2,2,0.00198,0.00442,0.9936
22562881,2,2,0.02076,0.3724,0.60683
30148133,2,1,0.04709,0.68663,0.26628
13208007,2,2,0.00183,0.00559,0.99258
26368684,2,2,0.00177,0.00856,0.98967
23455336,2,2,0.00179,0.0127,0.98551
34549925,2,2,0.00166,0.00951,0.98883
1369753,2,2,0.00282,0.00836,0.98882
23570265,2,2,0.00126,0.00742,0.99132
10881548,2,2,0.00308,0.01249,0.98443
26236846,2,2,0.00245,0.00917,0.98838
29047458,2,2,0.00123,0.00847,0.9903
36733632,2,2,0.00379,0.00952,0.98669
23505520,2,2,0.00191,0.00911,0.98898
1752770,2,2,0.00327,0.01641,0.98032
5811179,2,2,0.00233,0.01144,0.98623
34330451,2,2,0.0048,0.03571,0.95949
19089240,2,1,0.20897,0.66591,0.12512
4038767,2,2,0.01413,0.03311,0.95275
3397908,2,2,0.00309,0.04103,0.95588
32414646,2,2,0.00222,0.01309,0.98469
19349976,2,2,0.00164,0.0049,0.99346
4775999,2,2,0.00203,0.00798,0.98998
27952490,2,2,0.00678,0.0251,0.96811
11417206,2,2,0.00222,0.01245,0.98532
41504751,2,2,0.0032,0.03887,0.95794
3422333,2,2,0.00134,0.00572,0.99294
32674228,2,2,0.00223,0.00897,0.9888
25849452,2,2,0.00152,0.00513,0.99335
1356492,2,2,0.00191,0.00836,0.98972
21743599,2,0,0.69509,0.29663,0.00828
13518542,2,2,0.00196,0.01594,0.98211
8941138,2,2,0.00634,0.05346,0.94021
23642074,2,2,0.05086,0.04055,0.90859
5134385,2,2,0.01249,0.05523,0.93228
6382459,2,2,0.00548,0.01275,0.98177
33942750,2,2,0.00591,0.01581,0.97828
30323574,2,2,0.00149,0.00863,0.98988
24847361,2,2,0.00764,0.02942,0.96293
11405629,2,2,0.00513,0.01776,0.97712
5300177,2,2,0.00551,0.01505,0.97944
29759376,2,2,0.00179,0.00863,0.98958
21637660,2,2,0.05469,0.19033,0.75498
40263859,2,2,0.00249,0.0083,0.98921
30900555,2,2,0.01477,0.20958,0.77565
30033415,2,2,0.06926,0.37737,0.55337
21715026,2,2,0.00213,0.00893,0.98894
31080378,2,1,0.03456,0.79895,0.16649
18731586,2,1,0.11333,0.7448,0.14187
30376455,2,2,0.05135,0.08015,0.8685
35601297,2,1,0.02067,0.65843,0.32089
32871693,2,2,0.06639,0.09254,0.84107
17830985,2,2,0.00166,0.00604,0.9923
8575370,2,2,0.01084,0.05053,0.93863
28095140,2,2,0.00144,0.00894,0.98962
2139110,2,2,0.04905,0.05041,0.90054
15915853,2,2,0.00174,0.01007,0.98819
26776225,2,1,0.43738,0.50342,0.05919
4588236,2,2,0.00183,0.00728,0.9909
26108450,2,2,0.00133,0.00834,0.99033
5358038,2,2,0.00441,0.01281,0.98277
27597367,2,2,0.00172,0.00668,0.9916
34917839,2,2,0.00249,0.00889,0.98862
20261878,2,2,0.00209,0.01217,0.98574
22563333,2,2,0.00465,0.03765,0.95771
25389446,2,2,0.01761,0.1853,0.79709
31831559,2,1,0.04666,0.87365,0.07969
35600854,2,2,0.00214,0.01754,0.98032
9098377,2,2,0.00359,0.03263,0.96379
9281881,2,2,0.00862,0.05519,0.93619
2950027,2,2,0.00303,0.01574,0.98124
25193106,2,2,0.00174,0.00668,0.99158
39293067,2,2,0.09647,0.11147,0.79207
23046343,2,2,0.03425,0.26159,0.70416
15070612,2,2,0.00325,0.00842,0.98834
38563072,2,2,0.00177,0.00572,0.99251
13177802,2,1,0.09255,0.81845,0.089
8660781,2,2,0.00426,0.03245,0.96329
27333578,2,2,0.00252,0.01264,0.98484
407355,2,2,0.00376,0.01679,0.97945
29230866,2,2,0.00821,0.05718,0.93461
11883465,2,2,0.00166,0.00628,0.99206
32269280,2,2,0.00515,0.08711,0.90774
31646886,2,2,0.00169,0.00604,0.99227
33520594,2,2,0.00188,0.0108,0.98733
13323885,2,2,0.00208,0.01493,0.98299
7893347,2,2,0.006,0.00827,0.98573
7939932,2,2,0.00287,0.00744,0.98969
5785517,2,2,0.00204,0.00684,0.99113
30124399,2,2,0.00149,0.00599,0.99251
8291436,2,0,0.89061,0.10575,0.00364
26413040,2,2,0.00169,0.00623,0.99208
40151108,2,2,0.00711,0.025,0.96789
3052347,2,2,0.00161,0.00808,0.99031
12502894,2,2,0.00237,0.01203,0.98561
29614,2,2,0.00303,0.02884,0.96813
14873966,2,2,0.00188,0.01063,0.98749
10983019,2,2,0.002,0.00774,0.99026
5578068,2,2,0.00186,0.0049,0.99325
19763638,2,1,0.05791,0.83453,0.10756
3942914,2,2,0.00244,0.01314,0.98442
18654601,2,2,0.00934,0.03062,0.96004
37894421,2,2,0.00255,0.0174,0.98006
16585369,2,2,0.00161,0.00711,0.99128
8349419,2,2,0.00214,0.00637,0.99149
11319796,2,2,0.00172,0.01995,0.97833
33277765,2,2,0.00254,0.00546,0.99201
40988174,2,1,0.17926,0.76845,0.05229
24673707,2,2,0.0029,0.02678,0.97032
17194190,2,2,0.00293,0.01759,0.97948
14547912,2,2,0.00132,0.00471,0.99397
8391546,2,2,0.01043,0.03571,0.95386
15834896,2,1,0.13853,0.80618,0.05529
16470932,2,2,0.0014,0.00811,0.99049
13790168,2,2,0.00161,0.00745,0.99094
33181909,2,2,0.00434,0.01243,0.98323
14505865,2,2,0.02504,0.0498,0.92515
9253614,2,2,0.0014,0.00684,0.99176
34335218,2,2,0.00217,0.00563,0.9922
16151193,2,2,0.00303,0.01435,0.98262
27111723,2,2,0.00238,0.00792,0.9897
22689212,2,2,0.00287,0.00849,0.98865
10973547,2,2,0.0331,0.07216,0.89473
35947806,2,2,0.00311,0.0187,0.97818
34181734,2,1,0.05094,0.52256,0.4265
24761169,2,2,0.00577,0.05297,0.94125
2551060,2,2,0.00237,0.01153,0.98611
29116119,2,2,0.00838,0.01577,0.97585
21707749,2,2,0.00493,0.01004,0.98503
23346404,2,2,0.00156,0.00837,0.99007
36715509,2,2,0.00156,0.0086,0.98984
12255629,2,0,0.60251,0.38,0.0175
28008744,2,2,0.01599,0.02535,0.95866
21088506,2,2,0.00128,0.00509,0.99363
7882102,2,1,0.03172,0.82439,0.14389
32657639,2,2,0.08995,0.1208,0.78925
35145428,2,2,0.00223,0.01084,0.98694
9417773,2,2,0.00154,0.00887,0.9896
37957594,2,2,0.002,0.00722,0.99078
16625535,2,1,0.03155,0.52949,0.43896
20131106,2,2,0.00166,0.00805,0.99029
4412709,2,2,0.00197,0.00973,0.9883
24477590,2,1,0.15005,0.81471,0.03524
22596356,2,2,0.00186,0.00595,0.9922
35984780,2,2,0.00634,0.02309,0.97057
34678510,2,2,0.0036,0.0277,0.9687
19867622,2,2,0.0014,0.00814,0.99046
22755514,2,1,0.40426,0.56345,0.03229
14112271,2,2,0.00215,0.01294,0.9849
19460578,2,1,0.27124,0.48745,0.24131
24795489,2,2,0.00393,0.04821,0.94785
24667628,2,2,0.00177,0.00585,0.99237
32437277,2,2,0.01468,0.04859,0.93674
1963754,2,2,0.00532,0.0431,0.95159
39883071,2,2,0.00194,0.00648,0.99158
30420381,2,2,0.00147,0.00731,0.99123
28834413,2,2,0.00962,0.03955,0.95083
28697299,2,2,0.00217,0.00756,0.99027
30704484,2,2,0.03466,0.43568,0.52966
23310774,2,2,0.00219,0.01126,0.98654
13576026,2,2,0.00249,0.00744,0.99007
35771843,2,2,0.00623,0.06936,0.92441
32369098,2,2,0.11358,0.2147,0.67172
6702116,2,1,0.20657,0.76004,0.03339
14452199,2,2,0.00242,0.0196,0.97798
2934394,2,2,0.00304,0.02835,0.96862
40751783,2,2,0.01047,0.11795,0.87158
1720978,2,2,0.00549,0.08493,0.90957
32865055,2,2,0.01614,0.03123,0.95264
1725044,2,1,0.16927,0.51834,0.3124
12693139,2,2,0.00959,0.0854,0.90501
26706927,2,0,0.95241,0.04032,0.00727
12853827,2,2,0.0026,0.01166,0.98574
2266062,2,2,0.00714,0.04354,0.94932
12277608,2,2,0.0013,0.007,0.9917
16649994,2,2,0.00191,0.00745,0.99064
16931531,2,2,0.00296,0.00683,0.99021
2478476,2,2,0.00164,0.00623,0.99213
35594568,2,2,0.00202,0.01299,0.98498
38546489,2,2,0.00549,0.0119,0.98262
32493423,2,2,0.02935,0.04337,0.92728
8938410,2,2,0.00738,0.02567,0.96695
1609084,2,2,0.00138,0.00529,0.99332
30265516,2,1,0.24286,0.42127,0.33587
30865845,2,2,0.00223,0.0078,0.98997
5622082,2,2,0.00159,0.00586,0.99256
7466219,2,2,0.00422,0.06919,0.92659
28741902,2,2,0.00249,0.00896,0.98855
1583469,2,2,0.00579,0.03561,0.9586
20657510,2,2,0.00273,0.01002,0.98724
13938456,2,2,0.00305,0.00938,0.98757
20988259,2,2,0.00337,0.0182,0.97843
23453373,2,2,0.00259,0.04459,0.95282
21557897,2,1,0.03017,0.8612,0.10864
12320552,2,2,0.00186,0.0059,0.99224
40907204,2,2,0.00238,0.00879,0.98883
4186460,2,2,0.00397,0.01013,0.9859
32887576,2,2,0.00395,0.05922,0.93683
38665007,2,2,0.07443,0.33096,0.59462
14560168,2,2,0.00377,0.01519,0.98104
35682178,2,2,0.00252,0.01152,0.98596
17601359,2,2,0.00458,0.0221,0.97332
7248195,2,2,0.00248,0.01144,0.98608
1771392,2,2,0.00409,0.0837,0.91221
27518931,2,2,0.01638,0.37861,0.60501
28297309,2,2,0.00188,0.00648,0.99164
24464782,2,2,0.00345,0.00967,0.98688
21321209,2,2,0.00518,0.05217,0.94264
7190486,2,2,0.01047,0.09039,0.89915
5934389,2,2,0.00338,0.01407,0.98255
37022624,2,2,0.0106,0.1206,0.8688
39321958,2,2,0.00716,0.01025,0.98259
41459788,2,2,0.01047,0.11795,0.87158
30982799,2,2,0.17758,0.1652,0.65722
11438876,2,2,0.00367,0.02552,0.97081
3697089,2,2,0.00149,0.00555,0.99296
38861872,2,2,0.00389,0.05936,0.93675
32400409,2,2,0.00202,0.01275,0.98523
11240309,2,2,0.00268,0.01113,0.98619
4791547,2,2,0.00192,0.0059,0.99218
19790271,2,2,0.00428,0.02731,0.96841
27956594,2,2,0.00434,0.02847,0.96718
16353711,2,2,0.00166,0.00965,0.98869
4691425,2,2,0.02081,0.4212,0.558
38888981,2,2,0.00252,0.01403,0.98346
17942367,2,2,0.00516,0.04195,0.95289
35204810,2,2,0.00844,0.04556,0.946
1386291,2,2,0.00889,0.25677,0.73434
28635072,2,2,0.0569,0.11988,0.82322
8522527,2,1,0.02806,0.57695,0.39499
24361057,2,2,0.00413,0.04542,0.95045
26381821,2,2,0.00304,0.01014,0.98682
25521791,2,2,0.00186,0.00595,0.9922
3144030,2,2,0.00506,0.00815,0.9868
30533108,2,2,0.00784,0.02779,0.96437
31352057,2,2,0.00185,0.01,0.98816
29704305,2,2,0.14421,0.28764,0.56815
6641465,2,2,0.00245,0.02253,0.97501
25731227,2,2,0.00248,0.0113,0.98621
32902634,2,2,0.00221,0.03177,0.96601
25353781,2,2,0.00421,0.01317,0.98262
36052916,2,1,0.02149,0.59915,0.37936
34049299,2,2,0.00282,0.02248,0.9747
16735789,2,2,0.00328,0.02983,0.96689
10716797,2,2,0.00884,0.08985,0.90131
27195108,2,2,0.00361,0.04145,0.95494
37228934,2,2,0.15005,0.2725,0.57745
30240024,2,2,0.00206,0.01075,0.98718
6830670,2,2,0.01672,0.0417,0.94159
7493152,2,2,0.00163,0.01004,0.98833
1183325,2,2,0.00414,0.01433,0.98153
39057937,2,2,0.00195,0.00559,0.99247
24979368,2,2,0.00278,0.02156,0.97566
27318104,2,2,0.01587,0.15721,0.82692
28980509,2,2,0.0021,0.00563,0.99227
33507670,2,2,0.00855,0.04157,0.94988
7914214,2,1,0.18072,0.78961,0.02967
30011011,2,2,0.00324,0.01095,0.98581
27603416,2,2,0.00214,0.00633,0.99154
24161428,2,2,0.00245,0.00762,0.98993
3318115,2,2,0.00712,0.10265,0.89023
34889673,2,2,0.0094,0.05374,0.93686
22849415,2,2,0.00443,0.05464,0.94093
20523379,2,2,0.0031,0.0218,0.9751
40151179,2,1,0.27648,0.66325,0.06026
10593657,2,2,0.00226,0.02645,0.97129
3907366,2,2,0.00725,0.05835,0.9344
24780935,2,1,0.13923,0.48597,0.3748
19788095,2,2,0.00161,0.00929,0.9891
24819939,2,2,0.01158,0.04696,0.94146
5912783,2,2,0.00175,0.01582,0.98243
25080539,2,2,0.00146,0.01051,0.98802
14940801,2,2,0.00204,0.00705,0.99091
18324586,2,2,0.00283,0.00537,0.9918
13656196,2,2,0.00237,0.01153,0.98611
40275678,2,2,0.00126,0.007,0.99174
33054169,2,2,0.00186,0.00638,0.99177
10283729,2,1,0.16892,0.64879,0.18229
5502343,2,2,0.01977,0.36023,0.62
8834753,2,2,0.00488,0.0197,0.97542
23180449,2,2,0.00274,0.00727,0.98999
13231810,2,2,0.00841,0.14656,0.84503
13481561,2,1,0.19937,0.47733,0.3233
16198509,2,2,0.01203,0.10422,0.88375
604891,2,2,0.00287,0.05054,0.94659
26400597,2,2,0.00598,0.03467,0.95935
30035312,2,2,0.01153,0.12835,0.86013
25307644,2,2,0.00256,0.011,0.98644
10917604,2,2,0.00732,0.0195,0.97318
17998762,2,2,0.00274,0.0071,0.99016
7232406,2,2,0.0021,0.00594,0.99195
31034357,2,2,0.0021,0.00739,0.99051
30126111,2,2,0.00249,0.00786,0.98965
20283281,2,2,0.00508,0.0119,0.98302
39090314,2,2,0.00394,0.01711,0.97895
28448055,2,2,0.00377,0.0149,0.98133
35851631,2,2,0.00216,0.00984,0.988
26472766,2,2,0.01445,0.10533,0.88022
17412978,2,0,0.714,0.24245,0.04355
6239306,2,0,0.90919,0.08565,0.00516
4455478,2,2,0.02091,0.19453,0.78456
10746958,2,2,0.00147,0.00689,0.99164
9883886,2,2,0.00163,0.01241,0.98596
34304367,2,2,0.00203,0.00866,0.98931
34675581,2,2,0.00176,0.01516,0.98308
26080047,2,2,0.00193,0.01127,0.9868
23885721,2,2,0.00299,0.01095,0.98605
23268616,2,2,0.00161,0.00529,0.99309
25008956,2,2,0.03778,0.16701,0.79521
13232270,2,2,0.00351,0.00848,0.98801
1236132,2,2,0.00384,0.01103,0.98513
33899406,2,2,0.00322,0.05978,0.93699
3767155,2,2,0.00424,0.03566,0.9601
2820162,2,2,0.04556,0.05348,0.90096
4126776,2,2,0.00249,0.00889,0.98862
13793328,2,2,0.00245,0.02296,0.97458
29382110,2,2,0.00258,0.00576,0.99166
27382426,2,2,0.01443,0.2338,0.75177
22609880,2,2,0.07113,0.34941,0.57946
15559366,2,2,0.01282,0.31419,0.67299
13006447,2,2,0.04212,0.02872,0.92916
10147567,2,2,0.01354,0.03752,0.94894
10952346,2,2,0.00204,0.00554,0.99242
960109,2,2,0.00382,0.03073,0.96544
22747387,2,2,0.00805,0.03196,0.95999
38533181,2,2,0.01289,0.01748,0.96962
6839058,2,2,0.00179,0.00965,0.98855
25670195,2,2,0.00872,0.12937,0.86191
5810176,2,2,0.00274,0.02227,0.97499
35758874,2,2,0.00422,0.04075,0.95503
20108759,2,2,0.00333,0.01323,0.98344
24668034,2,2,0.00404,0.05181,0.94415
9856272,2,2,0.0019,0.0132,0.9849
30777180,2,1,0.08171,0.6229,0.29539
14346967,2,1,0.03246,0.7387,0.22884
38023762,2,2,0.00319,0.01083,0.98599
29077444,2,2,0.00762,0.03204,0.96034
5418408,2,2,0.00267,0.01822,0.97912
29838880,2,2,0.0175,0.06341,0.91909
33939931,2,2,0.00359,0.03151,0.9649
9199001,2,2,0.00185,0.0088,0.98935
13228391,2,2,0.00224,0.00623,0.99153
19110406,2,2,0.02658,0.14008,0.83334
29912851,2,2,0.0014,0.00542,0.99318
9594612,2,2,0.00616,0.02005,0.97378
16804257,2,1,0.08704,0.88252,0.03044
41145788,2,1,0.4774,0.50819,0.01442
16604239,2,2,0.00298,0.01435,0.98267
19019425,2,2,0.00504,0.01127,0.98368
19098688,2,2,0.00217,0.02025,0.97758
13682225,2,2,0.00128,0.00501,0.99371
9511174,2,2,0.00136,0.00731,0.99134
41465861,2,2,0.03899,0.08735,0.87366
16286842,2,2,0.00662,0.01787,0.97551
39131330,2,2,0.00257,0.00829,0.98914
21558139,2,2,0.00435,0.04222,0.95343
35395444,2,2,0.00265,0.02372,0.97363
21587218,2,1,0.04575,0.69908,0.25517
30620317,2,2,0.00133,0.0108,0.98786
16915041,2,2,0.00692,0.04388,0.94921
38385224,2,2,0.00444,0.00612,0.98944
12514854,2,2,0.00785,0.01861,0.97354
14426699,2,2,0.00241,0.00917,0.98841
33193463,2,2,0.00168,0.00988,0.98843
25382120,2,2,0.00494,0.00796,0.9871
10720199,2,2,0.00287,0.02287,0.97426
7268565,2,2,0.00332,0.0479,0.94878
2587991,2,1,0.08986,0.64604,0.2641
7669073,2,2,0.00842,0.02554,0.96603
27421446,2,2,0.00219,0.02925,0.96857
29379960,2,2,0.00593,0.07247,0.92161
25150917,2,2,0.01635,0.09802,0.88564
16445911,2,2,0.00474,0.07785,0.91741
16701418,2,2,0.00158,0.00856,0.98985
29063955,2,2,0.00587,0.06717,0.92697
6405397,2,2,0.00207,0.00678,0.99115
17194914,2,1,0.07824,0.72231,0.19945
22459957,2,2,0.00697,0.02171,0.97132
34959489,2,2,0.00267,0.01713,0.9802
9822832,2,2,0.00174,0.00613,0.99212
10657793,2,2,0.00233,0.01409,0.98359
7182815,2,2,0.01309,0.15154,0.83537
28053926,2,2,0.01616,0.08774,0.89611
37020301,2,2,0.00313,0.01288,0.98399
27261348,2,2,0.01311,0.39828,0.58862
32266155,2,2,0.03401,0.04685,0.91915
33386506,2,2,0.00241,0.02413,0.97345
17429540,2,2,0.00426,0.0175,0.97824
38708302,2,2,0.01297,0.01172,0.97532
16756262,2,2,0.0019,0.01236,0.98574
28517757,2,2,0.00153,0.01315,0.98532
13394319,2,2,0.0383,0.09667,0.86502
4894254,2,2,0.0025,0.00432,0.99318
14723681,2,2,0.02504,0.0498,0.92515
13511705,2,1,0.0528,0.87915,0.06806
37656452,2,2,0.00149,0.00962,0.98889
28323503,2,2,0.00465,0.06754,0.92781
11599999,2,2,0.00247,0.01486,0.98266
36067366,2,2,0.00244,0.01309,0.98447
39623495,2,2,0.01047,0.11795,0.87158
6793911,2,1,0.01954,0.59852,0.38193
25897534,2,2,0.0014,0.00796,0.99064
31996097,2,2,0.00579,0.02045,0.97376
30291572,2,2,0.00252,0.01329,0.98419
4381870,2,2,0.00129,0.00815,0.99056
30058396,2,1,0.07035,0.85706,0.07259
4384118,2,2,0.00163,0.0086,0.98977
2221448,2,2,0.0036,0.02888,0.96752
7878982,2,2,0.00355,0.07186,0.92459
37415483,2,2,0.00174,0.00663,0.99163
25119262,2,2,0.0052,0.01992,0.97488
33904254,2,2,0.00197,0.00648,0.99155
31906985,2,2,0.00154,0.00684,0.99162
33739732,2,2,0.00179,0.01213,0.98609
5549637,2,2,0.00137,0.01072,0.98791
10837190,2,2,0.02013,0.03254,0.94733
590370,2,2,0.00223,0.01096,0.98681
16886323,2,2,0.00128,0.00509,0.99363
19336197,2,2,0.00142,0.00711,0.99147
34902370,2,2,0.00623,0.09798,0.89579
22108989,2,2,0.00159,0.00762,0.99079
32358336,2,2,0.00276,0.01293,0.9843
7546791,2,2,0.00448,0.01342,0.9821
16980487,2,2,0.00399,0.01934,0.97667
10957153,2,1,0.14672,0.77936,0.07392
16468912,2,2,0.00249,0.00744,0.99007
19977959,2,2,0.00499,0.04339,0.95161
31603199,2,2,0.0034,0.03798,0.95862
41419670,2,2,0.00185,0.00907,0.98908
14076137,2,2,0.00511,0.03536,0.95952
30470893,2,2,0.00118,0.00542,0.9934
9243769,2,2,0.10076,0.21338,0.68586
28469505,2,1,0.0485,0.85296,0.09854
23276866,2,2,0.00426,0.03251,0.96323
11710791,2,2,0.0182,0.03335,0.94844
30098505,2,2,0.0057,0.051,0.9433
30879580,2,1,0.28522,0.69771,0.01706
13803629,2,2,0.00161,0.00684,0.99155
35938825,2,2,0.01215,0.04522,0.94263
31121195,2,2,0.05349,0.38912,0.55739
7975507,2,2,0.00237,0.01153,0.98611
27946172,2,2,0.0026,0.01198,0.98542
8518295,2,2,0.0022,0.00774,0.99006
17154345,2,1,0.08986,0.64604,0.2641
120832,2,2,0.0614,0.05723,0.88137
25575254,2,1,0.13581,0.69648,0.16771
10690341,2,2,0.00332,0.0326,0.96408
18036840,2,2,0.00484,0.00641,0.98876
3501416,2,2,0.04077,0.21362,0.74561
40486409,2,2,0.04073,0.02509,0.93418
15676280,2,2,0.01057,0.13677,0.85266
12449189,2,2,0.00428,0.04264,0.95308
13971454,2,2,0.05433,0.08581,0.85987
9763531,2,2,0.05238,0.23569,0.71193
16688395,2,2,0.00161,0.00643,0.99196
26529128,2,2,0.00128,0.00563,0.99309
8676725,2,2,0.00429,0.07013,0.92558
36167219,2,2,0.00445,0.01164,0.98391
33315554,2,2,0.00142,0.00618,0.99239
5220310,2,2,0.00138,0.00728,0.99134
12664699,2,2,0.00245,0.0075,0.99005
17948318,2,2,0.00253,0.00683,0.99063
6314881,2,2,0.00201,0.00542,0.99258
33763868,2,2,0.00214,0.01979,0.97807
21761298,2,2,0.04441,0.111,0.84458
37356841,2,2,0.00195,0.00482,0.99323
27670940,2,2,0.00183,0.00733,0.99084
37584964,2,2,0.00136,0.00668,0.99196
37428247,2,2,0.02182,0.09297,0.88521
10784217,2,2,0.00231,0.02072,0.97697
15279840,2,2,0.00874,0.0858,0.90546
13172199,2,2,0.00187,0.01189,0.98623
4642978,2,2,0.00666,0.07918,0.91416
3438434,2,2,0.00197,0.01051,0.98752
32292211,2,2,0.00315,0.00773,0.98912
21128986,2,2,0.00656,0.01982,0.97362
10114390,2,2,0.00248,0.01366,0.98387
20742360,2,2,0.00704,0.17941,0.81355
4811846,2,2,0.00427,0.01422,0.98151
6323313,2,2,0.0046,0.03195,0.96344
2504781,2,1,0.02674,0.66843,0.30483
39895266,2,2,0.00224,0.00722,0.99055
29590597,2,2,0.0107,0.0706,0.9187
24374628,2,0,0.71167,0.27224,0.0161
34729266,2,2,0.04644,0.25499,0.69857
18530238,2,2,0.00172,0.00586,0.99243
22288469,2,2,0.00292,0.00627,0.99081
35419145,2,2,0.0196,0.03578,0.94462
6115518,2,2,0.01115,0.15641,0.83244
22304977,2,2,0.00375,0.01827,0.97798
23053736,2,0,0.50902,0.23974,0.25124
10512904,2,2,0.00149,0.00586,0.99265
24186379,2,1,0.04041,0.54498,0.4146
36965074,2,2,0.00266,0.01893,0.97841
8652090,2,2,0.00869,0.04049,0.95082
19707151,2,2,0.00355,0.01138,0.98507
17500178,2,2,0.02081,0.40348,0.57571
5885736,2,1,0.20433,0.62693,0.16874
15980302,2,2,0.00357,0.00732,0.98911
40950208,2,2,0.00888,0.02662,0.96449
39577879,2,2,0.00438,0.07816,0.91746
33800271,2,2,0.00253,0.00823,0.98924
8414167,2,2,0.00152,0.00534,0.99315
17398819,2,2,0.00234,0.00804,0.98962
9566095,2,2,0.0081,0.09832,0.89358
15695701,2,2,0.00147,0.00689,0.99164
9073836,2,2,0.00251,0.0172,0.98029
21084057,2,2,0.00257,0.00932,0.98812
14971426,2,2,0.00242,0.00739,0.9902
10693652,2,2,0.00194,0.01023,0.98783
15788450,2,2,0.00628,0.02381,0.9699
30170017,2,2,0.00284,0.018,0.97916
28138717,2,1,0.08118,0.87957,0.03925
40797371,2,2,0.00312,0.0309,0.96598
18600006,2,2,0.00281,0.01054,0.98664
9307711,2,2,0.00234,0.00774,0.98992
19153453,2,2,0.00157,0.0049,0.99354
34752779,2,2,0.03837,0.46017,0.50146
18602483,2,2,0.01437,0.43343,0.5522
32462789,2,2,0.00484,0.02766,0.96749
23970025,2,2,0.00131,0.00944,0.98925
17849674,2,2,0.00399,0.03574,0.96028
23264704,2,2,0.00157,0.0045,0.99394
34328389,2,2,0.00149,0.0085,0.99001
9602299,2,2,0.00166,0.00805,0.99029
40316606,2,2,0.00309,0.01042,0.98649
20066387,2,2,0.00198,0.00567,0.99235
26290982,2,1,0.04463,0.86884,0.08653
20886282,2,2,0.0014,0.00501,0.99358
10239919,2,2,0.00476,0.04516,0.95008
20447246,2,2,0.00242,0.00632,0.99126
19009199,2,2,0.00315,0.00835,0.9885
26013714,2,2,0.00456,0.04197,0.95347
5709208,2,2,0.00323,0.04371,0.95306
3396907,2,2,0.00344,0.02834,0.96822
30978758,2,2,0.0023,0.00786,0.98984
33167249,2,2,0.01293,0.08067,0.9064
25635823,2,2,0.00177,0.00722,0.99101
13961479,2,2,0.00409,0.01182,0.98409
2664662,2,2,0.00206,0.00969,0.98825
6277003,2,2,0.00171,0.01213,0.98617
26362695,2,2,0.00256,0.01079,0.98665
30934871,2,2,0.00191,0.00863,0.98946
13642624,2,2,0.00726,0.02646,0.96627
26534905,2,2,0.07158,0.24934,0.67909
24426077,2,2,0.01753,0.21946,0.76301
29252986,2,2,0.02371,0.01797,0.95832
20005798,2,2,0.00382,0.01609,0.98009
37078255,2,2,0.04899,0.07587,0.87514
7300213,2,2,0.00213,0.00689,0.99098
17837915,2,2,0.00791,0.0492,0.9429
27679648,2,2,0.00138,0.00482,0.9938
21132246,2,2,0.00134,0.00577,0.99289
18235182,2,2,0.01061,0.07048,0.91891
9398153,2,2,0.00242,0.00683,0.99075
17490860,2,2,0.00164,0.01972,0.97863
28852811,2,2,0.0279,0.04803,0.92407
39952892,2,1,0.11522,0.72821,0.15657
26012297,2,2,0.09769,0.40811,0.4942
29917335,2,2,0.00198,0.01741,0.98061
39950860,2,2,0.00217,0.00786,0.98997
26390731,2,2,0.02195,0.05204,0.92601
21026365,2,2,0.00156,0.00873,0.98971
36834040,2,1,0.1168,0.56819,0.31501
31210275,2,2,0.0255,0.12343,0.85107
36066808,2,2,0.01748,0.16617,0.81634
20686789,2,2,0.00174,0.00808,0.99018
22318841,2,2,0.01576,0.02404,0.9602
18071332,2,2,0.0018,0.00419,0.99401
3115100,2,2,0.00177,0.00856,0.98967
39961475,2,2,0.00169,0.00422,0.99408
2823348,2,2,0.0395,0.04012,0.92037
14100273,2,2,0.0074,0.02369,0.96891
25390223,2,2,0.00204,0.00739,0.99058
35891181,2,2,0.00552,0.03595,0.95852
40700632,2,2,0.00161,0.00604,0.99235
7701628,2,2,0.00225,0.01747,0.98028
40123763,2,2,0.00274,0.00667,0.99059
21097421,2,2,0.00887,0.0726,0.91854
18246993,2,2,0.00182,0.00936,0.98882
1355907,2,2,0.00166,0.00863,0.98971
866440,2,2,0.00156,0.00684,0.9916
23947729,2,2,0.0065,0.04333,0.95017
8046376,2,2,0.00568,0.00833,0.98598
40165745,2,2,0.00233,0.02629,0.97137
26961220,2,2,0.00679,0.02371,0.9695
37256701,2,2,0.00834,0.16691,0.82475
37530672,2,1,0.06829,0.61345,0.31826
27424040,2,2,0.05435,0.08207,0.86358
16355340,2,2,0.0029,0.02588,0.97121
15482774,2,2,0.00203,0.00893,0.98904
27965935,2,2,0.00802,0.06524,0.92674
30123757,2,2,0.00177,0.00856,0.98967
34932280,2,2,0.00472,0.0072,0.98808
23717264,2,2,0.00252,0.01329,0.98419
7104865,2,2,0.00177,0.00799,0.99025
9615026,2,2,0.00177,0.00546,0.99277
22333596,2,2,0.00169,0.00618,0.99213
33884402,2,2,0.04422,0.08812,0.86766
20141921,2,2,0.00512,0.01969,0.97519
20492460,2,1,0.03553,0.55145,0.41302
35140776,2,0,0.638,0.34688,0.01512
18310296,2,2,0.00452,0.01933,0.97615
32418682,2,2,0.00194,0.00689,0.99117
16171119,2,2,0.00145,0.00572,0.99283
25480051,2,2,0.00898,0.20759,0.78343
2226369,2,2,0.00239,0.01893,0.97868
35043835,2,2,0.00134,0.00468,0.99398
9701257,2,2,0.00371,0.01417,0.98211
13443847,2,2,0.03671,0.25981,0.70348
16290584,2,2,0.00555,0.06071,0.93373
25411347,2,2,0.03536,0.3984,0.56624
37537966,2,2,0.00834,0.03551,0.95615
2210025,2,2,0.00223,0.02364,0.97413
30166535,2,2,0.00213,0.00869,0.98918
38974222,2,2,0.00156,0.00538,0.99306
10828091,2,2,0.01924,0.37751,0.60325
12681750,2,2,0.00183,0.00533,0.99284
15386665,2,2,0.01482,0.05359,0.93158
29759135,2,2,0.00261,0.00907,0.98833
30727877,2,2,0.00179,0.01097,0.98724
36631846,2,2,0.00248,0.01063,0.98689
19837835,2,2,0.00468,0.01565,0.97967
7194752,2,2,0.01193,0.16442,0.82365
33285635,2,2,0.00219,0.01131,0.9865
27429492,2,2,0.00237,0.01153,0.98611
24340575,2,2,0.00396,0.01094,0.98509
17026556,2,2,0.00237,0.01153,0.98611
20111897,2,2,0.00378,0.01133,0.98489
30260188,2,1,0.4055,0.56298,0.03151
15163594,2,2,0.00283,0.02222,0.97495
24414218,2,0,0.63965,0.35325,0.00711
29964533,2,2,0.00199,0.0142,0.98381
37005328,2,1,0.08031,0.87021,0.04948
33294368,2,2,0.00785,0.05579,0.93635
1989969,2,2,0.00175,0.00475,0.99351
32764346,2,2,0.00197,0.01131,0.98673
19646495,2,2,0.0326,0.19584,0.77156
30066606,2,2,0.00246,0.019,0.97853
11159896,2,2,0.00322,0.01648,0.9803
20223731,2,2,0.00309,0.01042,0.98649
15096609,2,2,0.00204,0.02068,0.97728
34584320,2,2,0.00134,0.0055,0.99316
17977955,2,2,0.00173,0.01409,0.98418
18818590,2,2,0.00204,0.00745,0.99052
8732,2,2,0.00145,0.00482,0.99373
40669735,2,2,0.00238,0.00652,0.9911
32274560,2,2,0.00489,0.03426,0.96086
10936116,2,2,0.19778,0.20306,0.59916
668890,2,0,0.61302,0.35897,0.02801
21403012,2,2,0.0022,0.00991,0.98789
21983550,2,2,0.00143,0.00464,0.99394
37292490,2,2,0.0012,0.00525,0.99355
12063141,2,2,0.00124,0.00684,0.99192
24783108,2,2,0.00356,0.00975,0.98669
6537242,2,2,0.00236,0.01469,0.98294
29780188,2,2,0.00303,0.01532,0.98165
31984675,2,2,0.0034,0.00909,0.98751
8803040,2,2,0.00268,0.01221,0.98511
33718255,2,2,0.01435,0.15185,0.83381
7254586,2,1,0.07383,0.85489,0.07128
13035404,2,2,0.00136,0.00559,0.99305
16270690,2,2,0.00159,0.00653,0.99188
8076401,2,2,0.00133,0.01076,0.98791
22097499,2,2,0.07064,0.04152,0.88784
7992107,2,2,0.0181,0.03176,0.95015
5249112,2,2,0.01526,0.02556,0.95918
31417505,2,2,0.00242,0.0216,0.97598
30390106,2,1,0.04925,0.6142,0.33655
22181729,2,2,0.00906,0.0226,0.96835
37314953,2,2,0.01047,0.11795,0.87158
34577067,2,2,0.00463,0.05594,0.93943
9380912,2,1,0.09355,0.87386,0.03259
39601563,2,2,0.00773,0.03396,0.95831
13581234,2,2,0.00166,0.00837,0.98997
15333947,2,2,0.00528,0.01227,0.98245
15127578,2,2,0.0023,0.00856,0.98914
33492916,2,1,0.03384,0.6692,0.29696
24828019,2,2,0.00553,0.02014,0.97433
24604297,2,2,0.0012,0.00674,0.99206
6787299,2,0,0.55552,0.34091,0.10357
33670369,2,1,0.13656,0.6002,0.26323
8958080,2,2,0.00238,0.0374,0.96022
13798627,2,2,0.00186,0.00572,0.99242
24377543,2,2,0.00858,0.01506,0.97636
26428754,2,2,0.00278,0.00836,0.98887
25807311,2,2,0.0059,0.10422,0.88987
14163277,2,2,0.00159,0.00623,0.99218
21311806,2,2,0.00249,0.01042,0.98709
16163994,2,2,0.00159,0.00722,0.99119
35553856,2,2,0.00281,0.01066,0.98652
34808211,2,2,0.00269,0.00924,0.98807
12126101,2,2,0.00493,0.01145,0.98362
6022830,2,2,0.00234,0.00883,0.98883
25219209,2,2,0.00144,0.00911,0.98945
23950392,2,2,0.00308,0.01249,0.98443
12927042,2,2,0.00273,0.00855,0.98871
33251974,2,2,0.00272,0.01319,0.98409
14537341,2,2,0.05248,0.06686,0.88067
39804272,2,2,0.00239,0.01945,0.97817
37757145,2,1,0.29784,0.6791,0.02306
10885502,2,2,0.00282,0.00896,0.98822
21254098,2,2,0.00455,0.02885,0.9666
21177866,2,2,0.0071,0.03386,0.95904
31561329,2,2,0.00253,0.00744,0.99003
9785231,2,2,0.00318,0.01244,0.98438
32826823,2,2,0.00121,0.01044,0.98835
11640537,2,2,0.00205,0.01587,0.98208
29049800,2,2,0.00118,0.00619,0.99263
26265895,2,2,0.00161,0.00517,0.99321
36243999,2,2,0.00397,0.00848,0.98755
11548108,2,2,0.00182,0.00947,0.98871
13432120,2,2,0.00276,0.01402,0.98321
39277588,2,2,0.00286,0.01079,0.98635
33057386,2,2,0.00138,0.00643,0.99219
26544704,2,2,0.00172,0.00538,0.99291
9352858,2,2,0.00351,0.03772,0.95876
26624680,2,2,0.00188,0.00999,0.98813
4241318,2,2,0.0027,0.01929,0.978
13297737,2,2,0.00164,0.00808,0.99028
16940420,2,2,0.04152,0.03171,0.92677
27211902,2,2,0.00311,0.04855,0.94834
18079441,2,1,0.06677,0.6958,0.23743
26093168,2,2,0.00233,0.01122,0.98645
20436972,2,2,0.00743,0.11995,0.87261
31625827,2,2,0.00638,0.06186,0.93176
12688483,2,2,0.00197,0.00722,0.99081
10719802,2,2,0.00204,0.00705,0.99091
507789,2,2,0.00121,0.00877,0.99002
31720621,2,2,0.04474,0.32295,0.63231
13106887,2,2,0.0013,0.00604,0.99266
36814395,2,2,0.00307,0.01719,0.97974
20791313,2,2,0.00191,0.0078,0.99029
35495018,2,2,0.00177,0.00887,0.98937
13726362,2,2,0.00253,0.00721,0.99025
23308314,2,2,0.00191,0.01084,0.98725
18981429,2,2,0.00151,0.00658,0.99191
27712069,2,2,0.00549,0.07088,0.92363
5578434,2,2,0.00177,0.00856,0.98967
32348602,2,2,0.02129,0.01498,0.96373
18470750,2,2,0.00191,0.00786,0.99023
10295678,2,2,0.01069,0.04172,0.94759
21227464,2,2,0.00401,0.01439,0.9816
17851929,2,2,0.0025,0.01801,0.97948
1656966,2,2,0.00298,0.04489,0.95212
26425831,2,1,0.04074,0.85096,0.10829
34921983,2,2,0.00471,0.03916,0.95613
27073302,2,2,0.00892,0.05196,0.93912
12599372,2,2,0.00191,0.00869,0.9894
38282459,2,2,0.002,0.01023,0.98777
37593648,2,2,0.00145,0.00633,0.99222
5854743,2,2,0.00198,0.00581,0.99222
20228987,2,2,0.00124,0.00475,0.99401
22158942,2,2,0.00157,0.00475,0.99369
5219062,2,2,0.00179,0.00866,0.98954
40539944,2,2,0.00721,0.02557,0.96721
3772718,2,2,0.00237,0.01153,0.98611
37040906,2,2,0.00344,0.01318,0.98339
1291794,2,2,0.00159,0.00762,0.99079
8288812,2,2,0.00174,0.00932,0.98894
39151796,2,2,0.00191,0.00792,0.99017
9810297,2,2,0.00186,0.00658,0.99157
34823467,2,2,0.00338,0.01543,0.98119
1403347,2,2,0.01017,0.05228,0.93755
7840754,2,2,0.00374,0.03782,0.95844
3050526,2,2,0.00377,0.01554,0.98069
23788917,2,2,0.00177,0.00856,0.98967
8099424,2,2,0.00308,0.029,0.96792
32426611,2,2,0.00154,0.00793,0.99054
3672143,2,2,0.01167,0.18261,0.80572
30180011,2,2,0.00463,0.02584,0.96953
16431560,2,2,0.00118,0.00619,0.99263
33812544,2,2,0.00135,0.01123,0.98742
11426245,2,2,0.00262,0.00533,0.99205
39597713,2,2,0.00127,0.01048,0.98825
30387214,2,2,0.00743,0.04904,0.94353
36061786,2,2,0.00236,0.01469,0.98294
24165267,2,2,0.00266,0.00647,0.99087
21394748,2,1,0.13032,0.78438,0.0853
5760252,2,2,0.00227,0.00935,0.98838
38309288,2,2,0.025,0.06562,0.90938
31093986,2,1,0.38061,0.59645,0.02295
24887232,2,2,0.00174,0.00599,0.99226
9494061,2,2,0.01108,0.02965,0.95926
16803325,2,2,0.01112,0.18446,0.80441
11482879,2,2,0.00213,0.00866,0.98921
19223615,2,2,0.01181,0.04293,0.94526
24155497,2,0,0.59762,0.37398,0.02839
13601517,2,2,0.00142,0.00863,0.98995
37453326,2,2,0.01673,0.01838,0.96489
33514581,2,2,0.01057,0.13677,0.85266
33511212,2,2,0.00259,0.0155,0.98191
36367191,2,2,0.00244,0.01314,0.98442
34562120,2,2,0.00227,0.00722,0.99051
2190411,2,2,0.00249,0.01011,0.98741
32710238,2,2,0.00198,0.00643,0.9916
14957879,2,2,0.00136,0.00653,0.99211
4398800,2,2,0.00161,0.00947,0.98892
1492791,2,1,0.07017,0.90109,0.02874
5765766,2,2,0.00543,0.02329,0.97128
30689690,2,2,0.00629,0.01521,0.9785
37350060,2,2,0.01408,0.05897,0.92696
11214159,2,2,0.00262,0.02144,0.97595
35421655,2,2,0.00142,0.00717,0.99141
7595789,2,2,0.00364,0.03347,0.96289
23947475,2,2,0.00265,0.02292,0.97443
22043819,2,2,0.02236,0.19546,0.78218
31187027,2,2,0.02222,0.02577,0.95202
24763777,2,2,0.00232,0.01498,0.9827
16281990,2,2,0.12455,0.18211,0.69334
30974699,2,2,0.00333,0.01485,0.98182
35650947,2,2,0.00321,0.03314,0.96365
22912757,2,2,0.00262,0.01959,0.97779
6226137,2,2,0.0021,0.00786,0.99004
29621688,2,2,0.00671,0.02793,0.96536
4181113,2,2,0.00188,0.00643,0.99169
35908269,2,2,0.00177,0.007,0.99123
36376031,2,1,0.46888,0.51901,0.01211
33447407,2,2,0.00355,0.01244,0.98402
6879996,2,2,0.00134,0.00517,0.99349
26768088,2,2,0.00423,0.0377,0.95807
34994215,2,2,0.00199,0.01294,0.98506
28028572,2,2,0.00124,0.00628,0.99248
6051242,2,2,0.00787,0.03831,0.95382
35249086,2,2,0.00195,0.00546,0.9926
12182580,2,1,0.12217,0.83651,0.04132
6750030,2,1,0.06567,0.79692,0.13741
24579509,2,2,0.00185,0.00859,0.98955
31902032,2,2,0.00182,0.01222,0.98596
20806450,2,2,0.00447,0.01559,0.97994
1033551,2,2,0.00893,0.01372,0.97734
21554168,2,2,0.00157,0.00394,0.99449
26983636,2,2,0.05666,0.11072,0.83262
25308631,2,2,0.00336,0.00478,0.99186
38381755,2,2,0.00219,0.01393,0.98389
31037085,2,2,0.00287,0.02214,0.97499
36066640,2,2,0.00217,0.007,0.99084
29497140,2,2,0.00504,0.01163,0.98333
23025780,2,2,0.00159,0.00653,0.99188
15993903,2,2,0.03405,0.19102,0.77493
25727243,2,2,0.07455,0.0348,0.89064
29792146,2,2,0.00276,0.0137,0.98353
25224403,2,2,0.00177,0.0055,0.99273
13686095,2,2,0.00174,0.01023,0.98803
33933795,2,2,0.0075,0.01841,0.9741
1209821,2,2,0.07592,0.35868,0.56539
3629663,2,2,0.00226,0.02816,0.96958
20597300,2,2,0.02645,0.15705,0.81649
9338208,2,2,0.04816,0.37878,0.57307
3288728,2,2,0.00381,0.04911,0.94708
27967356,2,2,0.00249,0.00889,0.98862
27804421,2,2,0.00888,0.02662,0.96449
21749025,2,2,0.01218,0.22267,0.76515
26037308,2,2,0.00358,0.06285,0.93356
29483317,2,1,0.07372,0.87042,0.05586
16164812,2,2,0.00705,0.00942,0.98353
8665947,2,2,0.0042,0.0293,0.9665
31297259,2,2,0.01738,0.09824,0.88438
36803065,2,2,0.00996,0.05734,0.93269
2845799,2,2,0.00207,0.00623,0.9917
16746388,2,0,0.95691,0.03703,0.00606
15492835,2,2,0.00202,0.01459,0.98339
25155912,2,2,0.00526,0.03776,0.95697
3675960,2,1,0.03885,0.76823,0.19292
15267038,2,2,0.00222,0.01447,0.98331
18345133,2,1,0.15811,0.73183,0.11006
22551690,2,2,0.00963,0.22528,0.76509
27239146,2,2,0.00185,0.0087,0.98945
5509323,2,2,0.00346,0.00688,0.98966
17046329,2,2,0.00732,0.02687,0.96582
19523276,2,2,0.00204,0.00705,0.99091
33395334,2,2,0.00164,0.00572,0.99264
33142874,2,2,0.0055,0.00996,0.98454
35004103,2,2,0.0024,0.01593,0.98167
39206604,2,2,0.00189,0.00585,0.99226
24333276,2,2,0.00231,0.00727,0.99042
4243651,2,0,0.52525,0.45635,0.0184
27958148,2,2,0.00203,0.00811,0.98986
32767479,2,2,0.02455,0.16258,0.81287
9764627,2,1,0.08986,0.64604,0.2641
6652811,2,2,0.00287,0.02139,0.97574
38305128,2,2,0.01245,0.09416,0.89339
28764626,2,1,0.08149,0.81346,0.10505
1093967,2,2,0.0073,0.0217,0.971
33128488,2,2,0.0023,0.02622,0.97148
33048156,2,2,0.00201,0.00554,0.99245
17287897,2,2,0.00225,0.01754,0.98022
38707288,2,2,0.00362,0.00822,0.98816
2398553,2,2,0.00369,0.01995,0.97636
26638139,2,2,0.00179,0.009,0.9892
19724589,2,2,0.00341,0.00688,0.98971
9355294,2,2,0.00526,0.01499,0.97974
20134469,2,2,0.00188,0.00936,0.98876
13757075,2,2,0.00248,0.01403,0.98349
34622119,2,1,0.04473,0.82444,0.13083
35614559,2,2,0.00265,0.00924,0.98811
30072925,2,2,0.00166,0.00805,0.99029
32070567,2,2,0.00443,0.02349,0.97207
40316077,2,2,0.01551,0.06865,0.91584
25605917,2,2,0.00146,0.00936,0.98917
10792679,2,2,0.00848,0.02684,0.96469
4952764,2,2,0.00185,0.00969,0.98846
1682794,2,2,0.00317,0.01543,0.98139
24083533,2,2,0.05345,0.10384,0.84271
10515164,2,2,0.00344,0.01333,0.98323
36337460,2,1,0.16396,0.53972,0.29632
40655165,2,2,0.00268,0.02684,0.97048
15712290,2,2,0.005,0.05658,0.93842
26922700,2,2,0.00552,0.01459,0.97989
13062042,2,2,0.00346,0.02281,0.97373
3400072,2,2,0.06186,0.41616,0.52198
39059020,2,2,0.00203,0.00836,0.9896
1542836,2,2,0.00171,0.00962,0.98867
31616573,2,2,0.0019,0.01305,0.98505
38982768,2,1,0.11983,0.44524,0.43493
37950893,2,1,0.127,0.50623,0.36677
39545794,2,1,0.1323,0.46177,0.40593
5635585,2,2,0.00147,0.00482,0.99371
30184140,2,2,0.00478,0.0415,0.95373
7558898,2,2,0.00787,0.11056,0.88157
33633615,2,2,0.01228,0.19748,0.79024
29276425,2,1,0.02398,0.74032,0.2357
24672715,2,2,0.00482,0.03207,0.96311
14250952,2,2,0.0185,0.23076,0.75074
31791161,2,2,0.00309,0.01042,0.98649
4397508,2,2,0.01129,0.0192,0.96951
11786329,2,2,0.00566,0.11333,0.88101
38752748,2,2,0.00363,0.00562,0.99075
17952079,2,2,0.00339,0.02744,0.96917
29840144,2,2,0.00138,0.00623,0.99239
12630184,2,2,0.01531,0.12895,0.85574
40473689,2,2,0.02797,0.095,0.87703
38464678,2,2,0.00182,0.00977,0.98841
24162659,2,2,0.00182,0.00805,0.99013
37556623,2,2,0.00296,0.00585,0.99119
5843665,2,2,0.00342,0.01699,0.97959
22597942,2,2,0.00234,0.00811,0.98955
34515377,2,2,0.00186,0.00517,0.99297
20278857,2,0,0.67869,0.29999,0.02131
23753875,2,2,0.01275,0.05803,0.92923
30476313,2,2,0.00207,0.00572,0.99221
21627718,2,2,0.00312,0.01699,0.97989
18956108,2,2,0.00746,0.0074,0.98513
26147165,2,2,0.00285,0.01509,0.98207
36180948,2,2,0.00223,0.01055,0.98722
35933960,2,2,0.00149,0.01004,0.98848
6699158,2,2,0.00215,0.01593,0.98192
17110407,2,2,0.00945,0.12688,0.86368
11498515,2,2,0.00961,0.01768,0.97271
27839581,2,2,0.00252,0.01166,0.98582
16729281,2,2,0.00193,0.01612,0.98195
13703109,2,2,0.00125,0.00867,0.99008
28526458,2,2,0.00127,0.0102,0.98853
18308037,2,2,0.00154,0.00722,0.99124
25016272,2,2,0.0026,0.01329,0.98411
40456635,2,2,0.00145,0.00475,0.9938
4408857,2,0,0.37101,0.29675,0.33224
32548209,2,2,0.00834,0.16691,0.82475
24677940,2,2,0.00884,0.05352,0.93764
18841703,2,2,0.01579,0.2113,0.77291
17661959,2,2,0.00375,0.01827,0.97798
2440284,2,2,0.00276,0.01474,0.9825
5529277,2,2,0.00431,0.02071,0.97498
39930286,2,2,0.00234,0.00869,0.98897
11271191,2,2,0.00351,0.03904,0.95745
33202086,2,2,0.01822,0.03995,0.94183
2847493,2,2,0.0107,0.22708,0.76222
26507976,2,2,0.00164,0.00436,0.994
34485978,2,2,0.06677,0.04328,0.88994
23272256,2,2,0.00151,0.00733,0.99115
17356926,2,2,0.00147,0.00618,0.99235
15435167,2,2,0.00518,0.02393,0.9709
32032886,2,2,0.01203,0.06203,0.92594
18647620,2,2,0.00194,0.00869,0.98937
29932325,2,0,0.64465,0.32037,0.03498
2177917,2,2,0.00143,0.00505,0.99352
13423435,2,2,0.00161,0.00739,0.991
15488300,2,2,0.03505,0.10232,0.86262
4255412,2,2,0.00207,0.00684,0.99109
22932161,2,2,0.00428,0.04264,0.95308
17666996,2,2,0.00169,0.00684,0.99147
281369,2,2,0.00808,0.12792,0.864
2256140,2,0,0.62379,0.36385,0.01235
1295814,2,2,0.11535,0.17249,0.71216
14131784,2,2,0.00381,0.06312,0.93306
29164495,2,2,0.0025,0.04822,0.94928
36944512,2,2,0.01036,0.22853,0.76111
38177294,2,2,0.00711,0.11815,0.87474
38770499,2,2,0.00176,0.01097,0.98727
39363614,2,2,0.00449,0.01163,0.98388
29520495,2,2,0.00177,0.00705,0.99118
17002582,2,2,0.0017,0.01689,0.98142
18983966,2,2,0.00394,0.01751,0.97856
7518171,2,2,0.0063,0.07363,0.92007
18983009,2,2,0.2752,0.22443,0.50037
2932217,2,2,0.00436,0.00937,0.98627
38652969,2,1,0.11469,0.85579,0.02951
38314042,2,2,0.00152,0.00542,0.99306
2710675,2,2,0.0022,0.00658,0.99122
8860882,2,2,0.00342,0.01935,0.97723
29392131,2,2,0.00168,0.01341,0.98492
21421001,2,2,0.00206,0.01131,0.98663
16516090,2,1,0.1661,0.77311,0.06079
22357388,2,2,0.0018,0.00786,0.99034
2088605,2,2,0.00156,0.00568,0.99276
14766315,2,2,0.00165,0.01171,0.98663
27117885,2,2,0.00174,0.00673,0.99152
40196758,2,2,0.00303,0.01623,0.98075
8833990,2,1,0.29924,0.53502,0.16574
7701042,2,2,0.00323,0.01318,0.98359
11723532,2,2,0.00803,0.1205,0.87147
16602640,2,2,0.00132,0.00745,0.99123
41290460,2,2,0.02138,0.14452,0.8341
27639187,2,2,0.00138,0.00471,0.99391
20868982,2,2,0.00273,0.00972,0.98755
19210936,2,2,0.00273,0.02399,0.97328
12234377,2,2,0.00182,0.00954,0.98864
18355443,2,2,0.01688,0.01755,0.96558
19388163,2,2,0.00585,0.02503,0.96912
25033572,2,2,0.0024,0.01509,0.98251
33270833,2,0,0.93279,0.06082,0.00638
32785406,2,2,0.04932,0.24275,0.70793
21466960,2,2,0.00198,0.0049,0.99313
31425959,2,2,0.00147,0.00799,0.99055
19251423,2,2,0.00304,0.0107,0.98626
41099710,2,2,0.05082,0.08282,0.86636
2506435,2,2,0.00329,0.02657,0.97014
35797752,2,2,0.00328,0.01211,0.98461
31792251,2,2,0.01044,0.13382,0.85574
22705042,2,2,0.00159,0.00739,0.99102
23141036,2,2,0.00273,0.02653,0.97074
13111373,2,2,0.0014,0.0055,0.99309
34780948,2,2,0.00704,0.01206,0.9809
15415530,2,2,0.01389,0.12685,0.85926
40475583,2,2,0.00207,0.00529,0.99264
14816009,2,2,0.02303,0.07837,0.8986
16524167,2,2,0.00188,0.00643,0.99169
23835024,2,2,0.00237,0.01217,0.98547
13989987,2,2,0.00264,0.01249,0.98487
13285505,2,2,0.00428,0.04167,0.95404
30065801,2,2,0.00298,0.01642,0.9806
34328286,2,2,0.0022,0.00876,0.98904
8261603,2,2,0.00171,0.00894,0.98935
23322086,2,2,0.00268,0.02751,0.96981
18134724,2,2,0.00182,0.00745,0.99073
5039351,2,2,0.00258,0.01822,0.9792
22559617,2,2,0.00222,0.01294,0.98484
37156583,2,2,0.0018,0.00733,0.99087
18865515,2,2,0.01008,0.05336,0.93656
20413846,2,2,0.00393,0.03352,0.96255
15695612,2,2,0.00395,0.01369,0.98236
21095364,2,2,0.04121,0.26717,0.69162
29408661,2,2,0.00258,0.00482,0.9926
30816422,2,2,0.00427,0.01332,0.98241
1795712,2,2,0.00182,0.01153,0.98665
36276657,2,2,0.00198,0.00505,0.99297
16237720,2,2,0.00118,0.00766,0.99116
2985850,2,2,0.00668,0.00928,0.98404
14678953,2,2,0.00487,0.02168,0.97345
40891283,2,2,0.07529,0.17018,0.75453
19488307,2,2,0.00292,0.0207,0.97638
853283,2,2,0.00203,0.01035,0.98762
14560148,2,2,0.00142,0.00695,0.99163
12566877,2,2,0.00204,0.00716,0.9908
17153776,2,2,0.00375,0.01827,0.97798
16354664,2,2,0.00466,0.03571,0.95963
967983,2,2,0.00134,0.00643,0.99223
31616258,2,2,0.06433,0.05459,0.88108
9515905,2,2,0.00124,0.00494,0.99382
17265639,2,2,0.00158,0.00922,0.9892
26202995,2,1,0.17482,0.67939,0.14579
16585580,2,2,0.00272,0.01259,0.98469
12773357,2,1,0.26781,0.48761,0.24459
22830647,2,2,0.00498,0.07487,0.92015
3045064,2,2,0.00588,0.01315,0.98098
5951286,2,2,0.00328,0.01429,0.98243
21572950,2,2,0.00262,0.03443,0.96295
32685369,2,2,0.00267,0.01515,0.98218
36199808,2,2,0.0078,0.02527,0.96693
8919565,2,2,0.00548,0.00645,0.98807
14132859,2,2,0.00158,0.00887,0.98955
8776909,2,2,0.00151,0.01213,0.98636
38815993,2,2,0.00238,0.02423,0.9734
38164147,2,2,0.01214,0.0957,0.89216
7536489,2,2,0.00206,0.01011,0.98783
27957202,2,2,0.00414,0.01513,0.98074
15187245,2,2,0.00469,0.01449,0.98082
32943580,2,2,0.00239,0.01655,0.98105
12768441,2,2,0.01085,0.12691,0.86223
14003814,2,2,0.00304,0.01034,0.98662
32938810,2,2,0.0035,0.01197,0.98454
34663074,2,2,0.03053,0.29077,0.6787
19334410,2,2,0.00169,0.00802,0.9903
32232482,2,2,0.00347,0.03398,0.96255
20178128,2,2,0.00285,0.02863,0.96852
34561696,2,2,0.00177,0.00633,0.9919
20159017,2,2,0.01833,0.39802,0.58366
27437518,2,1,0.15517,0.6584,0.18644
10384287,2,2,0.00451,0.03569,0.9598
14908217,2,2,0.00251,0.01581,0.98168
25630844,2,2,0.00159,0.00586,0.99256
38937425,2,2,0.00206,0.0127,0.98525
26450781,2,2,0.00246,0.0055,0.99204
12189283,2,2,0.01911,0.02341,0.95747
17402745,2,2,0.00359,0.06154,0.93487
37400996,2,2,0.12256,0.20573,0.6717
21866393,2,2,0.00183,0.00443,0.99374
39866518,2,2,0.00203,0.01231,0.98566
35475715,2,1,0.04927,0.81408,0.13665
8506275,2,2,0.01836,0.4279,0.55374
14705953,2,2,0.00237,0.01153,0.98611
5726433,2,2,0.00601,0.02132,0.97266
14375575,2,2,0.00138,0.00529,0.99332
28961769,2,2,0.00221,0.00533,0.99246
8629095,2,2,0.00717,0.05386,0.93897
17770852,2,2,0.004,0.01764,0.97836
9688890,2,2,0.00154,0.00739,0.99107
30478365,2,2,0.00334,0.01104,0.98563
22346838,2,2,0.0031,0.03821,0.95869
5845854,2,2,0.00317,0.01592,0.98091
9433356,2,2,0.00195,0.01758,0.98047
17419289,2,2,0.0014,0.01047,0.98813
35989068,2,2,0.00236,0.0136,0.98403
24124615,2,1,0.05997,0.84751,0.09252
20660044,2,2,0.01425,0.09698,0.88877
20900758,2,2,0.00179,0.01351,0.98471
4889616,2,2,0.00152,0.00563,0.99285
1637789,2,2,0.00752,0.02976,0.96271
12613324,2,2,0.0021,0.00618,0.99172
33195179,2,2,0.0275,0.11019,0.8623
31913107,2,2,0.00308,0.01334,0.98358
5252684,2,2,0.00343,0.04513,0.95143
31962234,2,1,0.11086,0.70893,0.18021
29002363,2,2,0.0034,0.00761,0.98899
46786,2,2,0.00199,0.01217,0.98584
35291372,2,2,0.00235,0.01998,0.97767
21522204,2,2,0.00328,0.04349,0.95323
36336179,2,2,0.0036,0.02915,0.96725
17043596,2,2,0.00239,0.01694,0.98067
13341914,2,2,0.00154,0.00883,0.98963
7060962,2,2,0.00333,0.01396,0.98271
34854518,2,2,0.00177,0.00771,0.99052
24036413,2,2,0.0057,0.02053,0.97377
25252940,2,2,0.00174,0.00745,0.99081
2956273,2,2,0.00399,0.03597,0.96004
8032582,2,1,0.11045,0.8561,0.03345
19471024,2,1,0.34075,0.6243,0.03495
9095291,2,2,0.00169,0.00529,0.99302
34350544,2,2,0.00147,0.00739,0.99114
32538679,2,2,0.00595,0.03955,0.9545
26969489,2,2,0.0033,0.02334,0.97336
35541887,2,2,0.00174,0.01019,0.98807
20142646,2,1,0.03432,0.77501,0.19067
7414377,2,1,0.25098,0.50294,0.24607
33012363,2,2,0.00566,0.05778,0.93657
16427665,2,2,0.00403,0.03933,0.95664
6068427,2,2,0.0018,0.0217,0.9765
16882162,2,2,0.00448,0.01267,0.98285
39324777,2,2,0.00189,0.01806,0.98005
27688011,2,2,0.00403,0.02635,0.96963
5928298,2,2,0.00118,0.00505,0.99376
13373677,2,2,0.00465,0.05278,0.94257
18302025,2,2,0.00522,0.0084,0.98638
37020130,2,2,0.00245,0.00733,0.99022
9823725,2,2,0.03042,0.15368,0.8159
6985915,2,2,0.0066,0.01376,0.97964
10747215,2,2,0.00134,0.0041,0.99456
28319158,2,0,0.512,0.41789,0.07011
14119822,2,2,0.00552,0.02216,0.97232
10519896,2,2,0.02828,0.04261,0.92911
26789476,2,2,0.0021,0.00921,0.98869
23098663,2,2,0.00142,0.00568,0.9929
25497749,2,2,0.00197,0.00684,0.99119
3959840,2,2,0.00374,0.02187,0.97439
9766950,2,2,0.00177,0.00643,0.9918
35977308,2,2,0.02066,0.25667,0.72267
37153835,2,2,0.01036,0.08558,0.90406
11763275,2,2,0.00428,0.04304,0.95268
40977276,2,2,0.00152,0.00494,0.99355
36913940,2,1,0.03599,0.76946,0.19455
28332433,2,2,0.00758,0.02263,0.96979
19478269,2,2,0.00939,0.05489,0.93572
1580788,2,1,0.08986,0.64604,0.2641
12451387,2,2,0.00226,0.01255,0.98519
32173871,2,2,0.00259,0.01544,0.98197
2301887,2,2,0.00308,0.01339,0.98353
1657206,2,2,0.00171,0.00853,0.98976
26537381,2,2,0.00204,0.02182,0.97614
14000417,2,2,0.00149,0.00643,0.99208
18024326,2,2,0.00325,0.00732,0.98943
39800036,2,2,0.00806,0.03066,0.96128
2357011,2,2,0.00585,0.05532,0.93883
35775137,2,2,0.0042,0.01472,0.98107
28694978,2,2,0.00149,0.00653,0.99198
26627130,2,2,0.00237,0.0125,0.98513
26022991,2,0,0.68135,0.25066,0.06799
39633648,2,2,0.00185,0.00988,0.98827
9966737,2,1,0.30874,0.65872,0.03254
9485886,2,2,0.01951,0.09028,0.89021
21141559,2,2,0.00788,0.08117,0.91095
37530117,2,2,0.02048,0.04543,0.9341
21805382,2,2,0.00222,0.01226,0.98551
39217170,2,2,0.00312,0.01732,0.97956
34513465,2,2,0.02505,0.07107,0.90388
30145525,2,2,0.00175,0.00467,0.99358
12518253,2,2,0.0654,0.05616,0.87844
14023948,2,2,0.0036,0.01485,0.98156
20370808,2,2,0.00257,0.00953,0.9879
35124127,2,2,0.00166,0.00595,0.99239
19714292,2,2,0.00703,0.05727,0.9357
40780889,2,2,0.00186,0.00542,0.99273
7067378,2,2,0.00151,0.01136,0.98713
35568888,2,2,0.00851,0.02349,0.96801
23273147,2,2,0.00477,0.01296,0.98227
3559462,2,2,0.00167,0.00482,0.99351
16348959,2,2,0.00323,0.01328,0.98349
25106229,2,2,0.00147,0.00834,0.9902
33499346,2,2,0.03114,0.11384,0.85502
32691192,2,1,0.05249,0.63948,0.30803
28386301,2,2,0.00801,0.02202,0.96997
10317799,2,1,0.19225,0.67202,0.13573
26395330,2,2,0.00335,0.00657,0.99008
27824030,2,1,0.07378,0.56024,0.36598
7196892,2,2,0.02548,0.42105,0.55346
2284037,2,1,0.11539,0.8345,0.05012
28886082,2,2,0.0022,0.00628,0.99152
30834130,2,2,0.00373,0.02369,0.97258
1862594,2,2,0.00305,0.00917,0.98778
34697751,2,1,0.0295,0.80367,0.16682
20475286,2,2,0.00125,0.00818,0.99057
21517962,2,2,0.00161,0.00509,0.99329
3421243,2,2,0.00401,0.01519,0.98081
39932844,2,2,0.00191,0.00762,0.99047
19469689,2,2,0.00123,0.00955,0.98922
4187619,2,2,0.03663,0.32907,0.6343
2296202,2,2,0.00911,0.0395,0.95139
8571688,2,2,0.00421,0.01287,0.98292
10279365,2,2,0.00222,0.0142,0.98358
23437741,2,2,0.00343,0.01654,0.98004
30044067,2,2,0.00129,0.00734,0.99137
25257012,2,2,0.00194,0.0098,0.98826
17571790,2,2,0.00917,0.01039,0.98044
40784145,2,2,0.00123,0.00811,0.99065
2377387,2,2,0.00367,0.00982,0.98651
17867578,2,2,0.00223,0.01031,0.98747
18069455,2,2,0.00568,0.00887,0.98546
14503025,2,0,0.51935,0.44771,0.03294
16257900,2,2,0.00642,0.08493,0.90865
19849197,2,2,0.00341,0.00647,0.99013
6228271,2,2,0.00188,0.00999,0.98813
35765234,2,2,0.00135,0.00901,0.98964
31832236,2,2,0.00269,0.02521,0.9721
34616881,2,2,0.08464,0.1461,0.76926
31142551,2,2,0.00149,0.00925,0.98926
10994773,2,2,0.00179,0.01039,0.98782
27516605,2,2,0.00295,0.01113,0.98593
14176487,2,2,0.00323,0.01288,0.98389
33292813,2,2,0.0067,0.01397,0.97933
36555606,2,2,0.00385,0.02527,0.97088
21789658,2,2,0.00185,0.00792,0.99022
25881935,2,2,0.002,0.00995,0.98805
36001731,2,2,0.00237,0.01314,0.98449
40131069,2,1,0.07346,0.87424,0.0523
34151811,2,2,0.00169,0.0083,0.99001
13272466,2,2,0.00231,0.00689,0.99081
24512103,2,2,0.00252,0.01329,0.98419
4623018,2,2,0.00298,0.01429,0.98272
15402663,2,1,0.12703,0.82837,0.04459
1768383,2,2,0.00396,0.04307,0.95297
12228996,2,2,0.00375,0.01827,0.97798
17092015,2,2,0.00237,0.01153,0.98611
17884122,2,2,0.00174,0.0098,0.98846
38684444,2,2,0.0014,0.00464,0.99396
18656495,2,2,0.0018,0.00618,0.99202
9540328,2,2,0.00385,0.02315,0.97299
15708626,2,2,0.00179,0.01346,0.98476
40128639,2,1,0.02641,0.4906,0.48299
5474385,2,2,0.00314,0.00889,0.98797
29059993,2,2,0.003,0.01022,0.98679
17889364,2,2,0.00504,0.01199,0.98297
40751088,2,2,0.01112,0.14591,0.84297
30902784,2,2,0.00203,0.00876,0.98921
37482990,2,2,0.00286,0.0091,0.98804
5432980,2,2,0.00159,0.00757,0.99085
17345111,2,2,0.00146,0.00936,0.98917
41462188,2,2,0.00168,0.01149,0.98683
35492568,2,1,0.05386,0.53553,0.41061
29962196,2,2,0.00197,0.00733,0.9907
15294721,2,2,0.00257,0.00953,0.9879
26172643,2,2,0.00356,0.03983,0.95661
27694892,2,0,0.88817,0.10546,0.00637
4718122,2,1,0.20183,0.68765,0.11052
31471469,2,2,0.00256,0.011,0.98644
31667870,2,2,0.24384,0.2654,0.49077
21589444,2,2,0.00189,0.00525,0.99286
31864649,2,2,0.00333,0.01354,0.98313
18442473,2,2,0.00282,0.01022,0.98696
12791092,2,2,0.04062,0.09083,0.86855
25879480,2,2,0.00296,0.00798,0.98907
24935780,2,2,0.00202,0.01504,0.98294
18906082,2,2,0.00695,0.02416,0.96889
4801970,2,2,0.00375,0.01827,0.97798
21953040,2,2,0.0022,0.00866,0.98914
23344137,2,2,0.00777,0.08009,0.91214
9505368,2,2,0.0064,0.02869,0.96491
16898361,2,1,0.18961,0.77525,0.03514
32081105,2,2,0.00194,0.00653,0.99153
21604965,2,2,0.00272,0.01381,0.98347
33421917,2,2,0.00817,0.01784,0.97399
25097119,2,2,0.00429,0.02413,0.97157
13926471,2,2,0.00143,0.00413,0.99445
6933968,2,2,0.00143,0.0041,0.99448
3605922,2,2,0.00526,0.06843,0.92632
35883690,2,1,0.07187,0.57644,0.35169
18289369,2,2,0.00238,0.02215,0.97547
15408744,2,1,0.09629,0.67629,0.22742
11732422,2,2,0.00535,0.00736,0.98729
4591420,2,1,0.06491,0.74868,0.18641
2130542,2,2,0.03184,0.03027,0.93789
33811708,2,2,0.02132,0.09328,0.88541
12969881,2,2,0.00267,0.01707,0.98027
21960843,2,2,0.00299,0.01308,0.98393
32305316,2,2,0.00128,0.00376,0.99496
30197664,2,2,0.01255,0.05082,0.93663
30360004,2,2,0.00454,0.01438,0.98107
1544772,2,2,0.00776,0.03009,0.96215
40370381,2,2,0.01832,0.37968,0.602
13122163,2,2,0.00399,0.03406,0.96195
36591289,2,2,0.00449,0.04202,0.9535
30476198,2,2,0.00802,0.0208,0.97119
27261134,2,2,0.00356,0.04103,0.95542
19645442,2,2,0.00215,0.01279,0.98505
21972370,2,2,0.00789,0.02136,0.97075
35607538,2,2,0.0029,0.01349,0.98361
9743967,2,2,0.00313,0.01354,0.98333
18398723,2,2,0.00311,0.03584,0.96106
24309049,2,1,0.13187,0.82572,0.04242
3244790,2,2,0.00732,0.10609,0.88659
4835281,2,2,0.01742,0.40581,0.57677
1896934,2,2,0.00155,0.01176,0.98669
40641039,2,2,0.00476,0.01378,0.98145
32935529,2,2,0.0018,0.00805,0.99016
34810122,2,2,0.00512,0.01962,0.97526
10119351,2,2,0.00176,0.01043,0.98781
8311187,2,2,0.00266,0.01967,0.97767
29603990,2,2,0.00266,0.02197,0.97537
34897112,2,2,0.00154,0.00783,0.99063
37258192,2,2,0.00375,0.01827,0.97798
17638867,2,2,0.04467,0.0754,0.87993
6784216,2,2,0.00724,0.05965,0.93311
139833,2,2,0.0028,0.01526,0.98194
25946955,2,2,0.00201,0.0055,0.99249
33183511,2,2,0.00726,0.12673,0.86601
1164686,2,2,0.00187,0.01275,0.98538
28970147,2,2,0.00481,0.01846,0.97673
34667081,2,2,0.00534,0.02393,0.97074
41570550,2,2,0.00662,0.02608,0.9673
1119233,2,2,0.0031,0.02252,0.97438
32213079,2,2,0.02423,0.08055,0.89522
10059718,2,0,0.51772,0.43597,0.04631
19611839,2,2,0.00274,0.00804,0.98922
4581100,2,2,0.00164,0.00453,0.99383
2290752,2,2,0.00317,0.01699,0.97984
21812264,2,2,0.00209,0.01241,0.9855
41386048,2,2,0.00186,0.00638,0.99177
6543322,2,2,0.01047,0.11795,0.87158
27192693,2,2,0.01622,0.09116,0.89261
27730737,2,2,0.03696,0.36182,0.60122
41140516,2,2,0.00218,0.01612,0.9817
36244569,2,2,0.00224,0.00572,0.99204
424673,2,2,0.00409,0.01045,0.98546
25386565,2,2,0.00156,0.0089,0.98954
10210155,2,2,0.01282,0.04544,0.94174
11267692,2,2,0.00875,0.01888,0.97237
38188077,2,2,0.00273,0.0091,0.98817
23247468,2,2,0.00162,0.00486,0.99353
21451515,2,2,0.00695,0.02416,0.96889
36896681,2,2,0.01354,0.17456,0.8119
8823977,2,2,0.00264,0.01067,0.98669
16850044,2,2,0.0051,0.05349,0.94141
31377791,2,2,0.00483,0.07421,0.92096
35041030,2,2,0.00547,0.01613,0.97841
26865283,2,2,0.00169,0.00679,0.99152
4487228,2,2,0.03545,0.40569,0.55886
39387914,2,2,0.00291,0.00991,0.98719
19711614,2,2,0.00221,0.01843,0.97935
10229767,2,2,0.0038,0.03629,0.95991
5307588,2,2,0.04063,0.25581,0.70356
24916589,2,2,0.38134,0.19325,0.42541
9941410,2,2,0.0022,0.007,0.9908
17990244,2,2,0.01047,0.04737,0.94217
34111120,2,2,0.00174,0.00581,0.99245
4631704,2,2,0.00231,0.00774,0.98996
19058015,2,2,0.00241,0.01175,0.98584
19173149,2,2,0.00467,0.06336,0.93197
2559013,2,2,0.00253,0.02257,0.9749
31036636,2,2,0.00167,0.00525,0.99308
20365021,2,2,0.0032,0.00657,0.99023
23447563,2,2,0.0032,0.02304,0.97377
20428486,2,2,0.00227,0.00804,0.98969
11015691,2,2,0.00315,0.00755,0.9893
2404630,2,2,0.01092,0.05118,0.9379
39749521,2,2,0.00256,0.011,0.98644
25003988,2,2,0.00564,0.03068,0.96368
9388997,2,2,0.03542,0.37934,0.58524
27846788,2,1,0.0311,0.68068,0.28822
28435948,2,2,0.00216,0.0098,0.98804
1081309,2,2,0.00274,0.00798,0.98929
9209578,2,1,0.07399,0.77705,0.14896
24881604,2,0,0.51038,0.39594,0.09368
4270379,2,2,0.0018,0.00471,0.99349
36248346,2,2,0.00194,0.00918,0.98888
27397970,2,2,0.00868,0.05606,0.93526
29033813,2,2,0.00135,0.0106,0.98805
34367514,2,2,0.00171,0.01295,0.98535
9347652,2,2,0.00469,0.0146,0.98071
14715456,2,2,0.0015,0.00394,0.99457
28965518,2,2,0.0173,0.02346,0.95925
26517572,2,2,0.00536,0.03463,0.96001
784789,2,2,0.00188,0.0078,0.99032
3093738,2,2,0.00208,0.01879,0.97913
31033840,2,2,0.00147,0.00521,0.99332
7278287,2,2,0.01128,0.14711,0.84161
5334403,2,2,0.00447,0.01614,0.97939
869641,2,2,0.01277,0.02713,0.9601
21568820,2,2,0.00135,0.01378,0.98488
10241704,2,2,0.00176,0.01076,0.98748
8688530,2,2,0.028,0.33975,0.63226
17704545,2,2,0.00342,0.04818,0.9484
11770450,2,2,0.00154,0.0086,0.98987
19973046,2,2,0.00154,0.0059,0.99256
20144755,2,2,0.0021,0.02423,0.97367
23170290,2,2,0.03334,0.05143,0.91523
34968413,2,2,0.00278,0.00798,0.98924
20045585,2,2,0.00174,0.00618,0.99207
4288519,2,2,0.00367,0.03946,0.95687
27407154,2,2,0.00165,0.01638,0.98198
13689589,2,2,0.00237,0.01153,0.98611
29316111,2,2,0.00393,0.03481,0.96126
36396232,2,2,0.00247,0.0174,0.98013
10369007,2,1,0.27393,0.70223,0.02384
22333966,2,2,0.00322,0.03218,0.9646
23740955,2,2,0.00742,0.01364,0.97894
21014728,2,2,0.00152,0.00586,0.99263
28641163,2,2,0.00213,0.01059,0.98728
17555356,2,2,0.00218,0.01624,0.98158
21590338,2,2,0.21031,0.22796,0.56173
8763535,2,2,0.00161,0.00817,0.99022
8619789,2,2,0.00171,0.01136,0.98694
32123605,2,2,0.00186,0.00663,0.99152
22164663,2,2,0.00846,0.02185,0.9697
8953438,2,2,0.0039,0.02615,0.96994
18918705,2,2,0.00311,0.02066,0.97623
17490343,2,2,0.00173,0.01372,0.98455
4763272,2,2,0.00205,0.01345,0.98449
27437968,2,2,0.00149,0.00604,0.99247
574422,2,1,0.05958,0.83212,0.1083
34012187,2,2,0.00476,0.01512,0.98013
38187399,2,2,0.05528,0.12287,0.82185
31280426,2,2,0.00175,0.00505,0.9932
21434341,2,2,0.00267,0.01617,0.98116
34174378,2,2,0.01238,0.01933,0.96829
27847061,2,2,0.00826,0.02236,0.96939
34701307,2,2,0.04467,0.30406,0.65128
38462053,2,2,0.0014,0.00416,0.99444
636677,2,2,0.02046,0.04611,0.93343
5894302,2,2,0.00118,0.00525,0.99356
17967505,2,2,0.003,0.0253,0.97171
15885985,2,2,0.00285,0.01349,0.98366
25885601,2,2,0.00166,0.00756,0.99077
27008830,2,2,0.00386,0.03694,0.9592
34581317,2,2,0.00261,0.00756,0.98983
8439435,2,2,0.24963,0.26066,0.48971
9918452,2,2,0.00194,0.00798,0.99007
571516,2,2,0.00284,0.01629,0.98086
38963920,2,2,0.00388,0.01647,0.97965
37863487,2,1,0.04878,0.89909,0.05213
32945395,2,2,0.00182,0.01055,0.98763
37564604,2,2,0.0022,0.00647,0.99132
11009250,2,2,0.00166,0.00689,0.99144
635974,2,2,0.00147,0.00684,0.99169
36392180,2,2,0.00378,0.02666,0.96956
14048049,2,2,0.00294,0.01259,0.98447
5762813,2,2,0.00174,0.00733,0.99093
16038035,2,2,0.00454,0.01478,0.98068
20810987,2,2,0.00707,0.10988,0.88305
31397512,2,2,0.0049,0.00944,0.98566
36924739,2,2,0.00257,0.00652,0.9909
37717264,2,2,0.00145,0.00525,0.9933
29612305,2,2,0.00523,0.01448,0.98029
27289028,2,2,0.0031,0.0075,0.9894
21090478,2,1,0.02976,0.69336,0.27688
31152878,2,2,0.00352,0.03619,0.96029
10045515,2,2,0.00324,0.02444,0.97232
24953769,2,2,0.01354,0.10869,0.87777
13759903,2,2,0.00277,0.01143,0.9858
4234972,2,2,0.06727,0.09376,0.83897
11390602,2,2,0.00469,0.02841,0.9669
36598210,2,2,0.00176,0.01409,0.98415
17448404,2,2,0.00888,0.11316,0.87796
11823016,2,2,0.00252,0.01071,0.98677
21352705,2,2,0.00233,0.0126,0.98507
11017561,2,2,0.0028,0.01623,0.98097
14330450,2,2,0.00664,0.06811,0.92525
29327313,2,2,0.00191,0.00663,0.99146
38879874,2,2,0.02434,0.05527,0.92039
8956487,2,2,0.00209,0.00999,0.98791
26447942,2,2,0.00825,0.13732,0.85443
17481102,2,2,0.00386,0.02195,0.97419
22624445,2,2,0.00299,0.02922,0.96779
11143025,2,2,0.00194,0.00653,0.99153
24402787,2,2,0.00245,0.01003,0.98752
29268937,2,2,0.03148,0.01552,0.95299
12276738,2,2,0.00699,0.01814,0.97487
18852226,2,2,0.00539,0.10283,0.89178
17917844,2,2,0.01371,0.23189,0.7544
33477190,2,2,0.00138,0.00546,0.99316
34629798,2,2,0.00829,0.13321,0.85851
18603047,2,1,0.20649,0.77322,0.02029
29641597,2,2,0.01047,0.11795,0.87158
2083967,2,0,0.55976,0.3671,0.07314
35181843,2,2,0.00297,0.00478,0.99226
16063698,2,2,0.00506,0.04491,0.95002
32111070,2,2,0.0013,0.00498,0.99373
17397169,2,2,0.00285,0.01463,0.98252
24441164,2,2,0.00334,0.01087,0.98579
22609477,2,1,0.05237,0.62809,0.31954
35869554,2,1,0.33228,0.45886,0.20885
40860817,2,2,0.00204,0.00663,0.99134
6971821,2,2,0.00166,0.00929,0.98905
602505,2,2,0.00154,0.00497,0.99348
27468804,2,2,0.003,0.00975,0.98725
26386937,2,2,0.00188,0.00728,0.99084
5875950,2,2,0.01159,0.0752,0.91321
33149513,2,2,0.00328,0.01391,0.98281
5254774,2,0,0.93762,0.05982,0.00255
22109561,2,2,0.00177,0.00482,0.99341
33870916,2,2,0.00747,0.01375,0.97878
16853491,2,2,0.00188,0.00999,0.98813
9595686,2,2,0.0096,0.04161,0.9488
21862375,2,2,0.00188,0.00768,0.99044
33370746,2,2,0.00533,0.05511,0.93956
39549030,2,2,0.00125,0.0084,0.99034
12998431,2,2,0.0014,0.00736,0.99124
31540464,2,1,0.13387,0.79947,0.06666
10971357,2,2,0.00393,0.01876,0.97731
1478069,2,2,0.00202,0.01721,0.98078
19515188,2,2,0.00191,0.00768,0.99041
19888818,2,2,0.00193,0.0118,0.98627
29048067,2,2,0.00146,0.01127,0.98727
28590503,2,2,0.00242,0.02165,0.97594
20148301,2,2,0.00646,0.04936,0.94418
1826949,2,2,0.00216,0.00869,0.98914
34609341,2,2,0.00335,0.02375,0.97291
39376986,2,2,0.00309,0.01042,0.98649
37365610,2,2,0.00471,0.00854,0.98675
19927182,2,2,0.00501,0.01085,0.98415
9972575,2,2,0.00887,0.02015,0.97098
4269813,2,2,0.01027,0.06514,0.92459
10302319,2,2,0.00177,0.00711,0.99112
11793783,2,2,0.00376,0.04582,0.95042
16756905,2,2,0.00118,0.00572,0.9931
15166538,2,2,0.0029,0.01054,0.98656
10442788,2,0,0.51077,0.43011,0.05913
17795019,2,2,0.0027,0.01967,0.97763
21638241,2,2,0.00152,0.00638,0.99211
39479058,2,2,0.00269,0.0105,0.98681
2796544,2,2,0.01225,0.04438,0.94337
21148045,2,0,0.87355,0.11719,0.00926
33748897,2,2,0.00174,0.00739,0.99087
17364370,2,2,0.00257,0.00917,0.98826
5049133,2,2,0.01594,0.10684,0.87722
38808580,2,2,0.00493,0.05552,0.93955
37687026,2,2,0.0026,0.01075,0.98665
8473331,2,2,0.00152,0.00497,0.99351
17032447,2,2,0.00604,0.05488,0.93909
23808687,2,2,0.00257,0.00657,0.99085
24660000,2,2,0.00138,0.00572,0.9929
23489703,2,2,0.00216,0.01207,0.98577
11155528,2,2,0.00479,0.05408,0.94114
14507616,2,2,0.00452,0.03512,0.96036
10442224,2,1,0.09097,0.58399,0.32504
4344376,2,2,0.00864,0.03111,0.96025
12585199,2,2,0.00321,0.01793,0.97886
24306418,2,2,0.00182,0.00914,0.98903
2589621,2,2,0.00142,0.00808,0.9905
2584892,2,2,0.00161,0.00648,0.99191
11120937,2,2,0.00258,0.02087,0.97655
39646716,2,1,0.02881,0.61604,0.35515
7408050,2,2,0.00265,0.03805,0.9593
1418217,2,2,0.00217,0.02048,0.97735
3186614,2,2,0.00171,0.00739,0.9909
23270537,2,2,0.00253,0.00849,0.98898
23188036,2,2,0.04607,0.25545,0.69848
481478,2,2,0.00336,0.00571,0.99093
33960356,2,2,0.0061,0.02319,0.97071
10890748,2,2,0.00332,0.03081,0.96587
15183067,2,2,0.0026,0.02564,0.97175
4892733,2,2,0.00249,0.00721,0.99029
31528641,2,2,0.01596,0.04889,0.93515
39126806,2,2,0.00188,0.0078,0.99032
38574306,2,2,0.00807,0.04432,0.94761
24439785,2,2,0.00248,0.01436,0.98317
5849193,2,2,0.00645,0.02099,0.97256
22082492,2,2,0.00174,0.00811,0.99015
24063475,2,2,0.00195,0.01934,0.97871
11404865,2,2,0.00169,0.00689,0.99142
41074489,2,1,0.13226,0.77612,0.09161
36738393,2,2,0.00197,0.00866,0.98937
4981324,2,2,0.00245,0.00903,0.98852
5161270,2,2,0.00164,0.00426,0.9941
18976458,2,2,0.01146,0.17241,0.81613
32885027,2,2,0.00212,0.0114,0.98648
13730267,2,2,0.00249,0.0083,0.98921
13025586,2,2,0.00277,0.02468,0.97254
32784909,2,2,0.01086,0.12605,0.86308
5652277,2,2,0.00551,0.11063,0.88386
28225206,2,2,0.00414,0.06,0.93586
16263568,2,2,0.00497,0.04834,0.94669
26311009,2,2,0.0029,0.0113,0.9858
20155725,2,2,0.01336,0.2571,0.72954
416281,2,2,0.00113,0.00754,0.99134
18673178,2,2,0.00188,0.01043,0.98769
8442170,2,2,0.00204,0.00705,0.99091
32884985,2,2,0.00151,0.00977,0.98872
8532784,2,2,0.00142,0.00784,0.99074
22640402,2,1,0.1689,0.79638,0.03472
36236955,2,2,0.00329,0.00896,0.98775
20899598,2,2,0.00287,0.02291,0.97422
6815164,2,2,0.0029,0.02719,0.96991
21767338,2,2,0.00179,0.01222,0.98599
3497189,2,2,0.00623,0.06936,0.92441
31481539,2,2,0.00359,0.01591,0.9805
35215940,2,2,0.02474,0.03954,0.93572
23572781,2,1,0.02212,0.73822,0.23966
22207412,2,2,0.00822,0.01963,0.97215
26372828,2,2,0.00219,0.0261,0.97171
17055735,2,1,0.19056,0.7776,0.03185
20065033,2,2,0.00731,0.07899,0.9137
20274189,2,2,0.00536,0.04946,0.94518
16068630,2,2,0.00446,0.07579,0.91974
9042284,2,2,0.06265,0.0792,0.85815
26633149,2,2,0.00411,0.02096,0.97493
27421137,2,2,0.0014,0.00901,0.98959
1874399,2,2,0.00384,0.01078,0.98538
17412412,2,2,0.00257,0.02283,0.9746
13296615,2,1,0.09848,0.82777,0.07376
16577644,2,2,0.00177,0.00856,0.98967
36750271,2,2,0.00224,0.01986,0.97789
2903004,2,2,0.00138,0.00633,0.99229
11142549,2,2,0.01507,0.1089,0.87603
3844890,2,2,0.00142,0.00542,0.99316
17543481,2,2,0.00182,0.01118,0.987
40897844,2,2,0.00571,0.06361,0.93068
7536222,2,2,0.02815,0.07547,0.89638
1547394,2,2,0.05741,0.08224,0.86034
581890,2,2,0.02111,0.01593,0.96296
12074402,2,2,0.0021,0.00762,0.99028
3626483,2,2,0.00183,0.00482,0.99335
3186778,2,2,0.01137,0.04169,0.94694
9973388,2,2,0.00197,0.00705,0.99097
38214582,2,2,0.00175,0.01619,0.98206
25338803,2,2,0.00204,0.00705,0.99091
26470321,2,1,0.08519,0.84541,0.0694
38269802,2,2,0.00351,0.0372,0.95929
33673012,2,2,0.00503,0.02126,0.97371
3642512,2,2,0.00188,0.00824,0.98988
27697675,2,2,0.00164,0.00586,0.99251
11342959,2,2,0.00237,0.01153,0.98611
22377878,2,2,0.02302,0.03579,0.9412
28707892,2,2,0.00134,0.00568,0.99298
39874471,2,2,0.00303,0.01468,0.98229
12843780,2,2,0.00276,0.01458,0.98266
37369238,2,2,0.00179,0.00846,0.98974
21967408,2,2,0.00238,0.00581,0.99181
2263309,2,2,0.00391,0.00822,0.98787
29909877,2,2,0.00178,0.01476,0.98346
8563967,2,2,0.00587,0.05272,0.94141
29429015,2,2,0.00287,0.00594,0.99119
8032175,2,2,0.00146,0.01261,0.98593
28587494,2,2,0.00279,0.01951,0.9777
28578290,2,2,0.00229,0.01539,0.98232
4378672,2,2,0.00324,0.05407,0.94268
11036508,2,2,0.00285,0.02725,0.9699
2941325,2,2,0.00836,0.02535,0.96629
11047487,2,0,0.4191,0.22521,0.35569
28230350,2,2,0.00156,0.00546,0.99297
31763991,2,2,0.00237,0.01153,0.98611
19592591,2,1,0.23235,0.73124,0.03641
26415277,2,2,0.00207,0.02145,0.97648
28196714,2,2,0.00685,0.00788,0.98527
37667079,2,2,0.00149,0.00559,0.99292
53646,2,2,0.01167,0.02414,0.96419
4128873,2,1,0.16645,0.51271,0.32084
20789369,2,2,0.01584,0.31574,0.66842
15165818,2,2,0.00253,0.00976,0.98771
6462948,2,2,0.00194,0.00768,0.99038
9741711,2,2,0.00284,0.01878,0.97838
33011131,2,2,0.00648,0.0614,0.93212
39440463,2,2,0.00312,0.03317,0.96371
35654653,2,2,0.00945,0.17898,0.81157
15913720,2,2,0.00482,0.00951,0.98567
31190309,2,2,0.0036,0.01423,0.98217
8464895,2,2,0.00169,0.00568,0.99263
38790786,2,2,0.00154,0.00494,0.99352
28806224,2,2,0.01499,0.31184,0.67318
6073441,2,2,0.00403,0.00974,0.98623
16824048,2,2,0.0051,0.16314,0.83175
23663555,2,2,0.00485,0.02643,0.96872
37677802,2,2,0.00166,0.00808,0.99026
11697311,2,2,0.00375,0.0198,0.97646
33064020,2,2,0.00154,0.00757,0.9909
2691870,2,2,0.0036,0.05798,0.93842
16066819,2,2,0.00769,0.04671,0.9456
22265843,2,2,0.00297,0.03471,0.96232
28819735,2,2,0.0025,0.00486,0.99265
35271484,2,2,0.00252,0.01329,0.98419
27913793,2,2,0.00234,0.00836,0.9893
40854338,2,2,0.00385,0.00779,0.98836
14291059,2,1,0.09311,0.86291,0.04398
237051,2,2,0.00382,0.00779,0.98839
11963019,2,2,0.00216,0.00869,0.98914
4510759,2,2,0.01054,0.23894,0.75052
15805145,2,2,0.00424,0.02001,0.97574
26397469,2,2,0.00413,0.04732,0.94856
17707931,2,2,0.00384,0.00463,0.99154
37342347,2,2,0.00191,0.00648,0.99161
28352000,2,2,0.00286,0.01134,0.9858
17151567,2,1,0.10948,0.52231,0.36821
28245249,2,2,0.00664,0.01526,0.97809
16289981,2,2,0.01354,0.0521,0.93436
36315899,2,2,0.0036,0.01496,0.98144
22565271,2,2,0.00278,0.02322,0.974
12779271,2,2,0.16699,0.12169,0.71132
22189238,2,2,0.01682,0.29007,0.69312
34361713,2,2,0.00158,0.01275,0.98567
17800492,2,2,0.00231,0.00652,0.99117
23962226,2,2,0.00177,0.00673,0.9915
14150424,2,0,0.75861,0.21398,0.02742
26442125,2,2,0.02308,0.16956,0.80736
25130113,2,2,0.00432,0.01723,0.97844
27955592,2,2,0.01202,0.18371,0.80427
37315343,2,2,0.00201,0.00581,0.99218
35835997,2,2,0.1069,0.44481,0.4483
1284545,2,1,0.06681,0.68006,0.25313
20169398,2,2,0.00207,0.00684,0.99109
41201684,2,2,0.00131,0.00863,0.99005
5810412,2,2,0.00245,0.00792,0.98963
315740,2,2,0.00219,0.00999,0.98781
19007078,2,2,0.00217,0.00533,0.9925
36909498,2,2,0.00693,0.01216,0.98092
33346457,2,2,0.00248,0.01319,0.98433
36832176,2,2,0.0372,0.04367,0.91913
8522595,2,2,0.00412,0.0189,0.97698
38361829,2,2,0.00138,0.00572,0.9929
13408460,2,2,0.01047,0.11795,0.87158
9076627,2,2,0.00613,0.05581,0.93806
39421940,2,2,0.02238,0.28133,0.69629
31911439,2,2,0.00169,0.00618,0.99213
34776849,2,2,0.00274,0.00688,0.99038
14740417,2,2,0.00168,0.01023,0.98809
34809833,2,2,0.00148,0.01093,0.98759
30562714,2,2,0.01389,0.07124,0.91487
21434344,2,2,0.00234,0.00678,0.99087
22125455,2,2,0.00702,0.01491,0.97808
6180666,2,2,0.00136,0.00521,0.99343
17190806,2,2,0.00349,0.01258,0.98393
9220536,2,2,0.00279,0.00541,0.9918
11005463,2,2,0.00164,0.0059,0.99246
16638902,2,2,0.00585,0.01092,0.98323
22499209,2,2,0.00245,0.00786,0.98969
9002676,2,2,0.05736,0.02763,0.91501
35491430,2,2,0.12517,0.38934,0.48549
12525706,2,2,0.00373,0.04077,0.9555
37886753,2,2,0.01953,0.30792,0.67255
8984930,2,2,0.00281,0.01264,0.98455
39275801,2,1,0.04229,0.65127,0.30644
38561779,2,2,0.01053,0.34322,0.64625
28430363,2,2,0.00354,0.04583,0.95063
18372362,2,1,0.05244,0.74114,0.20641
28216698,2,2,0.00147,0.00734,0.9912
41505275,2,2,0.00263,0.01661,0.98076
5874056,2,2,0.00188,0.00689,0.99123
13024901,2,2,0.00595,0.05458,0.93948
1010801,2,2,0.00795,0.0293,0.96275
19406293,2,2,0.00215,0.01431,0.98354
8831323,2,2,0.00273,0.00917,0.9881
10556977,2,2,0.00186,0.00429,0.99385
18249660,2,2,0.01087,0.13904,0.85009
16037216,2,2,0.00279,0.01857,0.97864
21359781,2,2,0.00124,0.00604,0.99272
16433563,2,2,0.00212,0.01398,0.9839
17415377,2,2,0.00334,0.02617,0.97049
20156415,2,2,0.00164,0.00533,0.99303
16282439,2,2,0.00214,0.00529,0.99257
25838480,2,2,0.00168,0.00947,0.98885
20135375,2,2,0.00338,0.01474,0.98189
16425233,2,2,0.00294,0.01486,0.98221
31983762,2,1,0.45052,0.535,0.01448
9036037,2,2,0.01955,0.06763,0.91283
36887816,2,2,0.05256,0.07572,0.87172
14545756,2,2,0.00715,0.08563,0.90722
10734215,2,2,0.05969,0.04594,0.89437
213133,2,2,0.03598,0.04323,0.92078
5180423,2,2,0.00147,0.00568,0.99285
29584467,2,2,0.00332,0.01667,0.98001
12296556,2,2,0.00517,0.03914,0.95569
20400540,2,2,0.00179,0.00973,0.98848
21605914,2,2,0.00469,0.01357,0.98174
22754797,2,2,0.00152,0.00609,0.9924
41220642,2,2,0.00185,0.00705,0.99109
16029864,2,2,0.00309,0.02714,0.96978
28562027,2,2,0.00437,0.02244,0.97319
6340810,2,2,0.00166,0.01019,0.98815
35927185,2,1,0.4487,0.46294,0.08835
35492570,2,2,0.00868,0.01867,0.97265
15443367,2,2,0.06253,0.36693,0.57054
39655005,2,2,0.00324,0.01091,0.98585
25230639,2,2,0.00159,0.00658,0.99183
8955208,2,2,0.00249,0.00883,0.98869
29012299,2,2,0.00217,0.0078,0.99004
27729511,2,2,0.00331,0.00585,0.99085
25240270,2,2,0.00345,0.00895,0.98759
29585950,2,2,0.00255,0.0163,0.98115
25204085,2,2,0.00177,0.00817,0.99006
33390764,2,2,0.00186,0.00618,0.99196
28463370,2,2,0.00387,0.04917,0.94696
15819392,2,2,0.00242,0.00546,0.99212
596882,2,2,0.0204,0.06322,0.91638
26660385,2,2,0.00821,0.0575,0.93429
26401259,2,2,0.00177,0.00623,0.992
20199340,2,2,0.00269,0.01104,0.98627
22260696,2,2,0.00197,0.00856,0.98947
30985998,2,2,0.0029,0.01283,0.98427
31803582,2,0,0.86009,0.13503,0.00488
24928188,2,2,0.00274,0.00521,0.99205
23160064,2,2,0.00286,0.01108,0.98606
31039309,2,2,0.00474,0.01867,0.97659
10976589,2,2,0.00509,0.03907,0.95584
33138217,2,2,0.06314,0.10845,0.82841
41416951,2,2,0.02182,0.09297,0.88521
20075626,2,2,0.00418,0.01926,0.97655
14649165,2,2,0.00154,0.00604,0.99242
16811646,2,2,0.0014,0.00416,0.99444
453753,2,2,0.01,0.01714,0.97287
7870660,2,2,0.00152,0.00517,0.99331
14748679,2,2,0.00299,0.01349,0.98352
406627,2,2,0.00558,0.11314,0.88128
12299903,2,2,0.00167,0.00475,0.99359
11749443,2,2,0.00189,0.00546,0.99265
40848653,2,2,0.00244,0.02791,0.96965
10349539,2,2,0.00197,0.00883,0.9892
19062811,2,2,0.00643,0.09728,0.89629
13647793,2,1,0.22061,0.72973,0.04966
11680663,2,2,0.00257,0.00792,0.98951
6061144,2,2,0.00188,0.00999,0.98813
13971268,2,1,0.23083,0.46811,0.30106
27143596,2,2,0.00177,0.0083,0.98993
12862137,2,2,0.00195,0.01837,0.97968
19246922,2,2,0.00346,0.00779,0.98875
17505037,2,2,0.00315,0.00804,0.98882
18472421,2,2,0.00404,0.05332,0.94264
17956956,2,2,0.00236,0.01492,0.98272
20037821,2,2,0.00385,0.02447,0.97168
30824938,2,2,0.00198,0.00638,0.99165
37322322,2,2,0.00176,0.00973,0.98851
30564984,2,2,0.00142,0.00901,0.98957
11643989,2,2,0.00409,0.02605,0.96986
27306309,2,2,0.00983,0.01822,0.97194
17269581,2,2,0.00243,0.01727,0.9803
15462348,2,2,0.00172,0.0059,0.99238
25207307,2,2,0.00195,0.00609,0.99197
27412776,2,2,0.00122,0.00517,0.99361
12910901,2,2,0.00325,0.00761,0.98914
6905204,2,2,0.02368,0.45389,0.52243
35854685,2,2,0.00283,0.00521,0.99196
25272123,2,2,0.00277,0.01249,0.98474
4297296,2,1,0.0935,0.59326,0.31324
13114648,2,2,0.00319,0.00924,0.98757
32719817,2,2,0.00269,0.03804,0.95927
31455710,2,2,0.00308,0.04544,0.95148
31360151,2,2,0.00186,0.01999,0.97815
38130656,2,2,0.00314,0.01006,0.9868
28948162,2,2,0.01356,0.27448,0.71196
5799174,2,1,0.05237,0.63303,0.3146
37035760,2,2,0.00164,0.00478,0.99358
4412943,2,1,0.02583,0.70917,0.265
36018266,2,2,0.21566,0.22985,0.55449
37272596,2,2,0.0032,0.02379,0.97301
11134904,2,2,0.04455,0.06766,0.88779
39570134,2,2,0.05416,0.0785,0.86734
10820804,2,2,0.0022,0.00811,0.98969
20146570,2,2,0.00397,0.02442,0.97161
21343966,2,2,0.01726,0.03313,0.94961
25866210,2,0,0.96292,0.03494,0.00214
25754023,2,2,0.0052,0.06304,0.93176
20703202,2,2,0.002,0.00863,0.98937
37966162,2,2,0.00155,0.01153,0.98691
26577023,2,2,0.00187,0.01162,0.9865
33200171,2,2,0.00558,0.01019,0.98422
4286514,2,2,0.01736,0.13976,0.84288
1072979,2,2,0.00334,0.02642,0.97024
34906331,2,2,0.00172,0.00577,0.99252
14653661,2,2,0.00149,0.00805,0.99046
1172902,2,2,0.00279,0.01974,0.97747
8979433,2,2,0.00323,0.01298,0.98379
39861100,2,2,0.00335,0.00931,0.98735
26035263,2,2,0.00145,0.00633,0.99222
17261622,2,2,0.00352,0.0217,0.97478
15408745,2,2,0.00832,0.07383,0.91785
20047724,2,2,0.00996,0.14755,0.84249
38348061,2,2,0.00268,0.04284,0.95448
31847986,2,2,0.0028,0.01648,0.98072
37536086,2,2,0.00604,0.01003,0.98393
25250315,2,2,0.00182,0.01011,0.98807
14984215,2,2,0.08624,0.24069,0.67307
6742561,2,2,0.00664,0.13662,0.85674
39245153,2,2,0.00179,0.01325,0.98496
34721714,2,2,0.05863,0.07647,0.86491
22565154,2,2,0.00149,0.00717,0.99134
28411708,2,2,0.00632,0.01034,0.98334
24896444,2,2,0.00251,0.01515,0.98234
25818684,2,2,0.00179,0.00853,0.98968
30220519,2,2,0.00245,0.02639,0.97116
34259100,2,2,0.00389,0.01385,0.98226
24933186,2,2,0.00367,0.00895,0.98737
35324968,2,2,0.00258,0.00613,0.9913
34161211,2,2,0.00149,0.00577,0.99274
8589203,2,2,0.00265,0.00862,0.98873
6883816,2,2,0.00166,0.00969,0.98865
39052150,2,2,0.01606,0.40451,0.57943
27426805,2,2,0.00298,0.01739,0.97963
22333991,2,2,0.00352,0.03619,0.96029
2972486,2,2,0.00366,0.00575,0.99059
17071761,2,2,0.0038,0.00761,0.9886
3195522,2,2,0.03329,0.18496,0.78175
15011670,2,2,0.13108,0.1321,0.73682
13659453,2,2,0.00164,0.00609,0.99227
12473394,2,2,0.00171,0.0083,0.98999
38609156,2,2,0.00188,0.00988,0.98824
31892849,2,2,0.16699,0.12169,0.71132
14683995,2,2,0.00185,0.00866,0.98949
18489257,2,2,0.0018,0.00808,0.99013
16572083,2,1,0.04424,0.86119,0.09457
23599653,2,2,0.00238,0.007,0.99062
9537618,2,2,0.00699,0.07704,0.91596
20647305,2,2,0.00166,0.00988,0.98846
29749929,2,2,0.00627,0.06378,0.92995
34039078,2,2,0.00363,0.05006,0.94631
7097643,2,2,0.00443,0.02386,0.97171
17866547,2,2,0.00736,0.05832,0.93432
1465181,2,2,0.0052,0.03509,0.95971
19697126,2,2,0.0014,0.00618,0.99241
15333634,2,2,0.2905,0.29235,0.41714
9815692,2,2,0.00183,0.01795,0.98021
6206501,2,2,0.0026,0.02564,0.97175
37457300,2,2,0.00207,0.00581,0.99212
6101924,2,2,0.00166,0.00811,0.99023
21534766,2,2,0.00412,0.01847,0.97741
12140817,2,2,0.01183,0.10561,0.88256
28316983,2,2,0.00285,0.01225,0.98489
10369260,2,2,0.00813,0.02245,0.96943
11719149,2,2,0.00149,0.01027,0.98824
1805118,2,2,0.00234,0.00836,0.9893
25852642,2,2,0.002,0.00768,0.99032
40954019,2,2,0.04044,0.08815,0.87141
11603227,2,2,0.00133,0.01012,0.98855
8528109,2,2,0.00653,0.09761,0.89586
18819779,2,2,0.00142,0.00633,0.99225
10023877,2,2,0.00203,0.00792,0.99004
5864675,2,1,0.07145,0.72164,0.20691
9802081,2,2,0.00163,0.0088,0.98957
940942,2,2,0.0023,0.02474,0.97296
8056234,2,2,0.00681,0.11537,0.87782
12100761,2,2,0.00528,0.07929,0.91543
32756515,2,2,0.00284,0.01617,0.98099
23799360,2,1,0.13049,0.80014,0.06937
10887586,2,2,0.00769,0.03161,0.9607
21791665,2,2,0.00459,0.01276,0.98265
40243949,2,1,0.0878,0.66158,0.25062
19712209,2,2,0.00372,0.01095,0.98533
14698245,2,1,0.22511,0.66796,0.10693
16943491,2,2,0.00519,0.01331,0.9815
8811994,2,2,0.00174,0.00805,0.99021
27585387,2,2,0.0022,0.00823,0.98957
2964973,2,2,0.00174,0.01015,0.98811
7021237,2,2,0.00559,0.03968,0.95473
40366429,2,2,0.00134,0.00663,0.99203
20372901,2,2,0.00325,0.00732,0.98943
14872739,2,2,0.00253,0.00876,0.98871
17482749,2,2,0.03562,0.48031,0.48407
3557237,2,2,0.00532,0.02744,0.96724
33122764,2,2,0.00156,0.01072,0.98773
13944533,2,2,0.00185,0.00689,0.99125
27923763,2,2,0.00371,0.04571,0.95058
10596033,2,2,0.00129,0.00837,0.99034
5590356,2,2,0.0049,0.01632,0.97878
24322190,2,2,0.00377,0.00693,0.9893
15801474,2,2,0.00267,0.01574,0.98159
5771917,2,2,0.00124,0.00581,0.99295
21676460,2,2,0.00534,0.05391,0.94075
7416622,2,2,0.00761,0.08513,0.90726
2327460,2,2,0.00231,0.00604,0.99165
5455487,2,2,0.00242,0.00678,0.9908
6182585,2,2,0.00139,0.01194,0.98666
21427312,2,2,0.0305,0.44131,0.52818
30061507,2,2,0.00206,0.01241,0.98554
1788124,2,2,0.00204,0.00628,0.99169
14421689,2,2,0.00587,0.05246,0.94168
36286539,2,2,0.00346,0.02246,0.97408
34775732,2,2,0.06818,0.21582,0.716
23143329,2,2,0.01047,0.11795,0.87158
17091865,2,2,0.00419,0.01757,0.97824
4711303,2,2,0.00189,0.00568,0.99244
7632916,2,2,0.00174,0.0088,0.98946
24264494,2,2,0.01284,0.07275,0.91441
22243594,2,2,0.14518,0.35791,0.49691
30474621,2,2,0.00242,0.00563,0.99195
26620598,2,2,0.00122,0.00534,0.99344
19240997,2,2,0.00131,0.00867,0.99002
5863792,2,2,0.0019,0.01377,0.98433
33413932,2,2,0.00167,0.00546,0.99287
15076030,2,2,0.00295,0.00896,0.98809
40187599,2,2,0.00314,0.00968,0.98718
17000193,2,2,0.00151,0.00692,0.99157
13685147,2,2,0.00345,0.00829,0.98826
10470180,2,2,0.00357,0.00571,0.99072
12845024,2,2,0.00499,0.04442,0.9506
5641135,2,2,0.00564,0.03174,0.96263
11123726,2,2,0.00249,0.00721,0.99029
12104495,2,2,0.01972,0.26288,0.71739
15099136,2,2,0.00154,0.00863,0.98983
30194191,2,2,0.02359,0.45204,0.52437
27272815,2,2,0.00245,0.01054,0.98701
16398053,2,2,0.00309,0.02698,0.96993
11770473,2,1,0.10709,0.85476,0.03815
39357510,2,2,0.00177,0.00673,0.9915
35391183,2,2,0.00525,0.01838,0.97638
35822060,2,2,0.00359,0.01585,0.98056
6147165,2,2,0.00267,0.0155,0.98183
2291677,2,2,0.00207,0.00471,0.99322
8335569,2,2,0.00138,0.00468,0.99394
21801972,2,2,0.002,0.00856,0.98944
25626551,2,2,0.02447,0.09919,0.87634
16043462,2,2,0.00171,0.00887,0.98942
39116463,2,2,0.01002,0.07382,0.91616
25698440,2,2,0.00144,0.01181,0.98676
2537400,2,2,0.01779,0.03324,0.94897
36444456,2,2,0.0013,0.006,0.99271
19852114,2,2,0.00278,0.02344,0.97378
2780804,2,2,0.00235,0.01923,0.97842
8115804,2,2,0.00207,0.02302,0.97492
25524168,2,2,0.00419,0.01672,0.97909
41035632,2,2,0.0074,0.12435,0.86825
13438175,2,2,0.00188,0.00999,0.98813
643212,2,2,0.00165,0.01426,0.98409
4032577,2,2,0.00287,0.02322,0.97391
13619611,2,2,0.01738,0.11194,0.87068
12856062,2,2,0.0021,0.02076,0.97713
25353191,2,2,0.00411,0.02228,0.97362
24362692,2,2,0.00159,0.00623,0.99218
40624354,2,2,0.00122,0.0072,0.99159
5600873,2,2,0.00264,0.01408,0.98328
6698265,2,2,0.00319,0.02477,0.97204
24056841,2,2,0.00156,0.01031,0.98813
7105757,2,2,0.00324,0.025,0.97176
14136430,2,2,0.0018,0.00808,0.99013
4118184,2,2,0.00425,0.04787,0.94788
16331480,2,2,0.00142,0.00736,0.99121
17994257,2,2,0.01587,0.31993,0.6642
19783878,2,2,0.00595,0.00907,0.98498
29691308,2,2,0.02227,0.03818,0.93955
443416,2,2,0.00408,0.01224,0.98368
13688231,2,2,0.00405,0.02096,0.97499
30834229,2,2,0.00372,0.01095,0.98533
4463949,2,2,0.0068,0.03047,0.96273
22750448,2,2,0.00216,0.00928,0.98855
20031781,2,2,0.00207,0.00705,0.99088
20591593,2,2,0.00206,0.01309,0.98485
7663991,2,2,0.00473,0.05005,0.94522
6815240,2,2,0.00253,0.02262,0.97485
15447306,2,1,0.10328,0.83322,0.0635
14469118,2,2,0.00208,0.01487,0.98305
36779423,2,2,0.00231,0.00768,0.99002
14324393,2,2,0.00338,0.01451,0.98211
3973693,2,2,0.00423,0.03763,0.95814
29015020,2,2,0.00668,0.06132,0.93199
24561187,2,2,0.0418,0.06105,0.89715
17688900,2,2,0.0118,0.08696,0.90125
12649350,2,1,0.05143,0.73828,0.21029
10530086,2,2,0.00375,0.01827,0.97798
2567940,2,2,0.04199,0.08786,0.87015
13641209,2,2,0.0014,0.00614,0.99246
21635479,2,2,0.00198,0.02061,0.97742
31940664,2,2,0.00285,0.01419,0.98296
18743210,2,2,0.00184,0.01305,0.98511
2371354,2,2,0.03499,0.27309,0.69192
19320857,2,2,0.00159,0.0059,0.99251
26925214,2,2,0.00187,0.0128,0.98533
8869842,2,1,0.31149,0.66981,0.01871
37742426,2,2,0.00453,0.01703,0.97844
26878596,2,2,0.00249,0.00738,0.99012
3772181,2,2,0.00464,0.02331,0.97204
35355487,2,2,0.00567,0.01027,0.98406
24730552,2,1,0.21763,0.74636,0.03602
25757783,2,1,0.2024,0.76088,0.03672
39442765,2,1,0.11326,0.85673,0.03001
26456052,2,2,0.00877,0.0085,0.98273
30931254,2,2,0.00149,0.00962,0.98889
12397337,2,2,0.08137,0.07734,0.84129
39139904,2,2,0.00666,0.17437,0.81897
17501206,2,2,0.00266,0.02197,0.97537
28230944,2,2,0.00658,0.09014,0.90328
29367134,2,2,0.00185,0.0098,0.98835
13515805,2,2,0.00171,0.00894,0.98935
34770355,2,1,0.05601,0.59278,0.35121
26405812,2,1,0.31232,0.67422,0.01346
27787557,2,2,0.00147,0.00439,0.99414
2281192,2,2,0.00346,0.03716,0.95938
612277,2,2,0.00182,0.00856,0.98962
37147654,2,2,0.01031,0.02426,0.96542
1083655,2,2,0.00196,0.0128,0.98524
7719818,2,2,0.03135,0.2495,0.71915
15138442,2,2,0.00196,0.01643,0.98161
9147490,2,2,0.0023,0.01051,0.9872
32750743,2,1,0.07001,0.84621,0.08379
40701116,2,2,0.00353,0.01679,0.97968
15327117,2,2,0.00273,0.02643,0.97084
21805524,2,1,0.05856,0.65985,0.28159
28147312,2,2,0.00202,0.01393,0.98405
8833268,2,2,0.00865,0.02984,0.96151
41627552,2,2,0.00186,0.00475,0.99339
113505,2,1,0.09675,0.7233,0.17996
26575181,2,2,0.0035,0.01206,0.98445
8127240,2,2,0.01745,0.18651,0.79604
32199771,2,2,0.00221,0.00537,0.99242
36083894,2,2,0.0018,0.00808,0.99013
22639002,2,2,0.00171,0.01105,0.98724
31372073,2,2,0.00332,0.01555,0.98112
11388375,2,2,0.00149,0.00757,0.99094
28798477,2,2,0.00153,0.01372,0.98475
7971719,2,2,0.00315,0.00683,0.99002
11430699,2,2,0.00149,0.0094,0.98911
13858723,2,2,0.02536,0.05224,0.9224
33608040,2,2,0.00362,0.00816,0.98822
5414423,2,2,0.00437,0.05155,0.94408
9628988,2,2,0.01062,0.05574,0.93364
13187970,2,2,0.00404,0.02169,0.97426
15044249,2,2,0.00251,0.01713,0.98036
35545831,2,2,0.00358,0.03466,0.96176
10593910,2,2,0.00154,0.00684,0.99162
8202625,2,2,0.00213,0.01109,0.98678
25573965,2,2,0.00189,0.00509,0.99302
26809640,2,2,0.00217,0.00722,0.99062
10941636,2,2,0.00163,0.00894,0.98943
37369364,2,2,0.00231,0.00439,0.9933
39561105,2,2,0.00295,0.01038,0.98667
36470823,2,1,0.02377,0.55818,0.41805
18999493,2,1,0.10254,0.86951,0.02795
13662242,2,2,0.00245,0.00744,0.9901
26937070,2,2,0.0036,0.01429,0.98212
36908230,2,2,0.00367,0.00875,0.98758
12258018,2,2,0.00724,0.05982,0.93295
36634453,2,2,0.00495,0.02159,0.97346
3897488,2,0,0.48135,0.2485,0.27014
4988885,2,2,0.00349,0.04486,0.95165
9462118,2,2,0.00159,0.00513,0.99328
9763955,2,2,0.0031,0.00773,0.98917
3275689,2,2,0.00551,0.02365,0.97084
27868995,2,2,0.0022,0.00678,0.99102
538689,2,2,0.00265,0.00889,0.98846
25432224,2,2,0.00132,0.00581,0.99287
26506880,2,2,0.00207,0.00467,0.99325
4647018,2,2,0.02059,0.35373,0.62568
23207441,2,2,0.00236,0.01636,0.98128
25122529,2,2,0.00468,0.01529,0.98002
25842847,2,2,0.01314,0.02125,0.96561
23738332,2,1,0.18806,0.66803,0.14391
29299643,2,2,0.00154,0.007,0.99146
15927689,2,2,0.00169,0.00751,0.99081
20439373,2,2,0.00138,0.00918,0.98944
5516291,2,2,0.00174,0.00695,0.99131
30839911,2,2,0.00158,0.0089,0.98951
2390490,2,2,0.00345,0.00998,0.98657
12070690,2,2,0.00172,0.00577,0.99252
16485208,2,2,0.00319,0.01152,0.9853
12356768,2,2,0.00623,0.01681,0.97696
8511054,2,2,0.04522,0.05716,0.89762
21249141,2,0,0.95211,0.03441,0.01348
28683908,2,2,0.0026,0.02564,0.97175
13121145,2,2,0.00651,0.01959,0.9739
36605543,2,2,0.13992,0.06431,0.79578
32742481,2,2,0.00153,0.00904,0.98942
35458807,2,2,0.04067,0.39348,0.56585
39765381,2,2,0.00149,0.00497,0.99353
31642112,2,2,0.00143,0.00505,0.99352
41404335,2,2,0.00495,0.02176,0.97329
41616046,2,2,0.00599,0.09083,0.90317
25251236,2,2,0.01472,0.03069,0.95459
25859821,2,2,0.00611,0.04286,0.95103
11609067,2,2,0.01474,0.06637,0.91889
3415439,2,2,0.00253,0.00727,0.9902
15371146,2,2,0.00183,0.00572,0.99245
13972171,2,2,0.00595,0.06825,0.92579
4065180,2,2,0.00525,0.0181,0.97665
24440080,2,2,0.00908,0.03562,0.9553
28320887,2,2,0.00131,0.00802,0.99067
39946038,2,2,0.0022,0.00694,0.99086
36311251,2,2,0.00497,0.0338,0.96123
30027746,2,2,0.00339,0.04107,0.95554
11469574,2,2,0.00291,0.00953,0.98756
7951822,2,2,0.00216,0.0258,0.97204
3255498,2,2,0.00283,0.00662,0.99055
22108254,2,2,0.00166,0.00633,0.99201
23365374,2,2,0.00481,0.03458,0.96061
18353938,2,2,0.00315,0.02344,0.97342
2176541,2,2,0.00309,0.01042,0.98649
10964833,2,2,0.00197,0.01011,0.98792
27183283,2,2,0.00447,0.07498,0.92056
22531465,2,2,0.00182,0.00936,0.98882
21321786,2,2,0.00357,0.03723,0.9592
4925774,2,2,0.00191,0.00958,0.98851
27911587,2,2,0.00399,0.01897,0.97703
15134951,2,2,0.00224,0.00652,0.99124
30664908,2,1,0.06615,0.6947,0.23915
37975066,2,2,0.00122,0.00551,0.99328
1971839,2,2,0.00299,0.02922,0.96779
38895174,2,2,0.00151,0.00673,0.99175
22357246,2,2,0.00988,0.02124,0.96888
29625001,2,2,0.00341,0.01988,0.97671
17482618,2,2,0.0057,0.03588,0.95842
16649992,2,1,0.10291,0.77842,0.11868
20786143,2,2,0.01957,0.0946,0.88583
29966978,2,2,0.00169,0.00648,0.99183
23015250,2,2,0.00252,0.01355,0.98393
5498433,2,0,0.66246,0.32666,0.01088
26675394,2,2,0.00597,0.05012,0.9439
6776088,2,2,0.00204,0.00609,0.99188
5905025,2,2,0.08327,0.10162,0.81511
8152950,2,1,0.26078,0.71722,0.022
1686248,2,2,0.0338,0.0236,0.9426
13376491,2,2,0.00203,0.01075,0.98722
36358538,2,2,0.00238,0.00817,0.98945
13361325,2,2,0.00481,0.0119,0.98329
33454950,2,2,0.00177,0.00774,0.99049
25628878,2,2,0.00366,0.01151,0.98483
21852524,2,2,0.00256,0.011,0.98644
15737971,2,2,0.00227,0.00744,0.99029
38406891,2,2,0.00237,0.01153,0.98611
37951667,2,2,0.0023,0.00932,0.98838
14428068,2,2,0.00186,0.00391,0.99423
24167500,2,2,0.00438,0.01986,0.97576
20000988,2,2,0.00351,0.03957,0.95692
28824754,2,2,0.07717,0.25354,0.66929
28847104,2,2,0.00182,0.00907,0.9891
35783211,2,2,0.00398,0.00797,0.98806
30650921,2,2,0.00587,0.00765,0.98648
31640050,2,2,0.00279,0.02001,0.97721
5209734,2,2,0.00171,0.00988,0.98841
34436857,2,2,0.01047,0.11795,0.87158
13144272,2,2,0.00162,0.0154,0.98298
19498436,2,2,0.00149,0.00684,0.99167
35590175,2,2,0.00176,0.00984,0.98839
20396889,2,2,0.0019,0.0134,0.9847
4056577,2,2,0.00177,0.00517,0.99306
11832475,2,2,0.00362,0.03887,0.95751
20614869,2,2,0.00955,0.04619,0.94426
22777485,2,2,0.005,0.04156,0.95343
14154650,2,2,0.00298,0.01598,0.98104
1340217,2,2,0.00328,0.01386,0.98287
7847386,2,1,0.09725,0.51961,0.38314
17140702,2,2,0.02063,0.02338,0.95599
11528608,2,2,0.00319,0.00924,0.98757
34723222,2,2,0.00344,0.01318,0.98339
8079617,2,2,0.0042,0.01536,0.98044
16227198,2,2,0.00294,0.02917,0.96789
12915730,2,2,0.00183,0.0045,0.99367
19102158,2,2,0.00166,0.00771,0.99063
11385837,2,2,0.00274,0.00627,0.99099
7533909,2,2,0.00145,0.00517,0.99338
586985,2,2,0.00682,0.01929,0.97389
1989094,2,1,0.08123,0.83658,0.08219
33761821,2,2,0.00182,0.00932,0.98886
27147343,2,2,0.00346,0.00755,0.98899
16808969,2,2,0.00261,0.00652,0.99086
11030690,2,2,0.00168,0.0131,0.98522
29454975,2,2,0.00172,0.00577,0.99252
25104998,2,2,0.00209,0.01194,0.98597
18911621,2,2,0.00465,0.02313,0.97222
30692694,2,2,0.00223,0.00762,0.99015
5157576,2,2,0.00206,0.01131,0.98663
38539073,2,2,0.12383,0.1538,0.72237
8468586,2,2,0.00233,0.01329,0.98438
8927678,2,2,0.00136,0.00633,0.99231
23021178,2,2,0.00188,0.00876,0.98936
1412281,2,2,0.00388,0.04709,0.94903
38406076,2,2,0.12134,0.06546,0.8132
36078871,2,2,0.01556,0.28566,0.69878
2543480,2,2,0.00273,0.02525,0.97202
26392393,2,2,0.00136,0.00529,0.99335
39320765,2,2,0.00242,0.00727,0.99031
5329112,2,2,0.00323,0.02856,0.96821
6784070,2,2,0.00234,0.00856,0.9891
28347241,2,2,0.00204,0.00633,0.99164
35881275,2,2,0.00181,0.0129,0.98529
6082502,2,2,0.03149,0.41475,0.55376
31309232,2,2,0.00161,0.00555,0.99284
9029060,2,1,0.05015,0.77225,0.17761
8308761,2,2,0.00166,0.00853,0.98981
23078124,2,2,0.00179,0.0087,0.98951
9808451,2,2,0.01226,0.03632,0.95142
13155728,2,2,0.00237,0.01153,0.98611
27382428,2,1,0.31511,0.60976,0.07514
36173991,2,2,0.00324,0.00882,0.98794
32482143,2,2,0.00269,0.00968,0.98763
34198315,2,2,0.09556,0.09802,0.80642
17145821,2,2,0.00142,0.006,0.99258
29570889,2,2,0.00224,0.00694,0.99082
25991889,2,2,0.00389,0.0058,0.99031
22158586,2,2,0.002,0.0108,0.98721
4912721,2,2,0.00433,0.0159,0.97977
36444432,2,1,0.05224,0.79831,0.14945
11623501,2,2,0.00345,0.01045,0.9861
6151595,2,2,0.00329,0.0541,0.94261
25663608,2,2,0.00385,0.02442,0.97173
18802598,2,2,0.00223,0.01047,0.98731
36167521,2,2,0.00946,0.12602,0.86453
15037929,2,2,0.00428,0.04264,0.95308
19574038,2,2,0.00174,0.01076,0.98751
3177562,2,2,0.00154,0.0055,0.99296
12999221,2,2,0.05805,0.25117,0.69079
40330719,2,2,0.00287,0.02189,0.97524
30423343,2,2,0.0035,0.00975,0.98675
35546222,2,2,0.00373,0.00875,0.98752
28255399,2,2,0.00194,0.0075,0.99055
11274162,2,2,0.00684,0.01746,0.97571
18885994,2,2,0.00337,0.01752,0.97911
27571087,2,2,0.0046,0.0177,0.9777
34944337,2,2,0.00216,0.00958,0.98826
41573330,2,2,0.00174,0.00762,0.99064
39546228,2,2,0.00328,0.01249,0.98423
32097327,2,1,0.0601,0.84933,0.09057
9082365,2,2,0.0018,0.00795,0.99025
14047769,2,2,0.02571,0.34663,0.62767
28627674,2,2,0.00204,0.00525,0.99271
19633960,2,1,0.09481,0.877,0.02819
33790845,2,2,0.00421,0.01374,0.98206
40397763,2,1,0.22123,0.76318,0.01559
3632226,2,2,0.00241,0.01198,0.98562
31780785,2,2,0.00577,0.05297,0.94125
30732963,2,2,0.06666,0.35753,0.57581
36720725,2,2,0.01224,0.18779,0.79996
18141687,2,2,0.00262,0.00594,0.99144
38672267,2,2,0.00332,0.03301,0.96368
27732953,2,2,0.00258,0.00585,0.99157
36417997,2,2,0.00174,0.00673,0.99152
14549216,2,2,0.00265,0.00946,0.98789
15466767,2,2,0.00121,0.00887,0.98991
28343035,2,2,0.00134,0.00419,0.99447
8441355,2,2,0.00253,0.00774,0.98973
13742171,2,2,0.00677,0.07832,0.91491
3804830,2,2,0.0518,0.11869,0.82951
27562848,2,2,0.03528,0.06192,0.9028
27715061,2,2,0.00334,0.02538,0.97127
40219586,2,2,0.05508,0.09667,0.84825
20840589,2,2,0.00146,0.01176,0.98678
35268831,2,2,0.03178,0.21011,0.75811
20254177,2,2,0.00151,0.00733,0.99115
38855371,2,2,0.00207,0.00542,0.99251
988487,2,2,0.00241,0.01148,0.98611
18941127,2,2,0.00531,0.01426,0.98043
476566,2,2,0.00172,0.00695,0.99134
14477695,2,2,0.00137,0.01114,0.98748
22162930,2,2,0.00205,0.01382,0.98413
5421811,2,2,0.00188,0.00999,0.98813
24980888,2,1,0.08986,0.64604,0.2641
23708299,2,2,0.00149,0.0049,0.99361
21316984,2,1,0.21387,0.60569,0.18045
13577124,2,2,0.00249,0.00738,0.99012
16523489,2,2,0.00126,0.00711,0.99163
20604405,2,2,0.00582,0.04602,0.94816
30493459,2,2,0.00365,0.04488,0.95146
38333714,2,2,0.00826,0.18796,0.80379
24526257,2,2,0.00466,0.03538,0.95996
3424097,2,2,0.00275,0.01864,0.97861
32762075,2,2,0.00513,0.01696,0.97791
37857909,2,2,0.06112,0.04778,0.8911
17269877,2,2,0.00393,0.01883,0.97724
34475649,2,2,0.00233,0.0134,0.98427
39895346,2,2,0.00246,0.00576,0.99178
7250850,2,2,0.00435,0.01219,0.98347
16759442,2,2,0.01829,0.07946,0.90225
24558106,2,2,0.04715,0.0528,0.90005
13303979,2,2,0.00186,0.00653,0.99162
36627715,2,2,0.00168,0.01315,0.98517
14393443,2,2,0.00217,0.00663,0.99121
4641909,2,2,0.00116,0.00595,0.99289
41237380,2,2,0.00951,0.14811,0.84238
4910097,2,2,0.00182,0.01015,0.98803
39593857,2,2,0.05597,0.24599,0.69804
29385327,2,2,0.0023,0.0091,0.98859
35120173,2,2,0.00164,0.00446,0.9939
7212640,2,2,0.00134,0.00559,0.99307
39686028,2,2,0.00287,0.02098,0.97614
9925073,2,2,0.00377,0.0149,0.98133
18333222,2,2,0.29506,0.29818,0.40676
10298271,2,1,0.05656,0.8509,0.09253
39218056,2,2,0.00213,0.00925,0.98862
12136104,2,2,0.00142,0.00628,0.9923
18553125,2,1,0.20274,0.48539,0.31187
33443025,2,2,0.00251,0.01556,0.98192
6674796,2,2,0.09166,0.38291,0.52543
28376591,2,2,0.0031,0.00855,0.98835
7868579,2,2,0.01053,0.02678,0.96269
31552463,2,2,0.00403,0.00868,0.98729
11701514,2,2,0.00209,0.01027,0.98764
27247320,2,2,0.00366,0.01151,0.98483
7556769,2,2,0.01089,0.28861,0.7005
15575710,2,2,0.00176,0.00988,0.98835
8629079,2,2,0.00239,0.02025,0.97737
3733207,2,2,0.00269,0.01067,0.98665
1355339,2,2,0.00203,0.00904,0.98893
35565938,2,1,0.37258,0.46369,0.16373
26023869,2,2,0.00128,0.00581,0.99291
29940958,2,1,0.08695,0.87819,0.03486
26650830,2,2,0.00381,0.03378,0.96241
15313519,2,2,0.00124,0.00577,0.99299
12197256,2,2,0.00485,0.04118,0.95396
38213815,2,2,0.00204,0.00537,0.99259
35589748,2,2,0.00267,0.017,0.98033
20204330,2,2,0.01013,0.0272,0.96267
39855710,2,2,0.002,0.00739,0.99061
18388311,2,2,0.00153,0.00996,0.98851
26837976,2,2,0.0014,0.00689,0.99171
34430882,2,2,0.00156,0.00695,0.99149
33337454,2,2,0.00272,0.01503,0.98225
30237821,2,2,0.0059,0.02409,0.97
8127784,2,2,0.00191,0.00678,0.9913
3188301,2,2,0.01504,0.01758,0.96738
15705007,2,2,0.01555,0.32853,0.65592
12863465,2,2,0.00156,0.00653,0.99191
24763797,2,2,0.01122,0.05444,0.93434
15865801,2,2,0.00248,0.01299,0.98453
351968,2,2,0.0023,0.00995,0.98775
29546246,2,2,0.004,0.03131,0.96468
35944208,2,2,0.02702,0.35316,0.61982
35394173,2,2,0.0014,0.00529,0.9933
4204666,2,2,0.05764,0.11816,0.8242
33679980,2,2,0.00985,0.01612,0.97403
5856470,2,2,0.00153,0.00922,0.98925
34819670,2,2,0.00265,0.00882,0.98853
4096056,2,2,0.00207,0.00798,0.98995
21102546,2,2,0.0022,0.00632,0.99147
5841521,2,2,0.01288,0.24986,0.73725
32025403,2,2,0.00138,0.00638,0.99224
32709063,2,2,0.00166,0.00824,0.9901
13847258,2,2,0.00113,0.00559,0.99328
38241858,2,1,0.03902,0.50206,0.45892
7351660,2,2,0.00474,0.07827,0.91699
37048524,2,2,0.00607,0.01198,0.98195
10813602,2,2,0.00788,0.18803,0.80409
17158397,2,2,0.00264,0.01387,0.9835
36479327,2,1,0.02744,0.67525,0.29731
12572295,2,2,0.00508,0.02708,0.96784
28668545,2,2,0.06191,0.08347,0.85462
31995588,2,2,0.00299,0.01235,0.98466
32566656,2,2,0.00623,0.0688,0.92497
6112694,2,2,0.00214,0.00608,0.99178
4337587,2,2,0.00245,0.00836,0.98919
27979393,2,2,0.00445,0.03545,0.9601
38203415,2,1,0.39158,0.58783,0.02059
10898378,2,2,0.00289,0.0168,0.98031
34854635,2,2,0.00134,0.00684,0.99182
4112697,2,2,0.0016,0.01194,0.98645
5381352,2,2,0.1068,0.19404,0.69916
14980777,2,2,0.1266,0.17958,0.69382
29261363,2,2,0.00248,0.01284,0.98468
20519346,2,2,0.00376,0.00835,0.98789
18810362,2,2,0.00224,0.00744,0.99032
13291142,2,2,0.00213,0.00774,0.99013
32571959,2,2,0.00379,0.00909,0.98712
34610603,2,2,0.00177,0.00856,0.98967
126666,2,2,0.00269,0.02345,0.97386
3610230,2,2,0.00522,0.04528,0.94949
2871754,2,2,0.00375,0.01827,0.97798
17601483,2,2,0.01074,0.14965,0.83961
22977825,2,0,0.72286,0.26489,0.01224
38236309,2,2,0.00363,0.02212,0.97425
30627710,2,2,0.00366,0.02728,0.96906
9311476,2,1,0.45757,0.52665,0.01578
32019955,2,2,0.00607,0.01144,0.98249
24772745,2,2,0.00162,0.00432,0.99406
37110644,2,2,0.00237,0.01018,0.98744
21371450,2,2,0.00136,0.00586,0.99278
31729731,2,2,0.02504,0.0498,0.92515
20956412,2,1,0.15259,0.74743,0.09998
6501742,2,2,0.00239,0.01733,0.98027
26105318,2,2,0.00344,0.01298,0.98359
2549620,2,2,0.00393,0.0189,0.97717
19937579,2,2,0.00524,0.0561,0.93865
23683045,2,2,0.00534,0.03812,0.95654
25663926,2,2,0.00421,0.00612,0.98968
33215034,2,2,0.00504,0.01895,0.976
20858004,2,2,0.00309,0.01042,0.98649
35414609,2,2,0.00379,0.02518,0.97103
37701077,2,1,0.16047,0.45005,0.38948
20951856,2,2,0.00426,0.00967,0.98608
32099310,2,2,0.0397,0.18142,0.77888
40871013,2,2,0.0015,0.00367,0.99483
36200274,2,2,0.00329,0.01099,0.98572
37735259,2,2,0.00299,0.01174,0.98527
20045583,2,2,0.00156,0.00599,0.99244
791763,2,2,0.00522,0.04533,0.94945
39156018,2,2,0.00151,0.00887,0.98962
20369189,2,2,0.00161,0.00837,0.99002
41020661,2,2,0.00159,0.00517,0.99324
14204688,2,2,0.00833,0.16799,0.82367
41564418,2,2,0.00654,0.15054,0.84292
36847429,2,2,0.00645,0.10768,0.88587
4202648,2,1,0.43904,0.5464,0.01456
38457976,2,2,0.00118,0.00745,0.99137
39380659,2,2,0.00174,0.00679,0.99147
10576814,2,1,0.08104,0.86785,0.05111
18367021,2,2,0.00136,0.00482,0.99382
11568178,2,2,0.00867,0.03458,0.95675
33242277,2,2,0.0132,0.06117,0.92563
2671333,2,2,0.00348,0.03245,0.96408
27027021,2,2,0.00158,0.00824,0.99018
3474285,2,2,0.01551,0.0689,0.91559
20074876,2,2,0.00169,0.00501,0.9933
31369503,2,2,0.00226,0.01269,0.98505
12846960,2,1,0.35489,0.49659,0.14852
29373900,2,2,0.0024,0.01245,0.98515
33531183,2,2,0.00131,0.00904,0.98964
2180670,2,2,0.00183,0.00711,0.99107
29621693,2,2,0.00269,0.01079,0.98652
39457783,2,2,0.00445,0.03459,0.96095
8650295,2,2,0.00273,0.02653,0.97074
14713086,2,2,0.0034,0.00726,0.98933
9572082,2,2,0.02091,0.03984,0.93924
12400721,2,2,0.00203,0.01039,0.98758
10193035,2,2,0.02269,0.07811,0.8992
24130589,2,2,0.01677,0.06039,0.92284
21840305,2,2,0.01276,0.15978,0.82745
195983,2,2,0.00229,0.01545,0.98226
1994413,2,2,0.00727,0.03373,0.95901
36205774,2,2,0.00252,0.01071,0.98677
4306913,2,2,0.00177,0.00805,0.99018
14701334,2,1,0.12615,0.85202,0.02184
40231401,2,2,0.00158,0.00918,0.98923
11583618,2,2,0.00555,0.06071,0.93373
14422420,2,2,0.003,0.00975,0.98725
40463396,2,2,0.00204,0.00705,0.99091
37555085,2,2,0.00329,0.00931,0.9874
20103141,2,2,0.00171,0.00762,0.99066
17682151,2,2,0.01103,0.02656,0.9624
2659968,2,2,0.00138,0.00542,0.9932
25885878,2,2,0.00188,0.00999,0.98813
20262762,2,2,0.003,0.01046,0.98655
26585362,2,2,0.00325,0.06684,0.92991
34973999,2,2,0.25504,0.25108,0.49388
5159855,2,2,0.0612,0.32068,0.61812
6313165,2,2,0.00182,0.0078,0.99037
535699,2,2,0.00258,0.01822,0.9792
29139013,2,2,0.00206,0.01289,0.98505
10364944,2,2,0.0026,0.02893,0.96847
13511630,2,2,0.00252,0.01334,0.98414
8014762,2,1,0.1334,0.57495,0.29165
2336423,2,2,0.00281,0.01349,0.9837
11888194,2,2,0.00189,0.00453,0.99358
15807896,2,2,0.0103,0.10486,0.88484
33422734,2,1,0.20487,0.56898,0.22616
29963912,2,2,0.00238,0.00762,0.99
21302869,2,2,0.00182,0.0089,0.98928
30438087,2,2,0.00188,0.00999,0.98813
14720457,2,2,0.01401,0.05586,0.93013
36731454,2,2,0.00447,0.04452,0.951
40034294,2,2,0.00197,0.00771,0.99032
7956403,2,2,0.01723,0.11938,0.86338
3992760,2,2,0.00186,0.00643,0.99172
23112766,2,1,0.05699,0.83422,0.10879
25669169,2,2,0.006,0.0464,0.9476
30497483,2,2,0.05958,0.31958,0.62084
28736225,2,2,0.00968,0.03352,0.95681
1432367,2,1,0.08481,0.48616,0.42903
29049809,2,2,0.00228,0.00521,0.99252
11035292,2,2,0.00336,0.03623,0.96041
27994216,2,2,0.00169,0.00542,0.99289
24515416,2,2,0.00176,0.01051,0.98773
30623419,2,2,0.00336,0.02026,0.97638
30315632,2,1,0.17597,0.62386,0.20018
18123793,2,2,0.00173,0.01185,0.98642
20363692,2,2,0.00576,0.02581,0.96843
9473506,2,2,0.00318,0.02802,0.96879
2053042,2,2,0.00194,0.00911,0.98895
29456802,2,2,0.00142,0.00734,0.99124
40709417,2,2,0.00188,0.00705,0.99106
38286630,2,2,0.00217,0.00663,0.99121
38757650,2,2,0.00772,0.01262,0.97966
31540556,2,2,0.00161,0.00777,0.99062
22777032,2,0,0.80203,0.18428,0.01369
22226953,2,2,0.0102,0.22856,0.76124
8999578,2,2,0.00404,0.039,0.95696
4949332,2,2,0.0034,0.02365,0.97295
35008100,2,2,0.00204,0.00464,0.99332
10237285,2,2,0.00145,0.00538,0.99318
29559965,2,2,0.00249,0.00921,0.9883
33878461,2,2,0.00166,0.01035,0.98799
37610745,2,2,0.00149,0.00559,0.99292
1353060,2,2,0.00248,0.01339,0.98413
702488,2,1,0.05601,0.76116,0.18283
15174335,2,2,0.00225,0.03046,0.96729
632404,2,1,0.032,0.71137,0.25664
12288035,2,2,0.00142,0.00929,0.98929
1494084,2,2,0.05231,0.30042,0.64727
17460992,2,2,0.00634,0.05332,0.94034
25684852,2,2,0.00374,0.00549,0.99076
16069064,2,2,0.00159,0.00711,0.9913
12610602,2,2,0.00398,0.02297,0.97305
16613690,2,2,0.00291,0.03731,0.95978
20151449,2,2,0.00125,0.00919,0.98956
5345350,2,2,0.0063,0.02826,0.96544
38761275,2,2,0.00125,0.00775,0.991
30275718,2,2,0.00966,0.0352,0.95514
12882882,2,2,0.01202,0.02535,0.96262
19197342,2,2,0.00156,0.01059,0.98785
20917070,2,2,0.00537,0.03322,0.96141
20044018,2,2,0.00358,0.01891,0.97751
6774857,2,2,0.01719,0.12156,0.86125
7366874,2,2,0.00151,0.00992,0.98857
29698998,2,2,0.00222,0.01492,0.98286
39501988,2,2,0.0024,0.01605,0.98155
17867653,2,2,0.00147,0.00525,0.99328
18385827,2,2,0.00443,0.02469,0.97089
26484993,2,2,0.00169,0.00478,0.99352
14756759,2,2,0.00278,0.0238,0.97342
17638582,2,2,0.00147,0.0049,0.99363
2411110,2,2,0.00311,0.01958,0.97731
7122492,2,2,0.00901,0.04306,0.94794
3342411,2,2,0.00756,0.0182,0.97425
39442156,2,2,0.00201,0.00613,0.99186
24693438,2,2,0.00169,0.00618,0.99213
23995676,2,2,0.00134,0.00714,0.99152
27253804,2,2,0.00154,0.00814,0.99032
26752561,2,1,0.11042,0.71722,0.17236
13258755,2,2,0.00618,0.10548,0.88835
17707389,2,1,0.06287,0.86449,0.07264
10806448,2,2,0.00142,0.00559,0.99299
16000851,2,1,0.02507,0.52358,0.45135
23481155,2,2,0.03101,0.06265,0.90634
154900,2,2,0.00149,0.00534,0.99317
19922617,2,2,0.00149,0.00559,0.99292
38388509,2,2,0.00142,0.00751,0.99107
28717101,2,2,0.00299,0.02922,0.96779
27664914,2,2,0.00136,0.00426,0.99438
21321533,2,2,0.00142,0.00643,0.99215
21241354,2,0,0.642,0.34905,0.00895
34245967,2,2,0.00244,0.01175,0.98581
35113413,2,2,0.00227,0.00632,0.9914
3533188,2,2,0.00268,0.01202,0.9853
23433256,2,2,0.00791,0.18565,0.80644
37847034,2,2,0.00249,0.00889,0.98862
17415975,2,0,0.46168,0.35468,0.18364
3780365,2,2,0.00185,0.01011,0.98804
1636649,2,2,0.00317,0.01573,0.98109
38278902,2,2,0.00236,0.0135,0.98414
30054878,2,2,0.00724,0.11552,0.87724
37974586,2,2,0.00745,0.06195,0.9306
33205060,2,1,0.14414,0.77013,0.08573
25418147,2,1,0.18887,0.7114,0.09972
34578711,2,2,0.00204,0.00705,0.99091
13923824,2,2,0.00557,0.02754,0.96689
41257508,2,2,0.01047,0.11795,0.87158
33704678,2,2,0.00277,0.02492,0.97231
9343964,2,2,0.0087,0.04693,0.94438
4866641,2,0,0.61219,0.33219,0.05562
8647182,2,2,0.00305,0.03877,0.95819
26894410,2,2,0.00631,0.01952,0.97417
32406635,2,1,0.05742,0.88426,0.05832
24837177,2,2,0.00221,0.00521,0.99259
6241706,2,1,0.04201,0.59367,0.36432
30312527,2,2,0.00428,0.04264,0.95308
24650607,2,2,0.00295,0.02407,0.97297
3264817,2,2,0.00299,0.02663,0.97038
23471259,2,1,0.20761,0.42516,0.36723
33139860,2,2,0.00978,0.08147,0.90875
10527283,2,2,0.04411,0.06647,0.88942
29766508,2,2,0.01475,0.073,0.91225
28243060,2,2,0.00158,0.0094,0.98902
40967355,2,2,0.00152,0.00509,0.99339
40548012,2,2,0.00296,0.00576,0.99128
25936442,2,2,0.00194,0.00866,0.9894
14529784,2,0,0.8207,0.16415,0.01515
27254732,2,2,0.00222,0.0163,0.98148
39659357,2,2,0.08399,0.43834,0.47767
2338938,2,2,0.00151,0.00777,0.99071
35124849,2,2,0.00123,0.0111,0.98767
17383180,2,2,0.00251,0.03124,0.96625
1686401,2,1,0.07023,0.72043,0.20935
25269267,2,2,0.00355,0.01201,0.98444
22113517,2,2,0.00928,0.18131,0.80941
23318516,2,2,0.00268,0.01319,0.98413
8264488,2,0,0.49145,0.48762,0.02093
38516417,2,2,0.00224,0.00537,0.99239
31146152,2,2,0.00182,0.00833,0.98984
36537131,2,2,0.00194,0.00716,0.99089
4207662,2,2,0.00169,0.00808,0.99023
40815063,2,2,0.00194,0.00925,0.98881
32294211,2,1,0.12667,0.83002,0.04331
14569622,2,2,0.00521,0.01817,0.97663
16532534,2,2,0.0024,0.01398,0.98362
13358383,2,2,0.00348,0.01654,0.97998
9745019,2,2,0.0032,0.03887,0.95794
39196027,2,2,0.00246,0.00533,0.99221
28271337,2,2,0.00222,0.01458,0.9832
25600081,2,2,0.00172,0.00599,0.99229
22191366,2,2,0.07905,0.09723,0.82372
5995154,2,2,0.00268,0.01166,0.98566
15848057,2,1,0.05355,0.689,0.25746
22266864,2,1,0.16085,0.81053,0.02862
26400000,2,1,0.04037,0.57055,0.38908
9357920,2,2,0.00357,0.00726,0.98917
28870652,2,2,0.02318,0.04365,0.93318
7755160,2,2,0.0023,0.00792,0.98978
19027718,2,2,0.0028,0.01706,0.98014
823725,2,2,0.05876,0.23652,0.70473
26389266,2,2,0.0033,0.00816,0.98854
9000468,2,2,0.01207,0.21735,0.77058
4505880,2,2,0.00122,0.0086,0.99018
11176731,2,2,0.35707,0.20545,0.43749
32554551,2,2,0.00578,0.05236,0.94186
37001107,2,2,0.01891,0.04098,0.94011
16141635,2,1,0.3171,0.66348,0.01942
29951843,2,2,0.00154,0.00572,0.99274
3313058,2,2,0.00204,0.00705,0.99091
4148266,2,2,0.00301,0.03785,0.95914
32318576,2,2,0.02698,0.43539,0.53763
24238886,2,2,0.00502,0.00748,0.9875
41437362,2,2,0.12553,0.26138,0.61309
6006333,2,2,0.00182,0.00932,0.98886
5405670,2,2,0.01064,0.00875,0.98061
36243754,2,2,0.00213,0.00727,0.99059
20949849,2,2,0.01555,0.12212,0.86233
12072896,2,2,0.01203,0.13818,0.84979
5480248,2,2,0.00182,0.01047,0.98771
34475271,2,2,0.00643,0.08365,0.90992
31950976,2,2,0.02528,0.04072,0.934
4335637,2,2,0.00154,0.00757,0.9909
38949829,2,2,0.00291,0.02235,0.97474
25275068,2,2,0.13179,0.15851,0.7097
10290174,2,1,0.02812,0.64501,0.32687
13923716,2,2,0.15826,0.2468,0.59494
30906238,2,2,0.00905,0.02312,0.96783
18327050,2,2,0.00181,0.0134,0.98478
11746187,2,1,0.06534,0.75368,0.18098
21060510,2,2,0.00385,0.02293,0.97321
6790864,2,2,0.03625,0.11258,0.85117
29822441,2,1,0.38401,0.40639,0.2096
19376676,2,2,0.00138,0.007,0.99162
16294845,2,2,0.00242,0.00694,0.99064
5080124,2,2,0.04336,0.19992,0.75671
879367,2,2,0.08486,0.17054,0.7446
10112699,2,2,0.01065,0.03023,0.95911
29058450,2,2,0.00531,0.01465,0.98004
7350003,2,2,0.00261,0.03847,0.95892
27934698,2,2,0.00555,0.06071,0.93373
38938175,2,2,0.0016,0.01167,0.98673
8169751,2,2,0.00182,0.0089,0.98928
8924537,2,2,0.24669,0.26843,0.48488
13985184,2,2,0.002,0.00739,0.99061
39775804,2,2,0.00144,0.00834,0.99022
10588654,2,2,0.00186,0.00542,0.99273
17274608,2,2,0.00256,0.01207,0.98537
1455140,2,2,0.00251,0.01642,0.98107
19526600,2,2,0.00158,0.00908,0.98934
39745363,2,2,0.00167,0.02049,0.97784
28773616,2,2,0.00549,0.0567,0.93781
30786881,2,2,0.00296,0.00683,0.99021
6335056,2,2,0.02485,0.03545,0.9397
29830604,2,2,0.0028,0.01486,0.98234
31357396,2,2,0.00354,0.05922,0.93724
12754547,2,2,0.00204,0.00546,0.9925
32179925,2,2,0.00493,0.00951,0.98555
26364026,2,2,0.00197,0.00786,0.99017
21963884,2,2,0.00454,0.04625,0.94921
11927496,2,2,0.00196,0.01325,0.98479
11199776,2,2,0.158,0.40744,0.43456
31209256,2,2,0.01385,0.06661,0.91954
31033925,2,2,0.00837,0.03195,0.95968
2430894,2,2,0.00364,0.01935,0.97702
36236116,2,2,0.00981,0.16026,0.82992
5231604,2,2,0.00226,0.01023,0.98751
29498464,2,1,0.03278,0.85202,0.1152
31750735,2,0,0.52562,0.43917,0.03521
7257308,2,0,0.68903,0.30338,0.00759
37102501,2,2,0.00169,0.00413,0.99418
12546617,2,2,0.002,0.00876,0.98924
403523,2,2,0.02846,0.11339,0.85815
40809818,2,1,0.05061,0.70414,0.24525
31469518,2,2,0.00136,0.00689,0.99175
35392786,2,2,0.00188,0.00929,0.98883
20521324,2,2,0.00351,0.02246,0.97402
37196337,2,2,0.004,0.01704,0.97896
2931703,2,2,0.00382,0.04691,0.94927
5878673,2,1,0.21849,0.68931,0.0922
24947744,2,2,0.00171,0.00728,0.99101
21883440,2,2,0.00161,0.00663,0.99176
25658631,2,2,0.00154,0.00745,0.99101
15140183,2,2,0.01525,0.32098,0.66377
11124476,2,2,0.00324,0.02578,0.97099
8555161,2,2,0.15532,0.20842,0.63627
8928215,2,2,0.00295,0.00917,0.98788
29144444,2,2,0.00114,0.00623,0.99262
37635197,2,1,0.06384,0.67567,0.26049
6866895,2,2,0.00345,0.03969,0.95686
37456827,2,2,0.00403,0.02513,0.97084
31431350,2,2,0.02153,0.08409,0.89438
38853029,2,2,0.00128,0.00475,0.99397
14128354,2,2,0.0197,0.328,0.6523
23769800,2,2,0.02387,0.37934,0.59679
10967781,2,2,0.00156,0.007,0.99144
12486210,2,2,0.00748,0.14164,0.85088
22602648,2,2,0.00219,0.01067,0.98714
13167452,2,1,0.03636,0.80832,0.15533
22922828,2,2,0.20392,0.38172,0.41436
13703080,2,1,0.24086,0.72471,0.03443
32459307,2,2,0.00177,0.00722,0.99101
28265435,2,2,0.00301,0.00683,0.99016
269774,2,2,0.00144,0.0106,0.98796
36093503,2,2,0.03378,0.10851,0.85771
11457594,2,2,0.00426,0.01608,0.97965
6902681,2,0,0.98073,0.01793,0.00134
19054843,2,2,0.0232,0.15887,0.81793
12922468,2,2,0.00236,0.01447,0.98317
5762879,2,1,0.18818,0.76268,0.04914
4634708,2,2,0.00339,0.02558,0.97103
32272072,2,2,0.00365,0.01456,0.98178
11411542,2,2,0.00147,0.00581,0.99272
35271852,2,2,0.01858,0.01338,0.96804
40385457,2,2,0.00492,0.01306,0.98203
5851878,2,2,0.00261,0.01003,0.98737
32570757,2,2,0.04856,0.31176,0.63968
4896213,2,2,0.00161,0.00555,0.99284
23738202,2,2,0.00176,0.01388,0.98436
1287566,2,1,0.01818,0.52728,0.45454
10676631,2,2,0.00983,0.06243,0.92774
4650039,2,1,0.13021,0.77764,0.09215
35408331,2,2,0.01251,0.02458,0.96291
21751628,2,2,0.00249,0.00889,0.98862
13168750,2,2,0.03566,0.07289,0.89145
7137383,2,2,0.00315,0.00637,0.99048
35981884,2,1,0.02247,0.54012,0.43741
31663366,2,2,0.01025,0.10972,0.88003
1050785,2,2,0.00551,0.03883,0.95566
35420317,2,2,0.00367,0.01029,0.98604
20897304,2,2,0.00177,0.00856,0.98967
18221790,2,2,0.05851,0.15564,0.78586
35940872,2,2,0.005,0.01145,0.98355
31287606,2,2,0.00218,0.01464,0.98318
27699987,2,2,0.01047,0.11795,0.87158
18432068,2,0,0.54082,0.24216,0.21702
25902325,2,2,0.00169,0.00604,0.99227
37107412,2,2,0.00631,0.05747,0.93622
12693209,2,0,0.97823,0.01952,0.00224
24817349,2,2,0.01584,0.04889,0.93526
38683393,2,2,0.00375,0.01827,0.97798
33990794,2,2,0.00125,0.01052,0.98823
10529051,2,2,0.00255,0.01636,0.98109
5425939,2,2,0.02613,0.0198,0.95407
15172646,2,2,0.00219,0.01442,0.9834
28627286,2,2,0.00132,0.00674,0.99195
20421016,2,2,0.00401,0.01513,0.98086
30586939,2,2,0.0029,0.01202,0.98508
13674950,2,1,0.09989,0.60478,0.29532
25951870,2,2,0.00164,0.00805,0.99032
12172618,2,2,0.00691,0.04475,0.94834
28015616,2,2,0.2117,0.22946,0.55884
32719564,2,2,0.02905,0.40101,0.56994
20549206,2,2,0.00397,0.04061,0.95543
8041574,2,2,0.00161,0.00494,0.99345
32088945,2,2,0.00387,0.01927,0.97686
30350553,2,2,0.00151,0.00847,0.99002
7757320,2,2,0.00241,0.00969,0.9879
28371691,2,2,0.00935,0.23641,0.75424
5400071,2,2,0.0018,0.00673,0.99147
23839308,2,2,0.0018,0.00432,0.99387
9974832,2,2,0.00301,0.00688,0.99011
35166438,2,2,0.00527,0.02054,0.97419
37402492,2,2,0.00194,0.0098,0.98826
14871208,2,2,0.00203,0.00805,0.98992
26509376,2,2,0.00287,0.02287,0.97426
39408425,2,2,0.00217,0.00633,0.99151
11714102,2,2,0.00582,0.03067,0.96351
17385757,2,0,0.91288,0.0689,0.01822
4610592,2,2,0.00269,0.0091,0.98821
34110743,2,2,0.009,0.05889,0.93211
11183460,2,2,0.00296,0.00836,0.98869
5564376,2,2,0.08722,0.13536,0.77742
21922310,2,2,0.00238,0.00599,0.99163
20836378,2,2,0.00305,0.0223,0.97464
8599766,2,2,0.00291,0.00875,0.98834
32146960,2,2,0.00252,0.02629,0.97119
2292674,2,2,0.1189,0.16125,0.71985
29221102,2,2,0.00265,0.00983,0.98752
5748944,2,2,0.00611,0.04367,0.95022
36455433,2,2,0.00463,0.02623,0.96914
16671105,2,2,0.00413,0.00967,0.98621
29514742,2,2,0.00172,0.00643,0.99186
35740950,2,2,0.00391,0.00945,0.98664
3259353,2,2,0.0022,0.00563,0.99217
25346310,2,2,0.00266,0.00509,0.99225
1497353,2,2,0.0026,0.01365,0.98375
22058528,2,2,0.07291,0.26697,0.66011
38097226,2,2,0.00182,0.009,0.98917
41550178,2,1,0.17128,0.60488,0.22383
31084612,2,2,0.00256,0.01075,0.98669
11951174,2,2,0.00527,0.02158,0.97315
13604497,2,2,0.00185,0.00984,0.98831
13085878,2,2,0.00293,0.01753,0.97955
32259113,2,2,0.00134,0.00457,0.99409
36794247,2,2,0.00395,0.05922,0.93683
14989219,2,2,0.00207,0.0059,0.99203
1765736,2,2,0.00215,0.01624,0.98161
40263964,2,2,0.00177,0.00604,0.99219
7194433,2,2,0.01403,0.1379,0.84806
20915875,2,2,0.00568,0.00893,0.98539
2000154,2,2,0.00812,0.01621,0.97567
39713890,2,2,0.00276,0.01329,0.98395
9426941,2,2,0.00412,0.01791,0.97796
32385395,2,2,0.01742,0.06796,0.91462
5439772,2,2,0.00211,0.01593,0.98195
31631334,2,2,0.00217,0.0059,0.99193
24630882,2,2,0.00305,0.00938,0.98757
24649963,2,2,0.00138,0.00436,0.99426
29278142,2,2,0.00636,0.01952,0.97412
11961429,2,0,0.7022,0.28706,0.01075
8650300,2,2,0.00228,0.01983,0.9779
36719617,2,2,0.00305,0.00938,0.98757
30746490,2,2,0.00273,0.00829,0.98897
29049029,2,2,0.00875,0.0333,0.95795
36536017,2,2,0.00305,0.00767,0.98928
16395278,2,2,0.00157,0.01437,0.98406
32460803,2,2,0.00173,0.01426,0.98401
3329797,2,1,0.04723,0.83713,0.11564
40894599,2,1,0.03804,0.85914,0.10281
6570631,2,2,0.14147,0.14568,0.71285
8274346,2,2,0.00136,0.00684,0.9918
31095621,2,2,0.00507,0.12963,0.86531
23297189,2,2,0.00425,0.04865,0.9471
13171337,2,2,0.00213,0.0075,0.99036
5522136,2,2,0.00139,0.01346,0.98515
33461905,2,2,0.00115,0.00521,0.99364
7099937,2,2,0.00239,0.04764,0.94996
25809611,2,2,0.00142,0.0078,0.99077
20088430,2,2,0.00545,0.01171,0.98284
4337881,2,2,0.00643,0.05473,0.93885
31111669,2,2,0.00461,0.01583,0.97956
22795016,2,2,0.00165,0.01213,0.98622
32222474,2,2,0.00701,0.00788,0.98511
17024409,2,2,0.00277,0.02492,0.97231
14444783,2,2,0.00207,0.0078,0.99013
34376022,2,2,0.00338,0.00558,0.99104
25773783,2,2,0.00234,0.00798,0.98968
14101264,2,2,0.00457,0.02468,0.97075
3747438,2,2,0.25504,0.25108,0.49388
27710921,2,2,0.0027,0.02075,0.97655
18667142,2,2,0.00671,0.05753,0.93576
13822586,2,2,0.01056,0.13723,0.85221
22137500,2,2,0.00541,0.01076,0.98383
26848441,2,2,0.0042,0.01584,0.97996
35564034,2,2,0.0072,0.05034,0.94246
4397803,2,2,0.0015,0.01341,0.98509
25997892,2,2,0.00188,0.0078,0.99032
19895089,2,2,0.00182,0.01208,0.98611
17137861,2,2,0.0059,0.03221,0.96188
12297508,2,2,0.02561,0.0209,0.95349
28735050,2,2,0.00398,0.02104,0.97497
38572438,2,2,0.0061,0.01492,0.97898
33923453,2,2,0.00132,0.00628,0.9924
32885716,2,2,0.00223,0.00786,0.98991
35286059,2,2,0.002,0.01109,0.98691
30134342,2,1,0.25898,0.66521,0.07581
10493810,2,2,0.00214,0.00581,0.99206
21335806,2,2,0.00147,0.00604,0.99249
24343372,2,2,0.00298,0.01635,0.98067
7704200,2,1,0.09708,0.81923,0.08369
1330059,2,2,0.00462,0.02798,0.96739
1406852,2,2,0.00201,0.00572,0.99227
13928931,2,2,0.00668,0.15867,0.83465
34303637,2,2,0.00372,0.01307,0.98321
4087234,2,2,0.00171,0.01031,0.98798
13646363,2,2,0.00245,0.02507,0.97248
3237888,2,2,0.00549,0.02702,0.96749
27845592,2,2,0.00432,0.0093,0.98638
9326574,2,2,0.00204,0.00705,0.99091
20150896,2,2,0.01047,0.11795,0.87158
21773537,2,2,0.00347,0.01806,0.97846
2828219,2,1,0.0443,0.63593,0.31977
2695475,2,2,0.00344,0.04151,0.95504
2491929,2,2,0.0023,0.01015,0.98755
35999092,2,2,0.00207,0.00542,0.99251
38578935,2,2,0.00166,0.00716,0.99117
29903397,2,1,0.03244,0.54021,0.42734
27434922,2,2,0.00765,0.12221,0.87014
13738202,2,2,0.00238,0.00843,0.9892
13992983,2,2,0.00226,0.01118,0.98656
27778263,2,2,0.00154,0.00376,0.9947
13393272,2,2,0.00209,0.01447,0.98344
5027198,2,2,0.00142,0.00663,0.99195
8584447,2,2,0.00525,0.01043,0.98432
10293917,2,2,0.01245,0.11481,0.87274
4461516,2,2,0.00198,0.00628,0.99175
35734448,2,2,0.00166,0.00663,0.99171
5999082,2,2,0.00817,0.03288,0.95895
8751255,2,2,0.00315,0.00761,0.98924
2950867,2,2,0.02324,0.35365,0.62311
15156831,2,2,0.00257,0.02231,0.97511
24070015,2,2,0.002,0.00694,0.99105
26171532,2,2,0.2458,0.22435,0.52985
39482962,2,2,0.0018,0.00513,0.99307
26744257,2,2,0.00349,0.01293,0.98358
21416248,2,2,0.00448,0.01342,0.9821
12027464,2,2,0.0134,0.1109,0.8757
5203090,2,2,0.01376,0.02181,0.96443
16494866,2,2,0.00141,0.01383,0.98476
17339096,2,2,0.00136,0.00684,0.9918
13903464,2,2,0.00236,0.01329,0.98434
34901994,2,2,0.0248,0.07331,0.90189
30222702,2,2,0.00268,0.01259,0.98473
27571230,2,2,0.00237,0.01184,0.98579
4732429,2,2,0.00172,0.00546,0.99282
17635209,2,2,0.00161,0.0088,0.98959
11338061,2,2,0.00248,0.01139,0.98613
38043117,2,2,0.00118,0.00542,0.9934
5735621,2,2,0.01047,0.01687,0.97266
9149201,2,2,0.00338,0.01537,0.98125
28569718,2,2,0.00555,0.06071,0.93373
9883979,2,2,0.00238,0.00689,0.99073
39693552,2,2,0.00428,0.01277,0.98296
26562331,2,2,0.00237,0.01153,0.98611
30469412,2,2,0.0015,0.01383,0.98467
14278439,2,1,0.07535,0.87246,0.05219
9057754,2,2,0.01757,0.34339,0.63904
10660875,2,2,0.00577,0.00783,0.98639
21112318,2,2,0.00259,0.01655,0.98086
41552284,2,2,0.00641,0.11344,0.88015
9504570,2,2,0.0167,0.06451,0.91879
15131148,2,2,0.00278,0.02252,0.9747
23819077,2,2,0.00275,0.03265,0.96459
8814677,2,2,0.00764,0.03044,0.96192
32365145,2,2,0.00207,0.02045,0.97748
15765784,2,2,0.00428,0.04264,0.95308
36634389,2,2,0.00221,0.00513,0.99267
28224476,2,2,0.00156,0.00599,0.99244
19054392,2,2,0.00159,0.00774,0.99067
20189574,2,2,0.00197,0.00876,0.98927
24674204,2,2,0.00164,0.00689,0.99147
20231689,2,2,0.00282,0.02362,0.97356
8488076,2,2,0.00245,0.00842,0.98912
36647654,2,2,0.00194,0.00638,0.99168
2811165,2,2,0.01099,0.24239,0.74662
20419882,2,2,0.0183,0.25067,0.73103
34996333,2,2,0.00217,0.00594,0.99189
16129366,2,1,0.34286,0.63556,0.02158
14550403,2,2,0.00705,0.01042,0.98254
3447019,2,2,0.00829,0.22152,0.77018
3662261,2,2,0.00185,0.00965,0.9885
34906316,2,2,0.047,0.08678,0.86622
17080772,2,2,0.00362,0.00791,0.98847
14566186,2,2,0.0014,0.01016,0.98845
34122268,2,2,0.01052,0.07191,0.91757
14553734,2,2,0.01176,0.20131,0.78693
38800495,2,2,0.01047,0.11795,0.87158
36320454,2,2,0.00213,0.00817,0.9897
18409978,2,2,0.00276,0.01503,0.98221
34560603,2,2,0.02028,0.01776,0.96196
24916331,2,2,0.00363,0.02212,0.97425
17731492,2,2,0.00177,0.0084,0.98983
29989424,2,2,0.00242,0.02185,0.97573
30435736,2,2,0.00182,0.00833,0.98984
2167322,2,2,0.00185,0.00827,0.98988
37995170,2,1,0.07075,0.52686,0.40239
29070012,2,2,0.00159,0.00494,0.99347
20988894,2,2,0.00489,0.01052,0.98459
24129435,2,2,0.00164,0.00728,0.99109
8655770,2,2,0.00989,0.1538,0.83631
20629932,2,2,0.00301,0.00727,0.98973
40217718,2,2,0.00191,0.00733,0.99076
7033653,2,1,0.43598,0.54685,0.01717
32430224,2,2,0.00658,0.06153,0.93189
34904256,2,2,0.00205,0.01453,0.98342
19813707,2,1,0.02237,0.65897,0.31866
30201227,2,2,0.00222,0.01304,0.98474
13276492,2,2,0.00166,0.00805,0.99029
15187135,2,2,0.00564,0.03079,0.96357
22825539,2,2,0.00219,0.01059,0.98722
31852943,2,2,0.0024,0.01414,0.98346
20385888,2,2,0.00133,0.00981,0.98886
22044679,2,1,0.04236,0.50405,0.4536
20403762,2,2,0.00555,0.07612,0.91833
21488915,2,2,0.00128,0.00457,0.99415
26542576,2,2,0.00203,0.0082,0.98976
16709547,2,2,0.00712,0.01555,0.97733
34720136,2,2,0.00253,0.00632,0.99114
20729387,2,2,0.00555,0.06071,0.93373
4207532,2,2,0.02267,0.19056,0.78677
33280502,2,2,0.00174,0.00745,0.99081
39963418,2,2,0.002,0.00984,0.98816
29351518,2,2,0.00138,0.00766,0.99097
20142973,2,2,0.00214,0.00449,0.99337
9471564,2,2,0.00177,0.00814,0.99009
5002633,2,2,0.00249,0.00705,0.99046
35737888,2,2,0.00547,0.04565,0.94888
12011117,2,2,0.00161,0.00876,0.98963
38797779,2,2,0.00719,0.17484,0.81797
37082167,2,2,0.00237,0.01153,0.98611
2316078,2,2,0.00295,0.01087,0.98618
33750179,2,0,0.49418,0.38038,0.12544
5767231,2,2,0.00216,0.00943,0.98841
11971902,2,2,0.00344,0.02791,0.96865
39065108,2,2,0.00172,0.00648,0.99181
40403594,2,2,0.00586,0.024,0.97014
21112975,2,2,0.10027,0.12024,0.77949
32818332,2,2,0.01073,0.21304,0.77623
31966596,2,2,0.01065,0.0377,0.95164
686226,2,2,0.00269,0.00798,0.98933
35754694,2,2,0.03941,0.09793,0.86266
6484044,2,1,0.02949,0.48715,0.48336
39635039,2,2,0.00772,0.16755,0.82473
18155854,2,2,0.00274,0.00756,0.98971
24754783,2,2,0.00245,0.01075,0.9868
22479748,2,2,0.00309,0.01042,0.98649
21250571,2,2,0.06875,0.22874,0.70251
36074002,2,2,0.00179,0.01023,0.98798
496159,2,2,0.03913,0.0348,0.92607
20176263,2,1,0.10779,0.76295,0.12926
37563779,2,2,0.00151,0.00711,0.99138
9777208,2,2,0.00168,0.01153,0.98679
577489,2,2,0.01153,0.12835,0.86013
37072072,2,2,0.00159,0.00429,0.99412
38585793,2,2,0.00478,0.01012,0.9851
34487160,2,2,0.00896,0.0767,0.91433
28252108,2,2,0.00154,0.00877,0.9897
17328450,2,2,0.00182,0.01255,0.98563
23014637,2,2,0.00489,0.0106,0.98451
38243197,2,2,0.00136,0.00479,0.99385
22828470,2,2,0.00166,0.00932,0.98902
31456801,2,2,0.00273,0.00869,0.98858
40153689,2,2,0.00163,0.01,0.98837
24338242,2,2,0.01146,0.19764,0.7909
8905431,2,2,0.00134,0.00429,0.99437
23033286,2,1,0.01694,0.53938,0.44368
29238449,2,1,0.11856,0.75374,0.1277
34977271,2,2,0.00222,0.01618,0.98161
10224729,2,2,0.0019,0.01144,0.98665
686881,2,2,0.00227,0.0089,0.98884
27554281,2,2,0.01867,0.0675,0.91383
31003679,2,2,0.01131,0.05438,0.93431
721616,2,2,0.00473,0.02151,0.97376
30245230,2,2,0.00276,0.01324,0.984
11901868,2,1,0.07483,0.83002,0.09515
13884084,2,2,0.00195,0.00559,0.99247
28012494,2,2,0.00222,0.0135,0.98428
29534999,2,2,0.00205,0.01371,0.98423
12053181,2,2,0.00318,0.01451,0.98231
7322792,2,2,0.00658,0.10452,0.8889
24053374,2,2,0.17294,0.10812,0.71894
27115509,2,2,0.00151,0.00863,0.98986
15817260,2,2,0.00138,0.00546,0.99316
15716409,2,2,0.00287,0.00699,0.99014
27119451,2,2,0.00166,0.00805,0.99029
22721680,2,1,0.07466,0.79957,0.12577
21871263,2,2,0.00166,0.00711,0.99123
38255905,2,2,0.01779,0.01104,0.97117
7348528,2,2,0.00179,0.00846,0.98974
17132794,2,2,0.00397,0.01045,0.98559
17968350,2,2,0.00136,0.00586,0.99278
36120156,2,2,0.00191,0.00648,0.99161
18935131,2,2,0.00373,0.00909,0.98718
18447698,2,2,0.00159,0.00453,0.99388
31410062,2,2,0.02224,0.21775,0.76001
29424910,2,2,0.00264,0.01259,0.98477
23115692,2,2,0.00602,0.08688,0.9071
38704356,2,2,0.00234,0.02381,0.97385
20126482,2,1,0.05558,0.87278,0.07164
6258562,2,2,0.01021,0.07105,0.91875
1728378,2,2,0.00201,0.0059,0.99209
27449252,2,2,0.02904,0.34024,0.63071
5347896,2,2,0.00214,0.01927,0.97859
33690304,2,1,0.45351,0.52609,0.0204
34510068,2,2,0.00215,0.03081,0.96704
11128,2,2,0.0067,0.02256,0.97074
31675311,2,2,0.00177,0.00493,0.99329
28710036,2,2,0.01035,0.07276,0.91689
6586943,2,2,0.00264,0.01152,0.98584
6061729,2,2,0.00269,0.0103,0.98701
7593350,2,2,0.00301,0.00613,0.99086
18255747,2,1,0.09692,0.75643,0.14664
37772935,2,2,0.00778,0.03461,0.95761
15782074,2,1,0.09269,0.669,0.23831
37666602,2,2,0.00132,0.00604,0.99264
38867393,2,2,0.00159,0.00638,0.99203
6361002,2,2,0.00175,0.00475,0.99351
12462242,2,1,0.2678,0.46635,0.26585
24781713,2,2,0.01658,0.04931,0.9341
37031080,2,2,0.00154,0.00684,0.99162
4138533,2,2,0.00269,0.02363,0.97368
22862217,2,2,0.00204,0.00572,0.99224
1323909,2,1,0.01721,0.49139,0.49139
20674939,2,2,0.00328,0.02949,0.96723
19188411,2,2,0.00164,0.00762,0.99074
26625317,2,2,0.00893,0.02872,0.96235
32369099,2,0,0.83868,0.1388,0.02253
27921053,2,2,0.0032,0.00823,0.98858
18520368,2,2,0.00156,0.01084,0.9876
4655275,2,2,0.00383,0.03039,0.96579
37408992,2,2,0.00171,0.00973,0.98856
22613374,2,2,0.00164,0.00599,0.99237
9918616,2,2,0.00187,0.01194,0.98619
3495800,2,2,0.00717,0.00885,0.98398
8189555,2,2,0.0707,0.03548,0.89382
8572686,2,2,0.00159,0.00783,0.99058
27995926,2,2,0.00161,0.00863,0.98976
32545186,2,2,0.00897,0.07651,0.91452
13947890,2,2,0.00163,0.00954,0.98882
26913584,2,2,0.00127,0.0079,0.99083
2562802,2,2,0.0106,0.04275,0.94666
27641952,2,1,0.06907,0.81881,0.11212
40112792,2,2,0.00171,0.00918,0.98911
28828360,2,2,0.00535,0.05219,0.94246
5082280,2,2,0.00446,0.01044,0.9851
40273406,2,2,0.00213,0.00756,0.99031
24840514,2,2,0.00204,0.00705,0.99091
14202790,2,0,0.5676,0.41852,0.01388
21590002,2,2,0.00296,0.00842,0.98862
27287616,2,2,0.0043,0.05164,0.94405
17147954,2,2,0.00213,0.01031,0.98757
41081230,2,2,0.01522,0.02832,0.95646
17419097,2,2,0.00179,0.01114,0.98707
37388004,2,2,0.00321,0.01793,0.97886
14909890,2,2,0.23882,0.35572,0.40546
29608341,2,2,0.0175,0.01193,0.97056
24434045,2,2,0.00603,0.01894,0.97504
20841375,2,2,0.00212,0.01551,0.98237
7737561,2,2,0.00232,0.01533,0.98235
9448863,2,2,0.01047,0.11795,0.87158
12363782,2,2,0.00179,0.0108,0.98741
19694014,2,2,0.00604,0.01011,0.98386
28957450,2,2,0.00257,0.00999,0.98745
23797603,2,2,0.00158,0.01162,0.9868
23161428,2,2,0.0023,0.01075,0.98695
36626042,2,2,0.00485,0.04232,0.95284
9422659,2,2,0.07313,0.12199,0.80488
8612431,2,2,0.00203,0.01007,0.9879
26318670,2,2,0.00171,0.0129,0.9854
38566250,2,2,0.00246,0.00699,0.99055
2234748,2,2,0.20285,0.2479,0.54925
23816362,2,2,0.04401,0.11259,0.8434
39484603,2,2,0.00643,0.0239,0.96967
13927193,2,0,0.76519,0.21668,0.01814
33443181,2,2,0.00285,0.0303,0.96685
32386840,2,2,0.01996,0.06928,0.91076
30618423,2,1,0.03891,0.73412,0.22698
31096228,2,2,0.00555,0.06071,0.93373
21425175,2,2,0.0029,0.01147,0.98562
21291275,2,2,0.00132,0.0055,0.99318
25543450,2,2,0.00357,0.02285,0.97358
861206,2,2,0.00953,0.11909,0.87138
32171657,2,2,0.00276,0.01474,0.9825
16731296,2,2,0.00532,0.0431,0.95159
38751774,2,2,0.11923,0.37087,0.5099
2435248,2,2,0.00667,0.03387,0.95946
27644398,2,2,0.08236,0.17206,0.74558
15501313,2,2,0.00497,0.00937,0.98566
34487288,2,2,0.00346,0.00603,0.99051
9234931,2,2,0.003,0.00968,0.98732
19162285,2,2,0.00185,0.02374,0.97441
32095721,2,2,0.00245,0.02507,0.97248
35985957,2,2,0.00935,0.02208,0.96857
19534870,2,2,0.0018,0.00482,0.99338
37717275,2,2,0.0014,0.00847,0.99014
21152330,2,2,0.00149,0.00546,0.99305
12889727,2,2,0.00169,0.00695,0.99137
31174351,2,2,0.00787,0.02368,0.96845
4469462,2,2,0.00369,0.03615,0.96016
40699680,2,2,0.00303,0.0136,0.98337
10067283,2,2,0.0018,0.00739,0.99081
33781675,2,2,0.00503,0.01316,0.98181
37510827,2,2,0.0017,0.01813,0.98018
41256408,2,2,0.00469,0.02929,0.96603
29652665,2,2,0.002,0.00711,0.99089
11947121,2,2,0.00192,0.01714,0.98093
31704750,2,2,0.01015,0.09078,0.89908
21681617,2,2,0.00348,0.01699,0.97954
16748802,2,2,0.00236,0.01624,0.9814
17032774,2,2,0.00263,0.01687,0.9805
28536548,2,2,0.00158,0.00966,0.98876
19802700,2,1,0.18612,0.70999,0.10389
34518859,2,2,0.00377,0.0149,0.98133
18903331,2,2,0.00498,0.03128,0.96374
21361742,2,2,0.07382,0.04077,0.88541
17219637,2,2,0.00301,0.00678,0.99022
28090447,2,2,0.0118,0.07999,0.90822
1166758,2,2,0.00151,0.00984,0.98865
36882358,2,2,0.00991,0.03301,0.95708
10025298,2,2,0.00185,0.01035,0.9878
30866017,2,1,0.23227,0.56375,0.20398
3341636,2,2,0.00933,0.15111,0.83956
6311843,2,1,0.04789,0.86903,0.08307
5980747,2,2,0.00362,0.0384,0.95798
38817626,2,1,0.1841,0.7683,0.0476
17701440,2,2,0.00183,0.00521,0.99296
19495336,2,2,0.00249,0.00699,0.99051
17351196,2,2,0.0014,0.00717,0.99143
19664197,2,2,0.00644,0.03779,0.95577
41557150,2,2,0.00203,0.00768,0.99029
10194448,2,1,0.23494,0.71523,0.04983
35377794,2,2,0.00846,0.14198,0.84956
18204865,2,2,0.00223,0.00965,0.98812
30187333,2,2,0.00301,0.00732,0.98967
37018442,2,2,0.00144,0.00796,0.9906
34968374,2,2,0.00172,0.00673,0.99155
37403726,2,2,0.01047,0.11795,0.87158
8293382,2,2,0.00306,0.00445,0.99248
18057371,2,2,0.00461,0.01553,0.97986
5851713,2,2,0.00466,0.02071,0.97464
17251344,2,2,0.00438,0.03586,0.95977
2384428,2,2,0.00457,0.03983,0.9556
30937045,2,2,0.00372,0.07081,0.92547
39128822,2,2,0.02772,0.3111,0.66118
2547586,2,2,0.00396,0.01297,0.98308
26642248,2,2,0.00656,0.02051,0.97293
31655056,2,2,0.00254,0.00513,0.99234
8884508,2,2,0.00309,0.01206,0.98485
24429426,2,2,0.00164,0.00614,0.99223
27481662,2,2,0.00205,0.01403,0.98391
24917151,2,2,0.00545,0.01136,0.98319
19138752,2,1,0.27916,0.40628,0.31456
8346792,2,2,0.00251,0.01562,0.98186
17478130,2,2,0.00336,0.02073,0.97591
9484717,2,0,0.63015,0.2225,0.14735
3309542,2,2,0.0018,0.00722,0.99098
25037277,2,2,0.00225,0.01795,0.97981
17466992,2,2,0.00244,0.01387,0.98369
30070570,2,2,0.00271,0.01574,0.98154
29125590,2,2,0.00455,0.02777,0.96767
24803730,2,2,0.0118,0.30786,0.68035
9172684,2,2,0.00118,0.0076,0.99122
37280222,2,2,0.03185,0.17187,0.79627
21304867,2,2,0.00886,0.1424,0.84875
38244158,2,2,0.00185,0.01208,0.98608
7815495,2,2,0.00237,0.01279,0.98484
9803331,2,2,0.00594,0.05526,0.9388
39909012,2,2,0.00277,0.00946,0.98777
35570665,2,2,0.00167,0.00542,0.99292
18786281,2,1,0.03047,0.84317,0.12636
5536815,2,2,0.04243,0.23434,0.72323
17626394,2,2,0.00138,0.00918,0.98944
35872216,2,2,0.00249,0.00889,0.98862
38210936,2,2,0.00279,0.01997,0.97724
34445053,2,2,0.00164,0.00379,0.99457
13773466,2,2,0.00216,0.01015,0.98769
25717395,2,2,0.00337,0.03248,0.96415
16752407,2,2,0.00156,0.00695,0.99149
41283553,2,2,0.00132,0.00731,0.99138
28622065,2,2,0.00995,0.16129,0.82875
18586636,2,2,0.00161,0.00856,0.98983
25905316,2,2,0.01717,0.43598,0.54685
1342804,2,2,0.00161,0.00805,0.99034
9546220,2,2,0.00156,0.00973,0.98871
24818065,2,2,0.00495,0.01421,0.98084
38742776,2,2,0.00739,0.04009,0.95252
25995529,2,2,0.00263,0.01463,0.98273
287344,2,2,0.00237,0.01153,0.98611
6376977,2,2,0.008,0.05254,0.93946
30063851,2,2,0.01374,0.28698,0.69928
24261919,2,1,0.14511,0.70458,0.15031
26992090,2,2,0.01047,0.11795,0.87158
4161005,2,2,0.00549,0.01895,0.97556
40477514,2,2,0.02053,0.36531,0.61417
34593716,2,2,0.00255,0.01392,0.98353
13107136,2,2,0.00264,0.01175,0.98561
30839407,2,2,0.00224,0.00618,0.99158
24884649,2,2,0.00299,0.01139,0.98562
36589565,2,2,0.0012,0.00568,0.99312
32114512,2,2,0.00169,0.00546,0.99285
35432058,2,2,0.01117,0.24738,0.74144
28718612,2,2,0.00144,0.00947,0.98909
21751555,2,2,0.00426,0.01536,0.98038
13802050,2,2,0.00411,0.03724,0.95865
41470927,2,2,0.00765,0.0514,0.94095
12979474,2,2,0.04698,0.06652,0.8865
17531,2,2,0.00245,0.02372,0.97383
31304454,2,2,0.01153,0.12835,0.86013
23829652,2,2,0.00168,0.00981,0.98851
40928464,2,0,0.73457,0.24895,0.01648
5831673,2,2,0.00227,0.00756,0.99017
24196393,2,2,0.00246,0.00478,0.99276
29502374,2,2,0.00169,0.00705,0.99126
24166169,2,2,0.00131,0.01035,0.98833
8954225,2,2,0.00259,0.01681,0.98061
19521590,2,2,0.00384,0.02645,0.9697
37051582,2,2,0.00227,0.00678,0.99095
7696096,2,2,0.00412,0.01013,0.98575
27100395,2,2,0.00367,0.0099,0.98643
13411853,2,2,0.00202,0.01533,0.98265
27105906,2,2,0.00286,0.00961,0.98753
36802080,2,2,0.00274,0.03565,0.96161
11021264,2,2,0.00179,0.00965,0.98855
2561736,2,2,0.01282,0.27084,0.71635
29236189,2,2,0.00321,0.01863,0.97816
2453683,2,2,0.00134,0.00648,0.99218
1384149,2,2,0.00203,0.00869,0.98927
18176930,2,2,0.00159,0.00673,0.99168
1509400,2,2,0.00279,0.02035,0.97686
11594600,2,2,0.00299,0.0443,0.95271
2203335,2,2,0.07438,0.09739,0.82824
22826195,2,2,0.00258,0.00608,0.99134
23046889,2,2,0.01006,0.0412,0.94874
5080455,2,2,0.0014,0.00811,0.99049
8423561,2,2,0.00282,0.02454,0.97264
26917948,2,2,0.00129,0.0088,0.98991
40097218,2,2,0.00332,0.03063,0.96604
25355726,2,2,0.00274,0.00525,0.99201
24256636,2,2,0.10795,0.2044,0.68765
35670975,2,2,0.00166,0.00915,0.9892
4816264,2,2,0.00114,0.00658,0.99227
7121,2,2,0.13167,0.21517,0.65317
5239270,2,2,0.02913,0.03597,0.9349
25844315,2,2,0.01524,0.01178,0.97298
40617333,2,2,0.00169,0.00668,0.99163
31640327,2,2,0.02417,0.0475,0.92833
25958975,2,2,0.00902,0.15317,0.83781
16259392,2,2,0.00666,0.03531,0.95803
38721494,2,2,0.01836,0.1373,0.84434
40477578,2,2,0.13172,0.18485,0.68344
34622361,2,2,0.26193,0.29786,0.44021
5280910,2,2,0.00174,0.00599,0.99226
13781373,2,2,0.00549,0.01136,0.98315
38430960,2,2,0.00187,0.0127,0.98543
4436598,2,2,0.00156,0.00568,0.99276
29597281,2,2,0.00296,0.00652,0.99052
19127034,2,1,0.39525,0.56177,0.04298
30266399,2,2,0.00359,0.01579,0.98062
32510274,2,2,0.0103,0.15888,0.83083
17250856,2,2,0.00497,0.01716,0.97787
3378482,2,2,0.00151,0.00739,0.99109
22752136,2,2,0.02128,0.03779,0.94093
38223613,2,2,0.00214,0.00618,0.99168
34060606,2,2,0.15558,0.17255,0.67187
827303,2,2,0.00203,0.01222,0.98576
17421133,2,2,0.04038,0.34745,0.61218
22359808,2,2,0.00228,0.00501,0.99271
29396693,2,2,0.00318,0.01333,0.98349
31405876,2,2,0.00177,0.00745,0.99078
22890549,2,2,0.0043,0.02314,0.97256
3304309,2,2,0.0022,0.00554,0.99225
16355862,2,2,0.00227,0.00804,0.98969
22018876,2,2,0.00186,0.00559,0.99255
30883453,2,2,0.03979,0.10944,0.85077
35616383,2,2,0.00198,0.00525,0.99277
24825599,2,2,0.00194,0.01055,0.98751
33392271,2,2,0.00131,0.00772,0.99097
1399502,2,2,0.00184,0.01305,0.98511
8885467,2,2,0.00286,0.01188,0.98526
36225927,2,2,0.01788,0.04339,0.93873
20765170,2,2,0.00237,0.01153,0.98611
14422621,2,2,0.00334,0.01029,0.98636
23306355,2,2,0.00159,0.00679,0.99163
5002527,2,2,0.00752,0.02342,0.96906
9561934,2,2,0.24158,0.33206,0.42637
41217930,2,2,0.01047,0.11795,0.87158
8970050,2,2,0.0021,0.00533,0.99256
35017992,2,2,0.00333,0.01354,0.98313
26020335,2,2,0.00732,0.10609,0.88659
34713112,2,2,0.0014,0.00586,0.99274
25077628,2,2,0.00283,0.00678,0.9904
2096043,2,2,0.00223,0.00856,0.98921
14482141,2,2,0.00214,0.0059,0.99197
23543100,2,2,0.00193,0.01135,0.98671
20341584,2,2,0.00601,0.07325,0.92073
11266126,2,2,0.00138,0.00614,0.99248
29846499,2,2,0.00977,0.08266,0.90757
10231535,2,2,0.04492,0.10084,0.85424
33151123,2,2,0.00457,0.02287,0.97255
6644768,2,2,0.00256,0.01226,0.98518
12876253,2,2,0.01158,0.01691,0.97151
8126355,2,2,0.00472,0.05274,0.94255
35288679,2,2,0.00118,0.00717,0.99165
19692333,2,2,0.00171,0.00943,0.98886
13735887,2,2,0.00304,0.01117,0.98579
15433175,2,2,0.00881,0.13404,0.85715
11799523,2,1,0.29828,0.65534,0.04637
34902202,2,2,0.00134,0.00668,0.99198
5588889,2,2,0.00526,0.02277,0.97197
6372964,2,2,0.00169,0.00633,0.99198
35388805,2,2,0.00269,0.00889,0.98842
32178339,2,2,0.00552,0.03698,0.9575
14551166,2,2,0.00236,0.01371,0.98393
41327000,2,2,0.00541,0.01004,0.98455
37956963,2,2,0.00451,0.0072,0.98829
1175139,2,1,0.21056,0.75087,0.03857
33792568,2,2,0.0015,0.01315,0.98534
33453527,2,2,0.00227,0.00849,0.98924
9930234,2,2,0.00145,0.00494,0.99362
29375935,2,2,0.00316,0.01951,0.97733
39177123,2,0,0.4197,0.33429,0.24601
39802846,2,2,0.00506,0.01607,0.97887
14885059,2,2,0.14394,0.1892,0.66686
23742512,2,2,0.00128,0.00568,0.99304
39130070,2,2,0.004,0.01812,0.97788
22463745,2,2,0.00204,0.02186,0.9761
27746932,2,2,0.0017,0.01638,0.98193
17387108,2,1,0.29157,0.52436,0.18407
7529974,2,2,0.00246,0.00662,0.99092
15899074,2,2,0.00198,0.00604,0.99199
17403034,2,2,0.00278,0.02322,0.974
22361383,2,2,0.00742,0.03602,0.95656
12733478,2,1,0.03637,0.51001,0.45361
14029628,2,2,0.00341,0.00693,0.98966
35357628,2,2,0.00116,0.00471,0.99412
24845391,2,2,0.00758,0.04467,0.94774
35045574,2,2,0.00281,0.01143,0.98576
28010610,2,2,0.00149,0.0087,0.98981
603736,2,2,0.01164,0.13298,0.85538
34451814,2,2,0.00509,0.03966,0.95525
2825904,2,2,0.00185,0.0075,0.99064
22276768,2,2,0.00487,0.02209,0.97303
19126785,2,2,0.00614,0.0383,0.95555
24714606,2,2,0.00138,0.00453,0.99409
350766,2,2,0.00248,0.01436,0.98317
25800980,2,2,0.00494,0.01683,0.97823
2442358,2,2,0.00408,0.01317,0.98275
1030633,2,1,0.04157,0.67097,0.28746
35989863,2,2,0.00232,0.01829,0.97939
27167154,2,2,0.0046,0.04804,0.94736
23866965,2,2,0.01355,0.16097,0.82548
28377308,2,2,0.00188,0.0095,0.98862
9262586,2,2,0.00166,0.00658,0.99176
27819786,2,2,0.00209,0.00988,0.98803
40730635,2,2,0.00166,0.00947,0.98887
12070814,2,2,0.00875,0.05636,0.93489
27317962,2,2,0.00202,0.03035,0.96763
22894050,2,1,0.35162,0.59812,0.05026
9362808,2,2,0.00179,0.01063,0.98758
4269798,2,2,0.0031,0.00862,0.98829
30457863,2,2,0.00528,0.01902,0.97569
16371132,2,2,0.02698,0.16577,0.80724
35412795,2,2,0.00372,0.02722,0.96906
21942370,2,2,0.00221,0.00525,0.99255
17527346,2,1,0.06702,0.88971,0.04327
5748633,2,2,0.00403,0.01086,0.98512
16405772,2,2,0.00921,0.022,0.9688
39007688,2,2,0.0034,0.02495,0.97165
29334978,2,2,0.00375,0.01827,0.97798
38787654,2,1,0.03266,0.68742,0.27992
4483290,2,2,0.00146,0.01367,0.98487
29753026,2,2,0.00816,0.078,0.91384
33594129,2,2,0.00919,0.1106,0.88021
20868940,2,2,0.002,0.01175,0.98625
33990771,2,2,0.00417,0.05251,0.94332
15404706,2,2,0.002,0.00792,0.99007
40442077,2,2,0.00377,0.0149,0.98133
7244864,2,2,0.00198,0.00638,0.99165
39122117,2,2,0.00156,0.00546,0.99297
30489930,2,2,0.00169,0.01906,0.97925
38411121,2,2,0.00183,0.00663,0.99154
18352488,2,2,0.00627,0.011,0.98273
21203616,2,2,0.00156,0.00739,0.99105
9862579,2,2,0.15826,0.2468,0.59494
37735963,2,2,0.00124,0.00714,0.99162
28887741,2,2,0.00253,0.00817,0.9893
1475157,2,2,0.02196,0.011,0.96705
13409247,2,1,0.0204,0.5601,0.4195
18884698,2,2,0.00249,0.00889,0.98862
5261206,2,2,0.00307,0.01814,0.97879
23473755,2,1,0.11357,0.84081,0.04562
19240319,2,2,0.06256,0.19293,0.7445
38892961,2,2,0.00144,0.007,0.99155
7931331,2,2,0.06064,0.37733,0.56203
27460307,2,2,0.00433,0.01639,0.97928
19783817,2,2,0.0027,0.0216,0.9757
13994804,2,2,0.00244,0.01329,0.98427
9531566,2,2,0.00223,0.01075,0.98702
24220769,2,1,0.06838,0.84946,0.08216
35219507,2,2,0.0018,0.00814,0.99006
29052948,2,2,0.00561,0.01315,0.98124
29271686,2,2,0.00159,0.00614,0.99228
18270897,2,2,0.00253,0.00965,0.98783
717352,2,2,0.00173,0.01203,0.98623
29884741,2,2,0.00421,0.01257,0.98322
2055602,2,2,0.10695,0.136,0.75705
13318862,2,2,0.00214,0.0055,0.99236
32290408,2,2,0.00216,0.00856,0.98928
37108887,2,2,0.00646,0.06459,0.92895
25009616,2,2,0.06021,0.12784,0.81195
9413866,2,2,0.00174,0.00745,0.99081
16661532,2,2,0.008,0.13712,0.85488
37809372,2,2,0.00237,0.01153,0.98611
24934252,2,2,0.00484,0.04263,0.95252
28907863,2,2,0.00304,0.0283,0.96867
14134912,2,2,0.00262,0.035,0.96238
4897382,2,2,0.00323,0.01249,0.98428
14660328,2,2,0.00264,0.01096,0.9864
30135379,2,2,0.00345,0.00829,0.98826
37795796,2,1,0.13619,0.83998,0.02383
9092090,2,2,0.00152,0.00505,0.99343
33574397,2,2,0.00287,0.03738,0.95975
28233484,2,2,0.00224,0.01912,0.97864
16914990,2,2,0.09976,0.17736,0.72288
13879965,2,2,0.00301,0.00637,0.99062
22087640,2,2,0.0021,0.00768,0.99022
3886112,2,2,0.00238,0.00856,0.98907
38595347,2,2,0.0088,0.12103,0.87017
8803593,2,0,0.80523,0.1738,0.02096
38292753,2,2,0.00392,0.0217,0.97438
37557963,2,2,0.00337,0.03348,0.96316
14042393,2,2,0.00458,0.02152,0.9739
2002989,2,2,0.00872,0.01471,0.97657
34320021,2,2,0.00307,0.018,0.97893
35122731,2,2,0.31766,0.27605,0.40629
12162830,2,2,0.01017,0.02266,0.96717
13391360,2,2,0.00118,0.00863,0.99019
40792170,2,2,0.00386,0.05278,0.94336
24617035,2,2,0.01399,0.02012,0.96588
24520823,2,2,0.0018,0.00568,0.99252
10237101,2,2,0.00611,0.02913,0.96476
25201156,2,2,0.00171,0.00876,0.98952
2611327,2,2,0.0124,0.04754,0.94006
13508121,2,2,0.02961,0.03462,0.93576
8362842,2,2,0.00454,0.10346,0.892
9044140,2,2,0.00329,0.00917,0.98754
25486739,2,2,0.00357,0.00791,0.98853
25367602,2,2,0.00665,0.02973,0.96362
1929300,2,2,0.00299,0.02709,0.96992
36219950,2,2,0.00231,0.00567,0.99202
6527513,2,2,0.00959,0.08572,0.90469
36422375,2,2,0.00164,0.00673,0.99163
24556927,2,2,0.00111,0.00695,0.99194
13149774,2,2,0.00781,0.02423,0.96796
25893572,2,2,0.02015,0.03899,0.94087
35829869,2,2,0.00166,0.00711,0.99123
16097607,2,2,0.0039,0.05735,0.93875
903206,2,2,0.00191,0.00929,0.9888
24555817,2,2,0.00854,0.04228,0.94918
5364841,2,2,0.01482,0.05359,0.93158
2099218,2,2,0.00224,0.0355,0.96226
14339255,2,2,0.06409,0.17921,0.75671
11547110,2,2,0.00225,0.01662,0.98113
37027887,2,2,0.00265,0.0098,0.98756
39837656,2,2,0.00301,0.00485,0.99213
36897507,2,2,0.02084,0.02827,0.95089
28495526,2,2,0.31103,0.09412,0.59485
14394302,2,2,0.00122,0.00609,0.99269
35763294,2,2,0.00233,0.01324,0.98443
10817859,2,2,0.00269,0.011,0.98632
26466741,2,2,0.00185,0.00911,0.98904
33352649,2,2,0.00278,0.00571,0.9915
31147480,2,2,0.00214,0.00613,0.99173
31010992,2,2,0.00514,0.04593,0.94894
19758197,2,2,0.00345,0.02388,0.97267
27363195,2,2,0.00153,0.00897,0.98949
21320054,2,2,0.00161,0.00689,0.9915
17466865,2,1,0.03823,0.64164,0.32013
2376803,2,2,0.00344,0.01112,0.98544
41267819,2,1,0.05378,0.63004,0.31618
29781093,2,2,0.00501,0.01703,0.97796
10515800,2,1,0.04989,0.60782,0.34229
23098207,2,2,0.00262,0.00558,0.9918
24880327,2,2,0.00149,0.00673,0.99177
36667047,2,2,0.00198,0.00599,0.99203
392170,2,2,0.00177,0.00638,0.99185
27826051,2,2,0.00188,0.00999,0.98813
2681214,2,2,0.02343,0.04064,0.93593
18565423,2,2,0.0082,0.02907,0.96273
29695202,2,2,0.00177,0.00618,0.99205
17947166,2,1,0.1294,0.65973,0.21086
37873354,2,2,0.0022,0.00798,0.98982
39895188,2,2,0.00134,0.00486,0.9938
40702550,2,2,0.0056,0.02338,0.97103
21539094,2,2,0.00237,0.00976,0.98787
27652438,2,2,0.00182,0.01047,0.98771
16497217,2,2,0.00154,0.00658,0.99188
12522074,2,2,0.00287,0.00678,0.99035
8383348,2,2,0.00188,0.00999,0.98813
36263358,2,2,0.00163,0.00837,0.99
33222669,2,2,0.00177,0.00856,0.98967
19852836,2,2,0.00177,0.00808,0.99015
502376,2,2,0.01047,0.11795,0.87158
20858033,2,2,0.00216,0.00863,0.98921
9690978,2,2,0.00223,0.00904,0.98873
