item_id,y,pred,p_neg,p_neu,p_pos
20024997,2,2,0.03175,0.43767,0.53058
1970494,1,0,0.79952,0.10475,0.09573
21169967,0,2,0.26948,0.1466,0.58392
30573840,0,0,0.72084,0.26273,0.01643
26780676,2,2,0.00964,0.0657,0.92466
29200636,2,1,0.02788,0.49351,0.47861
3161564,2,2,0.04221,0.06315,0.89464
21800112,0,0,0.88945,0.09377,0.01678
16216949,0,0,0.48825,0.31521,0.19655
24553794,2,2,0.05917,0.23149,0.70934
16670677,2,2,0.12508,0.19231,0.68261
12122076,2,1,0.18049,0.52091,0.2986
32700091,2,2,0.00721,0.02927,0.96352
20088078,2,1,0.07475,0.52208,0.40317
11388486,2,2,0.00294,0.21594,0.78111
29331876,0,0,0.6379,0.30634,0.05577
6836482,2,2,0.00134,0.00454,0.99412
7674736,2,2,0.01782,0.13446,0.84772
37674941,2,2,0.01258,0.06375,0.92367
19907872,0,0,0.98594,0.00911,0.00495
19285231,2,2,0.01302,0.02808,0.9589
11975430,2,2,0.06023,0.07402,0.86574
2394899,2,0,0.46766,0.25602,0.27632
4773732,1,0,0.49731,0.30522,0.19747
21139325,0,0,0.61797,0.37269,0.00934
11135136,2,2,0.03641,0.01248,0.9511
39719468,2,2,0.24824,0.1887,0.56307
13053431,2,2,0.00319,0.01997,0.97685
21337324,2,2,0.03675,0.02392,0.93933
5140633,2,1,0.04306,0.8324,0.12455
4258752,2,2,0.00255,0.05932,0.93813
11862286,2,2,0.01459,0.09735,0.88806
4965230,2,2,0.40452,0.0864,0.50908
17460813,2,2,0.03457,0.06486,0.90057
10901666,2,2,0.01114,0.05857,0.93029
334297,2,1,0.13277,0.51187,0.35536
33122586,2,2,0.24824,0.1887,0.56307
20972484,0,0,0.8434,0.14735,0.00926
31507213,2,2,0.00456,0.27969,0.71575
25859363,0,0,0.59819,0.24886,0.15296
40859698,0,0,0.64109,0.16798,0.19093
30240162,0,0,0.70774,0.05591,0.23636
14585960,2,2,0.1312,0.12534,0.74346
21555591,2,2,0.01896,0.08941,0.89163
28781771,2,2,0.07802,0.15655,0.76543
36409131,2,2,0.11878,0.42377,0.45745
16220547,2,2,0.39333,0.16772,0.43895
20095898,2,2,0.0037,0.01025,0.98604
16586532,0,0,0.97706,0.02227,0.00067
30518310,2,2,0.04534,0.17614,0.77852
40899538,0,0,0.71988,0.26941,0.01071
40982758,0,0,0.76179,0.21549,0.02272
25422662,2,2,0.00235,0.01195,0.9857
10242259,0,0,0.50801,0.40666,0.08534
17868322,0,0,0.74119,0.2521,0.0067
33872818,2,2,0.03093,0.15733,0.81174
39140377,0,0,0.5048,0.3849,0.1103
25064568,2,2,0.09706,0.17229,0.73065
17209346,2,2,0.09077,0.30454,0.60468
25303985,2,0,0.59179,0.07155,0.33666
27206457,2,2,0.00465,0.07252,0.92283
17609093,2,2,0.08329,0.01503,0.90168
16523159,2,2,0.00576,0.01246,0.98178
28974668,2,2,0.00548,0.02447,0.97004
29180939,2,2,0.00318,0.02459,0.97223
28009127,1,0,0.59109,0.34063,0.06829
23528009,1,1,0.33073,0.60015,0.06912
1275183,2,2,0.01385,0.12028,0.86587
12372467,2,2,0.00029,0.00515,0.99456
30845494,2,1,0.1062,0.50445,0.38935
3114296,2,2,0.05757,0.05244,0.88999
8123065,2,1,0.03439,0.74932,0.21629
3583043,1,2,0.15019,0.07975,0.77006
21367437,2,1,0.07602,0.51875,0.40523
14383542,1,2,0.09238,0.17892,0.7287
11588612,2,2,0.00983,0.06241,0.92776
17066067,2,2,0.07014,0.19406,0.73579
41525915,2,2,0.04829,0.05255,0.89917
10507393,2,2,0.00304,0.02102,0.97594
2849466,0,1,0.22978,0.72785,0.04236
7856370,2,2,0.00858,0.07094,0.92049
23094148,2,1,0.02704,0.64455,0.3284
34720569,2,2,0.03168,0.08313,0.88519
24943573,2,2,0.01791,0.08516,0.89693
25488335,0,0,0.86411,0.11,0.0259
41085792,0,0,0.90185,0.07806,0.02009
21674045,2,2,0.00725,0.08732,0.90543
40275905,0,0,0.57092,0.36294,0.06614
442675,2,2,0.37761,0.09584,0.52655
19935264,2,2,0.34126,0.19936,0.45939
24897226,2,2,0.05959,0.10148,0.83894
10709131,2,2,0.00157,0.01769,0.98073
14343129,2,2,0.00024,0.02683,0.97293
8449917,2,2,0.00853,0.0607,0.93077
2617690,2,2,0.00383,0.05724,0.93894
31811239,2,2,0.00034,0.00269,0.99697
40817223,2,2,0.204,0.17645,0.61954
41279271,1,1,0.09752,0.7335,0.16898
40810958,0,0,0.42407,0.19868,0.37725
2651926,2,2,0.00057,0.0428,0.95664
13194570,0,0,0.83037,0.14822,0.02141
17303626,2,2,0.00059,0.03851,0.9609
27293193,0,0,0.46133,0.38364,0.15503
5717078,2,2,0.03032,0.28156,0.68811
26804936,1,1,0.03086,0.82546,0.14368
9359027,2,2,0.03746,0.08774,0.87481
28186920,2,2,0.03953,0.07982,0.88065
9669157,2,2,0.02891,0.20834,0.76275
37872042,0,0,0.76684,0.21316,0.02
7767774,2,1,0.25726,0.48879,0.25395
27983307,2,0,0.53863,0.07891,0.38246
403261,2,2,0.00247,0.01443,0.9831
20808,2,2,0.01313,0.02771,0.95916
18170369,2,2,0.0242,0.04018,0.93562
10530946,2,2,0.06167,0.2144,0.72393
8702244,2,2,0.0,0.00013,0.99987
21302304,1,1,0.4088,0.51167,0.07953
39243083,2,2,0.01838,0.01504,0.96657
17330563,2,2,0.00791,0.31625,0.67584
11558532,0,0,0.5561,0.24028,0.20362
30978866,2,2,0.00538,0.1756,0.81902
7887119,2,1,0.13451,0.49565,0.36984
20382888,0,0,0.91696,0.07935,0.00369
25991727,2,2,0.09388,0.1911,0.71502
9592880,2,2,0.06975,0.12479,0.80546
548101,2,2,0.00098,0.00737,0.99165
16066261,0,1,0.35153,0.63163,0.01683
5714597,2,2,0.2725,0.12634,0.60116
14281583,2,1,0.01956,0.52204,0.4584
7956490,2,2,0.00562,0.00151,0.99287
15012367,0,2,0.11742,0.15097,0.7316
25167156,0,0,0.71614,0.19368,0.09018
2553232,1,1,0.25676,0.68964,0.0536
20397515,2,2,0.11169,0.07874,0.80957
8625189,2,2,0.34754,0.12977,0.52269
16959903,2,2,0.25781,0.16709,0.5751
15396408,2,2,0.09773,0.10614,0.79612
15711675,2,2,0.05549,0.18484,0.75967
40114489,0,0,0.91611,0.06646,0.01743
21275547,2,2,0.00144,0.02079,0.97777
27098575,2,2,0.00232,0.01038,0.9873
5781254,2,2,0.03319,0.023,0.94381
4877402,2,0,0.76548,0.14651,0.08801
35119988,2,1,0.24335,0.46948,0.28717
12182371,2,2,0.06408,0.1187,0.81722
35312208,2,2,0.0,0.00025,0.99975
40067665,0,0,0.96934,0.02927,0.00139
16297454,0,0,0.79047,0.15128,0.05825
20693325,2,0,0.36382,0.29255,0.34364
34358223,2,1,0.19249,0.6782,0.1293
24541751,2,2,0.0182,0.01481,0.96699
14929254,2,2,0.13783,0.40423,0.45794
22748080,1,1,0.04642,0.84285,0.11073
34347469,1,2,0.06251,0.13195,0.80555
37150333,2,1,0.07092,0.60274,0.32634
23549105,2,2,0.00385,0.04617,0.94998
23999911,2,2,0.38158,0.16142,0.457
13723993,2,2,0.01353,0.136,0.85046
1285123,2,2,0.01047,0.04499,0.94454
26770437,0,0,0.87847,0.05938,0.06215
32183390,0,0,0.81472,0.13943,0.04586
32148350,2,2,3e-05,0.00209,0.99788
16021634,2,2,0.00987,0.03432,0.95581
17905069,2,2,0.01433,0.42283,0.56285
17777961,2,1,0.33913,0.45726,0.20362
33827043,2,2,0.02898,0.01456,0.95646
21864482,2,2,0.01916,0.32475,0.65609
9151760,2,1,0.04552,0.64901,0.30547
19427052,2,2,0.0086,0.01132,0.98008
6926765,2,2,0.00078,0.03461,0.96462
22569095,2,2,0.00223,0.01725,0.98053
20995188,2,2,0.12098,0.02713,0.85189
33240495,0,1,0.22063,0.64024,0.13913
25284960,1,1,0.28256,0.50662,0.21082
4627226,2,2,0.30922,0.09646,0.59432
10645792,0,0,0.96206,0.02695,0.011
18473735,2,2,0.06838,0.08531,0.8463
23856383,0,0,0.92652,0.05659,0.0169
11961448,2,2,0.02027,0.14471,0.83503
2206075,2,2,0.1238,0.08975,0.78645
21002398,2,2,0.01763,0.15482,0.82755
40759042,0,0,0.66625,0.3011,0.03265
37140393,0,0,0.88617,0.08194,0.03188
37912630,2,2,0.00633,0.0123,0.98137
24479561,2,2,0.0204,0.02873,0.95087
35178471,1,2,0.09897,0.07049,0.83054
24345593,2,2,0.00089,0.00495,0.99416
33176181,2,2,0.03292,0.10883,0.85825
22779117,2,2,0.00081,0.01807,0.98113
15056908,1,0,0.9183,0.06268,0.01902
3959411,2,2,0.00365,0.01279,0.98356
8446470,2,2,0.00164,0.0116,0.98676
362060,2,2,0.01271,0.03852,0.94876
28453087,2,2,0.01366,0.00887,0.97747
10713878,2,2,0.1277,0.07698,0.79532
6181201,2,2,0.00023,0.0032,0.99656
22175122,2,2,0.00733,0.00441,0.98826
8576248,0,0,0.77376,0.16014,0.0661
32771611,0,0,0.73242,0.24943,0.01815
4069941,2,2,0.2454,0.29033,0.46427
34076716,2,2,0.00023,0.00054,0.99923
10054017,0,2,0.39408,0.16678,0.43914
40237886,0,0,0.68471,0.31461,0.00068
691449,2,2,0.03548,0.11394,0.85058
33130845,0,2,0.17823,0.19233,0.62944
22729204,0,1,0.33224,0.65708,0.01068
9453878,2,2,0.01009,0.03417,0.95574
21977345,2,2,0.07725,0.19057,0.73217
11055849,2,2,0.38555,0.11595,0.4985
21443951,0,0,0.66374,0.08278,0.25348
14236550,2,2,0.07819,0.21873,0.70308
28114798,2,2,0.05896,0.37084,0.57021
18079735,2,2,0.00842,0.02949,0.96209
1391801,2,0,0.43866,0.39198,0.16936
39317903,2,2,0.08617,0.25251,0.66132
39264693,2,2,0.01275,0.18811,0.79914
15089738,0,0,0.5841,0.38562,0.03028
13876322,0,0,0.71062,0.2646,0.02478
6027741,2,2,0.03946,0.03458,0.92596
15310757,2,2,0.01394,0.03857,0.94749
2282496,2,2,6e-05,0.00215,0.99779
12007886,2,2,0.0326,0.05134,0.91606
33551362,2,2,0.00791,0.31625,0.67584
24801174,2,2,0.00403,0.02248,0.97349
4224859,2,0,0.69865,0.24342,0.05792
15026414,2,2,0.04988,0.11594,0.83418
2389947,2,0,0.44073,0.18102,0.37825
21920694,2,2,0.00058,0.01175,0.98767
33506426,2,2,0.00314,0.01493,0.98194
9662808,2,2,0.04287,0.00596,0.95117
13377519,2,2,0.13442,0.05438,0.8112
17572015,0,0,0.66536,0.32873,0.0059
26019485,0,0,0.8953,0.10267,0.00203
8788741,2,2,0.04038,0.14862,0.811
36984334,2,2,0.15063,0.02322,0.82615
37414742,2,2,3e-05,0.00209,0.99788
39891346,0,0,0.77469,0.2073,0.01801
16055502,2,2,0.11877,0.17477,0.70646
38272328,2,2,0.05006,0.23054,0.7194
12027519,1,2,0.11619,0.1386,0.74521
24191297,2,2,0.00035,0.00065,0.999
15643606,2,2,0.00787,0.04231,0.94982
24444057,2,2,0.02939,0.15005,0.82055
27680126,1,1,0.16236,0.62886,0.20878
26985869,2,2,0.02332,0.06329,0.91339
39301932,2,2,0.02144,0.1649,0.81366
41477403,2,2,0.00187,0.00553,0.9926
38529271,2,2,0.033,0.07431,0.89269
39635656,0,0,0.99559,0.00401,0.00041
6029158,0,0,0.57904,0.28526,0.1357
8072117,2,2,0.00814,0.1021,0.88976
13847786,2,2,0.3107,0.28385,0.40545
15664783,2,2,0.00143,0.013,0.98557
7341768,2,2,0.1338,0.32557,0.54063
3759845,1,2,0.17671,0.26626,0.55703
1235747,0,1,0.18927,0.7363,0.07443
32171577,0,0,0.76204,0.17651,0.06144
29311036,2,2,0.00039,0.00504,0.99457
2169736,0,0,0.58054,0.32007,0.09939
26032481,2,2,0.00383,0.04802,0.94815
15014006,0,1,0.06573,0.6753,0.25897
9346014,0,0,0.46595,0.4257,0.10834
29513290,0,0,0.4411,0.14225,0.41665
8511435,2,2,0.24941,0.11687,0.63372
3113715,0,0,0.80226,0.18799,0.00974
1561914,2,1,0.34534,0.41205,0.24261
35878904,0,0,0.86467,0.08415,0.05118
36561208,2,1,0.101,0.57855,0.32045
33256815,1,1,0.18011,0.76834,0.05155
15841600,0,0,0.98868,0.00987,0.00145
26753740,2,2,0.01371,0.05666,0.92963
15896239,2,2,0.0434,0.05455,0.90206
39951511,2,2,0.3999,0.11461,0.48549
10647490,1,2,0.26484,0.30348,0.43169
36551020,2,2,0.0,0.00025,0.99975
6488434,2,2,0.26833,0.17454,0.55713
11174267,2,2,0.00272,0.00366,0.99363
36166266,2,2,0.03804,0.06688,0.89508
13459125,2,2,0.0016,0.00479,0.99361
9373005,2,2,0.12836,0.26093,0.61071
17575429,0,0,0.56307,0.17843,0.2585
24284516,0,1,0.09499,0.87971,0.0253
28972701,2,2,0.01942,0.02306,0.95752
14210929,2,0,0.43222,0.3708,0.19698
40000035,0,0,0.64111,0.27668,0.08221
8879687,0,0,0.75457,0.23605,0.00938
15148964,0,0,0.70129,0.06422,0.23449
21396308,2,1,0.33474,0.33656,0.3287
1842842,2,1,0.11618,0.64191,0.2419
9997811,0,0,0.46825,0.18231,0.34944
5345763,2,2,0.03776,0.10129,0.86096
31116070,1,1,0.10262,0.63236,0.26502
22180343,1,0,0.68293,0.25865,0.05843
38230580,2,2,0.03305,0.39162,0.57533
14628522,2,2,0.01891,0.03667,0.94442
22505014,1,0,0.46119,0.36339,0.17542
24938659,0,0,0.54816,0.13903,0.31281
6716099,0,0,0.97043,0.02897,0.0006
23641287,1,2,0.0416,0.2187,0.7397
1393494,2,2,0.00806,0.01339,0.97856
41148517,2,2,0.00424,0.03398,0.96178
6240136,2,2,0.04053,0.0689,0.89056
6993687,2,2,0.05494,0.00679,0.93827
129168,2,2,0.02636,0.10731,0.86633
38816273,2,2,0.01588,0.03528,0.94884
28029980,2,2,0.02588,0.06683,0.90729
11225879,2,2,0.15991,0.05996,0.78013
9128236,2,2,0.17457,0.09426,0.73117
25306057,1,0,0.55802,0.38183,0.06015
38945512,0,0,0.84125,0.15053,0.00823
6724636,2,0,0.51361,0.09678,0.38962
3938679,0,0,0.98095,0.01653,0.00252
13472085,2,0,0.60826,0.12696,0.26478
8573292,2,2,0.1771,0.07342,0.74948
23208932,2,2,0.14155,0.0537,0.80475
30532339,0,0,0.93023,0.06811,0.00166
18605424,2,2,0.01712,0.18445,0.79843
33306731,2,2,0.05342,0.15412,0.79246
4963193,2,2,0.02596,0.25352,0.72052
17071016,2,0,0.50294,0.43088,0.06618
558173,2,2,0.00109,0.07086,0.92805
5183351,1,2,0.06592,0.41626,0.51782
40262332,2,2,0.00317,0.01935,0.97748
23154992,1,0,0.7665,0.12874,0.10477
26086610,2,2,0.24824,0.1887,0.56307
39565306,2,1,0.01886,0.75298,0.22816
5668351,2,0,0.83562,0.09355,0.07083
19917104,2,2,0.00187,0.06229,0.93584
21161237,2,2,0.07824,0.33213,0.58964
17494119,2,2,0.15527,0.16161,0.68312
37930259,2,2,0.01949,0.01185,0.96866
14222914,2,2,0.02504,0.01309,0.96187
7293315,2,2,0.0283,0.48282,0.48888
12696430,2,2,0.00261,0.00662,0.99077
1834466,2,1,0.19856,0.5101,0.29134
20218766,2,2,0.03334,0.1017,0.86496
29182460,0,0,0.66207,0.17106,0.16687
35131950,1,0,0.3873,0.36853,0.24418
10508843,0,0,0.9064,0.06865,0.02495
14027052,2,2,0.10641,0.40562,0.48797
41577910,1,0,0.8745,0.09144,0.03406
23907937,2,0,0.97239,0.01557,0.01204
23845401,1,1,0.33473,0.35529,0.30998
38312117,1,0,0.82345,0.07467,0.10188
38573543,0,0,0.76091,0.16889,0.0702
15079409,2,2,0.07453,0.20673,0.71874
17293978,2,2,3e-05,0.00209,0.99788
18317013,2,2,0.00407,0.0216,0.97432
18418899,2,1,0.16693,0.55581,0.27725
22764399,2,2,0.0003,0.0766,0.9231
30108412,2,2,0.00369,0.03712,0.95919
38087753,0,2,0.3689,0.25524,0.37586
3058769,0,0,0.50313,0.49649,0.00038
27992951,2,2,0.00069,0.00483,0.99448
24346486,2,2,0.05059,0.06591,0.8835
30370508,0,2,0.22667,0.09727,0.67606
10249410,0,0,0.72127,0.27362,0.00511
32862169,2,2,0.01158,0.01425,0.97417
34424850,0,0,0.97358,0.0141,0.01232
19420917,2,2,0.24009,0.35143,0.40848
15487122,0,0,0.86302,0.11334,0.02364
26844041,2,1,0.07087,0.46743,0.46169
22173160,2,2,0.09417,0.32008,0.58575
32839942,0,0,0.35215,0.34663,0.30123
5642597,2,2,0.11049,0.28553,0.60397
6164915,2,2,0.08327,0.15625,0.76048
15721759,2,0,0.42215,0.26725,0.3106
35215106,2,0,0.93955,0.04553,0.01493
24598837,2,2,0.08982,0.07279,0.83738
17461947,1,2,0.07119,0.36924,0.55957
8042670,2,2,0.0457,0.01546,0.93884
41584891,0,0,0.71368,0.1241,0.16222
35856142,0,0,0.6104,0.2554,0.1342
11546842,2,2,0.01796,0.11431,0.86773
16441232,2,2,0.00172,0.24024,0.75804
18522133,2,2,0.0004,0.00841,0.99119
35872168,0,0,0.46399,0.39279,0.14322
14624176,2,2,0.13702,0.26633,0.59665
10295083,0,0,0.92857,0.04994,0.02149
9129897,2,2,0.03413,0.03635,0.92952
14268679,2,2,0.02831,0.11101,0.86068
33713493,2,2,0.00487,0.06797,0.92716
16299102,0,0,0.97831,0.02018,0.00151
19772908,2,2,0.0168,0.04893,0.93427
21250919,2,2,0.00358,0.17315,0.82328
32638795,2,0,0.60439,0.07096,0.32465
1579949,2,0,0.5015,0.29437,0.20413
41393903,2,2,0.07197,0.06703,0.86099
9640438,2,2,0.02812,0.04376,0.92812
30771445,2,2,0.0104,0.02068,0.96893
25848267,2,2,0.00436,0.01781,0.97783
16780668,0,0,0.71969,0.2629,0.01741
35695278,2,1,0.24025,0.53511,0.22464
22811117,2,2,0.01198,0.0094,0.97861
35853768,0,1,0.33815,0.64673,0.01512
882230,2,2,0.00438,0.00961,0.98601
13894778,0,0,0.90445,0.08599,0.00956
29939575,2,2,0.00302,0.0138,0.98318
30783334,2,2,0.02611,0.25054,0.72335
36299314,2,2,0.00458,0.08827,0.90716
23709021,2,2,0.20009,0.1112,0.6887
27846261,2,1,0.0235,0.63507,0.34143
2672112,2,2,0.00295,0.03265,0.96439
21266566,0,1,0.05767,0.74283,0.1995
13571485,2,1,0.12322,0.81627,0.06051
25953028,2,2,0.1889,0.3954,0.4157
17303715,2,0,0.57145,0.12363,0.30492
29651976,2,2,0.03595,0.01679,0.94726
8857308,2,2,0.00415,0.00597,0.98987
14523581,2,2,0.04212,0.13729,0.8206
9831328,2,0,0.50423,0.35598,0.13979
342027,2,2,0.00268,0.00786,0.98946
28317670,2,2,0.00061,0.00462,0.99477
1173717,2,2,0.00208,0.00393,0.99399
10044785,2,2,0.00275,0.05353,0.94372
8315195,2,2,0.00647,0.01078,0.98275
34687038,0,0,0.74713,0.20941,0.04345
26395646,2,2,0.10956,0.20383,0.68662
2651628,1,2,0.00147,0.20082,0.79771
27210468,2,2,0.04132,0.10557,0.85312
29175746,2,0,0.55303,0.0778,0.36917
12303975,2,2,0.00342,0.01404,0.98253
15393812,2,2,0.00025,0.00234,0.9974
37078340,2,2,0.0315,0.3043,0.6642
24794869,2,2,0.04603,0.15948,0.79448
33909325,2,2,0.06979,0.14324,0.78697
6596983,0,0,0.81607,0.14099,0.04294
5102384,2,2,0.01145,0.02273,0.96582
10223237,2,2,0.05057,0.22325,0.72618
28629442,2,2,0.00242,0.00358,0.994
31738105,2,1,0.08889,0.68524,0.22587
24986576,2,0,0.49893,0.1457,0.35536
15534059,1,0,0.48404,0.47823,0.03773
36756739,0,0,0.8602,0.13888,0.00092
41188406,0,0,0.71702,0.26228,0.0207
28803266,0,2,0.13292,0.27578,0.5913
35658584,2,2,0.09646,0.35642,0.54711
15926349,2,2,0.00202,0.00645,0.99153
10919978,2,2,0.03465,0.02336,0.94199
5537735,2,2,0.19668,0.19282,0.6105
38028035,0,0,0.98747,0.012,0.00053
28411139,2,2,0.23939,0.06346,0.69715
26584265,0,0,0.99279,0.00669,0.00053
21226478,1,0,0.80103,0.17009,0.02887
17616476,2,2,0.00015,0.01115,0.9887
18836723,2,2,0.03974,0.15353,0.80673
4571694,2,2,0.03524,0.05781,0.90695
20034321,2,2,0.01244,0.00955,0.97801
12318823,2,2,0.32061,0.10578,0.57361
21338669,0,1,0.28575,0.65088,0.06337
30901987,2,2,0.27903,0.0973,0.62368
17853350,2,2,0.00906,0.01492,0.97602
16049577,1,1,0.12729,0.8446,0.02812
28557021,0,0,0.79403,0.16665,0.03933
36689535,2,2,0.0087,0.07504,0.91626
37830470,2,2,0.08324,0.06621,0.85056
23738751,2,0,0.4208,0.33556,0.24364
27793451,0,0,0.70483,0.21994,0.07523
6944505,2,2,0.02829,0.05321,0.9185
128237,2,2,0.00996,0.01611,0.97394
26378647,2,2,0.01283,0.02022,0.96695
31719109,2,2,0.04814,0.10326,0.8486
15456941,2,2,0.01437,0.03538,0.95025
31028958,2,2,0.00567,0.01131,0.98302
27799383,1,1,0.2014,0.71193,0.08667
40696449,2,2,0.00519,0.09585,0.89897
18466814,0,0,0.56349,0.39925,0.03726
17502237,0,1,0.28834,0.677,0.03465
18096718,2,2,0.05664,0.40343,0.53994
36659064,2,2,0.23972,0.09317,0.66711
29582477,2,2,0.16273,0.12878,0.70848
24792253,0,0,0.84242,0.15106,0.00653
21834111,0,1,0.2791,0.64297,0.07793
27270918,0,0,0.96297,0.03513,0.0019
2489606,2,2,0.0254,0.08285,0.89175
32146196,2,2,0.02828,0.0352,0.93652
10401402,2,2,0.02901,0.03042,0.94058
32658799,2,0,0.86638,0.09223,0.04139
23738063,0,0,0.9505,0.03449,0.01501
18877134,0,0,0.90628,0.06614,0.02758
1555105,2,2,0.00611,0.00897,0.98492
1991058,2,0,0.9015,0.09005,0.00845
9127874,1,1,0.10686,0.44682,0.44632
29473388,2,2,0.16936,0.21581,0.61483
3560826,2,2,0.05442,0.13675,0.80883
37134129,0,1,0.23906,0.75061,0.01033
16627077,2,2,0.26941,0.2538,0.4768
24164724,2,2,0.00597,0.10307,0.89096
40156557,2,2,0.06452,0.08552,0.84996
24444806,2,2,0.00266,0.0019,0.99544
34084370,2,2,0.06647,0.29114,0.64239
10930360,2,2,0.32395,0.29068,0.38538
26728320,2,2,0.31134,0.16414,0.52451
27465711,2,2,0.16879,0.07251,0.7587
4824949,2,2,0.25438,0.27368,0.47194
26481882,2,2,0.00119,0.01459,0.98422
36115886,0,0,0.677,0.14613,0.17687
11652125,0,0,0.69475,0.20466,0.10059
826627,0,0,0.82364,0.08851,0.08785
18159322,2,2,0.01096,0.03859,0.95045
298050,2,2,0.02132,0.29077,0.68791
12614892,1,1,0.12027,0.67072,0.20901
41483791,2,2,0.13954,0.07028,0.79018
14116648,2,2,0.00629,0.04503,0.94868
36372339,2,2,0.01398,0.0393,0.94672
14309031,2,0,0.98819,0.00466,0.00715
4457488,1,0,0.91264,0.04271,0.04465
23241971,2,2,0.00319,0.00451,0.99231
21133645,0,0,0.87236,0.0867,0.04094
2866473,2,1,0.16145,0.63299,0.20556
34738438,2,2,0.01012,0.07423,0.91565
21522817,2,0,0.44324,0.17921,0.37755
9034517,2,0,0.48809,0.1342,0.37771
39269868,2,0,0.60075,0.28105,0.11821
26731074,2,2,0.00907,0.01149,0.97944
40852203,2,2,0.00043,0.00598,0.99359
7405656,2,2,0.00209,0.01473,0.98318
8697666,0,0,0.87013,0.1209,0.00897
35448841,2,2,0.0358,0.05052,0.91368
37354902,2,2,0.01162,0.02506,0.96332
23226401,2,2,0.02261,0.0631,0.91429
7165313,0,1,0.16808,0.55365,0.27827
37255715,1,1,0.24709,0.61466,0.13824
40299137,2,2,0.01995,0.38076,0.59928
35766224,2,2,0.01709,0.23633,0.74658
19805574,2,2,0.02896,0.07544,0.8956
18843788,2,0,0.52819,0.31111,0.1607
18798322,0,0,0.63263,0.19307,0.17431
19416001,0,2,0.10855,0.28762,0.60383
35619958,2,2,0.00768,0.12275,0.86957
11782860,2,2,0.13475,0.11302,0.75223
34973467,0,0,0.98592,0.01398,0.0001
19274968,1,1,0.10276,0.79684,0.10039
21474962,2,2,0.01136,0.01053,0.97811
27566743,0,0,0.83015,0.14358,0.02627
34614159,2,2,0.00782,0.04732,0.94486
36856888,0,0,0.87052,0.11954,0.00994
3310761,2,2,0.01815,0.01246,0.96939
23854671,1,0,0.53695,0.21734,0.24571
19961640,2,1,0.21915,0.70834,0.0725
19001596,2,2,0.02393,0.0169,0.95917
3673981,2,2,0.00214,0.02611,0.97175
19915587,0,1,0.15695,0.80536,0.0377
18450210,2,2,0.24824,0.1887,0.56307
11059498,2,2,0.00437,0.045,0.95063
26651106,0,1,0.27486,0.51931,0.20582
19973059,2,0,0.9392,0.03358,0.02722
8671629,0,0,0.78716,0.09975,0.11309
17413360,2,2,0.02932,0.07119,0.89949
37360009,2,1,0.11515,0.75316,0.13168
3787107,2,2,0.04213,0.00559,0.95228
16566970,2,2,0.00751,0.01791,0.97458
15935495,0,0,0.86809,0.10752,0.02439
18389856,2,2,0.1782,0.2173,0.6045
27659189,1,1,0.20452,0.72159,0.07389
31409298,0,0,0.57066,0.07097,0.35836
8549883,0,0,0.67591,0.16926,0.15483
36162295,1,0,0.88685,0.05004,0.0631
5734929,1,0,0.52658,0.2982,0.17522
15843758,2,1,0.03005,0.57371,0.39624
3299749,2,2,0.02521,0.03186,0.94294
5384308,0,0,0.77143,0.2248,0.00377
14772120,2,2,0.02633,0.03927,0.9344
20350920,2,2,0.05763,0.01618,0.92619
29129852,2,2,0.00038,0.00303,0.99659
29470134,2,2,0.1022,0.16494,0.73286
15374464,0,0,0.91399,0.08162,0.00439
1329437,2,2,0.03868,0.30058,0.66074
20655714,0,0,0.79337,0.18297,0.02366
34261360,2,2,0.18079,0.07778,0.74143
403468,2,2,0.1102,0.07803,0.81177
21299976,2,2,0.07304,0.04297,0.88398
32353303,2,2,0.10444,0.09056,0.805
39397648,2,2,0.006,0.13808,0.85592
29784799,0,0,0.74032,0.17486,0.08481
4345516,1,1,0.24825,0.70873,0.04302
3940394,2,2,0.01551,0.04953,0.93496
41132932,0,0,0.85743,0.06558,0.077
32492546,1,1,0.27427,0.37524,0.35049
23528874,1,0,0.73551,0.21192,0.05257
37922570,2,2,0.04707,0.04823,0.90471
526110,2,2,0.01098,0.02468,0.96434
37249858,2,2,0.00058,0.00374,0.99568
13658332,1,0,0.92429,0.07451,0.0012
31655751,0,1,0.33956,0.58006,0.08038
347086,0,1,0.13018,0.67409,0.19573
10294310,2,2,0.00054,0.01344,0.98602
19803557,2,2,0.01247,0.03305,0.95447
30262701,1,1,0.03492,0.8916,0.07348
28557932,2,2,0.00101,0.02169,0.97729
14572114,2,2,0.14717,0.29497,0.55787
40392649,2,2,0.13223,0.04927,0.8185
1387309,0,0,0.73838,0.23941,0.02221
17254090,0,0,0.51677,0.45093,0.0323
11084532,2,2,0.0575,0.15848,0.78402
18083335,2,2,0.1687,0.36555,0.46575
40101769,0,0,0.55367,0.44562,0.00072
16162170,2,0,0.50427,0.45839,0.03733
11427717,2,2,0.08471,0.20544,0.70984
31670320,2,2,0.00134,0.04537,0.95329
39570844,2,2,0.01259,0.0061,0.98131
21431535,2,1,0.13811,0.47484,0.38705
14002703,2,2,0.16164,0.07862,0.75974
35127476,2,2,0.00535,0.00156,0.99309
8946133,2,2,0.03477,0.17058,0.79464
33795411,2,2,0.03854,0.36579,0.59567
35312160,2,2,0.01595,0.01741,0.96664
24971018,2,2,0.02373,0.06342,0.91285
9588439,2,2,0.0226,0.06181,0.91559
19474177,2,2,0.00701,0.09491,0.89808
11249199,2,2,0.13703,0.08318,0.7798
18807611,0,1,0.15565,0.73765,0.1067
3391010,2,2,0.00289,0.01206,0.98506
31769403,2,2,0.13615,0.06155,0.8023
35366344,2,2,0.01362,0.06939,0.91699
13161383,2,2,0.14726,0.3163,0.53644
1997892,2,2,0.00773,0.01568,0.9766
17579043,1,1,0.30624,0.69018,0.00358
22067872,0,1,0.17175,0.79543,0.03282
29342224,2,2,0.26907,0.14786,0.58307
34353035,1,0,0.55152,0.40309,0.04539
3456271,2,2,0.01291,0.02843,0.95867
6253272,2,2,0.00665,0.01307,0.98028
19847427,2,2,0.00284,0.20921,0.78794
4131656,2,2,0.00794,0.02248,0.96958
5463955,2,2,0.02531,0.07587,0.89882
9634653,2,2,0.00975,0.05094,0.9393
38057474,2,2,0.03271,0.02445,0.94284
31177687,0,0,0.99144,0.00841,0.00015
19526897,2,2,0.02604,0.01007,0.96389
15274723,0,0,0.67766,0.23286,0.08948
32458239,0,0,0.81294,0.17961,0.00745
35252918,0,0,0.89994,0.09008,0.00998
34432954,2,2,0.00457,0.01079,0.98465
22423602,0,1,0.03383,0.92384,0.04232
23037343,2,2,0.06771,0.17569,0.7566
34584969,0,0,0.78435,0.19409,0.02157
23656594,1,2,0.07194,0.16861,0.75945
27143121,2,2,0.16565,0.27575,0.5586
3885015,2,2,9e-05,0.0068,0.99311
35697066,2,2,0.00144,0.01981,0.97875
11786892,0,1,0.02959,0.49944,0.47097
21988997,2,1,0.08508,0.46771,0.44721
35693899,2,2,0.00979,0.03515,0.95505
20131403,2,1,0.21871,0.39204,0.38924
27177261,2,2,0.04126,0.06423,0.89451
13576785,2,2,0.16038,0.07653,0.76309
35754993,2,1,0.35365,0.43384,0.21251
25299900,2,2,0.24824,0.1887,0.56307
3599081,0,0,0.93526,0.05224,0.01249
35750267,2,0,0.51328,0.02214,0.46458
4197164,2,2,0.00833,0.07047,0.9212
37931999,2,0,0.55957,0.26845,0.17198
13317655,2,2,0.003,0.23281,0.76419
36218655,2,2,0.04545,0.03899,0.91556
20887902,2,2,0.0013,0.00253,0.99617
19863343,2,0,0.90136,0.0586,0.04004
51459,2,2,0.04571,0.01412,0.94017
23532406,2,2,0.11378,0.08768,0.79854
15347733,0,0,0.77981,0.17464,0.04555
2835964,2,2,0.07554,0.36767,0.55679
38977954,2,0,0.50937,0.20641,0.28422
29428525,0,0,0.99225,0.00716,0.00059
27861793,2,2,0.00741,0.01387,0.97872
3987839,2,2,0.00075,0.02849,0.97076
38775325,2,2,0.0097,0.08182,0.90848
13296409,2,2,0.11391,0.0222,0.86389
13931939,2,0,0.65226,0.15284,0.19489
37230134,0,0,0.76288,0.22735,0.00977
19544812,2,2,0.03466,0.0246,0.94073
18209344,0,0,0.91328,0.07725,0.00946
2881715,0,1,0.40772,0.5879,0.00437
14410089,2,2,3e-05,0.00568,0.99428
30528128,2,2,0.00462,0.00886,0.98652
19113523,2,2,0.03726,0.04627,0.91646
20222856,2,2,0.31219,0.22896,0.45885
15718241,2,2,0.02682,0.32344,0.64974
10109497,2,2,0.05314,0.05634,0.89051
5010614,2,2,0.00597,0.01989,0.97415
33456501,2,2,0.00131,0.06221,0.93648
36198374,2,2,0.01781,0.03785,0.94434
12032121,2,2,0.06001,0.41292,0.52706
27117636,0,0,0.68743,0.30592,0.00665
17808054,2,2,0.01332,0.06285,0.92383
25149251,2,2,0.00756,0.22483,0.7676
2207424,2,2,0.07408,0.0596,0.86632
14610861,2,0,0.93877,0.03167,0.02956
40695128,2,2,0.0007,0.00243,0.99687
35328834,2,2,0.02739,0.03731,0.9353
14318145,2,2,0.02593,0.03447,0.9396
20461511,2,1,0.35847,0.60842,0.03311
25382512,2,2,0.01472,0.12418,0.8611
34416635,2,2,0.24824,0.1887,0.56307
31913303,2,2,0.0872,0.26028,0.65252
14298143,0,0,0.88003,0.11491,0.00507
37537856,0,0,0.691,0.27523,0.03378
5351773,2,2,0.0415,0.10359,0.85491
27157170,2,2,0.04253,0.08742,0.87006
22129557,1,1,0.15027,0.44654,0.40319
14709989,1,1,0.0228,0.74554,0.23166
12166477,2,2,0.02573,0.11,0.86428
3926021,2,2,0.00251,0.01252,0.98498
17677855,2,2,0.01063,0.20092,0.78845
13299695,2,2,0.02624,0.0229,0.95086
20276354,2,2,0.07798,0.08715,0.83486
34798311,2,2,0.024,0.18935,0.78665
13984789,0,1,0.14068,0.82442,0.0349
28399445,2,2,0.06239,0.21552,0.72209
32877497,2,0,0.71244,0.17291,0.11464
25439851,0,0,0.59075,0.38658,0.02267
27133428,2,2,0.0298,0.04358,0.92662
22106772,2,2,0.01072,0.34854,0.64074
4769400,2,2,0.1477,0.01834,0.83397
6262146,0,0,0.78509,0.20504,0.00987
3858201,0,0,0.89638,0.07528,0.02834
15416330,0,0,0.93357,0.05938,0.00705
34356884,2,2,0.271,0.1293,0.5997
35627707,0,0,0.88923,0.1046,0.00617
29823100,0,0,0.91434,0.02305,0.06261
4626727,2,2,0.00235,0.02036,0.97729
12395566,2,0,0.59038,0.2633,0.14632
24945101,0,0,0.44425,0.21069,0.34506
15944011,0,1,0.11046,0.66112,0.22842
39737872,1,0,0.63596,0.27378,0.09026
3763560,2,2,0.1165,0.11194,0.77156
6210524,2,2,0.03526,0.1494,0.81534
3094339,2,2,0.00417,0.04035,0.95548
13253477,2,2,0.00133,0.00777,0.99089
34328769,2,2,0.0088,0.0982,0.893
19619273,2,2,1e-05,0.00016,0.99983
3611868,2,2,0.00985,0.12237,0.86778
15299477,2,2,0.17255,0.07466,0.75278
19591669,2,2,0.0002,0.01529,0.98451
21785396,2,1,0.0574,0.83972,0.10288
13432129,2,2,0.00029,0.00404,0.99567
4301518,2,2,0.10111,0.23037,0.66852
40029173,2,2,0.00362,0.03731,0.95907
15900317,2,2,0.16216,0.29416,0.54368
25847689,2,2,0.00747,0.00366,0.98888
25635713,2,1,0.02032,0.73588,0.2438
14196982,2,2,0.00692,0.15737,0.83571
15980530,2,2,0.00353,0.01708,0.97939
20200097,2,0,0.90674,0.03198,0.06129
36088468,2,2,0.00471,0.01036,0.98494
40947416,2,2,0.24824,0.1887,0.56307
9687876,2,2,0.0,0.00063,0.99937
36102880,2,1,0.03767,0.78397,0.17836
38586487,2,2,0.02836,0.13801,0.83363
31842304,2,2,0.05784,0.09489,0.84727
21874417,2,2,0.24824,0.1887,0.56307
29700615,2,2,0.017,0.11887,0.86413
40088733,2,0,0.51328,0.02214,0.46458
19337353,0,2,0.17006,0.30665,0.52329
22280103,2,0,0.79774,0.14823,0.05403
25102148,0,0,0.94186,0.04647,0.01167
24150684,2,2,0.03416,0.03115,0.93469
35834929,2,2,0.0878,0.11227,0.79993
14144763,2,2,0.00282,0.00957,0.98761
36152671,2,2,9e-05,0.00297,0.99694
29259026,2,2,0.10988,0.13153,0.75859
25440079,2,2,0.03451,0.09002,0.87547
12506097,2,2,0.00052,0.02149,0.97799
38278946,2,2,0.00735,0.19151,0.80114
37309144,0,0,0.96855,0.02663,0.00482
34781904,2,0,0.54148,0.10914,0.34938
5732445,2,2,0.24824,0.1887,0.56307
2556358,0,0,0.98173,0.01337,0.0049
1223157,2,2,0.01271,0.21601,0.77128
31124390,2,1,0.36249,0.37677,0.26074
37895136,2,2,0.11541,0.16705,0.71754
12408472,1,2,0.3565,0.23844,0.40505
37331412,2,2,0.00057,0.00543,0.994
28693131,1,1,0.1244,0.76357,0.11203
27670376,2,1,0.27238,0.37011,0.3575
30451758,2,2,0.37615,0.18759,0.43626
7291384,2,2,0.07456,0.34073,0.58471
23286697,2,2,0.01237,0.07613,0.9115
16451470,2,2,0.0024,0.0033,0.9943
41179814,2,0,0.67765,0.15262,0.16973
39537522,2,2,0.38302,0.04021,0.57677
2073384,2,2,0.01603,0.15265,0.83132
24527586,0,1,0.10562,0.87031,0.02407
2424488,2,1,0.1208,0.64103,0.23817
5966441,2,2,0.05059,0.03868,0.91073
24386751,2,2,0.00975,0.17474,0.81551
37528799,2,2,0.00039,0.00504,0.99457
800663,2,1,0.14155,0.53072,0.32773
37317253,2,2,0.04104,0.07439,0.88457
12027412,2,2,0.04255,0.07054,0.88691
3831960,2,2,0.10725,0.38907,0.50368
17171222,2,2,0.24878,0.12318,0.62804
36148167,0,0,0.47246,0.2237,0.30384
4473774,1,1,0.44997,0.51865,0.03138
16821033,2,2,0.03265,0.04514,0.92222
37036494,2,2,0.00653,0.046,0.94747
34663261,1,1,0.06052,0.64834,0.29114
18444397,0,0,0.9602,0.03945,0.00035
40372446,2,2,0.0045,0.00726,0.98825
22746069,2,2,0.00316,0.0253,0.97154
32367868,0,2,0.40195,0.0433,0.55475
26253578,2,2,0.04217,0.06882,0.88901
29825869,0,0,0.43243,0.17436,0.39321
32541717,0,0,0.88353,0.11531,0.00115
17540434,2,2,0.014,0.15542,0.83058
12609501,2,2,0.05499,0.279,0.666
21320768,2,2,0.00978,0.01524,0.97498
13133812,2,2,0.02612,0.08328,0.8906
12453860,2,1,0.11013,0.6338,0.25608
30666565,0,0,0.97677,0.02207,0.00116
32244873,0,0,0.55406,0.31187,0.13408
30034620,2,2,0.03518,0.04487,0.91996
2979969,0,1,0.23167,0.74962,0.01871
19508937,2,2,0.04815,0.07509,0.87676
17723082,2,1,0.24187,0.54549,0.21264
39694468,2,2,0.052,0.00906,0.93893
5998066,0,1,0.24421,0.60636,0.14943
13587572,0,0,0.72887,0.24656,0.02456
35896804,2,2,0.04615,0.18217,0.77168
35370483,1,1,0.3146,0.4771,0.20829
20306646,2,2,0.00036,0.01007,0.98957
1417557,2,2,0.04729,0.10934,0.84337
1778272,1,2,0.03126,0.15637,0.81237
12766792,2,2,0.01677,0.09097,0.89225
20043706,2,2,0.19171,0.2263,0.58199
14432671,2,2,0.0802,0.0989,0.82091
35498055,2,2,0.00209,0.00709,0.99082
20027937,2,2,0.03029,0.00451,0.9652
9511045,2,2,0.01312,0.09706,0.88982
1352710,2,1,0.19837,0.4729,0.32873
4313080,0,2,0.32199,0.12439,0.55362
19340469,2,2,0.22368,0.36485,0.41147
35220795,2,2,0.03092,0.18163,0.78745
36131293,2,2,0.00314,0.01076,0.9861
15245353,2,2,0.27398,0.17231,0.55371
13409215,2,2,0.01518,0.02695,0.95787
6253429,2,2,0.00119,0.02216,0.97665
8913650,2,1,0.1841,0.48431,0.3316
7835174,0,0,0.94037,0.04109,0.01854
1229987,2,1,0.16121,0.50771,0.33108
29008877,2,2,0.00266,0.01838,0.97896
18524671,2,2,0.11536,0.10046,0.78418
950622,1,1,0.05565,0.82181,0.12255
38540702,0,0,0.68721,0.28077,0.03201
4688570,2,1,0.33645,0.51441,0.14914
17098795,0,0,0.96164,0.02724,0.01112
19008430,2,2,0.15634,0.14996,0.6937
37787111,2,2,0.00293,0.00889,0.98818
2533641,0,1,0.18928,0.45018,0.36054
10328219,2,1,0.0581,0.51923,0.42266
35715653,2,2,0.00949,0.01773,0.97278
25573869,2,2,0.12722,0.19637,0.67642
449540,2,2,0.01831,0.18385,0.79784
21885303,2,2,9e-05,0.01243,0.98748
37255735,2,2,0.00061,0.01307,0.98632
41223162,2,2,0.03301,0.02129,0.9457
30427014,2,2,0.03794,0.0461,0.91596
15463306,2,1,0.22853,0.41282,0.35865
24169952,2,0,0.64234,0.29538,0.06228
6978327,0,0,0.81814,0.16197,0.01989
27130854,2,2,0.10656,0.15729,0.73616
18027357,1,1,0.06926,0.90556,0.02519
20623947,0,0,0.65114,0.33077,0.01809
25836950,1,1,0.23584,0.73955,0.02461
25546753,2,2,0.02073,0.06996,0.90931
3689686,2,2,0.00948,0.05582,0.9347
20367307,0,0,0.93769,0.02103,0.04127
9164611,2,2,0.03805,0.22001,0.74194
12645298,2,1,0.07786,0.67023,0.2519
19642740,2,2,0.00755,0.04394,0.94851
19727297,0,0,0.97383,0.0254,0.00076
19628049,2,2,0.10397,0.09632,0.79971
14693076,2,2,0.05901,0.11916,0.82182
27709301,2,2,0.06028,0.05187,0.88784
39254572,0,0,0.96916,0.02056,0.01027
27770220,0,0,0.70758,0.23675,0.05567
32142795,0,0,0.99236,0.00542,0.00222
10322596,0,0,0.98531,0.00955,0.00515
11134440,2,2,0.15338,0.08489,0.76173
20105833,2,2,0.0147,0.01473,0.97057
11316399,0,1,0.03882,0.486,0.47518
7873784,0,0,0.8742,0.12447,0.00133
9255364,2,2,0.18493,0.39366,0.42142
34629982,2,2,0.00012,0.00218,0.9977
20401548,2,2,0.08875,0.15422,0.75702
18969632,2,1,0.14468,0.54283,0.31249
23712274,2,2,0.24711,0.10764,0.64524
28563634,2,2,0.0707,0.05595,0.87335
31079725,2,2,0.10405,0.01695,0.879
18416417,2,1,0.00861,0.57495,0.41645
25877682,2,2,0.06349,0.11218,0.82433
30657975,1,1,0.28242,0.67887,0.03871
38965331,1,1,0.21296,0.47936,0.30768
4832912,2,2,0.11382,0.22537,0.6608
33733604,2,2,0.04849,0.09488,0.85663
3113059,2,2,0.00157,0.01501,0.98342
37222851,2,2,0.0068,0.01909,0.97411
22246047,2,1,0.07718,0.796,0.12681
33652624,2,2,0.00455,0.00936,0.98609
9709770,2,2,0.00015,0.04297,0.95688
31415011,0,2,0.26895,0.32936,0.40169
25010380,0,0,0.77166,0.20552,0.02282
9506268,0,0,0.65586,0.11274,0.2314
34751642,2,2,0.00125,0.01061,0.98814
3683169,2,2,0.00483,0.01088,0.98429
1095122,2,2,0.09276,0.09504,0.81221
39298454,2,2,1e-05,0.00031,0.99968
29366291,2,2,0.04698,0.18735,0.76566
27158406,2,2,0.32881,0.17147,0.49972
20935613,2,2,0.01429,0.02599,0.95972
38388676,2,2,0.00212,0.0219,0.97598
28650340,1,0,0.43895,0.2166,0.34445
37759859,0,0,0.79869,0.04818,0.15313
35686589,2,2,0.00365,0.00525,0.99111
30229597,0,0,0.61428,0.25634,0.12938
10943417,2,2,0.00617,0.02266,0.97117
11341140,0,1,0.15356,0.67079,0.17565
36764407,1,1,0.32824,0.66174,0.01002
27098856,2,1,0.18141,0.58205,0.23654
25995301,2,2,0.00555,0.03541,0.95905
1537493,0,0,0.8071,0.18455,0.00835
9338809,2,2,0.00679,0.00237,0.99084
38503137,2,2,0.06135,0.03471,0.90394
29829381,2,2,0.00221,0.01363,0.98416
20526916,2,2,0.04392,0.0085,0.94757
12243072,0,0,0.61074,0.32302,0.06624
29050764,2,2,0.05501,0.09652,0.84847
32471535,2,2,0.07394,0.03613,0.88993
26328844,0,0,0.9425,0.05516,0.00234
12346862,2,2,0.31501,0.15054,0.53445
5761500,0,0,0.43229,0.40082,0.16689
32944246,2,2,0.01772,0.10656,0.87572
17281952,2,2,0.0006,0.02956,0.96984
30683585,2,2,0.0037,0.01888,0.97742
31139867,2,2,0.24824,0.1887,0.56307
19009038,1,1,0.35029,0.58865,0.06106
564605,0,0,0.87737,0.12002,0.00261
26889505,1,0,0.69195,0.27606,0.03199
16378833,2,2,0.06877,0.12342,0.80781
24168583,2,2,0.17973,0.16425,0.65602
953134,2,2,0.00209,0.11005,0.88786
36004695,0,2,0.32332,0.07585,0.60083
3725939,2,0,0.39196,0.26595,0.3421
20407603,2,2,0.0146,0.01903,0.96637
3649848,2,2,5e-05,0.00295,0.997
20362751,2,0,0.54901,0.09546,0.35552
30399906,2,2,0.15928,0.29327,0.54745
25880905,2,2,0.00171,0.01166,0.98663
35458458,0,2,0.24824,0.1887,0.56307
36630885,2,2,3e-05,0.00209,0.99788
17188943,1,0,0.51458,0.38656,0.09886
17730592,2,0,0.51328,0.02214,0.46458
31980109,2,2,0.24824,0.1887,0.56307
24363433,0,0,0.74024,0.18132,0.07844
12657495,2,2,0.01876,0.0312,0.95003
40218164,2,2,0.0021,0.01282,0.98508
35461824,0,0,0.8596,0.13442,0.00598
35176647,2,2,0.11576,0.20135,0.6829
27332601,2,2,0.01739,0.09277,0.88984
18243835,2,2,0.06018,0.07663,0.86318
11798658,0,0,0.43264,0.39437,0.173
11218001,2,2,0.00418,0.01623,0.97958
34521093,2,2,0.00139,0.00989,0.98871
205868,0,2,0.04752,0.29308,0.6594
14294,2,1,0.24558,0.39494,0.35948
5875408,2,2,0.00481,0.11266,0.88252
7842211,0,0,0.75938,0.10309,0.13753
35460747,2,2,0.09996,0.36631,0.53372
23838749,2,2,0.05174,0.46877,0.47949
28316566,2,2,0.02673,0.0439,0.92938
35119925,2,2,0.00081,0.01369,0.9855
17326378,2,2,0.08991,0.37167,0.53843
14323318,0,1,0.26158,0.62081,0.11761
40619306,2,2,0.01579,0.01558,0.96863
32472313,2,2,0.00056,0.15967,0.83977
19457421,2,2,0.09746,0.11889,0.78365
1438889,2,2,0.0128,0.09963,0.88757
39681179,2,2,0.15239,0.16155,0.68606
41319512,2,2,0.01344,0.0321,0.95446
22537029,0,0,0.83092,0.09664,0.07244
41405115,2,2,0.02696,0.04748,0.92556
27733160,2,2,0.051,0.28538,0.66362
30231807,2,2,0.04843,0.37193,0.57964
23187029,2,2,0.00845,0.05802,0.93353
17818551,2,2,0.0748,0.35586,0.56934
36330132,0,2,0.15875,0.25288,0.58837
5789709,2,2,0.07437,0.1165,0.80912
38719942,2,1,0.02808,0.70258,0.26934
24950992,2,2,0.01518,0.02695,0.95787
2535521,2,0,0.59817,0.33049,0.07135
6359945,0,0,0.96246,0.03705,0.00049
15679,1,0,0.47062,0.3448,0.18459
29508858,0,0,0.92184,0.07786,0.0003
23190822,2,2,0.00356,0.09059,0.90585
4626845,2,1,0.04222,0.50062,0.45716
13333306,2,0,0.46254,0.25198,0.28548
6400372,2,2,4e-05,0.00727,0.99269
823441,0,2,0.33067,0.29416,0.37517
22882736,0,0,0.43683,0.18071,0.38246
40119673,2,2,0.05411,0.07432,0.87157
1684380,2,1,0.02193,0.67638,0.30169
36791068,2,2,2e-05,5e-05,0.99993
34188732,2,2,0.07458,0.1592,0.76621
14086882,1,0,0.87468,0.12281,0.00252
36326296,0,0,0.62506,0.14349,0.23144
40917522,2,2,0.08484,0.10909,0.80607
1196570,2,2,0.09519,0.0619,0.84291
1074695,2,2,0.12605,0.20012,0.67383
9163193,2,2,0.30425,0.20328,0.49247
12716182,2,0,0.53322,0.4119,0.05489
36756873,2,0,0.49851,0.35628,0.14522
18833606,2,2,0.00727,0.02532,0.96741
13502660,2,2,0.0063,0.40328,0.59042
20458388,0,2,0.23061,0.24726,0.52212
1469454,2,2,0.15256,0.34385,0.50359
768856,2,2,0.01358,0.05547,0.93094
18975234,2,2,0.03992,0.1679,0.79217
37842716,1,2,0.04154,0.33013,0.62833
12850696,2,2,0.08996,0.07479,0.83525
13804390,2,2,0.0882,0.02605,0.88576
22296020,2,0,0.46179,0.29524,0.24297
22358832,0,0,0.95989,0.03815,0.00196
15524665,2,2,0.05672,0.10138,0.8419
29704704,2,2,0.19011,0.08951,0.72038
21870807,2,0,0.62646,0.36731,0.00623
1716195,2,2,0.0058,0.00604,0.98817
29146950,2,2,0.04063,0.05821,0.90117
19544947,2,1,0.02796,0.89363,0.07841
9152878,0,0,0.82311,0.12585,0.05104
30253559,2,2,0.02305,0.34637,0.63058
22442090,2,2,0.18579,0.13534,0.67888
5994343,1,1,0.443,0.50805,0.04895
13255428,2,2,0.15053,0.08682,0.76265
37477272,2,0,0.56981,0.05223,0.37796
11131299,2,2,0.00836,0.01719,0.97445
23690289,2,2,0.01065,0.06086,0.92849
35329264,0,0,0.99508,0.00481,0.00011
19832649,2,2,0.05245,0.09975,0.84779
35198169,2,2,0.011,0.09728,0.89172
37270825,2,2,0.00064,0.00203,0.99733
19966594,2,2,0.02164,0.01281,0.96555
20384162,2,2,0.09632,0.12827,0.77542
15405827,0,0,0.58191,0.23649,0.1816
9673927,2,2,0.00791,0.31625,0.67584
4601171,0,1,0.18736,0.66574,0.1469
11641531,2,2,0.03118,0.04811,0.92071
14487389,0,1,0.36018,0.53158,0.10824
13354897,2,1,0.08782,0.74657,0.16561
38915925,0,0,0.64426,0.1711,0.18464
30402640,0,0,0.91626,0.08053,0.00321
11341813,2,2,0.0258,0.03287,0.94133
27411804,1,1,0.06299,0.69725,0.23976
13582419,2,2,0.0002,0.00141,0.99839
22163729,2,2,0.00354,0.074,0.92247
26121014,2,0,0.56941,0.32472,0.10587
40144121,0,0,0.68608,0.29098,0.02294
35767193,2,0,0.63111,0.27528,0.09361
931392,2,2,0.00053,0.01179,0.98768
9735187,1,0,0.68311,0.29112,0.02577
17110329,2,2,0.0165,0.07834,0.90516
31502473,2,2,0.3284,0.13739,0.53421
17795611,0,0,0.62335,0.37057,0.00608
8663298,0,0,0.68173,0.30314,0.01513
26151879,0,0,0.95134,0.0271,0.02156
20218440,2,2,0.1136,0.43784,0.44856
3306003,0,1,0.37037,0.59773,0.0319
7362629,1,1,0.20481,0.50115,0.29404
6936682,1,0,0.81542,0.12365,0.06093
39729326,2,2,0.0006,0.01434,0.98506
38264258,0,0,0.79973,0.15133,0.04894
33914566,2,1,0.23216,0.56118,0.20666
7541229,1,0,0.5712,0.23893,0.18987
17497054,1,0,0.81206,0.1336,0.05433
37266435,2,0,0.68992,0.25293,0.05714
39264459,2,2,0.00378,0.01868,0.97754
1014041,2,2,0.06483,0.12767,0.80751
1204169,2,2,0.07879,0.42559,0.49562
23684957,2,2,0.00066,0.00892,0.99042
14326929,2,2,0.00577,0.02712,0.96711
24229069,2,1,0.33172,0.59738,0.0709
35179759,2,1,0.2917,0.57487,0.13343
23743160,2,2,0.01259,0.00815,0.97926
40133962,0,0,0.84849,0.12738,0.02413
19752470,2,2,0.00358,0.02349,0.97293
30746957,0,2,0.24793,0.22417,0.5279
24929641,0,0,0.91127,0.08624,0.00248
37803430,2,1,0.24379,0.45245,0.30376
24526400,1,0,0.81396,0.17099,0.01505
26750975,2,2,0.17478,0.04117,0.78405
24365532,2,2,0.00665,0.09272,0.90063
6517769,2,1,0.0479,0.85972,0.09238
30292443,2,2,0.0059,0.00611,0.98799
454545,2,2,0.00651,0.02492,0.96857
28767987,0,0,0.53657,0.45226,0.01117
34404870,2,2,0.01316,0.0185,0.96834
24088008,2,2,0.01171,0.06076,0.92753
10552084,1,1,0.16894,0.52057,0.31049
38449056,2,2,0.01334,0.05856,0.92809
35453885,2,2,0.01438,0.06171,0.9239
23179311,1,0,0.97139,0.02438,0.00424
38800392,0,0,0.65942,0.31957,0.02101
34115152,2,2,0.00922,0.10188,0.8889
25648169,2,2,0.00761,0.02716,0.96523
26919611,2,2,0.02943,0.03961,0.93096
13215896,0,0,0.5343,0.20311,0.26259
21413292,2,2,0.01335,0.00841,0.97825
23799346,2,2,0.01852,0.12063,0.86086
5857308,2,2,0.00323,0.00624,0.99053
15775317,2,2,0.31559,0.2986,0.38581
9034484,0,0,0.61884,0.18752,0.19364
4261970,2,2,0.01184,0.10216,0.886
19481707,2,2,0.0421,0.06804,0.88987
1452984,2,2,0.24029,0.2782,0.48151
34466358,2,2,0.29216,0.19852,0.50932
39935028,2,2,0.00153,0.00628,0.99218
23833979,0,1,0.33878,0.63313,0.02809
8638940,0,2,0.04619,0.05814,0.89568
8209414,2,2,0.0386,0.11324,0.84815
27544546,2,2,0.25429,0.05475,0.69096
36211271,2,2,0.0442,0.05984,0.89596
26813936,0,0,0.96603,0.02821,0.00576
13102068,2,2,0.00024,0.00054,0.99922
10384032,2,2,0.41983,0.05394,0.52623
22795291,2,2,0.05814,0.19912,0.74274
36543304,2,2,0.1117,0.2699,0.6184
32744662,2,2,5e-05,0.00051,0.99944
36108498,0,0,0.52651,0.20117,0.27232
36232351,2,2,0.24824,0.1887,0.56307
31214346,2,2,0.00052,0.02149,0.97799
17110995,2,1,0.00756,0.5329,0.45954
34174502,2,2,0.03527,0.03609,0.92864
28921185,2,2,0.00674,0.02179,0.97147
41162993,2,2,0.00446,0.0223,0.97325
30139588,2,2,0.0082,0.00426,0.98754
24485054,2,2,0.09275,0.08399,0.82326
6835685,2,1,0.08901,0.80146,0.10954
9340701,2,2,0.43164,0.10155,0.46682
32472022,2,1,0.1792,0.45924,0.36156
15543673,1,0,0.57361,0.28331,0.14309
36508289,2,2,0.01682,0.14249,0.84069
24364962,2,2,0.01254,0.11038,0.87708
15647285,2,2,0.12787,0.12211,0.75003
2282624,2,1,0.2282,0.4076,0.3642
4466023,2,2,0.065,0.06259,0.87241
29321744,2,2,0.03501,0.25859,0.70639
12408890,2,2,0.0094,0.49082,0.49978
14019280,2,2,0.01622,0.06653,0.91725
25576978,2,2,0.06284,0.11171,0.82545
13247946,2,2,0.07456,0.04347,0.88197
40050877,2,2,0.00192,0.01081,0.98727
12396898,2,1,0.21258,0.39573,0.39169
8131497,2,2,0.1528,0.05719,0.79001
25118153,0,0,0.9981,0.00096,0.00094
36021366,2,2,0.15063,0.22003,0.62934
22737534,0,0,0.85754,0.11218,0.03028
39320245,2,2,0.01194,0.02016,0.9679
78368,2,2,0.01549,0.02659,0.95792
34552805,0,0,0.57087,0.05641,0.37272
8943431,2,2,0.00355,0.03078,0.96567
5124621,0,0,0.89062,0.10483,0.00455
26811283,2,2,0.08625,0.08551,0.82824
10802207,2,2,0.00094,0.02628,0.97277
25000460,2,2,0.00021,0.00151,0.99828
18127718,2,2,0.15865,0.33288,0.50847
10443014,2,2,0.01668,0.07652,0.90681
15473895,2,1,0.05243,0.72684,0.22073
31339011,0,1,0.22721,0.73967,0.03312
23949830,2,0,0.41469,0.39468,0.19062
32473587,2,2,0.03726,0.10595,0.85679
35475926,0,0,0.44798,0.3201,0.23192
15301810,2,2,0.14351,0.07458,0.78191
29667673,2,2,0.00845,0.01738,0.97417
3249376,2,0,0.76663,0.02436,0.20901
29059335,0,0,0.8224,0.10249,0.07511
39096178,0,0,0.50283,0.13203,0.36514
431961,2,2,0.18208,0.19237,0.62555
27131695,2,2,0.00376,0.01843,0.9778
31633206,2,2,0.01273,0.02897,0.9583
28853610,0,0,0.86995,0.12388,0.00617
36988454,0,0,0.51176,0.32183,0.16641
32563944,1,1,0.08201,0.91266,0.00533
32482038,0,0,0.84318,0.13828,0.01854
21188138,2,2,0.05049,0.09867,0.85084
21590164,0,0,0.81197,0.18318,0.00485
39643377,2,2,0.17698,0.21852,0.6045
17481254,2,1,0.13976,0.64547,0.21478
5106889,1,0,0.45907,0.36506,0.17586
1226843,1,0,0.46242,0.12653,0.41105
18200916,2,2,0.01006,0.0854,0.90454
39980039,2,2,0.18868,0.17911,0.63221
21537701,2,2,0.00519,0.01742,0.9774
39408928,2,2,0.01257,0.19895,0.78848
13543040,2,2,0.02124,0.06658,0.91218
27884199,2,2,0.01943,0.13337,0.8472
31360090,0,0,0.9818,0.01805,0.00015
13405124,2,2,0.0744,0.19652,0.72908
5365910,2,2,0.00031,0.00143,0.99827
23080219,2,0,0.39502,0.28777,0.31722
18613076,2,2,0.01656,0.02458,0.95887
8243459,0,0,0.85975,0.13774,0.00251
30515745,2,2,0.00229,0.01165,0.98606
28713271,0,0,0.49424,0.34601,0.15975
12145100,1,2,0.27609,0.35877,0.36514
3885390,2,2,0.00368,0.09993,0.89639
37967669,2,2,0.05096,0.17854,0.7705
18883871,2,2,0.00705,0.05662,0.93633
25406529,2,0,0.494,0.38463,0.12138
1960559,2,2,1e-05,0.00085,0.99914
29068770,0,0,0.55039,0.37113,0.07848
32132123,2,2,0.0307,0.03951,0.92979
37581294,2,2,0.00678,0.01443,0.97879
2181469,2,2,0.10234,0.22911,0.66855
29427919,2,2,0.00144,0.00523,0.99333
8950084,0,0,0.50176,0.48418,0.01406
31353283,0,0,0.55747,0.42782,0.01471
15630587,2,2,0.1571,0.14261,0.70029
33900362,0,0,0.85768,0.06497,0.07735
26567438,0,1,0.25689,0.68562,0.0575
37143650,2,0,0.5214,0.24731,0.23129
6528425,2,2,0.04436,0.15875,0.79689
8382536,2,2,0.02129,0.14138,0.83733
19339643,2,2,0.13295,0.02731,0.83974
12732520,2,2,0.01855,0.05604,0.92541
21636736,1,0,0.64596,0.33459,0.01945
6117676,2,2,0.0445,0.029,0.9265
25756248,2,2,0.00924,0.22338,0.76738
25628796,2,2,0.02749,0.16843,0.80407
10777739,2,1,0.28041,0.52384,0.19575
39826182,2,2,0.02839,0.02034,0.95127
19829859,0,0,0.48821,0.32519,0.1866
33189760,2,2,0.11082,0.06655,0.82263
16551748,0,0,0.92561,0.07172,0.00266
16454357,2,2,0.00694,0.00807,0.98499
38018997,2,2,0.00258,0.20292,0.7945
29481863,2,2,0.01965,0.27989,0.70046
28157286,0,0,0.55605,0.42842,0.01554
4244730,2,2,0.06163,0.16954,0.76883
27161746,2,2,0.00159,0.00258,0.99583
38542150,2,2,0.00066,0.01063,0.98871
14310178,2,2,0.00403,0.00633,0.98965
11633259,2,2,0.02987,0.22589,0.74424
25682468,2,2,0.15412,0.33931,0.50656
8451393,0,0,0.71985,0.25531,0.02484
23672837,2,2,0.06718,0.05752,0.87529
36947031,2,1,0.26334,0.71374,0.02292
9805236,2,2,0.04277,0.06271,0.89452
8296193,1,0,0.55084,0.16434,0.28482
36945491,2,2,0.00655,0.04997,0.94349
12193825,2,2,0.12441,0.07957,0.79602
33207147,2,2,0.00099,0.05948,0.93953
12373810,2,2,0.01346,0.04041,0.94614
12202499,0,0,0.89681,0.067,0.03618
21485718,2,2,0.0362,0.01936,0.94444
32899235,2,2,0.00354,0.01131,0.98515
10818154,2,2,0.20457,0.16787,0.62756
20528965,2,2,0.00041,0.00882,0.99077
3501852,2,2,0.01359,0.05584,0.93057
20891248,0,1,0.46646,0.50492,0.02863
9705250,2,2,0.01657,0.08754,0.8959
32769701,2,2,0.15803,0.10506,0.73691
18692727,2,0,0.41702,0.26091,0.32207
35114762,2,1,0.12335,0.65462,0.22203
33990614,2,2,0.15676,0.21013,0.63312
26202428,2,1,0.05967,0.84884,0.09149
36224311,2,2,0.0024,0.01145,0.98615
40830662,2,2,0.13725,0.14993,0.71282
29174612,1,0,0.51076,0.35812,0.13112
22623653,2,2,0.01252,0.12711,0.86037
13981713,2,2,0.00335,0.02104,0.97561
2016853,2,2,0.25409,0.19036,0.55554
854391,2,2,0.0069,0.04287,0.95023
28539778,2,2,0.10496,0.15506,0.73998
31002027,2,2,0.00058,0.00521,0.99421
38369335,0,0,0.99728,0.00223,0.00049
10593439,2,1,0.07936,0.69928,0.22136
31245180,0,0,0.93523,0.03806,0.02671
9330041,0,0,0.97129,0.0261,0.0026
273079,0,1,0.15368,0.78673,0.05959
31737633,2,2,0.00465,0.05867,0.93668
37071342,1,2,0.10361,0.0476,0.84879
26143955,2,2,0.04522,0.09107,0.86371
15100711,2,2,9e-05,0.01251,0.9874
6276515,2,2,0.32487,0.28106,0.39407
9790471,2,2,0.13105,0.13633,0.73262
834721,2,2,0.01115,0.13432,0.85452
23283460,2,2,0.00308,0.05365,0.94327
14088266,2,2,0.04185,0.07984,0.87831
39991840,2,2,0.13608,0.06662,0.7973
32598336,2,0,0.52908,0.14755,0.32337
10011989,2,2,0.25916,0.02742,0.71342
17000990,2,2,0.13762,0.13483,0.72756
8384785,2,2,0.00082,0.01376,0.98542
20850578,2,2,0.0128,0.05121,0.93599
13898247,2,2,0.03944,0.39164,0.56892
8617764,2,2,0.01296,0.05103,0.936
19622771,2,2,0.00066,0.01392,0.98542
27787680,2,2,0.05576,0.11035,0.83389
30727589,2,2,0.00337,0.03237,0.96426
30986683,2,2,0.04616,0.03865,0.91519
6964039,2,2,0.09523,0.28677,0.618
31777265,0,0,0.93176,0.03601,0.03223
10405074,2,0,0.51299,0.42425,0.06276
20849260,2,2,0.04718,0.06315,0.88967
35324545,0,1,0.26604,0.59996,0.134
11690085,2,2,0.1135,0.12365,0.76285
37925720,0,0,0.82242,0.17147,0.00611
14855069,2,2,0.0236,0.14775,0.82865
19133195,2,2,0.25516,0.19639,0.54846
28673237,2,2,0.01339,0.16547,0.82114
32274442,0,0,0.83776,0.08056,0.08168
30614060,2,0,0.36221,0.29055,0.34724
13486857,2,2,2e-05,0.00021,0.99977
23950268,2,2,0.02806,0.10923,0.86272
14711790,0,0,0.98805,0.0118,0.00015
19484088,2,2,0.00201,0.02253,0.97546
35878938,2,2,0.00779,0.00752,0.98469
6575240,2,2,0.03792,0.07757,0.88451
10091850,2,2,0.00547,0.03434,0.96019
5572608,2,2,0.01472,0.12418,0.8611
17490569,2,2,0.01744,0.06558,0.91698
23226957,2,2,0.0332,0.13376,0.83305
27989169,2,1,0.14823,0.4385,0.41327
6287040,2,2,0.00379,0.04633,0.94988
9128188,2,2,0.03254,0.08851,0.87895
14356545,2,2,0.0003,0.00403,0.99567
29618991,2,2,0.00522,0.02054,0.97424
29551645,2,2,0.00938,0.03016,0.96045
13282661,2,2,0.06103,0.02541,0.91356
30888082,2,2,0.03056,0.0267,0.94274
10621681,2,2,0.02328,0.16585,0.81087
5285685,0,0,0.92672,0.06565,0.00762
24168168,2,2,0.1583,0.18298,0.65871
32450625,2,1,0.35024,0.37533,0.27443
30731046,2,2,0.00308,0.05365,0.94327
13629244,2,2,0.08974,0.10893,0.80133
22035334,2,2,0.03572,0.06414,0.90014
19694562,2,2,0.20647,0.32084,0.47269
13781264,2,2,0.11264,0.08648,0.80088
24457087,0,0,0.88154,0.117,0.00146
39789065,0,0,0.9179,0.0615,0.0206
34585778,2,2,0.1039,0.08332,0.81278
38729947,0,0,0.61374,0.28462,0.10164
11177403,2,2,0.17585,0.39208,0.43207
16967780,2,2,0.23501,0.30548,0.4595
10274006,0,0,0.48378,0.35935,0.15687
4705118,2,2,0.01854,0.00587,0.97558
40545515,0,0,0.45542,0.44422,0.10036
25313336,0,0,0.97013,0.02701,0.00286
18220453,2,2,0.00416,0.01478,0.98106
5831459,2,2,0.09984,0.06981,0.83036
32349551,0,0,0.95219,0.04492,0.00289
7997267,2,2,0.00997,0.03381,0.95621
3569000,2,1,0.07421,0.80848,0.1173
4140511,2,2,0.01791,0.10374,0.87836
3264226,2,1,0.02358,0.71287,0.26355
14116610,2,0,0.38068,0.37794,0.24138
10066527,1,1,0.07086,0.73165,0.19749
26208213,0,0,0.98474,0.01481,0.00045
31736355,2,2,0.1096,0.09746,0.79293
38281965,2,2,0.00481,0.01145,0.98374
17321458,2,2,0.19327,0.03515,0.77158
104875,0,0,0.76214,0.19996,0.03791
10558996,2,2,0.25671,0.06695,0.67635
34178054,2,2,0.27681,0.12699,0.5962
22830578,0,1,0.26651,0.44554,0.28795
36020272,0,0,0.90573,0.07632,0.01795
18872631,2,2,0.01832,0.02948,0.95219
6144359,2,2,0.05579,0.01296,0.93125
10888293,2,2,0.0032,0.05626,0.94054
14603288,2,2,0.14749,0.2187,0.63381
40762943,0,0,0.69894,0.14411,0.15695
19652497,2,2,0.03442,0.12198,0.8436
19922874,2,2,0.22485,0.24192,0.53324
39908316,0,0,0.60397,0.36634,0.02969
6170751,2,0,0.49571,0.231,0.27329
19811793,2,2,0.07989,0.29269,0.62741
17555229,2,2,0.01197,0.08489,0.90314
40079040,2,2,0.24824,0.1887,0.56307
16765691,2,2,0.00225,0.00608,0.99167
14358807,2,2,0.00113,0.00286,0.99601
14329440,2,2,0.06392,0.04888,0.88721
6312605,1,1,0.37196,0.45067,0.17737
8128748,0,1,0.29535,0.6598,0.04485
9955395,2,2,0.06303,0.03566,0.9013
18949356,2,2,0.00293,0.00438,0.99269
21106769,0,0,0.79463,0.17922,0.02615
10154083,2,1,0.26114,0.48345,0.25542
24534359,2,2,0.13713,0.14222,0.72065
2284963,2,1,0.03121,0.74382,0.22498
8579494,2,2,0.07635,0.15214,0.77151
10631128,2,2,0.17448,0.11409,0.71143
1195889,2,2,0.00059,0.09905,0.90036
34982167,2,2,0.15333,0.14218,0.70448
13631766,2,2,0.06528,0.16365,0.77106
21760752,0,0,0.9677,0.01826,0.01404
20385926,2,2,0.00354,0.11454,0.88192
25231251,0,0,0.96126,0.03385,0.00488
12121397,0,0,0.57271,0.37524,0.05204
12481652,2,2,0.25235,0.35196,0.39568
5318776,2,2,0.15853,0.15061,0.69086
8064572,2,2,0.02166,0.1416,0.83674
20945320,2,2,0.0,0.00055,0.99945
15536817,2,2,0.04588,0.17699,0.77713
20608641,2,2,0.00121,0.00444,0.99436
23927159,2,2,0.18437,0.10237,0.71327
37108826,2,2,0.05853,0.09975,0.84172
20138904,1,0,0.51581,0.35924,0.12495
15044291,2,2,0.0002,0.00306,0.99673
40994018,2,2,0.12543,0.02359,0.85098
4479754,2,2,0.0005,0.0248,0.9747
10440857,1,2,0.3146,0.28154,0.40386
21180749,2,0,0.65466,0.31811,0.02723
28388237,2,2,0.03459,0.06262,0.90279
24437763,0,1,0.06237,0.67982,0.25781
2796808,2,1,0.26255,0.60745,0.12999
717138,2,1,0.06045,0.80237,0.13719
30406149,2,2,0.23693,0.27161,0.49146
11480368,2,2,0.01562,0.35826,0.62612
4697726,2,2,0.07144,0.04189,0.88667
22586577,2,2,0.01319,0.00892,0.97789
29794598,0,1,0.24775,0.59628,0.15597
14280678,2,2,0.04045,0.14806,0.81149
18563031,0,0,0.87782,0.09434,0.02784
13474412,2,2,0.01512,0.15064,0.83424
38755992,0,0,0.9539,0.0395,0.0066
30449823,1,2,0.0992,0.22914,0.67166
18150948,2,2,0.1921,0.20337,0.60452
23962001,0,0,0.99646,0.00224,0.00131
5668538,2,2,0.00453,0.03852,0.95694
29668889,2,2,0.07512,0.10491,0.81997
9580439,2,2,0.01721,0.18741,0.79538
2415205,2,2,0.01767,0.02686,0.95547
32914427,2,2,0.00156,0.05211,0.94633
11976133,2,1,0.26265,0.58495,0.1524
9224348,2,2,0.01217,0.05436,0.93347
27566155,2,2,0.11052,0.25318,0.63629
35426470,2,1,0.03558,0.87234,0.09209
3901415,2,1,0.10462,0.77008,0.12531
40569639,2,2,0.13325,0.18143,0.68532
6738821,2,2,0.13005,0.07327,0.79668
22128914,2,2,0.05647,0.12773,0.8158
35672823,1,1,0.10719,0.45533,0.43748
34909264,2,2,0.00076,0.01297,0.98627
7769333,2,2,0.03747,0.39377,0.56876
19168973,2,2,0.03004,0.11389,0.85607
40459238,2,2,0.00361,0.04016,0.95623
28098104,2,2,0.00366,0.0033,0.99304
36897275,0,0,0.81605,0.14976,0.03419
13824437,2,1,0.14055,0.46554,0.3939
19687386,1,1,0.44649,0.47166,0.08185
30878908,2,2,0.00741,0.02067,0.97192
6868821,2,2,0.15333,0.41686,0.42981
23264353,2,2,0.07486,0.22517,0.69997
17912010,2,2,0.03695,0.05019,0.91286
2325817,2,2,0.01006,0.0854,0.90454
11880954,1,1,0.22225,0.4748,0.30295
9950666,2,1,0.10091,0.52714,0.37195
20093907,1,2,0.36563,0.1989,0.43548
17558177,2,2,0.00359,0.02801,0.96839
650526,2,2,0.0221,0.3049,0.67301
30062791,0,0,0.65644,0.25108,0.09248
39979502,0,0,0.86082,0.0651,0.07408
17893270,0,0,0.4331,0.19496,0.37195
6640834,2,2,0.31506,0.03692,0.64802
21882592,2,1,0.05548,0.64916,0.29536
24529161,2,2,0.01061,0.07404,0.91535
38062856,2,2,0.00766,0.01021,0.98213
33264340,2,2,0.059,0.43206,0.50894
40923947,0,0,0.94534,0.04201,0.01265
9817494,2,2,0.30242,0.06632,0.63126
29033765,2,2,0.00153,0.01293,0.98554
10051670,1,2,0.09323,0.3827,0.52407
17002687,0,2,0.11437,0.0205,0.86513
28954034,2,2,0.01834,0.09079,0.89087
21754101,2,2,0.01533,0.084,0.90067
40073683,2,2,0.24824,0.1887,0.56307
26200316,0,0,0.85365,0.13966,0.00669
23931235,2,2,0.04249,0.21059,0.74692
5212242,2,2,0.04505,0.36656,0.58839
13005021,2,2,0.05769,0.21383,0.72848
3976360,2,2,0.01382,0.05874,0.92743
22605034,2,2,0.01969,0.00713,0.97318
7019440,2,2,0.02758,0.14345,0.82898
28958189,2,2,0.15014,0.05528,0.79458
17913034,2,1,0.21314,0.57807,0.20879
35197879,2,2,0.01261,0.02996,0.95743
661390,2,2,0.02858,0.23861,0.73282
9184931,2,2,0.14033,0.04653,0.81315
19203581,2,2,0.01278,0.06341,0.92381
27867770,2,2,0.09436,0.07493,0.83071
1495756,0,0,0.66506,0.23878,0.09616
9001827,2,1,0.01544,0.68181,0.30275
1295633,2,2,0.08328,0.12335,0.79337
26486009,2,2,0.00447,0.01248,0.98305
19558148,0,0,0.72707,0.23365,0.03927
19666934,2,2,0.21232,0.05606,0.73161
27885600,2,2,0.00128,0.05278,0.94594
19267459,2,2,0.00031,0.00339,0.9963
12852648,2,2,1e-05,0.00023,0.99976
24148658,2,2,0.18403,0.13479,0.68118
13241811,2,2,0.00016,0.00958,0.99026
9199593,0,0,0.56912,0.42101,0.00987
19617374,2,2,0.04531,0.03985,0.91484
30082966,2,2,0.04123,0.01453,0.94425
2368164,2,2,0.0375,0.0396,0.92289
12853369,2,2,0.0043,0.01199,0.98371
2573372,0,0,0.9259,0.05942,0.01468
19922730,0,0,0.69498,0.29417,0.01085
36378227,2,2,0.0153,0.09935,0.88535
8921918,2,2,0.04668,0.08781,0.86552
26381847,2,0,0.45829,0.42352,0.11819
10527505,2,2,0.00396,0.08683,0.90921
26449618,2,2,0.07899,0.29669,0.62432
23196968,0,1,0.17539,0.78701,0.0376
40798577,2,2,0.09817,0.04153,0.86029
39612431,2,2,0.05388,0.04221,0.90392
6518427,2,2,0.00753,0.01355,0.97891
13629506,2,2,0.02549,0.00882,0.96568
32663371,2,2,0.01202,0.08641,0.90157
32541221,2,2,0.06716,0.04259,0.89025
6403715,1,0,0.43518,0.36361,0.20121
19150589,2,2,0.00017,0.0044,0.99543
14665449,2,2,0.00294,0.00517,0.99189
11700809,2,2,0.01117,0.12601,0.86282
24151175,1,0,0.97918,0.01753,0.00329
9352194,0,0,0.84563,0.1321,0.02227
22541778,2,2,0.00861,0.05646,0.93493
26609226,2,2,0.01427,0.05568,0.93005
29657705,0,0,0.79859,0.19788,0.00353
1724775,2,2,0.01477,0.02055,0.96468
15938373,1,0,0.89299,0.08898,0.01803
25812483,2,2,0.02112,0.30943,0.66945
20802012,1,1,0.09342,0.80301,0.10357
20638497,0,0,0.97601,0.02158,0.00241
22604578,2,2,0.10884,0.31726,0.5739
37917751,2,2,0.00706,0.02708,0.96586
5756430,2,0,0.69605,0.12845,0.1755
40553133,2,2,0.02044,0.01698,0.96258
6833671,2,2,0.00044,0.00418,0.99538
29578752,2,2,0.02836,0.01137,0.96027
11519131,2,2,0.0115,0.00954,0.97896
23314074,2,0,0.50969,0.35566,0.13465
2041412,2,2,0.01919,0.10253,0.87828
20900803,0,0,0.71188,0.26856,0.01956
20620342,2,2,0.08404,0.16404,0.75192
39659732,2,2,0.02977,0.0216,0.94863
19830297,2,2,0.02482,0.22854,0.74664
14845132,2,2,4e-05,0.00018,0.99978
9190335,2,2,0.01671,0.04194,0.94135
702328,2,0,0.66265,0.06216,0.2752
6856715,2,2,0.00124,0.02241,0.97636
37931871,0,0,0.97143,0.02757,0.001
27566715,2,2,0.00465,0.0186,0.97676
34169623,0,0,0.86474,0.09708,0.03818
3654906,2,2,0.14958,0.05662,0.7938
21073174,0,0,0.91212,0.06528,0.0226
11368390,2,2,0.02355,0.08244,0.89401
17644247,2,0,0.42988,0.37342,0.19669
26058947,2,2,0.00388,0.05416,0.94195
13074867,2,2,0.01569,0.00162,0.98268
32103577,1,0,0.54782,0.37595,0.07623
26148784,1,1,0.1501,0.82572,0.02417
32685017,1,1,0.16604,0.52638,0.30759
8420580,1,2,0.04283,0.06668,0.89049
38381054,0,0,0.94712,0.04777,0.00511
23588660,2,2,0.00028,0.01161,0.9881
31181949,2,2,0.10006,0.15488,0.74506
40531953,0,0,0.9017,0.07749,0.02081
16033076,2,2,0.15325,0.27601,0.57074
16217843,2,2,0.00172,0.24024,0.75804
35935928,2,0,0.44081,0.26357,0.29563
1878187,1,1,0.45876,0.48746,0.05377
5357477,2,2,0.09831,0.0997,0.80199
18514759,0,0,0.6637,0.1612,0.17509
90441,0,0,0.95309,0.04401,0.0029
41068186,1,1,0.18514,0.70419,0.11067
25780805,2,2,0.01126,0.00942,0.97932
18521620,2,2,0.00061,0.07262,0.92677
5643885,2,2,0.004,0.01355,0.98245
31043574,2,2,5e-05,0.00163,0.99831
19316841,2,2,0.01288,0.01436,0.97275
17539981,2,2,0.04095,0.05948,0.89957
25376567,2,2,0.00887,0.04658,0.94455
38341398,1,1,0.07317,0.76035,0.16648
8094650,2,2,0.13207,0.13503,0.7329
32228571,0,0,0.82948,0.11496,0.05556
4182856,1,0,0.57025,0.42109,0.00866
17936413,2,2,0.00265,0.01749,0.97986
30510492,2,2,1e-05,0.00539,0.9946
10551001,2,2,0.00075,0.01889,0.98036
16037413,0,0,0.9836,0.01569,0.00071
28440835,2,1,0.03248,0.6923,0.27522
11263615,0,2,0.25167,0.25034,0.49799
25915365,0,0,0.43388,0.32582,0.2403
37709153,2,2,0.19978,0.21867,0.58155
25639350,2,2,0.00796,0.01478,0.97726
10221436,2,1,0.10022,0.85171,0.04807
26614190,2,2,0.23513,0.23574,0.52913
9296842,2,2,0.0196,0.10968,0.87072
35353705,0,0,0.97078,0.02128,0.00794
17739775,0,0,0.52488,0.23679,0.23833
7037712,1,0,0.61988,0.27323,0.10689
18850253,0,0,0.96823,0.02498,0.00679
26643454,1,0,0.55249,0.43436,0.01315
30964183,0,0,0.98156,0.01833,0.00011
21122399,2,2,0.03203,0.03873,0.92924
24033598,2,2,0.01572,0.15277,0.8315
25848427,2,2,0.00713,0.0062,0.98667
11099501,0,0,0.98873,0.01115,0.00012
41416764,2,2,0.03713,0.15502,0.80785
712642,2,2,0.0032,0.00454,0.99226
9109929,0,0,0.79102,0.1627,0.04628
2330642,2,2,0.18922,0.06468,0.7461
16549984,2,2,0.0096,0.04483,0.94558
22893818,2,2,0.00985,0.16834,0.82182
18349715,2,2,0.00793,0.15394,0.83813
33205621,2,1,0.36229,0.51917,0.11854
24971834,2,2,0.10393,0.16014,0.73594
31443994,2,2,0.00706,0.0239,0.96904
24711268,2,2,0.03613,0.10771,0.85615
6620019,2,2,0.04229,0.08043,0.87729
39358524,0,0,0.85109,0.12738,0.02153
14590310,0,1,0.06406,0.8857,0.05023
6882980,2,1,0.08852,0.72465,0.18683
36052997,2,2,0.00057,0.01051,0.98892
39914555,0,0,0.99798,0.00177,0.00025
7196051,2,2,0.36423,0.09792,0.53785
14812271,0,0,0.839,0.1228,0.0382
19104389,2,2,0.08095,0.12102,0.79803
38779822,0,0,0.7657,0.20184,0.03246
41064207,2,2,0.03944,0.01045,0.95011
11003871,2,1,0.11826,0.83669,0.04505
30256590,2,1,0.08063,0.56032,0.35904
17498441,2,2,0.01243,0.02217,0.9654
23436380,2,2,0.01743,0.01631,0.96626
2811524,2,2,0.02714,0.15146,0.8214
5131857,2,2,0.01315,0.05177,0.93508
37564309,1,0,0.39656,0.2281,0.37534
41600141,1,0,0.80344,0.04877,0.14779
36511639,2,2,0.00452,0.07989,0.91558
37860798,0,0,0.79754,0.19652,0.00594
39999098,0,0,0.99347,0.0063,0.00023
239128,2,2,0.00629,0.00606,0.98765
3780544,2,2,0.01028,0.01617,0.97355
38080156,2,2,0.01699,0.16206,0.82095
15529722,2,1,0.0611,0.6288,0.31009
1111295,2,2,0.00922,0.1481,0.84269
37712055,2,2,0.29459,0.144,0.56141
21382982,0,0,0.51469,0.46153,0.02378
7887690,2,2,0.32396,0.2194,0.45664
36632656,2,2,0.07095,0.03311,0.89594
254169,1,2,0.19954,0.36419,0.43626
40122140,2,2,0.07432,0.10762,0.81806
39782974,0,0,0.91515,0.0784,0.00645
4198149,2,2,0.00119,0.0067,0.99211
15297844,2,2,0.07863,0.13198,0.7894
12706099,1,0,0.81224,0.14558,0.04218
19344045,2,2,0.00164,0.02624,0.97212
244487,2,2,0.03521,0.01428,0.95051
10849031,2,2,0.02626,0.0285,0.94524
33456686,2,2,0.00059,0.02891,0.9705
29774282,2,2,0.00099,0.00067,0.99834
22856835,2,2,0.00725,0.17343,0.81932
33858721,2,2,0.00305,0.00925,0.9877
16459750,2,2,0.00984,0.00575,0.98441
18979281,2,1,0.13289,0.45227,0.41484
6020219,2,1,0.27266,0.46288,0.26446
1748333,0,0,0.98369,0.01427,0.00204
27494042,2,2,0.01322,0.03462,0.95216
22821774,0,0,0.69672,0.28976,0.01352
20306258,0,1,0.27285,0.69388,0.03327
20281863,1,0,0.52822,0.4215,0.05028
4174029,2,2,0.2036,0.10399,0.69241
41341152,0,2,0.04094,0.41023,0.54883
14388126,0,0,0.42769,0.2999,0.27241
28484011,1,0,0.61109,0.19506,0.19385
21789590,2,0,0.6634,0.20539,0.13121
34324292,2,2,0.33207,0.02897,0.63896
11972291,0,0,0.70059,0.2831,0.01631
11025607,2,0,0.58701,0.34081,0.07218
23024540,0,0,0.91582,0.05673,0.02745
12158855,2,2,0.0101,0.037,0.9529
31124236,0,0,0.75407,0.07427,0.17166
31782815,2,1,0.06851,0.64726,0.28423
28121111,1,1,0.02824,0.52723,0.44453
31496741,2,2,0.00102,0.00614,0.99284
8797934,2,2,0.02897,0.02404,0.947
10252464,2,2,0.01436,0.01121,0.97443
6212542,2,2,0.00184,0.00354,0.99462
8958632,2,2,0.04219,0.04774,0.91007
31191486,2,0,0.68959,0.06576,0.24466
7762621,2,2,1e-05,0.00033,0.99967
12115031,0,0,0.81041,0.12251,0.06708
16131987,2,1,0.02242,0.50388,0.47371
39238283,1,1,0.30474,0.67227,0.023
29569960,2,2,0.05436,0.19231,0.75333
6876137,2,2,0.19186,0.29752,0.51062
9230575,2,2,0.00484,0.02931,0.96585
13116301,2,2,0.0,0.00055,0.99945
29559618,2,2,0.14327,0.35651,0.50022
14392492,0,0,0.76327,0.1547,0.08203
21239160,2,2,0.02548,0.07564,0.89888
13089491,2,2,0.00033,0.00363,0.99604
29215521,2,2,0.18641,0.22835,0.58524
27697680,2,2,0.00073,0.00592,0.99335
17105958,2,2,0.24322,0.12599,0.63078
23096123,2,2,0.21284,0.14367,0.64348
37396774,2,2,0.06253,0.22227,0.7152
12935621,2,1,0.01144,0.53191,0.45665
26916335,2,2,0.00397,0.00733,0.9887
16235537,2,2,0.00115,0.03507,0.96378
40081988,0,0,0.95359,0.03867,0.00774
11606295,2,2,0.00069,0.00361,0.9957
35463627,2,2,0.00067,0.01036,0.98897
17065457,0,0,0.85065,0.14441,0.00494
7708577,0,0,0.98998,0.00978,0.00024
21154021,0,0,0.50701,0.40066,0.09233
11738439,2,2,0.01668,0.01736,0.96596
27401466,2,2,0.08742,0.21024,0.70233
12834169,2,2,0.00219,0.00169,0.99612
7197697,0,0,0.96018,0.02849,0.01133
29672068,0,0,0.81064,0.05135,0.13801
14156872,0,0,0.91915,0.0348,0.04605
2401682,2,2,0.01359,0.23785,0.74856
6369830,2,2,0.00232,0.09057,0.9071
3266611,2,2,0.04276,0.14083,0.81641
35370806,0,1,0.33748,0.3393,0.32322
40586198,0,0,0.92683,0.06991,0.00325
11288954,2,2,0.03688,0.05493,0.90819
22830708,1,0,0.404,0.40316,0.19285
2968179,0,0,0.64588,0.21792,0.1362
39746238,0,0,0.95192,0.04735,0.00073
12579303,2,2,0.0443,0.1053,0.8504
39230698,2,2,0.00081,0.00241,0.99679
9121420,2,2,0.00102,0.00111,0.99787
8671784,2,2,0.07402,0.23083,0.69514
240057,2,2,0.03197,0.0479,0.92014
15443753,2,2,0.00867,0.03189,0.95944
12871577,2,2,0.0057,0.07933,0.91497
7453464,0,0,0.62612,0.20413,0.16975
23845499,1,1,0.26137,0.58779,0.15084
20390573,0,0,0.49947,0.30636,0.19417
19646104,0,0,0.97342,0.02204,0.00454
10307868,2,2,0.01505,0.05856,0.92639
15805818,2,2,0.03109,0.14499,0.82392
11559138,0,0,0.51234,0.39201,0.09564
28769241,0,0,0.9065,0.04323,0.05027
18872873,2,2,0.00288,0.01975,0.97737
12884270,2,2,0.00156,0.00692,0.99152
34095919,2,2,0.32009,0.20777,0.47213
10796278,2,2,0.00167,0.03039,0.96794
2542196,2,0,0.94371,0.03977,0.01651
23759587,0,0,0.96951,0.01385,0.01663
36881097,2,2,0.01577,0.06396,0.92026
36199227,2,2,0.19183,0.16386,0.6443
2196649,2,2,0.00054,0.02138,0.97807
6991728,2,2,0.0032,0.0377,0.9591
37705842,2,2,0.02425,0.05061,0.92514
15792165,2,2,0.00234,0.00675,0.99091
13346530,2,2,0.05256,0.03846,0.90898
10869713,2,2,0.02462,0.105,0.87038
32976316,2,2,0.00662,0.01014,0.98324
14445648,0,0,0.81858,0.12836,0.05306
33945824,2,2,0.00497,0.00333,0.9917
40146268,2,2,3e-05,0.00088,0.99909
31259597,2,2,0.05364,0.2458,0.70056
39625849,0,0,0.84207,0.04223,0.11571
26645550,2,2,0.00011,0.00285,0.99704
10676145,2,2,0.32828,0.08583,0.58589
32207220,0,0,0.73911,0.1358,0.12509
35562742,2,2,0.0032,0.02105,0.97575
14592698,0,0,0.78827,0.19153,0.0202
32299697,2,2,0.11161,0.04936,0.83903
259239,2,2,0.01606,0.06815,0.91579
28596638,2,2,0.16061,0.14016,0.69923
36105585,2,2,0.02676,0.14705,0.82619
3333695,0,0,0.72447,0.18523,0.0903
6906817,0,0,0.98469,0.01355,0.00176
26086967,0,0,0.9519,0.03946,0.00863
18166058,2,2,0.08804,0.40057,0.51139
36383776,0,0,0.93069,0.06427,0.00504
4054289,2,0,0.7159,0.18361,0.10049
6491391,2,2,0.02577,0.02198,0.95225
12971279,2,2,8e-05,0.00191,0.998
14671457,0,0,0.76726,0.11893,0.11381
16252359,2,1,0.16538,0.82811,0.00651
37965588,2,2,0.06586,0.06675,0.86739
41127378,2,2,0.00946,0.13645,0.85409
34460627,2,2,0.09216,0.05981,0.84803
4870377,0,0,0.95683,0.03208,0.01109
8366388,2,2,0.00798,0.04713,0.94489
27122638,0,0,0.91604,0.06639,0.01757
28639133,2,2,0.01008,0.01509,0.97483
20017620,2,2,0.09763,0.04995,0.85243
29851130,2,2,0.00074,0.01784,0.98142
24284675,2,2,0.02798,0.03538,0.93665
11000622,2,0,0.48423,0.12877,0.387
33365867,2,2,0.00587,0.03805,0.95608
24605632,2,2,0.12687,0.23305,0.64007
11832755,2,2,0.02376,0.07257,0.90367
19878874,2,2,0.00013,0.00348,0.99639
12246799,2,2,0.00105,0.17351,0.82544
4038653,2,2,0.00022,0.02753,0.97225
29311706,0,0,0.87988,0.11593,0.0042
40128100,1,1,0.37707,0.4516,0.17132
18901097,2,2,0.03888,0.03315,0.92797
12734387,0,2,0.05083,0.21296,0.73621
34730159,2,2,0.00188,0.06739,0.93074
24846371,0,2,0.18986,0.24015,0.56999
36868882,0,0,0.90635,0.07865,0.01499
31634056,2,2,0.02522,0.08715,0.88763
3438957,2,2,0.02894,0.08695,0.88411
37248382,2,2,0.0011,0.0269,0.97199
9121501,0,0,0.91053,0.05814,0.03133
23064182,0,0,0.76089,0.17203,0.06708
40608784,2,2,0.02023,0.16664,0.81313
32109,2,2,0.14081,0.16934,0.68985
23587181,1,1,0.27269,0.64095,0.08636
28732454,2,2,0.00384,0.01402,0.98214
24469769,2,2,0.002,0.01686,0.98115
10549052,2,2,0.00908,0.00276,0.98816
695653,2,2,0.00652,0.01187,0.98162
6090270,2,2,0.34279,0.15807,0.49914
31906032,2,1,0.14662,0.4674,0.38597
11390825,2,2,0.00619,0.05663,0.93718
16895737,1,1,0.17328,0.59698,0.22974
31904182,2,2,0.00464,0.08009,0.91526
8035728,2,2,0.03323,0.01778,0.94899
38414535,2,2,0.01089,0.02303,0.96607
31456974,2,0,0.49997,0.11891,0.38112
15835236,2,2,0.00172,0.24024,0.75804
11835666,2,2,0.00101,0.01502,0.98397
4227829,2,2,0.12575,0.13482,0.73943
4702750,2,2,0.0042,0.01224,0.98356
2952989,2,1,0.2287,0.43369,0.33761
26984265,2,0,0.81785,0.09642,0.08573
28351331,2,2,0.10664,0.06791,0.82544
754185,1,1,0.35577,0.4717,0.17253
19236341,0,0,0.65425,0.28995,0.0558
3672479,1,1,0.34921,0.40484,0.24595
35650710,2,0,0.55958,0.06221,0.37821
41116517,0,0,0.86654,0.10669,0.02676
21118044,0,0,0.48312,0.18347,0.33341
25848147,2,2,0.0244,0.03603,0.93957
35219126,2,0,0.85254,0.13748,0.00999
3215708,2,2,0.0212,0.12336,0.85544
16697668,2,2,0.00282,0.01769,0.97949
17034250,2,2,0.04028,0.20893,0.75079
22295533,2,2,0.01886,0.07036,0.91079
38566507,0,0,0.54708,0.08269,0.37022
17896442,2,2,0.31635,0.21098,0.47267
12061309,2,2,0.18342,0.30907,0.50751
5332009,2,2,0.00031,0.004,0.9957
34467103,0,0,0.68265,0.30611,0.01124
39926462,0,1,0.25303,0.71933,0.02764
26495225,2,2,0.00748,0.01928,0.97323
17193989,2,2,0.00074,0.0034,0.99586
7350135,2,2,0.00791,0.31625,0.67584
29658833,2,2,0.189,0.11709,0.6939
14352712,0,0,0.43001,0.37774,0.19225
17260057,0,1,0.2592,0.63544,0.10536
32159886,2,2,0.0312,0.05885,0.90995
26347816,1,1,0.17513,0.74771,0.07716
26722090,1,1,0.04456,0.9193,0.03614
16885745,2,2,0.07041,0.19263,0.73695
24376976,2,2,0.11315,0.04715,0.8397
22763958,0,0,0.6802,0.27777,0.04203
16722465,2,1,0.06593,0.77879,0.15528
15916065,0,0,0.50928,0.32292,0.1678
34304932,1,2,0.04517,0.42551,0.52932
38057488,0,0,0.90219,0.05758,0.04024
4646157,2,2,0.07516,0.08757,0.83727
40506451,2,2,0.014,0.05095,0.93505
40537993,2,2,0.37783,0.08744,0.53472
27055829,1,0,0.61307,0.37956,0.00736
19054753,2,2,0.01385,0.43455,0.5516
760781,2,2,0.00364,0.01319,0.98316
37715542,2,2,0.0017,0.09708,0.90122
20037930,2,2,0.03728,0.01471,0.94801
16590034,2,2,0.00514,0.29971,0.69515
16705780,2,2,0.02874,0.13772,0.83354
40242406,2,2,0.00135,0.00342,0.99522
9066545,0,1,0.34745,0.35289,0.29966
26175223,2,2,0.02394,0.07503,0.90103
29644271,2,2,0.01086,0.05146,0.93768
28925757,2,2,0.05539,0.14399,0.80063
29867528,2,2,0.1537,0.16619,0.68011
35916039,1,0,0.5594,0.1645,0.2761
16351044,2,2,0.03242,0.10653,0.86105
23719406,2,2,0.05794,0.03472,0.90734
36335466,2,2,0.0325,0.04722,0.92027
12508442,2,2,0.24324,0.14597,0.61079
34110880,2,2,0.14407,0.3456,0.51033
19000986,2,1,0.01072,0.79006,0.19922
1655003,1,2,0.01134,0.0333,0.95536
1891083,2,2,0.16474,0.02764,0.80762
12847710,2,2,0.14788,0.34501,0.5071
17055492,2,2,3e-05,0.00209,0.99788
12498809,2,2,0.16561,0.08277,0.75162
35548053,0,0,0.93877,0.05927,0.00196
22296427,2,2,0.09589,0.26377,0.64034
38605730,2,2,0.0062,0.01076,0.98304
28389526,2,2,0.00658,0.00493,0.98849
23903791,2,2,0.04587,0.12208,0.83205
40315923,0,0,0.92922,0.06634,0.00444
34583139,1,1,0.03676,0.88209,0.08115
24494622,0,0,0.99757,0.0009,0.00153
12165752,0,1,0.30203,0.67824,0.01973
11128264,2,2,0.11889,0.17557,0.70554
23146906,2,2,3e-05,0.00209,0.99788
1699075,0,2,0.24824,0.1887,0.56307
12258498,2,2,0.02994,0.04558,0.92449
37003231,0,0,0.93309,0.06241,0.0045
10690526,2,2,0.01615,0.04638,0.93747
17193745,0,2,0.19785,0.30637,0.49578
37388076,0,0,0.64737,0.24352,0.10911
20725723,2,0,0.73407,0.2268,0.03913
23473673,0,0,0.99774,0.00218,8e-05
3067398,2,2,0.12985,0.23407,0.63607
39629345,2,2,0.0428,0.14605,0.81115
26177479,2,2,0.24824,0.1887,0.56307
39206325,2,2,0.24824,0.1887,0.56307
36499907,2,1,0.10502,0.63181,0.26317
2730722,2,2,0.0006,0.00766,0.99173
5506483,2,2,0.01518,0.03844,0.94638
19284986,2,2,0.00447,0.03723,0.9583
24930517,2,2,0.34141,0.24702,0.41158
38400560,0,1,0.33393,0.60964,0.05643
22291621,2,2,0.00325,0.00559,0.99116
6131257,1,1,0.22729,0.70927,0.06343
36080785,2,2,0.27812,0.23964,0.48224
24436902,2,2,0.0182,0.18407,0.79772
4252220,2,2,0.20647,0.22762,0.56591
35384676,2,2,0.01342,0.10705,0.87952
32789859,1,1,0.12632,0.51775,0.35593
1036141,1,1,0.03992,0.78296,0.17712
21418893,2,2,0.11392,0.07114,0.81494
39593001,2,2,0.03272,0.07027,0.89701
16016455,2,0,0.51328,0.02214,0.46458
37131548,1,1,0.13657,0.75789,0.10555
37505693,2,2,0.00302,0.01248,0.9845
5918638,2,2,0.36583,0.07043,0.56374
1337169,0,0,0.58837,0.18774,0.22389
29125585,2,2,0.13415,0.20502,0.66083
5669245,0,0,0.9087,0.0746,0.0167
3147588,2,2,0.00835,0.03069,0.96096
10499548,0,0,0.59395,0.39937,0.00668
22569070,2,2,0.01725,0.01338,0.96936
25536530,2,2,0.01634,0.03452,0.94914
6627550,2,2,0.01744,0.03789,0.94468
41175580,0,0,0.97278,0.01798,0.00924
37760328,2,2,0.23304,0.04667,0.72029
22991514,2,2,0.09699,0.11095,0.79206
24347404,2,2,0.01455,0.01579,0.96966
40527128,0,0,0.8321,0.11951,0.04839
26629185,2,2,0.11,0.20874,0.68126
40970752,2,2,0.00399,0.01817,0.97784
12363044,2,2,0.00174,0.00639,0.99187
22782984,0,0,0.96606,0.02266,0.01128
27795042,2,2,0.00711,0.0098,0.9831
16496940,2,2,0.06118,0.10685,0.83197
16668467,2,2,0.06869,0.04824,0.88307
8667370,2,2,0.03757,0.21036,0.75207
5329738,2,2,0.00025,0.00199,0.99776
22787246,2,2,0.01893,0.04112,0.93995
12448753,2,2,0.00371,0.07248,0.92381
18669117,2,2,0.0003,0.00067,0.99903
6479113,2,1,0.20329,0.46272,0.33399
26119008,2,2,0.05512,0.14619,0.79869
25926053,2,2,0.00517,0.02495,0.96989
35256219,2,2,0.03495,0.12769,0.83736
7357831,2,2,0.00077,0.01077,0.98846
8101526,2,2,0.00032,0.00338,0.9963
23494812,0,1,0.42744,0.51994,0.05261
4203530,2,2,0.02151,0.05164,0.92685
17636614,0,0,0.78271,0.212,0.00529
25261639,2,2,0.29783,0.09405,0.60812
20237376,0,0,0.74647,0.22191,0.03162
39638667,2,2,0.13614,0.23173,0.63213
24139878,2,2,0.00068,0.01768,0.98164
40878824,2,2,7e-05,0.00207,0.99786
10847799,1,0,0.56069,0.27584,0.16348
29894265,2,2,0.00731,0.0289,0.96379
26552329,2,2,0.0848,0.02758,0.88762
29242497,0,0,0.78839,0.19221,0.0194
8991132,0,0,0.94171,0.05627,0.00202
9935238,2,2,0.07851,0.12172,0.79977
35498734,2,2,0.03178,0.05004,0.91818
41475867,0,0,0.82028,0.15433,0.02539
41465299,0,0,0.93532,0.05674,0.00794
12602681,2,0,0.56918,0.14204,0.28878
8423396,2,2,0.00623,0.01066,0.98311
23024085,2,1,0.0329,0.7052,0.26189
33874062,0,0,0.92938,0.0617,0.00892
16463989,2,2,0.31161,0.20947,0.47892
18641340,2,2,0.05344,0.23835,0.70821
26719459,0,0,0.80698,0.16613,0.02689
25013053,2,2,0.04959,0.0672,0.8832
37002480,0,0,0.68798,0.30472,0.00731
4775486,2,2,0.01911,0.06513,0.91576
22568043,2,2,0.00449,0.41559,0.57993
15641232,0,0,0.59831,0.11262,0.28908
40397361,2,2,0.03276,0.02852,0.93872
13665368,1,2,0.28004,0.26373,0.45624
12809298,0,1,0.36503,0.62618,0.00879
23300564,0,0,0.93636,0.06282,0.00082
6473698,2,2,0.00663,0.03788,0.95549
8522785,2,2,0.00407,0.0524,0.94353
36522748,2,2,0.00277,0.02358,0.97365
11985324,2,2,0.00134,0.01171,0.98694
26685852,1,1,0.36312,0.41705,0.21983
6341553,2,2,0.01044,0.02946,0.9601
20062428,2,2,0.03309,0.16758,0.79933
33970883,2,2,0.00888,0.10316,0.88795
5113986,1,0,0.56087,0.29693,0.1422
28529718,2,2,0.00746,0.04826,0.94428
39538692,2,0,0.38573,0.32671,0.28757
6330702,2,2,0.30211,0.29546,0.40243
33405707,2,2,0.0092,0.19611,0.7947
24688797,2,2,0.00039,0.00191,0.9977
17595036,2,2,0.0013,0.00561,0.9931
32377296,2,0,0.56689,0.13044,0.30267
37512499,2,2,0.01477,0.02055,0.96468
26911305,2,2,0.0009,0.01102,0.98808
34056633,2,2,0.00669,0.19153,0.80179
32364098,2,2,0.25862,0.21166,0.52973
8950726,0,1,0.42376,0.54406,0.03217
2050039,2,2,0.00499,0.01665,0.97836
16938374,2,2,0.31835,0.18255,0.4991
34008855,2,2,0.00231,0.03666,0.96102
16161390,1,0,0.54645,0.31727,0.13629
33674150,1,2,0.33183,0.29221,0.37596
8872954,2,2,0.00513,0.00396,0.99091
37958009,1,0,0.93521,0.05052,0.01427
14724023,2,1,0.01295,0.63847,0.34858
5297823,2,2,0.1533,0.07868,0.76802
38320235,2,0,0.50707,0.06722,0.42571
26564799,1,2,0.2703,0.2082,0.5215
17778338,0,1,0.28785,0.57297,0.13918
3853399,0,0,0.71316,0.2487,0.03814
18971724,1,1,0.14755,0.76732,0.08513
36284088,1,0,0.5554,0.39175,0.05285
30512107,2,2,0.03126,0.11088,0.85786
23049211,2,2,0.01253,0.06971,0.91777
27228170,2,0,0.51073,0.36703,0.12224
9796482,2,2,0.00396,0.01415,0.9819
40396609,2,2,0.01161,0.12592,0.86247
6309561,0,0,0.87935,0.11961,0.00104
41241003,0,0,0.59907,0.37024,0.03068
1179821,2,2,0.22701,0.31772,0.45528
3808794,2,2,0.00079,0.00526,0.99396
33342991,2,2,0.0954,0.21334,0.69126
41585875,2,2,0.02713,0.02717,0.9457
40967772,2,2,0.00516,0.01552,0.97932
2392999,2,1,0.21751,0.42977,0.35271
1947400,2,1,0.31234,0.60181,0.08585
36088612,2,1,0.28785,0.44579,0.26637
1288781,1,1,0.15046,0.52932,0.32022
36698015,2,2,0.17369,0.12941,0.69689
2332966,0,0,0.83561,0.15021,0.01419
24974233,0,0,0.97631,0.02342,0.00027
29959019,1,0,0.52323,0.38565,0.09112
40464470,0,0,0.57425,0.28124,0.1445
23828185,2,2,0.04421,0.16364,0.79215
3149680,2,2,0.001,0.00434,0.99466
14888359,2,2,0.00702,0.03575,0.95723
38203884,0,0,0.96759,0.02214,0.01026
27874249,0,0,0.72546,0.24242,0.03212
5098136,2,2,0.18955,0.14423,0.66622
10042609,2,2,0.02299,0.05568,0.92133
6328149,2,2,0.15292,0.2415,0.60558
21002289,2,2,0.00773,0.01351,0.97877
14082062,0,0,0.57627,0.35708,0.06665
35724458,2,2,0.0004,0.00672,0.99288
2089011,2,2,0.01687,0.0726,0.91053
29577834,0,0,0.82942,0.12728,0.04329
3385569,2,2,0.01016,0.06288,0.92696
22466619,2,0,0.67773,0.18197,0.1403
15892182,2,2,0.01973,0.13083,0.84944
17145202,0,0,0.57434,0.17357,0.25209
18767787,0,0,0.99101,0.00885,0.00014
20646319,1,1,0.3503,0.57423,0.07547
10222159,1,0,0.94156,0.04805,0.01039
9134898,2,2,0.01438,0.08333,0.90228
35307345,1,0,0.93001,0.05362,0.01637
39949046,0,0,0.96839,0.02008,0.01152
20579896,2,2,0.18962,0.2386,0.57178
16205196,2,2,0.02905,0.05695,0.914
8098825,2,2,0.06919,0.01071,0.9201
39725265,2,2,0.00874,0.11248,0.87878
10941838,2,2,0.03677,0.05601,0.90723
13993649,2,2,0.06508,0.10774,0.82718
9905941,0,0,0.90694,0.07117,0.02189
38332207,2,2,0.01607,0.04994,0.934
27819169,0,0,0.63515,0.2204,0.14445
20098704,2,1,0.17097,0.48673,0.3423
16116706,2,2,9e-05,0.01243,0.98748
22927811,2,2,0.08012,0.08296,0.83692
12052629,2,2,0.04904,0.31514,0.63582
35909591,2,0,0.53401,0.11112,0.35487
9366084,0,0,0.70426,0.22645,0.06929
20639242,2,2,0.00384,0.02469,0.97147
1828146,0,0,0.95622,0.02765,0.01612
6688433,2,2,0.2256,0.04977,0.72463
16504627,2,2,0.00059,0.00825,0.99116
14853878,0,0,0.76616,0.21899,0.01485
37828573,2,2,0.00327,0.0142,0.98253
7766257,2,2,0.01855,0.18979,0.79166
38524801,0,0,0.98783,0.01194,0.00023
11569869,2,2,0.00257,0.00418,0.99325
30923821,2,2,0.0,0.00055,0.99945
37406766,2,0,0.58581,0.30252,0.11167
16144320,2,2,0.01342,0.04231,0.94427
22680848,1,2,0.2878,0.2971,0.4151
3462381,2,2,0.00345,0.01161,0.98493
40433784,2,0,0.84961,0.01999,0.1304
22301109,2,2,0.10549,0.39133,0.50319
21643852,2,2,0.00033,0.007,0.99267
9640321,2,2,0.02125,0.01119,0.96757
40256354,2,2,0.24824,0.1887,0.56307
40644540,2,2,0.00545,0.01385,0.98071
10714215,2,2,0.00291,0.11127,0.88582
20051787,2,2,0.00076,0.00165,0.9976
25883780,2,2,0.02334,0.05988,0.91679
26494453,2,2,0.01809,0.02113,0.96079
11678437,2,2,0.00157,0.4851,0.51333
18989683,2,2,0.01908,0.3506,0.63031
29775108,2,2,0.24824,0.1887,0.56307
37935884,0,0,0.89763,0.05126,0.05111
10933668,2,2,0.12898,0.14227,0.72875
21242959,2,2,0.00608,0.02131,0.97261
35118849,2,2,0.04102,0.04018,0.9188
19779445,2,2,0.10299,0.03281,0.86421
33443903,0,0,0.79784,0.18268,0.01948
24038416,0,0,0.4977,0.41893,0.08338
23934843,2,0,0.45984,0.31535,0.22481
31208,2,2,0.00374,0.02411,0.97215
21590249,2,2,0.07318,0.20493,0.72189
14194218,2,2,0.07093,0.0225,0.90657
15861669,2,2,0.08974,0.01579,0.89447
24334696,2,2,0.01513,0.00698,0.97789
26454419,2,2,0.00046,0.00259,0.99695
36358858,0,0,0.9897,0.00639,0.0039
8808016,1,1,0.03558,0.87234,0.09209
41118390,0,0,0.95519,0.04028,0.00453
5047391,0,0,0.79794,0.07528,0.12678
26204966,1,2,0.05545,0.47088,0.47367
5868077,0,0,0.52541,0.39043,0.08416
39960493,0,0,0.44116,0.41763,0.14121
22606210,0,0,0.92566,0.04947,0.02486
518854,2,2,0.19038,0.21939,0.59023
14965456,2,2,0.00799,0.37943,0.61259
19672492,1,0,0.81837,0.17848,0.00315
24956252,2,2,0.05232,0.06965,0.87803
3955823,2,2,0.02352,0.15816,0.81832
29424970,2,2,0.15594,0.11701,0.72705
19356779,0,0,0.92571,0.06458,0.00971
11832610,2,2,0.04054,0.1708,0.78866
28282228,2,2,0.0354,0.01996,0.94464
21153875,2,2,0.12298,0.13388,0.74314
19651589,2,2,0.00466,0.00693,0.98841
20381210,2,2,0.02491,0.06898,0.90611
34065139,2,2,0.0279,0.05701,0.9151
40946974,1,1,0.3193,0.61727,0.06343
22806898,2,1,0.03887,0.69168,0.26945
3285240,2,2,0.00601,0.03062,0.96338
14037231,2,1,0.29431,0.54596,0.15973
40340445,2,2,0.10201,0.23501,0.66298
31248207,2,2,3e-05,0.00209,0.99788
7686569,2,1,0.05277,0.71133,0.2359
13995071,0,0,0.69783,0.24689,0.05527
22056845,2,2,0.0164,0.16832,0.81528
28600063,2,2,0.00307,0.0099,0.98703
31623467,2,2,0.10611,0.04954,0.84436
21976816,2,1,0.43012,0.5125,0.05738
2867481,2,2,0.00058,0.00948,0.98994
37627224,2,2,0.01244,0.07011,0.91746
13891349,2,2,0.09315,0.09854,0.8083
3567152,2,2,0.03473,0.1443,0.82096
22157831,2,1,0.01893,0.70864,0.27243
2094895,2,1,0.0611,0.6288,0.31009
28843412,2,1,0.22448,0.55388,0.22164
15143420,2,0,0.35964,0.30497,0.33539
7820545,2,2,0.07253,0.1639,0.76357
10583168,2,2,0.00099,0.00067,0.99834
20339542,2,2,0.00769,0.03736,0.95495
11548283,2,2,0.00914,0.05435,0.93651
38159118,0,0,0.56012,0.04896,0.39092
37057867,0,2,0.11032,0.24126,0.64843
28072634,2,2,0.0083,0.08167,0.91003
18342658,0,0,0.77412,0.20855,0.01733
32585463,1,0,0.51129,0.42352,0.06519
16770157,0,0,0.97541,0.02328,0.00131
40372131,0,1,0.17838,0.42823,0.39339
36949618,0,0,0.79746,0.15855,0.04399
23257170,2,2,0.24476,0.04602,0.70923
11509239,2,2,0.02642,0.06409,0.90949
24666667,0,0,0.84926,0.09535,0.05539
23686008,2,2,0.01657,0.03585,0.94758
30169136,2,2,0.03741,0.05343,0.90917
29606278,2,2,0.00028,0.00726,0.99246
38451791,2,0,0.44917,0.41159,0.13923
7645136,2,2,0.27026,0.06545,0.66429
38044544,0,0,0.84393,0.12763,0.02844
36169185,2,2,0.02267,0.21293,0.7644
33451699,2,2,0.24824,0.1887,0.56307
6233879,0,0,0.49573,0.41516,0.08911
28255049,0,1,0.30435,0.68348,0.01217
38817376,0,0,0.98403,0.0148,0.00118
13627,2,0,0.36237,0.35439,0.28323
22816087,2,2,0.09176,0.06184,0.84641
37932829,2,2,0.02857,0.06881,0.90262
8205291,2,2,0.03354,0.03919,0.92727
15474888,2,2,0.1,0.19052,0.70947
10511460,2,2,0.0468,0.21393,0.73927
11436210,2,2,0.01069,0.05489,0.93442
28621056,2,2,0.05695,0.13222,0.81083
32099435,2,2,0.02033,0.03503,0.94465
24414573,2,2,0.00055,0.02602,0.97343
6897630,2,2,0.03827,0.4311,0.53063
25901218,2,2,0.19567,0.17084,0.63349
32933537,0,0,0.94615,0.05168,0.00217
11684659,2,2,0.04732,0.12721,0.82547
36879816,2,2,0.00018,0.00389,0.99592
14893393,2,2,0.05997,0.18477,0.75526
2130909,2,2,0.00561,0.0234,0.97099
15701357,2,2,0.01232,0.1346,0.85309
17455573,1,0,0.9483,0.03704,0.01465
16861796,2,2,0.02063,0.01074,0.96863
27347908,2,2,0.00021,0.00501,0.99478
3658008,2,2,0.01904,0.02675,0.95421
22409447,2,2,0.01654,0.03392,0.94954
38086976,2,2,0.00769,0.02777,0.96454
26609964,2,1,0.31666,0.62343,0.0599
1110482,2,2,0.12833,0.17086,0.70081
25959328,2,2,0.02003,0.06317,0.9168
12470060,0,0,0.92907,0.07081,0.00012
18890520,2,2,0.03289,0.11305,0.85406
17383781,2,2,0.04718,0.01411,0.93871
19674765,2,1,0.28563,0.43973,0.27464
39562109,2,2,0.00223,0.03216,0.96561
11714721,2,2,0.01953,0.02355,0.95692
15277297,0,0,0.85009,0.11776,0.03215
41180823,2,2,0.00631,0.01324,0.98045
26792655,0,0,0.78098,0.13462,0.0844
27741832,2,2,0.16796,0.31817,0.51387
13741420,2,2,0.0012,0.00396,0.99484
15248238,2,2,0.00043,0.00804,0.99153
32151338,2,2,0.02084,0.15471,0.82445
9612442,2,2,0.04499,0.39548,0.55953
2165483,2,2,0.00186,0.01786,0.98028
8477834,0,0,0.99595,0.00366,0.00039
15615551,2,2,0.3284,0.22526,0.44634
6033927,0,0,0.48273,0.19243,0.32484
14026902,2,2,0.05915,0.23834,0.70252
26934717,2,2,0.00404,0.17209,0.82387
41600938,2,1,0.15292,0.57542,0.27166
29147122,2,2,0.07513,0.06938,0.85548
25705768,2,2,0.00172,0.24024,0.75804
29117071,0,0,0.70643,0.14473,0.14883
35336778,2,2,0.12772,0.07974,0.79254
30266398,2,2,0.10266,0.13097,0.76637
17605111,2,2,0.00532,0.21738,0.77731
24418435,2,2,0.01518,0.02695,0.95787
30943749,0,2,0.45553,0.04524,0.49924
28345526,2,2,0.00716,0.10771,0.88513
22127581,2,2,0.00343,0.04028,0.95629
3707803,2,2,0.33598,0.20835,0.45568
33638929,2,1,0.06378,0.62368,0.31253
41062918,2,2,0.02422,0.17328,0.8025
17338156,2,2,0.07626,0.20319,0.72055
21707592,0,0,0.99955,0.00044,1e-05
40202906,2,2,0.11274,0.33059,0.55667
32472707,2,2,0.00073,0.00434,0.99493
32668585,2,2,0.00048,0.00697,0.99254
9944202,2,1,0.11113,0.70448,0.18439
12898524,0,1,0.43701,0.49419,0.0688
29621262,2,2,0.07105,0.10405,0.8249
30029584,2,2,0.16665,0.16551,0.66784
1548244,2,2,0.15753,0.05776,0.78471
19249899,0,0,0.81995,0.16721,0.01283
21494467,2,2,0.0029,0.01856,0.97854
1526363,2,0,0.62552,0.34617,0.02832
11474571,2,2,0.01006,0.0854,0.90454
36548371,1,0,0.60382,0.36656,0.02961
37615497,2,2,0.00114,0.02543,0.97343
17065784,2,2,0.04433,0.04996,0.90572
29036470,1,0,0.75585,0.1859,0.05825
6937345,2,1,0.41789,0.54241,0.0397
39157713,2,2,0.00308,0.05365,0.94327
13813270,2,2,0.00872,0.01488,0.97639
38571001,2,2,0.0001,0.00164,0.99826
11255380,0,0,0.64772,0.15218,0.2001
271545,2,1,0.12748,0.53787,0.33466
15834576,2,2,0.05736,0.07336,0.86929
20161079,2,2,0.00892,0.01773,0.97335
39606699,2,2,0.00935,0.12669,0.86396
27159099,0,0,0.95736,0.04138,0.00127
40600366,2,2,0.03844,0.04523,0.91633
21432521,2,2,0.33362,0.31347,0.3529
22761579,2,2,0.1237,0.13295,0.74335
15001716,2,2,0.00975,0.09869,0.89156
14187152,2,2,0.03717,0.0124,0.95043
34894480,0,2,0.23203,0.25227,0.5157
21664568,0,0,0.91404,0.0852,0.00075
36366545,0,0,0.97923,0.01965,0.00112
33418627,2,2,0.00068,0.00459,0.99473
2093364,2,2,0.01442,0.02361,0.96196
8882323,2,2,0.01251,0.01363,0.97386
24921351,2,2,0.1473,0.20014,0.65256
17614321,2,2,0.00012,0.0004,0.99948
2104094,2,1,0.17383,0.59661,0.22955
1082365,2,2,0.04458,0.27302,0.6824
2370005,0,1,0.36956,0.43972,0.19073
13703372,2,2,0.00792,0.02175,0.97033
23725903,2,2,0.09438,0.06367,0.84195
13442670,2,2,0.03321,0.02227,0.94453
32702390,1,1,0.0906,0.71494,0.19445
5813310,0,0,0.94665,0.0125,0.04084
39486636,2,2,0.01177,0.10221,0.88602
5969308,2,2,0.11253,0.42074,0.46673
32240605,2,2,0.00101,0.01252,0.98647
32304720,1,1,0.19757,0.70269,0.09974
26570173,2,2,0.03189,0.01343,0.95468
2599259,2,2,0.05886,0.20265,0.73849
21367648,1,1,0.16734,0.59056,0.2421
3323132,1,0,0.73105,0.25143,0.01752
24101453,2,2,0.26566,0.04557,0.68877
2574344,0,0,0.95904,0.03196,0.009
28320198,2,2,0.16929,0.19916,0.63155
39602531,0,1,0.49185,0.49444,0.01371
5513955,2,2,0.05595,0.2429,0.70115
26870830,2,2,0.26274,0.14338,0.59389
36354376,2,2,0.00289,0.01198,0.98512
27087998,0,0,0.67338,0.23594,0.09068
36162241,0,0,0.97014,0.02213,0.00773
29885038,1,1,0.48675,0.50409,0.00916
27751239,2,1,0.01767,0.54976,0.43257
17940483,2,2,0.02327,0.03532,0.94141
15817290,0,0,0.95799,0.02082,0.02119
9882376,0,0,0.88755,0.05606,0.05639
20342236,2,2,0.03178,0.02396,0.94426
4375121,1,1,0.32433,0.58715,0.08852
30993180,0,0,0.90979,0.08527,0.00493
8581869,2,2,0.17904,0.13817,0.68279
21031822,0,0,0.87482,0.07858,0.0466
7556239,2,2,0.00652,0.04817,0.94531
38623171,0,1,0.4621,0.52845,0.00946
14126647,2,2,0.00672,0.07215,0.92113
17765108,0,0,0.85301,0.12878,0.01822
2219986,2,2,0.00029,0.00146,0.99825
35370185,0,0,0.91385,0.08046,0.00569
40826390,0,0,0.99126,0.00759,0.00115
3392377,2,2,0.07422,0.3515,0.57428
33317303,0,0,0.71507,0.23916,0.04577
20376537,2,0,0.45787,0.19398,0.34815
10329315,2,0,0.4098,0.252,0.33819
11307400,2,1,0.23228,0.43391,0.33381
14177313,2,2,0.00403,0.00805,0.98791
11443367,2,2,0.01042,0.16708,0.82251
11184430,2,2,0.01915,0.04432,0.93653
24653654,2,2,0.00156,0.00588,0.99255
6091212,1,1,0.11252,0.62773,0.25975
16140806,2,2,0.01567,0.00926,0.97507
37244696,2,0,0.66445,0.23528,0.10028
27025666,2,2,0.12213,0.15346,0.72441
32752802,2,2,0.04799,0.05313,0.89888
18003143,2,2,0.07007,0.24592,0.68401
37697622,2,2,0.00052,0.02149,0.97799
36358917,2,1,0.29547,0.56555,0.13899
33941716,0,0,0.79944,0.10162,0.09893
21947367,0,0,0.48941,0.31973,0.19086
26208497,0,1,0.39635,0.59042,0.01323
13528809,2,2,0.09752,0.31546,0.58702
28610797,0,0,0.87356,0.08699,0.03945
24980260,2,0,0.77111,0.20779,0.0211
34810608,2,2,0.0023,0.01226,0.98544
24749601,2,2,0.02549,0.02405,0.95046
5909657,0,0,0.98453,0.01461,0.00085
35454604,0,0,0.77783,0.14528,0.07688
1844997,2,2,0.00405,0.00364,0.9923
17014992,0,0,0.98611,0.01175,0.00214
9567184,2,2,0.02765,0.08788,0.88447
28875404,2,2,0.03377,0.07906,0.88717
9005333,0,0,0.54456,0.13324,0.3222
33740970,2,2,0.22451,0.16473,0.61076
18518440,1,2,0.18002,0.18727,0.63272
35622219,2,2,0.10913,0.20222,0.68865
15705454,2,2,0.00232,0.00936,0.98832
17038352,0,0,0.99331,0.00634,0.00035
592897,1,0,0.89259,0.0967,0.01071
1460081,2,2,0.00734,0.15581,0.83685
33122254,2,2,0.24824,0.1887,0.56307
22673944,2,2,0.06463,0.07164,0.86374
26236448,2,2,0.02771,0.14913,0.82316
24110216,2,1,0.07139,0.80982,0.11878
6479091,2,2,0.0004,0.00344,0.99616
35216822,1,1,0.09292,0.66662,0.24046
31160610,2,2,0.19908,0.22764,0.57327
32191676,2,2,0.01094,0.05918,0.92989
11289680,2,2,0.24213,0.07018,0.68768
15476940,2,2,0.00308,0.09948,0.89744
27492917,0,0,0.56373,0.06576,0.37051
4764413,0,0,0.96746,0.02829,0.00425
27211311,2,2,0.0041,0.0297,0.9662
13983510,2,2,0.08941,0.05804,0.85255
37253815,2,2,0.00226,0.06578,0.93196
4048988,2,2,0.0038,0.02162,0.97458
19889071,2,2,0.02148,0.02825,0.95028
6469591,0,0,0.50974,0.40439,0.08587
85916,2,2,0.00499,0.01665,0.97836
26494671,2,1,0.00183,0.91978,0.07839
41407436,1,0,0.85056,0.11392,0.03552
10206322,2,1,0.03909,0.54812,0.41278
23540171,0,0,0.765,0.12343,0.11157
18443181,2,1,0.0611,0.6288,0.31009
28240033,2,2,0.28446,0.03999,0.67555
20720829,2,2,0.07725,0.02882,0.89393
4790434,2,2,0.10642,0.12419,0.76939
38695909,2,2,0.01042,0.03014,0.95944
34833698,2,2,0.0642,0.09314,0.84266
34068874,2,2,0.01217,0.00642,0.98141
41488107,1,0,0.52479,0.37173,0.10349
27528950,2,2,0.24764,0.13939,0.61297
9021753,2,2,0.02209,0.00963,0.96828
35006388,0,0,0.93844,0.05073,0.01082
174768,2,2,0.02346,0.17089,0.80565
12331468,2,2,0.01005,0.12539,0.86456
18807096,2,2,0.04182,0.0932,0.86498
34189326,0,0,0.96393,0.03395,0.00213
7108388,1,1,0.28532,0.54282,0.17186
7787783,2,2,0.22488,0.08818,0.68694
10337665,2,2,0.26637,0.13795,0.59568
36138356,2,2,0.00149,0.01738,0.98114
22847937,1,2,0.11213,0.16871,0.71916
33285864,2,2,0.00899,0.03464,0.95637
16349293,2,2,0.01993,0.13464,0.84543
29285987,0,0,0.98777,0.01117,0.00107
23128975,2,2,0.07812,0.39196,0.52992
21131687,1,0,0.45514,0.40829,0.13657
27272037,2,2,0.00773,0.00485,0.98742
30653979,2,2,0.00688,0.05152,0.9416
34369203,2,2,0.07274,0.15949,0.76777
18785047,2,2,0.05737,0.07842,0.86422
20425635,2,2,0.06236,0.1004,0.83723
6287692,0,1,0.41472,0.42709,0.15819
12515694,1,1,0.18224,0.41943,0.39833
33290135,2,2,0.30266,0.30005,0.39729
15043039,2,1,0.04197,0.91733,0.0407
22707422,0,0,0.98627,0.00874,0.00499
8647900,2,2,0.072,0.15651,0.77149
21755397,2,1,0.02616,0.50522,0.46862
28217294,0,0,0.92567,0.06122,0.01311
29611190,2,2,0.01206,0.01424,0.9737
7318969,2,2,0.00278,0.00342,0.9938
9717788,0,0,0.54193,0.42854,0.02953
1317767,2,2,0.01402,0.05978,0.9262
15805748,1,2,0.10067,0.16678,0.73255
15605712,2,2,0.0111,0.01862,0.97028
35718740,0,0,0.92965,0.06923,0.00112
33615428,0,2,0.24824,0.1887,0.56307
9528781,0,0,0.92855,0.05997,0.01148
23368704,0,0,0.96771,0.03074,0.00155
32502164,1,0,0.95779,0.0306,0.01161
13420470,2,2,0.0692,0.11635,0.81445
9634037,1,0,0.54587,0.35227,0.10186
29601733,1,0,0.58505,0.07973,0.33522
17325321,2,2,0.15802,0.12937,0.71261
6119983,0,0,0.94236,0.05616,0.00148
38895731,0,0,0.9076,0.0818,0.01061
9359621,2,0,0.42484,0.21285,0.36232
15547312,2,1,0.04463,0.6482,0.30718
33779000,2,2,0.16158,0.17082,0.6676
16672713,2,2,0.01546,0.17738,0.80716
25170030,0,0,0.70091,0.18592,0.11316
25313329,2,2,0.00597,0.05007,0.94395
8512574,2,2,0.014,0.13622,0.84978
35131848,2,2,0.04516,0.04041,0.91443
12223338,2,2,0.00205,0.00499,0.99295
32221471,2,2,0.00137,0.01935,0.97927
22790272,2,1,0.01404,0.55072,0.43523
36435773,2,2,0.39722,0.17045,0.43233
925654,2,2,0.00223,0.00439,0.99338
28907203,0,0,0.84958,0.13312,0.0173
27442030,2,2,0.0317,0.05117,0.91713
38143906,2,2,0.00179,0.03306,0.96516
32699373,2,2,0.01483,0.01466,0.97051
21132885,2,0,0.5186,0.46447,0.01693
30206849,2,2,0.28061,0.30695,0.41244
28961437,2,2,0.34794,0.15045,0.50161
25636806,2,1,0.04204,0.57485,0.38311
24448475,1,2,0.01905,0.07712,0.90382
1103329,2,1,0.04814,0.72766,0.22419
2085831,2,2,0.00916,0.00671,0.98414
21623154,2,1,0.13359,0.59192,0.2745
36730859,2,2,0.00893,0.02842,0.96265
13190569,2,2,0.11472,0.11453,0.77075
8204952,2,2,0.14549,0.12456,0.72995
21154830,2,2,0.01696,0.03028,0.95276
34677743,2,2,0.05231,0.33179,0.6159
13194429,0,0,0.70527,0.28878,0.00595
39264922,2,2,0.0,0.00013,0.99987
10226447,2,2,0.00391,0.0114,0.98469
4962157,2,2,0.02777,0.15143,0.8208
33383143,2,0,0.93991,0.05725,0.00284
18008800,2,2,0.31824,0.3334,0.34836
5845020,2,0,0.50855,0.30568,0.18577
13586959,0,1,0.21565,0.74185,0.0425
2760940,2,2,0.00319,0.00959,0.98722
22688973,0,0,0.93812,0.06121,0.00068
36712970,2,2,0.01959,0.16202,0.81839
29918501,0,0,0.7598,0.17509,0.06511
31529849,2,2,0.20641,0.18062,0.61296
29227075,2,2,0.03484,0.19911,0.76605
34490416,2,2,0.03448,0.09272,0.8728
19432887,2,2,0.00981,0.00823,0.98196
32037105,2,2,4e-05,0.00109,0.99886
25796663,0,0,0.79625,0.17646,0.02729
20418649,2,1,0.12712,0.51749,0.35539
19649579,2,2,0.09135,0.04576,0.86289
36573420,2,2,0.01219,0.07714,0.91067
11857851,2,2,0.01173,0.13457,0.85371
16195689,1,0,0.68878,0.28895,0.02227
16256183,2,2,0.15541,0.05651,0.78808
41370126,2,2,3e-05,0.00209,0.99788
38672810,2,2,0.00961,0.13398,0.85641
21020670,0,2,0.23291,0.17437,0.59273
26248699,1,1,0.2586,0.70062,0.04079
8666127,0,0,0.5294,0.33645,0.13415
30798413,2,2,0.08313,0.11012,0.80675
7266814,2,0,0.98601,0.01353,0.00046
25639711,2,2,0.00061,0.01862,0.98077
17310580,2,2,0.25083,0.27824,0.47093
38709037,2,2,0.00948,0.02399,0.96653
1408634,2,2,0.0742,0.38242,0.54338
20511910,2,2,0.15993,0.39547,0.4446
29144363,0,0,0.89238,0.07289,0.03473
13792342,2,2,2e-05,5e-05,0.99993
36826261,2,2,0.1939,0.05234,0.75376
28435893,2,2,0.01876,0.48532,0.49592
22588499,2,2,0.25102,0.30952,0.43946
11561071,0,1,0.25885,0.50691,0.23425
31914834,1,1,0.1736,0.4625,0.3639
37245147,2,1,0.04648,0.75957,0.19395
10080529,2,2,0.38881,0.13514,0.47605
39597921,2,2,0.06648,0.06564,0.86788
12868422,2,2,0.00151,0.00149,0.997
30213403,2,2,0.00824,0.12169,0.87007
23375366,2,2,0.02676,0.10592,0.86732
29402594,2,0,0.36585,0.31583,0.31832
25570385,2,2,0.34434,0.1825,0.47316
19263092,2,2,0.06191,0.03556,0.90253
19950056,2,2,0.00165,0.04361,0.95474
40471242,2,2,0.00798,0.0441,0.94792
38292993,2,2,0.00383,0.04215,0.95402
20847789,0,1,0.40374,0.55179,0.04446
6278359,2,2,0.00067,0.00131,0.99802
7070481,2,2,0.01097,0.01117,0.97786
4683576,2,2,0.11589,0.07603,0.80807
2997000,2,2,0.03201,0.0667,0.9013
37266901,2,2,0.00381,0.0491,0.94709
35686390,2,2,0.16987,0.01148,0.81865
30806719,2,2,0.00263,0.01202,0.98535
6092304,0,0,0.48466,0.35516,0.16019
20362719,2,2,0.14652,0.17548,0.67801
32620863,0,1,0.0671,0.91992,0.01297
23543456,2,2,0.01764,0.03238,0.94998
32192299,2,1,0.46584,0.51181,0.02235
13543104,2,2,0.03088,0.03361,0.93551
20697689,0,0,0.7455,0.23762,0.01687
25859424,0,0,0.65992,0.18645,0.15363
18546382,2,2,0.00845,0.10811,0.88345
35720849,0,0,0.91888,0.05794,0.02318
22053831,0,0,0.70939,0.09797,0.19265
35784245,2,2,0.11647,0.03158,0.85195
26591503,2,2,0.01104,0.0713,0.91766
25399114,2,2,0.00028,0.00262,0.9971
14109678,0,1,0.29291,0.66555,0.04154
30678046,2,0,0.75708,0.18919,0.05373
26553193,0,0,0.94405,0.02251,0.03343
17324344,2,2,0.07916,0.03934,0.88149
17884685,1,0,0.88407,0.09067,0.02526
11970864,2,2,0.20949,0.09528,0.69523
28382482,0,0,0.70282,0.15698,0.14019
38707347,2,2,0.12482,0.31593,0.55925
22892290,2,2,0.01781,0.05802,0.92417
2954756,2,2,0.00077,0.01689,0.98234
3487437,1,0,0.87061,0.04581,0.08358
6616396,2,2,0.04654,0.26571,0.68775
25441505,2,2,0.17142,0.13633,0.69225
2115453,2,2,0.019,0.00966,0.97134
36211388,2,2,0.00438,0.01057,0.98505
315317,0,0,0.55938,0.37199,0.06863
36629114,1,1,0.1028,0.46369,0.43351
36033879,2,2,0.02848,0.35638,0.61513
13675379,2,2,0.01848,0.02345,0.95807
4055231,1,2,0.11496,0.36787,0.51717
40520417,0,1,0.26908,0.49264,0.23828
32545715,2,0,0.56277,0.2281,0.20913
7754281,2,2,0.00167,0.00505,0.99328
4250141,2,2,0.02066,0.30949,0.66985
7524098,0,0,0.56444,0.34758,0.08797
25816120,2,2,0.00199,0.01261,0.98541
24861770,2,2,0.29301,0.06039,0.6466
16034322,2,2,0.00334,0.11453,0.88214
28395298,2,2,0.01518,0.02695,0.95787
28451152,2,0,0.49124,0.28618,0.22258
13875479,2,2,0.0014,0.0319,0.96671
18244505,2,2,0.26621,0.22557,0.50821
29263160,1,0,0.71011,0.10634,0.18355
11506935,2,2,0.02038,0.03191,0.94771
7721467,2,2,0.00241,0.02877,0.96883
9327332,2,2,0.0667,0.01033,0.92296
14934811,1,1,0.39189,0.53921,0.0689
20599575,0,0,0.71275,0.21154,0.0757
16040528,2,2,0.03548,0.03218,0.93234
5313593,2,2,0.02937,0.16591,0.80472
8618729,2,2,0.03702,0.06459,0.8984
28482244,0,0,0.94722,0.05238,0.0004
7869724,2,2,0.00404,0.03604,0.95992
27990314,2,2,0.00134,0.0102,0.98846
17371771,2,2,0.01301,0.08356,0.90343
35941458,0,0,0.88569,0.10394,0.01037
34399445,2,2,0.00327,0.00903,0.98769
15998437,2,2,0.00487,0.01896,0.97617
3328730,1,1,0.31398,0.60728,0.07875
40984143,0,0,0.48877,0.47379,0.03744
30353665,0,0,0.84794,0.11743,0.03462
16841496,2,2,0.00059,0.00136,0.99805
26871037,2,2,0.00427,0.06875,0.92698
12050833,2,2,0.00337,0.00693,0.98969
18868825,2,2,0.00886,0.11992,0.87122
30261704,1,0,0.63886,0.23188,0.12926
37533715,0,0,0.65868,0.33125,0.01007
4911083,2,2,0.04999,0.16888,0.78112
19872555,2,2,0.04848,0.01913,0.93238
9142467,0,0,0.9938,0.00559,0.0006
7678494,2,2,0.00967,0.03133,0.95899
35649352,2,2,0.08123,0.11326,0.80552
26183301,0,0,0.93897,0.05312,0.00791
5670883,2,2,0.01543,0.14016,0.84441
18698876,2,2,0.01216,0.07044,0.91741
34786716,2,2,0.05021,0.05203,0.89776
18318164,0,0,0.97369,0.0245,0.00181
39255499,2,2,0.07826,0.3257,0.59604
29671879,0,1,0.10525,0.87004,0.02471
19840916,2,2,0.07308,0.08968,0.83724
27405492,2,1,0.05201,0.6449,0.30309
39277778,2,2,0.13208,0.05665,0.81127
28968562,2,2,0.00694,0.01719,0.97587
19406646,0,1,0.23478,0.76224,0.00298
24592506,2,2,0.00215,0.16943,0.82842
35542362,2,2,0.01815,0.01771,0.96414
612980,2,2,0.02401,0.16606,0.80993
12239331,2,2,0.14081,0.2486,0.61058
4277015,2,2,0.00456,0.01593,0.97952
13175679,2,2,0.17313,0.10479,0.72208
18479019,0,0,0.79409,0.19884,0.00707
25830064,2,2,0.05135,0.08221,0.86644
35435853,2,2,0.00258,0.08532,0.9121
12426797,2,2,0.00143,0.00336,0.99521
17141234,2,2,0.09958,0.19959,0.70083
2944136,2,2,0.00423,0.14686,0.84891
34492836,2,2,0.01767,0.12016,0.86217
38392678,0,0,0.44599,0.33464,0.21936
39243948,2,2,0.01055,0.02501,0.96443
36905272,0,0,0.55444,0.36165,0.08391
26695772,2,2,0.19696,0.14768,0.65536
12381383,2,2,0.07784,0.04749,0.87467
22920245,2,2,0.01037,0.02019,0.96944
16429612,2,2,0.01497,0.08686,0.89817
35982259,2,1,0.18081,0.42297,0.39622
20409560,2,2,0.00241,0.00912,0.98847
33128812,2,2,0.00544,0.1029,0.89165
10306138,2,2,0.0058,0.04685,0.94735
22248587,0,1,0.14667,0.56866,0.28467
31869536,2,0,0.84281,0.15644,0.00075
2446555,2,2,0.01944,0.01228,0.96828
18422784,2,2,0.12181,0.33494,0.54325
30984615,0,0,0.61895,0.3654,0.01565
22874688,2,2,0.00373,0.0363,0.95997
23792891,2,2,0.01177,0.00624,0.98199
6017869,2,2,0.0114,0.03469,0.95391
28470608,1,1,0.04178,0.68808,0.27014
8530236,1,0,0.71551,0.17378,0.1107
6226845,0,0,0.92784,0.05237,0.0198
5587627,2,2,0.07613,0.11503,0.80885
6830509,2,2,0.24133,0.28917,0.4695
34757601,0,0,0.86179,0.11573,0.02249
409496,1,2,0.07917,0.45647,0.46436
8513355,2,2,0.03273,0.06258,0.90469
36891253,2,2,0.03534,0.27218,0.69247
31811048,2,0,0.45583,0.26897,0.2752
17491578,2,2,0.00033,0.03471,0.96495
37037504,0,0,0.86034,0.05785,0.08181
36854976,0,2,0.35473,0.25962,0.38564
22815424,0,0,0.58334,0.19129,0.22536
32429265,2,2,0.25175,0.21717,0.53108
27418015,2,2,0.03962,0.29001,0.67037
36915123,2,2,0.28784,0.2363,0.47587
5021263,0,0,0.83476,0.12344,0.0418
36407695,1,0,0.45133,0.29221,0.25646
4675571,0,1,0.39077,0.60264,0.00659
36399704,2,2,0.00066,0.04276,0.95659
989765,0,0,0.94367,0.04068,0.01565
37731708,2,2,0.00062,0.02735,0.97203
22672749,0,2,0.37226,0.18563,0.44211
39177783,0,0,0.78593,0.20805,0.00602
2201185,2,1,0.02352,0.51725,0.45923
365595,0,0,0.84844,0.09284,0.05872
2280243,2,2,0.07791,0.27751,0.64458
1339507,2,1,0.10943,0.81147,0.0791
41550286,2,2,0.01844,0.06426,0.9173
16955970,2,2,0.11744,0.27992,0.60264
9245271,0,0,0.90138,0.09287,0.00575
15933904,2,2,0.01283,0.02971,0.95746
458245,2,2,0.22977,0.24044,0.52979
26082468,2,2,0.11888,0.0821,0.79902
8620164,2,2,0.05438,0.36079,0.58483
21701189,2,2,0.02499,0.29049,0.68451
16440020,2,2,0.12874,0.12536,0.7459
12731164,0,0,0.87525,0.1186,0.00615
14408958,2,2,0.1443,0.08334,0.77237
938744,2,2,0.02173,0.41765,0.56062
33412656,2,0,0.86726,0.1307,0.00204
18943833,2,2,0.02532,0.03678,0.9379
41303427,0,0,0.81084,0.16096,0.02821
11962104,0,0,0.8307,0.15504,0.01426
12843322,2,2,0.00506,0.01724,0.9777
9647893,1,0,0.7726,0.14795,0.07945
22153066,1,1,0.31263,0.55521,0.13215
9752943,2,2,0.06139,0.08198,0.85663
12299235,0,0,0.88297,0.05572,0.06131
3225857,0,0,0.98878,0.01111,0.00011
31576001,2,1,0.42977,0.43613,0.1341
36066290,2,2,0.00189,0.07696,0.92116
36019601,2,2,0.06496,0.15429,0.78075
27981962,2,2,0.01712,0.3131,0.66978
6098434,0,2,0.25089,0.24413,0.50498
41403849,0,0,0.89707,0.10167,0.00126
36640265,0,2,0.25025,0.36714,0.38261
8636897,2,2,0.27487,0.28825,0.43687
23588243,2,2,0.00027,0.021,0.97873
33263863,2,2,0.21241,0.31768,0.46991
7763273,2,2,0.07698,0.06158,0.86145
1871242,0,0,0.95533,0.0292,0.01547
32522936,0,1,0.46877,0.52692,0.00431
12384478,2,0,0.43801,0.31144,0.25055
27654535,2,2,0.00886,0.01845,0.97269
26938571,0,0,0.9955,0.00216,0.00233
7747667,1,0,0.68978,0.20742,0.10281
12707145,2,2,0.05026,0.14282,0.80692
21791976,0,0,0.69664,0.20374,0.09961
11208216,0,1,0.25386,0.71982,0.02632
35974119,2,2,0.01303,0.04335,0.94362
94777,2,2,0.02814,0.11196,0.8599
25338374,2,2,0.02378,0.03781,0.93841
3589752,2,2,0.02265,0.20084,0.77651
28404409,2,2,0.00043,0.00287,0.99669
25918165,2,2,0.12152,0.10038,0.7781
23570156,1,1,0.06575,0.78342,0.15084
9770271,2,2,0.03454,0.06953,0.89593
4415363,2,2,0.00201,0.00926,0.98873
11673912,2,2,0.09204,0.18179,0.72617
33236517,0,0,0.86691,0.10069,0.0324
14052056,2,2,0.00172,0.24024,0.75804
16349379,2,1,0.31221,0.3795,0.30829
11091677,0,0,0.7586,0.21826,0.02313
16040173,2,1,0.0591,0.77825,0.16266
15039726,2,2,0.10281,0.01953,0.87766
30352538,2,2,0.15792,0.07513,0.76695
26420470,2,2,0.01809,0.05027,0.93164
16781821,0,0,0.80139,0.17501,0.0236
17175554,1,2,0.13186,0.16651,0.70163
4477231,2,1,0.10056,0.5735,0.32594
38333100,2,2,0.04249,0.12584,0.83167
20453129,2,2,0.0003,0.00126,0.99843
25465067,2,2,0.03661,0.23255,0.73084
13422921,2,2,0.02192,0.02344,0.95465
26275138,2,2,0.02298,0.09123,0.88579
24595980,2,0,0.8195,0.14739,0.03311
30069134,0,0,0.63115,0.35919,0.00966
16183631,2,0,0.52838,0.20441,0.26721
367018,1,1,0.37632,0.44451,0.17917
33941314,2,2,0.00172,0.24024,0.75804
30354385,2,2,0.08926,0.09043,0.82031
38667059,2,1,0.15354,0.45367,0.39279
37771941,2,2,0.07299,0.24719,0.67982
1471056,2,2,0.12605,0.22596,0.64799
38224886,2,2,0.04652,0.20919,0.7443
14835068,2,1,0.05333,0.80279,0.14387
41409594,2,2,0.01734,0.05895,0.92371
8946111,2,2,0.03851,0.07094,0.89055
37959158,2,1,0.25441,0.49376,0.25182
15673692,0,0,0.96921,0.02715,0.00364
9464088,2,2,0.03496,0.03568,0.92936
40283471,0,0,0.91511,0.05894,0.02595
32244812,2,2,0.00124,0.03119,0.96758
3045056,2,2,0.02973,0.04454,0.92573
4228274,1,1,0.03232,0.67774,0.28994
29811978,0,0,0.74957,0.14404,0.10639
12904370,2,2,0.005,0.0154,0.9796
11217105,2,2,0.02213,0.02385,0.95401
18088902,2,2,0.01717,0.09917,0.88366
19449898,2,2,0.00314,0.01981,0.97705
36040052,2,0,0.3989,0.38576,0.21534
13471284,2,2,0.02199,0.17149,0.80651
23206781,2,2,0.03645,0.04953,0.91402
40288756,0,0,0.61758,0.37023,0.01218
14798398,0,0,0.84504,0.13348,0.02148
18137706,2,2,0.00474,0.01148,0.98377
3698385,2,2,0.00052,0.02149,0.97799
9466027,2,2,0.01459,0.03764,0.94777
23622150,2,2,0.01616,0.26274,0.7211
34910872,2,2,0.02034,0.14123,0.83843
27017157,2,2,0.00384,0.00321,0.99295
12495817,2,2,0.00051,0.04513,0.95436
24746047,0,0,0.81145,0.12197,0.06658
35422698,2,2,0.00699,0.04005,0.95296
30236986,0,0,0.7228,0.25431,0.02289
7945676,0,0,0.72274,0.25537,0.02188
8344593,2,2,0.0645,0.05285,0.88265
6652932,2,2,0.14545,0.18397,0.67058
23542551,1,1,0.34288,0.60236,0.05476
17191922,2,2,0.01285,0.07088,0.91627
8772571,2,2,0.01336,0.365,0.62164
21109720,2,2,0.04527,0.37,0.58473
14362611,2,2,0.00275,0.01206,0.9852
24724722,2,2,0.01283,0.01398,0.97319
3074447,2,0,0.62432,0.13566,0.24002
896745,2,2,0.00599,0.03144,0.96257
24147575,2,2,0.00075,0.02073,0.97852
23679932,0,0,0.89703,0.02912,0.07384
8419947,2,2,0.04497,0.04183,0.91321
40369598,2,2,0.00063,0.00025,0.99912
38670003,2,2,0.06483,0.01081,0.92436
4699660,0,0,0.76218,0.0983,0.13951
29421827,2,2,0.00176,0.00568,0.99256
37290901,1,2,0.19451,0.0743,0.73119
41418942,2,2,0.01256,0.00771,0.97974
28451252,0,0,0.95543,0.02483,0.01974
19278075,0,1,0.37201,0.56755,0.06044
5268901,2,2,0.26994,0.12967,0.60039
10755698,2,1,0.00451,0.61693,0.37856
39395983,2,2,0.08078,0.3755,0.54372
8688572,0,0,0.71836,0.2506,0.03104
39986483,2,2,0.00312,0.01188,0.985
1348475,2,0,0.7419,0.18687,0.07124
20605162,0,0,0.50004,0.42085,0.07911
16670157,2,2,0.17783,0.2422,0.57998
23355648,2,2,0.0,0.00025,0.99975
9165566,2,1,0.2106,0.48789,0.30151
9380615,2,2,0.26488,0.36242,0.3727
18575500,2,2,0.04719,0.09591,0.8569
37545076,2,2,0.05837,0.07129,0.87033
40003852,2,2,0.01319,0.0119,0.97491
36409092,2,2,0.01229,0.0394,0.94831
34092596,0,2,0.1325,0.19141,0.67608
41336129,2,2,0.07389,0.30102,0.62509
10399470,0,0,0.94343,0.04826,0.0083
40671597,2,2,0.09592,0.02901,0.87507
14360726,2,2,0.22705,0.15341,0.61953
26080108,1,1,0.09606,0.87131,0.03262
2756536,2,2,2e-05,5e-05,0.99993
1149481,2,2,0.05803,0.11186,0.83011
36226647,2,0,0.62187,0.32188,0.05625
28891491,2,2,0.05516,0.02323,0.92161
6429633,2,2,0.0057,0.12451,0.8698
3444251,2,0,0.88253,0.10236,0.01511
36569269,2,2,0.13362,0.20429,0.66209
7105513,2,2,0.09209,0.20421,0.7037
4239976,2,2,0.01244,0.03595,0.95161
7912890,2,0,0.64536,0.34617,0.00848
24054380,2,2,0.12081,0.08713,0.79206
29405165,2,2,0.02863,0.20637,0.76499
12052255,0,0,0.97769,0.02006,0.00225
4900293,0,1,0.03787,0.79207,0.17006
18170875,0,0,0.66528,0.31391,0.02081
30441762,2,2,0.0679,0.23393,0.69818
494125,2,2,0.08744,0.04813,0.86443
35157066,2,0,0.83853,0.10408,0.05739
5487690,2,2,0.00427,0.00875,0.98697
35327527,2,1,0.14043,0.55283,0.30673
13653040,1,2,0.04306,0.03084,0.92611
28208463,2,2,0.24044,0.29087,0.46869
36152983,0,1,0.07023,0.89178,0.038
22142634,2,2,0.00431,0.0229,0.97278
23005896,2,2,0.01367,0.27436,0.71197
16241743,1,0,0.77206,0.18491,0.04303
34739278,2,2,0.00355,0.01942,0.97703
15466313,2,2,0.04064,0.05649,0.90287
28067495,0,0,0.92684,0.04498,0.02818
12446196,2,2,0.00332,0.02657,0.97012
8133692,2,2,0.00606,0.0071,0.98684
29621578,2,2,0.00014,0.00226,0.9976
8776990,2,2,0.00042,0.03992,0.95966
25912941,2,2,0.01275,0.24659,0.74066
30320259,2,2,0.01816,0.02282,0.95903
793340,2,2,0.10917,0.12635,0.76449
3097348,2,2,0.00344,0.05125,0.94531
24749502,0,0,0.74389,0.22677,0.02933
20287369,2,2,0.20411,0.07978,0.71611
23898772,2,2,8e-05,0.00056,0.99936
40189927,2,2,0.00455,0.01145,0.984
26476604,2,2,0.01757,0.02518,0.95726
6410271,1,0,0.6886,0.3093,0.0021
15737940,0,0,0.71693,0.26508,0.01799
22959592,0,0,0.70408,0.29203,0.00389
1349194,2,2,0.13042,0.30433,0.56525
4216818,2,2,0.01836,0.21203,0.76961
16302842,1,2,0.1059,0.31218,0.58192
21179676,0,1,0.31509,0.43343,0.25148
4395503,1,1,0.24669,0.66495,0.08836
10832696,2,2,0.02354,0.05168,0.92478
15748037,2,2,0.28328,0.09943,0.61729
23631943,2,2,0.05421,0.00942,0.93637
13743461,2,2,7e-05,0.01253,0.9874
36186208,2,2,0.04981,0.09609,0.8541
29561866,2,2,0.01227,0.1628,0.82493
37385821,0,0,0.89154,0.04225,0.06621
35709244,2,2,0.02445,0.12383,0.85172
39330869,2,1,0.26758,0.51821,0.21421
23966174,2,2,0.00052,0.02149,0.97799
27714476,2,2,0.33383,0.20235,0.46382
39554634,0,0,0.77647,0.10039,0.12314
13767018,2,2,0.063,0.02508,0.91192
35609091,2,2,0.00102,0.0238,0.97517
39442117,2,2,0.14192,0.04495,0.81312
34468674,2,2,0.0532,0.14794,0.79885
5953575,2,2,0.00012,0.00723,0.99266
26921117,2,2,0.03373,0.16076,0.80551
259183,2,2,0.00076,0.02366,0.97558
36874589,2,2,0.01722,0.0201,0.96268
39476737,2,2,0.10356,0.01876,0.87768
1389957,2,2,0.09259,0.36968,0.53773
4851760,0,0,0.97571,0.02389,0.0004
29683008,2,2,0.08216,0.14361,0.77422
22294145,2,2,0.00439,0.0075,0.9881
18317573,2,2,0.01416,0.08896,0.89687
21494667,2,2,0.01435,0.01323,0.97242
7635606,2,2,0.06625,0.05753,0.87622
28494653,2,2,0.00059,0.00568,0.99374
19480700,1,1,0.12285,0.61711,0.26004
1245193,1,0,0.51884,0.4418,0.03935
37444881,1,1,0.24893,0.68893,0.06214
10460704,2,2,0.02665,0.02546,0.94788
40077467,2,2,0.01101,0.05625,0.93274
13379912,2,2,0.0079,0.0071,0.985
35836390,0,0,0.68429,0.05612,0.25959
17844914,2,2,0.06717,0.27574,0.65709
18942916,2,2,0.0758,0.21568,0.70852
15837808,0,0,0.56999,0.39916,0.03085
14106360,2,2,0.03043,0.04958,0.91999
2571637,2,2,0.19676,0.14097,0.66227
17981527,2,1,0.12963,0.8152,0.05517
2612168,0,0,0.97895,0.01971,0.00134
34121589,2,2,0.02882,0.09705,0.87413
23994909,2,2,0.00855,0.02401,0.96744
36031266,0,0,0.89081,0.08989,0.0193
5658294,2,1,0.27629,0.50617,0.21754
16391553,1,1,0.07811,0.65854,0.26335
34618837,2,1,0.414,0.50727,0.07873
39248032,2,2,0.11209,0.40586,0.48205
35241114,2,2,0.05254,0.07584,0.87162
4216103,2,2,0.00037,0.00238,0.99725
11766722,2,2,0.0,0.00055,0.99945
26955358,2,1,0.20774,0.57335,0.21891
5781347,2,2,0.02664,0.06538,0.90799
16384735,2,2,0.00849,0.01221,0.97929
28675846,2,2,0.0089,0.04383,0.94728
11427386,2,2,0.10388,0.06026,0.83586
36028920,2,2,0.00684,0.04192,0.95124
36028535,2,2,0.03576,0.15483,0.80941
27326803,0,0,0.93031,0.06917,0.00053
13698269,0,1,0.06476,0.8883,0.04694
8931886,2,2,0.01303,0.05457,0.93239
13809174,2,2,0.01675,0.02614,0.95711
25950482,2,2,0.03089,0.09838,0.87073
8333220,2,0,0.51328,0.02214,0.46458
479564,2,2,0.07821,0.27214,0.64965
3308118,2,2,0.22929,0.11649,0.65422
10717714,2,2,0.04713,0.10629,0.84659
5532196,1,1,0.18427,0.52302,0.29271
34105712,2,1,0.04322,0.71468,0.2421
36972267,0,0,0.86426,0.13386,0.00188
34322206,1,0,0.6114,0.13463,0.25397
8838479,0,0,0.87921,0.11177,0.00903
30410313,2,2,0.01829,0.01709,0.96463
25725687,0,0,0.75714,0.22772,0.01514
10425455,0,2,0.1598,0.09959,0.74062
25770581,0,0,0.73497,0.16703,0.098
28782462,2,2,0.1965,0.19882,0.60468
35529839,2,2,0.02796,0.09753,0.87452
6709118,2,2,0.06353,0.04974,0.88673
9356822,2,2,0.03849,0.10867,0.85284
30455530,2,2,0.00029,0.03666,0.96305
30332822,0,0,0.91462,0.07337,0.01202
8833456,0,0,0.73416,0.23927,0.02657
18086576,1,0,0.64163,0.26964,0.08874
14745449,2,2,0.00567,0.03049,0.96384
9000623,2,2,0.02774,0.0303,0.94195
33130427,0,0,0.65189,0.27416,0.07396
25301313,2,2,0.03793,0.12835,0.83372
31524827,2,2,0.20278,0.05116,0.74606
29397546,2,2,0.03422,0.05951,0.90628
18403812,2,0,0.51328,0.02214,0.46458
30530041,0,0,0.85147,0.12914,0.01938
12736042,2,2,0.00277,0.00978,0.98745
34818464,0,0,0.89327,0.09736,0.00937
29395237,2,1,0.15981,0.49921,0.34098
35969019,2,2,0.00649,0.01341,0.9801
19480282,1,1,0.1673,0.68991,0.14279
28565515,0,0,0.97181,0.02746,0.00073
4855997,1,1,0.36931,0.5506,0.08009
15579262,0,0,0.88913,0.09991,0.01096
30525215,2,2,0.00924,0.01116,0.9796
33836498,2,2,0.11606,0.0966,0.78734
34385588,2,2,0.00499,0.01665,0.97836
21359417,0,0,0.98431,0.01487,0.00083
12846026,2,2,0.02288,0.06922,0.90789
23033217,0,0,0.73842,0.02448,0.2371
41542050,0,0,0.77709,0.19626,0.02665
34101288,0,0,0.69998,0.28585,0.01417
24570028,2,2,0.05717,0.02787,0.91496
40207594,0,0,0.7914,0.19021,0.01839
6140379,2,2,0.06699,0.11822,0.81479
32364071,2,2,0.00273,0.04987,0.94739
27844104,0,2,0.18399,0.28229,0.53372
35082374,2,2,0.01652,0.05441,0.92907
15129061,0,0,0.56788,0.39987,0.03225
6632709,0,0,0.85911,0.12412,0.01677
2367697,1,0,0.64189,0.29028,0.06783
14647249,2,0,0.94371,0.03977,0.01651
19725387,2,2,0.05205,0.0407,0.90725
23103643,0,0,0.93534,0.06274,0.00192
8364022,2,0,0.71149,0.19703,0.09148
9715751,2,2,0.19568,0.06891,0.73541
27328625,0,0,0.95687,0.0251,0.01802
5463035,2,2,0.00016,0.00142,0.99842
29770873,2,2,0.03293,0.12915,0.83792
32193183,2,2,0.01471,0.0161,0.9692
35693585,2,2,0.01071,0.04026,0.94903
15739972,1,0,0.63348,0.09534,0.27119
19900943,2,2,0.08816,0.13023,0.78162
24901808,0,0,0.75756,0.16787,0.07458
34212532,0,1,0.26645,0.66849,0.06506
31559608,0,0,0.87793,0.07173,0.05034
347340,2,2,0.01006,0.0854,0.90454
913626,2,2,0.04481,0.03877,0.91642
20039790,0,0,0.85681,0.13485,0.00833
9364110,2,2,0.0927,0.34929,0.55801
26016966,2,2,0.07158,0.04728,0.88114
21118989,2,1,0.36149,0.43325,0.20526
19480186,0,1,0.27159,0.57107,0.15734
21032446,2,2,0.00033,0.00128,0.99839
40538895,2,2,0.0045,0.0267,0.9688
19119595,0,0,0.97299,0.02671,0.0003
2124379,2,2,0.05445,0.0583,0.88725
16225592,0,0,0.51655,0.10308,0.38037
16299369,2,2,0.00688,0.00453,0.98859
41463984,2,2,0.01446,0.09451,0.89103
6178878,2,2,0.41287,0.12865,0.45849
7232786,1,1,0.16121,0.80839,0.0304
5313345,2,2,0.14054,0.12015,0.7393
20565107,2,2,0.22422,0.17246,0.60332
10556902,2,2,0.03355,0.06693,0.89952
14088001,2,2,0.00736,0.05243,0.94021
21145688,2,2,0.01136,0.0591,0.92954
18103730,0,0,0.96795,0.02474,0.00732
19233385,2,2,0.01787,0.42982,0.55231
20336014,2,2,0.00042,0.00219,0.99739
34857805,1,1,0.03941,0.7092,0.25139
25441238,1,0,0.87244,0.12378,0.00378
553230,0,0,0.88217,0.08726,0.03057
36591112,2,0,0.52583,0.2895,0.18467
39648601,2,2,0.01202,0.3002,0.68778
28868036,2,0,0.48354,0.36649,0.14997
37807422,2,2,0.11049,0.39625,0.49326
876090,2,0,0.55099,0.40803,0.04098
10816367,2,1,0.21819,0.53433,0.24748
16067000,2,2,0.10658,0.14195,0.75147
22069825,2,2,0.00889,0.02623,0.96488
22882370,2,2,0.00135,0.01915,0.9795
305548,0,0,0.98343,0.01486,0.00171
17506660,2,2,0.26321,0.07163,0.66516
16672001,2,1,0.05879,0.8351,0.10611
5744945,0,0,0.8279,0.13397,0.03813
36287709,2,2,0.00108,0.00522,0.9937
19725169,0,0,0.49845,0.29038,0.21116
4128717,2,2,0.16702,0.06191,0.77107
36688008,0,0,0.99669,0.00293,0.00037
12448783,2,2,0.00428,0.03028,0.96544
26928800,2,2,0.01554,0.0257,0.95876
10134643,2,2,0.27486,0.35202,0.37313
37732360,2,2,0.13462,0.07113,0.79425
18101902,2,2,0.00028,0.00469,0.99503
37068597,2,2,0.01395,0.05885,0.9272
8204437,0,0,0.6777,0.2181,0.10419
21245646,2,0,0.51904,0.0753,0.40567
32993383,2,2,0.08004,0.21649,0.70348
27933082,2,2,0.14376,0.14803,0.70821
13285130,1,1,0.36725,0.59652,0.03623
4783487,2,2,0.00169,0.07437,0.92395
28900915,2,2,0.00056,0.01355,0.98589
20485076,2,2,0.06842,0.24165,0.68992
9061889,2,2,0.23945,0.21312,0.54743
40814254,0,0,0.99962,0.00037,1e-05
26574224,0,0,0.99478,0.0045,0.00072
40743701,2,2,0.00337,0.00234,0.9943
352628,2,2,0.01548,0.03453,0.94998
39378058,0,0,0.98271,0.01668,0.00061
35759602,0,2,0.03806,0.12138,0.84056
4939344,2,2,0.01266,0.06587,0.92147
37994973,2,2,0.19691,0.0418,0.76129
25768445,0,0,0.82418,0.13705,0.03876
26460126,2,2,0.23634,0.24018,0.52348
41039339,2,2,0.00659,0.02624,0.96717
3585138,2,2,0.08543,0.06397,0.8506
24224606,2,2,0.12933,0.19656,0.67411
11480374,2,2,0.01703,0.02564,0.95733
17308832,0,0,0.94656,0.04741,0.00603
31633570,2,1,0.02457,0.80504,0.17039
34299880,2,2,0.00079,0.009,0.9902
2367418,2,2,0.00071,0.02088,0.97841
3943507,1,1,0.10228,0.72181,0.17591
2622244,2,2,0.01472,0.12418,0.8611
41212338,2,2,0.17115,0.41089,0.41796
29013825,2,2,0.00121,0.00506,0.99373
686083,2,0,0.65849,0.07379,0.26772
11230595,2,2,0.00562,0.0063,0.98807
23796359,2,2,0.00698,0.026,0.96702
12571324,2,2,0.00429,0.03573,0.95998
17854789,2,2,0.03022,0.29603,0.67375
9398066,2,2,0.03413,0.07091,0.89496
24702996,2,2,0.08842,0.02685,0.88473
20476828,2,2,0.0063,0.00627,0.98744
13723200,2,1,0.39592,0.48297,0.12111
8942227,2,0,0.65918,0.30119,0.03963
2671803,2,2,0.00122,0.0103,0.98849
8451055,2,2,0.0109,0.33061,0.65849
14245414,2,2,0.04008,0.15698,0.80294
4876485,2,2,0.18329,0.12625,0.69046
27736419,1,0,0.8246,0.1716,0.00381
29242076,2,2,0.00081,0.01315,0.98604
41113531,2,2,0.03454,0.04321,0.92224
21995573,2,2,0.05027,0.31701,0.63272
20005557,0,0,0.65277,0.29075,0.05648
9306494,0,2,0.12597,0.31525,0.55878
41556735,2,2,0.07959,0.23928,0.68113
14312535,2,2,0.07002,0.31533,0.61465
32864403,2,2,0.00993,0.0152,0.97488
21440735,1,1,0.10894,0.84402,0.04705
10497270,2,2,0.01545,0.02706,0.95749
29509670,2,2,0.00328,0.01615,0.98057
13195250,0,0,0.97708,0.02213,0.00078
27401772,2,2,0.00943,0.13643,0.85414
30505764,2,2,0.00723,0.05439,0.93838
20641266,2,2,0.02012,0.11534,0.86453
7773527,2,2,0.01518,0.02695,0.95787
14838327,2,2,0.15601,0.13854,0.70545
28453099,2,2,0.12282,0.05765,0.81952
29484698,0,0,0.38068,0.28,0.33932
226882,2,2,0.04313,0.13522,0.82165
33012656,0,0,0.48163,0.47178,0.04658
7830900,2,2,0.37278,0.16987,0.45735
9276313,0,2,0.15923,0.39182,0.44895
27270967,0,0,0.7738,0.20136,0.02483
27112385,2,2,0.00599,0.02927,0.96473
5589975,0,0,0.85489,0.12981,0.01531
31247541,2,2,0.24824,0.1887,0.56307
31320341,2,2,0.27362,0.22377,0.50261
9097988,0,0,0.75756,0.1846,0.05785
17574401,2,0,0.62406,0.22911,0.14683
14282733,2,2,0.02152,0.10869,0.86979
25628482,2,2,0.0376,0.14416,0.81824
13043701,2,2,0.0096,0.04151,0.94889
22567830,2,2,0.00092,0.01858,0.98051
15678062,0,0,0.56647,0.39614,0.03739
27940317,2,2,4e-05,0.00213,0.99783
11995754,1,1,0.0358,0.62344,0.34076
4678052,2,2,0.01231,0.32006,0.66763
23905030,2,2,9e-05,0.01243,0.98748
17951101,2,2,0.0098,0.00587,0.98433
5447647,2,2,0.0,0.00055,0.99945
34156612,0,2,0.13954,0.07028,0.79018
25981831,2,2,0.01843,0.04507,0.9365
20824934,0,0,0.91213,0.0715,0.01637
32320316,2,2,0.0012,0.02038,0.97842
12703529,2,2,0.00458,0.093,0.90242
6160688,2,2,0.0411,0.07972,0.87918
15929022,2,2,0.01371,0.02523,0.96106
16770676,2,2,0.04688,0.08154,0.87158
6210064,0,0,0.63425,0.16671,0.19904
28988429,2,2,0.22339,0.27711,0.4995
679457,2,2,0.0736,0.42919,0.49722
14460947,0,1,0.45043,0.51028,0.03929
20176937,2,2,0.00084,0.03018,0.96899
16409943,0,0,0.79898,0.16261,0.03841
30703764,0,1,0.22208,0.70835,0.06958
16481561,0,0,0.43533,0.40474,0.15993
28895188,0,0,0.71819,0.22134,0.06047
2219040,2,2,0.01506,0.01882,0.96612
16925532,2,2,0.00092,0.0015,0.99757
4031349,2,2,0.00015,0.01436,0.98549
12815823,2,2,0.28495,0.07169,0.64336
38223001,2,2,0.34302,0.2065,0.45048
315542,2,1,0.21499,0.71499,0.07001
21305145,2,2,0.02528,0.14074,0.83398
33205652,0,0,0.99477,0.00476,0.00047
12664055,0,0,0.95244,0.04522,0.00234
8054132,0,0,0.9968,0.00191,0.00129
17368885,2,2,0.02702,0.20683,0.76615
16892006,2,2,0.07605,0.21034,0.71361
40302444,0,2,0.24824,0.1887,0.56307
41356454,2,2,0.00196,0.01381,0.98422
25715125,1,2,0.05981,0.38373,0.55647
2185289,2,2,9e-05,0.01243,0.98748
11667938,1,1,0.08103,0.81161,0.10736
28104935,0,0,0.80138,0.16863,0.02998
41598861,0,0,0.85967,0.13853,0.00179
30136005,1,0,0.82571,0.15127,0.02302
26871538,2,2,0.00421,0.04811,0.94768
29455827,2,2,0.06194,0.08238,0.85568
28865715,2,2,0.03044,0.43862,0.53094
12282578,1,1,0.07938,0.71859,0.20203
38599674,0,0,0.94066,0.05503,0.00431
28279735,0,0,0.67778,0.0719,0.25032
1784018,2,2,0.15711,0.05703,0.78585
26324537,2,2,0.01629,0.02915,0.95455
9428590,2,2,0.00031,0.03571,0.96397
604384,2,2,0.12343,0.06875,0.80782
29521966,0,0,0.89315,0.10528,0.00157
38395217,2,0,0.65193,0.27133,0.07674
40666620,1,1,0.07799,0.52758,0.39443
31594875,2,2,0.01906,0.10893,0.87201
11478941,2,2,0.01788,0.02725,0.95487
30874392,2,2,0.06824,0.06226,0.8695
6953391,2,2,0.14097,0.24877,0.61026
35360784,2,1,0.1029,0.5592,0.33791
22774465,2,2,0.01091,0.02879,0.96029
28535014,2,2,0.01207,0.02937,0.95856
5185266,2,2,0.22482,0.13475,0.64043
39985504,2,2,0.00805,0.06233,0.92962
5926101,2,2,0.01156,0.01631,0.97213
18875600,2,2,0.11697,0.14581,0.73722
33761660,0,0,0.74937,0.1706,0.08003
5265941,2,2,0.04688,0.10401,0.84911
35453483,0,0,0.98664,0.01218,0.00118
17960454,2,2,0.1869,0.19458,0.61851
36291248,2,1,0.09687,0.66132,0.24181
41271641,0,0,0.97545,0.02207,0.00249
33915445,1,0,0.76973,0.06136,0.16891
27404715,0,1,0.2498,0.47131,0.27889
10815298,2,2,0.06587,0.17033,0.7638
31666536,2,2,0.0114,0.32757,0.66103
14888184,2,2,0.04403,0.11423,0.84174
9431173,2,2,0.17164,0.01995,0.80841
16509428,0,0,0.9483,0.03704,0.01465
33737980,0,0,0.61481,0.11195,0.27324
39793952,2,2,0.00021,0.00318,0.99661
14257003,0,0,0.57674,0.27064,0.15262
18788065,2,2,0.19304,0.08381,0.72315
1653531,2,2,0.07268,0.04627,0.88106
35469103,2,2,0.00469,0.01066,0.98465
26757031,2,2,0.00837,0.03026,0.96137
1337095,2,2,0.24824,0.1887,0.56307
14806563,2,0,0.88433,0.05284,0.06284
31053655,1,0,0.60116,0.16163,0.23721
32511164,0,0,0.98176,0.01672,0.00152
33871980,2,2,0.05046,0.18289,0.76665
25088653,0,0,0.46951,0.16889,0.36161
9428937,2,2,0.0,0.00025,0.99975
2401720,0,0,0.50252,0.31529,0.18218
8546682,2,2,0.08599,0.0304,0.88361
10592070,2,2,0.15736,0.38893,0.45371
38967672,2,2,0.15099,0.2801,0.56891
17771262,2,2,0.02549,0.24071,0.7338
1357076,0,0,0.65233,0.31,0.03766
12167061,2,2,0.16491,0.20315,0.63194
4272574,2,2,0.00884,0.05447,0.93669
2839855,2,2,0.0587,0.2644,0.6769
4632207,2,2,0.02489,0.05474,0.92037
11940343,2,2,0.04667,0.04844,0.90489
28052125,0,0,0.98375,0.016,0.00025
41117645,2,2,0.00565,0.17663,0.81772
6908460,1,1,0.24832,0.72764,0.02403
10971179,2,2,0.30748,0.32304,0.36948
12175851,2,2,0.01601,0.07431,0.90969
19205749,0,0,0.61409,0.2333,0.15261
18311784,0,0,0.48181,0.20378,0.3144
4380281,2,2,0.04485,0.11455,0.8406
19662770,2,2,0.24766,0.27544,0.4769
14306802,2,2,0.1199,0.06271,0.81739
8936765,2,2,0.00287,0.00546,0.99167
27740111,2,2,0.05584,0.18866,0.7555
13464029,0,1,0.11308,0.76065,0.12626
4763801,2,2,0.17899,0.06454,0.75647
2968592,2,2,0.00904,0.03825,0.95271
39219791,0,0,0.95624,0.04138,0.00238
14560193,2,2,0.14327,0.2467,0.61003
11185004,2,2,0.00266,0.00227,0.99507
67734,1,0,0.51033,0.27692,0.21275
16097085,2,1,0.2278,0.44733,0.32488
5962767,2,2,0.00465,0.15225,0.8431
36504719,2,1,0.20609,0.46968,0.32423
25503711,0,0,0.98921,0.01049,0.00031
10058982,2,2,0.00072,0.0037,0.99558
36333743,2,2,0.00022,0.01588,0.98391
24010752,0,0,0.92656,0.04243,0.03101
3961187,2,2,0.01878,0.20912,0.7721
28536692,2,2,0.00185,0.01026,0.98789
4659248,2,2,0.1314,0.40982,0.45878
6728412,0,0,0.95641,0.03964,0.00395
30436097,0,0,0.96266,0.03674,0.0006
38387612,2,2,0.04706,0.04251,0.91044
12521141,2,2,0.28785,0.06372,0.64843
25214167,2,1,0.27587,0.58466,0.13947
14542394,2,2,0.07969,0.05474,0.86557
22234369,0,0,0.60893,0.37789,0.01318
28457086,2,2,0.11757,0.38611,0.49632
35428854,2,2,0.22452,0.15213,0.62335
6312997,2,2,0.03952,0.21658,0.74389
7941032,1,0,0.42639,0.30221,0.2714
8502422,0,0,0.57076,0.39016,0.03908
16007262,2,2,0.24824,0.1887,0.56307
11782911,0,1,0.1119,0.58584,0.30225
3577132,2,2,0.00991,0.02418,0.96591
30081426,0,0,0.69059,0.25111,0.05829
22602191,2,2,0.00369,0.03319,0.96313
18814640,0,0,0.93538,0.06401,0.00061
40558723,2,0,0.94371,0.03977,0.01651
11514502,2,2,0.00899,0.02185,0.96916
17725026,0,1,0.48999,0.50047,0.00954
23765686,0,0,0.95496,0.04084,0.00419
8371099,2,2,0.00303,0.02225,0.97472
2950782,2,2,0.06018,0.04357,0.89624
24930071,0,0,0.67206,0.32188,0.00606
20649787,2,2,0.05014,0.11606,0.8338
750222,0,0,0.94735,0.04377,0.00889
31444797,2,2,0.01843,0.00968,0.97189
34089868,2,2,0.05025,0.02986,0.91989
28027507,2,2,0.4206,0.14393,0.43546
5532855,2,2,0.01265,0.0359,0.95145
11082979,2,2,0.1369,0.39032,0.47278
6183260,2,2,0.06149,0.04626,0.89225
38407358,0,0,0.863,0.12476,0.01224
39702394,0,0,0.82973,0.13416,0.03611
34973131,2,2,0.11988,0.06436,0.81576
21862331,0,0,0.96117,0.03145,0.00738
14602955,2,2,0.0574,0.14096,0.80164
7452486,0,0,0.89051,0.09412,0.01538
18314991,2,2,0.02078,0.03563,0.94359
12595386,1,0,0.46624,0.11656,0.4172
27144421,2,2,0.01792,0.12035,0.86173
27010116,2,2,0.01312,0.13408,0.8528
13908310,2,2,0.11026,0.09683,0.79291
8789321,2,2,0.04981,0.06712,0.88307
24989247,2,2,0.15229,0.33054,0.51717
39449748,0,1,0.13759,0.72029,0.14213
27814065,0,0,0.90376,0.09053,0.00571
7227112,0,0,0.96392,0.03272,0.00335
2194505,1,2,0.30349,0.16884,0.52768
8531762,0,0,0.99427,0.00549,0.00024
27828789,2,2,0.11498,0.07064,0.81437
39621317,0,0,0.74628,0.23551,0.01822
40922077,0,2,0.42438,0.1026,0.47302
29456714,0,1,0.27413,0.6082,0.11768
31180505,0,2,0.34917,0.23629,0.41454
30013254,0,2,0.24824,0.1887,0.56307
17771487,0,0,0.85027,0.02311,0.12662
9641375,2,2,0.0,0.00055,0.99945
12737460,2,0,0.59891,0.36619,0.03491
4202761,2,2,0.03578,0.11254,0.85168
25175281,2,2,0.05058,0.36756,0.58186
10721697,2,2,0.01477,0.08526,0.89997
609712,2,2,0.20718,0.08254,0.71028
18795075,2,2,0.00201,0.20456,0.79343
2951080,2,1,0.02034,0.60541,0.37425
13646563,2,2,0.03409,0.06196,0.90395
18301029,2,2,0.00205,0.00425,0.9937
22736202,1,0,0.63852,0.34276,0.01872
31863657,1,2,0.02038,0.02057,0.95904
3681477,2,1,0.33496,0.62847,0.03657
28669675,2,2,0.15966,0.17215,0.66819
38546082,1,1,0.35193,0.6229,0.02517
33155653,2,2,0.00816,0.03153,0.96032
20652246,2,2,0.013,0.03374,0.95326
3785380,1,2,0.16092,0.40771,0.43137
7874523,2,2,0.38569,0.22753,0.38679
4281257,0,0,0.91678,0.07509,0.00813
15640283,2,2,0.13557,0.10445,0.75998
22863850,2,2,0.11375,0.30895,0.5773
22878354,1,0,0.88165,0.09151,0.02683
29667666,2,2,0.00541,0.00775,0.98684
24275136,2,2,0.17291,0.14597,0.68112
14206546,1,1,0.03702,0.81084,0.15214
23803478,0,0,0.97133,0.02091,0.00775
18837303,2,2,0.06897,0.08003,0.851
18934660,2,2,0.12581,0.00977,0.86442
27710011,0,0,0.95409,0.04128,0.00462
15519848,1,0,0.56162,0.28065,0.15774
32030581,2,2,0.04106,0.4319,0.52705
32092545,1,2,0.25238,0.3254,0.42222
33165514,2,2,0.08733,0.36916,0.54352
16326822,2,2,0.10981,0.42495,0.46524
17422706,0,2,0.27783,0.12162,0.60055
17275845,2,2,0.29512,0.22677,0.4781
15809545,2,2,0.01453,0.04639,0.93908
20936366,2,2,0.17144,0.13232,0.69624
37390733,0,1,0.305,0.6772,0.0178
35587618,2,2,0.0032,0.00896,0.98785
34936854,2,2,0.00946,0.02917,0.96137
37224538,2,2,0.00097,0.00143,0.9976
29525008,2,2,0.36441,0.0781,0.55749
37177769,0,0,0.76884,0.14809,0.08308
21002347,2,2,0.00342,0.00949,0.98709
5323926,1,1,0.37999,0.61353,0.00649
40692561,0,1,0.31169,0.37299,0.31532
6859454,2,2,0.00265,0.00231,0.99504
35419406,2,2,0.11021,0.27692,0.61287
23049984,2,2,0.01472,0.12418,0.8611
25579925,2,2,0.02423,0.03129,0.94448
30205306,2,2,0.04729,0.1113,0.84141
1397109,0,0,0.75455,0.13698,0.10847
9715353,0,0,0.40625,0.28799,0.30576
17808530,2,1,0.12646,0.67459,0.19895
9740038,2,2,0.06898,0.21807,0.71295
5363341,2,2,0.05465,0.09032,0.85504
10815632,0,0,0.62801,0.36577,0.00622
33669381,0,0,0.95491,0.04048,0.00462
34070116,0,0,0.99124,0.00804,0.00072
22829582,0,0,0.74694,0.16731,0.08574
34401350,0,0,0.70721,0.03088,0.26191
10291589,2,2,0.00891,0.0141,0.97699
17282847,2,2,0.10108,0.07968,0.81924
21420297,2,2,0.01723,0.0256,0.95717
16354487,2,2,0.03721,0.03197,0.93081
9006223,2,1,0.11634,0.47908,0.40458
11860912,2,2,0.01268,0.0293,0.95802
18291015,2,2,0.0003,0.0766,0.9231
14432153,2,2,0.00708,0.01752,0.9754
5243860,2,2,0.18033,0.31104,0.50863
23595566,2,2,0.02136,0.08933,0.88931
8306704,2,2,0.19805,0.33116,0.47078
12902467,2,1,0.09739,0.46453,0.43808
24424159,2,2,0.09089,0.11759,0.79152
30565115,0,2,0.33619,0.20454,0.45927
13061934,2,2,0.11431,0.0312,0.85449
17664675,2,2,0.02406,0.1175,0.85844
27559369,2,2,0.02701,0.01635,0.95663
34950652,2,2,0.01467,0.01244,0.97289
33310697,0,1,0.38397,0.442,0.17403
23885465,2,2,0.01566,0.39691,0.58743
40588845,0,0,0.81029,0.18301,0.0067
11266700,0,0,0.80118,0.16527,0.03355
2844332,0,2,0.16076,0.32321,0.51603
8662832,2,2,0.03891,0.12214,0.83895
30510215,2,2,0.00069,0.03556,0.96375
32427462,2,2,0.05022,0.03739,0.9124
10118162,2,2,0.19469,0.2499,0.55541
2752059,2,2,0.20648,0.17214,0.62138
27710857,2,2,0.1063,0.20225,0.69145
39829605,0,0,0.87335,0.10496,0.0217
12673573,2,1,0.19541,0.55435,0.25023
32915936,0,0,0.51304,0.24777,0.23919
32222576,2,2,0.00944,0.06283,0.92773
16257134,0,1,0.00702,0.94265,0.05032
27221636,0,0,0.76951,0.18034,0.05016
33827555,2,2,0.00074,0.00664,0.99262
30402894,0,0,0.86065,0.12626,0.0131
4422876,2,2,0.01138,0.05498,0.93363
30807075,2,2,0.10909,0.05916,0.83175
29894994,2,2,0.24824,0.1887,0.56307
18457866,2,2,1e-05,0.00023,0.99976
16359662,0,0,0.9973,0.00199,0.00071
7770660,2,2,0.00329,0.03341,0.9633
17723760,2,2,0.00598,0.03863,0.95539
22475278,2,2,0.02179,0.03662,0.94158
24032950,2,2,0.12109,0.10094,0.77796
35824698,2,2,0.14176,0.0943,0.76394
1655185,2,2,0.00214,0.03729,0.96058
36308205,2,2,0.01225,0.11104,0.87671
2433311,0,1,0.15505,0.71822,0.12674
19866817,2,2,0.00059,0.00198,0.99743
1826318,2,1,0.0284,0.63862,0.33298
7276996,1,2,0.03802,0.22443,0.73755
17820292,2,2,0.18599,0.02396,0.79005
1844531,2,2,0.00116,0.01229,0.98655
2550574,0,0,0.78935,0.16787,0.04278
28529153,0,0,0.65189,0.26693,0.08119
12357879,0,0,0.91552,0.08174,0.00274
4627610,2,2,0.00061,0.01307,0.98632
21308438,2,2,0.05626,0.07444,0.8693
40905446,2,2,0.0,0.00025,0.99975
26084146,2,2,0.00033,0.01713,0.98254
1720468,2,2,0.00706,0.00285,0.99009
706659,2,0,0.36271,0.29015,0.34714
37944839,2,2,0.01617,0.08912,0.89471
26828853,2,2,0.0096,0.0186,0.9718
3634341,1,0,0.89782,0.08638,0.0158
23559449,2,2,0.01045,0.07688,0.91267
29055805,2,2,0.05453,0.25683,0.68864
10013427,2,2,0.00124,0.00793,0.99083
6314845,1,1,0.18212,0.59994,0.21794
9192117,2,2,0.01982,0.02985,0.95033
36390848,2,2,0.00611,0.01109,0.9828
35457670,0,0,0.97603,0.02016,0.00381
30853444,2,0,0.46141,0.17668,0.36191
28261333,2,2,0.01737,0.02236,0.96028
41293583,2,2,0.16424,0.17886,0.6569
2307127,2,2,0.00942,0.05929,0.93128
20442772,0,2,0.24824,0.1887,0.56307
39107985,2,2,0.24824,0.1887,0.56307
41181021,2,2,0.02437,0.1847,0.79093
38272163,2,2,0.00121,0.0037,0.99509
21106521,0,0,0.48704,0.47393,0.03903
8758008,2,2,0.00346,0.10478,0.89176
37030359,0,0,0.95683,0.03641,0.00676
36174366,2,2,0.00528,0.01447,0.98026
11034447,1,1,0.03878,0.85797,0.10325
16441892,2,2,0.09616,0.11828,0.78555
40594713,2,2,0.0979,0.06273,0.83937
18417312,2,2,0.31155,0.11854,0.56991
9742736,2,2,0.00999,0.06606,0.92395
12152301,2,2,0.01214,0.03533,0.95252
37390418,2,2,0.1082,0.09443,0.79737
953001,2,2,0.13512,0.11855,0.74633
17844424,1,0,0.62763,0.35697,0.0154
23026731,2,1,0.16349,0.54851,0.288
36584692,2,1,0.21052,0.6666,0.12288
20893531,2,2,0.0082,0.01197,0.97982
8716467,2,2,0.05186,0.07824,0.86991
1881584,0,2,0.25869,0.07684,0.66447
20436730,2,2,0.01632,0.16619,0.81749
35366801,2,2,0.19936,0.30343,0.49721
4136820,2,2,0.01591,0.01839,0.9657
22100636,2,2,0.02079,0.43776,0.54145
20238497,2,2,0.01406,0.36518,0.62077
32547638,2,2,0.01202,0.01331,0.97468
28223741,2,2,0.04358,0.10484,0.85157
38964763,1,1,0.02747,0.55073,0.42179
25799851,1,0,0.83942,0.12725,0.03333
9129231,2,2,0.24824,0.1887,0.56307
9674662,2,2,0.01895,0.02198,0.95907
8779101,0,0,0.99746,0.00239,0.00016
6589451,1,2,0.10694,0.04892,0.84415
34106246,2,2,0.00873,0.12597,0.86529
10561104,2,2,0.00699,0.04839,0.94463
4695918,2,2,0.12417,0.34339,0.53244
40303664,0,0,0.79544,0.10565,0.0989
30903421,2,1,0.12211,0.49396,0.38394
39907875,2,1,0.02479,0.60549,0.36972
10229144,2,2,0.02736,0.11319,0.85945
38805460,2,2,0.09866,0.05029,0.85105
11109905,0,0,0.56538,0.33725,0.09737
8798737,1,1,0.28354,0.51264,0.20382
4310492,0,0,0.61116,0.33272,0.05612
39817592,2,2,0.0,0.01086,0.98914
23268855,0,0,0.7835,0.17284,0.04366
23134111,0,0,0.94586,0.05304,0.0011
21224205,2,1,0.01029,0.69961,0.29011
3596597,2,2,0.15595,0.38726,0.45679
27317328,0,0,0.57711,0.19909,0.2238
8367328,2,2,0.01966,0.12142,0.85892
19889108,2,2,0.04951,0.08831,0.86218
4975042,0,0,0.69138,0.29173,0.01689
31607383,2,2,0.01737,0.04978,0.93285
39342244,1,1,0.04902,0.9405,0.01048
20777627,2,2,0.00995,0.03969,0.95036
18930442,2,2,0.00237,0.06387,0.93376
40442993,2,2,0.04174,0.02209,0.93617
3774076,1,0,0.5126,0.37666,0.11073
23698908,2,2,0.00806,0.00556,0.98638
11336516,2,2,0.06284,0.22853,0.70863
5282412,2,2,0.06022,0.15631,0.78348
8515452,2,2,0.00053,0.00435,0.99513
4116479,2,2,0.0004,0.00228,0.99732
3217788,2,2,0.00144,0.03772,0.96084
36526456,0,0,0.49884,0.35321,0.14795
12536440,2,2,1e-05,0.00098,0.99902
36469433,2,2,0.04502,0.11164,0.84334
22128782,0,0,0.94519,0.05306,0.00175
4881720,1,2,0.02611,0.14366,0.83023
20045736,0,0,0.65626,0.33833,0.00541
35541594,1,2,0.16359,0.16016,0.67625
15154315,0,0,0.59002,0.34563,0.06435
13124741,2,0,0.43212,0.24368,0.32419
23963334,0,0,0.5877,0.32005,0.09225
24426544,2,2,0.01057,0.06324,0.92619
14076873,2,2,0.01502,0.19249,0.79249
35808916,0,1,0.12592,0.86095,0.01313
11271458,2,2,0.09475,0.18496,0.72029
16785878,2,2,0.0,0.00025,0.99975
28496418,2,2,0.0244,0.08661,0.88899
4298020,2,2,0.17391,0.08708,0.73902
11748242,2,2,0.00109,0.03257,0.96634
23373985,2,2,0.33218,0.08677,0.58104
29962845,2,2,0.13093,0.2441,0.62497
8727887,0,2,0.15938,0.0339,0.80672
7153894,2,2,0.00349,0.02044,0.97607
35972384,2,2,0.11104,0.17451,0.71445
21160849,0,0,0.78875,0.09246,0.11879
18818617,1,1,0.36947,0.62405,0.00648
6925640,2,2,0.03737,0.09048,0.87214
15668537,2,1,0.09833,0.80803,0.09364
25820047,2,1,0.26605,0.47444,0.25951
37750181,0,1,0.16721,0.82258,0.01021
26263023,2,2,0.00055,0.03173,0.96772
39528130,2,2,0.00748,0.00155,0.99098
16855430,2,2,0.02704,0.26241,0.71055
23847311,0,1,0.10839,0.50363,0.38798
41016740,2,2,0.00092,0.0087,0.99037
18373612,2,2,0.10086,0.22124,0.67789
12255006,0,0,0.68285,0.30788,0.00927
40916606,0,0,0.78035,0.21646,0.00318
30886081,0,1,0.29236,0.45166,0.25598
19081410,0,0,0.76056,0.17969,0.05975
21741074,2,2,0.04138,0.10836,0.85026
21779283,0,0,0.52404,0.39031,0.08564
35574700,0,0,0.91911,0.06847,0.01242
27142649,2,2,3e-05,0.00209,0.99788
23253101,2,2,0.00027,0.00944,0.99028
16749978,0,1,0.15161,0.71582,0.13257
27262934,0,0,0.98257,0.01385,0.00359
35641697,2,2,0.29039,0.04214,0.66747
10808648,2,2,0.00773,0.00159,0.99067
13123130,2,2,0.01566,0.02612,0.95822
2345437,2,2,0.07252,0.14856,0.77891
25276752,2,2,0.1027,0.43464,0.46266
38178488,2,2,0.03075,0.12494,0.84431
17212472,2,2,0.00079,0.0064,0.99281
26915630,2,2,0.02131,0.01588,0.96282
9689029,2,2,0.02707,0.08409,0.88884
32611392,2,2,0.00061,0.0009,0.99849
40991737,0,0,0.7757,0.18706,0.03724
41275181,0,0,0.84523,0.14908,0.00568
22346977,2,1,0.38223,0.45683,0.16094
34125721,2,1,0.15537,0.70267,0.14196
22124811,0,0,0.84898,0.05905,0.09198
19136525,0,0,0.97522,0.01557,0.00922
13019652,2,1,0.06036,0.68879,0.25085
26935150,0,0,0.95467,0.04194,0.00339
4151946,0,0,0.99831,0.00159,0.0001
27407813,2,2,0.00076,0.02535,0.9739
8796989,2,2,0.02726,0.0252,0.94754
13334796,2,2,0.02066,0.10694,0.87239
9568225,2,2,0.04046,0.03079,0.92875
17776439,2,2,0.00754,0.0149,0.97757
10532490,2,2,0.0833,0.32929,0.58742
17415569,2,2,0.01395,0.01708,0.96898
33498675,0,0,0.55686,0.27276,0.17039
17628564,2,2,0.0999,0.38772,0.51238
25599912,2,2,0.00998,0.03096,0.95906
32913339,0,0,0.96241,0.0365,0.0011
23520330,2,2,0.08809,0.05364,0.85827
718530,2,2,0.00594,0.02057,0.97349
7832195,2,2,0.0195,0.08767,0.89283
12979115,2,2,0.01091,0.02002,0.96906
2172033,2,2,0.02619,0.20509,0.76872
7733881,2,2,0.02454,0.13506,0.8404
2053969,2,2,0.03557,0.07285,0.89157
1182390,2,2,0.07183,0.07691,0.85126
23239822,2,2,0.02687,0.05428,0.91885
35061784,2,2,0.0001,0.00164,0.99826
32146527,2,2,0.10376,0.15112,0.74512
8549527,2,2,0.08501,0.40437,0.51062
41439067,2,2,0.01013,0.2595,0.73036
36809019,2,2,0.00609,0.00337,0.99053
10294824,2,2,0.00157,0.03432,0.9641
28676161,0,0,0.91512,0.06874,0.01615
25165803,2,2,0.01168,0.10659,0.88173
4608103,2,2,0.00201,0.05547,0.94252
11095792,2,2,0.1777,0.08797,0.73433
30292312,0,0,0.82113,0.14054,0.03833
7124520,2,2,0.03639,0.19339,0.77021
28971118,2,1,0.06806,0.54247,0.38947
21146532,2,2,0.00073,0.00533,0.99393
5533435,2,2,0.00163,0.03378,0.96459
36892255,2,2,0.29473,0.16842,0.53685
37248570,2,0,0.65745,0.10162,0.24093
18608522,1,1,0.01237,0.72486,0.26277
4271160,0,0,0.76228,0.23098,0.00674
22314986,2,2,0.26138,0.14668,0.59195
41271844,2,1,0.09071,0.70647,0.20282
24089484,2,2,0.03385,0.04819,0.91795
39747177,1,1,0.40437,0.44448,0.15115
25077059,2,2,0.05283,0.317,0.63017
4641707,2,2,0.00755,0.00767,0.98478
16882184,0,2,0.36455,0.24856,0.38689
16574768,0,0,0.87499,0.12281,0.0022
9094239,2,2,0.01116,0.02177,0.96707
16788992,0,0,0.97803,0.02157,0.0004
15510119,2,2,0.01641,0.02874,0.95485
4072510,2,2,0.17644,0.3153,0.50826
512588,2,2,0.02456,0.07596,0.89948
41179191,2,2,0.0981,0.37411,0.52779
37545685,2,2,0.20176,0.06875,0.72949
12917658,2,2,0.05213,0.12445,0.82343
25725418,2,2,0.08093,0.11916,0.79991
35196065,1,2,0.28115,0.27356,0.44529
4594692,2,2,0.10995,0.0669,0.82315
11219832,2,2,0.00468,0.02793,0.96738
19324403,2,2,0.02749,0.29711,0.67539
4963686,2,2,0.00617,0.02753,0.9663
588271,2,2,0.00052,0.02149,0.97799
3995321,0,2,0.11043,0.10228,0.78729
1483674,2,2,0.02594,0.03485,0.93921
1199199,0,0,0.62457,0.36825,0.00718
1891837,2,2,0.00805,0.00222,0.98972
18225347,2,2,0.00499,0.06015,0.93486
17120546,2,2,2e-05,0.06502,0.93495
19415549,2,2,0.00435,0.01047,0.98518
29725551,2,1,0.02519,0.91936,0.05545
19037191,2,2,0.02195,0.20095,0.7771
21115070,1,0,0.70112,0.22932,0.06956
8567488,2,1,0.35665,0.40046,0.2429
34294477,2,2,0.0035,0.00576,0.99074
19128745,2,1,0.01674,0.50275,0.48051
25470335,1,1,0.3542,0.63211,0.01369
7552934,2,2,0.08492,0.27819,0.6369
22747050,2,2,0.00079,0.00216,0.99705
26812928,0,0,0.91839,0.06716,0.01446
7775039,2,2,0.00645,0.05212,0.94143
4167042,2,2,3e-05,0.00403,0.99594
33810398,0,0,0.72213,0.26717,0.0107
37035448,2,2,0.01563,0.05465,0.92972
7498495,2,2,0.04721,0.19836,0.75443
33144820,2,2,0.00203,0.01105,0.98692
26825833,0,0,0.97492,0.01929,0.00579
40553416,2,2,4e-05,0.00056,0.9994
39385737,2,2,0.01174,0.03803,0.95024
12218864,2,2,0.00024,0.00421,0.99555
19213126,2,2,0.02714,0.03404,0.93882
18564460,0,0,0.97024,0.02593,0.00383
15263132,2,2,0.10094,0.06461,0.83445
38830538,0,0,0.78269,0.20579,0.01151
7565031,1,0,0.70533,0.22738,0.06728
38502983,2,2,0.01461,0.0344,0.95099
22434619,2,2,0.00616,0.04388,0.94996
40616546,2,2,0.06508,0.09694,0.83799
19289694,2,1,0.11332,0.63958,0.2471
21670055,2,2,0.02157,0.18367,0.79476
29017391,1,1,0.12273,0.72044,0.15683
2436348,2,2,0.11516,0.12262,0.76222
9380614,0,0,0.81273,0.15845,0.02882
10466818,2,0,0.65251,0.16588,0.18161
9649600,2,2,0.25843,0.1228,0.61877
32151170,0,0,0.76731,0.23174,0.00095
7705841,2,2,0.02773,0.06325,0.90902
16372314,2,1,0.11144,0.4894,0.39916
10534174,2,2,0.00328,0.01101,0.98571
35967129,2,2,0.00249,0.02355,0.97396
9833481,2,2,0.00606,0.06572,0.92822
31604656,1,2,0.09748,0.34195,0.56056
79893,2,2,0.10434,0.18469,0.71097
24835296,2,0,0.88569,0.11214,0.00217
28621227,0,0,0.44043,0.22182,0.33775
2669222,0,2,0.00929,0.08864,0.90207
36364102,2,2,0.20637,0.35667,0.43695
19057183,2,2,0.04531,0.02625,0.92844
9751856,2,1,0.02644,0.74922,0.22434
22568976,0,0,0.9199,0.01745,0.06265
22157445,2,2,0.00291,0.05248,0.94462
29003348,0,0,0.54305,0.44823,0.00872
6020907,2,2,0.00741,0.0154,0.97719
37925978,2,2,0.31321,0.28464,0.40215
172408,2,1,0.35709,0.4995,0.1434
17877189,2,2,0.26601,0.18008,0.55392
40372998,2,1,0.02366,0.59692,0.37941
39763940,2,2,0.02851,0.03016,0.94134
33550565,0,0,0.57291,0.17167,0.25542
26259180,2,2,0.04987,0.18484,0.7653
17451611,2,2,0.00837,0.01994,0.97168
23835639,2,2,0.07906,0.2737,0.64725
26594949,0,0,0.98463,0.01452,0.00085
36467949,0,1,0.2502,0.70371,0.04609
20022949,2,2,0.02131,0.07631,0.90239
19027574,2,2,0.02649,0.09089,0.88262
40512986,2,0,0.95724,0.03323,0.00953
26429264,2,2,0.1281,0.04718,0.82472
43001,2,2,0.02,0.06383,0.91617
5244145,2,2,0.02042,0.18478,0.7948
28656457,0,0,0.60943,0.34673,0.04384
32353045,2,2,0.0133,0.13648,0.85022
19828536,2,2,0.03465,0.02986,0.93548
14150885,2,2,0.34383,0.29513,0.36104
13551069,2,2,0.08089,0.15811,0.76099
19300250,2,2,0.29621,0.11347,0.59032
28022893,2,2,0.10756,0.10372,0.78872
38085624,2,2,0.01461,0.0302,0.95519
27910281,2,1,0.11433,0.70382,0.18185
14700157,2,2,0.02421,0.09889,0.8769
9708608,1,0,0.46238,0.19868,0.33894
14947506,2,2,0.26642,0.13315,0.60043
7840163,2,2,0.0062,0.05845,0.93536
2374492,0,0,0.78031,0.16481,0.05488
22727758,2,2,0.24543,0.35399,0.40058
9230747,2,2,0.0067,0.02744,0.96586
14770837,2,2,0.08206,0.1663,0.75163
37918706,2,2,0.40129,0.16834,0.43037
240865,1,2,0.30994,0.19001,0.50005
17614877,2,2,0.04766,0.09645,0.85589
15144027,2,2,0.0057,0.02159,0.97271
16147938,1,0,0.4319,0.3882,0.17991
20289865,2,2,0.03242,0.32409,0.64349
11958015,2,2,0.13894,0.07712,0.78395
28705488,2,2,0.00052,0.02149,0.97799
9451809,2,1,0.19363,0.53875,0.26762
35580167,2,0,0.42566,0.20888,0.36545
20920230,1,1,0.34127,0.55278,0.10594
15045835,2,1,0.10423,0.46017,0.4356
38547360,0,0,0.97024,0.02541,0.00435
30634697,2,2,0.00241,0.07663,0.92096
37030929,2,2,0.01298,0.04017,0.94685
19006912,2,1,0.21981,0.59034,0.18985
2435017,2,2,0.00096,0.02925,0.96979
9532006,0,0,0.89267,0.08041,0.02692
27992830,2,2,0.00065,0.03286,0.96649
28578533,0,0,0.99962,0.00037,1e-05
3506987,2,2,0.00175,0.01076,0.98748
5987482,2,2,0.02732,0.03434,0.93834
10612007,2,2,0.26182,0.08493,0.65325
41205359,2,2,0.06941,0.06496,0.86563
20644614,2,2,0.01824,0.01956,0.96219
15204286,2,2,0.00847,0.07581,0.91572
23238041,2,2,0.00653,0.01391,0.97956
8542219,2,2,0.14388,0.11406,0.74206
1096815,2,2,0.00142,0.01242,0.98616
21576856,2,2,0.24824,0.1887,0.56307
39572561,2,2,0.02161,0.04202,0.93637
25424660,2,2,0.13064,0.30475,0.56461
41219184,0,0,0.60009,0.29312,0.10679
41467912,2,2,0.00222,0.01301,0.98477
22628056,0,2,0.3297,0.26823,0.40207
6837611,2,2,0.0041,0.04613,0.94977
32345702,0,0,0.88805,0.09794,0.01401
21574436,2,2,0.34151,0.14416,0.51433
28581448,2,2,0.00202,0.01393,0.98405
8331435,1,1,0.1846,0.46929,0.34612
5998894,2,2,0.17492,0.14269,0.68239
34430695,2,2,0.02823,0.10506,0.8667
6625019,2,2,0.01234,0.07362,0.91404
39652177,2,2,0.00195,0.01036,0.98768
17749178,2,0,0.35963,0.31547,0.3249
29394251,0,0,0.64119,0.34883,0.00998
3782527,2,2,0.00419,0.04398,0.95183
20941747,2,2,0.0373,0.02109,0.94161
579589,0,1,0.39228,0.41562,0.1921
17243779,2,0,0.53443,0.3413,0.12427
26527464,2,2,0.0,0.00025,0.99975
32689977,2,2,0.0055,0.01858,0.97592
18534397,2,1,0.10281,0.54235,0.35484
13702253,0,0,0.90156,0.08245,0.01599
473887,2,2,0.02149,0.01037,0.96815
17043718,2,2,0.0,0.00025,0.99975
16498576,2,0,0.46161,0.11414,0.42425
33301185,2,2,0.24824,0.1887,0.56307
25473385,2,2,0.24824,0.1887,0.56307
25407074,0,1,0.25335,0.66711,0.07954
29257327,1,0,0.88857,0.08076,0.03067
38807858,2,2,0.07383,0.01534,0.91083
1333895,2,2,0.03104,0.04321,0.92575
28488630,2,2,0.00064,0.0228,0.97656
860508,2,1,0.25028,0.60557,0.14416
17852568,2,2,0.01474,0.05269,0.93257
10205604,0,0,0.95472,0.02812,0.01716
31988737,2,2,0.01279,0.01808,0.96913
31555139,2,2,0.04017,0.06126,0.89857
23565877,2,2,0.02005,0.04046,0.93949
29067247,2,2,0.00172,0.24024,0.75804
2949658,2,2,0.3094,0.31207,0.37853
9523993,2,2,0.0002,0.02053,0.97927
12952190,2,2,0.27123,0.17672,0.55206
36784449,0,0,0.64134,0.31702,0.04163
14746197,2,1,0.32062,0.65335,0.02603
39333129,0,0,0.53896,0.3385,0.12253
27607209,2,2,0.00061,0.01307,0.98632
39863767,2,2,0.03307,0.22721,0.73973
2217066,2,2,0.14735,0.02844,0.82421
29244519,0,0,0.82769,0.16095,0.01135
5571893,0,0,0.41899,0.29267,0.28834
26221066,0,0,0.83979,0.11103,0.04918
29395000,2,2,0.16779,0.23033,0.60188
4337933,2,2,0.00149,0.00283,0.99568
27078263,2,0,0.58506,0.18418,0.23076
3775861,2,1,0.04904,0.66121,0.28975
5227311,2,2,0.10906,0.12157,0.76937
33504817,2,2,0.0,0.00013,0.99987
28196575,0,1,0.44148,0.52794,0.03058
22316343,2,2,0.02298,0.0275,0.94951
29553720,2,1,0.02074,0.63917,0.3401
14711561,2,2,0.05646,0.3622,0.58133
10200713,2,1,0.1286,0.46181,0.40959
724966,1,2,0.20393,0.27807,0.518
17869891,2,2,0.06766,0.1649,0.76745
10650274,2,2,0.03596,0.1562,0.80785
13670836,0,0,0.8269,0.11035,0.06275
33757256,0,0,0.6917,0.05281,0.25549
1265555,2,2,0.06014,0.12523,0.81463
41323845,2,2,0.02693,0.03745,0.93562
20371590,2,2,0.01344,0.05352,0.93304
12312706,0,0,0.90991,0.08531,0.00479
35976394,2,2,0.26893,0.14649,0.58458
39547099,0,0,0.8559,0.11832,0.02578
4391294,2,2,0.08475,0.20861,0.70665
21437860,2,2,0.00957,0.01593,0.9745
15894211,1,1,0.24202,0.53051,0.22747
11206517,2,2,0.12809,0.05799,0.81393
23014548,0,0,0.68705,0.178,0.13495
39461247,2,0,0.51566,0.45928,0.02506
11715935,2,2,0.00723,0.01287,0.9799
16277841,1,0,0.83943,0.14613,0.01444
8803362,2,2,0.00037,0.01381,0.98582
4460536,0,0,0.85571,0.03671,0.10758
27530970,0,0,0.99966,0.00032,2e-05
35602796,2,2,0.00471,0.00524,0.99005
28444314,2,2,0.00213,0.00202,0.99585
15165885,2,2,0.01444,0.02114,0.96442
31162987,2,2,0.00181,0.01047,0.98771
33420178,2,2,0.077,0.12669,0.79631
7635431,1,1,0.23891,0.50651,0.25458
21847930,0,0,0.58086,0.20292,0.21622
23208044,2,0,0.77951,0.18517,0.03532
31813223,2,2,0.03055,0.10082,0.86863
16049970,0,0,0.79195,0.16119,0.04686
10702894,0,0,0.77658,0.09643,0.127
7607837,2,2,0.00986,0.03467,0.95547
2929974,2,2,0.00244,0.00197,0.99559
14873798,2,2,0.01008,0.00968,0.98023
35290110,2,2,0.34099,0.2202,0.4388
7796373,2,2,0.00145,0.00476,0.99379
30226963,2,2,0.26729,0.18512,0.54759
15710462,2,2,0.03752,0.36211,0.60037
38694482,2,2,0.00197,0.12912,0.86891
33628925,0,0,0.55729,0.39877,0.04393
25074279,2,2,0.02194,0.12948,0.84859
11835508,2,2,0.00084,0.00853,0.99063
32147153,2,2,0.01472,0.12418,0.8611
39657606,2,2,0.01699,0.16206,0.82095
7486462,0,0,0.60049,0.39613,0.00339
28641915,2,2,0.0142,0.0092,0.9766
14626290,0,1,0.04758,0.78441,0.16801
7307161,2,2,0.09351,0.07154,0.83496
28720972,0,0,0.81236,0.18312,0.00452
22226454,0,2,0.11984,0.42995,0.45021
34209215,0,0,0.89601,0.0899,0.01409
2290953,1,1,0.11497,0.73744,0.14759
8548551,2,0,0.77205,0.19695,0.031
3743169,1,2,0.17398,0.05093,0.77509
13096859,2,2,1e-05,6e-05,0.99992
1173519,0,0,0.354,0.3199,0.3261
16960511,2,2,0.00318,0.04175,0.95507
20503482,2,2,0.1015,0.13439,0.76412
2737389,0,0,0.89732,0.1005,0.00219
25578756,2,2,0.043,0.02793,0.92906
41213004,2,2,0.01245,0.03083,0.95672
26791006,2,2,0.00202,0.007,0.99098
17787936,2,2,0.00361,0.05779,0.93859
26080591,2,2,0.13014,0.29878,0.57109
23545587,2,2,0.08133,0.08641,0.83226
19598796,2,1,0.05163,0.69159,0.25679
12967416,1,1,0.27317,0.65591,0.07092
14356198,2,2,0.10344,0.25917,0.6374
7991996,2,2,0.02726,0.28347,0.68926
34309120,0,2,0.34136,0.25369,0.40495
37719797,0,0,0.99277,0.00444,0.00279
41481062,2,2,0.00054,0.00218,0.99728
39410287,0,0,0.691,0.28489,0.02411
38750478,2,2,0.05855,0.05267,0.88877
37095327,0,0,0.91609,0.05278,0.03112
11611244,0,0,0.78681,0.19432,0.01886
31934085,2,2,0.00098,0.0038,0.99522
32481644,2,2,0.00907,0.31582,0.67511
3484476,2,2,0.00772,0.31122,0.68106
39650437,2,2,0.04049,0.14028,0.81923
4860668,2,2,0.00109,0.07957,0.91935
1858925,2,2,0.06989,0.21779,0.71232
10182087,2,2,0.02841,0.06227,0.90933
8758668,0,2,0.05874,0.11383,0.82743
10787242,2,2,0.03905,0.06854,0.89241
30184152,1,2,0.01826,0.19598,0.78576
10209454,0,0,0.74947,0.20954,0.04099
3276593,0,1,0.18284,0.49809,0.31907
19367804,2,0,0.5902,0.1481,0.2617
13082944,1,0,0.45027,0.31086,0.23888
4569009,2,1,0.07838,0.49446,0.42716
2950391,2,2,0.01775,0.03849,0.94376
11259950,0,0,0.6459,0.16898,0.18513
6248911,2,2,0.1069,0.13176,0.76135
28429571,2,2,0.01139,0.12285,0.86576
38689835,2,2,0.12265,0.12879,0.74856
11496395,2,2,0.17325,0.21521,0.61154
5990558,2,2,0.00837,0.06456,0.92706
9818356,2,2,0.00029,0.0063,0.99341
35709465,1,0,0.63386,0.34257,0.02356
32725252,1,0,0.50466,0.19661,0.29874
11885653,2,2,0.00223,0.01246,0.98531
26530315,2,1,0.10399,0.65753,0.23848
17752434,2,1,0.39124,0.48955,0.11921
15586905,2,2,0.00737,0.08652,0.90611
16549010,0,0,0.98878,0.0104,0.00082
9633302,2,2,0.02411,0.05738,0.91851
10355038,0,0,0.98094,0.01846,0.00059
3868482,2,2,0.02205,0.32252,0.65543
25806904,2,2,0.0014,0.01383,0.98477
2424427,0,2,0.32544,0.16592,0.50865
377498,1,1,0.36527,0.51522,0.11951
8208439,2,2,0.05765,0.32369,0.61866
22362082,2,2,3e-05,0.00315,0.99682
20667748,2,2,0.05419,0.05588,0.88993
6366287,2,2,0.15512,0.07324,0.77165
20976890,2,1,0.00942,0.58977,0.40081
5604101,2,2,0.02468,0.08074,0.89458
41443332,2,2,0.00306,0.01095,0.986
32929070,2,2,0.00331,0.03924,0.95745
24419054,2,2,0.00811,0.06784,0.92405
6043150,2,2,0.05406,0.04926,0.89668
29584452,0,0,0.97753,0.02176,0.00072
22368763,2,2,0.37627,0.10453,0.5192
2236735,2,2,0.00489,0.11025,0.88486
1290603,2,2,0.00563,0.00725,0.98712
7246617,1,1,0.28627,0.5374,0.17633
10635139,2,2,0.01518,0.02695,0.95787
6965011,2,2,0.01393,0.14671,0.83936
35960450,2,2,0.01466,0.21092,0.77442
3170876,0,0,0.89115,0.10755,0.0013
38100345,2,2,0.02343,0.40032,0.57626
30030951,2,2,0.08276,0.18631,0.73094
6013160,1,1,0.17099,0.54482,0.2842
10379741,2,2,0.09695,0.2543,0.64875
36996260,2,2,0.04791,0.19378,0.75831
4998672,2,2,0.00258,0.16298,0.83444
23020852,2,2,0.00846,0.05187,0.93968
1956151,2,2,0.1391,0.36485,0.49605
22638856,2,2,1e-05,0.00132,0.99866
1429936,0,0,0.87071,0.02904,0.10024
3769818,2,2,0.00152,0.03141,0.96707
13681917,2,2,0.00065,0.00633,0.99302
7230200,0,0,0.94341,0.04775,0.00884
40249805,2,2,0.00592,0.02692,0.96717
31012627,2,2,0.29178,0.29452,0.4137
30717447,2,2,0.00556,0.08732,0.90712
38491016,1,0,0.72007,0.19259,0.08734
17445440,0,0,0.9335,0.05523,0.01126
11551372,2,2,0.02409,0.04714,0.92877
29337929,2,2,0.00448,0.02242,0.9731
5365996,2,2,0.00068,0.06784,0.93148
15951341,0,1,0.32374,0.38719,0.28908
16461269,2,1,0.06899,0.79594,0.13507
20385409,2,2,0.15173,0.18107,0.66721
36512109,0,0,0.8973,0.10216,0.00054
990049,2,2,0.0,0.00025,0.99975
23201475,2,2,0.00233,0.00179,0.99589
32260571,2,2,0.01498,0.20133,0.78369
12935294,2,2,0.00819,0.14685,0.84496
33530752,2,2,0.03166,0.01596,0.95237
14246105,2,1,0.26199,0.38506,0.35295
17352313,2,0,0.61107,0.33625,0.05268
17311633,2,2,0.0,0.00055,0.99945
8804968,2,2,0.14466,0.08635,0.76899
22958365,2,2,0.00629,0.08471,0.909
18004304,2,0,0.5259,0.17312,0.30098
40243178,0,0,0.84475,0.05145,0.1038
3426504,2,2,0.17321,0.19036,0.63644
18433834,1,0,0.95941,0.03043,0.01016
19380869,2,0,0.39977,0.21083,0.3894
9513587,0,1,0.3805,0.53517,0.08433
33100925,0,0,0.93463,0.05311,0.01227
1951264,2,2,0.16877,0.15412,0.67711
21530922,2,1,0.13108,0.57783,0.29109
10094336,2,1,0.06392,0.69164,0.24444
30192390,2,2,0.01885,0.12585,0.8553
16947130,2,2,0.08622,0.14408,0.7697
15224794,2,2,0.04085,0.37529,0.58386
22292222,2,2,0.00256,0.00528,0.99216
16537609,2,2,0.01974,0.14397,0.83629
19207615,2,2,0.01458,0.07997,0.90545
4057674,2,2,0.00091,0.0044,0.99469
8624871,2,2,0.30826,0.33282,0.35892
6847416,2,2,0.05902,0.30946,0.63152
39744256,0,0,0.84379,0.14826,0.00795
33319237,2,2,0.02657,0.00793,0.9655
26633440,2,2,0.08282,0.09886,0.81832
14473729,0,0,0.84579,0.10866,0.04555
5714583,2,2,0.00894,0.48763,0.50343
28081410,2,2,0.00869,0.13556,0.85575
34518737,2,2,0.00163,0.03806,0.9603
34329197,2,2,9e-05,0.008,0.9919
38357403,2,2,0.19226,0.05483,0.75291
24021939,0,1,0.2869,0.45018,0.26292
34900796,2,1,0.32412,0.55514,0.12074
21902488,0,0,0.49618,0.28116,0.22266
5344309,2,2,0.03543,0.12691,0.83765
11894291,2,2,0.03189,0.17242,0.79569
41491856,2,2,0.00946,0.08495,0.9056
22696007,2,2,0.10625,0.20282,0.69093
12595881,2,2,0.05599,0.08808,0.85593
10388319,2,1,0.09943,0.46378,0.43679
18472224,0,0,0.8974,0.04409,0.05852
2021861,2,2,0.08087,0.27515,0.64398
27934111,2,2,0.07901,0.12508,0.79591
21645901,2,2,0.02778,0.02541,0.94681
23737842,2,2,0.04039,0.09404,0.86557
28242671,0,0,0.78036,0.20425,0.01539
2780398,0,0,0.88332,0.10974,0.00694
33508310,1,2,0.30112,0.23904,0.45984
26170505,2,0,0.72238,0.22315,0.05448
18728058,2,2,0.01289,0.03033,0.95677
4775138,2,2,0.00837,0.12472,0.86691
22771675,0,0,0.58246,0.39438,0.02316
29357117,2,2,0.05852,0.27634,0.66514
12725782,2,2,0.00875,0.02144,0.96981
29679369,2,2,0.00605,0.14638,0.84757
35666169,0,0,0.69181,0.16114,0.14705
32404512,2,2,0.06562,0.04487,0.88951
22805723,2,2,2e-05,0.00152,0.99846
16986503,2,2,0.0482,0.11127,0.84053
9581141,2,2,0.00617,0.05025,0.94358
35514629,0,0,0.8801,0.05948,0.06042
17978684,1,0,0.79658,0.14154,0.06188
38667455,0,1,0.0778,0.6175,0.30469
10791882,2,2,3e-05,0.00209,0.99788
16740014,2,2,0.02603,0.07909,0.89488
6774792,2,2,0.03786,0.04622,0.91592
20500058,1,0,0.86844,0.10929,0.02228
36822813,0,0,0.38496,0.29439,0.32065
21002224,2,2,0.00185,0.0075,0.99065
22403192,2,2,0.00473,0.02109,0.97418
13929535,2,2,0.0563,0.0807,0.863
39077990,2,2,0.00133,0.00243,0.99624
11334333,0,0,0.96737,0.02618,0.00645
15399292,2,2,0.00524,0.12812,0.86665
5714381,2,2,0.21045,0.34084,0.44871
15824735,0,0,0.51702,0.41804,0.06494
2461298,1,0,0.48019,0.30608,0.21373
26084771,2,2,0.00062,0.00261,0.99677
17979186,2,0,0.59285,0.28227,0.12488
15462616,2,2,0.02187,0.01816,0.95998
28441526,2,2,0.07814,0.1203,0.80156
25254738,2,2,0.10315,0.09173,0.80512
17073157,2,2,0.00033,0.00286,0.9968
29017270,0,0,0.88512,0.08852,0.02635
19619745,0,0,0.96939,0.02273,0.00789
17875053,2,2,0.0737,0.15949,0.76682
21802555,2,2,0.32802,0.07861,0.59337
11319346,2,2,0.00404,0.00461,0.99134
20109115,2,2,0.01672,0.02629,0.95699
15275154,2,2,0.1,0.1352,0.7648
36988273,2,2,0.02544,0.02828,0.94628
28847924,2,2,0.09434,0.09013,0.81554
26752912,2,2,0.00573,0.014,0.98026
34674621,2,2,0.01693,0.02112,0.96195
3586864,2,2,0.00722,0.05731,0.93547
37825280,2,2,0.01737,0.01494,0.96769
18028758,0,2,0.13536,0.43121,0.43343
9354536,2,2,0.04976,0.06968,0.88057
8356914,2,2,0.16689,0.26746,0.56566
30349638,2,2,0.02753,0.20319,0.76928
34143459,2,0,0.43132,0.23445,0.33423
27416702,2,2,0.00535,0.15111,0.84354
29513498,2,2,0.00634,0.0257,0.96797
17409718,2,2,0.11892,0.415,0.46609
17292300,2,2,0.01717,0.12142,0.86142
27363294,2,1,0.03593,0.51117,0.4529
2164091,2,2,0.09026,0.05903,0.85071
2437905,2,2,0.05771,0.23601,0.70628
6246661,2,2,0.01807,0.02653,0.9554
10249888,0,0,0.77109,0.17616,0.05276
25177131,2,2,0.00513,0.05998,0.93489
3541904,2,2,0.00033,0.00376,0.9959
32240166,2,2,0.00636,0.03655,0.95709
40476121,2,1,0.10786,0.57473,0.31741
472408,2,2,0.00844,0.0785,0.91306
8757935,1,2,0.19265,0.3086,0.49875
39816017,0,0,0.94692,0.05007,0.00301
39150831,2,2,0.04914,0.02441,0.92645
17483788,1,0,0.50505,0.34812,0.14683
19388158,0,0,0.89063,0.10872,0.00065
27249055,0,2,0.14795,0.25963,0.59243
7123600,2,2,0.01504,0.06715,0.91782
2236554,2,2,0.00791,0.31625,0.67584
23784048,2,2,0.03435,0.22184,0.74381
9795719,1,2,0.24982,0.33761,0.41257
8133293,2,2,0.00671,0.0918,0.90149
16392962,0,1,0.26412,0.48192,0.25396
18868857,0,0,0.75643,0.21144,0.03214
3183441,2,2,0.01586,0.03921,0.94494
4628002,2,2,0.01969,0.1341,0.84621
17471890,2,2,0.00526,0.13611,0.85863
30735942,2,2,0.0073,0.01402,0.97868
22809970,0,0,0.47515,0.18723,0.33761
25901679,2,2,0.00125,0.01064,0.98811
11477479,1,2,0.28478,0.18222,0.53299
717566,2,2,0.00232,0.01038,0.9873
28686196,2,2,0.01988,0.09232,0.8878
38589025,2,2,0.01908,0.0372,0.94372
6989213,2,2,0.09367,0.14642,0.75991
8822396,2,0,0.63969,0.19909,0.16122
8386925,2,2,0.048,0.02223,0.92978
538349,2,2,0.01051,0.00629,0.9832
33057917,2,2,0.07221,0.24271,0.68508
2427739,2,0,0.42989,0.16772,0.40239
10591509,2,2,0.15794,0.10454,0.73752
12247744,1,1,0.17116,0.70778,0.12107
15892796,2,2,0.00014,0.00213,0.99773
7866639,1,2,0.29587,0.29487,0.40926
3535345,2,2,0.06714,0.21325,0.7196
20658376,1,2,0.10414,0.38088,0.51497
29780703,2,2,0.07925,0.05145,0.8693
28325087,2,2,0.00255,0.04492,0.95253
26821620,2,2,0.07366,0.05209,0.87425
38613350,0,1,0.37235,0.5851,0.04256
23176762,2,2,0.07588,0.36377,0.56036
20190736,2,2,0.10777,0.03624,0.85599
34579241,2,2,0.10242,0.13185,0.76574
11003045,2,2,0.32352,0.10077,0.57571
20131355,2,1,0.38586,0.48358,0.13056
11836809,2,2,0.00207,0.03327,0.96466
8350187,2,2,0.03931,0.05644,0.90425
34803353,2,2,0.03539,0.26873,0.69588
30184698,2,2,0.18311,0.09027,0.72663
8169526,0,0,0.54594,0.42152,0.03254
9129425,0,0,0.76482,0.22448,0.0107
12921717,2,2,0.02093,0.04245,0.93661
4040794,2,1,0.42354,0.42506,0.15141
33163522,2,2,0.00884,0.03484,0.95633
13729576,2,0,0.49096,0.03857,0.47047
31198057,2,1,0.09806,0.83219,0.06975
32244849,0,0,0.66529,0.31483,0.01989
39166107,0,0,0.7334,0.24069,0.02591
6577780,2,2,0.00067,0.04761,0.95173
11174368,2,2,0.0196,0.0161,0.96431
22447122,2,2,0.07044,0.10842,0.82114
24076497,2,2,2e-05,0.06502,0.93495
24197737,0,0,0.41249,0.24206,0.34545
27436456,2,2,0.0,0.00025,0.99975
39353794,2,2,0.00032,0.00558,0.9941
18704986,2,2,0.00549,0.06401,0.93051
26496576,2,2,0.09786,0.11024,0.7919
33868348,2,0,0.85941,0.06397,0.07662
4556490,2,2,0.16975,0.22697,0.60328
31064958,2,2,0.11688,0.03513,0.84799
22421451,2,2,0.05763,0.05169,0.89068
14474550,2,2,0.05387,0.04614,0.89999
30780961,0,0,0.94727,0.02327,0.02946
14926149,0,0,0.9494,0.04835,0.00225
8644460,2,2,0.07267,0.01452,0.91281
25544537,0,0,0.75013,0.23715,0.01272
13116931,2,2,0.00101,0.00503,0.99395
27101425,2,2,0.00617,0.17271,0.82112
19765251,2,2,0.06685,0.01748,0.91567
37548186,2,2,0.00178,0.00158,0.99664
1001440,2,2,0.03257,0.13177,0.83566
16128254,2,2,0.12195,0.05303,0.82502
30103779,2,2,0.06233,0.03122,0.90645
6769755,2,2,0.10446,0.21676,0.67878
6089002,2,2,0.00399,0.0003,0.99571
8561319,2,2,0.00582,0.00506,0.98912
5875434,2,2,0.0721,0.0941,0.8338
26605338,0,0,0.65497,0.0938,0.25123
35687000,2,2,0.00493,0.024,0.97107
4044845,2,2,0.34369,0.0865,0.56981
38429511,0,1,0.43664,0.44041,0.12295
38913959,0,0,0.99893,0.00074,0.00033
22835233,2,2,0.01163,0.01468,0.97369
30410756,2,2,0.24499,0.37749,0.37752
129126,2,2,0.00818,0.04453,0.94729
9171709,1,1,0.03444,0.68835,0.27721
17616670,2,1,0.01756,0.60793,0.37451
34397314,2,2,0.01957,0.0281,0.95233
37423350,2,2,0.01691,0.0843,0.89878
21368090,2,2,0.06258,0.19916,0.73827
37062357,2,2,0.04383,0.07226,0.8839
25949939,2,2,0.00639,0.00693,0.98668
12831111,2,2,0.05,0.07494,0.87506
23883140,2,2,0.00654,0.11149,0.88198
15084580,2,1,0.0123,0.57845,0.40925
41402579,2,2,0.01941,0.12439,0.8562
23207683,1,1,0.47639,0.51953,0.00407
29000407,0,0,0.53992,0.42071,0.03937
30845655,2,2,0.02694,0.06355,0.90951
19711998,0,0,0.80942,0.15174,0.03884
40809056,0,0,0.51553,0.31722,0.16725
33917740,2,2,0.04469,0.20104,0.75428
4631503,2,2,0.00973,0.01867,0.9716
16728876,2,2,0.35142,0.16063,0.48795
39298850,0,0,0.46693,0.36461,0.16845
22812273,1,2,0.34102,0.11275,0.54623
2297683,2,1,0.06122,0.54754,0.39124
39272853,0,0,0.63877,0.22317,0.13807
18661482,0,0,0.9934,0.00606,0.00054
2518265,2,2,0.23306,0.04117,0.72577
16047137,2,2,0.0046,0.00612,0.98928
2023805,2,2,0.11273,0.07415,0.81312
26418916,2,2,0.0483,0.05023,0.90147
36407854,2,2,0.00785,0.01502,0.97713
24072621,2,2,0.16545,0.16446,0.6701
38577325,2,2,0.00432,0.00734,0.98833
12548557,2,2,0.00406,0.01075,0.98519
35454290,0,0,0.50102,0.48153,0.01745
18640825,2,2,0.07077,0.23267,0.69657
29017235,0,0,0.71242,0.26851,0.01907
29731805,0,0,0.98864,0.01032,0.00104
32441878,2,2,0.3125,0.24362,0.44389
86348,2,2,0.04571,0.03302,0.92127
14475639,2,2,0.01359,0.0112,0.97521
7572459,0,0,0.60418,0.26837,0.12745
4630198,1,0,0.8601,0.11776,0.02215
39960711,0,0,0.6293,0.11867,0.25203
15125834,2,2,0.00747,0.09234,0.90019
6128983,0,0,0.63003,0.32335,0.04662
21038334,2,2,0.16247,0.05023,0.7873
37209590,2,2,0.15338,0.05085,0.79577
28922840,0,0,0.68735,0.27694,0.03571
14024138,2,1,0.14087,0.53002,0.32911
25949119,2,2,0.00418,0.02086,0.97497
15024868,1,2,0.16373,0.17644,0.65983
14356343,2,1,0.10568,0.66877,0.22555
28594695,2,2,0.01288,0.40527,0.58185
37709062,2,2,0.00506,0.03845,0.95649
9450769,2,1,0.00373,0.67097,0.32531
24990594,2,0,0.91072,0.07514,0.01414
38084723,2,2,0.00417,0.02835,0.96748
18952420,2,2,0.06418,0.07279,0.86303
20247299,2,0,0.66863,0.22225,0.10913
7142579,1,0,0.76405,0.16447,0.07148
6653529,2,2,0.0197,0.01688,0.96341
15865748,2,2,0.02729,0.29804,0.67467
31199404,2,2,0.0528,0.06186,0.88534
12550052,1,1,0.20842,0.50891,0.28267
9429917,2,2,0.0767,0.1055,0.8178
15811062,2,2,0.09606,0.39608,0.50786
35965671,2,2,0.00023,0.04096,0.95881
21337980,2,2,0.06767,0.13307,0.79927
997560,2,2,0.02576,0.36483,0.60941
7141260,2,2,0.02794,0.13779,0.83427
6726796,2,2,0.11149,0.14621,0.7423
41150908,2,2,0.00568,0.07483,0.91949
15822936,2,2,0.03334,0.23596,0.7307
3149804,2,2,0.0117,0.13065,0.85766
10207545,0,0,0.9293,0.05871,0.01199
5443664,2,2,0.00812,0.19966,0.79222
36910464,2,2,0.02399,0.07002,0.90599
12069300,2,2,0.09955,0.13644,0.764
24533269,2,0,0.94906,0.04007,0.01088
17765893,2,2,0.00324,0.14462,0.85214
1491265,2,2,0.01093,0.06679,0.92228
19581856,2,2,0.08155,0.23787,0.68058
7418021,2,2,0.01155,0.01581,0.97264
32324904,2,1,0.10704,0.7464,0.14655
15814870,2,2,0.01917,0.13101,0.84983
9706931,0,1,0.23016,0.76049,0.00935
14881754,2,2,0.00929,0.25999,0.73072
33539394,0,0,0.62363,0.37223,0.00414
10014891,2,2,0.20317,0.175,0.62183
31649598,2,2,0.00413,0.13249,0.86338
25741234,0,0,0.81605,0.13303,0.05092
8215319,2,2,0.0001,0.00444,0.99546
11237178,2,2,0.00792,0.00661,0.98547
39870419,0,0,0.58337,0.34253,0.0741
34231927,0,0,0.85836,0.11344,0.0282
21794542,0,0,0.9841,0.01393,0.00197
10471463,2,2,0.32645,0.14699,0.52656
6641213,2,2,0.03483,0.3339,0.63127
1784264,2,2,0.01994,0.04188,0.93818
14864731,0,0,0.86492,0.11038,0.02469
34938088,2,2,0.00601,0.02024,0.97375
17217467,2,2,0.07786,0.17888,0.74326
16659086,0,0,0.91991,0.0794,0.00069
15194822,2,2,0.06319,0.169,0.76781
11474784,2,2,0.00012,0.00931,0.99058
29774221,0,0,0.96813,0.02781,0.00406
6244302,2,2,0.03212,0.01203,0.95585
12124251,2,2,0.02469,0.06189,0.91342
17914418,2,2,0.02808,0.06142,0.9105
2811382,2,2,0.0,0.00025,0.99975
26435909,2,2,0.00066,0.01267,0.98668
6388835,0,0,0.98875,0.00856,0.00269
11839241,0,0,0.78214,0.11424,0.10362
11519130,0,0,0.80301,0.18948,0.0075
14764062,2,2,0.0103,0.02765,0.96205
2685616,1,0,0.4889,0.22269,0.28841
14474043,2,2,0.00686,0.05806,0.93509
23351899,2,1,0.0196,0.496,0.48441
30937617,0,0,0.42437,0.3186,0.25704
31369531,2,2,0.0417,0.16943,0.78888
12559558,0,0,0.9312,0.04205,0.02675
25545103,2,2,0.22251,0.31951,0.45798
31398065,0,0,0.90936,0.0852,0.00544
14622924,2,1,0.13843,0.53761,0.32396
8697373,2,2,0.04925,0.03296,0.91779
32412246,0,1,0.29463,0.6822,0.02317
35389429,2,2,0.00141,0.04614,0.95245
18741802,2,2,0.03198,0.04018,0.92784
10504361,0,0,0.75782,0.18477,0.05742
12292648,2,2,0.00082,0.00118,0.998
39950359,0,0,0.94821,0.04712,0.00467
40259280,0,0,0.73383,0.24096,0.02521
40374642,0,1,0.19841,0.45032,0.35127
21909206,2,2,0.12454,0.11111,0.76435
19768239,1,1,0.02701,0.91285,0.06014
26549449,2,2,0.00014,0.00317,0.99669
25957110,2,0,0.6095,0.36168,0.02881
25496285,2,2,0.02405,0.09435,0.88161
24707651,2,2,0.00113,0.03251,0.96635
31917210,0,0,0.94027,0.04431,0.01542
40181861,2,2,0.00401,0.16562,0.83037
18023265,2,2,0.07256,0.23168,0.69576
11600645,2,2,8e-05,0.00176,0.99816
39904008,2,2,0.05633,0.39205,0.55162
16439647,0,0,0.95088,0.03869,0.01042
17297487,0,1,0.23002,0.38667,0.3833
8273335,2,2,0.06317,0.22652,0.71031
41078769,2,0,0.7061,0.21295,0.08095
25640266,2,1,0.11277,0.64583,0.2414
40237825,0,0,0.997,0.00297,3e-05
34105315,2,2,0.28688,0.20078,0.51234
2076107,2,2,0.2152,0.1549,0.6299
6943623,2,2,0.00776,0.03786,0.95438
14609993,2,2,0.00792,0.10938,0.88269
22167762,2,2,0.02324,0.02212,0.95465
23363510,1,1,0.08264,0.80959,0.10777
4348260,0,0,0.60219,0.26223,0.13558
19751970,2,2,0.02844,0.22393,0.74763
30886438,2,2,0.02687,0.01029,0.96283
13537791,2,2,0.01391,0.07494,0.91115
40432846,0,0,0.72719,0.07353,0.19928
21598432,2,2,0.01914,0.03187,0.94899
39610110,2,1,0.28173,0.62859,0.08969
27424395,2,2,0.04971,0.17361,0.77668
38293592,2,2,0.00837,0.17875,0.81288
4483296,2,2,0.05919,0.23218,0.70863
34399110,2,2,0.00521,0.07234,0.92245
18520970,2,2,0.04649,0.06436,0.88915
38335002,0,0,0.86708,0.11555,0.01737
20346070,2,0,0.53481,0.44184,0.02334
39178025,2,2,0.01014,0.04711,0.94275
36790919,2,2,0.24824,0.1887,0.56307
39519064,0,0,0.99778,0.00214,8e-05
22971352,0,0,0.65805,0.29886,0.04309
5783626,2,2,0.35217,0.17117,0.47666
14899509,2,2,0.17799,0.32822,0.49379
29144614,2,2,0.03038,0.18336,0.78626
1726514,2,2,0.13414,0.2844,0.58147
40001095,0,0,0.95527,0.02292,0.02181
3752479,1,0,0.57389,0.12799,0.29812
15872083,2,2,0.02533,0.1407,0.83397
23176630,2,2,0.10977,0.01522,0.87501
38084916,2,2,0.00228,0.06691,0.93081
872924,2,0,0.49745,0.35978,0.14277
21408634,2,2,0.02497,0.02037,0.95467
15566988,0,0,0.77326,0.20209,0.02465
4589776,1,2,0.01433,0.42283,0.56285
14425582,2,2,0.01108,0.13877,0.85015
572806,2,2,0.02232,0.04052,0.93716
19811891,2,2,0.01575,0.0564,0.92785
34393165,2,2,0.10308,0.14504,0.75188
5079037,2,2,0.00215,0.01268,0.98517
5751828,2,2,0.01912,0.17244,0.80844
24008053,2,2,0.00209,0.00046,0.99745
6622978,2,2,0.01335,0.32257,0.66407
20912107,0,0,0.53744,0.37275,0.0898
23253676,2,0,0.51737,0.08093,0.40171
13700859,2,2,0.01207,0.02937,0.95856
23086647,1,1,0.30296,0.51911,0.17793
7963743,2,2,0.41468,0.16832,0.41701
29449648,2,2,0.0111,0.00433,0.98456
28068645,2,2,0.01372,0.02618,0.96009
15077336,2,1,0.125,0.85998,0.01502
10212473,2,2,0.04154,0.35791,0.60054
1343421,2,2,2e-05,0.06502,0.93495
5213844,2,2,0.26029,0.07428,0.66542
6471667,0,0,0.66807,0.31647,0.01546
10121859,2,1,0.08217,0.47485,0.44298
13313986,2,2,0.00155,0.00512,0.99333
21139050,0,1,0.36877,0.605,0.02624
39763023,2,2,0.00903,0.0501,0.94087
31215997,2,1,0.08752,0.74049,0.172
9936319,0,0,0.77832,0.1657,0.05599
28399032,1,0,0.82024,0.09588,0.08388
30106761,2,2,0.10897,0.32932,0.56172
13021779,0,0,0.87763,0.11503,0.00733
4628255,0,0,0.65747,0.33712,0.00542
35781072,0,0,0.75215,0.1475,0.10035
4260150,2,2,0.02727,0.10466,0.86807
9247977,2,2,0.03172,0.09539,0.87289
7740722,2,2,0.00995,0.02214,0.96791
8650648,2,2,0.00108,0.02877,0.97015
3964173,2,2,0.20332,0.22834,0.56834
28782928,0,0,0.78183,0.15122,0.06695
19462952,2,2,0.04426,0.28028,0.67546
36061930,1,2,0.25418,0.22815,0.51767
7124392,2,2,0.14056,0.10823,0.75122
14415159,0,0,0.99685,0.00314,1e-05
8139052,2,2,0.01404,0.0175,0.96846
11231094,2,2,0.00514,0.04469,0.95017
33538942,2,2,0.01797,0.03901,0.94302
21143998,2,1,0.11971,0.70914,0.17115
40013760,2,2,0.00601,0.02772,0.96627
32528786,2,2,0.00358,0.05462,0.9418
14796266,2,2,0.14606,0.20019,0.65376
7330856,2,2,0.01477,0.02055,0.96468
26166855,2,2,0.00401,0.01579,0.9802
9768821,0,0,0.92877,0.06303,0.00821
30474000,2,2,0.01545,0.01219,0.97236
18930885,2,2,0.01345,0.22642,0.76012
12308107,2,2,0.01903,0.03017,0.9508
1726030,0,1,0.39708,0.52045,0.08247
10481778,2,0,0.86749,0.09275,0.03976
19736143,2,2,0.00132,0.08416,0.91452
31603657,2,2,0.2035,0.12653,0.66997
39631401,2,2,0.21262,0.03809,0.7493
37759135,2,2,0.22919,0.0491,0.72171
32429230,2,0,0.75218,0.15509,0.09273
19377197,2,2,0.01539,0.14968,0.83493
41322893,0,0,0.87488,0.07456,0.05056
18596535,2,2,0.00427,0.01534,0.98039
20422826,0,1,0.24463,0.73324,0.02213
8548458,1,1,0.44432,0.48947,0.0662
11228567,2,2,0.02129,0.12624,0.85247
26564835,2,2,0.00866,0.12833,0.86301
10284143,2,2,0.03946,0.10031,0.86023
32066884,2,2,0.00053,0.00333,0.99613
13674875,0,0,0.86126,0.13104,0.0077
28391960,2,2,0.00047,0.00171,0.99781
21474622,0,0,0.97041,0.02803,0.00156
14310952,0,1,0.40878,0.55921,0.032
1162111,0,0,0.9611,0.03051,0.0084
19709910,2,2,0.1382,0.25358,0.60821
35706759,2,2,0.05426,0.0294,0.91634
31933490,2,2,0.00539,0.08041,0.9142
8903686,0,0,0.88976,0.08336,0.02688
20815369,2,2,0.09996,0.39929,0.50075
33674433,2,2,0.27513,0.15952,0.56535
20539134,2,2,0.03555,0.0729,0.89155
9742019,2,2,0.19919,0.30979,0.49102
5674748,0,1,0.20013,0.67514,0.12473
15766061,2,2,0.00025,0.00082,0.99892
12263333,2,2,0.00158,0.0293,0.96912
32892265,2,2,0.01894,0.00821,0.97285
19760179,1,0,0.82651,0.15325,0.02024
16636332,2,2,0.08525,0.16089,0.75386
912791,2,2,0.16579,0.06608,0.76813
12296537,2,0,0.42855,0.32219,0.24926
14527447,0,0,0.92357,0.0754,0.00103
14121414,2,2,0.00065,0.00485,0.9945
16916266,0,1,0.40707,0.45581,0.13712
37233095,0,0,0.53902,0.4027,0.05829
39438691,2,2,0.15782,0.09691,0.74528
37617410,2,2,0.01076,0.02715,0.96209
20832285,2,0,0.58963,0.19103,0.21934
25635267,2,2,0.00439,0.04177,0.95384
31456060,0,0,0.84452,0.14508,0.0104
11226099,0,0,0.94648,0.04925,0.00427
12408279,2,2,0.00673,0.02833,0.96495
4930042,1,1,0.0611,0.6288,0.31009
17604454,1,0,0.62728,0.2509,0.12182
41477904,2,2,0.00638,0.01539,0.97823
32196944,0,0,0.59528,0.23241,0.17232
18590142,2,2,0.00925,0.01369,0.97706
2498044,2,2,0.01484,0.08562,0.89953
2199350,2,2,0.24528,0.12677,0.62794
4446684,2,2,0.00472,0.10631,0.88897
6366400,2,2,0.03402,0.03366,0.93232
41037494,0,0,0.98276,0.01674,0.0005
4052382,2,2,0.06372,0.03979,0.89649
16361465,1,0,0.76333,0.15364,0.08303
41276388,2,2,0.05383,0.0313,0.91486
14328157,2,2,0.00457,0.01125,0.98417
28219007,2,2,0.24966,0.295,0.45534
35681899,1,2,0.22064,0.28508,0.49428
36251074,1,0,0.68253,0.22292,0.09455
19927493,2,2,0.04637,0.14436,0.80927
28997263,2,1,0.32742,0.36456,0.30803
19134562,2,2,0.00431,0.0111,0.98458
5118011,2,2,0.01453,0.07026,0.91521
3443778,2,2,0.03268,0.28568,0.68164
35189219,2,2,0.16847,0.2229,0.60862
13041607,2,2,0.02605,0.15614,0.81781
8824474,2,0,0.5521,0.32014,0.12777
19977135,1,1,0.10083,0.89243,0.00674
12180460,2,2,0.08194,0.19693,0.72113
39144334,2,2,0.1295,0.08187,0.78862
16592840,1,0,0.71445,0.24904,0.0365
5066168,0,0,0.99426,0.005,0.00074
11984474,0,0,0.57178,0.37786,0.05037
8571731,2,1,0.00885,0.51463,0.47652
31644581,2,2,0.07663,0.05302,0.87035
28501235,2,2,0.00296,0.04601,0.95102
12973547,0,0,0.84626,0.11898,0.03476
19216302,2,2,0.01418,0.03824,0.94758
28103778,2,1,0.10712,0.78107,0.1118
23269280,2,2,0.18093,0.17278,0.64629
12604841,2,2,0.13278,0.19517,0.67205
15205310,0,0,0.75263,0.19312,0.05425
36102484,2,2,0.02339,0.03106,0.94555
36980721,2,2,0.01251,0.00603,0.98146
27378126,2,2,0.03845,0.31594,0.64561
22942870,0,0,0.99349,0.00493,0.00158
6535215,2,2,0.04471,0.36471,0.59057
16340481,2,2,0.00142,0.10158,0.897
17926833,0,0,0.71762,0.15942,0.12296
700200,2,0,0.70037,0.16777,0.13186
35039451,2,2,0.01936,0.01389,0.96675
18304104,2,2,0.03022,0.08611,0.88367
3577137,2,2,0.04111,0.18069,0.7782
8570647,2,2,0.00751,0.07117,0.92132
36336023,0,0,0.63357,0.31755,0.04888
10721699,2,2,0.0003,0.0766,0.9231
14942061,2,2,0.00047,0.00317,0.99637
34675101,2,2,0.00759,0.04785,0.94456
2172778,2,2,0.01759,0.02345,0.95896
39810072,2,2,0.17073,0.10831,0.72097
36695115,2,2,0.01528,0.00748,0.97725
25291608,0,0,0.98842,0.01152,6e-05
36282181,2,2,0.00669,0.03004,0.96327
3539269,2,2,2e-05,0.01742,0.98256
29778707,0,0,0.91807,0.05856,0.02337
5068396,1,0,0.40155,0.30348,0.29497
17329389,0,0,0.93583,0.06397,0.00019
21794779,1,1,0.16741,0.65279,0.1798
32536524,2,2,0.03293,0.05622,0.91084
19691085,2,2,0.00746,0.02733,0.96522
19335559,0,0,0.74499,0.19544,0.05957
10385296,2,2,0.00638,0.11821,0.87541
1104554,2,2,0.16567,0.17978,0.65455
2989894,0,1,0.40713,0.41152,0.18135
19900239,2,2,0.00162,0.00942,0.98896
20060361,0,0,0.61604,0.32918,0.05478
14194554,2,2,0.0778,0.09252,0.82968
40282103,0,0,0.43828,0.40213,0.15959
15688312,2,2,0.00662,0.00351,0.98988
14411840,1,1,0.02321,0.73345,0.24334
646818,2,2,0.05367,0.2079,0.73843
16521290,1,2,0.17533,0.22293,0.60174
39555982,2,2,0.05889,0.26264,0.67847
4126261,2,2,0.01104,0.01716,0.9718
40357185,1,0,0.94371,0.03977,0.01651
28880526,2,2,0.11784,0.16646,0.7157
15604398,1,1,0.01539,0.891,0.09361
40937012,2,2,0.00725,0.01803,0.97472
12638621,2,0,0.59707,0.0949,0.30802
15408473,2,2,0.36507,0.19956,0.43537
35809192,0,0,0.94079,0.04539,0.01382
23877216,2,2,0.06733,0.23768,0.69499
2974194,2,2,0.00667,0.04036,0.95297
17114716,2,2,0.00278,0.01607,0.98116
38717283,2,2,0.00213,0.00274,0.99513
27142679,0,0,0.97894,0.01364,0.00741
36449366,0,0,0.82693,0.14154,0.03154
27567391,2,2,0.001,0.00393,0.99507
17396841,2,2,0.02709,0.2585,0.7144
30255838,2,2,0.00259,0.00864,0.98876
25321196,0,0,0.90517,0.08943,0.00541
38098057,2,2,0.02597,0.12476,0.84928
37661078,2,2,0.00523,0.03462,0.96016
17176672,2,2,0.16696,0.21513,0.61791
36377273,2,2,0.00431,0.05289,0.9428
30140836,2,2,0.00666,0.17273,0.8206
17658400,1,1,0.05752,0.7572,0.18528
3074525,0,0,0.85549,0.14309,0.00142
8860212,2,1,0.0611,0.6288,0.31009
33944525,2,2,0.00243,0.01273,0.98484
8738253,0,0,0.80752,0.19157,0.00091
3042572,2,2,0.09047,0.41596,0.49357
4707873,2,2,0.03883,0.00489,0.95628
38704594,0,2,0.38448,0.05416,0.56136
8557024,2,2,0.0416,0.01736,0.94105
20592755,2,2,0.19818,0.22565,0.57618
12155187,0,0,0.96662,0.03302,0.00036
11916089,2,2,0.02171,0.01413,0.96416
25212346,2,2,0.00593,0.01199,0.98207
40622766,0,0,0.98729,0.01226,0.00045
13316499,0,1,0.30876,0.55164,0.13961
3499414,2,2,0.06625,0.09647,0.83728
41305319,2,2,0.00033,0.00128,0.99839
37357705,0,0,0.89583,0.03277,0.0714
19922677,2,1,0.0336,0.56689,0.39951
35694824,2,2,0.0437,0.28357,0.67273
1866672,2,2,0.16293,0.08782,0.74926
41011766,0,0,0.90337,0.09569,0.00094
2458775,2,2,0.03149,0.09523,0.87328
37942808,2,2,0.16001,0.33646,0.50353
1476767,2,2,0.00562,0.03664,0.95774
21868534,2,2,0.13335,0.09722,0.76944
14114573,2,2,0.02271,0.24881,0.72848
23927708,2,2,0.01827,0.04356,0.93817
14436012,2,1,0.08389,0.62489,0.29122
23336194,2,2,0.09016,0.04268,0.86716
2996644,2,0,0.7368,0.06811,0.1951
20731439,2,0,0.42991,0.34209,0.22799
34803774,2,2,0.03484,0.04549,0.91967
36836628,2,2,0.3753,0.11208,0.51262
20335846,2,2,0.00058,0.00382,0.99559
20046611,2,2,0.07873,0.22597,0.6953
40267564,2,2,0.00011,0.00074,0.99916
38286164,0,0,0.7805,0.11134,0.10816
41430203,2,2,0.04219,0.25572,0.70209
2535712,2,2,0.11018,0.28793,0.60189
37090707,0,0,0.99384,0.00595,0.00021
31676194,0,0,0.68609,0.25278,0.06114
36382340,0,1,0.24202,0.60414,0.15384
32241536,2,2,0.02353,0.02891,0.94757
15126655,2,2,9e-05,0.00127,0.99864
22368538,2,1,0.3112,0.37749,0.3113
2785960,2,2,0.04675,0.18976,0.76349
14649114,2,2,0.00248,0.02139,0.97613
36749706,2,2,0.00164,0.01103,0.98733
15041772,0,0,0.97686,0.02218,0.00096
2258202,2,1,0.00372,0.86523,0.13105
9806607,2,2,0.08233,0.02007,0.8976
18863176,1,1,0.30345,0.65849,0.03806
15128671,2,2,0.18608,0.18697,0.62694
21412041,0,0,0.87057,0.11012,0.01931
21520945,2,2,0.13954,0.07028,0.79018
6483417,1,0,0.78117,0.07579,0.14303
28968257,0,0,0.97778,0.02165,0.00057
24240212,2,2,0.00011,0.00026,0.99963
2361621,2,0,0.35484,0.3356,0.30956
23035640,1,0,0.78113,0.10319,0.11568
1197426,0,0,0.97186,0.02438,0.00376
18640813,2,2,0.14273,0.20013,0.65715
38322479,2,2,0.0697,0.09565,0.83465
35773320,2,2,0.00177,0.00876,0.98947
34212540,2,2,0.01569,0.00162,0.98268
1881247,1,2,0.16605,0.35449,0.47945
40008369,2,2,0.00113,0.02903,0.96984
25544110,0,0,0.64367,0.13595,0.22038
17751950,2,2,0.07297,0.04368,0.88335
10943251,2,2,0.00726,0.17892,0.81382
36899586,2,2,0.24824,0.1887,0.56307
9129704,0,0,0.78579,0.19218,0.02204
26118379,2,2,0.01166,0.08072,0.90763
16252432,2,2,0.24357,0.23375,0.52268
26834721,2,2,0.00885,0.35955,0.63159
27453741,2,2,0.02491,0.17412,0.80097
10684513,2,2,0.04592,0.08449,0.86959
1252207,2,2,0.00499,0.02415,0.97086
33155994,2,2,0.00586,0.0158,0.97835
8968802,2,2,0.19379,0.08838,0.71783
9674099,2,1,0.04677,0.79219,0.16103
15729924,0,0,0.67113,0.28361,0.04526
9061746,2,0,0.71292,0.07165,0.21543
30992562,2,2,0.07498,0.26649,0.65853
5081696,2,2,0.00775,0.0027,0.98954
31393455,2,2,0.02109,0.05515,0.92376
22847117,2,2,0.01962,0.02626,0.95413
25349140,2,2,0.00992,0.35718,0.63291
14052523,2,2,0.0002,0.00215,0.99765
344085,2,0,0.55554,0.2798,0.16466
26807060,2,2,0.06961,0.04411,0.88627
7729338,2,2,0.00651,0.03926,0.95423
32579512,2,2,0.08247,0.09541,0.82212
759891,2,2,0.00276,0.04077,0.95647
18529495,2,2,0.01311,0.1696,0.81729
17217045,2,1,0.10176,0.45651,0.44173
4661507,2,2,0.00193,0.00249,0.99558
14970874,2,2,0.00201,0.00974,0.98825
14006070,2,2,0.20865,0.34688,0.44447
10571159,2,0,0.76505,0.14831,0.08664
22633557,2,2,0.08419,0.10896,0.80685
25993096,2,2,0.12112,0.40847,0.47041
21724368,0,0,0.90814,0.09063,0.00122
40625744,2,2,0.08013,0.2436,0.67626
19506680,2,2,0.06217,0.13879,0.79904
9034900,0,0,0.52189,0.46764,0.01047
17123245,1,0,0.82636,0.03146,0.14218
20613422,2,0,0.53734,0.11914,0.34353
21428378,2,2,0.13446,0.10544,0.7601
8663674,2,1,0.06168,0.50764,0.43068
33106961,0,0,0.89605,0.07994,0.02401
38221106,2,2,0.00722,0.02156,0.97122
26023430,2,2,0.00256,0.01622,0.98122
31473607,0,0,0.98525,0.01397,0.00077
8575442,2,2,0.0199,0.08067,0.89944
11508344,2,2,0.00667,0.03383,0.9595
41537879,2,2,0.00682,0.02947,0.96371
23478344,2,2,0.00984,0.03911,0.95105
16439365,2,2,0.01714,0.02731,0.95555
36426879,2,2,0.00806,0.00855,0.98339
9816972,2,2,0.0204,0.07997,0.89963
35861443,2,2,3e-05,0.00209,0.99788
276669,2,2,0.0356,0.19148,0.77292
8876453,2,2,0.04152,0.11418,0.84429
37934081,0,0,0.95297,0.04476,0.00227
27235669,0,0,0.42438,0.26455,0.31107
25172596,2,2,0.04779,0.04672,0.90549
27417211,0,0,0.81652,0.17249,0.01099
17259600,2,2,0.11164,0.31575,0.57261
3304242,2,2,0.00434,0.02906,0.96659
32955445,2,2,0.00287,0.03501,0.96212
9073236,2,2,0.00201,0.01741,0.98058
6709811,2,2,0.03977,0.19433,0.7659
6908252,2,2,0.00254,0.06999,0.92746
35578261,2,2,0.25871,0.04897,0.69232
12998426,1,1,0.2287,0.6252,0.1461
2431271,2,2,0.00563,0.03928,0.95509
38034341,2,2,0.00808,0.02324,0.96869
33124434,1,1,0.23573,0.67163,0.09264
2439085,2,0,0.35303,0.32336,0.32361
16376858,2,0,0.64762,0.21286,0.13952
20043912,2,2,0.01344,0.35842,0.62814
33418825,2,2,0.24824,0.1887,0.56307
9082728,2,2,0.03774,0.06121,0.90105
13998641,2,1,0.07024,0.72495,0.20482
35880829,0,1,0.45624,0.52529,0.01847
4546341,2,2,0.00247,0.02046,0.97706
38857578,1,0,0.87582,0.0802,0.04398
35193888,2,1,0.08751,0.62814,0.28435
14555276,1,0,0.56788,0.33108,0.10104
25884153,0,1,0.22288,0.7628,0.01432
33412802,2,2,0.06956,0.29775,0.63269
32300825,1,1,0.0273,0.63996,0.33274
19528743,2,2,0.03924,0.24291,0.71785
10479152,0,1,0.21553,0.73177,0.0527
13091996,2,2,0.00778,0.03954,0.95268
26575705,1,1,0.14229,0.62416,0.23356
26294063,2,2,0.00619,0.11276,0.88105
18896714,2,2,0.02657,0.06399,0.90944
28193053,2,2,0.00107,0.04008,0.95885
5855270,0,0,0.90566,0.08466,0.00968
20484906,0,0,0.71704,0.27414,0.00882
33697688,0,1,0.24514,0.73812,0.01675
29904632,2,2,0.21345,0.11396,0.67259
28153850,2,2,0.00835,0.00621,0.98544
8903250,2,2,0.00939,0.00985,0.98076
33799090,2,2,0.04019,0.05728,0.90253
25071449,2,2,0.02421,0.09092,0.88487
10173314,0,0,0.98642,0.01204,0.00154
11029824,2,2,0.02322,0.02059,0.95619
36729801,2,2,0.00615,0.01853,0.97532
32239966,2,2,0.00337,0.01418,0.98245
30830111,2,2,0.00082,0.01093,0.98825
5090803,2,2,0.00046,0.02204,0.9775
17243966,2,2,0.2176,0.21139,0.57102
21161375,2,2,0.00361,0.03105,0.96534
21792225,0,0,0.78979,0.10752,0.10269
13488427,2,2,0.00839,0.01679,0.97481
20529373,2,2,0.08427,0.11419,0.80154
1296614,2,1,0.08116,0.58565,0.33319
9363931,0,1,0.40019,0.50266,0.09715
31126244,2,2,0.01006,0.0854,0.90454
22745752,2,2,0.16306,0.17581,0.66113
20243834,0,0,0.97957,0.01959,0.00083
7535222,2,2,0.03107,0.11301,0.85592
12031364,2,2,0.00979,0.04609,0.94411
34729320,2,1,0.0105,0.64645,0.34304
5338470,0,0,0.96731,0.02718,0.00551
14240158,2,2,0.00398,0.02263,0.97339
14905012,2,2,0.01651,0.04129,0.9422
5014995,2,2,0.00421,0.05267,0.94311
17075501,2,2,0.00378,0.00989,0.98633
21389610,2,2,0.06138,0.07228,0.86634
23219253,2,2,0.00315,0.0151,0.98175
11461586,0,0,0.97266,0.01729,0.01005
8779851,2,2,0.0012,0.00662,0.99218
19786430,2,2,0.04718,0.08098,0.87183
14133185,2,2,0.00409,0.07602,0.91989
3220895,2,2,0.31359,0.25797,0.42844
24485582,0,0,0.78532,0.11793,0.09675
22761437,2,2,0.01103,0.13953,0.84945
19600566,2,2,0.06445,0.05166,0.88389
2171982,1,1,0.16584,0.53306,0.3011
5158561,0,0,0.79553,0.20045,0.00402
6928561,2,2,0.07559,0.22153,0.70289
39686597,2,2,0.01139,0.08322,0.90539
24172419,2,2,0.01945,0.04866,0.93189
17322056,2,2,0.00029,0.01228,0.98743
1186040,2,2,0.00243,0.04119,0.95638
22421523,2,1,0.12315,0.56491,0.31194
28390540,2,2,0.0215,0.09491,0.88359
35966601,2,2,0.2178,0.04394,0.73826
30778385,2,2,0.00056,0.0907,0.90874
24511161,2,2,0.01499,0.01837,0.96664
17863359,2,2,0.00047,0.04593,0.9536
20306928,2,2,0.04081,0.05772,0.90147
18296722,2,2,0.00403,0.01818,0.97779
17658154,2,2,0.18879,0.30211,0.5091
11611543,2,2,0.00346,0.05568,0.94086
13612336,2,2,0.0114,0.03842,0.95018
2205165,2,2,0.03973,0.02057,0.9397
19541980,0,0,0.64944,0.25624,0.09432
37160035,2,2,0.02063,0.07399,0.90539
9732618,2,2,0.02036,0.04136,0.93828
19953034,2,2,0.07401,0.06114,0.86485
17072630,2,0,0.65048,0.06043,0.28909
30461282,1,1,0.13405,0.73715,0.12879
24131207,2,2,0.02295,0.07682,0.90022
38114778,1,0,0.41198,0.34229,0.24572
2797691,2,2,0.00201,0.20456,0.79343
24460023,0,0,0.81767,0.14107,0.04126
32156419,0,0,0.80249,0.18685,0.01066
30273333,2,1,0.16335,0.42905,0.40761
2074671,1,0,0.77892,0.19605,0.02503
16041886,2,2,0.00074,0.01565,0.98362
36640107,2,2,0.04266,0.01489,0.94244
23503382,2,2,0.00352,0.01088,0.9856
14991988,2,2,0.01713,0.13051,0.85236
17985296,2,1,0.11838,0.83096,0.05066
34831569,2,2,0.0184,0.10119,0.8804
29195406,2,2,0.07049,0.14392,0.7856
8252176,2,2,0.00059,0.00637,0.99304
15628858,0,1,0.27943,0.69985,0.02071
17991288,2,1,0.09259,0.66122,0.24619
17772428,0,0,0.67421,0.11488,0.21091
17336646,2,2,0.00299,0.01641,0.9806
532835,2,2,0.09221,0.0273,0.88049
3081820,2,1,0.42017,0.5045,0.07533
4612594,2,0,0.69805,0.30097,0.00098
35598178,0,1,0.10699,0.56989,0.32311
8880342,0,0,0.84721,0.14716,0.00563
5721556,1,0,0.49472,0.30686,0.19842
33347025,2,0,0.52549,0.19206,0.28246
2955963,2,2,0.00256,0.00958,0.98786
7562143,2,1,0.30743,0.5461,0.14647
7676954,0,0,0.50122,0.32207,0.1767
363815,2,2,0.25843,0.1228,0.61877
38672301,1,1,0.33968,0.38597,0.27435
40144298,0,0,0.70296,0.26659,0.03046
39977622,2,2,0.11179,0.18956,0.69866
3728049,0,0,0.90045,0.07516,0.0244
29526133,2,2,0.00225,0.00685,0.9909
25841932,2,1,0.04319,0.53684,0.41997
4145196,2,2,0.01587,0.03339,0.95074
31906134,2,2,0.00192,0.00599,0.99208
30973914,2,2,0.01309,0.14747,0.83944
14873857,2,2,0.01465,0.02866,0.9567
25566587,2,2,0.06603,0.39339,0.54057
33836016,2,1,0.12833,0.52184,0.34983
4192384,2,2,0.09381,0.0409,0.86529
15142115,2,2,0.00412,0.01116,0.98473
29762921,2,2,0.17662,0.12317,0.7002
14169417,2,2,0.00031,0.00948,0.99021
17704338,1,0,0.58604,0.40532,0.00863
39800160,0,0,0.99017,0.00961,0.00022
7502855,0,0,0.93519,0.05606,0.00875
13299953,2,2,0.0169,0.11276,0.87034
36879091,2,0,0.51515,0.44978,0.03507
38938782,2,2,0.03864,0.08036,0.881
8039856,2,2,0.0052,0.00761,0.98719
39397775,2,2,0.10649,0.3261,0.56742
32381988,2,2,0.13359,0.06206,0.80435
22081640,2,2,0.04675,0.08967,0.86358
37472355,2,2,0.01248,0.05149,0.93603
24093089,2,2,0.0517,0.04459,0.90371
16496616,2,2,0.16505,0.16172,0.67323
34648840,2,2,0.08735,0.09272,0.81993
15320977,2,2,4e-05,0.0004,0.99956
25614183,0,1,0.17721,0.70046,0.12233
25746998,0,0,0.53917,0.43966,0.02117
31990856,1,1,0.35084,0.51367,0.13549
18265284,1,1,0.05603,0.83629,0.10768
8275819,2,2,0.03581,0.06686,0.89733
36948901,0,0,0.87611,0.0981,0.02579
29380546,2,2,0.03315,0.05574,0.91112
5779340,0,1,0.12141,0.8696,0.00899
34781713,1,2,0.10014,0.40031,0.49955
27218969,2,2,0.00019,0.00887,0.99094
40499632,2,2,0.04258,0.08407,0.87334
9196552,0,0,0.82418,0.16902,0.0068
23904744,2,2,0.06956,0.03319,0.89725
19220806,2,2,1e-05,0.00023,0.99976
11781614,2,2,0.02831,0.0937,0.87799
31128321,1,0,0.56658,0.34394,0.08948
28960388,0,0,0.71714,0.16806,0.1148
25924370,0,1,0.44346,0.45068,0.10586
13675228,2,2,0.01734,0.05389,0.92878
4163695,2,2,0.00329,0.03632,0.96039
9947724,2,2,0.01473,0.01137,0.9739
28706381,2,2,0.23152,0.26548,0.50299
29949598,0,0,0.98012,0.01233,0.00755
17919770,2,2,0.12591,0.27016,0.60392
9392272,2,2,0.06187,0.08938,0.84875
30793760,2,2,0.0015,0.00299,0.99552
20827834,2,1,0.01772,0.58535,0.39693
34292136,2,2,0.06402,0.25833,0.67765
9220688,2,2,0.03634,0.05992,0.90374
23302740,2,2,0.3383,0.22656,0.43513
6660188,2,2,0.21706,0.1535,0.62945
26061724,2,2,0.01073,0.01669,0.97258
34678647,2,2,0.07219,0.17195,0.75586
250490,2,2,0.00272,0.0084,0.98888
32765902,2,2,0.01196,0.02023,0.9678
4704139,2,2,0.00699,0.02016,0.97285
4752167,1,1,0.05362,0.77157,0.17481
17787618,2,2,0.00042,0.00181,0.99777
2980279,2,2,0.0004,0.01586,0.98374
11484324,2,2,0.02355,0.2846,0.69185
18704230,2,2,0.01589,0.1073,0.8768
17297192,2,1,0.1631,0.5035,0.3334
36787931,2,2,0.04025,0.46432,0.49544
4708066,2,2,3e-05,0.00209,0.99788
33493765,2,2,0.01131,0.12268,0.86601
11133865,2,2,0.01337,0.08692,0.89971
943165,1,1,0.08014,0.65863,0.26123
5212904,2,2,1e-05,0.00023,0.99976
16463657,2,2,0.02029,0.22957,0.75014
37523586,2,2,0.0011,0.06254,0.93636
40707360,2,2,0.02384,0.03432,0.94184
129341,2,2,0.00757,0.05741,0.93502
28910051,2,2,0.1327,0.02214,0.84515
22611723,2,2,0.00945,0.26028,0.73027
41423101,2,2,0.00782,0.01107,0.9811
22998369,2,2,0.03797,0.10272,0.85931
24486992,0,0,0.84671,0.09378,0.05951
22807059,0,0,0.84514,0.09887,0.05599
31653722,2,2,0.24824,0.1887,0.56307
3558005,0,0,0.89644,0.10237,0.00119
18301450,2,2,0.00342,0.0716,0.92498
40381876,2,2,0.12206,0.06944,0.8085
15892159,2,2,0.39024,0.16982,0.43994
31882733,2,2,0.27246,0.12853,0.59901
19493153,2,2,0.08754,0.02387,0.88859
20708611,2,2,0.04117,0.07338,0.88545
30631315,2,2,0.02386,0.01176,0.96438
9171504,2,2,0.01432,0.01606,0.96961
40859649,2,2,0.00267,0.0093,0.98803
20210070,2,1,0.17105,0.49467,0.33429
21808251,2,2,0.01716,0.15405,0.82879
35826803,0,0,0.95076,0.0481,0.00115
8602475,2,2,0.0037,0.0058,0.99051
34651369,0,0,0.99214,0.00668,0.00119
40736754,1,1,0.05754,0.8004,0.14206
21890627,2,2,0.00264,0.03187,0.96549
19564005,2,2,0.00361,0.02206,0.97433
23589535,2,2,0.05132,0.12966,0.81902
5236128,2,2,0.00734,0.02986,0.9628
25446898,0,0,0.83834,0.15481,0.00684
6264604,0,0,0.99814,0.00096,0.0009
25243419,2,2,0.11819,0.17928,0.70253
39907327,2,2,0.07528,0.20836,0.71636
36674406,2,2,0.16118,0.20284,0.63598
31459663,2,2,0.00046,0.00492,0.99462
17043029,2,2,0.02161,0.03753,0.94085
4888993,2,1,0.0622,0.83569,0.1021
28390432,2,2,0.00693,0.13646,0.85661
24759194,2,2,0.019,0.1906,0.7904
33570279,1,0,0.7881,0.18284,0.02906
24653900,2,2,0.00066,0.02756,0.97178
12124566,2,1,0.31315,0.4686,0.21826
15068804,2,2,0.21154,0.34916,0.4393
30010550,0,0,0.94902,0.03678,0.0142
8708370,2,1,0.16584,0.57579,0.25837
35693573,0,0,0.95563,0.02545,0.01891
1875983,2,2,0.24824,0.1887,0.56307
25591890,0,0,0.81646,0.03605,0.14749
1898452,2,2,0.00166,0.05704,0.9413
31607139,2,1,0.06788,0.49003,0.44209
30079468,2,2,0.05889,0.03659,0.90451
10696741,0,1,0.41359,0.51729,0.06913
7940238,2,2,0.00732,0.05234,0.94034
14323683,0,0,0.71856,0.26412,0.01731
33261965,2,2,0.29478,0.12584,0.57938
12860645,2,2,0.02638,0.06777,0.90585
39757322,0,0,0.56824,0.40477,0.02699
34825860,0,0,0.99184,0.00813,3e-05
28876580,2,2,0.00286,0.16553,0.8316
26797388,0,1,0.2853,0.66507,0.04963
16728783,2,2,0.07266,0.03969,0.88765
32027952,1,0,0.50044,0.39535,0.10422
4071416,0,1,0.06391,0.70577,0.23032
20945670,2,2,0.02116,0.0767,0.90214
39578389,1,1,0.02561,0.5106,0.46379
11121431,2,2,0.01535,0.02145,0.9632
15892976,0,0,0.70432,0.20371,0.09197
18515528,1,1,0.40021,0.50981,0.08997
4249245,2,2,9e-05,0.00149,0.99842
12452070,2,2,0.03681,0.19388,0.76931
30385616,0,0,0.82965,0.12372,0.04662
23589479,0,0,0.95844,0.02322,0.01834
6963040,2,2,0.00566,0.14399,0.85035
35347930,2,2,0.1092,0.14108,0.74972
30600321,2,2,0.00563,0.02563,0.96874
41232400,0,0,0.91975,0.02529,0.05496
474538,2,2,0.05028,0.14975,0.79997
31687757,0,1,0.31544,0.62917,0.05539
4278889,0,0,0.82764,0.16193,0.01044
17010793,2,2,0.00717,0.02002,0.97281
30693474,2,2,0.00152,0.00828,0.9902
10829216,2,2,0.01275,0.17786,0.8094
287843,2,2,0.04366,0.01059,0.94574
11289471,2,2,0.00907,0.40181,0.58912
2442012,2,2,0.00074,0.03507,0.96419
24441664,2,2,0.04003,0.02047,0.9395
39371611,0,1,0.36743,0.44608,0.18648
21420645,2,2,0.00222,0.01076,0.98702
17971430,2,2,0.09704,0.13258,0.77038
15889324,0,0,0.9955,0.00444,6e-05
25394114,0,0,0.41464,0.25478,0.33058
31034506,0,0,0.48483,0.41035,0.10483
25135484,2,2,0.00093,0.0176,0.98147
9567149,2,2,0.04036,0.14127,0.81837
32115057,2,2,0.0045,0.00817,0.98733
40917124,0,0,0.85185,0.14388,0.00428
21087889,2,2,0.00024,0.00136,0.9984
22835516,2,2,0.00218,0.00345,0.99438
38366719,0,0,0.94676,0.03468,0.01856
39059535,0,0,0.92809,0.0647,0.00721
40370219,0,0,0.87348,0.02151,0.10501
14859170,2,0,0.94693,0.05098,0.00209
16320097,0,0,0.71853,0.21397,0.06751
15202568,2,2,0.00438,0.04277,0.95285
7409792,2,0,0.54464,0.27219,0.18317
38265183,2,2,0.00092,0.05008,0.949
34391378,0,0,0.88636,0.11089,0.00275
14154058,2,2,0.00188,0.0098,0.98832
39026805,2,2,0.06772,0.15276,0.77952
17713973,2,2,0.01209,0.04188,0.94603
13099836,2,2,0.06364,0.33141,0.60495
24074961,2,2,0.23162,0.066,0.70238
37766806,0,0,0.85438,0.10091,0.04471
14231471,2,2,0.31368,0.20319,0.48312
6439228,2,2,0.0007,0.00508,0.99422
39804064,2,2,0.00164,0.00733,0.99103
36136212,0,1,0.26466,0.60993,0.12542
17274487,2,2,0.05827,0.12567,0.81606
11004682,0,0,0.68498,0.22133,0.09368
9386272,0,0,0.95013,0.01913,0.03074
26709462,2,1,0.19524,0.7804,0.02436
24148535,2,2,0.02427,0.02887,0.94686
2405048,2,2,0.02344,0.14906,0.8275
8548112,2,2,0.00102,0.00936,0.98962
23360829,2,2,0.00969,0.08254,0.90777
35725572,0,1,0.46225,0.46286,0.07488
18183253,2,0,0.56234,0.25301,0.18465
6216330,2,2,0.02129,0.02622,0.95249
6641292,2,0,0.71805,0.14448,0.13747
7452037,2,2,0.14757,0.31067,0.54176
1868975,1,2,0.0129,0.12211,0.86499
22410587,2,2,0.01783,0.07726,0.90491
2116600,2,2,0.12686,0.05112,0.82202
26998146,2,2,0.24824,0.1887,0.56307
29407874,2,2,0.03527,0.18176,0.78297
21851743,2,2,0.03165,0.09284,0.8755
7203375,2,2,0.06766,0.19561,0.73673
7776447,2,2,0.00288,0.37017,0.62695
22855924,2,2,0.02385,0.03813,0.93801
15958696,2,1,0.0346,0.49816,0.46724
16917502,2,2,0.02006,0.20022,0.77971
35317775,2,2,0.08269,0.083,0.83431
1916705,0,0,0.82761,0.15396,0.01843
26263384,2,2,0.04524,0.14891,0.80585
32423051,2,2,0.22344,0.10018,0.67639
34842277,0,0,0.67322,0.28601,0.04076
4793835,0,0,0.9995,0.00048,2e-05
19668118,2,2,0.01715,0.03532,0.94753
29311708,2,2,0.04338,0.18233,0.77428
33377197,2,2,0.00583,0.17259,0.82158
37921845,0,0,0.48173,0.04516,0.47311
4256065,2,2,0.00084,0.0393,0.95986
17498390,1,0,0.65405,0.27675,0.06921
11057572,2,1,0.0611,0.6288,0.31009
17638244,2,2,0.0191,0.08822,0.89268
11075374,2,2,0.01504,0.19611,0.78885
28158238,2,2,0.00551,0.01645,0.97804
35910687,2,2,0.20157,0.0974,0.70104
9269138,2,2,0.06768,0.11816,0.81417
32889286,2,2,0.15521,0.33146,0.51333
36956427,2,2,0.03578,0.32978,0.63444
35625822,2,2,0.01244,0.0512,0.93637
19087133,0,0,0.59273,0.31166,0.0956
31369417,0,0,0.74993,0.2084,0.04166
37707275,0,0,0.82399,0.16797,0.00804
21289254,2,2,0.01869,0.44523,0.53608
31558678,2,2,0.00242,0.00987,0.98772
13803458,2,2,0.00071,0.002,0.99729
37821673,2,2,0.00192,0.00857,0.98951
12171024,0,0,0.50857,0.35344,0.13799
3139317,2,2,0.0164,0.04541,0.93818
10963473,2,2,0.02036,0.04075,0.93888
26997530,0,0,0.55869,0.43345,0.00786
16326044,1,1,0.15099,0.6854,0.16361
39528532,2,1,0.08423,0.51963,0.39614
8556494,2,1,0.08481,0.57643,0.33877
17942596,2,2,0.0046,0.13786,0.85755
35900132,1,0,0.90113,0.08252,0.01635
3995782,2,2,0.00868,0.01288,0.97844
24262396,1,1,0.19391,0.5526,0.25349
28621273,0,0,0.51213,0.34914,0.13874
35015398,0,0,0.82484,0.09237,0.08279
24014924,0,0,0.36733,0.36692,0.26575
8218687,0,0,0.41783,0.32107,0.2611
20366079,2,2,0.036,0.12705,0.83696
37114879,2,2,0.27564,0.10143,0.62293
10034509,2,2,0.00572,0.03545,0.95884
5922657,2,2,0.08009,0.03384,0.88607
12872427,2,2,0.00504,0.03586,0.9591
19079512,0,0,0.62849,0.20054,0.17097
14764035,0,0,0.90213,0.08815,0.00972
23125958,0,0,0.96013,0.03627,0.00361
21233839,1,2,0.1435,0.27349,0.58301
14044391,2,2,0.00509,0.27542,0.71949
40864997,0,0,0.74066,0.11874,0.1406
27468280,2,2,0.00171,0.00828,0.99001
8227019,0,0,0.79357,0.17811,0.02833
18604737,2,2,0.00391,0.08567,0.91042
21458745,2,2,0.01266,0.01495,0.9724
20388336,2,2,0.02774,0.024,0.94825
22837071,2,1,0.03293,0.90719,0.05988
18892053,2,2,0.0002,0.00117,0.99863
18354563,2,2,0.04893,0.24569,0.70538
15957432,0,0,0.8099,0.12788,0.06221
32976944,2,2,0.11239,0.05834,0.82927
9387006,2,2,0.07492,0.34672,0.57836
19971249,2,2,0.00016,0.00046,0.99938
12553948,2,2,0.00051,0.07553,0.92396
35905198,2,1,0.03612,0.67141,0.29247
17189054,0,1,0.43872,0.43963,0.12166
5956778,0,2,0.15351,0.07272,0.77377
32556351,2,2,0.1947,0.31713,0.48817
29419281,2,2,0.00073,0.0505,0.94877
34552316,2,2,0.00798,0.0883,0.90372
31937414,2,2,0.00088,0.00132,0.9978
5278482,2,2,0.04337,0.1788,0.77783
1109274,0,1,0.17213,0.74034,0.08753
41039907,2,2,0.00027,0.00723,0.99251
6395041,2,0,0.63179,0.33103,0.03719
36545516,2,0,0.48755,0.09874,0.41372
8054677,2,2,0.01095,0.0443,0.94475
29149566,2,2,0.02309,0.02269,0.95422
1629897,2,2,0.01006,0.0854,0.90454
22746050,2,1,0.11879,0.54671,0.3345
11781862,1,0,0.82866,0.13247,0.03887
17340313,1,0,0.50827,0.42185,0.06988
38852956,2,2,0.00473,0.09852,0.89675
27813485,2,1,0.31153,0.60094,0.08753
24787079,0,0,0.92397,0.07097,0.00506
13212760,2,2,0.01611,0.04162,0.94227
31060338,0,0,0.61404,0.36555,0.02041
21717055,0,2,0.24683,0.32815,0.42502
13312036,2,2,0.01631,0.38909,0.5946
8421154,2,2,0.04902,0.13984,0.81114
34431836,2,2,0.00509,0.04115,0.95376
30012383,2,0,0.617,0.32921,0.05379
35695381,0,0,0.61441,0.24138,0.14421
5022924,2,2,0.0484,0.05181,0.89979
2043669,2,2,0.05028,0.04175,0.90797
1774025,1,2,0.3248,0.05033,0.62487
25599409,2,2,0.06,0.0934,0.8466
2348996,2,2,0.00914,0.00767,0.98319
9837010,0,0,0.51006,0.41508,0.07485
26410185,2,2,0.08119,0.21702,0.70179
28501135,2,0,0.47811,0.35176,0.17013
3694645,2,0,0.62328,0.35056,0.02616
5899467,2,2,0.02702,0.15686,0.81612
38344435,0,0,0.90251,0.09443,0.00305
34221597,2,2,0.00388,0.00466,0.99146
13688679,2,1,0.02857,0.72017,0.25126
2369622,2,2,0.27515,0.31277,0.41207
22231174,2,2,0.03349,0.11823,0.84827
32204500,2,1,0.44287,0.55293,0.00421
9647737,2,2,0.00652,0.0942,0.89928
6392178,2,2,0.00328,0.00889,0.98783
4404686,2,2,0.00125,0.01883,0.97992
31425095,1,2,0.24824,0.1887,0.56307
28367637,0,0,0.92854,0.06803,0.00342
33633997,2,0,0.47167,0.12616,0.40217
28127602,2,2,0.01699,0.16206,0.82095
2284009,0,1,0.46411,0.50345,0.03244
20038369,1,0,0.85883,0.11339,0.02778
2200314,2,2,0.0002,0.00081,0.99899
28922942,2,2,0.15934,0.13448,0.70618
28046962,2,2,3e-05,0.00209,0.99788
11246159,2,2,0.01119,0.07789,0.91092
20413108,2,2,0.06583,0.06276,0.87141
27235717,2,2,0.02295,0.02341,0.95364
3732373,0,0,0.96722,0.01989,0.01289
41446205,0,1,0.04304,0.58931,0.36764
19106502,2,2,0.0436,0.05729,0.89911
13679917,2,2,0.01462,0.05595,0.92943
32575469,2,2,0.13651,0.08669,0.77679
38353780,0,0,0.87924,0.08863,0.03213
8243369,2,2,0.07377,0.02792,0.89831
5984860,2,2,0.06547,0.28052,0.654
17400110,1,0,0.65035,0.17016,0.17949
7701355,2,0,0.59971,0.36985,0.03044
9510320,2,2,0.03899,0.12571,0.8353
9277319,2,1,0.02168,0.88883,0.08949
28753428,0,0,0.87067,0.07663,0.0527
34371111,0,0,0.77163,0.10431,0.12406
5417257,2,2,0.00128,0.04706,0.95167
3462876,0,0,0.83285,0.16628,0.00087
12578506,2,2,0.00905,0.04065,0.9503
36989453,0,1,0.21775,0.43008,0.35217
23358783,2,2,0.19316,0.24414,0.5627
36245830,2,2,0.00155,0.01568,0.98277
28750039,2,2,0.01031,0.04381,0.94588
25230110,0,1,0.47868,0.49235,0.02897
15471930,2,2,0.02638,0.033,0.94062
36499440,2,2,0.01731,0.03616,0.94653
39260796,0,0,0.51901,0.11925,0.36173
11863719,2,2,0.29275,0.1298,0.57745
31805719,2,2,0.0457,0.11188,0.84242
3976457,2,2,0.01449,0.07131,0.9142
6471004,2,2,0.00173,0.01466,0.98361
39866136,2,2,0.17296,0.03518,0.79185
22806627,0,0,0.70907,0.25378,0.03715
5588155,2,2,0.09894,0.11957,0.7815
12203422,2,2,0.10289,0.38385,0.51326
23989609,2,2,0.03475,0.0331,0.93215
20700893,1,1,0.29822,0.49148,0.2103
9593722,2,2,0.00791,0.31625,0.67584
9738461,2,2,0.01299,0.0076,0.9794
35694129,2,2,0.01508,0.09866,0.88626
22882290,2,2,0.0042,0.00271,0.99309
41014275,2,2,0.00059,0.09905,0.90036
26980729,2,2,0.00489,0.05147,0.94364
16981707,2,2,0.00291,0.03657,0.96052
40434558,2,2,0.02401,0.08063,0.89536
3410116,2,2,0.00429,0.00462,0.99109
30620054,1,0,0.63874,0.34986,0.0114
1142996,0,0,0.98722,0.01227,0.00051
18844286,2,1,0.17494,0.80833,0.01674
35256675,0,0,0.89043,0.09592,0.01365
40233746,1,2,0.06287,0.28003,0.6571
406661,2,2,0.01225,0.02598,0.96177
26936343,2,2,0.0252,0.00892,0.96588
19301169,2,2,0.42875,0.05661,0.51464
14763502,0,1,0.04005,0.62017,0.33979
21558753,2,2,0.00395,0.07065,0.9254
4403216,2,2,0.02231,0.07214,0.90554
19340738,2,2,0.10119,0.41996,0.47885
14745878,2,2,0.00293,0.02598,0.97109
20786418,2,2,0.04983,0.09511,0.85506
31541231,0,0,0.65847,0.15038,0.19115
30423817,2,2,0.01278,0.06234,0.92488
38281593,1,0,0.76707,0.15281,0.08012
36227402,2,2,0.06193,0.16817,0.7699
21525714,2,2,1e-05,0.00064,0.99934
36052338,2,2,0.00059,0.09905,0.90036
14035847,0,0,0.78621,0.18174,0.03205
24210021,2,2,2e-05,5e-05,0.99993
10239527,0,0,0.80556,0.08383,0.11061
4628057,2,2,0.10554,0.13068,0.76379
5748827,2,1,0.16563,0.74745,0.08692
40458816,0,0,0.67494,0.24642,0.07864
29418229,2,2,0.00075,0.00698,0.99227
34417463,0,0,0.53339,0.30996,0.15665
22608237,0,0,0.97172,0.02754,0.00074
23898814,2,2,0.00132,0.03404,0.96464
33189682,2,2,0.12313,0.26695,0.60992
12214781,2,2,0.00821,0.12405,0.86774
4153629,2,2,0.24824,0.1887,0.56307
13336673,0,0,0.87514,0.11169,0.01316
40052413,2,2,0.08,0.06581,0.85419
34242068,2,1,0.38892,0.4846,0.12648
13702964,2,2,0.01253,0.03932,0.94815
11453971,2,2,0.06958,0.02127,0.90915
23808784,2,2,0.0163,0.15084,0.83286
38210309,2,2,0.04634,0.11306,0.8406
31745043,2,1,0.13978,0.4328,0.42741
1525624,2,2,0.00131,0.00123,0.99746
40326290,2,1,0.05139,0.54534,0.40327
11148743,2,2,0.01764,0.10146,0.8809
24393119,2,2,9e-05,0.01243,0.98748
30770948,2,1,0.33957,0.45499,0.20544
16347760,2,2,0.0102,0.03755,0.95225
32536265,0,0,0.88422,0.11149,0.00429
23717330,2,2,0.01922,0.27548,0.7053
10945740,2,2,0.00406,0.00693,0.98901
25465161,0,0,0.71924,0.16045,0.12032
22744713,2,0,0.75419,0.13127,0.11454
24819805,0,0,0.51706,0.17659,0.30635
15957421,0,0,0.57783,0.30355,0.11862
32812322,0,0,0.68632,0.13636,0.17732
59921,2,0,0.46243,0.18837,0.34919
25669909,2,2,0.00048,0.00421,0.99531
14154021,0,0,0.67212,0.29366,0.03422
34103251,1,0,0.87699,0.09021,0.03279
36898750,2,2,0.11797,0.04496,0.83708
26422021,0,0,0.99521,0.00453,0.00026
9071684,2,2,0.00029,0.00411,0.9956
27705418,2,2,0.21528,0.35537,0.42935
32934161,2,1,0.02752,0.70415,0.26833
36471450,2,2,0.00321,0.00358,0.99321
2348257,2,2,0.00264,0.0032,0.99415
13429632,0,1,0.29453,0.64103,0.06444
23022598,2,2,0.00366,0.00835,0.98799
17734065,2,2,0.00018,0.00227,0.99755
2503133,2,2,0.14345,0.1233,0.73325
28196990,2,1,0.15037,0.57637,0.27326
37406219,2,2,0.0359,0.19021,0.77389
22091143,2,2,0.06476,0.42645,0.50879
24518247,0,1,0.29891,0.53213,0.16896
29774030,2,2,0.01398,0.29629,0.68973
19698602,2,2,0.04013,0.13087,0.829
21601967,1,0,0.44959,0.22296,0.32745
7252067,0,0,0.96441,0.02435,0.01124
12800418,0,0,0.9111,0.08245,0.00645
29714020,2,2,0.00469,0.04529,0.95002
39467528,2,2,0.00076,0.02002,0.97922
15320974,1,1,0.07889,0.56183,0.35928
31459900,2,2,0.11087,0.15973,0.7294
35246375,2,2,0.0051,0.01865,0.97625
28816015,0,0,0.94049,0.05194,0.00757
937313,2,2,0.00513,0.11511,0.87977
5818225,2,2,0.06759,0.08319,0.84923
37587093,2,2,0.00173,0.0087,0.98956
35799302,2,2,0.00143,0.01258,0.986
330400,0,0,0.80667,0.17125,0.02209
2171220,2,2,0.0053,0.0187,0.976
3160729,2,2,0.06764,0.09592,0.83644
19967852,0,0,0.88008,0.05898,0.06093
19070897,2,2,0.00189,0.00121,0.99691
10919562,2,2,0.24824,0.1887,0.56307
2249531,2,2,0.05282,0.01981,0.92737
19050723,2,2,0.25399,0.09953,0.64647
2186294,0,0,0.62753,0.31517,0.0573
20726006,2,2,0.00757,0.07046,0.92197
17334125,2,2,0.00874,0.03163,0.95963
31898863,2,0,0.44619,0.18895,0.36486
1095061,1,0,0.45935,0.43812,0.10254
17152460,1,0,0.83533,0.15542,0.00925
12027734,1,1,0.23067,0.5836,0.18573
12504757,2,2,0.00025,0.00066,0.99909
38084749,2,2,3e-05,0.00275,0.99721
37842798,2,2,0.01013,0.11734,0.87253
35611165,2,2,1e-05,0.00199,0.998
37450162,0,0,0.80175,0.15757,0.04068
30001565,2,2,0.05066,0.24177,0.70757
19728960,0,0,0.96604,0.03309,0.00087
31833655,0,0,0.52541,0.31335,0.16125
31915660,0,0,0.91265,0.07603,0.01132
13454516,2,2,0.06364,0.08657,0.84979
9225763,2,2,0.10117,0.16711,0.73173
40120073,2,2,0.03613,0.02437,0.9395
34951370,2,2,0.00866,0.21195,0.77939
29635260,2,2,0.0014,0.0095,0.98911
38238086,0,0,0.53071,0.15436,0.31493
5573355,2,2,0.00092,0.06038,0.9387
21419886,2,2,0.00846,0.00357,0.98797
33797939,2,2,0.00822,0.00281,0.98897
19270753,0,0,0.94187,0.05241,0.00572
9950846,2,2,0.01099,0.12995,0.85906
38244965,2,2,0.04893,0.34738,0.60369
34438889,0,0,0.92531,0.05572,0.01897
10230013,2,2,0.09048,0.21101,0.69851
21184251,2,2,0.00048,0.07259,0.92693
17553473,0,2,0.36588,0.04743,0.58669
8141593,2,1,0.14707,0.66655,0.18638
2628686,1,1,0.03595,0.84291,0.12114
34295577,2,2,0.01744,0.08074,0.90183
267995,2,1,0.26823,0.48768,0.24409
9816384,2,1,0.36682,0.41431,0.21887
12648043,2,1,0.19285,0.62602,0.18113
36940989,2,0,0.8138,0.06435,0.12185
6528245,2,2,0.00127,0.00519,0.99354
17704225,2,2,0.01492,0.02595,0.95914
38552164,2,2,0.01265,0.09453,0.89282
19055347,2,2,0.00336,0.00822,0.98842
11313571,2,2,0.18014,0.39593,0.42393
13905429,2,2,0.04425,0.22038,0.73537
17930798,2,2,0.02595,0.10023,0.87382
1368165,2,2,0.01523,0.00971,0.97506
16616858,0,0,0.81928,0.1713,0.00942
26726097,2,2,0.0434,0.01765,0.93895
271171,2,2,1e-05,0.00023,0.99976
3146479,2,2,0.25904,0.09223,0.64873
13552773,2,2,0.02319,0.02375,0.95305
28923117,2,2,0.02939,0.03584,0.93478
18143850,0,1,0.14816,0.55292,0.29892
30990399,0,0,0.97983,0.01953,0.00064
38450341,2,2,0.09322,0.02183,0.88495
12361484,2,2,0.18864,0.05713,0.75423
22158820,2,2,0.28455,0.2697,0.44575
31823844,1,0,0.79604,0.19498,0.00898
3956341,2,2,0.03197,0.0293,0.93873
17820103,2,2,0.00116,0.00664,0.99221
3043190,0,0,0.71253,0.28206,0.0054
23664645,2,1,0.19224,0.41043,0.39733
36045861,1,0,0.47713,0.3086,0.21427
21153964,2,2,0.02522,0.08715,0.88763
23682707,1,0,0.79601,0.1669,0.03708
14360824,2,2,0.00096,0.01827,0.98077
17511921,0,0,0.95563,0.03164,0.01273
34925533,0,0,0.88071,0.10215,0.01713
20081018,2,2,0.00059,0.01708,0.98234
1522156,2,2,0.00108,0.00132,0.9976
11727068,2,2,0.02714,0.24795,0.72491
9527649,2,2,0.00864,0.05407,0.93729
14592599,2,2,0.02359,0.04065,0.93576
29827527,2,2,0.0235,0.06904,0.90746
35101152,2,2,0.0703,0.05067,0.87903
33628657,2,2,0.03879,0.05961,0.9016
4023998,2,2,0.00232,0.0052,0.99248
17620044,0,0,0.91825,0.0406,0.04115
22775648,2,2,0.06034,0.03694,0.90272
13782553,2,2,0.00301,0.03598,0.96101
12152352,2,2,0.01378,0.03868,0.94754
19201652,0,0,0.82314,0.15505,0.02181
29135045,0,0,0.78821,0.13996,0.07183
37732550,2,2,0.01936,0.06001,0.92063
28071155,2,2,0.00767,0.0166,0.97573
33795208,2,0,0.59988,0.27269,0.12743
1428831,0,0,0.49112,0.48108,0.02781
17808526,2,2,0.00416,0.02005,0.97579
32137692,2,2,0.00416,0.05721,0.93864
23473578,2,2,0.01118,0.17221,0.81662
16160878,2,2,0.10122,0.13684,0.76194
5316758,2,2,0.14143,0.36896,0.48961
27941832,0,0,0.95312,0.02284,0.02404
34721694,2,2,0.00111,0.00246,0.99643
17653442,2,2,0.05965,0.38981,0.55055
25580448,0,0,0.76786,0.22134,0.0108
31433510,0,0,0.8474,0.1239,0.02869
12860648,2,2,0.15841,0.33487,0.50672
35686747,2,2,0.01887,0.1062,0.87493
6314216,0,1,0.48648,0.50073,0.01279
23590136,2,2,0.03786,0.015,0.94714
3515797,2,0,0.46992,0.10409,0.42599
18085012,2,2,0.04624,0.46819,0.48556
34328320,2,2,0.0,0.00025,0.99975
18092325,0,0,0.92365,0.07495,0.0014
1075585,2,2,0.02701,0.08699,0.886
27393412,2,2,0.07923,0.01561,0.90517
1723563,0,0,0.55402,0.42384,0.02214
33029425,0,0,0.85813,0.06085,0.08101
39533776,2,2,9e-05,0.01243,0.98748
26238187,2,2,0.31024,0.30279,0.38697
21907131,0,1,0.29578,0.59713,0.1071
8091540,0,0,0.6997,0.20391,0.09639
25168481,2,2,0.24824,0.1887,0.56307
13499921,2,2,0.00036,0.01125,0.98839
17956386,0,0,0.57264,0.3597,0.06766
19585842,2,2,0.26201,0.15286,0.58513
5753615,2,2,0.00354,0.04711,0.94935
30409915,2,2,0.00126,0.00414,0.9946
22385086,1,0,0.44768,0.42442,0.1279
25211439,2,2,0.02083,0.03977,0.9394
5782905,2,2,0.10358,0.21957,0.67686
21096543,1,1,0.42853,0.52814,0.04333
13698177,2,0,0.88523,0.10578,0.009
22269681,2,2,0.01013,0.04059,0.94928
19450371,2,2,0.00491,0.05387,0.94122
527877,2,2,0.10231,0.22654,0.67116
21136549,2,2,0.01136,0.02395,0.96469
19897918,2,2,0.02864,0.07804,0.89331
30488568,2,2,0.07599,0.14425,0.77976
39047012,0,0,0.95167,0.03409,0.01423
28972133,0,0,0.89158,0.09889,0.00953
24349600,2,2,0.00427,0.01557,0.98016
21092686,2,2,0.01268,0.06345,0.92387
4872582,0,0,0.80671,0.16003,0.03326
17494876,0,0,0.91051,0.08283,0.00666
4347300,0,0,0.93212,0.06689,0.00099
31776554,1,0,0.8544,0.07444,0.07116
15819420,2,2,0.08963,0.12614,0.78423
32446419,2,2,0.01006,0.0854,0.90454
8441516,2,1,0.35861,0.40686,0.23454
18389221,2,2,0.01569,0.00162,0.98268
33301063,0,0,0.87893,0.09134,0.02974
11496343,2,2,0.04519,0.23659,0.71822
2283596,2,2,0.02005,0.48608,0.49387
12081963,2,2,0.03434,0.06004,0.90562
18149661,0,0,0.52886,0.42738,0.04376
709483,2,2,0.01895,0.05311,0.92794
23527403,2,2,0.0025,0.08256,0.91493
15319401,2,2,0.08403,0.07971,0.83626
30379010,2,2,0.24824,0.1887,0.56307
36878459,2,2,0.00051,0.00729,0.9922
17822162,2,2,0.0451,0.04191,0.913
27328545,2,2,0.00086,0.01615,0.98299
31632944,2,1,0.05935,0.50679,0.43386
4795458,2,2,0.00066,0.00584,0.9935
38599117,0,0,0.98125,0.015,0.00375
10554792,0,0,0.97961,0.01963,0.00076
21138985,2,2,0.00135,0.00053,0.99812
4241115,2,2,0.07352,0.05821,0.86827
32089403,0,0,0.62508,0.15169,0.22323
30572901,2,1,0.07499,0.46317,0.46184
29939611,2,2,0.00103,0.02831,0.97067
39078528,2,2,0.05953,0.07719,0.86328
172751,1,1,0.07385,0.90727,0.01888
5489345,0,0,0.8806,0.09107,0.02833
31471961,2,2,0.0013,0.00379,0.99491
41177859,0,0,0.93324,0.05532,0.01144
17800543,0,0,0.97978,0.01778,0.00245
7562014,2,0,0.46385,0.20674,0.32942
41269182,2,2,0.004,0.02457,0.97143
35036478,2,2,0.24824,0.1887,0.56307
35735303,0,0,0.63805,0.15124,0.21071
30806707,2,2,0.00817,0.01726,0.97457
27175256,2,1,0.10951,0.56343,0.32706
4381064,0,0,0.97569,0.02332,0.00099
33884433,2,2,0.18439,0.30813,0.50748
15133470,0,0,0.75292,0.20156,0.04552
35796481,2,2,0.134,0.15266,0.71335
2028955,0,0,0.55189,0.40368,0.04443
11802513,2,2,0.20645,0.07604,0.71751
14593871,2,2,0.21756,0.10351,0.67893
6446430,2,1,0.30015,0.66387,0.03598
6013775,0,0,0.7574,0.08785,0.15475
14005383,2,2,0.22536,0.10211,0.67254
17273267,2,2,0.01969,0.13835,0.84195
32528425,0,0,0.85916,0.13855,0.00229
38671765,0,0,0.98344,0.01625,0.00031
25489519,0,1,0.08186,0.79205,0.12609
19879967,2,2,0.0579,0.16317,0.77892
39333205,2,2,0.06226,0.07435,0.86339
9921742,2,2,0.00537,0.1917,0.80293
34363332,2,1,0.31078,0.47547,0.21375
14143293,0,0,0.95233,0.03994,0.00773
40983742,2,2,0.00884,0.01679,0.97438
35598453,2,2,0.00559,0.10985,0.88455
9366074,0,0,0.94974,0.03578,0.01448
19811127,2,1,0.07556,0.55209,0.37235
36625581,2,2,0.00211,0.00554,0.99236
34442260,0,0,0.8343,0.15494,0.01075
6819648,1,0,0.7853,0.18886,0.02584
32861374,2,2,0.10525,0.04751,0.84724
15300550,2,2,0.15079,0.08384,0.76537
11366978,2,2,0.13178,0.39393,0.47429
32126723,0,0,0.60118,0.3723,0.02652
30144779,2,2,0.03608,0.04438,0.91954
17530249,0,0,0.99778,0.00216,5e-05
32256485,2,2,0.00115,0.0062,0.99265
39105652,2,2,0.00502,0.02851,0.96647
4873765,2,2,0.00103,0.01001,0.98896
5380857,2,2,0.2143,0.05775,0.72795
30677516,2,0,0.56627,0.11997,0.31376
2746739,2,2,0.01804,0.1821,0.79986
37886627,2,2,0.03863,0.04963,0.91174
19722780,2,2,0.0708,0.04221,0.88699
20488354,2,1,0.0724,0.56891,0.35869
4424932,2,2,0.00059,0.00793,0.99148
35572685,0,0,0.51328,0.02214,0.46458
30132213,1,0,0.5299,0.30549,0.1646
31452210,2,2,0.01477,0.02055,0.96468
8561664,2,2,0.02516,0.01377,0.96107
40527799,0,0,0.51328,0.02214,0.46458
6834139,2,2,0.02372,0.03221,0.94407
9171943,0,0,0.46623,0.22175,0.31202
33130347,2,2,0.19822,0.33471,0.46707
891043,2,2,0.02408,0.16632,0.8096
39174439,2,2,0.05094,0.01527,0.93378
8166435,1,1,0.28856,0.39649,0.31494
30254512,2,2,0.07836,0.25754,0.6641
241984,2,2,0.00051,0.0062,0.99329
22592669,2,1,0.05541,0.53422,0.41037
14351858,1,1,0.1665,0.70077,0.13274
17720007,2,1,0.22161,0.4133,0.36509
36088501,2,2,0.01006,0.0854,0.90454
11109609,2,2,0.02829,0.04351,0.9282
2312583,2,2,0.01117,0.05484,0.93399
9694330,2,0,0.39926,0.30908,0.29166
15517784,2,2,0.01398,0.07017,0.91585
3306888,2,2,0.20905,0.05365,0.7373
34720692,2,2,5e-05,0.00136,0.9986
16742866,2,2,0.00455,0.01133,0.98413
29988163,1,1,0.21481,0.76346,0.02174
36170743,2,2,0.1853,0.1061,0.7086
2892658,1,0,0.53338,0.33962,0.12701
23810105,0,0,0.97069,0.02624,0.00307
8810202,2,2,0.00718,0.00937,0.98345
13108418,2,2,0.00086,0.00752,0.99162
32196571,2,0,0.52983,0.243,0.22717
36166413,1,0,0.76664,0.19737,0.03599
23430329,2,2,0.039,0.09185,0.86915
1479757,2,2,0.03821,0.02325,0.93854
8588868,2,1,0.06996,0.46743,0.46261
24528054,2,2,0.06547,0.0652,0.86933
8789323,2,2,0.00147,0.00252,0.99601
27060466,2,2,0.03472,0.25128,0.714
33742328,0,0,0.98302,0.01476,0.00222
880096,2,2,0.00453,0.00399,0.99148
26626031,0,0,0.5179,0.4039,0.0782
33858881,2,2,0.02763,0.16007,0.8123
39914154,2,2,0.25265,0.20431,0.54304
2228817,0,0,0.9915,0.00611,0.00239
2751869,2,2,0.00708,0.17104,0.82188
38206788,2,2,0.06961,0.13712,0.79327
4885311,0,0,0.81671,0.18199,0.00129
6893450,2,2,0.10655,0.19985,0.6936
25102888,0,0,0.68074,0.26139,0.05787
1496697,1,1,0.17185,0.80584,0.02231
9242196,2,2,0.17598,0.35565,0.46838
19300906,0,1,0.12158,0.74457,0.13385
7454369,2,2,0.00162,0.0041,0.99428
6335300,2,2,0.00394,0.00099,0.99507
5844475,2,2,0.18994,0.28544,0.52462
40199062,0,1,0.41665,0.49432,0.08903
39197914,2,2,0.00265,0.00824,0.98911
7699641,2,0,0.37085,0.26029,0.36887
35189746,2,2,0.00298,0.00739,0.98962
17795374,2,2,0.02351,0.0339,0.94259
5563986,2,2,0.0141,0.05313,0.93277
34104982,2,0,0.49164,0.46066,0.0477
6496185,2,2,0.24824,0.1887,0.56307
11573614,2,2,0.00991,0.07977,0.91032
3598360,2,2,0.00943,0.0894,0.90117
41091022,0,1,0.38626,0.52593,0.08782
40528481,2,2,0.18576,0.14067,0.67357
29144019,1,1,0.06472,0.50132,0.43396
40915476,2,2,0.00406,0.03952,0.95642
6083346,1,0,0.49755,0.47419,0.02826
40033754,2,2,0.16147,0.12007,0.71846
27266320,1,2,0.08865,0.31853,0.59282
40049910,2,2,0.36412,0.12982,0.50606
28078261,2,2,0.37235,0.13453,0.49312
9224488,0,0,0.81513,0.16704,0.01783
23713281,2,2,0.00981,0.17693,0.81326
36094410,0,1,0.06469,0.71508,0.22023
22980078,2,2,0.03535,0.02883,0.93581
6001342,2,2,0.00011,0.01241,0.98748
18331667,0,1,0.42025,0.51922,0.06052
8650419,2,2,0.07169,0.33759,0.59072
33544670,2,2,0.18193,0.08855,0.72952
8619574,2,2,0.18641,0.03433,0.77925
32036897,2,2,0.00296,0.21652,0.78051
22095698,2,2,0.00281,0.01698,0.98021
19420143,2,2,0.00652,0.00469,0.98879
28157237,2,1,0.0454,0.47903,0.47557
1466370,2,0,0.36453,0.35675,0.27873
33149812,2,2,0.00579,0.01736,0.97685
3784053,2,2,0.0027,0.01666,0.98065
33533760,2,2,0.00423,0.05486,0.94091
27495111,0,0,0.87777,0.10605,0.01618
36629286,2,2,0.00608,0.03612,0.9578
6315091,2,2,0.12652,0.08922,0.78426
16030382,2,2,0.15054,0.05609,0.79337
35101126,2,2,0.00705,0.46115,0.5318
22691967,2,2,0.03356,0.40195,0.56449
37110671,0,2,0.38906,0.194,0.41695
9569676,2,2,0.21516,0.10474,0.6801
25038314,2,2,0.06902,0.43024,0.50074
4193280,2,1,0.04696,0.49008,0.46296
27687989,0,0,0.97365,0.02515,0.0012
33906861,2,2,0.06954,0.27248,0.65798
22983858,2,2,0.00086,0.02713,0.972
15001978,2,2,0.00157,0.00323,0.9952
10685753,0,0,0.56204,0.41813,0.01983
39174858,2,2,0.00152,0.01951,0.97897
37349219,0,0,0.8875,0.10428,0.00822
24498835,2,2,0.14828,0.09091,0.76081
17447789,2,2,0.00115,0.03847,0.96038
26294780,2,2,0.08631,0.21581,0.69789
32063087,0,0,0.48995,0.14397,0.36607
25277184,0,1,0.07279,0.77394,0.15327
27667751,0,0,0.92149,0.06486,0.01365
6532572,1,2,0.0502,0.02469,0.92511
37929710,2,2,0.00835,0.04356,0.94809
25957793,2,2,0.00034,0.00582,0.99383
1405141,2,2,0.00967,0.1876,0.80273
20338136,0,0,0.89579,0.08746,0.01675
23641760,2,2,0.11725,0.04756,0.83519
30627637,2,2,0.0661,0.02175,0.91216
4823398,2,2,8e-05,0.00394,0.99597
32555488,2,2,0.04401,0.01352,0.94247
26308826,2,2,0.0,0.00055,0.99945
4456292,2,2,0.05116,0.16072,0.78813
24604481,1,0,0.37175,0.32652,0.30173
28179329,0,1,0.38894,0.48154,0.12952
41306982,2,2,0.03832,0.10954,0.85213
29456804,2,2,0.0052,0.00284,0.99196
38595960,2,2,0.00145,0.04561,0.95294
11864016,0,2,0.2506,0.28179,0.46761
21977620,2,2,0.00018,0.0228,0.97701
14433044,0,0,0.46745,0.32438,0.20817
40063705,2,1,0.14547,0.70669,0.14783
37407173,0,0,0.89328,0.10382,0.00291
23125899,2,2,0.00525,0.0195,0.97525
5520443,1,1,0.27102,0.56069,0.16829
9012259,2,2,0.05368,0.0212,0.92512
18226984,2,2,0.1483,0.11485,0.73685
18958661,2,2,0.00084,0.02004,0.97912
4618474,1,1,0.43104,0.46585,0.10311
26055526,2,2,0.07026,0.14987,0.77987
41078970,2,2,0.02047,0.04655,0.93297
37921389,2,2,6e-05,0.00209,0.99785
16561955,2,2,0.01377,0.24334,0.74289
32144496,2,1,0.28847,0.37336,0.33817
6694029,0,0,0.65955,0.2455,0.09495
12536231,2,2,5e-05,0.01122,0.98872
4697136,2,2,0.02766,0.13487,0.83748
18272152,2,2,0.02848,0.11711,0.85441
5276720,2,2,0.00396,0.01919,0.97685
12017414,2,1,0.12058,0.82933,0.05009
32191580,2,2,0.02006,0.07811,0.90183
9879056,2,2,0.11663,0.40898,0.47439
36146479,2,2,0.00045,0.00192,0.99764
19222127,2,0,0.70603,0.21745,0.07652
5218746,0,1,0.10387,0.86278,0.03336
8133704,2,2,5e-05,0.00588,0.99407
10078502,2,2,0.00789,0.08842,0.9037
27532004,0,0,0.75079,0.23863,0.01057
38633182,1,0,0.60306,0.32118,0.07576
1807948,2,1,0.22766,0.59196,0.18037
13778942,2,1,0.33001,0.40692,0.26306
1261567,2,2,0.01518,0.02695,0.95787
36965471,0,0,0.94172,0.03204,0.02624
12449026,2,2,0.12227,0.05361,0.82411
14091556,2,2,0.02897,0.19255,0.77848
34925815,2,2,0.19157,0.21237,0.59606
12130119,2,2,0.01341,0.02303,0.96357
13361228,2,1,0.07834,0.70707,0.2146
17938301,2,2,0.00134,0.00802,0.99064
24868263,0,1,0.28963,0.68398,0.02639
41245288,2,2,0.00117,0.0019,0.99693
28857744,2,2,0.01372,0.02792,0.95835
11562131,2,2,0.03814,0.08407,0.87779
32261782,2,2,0.09543,0.17441,0.73016
23338346,2,2,0.10487,0.04585,0.84928
20893824,0,0,0.47747,0.26109,0.26144
16507230,0,0,0.96952,0.02462,0.00586
36002190,0,0,0.886,0.08449,0.02951
28071433,0,0,0.66356,0.32432,0.01212
12462812,2,2,0.05047,0.098,0.85153
3072615,2,2,9e-05,0.00245,0.99747
15162248,2,2,0.00225,0.00634,0.99141
27046876,2,2,0.00951,0.03866,0.95183
14589763,2,2,0.10254,0.07468,0.82278
1963947,2,2,0.00295,0.03287,0.96418
15677169,2,2,0.04229,0.05233,0.90538
24310096,1,2,0.41957,0.14351,0.43692
12648826,2,2,0.00917,0.08481,0.90602
13827738,2,2,0.01298,0.06786,0.91916
29598481,0,0,0.65062,0.29493,0.05445
16134060,2,0,0.53049,0.26738,0.20214
26915805,2,1,0.10751,0.68882,0.20367
24677664,2,2,0.09112,0.35466,0.55423
12111273,2,2,0.02745,0.05045,0.9221
4842863,2,2,0.00798,0.11521,0.87681
39448235,2,2,0.0575,0.04456,0.89795
16127078,2,1,0.35098,0.59255,0.05647
16561101,0,0,0.83811,0.10008,0.06181
31627353,2,2,0.00526,0.00986,0.98489
11218679,2,2,0.00514,0.05702,0.93784
15383954,2,2,0.06552,0.07303,0.86145
41548194,2,1,0.02928,0.527,0.44372
17696284,2,2,0.02408,0.02862,0.9473
25575887,2,0,0.49457,0.11014,0.39529
39175545,2,2,0.00989,0.0098,0.98031
29429029,2,2,0.0011,0.01977,0.97914
36142359,0,0,0.96963,0.0282,0.00217
10857991,0,0,0.74394,0.19037,0.06569
26806116,2,2,0.00114,0.00154,0.99732
17917447,2,2,0.011,0.01907,0.96993
26925966,0,0,0.95807,0.03557,0.00636
36559731,2,2,0.01421,0.02897,0.95681
15280558,2,2,0.00891,0.04194,0.94915
5222773,2,2,0.04019,0.15231,0.80751
4483941,2,2,0.24694,0.31611,0.43694
35899707,2,2,0.03893,0.03919,0.92188
39632081,1,1,0.33652,0.57406,0.08942
20218767,2,2,0.00894,0.16323,0.82784
35478394,2,2,0.0365,0.04648,0.91702
4711128,2,1,0.09824,0.73036,0.1714
10117995,2,2,0.00065,0.00616,0.99319
7555120,2,2,0.00216,0.01849,0.97935
22402861,0,1,0.45798,0.48957,0.05246
5835092,2,2,0.00422,0.07113,0.92465
7437024,2,2,0.01048,0.05835,0.93117
3867551,2,2,0.01185,0.02483,0.96332
21521228,0,0,0.7668,0.22025,0.01295
11071277,0,0,0.80246,0.17715,0.02039
32819403,2,2,0.04748,0.03638,0.91613
8219414,0,0,0.61478,0.24411,0.1411
31474331,2,2,0.08232,0.12818,0.7895
22380489,2,2,0.06712,0.33112,0.60176
8099804,2,2,0.03332,0.30336,0.66332
5270425,2,2,0.014,0.04517,0.94083
5575804,2,1,0.22721,0.41409,0.3587
16681983,0,0,0.67836,0.31895,0.0027
13777075,2,2,0.09979,0.3928,0.50741
9097579,2,1,0.05954,0.50021,0.44024
26875746,0,0,0.62545,0.30368,0.07087
11237146,0,0,0.64627,0.27715,0.07659
1480289,0,0,0.97392,0.01243,0.01364
39851599,2,2,0.00207,0.01002,0.9879
4698330,2,2,0.01834,0.08418,0.89748
19459335,2,1,0.08309,0.82756,0.08935
24637564,2,2,0.00541,0.0031,0.99149
28834175,2,2,0.3248,0.05033,0.62487
28449884,2,2,0.05769,0.23668,0.70562
21614730,2,1,0.31331,0.58718,0.09951
20178353,2,2,0.11246,0.23095,0.65658
37937367,0,0,0.99013,0.00609,0.00378
16737419,2,2,0.00046,0.00202,0.99753
23770668,1,1,0.26656,0.4353,0.29814
25814887,1,1,0.17851,0.76089,0.0606
37988918,2,2,0.03924,0.24291,0.71785
12099754,2,2,0.00855,0.03614,0.95531
39721942,2,2,0.09789,0.14286,0.75925
17972892,2,2,0.10495,0.24912,0.64592
36549528,2,2,0.0155,0.20896,0.77554
5217592,0,0,0.74497,0.13378,0.12125
10954770,2,2,0.02737,0.01867,0.95396
30540250,2,1,0.28889,0.51697,0.19415
16832879,2,2,0.01908,0.27511,0.70581
38073655,2,2,0.00735,0.05,0.94265
20053228,0,0,0.51328,0.02214,0.46458
19389277,2,2,0.00611,0.0083,0.98559
35208214,0,0,0.92121,0.0348,0.04399
3000870,0,0,0.73089,0.24509,0.02402
24362656,2,2,0.04482,0.02441,0.93077
8668416,2,2,0.06863,0.10273,0.82864
37925472,2,2,0.02384,0.029,0.94716
17773438,2,2,0.13673,0.03578,0.82749
3093927,2,2,0.00096,0.02511,0.97393
18795569,2,1,0.26019,0.57604,0.16377
34127403,2,2,0.0315,0.11089,0.85761
23135331,0,1,0.1245,0.87332,0.00218
2315716,2,1,0.22501,0.57798,0.19701
18226110,2,2,0.00433,0.09183,0.90383
32354209,2,1,0.02343,0.56938,0.40719
35896298,2,2,0.08699,0.05315,0.85986
16540495,2,2,0.05855,0.08668,0.85477
16372316,2,2,0.00796,0.15999,0.83205
16628816,2,2,0.00174,0.01582,0.98245
3777802,2,2,0.04494,0.19985,0.7552
40110642,2,2,0.22368,0.36485,0.41147
7031374,0,0,0.95338,0.02693,0.01969
18075449,2,2,0.04182,0.05684,0.90133
35698202,0,0,0.74048,0.20455,0.05497
15261674,0,0,0.5673,0.40872,0.02397
40063599,2,2,5e-05,0.00056,0.99939
41074693,0,0,0.95247,0.02004,0.02748
19311830,0,0,0.86406,0.1316,0.00434
4115790,2,2,0.03941,0.12093,0.83966
13565119,2,2,0.00859,0.03257,0.95884
715555,2,2,6e-05,0.00215,0.99779
26050196,2,0,0.43685,0.27137,0.29177
36974037,2,2,0.0075,0.06217,0.93034
32018507,0,0,0.72715,0.23813,0.03471
8568442,2,2,0.00424,0.00921,0.98655
9265325,2,2,0.00098,0.01793,0.98109
24319779,0,0,0.80132,0.18588,0.0128
5845653,1,0,0.67517,0.25746,0.06737
6777149,2,2,0.01132,0.09478,0.8939
39566189,2,1,0.05828,0.52502,0.4167
22878588,0,0,0.70869,0.22926,0.06205
13958225,2,2,0.01082,0.03858,0.9506
27519450,2,1,0.27925,0.49251,0.22825
24948567,2,2,0.03376,0.00734,0.95889
37715168,2,2,0.07011,0.14676,0.78313
27662592,2,2,0.099,0.06595,0.83505
3974578,1,0,0.96788,0.02672,0.0054
36158101,2,2,0.03829,0.05381,0.9079
2805611,2,2,0.00193,0.06374,0.93432
15696046,2,2,0.00013,0.02147,0.9784
15347518,1,1,0.37369,0.60062,0.02569
38697626,1,0,0.74096,0.25244,0.0066
365173,0,0,0.86182,0.12005,0.01813
22940804,2,2,0.0346,0.05442,0.91097
4809206,2,2,0.015,0.11849,0.86652
7472231,2,1,0.42737,0.51864,0.054
22547890,2,2,0.00778,0.02292,0.96929
29162263,2,2,0.0807,0.30714,0.61216
11824378,0,0,0.74436,0.24738,0.00827
17655044,2,2,0.04546,0.03312,0.92142
6360674,2,2,0.01006,0.0854,0.90454
10067230,0,0,0.8927,0.10188,0.00542
12409568,2,2,0.01015,0.01936,0.97049
4254978,1,0,0.68162,0.22553,0.09285
32578844,0,0,0.78398,0.21002,0.006
14326806,2,2,0.04054,0.01959,0.93987
10779371,2,0,0.49942,0.45458,0.046
36665067,2,2,0.0286,0.10194,0.86946
40133794,2,2,0.00482,0.00923,0.98595
17777051,2,2,0.04614,0.03591,0.91795
18019073,2,0,0.70877,0.04446,0.24676
37657538,0,2,0.32256,0.22137,0.45608
39281105,0,0,0.69577,0.2706,0.03363
4164333,2,2,0.00424,0.00571,0.99005
11435881,0,0,0.71871,0.18227,0.09902
9744091,2,2,0.1723,0.23026,0.59743
9666123,2,2,0.00995,0.00506,0.98499
10551769,2,2,0.04093,0.11034,0.84873
17912675,2,2,0.10983,0.0176,0.87257
11310266,1,0,0.6736,0.31036,0.01605
32210362,2,2,0.06495,0.0907,0.84436
3997700,2,2,0.07085,0.3491,0.58005
28962890,2,2,0.05418,0.13624,0.80958
37920593,0,0,0.73195,0.24845,0.0196
14882010,2,2,0.01411,0.09751,0.88838
29944378,2,2,0.00036,0.00868,0.99096
35806214,2,2,0.04652,0.02911,0.92437
12569261,2,2,0.0011,0.00325,0.99565
9141865,2,1,0.05743,0.84545,0.09711
12407267,2,2,0.33707,0.14758,0.51535
24641596,2,2,0.01605,0.16211,0.82185
1890401,2,1,0.0611,0.6288,0.31009
15001507,2,2,0.03824,0.15241,0.80935
6909395,2,2,0.00754,0.02207,0.97039
32745794,2,2,0.13561,0.20328,0.66111
32290089,2,2,0.00354,0.01143,0.98502
22736854,2,2,0.0275,0.05025,0.92225
16287403,2,2,0.03491,0.0706,0.89449
36449993,0,0,0.62467,0.12348,0.25185
40578114,0,0,0.56137,0.37491,0.06371
24794862,0,1,0.34352,0.39733,0.25915
36859613,2,2,0.00563,0.04281,0.95155
34847517,0,0,0.77029,0.13382,0.09589
9172754,2,2,0.26974,0.36303,0.36723
28728765,1,0,0.55203,0.3313,0.11667
27673851,2,2,0.00819,0.01251,0.97929
27933819,2,2,0.00197,0.44176,0.55628
21912521,2,2,0.15108,0.17851,0.67041
38126656,2,2,0.02416,0.00569,0.97015
7762411,2,2,0.02787,0.05656,0.91557
26290750,2,2,0.08795,0.05009,0.86197
23990456,1,0,0.92708,0.03954,0.03338
31482468,0,0,0.92179,0.07314,0.00507
19884537,2,2,0.30566,0.18635,0.508
11685459,0,0,0.60773,0.34973,0.04254
1058887,2,2,0.00024,0.00236,0.9974
34081509,2,1,0.09451,0.57071,0.33478
38898487,2,2,0.0011,0.00591,0.99299
39843834,2,2,0.01846,0.08306,0.89848
28836259,2,2,0.00381,0.09785,0.89834
10868326,2,2,0.01899,0.345,0.636
9747538,2,1,0.09328,0.47892,0.4278
493217,2,2,0.03697,0.01226,0.95077
5376165,2,2,0.00709,0.01634,0.97657
28959945,2,2,0.00052,0.0122,0.98728
2765245,2,2,0.02021,0.07688,0.90291
22013593,2,2,0.42053,0.13981,0.43966
38350682,2,2,0.39122,0.10384,0.50493
7526844,2,2,0.04841,0.0213,0.9303
12331466,1,0,0.47291,0.45734,0.06974
13961127,2,2,0.00954,0.01265,0.97781
34527865,2,2,0.00234,0.01005,0.9876
9064905,2,1,0.07387,0.62505,0.30108
11521703,2,2,0.01814,0.0765,0.90536
10261053,2,1,0.11642,0.81368,0.0699
2521128,2,2,4e-05,0.00613,0.99383
25777466,2,2,0.00848,0.15669,0.83483
17256392,2,2,0.05179,0.09744,0.85077
41011849,1,1,0.28323,0.52677,0.19
10553397,2,1,0.07737,0.87499,0.04765
41214516,0,0,0.45303,0.18263,0.36434
25993622,2,2,0.20779,0.3363,0.45591
32280586,0,0,0.61372,0.35422,0.03207
38276087,0,0,0.92414,0.06785,0.00801
25695341,2,2,0.24508,0.15803,0.59689
32609488,0,0,0.97834,0.01626,0.0054
27317715,2,2,0.02972,0.3569,0.61338
18318594,2,2,0.0322,0.16088,0.80692
25265207,2,2,0.04641,0.28589,0.6677
2387792,2,2,0.15381,0.1959,0.65029
21036303,2,2,0.02209,0.07833,0.89958
30841159,2,2,0.05104,0.07537,0.87359
14885730,2,0,0.48693,0.33871,0.17436
20030355,2,2,0.03399,0.0887,0.87731
3473936,1,0,0.88844,0.10804,0.00351
32319512,0,0,0.99331,0.00664,5e-05
5208464,0,0,0.82356,0.07166,0.10478
20085871,2,1,0.0912,0.65352,0.25528
5399453,2,2,0.00206,0.00485,0.99309
11239944,0,1,0.08467,0.61632,0.29901
37560446,2,2,0.00035,0.00294,0.99671
39907234,2,2,0.01087,0.04858,0.94054
28645095,2,2,0.00513,0.02612,0.96875
28337637,2,2,0.04794,0.10002,0.85204
6795251,2,2,0.29165,0.29098,0.41737
29721609,0,0,0.98921,0.01049,0.00031
30151821,2,2,0.17949,0.32393,0.49658
21702031,2,2,0.03802,0.02899,0.933
1424128,2,2,0.00089,0.00399,0.99512
16470724,2,2,0.04765,0.01438,0.93797
28801891,1,0,0.39424,0.27528,0.33048
18464683,2,2,0.06468,0.12885,0.80647
34886401,2,2,0.12964,0.18087,0.68948
203580,2,1,0.1233,0.56318,0.31352
11669883,2,0,0.7715,0.21168,0.01682
25299285,0,0,0.85359,0.11597,0.03044
34771290,2,2,0.37924,0.18326,0.4375
19054104,2,1,0.21573,0.60062,0.18365
18729454,2,2,0.113,0.11423,0.77277
10530440,2,2,0.01654,0.16702,0.81645
6783758,0,0,0.9534,0.04628,0.00031
1550076,2,2,0.00049,0.00207,0.99744
3302667,2,2,6e-05,0.00215,0.99779
9751421,2,2,0.10804,0.08558,0.80637
33979458,2,2,0.08446,0.10679,0.80876
8140692,0,0,0.73368,0.16948,0.09684
41271609,2,0,0.49787,0.11634,0.38579
36963697,0,0,0.84279,0.11652,0.04069
1426620,2,2,0.00721,0.00989,0.9829
20683782,1,0,0.6163,0.34945,0.03425
9556477,2,2,0.43783,0.10578,0.45639
22213447,2,2,0.13623,0.082,0.78177
30010227,0,0,0.96871,0.02666,0.00463
14472935,2,2,0.04811,0.2489,0.70299
23906542,0,0,0.77896,0.10164,0.11939
4908627,2,2,0.04314,0.04586,0.911
24240627,2,1,0.17617,0.71946,0.10437
35422091,2,1,0.08046,0.66148,0.25805
1902982,0,0,0.5466,0.44487,0.00853
9605471,2,2,0.08067,0.34309,0.57624
3311627,2,2,0.00872,0.01236,0.97892
21777451,2,2,6e-05,0.00026,0.99968
38189992,2,2,0.02944,0.14564,0.82492
27943628,2,2,0.00056,0.15967,0.83977
19387995,0,0,0.76119,0.09943,0.13938
11065383,2,2,0.05542,0.03186,0.91272
2861193,2,2,0.03653,0.30293,0.66054
40247893,2,0,0.59995,0.03107,0.36897
31126166,2,2,0.01197,0.07965,0.90838
17991330,2,2,0.00486,0.01712,0.97803
19352251,2,2,0.06761,0.07099,0.86141
3475167,2,2,0.00925,0.02262,0.96813
8484831,2,2,0.05739,0.29208,0.65053
14326988,2,2,0.00162,0.00629,0.99209
39778784,0,0,0.95884,0.02557,0.01558
19703606,1,0,0.77935,0.17063,0.05002
2276944,2,2,0.03133,0.0509,0.91776
18317960,2,2,0.06522,0.03397,0.90081
27179330,0,0,0.34609,0.33786,0.31605
20036670,2,2,0.09816,0.1472,0.75464
10966759,2,2,0.17344,0.19727,0.62929
11136727,2,2,0.22023,0.17111,0.60866
33121347,2,2,0.00304,0.02635,0.97062
6581981,2,0,0.40862,0.21853,0.37286
36903463,0,0,0.9291,0.03293,0.03797
14484504,1,0,0.77566,0.18189,0.04245
13682912,0,2,0.1721,0.01547,0.81243
34199592,2,2,0.16392,0.12914,0.70694
39729137,2,2,0.13135,0.29,0.57865
7440979,2,2,0.06234,0.11029,0.82737
28309236,2,2,0.10796,0.40081,0.49123
26545598,2,2,0.00993,0.00584,0.98423
4131947,1,1,0.03004,0.67026,0.29969
19826608,2,2,0.00972,0.01594,0.97434
7848816,2,2,0.03621,0.02941,0.93438
27788287,2,2,0.01439,0.0225,0.96311
29092668,2,2,0.00424,0.00945,0.98632
27328803,2,0,0.5316,0.19067,0.27773
31007145,2,2,0.07038,0.13678,0.79284
25546739,1,0,0.59906,0.3409,0.06004
14139426,2,2,0.01082,0.06319,0.926
6444776,2,2,0.00774,0.03084,0.96142
28397113,2,1,0.21995,0.70425,0.0758
6634167,2,2,0.01869,0.03128,0.95003
34600435,2,2,0.09423,0.36379,0.54198
879805,1,1,0.14706,0.8344,0.01855
36074631,2,2,3e-05,0.00054,0.99944
17818321,2,1,0.10372,0.45007,0.44621
18762103,2,2,0.05924,0.0319,0.90885
9579522,2,2,0.13433,0.13059,0.73508
5384601,2,2,0.04428,0.25886,0.69685
13759390,1,0,0.63755,0.32594,0.0365
4852557,0,0,0.84859,0.11426,0.03715
40827816,0,0,0.92678,0.05792,0.0153
9412902,0,0,0.46376,0.31278,0.22346
41251965,2,2,0.28166,0.22112,0.49722
19460433,0,0,0.87785,0.09576,0.02639
15348415,2,1,0.08682,0.73557,0.17761
3631766,0,0,0.80392,0.14928,0.0468
34620412,2,2,0.15096,0.0902,0.75885
39378229,0,0,0.83836,0.10986,0.05178
22857835,2,2,0.0168,0.06678,0.91643
31431447,2,2,0.09483,0.38839,0.51678
39212362,0,0,0.49102,0.17489,0.3341
26389927,2,2,0.00061,0.0061,0.99329
39118080,0,0,0.81161,0.05493,0.13346
37507013,2,2,0.00042,0.00271,0.99688
13342128,2,2,0.02572,0.1497,0.82458
31664773,2,2,0.00144,0.01141,0.98714
11603153,2,2,0.00566,0.00834,0.98601
18022373,2,2,0.26789,0.02746,0.70465
30512545,2,2,0.00737,0.01456,0.97807
15768001,2,2,0.0224,0.14694,0.83066
40493247,2,2,0.05576,0.17106,0.77318
14334930,2,2,0.00677,0.01872,0.97451
39841530,2,2,0.06935,0.05089,0.87977
21847722,2,2,0.00671,0.00875,0.98454
6586925,0,0,0.93731,0.05187,0.01082
11978047,1,2,0.01408,0.26858,0.71733
17523859,2,1,0.12467,0.71968,0.15565
14899606,0,0,0.78571,0.17675,0.03754
19896958,2,2,0.00011,0.00508,0.9948
33620891,2,1,0.27577,0.36488,0.35935
39932949,2,1,0.01865,0.63548,0.34588
7489131,2,2,0.01404,0.05826,0.9277
3144058,0,0,0.88632,0.07788,0.0358
35894605,2,2,0.02664,0.1634,0.80996
3613132,0,0,0.72262,0.24807,0.02931
16218494,1,2,0.00095,0.05384,0.9452
22261581,2,2,0.00414,0.01335,0.98251
1723661,0,0,0.56593,0.25498,0.17909
35045182,2,2,0.02854,0.08906,0.8824
13543340,2,2,0.1931,0.36742,0.43947
34402899,0,2,0.26334,0.34188,0.39478
4626471,2,2,0.01413,0.02096,0.96491
29458130,0,0,0.96064,0.03891,0.00045
1081288,2,0,0.58214,0.38501,0.03285
29926283,2,2,0.0013,0.07203,0.92667
19415949,2,2,0.00214,0.02681,0.97105
14294226,2,2,0.00569,0.27156,0.72275
19173457,2,2,0.13644,0.21741,0.64615
35967041,2,2,0.08987,0.28794,0.62219
20734973,2,2,0.03942,0.01638,0.9442
26791419,2,2,0.02655,0.06344,0.91001
21442651,0,0,0.91277,0.02451,0.06271
41175922,0,0,0.76045,0.22126,0.01829
17456288,2,2,0.00483,0.02525,0.96992
36622536,2,2,0.04256,0.01156,0.94588
6084452,2,2,0.05403,0.10361,0.84236
3011925,2,2,0.11735,0.14324,0.73941
3703043,2,1,0.02658,0.87278,0.10064
9937455,2,2,0.00152,0.00711,0.99137
13586098,1,1,0.18966,0.5672,0.24314
12616542,2,1,0.096,0.46039,0.4436
26409250,2,2,0.00014,0.00139,0.99847
10496014,2,2,0.01373,0.1599,0.82637
34617522,2,2,0.00057,0.00887,0.99056
28509085,2,2,0.00115,0.02059,0.97826
5793504,2,2,0.01189,0.0265,0.96161
1334609,2,2,0.01006,0.0854,0.90454
6614444,0,0,0.77241,0.11831,0.10929
8669853,2,1,0.23112,0.53081,0.23807
1671909,2,2,0.01196,0.04426,0.94378
19170,2,2,0.09818,0.30865,0.59317
23904256,0,0,0.97372,0.02476,0.00152
17087106,1,0,0.57869,0.36642,0.05489
36062537,2,0,0.52152,0.33973,0.13875
11572868,1,1,0.35446,0.64046,0.00508
34679888,1,0,0.59402,0.38861,0.01737
8597554,0,0,0.99742,0.00236,0.00022
832421,2,1,0.17312,0.76647,0.06041
2880033,1,1,0.27864,0.52708,0.19428
30068112,2,2,0.17514,0.35324,0.47162
16453818,0,1,0.31953,0.67574,0.00473
28615042,2,2,0.00061,0.00163,0.99776
10737667,2,2,0.10301,0.27797,0.61903
2513462,0,1,0.45306,0.50893,0.03801
17383495,0,0,0.96175,0.03803,0.00022
40254971,1,1,0.24533,0.40758,0.34709
26757060,2,2,0.01046,0.0238,0.96574
25628478,0,0,0.93207,0.06078,0.00715
20476702,2,2,0.12553,0.11432,0.76015
29780577,0,0,0.4543,0.13021,0.41549
5217750,2,2,0.00178,0.28879,0.70943
18337986,0,0,0.66284,0.09285,0.24432
34029806,2,2,0.06939,0.43456,0.49605
20194219,0,2,0.28067,0.27683,0.4425
488099,2,2,2e-05,0.06502,0.93495
7617511,2,2,0.02435,0.16937,0.80628
13417533,2,2,0.01075,0.2108,0.77845
6243792,2,2,0.0331,0.41301,0.55389
9196061,2,2,0.00151,0.00611,0.99238
34174013,2,2,0.02319,0.04166,0.93515
18590095,2,1,0.03403,0.64533,0.32064
13918263,2,2,0.31096,0.0663,0.62274
22485086,0,2,0.37244,0.10308,0.52448
22676331,2,2,0.00048,0.00357,0.99595
18939460,1,2,0.00795,0.16443,0.82762
11260791,2,0,0.43398,0.25275,0.31327
6586392,2,2,0.00401,0.10137,0.89461
30312744,1,1,0.28524,0.47331,0.24146
34461027,2,2,0.09835,0.37243,0.52922
35564814,2,2,0.41774,0.03239,0.54986
274794,2,2,0.02731,0.12269,0.85
29186078,2,0,0.46844,0.10817,0.42338
10315575,1,2,0.20825,0.32077,0.47097
35750393,2,2,0.10606,0.10558,0.78836
41103029,2,2,3e-05,0.00209,0.99788
6399943,2,2,0.01466,0.07657,0.90877
23897921,2,0,0.72085,0.14696,0.13219
41261469,0,0,0.9237,0.07478,0.00152
10582923,2,2,0.00403,0.0759,0.92007
22626083,0,0,0.64779,0.11163,0.24058
10844928,2,2,0.00201,0.20456,0.79343
4478191,2,2,0.00738,0.01236,0.98026
18209162,0,0,0.77123,0.21608,0.0127
38657466,2,2,0.07374,0.0113,0.91496
30727666,0,0,0.83165,0.15146,0.0169
13993502,2,2,0.00689,0.03899,0.95413
6734402,2,2,0.18163,0.30963,0.50874
39003679,2,2,0.03408,0.17996,0.78596
30776904,1,1,0.16822,0.45602,0.37576
10102777,2,2,0.00062,0.00316,0.99623
30012581,0,1,0.31487,0.68039,0.00474
26596383,2,2,0.01105,0.03013,0.95882
677095,2,2,0.17918,0.06669,0.75413
15295052,0,0,0.78452,0.16986,0.04562
35443167,2,2,0.00052,0.02149,0.97799
23453758,2,2,0.0111,0.03364,0.95526
21451893,2,2,0.14857,0.07626,0.77517
28426010,1,0,0.62504,0.36048,0.01448
39788728,1,1,0.38398,0.51431,0.10171
6715281,2,2,0.03657,0.2545,0.70894
37573996,2,2,0.05283,0.36248,0.58469
19410349,2,2,0.00122,0.00264,0.99615
27300721,0,0,0.91991,0.0794,0.00069
3923301,2,2,0.02379,0.12008,0.85613
31887320,2,2,0.01303,0.16267,0.8243
20481235,2,2,0.06623,0.06718,0.86659
15749909,2,1,0.16404,0.43692,0.39904
36951323,2,2,0.02484,0.04861,0.92655
40562599,2,2,0.08366,0.03926,0.87708
29335623,2,2,0.10523,0.31462,0.58014
8812742,2,2,0.02696,0.19082,0.78222
30093598,2,2,0.0019,0.07647,0.92163
12771355,0,0,0.89378,0.06643,0.03978
35008428,2,2,1e-05,0.00106,0.99893
34080169,2,2,0.07633,0.04717,0.8765
13218236,2,2,0.0886,0.09879,0.81261
6034675,2,2,0.2223,0.37962,0.39808
6018743,2,2,0.00039,0.01557,0.98404
2659235,0,0,0.83179,0.11158,0.05662
41263434,2,2,0.12048,0.06774,0.81178
23253819,1,0,0.6478,0.33128,0.02092
33242409,2,2,0.00112,0.02251,0.97637
26260973,2,2,0.00219,0.01033,0.98748
8503379,2,1,0.26352,0.57862,0.15786
5732571,0,2,0.33139,0.12644,0.54217
14174483,1,1,0.04463,0.80832,0.14705
36118935,2,2,0.18809,0.35877,0.45314
19282594,2,2,0.00599,0.02786,0.96615
20795244,2,2,0.00167,0.40212,0.59622
9154280,2,2,0.02669,0.28739,0.68592
41153593,2,2,0.00011,0.00099,0.9989
11461346,1,0,0.81167,0.14507,0.04326
37766218,2,2,0.00024,0.00314,0.99662
529853,0,0,0.79698,0.19882,0.0042
24989583,2,2,0.00612,0.0125,0.98138
12639685,0,0,0.90522,0.07153,0.02325
19716160,2,1,0.19944,0.52599,0.27457
9022810,2,2,0.01879,0.04848,0.93273
9059344,0,0,0.52453,0.42714,0.04834
4930872,0,0,0.99323,0.0063,0.00047
39975602,2,2,0.01263,0.03819,0.94918
4566578,2,2,0.00268,0.07234,0.92498
30203023,2,2,0.0019,0.00733,0.99078
1446312,2,2,0.0081,0.00923,0.98268
5695898,2,2,0.00223,0.09485,0.90292
30986653,2,2,0.00132,0.00759,0.99109
28615960,2,2,0.03442,0.0697,0.89589
39777542,2,2,0.0009,0.03408,0.96502
28674463,2,2,0.00511,0.01413,0.98076
31595605,2,2,0.16239,0.03345,0.80416
28618682,0,0,0.9792,0.01886,0.00194
23554954,2,2,0.00096,0.01052,0.98852
17747546,2,2,0.01062,0.00928,0.9801
23905085,1,0,0.51045,0.43855,0.051
37200474,2,2,0.07797,0.06346,0.85857
38619443,0,0,0.46343,0.44081,0.09576
25691132,2,2,0.01691,0.01924,0.96385
27930012,1,1,0.29057,0.62744,0.08199
17172130,0,1,0.36114,0.57499,0.06387
28069716,2,2,0.10908,0.19435,0.69657
24528528,2,2,0.02718,0.168,0.80482
3889367,2,2,0.20785,0.1619,0.63025
17433681,2,2,0.00835,0.00339,0.98825
3397307,2,2,0.01513,0.0479,0.93697
17914429,2,2,0.00312,0.02484,0.97204
22936228,2,2,0.03065,0.12736,0.84199
38184271,2,2,0.18698,0.06138,0.75164
12420133,0,0,0.98551,0.01327,0.00122
4376901,2,2,0.00216,0.0266,0.97124
27590298,2,2,0.09349,0.22761,0.6789
19573917,2,2,0.00615,0.41363,0.58023
39122501,2,2,0.07092,0.32707,0.602
2641016,2,2,0.00026,0.00111,0.99863
34448877,2,2,0.0445,0.02861,0.92689
2510602,2,2,0.01556,0.08657,0.89788
39700473,2,2,0.00141,0.00296,0.99563
20004868,2,2,0.08379,0.05436,0.86186
5768208,2,2,0.02101,0.06597,0.91302
9901438,2,0,0.49776,0.22356,0.27868
35477294,2,2,0.00621,0.00942,0.98437
22753629,2,2,0.01617,0.15331,0.83052
3793103,2,2,0.07221,0.04001,0.88778
33813724,2,2,0.01018,0.00911,0.98071
26882775,2,2,0.07938,0.02233,0.8983
11932089,2,2,0.02418,0.04993,0.92589
22952326,0,1,0.23957,0.55525,0.20518
34084539,2,2,0.38258,0.19303,0.42439
10998387,2,2,0.0138,0.03291,0.95329
33102736,2,2,0.00196,0.00917,0.98887
21562812,2,0,0.75292,0.18242,0.06466
33364520,2,2,0.0,0.00025,0.99975
6738051,2,2,0.00213,0.03292,0.96495
4957432,2,2,0.00123,0.00544,0.99333
9286878,2,2,0.00812,0.19966,0.79222
11749195,2,0,0.81771,0.15887,0.02342
36655710,2,2,0.06324,0.18375,0.75301
23865238,2,2,0.00778,0.03064,0.96159
38178053,2,2,0.00355,0.00807,0.98839
25235530,1,1,0.08672,0.67626,0.23702
16726711,2,2,0.00071,0.00813,0.99115
31869271,0,0,0.85124,0.13449,0.01427
9039033,2,2,0.01221,0.18333,0.80446
424248,2,2,0.2804,0.01016,0.70943
20936241,2,2,0.00137,0.05293,0.94571
24885810,2,2,0.1828,0.36654,0.45066
33796409,2,2,0.05819,0.29248,0.64934
30468268,2,1,0.0899,0.66326,0.24684
9998605,2,2,0.06305,0.1071,0.82985
16687510,0,0,0.82877,0.16505,0.00619
29744188,0,1,0.00493,0.64642,0.34864
41278036,2,2,0.04579,0.01614,0.93807
19968894,2,2,0.11477,0.15759,0.72764
7746596,2,2,0.04965,0.03516,0.91519
14408169,2,2,0.00049,0.00719,0.99231
23547736,1,0,0.66436,0.19078,0.14486
14724132,2,2,0.00612,0.00648,0.9874
24459882,2,2,0.00191,0.05288,0.94521
1033976,2,2,0.08064,0.07079,0.84857
33447473,2,2,0.25519,0.25123,0.49357
2533090,0,0,0.73128,0.15007,0.11865
2281796,2,2,0.02635,0.14295,0.83071
2121113,2,1,0.09367,0.47454,0.43179
2741433,2,2,0.17866,0.30299,0.51835
38843711,0,0,0.91231,0.05898,0.02871
8401774,1,1,0.24362,0.69752,0.05886
13211658,2,0,0.49888,0.28993,0.21119
31887209,0,0,0.96543,0.03079,0.00378
21693526,2,2,0.02974,0.10159,0.86866
21207452,0,0,0.70097,0.25473,0.0443
9188775,0,1,0.44014,0.47379,0.08606
13594300,2,2,0.00081,0.01213,0.98706
34105103,2,2,0.01156,0.02566,0.96278
31080866,1,2,0.07144,0.30305,0.6255
26591397,2,2,0.02522,0.08715,0.88763
15469729,2,2,0.04569,0.33899,0.61531
8547505,1,1,0.32208,0.60228,0.07564
22415796,0,0,0.67761,0.16642,0.15597
18536842,2,2,0.082,0.06963,0.84837
40265325,2,2,0.09218,0.34551,0.56231
25712032,2,2,0.01006,0.0854,0.90454
40154406,0,0,0.96309,0.03399,0.00292
39740054,2,2,0.017,0.11001,0.873
601102,2,2,0.02635,0.08714,0.88651
32837073,0,2,0.27821,0.10084,0.62095
38729762,2,2,0.03225,0.11902,0.84874
24122965,0,0,0.69375,0.28259,0.02366
9224182,2,2,0.00145,0.00764,0.99091
35988156,2,2,0.00632,0.22469,0.76899
15668733,0,0,0.95816,0.04183,1e-05
3855085,2,2,0.01257,0.02858,0.95885
22256360,0,0,0.98125,0.01745,0.0013
11511159,0,0,0.52901,0.44347,0.02751
33236322,2,2,0.00348,0.01377,0.98276
14965847,2,2,0.03479,0.23297,0.73224
8545901,2,2,0.29936,0.1442,0.55644
28884306,0,0,0.93981,0.05976,0.00043
17003639,2,2,0.00467,0.01933,0.976
28365357,2,2,0.14537,0.08635,0.76828
38977314,0,0,0.96026,0.03864,0.0011
22983029,1,0,0.70949,0.25002,0.04048
37734958,0,0,0.7692,0.22874,0.00206
23982705,2,2,0.01611,0.13036,0.85353
14889902,2,2,0.00723,0.03379,0.95898
22489107,2,1,0.15851,0.77129,0.0702
18042882,1,1,0.34267,0.65229,0.00505
14672352,0,0,0.88208,0.08782,0.03009
40559368,2,2,0.01578,0.36789,0.61633
14235316,2,2,0.08922,0.37152,0.53926
28955675,2,1,0.07765,0.66702,0.25532
3518289,2,2,0.00052,0.02149,0.97799
11678868,2,2,0.02005,0.02879,0.95115
7180115,0,1,0.29625,0.58359,0.12016
14155173,0,0,0.98982,0.00878,0.00139
7381436,2,2,0.00287,0.09266,0.90447
4471544,2,1,0.08277,0.67229,0.24494
37014006,0,0,0.97238,0.02719,0.00043
23087413,2,2,0.00429,0.0089,0.98681
15700318,2,0,0.63895,0.25033,0.11072
25453955,2,2,0.00304,0.00402,0.99294
29219650,2,2,0.00614,0.03569,0.95817
32073864,2,2,0.0087,0.10863,0.88268
30315783,2,2,0.0096,0.04625,0.94415
30974235,2,2,0.00399,0.12107,0.87494
9081271,2,2,0.01109,0.06006,0.92886
6429170,2,2,0.12231,0.30153,0.57616
23137866,0,0,0.86473,0.06949,0.06578
18110633,2,2,0.00686,0.03402,0.95912
3235483,1,1,0.29428,0.60059,0.10513
22236490,2,2,0.09563,0.06893,0.83544
3676950,2,2,0.02133,0.05046,0.9282
39599343,2,2,0.00174,0.01487,0.98339
11676941,0,2,0.3439,0.13978,0.51632
21888321,2,2,0.0035,0.00347,0.99303
11186701,0,0,0.78486,0.13945,0.07568
7773987,2,2,0.00571,0.03509,0.9592
35178473,2,2,0.02024,0.05604,0.92373
2052767,2,2,0.08404,0.20171,0.71425
1892640,2,2,0.0098,0.0459,0.9443
9335574,2,2,0.00348,0.00828,0.98824
8685947,0,0,0.80348,0.17026,0.02626
9114613,2,2,0.00916,0.15766,0.83317
36408931,2,2,0.07366,0.34854,0.5778
2372635,2,2,0.00043,0.00212,0.99745
20455330,2,2,0.01082,0.03318,0.956
32816459,0,0,0.95454,0.04435,0.00111
19568114,2,2,0.0317,0.01656,0.95174
29853429,2,2,0.00984,0.01257,0.97759
9247123,2,2,0.07743,0.28012,0.64246
39607288,2,2,0.23271,0.10682,0.66047
35245905,2,2,0.04256,0.33014,0.62729
39212390,2,2,0.00232,0.01038,0.9873
18086292,1,0,0.40681,0.30109,0.2921
35498956,2,2,0.25359,0.05024,0.69617
1909281,0,1,0.43111,0.48367,0.08522
17495531,2,2,0.01482,0.03714,0.94804
28009866,2,2,0.00099,0.09877,0.90024
17449373,2,2,0.00597,0.01404,0.97999
6951718,2,2,7e-05,0.00587,0.99405
28475940,0,1,0.18811,0.80305,0.00883
31315763,1,1,0.31323,0.59406,0.09271
34507893,2,2,0.06384,0.06845,0.86771
17926815,2,2,0.2249,0.07215,0.70295
28441978,2,2,0.05304,0.12145,0.82551
34626061,0,0,0.82377,0.16284,0.01339
17138221,2,2,0.00463,0.06374,0.93164
26944090,2,2,0.01098,0.00477,0.98425
2192823,1,1,0.09111,0.63646,0.27243
20940123,0,0,0.78536,0.08718,0.12746
1884307,2,2,0.03727,0.12939,0.83333
17525785,2,2,0.03537,0.10142,0.86321
15302539,2,2,0.13154,0.13266,0.73579
9025683,2,2,0.0111,0.01224,0.97665
41144781,0,0,0.98052,0.01812,0.00136
33660044,2,2,0.06078,0.15613,0.78309
339913,2,2,0.00294,0.03313,0.96393
23076653,2,2,0.20728,0.37277,0.41995
19209946,2,2,0.03261,0.09456,0.87283
9906331,0,0,0.90172,0.07881,0.01947
30227122,2,1,0.10139,0.84179,0.05683
6249326,2,2,0.01132,0.03559,0.9531
20486658,2,2,0.01661,0.04042,0.94297
23612623,2,2,0.01035,0.12455,0.86511
16466482,1,1,0.31631,0.41394,0.26975
35697999,2,1,0.10658,0.54257,0.35084
40033726,0,0,0.97512,0.01086,0.01403
37085270,2,1,0.20599,0.54672,0.24729
26023609,2,2,0.00383,0.04802,0.94815
27397323,0,0,0.94965,0.03939,0.01096
33607926,2,2,0.01587,0.00836,0.97577
2768332,1,0,0.4732,0.40469,0.12211
40644168,2,2,0.19607,0.10571,0.69822
29108779,0,0,0.80833,0.09943,0.09224
6088304,1,1,0.13841,0.67686,0.18473
31375178,2,1,0.23013,0.51058,0.25929
41504705,0,0,0.70862,0.27394,0.01744
21435785,2,2,0.09256,0.24274,0.6647
24443438,2,2,0.00088,0.0012,0.99792
5319687,2,2,0.11262,0.03475,0.85263
22712542,2,2,0.27034,0.16425,0.56541
21281346,2,2,0.18045,0.22405,0.59549
21450044,2,2,0.01826,0.03616,0.94558
23548029,2,2,0.09649,0.22341,0.6801
39223884,2,2,0.05014,0.34746,0.6024
39971787,2,1,0.33915,0.37208,0.28877
14077392,0,2,0.18003,0.08621,0.73376
15195705,2,2,0.00949,0.06512,0.92539
39584097,2,2,0.00085,0.00476,0.99438
2008239,0,0,0.97034,0.02789,0.00177
31270720,2,2,0.0859,0.22261,0.69149
35944882,2,2,0.00444,0.0086,0.98696
24363583,2,2,0.0431,0.23462,0.72228
7760870,2,2,0.00132,0.02732,0.97136
9931371,0,0,0.45367,0.22357,0.32276
2268114,2,2,0.1495,0.18115,0.66935
38430982,2,2,0.00791,0.16954,0.82256
3385674,2,0,0.45039,0.37957,0.17004
9960570,2,2,0.08154,0.20198,0.71648
27039443,2,2,0.01103,0.01387,0.9751
18914244,0,1,0.36325,0.46431,0.17244
22901764,2,2,0.00178,0.28879,0.70943
24192848,2,1,0.04954,0.5311,0.41936
30792349,2,1,0.05257,0.52658,0.42085
1371082,2,1,0.02759,0.49265,0.47976
27472506,2,2,0.12998,0.15725,0.71278
33981064,0,0,0.97732,0.01898,0.00371
28044895,2,2,0.02898,0.03906,0.93196
38082887,2,2,0.00958,0.11506,0.87536
11286691,0,0,0.90932,0.08277,0.00791
22121592,2,2,0.08802,0.25931,0.65266
16601664,2,2,0.01607,0.12501,0.85892
12166557,2,2,0.01071,0.07447,0.91482
39111411,0,0,0.64729,0.33775,0.01496
31656107,2,2,0.00547,0.02121,0.97333
22742222,2,1,0.19075,0.55861,0.25064
1483179,2,2,0.2867,0.23549,0.4778
21801604,0,1,0.47211,0.51315,0.01474
33499421,2,2,0.07972,0.08753,0.83276
10582901,0,0,0.65751,0.32413,0.01836
20250963,2,2,0.01341,0.09182,0.89477
17533428,2,2,0.00254,0.091,0.90646
1784189,2,2,0.2091,0.08866,0.70223
15510884,2,2,0.33415,0.1831,0.48275
26496063,2,2,0.09981,0.19676,0.70343
31197554,0,0,0.84834,0.13984,0.01181
7957874,2,1,0.08341,0.59128,0.32531
11799659,2,2,0.04272,0.13579,0.82149
19849168,2,2,0.00648,0.02353,0.96999
3628729,2,2,0.01574,0.02231,0.96196
6154935,0,0,0.71211,0.28343,0.00447
24781872,2,1,0.05552,0.47771,0.46677
31261056,2,2,0.00041,0.00521,0.99438
4691068,2,2,0.04612,0.17062,0.78326
37556532,2,0,0.44574,0.34688,0.20738
41559993,2,2,0.00074,0.03348,0.96578
4673871,2,1,0.00844,0.683,0.30857
37792387,0,0,0.70004,0.09545,0.20451
17564685,0,0,0.7545,0.24457,0.00093
34457266,0,0,0.73886,0.16576,0.09538
10252547,2,2,0.03056,0.0267,0.94274
38009559,2,1,0.06424,0.70415,0.23161
29578941,2,2,0.10126,0.11188,0.78685
10094680,2,2,0.27193,0.28221,0.44586
35499588,0,2,0.40675,0.13803,0.45522
1923750,1,1,0.25242,0.68172,0.06586
19832681,2,2,0.00511,0.112,0.88289
25467526,2,2,0.00481,0.02905,0.96614
38657447,0,0,0.69865,0.2208,0.08055
39933344,2,2,0.28004,0.26776,0.4522
19323791,1,1,0.40188,0.47471,0.1234
18663983,2,2,0.08377,0.28137,0.63486
3590145,2,2,0.0201,0.03009,0.9498
7444152,2,2,0.00211,0.01726,0.98063
14957077,2,2,0.00212,0.00379,0.99409
40152363,0,0,0.65533,0.16795,0.17672
21639429,0,1,0.44641,0.48238,0.07121
20920765,2,2,0.08191,0.14624,0.77185
38163580,2,2,0.00426,0.0452,0.95053
25382321,2,2,0.03143,0.26814,0.70043
2668789,2,2,0.06945,0.34141,0.58914
32997626,0,0,0.88372,0.06571,0.05058
36964836,0,0,0.8722,0.11882,0.00898
1648394,2,0,0.43103,0.38914,0.17983
10550392,2,2,0.01278,0.01186,0.97536
32077817,0,0,0.93628,0.05888,0.00484
24930121,2,2,0.00781,0.00118,0.99102
28809441,2,0,0.48713,0.47552,0.03735
4268208,2,2,0.00755,0.00922,0.98323
29874379,0,0,0.96528,0.01315,0.02156
21754842,2,2,0.01341,0.08073,0.90586
20512344,2,2,0.06044,0.05828,0.88128
13214239,0,1,0.39215,0.57024,0.03761
13884938,2,2,0.0093,0.11133,0.87936
18009568,2,2,0.28042,0.1401,0.57948
37827999,2,2,0.11258,0.36235,0.52507
37365278,1,0,0.65812,0.22371,0.11817
9572891,2,0,0.53195,0.0433,0.42475
9457086,2,2,0.07077,0.06521,0.86401
23304560,2,2,0.06114,0.01361,0.92525
6974944,2,0,0.44646,0.15779,0.39574
7831483,2,2,0.03023,0.14745,0.82232
2233244,2,2,0.00011,0.00191,0.99798
37375680,2,2,0.15612,0.26786,0.57602
30635309,0,0,0.98412,0.01506,0.00082
22339202,2,2,0.01742,0.02772,0.95486
39354061,2,2,0.12974,0.12293,0.74733
32114278,2,2,0.02091,0.1479,0.83119
12928751,1,0,0.64307,0.22716,0.12977
24157984,2,2,0.19132,0.36723,0.44146
40462015,2,2,0.00037,0.00158,0.99805
24773852,2,2,0.02092,0.02898,0.9501
38319473,1,1,0.08969,0.8312,0.07911
1936288,2,2,0.01372,0.07666,0.90962
2182158,2,2,0.12125,0.16194,0.71681
1490145,2,2,0.00315,0.01188,0.98497
33294983,2,2,0.00201,0.20456,0.79343
40482139,0,0,0.58048,0.30837,0.11115
15198394,2,2,0.04001,0.02769,0.9323
23733254,2,2,0.00297,0.02626,0.97077
6324147,2,2,0.00337,0.26933,0.7273
41510942,0,0,0.98475,0.01241,0.00284
15213237,1,2,0.0134,0.14027,0.84633
16637414,0,0,0.67649,0.12769,0.19583
23304665,0,0,0.98756,0.01141,0.00103
27657947,1,1,0.20401,0.71562,0.08037
20302425,2,2,0.05896,0.19903,0.74201
21944021,1,1,0.02565,0.94472,0.02963
25731856,2,2,0.00583,0.08026,0.91391
8887301,2,2,0.00783,0.22447,0.7677
6744133,0,0,0.96447,0.0333,0.00224
32999933,2,2,0.02174,0.02239,0.95587
13831841,2,2,0.05376,0.03856,0.90768
21969568,2,2,0.0825,0.281,0.6365
34334728,2,2,0.02875,0.03392,0.93732
3884139,2,2,0.02724,0.1811,0.79166
31034256,0,0,0.83886,0.10569,0.05544
17727581,2,1,0.2847,0.67824,0.03706
27067238,0,0,0.89465,0.07282,0.03253
36891252,0,0,0.68922,0.21067,0.10011
28878004,2,2,0.24824,0.1887,0.56307
22881819,2,2,0.04227,0.28468,0.67305
40958459,2,0,0.74917,0.24497,0.00586
2023034,2,2,0.00522,0.04799,0.94679
10259417,0,0,0.7466,0.23008,0.02332
23899583,2,2,0.01701,0.03241,0.95058
37727709,2,2,0.00866,0.08424,0.90709
37181997,2,2,0.01366,0.03154,0.9548
23395197,2,2,0.00103,0.02794,0.97104
39823859,2,0,0.51328,0.02214,0.46458
3113783,2,2,0.02265,0.01195,0.9654
32494076,0,0,0.77144,0.17193,0.05663
40375817,2,2,0.10212,0.0684,0.82948
40340619,0,1,0.39217,0.57611,0.03172
11384528,2,2,0.00648,0.06879,0.92472
16177946,2,2,0.00085,0.00714,0.99202
39395525,2,2,0.00158,0.00167,0.99674
25006058,2,2,0.11949,0.15389,0.72662
37362989,0,0,0.57873,0.39252,0.02875
3859928,2,2,0.20164,0.13742,0.66094
40520570,2,2,0.34974,0.15358,0.49668
35167414,2,2,0.00347,0.02144,0.97509
27349628,2,2,0.00097,0.00463,0.9944
39027196,2,2,0.00117,0.0738,0.92502
25982564,2,2,0.28865,0.07417,0.63718
41122607,2,2,0.00375,0.00935,0.9869
25469521,0,0,0.99855,0.00093,0.00052
38710665,0,0,0.73888,0.24295,0.01817
16702072,0,0,0.61537,0.36161,0.02302
37015532,2,2,0.00059,0.09905,0.90036
33572231,2,2,0.11652,0.07284,0.81064
9181955,1,1,0.42053,0.56369,0.01578
7526724,0,0,0.88662,0.10562,0.00777
4346741,2,2,0.04438,0.03481,0.92081
12142840,0,0,0.99084,0.00513,0.00404
6104284,0,2,0.15486,0.40046,0.44468
3739953,2,2,0.00633,0.02327,0.97039
31888334,0,0,0.76893,0.22374,0.00733
7182496,2,1,0.10848,0.88537,0.00615
31288347,2,0,0.76857,0.17348,0.05795
9038306,2,2,0.12514,0.13741,0.73746
11171086,2,2,0.17161,0.07444,0.75396
11634264,2,1,0.15643,0.45065,0.39293
16432901,2,2,0.00747,0.03441,0.95811
28862020,0,0,0.74262,0.2411,0.01628
35690191,0,0,0.9483,0.03704,0.01465
18096720,2,2,0.09011,0.17893,0.73096
35366803,2,2,0.00082,0.00488,0.9943
11882957,2,2,0.01472,0.12418,0.8611
29774913,2,1,0.06192,0.47902,0.45907
6173755,2,2,0.04165,0.14983,0.80852
36730069,1,2,0.01836,0.24507,0.73657
20845836,2,2,0.04964,0.11406,0.8363
14570692,2,2,0.17981,0.17484,0.64534
29024650,2,2,0.00546,0.00301,0.99153
15255473,0,0,0.59685,0.19799,0.20516
37674025,0,0,0.72567,0.17151,0.10282
25898466,1,0,0.92059,0.07299,0.00642
30276733,2,0,0.5055,0.22331,0.27119
41227323,0,0,0.88698,0.08797,0.02505
31278282,2,2,0.221,0.3632,0.4158
35518249,2,2,9e-05,0.01243,0.98748
14646666,2,2,0.05013,0.1189,0.83097
35664260,0,0,0.60142,0.16008,0.2385
17698302,0,0,0.97822,0.01942,0.00237
36148404,0,0,0.97025,0.02941,0.00034
23513177,1,0,0.60457,0.20934,0.18609
28160062,2,0,0.60219,0.35077,0.04704
2988943,0,0,0.88328,0.11084,0.00589
26558220,2,2,0.02401,0.4623,0.51369
41102058,2,2,0.00325,0.17301,0.82374
32636955,2,2,0.00718,0.14533,0.8475
27020893,0,2,0.12415,0.33736,0.53849
22894563,2,2,0.13776,0.11071,0.75152
21598665,0,1,0.31714,0.4991,0.18376
11007321,0,0,0.9569,0.04098,0.00212
8408828,2,2,0.00042,0.00266,0.99693
29583924,2,2,0.03418,0.05963,0.90619
13960692,2,1,0.28228,0.53765,0.18007
20635740,2,2,0.00699,0.03001,0.963
9452126,0,0,0.70193,0.21319,0.08488
34293197,2,1,0.03161,0.61745,0.35094
26356217,2,2,0.02754,0.06789,0.90457
32419884,0,0,0.70316,0.25919,0.03765
19833507,2,2,0.00201,0.0172,0.98079
37038942,0,1,0.32891,0.63608,0.03501
38097580,2,2,0.00464,0.01554,0.97981
3161952,2,1,0.27779,0.37125,0.35096
15684119,2,2,0.23771,0.1264,0.63589
35635113,2,2,0.00089,0.00612,0.99298
28223447,2,0,0.60696,0.0862,0.30684
32416214,2,2,0.01751,0.15405,0.82843
26561507,2,1,0.29082,0.36372,0.34546
15672472,2,2,0.05162,0.02435,0.92403
17961535,2,2,0.04961,0.07047,0.87991
5111088,2,2,0.00016,0.00136,0.99848
19915869,2,2,0.01857,0.09503,0.8864
7967170,0,1,0.11262,0.83773,0.04965
4593899,2,2,0.00327,0.01332,0.98341
10124486,2,1,0.14947,0.61397,0.23656
36702682,0,1,0.34219,0.52009,0.13772
12621210,2,2,0.28377,0.18302,0.53321
41287965,0,0,0.85382,0.04898,0.0972
14362375,2,2,0.3412,0.02888,0.62992
25427675,1,2,0.28273,0.22045,0.49681
6651668,2,2,0.00881,0.00532,0.98587
37919775,2,1,0.23134,0.64975,0.11891
20301187,2,2,0.01097,0.02074,0.96829
6130981,2,2,0.00121,0.05706,0.94173
27791319,1,0,0.50847,0.4742,0.01733
18991456,2,1,0.14374,0.48039,0.37586
13453691,2,2,0.03848,0.03133,0.93019
1722636,0,0,0.64372,0.28066,0.07562
17517938,2,2,0.0259,0.09838,0.87572
16090529,2,2,0.00924,0.00243,0.98834
730809,2,2,0.09647,0.36041,0.54311
20611802,2,2,0.01006,0.0854,0.90454
35223602,0,0,0.90181,0.06273,0.03545
15283646,2,2,0.0229,0.0449,0.9322
29264930,2,2,0.00012,0.00282,0.99706
209437,2,2,0.01843,0.00954,0.97204
15252432,2,2,0.14527,0.38378,0.47095
14614390,1,0,0.77162,0.11601,0.11237
18913499,2,2,0.0015,0.01088,0.98761
19460904,2,2,0.00173,0.003,0.99526
3189919,2,1,0.04654,0.6749,0.27856
8167928,2,2,0.00387,0.47012,0.52601
39037256,0,0,0.77567,0.19677,0.02756
17119111,2,2,0.00104,0.00416,0.9948
17478384,2,1,0.33889,0.437,0.22412
3738592,2,2,0.24824,0.1887,0.56307
1156477,0,0,0.69302,0.29292,0.01406
2876838,0,0,0.61448,0.1711,0.21442
10231199,2,2,0.02939,0.0878,0.88281
2399374,2,2,0.04938,0.24764,0.70298
38241523,2,1,0.08484,0.87613,0.03904
36172662,2,2,0.0027,0.00144,0.99586
35479197,2,2,0.0192,0.04958,0.93122
15888384,2,2,0.00995,0.09986,0.8902
39872844,2,2,0.00689,0.09391,0.8992
26515171,1,1,0.2174,0.48208,0.30052
28356584,2,2,0.20333,0.07961,0.71706
3285917,2,2,0.31485,0.24133,0.44382
40126,2,2,0.01629,0.15448,0.82924
18218984,2,2,0.16411,0.05725,0.77864
33863383,2,2,0.00043,0.0082,0.99137
22532545,1,1,0.13445,0.8343,0.03125
41111004,1,1,0.25201,0.38426,0.36373
21638667,2,2,0.00257,0.0691,0.92833
15902555,0,0,0.79182,0.16718,0.041
20800307,2,2,0.07244,0.05611,0.87145
12853905,0,0,0.66915,0.29817,0.03268
40607852,0,0,0.98121,0.01736,0.00143
28452790,2,1,0.42777,0.47494,0.09729
39468725,2,2,0.00198,0.01397,0.98405
9447999,2,2,0.07395,0.20685,0.7192
14295631,2,2,0.12349,0.2503,0.62621
40842246,0,0,0.9163,0.07336,0.01034
32997808,2,2,0.03004,0.09522,0.87474
8788029,2,2,0.02409,0.06386,0.91205
33676463,2,2,0.24824,0.1887,0.56307
17247049,2,2,0.04168,0.07269,0.88563
27851428,2,2,0.00383,0.00261,0.99356
9151677,2,2,0.00742,0.03608,0.95649
37789023,2,2,0.03337,0.03399,0.93264
1783362,2,2,0.0313,0.02877,0.93993
35100807,2,0,0.50276,0.13977,0.35747
7148422,2,2,0.00018,0.0007,0.99912
5565472,2,2,0.03301,0.20517,0.76182
7554802,2,2,0.00033,0.01607,0.9836
15975895,0,1,0.35158,0.52594,0.12248
16271982,2,2,0.12148,0.32094,0.55757
12816022,2,2,0.20386,0.23628,0.55985
34549896,1,1,0.25886,0.63903,0.10212
38870284,2,2,0.00215,0.00593,0.99193
1241621,2,2,0.34433,0.13776,0.51792
22388892,2,2,0.00218,0.00917,0.98865
36345780,0,0,0.69876,0.1247,0.17654
993186,2,2,0.04232,0.03621,0.92148
20206681,2,1,0.07524,0.60901,0.31575
9176328,2,2,0.00366,0.01592,0.98042
23643404,2,2,0.00897,0.00271,0.98832
8453217,2,2,0.03281,0.15464,0.81254
22557367,2,2,0.00885,0.01917,0.97198
29620463,2,2,0.06668,0.15081,0.78251
36144061,0,0,0.7516,0.19603,0.05238
18252429,1,0,0.67414,0.12433,0.20153
28290881,2,0,0.91732,0.08019,0.00249
439896,2,2,0.01207,0.0074,0.98053
22814511,2,2,0.03105,0.09441,0.87454
9166024,0,0,0.86121,0.13525,0.00354
38075431,2,2,0.04102,0.09913,0.85985
15475037,2,2,0.00394,0.01617,0.97989
7916423,2,2,0.26485,0.32082,0.41433
387034,2,2,0.24824,0.1887,0.56307
15658709,2,2,0.01793,0.08379,0.89828
4404363,2,2,0.01443,0.02611,0.95947
15272048,0,0,0.78181,0.14591,0.07228
5314861,2,1,0.28275,0.52902,0.18823
17725503,2,2,0.00263,0.00942,0.98795
2289976,2,2,0.11,0.04856,0.84144
34620963,0,0,0.92523,0.0714,0.00338
14279709,2,2,0.03074,0.1815,0.78776
26988344,0,0,0.85635,0.14169,0.00196
35069273,2,2,0.00302,0.12759,0.86939
38495344,2,2,0.00711,0.045,0.94789
16778089,2,2,0.01916,0.06196,0.91888
38243521,0,0,0.5452,0.25888,0.19592
24929607,2,2,0.04366,0.03631,0.92004
12328886,2,2,0.00124,0.0359,0.96286
6263818,0,1,0.13094,0.69127,0.17778
28321223,0,0,0.94287,0.03542,0.02171
7822633,2,2,0.05665,0.09128,0.85207
391199,0,0,0.85747,0.08763,0.0549
37355651,2,2,0.35989,0.107,0.53312
5542299,2,2,0.01835,0.12556,0.85608
29398447,0,0,0.84592,0.1231,0.03097
2136864,0,0,0.8021,0.17175,0.02614
24700575,0,0,0.9189,0.06555,0.01554
41560539,2,2,0.11157,0.04192,0.8465
37663902,2,2,0.2018,0.04579,0.7524
1887495,1,0,0.49247,0.43939,0.06814
20474334,2,2,0.00646,0.06988,0.92366
27726703,2,2,0.01685,0.0119,0.97126
38842569,2,1,0.01587,0.68853,0.2956
25242974,2,2,0.01591,0.0325,0.95159
14495622,1,1,0.32282,0.64751,0.02967
38874820,2,2,0.02653,0.20566,0.76781
11017491,1,2,0.04572,0.29638,0.6579
36893505,2,2,0.00733,0.01042,0.98224
38372422,2,2,0.00068,0.05557,0.94375
29010038,2,2,0.01032,0.18088,0.80879
4897443,1,1,0.38557,0.52514,0.08929
37921380,2,2,0.01347,0.01997,0.96656
37919320,2,2,0.00548,0.03851,0.95601
40257681,2,2,0.0,0.00025,0.99975
40697102,2,2,0.28057,0.16539,0.55404
19183571,2,2,0.10953,0.06457,0.82589
17940756,2,2,0.012,0.06942,0.91858
40612638,0,1,0.15053,0.68918,0.16029
23192511,2,1,0.32237,0.64131,0.03632
19285655,2,2,0.3837,0.12616,0.49014
14885468,0,0,0.45759,0.15686,0.38556
33247579,2,2,0.00115,0.06558,0.93327
1902621,2,2,0.0014,0.00962,0.98898
28856034,2,2,0.00838,0.01575,0.97587
26709775,2,2,0.01102,0.02704,0.96194
37401907,2,2,0.20574,0.26324,0.53102
23944655,0,0,0.92143,0.05124,0.02733
30857024,0,2,0.21126,0.27051,0.51824
36231935,2,2,0.00084,0.0393,0.95986
37507592,1,1,0.07529,0.73799,0.18672
800071,0,0,0.9568,0.03949,0.00371
19941040,0,1,0.36837,0.59152,0.04012
41131442,0,1,0.34945,0.38325,0.26729
34340358,2,2,0.00915,0.21804,0.77281
16549819,2,2,0.00136,0.04216,0.95648
19455210,0,1,0.42169,0.5703,0.00801
38921028,0,1,0.37532,0.59679,0.02789
22241412,2,2,0.00432,0.01184,0.98384
19851941,2,2,0.00068,0.01768,0.98164
24814458,2,2,0.00391,0.02091,0.97518
20293487,1,1,0.06582,0.90976,0.02442
15031075,1,1,0.25845,0.40936,0.33219
32793783,2,2,0.00154,0.01456,0.9839
15741907,2,1,0.2638,0.45446,0.28174
36366151,0,0,0.97156,0.02837,7e-05
20152912,2,2,0.06708,0.33235,0.60056
38718635,2,2,9e-05,0.01243,0.98748
32980950,2,2,0.01655,0.10912,0.87434
16346550,2,2,0.01347,0.01814,0.96839
11296252,2,2,0.04906,0.08817,0.86277
8682523,2,2,0.34706,0.21103,0.44191
6987643,0,0,0.86411,0.12521,0.01068
41016746,2,2,0.03231,0.02679,0.9409
36452798,2,2,0.13726,0.08158,0.78115
12457132,0,0,0.95813,0.038,0.00387
30983827,0,0,0.84749,0.11536,0.03715
23383178,0,1,0.41708,0.55086,0.03206
16847149,2,2,0.04993,0.0694,0.88067
30242081,2,2,0.00908,0.05261,0.93831
35265817,0,0,0.9369,0.038,0.0251
26082024,2,2,0.00022,0.00203,0.99776
33106717,2,1,0.05277,0.90473,0.0425
8363313,2,0,0.41619,0.31024,0.27356
21362914,0,0,0.93067,0.05919,0.01015
41542262,2,2,0.04151,0.01293,0.94556
28262610,0,0,0.51388,0.43571,0.05041
4090509,2,0,0.45209,0.1683,0.37961
9714461,2,2,0.07976,0.45653,0.46371
23305515,0,2,0.18865,0.28791,0.52344
34478681,2,2,0.09989,0.30961,0.5905
1343901,0,1,0.23475,0.75111,0.01414
16031980,1,1,0.24497,0.66674,0.08829
24346594,2,2,0.01625,0.02504,0.9587
41140926,0,0,0.91,0.08129,0.00871
37912130,2,2,0.00265,0.03142,0.96593
1696989,2,2,0.00213,0.06589,0.93197
4956474,2,2,0.05369,0.26889,0.67742
13884395,2,2,0.00448,0.02111,0.97441
8532100,2,2,0.00853,0.02254,0.96893
16634770,2,2,0.00409,0.00837,0.98754
4616520,2,0,0.45159,0.15661,0.3918
19375916,2,2,0.05887,0.06829,0.87284
18596277,0,1,0.13835,0.44927,0.41238
35742274,0,0,0.76106,0.23347,0.00547
38295136,2,2,0.00209,0.0023,0.99561
18039056,2,2,0.24723,0.03222,0.72055
1465167,0,0,0.7464,0.15787,0.09573
19484501,2,2,0.0269,0.06472,0.90838
3218271,2,2,0.15596,0.17897,0.66508
8483938,0,0,0.73836,0.16278,0.09886
34984031,0,2,0.24824,0.1887,0.56307
3623747,2,2,0.06965,0.32767,0.60269
5780603,0,0,0.99305,0.0067,0.00025
20496064,0,0,0.91691,0.07938,0.0037
1278863,2,2,0.12611,0.03036,0.84352
12856836,2,2,0.03422,0.15482,0.81096
35498829,2,2,0.17819,0.03686,0.78494
38926347,2,2,0.05294,0.09328,0.85378
1436271,2,2,0.02141,0.07227,0.90632
27985991,2,2,9e-05,0.00557,0.99434
714983,2,2,0.00067,0.00185,0.99748
37123967,1,0,0.7929,0.17991,0.02719
3741924,0,1,0.39109,0.4459,0.163
36480591,2,2,0.00031,0.00713,0.99256
30294805,2,2,0.03483,0.16225,0.80292
5998914,2,1,0.08417,0.4693,0.44653
40239189,0,0,0.95651,0.04133,0.00215
30945119,2,2,0.00637,0.01813,0.9755
20215511,2,2,0.01279,0.02786,0.95935
41745,2,2,0.00024,0.00496,0.99481
26562619,0,0,0.96152,0.0359,0.00259
331532,2,2,0.0093,0.08218,0.90852
28579808,2,1,0.23839,0.49079,0.27082
31684482,1,1,0.14425,0.76519,0.09056
16449427,2,2,0.09328,0.04516,0.86156
114406,2,2,0.01006,0.0854,0.90454
34937420,2,2,0.00089,0.05069,0.94842
37591340,0,1,0.41172,0.50855,0.07973
2256722,2,2,0.03933,0.0323,0.92837
11231435,2,2,0.03369,0.05753,0.90878
23049567,2,2,0.24824,0.1887,0.56307
12309543,2,2,4e-05,0.00542,0.99454
30990872,2,2,0.00259,0.00738,0.99002
29866996,2,1,0.06078,0.48569,0.45353
899016,0,0,0.50036,0.14081,0.35883
11430796,2,1,0.01627,0.52078,0.46295
17296855,2,2,0.11878,0.09448,0.78674
15711046,2,2,0.00664,0.01432,0.97904
6470711,2,2,0.10633,0.21916,0.67451
39585737,0,0,0.80707,0.18621,0.00672
40021305,2,2,0.0057,0.03999,0.95431
11061291,2,2,0.00671,0.02003,0.97326
25468872,0,0,0.64086,0.20147,0.15767
37969672,2,2,0.06343,0.23108,0.70549
37562684,2,2,0.00865,0.02046,0.9709
25859948,0,0,0.90629,0.06787,0.02583
34232130,0,0,0.42201,0.27072,0.30727
38425663,0,0,0.69147,0.30653,0.00201
29105922,2,2,0.0,0.00025,0.99975
33867568,1,0,0.70029,0.1645,0.1352
2866036,2,2,0.16232,0.3497,0.48798
31477215,2,2,0.01989,0.03218,0.94793
26364514,0,1,0.15095,0.51684,0.33221
16280917,2,2,0.01327,0.10585,0.88088
2447563,0,0,0.72532,0.2165,0.05818
29313151,0,0,0.67214,0.14416,0.18371
17878806,2,2,0.00766,0.04642,0.94591
20438095,2,2,0.1776,0.04689,0.77551
16343129,2,2,0.00159,0.00125,0.99716
1229856,0,0,0.96996,0.02814,0.0019
38924709,2,2,0.37587,0.13814,0.48599
21409870,2,2,0.07977,0.10333,0.81691
21154083,0,0,0.52778,0.40806,0.06417
41455151,2,2,0.1244,0.32721,0.54839
37937877,2,2,0.02944,0.01356,0.957
22817547,2,2,0.0,0.00013,0.99987
19939536,2,2,0.01891,0.17883,0.80226
40869971,2,2,0.32024,0.31292,0.36683
38711197,2,2,0.00022,0.0024,0.99738
28848937,2,1,0.14988,0.56675,0.28337
37753331,0,0,0.81972,0.12006,0.06022
17508836,2,2,0.00837,0.17875,0.81288
2756528,2,2,0.0,0.00055,0.99945
11419882,1,1,0.22149,0.64595,0.13256
37506921,2,2,0.03212,0.17045,0.79744
39978781,2,2,0.07944,0.35748,0.56308
25138827,2,2,0.02466,0.05852,0.91682
38185659,1,0,0.44099,0.21996,0.33905
27981349,2,2,0.00366,0.11942,0.87692
2139066,2,2,0.00082,0.00541,0.99377
33327817,2,2,0.00014,0.00188,0.99798
11284930,2,2,0.01371,0.00907,0.97721
33294057,1,0,0.52127,0.38578,0.09295
37200172,2,2,0.00108,0.00314,0.99578
9423824,2,2,0.00408,0.00222,0.99371
13111748,2,2,0.01295,0.02256,0.96449
40297178,0,0,0.74099,0.20049,0.05851
3149613,2,2,0.00833,0.00661,0.98506
8106666,2,1,0.04351,0.73334,0.22315
1182752,0,0,0.74676,0.17536,0.07788
35622836,2,2,0.20403,0.20919,0.58678
16164554,2,2,0.17982,0.14124,0.67895
37361672,2,2,0.00618,0.03206,0.96176
32067397,0,0,0.66561,0.28487,0.04952
29653901,0,0,0.77313,0.2026,0.02426
12580250,0,0,0.62305,0.19371,0.18324
6580016,2,2,0.00437,0.01177,0.98387
12458737,2,2,0.04942,0.02001,0.93057
29506986,0,0,0.98476,0.01338,0.00186
8530138,2,2,0.24824,0.1887,0.56307
35668326,2,2,0.00364,0.19323,0.80313
25491710,2,2,0.01042,0.00852,0.98106
35698665,2,2,0.01531,0.10481,0.87988
28798933,2,2,0.00093,0.00371,0.99536
11671753,2,2,0.00249,0.06676,0.93075
31509234,2,2,0.1209,0.153,0.7261
14744943,2,2,0.04569,0.33899,0.61531
40349740,2,2,1e-05,0.00023,0.99976
6712290,0,0,0.95538,0.04326,0.00136
9087583,0,2,0.37068,0.1696,0.45972
7680195,2,2,0.02094,0.04588,0.93318
3661097,2,2,0.10715,0.01045,0.8824
24358497,2,2,0.01884,0.1816,0.79957
26498393,0,0,0.74064,0.22916,0.0302
5708128,2,2,0.02924,0.06168,0.90908
243662,2,2,0.0,0.00013,0.99987
274298,2,0,0.67342,0.24594,0.08064
39391477,1,1,0.16954,0.75126,0.0792
5316063,2,2,0.16636,0.39501,0.43863
34633080,0,0,0.94859,0.0467,0.00471
29103381,2,2,0.00806,0.04731,0.94462
30603427,1,2,0.00363,0.21827,0.77811
4159321,2,2,0.06383,0.36788,0.56829
38352341,0,0,0.98874,0.00685,0.00441
25520081,2,2,0.00442,0.05834,0.93724
23754642,0,0,0.98916,0.01047,0.00037
15285106,0,0,0.77843,0.15111,0.07046
18028295,2,2,0.00444,0.16088,0.83468
19216408,2,2,0.00174,0.00588,0.99238
32638846,2,2,0.003,0.01563,0.98138
9551279,0,0,0.93506,0.02983,0.03511
18202509,2,2,0.00674,0.00923,0.98402
36071476,2,2,7e-05,0.00027,0.99966
34175124,2,2,0.01432,0.2113,0.77438
36104762,2,2,0.04897,0.12068,0.83035
34116074,2,2,0.00209,0.0039,0.99401
3544368,2,2,0.2191,0.2353,0.5456
2533143,2,2,0.0145,0.02065,0.96485
35687444,0,0,0.9768,0.02068,0.00252
17110775,0,0,0.99917,0.00056,0.00027
37545107,2,2,0.06499,0.09368,0.84133
22222278,2,2,0.00155,0.0039,0.99455
896868,2,1,0.03729,0.48949,0.47322
6448247,2,1,0.03554,0.48829,0.47617
27404891,2,2,0.00267,0.00813,0.98919
7108763,2,0,0.57996,0.40667,0.01337
32083918,2,2,0.0218,0.16743,0.81077
4977191,0,0,0.81805,0.15912,0.02283
34094034,2,2,0.11563,0.25683,0.62753
41537969,1,2,0.25699,0.32381,0.4192
2031308,0,1,0.08372,0.80457,0.1117
41183038,2,2,0.15744,0.29887,0.54369
27453181,2,2,0.00273,0.00738,0.98989
14603914,2,2,0.19928,0.14518,0.65553
7578441,2,2,0.03203,0.08805,0.87992
3041161,2,2,0.00024,0.01438,0.98538
39069582,0,2,0.27722,0.13161,0.59117
36621018,0,0,0.96259,0.03179,0.00563
40824114,2,2,0.01337,0.05743,0.9292
12799553,2,2,0.01129,0.11338,0.87533
41461499,2,2,0.0,0.00107,0.99892
6207277,2,2,0.01344,0.04075,0.94581
95345,2,2,0.15478,0.03345,0.81177
37439061,2,2,0.03256,0.05406,0.91338
28132498,2,2,0.01205,0.0372,0.95075
26081231,2,0,0.40622,0.39815,0.19563
8377296,2,2,0.00201,0.00668,0.99131
15306254,1,2,0.2909,0.25927,0.44983
29941710,0,1,0.42442,0.52429,0.05129
9125850,2,2,0.007,0.15864,0.83437
18811996,0,1,0.42533,0.54808,0.02659
10778044,2,2,0.00062,0.03994,0.95944
15417802,2,2,0.02788,0.41456,0.55756
19099542,0,1,0.11726,0.5186,0.36414
23880403,2,1,0.01615,0.96689,0.01696
38556703,2,2,0.02207,0.27413,0.7038
31356501,1,0,0.55403,0.36608,0.07989
11094017,2,2,0.16411,0.03076,0.80513
6274560,0,0,0.81761,0.11007,0.07233
28886898,0,0,0.98552,0.01283,0.00165
20949470,0,0,0.83954,0.15438,0.00608
25608695,2,1,0.3718,0.40403,0.22417
9646027,2,2,0.00166,0.02816,0.97018
23915515,2,2,0.25372,0.31059,0.43569
34472380,2,2,0.38849,0.15593,0.45559
16644364,2,2,0.01747,0.01354,0.96899
3860658,2,2,0.00525,0.05959,0.93516
39809161,2,2,0.00616,0.05072,0.94312
27157750,1,1,0.15118,0.79039,0.05843
34076969,2,2,0.04769,0.04343,0.90888
27278728,2,1,0.25703,0.50418,0.23879
13260776,2,2,0.31874,0.15626,0.525
41448655,2,2,0.09081,0.07068,0.83851
24075130,2,2,0.32772,0.07281,0.59947
40378072,2,2,0.06536,0.43606,0.49858
18141430,2,2,0.0018,0.01396,0.98424
14294007,2,2,0.3609,0.05659,0.58251
5002361,2,2,0.06502,0.33064,0.60434
39522911,2,2,0.0001,0.00034,0.99956
9498987,0,0,0.8424,0.11177,0.04583
6876966,2,2,0.02506,0.07594,0.899
25031759,2,2,0.00345,0.00784,0.98871
4023010,2,2,0.0042,0.01239,0.98341
29691237,2,0,0.73951,0.0816,0.1789
22996179,2,2,0.08677,0.30316,0.61006
41172282,1,1,0.13709,0.77275,0.09016
26858174,0,2,0.27253,0.19922,0.52825
6650485,2,2,0.05774,0.26655,0.67571
25430835,2,2,0.01778,0.04603,0.93619
12876468,2,2,0.20018,0.21313,0.58669
5675582,2,2,0.00084,0.01131,0.98785
841214,2,2,0.01946,0.02284,0.9577
23089953,0,1,0.28509,0.60912,0.10579
3578302,0,1,0.30205,0.52192,0.17603
29181973,2,2,0.01656,0.0842,0.89925
23590331,0,0,0.76765,0.08718,0.14517
26440314,0,0,0.86318,0.09863,0.03819
39570709,2,2,0.01929,0.03331,0.9474
14120881,0,1,0.40105,0.40145,0.19751
4956245,1,1,0.30241,0.44677,0.25082
24919747,2,2,0.0246,0.25732,0.71808
21624972,2,2,0.14685,0.30986,0.54329
10149886,2,2,0.0073,0.00799,0.98471
18343092,2,2,0.20386,0.04333,0.75281
21449381,2,1,0.09076,0.46921,0.44003
18331259,2,2,0.02594,0.05994,0.91411
3893821,2,2,0.00022,0.00859,0.99119
3213639,2,2,0.00428,0.01684,0.97888
14889390,1,1,0.07202,0.78798,0.13999
2994555,0,0,0.65007,0.09106,0.25887
37669494,2,2,0.0936,0.08053,0.82587
31098502,2,1,0.05869,0.64341,0.2979
23653927,2,2,0.00557,0.01861,0.97582
41545187,2,2,0.01627,0.28148,0.70225
898240,2,2,0.25586,0.07097,0.67317
13984733,0,0,0.41467,0.22618,0.35915
39831786,0,1,0.28007,0.53711,0.18282
22512927,2,0,0.60815,0.19686,0.19499
22950453,2,2,0.00047,0.00509,0.99445
17087693,2,2,0.00739,0.0464,0.94621
24334511,2,2,0.04453,0.05158,0.90389
28426016,2,2,0.12199,0.01907,0.85894
1150646,2,1,0.11159,0.50827,0.38014
31325921,2,2,0.00263,0.06026,0.93711
3655241,2,2,0.18273,0.07016,0.74711
26314568,2,0,0.73851,0.17755,0.08394
1489244,2,2,0.00729,0.02857,0.96414
18202412,2,2,0.00147,0.00448,0.99404
32160498,0,0,0.50147,0.33344,0.16509
34958410,2,2,0.00638,0.01753,0.97608
3486911,2,0,0.50056,0.15269,0.34675
9722715,2,2,0.05547,0.07377,0.87076
36987254,2,2,0.02198,0.03483,0.94318
31194434,2,2,0.00326,0.01383,0.98291
39783344,2,2,0.24824,0.1887,0.56307
34785216,1,0,0.82108,0.17523,0.00369
40274056,0,1,0.37042,0.61686,0.01272
3651489,2,2,0.00852,0.04632,0.94516
13208334,2,2,0.13491,0.23424,0.63085
31533504,2,2,0.08872,0.45009,0.46119
29621935,2,2,0.01894,0.34487,0.63619
3441782,2,2,0.00092,0.00194,0.99714
37341017,2,2,0.00705,0.0156,0.97735
10621801,0,0,0.52583,0.39135,0.08282
5760555,2,2,0.16638,0.12259,0.71103
17945953,0,0,0.95614,0.03621,0.00765
8687386,0,0,0.64012,0.32056,0.03932
35038897,2,2,0.1026,0.2947,0.6027
11409537,2,2,0.04971,0.00741,0.94288
12232059,2,2,0.22714,0.22373,0.54913
13061532,2,2,0.09952,0.15084,0.74964
13507835,2,2,0.04103,0.116,0.84297
20657866,0,0,0.91738,0.07856,0.00406
5095922,2,2,0.00337,0.01243,0.9842
31434186,2,2,0.00345,0.01585,0.98071
11847191,2,2,0.00354,0.06242,0.93403
22589016,2,2,0.00112,0.01329,0.98559
16959297,2,2,0.00056,0.15967,0.83977
11843645,0,0,0.87308,0.08012,0.04679
39379894,2,2,0.02131,0.25338,0.72532
32823583,2,2,0.01559,0.09151,0.89291
19456362,2,2,0.00406,0.05101,0.94493
18083382,2,1,0.06749,0.64448,0.28803
2721924,1,1,0.19339,0.53564,0.27097
15750912,2,2,0.00229,0.06919,0.92852
9101635,2,2,0.01945,0.05387,0.92669
38134139,2,2,0.00768,0.09737,0.89496
22153233,2,2,0.00026,0.0053,0.99444
37285479,0,0,0.96814,0.02878,0.00308
12940201,2,2,0.00486,0.04086,0.95428
3146029,2,2,0.00146,0.218,0.78054
2744963,0,0,0.9784,0.0213,0.00029
31611941,2,1,0.26457,0.54985,0.18558
3667320,2,2,0.01928,0.02625,0.95448
26776659,0,0,0.87035,0.08057,0.04908
14575846,2,2,0.12666,0.11904,0.7543
17839568,2,0,0.51328,0.02214,0.46458
25674101,0,0,0.9537,0.04013,0.00617
17724755,2,2,0.03378,0.18526,0.78096
5133769,2,1,0.16395,0.69653,0.13952
13521427,2,2,0.14329,0.31627,0.54044
32023239,0,1,0.05748,0.84401,0.09851
4916467,1,0,0.54027,0.23877,0.22096
1487435,2,2,0.03863,0.36673,0.59464
29036186,0,0,0.9894,0.00883,0.00177
16771053,2,2,0.00331,0.01975,0.97694
39350895,2,2,0.0192,0.04356,0.93724
2014844,2,0,0.47774,0.25627,0.26598
16259903,2,2,0.02272,0.10741,0.86988
24094743,0,0,0.64785,0.30038,0.05177
39690188,2,2,0.05459,0.06251,0.8829
779038,2,2,0.24824,0.1887,0.56307
8993196,0,0,0.48958,0.22359,0.28683
1866636,0,0,0.92312,0.05976,0.01713
638751,2,2,0.02968,0.09893,0.87139
23305702,2,2,0.02066,0.30949,0.66985
5720915,2,2,0.04223,0.09453,0.86324
5370651,2,2,0.24824,0.1887,0.56307
30254806,1,2,0.05934,0.15266,0.78799
26759895,2,2,0.04693,0.28198,0.67109
28735679,2,2,0.03457,0.01574,0.94969
26551246,2,0,0.82228,0.13752,0.0402
10401393,0,0,0.91028,0.08493,0.00479
31346110,2,2,0.13195,0.30921,0.55885
29589853,2,2,0.00748,0.07955,0.91297
12914643,0,0,0.9012,0.09519,0.00361
21126019,1,2,0.32869,0.30999,0.36131
11525715,2,2,0.01881,0.17636,0.80482
35915250,2,2,0.04942,0.06046,0.89012
6026624,1,0,0.60183,0.3845,0.01367
4443851,2,2,0.00201,0.03893,0.95906
13273806,0,0,0.94728,0.0344,0.01833
35989195,2,2,0.24824,0.1887,0.56307
17522704,2,2,0.11719,0.13431,0.7485
39666714,2,2,0.02629,0.01769,0.95602
30335025,0,1,0.45805,0.48045,0.0615
37163699,0,0,0.69656,0.29064,0.0128
25426280,1,1,0.30932,0.65213,0.03855
32530858,2,2,0.04819,0.07004,0.88177
34858716,2,0,0.43387,0.1889,0.37723
16032390,0,0,0.98795,0.01191,0.00014
36909720,0,1,0.13346,0.45887,0.40766
36786023,2,1,0.1276,0.71676,0.15564
37699089,2,2,0.02898,0.03286,0.93816
6953696,2,2,0.02244,0.01352,0.96405
13618123,2,2,0.00067,0.0544,0.94493
10731453,2,2,0.01135,0.17516,0.81349
17099202,2,2,0.01275,0.10594,0.8813
12712561,2,2,0.01778,0.01447,0.96775
30670177,0,1,0.24707,0.72147,0.03146
12816103,0,0,0.68474,0.30428,0.01098
2163024,2,2,0.00487,0.0107,0.98443
1724674,2,0,0.44699,0.20186,0.35115
35765683,0,0,0.9548,0.04397,0.00123
31557837,2,2,0.08036,0.0533,0.86634
8704126,2,2,0.01481,0.05293,0.93227
2142075,2,0,0.8214,0.10663,0.07196
37652424,2,2,0.0024,0.02833,0.96927
6161543,2,2,0.00946,0.02278,0.96776
22715923,2,1,0.1686,0.67175,0.15965
41568239,2,2,4e-05,0.00467,0.99529
2979810,2,2,0.00834,0.05723,0.93443
28085058,2,2,0.02922,0.2156,0.75517
36923176,2,2,0.09013,0.22123,0.68864
37060477,2,0,0.48547,0.28708,0.22745
10620337,2,2,0.03924,0.24291,0.71785
38162287,2,2,0.09547,0.31981,0.58472
17129546,0,2,0.24824,0.1887,0.56307
3570963,2,2,0.02856,0.1091,0.86234
8537220,2,2,0.00105,0.01128,0.98767
7573267,2,2,0.14367,0.08712,0.76921
15216637,2,2,0.00172,0.24024,0.75804
7025948,2,2,0.00092,0.00995,0.98913
31798395,2,2,0.00899,0.0219,0.96911
18705675,2,2,0.01444,0.0166,0.96896
17755342,1,1,0.01976,0.74312,0.23712
13194387,0,0,0.92238,0.06403,0.01359
40689240,2,0,0.43952,0.13596,0.42452
17453005,2,2,0.07709,0.16237,0.76055
36683843,1,1,0.20852,0.64966,0.14183
12397747,2,2,0.07323,0.33579,0.59098
40615881,2,0,0.65188,0.25135,0.09676
20921524,0,0,0.98521,0.0118,0.00298
31231261,0,0,0.92912,0.05674,0.01413
9224689,2,2,0.00304,0.03946,0.9575
40057080,2,1,0.27576,0.46921,0.25503
40330023,2,2,0.04885,0.09062,0.86053
38094255,1,0,0.62759,0.25818,0.11424
35043354,2,2,0.04495,0.13696,0.81809
18997599,2,2,0.05801,0.30036,0.64163
4651255,0,0,0.61026,0.37808,0.01166
15952514,2,2,0.00399,0.00499,0.99102
40259709,2,2,0.28196,0.09911,0.61892
13666361,2,2,0.03025,0.14395,0.8258
16437617,0,0,0.97126,0.02419,0.00455
15946346,0,1,0.36798,0.53905,0.09297
2354559,2,2,0.01554,0.0582,0.92626
25243672,2,0,0.53086,0.24399,0.22516
4427549,2,1,0.03226,0.71179,0.25596
11254820,0,0,0.83999,0.15454,0.00547
5459258,0,1,0.4297,0.46968,0.10062
3181520,2,2,0.03287,0.06727,0.89987
41010138,0,0,0.80436,0.05793,0.13771
6389454,0,1,0.19866,0.63731,0.16402
11986749,2,2,0.4044,0.03385,0.56174
31086713,0,0,0.87782,0.10095,0.02122
15277710,0,0,0.86926,0.09367,0.03708
29374792,2,2,0.02722,0.0609,0.91188
32386447,2,2,0.005,0.01884,0.97615
28364741,1,1,0.41941,0.43679,0.1438
3695150,2,0,0.47838,0.45201,0.06961
25615092,2,2,0.00113,0.01568,0.98319
17818492,2,2,0.11933,0.04171,0.83896
20961811,1,1,0.26983,0.46933,0.26084
2861953,2,2,0.0295,0.10374,0.86676
1880668,0,1,0.41931,0.57605,0.00465
35917378,0,0,0.95855,0.03561,0.00584
29797222,0,0,0.45776,0.10573,0.4365
15763707,2,2,0.03524,0.08505,0.87971
4069374,2,2,0.06941,0.04093,0.88966
41449224,2,2,0.03246,0.21426,0.75328
14454046,2,2,0.00306,0.02056,0.97638
12115719,0,0,0.73763,0.20692,0.05545
203628,2,2,0.07026,0.04558,0.88416
24430213,2,2,0.33095,0.25873,0.41032
36029163,2,2,0.09452,0.09774,0.80774
23999964,1,0,0.53134,0.43763,0.03103
32367872,2,2,0.1077,0.07044,0.82186
26908377,2,2,0.08336,0.387,0.52964
10581779,2,2,0.00432,0.02452,0.97116
28621574,2,2,0.01127,0.08533,0.9034
15885609,2,2,0.01209,0.00516,0.98276
16925169,2,2,0.00146,0.01568,0.98286
27424458,2,2,0.01475,0.01574,0.96951
11962141,2,2,0.03742,0.04398,0.91859
26730691,2,2,0.00458,0.03777,0.95764
15261530,2,0,0.74993,0.013,0.23707
33879269,2,2,0.00146,0.00886,0.98968
23358124,2,1,0.17977,0.54694,0.27329
3714629,2,2,0.0734,0.04445,0.88215
2668248,2,2,0.40541,0.1734,0.42119
40560662,2,2,0.0,0.00055,0.99945
30256862,2,2,3e-05,0.00254,0.99743
2619747,2,2,0.01417,0.00394,0.98188
10344906,2,2,0.00497,0.00215,0.99288
8582409,2,2,0.15448,0.12205,0.72347
41270714,2,2,0.00052,0.00428,0.9952
40851722,2,2,0.07865,0.09462,0.82674
8623409,2,2,0.01577,0.18161,0.80262
31440980,2,2,0.05283,0.36248,0.58469
28731352,0,0,0.69931,0.16282,0.13787
7066770,2,2,0.00179,0.02618,0.97204
16090740,2,2,0.02415,0.04528,0.93057
36158526,2,2,0.00023,0.02693,0.97284
23583623,1,0,0.95362,0.04377,0.00261
39443532,0,0,0.65787,0.29975,0.04238
21081335,2,2,0.01877,0.06176,0.91947
20684409,2,2,0.01257,0.11608,0.87135
1002236,0,0,0.97494,0.02349,0.00157
39737573,2,2,0.02291,0.04467,0.93242
4421253,0,2,0.24824,0.1887,0.56307
41620598,2,2,0.00747,0.31611,0.67642
29078472,1,1,0.21959,0.70876,0.07165
9928007,2,1,0.28445,0.49436,0.22119
18431145,1,0,0.58321,0.23859,0.17821
4522344,2,2,0.05871,0.0283,0.913
2812030,1,1,0.31682,0.5558,0.12738
9531969,0,0,0.97914,0.01593,0.00493
31060314,2,2,0.01509,0.07152,0.91339
983510,0,0,0.47897,0.47644,0.04459
24989742,0,0,0.82067,0.12925,0.05009
4059895,2,2,0.03067,0.05834,0.91099
32489459,2,2,0.00905,0.41791,0.57305
3822278,2,2,0.03054,0.09267,0.87679
3421959,2,2,0.35519,0.17897,0.46584
27861042,2,2,2e-05,5e-05,0.99993
19639213,1,1,0.45976,0.51669,0.02356
18315045,2,2,0.06448,0.08632,0.8492
21771043,2,2,0.00456,0.03969,0.95575
3229121,2,2,0.05415,0.03372,0.91213
34855390,2,2,0.00758,0.06951,0.92291
2462389,2,1,0.25586,0.37544,0.36871
8787155,2,2,0.04455,0.04053,0.91493
6783804,2,2,0.00086,0.0107,0.98844
18050622,1,1,0.03856,0.70601,0.25543
9792413,2,2,0.04253,0.09585,0.86162
18553035,2,2,0.00345,0.01045,0.9861
1892397,2,2,0.00308,0.03781,0.95911
36609862,2,2,0.01476,0.02092,0.96432
4443153,2,2,0.0215,0.07889,0.89961
16160449,2,2,0.06676,0.04168,0.89156
7246320,2,2,0.04934,0.03176,0.9189
25841552,1,1,0.08718,0.85865,0.05417
17140499,1,1,0.06219,0.79638,0.14142
21562863,1,0,0.85827,0.10172,0.04001
150064,2,1,0.05002,0.53228,0.4177
6456747,0,0,0.80359,0.06042,0.13599
4814622,1,1,0.15877,0.46001,0.38121
18875150,2,2,0.01851,0.05703,0.92446
7724081,2,1,0.10156,0.54824,0.3502
13661128,2,1,0.16339,0.77937,0.05723
2658279,0,1,0.17724,0.5756,0.24716
6985128,2,2,1e-05,0.0031,0.99689
18079261,2,1,0.06749,0.71472,0.21779
11520623,2,2,0.0017,0.00783,0.99047
29559747,2,2,0.01044,0.13408,0.85548
34102969,2,1,0.25367,0.42266,0.32367
38990714,0,1,0.24046,0.51161,0.24793
35848067,0,0,0.712,0.10315,0.18485
8709376,0,0,0.68436,0.30123,0.0144
39112521,0,0,0.65257,0.21376,0.13367
23410587,2,2,0.00493,0.16817,0.8269
36918484,0,0,0.95184,0.04741,0.00075
17830041,2,2,0.05735,0.10635,0.8363
8930426,2,1,0.01045,0.52557,0.46398
4864295,2,2,0.00448,0.00498,0.99054
20593455,2,2,0.00827,0.01567,0.97606
6387409,2,2,0.20327,0.23915,0.55759
30680815,2,1,0.08506,0.73784,0.1771
1127456,2,2,0.00116,0.02414,0.97471
39631176,0,0,0.92948,0.06548,0.00504
15958212,2,2,0.10827,0.43902,0.4527
2342297,2,2,0.11468,0.37683,0.50849
12834853,1,0,0.5718,0.21517,0.21302
23774155,2,2,0.0215,0.07889,0.89961
15809450,2,2,0.05517,0.07375,0.87108
40023790,2,2,0.00015,0.04297,0.95688
34145117,2,2,0.11046,0.0324,0.85714
39041900,0,0,0.50554,0.4823,0.01216
4629169,2,2,0.15949,0.05731,0.7832
37046849,0,0,0.74769,0.21066,0.04165
31148306,2,1,0.23613,0.44135,0.32251
5520505,0,0,0.96837,0.02929,0.00235
23961012,0,0,0.9159,0.05546,0.02864
32240277,2,1,0.26632,0.3799,0.35379
15598777,2,2,0.03802,0.13878,0.8232
10772053,2,2,0.0,0.00025,0.99975
16432748,2,2,0.0,0.01086,0.98914
11804068,1,2,0.0578,0.43863,0.50357
13906734,0,0,0.8784,0.07539,0.04622
20604569,2,2,0.00823,0.17488,0.8169
6895337,2,2,0.00093,0.04917,0.94989
18281975,0,0,0.92084,0.02722,0.05194
5239387,2,2,0.0009,0.0049,0.9942
13789448,2,2,1e-05,0.00033,0.99967
22743893,2,2,0.17882,0.10513,0.71605
33082577,2,2,0.01217,0.01593,0.9719
24970032,2,2,0.0934,0.06756,0.83904
14211029,2,2,0.04299,0.25295,0.70406
25396058,0,0,0.76473,0.08602,0.14925
22964860,0,0,0.50585,0.12669,0.36746
8861728,2,2,0.03397,0.10562,0.86041
39621388,2,2,0.00418,0.0168,0.97902
16566590,2,2,0.00263,0.01974,0.97763
29112402,0,0,0.85477,0.09461,0.05061
20450038,0,0,0.97587,0.01874,0.00538
37902260,2,2,0.00258,0.01099,0.98643
3648977,2,2,0.01191,0.03734,0.95076
3887779,1,1,0.13469,0.47373,0.39158
16095825,0,0,0.64952,0.32316,0.02732
27257593,0,0,0.91247,0.08665,0.00088
38036360,2,2,0.07035,0.12476,0.80489
40058058,2,2,0.00568,0.01165,0.98266
33828206,1,1,0.29598,0.59169,0.11233
31677273,0,0,0.80461,0.1747,0.02069
35331807,0,1,0.24459,0.58566,0.16975
12907977,1,1,0.42576,0.50704,0.0672
10248755,2,1,0.00626,0.71305,0.28068
12511492,2,2,0.16246,0.37404,0.46351
20442150,2,1,0.39064,0.40701,0.20236
7130067,2,2,0.00554,0.03589,0.95857
33640656,0,0,0.88687,0.11232,0.00081
4168732,2,1,0.10971,0.47761,0.41268
16425333,2,2,0.00034,0.00586,0.9938
19455608,2,2,0.02274,0.03154,0.94571
39439653,2,2,0.0007,0.01037,0.98893
19575928,2,2,0.0701,0.26541,0.66449
40241465,2,2,0.07518,0.06726,0.85756
33205666,2,2,0.00304,0.011,0.98596
32457597,2,2,0.00236,0.01241,0.98523
3152557,2,2,0.0625,0.17179,0.76571
40195133,2,2,0.00599,0.01707,0.97694
29906653,2,2,0.00109,0.00831,0.9906
38753166,0,0,0.9859,0.01082,0.00328
4633066,0,0,0.97846,0.02072,0.00081
40101535,0,0,0.98156,0.01833,0.00011
26328432,2,2,0.00791,0.31625,0.67584
32585882,2,2,0.00205,0.03828,0.95967
10635042,2,1,0.10477,0.58572,0.30951
40520151,0,0,0.60876,0.26005,0.13119
20260079,1,1,0.3253,0.59347,0.08123
21445630,2,2,0.00187,0.04986,0.94827
22883527,2,2,0.00348,0.05631,0.94022
25370202,2,2,0.00386,0.05302,0.94312
35745944,1,0,0.62363,0.32493,0.05144
17956758,0,0,0.96812,0.03048,0.0014
34637056,0,0,0.92289,0.07681,0.00031
15068900,2,2,0.13377,0.14441,0.72182
4048253,2,2,0.09919,0.14959,0.75121
40651902,2,2,0.05786,0.09138,0.85076
15510606,2,2,0.1042,0.06331,0.83249
12835528,2,2,1e-05,0.00023,0.99976
32655767,2,2,0.03879,0.20822,0.75298
20936034,1,1,0.25555,0.43674,0.30771
12191572,2,2,0.11866,0.07448,0.80686
20264047,2,2,0.01727,0.06086,0.92187
27108748,2,2,0.02221,0.01621,0.96158
14456037,0,0,0.56441,0.36072,0.07487
40683140,2,2,0.04106,0.17357,0.78537
35459960,0,0,0.9846,0.01155,0.00385
7336560,2,2,0.00435,0.05483,0.94083
4764753,2,2,0.01718,0.26805,0.71477
25633077,2,2,0.0013,0.0056,0.9931
18877634,2,2,0.01425,0.08508,0.90067
30666237,0,0,0.59509,0.26503,0.13989
32973604,2,2,0.00165,0.00817,0.99018
15708425,2,2,0.00561,0.0147,0.97969
29096453,2,2,0.03922,0.06139,0.89939
11709847,2,2,0.21562,0.13899,0.64539
33652707,0,1,0.46277,0.46412,0.07312
819676,2,2,0.26214,0.22838,0.50948
39837398,2,2,0.0172,0.19027,0.79253
9350427,2,0,0.54539,0.05631,0.3983
6429198,2,2,0.04875,0.12259,0.82867
19471619,2,2,0.18967,0.1038,0.70653
39910868,2,2,0.07455,0.34276,0.5827
33014897,2,1,0.03327,0.74886,0.21787
10385578,2,2,0.0038,0.0206,0.9756
34331515,2,1,0.02943,0.96883,0.00174
13481762,2,2,0.00668,0.01277,0.98055
3830458,2,2,0.00904,0.0549,0.93606
22240456,2,2,0.00028,0.00159,0.99813
35124133,2,2,0.0422,0.20302,0.75478
4252892,1,1,0.26782,0.69784,0.03434
39589394,2,1,0.07703,0.53943,0.38354
1105997,2,2,0.00622,0.04087,0.95291
35052708,2,2,0.18927,0.26356,0.54717
33795636,2,2,0.03357,0.21256,0.75387
16103981,2,2,0.00039,0.01292,0.98669
22645555,2,2,0.08519,0.16426,0.75055
17861931,0,2,0.07282,0.21456,0.71262
10676988,2,2,0.24824,0.1887,0.56307
19882485,0,1,0.24568,0.66169,0.09263
26920009,2,2,0.10169,0.18134,0.71697
33720874,2,2,0.02132,0.05197,0.92671
1740321,0,0,0.91754,0.077,0.00546
36192933,2,0,0.48678,0.03591,0.4773
20191447,2,2,0.0164,0.35442,0.62918
33740773,2,2,0.06038,0.08566,0.85396
7012656,2,2,0.00583,0.0118,0.98237
8882234,2,0,0.40992,0.26837,0.32171
36379650,2,2,0.11944,0.06554,0.81502
41271075,0,0,0.85082,0.14824,0.00094
9699193,2,2,0.21454,0.07314,0.71232
29118014,0,1,0.38846,0.45957,0.15197
31111139,2,0,0.46673,0.23084,0.30243
36199584,0,0,0.49002,0.44369,0.06629
7994268,2,2,0.00025,0.00305,0.99669
37722024,2,2,0.11082,0.29919,0.58999
8461108,1,2,0.10573,0.33621,0.55806
36873085,2,2,0.23225,0.22674,0.54101
25072941,2,1,0.2145,0.58941,0.19609
14554945,0,1,0.29891,0.60922,0.09187
26417749,2,2,0.1164,0.33095,0.55265
3266771,2,2,0.09742,0.27308,0.6295
36855724,0,0,0.85409,0.1447,0.00121
17533262,0,0,0.90711,0.08146,0.01143
18697552,0,0,0.64114,0.27936,0.07951
5470984,0,0,0.72664,0.25383,0.01952
25437239,2,2,0.02339,0.25734,0.71927
4073645,2,2,0.00029,0.0055,0.99421
28657217,1,1,0.15804,0.78356,0.0584
6992442,0,2,0.23662,0.32635,0.43704
28535896,2,2,0.38196,0.16292,0.45512
18863819,1,0,0.62153,0.26683,0.11164
10936472,2,2,0.09958,0.07905,0.82137
38917234,2,2,0.0177,0.0791,0.90319
12438643,0,0,0.80752,0.17956,0.01292
18729218,2,2,0.00915,0.00687,0.98399
13739155,1,2,0.00509,0.44574,0.54917
909975,2,2,0.05086,0.1198,0.82934
24978703,2,2,0.0,0.00055,0.99945
37944471,2,2,0.00588,0.00801,0.98611
15816485,0,0,0.99362,0.00344,0.00294
4521627,2,2,0.01692,0.05088,0.9322
3623775,2,0,0.50505,0.42686,0.06809
30100588,0,0,0.82223,0.1145,0.06326
33216741,0,1,0.14969,0.70411,0.1462
7722884,2,1,0.07679,0.51541,0.4078
33850286,2,2,0.01983,0.31135,0.66881
12854982,0,0,0.75277,0.12965,0.11758
3024737,2,2,0.00011,0.03838,0.9615
30729393,2,2,0.02862,0.08395,0.88743
35498679,1,2,0.09463,0.26801,0.63736
29955969,2,2,0.05838,0.13784,0.80379
22812631,2,1,0.04788,0.71107,0.24105
25328653,0,1,0.381,0.56147,0.05753
37444997,2,2,0.08734,0.06802,0.84464
33795285,2,2,0.01751,0.04057,0.94192
13814175,2,2,0.04283,0.09067,0.8665
6123538,2,2,0.09542,0.1249,0.77968
25120316,0,0,0.67065,0.28529,0.04406
1356663,2,2,0.01246,0.01488,0.97267
39868860,2,0,0.62689,0.16014,0.21297
11472964,2,2,0.00839,0.02648,0.96512
6325905,0,2,0.43417,0.09351,0.47233
2333723,2,2,0.08792,0.11774,0.79434
5585381,1,2,0.011,0.06855,0.92045
33163791,2,2,0.0,0.00025,0.99975
28581762,1,0,0.51906,0.42226,0.05868
38391858,1,1,0.10574,0.73849,0.15576
37850163,0,0,0.92573,0.05295,0.02133
9128172,2,2,0.01914,0.04106,0.93979
9022246,2,2,0.00088,0.00822,0.9909
16969646,2,2,0.00897,0.01115,0.97988
4066833,2,2,0.12169,0.08707,0.79124
4078196,2,2,0.00584,0.02312,0.97104
31400880,2,2,0.01421,0.01055,0.97524
21666420,2,2,0.01613,0.10967,0.87419
2405777,2,2,0.00078,0.02847,0.97074
24572643,2,0,0.6944,0.06066,0.24495
15992173,0,0,0.95017,0.02649,0.02334
1955048,2,2,0.01289,0.30759,0.67952
17026591,2,2,0.00048,0.0032,0.99633
15218431,2,2,0.17597,0.06627,0.75776
3956873,2,2,0.17082,0.01429,0.81488
33481781,0,0,0.51848,0.26635,0.21516
21230064,2,2,0.02125,0.01119,0.96757
8458848,2,2,0.0,0.00025,0.99975
8989584,2,2,0.10183,0.07684,0.82133
19797744,2,2,0.08037,0.03728,0.88235
24816162,2,2,2e-05,0.00016,0.99982
34093716,2,2,0.00096,0.0052,0.99383
2886792,2,1,0.10394,0.87768,0.01838
29978032,0,1,0.14014,0.74994,0.10992
38747768,2,2,0.13114,0.07564,0.79322
2626082,2,2,0.00231,0.03296,0.96473
26123359,1,2,0.0962,0.41031,0.4935
23235522,1,0,0.48384,0.319,0.19715
6401966,2,0,0.94568,0.03947,0.01485
11363989,2,2,0.00433,0.0983,0.89737
30568122,0,2,0.24552,0.07411,0.68038
5931827,2,2,0.00388,0.0057,0.99042
5989342,2,2,0.08181,0.0502,0.86799
11130539,2,1,0.13872,0.55831,0.30297
5599662,2,2,0.06752,0.11807,0.81441
5298067,2,2,0.03923,0.25454,0.70623
36909151,0,0,0.82829,0.16113,0.01058
38460875,2,0,0.56575,0.37833,0.05592
2838620,2,2,0.00968,0.15083,0.83949
7760794,2,2,0.12834,0.13732,0.73434
28267610,0,1,0.28349,0.6464,0.07012
24147753,2,2,0.00327,0.0142,0.98253
15079335,2,2,0.10909,0.2037,0.68721
8892571,0,0,0.66926,0.31895,0.01178
9970253,0,0,0.97854,0.01844,0.00302
1113717,2,2,0.00356,0.03088,0.96555
11283170,2,2,0.02208,0.02709,0.95084
18294767,2,2,0.01767,0.12671,0.85562
10522238,2,2,0.02496,0.1733,0.80175
6615710,2,2,0.0885,0.31786,0.59365
31317098,0,0,0.83821,0.12053,0.04126
20570261,2,2,0.02515,0.12133,0.85352
18551218,2,2,0.00426,0.0857,0.91004
41562804,0,0,0.62382,0.25931,0.11687
37545534,2,2,0.11323,0.15196,0.73481
34435051,2,2,0.06584,0.30285,0.63131
4051434,2,2,0.0046,0.05804,0.93736
11017028,2,1,0.12122,0.52599,0.35279
9557581,2,2,0.00261,0.01043,0.98696
15315096,0,0,0.97388,0.02548,0.00064
16769704,2,2,0.08897,0.24246,0.66856
8701627,2,2,0.06601,0.00871,0.92528
26445183,2,2,0.02564,0.06749,0.90687
23712197,2,2,2e-05,0.06502,0.93495
36520601,2,1,0.05866,0.50317,0.43817
15405064,2,2,0.00987,0.05956,0.93057
30006985,0,0,0.89536,0.06612,0.03852
22288007,2,2,0.00765,0.02246,0.96989
41568088,2,2,0.24824,0.1887,0.56307
5465569,2,0,0.7395,0.0817,0.17881
16752142,2,2,0.0001,0.03313,0.96677
20214859,2,2,0.03688,0.13443,0.82869
24625735,1,2,0.21774,0.28472,0.49754
26522842,2,2,0.0291,0.0614,0.9095
32246526,2,2,0.04112,0.15893,0.79996
19583549,2,2,0.0308,0.06429,0.90491
21835386,0,0,0.50968,0.21976,0.27056
31755656,2,2,0.16063,0.04408,0.79529
27813127,0,1,0.32286,0.59009,0.08706
5682437,2,2,0.08385,0.06095,0.8552
41628156,0,1,0.45207,0.47599,0.07194
31262047,0,0,0.91641,0.06801,0.01557
38043441,0,0,0.99215,0.00639,0.00146
18399023,2,2,0.02705,0.03005,0.94291
35143468,2,1,0.08985,0.59637,0.31378
5607057,2,2,0.0341,0.15529,0.81061
38115330,2,2,0.03553,0.09445,0.87001
13646622,2,2,0.03894,0.06911,0.89195
24355193,2,2,0.08213,0.11126,0.80661
17546651,2,2,0.0994,0.37335,0.52725
1778220,0,0,0.68553,0.1242,0.19027
22159132,2,2,0.03375,0.14071,0.82554
21693910,2,2,0.00051,0.00163,0.99786
40488065,0,0,0.79787,0.19293,0.0092
40201030,0,0,0.98198,0.0148,0.00322
23312875,2,2,0.00086,0.01703,0.9821
18191789,2,2,0.05063,0.03453,0.91485
4771071,2,2,6e-05,0.00215,0.99779
11986543,2,2,0.27058,0.05024,0.67918
19001611,2,2,0.001,0.0047,0.9943
20284354,2,0,0.38574,0.28658,0.32768
25436489,0,0,0.58229,0.18588,0.23183
32889038,2,2,0.04214,0.11908,0.83878
35329833,2,2,0.06598,0.06496,0.86906
34331238,0,0,0.8525,0.1384,0.0091
36799910,1,2,0.12372,0.38321,0.49306
18208775,2,2,0.00048,0.0349,0.96462
5321194,1,2,0.02998,0.01497,0.95505
9572516,1,1,0.0758,0.78577,0.13842
25295856,2,2,0.00136,0.04216,0.95648
11760801,2,2,0.01046,0.05465,0.93488
6256927,2,2,0.17664,0.18729,0.63606
605725,0,1,0.24266,0.62651,0.13084
4579397,2,2,0.00133,0.01513,0.98354
22039142,0,0,0.62836,0.12257,0.24907
25038965,2,2,0.0097,0.09452,0.89578
29225811,2,2,0.07916,0.03934,0.88149
34105432,2,2,0.00014,0.00344,0.99642
1316917,2,2,0.01971,0.05742,0.92288
36300249,2,2,0.00046,0.00845,0.99109
3105866,2,0,0.63037,0.1314,0.23823
8751076,2,2,0.00172,0.00852,0.98976
39891529,0,0,0.87712,0.11892,0.00396
40435204,0,0,0.82924,0.15962,0.01114
22624863,2,2,0.07529,0.06253,0.86218
14860920,2,2,0.11867,0.08537,0.79596
31669676,0,0,0.84947,0.12257,0.02796
28907311,2,2,0.0,0.00025,0.99975
35541300,2,2,0.02715,0.05004,0.92281
17519046,2,2,0.0194,0.08471,0.89589
2306755,2,2,0.02192,0.01361,0.96447
22224882,0,0,0.87868,0.09946,0.02186
13396860,2,1,0.08641,0.63957,0.27403
37108875,0,0,0.82607,0.09409,0.07984
37032723,2,2,0.00022,0.00296,0.99682
318843,2,2,0.00217,0.01544,0.98238
24746435,2,2,0.00172,0.24024,0.75804
21597346,2,2,0.00047,0.01042,0.98911
9258227,2,2,0.08784,0.0389,0.87326
17863878,0,0,0.9654,0.02171,0.01288
18606221,2,2,0.00425,0.01923,0.97652
20229835,2,2,0.10234,0.22911,0.66855
17587712,2,2,0.03123,0.07941,0.88936
4068757,2,2,0.01255,0.03737,0.95008
7044490,2,2,0.00028,0.02219,0.97753
16439654,2,2,0.10865,0.02307,0.86828
17474599,2,2,0.21032,0.07042,0.71925
2619297,2,2,0.00444,0.16088,0.83468
4377922,2,2,3e-05,0.00209,0.99788
37934468,1,2,0.29906,0.04638,0.65456
23788304,2,2,0.09153,0.05512,0.85335
8469792,2,2,0.0,0.00025,0.99975
40493667,2,2,0.00039,0.00332,0.99629
34133589,2,1,0.09118,0.61422,0.2946
11222914,2,2,0.06767,0.03578,0.89655
16592455,0,0,0.92508,0.0634,0.01152
27382335,1,1,0.45817,0.51996,0.02187
30525021,2,2,0.02054,0.03704,0.94242
8707269,2,0,0.57671,0.18396,0.23933
36378692,0,1,0.35924,0.54132,0.09944
8253146,0,0,0.52822,0.13667,0.33511
20194358,2,2,0.13454,0.01284,0.85261
677379,2,2,0.0288,0.46981,0.50139
25598301,2,2,0.00222,0.00211,0.99567
3289709,2,2,0.14517,0.31319,0.54164
35187219,2,2,0.03083,0.2909,0.67826
33795576,2,0,0.72607,0.07358,0.20035
12074740,2,2,0.0045,0.00371,0.99179
3178545,2,2,0.02113,0.04785,0.93103
16052859,2,1,0.36836,0.43527,0.19638
11170451,2,2,0.00499,0.01669,0.97832
21843767,0,2,0.12343,0.04919,0.82737
27333295,2,2,0.00087,0.00118,0.99796
7384204,2,2,0.27815,0.18455,0.5373
28603003,0,0,0.47091,0.42401,0.10508
14009660,1,2,0.26274,0.29165,0.4456
10195415,1,1,0.35534,0.43637,0.20829
2651894,1,1,0.02065,0.63554,0.3438
1390503,2,2,0.07764,0.4578,0.46456
1171121,2,2,0.11927,0.33545,0.54529
38979838,0,0,0.61041,0.22575,0.16384
29182989,2,1,0.24893,0.62638,0.12469
8624499,0,0,0.97958,0.01846,0.00196
21206135,2,2,0.00778,0.04813,0.94409
22563662,2,2,0.01231,0.16726,0.82043
17773722,2,2,0.10642,0.25267,0.64091
24578979,2,2,0.0041,0.11678,0.87912
39841967,2,2,0.01307,0.01982,0.96711
7820225,2,2,0.05017,0.1107,0.83914
4912737,2,2,0.25235,0.03163,0.71601
37049832,2,0,0.60225,0.24434,0.15342
35697625,0,0,0.9317,0.06303,0.00527
5917806,0,0,0.84619,0.1208,0.03301
29250067,2,2,0.02655,0.05901,0.91445
27528069,2,2,0.02888,0.118,0.85312
37709424,2,2,0.06801,0.10498,0.82701
5314232,0,0,0.65986,0.18063,0.15951
7111034,2,2,9e-05,0.00052,0.99939
2192000,2,2,0.27574,0.20708,0.51717
7729468,2,2,0.04336,0.07737,0.87927
33627422,2,2,0.13189,0.25718,0.61093
11869920,2,2,0.00037,0.00162,0.99801
20128386,1,2,0.00743,0.06566,0.92691
21715181,2,2,0.02805,0.07328,0.89867
37343381,2,2,0.0069,0.02013,0.97297
710744,2,2,0.07315,0.24937,0.67748
27637525,2,2,0.00012,0.00049,0.99939
33300609,0,0,0.99373,0.00591,0.00036
5533768,0,0,0.57357,0.36237,0.06407
16274638,0,0,0.8832,0.09984,0.01696
30529885,2,2,0.0138,0.02175,0.96445
14251637,2,2,0.03839,0.18223,0.77939
4165702,2,2,0.01373,0.03455,0.95173
18411127,0,0,0.81333,0.15842,0.02825
11161038,2,2,0.19191,0.0737,0.73438
709184,2,2,0.00124,0.00542,0.99334
1574629,1,2,0.05685,0.24679,0.69636
31924986,2,2,0.0329,0.07467,0.89243
4221200,0,1,0.29711,0.63535,0.06754
20150090,2,2,0.05025,0.16292,0.78683
909162,2,2,0.00342,0.05349,0.94308
21359238,2,1,0.09928,0.46082,0.4399
21522591,1,0,0.49697,0.48439,0.01864
12567072,0,1,0.18313,0.54068,0.2762
7336252,2,2,0.05345,0.07265,0.8739
2782563,2,2,0.01097,0.08367,0.90536
5153340,2,2,0.01129,0.07038,0.91833
32556059,2,2,0.03737,0.03929,0.92334
12735028,2,2,3e-05,0.00103,0.99895
38794477,0,0,0.55004,0.37012,0.07984
23279960,2,2,0.00088,0.0056,0.99353
16767489,0,1,0.07267,0.62477,0.30255
4624374,2,0,0.67906,0.29603,0.02491
5139460,2,2,0.00941,0.13797,0.85262
30420133,2,2,0.11653,0.01846,0.86501
20388275,0,0,0.7899,0.19573,0.01438
21693963,2,2,0.03865,0.04235,0.919
37319860,2,2,0.00519,0.02207,0.97273
28953469,2,2,0.00108,0.03811,0.96082
33637622,2,2,0.06385,0.26145,0.6747
37947369,2,2,0.02397,0.27742,0.69861
36409149,2,2,0.01297,0.01209,0.97495
19084974,2,2,0.05008,0.12324,0.82668
20204671,1,1,0.17497,0.68316,0.14188
26508564,2,1,0.25954,0.37936,0.3611
5313905,0,0,0.90775,0.07828,0.01397
17321819,2,2,0.02553,0.08708,0.88739
39984886,0,0,0.98974,0.00838,0.00188
31651287,2,2,0.00116,0.03935,0.95949
9252074,2,2,0.00682,0.00893,0.98425
35236242,2,2,0.05578,0.0887,0.85552
34402062,2,2,0.33026,0.14376,0.52597
38505771,0,0,0.85565,0.06638,0.07797
35416636,2,2,0.01704,0.07879,0.90417
38375585,2,2,0.05313,0.30502,0.64185
24996500,0,0,0.96586,0.02879,0.00535
11582835,2,2,0.06286,0.10857,0.82856
16926517,1,0,0.67774,0.27746,0.04481
8756011,2,2,0.00197,0.01611,0.98192
28672993,2,2,0.0004,0.00225,0.99734
22556032,2,2,0.13664,0.13065,0.73271
38958465,2,2,0.05687,0.36038,0.58275
16852948,2,2,0.00027,0.0044,0.99533
11672815,2,2,0.07311,0.2402,0.68669
39636190,1,1,0.43866,0.54094,0.0204
8135067,2,2,0.03907,0.10806,0.85287
20114667,0,0,0.72217,0.23827,0.03955
15582048,2,2,0.04321,0.27789,0.67891
5129524,0,1,0.27923,0.71468,0.00609
34432431,0,0,0.94125,0.05842,0.00033
37969744,0,0,0.89665,0.08648,0.01687
33721284,0,0,0.97398,0.02583,0.00019
40731292,0,0,0.65066,0.33475,0.01459
16675667,2,2,0.02235,0.04245,0.9352
14331124,2,2,0.045,0.17145,0.78355
12808312,2,2,0.02519,0.07235,0.90247
28137389,2,0,0.95943,0.03546,0.00511
40331503,0,0,0.59008,0.39993,0.00999
13094672,2,2,0.03003,0.04715,0.92282
8532449,2,2,0.00155,0.00396,0.99449
39038702,2,2,0.0,0.00015,0.99985
4502835,0,0,0.90584,0.09296,0.00119
11803232,2,2,0.24824,0.1887,0.56307
10033277,0,1,0.0812,0.78196,0.13683
26312635,2,2,0.03841,0.09731,0.86428
6868297,2,2,0.0,0.00055,0.99945
32386721,2,2,0.00883,0.02176,0.96941
17867132,0,2,0.30923,0.10548,0.58529
8060679,2,2,0.00862,0.10294,0.88844
3351702,2,1,0.36147,0.48075,0.15777
35106544,2,0,0.51615,0.16755,0.3163
24107710,2,1,0.00925,0.66968,0.32107
5768921,2,2,0.14546,0.16777,0.68677
28165157,2,2,0.01467,0.06797,0.91736
6090548,2,2,0.05614,0.02945,0.91441
1486813,2,0,0.92729,0.07057,0.00214
39183134,0,1,0.21654,0.55623,0.22723
27758124,2,2,0.078,0.0749,0.84711
29177832,2,2,0.01242,0.03197,0.95561
28888790,2,1,0.15726,0.43312,0.40962
16982557,2,2,0.00329,0.00226,0.99446
33895767,2,2,0.00308,0.05365,0.94327
5126579,2,2,0.00769,0.05404,0.93826
37918856,2,2,0.24824,0.1887,0.56307
25567390,1,0,0.91244,0.0339,0.05366
36682116,2,2,0.10931,0.22685,0.66384
31806955,0,0,0.76512,0.21149,0.02338
23094451,2,2,0.02446,0.06095,0.91459
39667785,0,2,0.28999,0.34977,0.36024
6810335,0,0,0.93516,0.06161,0.00323
33208526,2,2,0.00139,0.00214,0.99648
18254465,2,2,0.01163,0.0105,0.97787
6366796,2,2,0.19266,0.14013,0.66722
30214522,2,2,0.0236,0.03643,0.93996
10813359,2,2,0.1647,0.09723,0.73807
4252522,2,2,0.0351,0.15089,0.814
18934863,2,2,0.03471,0.03834,0.92695
14708192,2,2,0.00089,0.00483,0.99428
7971607,0,0,0.86251,0.1187,0.01879
35315131,2,2,0.30144,0.16809,0.53046
10671572,1,1,0.07841,0.86675,0.05484
9682031,2,0,0.39936,0.34998,0.25066
37907828,2,2,0.05089,0.10811,0.841
23964167,2,2,0.01569,0.17517,0.80914
14039609,2,2,0.01048,0.00655,0.98297
28971244,2,2,0.02039,0.08611,0.8935
9030260,2,2,0.01613,0.04453,0.93934
3965665,0,0,0.99339,0.00081,0.0058
36447193,2,2,1e-05,0.00023,0.99976
17485882,2,2,0.00499,0.01665,0.97836
38691924,2,2,0.01175,0.40294,0.58531
1909650,0,0,0.75718,0.23823,0.00459
5697847,0,0,0.89497,0.10341,0.00162
8461696,2,2,0.1702,0.03101,0.79879
10553225,2,2,0.00127,0.02213,0.97661
27762187,2,2,0.00011,0.00285,0.99704
17548193,2,2,0.01457,0.02826,0.95716
9733172,0,0,0.78062,0.11648,0.1029
40628374,2,2,0.09772,0.0438,0.85849
36978111,2,2,0.00708,0.03329,0.95963
17778906,2,2,0.00037,0.00163,0.99801
27106402,2,2,0.00675,0.03391,0.95934
2173714,2,2,0.15027,0.39755,0.45219
21456840,2,2,0.0,0.00023,0.99976
7843881,2,2,0.32115,0.16722,0.51164
8468159,2,2,0.01251,0.08669,0.90079
35463495,2,2,0.06392,0.07798,0.8581
33793480,2,2,0.01319,0.01056,0.97625
25229901,0,0,0.99893,0.00082,0.00025
36638051,2,2,0.14243,0.21372,0.64385
27100533,2,2,0.01204,0.07535,0.91261
17851209,2,2,0.00177,0.0251,0.97313
13268644,0,1,0.48635,0.48999,0.02366
10869928,2,2,0.00652,0.00688,0.9866
6725191,0,1,0.46786,0.50649,0.02565
35230966,2,2,0.10449,0.22032,0.6752
8447732,2,2,0.13606,0.13109,0.73285
16631460,0,1,0.43455,0.52225,0.0432
24524331,0,0,0.92489,0.07186,0.00326
30287958,0,0,0.94094,0.05753,0.00153
14638313,2,2,0.03394,0.05253,0.91354
13306359,2,2,0.04495,0.0221,0.93295
18218541,2,2,0.15356,0.07478,0.77166
5017025,2,2,0.00073,0.0026,0.99667
21344566,0,0,0.65522,0.22458,0.1202
6791008,2,2,0.10582,0.25212,0.64206
29642697,1,0,0.38251,0.3462,0.27129
9217259,2,2,0.00103,0.00352,0.99545
3489709,0,1,0.35622,0.605,0.03878
12545859,2,2,0.05476,0.06161,0.88363
36175804,2,2,0.01593,0.0136,0.97047
12140883,2,2,0.00783,0.16217,0.83
28533728,0,0,0.4796,0.42023,0.10017
19972993,2,2,0.05517,0.07541,0.86942
17722053,2,2,0.00708,0.18792,0.805
17937262,2,2,0.00338,0.05656,0.94006
33813934,2,1,0.32524,0.63852,0.03624
9935252,2,2,0.00203,0.00744,0.99054
11717452,2,2,0.00048,0.00352,0.996
27331009,0,0,0.8725,0.07084,0.05666
10134319,2,2,0.01779,0.03224,0.94996
667021,2,0,0.68066,0.26022,0.05912
496862,2,2,0.05001,0.0931,0.85689
29729888,2,2,0.01075,0.38438,0.60487
13938531,2,2,0.0047,0.04363,0.95167
7957165,2,2,0.01917,0.04006,0.94077
19412370,2,1,0.04665,0.88672,0.06663
24063722,0,0,0.71563,0.272,0.01237
32832814,2,2,0.00048,0.0141,0.98542
34743534,2,2,0.1681,0.397,0.4349
12747175,0,0,0.7075,0.27532,0.01718
1315346,2,2,0.0355,0.01682,0.94767
30563645,2,2,8e-05,0.08206,0.91786
14120578,2,2,0.13322,0.05272,0.81406
24672339,2,2,0.00158,0.01115,0.98727
12493271,2,2,0.18307,0.21936,0.59757
28389015,2,2,0.02602,0.03872,0.93525
22775630,2,0,0.47099,0.25012,0.27889
21042105,0,0,0.51029,0.051,0.4387
27416518,2,2,0.02447,0.2612,0.71433
39279793,2,2,0.04016,0.01458,0.94527
1911104,0,1,0.38461,0.53127,0.08412
34863509,2,1,0.20075,0.55917,0.24008
27014743,2,2,0.38794,0.16741,0.44466
18767810,0,0,0.63711,0.263,0.09989
41624099,2,2,0.01138,0.01838,0.97024
31908838,2,2,0.14701,0.11698,0.73601
15969582,2,2,0.00369,0.02221,0.9741
34326144,1,1,0.04423,0.93893,0.01684
14011116,2,2,0.05946,0.17551,0.76502
16438194,2,2,0.00096,0.01041,0.98863
30980273,0,0,0.84554,0.07803,0.07643
35798341,2,2,0.12864,0.16529,0.70608
18958317,2,2,0.33219,0.1101,0.55771
24875810,2,2,0.00698,0.02092,0.9721
1936121,2,2,0.023,0.02401,0.95298
33162532,2,2,0.03068,0.35627,0.61305
29324940,0,0,0.94539,0.03489,0.01972
26431023,2,1,0.13372,0.60054,0.26575
22650475,2,2,9e-05,0.01243,0.98748
9558386,2,2,0.00035,0.00643,0.99322
32420338,0,0,0.99912,0.00084,5e-05
40643864,0,0,0.84765,0.13104,0.0213
17176466,2,2,0.00485,0.01651,0.97864
38190308,1,0,0.73889,0.24212,0.01899
23794832,2,1,0.01383,0.5207,0.46548
1340474,2,2,0.01249,0.0155,0.97201
38793356,0,1,0.38957,0.59384,0.01659
12891537,2,2,0.04564,0.02997,0.92439
34225895,2,2,0.09342,0.02368,0.88289
40111151,2,2,0.03933,0.06105,0.89962
1909438,2,2,0.01817,0.00332,0.97851
14352213,0,1,0.21391,0.60429,0.18179
21114249,2,0,0.4132,0.19491,0.39189
9018040,0,0,0.51073,0.34603,0.14324
37280253,2,1,0.12124,0.50129,0.37747
3577069,1,1,0.34705,0.58914,0.06381
5942613,2,2,0.00051,0.07553,0.92396
29189866,0,0,0.6821,0.15716,0.16074
26312260,2,2,0.0239,0.0547,0.92139
28042944,2,2,0.20987,0.08405,0.70608
18590513,2,2,0.06992,0.11083,0.81924
18699094,2,2,0.01061,0.06892,0.92046
18403034,2,2,0.00357,0.01284,0.98359
25646860,2,2,0.01585,0.01979,0.96436
2813232,2,2,0.02937,0.02056,0.95007
3682434,2,2,0.03081,0.07045,0.89874
27516878,0,0,0.95271,0.04168,0.00561
26753317,2,2,0.02125,0.01119,0.96757
20302490,2,2,0.01159,0.03015,0.95826
36567699,0,0,0.9992,0.00027,0.00053
3557891,1,0,0.94623,0.05114,0.00263
40479019,1,0,0.61598,0.36328,0.02074
13077878,0,0,0.74355,0.25279,0.00366
20562902,2,2,0.01712,0.02176,0.96112
29152292,2,2,0.04336,0.36247,0.59416
17787036,0,0,0.94023,0.04762,0.01214
6768578,2,2,9e-05,0.01243,0.98748
1644007,0,0,0.89439,0.06879,0.03682
7658508,2,2,0.00629,0.04076,0.95295
33846218,2,2,3e-05,0.00209,0.99788
13237366,2,2,0.16346,0.28828,0.54825
4978386,2,2,0.30085,0.12065,0.57849
37377070,2,2,0.02198,0.02297,0.95505
18168927,2,2,0.00169,0.01121,0.9871
9588542,2,2,0.07238,0.24223,0.68539
1031964,2,2,0.05284,0.02025,0.92691
17524064,2,2,0.27382,0.03673,0.68945
12782069,2,2,0.02365,0.12361,0.85273
30409271,2,2,0.00189,0.00432,0.99379
4631825,2,2,0.00018,0.003,0.99681
26382467,2,2,0.00223,0.09485,0.90292
18934871,2,2,0.00599,0.01028,0.98373
34404432,1,0,0.77779,0.14603,0.07619
41307885,2,2,0.07208,0.20482,0.72311
23374673,2,2,0.00135,0.02159,0.97706
21047013,0,0,0.62108,0.25653,0.12239
21533894,0,0,0.65133,0.15246,0.19621
10553146,2,0,0.52826,0.11174,0.36
37243556,2,0,0.55209,0.27075,0.17717
39790289,0,0,0.73091,0.25099,0.01809
18699273,2,2,0.00196,0.13834,0.8597
14457324,1,0,0.48906,0.43939,0.07155
39014783,2,2,0.00511,0.14025,0.85464
14782573,0,1,0.27179,0.47624,0.25197
25294898,0,0,0.59412,0.24335,0.16252
8794245,2,1,0.04875,0.73612,0.21513
40393106,2,2,0.00049,0.03321,0.9663
4966011,2,2,0.01422,0.10168,0.8841
31122873,0,0,0.65782,0.19228,0.1499
21617120,2,2,0.20531,0.31885,0.47585
23984508,2,2,0.00188,0.02074,0.97739
3744863,2,2,0.04909,0.08285,0.86806
32814252,2,2,0.12399,0.08109,0.79492
15591414,2,2,0.01617,0.09899,0.88484
25951535,0,0,0.96094,0.03671,0.00235
35681004,2,2,0.00791,0.31625,0.67584
3290630,2,2,0.04182,0.08554,0.87263
24716614,2,1,0.06876,0.6304,0.30084
28758347,0,0,0.78686,0.18564,0.0275
9457510,2,2,0.02896,0.03428,0.93676
11413534,2,2,0.13319,0.12105,0.74575
33799276,0,0,0.95696,0.02373,0.01931
14474625,2,2,0.01753,0.03177,0.95071
3837035,2,2,0.00298,0.00401,0.99301
35328591,0,0,0.45229,0.39803,0.14968
13100673,2,2,0.05204,0.05588,0.89208
9101483,2,2,2e-05,5e-05,0.99993
9721653,2,2,0.00369,0.01417,0.98214
15958434,1,0,0.81728,0.1184,0.06432
31593955,2,2,0.05219,0.04397,0.90383
15469191,2,2,0.15516,0.26979,0.57504
15972211,2,2,0.03193,0.02784,0.94023
15058093,2,2,0.21163,0.06616,0.72221
28753327,0,0,0.5724,0.34914,0.07846
36156826,2,2,0.00401,0.06762,0.92837
13566168,2,2,0.0006,0.01078,0.98861
39802633,0,0,0.96167,0.02393,0.0144
18317361,2,2,0.1475,0.05598,0.79652
41143418,2,2,0.12784,0.18229,0.68988
32636217,2,2,0.02817,0.07563,0.8962
14913666,2,0,0.56021,0.30213,0.13766
19318033,0,1,0.39462,0.6039,0.00148
16708383,2,2,9e-05,0.01243,0.98748
41405941,2,2,0.01275,0.46605,0.5212
6654996,2,1,0.09836,0.77147,0.13017
36018504,2,2,0.43154,0.05636,0.5121
34178265,2,2,0.00449,0.01456,0.98096
30767011,2,2,0.00077,0.00242,0.99681
15299743,2,1,0.28373,0.44166,0.27461
2629,0,0,0.92573,0.0515,0.02276
1090981,2,2,0.01368,0.1576,0.82872
11025818,2,2,0.0066,0.09845,0.89494
23069846,2,2,0.04099,0.20087,0.75814
12476152,2,2,0.00564,0.0071,0.98726
6391543,2,2,0.0146,0.05984,0.92556
10621775,1,1,0.41999,0.46765,0.11236
33172622,2,2,0.00377,0.01323,0.983
11849854,2,2,0.39872,0.09345,0.50783
8944484,2,2,0.0001,0.00689,0.99302
37925902,2,2,0.00447,0.03272,0.96281
20386588,2,1,0.07397,0.75031,0.17571
39642161,2,2,0.20535,0.14967,0.64498
4228069,2,2,0.02212,0.06116,0.91673
40456102,2,2,0.03786,0.01798,0.94415
16792037,1,0,0.83115,0.114,0.05485
32191199,2,2,7e-05,0.00068,0.99926
29435843,2,2,0.00172,0.24024,0.75804
39760463,2,2,0.00794,0.00917,0.9829
11475118,2,2,0.25435,0.32585,0.41981
12828185,2,2,0.00128,0.0008,0.99792
34980461,0,0,0.97723,0.02163,0.00114
41133946,1,0,0.90243,0.07773,0.01984
30702859,2,2,0.0932,0.1539,0.7529
35637149,0,0,0.52085,0.41066,0.0685
12933365,0,0,0.79447,0.11743,0.0881
6810543,2,1,0.01658,0.92027,0.06316
14194691,0,0,0.96237,0.01831,0.01932
1873748,2,2,0.03273,0.2106,0.75667
39930722,0,0,0.88793,0.07931,0.03276
20908364,2,2,0.0299,0.02508,0.94502
13257825,2,2,0.18113,0.28713,0.53174
32180481,2,0,0.61022,0.33408,0.0557
24664816,0,0,0.8592,0.10362,0.03718
5011580,2,2,0.00153,0.04206,0.95642
32243974,2,2,0.00589,0.01867,0.97543
34930853,0,1,0.07914,0.80768,0.11318
16997570,2,2,0.09154,0.07992,0.82854
35444659,2,2,0.00859,0.08274,0.90867
25330112,1,0,0.79168,0.14513,0.06319
33405858,2,2,0.0101,0.17453,0.81537
17726452,2,2,9e-05,0.00397,0.99594
35462134,2,2,0.24824,0.1887,0.56307
27644992,2,2,0.03261,0.16821,0.79918
14804809,2,2,0.28622,0.24568,0.4681
23625173,2,2,0.00825,0.06793,0.92382
14308369,2,2,0.11194,0.09515,0.79292
14831548,2,2,0.00778,0.0523,0.93992
16690691,2,2,0.00107,0.00348,0.99544
6126633,2,2,0.05315,0.01735,0.9295
8919458,0,0,0.8743,0.07068,0.05502
9221842,2,2,0.00186,0.0345,0.96364
20898748,0,0,0.6871,0.26069,0.05221
10295957,2,2,0.05407,0.02599,0.91995
8910621,2,2,0.00056,0.00536,0.99409
8681844,2,2,0.35546,0.0665,0.57804
7623450,2,2,0.06521,0.05761,0.87718
32215672,2,2,0.12324,0.39585,0.48091
24781032,2,2,0.03695,0.27147,0.69158
5096148,2,2,0.0033,0.01013,0.98657
6241327,2,1,0.02431,0.74446,0.23123
18842146,2,2,0.04186,0.00998,0.94816
14558249,1,1,0.29673,0.55625,0.14702
22324420,2,2,0.00613,0.01542,0.97845
28294588,2,2,0.04545,0.10527,0.84928
3498787,2,1,0.05664,0.55617,0.3872
33190510,2,2,0.25462,0.0706,0.67478
2774739,2,2,0.02973,0.0382,0.93207
24603391,2,2,0.25977,0.16247,0.57776
9443839,2,2,0.03267,0.27902,0.68831
39009839,2,0,0.61154,0.24789,0.14057
31911079,2,2,0.05884,0.15198,0.78918
26956775,2,1,0.36837,0.47198,0.15965
39294916,2,2,0.00308,0.05365,0.94327
8822398,2,2,0.20291,0.37993,0.41716
25260608,2,2,0.06062,0.18983,0.74955
18248364,2,2,0.21361,0.16605,0.62034
27831947,2,2,0.00787,0.03529,0.95684
9419036,2,2,0.02421,0.05321,0.92258
25184039,2,2,0.01012,0.01022,0.97966
24972251,2,2,0.00083,0.0043,0.99488
33326982,2,2,0.0003,0.00581,0.99389
19112858,2,2,0.01252,0.10887,0.87862
37297665,2,2,0.037,0.22885,0.73415
15413825,2,2,9e-05,0.01243,0.98748
19645512,0,0,0.75458,0.23031,0.01511
17197299,0,1,0.07685,0.88599,0.03716
37977612,0,0,0.87112,0.12325,0.00564
4726615,0,0,0.83203,0.1566,0.01137
8683500,0,2,0.15026,0.25105,0.59869
6673375,2,2,0.00897,0.07759,0.91344
77244,2,2,0.2926,0.15839,0.54901
41292932,2,2,0.21891,0.09672,0.68436
351798,2,2,0.00117,0.00399,0.99483
40887226,0,0,0.89166,0.1013,0.00704
36680416,2,2,0.00024,0.0295,0.97025
23190150,2,2,0.0066,0.04127,0.95213
17620373,2,2,0.0312,0.15257,0.81623
22718933,2,2,0.02422,0.06594,0.90983
24930931,1,2,0.15809,0.40036,0.44155
603791,2,2,0.04855,0.43892,0.51253
36435002,2,2,0.23596,0.13033,0.63371
32867789,2,2,0.03666,0.19862,0.76472
5210165,2,2,0.06583,0.34437,0.5898
56699,2,2,0.01271,0.05757,0.92971
208665,2,2,0.00689,0.05076,0.94235
37377057,0,0,0.96699,0.03012,0.00289
28669942,2,2,0.28082,0.19997,0.51921
18842927,2,2,0.20412,0.18253,0.61335
41579201,2,2,0.01821,0.1102,0.87159
11313273,2,1,0.38209,0.42569,0.19222
17263520,2,2,0.00017,0.00353,0.9963
3262827,2,0,0.46149,0.2407,0.29781
16634957,0,2,0.31818,0.14488,0.53694
4687147,2,2,0.02994,0.0401,0.92995
32088855,2,2,0.14612,0.32723,0.52665
25903396,2,2,0.00804,0.01524,0.97672
17394832,2,2,0.01358,0.04699,0.93942
40943767,2,2,0.00824,0.01299,0.97877
11678681,2,0,0.4884,0.05783,0.45377
5350198,2,2,0.01019,0.02938,0.96044
38219498,2,2,0.01,0.00546,0.98454
2379451,1,1,0.14945,0.45955,0.391
33973027,2,1,0.28026,0.37441,0.34534
1096120,0,1,0.20983,0.73251,0.05766
7796243,2,2,0.00208,0.00449,0.99343
21866143,0,0,0.99847,0.00139,0.00014
16799787,2,2,0.33388,0.25495,0.41117
30985818,2,2,0.01594,0.0796,0.90446
3961354,2,2,0.00867,0.01641,0.97492
18974958,0,0,0.69211,0.14263,0.16526
38095897,2,2,0.00177,0.00205,0.99618
15458650,2,2,0.02021,0.05862,0.92117
14233526,0,0,0.93634,0.06278,0.00088
24570946,2,2,0.16602,0.21851,0.61547
16380247,2,2,0.06682,0.21372,0.71946
14283988,0,0,0.92283,0.05236,0.02481
33290834,2,2,0.00604,0.00356,0.99041
10454848,1,1,0.19106,0.77236,0.03659
35192303,2,2,0.28806,0.32765,0.38429
3265918,2,2,0.06547,0.07211,0.86241
8398263,2,2,4e-05,0.00727,0.99269
31599727,2,2,0.0002,0.02838,0.97142
17601630,0,0,0.73818,0.1628,0.09902
19758262,2,2,0.12419,0.02908,0.84673
25276058,2,2,0.14266,0.16805,0.68929
1756044,0,0,0.91687,0.08118,0.00194
17775446,2,2,0.00477,0.00387,0.99136
11907870,2,2,0.00432,0.07391,0.92177
4828876,1,2,0.27314,0.23939,0.48747
27690360,0,0,0.64196,0.14768,0.21037
3481643,2,2,0.00104,0.00356,0.9954
24888134,1,0,0.70339,0.2939,0.00271
25361719,0,0,0.78179,0.20237,0.01583
18591258,0,1,0.46128,0.46844,0.07028
11127331,2,2,0.00152,0.03141,0.96707
8552708,0,0,0.88685,0.10346,0.00968
19935004,0,0,0.84001,0.13871,0.02128
21900505,2,2,0.00776,0.11641,0.87583
37267796,2,2,0.36844,0.17218,0.45938
29142073,1,1,0.01858,0.93186,0.04956
40767092,2,2,0.00685,0.01857,0.97458
13160656,2,1,0.30161,0.36022,0.33816
3631635,2,1,0.04625,0.77947,0.17428
30262349,2,2,0.25693,0.24123,0.50184
15774096,2,2,0.10232,0.01671,0.88098
11031737,0,0,0.92,0.03847,0.04154
34034467,0,0,0.92775,0.07023,0.00203
21060941,0,0,0.40518,0.38113,0.21369
34621202,2,2,0.24824,0.1887,0.56307
28610091,2,2,0.24015,0.2188,0.54105
29022538,0,2,0.26531,0.15149,0.5832
2653529,2,2,0.09564,0.02184,0.88252
38514636,0,0,0.98447,0.01533,0.0002
17597425,1,1,0.22406,0.66469,0.11125
27567648,0,1,0.35249,0.63317,0.01434
28504723,2,2,0.03869,0.23643,0.72488
20144342,2,2,0.00147,0.00874,0.98979
39809936,0,0,0.94938,0.05027,0.00035
30000476,2,2,0.00039,0.00683,0.99278
11741424,2,2,0.04214,0.05732,0.90053
23829767,2,2,0.06429,0.2205,0.71521
40225767,2,2,0.00529,0.00464,0.99007
21280290,2,2,0.0502,0.05949,0.89031
3362991,2,2,0.00257,0.02972,0.9677
3869487,2,2,0.045,0.43502,0.51998
3588404,2,2,0.01571,0.01407,0.97022
12256024,2,2,0.22218,0.36363,0.41419
36507321,2,2,0.00115,0.06558,0.93327
8942520,1,1,0.03782,0.57584,0.38633
22063879,2,2,0.03275,0.30909,0.65816
5493758,2,2,0.03866,0.14746,0.81388
21131906,2,1,0.26717,0.49649,0.23633
828487,2,2,0.09354,0.17011,0.73635
40218901,1,2,0.24647,0.32131,0.43222
26034404,2,2,0.03025,0.0863,0.88345
32108120,1,1,0.23821,0.74943,0.01236
4085800,0,0,0.88902,0.04355,0.06743
37822904,2,2,0.00251,0.00428,0.99321
31888763,2,0,0.50602,0.15946,0.33453
16161324,0,0,0.43541,0.31752,0.24707
6589401,2,2,0.05117,0.1916,0.75723
25544278,2,2,0.0112,0.02678,0.96202
35538320,2,2,0.04633,0.03889,0.91478
25027266,0,0,0.93133,0.03359,0.03508
24932486,2,2,0.14612,0.06663,0.78725
37425993,2,2,0.24824,0.1887,0.56307
25786017,2,2,0.00504,0.01191,0.98305
36930553,1,1,0.30129,0.65457,0.04414
1497407,1,1,0.20238,0.78081,0.01681
37090949,0,0,0.90138,0.07661,0.02201
11476567,1,0,0.8425,0.1338,0.0237
11594043,2,2,0.00125,0.00581,0.99294
7230397,2,2,0.0292,0.46753,0.50327
28957413,2,2,0.26342,0.14121,0.59537
22166806,2,2,0.00564,0.04717,0.94719
19049496,2,2,0.00051,0.00151,0.99798
2180089,2,2,0.11489,0.27714,0.60796
34609611,0,0,0.79191,0.20481,0.00327
36111189,0,0,0.61428,0.26888,0.11683
21005499,1,1,0.07451,0.9106,0.01489
35236258,0,0,0.52871,0.27429,0.19699
14744670,2,2,0.04512,0.00482,0.95006
884677,2,2,0.05908,0.08516,0.85576
15945045,1,1,0.02786,0.6285,0.34364
28537382,0,0,0.96393,0.02899,0.00708
15315678,1,1,0.41138,0.44531,0.14331
5479906,2,1,0.14622,0.49389,0.3599
6161629,2,1,0.07577,0.84722,0.07701
25495471,2,2,0.0044,0.01244,0.98316
5002288,2,2,0.07812,0.30946,0.61241
20593063,2,2,0.24824,0.1887,0.56307
31706149,1,1,0.23109,0.49269,0.27623
20808619,2,2,0.03588,0.11905,0.84507
20099963,2,1,0.1373,0.6617,0.201
24365713,2,2,0.25485,0.07769,0.66745
12635373,0,0,0.36892,0.30886,0.32223
25784466,2,2,0.13728,0.16903,0.69369
21773055,2,2,0.06549,0.08351,0.851
35829466,1,0,0.53339,0.25289,0.21372
25912730,1,0,0.53201,0.43914,0.02885
30587330,0,0,0.76432,0.19487,0.04081
19272173,0,1,0.35936,0.38822,0.25242
17308165,1,1,0.26698,0.39988,0.33314
40252796,2,2,0.08759,0.06408,0.84833
41510065,2,2,0.0014,0.00962,0.98898
26868851,2,0,0.51328,0.02214,0.46458
10061031,2,2,0.00074,0.00712,0.99214
989398,2,2,0.02398,0.00914,0.96687
8040551,2,2,0.02974,0.06635,0.90392
27636559,2,1,0.19553,0.49108,0.31339
35418080,2,2,0.0274,0.00837,0.96423
30148305,2,2,0.0194,0.14747,0.83313
29326290,2,2,0.02259,0.14748,0.82994
14831297,0,0,0.71023,0.27799,0.01178
19187353,0,0,0.47658,0.45697,0.06646
7711877,2,2,0.12523,0.34062,0.53415
8592776,2,2,9e-05,0.00274,0.99717
1618529,0,0,0.88366,0.06276,0.05358
24343787,0,0,0.94811,0.0405,0.01139
6002766,0,1,0.31075,0.47648,0.21277
4611864,2,2,0.00556,0.01459,0.97985
7775900,1,1,0.19526,0.77978,0.02496
23191535,2,2,0.00176,0.00324,0.995
30716110,0,0,0.98894,0.01028,0.00078
2173137,2,2,0.37912,0.22996,0.39092
2837461,2,2,0.00026,0.00469,0.99506
39959670,0,0,0.77759,0.212,0.0104
36518591,0,0,0.82623,0.106,0.06778
34597774,0,0,0.81968,0.16314,0.01718
37402756,0,0,0.62301,0.11281,0.26418
15341243,2,2,0.00141,0.02355,0.97505
11597421,0,2,0.15343,0.40253,0.44404
6042531,2,2,0.06638,0.16476,0.76885
38064279,0,1,0.30636,0.65268,0.04096
29596824,0,1,0.33707,0.45933,0.2036
8594753,2,2,0.05438,0.23386,0.71176
23945129,2,2,0.02706,0.03467,0.93827
23583792,1,1,0.13261,0.56821,0.29918
9612110,2,2,0.04925,0.22903,0.72172
5267589,2,2,0.0,0.00025,0.99975
30069759,2,1,0.05961,0.47568,0.46471
5880905,2,2,0.0829,0.09596,0.82114
2421019,2,2,0.00047,0.01121,0.98832
19789311,2,2,0.0541,0.36045,0.58546
21589045,0,0,0.84581,0.0753,0.07888
8667290,2,2,0.00559,0.01904,0.97537
4798648,1,1,0.21224,0.49662,0.29114
38131104,0,0,0.9543,0.03836,0.00734
37913940,2,2,0.00468,0.15792,0.8374
21475290,2,2,0.03811,0.03519,0.9267
37935674,1,1,0.04633,0.84813,0.10554
18004939,2,2,0.02632,0.04948,0.92419
31402734,2,2,0.00783,0.01186,0.98031
36740271,1,0,0.61118,0.1089,0.27992
16762467,2,2,0.0057,0.04557,0.94873
3144034,0,0,0.84382,0.09157,0.06461
11639174,2,2,0.00864,0.1127,0.87865
27866564,0,0,0.71205,0.25857,0.02938
20143702,2,2,0.00752,0.08504,0.90744
39748693,2,2,0.00024,0.00496,0.99481
8668505,2,2,0.03389,0.04219,0.92392
23215130,2,2,0.14148,0.02748,0.83104
15963191,2,2,0.00368,0.01524,0.98107
10179733,2,2,0.03783,0.19997,0.7622
38210022,2,2,0.10363,0.09606,0.80031
20016321,1,1,0.03478,0.70955,0.25567
35592231,2,2,0.08383,0.18659,0.72959
268670,2,2,0.00167,0.02298,0.97535
5524245,2,2,0.03221,0.1493,0.81849
13647251,2,2,0.00072,0.00162,0.99765
26155114,2,2,0.0,0.00025,0.99975
8707332,0,0,0.78263,0.18897,0.0284
1891735,2,2,0.03435,0.0586,0.90705
7010892,2,2,0.18265,0.27552,0.54183
127573,2,2,0.0,0.00025,0.99975
37544401,0,0,0.69239,0.2582,0.04941
9427693,2,2,0.00469,0.14048,0.85483
4474775,2,2,0.02419,0.0056,0.97021
32958311,2,2,0.01623,0.02792,0.95585
37923954,2,2,0.19611,0.2148,0.58909
39661276,2,2,0.01738,0.06704,0.91558
29243681,0,0,0.47084,0.33801,0.19115
2424172,2,1,0.14757,0.7795,0.07293
38414239,2,2,0.292,0.09155,0.61645
35269960,0,0,0.97447,0.02015,0.00538
13124159,2,2,0.01056,0.01564,0.9738
21311781,0,2,0.00556,0.08732,0.90712
31506101,2,2,0.00174,0.00421,0.99405
30658013,2,2,0.00768,0.04704,0.94528
19685627,2,2,0.07029,0.07904,0.85067
13729639,2,2,0.00755,0.0099,0.98255
33217233,0,2,0.15991,0.21838,0.62171
18977220,1,1,0.22469,0.74008,0.03523
34354498,0,1,0.24704,0.74459,0.00837
18605943,2,2,0.01012,0.05378,0.9361
30210648,2,2,0.00144,0.01167,0.98689
9488679,2,2,0.03444,0.12717,0.83839
21909337,2,2,0.00157,0.01769,0.98073
35862468,2,2,0.00904,0.35254,0.63842
10402314,0,0,0.83757,0.15149,0.01094
33262678,2,2,0.044,0.09116,0.86484
10496932,2,2,0.00478,0.04841,0.94681
30135141,0,1,0.35687,0.5901,0.05303
8256560,0,0,0.73438,0.23475,0.03086
33437284,2,0,0.70384,0.04628,0.24988
34937689,1,2,0.20959,0.35353,0.43688
40750031,0,0,0.9483,0.03704,0.01465
17239877,2,2,0.00549,0.02688,0.96763
20430966,0,0,0.63328,0.32471,0.04201
1296506,2,2,0.00173,0.02365,0.97462
22162642,2,2,0.0,0.00013,0.99987
8746974,2,2,0.07128,0.20197,0.72675
15267173,2,2,0.00698,0.02582,0.9672
33857029,2,2,0.08289,0.11628,0.80083
27564573,2,2,0.00315,0.05309,0.94376
7113021,0,1,0.30394,0.57234,0.12372
14334730,0,0,0.68136,0.25886,0.05978
32222763,2,0,0.61691,0.27629,0.1068
23019594,2,2,0.00167,0.01246,0.98587
10500003,2,2,0.00495,0.08027,0.91477
10692709,2,1,0.1714,0.50781,0.32079
31267016,2,1,0.17284,0.44468,0.38248
34791023,0,1,0.23564,0.5514,0.21296
26584212,0,0,0.9213,0.04757,0.03112
39068329,0,0,0.991,0.00793,0.00107
26933557,0,0,0.98382,0.01426,0.00192
20592091,2,2,0.01239,0.04766,0.93996
8484930,2,2,0.1002,0.02074,0.87905
22004531,2,2,0.0382,0.02934,0.93246
5154597,1,2,0.00791,0.31625,0.67584
14387441,2,2,0.0118,0.01501,0.97319
22196228,2,2,0.11044,0.13336,0.7562
14077374,0,1,0.44754,0.4905,0.06195
29024754,0,0,0.97756,0.02125,0.00119
23133843,0,0,0.94256,0.04501,0.01243
13019388,2,2,0.0109,0.06233,0.92677
12363931,2,2,0.00037,0.05281,0.94682
10531383,2,2,0.07037,0.086,0.84363
27361146,2,2,0.0021,0.05359,0.9443
34905167,2,2,0.0983,0.13228,0.76943
37799466,2,2,0.00187,0.06798,0.93015
20279149,0,0,0.94066,0.04635,0.01299
25470709,1,1,0.22948,0.69439,0.07614
18746119,2,2,0.00635,0.01701,0.97665
22239567,2,2,0.22454,0.07014,0.70532
21672368,2,2,0.22259,0.14512,0.63229
24156100,2,1,0.2022,0.71144,0.08637
2629949,2,2,0.01115,0.02347,0.96539
37842320,2,2,0.00213,0.06171,0.93616
1513247,2,2,0.43377,0.03844,0.5278
7378034,2,2,0.24824,0.1887,0.56307
871450,2,2,0.00074,0.00889,0.99037
24899219,2,1,0.00676,0.86574,0.12749
32699719,1,1,0.16812,0.78173,0.05014
17743604,0,0,0.98971,0.00831,0.00198
28302692,2,2,0.46421,0.05159,0.48419
4547991,2,2,0.12369,0.16071,0.7156
25720775,0,0,0.55651,0.12006,0.32343
30061780,1,0,0.63474,0.28665,0.07861
18311690,2,2,0.00203,0.04457,0.9534
36373657,2,2,0.00523,0.01545,0.97932
7845420,0,0,0.683,0.29333,0.02367
35038526,2,2,0.00927,0.02693,0.9638
32793502,2,2,0.1292,0.02834,0.84246
7760507,0,0,0.68811,0.28882,0.02307
6759691,2,1,0.12609,0.49477,0.37914
7194295,2,0,0.47157,0.42275,0.10569
2569208,2,2,0.06621,0.46272,0.47106
14225179,2,2,0.09973,0.01631,0.88396
24366038,2,2,0.00023,0.00583,0.99394
27772686,0,0,0.47136,0.37653,0.15211
39897745,0,0,0.93981,0.05976,0.00043
36644617,1,1,0.24185,0.40941,0.34874
19102884,2,2,0.03987,0.47984,0.48029
15665199,0,0,0.59714,0.40057,0.00228
2778750,2,2,0.12612,0.12642,0.74745
26681712,2,2,0.22201,0.37143,0.40655
41541307,2,2,0.00515,0.03297,0.96188
7710961,0,0,0.98599,0.01107,0.00295
36884760,2,2,0.02369,0.00916,0.96715
17172897,0,0,0.83653,0.15607,0.00741
12398877,0,0,0.77483,0.10896,0.1162
12320621,2,2,0.06558,0.18699,0.74743
13760592,2,2,0.00883,0.01461,0.97657
8999924,2,2,0.03803,0.11964,0.84234
3696366,2,2,0.03262,0.04541,0.92197
15393558,0,0,0.7744,0.16256,0.06305
19630344,2,2,0.03532,0.02214,0.94254
37102396,1,0,0.68626,0.27367,0.04007
11903410,2,2,0.00132,0.01037,0.98831
10343338,2,2,0.02239,0.03241,0.94521
28503351,2,2,0.00024,0.00566,0.9941
10462321,2,2,0.00094,0.00435,0.99471
39465207,0,0,0.75198,0.2448,0.00323
38694838,2,2,0.08382,0.07621,0.83997
1972560,0,0,0.58226,0.393,0.02474
13826162,2,2,0.09927,0.06588,0.83484
23094972,2,2,0.01638,0.00313,0.98049
31573730,0,1,0.29009,0.55653,0.15338
27310520,0,0,0.81827,0.12694,0.05479
8637516,1,2,0.21446,0.30931,0.47623
19848464,0,0,0.71419,0.168,0.11782
17704058,2,2,0.0,0.00025,0.99975
538916,2,2,0.06294,0.25989,0.67717
30108023,2,2,0.00613,0.03993,0.95393
21762256,2,1,0.06599,0.73146,0.20256
3466286,0,2,0.04802,0.19611,0.75587
20864358,0,0,0.88779,0.068,0.04421
8734868,1,1,0.24801,0.41964,0.33235
6714200,2,1,0.10046,0.82931,0.07023
28892377,1,0,0.45011,0.33134,0.21855
20736984,2,2,0.01917,0.14889,0.83194
34823344,2,0,0.50681,0.15862,0.33458
9225923,2,2,0.02846,0.03268,0.93886
8482865,2,2,0.00048,0.07233,0.9272
1745221,2,2,0.04379,0.03064,0.92557
21913144,2,2,0.04823,0.11072,0.84106
26927675,2,2,0.32166,0.02895,0.64939
11236873,2,2,0.05682,0.04098,0.9022
37306658,2,2,0.00389,0.02199,0.97412
36418495,0,0,0.99344,0.00317,0.00339
21612205,0,0,0.56529,0.14595,0.28876
15929378,2,2,0.32201,0.11463,0.56336
36004216,0,0,0.94874,0.03322,0.01803
23931997,0,0,0.8629,0.09563,0.04147
41250195,2,2,0.12615,0.16666,0.70719
1066205,2,0,0.44978,0.2843,0.26592
8853735,2,2,0.03295,0.19079,0.77626
39738602,0,0,0.60519,0.34933,0.04548
2597506,2,2,0.36564,0.06127,0.57309
40062077,2,2,0.36314,0.22546,0.4114
39083770,1,2,0.0125,0.17371,0.81379
11772587,1,0,0.86038,0.1326,0.00702
30476549,2,2,0.03517,0.14983,0.81499
13190060,0,0,0.90779,0.08601,0.0062
19810268,2,2,0.0639,0.10959,0.82651
33220130,2,2,0.00051,0.00446,0.99502
36724417,2,1,0.06999,0.75828,0.17174
13172847,2,2,0.01122,0.12209,0.86669
36417135,2,2,0.00355,0.00849,0.98796
38699661,0,2,0.16868,0.14311,0.68822
4367063,2,2,0.10154,0.05148,0.84698
14350025,0,1,0.3491,0.63835,0.01255
38438101,0,1,0.28875,0.51153,0.19972
26473279,2,2,0.02047,0.14537,0.83416
22145876,2,2,0.07556,0.06001,0.86443
9622822,2,0,0.46104,0.3387,0.20026
16346976,2,2,0.00132,0.01424,0.98444
41487071,1,1,0.03578,0.95708,0.00714
19804296,2,0,0.79477,0.12095,0.08428
38495909,1,0,0.54405,0.43955,0.01639
37066602,2,2,0.00207,0.00621,0.99172
10685372,0,1,0.37236,0.59191,0.03573
14894589,2,2,0.02178,0.48749,0.49073
17493869,2,2,0.00741,0.01952,0.97308
35495022,1,0,0.87517,0.10376,0.02106
3094805,2,2,0.17684,0.2297,0.59346
12842861,0,0,0.82446,0.17425,0.00129
35462082,2,1,0.23158,0.38492,0.3835
16262183,2,2,0.09176,0.17591,0.73232
11202070,2,2,6e-05,0.00155,0.99839
5831979,2,2,0.00022,0.00832,0.99145
16230478,0,0,0.5478,0.43557,0.01664
40146204,2,2,0.19482,0.13355,0.67163
15262397,2,2,0.11034,0.15509,0.73457
13573538,2,2,0.05478,0.13438,0.81084
40825216,0,0,0.77206,0.15206,0.07588
5578423,0,0,0.88826,0.07933,0.03241
4094732,0,0,0.92818,0.0675,0.00432
14109763,2,2,0.00079,0.00691,0.99231
24543103,2,2,0.04848,0.28819,0.66333
34113015,1,1,0.16818,0.79533,0.03649
23281203,2,1,0.09551,0.62532,0.27917
27814173,0,2,0.23987,0.27457,0.48556
14253177,2,2,0.00513,0.06348,0.93139
19897299,2,2,0.03319,0.14981,0.817
33623596,2,2,0.28784,0.10823,0.60392
39837548,0,0,0.50211,0.23113,0.26675
16118464,2,2,0.18322,0.26675,0.55003
40750815,0,0,0.41659,0.31383,0.26958
22790089,2,1,0.44262,0.52471,0.03267
15141997,1,1,0.196,0.79012,0.01388
24404923,2,2,0.36459,0.14272,0.49269
34945875,1,1,0.36559,0.62025,0.01416
9372402,2,2,0.09662,0.30322,0.60016
1459881,2,2,0.00155,0.00749,0.99096
12778289,2,2,0.00211,0.0689,0.92899
3291314,2,2,0.0337,0.48041,0.48589
4358157,1,1,0.14773,0.4313,0.42097
4576920,2,2,0.0719,0.23043,0.69767
34727610,2,2,0.05158,0.11317,0.83525
37812695,2,2,0.00051,0.07553,0.92396
6451367,2,2,0.04537,0.18316,0.77147
33392115,0,0,0.65008,0.33998,0.00993
41528480,2,2,0.22615,0.04191,0.73194
41374397,2,2,0.16473,0.32505,0.51022
39040674,2,2,0.05092,0.02121,0.92787
37022145,2,2,0.00903,0.00729,0.98368
34551842,0,0,0.99337,0.00633,0.0003
36500554,0,0,0.55992,0.3956,0.04448
11951458,2,2,0.03212,0.04884,0.91903
4192469,2,2,0.0027,0.01137,0.98593
20604449,2,2,0.02053,0.25696,0.72251
13906891,0,0,0.77152,0.18254,0.04594
22337026,2,0,0.53113,0.27607,0.1928
26155602,2,2,0.02361,0.21505,0.76134
13390274,2,2,0.24824,0.1887,0.56307
4745566,1,0,0.66265,0.23066,0.10669
4253270,2,1,0.24065,0.63543,0.12391
9000887,2,2,0.10374,0.14271,0.75355
36696913,1,1,0.28299,0.58657,0.13044
30819238,2,2,0.01843,0.06553,0.91604
17554183,2,2,0.00686,0.05806,0.93509
15719694,2,2,0.06598,0.18049,0.75353
35425580,2,2,0.01489,0.06212,0.92298
34433167,2,2,0.00039,0.00504,0.99457
9848514,2,2,0.01347,0.03412,0.95241
5570937,2,1,0.06857,0.71978,0.21165
25784134,2,2,0.00099,0.01181,0.98721
4624412,2,1,0.03693,0.53107,0.432
8836446,0,0,0.52489,0.45441,0.0207
30107333,2,2,0.02375,0.26357,0.71269
26327116,0,1,0.42688,0.54067,0.03245
31812635,2,2,0.00935,0.02908,0.96157
14900075,2,2,0.06435,0.05429,0.88136
4621976,2,2,0.04257,0.39324,0.5642
24315720,1,0,0.44023,0.17824,0.38153
19018263,2,2,0.00885,0.37279,0.61836
9329367,2,2,0.00156,0.14645,0.85199
23887274,2,2,0.00685,0.06658,0.92656
29048747,2,2,0.16399,0.27281,0.5632
28900609,2,0,0.51328,0.02214,0.46458
4256050,2,2,0.00262,0.02479,0.97259
17393247,2,2,0.02619,0.06217,0.91164
34231219,2,2,0.21596,0.09304,0.691
34872484,2,2,0.16329,0.24357,0.59313
8756867,0,0,0.64111,0.34524,0.01365
26193893,0,0,0.53001,0.43372,0.03627
14366292,0,0,0.48055,0.1993,0.32015
11151961,2,2,0.02023,0.04803,0.93174
38580261,2,2,0.05392,0.07685,0.86923
15741948,2,2,0.01354,0.22592,0.76054
28447053,0,2,0.137,0.02775,0.83525
27735956,0,1,0.1669,0.8156,0.0175
2956905,2,2,0.00348,0.00615,0.99037
5430056,0,0,0.72123,0.15148,0.12729
8038516,2,2,0.03752,0.04698,0.9155
21646282,2,2,0.02544,0.05594,0.91862
23041966,2,2,0.00438,0.01684,0.97878
13120122,2,2,0.01325,0.05212,0.93463
17775010,2,2,0.24367,0.1285,0.62783
28441388,0,1,0.08869,0.63789,0.27342
1107706,2,2,0.02919,0.11428,0.85652
32219953,2,2,0.19061,0.06921,0.74018
19264345,2,2,0.15549,0.05546,0.78905
19658852,2,2,0.00683,0.04366,0.94951
7775258,2,0,0.45235,0.27989,0.26776
25156371,2,1,0.31298,0.34831,0.33871
1044565,0,0,0.93458,0.0615,0.00392
8500648,2,2,0.04689,0.20606,0.74705
20493791,2,2,0.07334,0.28023,0.64643
36447364,2,2,0.00013,0.0026,0.99727
2540906,0,0,0.91075,0.08621,0.00304
16697285,0,0,0.73334,0.23829,0.02838
85410,2,1,0.12284,0.49722,0.37994
37239048,2,2,0.05358,0.1321,0.81432
28567969,2,2,0.00027,0.05263,0.9471
30010395,1,1,0.39815,0.5916,0.01025
16121316,2,2,0.01678,0.21095,0.77226
14383043,2,2,0.00035,0.0281,0.97155
14225792,0,0,0.99683,0.00304,0.00012
39330707,0,0,0.66688,0.31342,0.0197
31046312,2,2,0.29929,0.18027,0.52044
38485326,2,2,0.02907,0.02435,0.94658
13897840,2,2,0.02758,0.18161,0.79081
1879566,1,0,0.66061,0.17539,0.164
11965262,1,0,0.63766,0.33184,0.0305
24223586,2,2,9e-05,0.01243,0.98748
13534349,2,2,0.05332,0.05092,0.89577
40191092,2,2,0.153,0.11978,0.72722
31345412,2,2,0.00902,0.02594,0.96505
17079324,1,0,0.79726,0.15057,0.05216
21289205,2,2,0.05636,0.12009,0.82355
40963298,2,2,0.45866,0.06673,0.47461
14726701,2,0,0.44742,0.43881,0.11377
1649495,2,2,0.0,0.00055,0.99945
6972758,2,2,0.05246,0.08576,0.86177
1826840,0,0,0.99139,0.00365,0.00496
40323549,0,0,0.98138,0.0135,0.00511
24939873,2,2,0.00289,0.00444,0.99267
23599444,2,2,0.00063,0.00025,0.99912
32192324,2,0,0.50978,0.02796,0.46226
15873702,0,0,0.90472,0.05462,0.04066
16601669,2,2,0.02106,0.23546,0.74348
31872650,2,2,0.10189,0.17243,0.72568
15551831,2,2,0.00216,0.01076,0.98708
14026265,0,0,0.9865,0.00923,0.00427
9797919,2,2,0.00019,0.00175,0.99805
27550580,2,2,0.07003,0.10741,0.82256
14690445,2,2,0.04769,0.04403,0.90828
5942985,2,2,0.03467,0.0253,0.94003
37923906,0,0,0.46099,0.44458,0.09443
11710028,2,2,0.09411,0.17745,0.72844
4676215,2,2,0.1878,0.32823,0.48397
32037246,2,2,2e-05,0.06502,0.93495
21528373,2,2,0.13153,0.18016,0.68831
38803708,2,2,0.0014,0.01073,0.98787
13842990,2,2,0.00853,0.00884,0.98264
31165792,1,0,0.39669,0.35924,0.24408
1805968,0,0,0.58348,0.15862,0.2579
28800594,2,2,0.07958,0.07684,0.84359
5986204,2,2,0.01474,0.05432,0.93095
28140740,0,0,0.81776,0.16318,0.01907
13749247,2,2,0.01092,0.01289,0.97619
40073580,2,2,0.0196,0.03619,0.94421
39464048,2,2,0.19832,0.33735,0.46433
29375755,0,1,0.1029,0.73097,0.16613
13261513,2,2,0.00364,0.03323,0.96313
37195483,2,1,0.21265,0.53404,0.25331
27160407,2,2,0.01118,0.03299,0.95583
14601194,2,2,0.00019,0.00158,0.99822
35425916,0,0,0.93106,0.02982,0.03912
1898718,2,2,0.0152,0.05848,0.92632
24090221,2,2,0.00216,0.08046,0.91738
8046280,2,2,0.00051,0.00716,0.99234
41555042,2,2,0.00128,0.0302,0.96851
22831564,2,2,1e-05,0.00023,0.99976
28951256,2,2,0.06208,0.02918,0.90874
11236240,2,2,0.0,0.00025,0.99975
13811263,0,0,0.87196,0.02707,0.10098
1420377,0,0,0.74523,0.23879,0.01599
35647247,2,2,0.00367,0.06079,0.93554
31212176,2,2,0.00166,0.04308,0.95526
39964718,2,2,0.00251,0.09754,0.89995
12085280,2,2,0.00854,0.00826,0.9832
20145831,2,2,0.00033,0.00358,0.9961
21784587,1,0,0.45154,0.3575,0.19096
35988153,2,2,0.0249,0.01113,0.96396
20281133,0,1,0.45603,0.54015,0.00382
28564914,2,2,0.00935,0.01634,0.97432
18360394,0,2,0.13762,0.0872,0.77518
18096915,2,2,0.10847,0.04181,0.84972
20640506,1,0,0.77483,0.20085,0.02432
23357208,0,0,0.73866,0.25737,0.00397
27423657,0,0,0.95156,0.0428,0.00564
29818204,1,2,0.04037,0.32408,0.63555
6317612,2,2,0.00051,0.00126,0.99823
7793985,2,2,0.41533,0.0377,0.54697
19368600,2,2,0.03627,0.06215,0.90159
1949492,0,1,0.36726,0.50299,0.12975
1188204,2,2,0.05642,0.17204,0.77154
23697653,2,2,0.02436,0.09304,0.8826
24108863,2,2,0.003,0.01025,0.98676
5790834,2,1,0.14705,0.45465,0.3983
4702136,2,1,0.31946,0.44389,0.23665
33006382,2,2,0.04118,0.08883,0.86999
6599673,2,2,0.14585,0.28711,0.56704
5367228,0,0,0.96789,0.03125,0.00085
14495077,2,2,0.13941,0.26448,0.5961
36932436,2,2,0.21632,0.0512,0.73248
2160442,2,1,0.26739,0.52724,0.20537
31497378,2,2,0.0,0.00025,0.99975
11442955,0,0,0.77682,0.21932,0.00386
19581260,2,2,0.06317,0.31554,0.62129
17877372,2,2,0.00888,0.04374,0.94737
14131722,2,2,0.01113,0.05349,0.93538
28887571,0,0,0.8901,0.1081,0.00179
14756170,2,1,0.15751,0.50072,0.34177
15690170,2,2,0.24824,0.1887,0.56307
9122806,2,2,0.00639,0.01515,0.97846
31978751,2,2,0.06996,0.10424,0.8258
5990953,2,2,0.34848,0.20344,0.44808
37701156,2,2,0.00511,0.00523,0.98966
23111384,2,2,0.00154,0.0297,0.96876
33328632,1,0,0.82148,0.0419,0.13662
13635517,2,2,0.04316,0.0473,0.90954
38005756,0,0,0.96138,0.02372,0.0149
26021707,0,2,0.15803,0.32465,0.51733
25790418,0,0,0.73307,0.23355,0.03338
7985731,2,2,0.04631,0.13286,0.82083
20473992,0,0,0.99638,0.00353,9e-05
24312771,2,2,0.00888,0.16046,0.83066
34106772,2,1,0.24641,0.39116,0.36243
40250173,0,0,0.74379,0.18364,0.07257
19579150,2,2,0.05219,0.12828,0.81953
23537875,2,2,0.01699,0.16206,0.82095
17799513,2,2,0.01283,0.07323,0.91394
18779181,2,2,0.07916,0.03934,0.88149
21898606,2,2,0.26262,0.35588,0.3815
8665113,2,2,0.0264,0.02768,0.94592
12455747,2,2,0.05654,0.0827,0.86075
2106928,2,2,0.08592,0.13677,0.77731
19046835,2,2,0.08311,0.30087,0.61602
19536637,2,2,0.00313,0.01362,0.98325
8079306,2,0,0.39041,0.30139,0.3082
16582821,2,2,0.00379,0.05193,0.94428
7839067,2,2,0.00386,0.07244,0.9237
31994481,2,2,0.03429,0.10219,0.86352
26322426,2,2,0.02812,0.18569,0.78619
3058296,0,0,0.91353,0.08127,0.0052
9790842,2,2,0.0019,0.00811,0.98999
39319898,2,0,0.78498,0.20642,0.0086
8603470,2,2,0.0033,0.01461,0.98209
21115709,2,2,0.09502,0.1971,0.70788
38852691,2,2,0.00762,0.23762,0.75476
38480780,2,2,0.0003,0.00118,0.99852
32578832,2,1,0.38523,0.46362,0.15115
30975485,2,2,0.0036,0.00718,0.98921
29603757,2,2,0.097,0.35643,0.54658
7943901,2,2,0.00615,0.02726,0.96659
33527681,2,2,0.04338,0.23548,0.72115
6699897,2,2,0.00155,0.00673,0.99172
10287671,0,1,0.10132,0.60364,0.29504
2113888,2,2,0.00669,0.03133,0.96198
15769102,2,2,0.06699,0.08638,0.84664
29564222,2,1,0.03482,0.62039,0.34479
36043578,0,0,0.54913,0.30526,0.14561
38516188,2,2,0.00089,0.01685,0.98227
17026538,2,2,0.14484,0.18435,0.67082
20442421,2,2,0.00094,0.01848,0.98057
15096547,0,0,0.99644,0.00333,0.00023
20202230,0,0,0.92768,0.05055,0.02177
17349052,1,0,0.77676,0.20606,0.01719
41212886,0,0,0.88376,0.10579,0.01045
15693260,1,0,0.66118,0.33745,0.00136
31492047,2,2,0.00437,0.01557,0.98006
27739844,2,2,0.00332,0.34002,0.65666
38364196,1,1,0.24728,0.66638,0.08633
12286196,2,2,0.24824,0.1887,0.56307
9837156,2,0,0.40217,0.2002,0.39763
24577354,1,1,0.07908,0.77239,0.14853
16801340,2,2,0.00662,0.11106,0.88231
39349737,2,2,0.08531,0.25406,0.66063
13599770,1,1,0.19371,0.62275,0.18354
16372104,0,0,0.93585,0.03804,0.0261
17428225,2,2,0.00052,0.02149,0.97799
7486590,2,2,0.01117,0.03334,0.95549
18935110,2,2,0.03766,0.1611,0.80124
16358645,2,2,0.05053,0.4465,0.50297
35567583,0,0,0.99113,0.00621,0.00266
21548322,0,2,0.24824,0.1887,0.56307
25493220,2,2,0.11347,0.31436,0.57217
5477303,2,2,0.05293,0.12352,0.82355
26553033,2,0,0.50605,0.23045,0.2635
17904425,1,0,0.52063,0.36568,0.1137
17143370,0,0,0.62966,0.06733,0.303
21521349,0,0,0.87473,0.05354,0.07174
10400172,0,0,0.98584,0.01391,0.00026
35106309,0,0,0.84842,0.14612,0.00546
20606988,2,2,0.05668,0.11204,0.83128
3702268,2,2,0.0085,0.01019,0.98132
2869350,2,1,0.20883,0.73876,0.05241
19613683,2,2,0.02765,0.24065,0.7317
38904921,2,2,0.0325,0.03835,0.92914
35645973,2,2,0.10385,0.10884,0.78731
14354222,2,1,0.029,0.78975,0.18124
5014734,2,2,0.08885,0.19639,0.71475
13957373,2,2,0.05814,0.1209,0.82096
23274036,2,2,0.00275,0.02115,0.9761
17121869,0,0,0.60909,0.21939,0.17151
27454335,0,0,0.68189,0.30153,0.01658
28536069,2,2,0.0003,0.0766,0.9231
34565041,0,0,0.54066,0.09074,0.36859
14814047,2,2,0.25715,0.26677,0.47607
40069741,2,2,0.18456,0.14025,0.67519
15857822,2,2,0.02261,0.17865,0.79874
35044373,0,0,0.99899,0.0009,0.00011
13960249,1,1,0.04879,0.5613,0.38991
12073448,2,2,0.02209,0.09467,0.88324
24973941,2,2,0.05513,0.04063,0.90424
15453010,2,2,0.00067,0.04424,0.95509
4648013,2,2,0.08321,0.03494,0.88185
712439,2,2,0.26415,0.01506,0.72079
37824861,2,2,0.02454,0.05717,0.91829
37006969,0,1,0.37765,0.59946,0.02289
40451012,1,2,0.37769,0.13801,0.4843
35716112,2,2,0.01955,0.09088,0.88957
19298172,2,2,0.01218,0.40361,0.58421
29989533,0,0,0.89298,0.04862,0.0584
16799431,2,0,0.71467,0.19139,0.09394
27418659,2,1,0.04589,0.50146,0.45265
6924414,1,0,0.42659,0.39175,0.18166
6116205,2,2,0.01183,0.02169,0.96649
27224949,2,2,0.03801,0.03297,0.92902
8493788,1,1,0.34324,0.55828,0.09847
21508313,2,2,0.02522,0.08715,0.88763
24584940,0,0,0.97845,0.02013,0.00142
26721608,0,0,0.98694,0.00745,0.0056
9372105,0,0,0.52831,0.42114,0.05055
1270379,2,2,0.01389,0.03328,0.95284
33512405,2,2,0.03745,0.05246,0.91009
41415190,0,0,0.84531,0.10859,0.0461
2667447,0,0,0.58705,0.26675,0.14621
34951929,2,2,0.01875,0.03263,0.94861
23784859,2,2,0.16523,0.16047,0.67429
36805359,1,1,0.16858,0.72744,0.10398
32683464,2,2,0.26466,0.26944,0.46589
16432555,2,2,0.19086,0.17136,0.63778
37512483,0,0,0.89727,0.10119,0.00154
33256247,2,2,0.00608,0.02518,0.96874
20396154,0,0,0.50123,0.43584,0.06293
2883190,2,2,0.00028,0.01354,0.98619
16224454,0,0,0.69324,0.11644,0.19032
37827619,2,2,0.01324,0.03795,0.94881
22179886,2,2,0.02691,0.3141,0.65899
14120908,0,1,0.42799,0.50278,0.06923
38826936,2,2,8e-05,0.01705,0.98287
27270526,1,0,0.78076,0.17479,0.04445
4095858,2,2,0.04151,0.0708,0.88769
7450964,2,2,0.0351,0.14161,0.82329
22266078,2,2,0.00889,0.00643,0.98469
4252822,2,2,0.06362,0.05948,0.8769
11479185,2,2,0.18449,0.23805,0.57746
9081691,2,2,0.04982,0.05886,0.89132
19387892,0,0,0.93683,0.04456,0.0186
5016831,2,2,0.01598,0.06077,0.92324
1977886,2,2,0.16178,0.08044,0.75778
26688328,2,0,0.89693,0.08154,0.02153
35843371,0,0,0.90586,0.06997,0.02417
17656374,2,2,0.00623,0.0088,0.98497
18150558,2,1,0.32839,0.495,0.17661
17485679,1,0,0.47477,0.45874,0.06649
29813231,0,0,0.95817,0.04069,0.00114
24311418,2,2,0.01518,0.02695,0.95787
38613941,2,2,0.02848,0.03487,0.93665
19984281,2,2,0.18885,0.02044,0.79071
3584919,2,2,0.05855,0.09879,0.84266
35683974,2,1,0.13617,0.46975,0.39407
28411443,0,0,0.75769,0.19905,0.04327
35467192,2,2,0.05304,0.07502,0.87195
37250342,2,2,0.02496,0.19612,0.77891
15727991,0,0,0.98672,0.01232,0.00097
7248639,0,0,0.53699,0.26894,0.19407
23897861,2,1,0.34305,0.59168,0.06526
10725087,2,2,0.28491,0.04834,0.66675
7798884,0,0,0.81264,0.15584,0.03152
471264,1,0,0.76538,0.14237,0.09226
12239729,0,0,0.89002,0.10979,0.0002
27232705,2,2,0.03996,0.23712,0.72292
39960151,2,2,0.05981,0.04072,0.89946
6328768,2,2,0.02321,0.14653,0.83026
1795015,2,0,0.64468,0.27542,0.0799
19730015,2,2,0.0031,0.02586,0.97104
4388661,2,2,0.00451,0.0036,0.99189
8324098,2,2,0.01006,0.0854,0.90454
34415093,2,2,0.09132,0.29328,0.6154
24100455,0,0,0.76777,0.18553,0.0467
5313729,2,1,0.0611,0.6288,0.31009
23362640,2,2,0.13192,0.04333,0.82474
37567846,0,0,0.62322,0.32557,0.05121
2370303,2,2,0.05464,0.30419,0.64117
2838637,2,2,0.0085,0.15463,0.83687
266634,2,1,0.1357,0.44366,0.42064
39611941,2,2,0.08683,0.07337,0.8398
23825575,2,2,0.17117,0.07114,0.75768
35903710,2,1,0.18584,0.76288,0.05128
15931798,2,2,0.0099,0.03033,0.95977
20682475,2,1,0.01816,0.89763,0.0842
2732365,2,2,0.00812,0.17225,0.81963
21874485,1,2,0.0234,0.10441,0.8722
38097148,2,0,0.39007,0.27857,0.33137
27471006,2,2,0.0003,0.0766,0.9231
15961757,0,0,0.65862,0.33249,0.00889
34518950,1,1,0.22782,0.51623,0.25595
11996545,1,0,0.52321,0.37127,0.10553
3707976,2,2,0.00824,0.15698,0.83478
40362430,2,2,0.00151,0.02441,0.97408
9432564,2,2,0.08382,0.14559,0.77059
25768457,0,0,0.95113,0.04214,0.00674
30922232,0,2,0.11866,0.12325,0.7581
14231000,2,2,0.00027,0.00081,0.99892
19591362,1,2,0.31302,0.22258,0.4644
17129211,2,1,0.07091,0.53157,0.39753
29790241,2,2,0.02938,0.10328,0.86734
14384757,2,2,0.01047,0.02447,0.96505
24765478,2,2,0.00172,0.24024,0.75804
25729424,2,2,0.01125,0.04239,0.94636
41436842,2,2,0.01237,0.01769,0.96995
25248421,1,0,0.64583,0.29922,0.05495
26823207,2,2,0.0064,0.24603,0.74757
40307332,2,2,0.00373,0.01134,0.98493
27295732,2,2,0.0103,0.11845,0.87125
35918811,2,0,0.63853,0.23777,0.1237
15773693,2,2,0.13201,0.12758,0.74041
34775282,2,0,0.42719,0.15334,0.41947
2354107,2,2,0.03123,0.11263,0.85614
39787489,0,0,0.715,0.23791,0.04708
3329272,2,2,0.21982,0.11492,0.66527
27587098,2,2,0.02579,0.18199,0.79222
14634482,2,2,0.05796,0.03987,0.90217
38724865,1,1,0.0155,0.88702,0.09748
34825261,2,2,0.0,0.01086,0.98914
23895735,2,2,0.02895,0.23755,0.7335
35935086,2,2,0.19517,0.10558,0.69925
20106621,2,2,0.00235,0.01298,0.98468
1749181,0,0,0.99158,0.00729,0.00113
3696114,2,2,0.01025,0.01317,0.97658
22634590,0,0,0.87581,0.05738,0.06681
33869608,2,1,0.09911,0.61036,0.29053
3170884,2,2,0.04061,0.17373,0.78566
4074440,2,1,0.29426,0.50606,0.19968
6427696,2,2,0.01756,0.16365,0.81878
25129558,0,0,0.48092,0.42554,0.09354
1428542,2,2,0.03821,0.24532,0.71647
12136563,2,2,0.00586,0.0725,0.92164
35419377,2,0,0.48855,0.15281,0.35864
31230213,2,2,0.01521,0.09086,0.89393
22546361,0,2,0.22457,0.36835,0.40708
36873176,0,0,0.91639,0.03284,0.05077
1120052,2,2,0.21223,0.0515,0.73627
17497739,0,0,0.78108,0.21527,0.00365
17433409,2,2,0.00158,0.00463,0.99379
25601216,2,2,0.01909,0.08366,0.89724
26093299,2,2,0.0757,0.03572,0.88858
18073850,1,1,0.29477,0.57604,0.12919
11653175,2,2,0.02692,0.03798,0.9351
36968732,0,0,0.74821,0.16191,0.08988
25380071,1,1,0.24269,0.55368,0.20363
13218356,2,2,0.0452,0.20928,0.74551
12261778,2,2,0.00678,0.12215,0.87107
2703435,2,2,0.00652,0.00804,0.98545
1694328,1,0,0.60113,0.20338,0.19548
37420968,0,0,0.87128,0.03106,0.09765
9216448,2,2,0.11245,0.08496,0.80259
23281383,2,2,0.0512,0.06139,0.88741
29215480,0,0,0.64969,0.27421,0.07609
27937389,0,0,0.95486,0.03644,0.00871
21866423,2,1,0.16385,0.47855,0.3576
7883258,2,2,0.00327,0.01561,0.98112
24825614,2,2,0.00359,0.04636,0.95005
27714627,2,2,0.09231,0.04013,0.86756
24858521,2,2,0.00051,0.07553,0.92396
9509737,2,2,0.00039,0.00744,0.99217
18332927,0,0,0.81537,0.11385,0.07079
13467867,0,0,0.86537,0.13013,0.00449
36519041,2,2,0.07938,0.14648,0.77414
8160905,2,2,0.12067,0.12482,0.75451
33920803,2,2,0.00814,0.01909,0.97277
14852029,1,1,0.45121,0.52538,0.02341
37406184,2,2,0.01767,0.06819,0.91414
17803841,0,0,0.9033,0.07828,0.01842
17546282,2,2,0.35181,0.2267,0.42149
1973011,2,2,0.01175,0.09021,0.89804
36441775,0,0,0.86977,0.11383,0.01641
37135602,2,2,0.02406,0.02384,0.9521
17505741,2,2,0.00229,0.04134,0.95637
38777169,2,2,0.00066,0.03339,0.96594
30007203,0,1,0.30948,0.3674,0.32312
17353929,0,0,0.52367,0.24292,0.23342
11043449,2,2,0.00064,0.00581,0.99355
26298502,0,0,0.90658,0.06505,0.02837
9504557,2,1,0.11869,0.61295,0.26836
37705260,2,2,0.03761,0.0371,0.92528
26174268,2,2,0.05081,0.0064,0.94279
27859995,2,2,0.00277,0.10242,0.89481
12263656,0,0,0.99188,0.00797,0.00015
12168387,1,0,0.52142,0.44482,0.03376
26496095,2,2,0.00024,0.00496,0.99481
30657922,0,0,0.98185,0.01656,0.00159
3134858,2,2,0.04738,0.07257,0.88005
29991224,2,2,0.0067,0.0073,0.986
4866204,2,2,0.00303,0.02168,0.97529
1351675,2,0,0.81855,0.03561,0.14584
37424291,2,2,0.00449,0.01754,0.97797
1811669,0,2,0.26578,0.25179,0.48244
15013850,2,2,0.09327,0.1159,0.79084
9820329,1,0,0.82389,0.16439,0.01171
33265531,2,2,0.01969,0.06635,0.91396
27993626,2,2,0.06923,0.40751,0.52326
19955230,2,2,0.00534,0.01389,0.98078
6153392,2,2,0.00825,0.10743,0.88431
6829215,2,2,0.22657,0.16717,0.60626
29024840,2,0,0.64935,0.31659,0.03406
22232270,2,2,0.26396,0.12834,0.6077
34568862,2,2,0.00029,0.00182,0.99789
19146547,2,2,0.04182,0.0425,0.91568
11894925,2,2,0.00059,0.09905,0.90036
35117599,2,2,0.01616,0.07278,0.91107
22812346,2,2,0.0016,0.00762,0.99079
39987468,0,0,0.72123,0.26048,0.01828
26682811,2,2,0.01433,0.04976,0.93591
32673524,2,2,0.11068,0.16096,0.72836
5718449,2,2,0.04474,0.13429,0.82096
21076842,0,0,0.62824,0.35171,0.02005
13895939,2,2,0.00937,0.02907,0.96155
33412853,0,0,0.81867,0.16335,0.01798
5496662,2,2,0.11599,0.04295,0.84106
16709243,2,2,0.01101,0.03724,0.95175
13020674,2,2,0.00324,0.00439,0.99237
18677400,2,2,0.0342,0.20778,0.75802
1833455,2,2,0.00509,0.37928,0.61564
31330758,1,1,0.08511,0.83897,0.07592
38122203,2,2,0.09966,0.23716,0.66317
22931105,1,1,0.34171,0.34456,0.31373
23649492,2,2,0.12286,0.15199,0.72515
32992138,2,2,0.0175,0.1439,0.8386
17322600,2,2,0.02381,0.1231,0.8531
34727900,1,1,0.01322,0.64758,0.3392
1723256,2,2,0.12814,0.3705,0.50136
534039,2,2,0.23872,0.1347,0.62658
2660504,2,2,0.02707,0.19093,0.782
10696217,2,2,0.04031,0.17265,0.78704
21693025,0,0,0.90427,0.0281,0.06763
39049839,2,2,0.01705,0.15591,0.82704
21449904,0,0,0.52882,0.41749,0.05369
34157674,0,0,0.80956,0.11961,0.07082
513421,1,1,0.21615,0.7752,0.00865
23729278,2,2,0.24936,0.09099,0.65965
11787305,2,2,0.00045,0.00102,0.99853
20493015,1,1,0.18851,0.69192,0.11958
10159010,2,2,0.00172,0.24024,0.75804
1813832,2,2,0.0054,0.08915,0.90546
4340247,0,1,0.12401,0.77195,0.10404
26085797,2,2,0.00333,0.02374,0.97293
9531795,2,2,0.00865,0.00627,0.98508
31652740,2,2,0.01069,0.02228,0.96703
34540924,2,2,0.25387,0.32221,0.42392
6133622,2,2,0.07916,0.03934,0.88149
36208812,2,2,0.06561,0.10109,0.8333
7962761,0,0,0.79509,0.15802,0.04689
10524930,2,2,0.0087,0.02634,0.96496
27162376,2,2,0.10929,0.43126,0.45944
35705658,0,0,0.95703,0.03914,0.00384
4303292,2,1,0.20802,0.458,0.33398
558504,0,0,0.95129,0.03088,0.01783
29608293,2,2,0.06137,0.3381,0.60053
19901300,1,1,0.40215,0.50277,0.09508
17777987,2,2,0.00906,0.02897,0.96197
10892957,2,2,0.03031,0.02245,0.94725
22216845,0,0,0.79464,0.0662,0.13916
33793142,2,0,0.49177,0.46748,0.04075
37808082,0,0,0.95786,0.04199,0.00015
25665523,1,0,0.41195,0.35641,0.23164
22310523,2,2,0.0047,0.13603,0.85928
36519181,2,2,0.00083,0.02839,0.97078
23192312,2,2,0.09688,0.39449,0.50863
7973961,2,2,0.0939,0.04829,0.85781
11181599,2,1,0.16199,0.68246,0.15555
37134593,2,2,0.06543,0.12562,0.80895
36944124,0,0,0.92556,0.07087,0.00358
18131848,2,0,0.41534,0.29008,0.29458
23403696,0,0,0.74902,0.193,0.05798
34278777,0,0,0.97475,0.02396,0.0013
16159275,0,2,0.19773,0.23879,0.56348
32217632,0,0,0.98781,0.01201,0.00018
21530962,0,0,0.45092,0.25504,0.29404
29193149,2,2,0.07685,0.0984,0.82475
12931535,2,0,0.53125,0.11706,0.35168
3303306,2,2,0.00396,0.01896,0.97709
16614403,2,2,0.00729,0.03988,0.95283
36311497,1,1,0.20793,0.71647,0.0756
30988675,2,2,0.00029,0.00639,0.99332
19452031,2,2,0.01929,0.20075,0.77996
38584734,0,0,0.97908,0.01784,0.00307
35037910,2,0,0.63834,0.32262,0.03904
34056792,2,2,0.27618,0.15896,0.56487
16965869,2,2,0.00131,0.01583,0.98286
21962551,1,2,0.31193,0.2718,0.41627
26094955,0,0,0.94413,0.04152,0.01435
27285483,2,2,0.00435,0.23085,0.7648
25038730,2,2,2e-05,0.01007,0.9899
14456461,2,2,0.24824,0.1887,0.56307
34729395,2,2,0.06124,0.07117,0.86759
39464153,0,0,0.78061,0.20527,0.01412
35029293,2,2,0.06507,0.34034,0.59459
9825816,2,2,0.02365,0.1698,0.80655
16773188,2,2,0.18459,0.16767,0.64774
33896812,0,1,0.08887,0.59231,0.31881
33861038,2,2,0.08247,0.12186,0.79567
2944132,2,2,0.00327,0.01574,0.98098
31431767,2,2,0.00129,0.00947,0.98924
40877553,0,0,0.9683,0.03105,0.00065
38846854,2,2,0.01209,0.05467,0.93324
10956653,2,2,0.03229,0.1401,0.82761
8756873,2,2,0.04039,0.14837,0.81123
32638397,2,2,0.01034,0.02513,0.96453
13789426,0,0,0.58874,0.37522,0.03604
11149383,2,2,0.00721,0.01069,0.9821
713214,0,0,0.90119,0.07626,0.02255
15902859,2,2,0.00656,0.08098,0.91247
36806699,2,0,0.50321,0.14175,0.35504
12340212,2,2,0.02713,0.22489,0.74798
38067601,2,2,0.03841,0.0498,0.91179
33179959,2,0,0.49324,0.25584,0.25092
33055421,2,2,0.00537,0.03391,0.96073
3688970,2,0,0.53451,0.38028,0.08521
20052725,2,2,0.01236,0.08394,0.9037
23446806,2,2,0.00477,0.04194,0.95329
34204756,0,0,0.90821,0.04132,0.05047
26340515,2,2,0.13785,0.03828,0.82388
17985078,2,2,0.00095,0.01921,0.97984
36664983,2,2,0.03013,0.20921,0.76066
21111067,2,2,0.00513,0.00955,0.98532
36773489,2,2,0.20063,0.31463,0.48474
17036020,0,2,0.11323,0.3153,0.57147
18726237,2,0,0.85991,0.1149,0.0252
36851663,1,0,0.52958,0.39611,0.07432
30935656,2,2,0.26765,0.33311,0.39924
14526455,0,0,0.532,0.28846,0.17954
32902993,2,2,0.04737,0.05544,0.89719
19524289,2,2,0.01622,0.06653,0.91725
2313383,2,2,0.08819,0.20835,0.70346
39416410,2,2,0.09341,0.19698,0.70961
4539928,0,1,0.26385,0.55769,0.17846
36146809,1,1,0.0828,0.84483,0.07238
19940418,2,2,0.06564,0.20164,0.73272
14233431,2,2,0.00588,0.04905,0.94507
5534279,2,2,0.00183,0.02948,0.96869
14413807,2,2,0.0142,0.38078,0.60502
1002591,2,2,0.26828,0.32818,0.40353
23833039,2,2,0.00636,0.21394,0.7797
5357442,2,2,0.03092,0.10138,0.8677
21421353,2,2,0.05811,0.12787,0.81402
34991954,0,0,0.83542,0.16017,0.0044
14301419,2,2,0.07146,0.11079,0.81776
36863957,2,1,0.24002,0.61901,0.14097
450136,2,2,0.07908,0.19414,0.72678
14666377,1,1,0.22947,0.50177,0.26876
35498320,0,0,0.63598,0.22036,0.14367
35648055,2,2,0.02232,0.01768,0.96
11874473,2,2,0.03473,0.04729,0.91798
13932767,2,2,0.0799,0.0857,0.8344
27111672,2,2,0.10554,0.13068,0.76379
16215406,2,2,0.04035,0.05843,0.90122
23104133,2,1,0.10117,0.83944,0.05938
11979241,2,2,0.0022,0.03613,0.96167
38093189,2,2,0.02065,0.17609,0.80326
36046277,2,2,0.24824,0.1887,0.56307
19735101,2,2,0.1445,0.04151,0.81399
17699786,2,2,0.00279,0.00981,0.9874
1142509,1,1,0.15911,0.63129,0.2096
5415939,2,2,0.014,0.11269,0.87332
30775043,2,2,0.00521,0.01803,0.97676
26154286,2,2,0.01011,0.12957,0.86032
8964036,2,2,0.04853,0.01535,0.93611
20048612,2,2,0.0102,0.03988,0.94993
14467617,2,2,0.00273,0.05332,0.94395
34347355,0,0,0.68386,0.2566,0.05955
3085638,2,0,0.56547,0.33465,0.09987
31602207,2,2,0.20458,0.05256,0.74286
34180222,2,2,0.10186,0.28597,0.61216
19215967,2,2,0.11279,0.21309,0.67412
14523156,2,2,0.30935,0.1484,0.54224
39151309,2,2,0.01207,0.02937,0.95856
32151651,0,0,0.55923,0.40466,0.0361
24561122,2,2,0.00218,0.00729,0.99053
26293878,2,2,0.00561,0.01054,0.98385
19253428,2,2,0.08698,0.44998,0.46304
8440489,2,0,0.4828,0.33172,0.18548
32154226,2,2,0.17879,0.05109,0.77013
2181623,2,2,0.00235,0.00474,0.9929
4397293,2,2,0.01733,0.18126,0.80142
13771618,2,2,0.24824,0.1887,0.56307
32240886,2,1,0.03192,0.64831,0.31977
31906110,2,2,0.02254,0.19128,0.78618
25768898,1,0,0.4564,0.32398,0.21962
22528906,2,2,0.12959,0.05726,0.81314
33732613,2,2,0.01129,0.0706,0.91811
41623716,2,2,0.00056,0.00764,0.99179
399653,2,2,0.00115,0.0454,0.95345
14435216,2,0,0.56172,0.09495,0.34333
3590946,2,2,0.01568,0.06762,0.9167
28435325,0,0,0.85984,0.12931,0.01085
41476063,2,2,0.09943,0.32278,0.57779
10416910,1,1,0.12485,0.74509,0.13006
31861545,2,2,0.04798,0.17595,0.77607
38685534,2,2,0.00869,0.04916,0.94215
34797471,2,2,0.00327,0.02042,0.97631
30533663,2,2,0.00728,0.02258,0.97014
23815744,0,1,0.3695,0.41299,0.21751
39717089,0,0,0.94692,0.05007,0.00301
32469181,0,0,0.85101,0.11412,0.03487
15588261,1,1,0.32865,0.50877,0.16259
40364266,2,1,0.26783,0.57075,0.16142
29432527,2,2,0.23426,0.09008,0.67567
19189421,2,0,0.67178,0.29063,0.03758
17121765,2,2,0.00496,0.03181,0.96323
11137756,2,2,0.04582,0.10755,0.84663
25273957,2,2,0.26489,0.24278,0.49233
40676701,2,2,0.12092,0.05013,0.82895
25026049,2,2,0.07183,0.10008,0.82808
23620243,2,2,0.0111,0.02551,0.96339
13134561,2,2,0.00027,0.00741,0.99231
39543944,2,2,0.11716,0.39689,0.48594
17653893,2,0,0.45899,0.16395,0.37705
37246363,2,2,0.13183,0.31667,0.55149
36401065,2,2,0.00123,0.00361,0.99516
35601974,2,2,0.00362,0.01379,0.98259
36237602,0,0,0.87865,0.11825,0.00309
7434067,2,2,0.03197,0.13288,0.83515
6087327,2,2,0.01511,0.02014,0.96475
40830141,0,0,0.97743,0.01873,0.00384
5454662,2,2,0.00052,0.02149,0.97799
23916719,2,2,0.001,0.14793,0.85107
40445602,2,2,0.03654,0.17191,0.79155
21834913,2,2,0.26276,0.30622,0.43102
39921858,2,2,0.03872,0.04172,0.91956
33031660,2,2,0.01276,0.06005,0.92719
6095734,2,1,0.31924,0.38963,0.29113
33777017,2,2,0.00017,0.00127,0.99855
12126429,2,2,0.17926,0.124,0.69675
12312316,2,2,0.32666,0.33382,0.33952
14247751,2,2,0.01006,0.0854,0.90454
18579625,2,2,0.00312,0.00497,0.99191
13027455,2,2,0.07874,0.19942,0.72184
7398657,2,2,1e-05,0.00023,0.99976
37916692,2,2,0.00309,0.02679,0.97012
3401861,2,0,0.5147,0.25965,0.22565
27708085,2,2,0.17722,0.12989,0.69289
5119890,2,0,0.69741,0.0743,0.2283
35707057,0,0,0.9601,0.0361,0.00379
15024830,2,2,0.02505,0.13098,0.84397
36311555,0,0,0.89574,0.07065,0.03361
5054889,2,2,0.08865,0.3295,0.58185
27465845,2,2,0.26279,0.06565,0.67156
12923019,2,2,0.0169,0.20395,0.77916
33033594,2,1,0.00531,0.91782,0.07687
39984373,2,2,0.01481,0.00289,0.9823
6680949,2,2,0.01457,0.01153,0.97391
41548533,2,2,0.01672,0.02615,0.95713
22415797,2,2,0.2771,0.05921,0.66369
14561830,2,2,0.00039,0.00559,0.99402
13030805,2,2,0.00809,0.01231,0.9796
21500728,1,0,0.83787,0.15545,0.00668
13661231,2,1,0.15573,0.72163,0.12263
34238440,0,0,0.97736,0.01824,0.0044
11070329,2,2,0.01145,0.22439,0.76416
36714685,2,2,0.00026,0.00072,0.99901
40108338,2,2,0.04569,0.33899,0.61531
9175399,2,2,0.03296,0.14434,0.8227
4471704,2,2,0.2902,0.0823,0.62749
34200273,0,0,0.99685,0.00288,0.00028
25057478,0,0,0.69629,0.28677,0.01694
34158001,2,2,0.00319,0.01148,0.98533
26265574,2,2,0.00261,0.051,0.94639
37847687,2,2,0.15592,0.03716,0.80692
16712884,2,0,0.57384,0.26378,0.16238
34566526,2,2,0.0257,0.08676,0.88754
17551755,2,2,4e-05,0.00056,0.9994
36734031,2,2,0.00426,0.11934,0.8764
15403678,2,1,0.15855,0.76778,0.07368
31816353,2,2,0.00125,0.01822,0.98054
24252126,2,2,0.0415,0.03556,0.92293
3487774,1,1,0.1413,0.81232,0.04637
19421435,0,0,0.98955,0.00819,0.00226
12591501,1,1,0.03598,0.77506,0.18896
25842243,2,2,0.04306,0.2175,0.73944
37912155,2,2,0.00048,0.00502,0.9945
22068429,2,2,0.00598,0.01281,0.98121
18458334,2,2,0.0036,0.04125,0.95515
29691797,2,2,0.02571,0.07247,0.90182
6955382,0,2,0.26947,0.16353,0.56701
39315346,2,2,0.1065,0.04749,0.84601
25460989,2,2,0.2048,0.20347,0.59173
39263485,2,1,0.02107,0.51239,0.46654
20677442,2,0,0.42086,0.40295,0.17619
7402277,2,2,0.0188,0.21658,0.76462
2563068,0,0,0.7944,0.17274,0.03286
37641964,1,1,0.06528,0.68707,0.24765
21394967,0,0,0.84745,0.13226,0.02029
27705096,2,2,0.31745,0.19188,0.49067
23287934,2,1,0.11216,0.57224,0.3156
17145252,2,2,0.02522,0.02689,0.94788
37309973,2,2,0.00592,0.04828,0.9458
33855099,2,1,0.13737,0.81242,0.0502
15549847,2,1,0.19347,0.61355,0.19298
17071883,2,2,0.06857,0.06319,0.86823
4965725,2,0,0.48982,0.43671,0.07347
6801167,0,0,0.53054,0.28367,0.18579
13757302,1,1,0.34219,0.5624,0.09541
37186052,2,2,0.27631,0.09865,0.62504
38882611,2,2,0.01725,0.09303,0.88971
36334077,2,2,0.00624,0.016,0.97776
36010791,0,0,0.81446,0.11331,0.07222
34635990,2,2,0.02356,0.07739,0.89904
20630074,2,2,0.27651,0.07816,0.64533
14324319,2,0,0.46498,0.3379,0.19712
19337035,2,2,0.00262,0.02264,0.97475
22586140,2,2,0.10978,0.084,0.80622
9247125,2,1,0.05177,0.48142,0.46681
17280335,2,2,0.00495,0.01818,0.97688
7764388,2,2,0.0,0.00025,0.99975
22791566,2,2,0.00014,0.00475,0.99511
34207813,1,1,0.36643,0.57936,0.05421
26844090,1,0,0.81214,0.13372,0.05414
9048774,2,2,0.0,0.00013,0.99987
2242985,2,2,0.08197,0.16502,0.753
27081944,0,1,0.35382,0.5281,0.11808
23605319,0,0,0.57223,0.41831,0.00946
7771741,2,2,0.06464,0.01718,0.91817
3340454,0,0,0.8093,0.16202,0.02869
12000309,2,2,0.03145,0.31387,0.65468
9793785,2,2,0.03626,0.15967,0.80407
36990530,0,0,0.8594,0.13396,0.00664
36982727,2,2,0.04375,0.02684,0.9294
34682381,2,2,0.16182,0.04036,0.79782
26046411,2,2,0.35197,0.07868,0.56935
17801452,2,2,0.0009,0.1352,0.8639
28372096,1,1,0.23982,0.73183,0.02835
41220481,0,0,0.54674,0.38015,0.07311
3013617,0,0,0.63926,0.25272,0.10803
13731991,2,2,0.00224,0.02896,0.9688
9343325,1,0,0.58923,0.39395,0.01682
3270461,2,2,0.38797,0.19811,0.41392
9591807,2,2,0.00627,0.02072,0.97301
19702163,0,0,0.51371,0.35145,0.13484
17880258,2,0,0.68323,0.08979,0.22698
23278320,2,2,0.01069,0.12251,0.8668
10241445,2,2,0.00961,0.0618,0.92859
25113030,0,2,0.101,0.17906,0.71994
31906930,2,1,0.14249,0.70187,0.15565
41191177,2,2,0.00309,0.01541,0.9815
31063212,2,2,0.00349,0.12774,0.86877
29257754,2,2,0.19425,0.0366,0.76915
21988516,0,1,0.29898,0.64586,0.05516
23804863,2,2,0.01638,0.03375,0.94987
11491137,2,2,0.00252,0.01483,0.98265
4199251,2,2,0.00779,0.15822,0.83399
6873490,0,0,0.97518,0.02481,2e-05
3784002,2,2,0.02801,0.18307,0.78892
18876993,2,2,0.00061,0.01307,0.98632
6811886,2,2,0.0004,0.00502,0.99459
22989426,2,1,0.07213,0.67697,0.2509
35866102,0,0,0.80625,0.13398,0.05977
22387827,2,2,0.00446,0.0627,0.93284
26208207,0,0,0.87859,0.10127,0.02014
13473385,2,2,0.2576,0.1014,0.641
24131606,2,2,0.05193,0.06876,0.8793
11290786,2,2,0.01935,0.02069,0.95995
15126411,2,2,0.04397,0.11892,0.83711
37212472,0,1,0.13364,0.71398,0.15239
2990150,2,2,0.01662,0.01206,0.97132
11339940,0,1,0.27857,0.68713,0.0343
622089,2,2,0.03183,0.075,0.89317
4127241,2,2,0.00081,0.00693,0.99226
4002042,2,1,0.10359,0.60934,0.28707
10425790,2,2,0.0282,0.04932,0.92248
11648914,2,2,0.06029,0.06022,0.87949
34661829,0,0,0.93059,0.0485,0.02091
338356,2,2,0.34962,0.11586,0.53452
23016319,2,2,0.14006,0.08959,0.77036
35808104,0,0,0.98449,0.01502,0.00049
12317964,2,2,0.24429,0.08359,0.67212
22670413,2,2,0.14183,0.16354,0.69463
5010205,1,1,0.28129,0.62557,0.09314
40106540,1,0,0.78086,0.19078,0.02836
37372012,2,2,0.01154,0.01271,0.97574
8571353,2,2,0.13634,0.18955,0.67411
36028674,2,2,0.0,0.00055,0.99945
33213518,2,1,0.10826,0.52882,0.36293
2580121,2,2,0.04142,0.04882,0.90975
17778104,2,2,0.02252,0.1111,0.86637
28888951,2,2,0.06539,0.34813,0.58647
9805381,1,0,0.49596,0.34945,0.15459
7817189,2,2,0.03924,0.24291,0.71785
9848057,2,1,0.12205,0.68129,0.19666
18510368,2,2,0.02356,0.10382,0.87262
23258164,1,0,0.89511,0.08226,0.02263
20652740,1,0,0.93588,0.06082,0.0033
34975701,2,2,0.00609,0.02183,0.97208
20701143,2,2,0.17308,0.29503,0.53189
31634304,0,0,0.86086,0.13305,0.00609
38727797,2,1,0.28387,0.43268,0.28345
22330133,2,2,0.06507,0.23602,0.6989
6823879,2,2,0.00851,0.02319,0.9683
35198231,2,2,0.35772,0.18116,0.46112
37915673,2,2,0.00637,0.01475,0.97888
38990922,0,0,0.88311,0.10606,0.01082
36013684,2,2,0.03201,0.05228,0.9157
11857715,2,2,0.04755,0.1208,0.83164
21713953,2,2,0.0,0.00055,0.99945
41610910,2,2,0.02362,0.02443,0.95195
36897176,0,1,0.12227,0.85768,0.02005
11769009,2,2,0.04878,0.16987,0.78135
28109495,0,0,0.56437,0.40586,0.02977
28111051,2,2,0.01516,0.05407,0.93077
26431739,0,2,0.05665,0.12275,0.8206
23740899,2,2,0.013,0.0198,0.9672
40194165,2,2,0.00968,0.02186,0.96846
23600555,2,2,0.00237,0.00751,0.99012
40511616,2,2,0.32493,0.16174,0.51333
37550989,2,2,0.00848,0.0668,0.92473
34874307,0,0,0.85315,0.12662,0.02024
35968385,2,2,0.0028,0.01428,0.98293
16637005,0,0,0.92923,0.06077,0.01001
4644232,0,0,0.7174,0.26602,0.01658
30407916,2,2,0.0051,0.00703,0.98787
11756883,2,2,0.00016,0.00131,0.99853
2290792,0,0,0.66925,0.31397,0.01678
3284515,2,2,0.03041,0.01622,0.95337
30274868,2,2,0.00189,0.00674,0.99137
11133971,2,2,0.02718,0.05298,0.91984
35202195,0,0,0.82625,0.17035,0.0034
40101321,2,1,0.34515,0.59725,0.0576
14091974,2,2,0.00791,0.31625,0.67584
32368122,1,1,0.36561,0.48535,0.14904
9050502,2,2,0.0072,0.09365,0.89914
38761225,0,0,0.97193,0.02683,0.00124
40806998,2,2,0.00946,0.04186,0.94867
28648082,0,0,0.87276,0.10613,0.02111
23583784,1,1,0.40491,0.56661,0.02849
796420,2,2,0.16284,0.18062,0.65654
18969729,2,2,0.0111,0.07923,0.90967
32581145,2,2,0.00587,0.00912,0.98501
13489126,2,2,0.08917,0.04786,0.86297
12067246,2,2,0.06883,0.19447,0.7367
37746968,0,0,0.68867,0.29944,0.01189
485387,0,0,0.90783,0.07441,0.01776
30079970,2,2,0.03472,0.03033,0.93495
28974652,2,2,0.07311,0.18744,0.73945
34187990,1,0,0.43644,0.27783,0.28573
23390508,2,2,0.04751,0.04744,0.90505
16292830,2,2,0.00139,0.03079,0.96781
30092168,2,2,0.00022,0.00083,0.99895
17159033,2,2,0.00319,0.0168,0.98001
12360226,2,2,0.23296,0.32623,0.44081
4385125,2,1,0.2598,0.57208,0.16812
32286509,2,2,0.03343,0.04695,0.91962
28355841,2,2,0.04669,0.05183,0.90148
123392,2,2,0.0004,0.00101,0.99859
25274585,2,2,0.02649,0.12373,0.84978
7783726,1,1,0.2162,0.61457,0.16923
28928775,2,2,0.00656,0.04649,0.94694
9191402,2,2,0.01499,0.00928,0.97574
31444625,0,0,0.88189,0.10798,0.01013
15909440,2,2,2e-05,0.00011,0.99987
1966903,0,0,0.684,0.29324,0.02276
20912726,2,2,0.07925,0.37709,0.54366
20452215,2,2,0.02221,0.0599,0.91789
9965096,2,2,0.0261,0.0265,0.94741
38974335,2,2,0.09028,0.05192,0.8578
35457237,2,2,0.01937,0.00574,0.97489
1945175,0,1,0.4133,0.41664,0.17007
2200021,0,0,0.95863,0.03523,0.00614
10590764,0,1,0.07604,0.69186,0.2321
39836148,1,2,0.2162,0.33488,0.44892
32564134,0,0,0.7603,0.23197,0.00773
11608574,2,1,0.32992,0.46555,0.20452
28607579,2,2,0.01042,0.01357,0.97601
23079104,1,0,0.64625,0.1964,0.15735
22918557,2,2,0.02166,0.02548,0.95286
1476150,0,0,0.93223,0.06553,0.00223
14701466,2,2,0.00453,0.03722,0.95826
15167291,1,2,0.30635,0.2991,0.39455
30419121,1,1,0.03984,0.79778,0.16238
19258031,2,0,0.62454,0.33761,0.03784
26971698,2,2,3e-05,0.0037,0.99627
33488449,2,2,0.00334,0.38242,0.61424
19811806,2,2,0.04099,0.17643,0.78258
21223757,2,0,0.58541,0.38936,0.02522
19588977,2,2,0.0082,0.00897,0.98283
6879380,0,1,0.16253,0.69004,0.14743
18939563,0,0,0.70541,0.20547,0.08913
13230638,2,2,0.02335,0.06312,0.91353
30866032,2,2,0.00152,0.00515,0.99333
34371974,0,0,0.89101,0.07736,0.03163
26290566,2,2,0.06227,0.06776,0.86996
36849757,2,2,0.06927,0.28933,0.6414
13051290,2,2,0.06134,0.22608,0.71258
28754010,0,0,0.98434,0.00333,0.01233
30092891,2,1,0.14028,0.53807,0.32165
33940725,0,0,0.95256,0.04684,0.0006
14525146,2,2,0.20617,0.06347,0.73035
244841,0,0,0.60053,0.28046,0.11901
28900254,2,2,0.01375,0.01855,0.9677
3420074,2,1,0.0389,0.49105,0.47005
40270554,0,0,0.68773,0.31095,0.00132
14610627,0,0,0.97969,0.01201,0.0083
38340432,0,0,0.97305,0.01893,0.00802
41496002,0,0,0.81185,0.1713,0.01685
32382896,2,2,0.0211,0.02644,0.95246
30984387,2,2,0.06195,0.05152,0.88653
12762349,1,1,0.12766,0.69028,0.18205
27054566,2,2,0.01222,0.03414,0.95364
14941591,1,0,0.38848,0.26493,0.34658
2565323,2,2,0.00082,0.01544,0.98374
33063132,2,2,0.18376,0.06569,0.75055
29420153,2,2,0.03063,0.10281,0.86656
38465168,2,2,0.09483,0.25356,0.65161
25112824,2,1,0.31702,0.3739,0.30908
35777871,2,2,0.2983,0.06647,0.63524
38417568,0,0,0.94301,0.04172,0.01527
18773455,2,2,0.02484,0.04861,0.92655
22573661,2,1,0.20591,0.40791,0.38618
29720404,2,2,0.24824,0.1887,0.56307
33795036,0,0,0.83865,0.15966,0.00169
34976894,2,0,0.41984,0.24065,0.33951
21862965,2,1,0.02479,0.8224,0.1528
35018611,2,0,0.46728,0.15816,0.37456
41417554,2,2,0.04637,0.02128,0.93234
31655355,2,2,0.0054,0.05299,0.94162
14794300,2,2,0.04684,0.11989,0.83327
30705383,2,1,0.26755,0.50576,0.22669
26402354,2,1,0.17389,0.64917,0.17694
34142394,2,2,0.03719,0.05381,0.909
17328833,2,2,0.01298,0.01946,0.96756
21289166,2,2,0.07384,0.13944,0.78672
19656009,0,1,0.29438,0.59197,0.11365
23389887,0,1,0.29223,0.55514,0.15263
21831391,2,2,0.17478,0.16189,0.66333
41542639,2,2,0.20859,0.20452,0.58689
3634818,0,0,0.89286,0.09872,0.00842
29480401,2,0,0.59413,0.10576,0.3001
25817449,0,0,0.91802,0.01957,0.06241
33589861,2,2,0.18681,0.0808,0.73239
6786398,2,0,0.58489,0.26138,0.15373
36637708,0,0,0.49029,0.08026,0.42945
13215360,2,1,0.17498,0.6777,0.14732
3437683,2,2,0.03409,0.0297,0.9362
37885213,0,0,0.99574,0.00417,9e-05
32235802,0,0,0.80093,0.19242,0.00664
3120172,2,2,0.00105,0.00639,0.99256
10778543,2,2,0.00546,0.16265,0.83189
21557381,2,2,0.01826,0.00492,0.97682
33825628,0,0,0.75802,0.13008,0.11191
34814234,2,1,0.11917,0.75936,0.12147
12958870,2,2,0.02422,0.27389,0.70189
15585664,2,2,0.02856,0.13916,0.83228
12207643,2,1,0.21941,0.51627,0.26432
27176806,2,2,0.05239,0.40898,0.53863
25469623,0,0,0.97283,0.02,0.00717
2245258,2,2,0.00824,0.12842,0.86334
37338764,2,2,0.00615,0.0138,0.98005
38286719,2,1,0.10034,0.49905,0.40061
23024967,2,2,0.02825,0.46477,0.50698
40315006,2,1,0.35971,0.53566,0.10464
2668847,0,0,0.87211,0.11817,0.00972
31797097,2,2,0.1018,0.24126,0.65694
18608106,2,2,0.00037,0.01102,0.98861
15032577,2,1,0.0611,0.6288,0.31009
24959100,2,2,0.00143,0.00803,0.99054
7427768,2,2,0.00542,0.02282,0.97175
36295044,2,0,0.5329,0.11857,0.34853
32987184,0,1,0.26369,0.65591,0.08039
16286725,0,0,0.71906,0.26343,0.01751
12074448,2,2,0.00383,0.01954,0.97663
26097252,2,2,0.00149,0.00109,0.99743
23671422,0,0,0.82811,0.05744,0.11446
4037921,2,2,0.00053,0.00736,0.99211
26481753,2,2,0.02789,0.03447,0.93764
33131054,2,2,0.14616,0.27961,0.57423
31162693,2,2,0.00245,0.03007,0.96748
11065596,2,2,0.0502,0.30242,0.64738
23447351,2,2,0.13287,0.07955,0.78758
1029754,2,2,0.01775,0.09104,0.89121
36484569,0,0,0.80213,0.19439,0.00348
8546813,2,2,0.0465,0.15969,0.79382
33483833,2,2,0.02271,0.04344,0.93384
36484545,2,2,0.01202,0.01094,0.97703
19459825,2,2,0.00125,0.02336,0.97539
23084445,2,2,0.00819,0.0257,0.96611
6017837,2,2,0.0385,0.12859,0.83291
18317971,2,2,0.01872,0.11749,0.86379
3383211,2,2,0.00476,0.02307,0.97217
6704961,2,2,0.00187,0.021,0.97713
10920666,0,1,0.22412,0.56807,0.2078
26003934,2,2,0.00658,0.05286,0.94056
25736246,2,0,0.51504,0.08792,0.39704
14088004,2,2,0.03452,0.23456,0.73092
16835911,2,2,0.14045,0.19018,0.66936
13338712,1,0,0.53756,0.33446,0.12798
40865806,1,1,0.38614,0.50502,0.10884
8124039,2,1,0.1929,0.70807,0.09903
39842072,2,2,0.02077,0.145,0.83423
18644409,2,2,0.00168,0.00729,0.99103
41486000,0,0,0.92374,0.07043,0.00584
1597016,2,1,0.33017,0.54145,0.12837
39739417,0,0,0.61655,0.12105,0.2624
27936977,2,2,0.02238,0.47304,0.50459
11070732,2,2,0.20737,0.2472,0.54542
39205744,2,2,0.0605,0.34487,0.59463
2035505,1,1,0.17271,0.81698,0.01031
3964246,2,2,2e-05,0.00018,0.99981
2626335,0,1,0.24975,0.68476,0.0655
19924814,2,2,0.2503,0.05427,0.69543
25364321,2,2,0.03778,0.23456,0.72766
1374474,2,2,0.02379,0.04162,0.93459
29522867,2,2,0.00168,0.03507,0.96325
33294121,0,0,0.82508,0.1453,0.02962
21440702,0,0,0.79458,0.2001,0.00531
31177403,2,2,0.00779,0.02934,0.96287
31698640,0,0,0.97959,0.01921,0.0012
18459778,2,2,0.00509,0.03622,0.95869
12694680,2,2,0.17245,0.06697,0.76057
6968322,0,0,0.99323,0.00539,0.00138
25381421,2,2,0.00153,0.00399,0.99448
3027907,2,2,0.17849,0.39024,0.43127
36732786,2,2,0.05103,0.05844,0.89052
5784542,2,2,0.01363,0.02598,0.96039
29768845,0,2,0.30381,0.08667,0.60952
29015428,2,0,0.764,0.16504,0.07096
4962665,0,0,0.88443,0.08257,0.033
1403770,2,2,0.00791,0.31625,0.67584
8765699,2,2,0.05908,0.06239,0.87853
2272586,2,1,0.28501,0.57293,0.14207
20944853,2,2,0.00406,0.01713,0.97881
8898797,2,2,0.02165,0.07843,0.89992
18726897,2,0,0.4322,0.24702,0.32078
4373540,2,2,0.01564,0.10649,0.87788
14363717,0,1,0.35067,0.46288,0.18645
36790055,1,0,0.83486,0.16117,0.00397
1635873,2,2,0.01738,0.21487,0.76774
639982,2,2,0.09088,0.05883,0.85029
35864367,1,1,0.43784,0.51503,0.04713
11784694,1,0,0.48271,0.40238,0.11491
2146245,2,2,0.00346,0.04102,0.95552
9360303,2,2,0.11492,0.30134,0.58374
31444524,2,2,0.00812,0.19966,0.79222
9643007,2,2,0.00183,0.01029,0.98789
26196240,2,2,0.05156,0.09066,0.85778
25229191,0,0,0.97974,0.02013,0.00014
23582752,2,2,0.01291,0.04458,0.94252
29315800,2,2,0.03136,0.01149,0.95716
22615593,2,2,0.0005,0.01389,0.98562
28322081,1,1,0.10509,0.44827,0.44664
34722016,1,1,0.46857,0.52325,0.00818
40831016,0,0,0.7248,0.14116,0.13403
7840522,2,2,0.04325,0.19863,0.75812
18874582,2,2,0.02288,0.08431,0.89281
40676099,0,0,0.75159,0.23376,0.01465
9731875,2,2,2e-05,0.00398,0.996
33265045,0,0,0.84251,0.11116,0.04633
8946554,1,0,0.75936,0.1767,0.06394
8666317,0,0,0.50761,0.40797,0.08442
15919726,2,2,0.13489,0.01882,0.84629
6240189,2,2,0.01293,0.0749,0.91217
24748286,2,0,0.47348,0.08988,0.43664
19838424,2,2,0.00464,0.01135,0.984
34138263,2,0,0.39466,0.24728,0.35806
25527700,2,2,2e-05,0.06502,0.93495
34828030,0,2,0.11639,0.10937,0.77424
37291682,0,2,0.18405,0.16041,0.65554
19457307,2,2,0.00182,0.00552,0.99266
33263940,2,1,0.27169,0.61987,0.10844
29278475,2,2,0.1103,0.13685,0.75284
41041971,0,0,0.85478,0.13223,0.013
9529458,1,2,0.10039,0.22398,0.67563
20421579,1,2,0.02434,0.25172,0.72395
3513078,2,2,0.00481,0.00893,0.98626
28507511,2,2,0.07229,0.09827,0.82944
19031880,2,2,0.09546,0.17419,0.73034
22035611,2,2,0.01171,0.04408,0.94421
3864294,1,1,0.17914,0.57045,0.25041
32596973,2,2,0.05983,0.19001,0.75016
21976737,2,2,0.16835,0.05066,0.78099
13795738,2,2,0.0,0.00055,0.99945
34775257,0,0,0.57014,0.27496,0.1549
38971345,0,1,0.20493,0.66079,0.13428
13283818,0,0,0.97527,0.02423,0.0005
37622673,2,2,0.02703,0.03498,0.93799
1700,2,2,0.00177,0.00326,0.99497
40059915,0,0,0.67696,0.22884,0.0942
7210901,1,0,0.66273,0.16931,0.16796
5820199,1,1,0.07972,0.47464,0.44564
1876900,2,2,0.13013,0.12607,0.7438
17645302,2,2,0.02144,0.21151,0.76705
19954297,1,2,0.00757,0.23175,0.76068
33030144,2,2,0.00703,0.01611,0.97686
28395575,1,1,0.22316,0.72579,0.05105
3962252,0,0,0.78306,0.18565,0.03129
12561626,2,2,0.00417,0.1365,0.85933
7350129,2,2,0.00308,0.05365,0.94327
22152869,0,0,0.62725,0.33408,0.03867
40428772,2,2,0.00363,0.00619,0.99018
18079829,2,2,0.01895,0.03546,0.94559
36001861,2,2,0.00161,0.02025,0.97813
10051871,2,2,0.02534,0.38408,0.59058
7065764,2,2,0.01315,0.05696,0.92989
24796454,2,2,5e-05,0.00582,0.99413
24457242,0,0,0.77507,0.22093,0.004
40458901,2,2,0.04912,0.07295,0.87793
30262984,2,2,0.00131,0.12994,0.86875
25196360,0,1,0.33613,0.59352,0.07035
19551418,0,0,0.84365,0.1286,0.02774
29093170,2,2,0.04617,0.0853,0.86853
23552534,2,2,0.00772,0.10389,0.88839
35538956,2,2,0.09738,0.18334,0.71928
33990722,2,2,0.05474,0.11634,0.82892
23101971,2,2,0.10183,0.02155,0.87662
4862516,0,0,0.55252,0.4385,0.00899
16218639,2,2,0.01033,0.02529,0.96438
36612188,2,2,0.02663,0.19121,0.78216
24989654,2,2,0.0224,0.07844,0.89916
26746301,0,0,0.92552,0.07252,0.00196
4037042,2,2,0.0181,0.23356,0.74834
5988208,2,1,0.12851,0.59292,0.27857
40905449,1,0,0.44138,0.32842,0.2302
39872713,0,0,0.75348,0.24191,0.00461
11128954,2,2,2e-05,0.00563,0.99435
41520654,2,2,0.12995,0.20131,0.66874
31469051,2,2,0.00784,0.02687,0.96529
17844133,2,2,0.00287,0.37233,0.62479
9301582,2,2,0.03777,0.0662,0.89603
3421415,1,0,0.70167,0.23366,0.06467
29603342,0,0,0.4922,0.09435,0.41344
32669109,2,2,0.29187,0.27927,0.42887
18147081,0,0,0.86695,0.08554,0.04751
32599201,0,0,0.9538,0.03453,0.01167
28342360,2,2,0.09162,0.04188,0.8665
6695751,2,2,0.02788,0.01592,0.9562
2815963,2,2,0.00722,0.12713,0.86565
21889938,2,2,0.13485,0.02141,0.84374
17908471,0,0,0.74097,0.23342,0.02561
22170027,0,0,0.85586,0.11331,0.03083
32085776,2,0,0.39918,0.36912,0.2317
32240087,2,1,0.05735,0.55996,0.38268
27935800,0,0,0.74815,0.05204,0.19981
5591874,2,2,0.02387,0.34624,0.62989
26542456,2,2,0.00353,0.01218,0.98429
33851803,2,2,0.07607,0.05378,0.87015
7837379,2,2,0.08056,0.40674,0.51271
15964695,0,2,0.29958,0.2834,0.41703
34848473,2,2,0.27755,0.27283,0.44962
35227997,2,2,0.06626,0.10343,0.83031
11066182,2,1,0.0336,0.61129,0.35511
9651790,2,2,0.01605,0.02818,0.95577
2540564,2,2,0.0,0.00055,0.99945
36752722,2,2,0.00445,0.06464,0.9309
22723768,0,1,0.21606,0.69025,0.09369
20823954,2,0,0.51854,0.12993,0.35153
15903575,0,0,0.93993,0.04584,0.01422
22049389,2,2,0.00315,0.03671,0.96014
7469263,2,2,0.00974,0.02132,0.96894
10944853,2,2,0.01064,0.07983,0.90953
25585784,2,2,0.00544,0.33851,0.65605
12578058,2,2,0.01943,0.20215,0.77842
19675800,2,2,0.40901,0.07317,0.51782
28570365,2,2,0.07111,0.38138,0.54752
7683670,2,2,0.02328,0.05194,0.92479
39998234,2,2,0.0178,0.08105,0.90115
40728124,2,2,0.00115,0.06558,0.93327
20365215,1,1,0.06438,0.8499,0.08573
18704167,0,0,0.80746,0.14952,0.04302
37788406,2,2,0.00791,0.31625,0.67584
35482605,0,0,0.63127,0.04284,0.32589
35790117,0,1,0.37106,0.62784,0.0011
29682108,2,2,0.00687,0.0142,0.97894
27597984,0,0,0.53064,0.4348,0.03456
1172258,2,2,0.114,0.24589,0.64011
36726551,2,2,0.01273,0.06409,0.92318
28271633,2,2,0.0011,0.00084,0.99806
17769539,2,2,0.07491,0.15845,0.76665
7525542,2,2,0.0,0.00013,0.99987
18243620,2,2,0.1218,0.09039,0.78781
10724901,2,2,0.14716,0.18385,0.66899
21031254,2,2,0.19285,0.14819,0.65896
18301646,2,2,0.0043,0.11035,0.88534
14165454,2,0,0.448,0.4378,0.11419
28924163,2,1,0.00956,0.50719,0.48324
22634757,2,2,0.04939,0.03353,0.91708
40892406,2,2,0.00699,0.04005,0.95296
17901849,1,1,0.01078,0.68213,0.30709
21154336,2,2,0.00911,0.00918,0.98171
5176700,0,0,0.70028,0.29603,0.0037
32508526,2,2,0.24824,0.1887,0.56307
8782414,2,2,0.04005,0.14654,0.81341
33186042,0,0,0.59622,0.30242,0.10135
5536358,2,2,0.02509,0.31812,0.65679
15208836,2,1,0.05065,0.67126,0.27809
38929466,0,0,0.72857,0.2451,0.02633
8879332,2,2,0.00409,0.0072,0.9887
14318796,2,2,0.00615,0.33189,0.66196
11427201,2,1,0.4239,0.45533,0.12078
1779166,1,1,0.02582,0.84828,0.1259
1692462,2,2,0.01059,0.0071,0.98231
2273994,2,2,0.02066,0.02173,0.95761
1170004,2,2,0.00088,0.00242,0.9967
25901573,2,2,0.07328,0.37288,0.55384
25376487,2,1,0.31978,0.58939,0.09083
32072043,0,0,0.99219,0.00729,0.00052
8916846,0,0,0.56197,0.31665,0.12137
4802975,2,2,0.0367,0.05749,0.90581
39836668,2,2,0.12525,0.0224,0.85235
29413279,2,2,0.02046,0.03337,0.94617
20385789,2,2,0.00451,0.18954,0.80595
347334,2,2,0.00172,0.24024,0.75804
35753786,2,1,0.11398,0.52535,0.36067
1218231,2,2,0.0035,0.01734,0.97916
33794094,0,0,0.85813,0.13442,0.00745
22444488,2,2,0.13795,0.38984,0.47221
12435576,2,2,0.04824,0.10156,0.8502
9326158,2,2,0.00928,0.08882,0.9019
3923242,2,2,0.02144,0.08216,0.8964
12659472,0,0,0.47509,0.46105,0.06387
9467952,0,0,0.39912,0.38184,0.21904
35084937,1,0,0.93781,0.03499,0.0272
38071492,0,0,0.64974,0.32284,0.02743
27809483,2,2,0.00145,0.0286,0.96995
21178990,2,2,0.03565,0.03006,0.93429
40537277,2,2,0.01288,0.04567,0.94145
8795103,2,2,0.00246,0.00716,0.99038
36009377,2,2,0.00122,0.00662,0.99216
36108762,0,0,0.60441,0.34017,0.05542
39792315,0,0,0.59411,0.2843,0.1216
23558740,2,2,0.03688,0.03791,0.92521
29567290,2,2,0.02316,0.03299,0.94385
11118895,2,2,0.09216,0.20793,0.69991
17539366,2,2,9e-05,0.01243,0.98748
17220243,2,2,0.02151,0.00826,0.97023
25642201,2,2,0.00711,0.01273,0.98016
36906196,2,2,0.44614,0.10592,0.44794
15245033,1,0,0.78013,0.10122,0.11865
32087208,2,2,0.00035,0.00166,0.99799
22221573,2,2,0.05099,0.10069,0.84833
10561822,1,0,0.44915,0.41474,0.13611
17494117,2,1,0.09414,0.86044,0.04542
22159196,2,2,0.24824,0.1887,0.56307
7024877,2,1,0.04487,0.87966,0.07546
19255596,2,2,9e-05,0.01243,0.98748
39823588,0,0,0.96672,0.03137,0.00191
8528042,2,2,0.11577,0.01562,0.86861
20576547,2,2,0.01032,0.03215,0.95753
8349775,2,1,0.14188,0.79046,0.06766
8625202,2,2,0.00312,0.00553,0.99135
11749549,0,2,0.04449,0.08676,0.86875
2139912,2,2,0.04204,0.19107,0.7669
40160719,2,2,0.0,0.00055,0.99945
27722100,2,2,0.01554,0.04836,0.9361
38142445,2,2,0.22564,0.12023,0.65413
25704798,0,0,0.81855,0.10436,0.07709
29980568,2,2,0.00927,0.01629,0.97444
8531039,2,2,0.01032,0.03402,0.95565
11579182,0,0,0.97878,0.01666,0.00456
36167333,0,1,0.44329,0.51053,0.04618
38715930,2,2,0.00322,0.00733,0.98946
15973394,0,0,0.96265,0.02013,0.01722
404233,2,2,0.04071,0.07464,0.88466
17926464,2,2,0.00025,0.02905,0.9707
38523061,2,2,0.00551,0.12814,0.86635
6099405,2,2,0.13267,0.40053,0.4668
40018067,2,2,0.11517,0.36198,0.52285
12567015,2,2,0.01518,0.02695,0.95787
19724684,2,2,0.025,0.13018,0.84482
2130353,2,1,0.06816,0.71689,0.21494
2134536,2,2,0.00328,0.00715,0.98957
28309726,2,2,0.04101,0.34469,0.6143
29905530,2,2,0.02686,0.065,0.90814
11154005,1,1,0.02507,0.74344,0.23149
12825507,0,0,0.92419,0.05102,0.0248
19588226,2,1,0.18088,0.45951,0.35961
39046104,2,2,0.02385,0.11642,0.85972
2971715,1,1,0.26104,0.52221,0.21675
18894105,2,2,0.01399,0.07659,0.90942
14542879,2,2,0.04988,0.26849,0.68163
18079138,2,2,0.00098,0.01451,0.98451
38044337,2,2,0.01191,0.00772,0.98037
17381210,2,0,0.52477,0.12548,0.34975
6413530,2,2,0.00227,0.0203,0.97744
31155142,2,2,0.05935,0.08642,0.85423
9244461,2,2,0.29752,0.02972,0.67276
129794,2,2,0.00405,0.07003,0.92592
24891509,0,0,0.96602,0.02598,0.00799
17299538,2,2,0.00521,0.06406,0.93073
36673977,2,2,0.00233,0.0076,0.99007
39692133,2,2,0.24824,0.1887,0.56307
4420839,2,2,0.03007,0.17234,0.79759
27770268,0,0,0.91486,0.07588,0.00926
33530758,0,0,0.57283,0.10898,0.31819
30890383,2,0,0.36713,0.30006,0.33281
19315358,2,2,9e-05,0.01243,0.98748
34880063,2,1,0.04238,0.7254,0.23222
21200914,2,2,0.02196,0.17799,0.80006
15747875,2,2,0.0,0.00025,0.99975
14710717,2,2,0.02761,0.06979,0.90261
24947100,0,0,0.80998,0.10383,0.08619
2437819,2,2,0.01711,0.09886,0.88403
12565588,2,2,0.01438,0.09579,0.88983
1777440,2,1,0.34775,0.48479,0.16747
32342738,2,0,0.48261,0.13194,0.38545
34441951,1,2,0.24824,0.1887,0.56307
30094532,0,0,0.97358,0.02542,0.00101
28680386,1,0,0.94774,0.03982,0.01244
20127760,0,1,0.4604,0.53355,0.00605
6738494,0,0,0.50768,0.33298,0.15934
37956746,0,0,0.86206,0.13528,0.00266
3475963,2,1,0.24202,0.65221,0.10577
8851433,0,2,0.20576,0.13279,0.66145
7980489,2,1,0.26908,0.5447,0.18622
18044712,2,2,0.0019,0.01781,0.98029
31961312,0,0,0.61893,0.2345,0.14657
20327784,2,0,0.45989,0.42782,0.1123
778519,2,2,0.0037,0.01392,0.98239
37509303,2,2,0.03655,0.02889,0.93455
17354607,2,2,0.0149,0.23875,0.74636
16731222,2,2,0.29093,0.20937,0.4997
7651591,2,0,0.83047,0.06662,0.1029
15583745,1,0,0.65849,0.17013,0.17138
31412030,2,0,0.48755,0.09874,0.41372
34906308,2,2,0.00159,0.00985,0.98855
9317830,2,2,0.09466,0.01784,0.88749
8161739,2,2,0.16922,0.19427,0.63651
24694667,2,2,0.00176,0.00695,0.99129
5962616,2,2,0.0834,0.04792,0.86868
20218048,2,2,0.00421,0.03796,0.95783
27238250,2,2,0.27231,0.03726,0.69044
30597134,2,2,0.00468,0.03397,0.96135
18850595,2,2,0.1748,0.10261,0.72259
39726396,2,2,0.0,0.00042,0.99958
23208721,2,2,0.00041,0.0372,0.96239
31990220,2,2,0.00815,0.07288,0.91897
28362566,2,2,0.0,0.00025,0.99975
14096572,2,2,0.00116,0.0065,0.99234
16371769,2,2,0.00383,0.04802,0.94815
37708499,2,2,0.00749,0.0544,0.93811
14897377,0,1,0.14314,0.48209,0.37477
20510671,2,0,0.44295,0.12487,0.43218
21682451,2,2,0.01153,0.02836,0.9601
36261804,2,1,0.0611,0.6288,0.31009
32968618,2,1,0.09156,0.54794,0.3605
28500880,2,2,0.10953,0.2394,0.65107
29478039,0,0,0.97602,0.01068,0.01331
38886191,2,2,0.24204,0.1607,0.59727
19086461,2,2,0.01471,0.06493,0.92036
11401899,2,2,0.19805,0.11152,0.69043
16977053,2,2,0.00129,0.02988,0.96883
15568173,2,2,0.00861,0.02192,0.96947
17196022,2,2,0.03123,0.08049,0.88828
36897143,0,0,0.94681,0.05122,0.00196
40560277,0,1,0.01507,0.98059,0.00433
29343015,0,0,0.81053,0.16237,0.0271
8039653,2,2,0.00424,0.08551,0.91025
18788006,0,1,0.29852,0.65554,0.04593
13193360,0,0,0.62277,0.21558,0.16165
612408,2,1,0.03316,0.78635,0.18049
26565519,2,2,0.02961,0.08438,0.88601
3688753,2,2,0.43113,0.11175,0.45712
38018767,2,2,0.01566,0.22856,0.75578
36879116,2,2,0.00042,0.01657,0.98301
24295403,2,2,0.04463,0.40441,0.55096
27095554,0,0,0.47817,0.24332,0.27851
29718771,2,2,0.01119,0.01922,0.96959
6012342,2,2,0.1307,0.14787,0.72142
9591461,1,0,0.5566,0.27979,0.16361
34037690,2,2,0.0168,0.0599,0.9233
28397145,2,1,0.05444,0.64059,0.30497
10285127,0,1,0.20085,0.73041,0.06873
40028528,2,0,0.44447,0.26236,0.29318
8472910,2,2,0.00842,0.04564,0.94594
12663510,2,2,0.08871,0.10507,0.80622
381381,0,2,0.23039,0.26458,0.50503
40186834,2,2,0.03426,0.10444,0.8613
28216511,2,2,0.00216,0.03267,0.96517
16218373,2,2,0.13673,0.03578,0.82749
22059400,2,2,0.00966,0.05616,0.93418
8547024,0,0,0.53937,0.26597,0.19466
23528448,2,2,0.04651,0.15667,0.79682
3127642,2,0,0.65029,0.14046,0.20925
18919991,2,2,0.01241,0.0322,0.95539
16545994,2,2,0.07721,0.13729,0.7855
40085399,2,0,0.77199,0.14574,0.08227
27857328,0,0,0.63478,0.31687,0.04835
27096198,2,0,0.5655,0.1252,0.3093
32556218,2,2,0.16469,0.28457,0.55074
17414567,0,0,0.53193,0.35467,0.1134
3301530,2,2,0.0,0.00025,0.99975
31551060,1,1,0.08582,0.75374,0.16045
30091181,2,2,0.19085,0.20664,0.60251
1520278,2,2,0.0369,0.16584,0.79726
5291482,2,2,0.0,0.00013,0.99987
18033984,2,2,0.01093,0.46034,0.52873
8139894,2,2,0.00798,0.1476,0.84442
35815750,0,0,0.55282,0.30739,0.13979
32934985,2,2,0.06781,0.05769,0.8745
16440126,2,2,0.0312,0.02146,0.94734
18152684,1,1,0.39209,0.56094,0.04696
34172963,2,2,0.03804,0.45991,0.50206
26479302,2,2,0.00082,0.00394,0.99524
21732846,2,2,0.04086,0.32721,0.63193
20193640,2,2,0.02803,0.11876,0.85321
6330641,2,2,0.07713,0.02594,0.89693
22571492,0,0,0.74002,0.18359,0.07639
39482937,0,1,0.24407,0.42444,0.33149
28655747,2,0,0.50075,0.21954,0.27971
40069635,2,2,0.02019,0.04961,0.93021
21899089,2,2,0.00125,0.02102,0.97773
6258009,2,2,0.00454,0.00325,0.99221
14267953,2,0,0.50229,0.46858,0.02912
11220068,2,1,0.12478,0.60897,0.26625
38828925,2,2,0.02636,0.07107,0.90257
41310647,2,2,0.0264,0.04198,0.93161
23350955,2,2,0.02356,0.10543,0.87101
40487665,0,0,0.45227,0.40596,0.14177
35956057,2,2,0.08936,0.06097,0.84967
19120376,0,0,0.68157,0.20544,0.11299
22350082,2,2,0.31758,0.24167,0.44075
10380207,2,2,0.23215,0.17565,0.5922
37482544,0,0,0.78094,0.13132,0.08774
28973657,2,2,0.00277,0.02358,0.97365
16129202,2,2,0.04211,0.33068,0.62722
41504430,2,2,0.00218,0.03298,0.96484
4321429,2,1,0.218,0.46159,0.32041
2536310,2,2,0.00096,0.00459,0.99445
14067160,2,2,0.01932,0.01492,0.96576
13842981,2,2,0.01214,0.04077,0.94708
11009733,2,2,0.05455,0.04649,0.89896
25773074,2,2,0.00162,0.02427,0.97412
2082960,0,0,0.96254,0.0231,0.01437
6946510,2,2,0.00424,0.02355,0.97221
22730608,2,2,0.16468,0.21203,0.62328
30989747,1,1,0.15515,0.60426,0.24059
1480593,2,2,0.05514,0.08303,0.86183
19116809,2,2,0.04368,0.11225,0.84407
1316819,2,0,0.547,0.1602,0.2928
8667708,0,0,0.96881,0.03011,0.00108
14419175,2,2,0.0085,0.00644,0.98507
22010402,2,2,0.01499,0.03978,0.94523
9135644,2,2,0.06492,0.02656,0.90852
29809914,0,0,0.60827,0.29765,0.09408
30501432,2,2,0.03554,0.05605,0.90841
32384416,2,2,0.02525,0.01192,0.96283
19356891,2,2,0.08723,0.10019,0.81258
6104838,2,2,0.05112,0.20615,0.74273
30161996,0,0,0.83652,0.15909,0.00439
28479006,0,0,0.77953,0.20474,0.01573
11074378,0,0,0.89137,0.10063,0.008
18021746,2,2,0.01281,0.11159,0.87561
15001552,2,2,0.02415,0.05387,0.92198
3427514,2,2,0.02101,0.12005,0.85895
16988662,1,0,0.58164,0.40196,0.0164
28797996,2,2,0.06172,0.03302,0.90526
29637897,2,2,0.03115,0.02969,0.93916
19573910,2,2,0.08775,0.07144,0.8408
23250461,2,2,0.17445,0.22006,0.60549
7531209,2,2,0.0,0.00055,0.99945
3759601,2,2,0.01214,0.01975,0.96811
31440967,0,0,0.87688,0.10014,0.02298
13479818,2,2,0.00862,0.09878,0.8926
28425771,0,1,0.2037,0.75461,0.04169
19018376,1,2,0.01712,0.24456,0.73832
29095315,0,0,0.88597,0.10898,0.00505
4139186,2,2,0.32411,0.08263,0.59326
37687223,2,2,0.08989,0.12309,0.78702
33840276,2,2,0.22444,0.12102,0.65454
27437004,2,2,0.02332,0.09226,0.88441
40967912,0,0,0.82979,0.11665,0.05356
6869810,2,2,0.02939,0.09066,0.87995
38940145,0,0,0.73795,0.242,0.02005
12481656,2,2,0.08547,0.45041,0.46413
40450278,2,2,0.17429,0.12151,0.7042
35527969,2,2,0.20455,0.2626,0.53285
22496357,2,2,0.15736,0.20573,0.63691
36547865,0,0,0.86387,0.08988,0.04624
8115050,2,2,0.05883,0.0404,0.90077
15944454,0,0,0.73519,0.17433,0.09047
17999967,2,2,0.0964,0.17124,0.73236
35876347,2,2,0.01099,0.03386,0.95515
24764131,2,2,0.00314,0.01047,0.98638
33313177,2,0,0.42319,0.32373,0.25308
4282294,2,2,0.0105,0.04676,0.94274
37167491,2,0,0.69733,0.00417,0.2985
2643191,2,2,0.05317,0.02755,0.91928
10154668,0,0,0.96286,0.02608,0.01107
36986323,2,2,0.00563,0.21563,0.77874
17493539,0,0,0.98611,0.01256,0.00133
2120790,2,1,0.21528,0.51821,0.2665
18213635,2,2,0.00187,0.00408,0.99405
12736792,0,0,0.90247,0.07449,0.02304
15103829,2,2,0.05717,0.019,0.92382
36897345,0,0,0.49901,0.23902,0.26197
31469500,1,2,0.03573,0.44323,0.52104
11039664,2,2,0.04725,0.19186,0.76089
24889141,2,2,0.00451,0.07095,0.92453
39273465,2,2,0.07862,0.14798,0.77339
16399920,2,2,0.24916,0.01972,0.73112
15578692,2,2,0.00193,0.00634,0.99173
12764449,2,2,0.13531,0.26421,0.60049
12337220,2,2,0.00891,0.0739,0.91719
11547297,2,2,0.00437,0.00235,0.99328
1091483,2,1,0.28651,0.63181,0.08168
20454779,0,0,0.97336,0.02227,0.00437
10204030,2,2,0.008,0.01239,0.97961
2614833,2,2,0.00664,0.18704,0.80632
37187177,2,2,0.00166,0.01788,0.98046
9369261,2,2,0.01196,0.25945,0.7286
15366902,0,0,0.946,0.05381,0.00019
40485570,1,0,0.91924,0.06464,0.01612
1747166,2,2,0.06284,0.25062,0.68654
19224815,0,0,0.77782,0.0869,0.13528
18483099,2,2,0.00126,0.03349,0.96525
17117893,2,2,0.0081,0.03719,0.95471
41312757,2,2,0.05086,0.0393,0.90984
31909970,2,2,0.03534,0.24775,0.71691
32354489,0,0,0.81637,0.15664,0.02699
32849353,2,2,0.09777,0.22208,0.68015
6044522,2,1,0.13399,0.7601,0.10591
6807649,0,1,0.43001,0.5377,0.03229
10081867,0,0,0.87798,0.12093,0.00109
37133087,2,1,0.45147,0.52121,0.02731
21303043,2,2,0.02037,0.06383,0.9158
28766105,0,0,0.98428,0.01476,0.00096
38128215,2,2,0.00355,0.06321,0.93324
20699430,2,2,0.02649,0.07838,0.89513
11887769,2,2,0.00536,0.01946,0.97517
40787224,2,2,0.00056,0.03179,0.96765
14014404,2,2,0.0047,0.02189,0.97342
22543406,0,0,0.99584,0.00185,0.00232
2958050,2,2,0.00033,0.00227,0.9974
22094350,0,1,0.15056,0.66598,0.18345
2878403,2,2,0.00077,0.04976,0.94947
10276977,2,2,0.00675,0.05508,0.93817
29190141,0,0,0.84169,0.09423,0.06408
27845852,2,2,0.14934,0.40117,0.44949
26645196,0,0,0.93147,0.06617,0.00235
13653548,2,2,0.00012,0.00569,0.9942
22405477,2,2,0.04224,0.10246,0.8553
24075838,2,1,0.30316,0.4035,0.29334
27563576,2,2,0.28086,0.29859,0.42055
4298748,2,2,0.01943,0.07883,0.90173
9832144,2,0,0.55189,0.27224,0.17587
33871071,2,1,0.10383,0.71961,0.17656
15912702,2,2,0.02836,0.13801,0.83363
5263833,2,2,0.0016,0.01291,0.98548
10477696,2,0,0.85972,0.06296,0.07732
13889925,2,1,0.18706,0.44511,0.36782
35308935,2,2,0.00031,0.00564,0.99405
8662733,2,2,0.04989,0.07267,0.87744
14862474,2,2,0.01472,0.12418,0.8611
40886994,2,2,0.05935,0.03193,0.90872
10945514,2,2,0.03745,0.09921,0.86334
41097950,2,2,0.04697,0.25761,0.69542
2764981,2,2,0.14676,0.25595,0.59729
28444128,2,2,0.00497,0.0092,0.98583
33539967,0,0,0.70274,0.28754,0.00972
40042986,2,2,0.03642,0.03263,0.93095
11821919,2,2,0.13181,0.10773,0.76046
11476069,2,2,0.10477,0.35783,0.5374
40495681,2,2,0.00084,0.0448,0.95436
9044319,2,2,0.00931,0.11958,0.87111
7403373,2,2,0.0,0.00025,0.99975
16114494,0,1,0.33206,0.40173,0.26621
19020695,2,2,0.0141,0.06576,0.92014
37916812,2,2,0.0623,0.19535,0.74235
16538594,2,2,0.19803,0.04178,0.7602
14299983,2,2,0.01412,0.11944,0.86645
14544667,2,2,0.0242,0.15504,0.82076
6888844,2,1,0.12176,0.47139,0.40685
1281507,2,2,0.29607,0.26393,0.43999
31495581,2,1,0.40927,0.5684,0.02232
33867793,0,0,0.70709,0.18899,0.10392
24498497,0,2,0.38905,0.13654,0.47441
20471199,2,2,0.02213,0.1417,0.83617
12123018,2,2,0.039,0.1645,0.79651
29456293,2,2,0.1032,0.24432,0.65247
24827722,2,2,0.30643,0.13442,0.55915
26684360,0,0,0.85444,0.14416,0.00139
12540162,0,0,0.84822,0.14018,0.0116
2042113,2,1,0.38317,0.55044,0.06639
39569579,2,2,0.25345,0.29789,0.44866
10966023,2,2,0.13463,0.33573,0.52963
33474180,0,1,0.44404,0.45897,0.09699
19317628,2,2,0.00416,0.02479,0.97104
3546086,2,2,0.01135,0.09006,0.89859
6193484,2,2,0.0539,0.03317,0.91293
22423578,2,2,0.19833,0.31225,0.48941
27133630,2,1,0.03084,0.5555,0.41366
36014227,2,2,0.18487,0.23218,0.58295
13542263,2,2,0.00127,0.00608,0.99265
18911262,2,2,0.04073,0.05264,0.90664
8478385,2,2,0.04823,0.0487,0.90307
11287596,0,0,0.55954,0.38411,0.05635
26827334,2,2,0.01481,0.18568,0.79951
40875036,2,2,0.00617,0.03673,0.9571
15781002,0,0,0.99191,0.00605,0.00203
23639994,0,1,0.18427,0.49121,0.32452
25112180,1,1,0.37454,0.54385,0.08161
33205343,2,2,0.10413,0.11521,0.78066
28192914,2,2,0.0145,0.11327,0.87224
19507040,2,2,0.11399,0.30601,0.58
39853093,1,2,0.07795,0.24007,0.68198
11691671,0,0,0.56286,0.35853,0.07861
9709991,2,2,0.00878,0.072,0.91921
33553592,2,2,0.00867,0.15385,0.83748
28690898,2,2,0.06556,0.2298,0.70464
24031158,2,0,0.53195,0.0433,0.42475
25756344,2,2,0.02815,0.37328,0.59856
26266481,2,2,0.1018,0.06744,0.83075
5446866,2,2,0.00694,0.01684,0.97623
17231988,2,1,0.13046,0.72595,0.14359
40479909,2,2,0.00993,0.03284,0.95723
28034881,2,2,0.00421,0.02078,0.97501
2410934,2,2,0.25231,0.0737,0.67398
16733121,2,2,0.00178,0.00964,0.98858
2019072,2,2,0.01281,0.02761,0.95958
34337422,2,2,0.00066,0.00642,0.99292
14855274,2,2,0.00637,0.04483,0.9488
2005491,2,2,0.0374,0.03928,0.92332
29734184,2,2,0.0363,0.02099,0.94271
15585315,2,2,3e-05,0.00407,0.9959
20907398,2,1,0.24934,0.38947,0.36119
4547891,2,2,0.08722,0.06569,0.84709
13079525,2,2,0.00284,0.01186,0.9853
40629317,2,1,0.0831,0.8418,0.0751
7099003,2,2,0.02192,0.14335,0.83473
14525058,0,1,0.22239,0.70046,0.07715
26859074,0,0,0.58471,0.35881,0.05648
8600703,2,2,0.07608,0.04818,0.87574
4899622,0,0,0.53493,0.23608,0.229
26669909,2,1,0.26791,0.55102,0.18106
4136001,2,2,0.09533,0.10361,0.80106
15910410,0,1,0.11044,0.55503,0.33453
2995068,2,0,0.35106,0.34492,0.30402
16443115,2,2,0.14039,0.09138,0.76824
19732432,2,2,0.02408,0.03902,0.9369
37351702,2,2,0.00096,0.11927,0.87977
34480307,2,2,0.02346,0.29047,0.68607
28766447,2,2,0.00103,0.00421,0.99476
4698454,2,2,0.0082,0.00426,0.98754
28277865,2,2,0.00137,0.05293,0.94571
14844258,2,2,1e-05,0.00032,0.99967
32165116,2,2,0.00409,0.02944,0.96647
22151972,2,1,0.19084,0.52057,0.28859
22751484,2,2,0.00539,0.07441,0.92019
9221957,0,0,0.56877,0.4235,0.00773
33295888,0,0,0.4524,0.33539,0.21221
21368447,0,0,0.96512,0.03401,0.00087
3402781,1,1,0.30475,0.40456,0.29069
31332202,2,2,0.01285,0.22743,0.75972
1239928,2,2,0.03054,0.05381,0.91566
4663210,2,0,0.69018,0.11969,0.19013
4958550,2,2,0.08954,0.26126,0.6492
19188350,2,2,0.02713,0.13304,0.83983
28986321,1,1,0.25505,0.7198,0.02516
34749316,2,2,0.02192,0.07124,0.90683
15055763,2,2,0.01383,0.00834,0.97783
502260,2,2,0.00443,0.11888,0.87668
15819171,0,1,0.19269,0.72139,0.08592
9704558,2,2,0.0236,0.02811,0.9483
13503432,2,2,0.19579,0.07158,0.73263
2402909,2,2,0.00424,0.02283,0.97293
21949541,2,2,0.01228,0.00543,0.9823
10359944,2,2,0.00924,0.10217,0.88859
38726356,2,2,0.01321,0.0738,0.91299
13910668,2,2,0.08979,0.11609,0.79412
27097596,0,0,0.99397,0.00489,0.00114
7113119,2,2,0.14654,0.15681,0.69665
25668993,2,2,0.03418,0.03916,0.92666
17316828,2,2,0.05019,0.11481,0.835
32721728,2,2,0.00091,0.02327,0.97582
22030479,2,2,0.14743,0.28829,0.56428
25467346,0,1,0.3051,0.47826,0.21664
31182401,2,2,0.11087,0.21057,0.67857
14134718,2,2,0.16094,0.08402,0.75503
19615326,2,2,0.01277,0.08968,0.89755
39760909,2,2,0.01869,0.03128,0.95003
19722358,2,1,0.07641,0.46888,0.45471
14019540,2,1,0.41607,0.55201,0.03192
25010336,0,0,0.9391,0.05732,0.00358
32144661,2,0,0.76735,0.1368,0.09584
29213372,0,1,0.46488,0.49034,0.04478
9637364,2,1,0.22765,0.58721,0.18514
10743648,2,2,3e-05,0.00209,0.99788
4433830,1,2,0.32337,0.19797,0.47866
37831649,2,2,0.00329,0.02028,0.97644
22497317,2,2,0.02655,0.02982,0.94363
25576977,2,2,0.02377,0.19031,0.78591
24106191,2,2,0.00512,0.05176,0.94311
26718661,2,2,0.00111,0.01452,0.98437
34725022,0,1,0.10811,0.5267,0.36519
25141711,0,0,0.97405,0.02328,0.00267
18185917,2,2,0.00135,0.02159,0.97706
5066185,2,2,0.23646,0.10069,0.66285
28759121,0,0,0.49134,0.23405,0.27461
14436496,0,1,0.32369,0.60226,0.07406
21235437,2,2,0.00532,0.05318,0.9415
16098386,2,2,0.00643,0.14991,0.84366
13731129,0,0,0.76971,0.19153,0.03876
8666321,2,2,0.04465,0.05238,0.90297
5843244,2,2,0.03746,0.08774,0.87481
239247,2,2,0.0848,0.0922,0.823
3722183,2,2,0.03899,0.25591,0.7051
4623522,2,2,0.00707,0.03566,0.95727
35691823,0,0,0.72321,0.20792,0.06887
37082265,2,2,0.4576,0.05314,0.48925
16982560,2,2,0.00317,0.02379,0.97304
9760001,0,0,0.86221,0.10687,0.03092
26437631,2,2,0.00216,0.00209,0.99575
25321733,2,2,0.03859,0.03681,0.9246
31348724,1,1,0.30184,0.3531,0.34506
26408291,2,2,0.11294,0.33023,0.55684
29016962,2,2,0.0006,0.00204,0.99736
30880572,2,2,0.24704,0.29431,0.45865
34568663,1,2,0.02738,0.1626,0.81003
27822108,2,2,0.02309,0.21797,0.75894
33129902,2,2,0.26773,0.16202,0.57025
17338642,2,1,0.24844,0.66639,0.08517
29323007,0,0,0.79152,0.19423,0.01425
16160203,2,2,0.39315,0.14747,0.45938
25853609,2,2,0.02469,0.1236,0.85172
33081905,0,0,0.65185,0.25686,0.09129
13366402,0,0,0.96684,0.03138,0.00178
31908991,2,1,0.31587,0.34767,0.33646
24969287,0,0,0.93393,0.05422,0.01185
32559934,1,1,0.08502,0.79463,0.12035
16631801,2,2,0.03904,0.36623,0.59474
9989788,0,0,0.94468,0.05011,0.00521
11293910,2,2,0.01935,0.40308,0.57757
12044664,0,0,0.71513,0.25347,0.0314
7400504,2,2,0.01187,0.49342,0.49471
14930833,2,2,0.00037,0.00566,0.99396
9461359,2,2,0.17158,0.09221,0.73621
16164973,2,2,0.01818,0.00658,0.97523
3669114,2,2,0.355,0.0911,0.5539
6325903,0,0,0.57887,0.41281,0.00832
36800851,2,2,0.06378,0.24593,0.6903
31092778,2,2,0.00239,0.00622,0.99139
21442418,2,2,0.01631,0.0106,0.97309
31802983,0,0,0.8017,0.1944,0.0039
39262123,1,2,0.12138,0.35386,0.52476
38246658,2,2,0.00265,0.01314,0.98421
21176445,2,2,0.01819,0.03252,0.94929
22805924,1,0,0.70539,0.29257,0.00204
4954006,2,2,0.00364,0.01437,0.982
6700087,0,0,0.828,0.12532,0.04668
39641180,1,1,0.42952,0.53512,0.03535
20526689,0,0,0.89663,0.04407,0.0593
22065557,2,2,0.00081,0.03149,0.9677
35758344,2,2,0.14511,0.18203,0.67286
35959491,0,0,0.85548,0.13123,0.01329
31667556,1,0,0.78625,0.17751,0.03624
16677765,2,2,0.07654,0.02067,0.9028
29417472,2,2,0.00129,0.00019,0.99852
9346316,1,0,0.91592,0.05552,0.02856
13879540,2,2,0.03792,0.12491,0.83717
40659648,0,0,0.95981,0.01715,0.02304
4426393,2,2,0.00369,0.07686,0.91944
19370981,2,2,0.10296,0.26724,0.6298
35212479,2,2,0.06408,0.08962,0.8463
2603896,2,2,0.02197,0.11582,0.86222
5415697,2,1,0.09421,0.47035,0.43544
2314712,1,0,0.66799,0.17967,0.15234
16349864,2,2,0.03502,0.08159,0.88339
1675676,2,2,0.03601,0.38263,0.58137
10699302,2,2,0.0,0.00025,0.99975
22398305,2,2,0.0,0.00055,0.99945
14934053,2,2,0.00281,0.00992,0.98726
34205847,0,1,0.38472,0.51847,0.09681
26677724,2,2,0.104,0.07593,0.82007
15947281,2,2,0.13851,0.0279,0.83359
40269354,2,2,0.24824,0.1887,0.56307
3064375,2,2,0.01967,0.44605,0.53428
20510408,2,2,0.00086,0.0209,0.97824
20662906,2,2,0.12406,0.14965,0.72629
17864144,2,2,0.05902,0.25486,0.68612
18752505,2,2,0.02721,0.04645,0.92634
26400463,2,2,0.27699,0.21131,0.5117
32611027,0,1,0.14327,0.80241,0.05432
19201071,2,2,0.08634,0.33471,0.57895
35888890,1,0,0.57539,0.28737,0.13724
25801281,2,2,5e-05,0.0008,0.99914
15937974,2,1,0.02431,0.61037,0.36532
17507132,0,0,0.73719,0.14245,0.12036
23253726,2,2,0.00186,0.0332,0.96494
37659531,0,2,0.31568,0.23976,0.44456
15754233,2,1,0.02316,0.88327,0.09357
38766719,2,2,0.00061,0.00093,0.99846
2633322,2,1,0.1902,0.40946,0.40034
12401728,2,2,0.01907,0.10677,0.87416
11469308,2,2,0.00922,0.0979,0.89288
34616020,1,2,0.30656,0.31593,0.37752
13193249,2,2,0.01926,0.10844,0.8723
22384601,2,2,0.03658,0.09368,0.86974
18144636,2,2,0.04182,0.01682,0.94136
35508385,2,2,0.005,0.15038,0.84462
18568221,0,0,0.759,0.09857,0.14243
29511300,2,2,0.01699,0.16206,0.82095
30076357,2,2,0.14225,0.15261,0.70514
37245473,1,0,0.54843,0.35449,0.09708
38309776,2,2,0.03496,0.06808,0.89696
35149897,2,2,0.03364,0.15053,0.81583
28084219,2,2,0.05959,0.44493,0.49548
12577140,0,0,0.99013,0.00848,0.00139
20416597,2,2,0.00052,0.00428,0.9952
21165155,2,1,0.41924,0.45987,0.12088
39950985,0,0,0.92509,0.02682,0.04809
28260794,2,2,0.0085,0.06745,0.92405
41395303,2,2,0.03662,0.07488,0.88849
5713447,2,1,0.26154,0.58139,0.15706
11184826,1,0,0.47121,0.42178,0.10702
39071011,2,2,0.0062,0.00513,0.98867
7680497,2,2,0.00385,0.05544,0.94071
4551894,2,2,0.03926,0.29935,0.66139
454447,2,2,0.02001,0.06455,0.91544
40068739,2,2,0.11651,0.22791,0.65558
18471568,2,2,0.05099,0.1537,0.79532
5603100,1,0,0.60215,0.24266,0.15519
34502291,2,2,0.00098,0.03623,0.96279
29368397,2,2,0.00989,0.00573,0.98438
12108661,2,2,0.02027,0.06327,0.91646
6683868,0,0,0.47931,0.46716,0.05353
28676163,2,2,0.0146,0.31902,0.66638
29918147,2,2,0.00754,0.02947,0.96299
36245515,1,1,0.05338,0.48619,0.46043
39736642,2,2,0.28684,0.27073,0.44242
38488418,0,1,0.2882,0.68071,0.03109
14048738,2,2,0.00788,0.02283,0.96929
27341723,2,2,0.0293,0.0442,0.9265
22523746,2,2,0.01622,0.06653,0.91725
7745978,2,2,0.00159,0.02145,0.97695
8511038,2,2,0.02853,0.31618,0.65529
13818582,2,2,0.00387,0.01222,0.98391
3698358,0,1,0.11858,0.63545,0.24597
8916433,2,2,0.02726,0.06434,0.90841
39103481,0,0,0.9702,0.0266,0.0032
3315390,2,2,0.0095,0.01342,0.97708
8009738,2,2,0.00359,0.0471,0.94931
12692336,2,2,0.03242,0.05921,0.90837
24908940,2,2,0.08807,0.16979,0.74214
22471197,2,2,0.23393,0.06507,0.701
19969321,2,2,0.06445,0.14406,0.7915
37933964,2,0,0.74188,0.253,0.00511
3260140,2,2,0.263,0.15426,0.58275
31502744,2,2,0.00253,0.01009,0.98738
22151966,2,2,0.03724,0.0346,0.92817
36989814,2,2,0.02301,0.09541,0.88158
37429361,0,0,0.8241,0.08054,0.09536
4091067,0,0,0.55888,0.31467,0.12644
4439582,2,2,0.04345,0.14749,0.80905
21434123,0,0,0.96306,0.03307,0.00386
19126802,2,2,0.01483,0.06021,0.92496
15918669,2,2,0.00623,0.05113,0.94264
2206696,2,2,0.00825,0.00563,0.98612
15182926,2,2,0.09254,0.00917,0.89828
34003547,1,1,0.21631,0.73048,0.05321
16837420,2,2,0.0015,0.01133,0.98717
6402538,2,2,0.09817,0.04153,0.86029
14432966,0,0,0.92161,0.06012,0.01828
25620570,2,2,0.01006,0.0854,0.90454
20259576,2,2,0.21052,0.04486,0.74462
24314201,2,2,0.00187,0.05789,0.94025
35762029,2,2,0.00541,0.01325,0.98134
5921094,2,0,0.45349,0.2384,0.30812
10826606,2,2,0.00619,0.01286,0.98095
36077205,2,2,0.00274,0.01593,0.98133
36674570,0,0,0.54169,0.41366,0.04466
28875842,2,2,0.09465,0.14088,0.76447
3524594,2,1,0.23356,0.64767,0.11877
2140654,1,1,0.09374,0.75796,0.1483
34184696,2,2,0.05534,0.03447,0.91019
41316029,1,1,0.03077,0.74368,0.22556
5827039,0,0,0.8758,0.11184,0.01236
35593682,2,2,0.00061,0.02429,0.9751
26533089,2,2,0.34364,0.0673,0.58906
9778259,1,1,0.25605,0.70294,0.04101
22568400,2,2,0.0205,0.07446,0.90504
14618902,0,0,0.91317,0.03959,0.04724
1893572,2,0,0.6723,0.28461,0.04309
34710728,1,1,0.05959,0.84063,0.09977
19418969,2,0,0.48058,0.14903,0.37039
39059664,0,0,0.7013,0.23739,0.0613
16209965,0,0,0.61858,0.22665,0.15477
24638091,1,1,0.46892,0.50584,0.02525
18350285,2,2,0.03168,0.15948,0.80884
22104739,0,0,0.68622,0.28602,0.02777
32570853,0,0,0.69366,0.25854,0.0478
37265293,2,2,0.01078,0.06984,0.91938
1694203,2,2,0.00933,0.01389,0.97678
28407262,2,2,0.05541,0.10855,0.83604
31603205,0,0,0.75897,0.20068,0.04035
9203977,2,2,0.15666,0.04841,0.79493
29759409,2,2,0.01887,0.07072,0.91041
26564444,0,0,0.64496,0.33039,0.02465
18544681,0,1,0.48297,0.50043,0.0166
8092800,2,1,0.13724,0.70587,0.15689
24274958,2,2,0.03332,0.10085,0.86583
21983387,2,2,0.35189,0.04017,0.60794
21153231,2,2,0.07612,0.12671,0.79717
24510685,2,2,0.06702,0.04692,0.88606
3795677,2,1,0.29497,0.57767,0.12736
20088475,2,2,0.049,0.05791,0.89308
14851270,2,2,0.03054,0.07053,0.89893
3438029,2,2,0.00324,0.0133,0.98346
7711226,2,2,0.00113,0.0116,0.98726
5252148,0,1,0.15607,0.75281,0.09112
28720321,0,0,0.97654,0.0207,0.00275
31267018,2,2,0.1626,0.12798,0.70942
1656739,2,2,0.09526,0.29088,0.61386
31522062,2,2,0.00542,0.0062,0.98838
32593237,2,0,0.53365,0.23613,0.23022
15491341,0,0,0.8419,0.13209,0.02602
33003748,2,0,0.56384,0.37879,0.05737
3993950,2,2,0.0228,0.01014,0.96706
24346793,2,2,0.02049,0.00242,0.97709
35717491,2,2,0.00886,0.02253,0.96861
37388199,2,1,0.16729,0.53349,0.29922
39026497,0,0,0.97134,0.02386,0.0048
40860783,0,0,0.94441,0.04847,0.00712
14956448,2,2,0.00867,0.02911,0.96222
6258943,0,0,0.96922,0.0229,0.00788
27989413,0,0,0.70118,0.11618,0.18264
26941386,2,2,0.15768,0.20352,0.63881
27931225,2,2,0.03715,0.1422,0.82065
29273006,0,1,0.20183,0.70147,0.09669
18300192,1,0,0.72589,0.25744,0.01667
16146268,0,0,0.86341,0.13298,0.00361
12869114,2,2,0.02973,0.07552,0.89475
27737126,2,0,0.96155,0.03691,0.00154
2406022,2,2,0.00121,0.00659,0.99219
23628058,0,0,0.79161,0.09942,0.10897
27697755,0,0,0.6195,0.28454,0.09595
16966527,0,0,0.74299,0.17279,0.08421
29555718,0,0,0.61019,0.32724,0.06257
37660534,2,2,0.02361,0.20703,0.76936
1460163,2,2,0.01666,0.01096,0.97237
26260174,2,2,0.00767,0.12072,0.87161
13876378,1,0,0.60264,0.35905,0.03831
26499983,2,2,0.00172,0.24024,0.75804
27910552,2,0,0.66345,0.124,0.21255
33528014,0,0,0.88424,0.11084,0.00492
13388474,2,2,0.03226,0.01858,0.94915
4712610,0,0,0.57339,0.28535,0.14126
39666161,2,2,0.00115,0.01268,0.98617
29808693,1,2,0.25079,0.10367,0.64554
38440567,0,0,0.95191,0.03624,0.01185
35851,2,2,0.00376,0.00564,0.9906
334569,2,2,0.01966,0.09171,0.88863
36967599,2,2,0.00557,0.02422,0.97021
40224217,0,0,0.97432,0.01981,0.00587
19513408,2,1,0.07911,0.57042,0.35047
14588012,2,2,0.10083,0.44638,0.45279
34842045,2,2,0.00079,0.00233,0.99688
40478536,0,1,0.16933,0.7039,0.12678
40213040,2,2,0.0032,0.04876,0.94803
32890989,2,2,0.00931,0.00834,0.98235
7891015,2,2,0.15577,0.06325,0.78098
29856686,2,2,0.43814,0.08125,0.48061
884593,2,2,0.0016,0.00664,0.99176
20623633,2,1,0.13248,0.60996,0.25756
36688567,2,2,0.00061,0.01307,0.98632
22250111,0,0,0.61967,0.14738,0.23295
37364821,2,2,0.05233,0.19352,0.75415
36873992,0,0,0.91169,0.07771,0.01061
4989617,2,2,0.07396,0.24505,0.68099
17750296,0,0,0.75354,0.24398,0.00248
1649836,2,2,0.07787,0.31357,0.60856
10345026,0,0,0.52698,0.45926,0.01375
19586290,2,2,0.02741,0.06412,0.90847
6547313,0,0,0.95819,0.03879,0.00302
15919161,2,2,0.01551,0.02831,0.95619
8665848,2,2,0.04202,0.22849,0.72948
26106247,0,0,0.59195,0.12948,0.27856
36398411,0,0,0.80443,0.13082,0.06475
36238241,0,0,0.96178,0.03331,0.00492
37552699,0,0,0.39297,0.36915,0.23788
21835479,2,2,0.00531,0.02139,0.9733
1873959,1,2,0.03145,0.29097,0.67758
8206596,2,2,0.17381,0.0485,0.77769
22398639,2,2,0.06269,0.07539,0.86192
4607523,2,2,0.00025,0.00231,0.99744
35405605,0,0,0.72609,0.26638,0.00754
20599487,2,2,0.13932,0.42716,0.43352
12914806,2,2,0.06288,0.04829,0.88883
36966395,2,2,0.00027,0.00272,0.99701
8205595,2,2,0.00433,0.0322,0.96347
33975670,2,0,0.69893,0.2062,0.09487
16761374,2,2,0.00455,0.06312,0.93233
34170550,2,2,0.00292,0.00981,0.98727
26688393,2,2,0.08058,0.02548,0.89394
8295847,2,2,0.07743,0.24312,0.67945
7114207,2,2,0.02403,0.04515,0.93082
10697184,2,2,0.05165,0.12735,0.821
33454691,2,2,0.00488,0.10017,0.89495
35606509,2,2,0.14107,0.11561,0.74332
9158302,0,0,0.90439,0.09434,0.00127
28722154,2,2,0.44615,0.0797,0.47415
8833747,2,2,0.01116,0.02791,0.96093
4252177,2,1,0.00646,0.76457,0.22897
35968207,2,1,0.00981,0.57402,0.41617
35927605,0,0,0.65212,0.24302,0.10486
19112019,0,0,0.86549,0.12954,0.00497
12752379,0,0,0.65233,0.15291,0.19476
5537655,0,1,0.19311,0.51885,0.28804
4916583,2,2,0.0148,0.01498,0.97021
14922557,2,2,0.00657,0.03031,0.96313
6859753,1,0,0.83326,0.15615,0.01059
15382825,0,0,0.8312,0.16224,0.00656
37827131,2,2,0.3776,0.03796,0.58444
31361657,2,2,0.00051,0.07553,0.92396
24521586,2,2,0.30067,0.03381,0.66552
25560015,2,1,0.20882,0.44486,0.34631
40046114,0,0,0.74724,0.22748,0.02528
38340688,2,2,0.24824,0.1887,0.56307
38366865,2,2,0.40804,0.10128,0.49068
23540777,2,2,0.00164,0.00518,0.99317
31914073,0,2,0.05825,0.26494,0.67681
33510673,2,0,0.6007,0.35919,0.04011
34679031,2,2,0.00112,0.02161,0.97727
40166589,2,2,0.00198,0.00722,0.99081
32982803,0,1,0.42098,0.54004,0.03898
1489756,2,2,0.0066,0.06362,0.92978
40378676,0,0,0.98865,0.00664,0.0047
22119175,2,2,0.32192,0.21122,0.46686
1878886,2,1,0.32783,0.39676,0.27541
8959378,2,2,0.0232,0.27149,0.70531
31416493,2,2,0.00351,0.09434,0.90215
5829320,2,2,0.0119,0.02936,0.95874
26807982,2,2,0.02037,0.04139,0.93824
32100648,0,0,0.94516,0.0114,0.04344
8282324,2,2,0.00826,0.02127,0.97047
33883301,0,0,0.92965,0.04807,0.02228
34326512,2,2,0.02202,0.02723,0.95075
15900889,2,2,0.04852,0.02985,0.92163
31170513,2,2,0.00929,0.01985,0.97086
36683857,2,1,0.40298,0.57434,0.02269
13096553,2,2,0.00155,0.00983,0.98862
3544684,2,2,0.05441,0.02291,0.92267
32764153,2,2,0.10345,0.24932,0.64723
10655660,2,2,0.03145,0.33814,0.63042
24346220,2,2,0.03805,0.05802,0.90393
38648150,2,2,0.17835,0.0855,0.73615
13154725,1,1,0.15061,0.76143,0.08796
25762315,2,2,0.03199,0.06859,0.89942
5147250,2,2,0.00581,0.07969,0.9145
26094420,2,1,0.01947,0.96718,0.01335
35920720,2,2,0.0246,0.02063,0.95478
19507715,0,0,0.75466,0.23959,0.00575
1117361,1,1,0.20177,0.74434,0.0539
39513820,2,2,0.32527,0.12012,0.55461
5191537,2,2,0.02048,0.02853,0.95099
4740005,2,2,0.00633,0.01667,0.977
2327166,2,2,0.01407,0.04575,0.94018
13726684,2,2,0.25738,0.20313,0.53949
19171887,0,0,0.76634,0.23228,0.00138
15451381,2,2,3e-05,0.00209,0.99788
20335144,2,2,0.03464,0.04649,0.91887
30324381,2,2,0.00184,0.00555,0.99261
40196210,2,2,0.01567,0.00674,0.97759
12329001,2,2,0.02175,0.03975,0.9385
11887369,0,0,0.96656,0.01583,0.01761
12325488,2,2,0.04297,0.01145,0.94558
12411808,2,2,0.00665,0.31179,0.68156
24365649,2,2,0.01835,0.18871,0.79295
22764685,2,2,0.28035,0.18173,0.53793
28663698,2,0,0.66138,0.27545,0.06317
37036459,2,2,9e-05,0.01243,0.98748
28196463,2,2,0.00355,0.01449,0.98196
31873249,0,0,0.47298,0.3777,0.14931
550819,1,1,0.40592,0.44987,0.14421
4429491,1,1,0.0672,0.57183,0.36097
21644662,0,0,0.7309,0.25737,0.01173
6099377,2,2,0.03364,0.03444,0.93192
10951473,2,2,0.0324,0.0948,0.8728
3719733,2,2,0.00998,0.01477,0.97525
6000078,2,2,0.04151,0.09136,0.86713
26268640,2,2,0.03022,0.41016,0.55962
40268688,2,2,0.0353,0.24995,0.71475
40216204,0,1,0.32947,0.4832,0.18733
8457315,2,2,0.34758,0.16701,0.48541
31584244,0,0,0.9272,0.02754,0.04526
26984092,0,0,0.7681,0.17078,0.06112
23192712,2,2,0.07401,0.20932,0.71667
18950839,2,2,0.04393,0.12095,0.83512
12827710,2,2,0.12286,0.04712,0.83002
40086500,0,0,0.99127,0.00663,0.0021
7698070,2,2,0.22815,0.20783,0.56402
8755388,2,2,0.00051,0.07553,0.92396
10695593,2,2,0.01976,0.03183,0.94841
22173916,2,2,0.00774,0.21952,0.77274
23073752,2,2,0.01426,0.16363,0.82211
37385139,2,2,0.00994,0.02544,0.96462
18529209,2,2,0.00636,0.07325,0.92039
9566553,2,2,0.04894,0.2394,0.71166
34704437,2,2,0.01513,0.01178,0.97309
16631954,2,2,0.00955,0.01936,0.9711
11768327,0,2,0.38831,0.19168,0.42001
16534764,2,2,0.05839,0.0467,0.89491
28992689,0,1,0.27358,0.53689,0.18953
17267698,2,2,0.00457,0.00412,0.9913
6778438,2,2,0.04032,0.03571,0.92397
37640934,2,2,0.02745,0.18115,0.79141
4629566,2,2,0.02371,0.06306,0.91323
15505304,0,1,0.3156,0.67147,0.01293
11012591,0,0,0.74526,0.25217,0.00257
37446028,2,2,0.01403,0.30417,0.6818
26994940,2,2,0.27704,0.05391,0.66905
33328017,2,2,0.00286,0.00554,0.99159
11866809,2,2,0.01503,0.07878,0.90619
14817649,2,2,0.15112,0.03221,0.81666
884193,2,2,0.32722,0.29574,0.37704
13841304,2,2,0.03658,0.1949,0.76852
35118813,2,2,0.0928,0.08703,0.82017
36864833,0,0,0.99304,0.00658,0.00037
29813286,2,2,0.06489,0.45332,0.48179
23849833,2,2,0.07258,0.24813,0.67929
15236639,2,2,0.06002,0.33122,0.60876
8566899,0,0,0.98105,0.0119,0.00704
1093257,2,0,0.57944,0.18564,0.23492
10509009,2,2,0.00982,0.02387,0.96631
22014506,2,2,0.04835,0.02829,0.92336
1756698,2,2,0.11971,0.12843,0.75186
29731077,2,2,0.1989,0.06028,0.74081
35658331,1,0,0.76302,0.12041,0.11658
19575804,2,2,0.1123,0.23973,0.64797
8199161,2,1,0.02696,0.54312,0.42992
4887252,0,0,0.86068,0.11164,0.02768
22075703,1,1,0.31748,0.63345,0.04906
23649060,0,0,0.87482,0.07858,0.0466
16167526,0,0,0.81237,0.14119,0.04644
31085295,2,2,0.06005,0.01666,0.92329
40176841,0,0,0.97943,0.01394,0.00663
32760530,0,0,0.92646,0.04143,0.03211
26016001,0,2,0.01202,0.08641,0.90157
36259406,2,2,0.15884,0.08589,0.75527
9709152,2,2,0.00233,0.04101,0.95666
35947922,0,0,0.88736,0.05707,0.05557
6630,1,1,0.03558,0.87234,0.09209
11891243,0,1,0.09716,0.84261,0.06023
4313802,2,2,0.00141,0.0332,0.96539
3341955,2,2,0.03005,0.01317,0.95678
6279222,1,2,0.32432,0.2853,0.39038
1409170,2,2,0.22433,0.09814,0.67753
33184386,2,1,0.25961,0.56061,0.17979
35536554,2,2,1e-05,2e-05,0.99997
36989943,2,2,0.07646,0.0157,0.90785
20592695,2,2,0.22368,0.36485,0.41147
30392758,2,2,0.01838,0.00905,0.97257
37699139,2,2,0.00301,0.00725,0.98974
2767308,0,0,0.96754,0.0317,0.00076
25932282,2,2,0.00969,0.14766,0.84266
32499615,2,2,0.00727,0.05177,0.94096
14806354,2,1,0.00922,0.74634,0.24444
21108275,0,0,0.4983,0.45723,0.04447
6896454,2,2,0.04501,0.09596,0.85902
23341667,2,2,0.00145,0.00187,0.99668
22881488,2,2,0.01339,0.11871,0.86789
40681675,2,2,0.01402,0.0705,0.91549
4259705,2,2,0.01461,0.07215,0.91324
13543343,0,0,0.74317,0.2277,0.02913
31941795,1,1,0.2123,0.76463,0.02307
19374206,2,0,0.76215,0.16323,0.07462
5886390,1,0,0.91515,0.05272,0.03213
6019280,1,1,0.03821,0.78265,0.17914
12995036,2,2,0.00039,0.0059,0.99371
31157092,2,2,0.00172,0.24024,0.75804
28307852,2,2,0.02563,0.0156,0.95877
19487795,2,2,0.08091,0.14638,0.77271
28174244,2,2,0.07348,0.05404,0.87248
25100442,2,2,0.26211,0.20552,0.53237
8758137,2,1,0.10927,0.65538,0.23535
32840213,2,2,0.21988,0.38115,0.39896
4897400,0,0,0.65456,0.33279,0.01265
34999259,2,2,0.002,0.00436,0.99363
14875799,2,1,0.37384,0.57365,0.05251
20950645,2,0,0.35991,0.30494,0.33514
21566711,0,0,0.61261,0.25248,0.13491
9096739,2,2,0.00446,0.00376,0.99178
24718021,2,2,0.0043,0.01387,0.98183
32671864,2,2,0.02404,0.01989,0.95607
10288759,2,2,0.00465,0.03962,0.95573
38921551,2,2,0.30541,0.14043,0.55416
2001523,1,0,0.60761,0.37701,0.01538
34165481,2,1,0.16646,0.70626,0.12728
8578027,1,1,0.06968,0.72472,0.2056
2113965,0,0,0.70002,0.18548,0.11449
29923991,0,0,0.81315,0.1594,0.02744
715004,1,1,0.16958,0.72005,0.11037
5271854,2,2,0.01169,0.01042,0.97788
9802889,2,2,0.01989,0.08119,0.89892
27634098,0,0,0.48882,0.16423,0.34695
31353641,2,1,0.24206,0.55422,0.20372
8382948,2,2,0.03079,0.04314,0.92607
24845742,2,2,0.01914,0.11053,0.87033
17176443,2,2,0.00767,0.12894,0.8634
40310043,2,2,0.12902,0.10208,0.7689
710922,2,1,0.1987,0.58407,0.21723
35708668,0,0,0.75816,0.19469,0.04715
9743578,0,1,0.3463,0.45562,0.19809
3222563,2,2,0.00142,0.02274,0.97584
23102548,2,2,0.18797,0.07944,0.73259
33902994,2,2,0.0014,0.00962,0.98898
20352468,2,2,0.20013,0.06861,0.73126
22746432,2,2,0.02617,0.08476,0.88907
22645667,2,2,0.00421,0.01873,0.97706
4391168,0,1,0.07659,0.77188,0.15153
25719415,2,2,0.17068,0.22913,0.60019
18563286,2,2,0.01533,0.22548,0.75919
16432679,0,1,0.41173,0.42662,0.16166
35517232,2,2,0.01246,0.07963,0.9079
37027376,2,2,0.00046,0.00259,0.99695
30183965,2,2,0.03443,0.10267,0.86291
5568898,2,2,0.00502,0.06042,0.93456
3619103,2,2,0.00755,0.02277,0.96968
402543,2,2,0.0348,0.04952,0.91568
4332114,2,2,0.01303,0.01693,0.97004
6999966,2,2,0.04517,0.11491,0.83992
5145038,2,1,0.06582,0.46736,0.46682
26180654,2,2,0.14162,0.2686,0.58978
5866509,0,0,0.77111,0.22789,0.001
8327389,2,0,0.48914,0.35213,0.15874
16493517,2,2,0.00315,0.05654,0.94031
7841411,2,2,0.03944,0.08395,0.87661
37930680,0,0,0.78028,0.18952,0.03019
31176025,2,2,0.0911,0.04488,0.86401
40532307,0,2,0.04617,0.12651,0.82732
28502051,0,0,0.49785,0.46304,0.0391
10627219,2,2,0.18552,0.3179,0.49658
3026592,2,2,0.00557,0.3232,0.67123
26931610,0,0,0.98734,0.01101,0.00164
12097196,2,2,0.00614,0.01309,0.98077
12407727,2,2,0.00597,0.02065,0.97338
16767719,2,2,0.00157,0.00936,0.98907
31255360,2,2,0.06909,0.04369,0.88722
739376,2,2,0.20334,0.0199,0.77677
28934484,2,2,0.03106,0.04626,0.92267
8958647,1,1,0.35382,0.51992,0.12626
29508348,0,0,0.4823,0.33712,0.18057
10028030,0,0,0.63705,0.33487,0.02808
33649499,2,2,0.00371,0.01932,0.97697
9201549,2,2,0.0181,0.01756,0.96433
5738822,2,2,0.02471,0.03237,0.94292
23049227,2,2,0.00109,0.01292,0.98598
39750670,2,0,0.51328,0.02214,0.46458
16098450,0,0,0.51917,0.46763,0.0132
31042983,2,2,0.04346,0.13436,0.82218
11075117,2,0,0.35786,0.28771,0.35442
10996910,2,2,0.00719,0.02732,0.9655
19729498,2,2,0.00118,0.00761,0.9912
4477803,2,2,0.02831,0.09649,0.87519
15748498,2,2,0.13284,0.19141,0.67575
9261290,0,0,0.48584,0.48245,0.03171
27919096,2,2,0.00683,0.00265,0.99052
37330987,2,2,0.14015,0.22335,0.6365
33792698,2,2,0.24824,0.1887,0.56307
35398810,2,2,0.04468,0.14485,0.81047
7238923,2,2,0.02384,0.08007,0.8961
14307544,0,1,0.29012,0.39092,0.31896
2182567,0,0,0.8503,0.10738,0.04232
18330120,2,2,0.01263,0.01983,0.96754
23046632,1,0,0.58674,0.16955,0.24372
18853728,0,0,0.92643,0.051,0.02256
39818240,0,0,0.89213,0.09567,0.01221
36214021,2,2,0.00645,0.13795,0.8556
1788110,2,2,0.10548,0.00633,0.88819
4766627,2,2,0.04229,0.12657,0.83114
28124245,1,1,0.25175,0.62515,0.1231
9532451,0,0,0.98043,0.01645,0.00312
32366899,0,0,0.71281,0.26807,0.01912
4187748,2,2,0.08003,0.41063,0.50934
33130782,2,2,5e-05,0.00029,0.99967
41256046,2,2,0.13624,0.06084,0.80292
27484380,0,1,0.42476,0.46668,0.10856
34585283,0,0,0.63867,0.34494,0.01639
2835636,2,2,0.02205,0.02139,0.95656
15473417,2,2,0.06965,0.04749,0.88286
31728838,2,2,0.00179,0.01354,0.98467
23080711,0,1,0.28541,0.45699,0.25761
24697557,2,0,0.72613,0.2315,0.04238
14796084,1,2,0.11357,0.20726,0.67917
9748001,2,2,0.05478,0.17377,0.77145
36862941,2,2,0.00889,0.06669,0.92443
19028224,2,2,0.0385,0.09502,0.86648
20968784,2,2,0.01595,0.09912,0.88493
17490782,2,1,0.3094,0.39881,0.29179
6133711,2,2,0.01473,0.02913,0.95614
6947012,2,2,0.0121,0.3185,0.6694
294702,1,0,0.46148,0.30718,0.23133
18035348,2,2,0.03555,0.0941,0.87035
31493137,0,1,0.14317,0.83886,0.01797
22209801,2,2,0.04226,0.06303,0.8947
25216533,2,2,0.15172,0.20271,0.64557
20791412,2,2,0.00036,0.0098,0.98984
11797882,2,2,0.01726,0.02267,0.96006
35598511,0,0,0.94821,0.04601,0.00578
33733115,1,1,0.10322,0.87403,0.02275
307957,0,0,0.9433,0.05055,0.00615
636141,2,2,0.00553,0.05766,0.93681
11581151,1,1,0.12305,0.85893,0.01802
19352818,0,0,0.46263,0.29501,0.24236
1246567,2,2,0.08137,0.32077,0.59786
27541575,0,0,0.87845,0.11212,0.00942
24382829,1,1,0.07275,0.81824,0.109
3813476,2,2,0.05851,0.24481,0.69668
21436992,2,2,0.14129,0.04409,0.81462
36384228,2,2,0.00061,0.01307,0.98632
27328477,2,2,0.00154,0.02349,0.97498
5498939,2,2,0.02345,0.08718,0.88937
19595503,2,2,0.00034,0.00301,0.99665
11105005,2,1,0.09149,0.45525,0.45326
26886712,2,2,0.01443,0.05815,0.92742
17750166,1,0,0.54639,0.40542,0.04819
28096565,2,2,0.05302,0.04624,0.90074
23360725,0,0,0.7778,0.11495,0.10725
38336064,2,2,0.36885,0.09358,0.53758
8110841,0,1,0.42965,0.4567,0.11364
37167757,1,2,0.17,0.23782,0.59218
17593546,2,2,0.00326,0.00456,0.99218
10422650,2,2,0.01518,0.02637,0.95845
9307018,1,1,0.13648,0.83727,0.02625
86007,2,2,0.13535,0.13572,0.72892
858782,2,2,0.00146,0.00346,0.99508
41129235,2,2,0.00012,0.16365,0.83622
11230658,2,2,0.05212,0.10967,0.83821
5597697,2,2,0.11832,0.04986,0.83182
8204452,1,1,0.13971,0.62895,0.23134
1745182,2,2,0.01425,0.04035,0.9454
1205079,2,2,0.01931,0.0052,0.97548
4421312,2,2,0.01189,0.05725,0.93086
13897607,2,2,0.31687,0.31383,0.36929
30006642,2,2,0.00527,0.00647,0.98826
9333818,2,2,0.26087,0.19339,0.54574
17696511,2,2,0.03779,0.0061,0.95611
29881498,0,0,0.94766,0.03746,0.01487
14905966,2,2,0.00163,0.01538,0.98299
32190326,2,2,0.00027,0.00176,0.99797
24203215,2,2,0.1457,0.33161,0.52269
28914551,2,0,0.77933,0.11927,0.10141
35253258,2,2,0.00054,0.00218,0.99728
23133313,0,0,0.57733,0.35749,0.06518
35729585,2,2,0.01346,0.05811,0.92842
22078537,2,2,0.00169,0.02011,0.9782
32557266,0,0,0.88326,0.11172,0.00502
8809941,1,1,0.05097,0.50629,0.44275
6093423,2,2,0.00201,0.20456,0.79343
17859449,2,2,0.10109,0.07838,0.82052
39404819,2,2,0.36249,0.12057,0.51694
40048103,0,0,0.73534,0.26131,0.00335
38972299,1,2,0.22908,0.26741,0.5035
40385868,2,2,0.00061,0.01307,0.98632
23845105,2,2,0.06265,0.45854,0.47881
39440162,2,2,0.00775,0.04499,0.94726
2156100,2,2,0.22548,0.10087,0.67365
7778533,0,0,0.78033,0.14204,0.07763
19885789,2,2,0.00598,0.0243,0.96972
26958197,0,0,0.55927,0.36503,0.0757
28914741,2,2,0.1798,0.09037,0.72983
16348011,1,1,0.44133,0.46932,0.08935
31494270,2,1,0.26038,0.5379,0.20172
37993372,2,2,0.11344,0.08225,0.80431
4637815,2,2,0.02739,0.03956,0.93305
18480671,2,1,0.2301,0.63303,0.13686
7559147,0,1,0.08778,0.85891,0.0533
4766942,2,2,0.0169,0.06491,0.91819
27489225,2,2,0.06282,0.14653,0.79065
4989939,2,2,0.09677,0.20897,0.69426
259775,2,2,0.0366,0.06071,0.90268
26764125,2,1,0.16437,0.7298,0.10583
20791504,2,2,0.02192,0.06521,0.91288
17844371,2,2,0.00027,0.00288,0.99684
5899637,2,2,0.0373,0.06732,0.89538
6461669,2,2,0.00286,0.00851,0.98863
8820603,2,2,0.1262,0.22346,0.65034
20939114,2,2,0.01712,0.06206,0.92082
31404082,0,2,0.26115,0.12607,0.61278
11064345,2,2,0.0028,0.00649,0.99071
30936468,2,2,0.11673,0.32025,0.56302
4532713,2,2,0.43973,0.06031,0.49997
19989100,2,2,0.02306,0.0131,0.96384
19094900,2,2,0.11789,0.11532,0.76679
8483768,0,0,0.4808,0.3447,0.1745
32676278,2,2,0.26644,0.1559,0.57767
2591534,2,2,0.38865,0.08485,0.5265
16532356,2,2,0.38873,0.06719,0.54408
17562974,2,2,0.219,0.03151,0.7495
11104095,2,1,0.1448,0.4782,0.377
22564598,2,2,0.24824,0.1887,0.56307
36802005,2,2,0.0006,0.00472,0.99468
27635457,0,0,0.94527,0.05462,0.00011
10515259,2,2,0.00512,0.03226,0.96263
11016228,2,2,0.0009,0.00978,0.98932
37646606,0,0,0.79064,0.20745,0.00191
5995708,2,2,0.00487,0.03279,0.96235
18928259,1,0,0.51473,0.16886,0.31642
19612517,0,0,0.89449,0.06149,0.04402
15474276,2,2,0.06816,0.07522,0.85663
39946797,2,1,0.15725,0.55886,0.28388
14898101,0,0,0.85245,0.14122,0.00633
36918872,0,0,0.67852,0.31378,0.00771
28116461,2,2,0.00718,0.05043,0.9424
18368928,2,2,0.00088,0.01758,0.98154
33395868,2,2,0.00018,0.00313,0.99668
14879516,2,2,0.00153,0.03899,0.95949
36123624,2,2,0.00813,0.04755,0.94432
38184692,2,2,0.01489,0.21073,0.77438
24036495,2,2,0.20529,0.08749,0.70723
19845525,0,0,0.8041,0.07596,0.11994
2134080,2,2,0.02682,0.05486,0.91832
17779063,2,2,0.00693,0.01868,0.97439
8113328,2,2,0.02001,0.09987,0.88012
4415254,2,2,0.0142,0.0117,0.9741
22156143,2,1,0.06783,0.85406,0.07811
15170330,2,2,0.00278,0.03137,0.96585
19611926,0,0,0.8737,0.12051,0.00579
11057969,2,2,0.00152,0.03141,0.96707
14131428,2,2,0.05356,0.39309,0.55335
8940409,2,2,0.09323,0.13104,0.77573
19790101,2,2,0.10458,0.06571,0.82971
30247356,0,1,0.41078,0.55016,0.03905
14013760,0,1,0.28435,0.51927,0.19638
7716280,2,2,0.00891,0.00956,0.98153
40871174,2,2,0.01634,0.20923,0.77443
8667162,2,2,0.38309,0.1161,0.50081
3145798,2,2,0.13586,0.26484,0.5993
4692047,2,2,0.03236,0.14903,0.81861
17993949,1,1,0.27951,0.59635,0.12414
27030927,1,0,0.66884,0.22762,0.10354
14962589,2,2,0.00401,0.01676,0.97923
40474747,0,1,0.20096,0.68552,0.11353
23650917,2,2,0.00945,0.0589,0.93165
35532242,2,2,0.069,0.26662,0.66438
20105016,2,1,0.0051,0.73181,0.26309
31638023,1,0,0.79854,0.14906,0.0524
14832878,2,2,0.00347,0.01179,0.98473
20047477,2,2,0.03759,0.30522,0.65719
1847355,0,2,0.11081,0.41029,0.47889
30020460,2,2,0.10036,0.03739,0.86225
17564801,2,2,0.00702,0.09431,0.89867
32241281,2,2,0.01637,0.01133,0.97231
25954822,2,2,0.1898,0.32364,0.48656
33793171,2,1,0.11136,0.44647,0.44217
22637058,2,2,0.00021,0.00186,0.99793
14462514,0,0,0.56955,0.24365,0.1868
10368146,1,2,0.04377,0.15837,0.79786
1896873,2,2,0.03178,0.33217,0.63605
24397538,2,2,0.00276,0.07987,0.91737
28126521,2,2,0.00022,0.001,0.99877
23594250,0,0,0.86972,0.09511,0.03517
27195233,0,2,0.24153,0.28102,0.47744
35270574,0,2,0.31541,0.22245,0.46214
38564354,0,1,0.3732,0.42129,0.20551
14442850,2,2,0.02333,0.19364,0.78303
23208226,2,2,0.09724,0.18734,0.71541
10654600,2,2,0.00347,0.00488,0.99164
20525141,1,0,0.7246,0.08754,0.18786
23357549,2,1,0.13907,0.5291,0.33182
39546292,2,2,0.00764,0.07759,0.91478
36189973,0,2,0.26503,0.22683,0.50813
12319113,0,0,0.80394,0.13611,0.05995
36696087,2,2,0.00424,0.03837,0.95739
28229601,2,2,0.05094,0.02331,0.92575
39973191,2,1,0.08975,0.6561,0.25415
14707802,2,2,0.00898,0.01983,0.97119
40137642,2,2,0.03957,0.08807,0.87236
25565830,2,2,0.00452,0.05938,0.93611
9249519,2,2,0.00016,0.00601,0.99383
12795058,2,2,0.01854,0.02887,0.95259
2956952,2,2,0.12473,0.40258,0.47269
20209353,2,2,0.01034,0.17666,0.813
31498646,2,2,0.18115,0.27813,0.54072
26236825,2,2,0.0003,0.0121,0.9876
4040789,2,2,0.01952,0.05943,0.92106
36196819,2,2,0.00625,0.00972,0.98403
11441677,2,2,0.02283,0.27146,0.70572
30572422,2,2,0.11907,0.26039,0.62053
11315948,2,2,0.00608,0.0354,0.95852
19923179,2,2,0.04685,0.09463,0.85852
62704,2,2,0.02081,0.20379,0.77541
13521584,0,0,0.68734,0.29519,0.01747
3232655,2,2,0.01865,0.297,0.68435
24753638,2,2,0.0015,0.02891,0.96959
9817845,2,1,0.00722,0.70816,0.28462
13538330,0,0,0.98333,0.01241,0.00426
30162398,2,2,0.06549,0.05568,0.87883
24563557,2,1,0.31055,0.45603,0.23342
21385034,2,2,0.01727,0.00479,0.97794
36470258,0,0,0.82069,0.14607,0.03324
28156672,2,2,0.095,0.13289,0.77211
39029995,0,1,0.36983,0.41786,0.21231
4381884,2,2,0.00032,0.00315,0.99653
24095694,2,2,0.02412,0.08079,0.8951
37602499,0,0,0.51051,0.41483,0.07465
25368600,2,2,0.00387,0.02418,0.97195
28367160,2,2,0.02812,0.04145,0.93043
29049581,2,1,0.27467,0.69188,0.03345
39621974,0,0,0.73789,0.24664,0.01547
3074699,2,2,0.00269,0.00607,0.99124
32428262,2,2,0.15948,0.09909,0.74144
32907687,0,0,0.44631,0.12195,0.43174
9941268,1,1,0.03691,0.75934,0.20376
14651119,2,2,0.01818,0.01194,0.96988
17508853,2,2,0.04573,0.0521,0.90217
20742059,1,0,0.47149,0.43555,0.09296
12429466,0,0,0.95596,0.04307,0.00097
6150115,2,2,0.18636,0.06413,0.7495
30936096,2,2,0.00344,0.0067,0.98986
3683344,2,2,0.03957,0.13181,0.82862
13454359,2,2,0.02112,0.06846,0.91042
34136892,2,2,0.13086,0.15201,0.71713
40773530,0,0,0.98434,0.0147,0.00095
24752402,2,2,0.0071,0.0089,0.98399
5340218,2,2,0.11542,0.3437,0.54089
22875195,1,1,0.04897,0.49961,0.45142
20032818,2,1,0.15358,0.62408,0.22234
38321314,2,0,0.51328,0.02214,0.46458
18730024,2,2,0.12388,0.02815,0.84797
38924691,2,2,0.10789,0.12526,0.76685
12739284,2,2,0.11522,0.41249,0.47228
3862815,2,2,0.0135,0.45578,0.53071
16418544,0,1,0.21943,0.69157,0.089
32523461,2,2,0.00076,0.00106,0.99818
21759586,2,1,0.03346,0.50225,0.46429
2868161,2,2,0.27126,0.25604,0.47269
5321239,2,2,0.01191,0.04147,0.94662
19831307,2,2,0.07485,0.24153,0.68362
24150838,2,2,0.00078,0.00058,0.99864
9534162,2,2,0.0246,0.19581,0.77958
30520858,2,2,0.13932,0.247,0.61367
7291490,2,2,0.01227,0.1628,0.82493
24930843,2,2,0.00505,0.12206,0.87289
1106591,2,2,0.02094,0.02366,0.9554
41531506,2,2,0.00035,0.00085,0.99881
32680206,2,2,0.01802,0.13233,0.84964
28091415,0,0,0.70201,0.22374,0.07424
3767627,2,2,0.10737,0.09344,0.79919
29314643,1,0,0.54921,0.35475,0.09604
16492213,2,2,0.00201,0.20456,0.79343
23102961,2,2,0.24629,0.22604,0.52767
38323967,2,1,0.05531,0.61404,0.33065
17213430,2,2,0.08303,0.09711,0.81986
28453854,2,2,0.08881,0.24061,0.67059
22422426,0,0,0.68821,0.26116,0.05063
35802007,2,2,0.00042,0.00263,0.99695
16971333,2,2,0.02795,0.17124,0.80081
631300,2,2,0.39905,0.07999,0.52095
3757103,2,0,0.59959,0.37118,0.02923
13800330,2,2,0.0828,0.03308,0.88413
3723263,1,2,0.0388,0.07329,0.88792
30960229,1,0,0.65527,0.32953,0.0152
20551746,0,2,0.05998,0.04589,0.89414
16110435,2,2,0.00654,0.00909,0.98437
3498474,0,0,0.92002,0.0726,0.00738
4225046,2,1,0.04217,0.48803,0.4698
25639728,1,1,0.46931,0.47569,0.055
811627,2,2,0.30296,0.26668,0.43036
28717201,1,2,0.26947,0.16802,0.56251
38657084,2,1,0.0645,0.81124,0.12426
14964166,2,2,0.06781,0.07327,0.85892
11521024,2,2,0.01175,0.08455,0.9037
453,2,0,0.64613,0.11248,0.24139
10455819,1,0,0.53643,0.277,0.18657
22709508,2,2,0.1538,0.0556,0.7906
33126735,2,2,0.0043,0.04809,0.94761
18604126,2,2,0.03493,0.02881,0.93627
23217596,2,0,0.59595,0.26146,0.14259
23035653,0,2,0.14769,0.27125,0.58107
20485947,2,2,0.01746,0.01026,0.97229
31207778,2,2,0.02168,0.05191,0.92641
975225,2,2,0.01283,0.05584,0.93133
5074442,2,1,0.09957,0.64383,0.2566
5836395,2,2,0.13426,0.04902,0.81672
8395365,0,2,0.06046,0.05109,0.88845
22758509,2,2,0.24824,0.1887,0.56307
26611722,2,0,0.63209,0.10732,0.26059
29044465,2,2,0.06311,0.30165,0.63525
8836868,0,0,0.58042,0.39217,0.02741
26175277,2,2,2e-05,0.00294,0.99704
21555378,2,2,0.00911,0.04773,0.94316
29599546,2,2,0.02603,0.05921,0.91477
14995284,2,2,0.0012,0.00627,0.99253
20577943,2,1,0.06532,0.48061,0.45407
9101596,0,1,0.16758,0.4472,0.38522
24066466,2,2,0.00038,0.00409,0.99553
33174065,2,2,0.44774,0.03642,0.51584
25227691,2,2,0.00982,0.04545,0.94474
20151177,2,2,0.00487,0.0036,0.99153
17300354,2,2,3e-05,0.00209,0.99788
31532808,1,1,0.31374,0.62374,0.06252
25466965,2,2,1e-05,0.00049,0.9995
19694423,2,2,0.12379,0.25581,0.6204
15965340,2,2,0.01774,0.04636,0.9359
25988023,0,0,0.7588,0.14295,0.09825
30517625,2,2,0.02414,0.16394,0.81192
29320283,2,2,0.01861,0.02039,0.96099
10703305,2,2,0.07545,0.23737,0.68718
23219948,0,0,0.37793,0.37322,0.24884
17181628,1,1,0.2597,0.64019,0.10011
15553263,2,2,0.00226,0.08057,0.91718
40776521,2,0,0.46157,0.30692,0.23151
11641265,2,1,0.15495,0.76985,0.07519
17059622,0,1,0.42742,0.55658,0.01599
7089463,2,2,0.01615,0.01464,0.96922
35936754,0,1,0.35694,0.54029,0.10277
24684519,1,0,0.76824,0.12749,0.10427
12044782,2,2,0.15708,0.05186,0.79106
7418645,2,2,0.01477,0.02055,0.96468
27700304,2,2,0.00575,0.48708,0.50717
25658392,0,0,0.84661,0.14868,0.00471
11490990,0,1,0.19411,0.5675,0.23839
3853008,2,2,0.08173,0.21337,0.70489
27594479,0,1,0.35254,0.5781,0.06936
40413483,2,1,0.31869,0.38851,0.29281
17854858,0,0,0.9708,0.0273,0.0019
27660435,0,2,0.38807,0.15141,0.46052
36088139,2,2,0.03605,0.0795,0.88445
5265714,2,2,0.01364,0.0097,0.97666
36800129,0,0,0.91331,0.07071,0.01598
7904429,2,2,0.00154,0.03147,0.96699
36124442,0,0,0.9459,0.04561,0.00849
36809952,2,2,0.00319,0.02194,0.97487
39196974,2,0,0.72281,0.11776,0.15943
20701464,2,2,0.00641,0.01477,0.97882
12654302,2,2,0.00317,0.01319,0.98364
15938265,2,2,0.3345,0.06829,0.59721
14634746,0,0,0.66553,0.30876,0.02572
25190816,2,1,0.04419,0.72381,0.232
4947493,1,2,0.20309,0.27927,0.51765
22558114,0,0,0.62933,0.34994,0.02072
22735098,2,2,0.00146,0.00842,0.99012
30916637,2,1,0.20442,0.42809,0.36749
22210302,2,2,0.07068,0.34815,0.58117
23494385,1,1,0.05328,0.50019,0.44653
33510089,0,0,0.97379,0.02146,0.00475
10397693,2,2,0.00149,0.02854,0.96997
19386878,0,1,0.34501,0.47289,0.18209
38980946,2,2,0.00116,0.00327,0.99557
34550785,2,1,0.04337,0.71564,0.24098
13614468,2,2,0.00347,0.00732,0.9892
1321987,0,1,0.4327,0.44272,0.12458
13862228,2,2,0.00215,0.00664,0.99121
1628231,2,1,0.02206,0.64477,0.33317
22609128,2,2,0.0124,0.0823,0.9053
5309746,0,0,0.94162,0.05609,0.00229
5283595,2,2,0.07775,0.16675,0.7555
7920584,2,2,0.05673,0.0172,0.92607
28771784,0,0,0.9395,0.05841,0.00209
18548728,2,2,0.00056,0.15967,0.83977
31473450,2,2,0.05085,0.0953,0.85385
34824167,2,1,0.10009,0.52855,0.37135
30266406,0,0,0.78752,0.17656,0.03592
6421813,2,2,0.0627,0.03739,0.89991
9239692,2,2,0.0124,0.26987,0.71773
26557017,2,2,0.0002,0.00671,0.99309
2327056,2,1,0.26484,0.45769,0.27747
5584280,2,2,0.00012,0.00137,0.99851
17117532,2,2,0.15586,0.06518,0.77896
28647043,2,2,0.00302,0.00884,0.98814
17246219,1,2,0.05966,0.08171,0.85864
31366079,0,0,0.93623,0.03877,0.025
23936079,0,0,0.83107,0.16534,0.00358
38017762,0,0,0.96701,0.02631,0.00668
38321904,2,2,0.03008,0.00522,0.9647
30419754,2,2,0.00067,0.01743,0.98189
15914797,2,2,0.0113,0.05555,0.93315
35438512,2,2,0.01924,0.08655,0.89421
15523458,2,2,0.17264,0.41319,0.41416
17821997,0,0,0.67954,0.12664,0.19382
35334379,0,0,0.93876,0.05738,0.00386
20413916,2,2,0.01355,0.13967,0.84678
35715182,2,2,0.03808,0.01818,0.94374
4254477,0,0,0.88476,0.02745,0.08779
10403258,2,2,0.01006,0.0854,0.90454
27581598,2,2,0.0663,0.19215,0.74155
40820848,2,1,0.10288,0.80102,0.0961
19664327,2,2,0.0323,0.17714,0.79056
3203215,2,2,0.06346,0.09338,0.84316
28682566,2,2,0.00097,0.00949,0.98954
30409550,2,2,0.00421,0.01937,0.97642
26864249,2,2,0.07747,0.10473,0.8178
7007291,0,1,0.15693,0.49691,0.34616
16551973,2,2,0.00618,0.08722,0.9066
3328566,2,2,0.09237,0.05314,0.85449
24891824,0,0,0.98084,0.01169,0.00747
8249519,2,2,0.0114,0.16778,0.82081
14849069,2,0,0.41594,0.23194,0.35213
30020184,0,0,0.98132,0.01484,0.00383
6994527,2,1,0.48684,0.50112,0.01204
39043131,1,1,0.28487,0.37559,0.33954
13539858,2,2,0.0252,0.40729,0.56751
19591364,2,2,0.0218,0.16743,0.81077
11478744,2,2,0.00987,0.01825,0.97188
28684849,2,2,0.02712,0.04896,0.92393
25457480,0,0,0.9509,0.03814,0.01096
31895329,0,0,0.9666,0.0324,0.001
13543359,0,2,0.24207,0.23904,0.51889
19579612,2,2,4e-05,0.00237,0.99759
28944178,2,2,0.02335,0.21178,0.76487
36674396,2,2,0.36878,0.15786,0.47336
22881992,2,2,0.05941,0.18015,0.76044
41098612,0,0,0.75313,0.23967,0.00721
32399811,1,1,0.39206,0.55676,0.05118
19202237,2,2,0.0121,0.03466,0.95324
34345250,2,2,0.01199,0.12202,0.86599
35603890,0,0,0.62569,0.32844,0.04587
6468213,2,1,0.27575,0.41458,0.30967
39977118,0,0,0.90437,0.08778,0.00785
39589639,2,2,0.0285,0.19408,0.77742
9622434,0,0,0.77147,0.14469,0.08384
21059423,2,2,0.00245,0.0417,0.95585
8932997,0,0,0.68588,0.25613,0.05799
41163334,0,1,0.16422,0.66292,0.17286
305590,2,2,0.00105,0.00998,0.98896
9265029,2,2,0.07028,0.39517,0.53454
9529429,2,2,0.02522,0.08715,0.88763
10044967,2,2,0.0122,0.016,0.97179
30795146,2,2,0.01595,0.03081,0.95325
28906645,1,0,0.59353,0.33716,0.06931
21569844,0,0,0.79807,0.11205,0.08988
35704675,2,2,0.00556,0.08732,0.90712
27701111,0,0,0.71186,0.20374,0.0844
27846786,2,2,0.254,0.23076,0.51524
25085836,0,0,0.60044,0.20887,0.19069
40437770,2,2,0.05096,0.09027,0.85877
26299092,2,1,0.18597,0.52534,0.28869
35749496,2,1,0.23178,0.7364,0.03182
38155974,2,2,0.04785,0.09994,0.85221
18395117,2,2,0.00489,0.23168,0.76343
35179530,2,0,0.48226,0.28588,0.23186
1946726,0,2,0.21746,0.14336,0.63918
3536950,2,2,0.24824,0.1887,0.56307
8669707,1,1,0.33302,0.46402,0.20295
18017998,2,2,0.01386,0.031,0.95514
28871007,2,2,0.09205,0.10477,0.80317
25490509,2,1,0.0512,0.73186,0.21693
22713554,1,1,0.05767,0.58468,0.35765
1591766,2,2,0.02303,0.18781,0.78916
15950352,2,2,0.06374,0.06711,0.86915
39393878,2,2,0.02831,0.02373,0.94797
29890130,2,0,0.49148,0.4372,0.07132
22812260,2,1,0.04176,0.59597,0.36226
4366706,2,2,0.12272,0.06236,0.81492
40218730,2,2,0.07528,0.10018,0.82454
40014094,1,0,0.64863,0.3331,0.01827
15139941,2,2,0.08638,0.09544,0.81818
32081221,2,2,0.03974,0.13739,0.82286
11661625,0,0,0.98368,0.01599,0.00034
16804184,0,1,0.37946,0.61061,0.00993
1742454,0,0,0.70161,0.18658,0.11181
29156841,2,2,0.01355,0.04497,0.94148
1890544,0,1,0.44219,0.54558,0.01223
9193288,1,0,0.82364,0.16576,0.01061
12885831,2,2,0.03637,0.12548,0.83815
14187804,2,2,0.00027,0.00503,0.9947
19870659,2,2,0.03804,0.28832,0.67364
29363529,2,2,0.09629,0.15939,0.74432
38131085,2,2,0.00132,0.00207,0.99661
34540936,2,2,0.00267,0.0587,0.93863
25241612,2,2,0.01115,0.10742,0.88143
16115908,1,2,0.05492,0.30442,0.64065
12866775,2,2,0.02039,0.04346,0.93615
17876655,2,2,0.01907,0.1009,0.88003
41587176,0,0,0.67204,0.31453,0.01344
7224544,1,2,0.02231,0.14724,0.83045
29476046,2,2,0.15623,0.35097,0.4928
29553123,0,2,0.25486,0.1242,0.62094
14613269,0,0,0.88585,0.0858,0.02836
26654075,0,2,0.24824,0.1887,0.56307
26758480,2,2,0.00709,0.02341,0.9695
11131004,2,2,0.00834,0.13809,0.85357
8856768,2,2,0.20249,0.14441,0.6531
29046166,1,0,0.58409,0.315,0.10091
36019758,0,1,0.32875,0.59674,0.07451
29691384,1,0,0.53982,0.1254,0.33477
16351032,2,2,0.00393,0.06924,0.92682
40672194,0,2,0.30494,0.18208,0.51298
13427486,2,2,0.15596,0.19697,0.64707
29575994,2,0,0.50109,0.14461,0.3543
34720227,2,2,0.05995,0.10851,0.83154
38087719,2,2,6e-05,0.00416,0.99578
37267002,2,2,0.0,0.00025,0.99975
33270858,2,2,0.0094,0.13716,0.85343
9950981,0,0,0.82372,0.01741,0.15887
33319732,2,2,0.16679,0.04615,0.78706
22294274,2,2,4e-05,0.00727,0.99269
39883948,2,2,0.0093,0.0362,0.9545
12615684,2,2,0.03119,0.10078,0.86802
15875943,2,2,0.0462,0.46939,0.4844
35261822,1,1,0.24665,0.59858,0.15477
34493674,0,0,0.90505,0.07704,0.01792
39240533,2,2,0.01108,0.12083,0.86809
37462855,0,1,0.27989,0.67755,0.04256
21565181,2,2,0.00209,0.00046,0.99745
18691047,0,0,0.58627,0.38798,0.02575
14903583,2,2,0.018,0.34144,0.64056
512957,1,0,0.61161,0.27741,0.11098
37253640,0,1,0.28532,0.69512,0.01956
23425999,2,2,0.01195,0.02323,0.96482
39691467,1,2,0.19186,0.24526,0.56288
21420243,2,2,0.00386,0.01651,0.97963
30338216,0,1,0.31711,0.38107,0.30183
15598600,2,2,0.06615,0.1397,0.79416
6259072,2,2,0.00803,0.11382,0.87814
6410970,1,1,0.21318,0.40996,0.37686
3112759,2,2,0.03513,0.01316,0.95171
40356444,0,2,0.32786,0.26908,0.40306
5464028,2,2,0.02362,0.0424,0.93398
34370242,1,1,0.13979,0.78887,0.07134
15299182,1,1,0.30729,0.48696,0.20575
33524204,0,1,0.38775,0.4403,0.17196
781462,0,0,0.75225,0.10421,0.14355
39397020,2,2,0.07548,0.43422,0.4903
5842460,1,1,0.26447,0.55758,0.17795
16915406,1,0,0.69895,0.2005,0.10055
3099135,2,0,0.46288,0.09586,0.44126
20893224,0,0,0.6645,0.315,0.0205
38830091,0,0,0.58174,0.30107,0.11719
4576327,2,2,0.16004,0.09976,0.7402
7624101,1,0,0.75415,0.15597,0.08988
9380821,2,2,0.00715,0.01182,0.98103
21486684,2,2,0.00684,0.18679,0.80637
6875833,2,2,0.03899,0.08085,0.88016
24243206,2,2,0.1933,0.09041,0.71628
21246162,2,2,0.00463,0.01151,0.98386
35203155,0,0,0.99538,0.00431,0.00032
17058539,0,0,0.92037,0.01082,0.0688
19508243,2,2,9e-05,0.00536,0.99456
31731364,0,1,0.23055,0.72858,0.04087
2195987,0,0,0.54174,0.45151,0.00675
20222675,2,2,0.02892,0.08294,0.88814
24724547,2,2,0.00284,0.07273,0.92442
8046640,1,0,0.84485,0.06525,0.0899
39190276,2,2,0.00987,0.0998,0.89033
15479974,0,0,0.64581,0.3293,0.02488
30305945,2,2,0.01381,0.01788,0.96831
23947332,0,0,0.9969,0.00214,0.00096
6979183,0,0,0.97863,0.01621,0.00515
12690859,0,0,0.6669,0.27359,0.05951
13660779,0,0,0.71455,0.26377,0.02168
20032528,2,2,0.0274,0.00433,0.96826
27151238,2,2,0.02265,0.22698,0.75037
5263730,2,2,0.00229,0.35784,0.63987
36016697,2,2,0.09474,0.08184,0.82342
28574662,0,0,0.66885,0.27868,0.05247
11547008,2,2,3e-05,0.00209,0.99788
33345872,2,2,0.32429,0.05089,0.62482
14334801,2,2,0.11871,0.16378,0.71751
22115990,2,2,0.0083,0.0107,0.981
40877514,0,0,0.95956,0.03689,0.00355
15902075,2,2,0.03468,0.0679,0.89742
37967772,0,0,0.7264,0.25681,0.01679
8904984,2,2,0.0267,0.01578,0.95752
13920109,2,2,0.02233,0.05005,0.92761
21186218,1,1,0.07211,0.70424,0.22365
6817464,2,1,0.22808,0.74175,0.03016
24878428,2,2,0.06186,0.03235,0.90579
504517,0,1,0.37877,0.53984,0.08139
29027499,2,2,0.00408,0.07077,0.92514
33826436,2,2,0.24824,0.1887,0.56307
17997043,2,2,0.01106,0.07095,0.91799
30433601,2,2,0.04695,0.13322,0.81982
11360066,2,2,0.001,0.00278,0.99622
13553437,0,0,0.93724,0.0563,0.00647
26712607,0,0,0.93732,0.00947,0.05321
38914576,1,0,0.45988,0.37407,0.16605
39360822,2,0,0.66152,0.31139,0.02709
27762962,2,2,0.16816,0.17963,0.65221
31551619,2,2,0.07352,0.05821,0.86827
25565767,2,2,0.05233,0.0573,0.89037
12306233,0,0,0.94635,0.04367,0.00998
39348229,2,2,3e-05,0.00209,0.99788
29997967,2,2,0.01192,0.03662,0.95147
19103859,2,2,0.00369,0.02645,0.96987
25165875,0,0,0.50634,0.47266,0.021
9940198,0,0,0.76415,0.10842,0.12743
35438384,2,2,0.04402,0.18618,0.7698
17100956,2,2,0.00136,0.04216,0.95648
25985170,0,2,0.35255,0.29253,0.35492
34513148,1,0,0.62473,0.30992,0.06535
4001580,2,2,0.00696,0.11476,0.87828
25266179,2,2,0.0,0.00025,0.99975
29479209,0,1,0.36982,0.44641,0.18378
2978650,2,1,0.08758,0.67949,0.23294
577332,1,1,0.29778,0.52094,0.18128
37912151,2,2,0.00378,0.03596,0.96025
22952951,2,2,0.00048,0.00279,0.99673
34343203,0,0,0.66473,0.32171,0.01356
37329512,2,0,0.61332,0.21878,0.16789
28173575,0,0,0.87866,0.11462,0.00672
24593814,2,2,0.18637,0.07285,0.74078
5398616,2,2,0.02443,0.1084,0.86717
22718661,2,2,0.21924,0.33365,0.44711
37694709,0,0,0.87568,0.11788,0.00643
14653638,0,0,0.82061,0.15267,0.02672
34214311,2,2,0.01304,0.026,0.96096
26374709,2,1,0.06824,0.49549,0.43627
23076092,0,0,0.50507,0.48474,0.01019
16243101,2,2,0.00175,0.01214,0.98611
37225124,0,0,0.74266,0.14051,0.11683
32794038,2,2,0.22689,0.16379,0.60932
39088658,2,2,0.00128,0.00703,0.99169
10840514,2,2,0.00183,0.01246,0.98571
33973822,1,0,0.8506,0.14147,0.00793
31001301,0,0,0.40642,0.26297,0.33062
31860239,0,0,0.83083,0.15727,0.01191
3545680,2,0,0.5915,0.21042,0.19809
7231711,0,0,0.59681,0.28966,0.11353
30991343,2,2,0.0436,0.25961,0.69679
5875175,2,2,0.02013,0.05569,0.92418
40911426,2,2,0.04726,0.05407,0.89867
40769846,2,2,0.00861,0.04075,0.95063
6908352,2,2,0.00107,0.00409,0.99483
27982622,2,2,2e-05,0.00938,0.9906
37075441,1,0,0.5143,0.46809,0.01761
7328626,2,2,0.00013,0.00029,0.99958
2073422,0,0,0.75558,0.15631,0.08812
801947,2,2,0.08294,0.03969,0.87737
15926207,2,2,0.01707,0.03241,0.95052
13885269,0,0,0.88913,0.10552,0.00534
24215654,2,2,0.0002,0.00686,0.99294
33515213,2,2,0.0008,0.00106,0.99814
6672590,2,2,0.00029,0.01264,0.98708
33185239,2,2,0.02125,0.01119,0.96757
26527042,2,2,0.00443,0.01099,0.98459
16668034,2,2,0.00487,0.00754,0.9876
29970334,1,1,0.13389,0.82214,0.04397
16405711,2,1,0.12107,0.61231,0.26662
34685338,2,2,0.00146,0.02614,0.9724
12540527,2,2,0.00039,0.00146,0.99815
5268324,2,2,0.00512,0.00842,0.98646
32236154,2,2,0.00063,0.00025,0.99912
29811889,0,0,0.74821,0.24462,0.00717
38371850,2,2,0.02022,0.04917,0.93061
19703000,0,2,0.07876,0.4248,0.49644
35978890,2,2,0.00012,0.00181,0.99807
35129237,2,2,0.03429,0.29637,0.66934
6771558,2,2,0.01165,0.12508,0.86327
35638712,2,1,0.07335,0.67077,0.25588
5877723,2,2,0.00177,0.01815,0.98007
20340920,0,1,0.30235,0.66122,0.03643
4260996,2,0,0.52129,0.12326,0.35545
28297602,2,2,0.00695,0.03023,0.96282
6469210,2,2,0.00299,0.02128,0.97572
30590420,2,2,0.00123,0.02247,0.9763
29372070,0,0,0.51328,0.02214,0.46458
13573612,1,0,0.62312,0.26755,0.10933
19762578,2,2,0.2896,0.16949,0.54091
23531328,0,0,0.6066,0.38214,0.01126
13931017,2,2,0.33243,0.26363,0.40393
6487186,1,1,0.07332,0.74236,0.18432
7394903,2,2,0.01378,0.06943,0.91679
12552254,2,2,0.23077,0.36673,0.4025
15422039,2,2,0.01181,0.0181,0.97009
5452308,2,0,0.59585,0.22721,0.17694
29467446,2,2,0.00933,0.01193,0.97875
22494151,2,2,0.01001,0.09918,0.89081
26896090,0,0,0.77644,0.20976,0.0138
26956549,2,2,0.00819,0.02912,0.96269
17068394,0,0,0.95159,0.0306,0.01781
37655937,0,1,0.13336,0.54816,0.31848
7295834,2,1,0.0154,0.55651,0.42809
3144793,2,2,0.02053,0.08824,0.89123
11667888,2,2,0.01235,0.03614,0.9515
40646083,0,0,0.84894,0.11707,0.03399
36210756,1,1,0.07857,0.57489,0.34654
22408620,2,2,0.02978,0.0578,0.91241
8838217,0,0,0.37283,0.36671,0.26046
21436878,2,2,0.03054,0.08395,0.88551
31603867,2,2,0.01089,0.13577,0.85333
22811762,2,2,0.24824,0.1887,0.56307
14191744,0,1,0.12258,0.5773,0.30011
21785733,2,2,0.01133,0.00963,0.97905
29888482,2,2,0.00018,0.00424,0.99558
35463298,2,1,0.0127,0.95936,0.02795
17089550,2,2,0.05885,0.42442,0.51673
10760514,2,2,0.05026,0.32934,0.6204
29076646,2,2,0.11864,0.40761,0.47375
2650356,2,2,0.00351,0.01485,0.98163
16582870,2,2,0.00595,0.02192,0.97213
1719332,2,0,0.44033,0.25397,0.3057
30432598,0,0,0.95857,0.03859,0.00284
41616472,0,0,0.55431,0.38181,0.06387
40470838,2,2,0.00342,0.02869,0.96789
9477865,2,2,2e-05,0.0039,0.99608
35073396,0,2,0.30949,0.28809,0.40242
25126243,2,2,0.00636,0.29163,0.70201
28850391,2,2,0.0,0.00013,0.99987
15220073,0,0,0.54508,0.30516,0.14976
11994499,2,2,0.0103,0.16522,0.82447
4167453,2,2,0.0135,0.17156,0.81494
19561233,0,0,0.71504,0.21317,0.07179
27554910,0,0,0.94037,0.03572,0.0239
2696769,2,2,1e-05,0.00049,0.9995
36844250,0,0,0.95678,0.02969,0.01353
29647337,2,2,0.1065,0.0236,0.8699
19087240,2,2,0.00354,0.02028,0.97619
3114473,2,2,0.00042,0.00518,0.99439
13157753,0,0,0.80867,0.16725,0.02407
34811856,0,0,0.81461,0.165,0.02039
1088900,2,1,0.19285,0.63933,0.16783
27339286,2,2,0.00279,0.01792,0.97929
4674823,2,2,0.07902,0.05552,0.86546
39933458,2,2,0.00887,0.16274,0.82838
29507648,0,0,0.62927,0.30952,0.06121
8787421,2,2,0.00691,0.03787,0.95522
28390430,2,2,0.04078,0.2017,0.75752
39956467,2,2,0.02875,0.0737,0.89755
9157280,2,1,0.0414,0.53525,0.42335
9714935,2,1,0.34665,0.5386,0.11474
9360189,2,2,0.02996,0.14295,0.82708
17694166,2,2,0.07204,0.17487,0.7531
38565125,2,2,0.00014,0.00534,0.99452
4711693,0,0,0.96819,0.02669,0.00512
14919933,2,1,0.16831,0.47766,0.35402
4841183,2,2,0.0,0.00055,0.99945
34092548,2,2,0.11377,0.16464,0.72158
14815124,2,2,0.05192,0.0645,0.88358
21597053,2,2,0.00326,0.00171,0.99503
11061753,2,2,0.03253,0.02977,0.9377
1274977,2,2,0.07923,0.18241,0.73836
14650909,2,0,0.58155,0.36375,0.0547
8325734,2,2,0.10704,0.04561,0.84735
28769597,0,0,0.52551,0.38693,0.08756
41458453,2,2,0.02008,0.01126,0.96866
14376866,0,0,0.99894,0.00044,0.00062
6290810,1,1,0.30091,0.4261,0.27299
18568260,2,2,0.02649,0.22987,0.74364
36492988,0,0,0.9133,0.07183,0.01487
32815213,0,1,0.20649,0.69931,0.09419
3787467,2,2,0.2264,0.07624,0.69737
2633153,2,2,0.08025,0.25818,0.66158
937613,2,2,0.00653,0.00719,0.98628
36981148,2,1,0.16256,0.7169,0.12054
15983149,1,2,0.106,0.25066,0.64334
19107173,2,2,0.00536,0.03828,0.95636
6334549,0,1,0.34627,0.52274,0.13099
37972160,0,0,0.69413,0.19284,0.11303
23449058,2,0,0.45695,0.12618,0.41688
6214455,2,2,0.0348,0.03561,0.9296
21150973,2,2,0.30356,0.30048,0.39595
11611947,2,1,0.183,0.64593,0.17106
35418689,2,2,0.00401,0.12952,0.86647
21101027,0,0,0.64257,0.33982,0.01761
37670123,0,0,0.48932,0.46039,0.05029
36151244,2,2,0.00863,0.03525,0.95612
36419767,0,0,0.82603,0.14885,0.02512
39069505,0,0,0.46195,0.41326,0.12479
21219107,1,2,0.1266,0.26572,0.60768
33613912,1,0,0.7072,0.17771,0.11508
37201716,2,2,0.00232,0.01038,0.9873
29408798,0,0,0.94692,0.05007,0.00301
37899568,0,0,0.87573,0.12066,0.00361
35569300,2,2,0.13461,0.17447,0.69092
32316205,0,0,0.72918,0.23326,0.03756
12222440,2,2,0.01828,0.03709,0.94463
29119913,2,0,0.69081,0.23992,0.06927
36365901,0,0,0.69443,0.28036,0.02521
26334103,2,2,0.00954,0.01884,0.97162
7876417,2,2,0.00746,0.02843,0.96411
36999103,2,2,0.14958,0.04051,0.80991
34903209,0,0,0.82863,0.13072,0.04065
14300574,2,2,0.01036,0.02736,0.96228
10708057,1,1,0.31471,0.6248,0.06049
18863382,2,2,0.00035,0.00867,0.99098
28632152,2,2,0.05922,0.3688,0.57198
36653401,2,2,0.02835,0.09837,0.87328
26411009,2,2,0.00363,0.03074,0.96562
26942098,2,2,0.22541,0.13025,0.64434
27035448,2,1,0.21972,0.56592,0.21436
3090411,2,2,0.02664,0.08152,0.89184
21526544,2,2,0.02012,0.04332,0.93655
1565798,2,2,0.29543,0.11761,0.58696
130061,2,2,0.00077,0.00073,0.99851
25823124,2,2,0.02305,0.10624,0.87071
20114217,0,0,0.75351,0.07634,0.17015
9639366,2,2,0.07253,0.41595,0.51152
9335718,2,2,0.04833,0.24922,0.70245
26514155,0,0,0.95189,0.04576,0.00235
22772031,0,0,0.85173,0.14023,0.00805
11655660,2,2,0.00063,0.00897,0.9904
27385212,2,2,0.00949,0.00362,0.98689
25817457,2,2,0.12489,0.27688,0.59823
7827397,2,2,0.01435,0.00671,0.97894
12565617,2,2,0.00771,0.08777,0.90452
13613329,2,1,0.1228,0.62706,0.25014
6039265,2,2,0.1147,0.38767,0.49763
30923148,0,0,0.92351,0.07474,0.00175
26608081,2,2,0.00299,0.04935,0.94766
1544235,2,2,0.00954,0.0052,0.98526
7788507,2,2,0.25202,0.10362,0.64436
38079946,0,0,0.9992,0.00027,0.00053
22370900,2,2,0.08989,0.05374,0.85637
11971165,2,2,0.0001,0.0022,0.99771
37389286,0,0,0.92128,0.07593,0.00279
10556670,0,0,0.63082,0.25546,0.11372
4514887,2,2,0.03386,0.01471,0.95142
39883768,2,2,0.01297,0.01909,0.96794
24554402,2,2,0.24473,0.14601,0.60926
35970192,2,2,0.04994,0.05446,0.8956
22523959,2,2,0.00167,0.01949,0.97883
33103742,0,0,0.87831,0.11251,0.00918
29700100,2,2,0.01631,0.022,0.96169
14603036,2,2,0.11285,0.13088,0.75627
14758692,2,2,0.00031,0.00205,0.99764
21615834,2,2,0.02021,0.09532,0.88447
27259190,0,0,0.93027,0.06507,0.00466
23089400,2,1,0.09703,0.76659,0.13638
22259897,2,2,0.00217,0.05246,0.94537
13019263,2,2,0.20245,0.06044,0.73712
21890430,1,1,0.14238,0.84452,0.0131
3264380,2,1,0.10483,0.59011,0.30505
41244002,2,2,0.004,0.03637,0.95962
7190472,2,0,0.53135,0.41188,0.05677
31138382,2,2,0.01445,0.02375,0.9618
37145601,2,2,0.01127,0.03332,0.95541
10261311,2,2,0.08906,0.41065,0.50028
35449795,2,2,0.00159,0.01972,0.97869
19903760,2,2,0.06547,0.27377,0.66076
14762576,2,2,0.09312,0.06597,0.84091
13197350,2,2,0.34354,0.28428,0.37218
22824229,2,2,2e-05,0.06502,0.93495
6144468,2,1,0.04015,0.4954,0.46446
1779737,2,2,2e-05,0.06502,0.93495
19392329,2,2,0.07078,0.22415,0.70507
15075073,2,2,0.13886,0.0856,0.77554
17795333,0,0,0.9343,0.05885,0.00685
13386776,2,0,0.40289,0.3288,0.26832
21985754,2,2,0.00024,0.00236,0.9974
40689044,0,0,0.53435,0.45114,0.01451
10851996,2,2,0.01436,0.01881,0.96682
35648510,2,2,0.00279,0.06341,0.9338
37287232,2,2,0.07467,0.10071,0.82462
1433316,2,2,0.15786,0.13453,0.70761
14686034,0,0,0.68915,0.29558,0.01527
35535591,2,2,0.13404,0.1468,0.71916
6637066,2,1,0.10307,0.48278,0.41415
39607033,2,2,0.00374,0.01272,0.98354
35566343,2,2,0.02324,0.01769,0.95906
41040761,2,1,0.35067,0.43691,0.21242
38394998,0,0,0.99522,0.00477,1e-05
7161396,2,1,0.28759,0.62988,0.08254
6821405,2,2,0.00447,0.00846,0.98707
34818646,2,2,0.01509,0.01944,0.96547
23901038,0,0,0.7324,0.26229,0.00531
38851293,2,2,0.03392,0.05204,0.91405
26023408,2,2,0.03811,0.13502,0.82686
25955674,2,2,0.02323,0.0416,0.93516
21340128,2,2,0.1979,0.11064,0.69146
29083454,2,2,0.02594,0.04381,0.93024
5589269,0,0,0.6663,0.26793,0.06577
40046286,2,2,0.00775,0.01927,0.97298
35859468,0,0,0.99118,0.00522,0.0036
9801212,2,1,0.18652,0.79882,0.01466
22293044,1,0,0.39654,0.31196,0.2915
26880893,2,2,0.01622,0.06653,0.91725
15474875,2,2,0.02508,0.18665,0.78827
14547697,2,1,0.05513,0.49221,0.45266
22728270,2,2,0.02504,0.06205,0.91291
11810690,1,2,0.05736,0.18559,0.75705
10629036,2,2,0.01427,0.22754,0.75819
1865284,2,2,0.00943,0.02952,0.96105
14608965,2,2,0.02989,0.13102,0.83909
40840407,2,2,0.24366,0.30053,0.4558
14365121,2,2,0.00349,0.02408,0.97243
30892308,1,0,0.46922,0.3724,0.15838
33994137,2,2,0.0802,0.10607,0.81373
23177743,2,1,0.22343,0.66936,0.10721
5317596,0,2,0.31906,0.21054,0.4704
40757906,2,2,0.00415,0.06636,0.92949
10285254,2,2,0.0019,0.01349,0.98461
22181830,2,2,0.02541,0.28366,0.69093
18317422,2,1,0.05216,0.67459,0.27325
938005,2,2,0.30032,0.06903,0.63064
2085173,2,2,0.16714,0.02186,0.811
17578737,2,1,0.02695,0.5534,0.41965
31439811,2,2,0.02133,0.04465,0.93402
2690673,2,2,0.00324,0.03095,0.96581
27306161,2,2,0.01936,0.2794,0.70124
30770935,1,0,0.67038,0.22597,0.10366
37055161,2,2,0.01736,0.01064,0.972
9724073,2,0,0.53603,0.21468,0.24929
1876846,2,2,0.11833,0.03814,0.84353
28938788,2,2,0.00056,0.15967,0.83977
11314741,2,2,0.00296,0.0407,0.95634
1190491,2,2,0.01135,0.03859,0.95006
23590492,2,2,0.03362,0.33195,0.63444
11721010,2,2,0.00737,0.02385,0.96878
16877429,2,1,0.10548,0.58885,0.30567
37777642,2,2,0.13243,0.30214,0.56543
38276752,2,2,0.03867,0.232,0.72933
32462496,2,2,0.06172,0.0426,0.89568
5083375,2,2,0.00843,0.01724,0.97433
28357465,2,2,0.00548,0.05926,0.93527
12411805,2,0,0.54137,0.35848,0.10015
33450842,0,0,0.45484,0.43282,0.11234
35821165,2,2,0.00033,0.00262,0.99705
6466085,2,2,0.00853,0.0218,0.96967
11879468,2,2,0.01342,0.01331,0.97327
8269448,2,2,0.02652,0.04208,0.9314
5448394,2,0,0.57284,0.37491,0.05225
11788100,0,0,0.79594,0.15186,0.0522
24066808,2,2,0.00919,0.01371,0.97711
3872156,2,2,0.11558,0.05172,0.8327
13912287,2,2,0.20511,0.16743,0.62747
28165907,2,1,0.08713,0.69295,0.21992
34763536,2,2,0.01243,0.06551,0.92206
28474604,2,2,0.23388,0.29484,0.47129
11885726,2,2,0.00871,0.00895,0.98234
29708560,1,2,0.12678,0.25876,0.61446
37936844,2,2,0.01172,0.05016,0.93812
16003243,0,0,0.56107,0.39875,0.04018
36399282,2,2,0.11535,0.18497,0.69968
34715673,0,0,0.73062,0.16257,0.1068
11127318,0,0,0.69526,0.25905,0.04569
39585874,2,2,0.39348,0.11033,0.49619
10069105,2,2,0.07634,0.11141,0.81225
24085610,2,2,0.04773,0.30628,0.64599
9092487,0,2,0.15938,0.31524,0.52539
9061289,2,2,0.00876,0.02296,0.96829
20115494,2,2,0.08144,0.33389,0.58467
19883472,0,0,0.48624,0.30909,0.20468
5283878,2,1,0.35374,0.4675,0.17876
6785172,0,0,0.48819,0.4752,0.03661
7101569,2,1,0.29701,0.48928,0.21371
19340335,0,0,0.72997,0.26945,0.00058
40997637,0,0,0.86343,0.07525,0.06132
14316401,2,1,0.06804,0.8636,0.06836
23901185,0,2,0.11811,0.05828,0.82361
28263764,0,0,0.97215,0.02319,0.00467
37650673,2,2,0.00159,0.01117,0.98725
41062827,0,0,0.51328,0.02214,0.46458
28193977,0,0,0.92979,0.06798,0.00223
40152347,2,2,0.00196,0.01854,0.97951
20385649,0,0,0.80042,0.18751,0.01207
24897978,0,0,0.75388,0.24017,0.00595
5386617,2,2,0.10282,0.08978,0.8074
2976147,1,0,0.74096,0.15054,0.1085
2512160,0,0,0.58829,0.14458,0.26713
6477753,2,2,0.00137,0.01946,0.97917
7841695,2,0,0.51812,0.33132,0.15056
13694963,2,0,0.51854,0.4157,0.06576
40001004,2,2,0.00601,0.02024,0.97375
33048638,2,2,0.01715,0.07489,0.90796
9824445,0,0,0.77632,0.20424,0.01944
8477701,2,2,0.01817,0.36221,0.61962
14103139,2,1,0.05771,0.52583,0.41646
25544934,0,1,0.37973,0.59321,0.02706
34291909,2,2,0.11191,0.1134,0.77469
33191962,0,0,0.94163,0.04975,0.00862
1267340,1,2,0.02318,0.13316,0.84366
15419331,2,1,0.09408,0.54651,0.35941
10354066,2,2,0.00327,0.0032,0.99353
25590490,2,2,0.05657,0.1518,0.79163
13478056,0,0,0.66603,0.26953,0.06443
33291566,0,1,0.18587,0.74916,0.06497
33803631,2,2,0.08162,0.33091,0.58747
19587460,2,2,0.21888,0.17401,0.60711
34175079,2,2,0.35039,0.1581,0.49151
17876293,0,1,0.23631,0.53931,0.22437
24376494,0,0,0.62275,0.13202,0.24523
20628398,2,2,0.00179,0.00926,0.98895
12283498,2,2,0.24824,0.1887,0.56307
6944012,2,2,0.05572,0.23123,0.71305
500451,2,2,0.13719,0.15026,0.71255
41609207,0,0,0.42612,0.33378,0.2401
11541011,2,2,0.01877,0.05721,0.92403
15195007,0,0,0.60311,0.39531,0.00157
37965944,2,1,0.30926,0.5587,0.13205
26495880,2,2,0.09697,0.30738,0.59565
37115143,0,0,0.66523,0.14917,0.1856
32759842,2,2,0.28974,0.2664,0.44386
15605794,0,0,0.93148,0.061,0.00752
26882264,2,2,0.19703,0.15569,0.64728
32756982,2,0,0.71892,0.21,0.07108
35143186,2,1,0.08224,0.83754,0.08022
36138739,2,1,0.08642,0.76897,0.1446
26916271,0,0,0.86518,0.11941,0.01541
21667723,2,2,0.13162,0.11896,0.74942
28459179,2,2,0.00553,0.14203,0.85244
12616496,2,2,0.21858,0.33927,0.44215
7569517,2,1,0.18093,0.60329,0.21578
39953719,2,0,0.46459,0.09064,0.44477
14513155,2,2,0.01515,0.23067,0.75418
33131660,2,1,0.19583,0.54321,0.26096
37944687,0,0,0.8922,0.0672,0.0406
9127328,0,1,0.13715,0.81454,0.04831
39690785,2,2,0.00735,0.01158,0.98107
18870396,2,2,0.00138,0.00891,0.98971
21069598,2,2,0.0,0.00055,0.99945
4945546,2,2,0.02011,0.03261,0.94728
31219202,2,2,0.00655,0.04699,0.94646
6750846,1,0,0.86468,0.09861,0.0367
13464948,2,2,0.06063,0.21102,0.72835
30106115,2,2,0.00734,0.02212,0.97054
34731757,2,2,0.00759,0.00937,0.98304
3740151,2,2,0.04781,0.37655,0.57565
30949459,2,2,0.03536,0.12671,0.83793
10939558,2,2,0.27037,0.03933,0.6903
17583779,0,0,0.77267,0.20589,0.02144
1038605,0,0,0.68421,0.28466,0.03112
27192115,0,1,0.44365,0.54765,0.0087
28736123,2,2,0.03735,0.1903,0.77235
34955508,0,0,0.69522,0.28765,0.01713
26015365,2,2,0.02042,0.18478,0.7948
13222411,2,0,0.60856,0.19275,0.19869
39872714,0,0,0.63977,0.20412,0.15612
28956935,2,2,0.00135,0.05271,0.94595
27723994,2,1,0.04556,0.53105,0.42339
25543743,2,2,0.19672,0.27115,0.53213
24315855,0,0,0.62073,0.23595,0.14332
18302842,2,2,0.0278,0.06689,0.90531
6632181,2,2,0.15674,0.179,0.66426
20492312,2,2,0.18229,0.07121,0.7465
30929297,2,2,0.00504,0.00917,0.9858
33339186,2,2,0.00254,0.04122,0.95623
1659669,2,2,0.00056,0.00751,0.99193
24182015,0,0,0.89892,0.06796,0.03312
8232271,0,0,0.79365,0.18477,0.02158
7896041,2,2,0.20075,0.12286,0.67639
32569062,0,0,0.91284,0.07828,0.00888
23519665,2,2,0.01448,0.02885,0.95667
19659746,2,2,0.12879,0.33341,0.5378
11852924,0,0,0.77126,0.18417,0.04457
6699099,1,2,0.13385,0.28518,0.58097
26503956,2,2,0.03514,0.08236,0.8825
13698448,2,2,0.08376,0.08782,0.82842
37081817,0,0,0.99742,0.00236,0.00022
6022192,2,2,7e-05,0.00379,0.99614
25573921,2,2,0.06775,0.10179,0.83046
33926432,2,2,0.21465,0.23086,0.55449
32977721,2,2,0.10993,0.39098,0.49909
32892268,2,2,0.0802,0.29977,0.62003
28294101,2,2,0.01324,0.05132,0.93544
3907065,2,2,0.0027,0.15873,0.83857
38038202,2,2,0.10142,0.24099,0.65759
12175478,2,2,0.02368,0.10554,0.87078
10119926,2,2,0.02522,0.08715,0.88763
22841152,2,0,0.39953,0.39605,0.20442
35622691,0,1,0.02514,0.62357,0.35128
7769220,2,2,0.03906,0.25131,0.70963
18946092,2,2,0.0135,0.0223,0.96421
37682900,1,1,0.04162,0.95727,0.00111
10470245,0,2,0.23976,0.37608,0.38416
36103622,0,0,0.77835,0.16618,0.05547
33847431,0,2,0.33997,0.2726,0.38743
14282512,2,2,0.32738,0.03374,0.63888
25268017,2,2,0.08415,0.09166,0.8242
32626903,0,0,0.83719,0.13643,0.02638
22030481,2,2,0.0435,0.03745,0.91904
13022139,0,0,0.71963,0.26733,0.01304
21885116,2,1,0.05752,0.7889,0.15358
29115656,2,2,0.00679,0.03343,0.95978
17147815,0,0,0.95387,0.04485,0.00127
36440683,0,0,0.58012,0.39486,0.02502
9707127,2,2,0.03675,0.03374,0.92951
3602655,2,2,0.03067,0.12741,0.84191
35386521,0,1,0.29727,0.68008,0.02266
6471185,2,2,0.00566,0.15096,0.84338
21969906,0,0,0.96547,0.0326,0.00193
228341,2,2,0.00425,0.38949,0.60626
4417771,0,0,0.85563,0.14016,0.00421
33078361,2,2,0.01448,0.06169,0.92383
21232255,0,0,0.77755,0.12405,0.09839
35715419,2,2,0.24824,0.1887,0.56307
41010097,2,2,0.24824,0.1887,0.56307
16086125,2,2,0.03891,0.11097,0.85011
34173995,2,1,0.02828,0.71265,0.25907
21729270,2,2,0.10222,0.08327,0.81451
9005095,2,2,0.01569,0.00162,0.98268
21630918,2,2,0.01895,0.02993,0.95111
2877138,1,1,0.42834,0.55761,0.01404
10536289,0,0,0.90843,0.03444,0.05714
36073245,2,2,0.00257,0.12692,0.87052
4776143,2,2,0.25338,0.30179,0.44483
2401115,2,1,0.07154,0.52279,0.40567
6020377,2,2,0.00061,0.01492,0.98446
34175577,2,2,0.00521,0.02358,0.97121
8748406,1,1,0.24656,0.6507,0.10274
26672561,2,2,0.22722,0.11094,0.66184
40431249,2,1,0.21381,0.56481,0.22138
22138337,2,1,0.11222,0.5162,0.37158
7097046,2,0,0.42032,0.36272,0.21696
15783996,2,2,0.01494,0.05116,0.9339
12120614,0,0,0.52219,0.21387,0.26394
7830486,0,0,0.80724,0.17844,0.01432
5041211,0,0,0.80847,0.11953,0.072
22733330,2,2,0.15786,0.15931,0.68282
27827954,0,1,0.20629,0.48223,0.31148
15346505,2,2,0.013,0.08274,0.90426
18445955,1,1,0.10444,0.68435,0.21121
36452274,2,2,0.00471,0.04422,0.95107
18762624,2,2,0.24824,0.1887,0.56307
17734977,2,2,0.12647,0.10127,0.77226
33712345,0,0,0.96727,0.01983,0.01289
31671120,0,0,0.78325,0.21222,0.00453
4288902,0,0,0.67623,0.21457,0.1092
4290861,2,1,0.4374,0.50886,0.05374
17265302,2,2,0.01643,0.02925,0.95432
8036273,2,1,0.25823,0.38136,0.36041
21247469,2,2,0.01148,0.05111,0.93741
23431561,0,1,0.03674,0.49678,0.46647
10972784,2,2,0.01079,0.01576,0.97345
9950242,2,2,0.04605,0.13207,0.82188
11274840,0,0,0.7146,0.17296,0.11244
41214426,2,2,0.01247,0.15297,0.83456
4617515,2,2,0.03255,0.20115,0.76629
11637679,2,2,0.00319,0.01886,0.97795
39971727,2,2,0.01919,0.11622,0.8646
16857646,0,0,0.90102,0.09722,0.00177
29950028,1,2,0.37427,0.19477,0.43096
341677,0,0,0.85844,0.0951,0.04646
30997335,2,2,0.00626,0.03536,0.95838
26489834,0,0,0.83305,0.03599,0.13096
7566673,2,1,0.05413,0.58534,0.36053
36399110,2,2,0.0557,0.44525,0.49905
20111780,1,1,0.20876,0.75047,0.04076
37548151,2,2,0.01983,0.17344,0.80673
29232244,2,2,0.08971,0.12234,0.78796
34058979,2,0,0.74234,0.14157,0.11609
17149069,2,2,0.00879,0.02121,0.97
37928490,2,2,0.02128,0.05854,0.92018
37166970,2,2,0.07234,0.1232,0.80446
4556000,2,2,0.04464,0.07875,0.87661
39149007,2,1,0.0611,0.6288,0.31009
25533068,2,2,0.03723,0.04351,0.91927
8619515,0,0,0.90133,0.08606,0.01261
36749760,2,2,0.00213,0.01094,0.98693
14256668,2,2,6e-05,0.00638,0.99356
14441214,2,2,0.02456,0.14766,0.82778
40822890,0,1,0.08011,0.81275,0.10714
23157227,0,0,0.95321,0.04136,0.00543
410928,2,2,0.07075,0.04444,0.88481
1666888,2,2,0.00784,0.02687,0.96529
38211937,2,2,0.03696,0.06991,0.89313
19642624,0,0,0.58044,0.1805,0.23906
14136811,1,2,0.37182,0.19969,0.42849
21338418,2,2,0.00181,0.02636,0.97183
792839,2,2,0.14127,0.09601,0.76272
5083166,2,2,0.00048,0.00476,0.99476
39197186,2,2,0.00156,0.01286,0.98558
22359773,0,0,0.48164,0.42638,0.09198
19231681,2,1,0.30669,0.67094,0.02237
5032096,2,2,0.00499,0.01665,0.97836
24878069,0,2,0.19488,0.23933,0.56579
16588573,2,2,0.02822,0.06543,0.90635
8989724,2,2,0.01865,0.28298,0.69837
17253802,1,1,0.22308,0.70922,0.0677
34943820,2,2,0.02882,0.09423,0.87695
8900558,2,2,0.02621,0.16057,0.81322
38915285,2,2,0.00089,0.00351,0.99559
9970145,2,2,0.04393,0.03434,0.92173
5285686,2,2,0.01847,0.02421,0.95732
36695558,0,0,0.48251,0.32768,0.18981
18598757,2,2,0.03626,0.07251,0.89123
10065976,0,1,0.48864,0.50193,0.00942
8228109,2,2,0.27893,0.084,0.63707
11971268,2,2,0.00119,0.01018,0.98863
36762463,2,2,0.03021,0.0743,0.89549
16908596,2,2,0.00447,0.00624,0.98929
40921355,2,2,0.00517,0.0566,0.93822
11213662,0,0,0.80466,0.15293,0.0424
9326917,2,2,0.02403,0.40668,0.5693
3344153,2,1,0.3183,0.66174,0.01996
29203075,0,0,0.78476,0.19159,0.02365
7505627,2,2,0.00708,0.07888,0.91404
12735865,2,1,0.2472,0.56206,0.19073
19147776,2,2,0.00362,0.08551,0.91087
39245695,2,2,0.0,0.00025,0.99975
23081347,2,2,0.2065,0.04637,0.74713
34774096,1,1,0.06903,0.88859,0.04237
15340941,2,2,0.0113,0.01479,0.97391
17715043,1,1,0.16334,0.70855,0.12811
17001821,2,2,0.00386,0.01773,0.97841
32548007,1,2,0.02285,0.05488,0.92227
18231654,2,1,0.02797,0.70281,0.26922
8518987,0,0,0.49316,0.46671,0.04013
3315060,2,2,0.03871,0.15248,0.80881
30146423,2,1,0.01733,0.8993,0.08337
8546683,2,1,0.42982,0.52408,0.0461
25894043,2,2,0.00141,0.00859,0.99
14433734,2,2,0.11087,0.15808,0.73105
36828130,2,2,0.11869,0.37675,0.50457
29130165,0,0,0.83419,0.07376,0.09205
18063370,2,2,0.00164,0.02612,0.97224
27320353,2,0,0.89524,0.08093,0.02383
15654589,0,1,0.42522,0.51537,0.05941
13848373,2,2,0.0396,0.41755,0.54285
24973999,2,2,0.05578,0.21518,0.72905
4448388,2,2,0.01241,0.04098,0.94661
15800146,2,2,0.01664,0.11003,0.87333
91516,2,2,0.0514,0.0262,0.92241
6488929,2,2,0.014,0.08129,0.90471
6558262,2,2,0.00592,0.04035,0.95373
38924816,0,0,0.89942,0.0989,0.00168
5979463,1,2,0.18835,0.11199,0.69966
29340952,2,2,0.00249,0.03336,0.96415
5452436,2,2,0.00769,0.02831,0.964
28342584,2,2,0.00172,0.24024,0.75804
36846069,2,2,0.00082,0.02796,0.97122
1650111,2,2,0.00011,0.00841,0.99148
16569378,2,2,0.00933,0.04311,0.94755
14808048,0,0,0.54201,0.24629,0.21169
35869319,0,0,0.81287,0.17886,0.00827
16620445,2,2,0.13851,0.05235,0.80913
9351669,2,2,0.0533,0.10088,0.84581
15633715,2,2,0.03871,0.2353,0.72599
25378333,2,2,0.00291,0.02046,0.97662
22459293,2,2,0.14135,0.11268,0.74597
11653765,2,2,0.00556,0.08732,0.90712
20329894,2,1,0.13378,0.85066,0.01556
38450655,0,0,0.87993,0.037,0.08307
15174563,0,0,0.92003,0.0658,0.01417
35053120,0,0,0.98542,0.01316,0.00142
35403742,2,2,0.00114,0.00274,0.99612
38347267,0,0,0.84041,0.15831,0.00128
27710240,2,2,0.04376,0.24624,0.71
17278491,2,1,0.03234,0.50845,0.45921
1470753,2,2,0.04126,0.36289,0.59585
19552877,2,2,0.00204,0.01569,0.98227
33033707,0,1,0.28825,0.65871,0.05304
3362684,0,1,0.29887,0.38943,0.3117
15423580,2,2,0.02518,0.0345,0.94033
3008067,2,0,0.35466,0.35293,0.29241
1234979,0,0,0.42893,0.25303,0.31804
19596918,2,2,0.02729,0.28282,0.68989
34023753,1,0,0.65755,0.23362,0.10883
10481584,2,2,0.0026,0.01025,0.98715
40631795,2,2,0.05302,0.06215,0.88482
33024275,2,2,0.02256,0.10828,0.86916
27434939,2,2,0.00046,0.0012,0.99834
29736808,2,2,0.00029,0.00053,0.99918
24042620,2,2,0.02331,0.15825,0.81844
8672748,2,2,0.02851,0.03848,0.933
35420931,2,2,0.0001,0.00094,0.99896
15621283,2,2,0.00213,0.04404,0.95382
4419968,2,2,0.0001,0.00211,0.99779
8623897,2,2,0.00051,0.07553,0.92396
13414356,0,0,0.98246,0.01445,0.00309
39752333,0,0,0.84059,0.12184,0.03757
7674613,2,1,0.13056,0.53698,0.33245
6182969,2,2,0.0392,0.06215,0.89865
2320497,2,2,0.00187,0.00408,0.99405
18688897,2,2,0.01091,0.02946,0.95963
15904517,2,2,0.07341,0.09503,0.83156
38690231,0,0,0.97243,0.01542,0.01215
25893670,2,2,0.00022,0.00832,0.99145
15843700,2,2,0.00036,0.11324,0.88641
13978604,2,2,0.00124,0.01845,0.98031
20775183,2,2,0.04295,0.04475,0.9123
41045695,0,0,0.67996,0.26446,0.05558
38689225,2,2,0.00911,0.04282,0.94807
34889662,2,2,0.0,0.00025,0.99975
38737246,2,0,0.50472,0.43229,0.063
31687541,0,0,0.98515,0.01368,0.00117
4090113,2,2,0.06772,0.10878,0.82349
26605020,2,2,0.29994,0.31808,0.38198
8833206,0,0,0.44878,0.36181,0.1894
29818047,2,2,0.34692,0.15711,0.49597
502861,0,1,0.37916,0.6001,0.02073
40668718,0,0,0.98213,0.01678,0.0011
12596316,0,0,0.6704,0.31109,0.01851
39598964,2,2,0.05809,0.03807,0.90384
31351451,1,1,0.03169,0.90735,0.06095
28288240,0,0,0.74174,0.21639,0.04187
25757305,0,0,0.95063,0.02639,0.02298
24556003,0,0,0.83898,0.1609,0.00012
1821575,0,0,0.75191,0.14674,0.10135
15471270,2,2,0.01231,0.03414,0.95354
22552233,2,2,0.00601,0.02024,0.97375
25645247,2,2,1e-05,0.00049,0.9995
33145201,2,2,0.17257,0.14359,0.68384
21128095,2,2,0.01954,0.05603,0.92443
40812138,2,2,0.01198,0.00388,0.98413
30238391,2,2,0.00243,0.00318,0.99439
34703655,2,2,0.01006,0.0854,0.90454
1875085,2,2,0.00012,0.00111,0.99877
33792438,0,2,0.15694,0.41795,0.42511
41392457,2,2,0.00018,0.00165,0.99817
34462530,2,2,0.02786,0.154,0.81814
10658741,2,1,0.04553,0.89021,0.06426
35665485,2,2,0.01357,0.10855,0.87788
32133525,2,2,0.00887,0.03279,0.95834
7174848,2,2,0.03103,0.06143,0.90754
2767668,2,2,0.00114,0.01843,0.98043
14150363,2,1,0.25422,0.68719,0.05859
32032075,2,2,0.01167,0.11235,0.87598
5750501,2,2,0.0779,0.03902,0.88309
25087027,2,2,0.01396,0.02202,0.96402
26601210,2,2,0.01194,0.03867,0.94939
23779775,2,2,0.07018,0.02566,0.90417
23305665,0,0,0.82911,0.14517,0.02571
9393684,2,2,0.00082,0.00705,0.99214
37699328,2,2,0.02775,0.05207,0.92018
15759588,0,0,0.7315,0.26463,0.00388
31062376,2,2,0.0074,0.01599,0.97661
6597758,2,2,0.03193,0.14714,0.82093
28368528,2,2,0.02927,0.15862,0.81211
9227385,2,2,0.0083,0.13373,0.85797
4165274,2,2,0.02024,0.06792,0.91184
15127631,2,2,0.01265,0.0229,0.96446
38078886,2,2,0.00034,0.00143,0.99823
27175433,0,0,0.64697,0.24093,0.11209
9799993,2,2,0.02519,0.05663,0.91818
28178669,0,0,0.88705,0.08066,0.03229
37196958,2,2,0.00172,0.24024,0.75804
5637213,2,2,0.00308,0.05365,0.94327
8209659,0,0,0.74592,0.2511,0.00299
26354353,0,0,0.7044,0.13177,0.16384
17935603,2,1,0.20139,0.46521,0.3334
24734090,2,2,0.00053,0.00359,0.99589
39265717,1,1,0.2288,0.64908,0.12212
22260115,2,2,0.01592,0.12635,0.85773
17410280,2,2,0.02501,0.03016,0.94484
23445549,2,2,0.04,0.08856,0.87143
7114132,2,2,0.00039,0.00844,0.99117
23587499,2,2,0.37096,0.11386,0.51518
458221,0,0,0.76681,0.23121,0.00198
29712770,1,1,0.03157,0.85452,0.11391
29356407,2,2,0.01493,0.06194,0.92313
13085851,2,2,0.00105,0.0015,0.99745
28517881,2,2,0.18861,0.32046,0.49093
6171718,0,2,0.3663,0.15313,0.48058
37559076,2,2,0.04486,0.05151,0.90363
30361142,2,2,0.12463,0.04577,0.8296
11429590,2,2,0.032,0.02557,0.94243
31761060,2,2,1e-05,0.00065,0.99934
19653632,2,2,0.03486,0.10795,0.85719
38939233,2,1,0.0668,0.59975,0.33345
8270006,2,2,0.00886,0.03126,0.95988
35015099,2,2,0.11789,0.06461,0.81749
33470265,2,2,0.03578,0.34645,0.61778
36108744,0,0,0.51057,0.08127,0.40816
27284022,2,2,0.00524,0.01826,0.9765
9718159,0,0,0.85389,0.13381,0.0123
3897471,2,2,0.0147,0.01987,0.96543
3859432,2,2,0.00894,0.00624,0.98482
28622176,2,1,0.18031,0.41537,0.40431
19648949,0,1,0.30764,0.57561,0.11675
13592819,2,2,0.01832,0.0552,0.92648
16353671,2,2,0.13775,0.15515,0.7071
35992684,2,2,0.04607,0.02842,0.92551
22296017,2,2,0.03194,0.10438,0.86368
23369924,2,2,0.00312,0.01618,0.9807
39091791,0,0,0.97509,0.0231,0.00181
9045334,2,2,0.01246,0.00293,0.98461
13529391,2,2,0.07221,0.15856,0.76923
38282853,2,2,0.00019,0.00676,0.99305
12982679,2,2,0.20985,0.23274,0.55741
257524,1,0,0.52811,0.4241,0.04779
39900783,0,1,0.38317,0.57357,0.04326
5215607,2,2,0.00277,0.05569,0.94154
23600553,2,2,0.00941,0.0237,0.96689
41567069,2,2,0.07358,0.03579,0.89063
29448955,1,0,0.80146,0.10155,0.09699
18012630,2,2,0.00793,0.02018,0.9719
9863542,2,1,0.11364,0.73597,0.15039
41065645,0,0,0.96122,0.03707,0.0017
24185747,0,0,0.67585,0.31282,0.01133
41123290,0,0,0.53956,0.29425,0.16618
11234538,2,2,0.00014,0.01271,0.98714
17670448,0,0,0.94814,0.04997,0.00189
28323266,0,0,0.72291,0.25691,0.02018
13494945,0,1,0.35323,0.63564,0.01113
34563587,2,2,0.00495,0.0029,0.99215
16726519,2,2,0.03659,0.04871,0.91469
25847171,0,0,0.97424,0.02521,0.00055
8735910,2,2,0.01624,0.01829,0.96547
35965152,1,1,0.09639,0.84478,0.05883
37464357,2,2,0.02558,0.01353,0.96089
1950853,2,2,0.01078,0.15614,0.83308
29036599,0,0,0.82515,0.04053,0.13432
4867906,2,2,0.00214,0.05029,0.94757
10167633,1,0,0.7255,0.24963,0.02487
5618274,2,2,0.11525,0.4028,0.48196
129686,2,2,0.00372,0.01542,0.98086
34603416,2,1,0.2641,0.37814,0.35777
33182514,2,1,0.2439,0.46551,0.29059
33622138,2,2,0.00762,0.03397,0.95841
19783184,2,2,0.00439,0.01794,0.97767
25869473,0,0,0.86642,0.10621,0.02737
38603727,2,2,0.06607,0.10303,0.83091
26764367,0,0,0.9978,0.00216,4e-05
41220237,2,2,0.25346,0.08799,0.65856
28395506,2,2,0.00095,0.0057,0.99336
10557139,2,1,0.17813,0.49691,0.32495
14265805,0,0,0.69139,0.25152,0.05709
35685113,2,2,0.00018,0.00038,0.99944
20743371,2,2,0.01919,0.07126,0.90955
33640111,2,2,0.00537,0.48288,0.51175
37801606,2,2,0.00697,0.10113,0.8919
7376231,2,2,0.11077,0.15193,0.7373
35460165,1,2,0.38643,0.11778,0.49579
208938,2,2,0.00539,0.00498,0.98962
19263071,2,2,0.00693,0.02709,0.96598
22988263,2,2,0.02072,0.06341,0.91587
25302535,2,2,0.00637,0.46658,0.52705
13732838,2,1,0.22126,0.43449,0.34425
38751223,0,0,0.70822,0.21226,0.07951
16500438,2,2,0.00148,0.14489,0.85363
31257811,0,0,0.42842,0.32258,0.249
16541011,2,2,0.02788,0.06778,0.90434
5084438,2,0,0.54317,0.11753,0.3393
30198072,2,2,0.08123,0.05998,0.8588
11871558,2,2,0.17971,0.1732,0.64709
11891971,2,2,0.01518,0.19878,0.78604
34272455,2,2,0.11004,0.29958,0.59037
39610462,0,0,0.83461,0.14243,0.02297
20218719,0,0,0.95633,0.04054,0.00313
5496148,2,2,0.00556,0.08732,0.90712
18052807,2,2,0.10264,0.26339,0.63397
41208045,1,0,0.88331,0.10464,0.01205
8819003,2,0,0.45156,0.10798,0.44046
3254025,0,0,0.93217,0.06352,0.00432
15680714,2,2,0.01815,0.03306,0.94879
14194449,0,0,0.92973,0.06684,0.00343
34459525,2,2,0.02522,0.08715,0.88763
21419067,2,2,0.00479,0.00735,0.98786
33625140,1,0,0.77554,0.20333,0.02112
23972474,2,2,0.00226,0.00272,0.99501
6539736,2,2,0.08614,0.01749,0.89637
4355184,1,0,0.82823,0.12033,0.05144
29493167,1,0,0.65314,0.25219,0.09466
36301846,0,0,0.86372,0.07578,0.0605
17672583,2,2,0.00891,0.01292,0.97817
14897953,2,2,0.00245,0.00643,0.99112
2417385,2,2,0.00748,0.00623,0.9863
8458030,2,2,0.00535,0.03313,0.96152
805749,1,0,0.65289,0.22407,0.12304
368665,2,2,0.03433,0.20849,0.75719
14954521,2,2,0.0,0.00055,0.99945
14257930,2,0,0.72089,0.24218,0.03692
6016176,2,1,0.08895,0.5997,0.31134
5544289,2,2,0.08629,0.07313,0.84058
28903292,2,0,0.50491,0.10852,0.38657
8951804,2,2,0.01298,0.04017,0.94685
23020325,0,1,0.05504,0.68222,0.26274
17302792,0,0,0.9546,0.03121,0.01419
6486757,2,2,0.01167,0.33223,0.6561
22990636,2,0,0.44033,0.36865,0.19102
7007219,2,1,0.03028,0.55892,0.41079
33711340,2,2,0.02562,0.12072,0.85366
29740206,2,2,1e-05,0.00081,0.99918
27183811,2,2,0.10217,0.03269,0.86514
3285831,2,2,0.05222,0.31469,0.63309
4585295,2,2,0.03136,0.02866,0.93998
23708917,2,2,0.00953,0.29167,0.6988
9002133,0,0,0.8801,0.11749,0.00241
10644331,2,0,0.54427,0.32526,0.13046
23522831,2,2,0.11897,0.04699,0.83403
13761108,1,0,0.73887,0.15248,0.10865
26420273,2,2,0.00287,0.00984,0.98729
5897741,0,0,0.99371,0.00299,0.0033
22154733,0,0,0.54222,0.43171,0.02607
26405108,2,1,0.07807,0.59624,0.32569
40442414,2,2,0.02952,0.07027,0.9002
21436664,2,2,0.30941,0.30135,0.38924
19484439,2,2,0.00648,0.01517,0.97834
10011406,0,0,0.56421,0.40531,0.03047
211236,2,1,0.02307,0.52006,0.45688
37464063,0,0,0.6814,0.23761,0.08099
21078521,2,2,0.12047,0.02919,0.85034
22023395,1,0,0.44404,0.21323,0.34273
30767479,0,0,0.93699,0.05506,0.00796
22730343,2,2,0.0049,0.03758,0.95752
37013953,0,0,0.82004,0.1736,0.00636
19828288,1,1,0.12281,0.85434,0.02286
38982445,0,0,0.49022,0.16798,0.3418
38477816,2,2,0.07496,0.36852,0.55652
19456030,2,2,0.00209,0.01021,0.98769
9665836,2,2,0.00265,0.04429,0.95305
5528070,2,2,0.0019,0.01091,0.98719
16790217,0,2,0.27206,0.22333,0.50461
39069001,0,1,0.48232,0.49838,0.0193
15402622,2,2,0.06346,0.20783,0.72871
33165737,2,2,0.03523,0.04087,0.9239
21706856,2,2,0.0082,0.01308,0.97872
5773941,2,2,0.00203,0.02519,0.97278
28513604,1,0,0.69724,0.19675,0.10601
24739703,2,2,0.00028,0.00072,0.99899
30438367,2,2,9e-05,0.01243,0.98748
12314948,0,0,0.97734,0.01484,0.00782
2534958,2,2,0.01246,0.0103,0.97724
14559838,2,2,0.02593,0.09498,0.87908
4270613,2,2,0.00909,0.0331,0.95781
31058662,2,2,0.01126,0.01554,0.9732
10829385,1,1,0.1888,0.72574,0.08545
23181970,2,2,0.0162,0.01464,0.96916
9703924,2,2,0.01578,0.18272,0.80151
2538288,0,1,0.25087,0.48298,0.26616
28248061,2,2,0.00261,0.00671,0.99068
3748634,2,2,0.1328,0.37528,0.49192
30147926,2,1,0.34998,0.55628,0.09375
1214334,0,0,0.56138,0.42891,0.0097
35727506,2,1,0.30566,0.365,0.32934
20900782,2,2,0.02261,0.19926,0.77813
9166960,2,2,0.00741,0.01493,0.97766
24964885,2,2,0.00652,0.01301,0.98047
19345076,2,2,5e-05,0.00588,0.99407
39321658,0,0,0.97649,0.02264,0.00086
15125955,2,1,0.36544,0.49744,0.13712
40493117,0,0,0.82308,0.0398,0.13711
17359863,2,2,0.09291,0.28718,0.61991
35231996,2,2,0.04099,0.17314,0.78587
36612830,0,0,0.94278,0.03458,0.02265
14019857,0,0,0.59962,0.37976,0.02063
15202079,2,2,0.0009,0.00245,0.99666
26435915,1,1,0.12774,0.48337,0.38889
19271560,2,2,0.10653,0.04961,0.84386
39797529,0,0,0.80125,0.14996,0.04878
21646824,2,2,0.05705,0.46121,0.48174
15963932,2,2,0.09107,0.17675,0.73218
33358665,0,0,0.79473,0.16867,0.03661
9615532,2,2,0.13622,0.05283,0.81095
10583097,2,2,0.00202,0.06736,0.93063
31649171,2,2,0.01913,0.03178,0.94909
4776670,2,2,0.03505,0.12912,0.83583
34920407,1,0,0.96231,0.0341,0.00359
9986095,2,2,0.02125,0.062,0.91675
37033766,2,2,0.04984,0.30431,0.64584
9634127,2,0,0.76563,0.22428,0.01009
23496314,2,1,0.02848,0.60041,0.37111
6323710,2,2,0.01496,0.01839,0.96665
39632943,2,2,0.00453,0.01584,0.97964
19538891,2,2,0.06831,0.26622,0.66547
33374807,1,0,0.79436,0.18987,0.01577
2980055,1,0,0.66964,0.31795,0.0124
39380706,2,2,2e-05,0.06502,0.93495
19104248,0,0,0.6451,0.21299,0.14191
26633505,0,1,0.47283,0.51013,0.01704
19169950,0,1,0.16026,0.6835,0.15624
25449202,1,0,0.53622,0.45283,0.01095
10158479,2,2,0.01695,0.07399,0.90906
31760413,2,1,0.03422,0.8618,0.10398
25544094,2,1,0.29032,0.6735,0.03618
37701160,2,2,0.0334,0.02509,0.94152
13746722,2,0,0.52227,0.11448,0.36325
20154943,2,2,0.00769,0.02366,0.96866
29514061,0,0,0.86407,0.07276,0.06317
22626567,2,2,0.00239,0.00696,0.99065
25187843,2,2,0.24824,0.1887,0.56307
28989987,2,2,0.05816,0.08724,0.8546
40430198,0,1,0.18923,0.6742,0.13656
24880699,2,2,0.04908,0.20036,0.75056
39695621,0,0,0.86943,0.10327,0.0273
26085045,2,2,0.05149,0.21197,0.73654
29115221,2,2,5e-05,0.00019,0.99977
25376825,2,2,0.01255,0.05007,0.93738
33813945,2,2,0.12286,0.22744,0.6497
29543733,0,1,0.32262,0.56231,0.11507
12105116,2,2,0.0096,0.18541,0.80499
19694324,2,2,0.2449,0.17078,0.58433
10561294,2,2,0.12235,0.26794,0.60972
23706794,2,2,0.00854,0.049,0.94247
40221953,2,2,0.12902,0.3148,0.55617
22637685,2,2,0.08288,0.11965,0.79747
22275371,1,1,0.11757,0.82686,0.05557
27403941,1,1,0.09566,0.84473,0.0596
32844923,0,0,0.56333,0.37495,0.06171
37929371,1,0,0.77466,0.20609,0.01924
3864287,2,1,0.35542,0.45044,0.19414
32213261,1,1,0.20358,0.70251,0.09391
16874472,1,2,0.27128,0.24479,0.48393
19796171,2,2,0.00251,0.01569,0.9818
32681002,0,0,0.94542,0.03569,0.01889
30437642,2,2,0.01739,0.08945,0.89315
18921785,0,1,0.34418,0.34475,0.31106
117344,2,2,0.25263,0.32082,0.42654
10510175,2,2,0.06876,0.12997,0.80127
35454280,2,2,0.01336,0.17284,0.8138
22755237,1,0,0.59271,0.16023,0.24707
7663458,2,2,0.01533,0.14813,0.83654
37788868,2,2,0.00123,0.02085,0.97791
14167175,2,1,0.26568,0.60468,0.12964
28615664,1,0,0.43295,0.18822,0.37883
4074549,2,2,0.02588,0.20811,0.76601
14245385,1,0,0.54723,0.28489,0.16788
5856573,2,2,0.00893,0.0609,0.93017
3728983,2,2,0.06779,0.02542,0.90678
5445660,2,2,0.0019,0.095,0.90309
35305128,2,2,0.0267,0.04332,0.92998
37798240,0,0,0.9916,0.00785,0.00054
10620503,2,2,0.00024,0.00323,0.99653
40184564,2,2,0.3284,0.22526,0.44634
15815779,2,2,0.02104,0.05121,0.92774
13166024,2,2,9e-05,0.00157,0.99834
9492389,2,2,0.02371,0.13215,0.84414
32406913,0,0,0.45989,0.18254,0.35758
29040872,2,2,0.02413,0.16864,0.80723
8904235,2,2,0.01171,0.03465,0.95364
35109986,2,2,0.03579,0.04949,0.91472
15687606,2,2,0.04378,0.0686,0.88762
4543562,2,2,0.01013,0.07608,0.91378
9623328,2,2,0.00972,0.03924,0.95104
31494040,2,2,0.0107,0.01613,0.97318
28664730,0,0,0.60097,0.1595,0.23952
17296261,0,0,0.7613,0.2186,0.0201
37220235,0,2,0.28938,0.15714,0.55348
17334002,0,0,0.83815,0.11566,0.04619
5755446,2,2,0.00101,0.01252,0.98647
19778429,2,2,0.19993,0.30535,0.49472
34410311,2,2,0.03923,0.24838,0.71239
22196271,2,2,0.04111,0.04324,0.91565
1201340,2,2,0.01325,0.08375,0.903
19796815,0,0,0.99324,0.00531,0.00145
27423782,2,2,0.05422,0.38887,0.55691
15738464,2,0,0.45349,0.29875,0.24776
41183692,2,2,0.18139,0.27554,0.54307
31637447,2,1,0.06781,0.9069,0.02529
7530342,2,2,0.07275,0.07734,0.84991
26867830,2,2,0.01528,0.03069,0.95403
31181564,0,0,0.55475,0.19695,0.24829
12439672,2,0,0.36869,0.30373,0.32759
33896193,1,1,0.29101,0.6241,0.08489
12105319,1,1,0.21764,0.54424,0.23813
23133642,2,0,0.86621,0.03519,0.0986
33426479,0,0,0.87849,0.07831,0.04321
4630431,2,0,0.51503,0.3138,0.17117
21697752,1,1,0.24468,0.66539,0.08993
1594517,1,0,0.46082,0.39161,0.14757
2964251,2,2,0.00673,0.00888,0.98439
23837325,2,2,0.00016,0.00051,0.99933
14780794,2,2,0.0176,0.03424,0.94816
30990286,2,2,0.02011,0.01817,0.96172
8386050,2,2,0.02559,0.42539,0.54903
20485572,2,2,0.00136,0.04216,0.95648
34907821,2,2,0.01518,0.02695,0.95787
30962837,2,2,0.17751,0.14157,0.68092
23022101,2,2,0.02623,0.04632,0.92745
28330176,0,0,0.93661,0.04296,0.02043
11520914,0,0,0.55695,0.40112,0.04193
21328251,2,2,0.00044,0.00802,0.99154
41536668,2,2,0.00189,0.02036,0.97775
23288912,0,0,0.69326,0.29784,0.0089
19501274,2,2,0.06064,0.18125,0.75811
18817247,2,2,0.04523,0.14724,0.80754
24143343,1,2,0.00172,0.24024,0.75804
35433610,0,2,0.26804,0.21627,0.51568
4830660,2,2,0.19768,0.03234,0.76997
33280516,2,2,0.0051,0.01762,0.97727
7582952,2,2,0.12693,0.14249,0.73058
28810645,2,2,0.01498,0.01999,0.96503
29084658,2,2,0.24824,0.1887,0.56307
4899379,0,0,0.48305,0.41012,0.10683
4679581,2,2,0.0001,0.00121,0.99869
17528505,2,2,0.01259,0.01891,0.96849
9930075,2,2,0.03685,0.45646,0.50669
37639053,0,0,0.97102,0.01817,0.01081
12306271,2,2,0.01474,0.04601,0.93925
37933935,2,2,0.06958,0.05086,0.87956
32367928,2,2,0.23847,0.02734,0.73419
22592758,2,0,0.66683,0.25975,0.07342
26746500,2,2,0.00028,0.00731,0.99241
7526018,2,2,0.13155,0.13416,0.73429
21025875,2,2,0.0004,0.00353,0.99607
35654329,2,2,0.02733,0.03991,0.93276
31553303,2,2,0.00406,0.00611,0.98984
2160427,2,2,0.00894,0.0496,0.94146
38159973,0,0,0.53607,0.44396,0.01997
23413528,0,0,0.72334,0.24714,0.02951
18318191,2,2,0.02316,0.29615,0.68069
28254715,1,1,0.06309,0.74671,0.1902
33767066,2,1,0.43616,0.45607,0.10777
16196406,2,2,0.09374,0.02237,0.8839
6234944,2,2,0.27305,0.19696,0.53
25827308,0,0,0.8864,0.10149,0.01211
16102477,2,2,0.00316,0.03179,0.96505
7670130,2,2,0.11782,0.13474,0.74744
3893928,0,0,0.99227,0.00275,0.00498
25606059,2,2,0.01376,0.07371,0.91253
14590204,2,1,0.21646,0.59483,0.18871
29903677,1,1,0.15205,0.75926,0.08869
30166514,2,2,0.00937,0.00644,0.9842
18028073,2,2,0.00046,0.00128,0.99825
6020463,2,2,9e-05,0.01243,0.98748
24891230,0,0,0.68815,0.30675,0.0051
15580445,2,1,0.10398,0.57638,0.31964
24319195,0,0,0.58298,0.32699,0.09003
1772468,2,2,0.03445,0.04267,0.92288
13691264,2,2,0.11587,0.21085,0.67328
30954431,2,2,0.01491,0.06386,0.92123
10556096,2,2,0.01528,0.05845,0.92628
38901571,2,2,0.09546,0.15403,0.75051
19259724,2,2,0.25466,0.1167,0.62863
1330290,0,0,0.89868,0.04541,0.05591
3880744,2,2,0.27075,0.08425,0.645
14411508,0,0,0.61976,0.20489,0.17535
10458366,2,2,0.00218,0.01126,0.98656
26015886,2,2,0.15377,0.2322,0.61403
9039614,2,2,0.00431,0.02724,0.96846
41271567,0,0,0.91415,0.0754,0.01045
41465914,2,2,0.12822,0.19612,0.67566
9840540,2,2,0.08205,0.08913,0.82882
30511313,2,2,0.25586,0.03448,0.70966
19838755,2,2,0.01964,0.14693,0.83343
21474671,2,2,0.04143,0.0719,0.88668
15833439,1,0,0.72535,0.2641,0.01055
19795316,2,2,0.06142,0.02623,0.91235
4973518,1,1,0.15191,0.72783,0.12027
19389007,2,2,0.17425,0.0985,0.72724
29241027,2,1,0.34309,0.50304,0.15387
557085,2,2,0.00759,0.01713,0.97528
32596877,2,1,0.27402,0.45038,0.2756
12069585,2,2,0.11163,0.08574,0.80263
14682145,2,2,0.0133,0.02904,0.95765
28458566,2,2,0.003,0.00472,0.99227
36866978,0,0,0.71049,0.19795,0.09156
12971504,2,2,0.00206,0.02717,0.97077
36485722,2,2,0.02458,0.05442,0.921
3587678,2,2,0.00598,0.12035,0.87367
30199082,2,2,0.02197,0.1929,0.78513
14113621,1,1,0.05425,0.82285,0.1229
37928567,2,2,0.11139,0.22248,0.66613
532669,2,2,0.16917,0.13523,0.6956
39902813,2,2,0.0101,0.02235,0.96754
13417899,2,2,9e-05,0.01243,0.98748
4244509,0,0,0.64168,0.34174,0.01658
887427,2,2,0.15569,0.11091,0.73341
27111377,2,0,0.44585,0.12737,0.42678
19281274,2,2,0.02089,0.03692,0.94219
4851942,2,2,0.12258,0.14705,0.73037
12519574,2,2,0.00116,0.00525,0.99358
23116569,0,2,0.28413,0.26117,0.4547
20242541,2,1,0.16756,0.49187,0.34057
29983675,0,0,0.79614,0.17226,0.03161
37236711,0,0,0.84763,0.10862,0.04375
22938802,2,2,0.01822,0.11559,0.86619
15018771,2,2,0.04762,0.01578,0.9366
36511428,2,0,0.48488,0.41609,0.09904
13492022,2,1,0.0818,0.82838,0.08981
10800542,2,1,0.07263,0.7747,0.15267
35530170,1,1,0.34965,0.62891,0.02144
40884051,2,2,0.01458,0.0857,0.89972
33027055,2,2,0.10685,0.08825,0.8049
22054132,0,0,0.76321,0.2217,0.0151
25855428,2,2,0.07735,0.16207,0.76059
39335892,0,0,0.97315,0.01202,0.01482
36499932,2,2,0.03493,0.22754,0.73753
26985271,2,1,0.15914,0.65855,0.18231
39772289,2,2,0.01583,0.06035,0.92382
9647058,2,2,0.02538,0.0414,0.93322
11443983,0,1,0.0941,0.7224,0.1835
27467953,2,2,0.12477,0.17597,0.69926
36302608,2,2,0.00843,0.05755,0.93402
10686375,0,1,0.40365,0.57174,0.02461
3379656,2,2,0.01438,0.0202,0.96542
25632596,0,0,0.8688,0.06591,0.06529
155998,2,2,0.0139,0.14118,0.84492
25019598,2,2,0.0756,0.16377,0.76062
22812203,1,2,0.28149,0.30453,0.41398
581265,2,2,0.00083,0.04446,0.95471
16916990,2,2,0.03518,0.04596,0.91885
35080702,0,0,0.80822,0.18412,0.00766
33763305,2,2,0.30607,0.19999,0.49394
29514573,2,2,0.2374,0.31909,0.44351
2058704,2,2,0.02512,0.06667,0.90821
32358813,0,1,0.3344,0.47137,0.19423
24942185,2,2,0.00061,0.01307,0.98632
27140215,2,2,2e-05,5e-05,0.99993
22426042,2,0,0.51328,0.02214,0.46458
10028913,2,2,0.00076,0.00332,0.99591
41048931,2,2,0.24824,0.1887,0.56307
541176,2,2,0.07439,0.26504,0.66057
38293887,2,2,0.00071,0.00322,0.99606
15850573,1,0,0.71327,0.26455,0.02218
17607569,2,1,0.20336,0.48372,0.31291
32460942,2,0,0.72765,0.08401,0.18834
3785981,2,2,0.10073,0.27187,0.6274
17823783,2,2,0.03676,0.05944,0.9038
13641412,2,2,0.19685,0.37999,0.42316
31184477,2,2,0.00025,0.00554,0.9942
21189207,2,2,0.00052,0.00171,0.99777
8062943,2,2,0.00116,0.05155,0.9473
33371585,0,0,0.98515,0.01191,0.00294
29818389,1,0,0.73444,0.23778,0.02778
10404997,2,2,0.07678,0.11558,0.80764
11100162,0,0,0.96768,0.02777,0.00455
32741690,2,2,0.01664,0.06224,0.92111
456057,2,2,0.0003,0.0766,0.9231
38766837,2,2,0.18196,0.1044,0.71365
20603366,2,2,0.01165,0.05446,0.93389
22637203,0,1,0.20398,0.69426,0.10176
3099159,2,2,0.07063,0.27036,0.65901
250423,2,2,0.19631,0.27772,0.52597
18225293,2,2,0.0047,0.07009,0.9252
5650274,0,0,0.62236,0.30576,0.07188
37271933,0,0,0.98457,0.01407,0.00136
39316120,0,0,0.77524,0.20373,0.02103
40684575,0,0,0.97452,0.0237,0.00178
21425878,0,0,0.94677,0.02442,0.02881
14633328,2,2,0.04969,0.181,0.76931
35699999,0,0,0.63571,0.27153,0.09276
19187465,2,2,0.05047,0.09651,0.85303
4472037,0,0,0.5095,0.29955,0.19095
39746768,2,2,0.00126,0.00583,0.9929
20300929,2,2,0.00604,0.08247,0.91149
22306432,1,1,0.07052,0.47086,0.45863
2328561,2,2,0.04348,0.12995,0.82657
11141287,1,0,0.52939,0.26946,0.20116
15957170,0,0,0.61478,0.32194,0.06327
30800078,2,2,0.01756,0.16635,0.81609
34342393,2,2,0.10415,0.07657,0.81929
16098286,2,2,0.00111,0.03346,0.96543
18670688,2,1,0.07161,0.61422,0.31417
10532628,2,0,0.50048,0.07562,0.4239
37932165,1,0,0.88281,0.1003,0.01689
12324718,0,0,0.97797,0.0126,0.00943
33908947,2,2,0.03276,0.0624,0.90484
34415784,2,2,0.00052,0.02149,0.97799
25165068,2,2,0.01491,0.07883,0.90626
28962963,0,2,0.04176,0.17975,0.77849
2328635,2,2,9e-05,0.01243,0.98748
15190209,2,2,0.00146,0.00734,0.99121
17408509,2,2,0.00851,0.03502,0.95646
8564497,2,2,0.02944,0.06828,0.90228
2819692,0,0,0.78973,0.13203,0.07824
22976742,2,1,0.39162,0.44372,0.16466
24505586,2,2,0.00022,0.00832,0.99145
23932787,0,1,0.43857,0.55178,0.00965
28694409,0,1,0.39956,0.59867,0.00176
18271606,2,2,0.06123,0.06239,0.87638
4806051,1,2,0.3181,0.19308,0.48882
10375298,2,0,0.44508,0.2747,0.28022
5042576,2,2,0.0492,0.05432,0.89648
20323956,2,2,0.05257,0.05716,0.89026
11297802,2,2,0.00018,0.03062,0.9692
33084365,0,0,0.97863,0.02086,0.0005
14364642,2,2,0.02713,0.02687,0.946
38579280,0,1,0.35925,0.63206,0.00869
28085913,0,0,0.83158,0.14477,0.02365
24552396,2,2,0.02665,0.06667,0.90668
18084770,2,1,0.15909,0.58993,0.25098
30920387,2,2,0.00316,0.01616,0.98068
11350460,2,2,0.0417,0.04804,0.91026
4648616,0,0,0.59679,0.34643,0.05678
36023957,2,2,0.01285,0.01424,0.97291
13435367,2,2,0.01108,0.10244,0.88648
9227037,1,0,0.53197,0.3134,0.15463
34555858,2,0,0.78221,0.16076,0.05704
12281712,0,0,0.96891,0.02939,0.0017
28441398,2,1,0.02903,0.62896,0.34201
25041177,2,2,0.00065,0.02682,0.97253
36621850,0,0,0.66918,0.24265,0.08817
26498657,0,0,0.98699,0.0084,0.00461
19943831,0,0,0.89614,0.0987,0.00516
26228222,2,0,0.53243,0.34165,0.12592
9217319,1,0,0.80118,0.03577,0.16305
18733943,2,2,0.00568,0.02749,0.96683
21340821,0,0,0.71263,0.14927,0.13811
14840903,1,0,0.86183,0.12172,0.01645
36984576,2,2,0.11714,0.03229,0.85057
19962279,0,0,0.88489,0.04631,0.0688
19410784,2,2,0.00523,0.0388,0.95597
26798263,2,2,0.16913,0.19553,0.63534
15027372,2,2,0.19607,0.27089,0.53304
21724488,2,2,0.02521,0.23834,0.73645
34105455,2,2,0.05848,0.13324,0.80828
6787081,2,2,0.00795,0.02084,0.97121
25364989,1,0,0.84908,0.14511,0.00581
11549932,2,1,0.12916,0.66444,0.2064
29479018,2,2,0.0014,0.00962,0.98898
36178485,0,0,0.41221,0.26159,0.3262
12835412,2,2,0.02991,0.06942,0.90067
14975398,2,2,0.03677,0.02975,0.93348
37766151,0,0,0.51328,0.02214,0.46458
28629121,1,1,0.47422,0.50674,0.01905
30095109,2,2,0.30675,0.20942,0.48383
39861085,0,0,0.63376,0.30857,0.05767
23382973,0,0,0.98131,0.01721,0.00148
3809410,2,2,0.02359,0.01586,0.96055
19298375,2,0,0.43897,0.26029,0.30074
38788552,0,0,0.66856,0.14612,0.18532
14347805,2,2,0.0002,0.00392,0.99589
40177459,1,0,0.95097,0.03709,0.01195
38111622,0,0,0.87895,0.1206,0.00046
13727608,2,2,0.00356,0.11039,0.88605
7582366,2,2,0.00402,0.00842,0.98756
1525584,2,2,0.00094,0.00605,0.99301
11436603,2,2,0.02537,0.08265,0.89198
6935729,2,2,0.00908,0.27003,0.72089
28861611,2,2,0.00075,0.00391,0.99534
27133887,2,2,0.09975,0.23882,0.66143
40750829,0,0,0.98848,0.00755,0.00398
16891923,2,2,0.0095,0.01356,0.97693
37924427,0,0,0.74517,0.19801,0.05681
35167620,2,1,0.10711,0.5547,0.33819
2219161,2,2,0.00168,0.03372,0.96459
17881328,2,2,0.002,0.01664,0.98136
10514872,2,2,0.01325,0.15354,0.83321
25932982,2,2,0.03059,0.01317,0.95624
22856545,2,2,0.00273,0.01915,0.97812
17972762,2,2,0.13866,0.03511,0.82622
14579312,2,2,0.00152,0.01526,0.98322
26452838,0,2,0.12646,0.08111,0.79243
15818590,0,0,0.70308,0.2805,0.01641
35361018,1,1,0.01746,0.87541,0.10713
5503717,0,1,0.31674,0.55192,0.13134
5167913,2,2,0.02016,0.14059,0.83925
29194994,1,0,0.65517,0.29771,0.04712
5928242,0,1,0.42234,0.51421,0.06344
16025671,2,2,0.00323,0.01064,0.98613
16930899,0,1,0.33808,0.63517,0.02675
37561873,0,0,0.99368,0.00551,0.00081
27203082,0,0,0.69309,0.17855,0.12837
30731935,2,2,0.01219,0.01115,0.97666
7776716,0,2,0.21519,0.32416,0.46065
30435165,2,2,0.00602,0.10228,0.8917
5583957,1,1,0.20874,0.73525,0.05601
15020885,2,2,0.01503,0.02394,0.96103
19376315,2,2,0.33454,0.21216,0.4533
10010327,0,0,0.68035,0.30158,0.01806
38767657,0,0,0.49476,0.18905,0.31619
35896739,2,2,0.00061,0.00352,0.99587
23005732,2,2,0.03316,0.05023,0.91661
15470378,2,2,0.01508,0.0116,0.97332
23810392,1,1,0.36405,0.62395,0.01201
11419347,1,0,0.60884,0.35976,0.0314
11585565,2,2,0.15285,0.0747,0.77245
6012362,1,2,0.3252,0.12094,0.55386
39965428,1,2,0.18594,0.31811,0.49594
39065420,2,2,0.30404,0.10955,0.5864
17862203,1,1,0.17092,0.67036,0.15873
18087717,2,2,0.1625,0.07457,0.76293
36234933,2,2,1e-05,0.00033,0.99967
16224229,2,2,0.24554,0.3447,0.40976
30806309,2,2,0.24801,0.07098,0.681
34020528,0,0,0.94867,0.03387,0.01746
2831000,2,2,0.10564,0.40328,0.49109
32235726,0,0,0.75308,0.15706,0.08986
13728856,2,2,0.15065,0.06648,0.78287
21666024,1,2,0.14615,0.1874,0.66646
26476491,2,2,0.00821,0.0768,0.91499
29969886,2,2,0.09845,0.26938,0.63217
40282273,2,2,0.00826,0.06626,0.92548
22651916,2,2,0.04065,0.15738,0.80197
28638284,2,2,0.16569,0.28579,0.54852
11132829,2,2,0.0403,0.02324,0.93646
22935436,1,1,0.10193,0.78645,0.11162
39375154,0,0,0.90119,0.09796,0.00084
6014605,2,2,0.00857,0.00784,0.98359
33816156,2,2,0.00209,0.00046,0.99745
38096363,1,2,0.15707,0.07537,0.76756
24538221,2,1,0.12836,0.54643,0.3252
4723997,2,2,0.42948,0.1406,0.42992
14428232,2,2,0.00039,0.00504,0.99457
32941552,2,2,0.06021,0.041,0.89879
56721,2,2,0.01417,0.3494,0.63643
13099638,2,2,0.10188,0.07628,0.82184
40914914,2,2,0.11533,0.06145,0.82322
33740128,2,2,0.0423,0.03099,0.92671
21597477,2,2,0.2405,0.16184,0.59766
9240349,2,2,0.05191,0.08591,0.86218
12209493,0,0,0.93567,0.05421,0.01012
225871,2,2,0.00014,0.00446,0.99541
9028887,2,2,0.03427,0.0981,0.86763
22460267,2,1,0.05782,0.62235,0.31983
29519594,2,0,0.71581,0.15225,0.13194
1650129,2,1,0.06911,0.57563,0.35526
1843996,1,2,0.05646,0.05999,0.88355
21024482,1,0,0.92842,0.05764,0.01394
12040533,2,2,0.00325,0.02176,0.97499
34308517,2,2,0.03524,0.31395,0.65081
16947028,0,1,0.3241,0.56605,0.10985
17608627,2,2,0.21545,0.20358,0.58097
8310964,2,2,0.00037,0.00733,0.9923
7906502,2,1,0.09857,0.628,0.27343
31741278,2,2,0.01731,0.0264,0.95629
27230654,2,2,0.01588,0.04156,0.94256
8651917,2,2,0.01973,0.35735,0.62292
26218064,2,2,0.00197,0.00873,0.9893
33362045,0,0,0.5939,0.21565,0.19044
2124380,2,1,0.29171,0.39569,0.3126
26274582,0,0,0.5318,0.4439,0.0243
5695684,2,2,0.0153,0.1602,0.82449
41336002,2,2,0.01354,0.01883,0.96762
26464104,2,2,0.02271,0.25568,0.72162
3996883,2,2,0.06385,0.17361,0.76254
23488232,2,2,0.15211,0.10006,0.74783
24351045,2,2,0.0,0.00025,0.99975
25277584,0,2,0.00949,0.12987,0.86064
10019556,0,0,0.59108,0.27369,0.13523
4838145,2,2,0.0008,0.00422,0.99498
22773910,2,2,0.10646,0.06487,0.82867
34832180,2,2,0.01789,0.04075,0.94136
13434238,0,0,0.90724,0.06582,0.02695
16352948,2,2,0.01733,0.34054,0.64213
31046197,0,0,0.97378,0.02328,0.00294
27014247,2,2,0.11478,0.09582,0.78939
10337487,0,0,0.77351,0.21978,0.00671
21957642,1,0,0.90812,0.08468,0.0072
28090141,0,0,0.80691,0.1244,0.06869
26720178,0,1,0.39662,0.46301,0.14037
22988172,0,0,0.58525,0.10869,0.30607
29948350,0,0,0.59886,0.37003,0.03111
9630992,2,2,0.00213,0.01094,0.98693
15037609,2,2,0.10362,0.12873,0.76764
22800113,0,0,0.93826,0.05167,0.01007
40999011,2,2,0.0292,0.19742,0.77338
30721241,2,2,0.29545,0.34957,0.35498
8759649,2,2,0.07111,0.26722,0.66167
36131368,2,2,0.0463,0.02372,0.92998
17544172,2,2,0.00431,0.02676,0.96893
20055075,2,2,0.36494,0.09619,0.53887
36104374,2,2,0.24824,0.1887,0.56307
20387350,2,2,0.01966,0.00398,0.97636
8806653,2,2,0.00137,0.00213,0.9965
25241858,2,2,0.00549,0.05266,0.94185
16976095,2,2,0.00016,0.00051,0.99934
13672838,2,2,0.03641,0.1478,0.81579
4957931,2,2,0.02035,0.0773,0.90235
38433323,0,0,0.85004,0.14723,0.00273
16240773,2,2,0.0046,0.03103,0.96437
22766627,1,0,0.8239,0.15198,0.02412
41226456,0,0,0.60341,0.28859,0.108
18059609,0,0,0.85211,0.13201,0.01589
26016346,2,2,0.00475,0.07839,0.91685
33681348,0,0,0.94525,0.04179,0.01296
4872782,2,2,0.01999,0.04105,0.93896
4563920,2,2,0.04415,0.32793,0.62793
24173145,2,2,0.02196,0.03345,0.94459
39154716,2,2,0.00568,0.00595,0.98837
28786792,2,0,0.76115,0.15204,0.08681
4385447,0,0,0.70527,0.27907,0.01566
13267395,0,0,0.96559,0.02655,0.00785
177573,2,2,0.04805,0.10261,0.84935
14364645,2,2,0.0017,0.09708,0.90122
10599127,2,1,0.22684,0.47598,0.29718
24535836,0,0,0.9695,0.02945,0.00105
4740393,2,2,0.00301,0.00537,0.99162
21773822,2,2,0.07174,0.03079,0.89747
20848765,0,0,0.88957,0.1059,0.00453
340958,2,2,0.11926,0.22826,0.65249
36040560,2,2,0.1,0.29594,0.60407
25648981,2,1,0.17648,0.65025,0.17327
40561783,0,1,0.34752,0.61738,0.03511
32234900,2,2,0.00172,0.24024,0.75804
28542674,0,0,0.35587,0.30866,0.33548
3198295,2,2,0.16232,0.26829,0.56939
6709920,2,1,0.04912,0.5239,0.42699
29942217,2,2,0.01106,0.01188,0.97706
40904020,2,2,0.24634,0.26519,0.48847
3940543,2,2,0.27608,0.27834,0.44557
19363153,2,2,0.12358,0.01968,0.85674
38421466,0,0,0.97573,0.01933,0.00495
2756629,2,2,2e-05,5e-05,0.99993
6780242,2,2,0.30128,0.27781,0.42091
19767960,2,2,0.19226,0.15971,0.64804
886935,2,2,0.03623,0.01642,0.94736
30963973,1,0,0.47699,0.33062,0.19239
14176816,2,2,0.02378,0.47788,0.49834
31098489,2,2,0.00744,0.03744,0.95513
25594077,1,0,0.61746,0.3412,0.04133
23701172,2,2,0.00311,0.0076,0.98928
11639000,2,0,0.57252,0.09198,0.3355
26366097,2,2,0.24824,0.1887,0.56307
1098718,0,0,0.94371,0.03977,0.01651
40019304,0,0,0.81736,0.12563,0.05701
23529129,0,1,0.40409,0.57745,0.01846
24672577,0,0,0.60058,0.38905,0.01036
37825940,2,2,0.03927,0.09981,0.86092
8745709,2,2,0.04456,0.02789,0.92756
32530243,2,2,0.10844,0.35911,0.53245
26125893,2,2,0.15299,0.27169,0.57532
1253481,0,0,0.95807,0.03782,0.00411
13703023,2,2,0.04642,0.10227,0.85131
37503139,0,1,0.31199,0.43847,0.24954
4756608,2,2,0.00012,0.16365,0.83622
34428705,2,0,0.81267,0.09591,0.09141
5528159,1,1,0.02977,0.66327,0.30696
21563329,0,0,0.92653,0.07106,0.00241
7318783,0,1,0.37619,0.39169,0.23212
30100294,2,2,0.00233,0.06306,0.93461
2505092,2,2,0.01436,0.01881,0.96682
18422794,2,2,0.00235,0.04605,0.9516
3203552,1,2,0.02593,0.31178,0.66229
10152358,2,1,0.12853,0.53123,0.34025
16701043,0,0,0.72337,0.24118,0.03544
4704416,2,2,0.03988,0.06031,0.89982
19136329,0,0,0.62743,0.36495,0.00761
39173920,2,2,0.02207,0.03871,0.93923
31350829,2,2,0.04195,0.06445,0.89361
22572598,2,2,0.00337,0.00612,0.99051
25547236,2,2,0.29741,0.08102,0.62156
12568374,2,2,0.02527,0.04292,0.9318
6011560,2,2,0.01432,0.01481,0.97087
18127435,2,2,0.00539,0.03321,0.96141
16748582,2,2,0.00461,0.03624,0.95915
4911254,0,0,0.97823,0.02091,0.00087
34545572,2,2,0.12827,0.12666,0.74507
30192104,2,2,0.03112,0.20715,0.76173
7106774,2,2,0.02094,0.06624,0.91282
35246134,0,0,0.66487,0.24088,0.09425
21360993,2,2,0.00062,0.00683,0.99255
24854167,2,2,0.0477,0.06321,0.88909
16439072,2,2,0.00097,0.00143,0.9976
22114742,1,0,0.80826,0.15265,0.0391
39264479,2,2,0.00191,0.01695,0.98114
6182504,2,2,0.02874,0.12633,0.84494
5507378,2,2,0.04045,0.15733,0.80223
17317323,2,2,0.05595,0.12839,0.81566
3908602,2,2,0.00152,0.03141,0.96707
33795252,2,2,0.24824,0.1887,0.56307
9116811,1,1,0.43279,0.50189,0.06532
8098999,2,2,0.10464,0.12701,0.76836
12834089,2,2,0.02597,0.05574,0.9183
28422758,2,2,0.01207,0.02937,0.95856
32204165,2,0,0.37373,0.27665,0.34962
34615856,2,2,0.034,0.33396,0.63203
36007048,2,2,0.08653,0.02854,0.88493
30085925,2,2,0.01378,0.26324,0.72298
18493218,2,2,0.2986,0.33545,0.36595
27877788,2,2,0.23091,0.17383,0.59526
4062152,2,1,0.15525,0.48639,0.35835
14348989,2,2,0.09783,0.17739,0.72478
9396599,2,2,0.02549,0.0725,0.90201
15468225,2,2,0.02281,0.17982,0.79737
22380570,2,2,0.01727,0.09379,0.88894
33311962,2,2,0.00028,0.00446,0.99526
35669185,2,2,0.00595,0.24351,0.75055
18673465,2,2,0.00106,0.00975,0.98919
37355323,2,2,0.00052,0.02149,0.97799
7347152,2,0,0.5188,0.19433,0.28687
32555123,2,2,0.00156,0.01014,0.9883
29458956,2,2,0.06449,0.10932,0.8262
8555321,2,2,0.0008,0.02778,0.97141
318014,2,2,0.00042,0.00014,0.99945
12207459,2,2,0.00043,0.04161,0.95796
37746401,0,0,0.99841,0.00127,0.00033
13748393,2,1,0.3976,0.51215,0.09025
28603466,2,2,0.01785,0.12412,0.85803
28984293,2,2,0.05372,0.1324,0.81388
36926768,2,2,0.00293,0.00343,0.99364
32137082,2,2,3e-05,0.00209,0.99788
33092906,2,2,0.02762,0.19238,0.78
23846943,0,0,0.84484,0.12972,0.02545
12404506,0,0,0.47514,0.26151,0.26335
28536027,2,2,0.0,0.01086,0.98914
37870493,1,0,0.77686,0.19315,0.02999
405649,2,2,0.00164,0.00201,0.99635
25318345,2,0,0.48724,0.10164,0.41112
36061840,2,2,0.00145,0.03382,0.96474
3651705,2,2,0.0089,0.10262,0.88847
37990934,0,1,0.37696,0.57241,0.05062
11372059,2,2,0.02684,0.09029,0.88287
7631430,2,2,0.00076,0.01414,0.9851
142227,1,2,0.09008,0.26934,0.64058
151220,1,0,0.84456,0.14881,0.00663
39371808,2,1,0.22868,0.65658,0.11474
15466951,2,2,0.02869,0.02964,0.94167
23730609,2,1,0.28511,0.39439,0.32049
36270259,2,2,0.01228,0.05501,0.93272
18986930,2,2,0.27879,0.06178,0.65943
36312131,0,0,0.9572,0.0241,0.0187
3019803,2,0,0.52936,0.05686,0.41378
25055631,2,2,0.00819,0.46129,0.53053
7429027,2,2,0.01591,0.05783,0.92627
29544056,0,0,0.35392,0.34578,0.3003
20466219,2,2,0.21944,0.19538,0.58517
19129706,2,2,0.2996,0.12253,0.57787
16039308,2,2,0.10288,0.00503,0.89209
15742767,0,1,0.27696,0.68602,0.03702
10437878,2,2,0.05092,0.03253,0.91654
11932767,2,1,0.10963,0.62351,0.26686
37355213,0,0,0.53043,0.31905,0.15052
9324302,2,2,0.00535,0.05029,0.94436
10445112,2,2,0.00356,0.04261,0.95383
10986730,0,1,0.10723,0.71183,0.18094
36697701,0,0,0.55309,0.26992,0.17699
39009910,2,2,0.00093,0.01715,0.98192
3763197,2,2,0.04569,0.33899,0.61531
19129375,1,2,0.01472,0.12418,0.8611
7626744,2,2,0.02867,0.04019,0.93114
15491191,2,2,0.01027,0.01833,0.97139
40530003,2,2,0.03041,0.139,0.8306
32165217,2,2,0.0004,0.00659,0.99301
1614668,2,2,0.10883,0.03087,0.86029
2527195,2,2,0.01692,0.01993,0.96315
23005334,1,1,0.23102,0.73319,0.03579
39459972,2,2,0.01448,0.06846,0.91706
32677215,2,2,0.24824,0.1887,0.56307
23069095,1,1,0.21154,0.52385,0.26461
20654337,2,2,0.00455,0.0226,0.97286
34949305,2,2,0.01084,0.03476,0.9544
13911771,2,2,0.11011,0.37722,0.51268
32555268,0,0,0.84001,0.03724,0.12276
943536,2,2,0.01316,0.04026,0.94658
18605482,2,2,0.03449,0.4286,0.5369
20593652,2,2,0.059,0.11623,0.82477
12892929,0,0,0.91352,0.07737,0.00912
10925268,2,2,0.03777,0.0283,0.93393
5562284,0,0,0.97959,0.01723,0.00318
20350509,2,2,0.01691,0.07593,0.90716
3440914,2,2,0.06873,0.14963,0.78164
29026552,2,2,0.00511,0.05587,0.93902
27302262,2,2,0.08415,0.12577,0.79008
16777902,2,2,0.00073,0.00255,0.99671
18317093,2,2,0.17738,0.13617,0.68644
31712230,2,2,0.00395,0.04756,0.94849
16035175,2,2,0.00201,0.20456,0.79343
6203642,2,2,0.0009,0.05919,0.93991
4448422,2,2,0.07563,0.09896,0.82541
15010194,2,2,0.00691,0.01414,0.97894
26243020,1,0,0.51781,0.22711,0.25508
36120650,2,2,0.00133,0.02656,0.97211
27820556,0,0,0.55671,0.25505,0.18824
29771872,2,2,0.09098,0.04848,0.86054
6995030,2,2,0.05253,0.09846,0.84901
35434687,0,0,0.95406,0.03775,0.00819
31908975,2,2,0.01207,0.02937,0.95856
13637346,2,2,0.00103,0.01363,0.98534
23699425,2,2,0.00819,0.02518,0.96663
38338746,0,0,0.74019,0.14519,0.11463
26948724,2,2,0.122,0.25737,0.62063
995437,0,0,0.9992,0.00027,0.00053
1595330,0,0,0.864,0.10282,0.03318
21146628,2,2,0.01837,0.01411,0.96752
37399352,1,0,0.64999,0.33636,0.01365
14870837,2,2,0.12653,0.16469,0.70878
12271896,2,2,0.00011,0.0036,0.99629
16159626,2,2,0.07366,0.06911,0.85723
15015563,2,2,0.0004,0.00278,0.99682
6986203,2,2,0.0482,0.0794,0.8724
3445481,0,0,0.94267,0.05481,0.00252
26358376,2,1,0.04972,0.49649,0.45378
39432868,2,2,0.07256,0.2179,0.70955
18268932,2,2,0.00645,0.06715,0.9264
26597861,2,2,0.00571,0.00902,0.98527
13518316,0,0,0.75917,0.22801,0.01282
35943716,2,2,0.01734,0.10254,0.88012
7198050,2,2,0.0069,0.01424,0.97886
14201647,2,2,0.12053,0.20784,0.67163
9292358,2,2,0.0287,0.01448,0.95682
10982538,2,2,0.0,0.00025,0.99975
8591418,1,1,0.1818,0.73526,0.08294
9290133,1,1,0.04358,0.48759,0.46882
24606363,2,2,0.03581,0.03007,0.93412
12030448,0,1,0.09439,0.5742,0.33141
32649646,2,2,0.16177,0.21488,0.62335
40979347,2,0,0.6151,0.3612,0.0237
345479,0,1,0.37758,0.5773,0.04512
5999890,2,2,0.09964,0.03257,0.86778
37378623,2,2,0.00816,0.02383,0.96801
768520,2,2,0.01409,0.07002,0.91589
35303669,0,0,0.47874,0.36454,0.15672
20491447,2,2,0.02112,0.02607,0.95282
23393689,0,0,0.86975,0.11481,0.01544
24197661,2,2,0.0337,0.26971,0.6966
28510940,2,2,0.01783,0.02288,0.95929
41242370,0,0,0.65872,0.08017,0.2611
24042993,2,2,0.0034,0.07563,0.92097
20146371,1,1,0.1054,0.59835,0.29625
7667761,1,0,0.80984,0.18257,0.00759
19613800,2,2,0.01928,0.04837,0.93234
24324674,2,2,0.00147,0.01311,0.98542
15637831,0,0,0.83766,0.09652,0.06582
40152786,0,0,0.84487,0.07115,0.08398
4265519,2,1,0.16026,0.58447,0.25527
40240702,2,2,0.00082,0.00637,0.99281
30437010,2,0,0.75375,0.15131,0.09494
12160726,2,2,0.07003,0.11285,0.81712
19217161,0,0,0.99545,0.00442,0.00013
35733947,2,2,0.00426,0.01179,0.98394
8383008,2,2,0.07445,0.28819,0.63736
8391805,2,2,0.06687,0.08813,0.845
11562656,2,2,0.01604,0.03032,0.95364
10440183,2,0,0.49039,0.3178,0.19181
23408785,1,0,0.72875,0.09253,0.17873
19692152,2,2,0.39203,0.13566,0.47231
38463415,2,2,0.08766,0.02147,0.89087
38560691,2,2,0.13359,0.11714,0.74928
33443121,2,1,0.04564,0.67323,0.28113
16185569,0,0,0.4907,0.14288,0.36643
35915130,0,0,0.92321,0.05652,0.02027
17316889,2,2,0.17816,0.16995,0.65189
29162285,2,2,0.00035,0.00885,0.9908
7534038,2,2,0.02946,0.26657,0.70397
23555231,2,2,0.00539,0.04686,0.94774
35353248,2,2,0.00156,0.00502,0.99341
17456139,2,2,0.26058,0.23922,0.5002
11931761,2,1,0.05973,0.53144,0.40883
17817875,2,2,0.0026,0.0061,0.9913
31446032,2,2,0.34564,0.25247,0.40189
34515896,2,2,0.14126,0.42392,0.43482
29508818,0,0,0.82058,0.16765,0.01176
8399022,0,1,0.17356,0.685,0.14143
15360934,0,1,0.05273,0.91545,0.03182
15052989,2,2,0.03321,0.05999,0.9068
32537985,2,2,0.29134,0.11594,0.59272
697113,2,2,0.01413,0.05702,0.92885
8190144,2,2,0.18563,0.27061,0.54376
30944515,2,2,0.01569,0.00162,0.98268
14432917,2,2,0.00541,0.02564,0.96895
5841842,2,1,0.07222,0.66595,0.26183
9251407,2,2,0.16408,0.21617,0.61975
31425272,0,0,0.66,0.09568,0.24432
39456319,2,2,0.03034,0.10677,0.86289
35037129,2,2,0.00249,0.00634,0.99117
4776179,2,2,0.164,0.15746,0.67854
25038482,2,2,0.05281,0.42476,0.52244
29416944,2,2,0.09097,0.33398,0.57505
4705724,2,2,0.0,0.00055,0.99945
7390306,0,0,0.36472,0.33553,0.29976
25323446,0,0,0.68117,0.23198,0.08686
16271799,2,2,0.00932,0.01071,0.97997
4430727,2,2,0.09279,0.14536,0.76186
613696,2,2,0.03816,0.19556,0.76628
41515996,0,0,0.9939,0.00581,0.00029
11392453,2,2,0.02234,0.22069,0.75697
33239010,2,2,0.0393,0.07426,0.88644
32421098,2,2,0.04489,0.33592,0.61919
24536071,2,2,0.00065,0.00353,0.99582
8492646,2,2,0.02838,0.12071,0.8509
27180765,0,0,0.95745,0.03567,0.00688
20299599,2,2,0.01434,0.09292,0.89274
35924643,1,2,0.0002,0.00472,0.99509
5541955,2,2,0.08619,0.23763,0.67617
28966889,2,2,0.0134,0.06054,0.92606
3992418,2,2,0.0805,0.26498,0.65452
31313963,2,2,0.00941,0.16147,0.82912
36092119,2,2,0.07381,0.06234,0.86385
15139375,2,2,0.00182,0.00132,0.99687
10409004,0,1,0.28195,0.4774,0.24065
1696777,2,2,0.17308,0.30303,0.52389
3425399,2,2,0.33042,0.11771,0.55187
27465403,2,2,0.03638,0.1564,0.80721
34807273,2,1,0.19901,0.71206,0.08893
15369377,2,2,0.00278,0.04522,0.952
20926712,2,2,0.02027,0.03717,0.94256
23705868,2,2,0.00069,0.12476,0.87455
20415996,2,2,0.06735,0.04462,0.88803
39293083,0,0,0.58708,0.21283,0.20009
4974562,2,2,0.01472,0.12418,0.8611
37663361,2,2,0.09499,0.35003,0.55497
24971229,0,0,0.79945,0.19577,0.00479
22150139,2,1,0.35748,0.56595,0.07658
32917564,2,2,0.25045,0.29958,0.44997
35522585,2,2,0.00039,0.00504,0.99457
1491263,1,1,0.32938,0.48758,0.18304
29256765,2,1,0.33375,0.39691,0.26934
24931338,2,2,0.01518,0.02695,0.95787
37365249,0,2,0.25999,0.03327,0.70675
2839815,0,0,0.98486,0.01474,0.0004
2402863,2,2,0.03404,0.10432,0.86164
22110946,0,0,0.98332,0.01569,0.00099
30636719,2,2,0.01594,0.0437,0.94036
20720619,0,2,0.17074,0.32965,0.49961
10917241,0,0,0.6898,0.16099,0.14921
4057304,2,2,0.00258,0.00837,0.98905
10556832,2,1,0.00218,0.71227,0.28555
34390943,2,2,0.00151,0.01348,0.98501
40817014,2,2,0.0641,0.17212,0.76378
37391108,2,2,5e-05,0.00354,0.99641
11687900,2,2,0.01409,0.09078,0.89513
18515181,0,0,0.96501,0.03121,0.00378
10290309,2,2,0.16039,0.1969,0.64271
25192938,0,0,0.84406,0.08969,0.06626
12897225,2,2,0.2333,0.02452,0.74218
38650118,0,0,0.9082,0.09104,0.00076
34906513,0,0,0.81815,0.17087,0.01098
35647426,1,2,0.0371,0.46756,0.49534
13924046,0,1,0.06197,0.48878,0.44925
6983686,2,2,0.05449,0.16371,0.7818
16936666,2,1,0.10605,0.81265,0.0813
9035972,2,2,0.00012,0.00163,0.99825
2548932,2,2,0.01242,0.07639,0.9112
12599971,0,0,0.75604,0.20207,0.04189
34855881,0,0,0.89375,0.0785,0.02775
755862,1,1,0.4702,0.47699,0.05281
4472041,2,2,0.02436,0.23139,0.74425
11191447,2,2,0.36081,0.11214,0.52705
39770995,2,2,0.25336,0.12178,0.62486
18707884,1,1,0.24148,0.66354,0.09498
27697924,2,2,0.00963,0.04096,0.94941
22734768,2,2,0.07559,0.12029,0.80412
14816078,2,2,0.01059,0.0343,0.95511
8077588,2,2,0.06639,0.01991,0.9137
1727159,2,2,0.24039,0.20927,0.55034
22138417,2,2,0.00353,0.03367,0.9628
23277075,2,2,0.08592,0.09458,0.8195
27234668,0,0,0.97434,0.02274,0.00292
26483696,2,2,0.00566,0.06335,0.93099
4988830,2,2,0.00241,0.00997,0.98762
29402446,2,2,0.02223,0.39364,0.58413
34955148,0,0,0.84981,0.10594,0.04424
36982345,2,2,0.00407,0.07477,0.92116
40697332,0,0,0.96395,0.03546,0.00059
4695458,2,2,0.00089,0.014,0.98511
5234461,2,2,0.1875,0.1476,0.6649
7017479,2,2,0.00341,0.00666,0.98993
2291777,2,2,0.00955,0.01159,0.97886
36509410,2,0,0.48755,0.09874,0.41372
25820337,0,0,0.53822,0.43771,0.02407
36321589,1,1,0.33305,0.62507,0.04188
3841697,2,1,0.0845,0.819,0.0965
755095,2,2,0.18007,0.17481,0.64513
35066000,2,2,0.03026,0.08299,0.88675
5313325,2,1,0.14801,0.58729,0.26471
24755304,2,2,0.25715,0.32721,0.41564
2404511,2,1,0.26826,0.551,0.18075
35821040,2,2,0.00304,0.0515,0.94546
36965622,2,2,0.11456,0.43363,0.45181
14370336,0,0,0.40202,0.26551,0.33247
36973837,0,0,0.82487,0.10955,0.06558
29775516,0,0,0.99604,0.00278,0.00118
38740463,2,2,0.03803,0.13517,0.8268
6910878,0,2,0.18958,0.38968,0.42074
17343856,2,2,0.05387,0.34156,0.60457
36983154,0,0,0.93391,0.01501,0.05108
41589217,2,2,0.01416,0.03403,0.95181
20698944,2,2,0.03942,0.18624,0.77434
26437110,2,2,0.00543,0.01878,0.9758
38640285,2,2,0.09796,0.1028,0.79924
11522213,2,2,0.01873,0.01508,0.96619
3274399,2,2,0.00319,0.00614,0.99067
5995024,1,1,0.28616,0.66511,0.04873
13795715,0,0,0.60984,0.37639,0.01377
16175845,2,2,0.0706,0.26788,0.66152
37475212,1,1,0.23064,0.53503,0.23433
37912260,2,2,0.03838,0.12865,0.83297
4305558,2,2,0.01306,0.01851,0.96843
5999536,2,2,0.01071,0.01559,0.9737
19423334,0,0,0.90902,0.08809,0.00288
13334351,2,2,0.00136,0.00938,0.98926
1685721,0,1,0.1499,0.64206,0.20804
5256713,0,0,0.59748,0.28052,0.122
24814028,2,2,0.00238,0.00305,0.99457
1338112,2,2,0.00621,0.03171,0.96208
4716597,2,2,0.09983,0.37021,0.52996
11034786,2,1,0.04645,0.53757,0.41598
34059676,0,1,0.15009,0.74849,0.10142
26460627,2,0,0.45197,0.2718,0.27624
41463050,2,2,0.24516,0.07286,0.68198
35786716,0,0,0.82123,0.148,0.03077
27464676,0,0,0.80847,0.09184,0.09969
23790527,2,2,0.04864,0.0773,0.87406
24228923,2,2,0.00603,0.03197,0.96201
28575072,2,2,0.05743,0.00768,0.93489
36270072,0,0,0.66211,0.30443,0.03346
23264408,1,0,0.78267,0.17479,0.04254
33420095,2,2,0.11798,0.15645,0.72558
38869289,2,2,0.07541,0.20882,0.71577
11248552,2,2,0.02534,0.21012,0.76454
26479644,0,0,0.97311,0.02492,0.00197
18866491,2,2,0.04015,0.05866,0.90119
39986863,2,2,0.00156,0.00245,0.99599
13539469,2,2,0.24824,0.1887,0.56307
23478014,0,0,0.75462,0.23174,0.01364
17987380,2,1,0.1636,0.67798,0.15842
36031470,2,1,0.11717,0.44323,0.4396
7138827,2,2,0.03232,0.04977,0.91792
472027,2,2,0.04487,0.24419,0.71094
7946126,0,1,0.34127,0.43282,0.22591
15520781,2,2,0.01504,0.02609,0.95887
18080180,2,2,0.00089,0.00124,0.99787
4963246,0,0,0.99397,0.00368,0.00235
5006116,2,2,0.00045,0.021,0.97855
6308411,0,0,0.92343,0.04981,0.02676
8383794,0,0,0.76781,0.20645,0.02574
30076814,2,1,0.03134,0.64342,0.32524
9037698,2,2,0.08964,0.04263,0.86773
474233,2,2,0.17379,0.29716,0.52905
35121068,2,2,0.00907,0.0821,0.90883
11262314,2,2,0.02934,0.0106,0.96006
14841338,2,2,0.41785,0.14465,0.4375
13620171,2,2,0.10106,0.14823,0.7507
40206962,2,1,0.35803,0.61917,0.02281
20175839,2,2,3e-05,0.00209,0.99788
9582535,2,2,0.00278,0.00535,0.99187
6303718,2,2,0.06615,0.07505,0.8588
22367999,2,0,0.46222,0.33046,0.20732
23749203,0,0,0.88631,0.10928,0.00441
30159491,1,0,0.51283,0.38932,0.09786
27354338,2,2,0.10311,0.03346,0.86343
17996958,2,2,0.00333,0.0291,0.96757
19519573,2,2,0.08274,0.04444,0.87282
11888586,2,2,0.08969,0.11308,0.79723
4245246,1,0,0.44264,0.41987,0.13749
17870501,2,2,0.00708,0.01282,0.9801
9743521,2,2,0.10741,0.11465,0.77794
3277201,2,2,0.01622,0.06653,0.91725
11363333,0,1,0.23393,0.53777,0.2283
38059365,0,0,0.85745,0.10808,0.03447
3326903,0,0,0.9244,0.06141,0.01418
27285129,2,2,0.06003,0.07251,0.86746
8071074,2,2,0.00684,0.01061,0.98255
39044234,1,1,0.36795,0.5896,0.04245
18517859,2,2,0.05564,0.01902,0.92533
40688694,0,0,0.90035,0.02954,0.07012
7764285,2,2,2e-05,5e-05,0.99993
40558774,2,2,0.0459,0.13699,0.81712
40727211,2,2,0.2095,0.23132,0.55919
2547406,0,0,0.93091,0.0399,0.02919
32409441,2,2,0.0,0.00013,0.99987
28126564,2,2,0.00148,0.00133,0.99719
12106168,2,2,0.00551,0.05038,0.9441
21564526,2,2,0.24824,0.1887,0.56307
10320226,1,0,0.4212,0.35068,0.22812
27365681,2,2,0.0174,0.01144,0.97116
35119390,2,2,0.01749,0.01842,0.96409
1543757,2,2,0.06287,0.12764,0.8095
12419876,2,1,0.22493,0.55683,0.21825
7860343,2,2,0.19178,0.02284,0.78538
7184682,0,1,0.41241,0.55544,0.03215
28764004,0,0,0.93266,0.05114,0.0162
12918963,2,2,0.00105,0.00442,0.99453
21870140,1,1,0.04816,0.60539,0.34645
15357282,2,2,0.06388,0.45038,0.48575
7171195,2,2,0.16687,0.31676,0.51637
637956,2,2,0.00239,0.00757,0.99004
37171743,2,2,0.24824,0.1887,0.56307
16439498,2,2,0.00315,0.14802,0.84883
7807825,2,1,0.06478,0.92267,0.01256
3605388,2,2,0.00206,0.0437,0.95424
31251540,2,2,0.34647,0.2318,0.42173
18913214,2,2,0.03453,0.03029,0.93519
15895752,0,0,0.78325,0.21419,0.00256
7379786,1,2,0.05179,0.32367,0.62455
28330215,0,2,0.11951,0.25917,0.62132
15479972,0,0,0.61181,0.38158,0.00661
27059684,2,2,0.01417,0.07304,0.91279
6397879,0,0,0.53092,0.3265,0.14258
23380040,0,0,0.85835,0.06024,0.08141
25480133,2,2,0.01649,0.02191,0.9616
35697489,2,2,0.05562,0.04577,0.89861
40984598,2,2,0.07662,0.32903,0.59436
40978179,0,0,0.95849,0.04111,0.0004
3663487,2,2,0.04473,0.24066,0.71461
20250114,0,1,0.47418,0.48182,0.044
34145184,2,2,0.03851,0.13508,0.82641
16674549,0,0,0.97507,0.02117,0.00376
15988658,2,2,0.08966,0.26354,0.6468
33437158,2,2,0.00083,0.03006,0.96912
37731524,2,2,0.08763,0.12029,0.79208
21543545,2,2,0.2234,0.1003,0.67631
22279324,2,2,0.11512,0.05684,0.82804
32777181,0,0,0.66407,0.19142,0.1445
19900163,1,1,0.10495,0.599,0.29605
523792,2,2,0.13783,0.17749,0.68468
23154772,2,0,0.44665,0.15385,0.39951
34106450,2,2,0.00941,0.06867,0.92192
11473982,2,1,0.29374,0.65506,0.0512
25217199,2,2,0.00669,0.05041,0.9429
4204041,2,2,0.00682,0.182,0.81118
23345893,2,2,0.00598,0.02799,0.96603
17832274,2,2,0.0025,0.00212,0.99538
754009,2,2,0.04325,0.03083,0.92592
33329670,2,2,0.01396,0.02717,0.95887
18887945,1,0,0.50367,0.06797,0.42836
35470803,2,2,0.01244,0.08745,0.90011
38504734,0,2,0.10166,0.24062,0.65772
16742753,2,2,0.00024,0.00398,0.99577
11691776,2,2,0.00437,0.28465,0.71098
8470952,2,2,0.04104,0.17433,0.78462
13129425,0,1,0.44173,0.53406,0.02421
6033613,2,2,0.02926,0.25019,0.72055
19501447,0,0,0.77675,0.17308,0.05016
13277858,2,1,0.21045,0.63394,0.15561
23689547,0,0,0.9614,0.03367,0.00493
6018385,0,0,0.73312,0.21013,0.05675
22940060,0,0,0.66985,0.30699,0.02316
18809967,2,2,0.00155,0.00503,0.99343
31575855,2,2,0.02424,0.02376,0.95199
16058226,0,0,0.52621,0.43136,0.04244
4915870,2,2,0.0069,0.00757,0.98553
19930427,2,2,0.24849,0.06335,0.68816
23562565,1,1,0.17746,0.60755,0.215
32551267,2,2,0.23102,0.02962,0.73936
30969375,2,2,0.22448,0.09379,0.68173
39124047,2,2,0.01539,0.0733,0.91131
20993353,2,2,0.00473,0.0377,0.95757
24690857,0,0,0.6893,0.13899,0.17172
27175347,0,1,0.08112,0.51811,0.40078
12285513,2,2,0.2087,0.19825,0.59305
20468404,0,0,0.47001,0.17308,0.35691
35452028,0,0,0.99841,0.00157,1e-05
23302092,2,2,0.01112,0.02103,0.96785
3569451,0,0,0.93648,0.03183,0.03169
5051764,0,0,0.73043,0.25709,0.01247
21057248,2,2,0.01505,0.01432,0.97063
11679775,0,0,0.6363,0.126,0.2377
18339204,0,0,0.86948,0.12978,0.00074
134601,2,1,0.05922,0.61148,0.3293
5208189,2,2,0.06778,0.02358,0.90865
5979292,2,2,0.0196,0.11758,0.86281
19848968,2,2,0.00119,0.00608,0.99273
37017352,1,0,0.66313,0.26604,0.07083
22196270,1,1,0.23549,0.57651,0.18801
35766208,2,1,0.27613,0.36952,0.35435
20512726,2,1,0.32467,0.62146,0.05388
6092566,0,0,0.53951,0.13239,0.3281
16941550,0,1,0.28546,0.70949,0.00506
37950028,2,2,0.001,0.00884,0.99016
19865545,2,2,0.05306,0.0702,0.87674
1932314,2,0,0.71121,0.17905,0.10974
37832484,0,0,0.97156,0.02837,7e-05
14321750,2,2,0.0069,0.02846,0.96464
41311998,2,2,0.00724,0.31747,0.67529
4662647,0,0,0.9155,0.05452,0.02999
4630946,2,2,0.0038,0.02781,0.96839
25547835,2,2,0.0215,0.04577,0.93273
14944753,2,1,0.20018,0.63069,0.16914
27941106,2,2,0.04615,0.11234,0.84151
30263014,2,2,0.00188,0.01633,0.98179
25071351,2,2,0.00794,0.01486,0.97719
4074510,2,2,0.00752,0.02928,0.9632
27822630,1,0,0.6478,0.25824,0.09396
29630180,2,2,0.01359,0.09393,0.89248
34136641,2,2,0.05857,0.23792,0.70351
11123932,2,2,0.00202,0.01683,0.98116
11965917,2,2,0.00039,0.00504,0.99457
29901535,0,1,0.25447,0.56573,0.1798
21011330,2,1,0.15335,0.65574,0.19091
4077414,2,2,0.00955,0.08763,0.90281
32186881,0,0,0.98156,0.01833,0.00011
23407141,2,2,0.00011,0.00633,0.99356
38677364,2,2,0.00879,0.01574,0.97547
10230163,2,2,0.00975,0.00795,0.9823
10239476,2,2,0.0173,0.0875,0.8952
29116048,0,0,0.79364,0.09211,0.11425
29615333,2,2,0.04381,0.2339,0.72229
6677492,2,2,0.07707,0.16748,0.75545
2932291,0,0,0.88834,0.10436,0.0073
13358602,2,2,0.17949,0.26924,0.55128
27438852,2,2,0.00724,0.01161,0.98116
20878402,2,2,0.00019,0.02292,0.97689
3136272,2,2,0.08665,0.07797,0.83538
30510387,1,0,0.37479,0.32318,0.30204
21794092,2,2,0.30435,0.04694,0.64871
40079448,2,2,0.05109,0.0366,0.9123
30407114,2,2,1e-05,0.0031,0.99689
8571787,2,1,0.05168,0.65057,0.29775
13438383,2,2,0.14064,0.16368,0.69568
20958078,0,0,0.79432,0.13247,0.07321
21499939,2,1,0.15659,0.69748,0.14593
11277150,2,2,0.06541,0.22999,0.7046
23481368,2,2,0.03354,0.05002,0.91644
10356291,2,2,0.06681,0.10194,0.83125
9587716,2,2,0.00125,0.00373,0.99502
21337767,2,2,0.0114,0.01801,0.97059
17329038,1,2,0.10476,0.13895,0.7563
18858296,2,2,0.01937,0.04184,0.9388
12536907,2,1,0.05619,0.75101,0.1928
21972895,0,0,0.66792,0.28402,0.04806
37646928,2,2,0.07881,0.17107,0.75011
20849513,2,2,0.06726,0.27189,0.66085
39791200,0,0,0.7403,0.21952,0.04019
12281524,0,0,0.97233,0.00769,0.01998
18920809,2,2,0.0951,0.28774,0.61716
38151371,2,2,0.0146,0.1192,0.86619
25002176,2,2,0.01951,0.20021,0.78028
5534135,2,1,0.10144,0.47994,0.41861
614021,1,1,0.08143,0.67442,0.24415
22446612,2,1,0.15279,0.65783,0.18938
38622519,0,0,0.90607,0.07371,0.02022
27857969,2,2,0.10901,0.32243,0.56856
12642583,0,0,0.98431,0.01365,0.00204
33369814,1,1,0.1258,0.63286,0.24135
30806976,2,2,0.10204,0.17324,0.72472
26028838,2,2,0.00209,0.00046,0.99745
5461505,2,2,0.0001,0.0003,0.9996
24376970,2,2,0.0093,0.01715,0.97355
8470054,2,2,0.08055,0.24212,0.67733
1111654,2,2,0.06666,0.13157,0.80177
36648875,0,0,0.68249,0.17008,0.14744
9704420,0,0,0.68137,0.15016,0.16847
2772385,2,2,0.3961,0.18771,0.4162
25388797,2,2,0.00207,0.16097,0.83696
17414475,0,0,0.87249,0.05882,0.06868
27652746,2,2,0.00369,0.01926,0.97705
31082950,2,2,0.00607,0.00594,0.98799
28976228,2,1,0.17704,0.66337,0.15959
38272212,0,0,0.98931,0.00901,0.00169
1635295,0,0,0.65126,0.27519,0.07355
17533098,1,1,0.2681,0.70507,0.02683
4346702,2,2,0.01996,0.13144,0.8486
40799350,0,0,0.43302,0.27782,0.28915
21851987,2,2,0.01348,0.09519,0.89133
2611881,2,2,0.02092,0.05693,0.92215
13915632,2,2,0.01217,0.0076,0.98023
29980984,0,0,0.91772,0.07136,0.01092
8099212,1,2,0.17167,0.38253,0.4458
13438841,2,2,0.0052,0.01074,0.98406
16443783,2,2,0.18346,0.04081,0.77573
24093796,2,2,0.24824,0.1887,0.56307
35630012,0,0,0.96477,0.03119,0.00405
613669,2,1,0.01886,0.50984,0.4713
2232664,2,2,0.00234,0.0457,0.95196
24843978,1,0,0.48988,0.24885,0.26127
8553599,0,0,0.53095,0.45072,0.01834
31738109,2,2,0.00413,0.06475,0.93112
9339765,2,2,0.03626,0.06676,0.89698
8346255,2,1,0.02689,0.54489,0.42822
36224210,2,2,0.01633,0.06317,0.9205
7476097,0,0,0.86999,0.07999,0.05002
25931243,0,0,0.92404,0.05141,0.02456
29437214,2,1,0.25601,0.44383,0.30016
6931105,0,0,0.58284,0.2406,0.17656
1485062,2,2,0.00121,0.06621,0.93257
8161329,0,0,0.80194,0.18041,0.01765
6783222,2,2,0.00013,0.00045,0.99942
5862346,2,2,0.19202,0.10352,0.70447
13066548,2,2,0.07128,0.25712,0.67159
9603149,2,2,0.00821,0.00399,0.98781
36517733,2,2,0.0074,0.02016,0.97244
38175653,0,0,0.96589,0.02653,0.00758
23891269,2,2,0.01433,0.21628,0.76939
9322445,2,2,0.03954,0.09418,0.86628
21539579,2,1,0.14968,0.47106,0.37926
21003464,2,2,0.05537,0.0227,0.92193
4414876,2,2,1e-05,0.00153,0.99847
29572533,2,2,0.09719,0.04983,0.85298
15155189,2,2,0.00395,0.07326,0.92279
14432461,2,2,0.22939,0.2457,0.52491
25345380,2,2,0.09884,0.22763,0.67353
28740479,2,2,0.00375,0.02615,0.9701
28967416,2,2,0.00367,0.0089,0.98743
11391831,2,2,0.00368,0.0633,0.93302
22173559,2,2,0.05299,0.14253,0.80448
28785563,0,0,0.99701,0.00297,1e-05
3788117,2,1,0.01937,0.80172,0.17891
34759971,2,2,0.01244,0.14,0.84756
11256414,0,0,0.94466,0.04082,0.01452
4513900,1,0,0.6781,0.3013,0.0206
12740252,2,2,0.01664,0.2549,0.72847
7887561,2,2,0.21551,0.37913,0.40536
17742415,2,2,0.03371,0.18616,0.78013
35498185,2,2,0.01006,0.0854,0.90454
25333104,2,2,0.00593,0.04073,0.95334
16163300,2,2,0.01038,0.01823,0.9714
16329920,2,2,0.01764,0.06194,0.92042
35288514,0,0,0.9694,0.02903,0.00157
5580098,0,0,0.97301,0.01527,0.01171
8742459,2,2,0.03208,0.17039,0.79753
12768188,0,0,0.66707,0.11327,0.21966
3486219,2,2,0.05419,0.06209,0.88372
9373877,2,2,0.00175,0.03343,0.96482
257436,2,2,0.15063,0.11016,0.73921
17007972,0,1,0.19223,0.53337,0.27441
19614192,2,2,0.03915,0.24259,0.71826
27273358,2,2,0.00025,0.07355,0.9262
4279388,0,0,0.74854,0.18028,0.07118
14225317,0,0,0.54313,0.14801,0.30885
40097239,2,2,0.00268,0.01071,0.98662
37152803,2,0,0.6283,0.1762,0.1955
10553645,2,2,0.06754,0.01304,0.91942
14432021,2,2,0.11442,0.33658,0.549
37677468,2,2,0.02663,0.09266,0.88072
9001877,0,0,0.92694,0.06289,0.01017
32740950,2,2,0.05457,0.21459,0.73084
35752613,2,2,0.04659,0.40644,0.54697
38647451,2,2,0.24969,0.07814,0.67217
41326979,2,2,0.0015,0.00534,0.99316
23063451,2,2,0.24563,0.23654,0.51783
40801068,0,0,0.59467,0.30646,0.09887
34333158,2,2,0.19966,0.03165,0.7687
39353246,2,2,0.01637,0.29568,0.68795
40200615,2,2,0.44321,0.08039,0.4764
24921171,2,2,0.04622,0.06954,0.88424
39268065,2,2,0.0187,0.02785,0.95345
40878150,2,2,0.0005,0.01542,0.98408
30704429,0,1,0.338,0.65288,0.00911
21735529,2,2,0.00211,0.01996,0.97793
22344066,2,1,0.39783,0.54386,0.05831
33121861,2,2,0.0074,0.00444,0.98817
13807434,0,0,0.74944,0.2338,0.01675
17343973,1,1,0.17632,0.47771,0.34597
40156268,2,2,0.05909,0.09591,0.845
21097049,2,2,0.05337,0.05322,0.89341
1175180,2,1,0.25956,0.42096,0.31948
19972110,2,2,0.10196,0.03672,0.86132
11480820,2,1,0.03141,0.69692,0.27166
408982,0,0,0.84296,0.08621,0.07083
34330508,2,2,4e-05,0.00727,0.99269
33223534,2,2,0.02684,0.25109,0.72207
22912125,2,2,0.02583,0.2133,0.76087
36962960,0,0,0.8693,0.11806,0.01263
23276985,1,1,0.11898,0.48636,0.39466
3765086,2,2,0.01523,0.01056,0.9742
39342078,0,1,0.20432,0.72929,0.06638
10818902,2,0,0.4047,0.25834,0.33696
29254322,2,1,0.06137,0.74662,0.19201
18996786,2,2,0.04088,0.07255,0.88657
15469169,2,1,0.20767,0.39663,0.3957
11722151,2,2,0.00174,0.01423,0.98403
9280868,0,1,0.46883,0.47534,0.05583
9730563,2,1,0.18785,0.60281,0.20934
35455948,2,2,0.005,0.00557,0.98943
17296569,2,2,0.08462,0.11979,0.79558
15436661,2,0,0.44,0.13355,0.42645
8621545,2,2,0.02017,0.18697,0.79286
21045304,2,2,0.00788,0.31273,0.67939
17151386,2,2,0.00629,0.02654,0.96717
1831632,0,0,0.98707,0.00624,0.00669
34450417,2,2,0.02971,0.02979,0.9405
36770640,0,0,0.92226,0.06233,0.0154
16764035,0,0,0.81724,0.13081,0.05194
10554918,2,2,0.17099,0.25375,0.57526
1500735,2,2,0.01227,0.1628,0.82493
18329772,2,2,0.05864,0.3274,0.61395
39660611,0,0,0.80868,0.19084,0.00048
18526638,2,2,0.07945,0.05879,0.86175
23666832,2,0,0.74877,0.08106,0.17017
24654424,2,1,0.03153,0.60948,0.35899
33125907,0,2,0.28804,0.3152,0.39676
2480362,2,2,0.00056,0.15967,0.83977
6318573,2,2,0.01902,0.01645,0.96453
14650292,2,2,0.01617,0.09346,0.89037
7102315,2,2,0.22149,0.14416,0.63435
15764464,2,2,8e-05,0.00354,0.99638
17091307,2,2,0.03512,0.0999,0.86498
26534504,2,1,0.31964,0.47347,0.20689
4817280,2,2,0.01364,0.20944,0.77692
29833616,2,2,0.18691,0.04753,0.76557
36658277,2,1,0.1006,0.56144,0.33796
3142089,2,2,2e-05,0.06502,0.93495
11753967,0,0,0.53181,0.14564,0.32255
4833193,0,0,0.55202,0.30615,0.14183
1662056,2,2,0.00839,0.01195,0.97966
36685252,2,2,0.00061,0.01055,0.98884
10846927,0,0,0.57019,0.41075,0.01906
9769820,2,2,0.00228,0.0691,0.92863
9501183,0,0,0.82524,0.04126,0.1335
38553132,0,0,0.4958,0.21721,0.28699
5351204,2,2,0.0923,0.12308,0.78462
8881177,0,1,0.09277,0.54414,0.3631
15891689,2,0,0.52929,0.18378,0.28693
31807268,1,2,0.29528,0.16061,0.54411
17300181,2,2,0.19772,0.16717,0.63512
24607109,0,0,0.43283,0.16243,0.40474
40834095,1,1,0.11117,0.67757,0.21126
29532362,0,0,0.98156,0.01833,0.00011
21895589,2,2,0.01906,0.01068,0.97026
38654139,0,0,0.68694,0.20446,0.1086
10661786,2,2,0.18217,0.30404,0.5138
23299683,2,2,0.01493,0.43167,0.5534
16472723,1,0,0.77598,0.19174,0.03228
17859644,2,2,0.02436,0.02805,0.94759
6657395,2,2,0.00254,0.01296,0.98451
14524533,2,2,0.03961,0.07313,0.88726
17707351,1,2,0.04433,0.24236,0.71331
10952489,1,1,0.09889,0.73736,0.16375
35246245,0,1,0.40192,0.52579,0.07228
3440962,2,2,0.11692,0.10729,0.77579
34808895,1,0,0.58021,0.4037,0.01609
9544624,2,2,0.02622,0.2809,0.69288
38053917,2,2,0.00059,0.00844,0.99097
29032015,2,2,0.24824,0.1887,0.56307
25939266,0,0,0.6385,0.34761,0.01389
22749259,0,0,0.89461,0.0773,0.02809
29598609,2,2,0.00358,0.02839,0.96803
15133210,2,2,0.0061,0.01905,0.97485
36316489,2,2,0.00053,0.00324,0.99623
32930127,1,1,0.43002,0.50397,0.06601
14197233,2,2,0.03746,0.08774,0.87481
39229253,2,2,0.21389,0.215,0.57111
36984958,2,2,0.00648,0.25556,0.73796
6897618,2,2,0.08501,0.39569,0.5193
28268938,2,0,0.47573,0.0826,0.44167
40581343,2,2,0.01181,0.0906,0.89759
28974975,2,2,0.00127,0.01379,0.98494
23987857,2,2,0.05997,0.15696,0.78307
32145246,2,2,0.00329,0.01676,0.97994
25947943,2,2,0.00106,0.00241,0.99653
9440140,0,1,0.40983,0.50319,0.08697
33762334,2,2,0.01564,0.06753,0.91684
9920652,2,2,0.10482,0.32434,0.57085
10828551,2,2,0.00106,0.00573,0.99321
1196491,0,1,0.32947,0.47412,0.1964
37249091,2,2,0.17288,0.30058,0.52654
26063498,1,1,0.28363,0.56982,0.14655
37649646,0,0,0.98156,0.01833,0.00011
30451222,2,2,0.1138,0.02998,0.85622
18876164,2,2,0.00707,0.05279,0.94014
33131308,2,2,0.22465,0.26945,0.5059
17512302,1,0,0.83303,0.16219,0.00478
467205,2,1,0.04598,0.47753,0.47649
11440581,2,2,0.00186,0.13002,0.86812
22219419,2,2,0.05518,0.02976,0.91507
37664810,2,2,0.03571,0.03448,0.92981
34509802,2,2,0.16568,0.0333,0.80102
39441683,0,1,0.41094,0.56979,0.01928
17303886,2,2,0.2696,0.1094,0.621
10157621,2,2,0.00031,0.01167,0.98802
7745548,2,2,0.00233,0.02224,0.97544
10977711,1,1,0.12529,0.62911,0.2456
33641443,2,2,0.05057,0.01754,0.93189
26005792,2,1,0.02687,0.55193,0.42121
17804842,2,2,0.00196,0.15599,0.84205
37796660,2,2,0.06216,0.34414,0.59369
19217993,1,1,0.4573,0.5285,0.01419
15966015,2,2,0.02151,0.09279,0.8857
12352109,0,0,0.67432,0.22177,0.10391
35955415,2,2,9e-05,0.01243,0.98748
29555668,2,2,2e-05,0.06502,0.93495
4601002,2,2,0.10157,0.36795,0.53048
12512944,2,2,0.00768,0.02333,0.96898
3162343,0,0,0.68915,0.26904,0.04181
35479906,2,2,0.01506,0.02387,0.96107
18910133,2,1,0.03496,0.93941,0.02563
3041463,2,2,0.00499,0.01665,0.97836
24631570,0,0,0.8704,0.08599,0.04361
37200070,2,2,0.04991,0.46601,0.48408
16728396,2,2,0.00015,0.00149,0.99836
40181141,2,2,0.01029,0.02877,0.96094
6679953,2,2,0.17483,0.06215,0.76303
27399656,2,2,0.10414,0.0235,0.87236
25478488,2,2,0.0026,0.04322,0.95417
32992475,0,2,0.07796,0.06385,0.85819
16550670,2,1,0.01668,0.57617,0.40715
26201130,2,2,0.02589,0.06545,0.90866
12735436,2,2,0.11976,0.06555,0.8147
39167905,2,2,0.21307,0.18603,0.6009
22064322,2,2,0.01625,0.44033,0.54342
5269050,1,1,0.33941,0.44859,0.212
13215292,2,2,0.02273,0.04352,0.93374
28650062,2,2,0.04011,0.05461,0.90527
26442499,2,2,0.06935,0.24613,0.68451
259990,2,1,0.02062,0.60508,0.3743
15173762,2,2,0.0163,0.00911,0.9746
3590754,2,2,0.00019,0.00125,0.99855
15466378,1,1,0.29472,0.50535,0.19993
25470045,1,1,0.32665,0.49734,0.17601
38710728,2,2,0.19115,0.20739,0.60146
28199935,0,0,0.93808,0.02849,0.03343
15677876,2,2,0.0137,0.04444,0.94185
39341373,2,2,0.00325,0.00543,0.99132
14102104,2,2,0.1104,0.10177,0.78783
14775902,2,2,0.05942,0.08538,0.8552
23046989,2,2,0.15003,0.32598,0.52398
39836189,2,2,0.00411,0.01444,0.98145
11145729,0,0,0.73679,0.22743,0.03579
36844118,0,0,0.88495,0.05342,0.06163
25874431,1,1,0.23997,0.45921,0.30082
28575010,2,2,0.22462,0.17895,0.59643
36871488,2,2,0.00027,0.01944,0.98029
5315229,2,2,0.00064,0.00278,0.99658
24448743,2,2,0.0014,0.01164,0.98696
344656,0,1,0.3205,0.64499,0.03451
24661688,2,1,0.07805,0.60769,0.31426
36821458,1,1,0.27417,0.38792,0.3379
33452099,2,2,0.05231,0.11033,0.83736
35876985,0,0,0.90037,0.08014,0.01949
8509086,2,2,0.00599,0.08867,0.90535
16685932,2,2,0.08352,0.15536,0.76112
39852259,0,1,0.39652,0.54788,0.0556
13667113,2,2,0.10743,0.1403,0.75228
1633471,2,2,0.01404,0.15054,0.83542
8988543,2,2,0.00822,0.01683,0.97494
34495466,0,0,0.97835,0.02077,0.00087
13484792,2,2,0.00727,0.01501,0.97772
22466327,0,0,0.84572,0.13286,0.02142
7229107,0,0,0.99531,0.00325,0.00144
9052125,2,2,0.01339,0.01696,0.96965
4786406,2,2,0.04145,0.07856,0.87998
32788764,2,2,0.46073,0.03643,0.50283
7017475,2,2,0.03821,0.05371,0.90808
39195261,2,2,0.00723,0.04963,0.94314
1325714,2,2,0.10125,0.08728,0.81147
18010463,2,2,0.00033,0.00128,0.99839
16096242,2,2,0.00686,0.05806,0.93509
17435423,1,2,0.07876,0.30923,0.61201
20027967,0,0,0.60447,0.39417,0.00136
26790330,2,2,0.0,0.00055,0.99945
14586359,2,2,0.00127,0.01123,0.9875
11312613,2,2,0.00034,0.0038,0.99587
30480693,0,0,0.52714,0.45146,0.0214
39321187,2,2,0.36636,0.06817,0.56547
35794489,2,2,0.00783,0.03918,0.95299
33762694,2,2,0.20407,0.29196,0.50397
31457598,2,1,0.2842,0.39063,0.32517
23255318,0,0,0.56433,0.35196,0.08371
20080113,2,2,0.05591,0.24965,0.69444
26843129,0,2,0.1834,0.18319,0.63341
6336272,2,2,0.01896,0.02042,0.96062
24968131,2,2,0.00621,0.22939,0.7644
12867752,2,2,0.02126,0.2076,0.77114
19864005,0,0,0.70786,0.2827,0.00944
8415627,2,1,0.24084,0.56595,0.1932
34807596,0,0,0.97525,0.01971,0.00504
17918989,2,2,0.02851,0.04238,0.92911
6889584,2,2,0.0,0.00016,0.99983
38962232,0,0,0.59322,0.20781,0.19897
19114653,2,2,0.01737,0.01675,0.96588
14955343,0,2,0.11919,0.20697,0.67384
26775680,2,2,0.15165,0.17879,0.66955
5476990,2,2,0.12627,0.15743,0.7163
13988504,2,2,0.07302,0.13487,0.79211
17803543,2,2,0.01028,0.05449,0.93523
26935862,2,2,0.00491,0.00877,0.98631
23203249,2,2,0.024,0.01399,0.962
25765029,2,2,0.03709,0.17087,0.79204
28393893,2,1,0.15972,0.4704,0.36988
15948889,2,2,0.45122,0.02535,0.52343
25835948,1,1,0.17153,0.73272,0.09575
23006462,2,2,0.00385,0.00123,0.99492
16294811,2,2,0.02462,0.1343,0.84108
33057549,2,0,0.62931,0.19414,0.17655
24688258,2,1,0.05887,0.77462,0.16651
10119742,2,2,0.0162,0.04715,0.93665
34426515,2,2,0.1531,0.12539,0.72152
33208255,0,0,0.49407,0.47556,0.03037
24535799,2,2,0.00277,0.02358,0.97365
4415727,2,2,0.1689,0.08042,0.75069
30407518,2,2,0.00111,0.08172,0.91717
2469986,2,2,0.24824,0.1887,0.56307
3113058,2,2,0.00919,0.0279,0.96291
10635311,2,2,0.02887,0.01067,0.96046
35898698,2,2,0.01186,0.02419,0.96395
10729912,0,1,0.28816,0.42801,0.28383
23008688,1,2,0.08014,0.37078,0.54909
26177973,2,1,0.01239,0.64135,0.34625
28971385,0,0,0.69562,0.22633,0.07804
18934483,2,2,0.148,0.15786,0.69414
26178412,2,2,0.0216,0.01877,0.95963
25228224,2,2,0.00286,0.05853,0.93861
13203225,1,0,0.97364,0.02197,0.00439
5253613,2,2,0.00538,0.00532,0.98929
27352352,2,2,0.00474,0.02192,0.97334
28414723,0,0,0.98603,0.01137,0.0026
35646685,2,2,0.00046,0.00169,0.99785
37847128,2,2,0.00175,0.2193,0.77895
20543370,2,2,0.0451,0.30664,0.64826
16155077,2,2,0.00172,0.24024,0.75804
1596354,2,2,0.06319,0.06722,0.86959
11373857,2,2,0.33887,0.05356,0.60757
34583076,2,2,0.11322,0.28085,0.60594
27441039,0,0,0.93026,0.05287,0.01686
9567483,2,0,0.76515,0.15681,0.07804
21334106,2,2,0.09254,0.06811,0.83935
5330775,2,2,0.0023,0.03455,0.96315
13273191,2,2,0.02023,0.11897,0.8608
40825828,2,2,0.06892,0.20608,0.725
2838625,1,1,0.24999,0.63677,0.11324
4631582,0,0,0.8445,0.12174,0.03376
21453846,2,2,0.10366,0.16903,0.72731
4238323,2,2,0.00188,0.01005,0.98807
21449792,1,1,0.07572,0.51171,0.41256
30476182,2,2,0.25113,0.07643,0.67243
37373149,2,2,0.04496,0.07018,0.88486
38892107,2,1,0.30933,0.40837,0.28231
40687201,2,0,0.51328,0.02214,0.46458
19119866,2,0,0.70426,0.0956,0.20014
2730964,1,1,0.25401,0.43324,0.31276
3560152,2,2,0.01351,0.08391,0.90258
27905043,2,2,0.13462,0.19002,0.67536
10794817,2,2,0.12485,0.18527,0.68988
9434299,2,1,0.0762,0.50523,0.41857
5142630,0,0,0.39668,0.27584,0.32748
40151198,2,2,0.19154,0.14396,0.6645
33253637,0,0,0.88944,0.10848,0.00209
25540245,2,1,0.04958,0.89804,0.05237
19028277,2,2,0.06598,0.01791,0.91611
6642737,2,0,0.42893,0.19925,0.37182
29288905,2,2,0.01076,0.05316,0.93609
24916895,2,2,0.00096,0.00688,0.99215
38951659,0,0,0.72255,0.27049,0.00696
26800847,1,1,0.47724,0.47758,0.04517
39172231,2,2,0.00934,0.25293,0.73773
25139683,0,0,0.5255,0.34079,0.13371
16349959,2,2,0.06961,0.31512,0.61527
592887,2,2,0.0206,0.01831,0.96109
31651396,1,1,0.24831,0.69412,0.05757
22611681,0,0,0.82931,0.16871,0.00198
10329871,0,0,0.87019,0.11041,0.0194
18602112,2,2,0.05019,0.09838,0.85143
32365188,2,2,0.0051,0.03291,0.96199
23180529,2,2,0.09106,0.25383,0.65511
15738099,2,2,0.00121,0.06629,0.93251
3667597,2,2,0.01418,0.00478,0.98105
22244474,0,0,0.62945,0.33014,0.0404
34195900,1,0,0.46926,0.42306,0.10768
17629245,2,2,0.03969,0.03319,0.92712
18096973,2,2,0.00161,0.03868,0.95971
33628671,0,0,0.92034,0.01909,0.06057
40906075,2,2,0.07671,0.27095,0.65235
23429824,0,0,0.53354,0.33004,0.13642
20143349,0,0,0.58579,0.34115,0.07305
40633962,0,0,0.95051,0.03718,0.01231
25124352,0,0,0.55357,0.15728,0.28915
15179452,2,2,2e-05,0.00171,0.99827
31604323,2,2,0.0074,0.09341,0.89919
33932794,2,2,0.05049,0.0987,0.8508
1008439,2,2,0.15611,0.02059,0.8233
934262,0,0,0.70838,0.22622,0.0654
13616121,2,2,0.06117,0.10241,0.83641
17583293,2,2,0.01812,0.02213,0.95975
17750070,2,2,0.16549,0.28982,0.54468
5316,2,2,0.00493,0.24407,0.75099
17881347,2,2,0.34479,0.23324,0.42197
14501817,2,1,0.31031,0.60788,0.0818
38950842,2,2,0.0334,0.20327,0.76332
17738141,2,2,0.02828,0.06618,0.90553
31778867,2,2,0.07886,0.03484,0.88629
40611661,2,2,0.01451,0.02741,0.95808
39697145,2,2,0.02544,0.08419,0.89037
21187681,2,2,0.09627,0.06395,0.83977
7452693,0,0,0.59731,0.33021,0.07248
23848950,2,2,0.01838,0.04965,0.93198
28158917,2,2,0.01006,0.0854,0.90454
31409948,0,1,0.39158,0.54355,0.06487
36493330,2,1,0.30935,0.555,0.13566
29969728,2,2,0.00146,0.00298,0.99556
31150839,2,2,0.00059,0.00357,0.99584
41486192,0,0,0.84433,0.15155,0.00412
12412627,2,2,0.00914,0.10869,0.88217
16855153,2,2,0.00502,0.00744,0.98754
27883492,2,2,0.00111,0.00624,0.99265
2657289,2,2,0.15654,0.0239,0.81955
28382716,0,2,0.45511,0.07085,0.47404
18921891,0,1,0.20096,0.67637,0.12266
22486594,2,2,0.11554,0.08773,0.79673
4836567,0,0,0.59636,0.21409,0.18955
10815503,2,2,0.0,0.00025,0.99975
35991213,0,0,0.73984,0.22451,0.03565
28195519,2,2,0.00073,0.00877,0.9905
36068724,2,1,0.06569,0.88748,0.04683
27650892,0,2,0.25825,0.2252,0.51654
34092795,2,0,0.84089,0.13979,0.01933
13422329,0,1,0.05397,0.64256,0.30347
37347062,0,0,0.9296,0.04748,0.02292
21234326,2,1,0.10861,0.46328,0.42811
32710449,2,2,0.02836,0.18026,0.79139
21642375,2,2,0.01407,0.04586,0.94007
2838019,2,2,0.12246,0.0899,0.78764
40139190,0,0,0.9728,0.02052,0.00668
20424943,2,2,0.00239,0.00725,0.99036
39702814,2,2,0.12704,0.12499,0.74798
8789207,2,2,0.11478,0.05467,0.83055
18968539,2,2,0.00267,0.07355,0.92379
14816891,2,2,0.18145,0.23807,0.58048
37569565,0,1,0.35412,0.617,0.02888
34357267,2,2,0.00445,0.01282,0.98273
39464882,2,2,0.07401,0.11424,0.81175
33499570,2,2,0.00061,0.01554,0.98385
15810189,0,2,0.07212,0.39692,0.53095
26829096,0,0,0.90588,0.04962,0.0445
36689014,2,2,0.0,0.00025,0.99975
10944188,2,2,0.25653,0.03292,0.71055
39711092,2,2,0.29256,0.11124,0.5962
23314076,2,2,0.06164,0.0888,0.84956
33314377,2,2,0.00892,0.02245,0.96863
26275055,0,0,0.94579,0.05107,0.00315
11122471,2,2,0.00043,0.00288,0.99669
2457195,0,0,0.86623,0.09842,0.03535
4885753,2,2,0.03313,0.01484,0.95203
35125444,2,2,0.00086,0.00156,0.99758
18585009,0,0,0.84748,0.11756,0.03496
8900195,2,0,0.46965,0.14068,0.38968
4259434,1,1,0.03255,0.5316,0.43585
17709973,2,2,0.00011,0.0005,0.99938
8206565,2,2,0.24824,0.1887,0.56307
34697845,0,0,0.96285,0.03499,0.00217
16633179,1,0,0.55216,0.36443,0.08341
7885163,2,2,0.0012,0.01338,0.98542
7763018,2,2,0.00546,0.05795,0.93659
9227889,2,2,0.00535,0.04589,0.94876
10453731,2,2,0.0069,0.10688,0.88622
34016020,0,0,0.96378,0.03396,0.00226
32739227,0,0,0.94417,0.05252,0.00331
28490663,1,2,0.06418,0.38637,0.54945
34203744,2,2,0.06115,0.12606,0.81279
1007250,2,2,0.00195,0.01719,0.98086
18642982,2,2,0.02924,0.00935,0.9614
12104173,2,2,0.06947,0.30186,0.62867
39333772,0,1,0.11967,0.64779,0.23253
10612834,0,0,0.79412,0.12044,0.08544
21617932,2,2,0.00159,0.00514,0.99327
38254334,2,2,0.21058,0.09134,0.69808
41465625,2,2,0.00126,0.03621,0.96253
4158815,2,0,0.53925,0.11569,0.34506
12614309,2,2,0.01145,0.06727,0.92128
39443675,2,2,0.06688,0.03926,0.89386
27310187,2,2,0.05413,0.12992,0.81595
11412103,2,2,0.01237,0.07906,0.90857
16642829,2,2,0.01101,0.01258,0.97641
23710450,2,2,0.3425,0.07688,0.58062
21336845,0,0,0.88754,0.10683,0.00563
2771878,2,2,0.00169,0.01013,0.98818
2577106,2,2,0.0025,0.05673,0.94077
37548570,1,1,0.14998,0.52192,0.3281
24924486,2,2,0.00413,0.04508,0.95079
20531625,2,2,0.01206,0.11472,0.87323
35141596,2,2,0.00059,0.00198,0.99743
41467895,1,1,0.23057,0.53357,0.23587
22985384,2,2,0.01783,0.04968,0.93249
7873455,2,2,0.0113,0.00931,0.97939
25148356,2,2,0.00499,0.01665,0.97836
33537394,2,2,0.00925,0.20733,0.78343
40134354,2,2,0.00591,0.03397,0.96012
16870530,2,2,0.03622,0.03194,0.93184
30268341,2,2,0.06735,0.28646,0.64619
32972288,2,2,0.01265,0.04358,0.94377
5020173,1,2,0.14711,0.3787,0.4742
27976581,2,1,0.10381,0.8661,0.03009
29427563,0,0,0.56195,0.09054,0.34751
34292924,2,2,0.01565,0.02167,0.96268
40670232,2,2,0.00837,0.00234,0.98928
9483946,2,2,0.14912,0.36227,0.4886
13099771,2,2,0.00347,0.00408,0.99245
30089311,2,2,3e-05,0.00209,0.99788
40599653,2,2,0.00205,0.06915,0.9288
25927116,2,2,0.00931,0.02097,0.96972
35933701,0,2,0.24824,0.1887,0.56307
16772386,2,2,0.04748,0.37805,0.57447
19716574,2,2,0.06364,0.15845,0.77791
36267470,2,2,0.01579,0.01263,0.97158
10771807,0,0,0.88806,0.10134,0.0106
4858812,2,2,0.0026,0.03379,0.96361
5268657,1,1,0.3236,0.46903,0.20738
1950847,2,0,0.41715,0.26297,0.31987
4106296,0,0,0.88132,0.02618,0.0925
1112604,2,2,0.06888,0.08766,0.84346
37331613,2,2,0.01529,0.08257,0.90214
6292690,2,2,0.00223,0.00435,0.99341
24179397,2,2,0.00115,0.00485,0.994
32225706,2,2,0.04998,0.07103,0.87899
18499251,2,2,0.00208,0.013,0.98493
4242231,2,2,0.20278,0.16727,0.62995
37718195,1,0,0.7794,0.17539,0.0452
11267913,0,0,0.96177,0.0296,0.00863
31324422,2,2,0.02421,0.03004,0.94575
17695439,2,1,0.0443,0.74268,0.21302
3995394,2,2,0.04576,0.06588,0.88837
28418117,2,2,0.00356,0.11039,0.88605
24404459,2,2,0.44048,0.07996,0.47955
20655805,2,2,0.05085,0.17963,0.76951
9226881,2,1,0.07741,0.63652,0.28607
6018942,2,2,0.00082,0.03109,0.96808
36610719,2,1,0.24222,0.42051,0.33727
31067598,0,0,0.41273,0.34233,0.24494
33894707,2,2,0.03294,0.06269,0.90438
10344660,2,0,0.39698,0.25908,0.34394
19432186,0,0,0.96369,0.03377,0.00254
14960087,2,2,0.00636,0.01511,0.97853
33940570,2,2,0.32329,0.26612,0.41059
22581923,2,2,0.01055,0.11241,0.87704
36842782,2,2,0.00388,0.07319,0.92293
2943553,2,2,0.00973,0.01414,0.97613
32280405,2,2,0.24824,0.1887,0.56307
5293164,2,2,0.00371,0.00624,0.99005
17991669,2,2,0.00261,0.01076,0.98663
34093966,2,0,0.5601,0.11993,0.31996
17509380,2,2,0.00172,0.24024,0.75804
37975237,2,2,0.06723,0.14186,0.79091
8577295,2,1,0.14876,0.59503,0.25622
9346340,2,2,0.05706,0.22028,0.72266
27822961,2,2,0.11849,0.29174,0.58978
15531107,1,0,0.75486,0.23861,0.00653
27905767,2,1,0.05126,0.64303,0.30571
40036797,2,2,0.00264,0.00654,0.99083
9909116,0,0,0.87464,0.11925,0.00611
13579070,2,2,0.00124,0.02147,0.97729
34616719,2,2,9e-05,0.00049,0.99942
10934149,1,2,0.07355,0.25329,0.67315
6257481,2,2,0.02982,0.08329,0.88688
11421961,2,2,0.01279,0.04036,0.94685
35823766,1,1,0.20588,0.42664,0.36748
2651049,2,2,0.35281,0.16295,0.48424
24396831,2,1,0.07282,0.56555,0.36163
8674680,0,0,0.97438,0.02045,0.00517
41506837,0,2,0.00433,0.02942,0.96624
41110493,0,0,0.83514,0.15276,0.0121
14031904,0,2,0.23517,0.27032,0.49451
15066671,2,2,0.00027,0.00992,0.98981
29381931,2,2,0.05431,0.13552,0.81017
14694469,0,1,0.43741,0.44606,0.11653
7982059,2,2,0.24824,0.1887,0.56307
23329298,0,2,0.4424,0.11068,0.44691
22428637,1,1,0.33462,0.4832,0.18218
31860321,1,2,0.29836,0.08079,0.62085
28367527,0,0,0.93311,0.05895,0.00794
6131405,2,2,0.02739,0.04026,0.93235
23689834,0,0,0.68001,0.30983,0.01015
4964436,2,2,0.07952,0.06124,0.85924
25192907,2,2,0.07378,0.21373,0.71248
14191153,0,0,0.79353,0.10753,0.09895
12127473,2,1,0.05051,0.57207,0.37742
34897955,2,2,0.01419,0.0671,0.91871
37989781,2,1,0.30211,0.47147,0.22642
33212307,1,1,0.31794,0.40618,0.27588
4106887,2,1,0.25526,0.4015,0.34324
37098643,0,2,0.10684,0.25983,0.63334
39669096,2,1,0.02934,0.57013,0.40053
8830333,2,2,0.01792,0.2333,0.74878
22575699,2,2,0.02401,0.02327,0.95272
31761892,0,0,0.96689,0.02866,0.00445
18659402,2,2,0.00719,0.02319,0.96962
22977748,2,2,0.00031,0.04104,0.95865
7032266,0,0,0.99124,0.00763,0.00113
35924620,0,2,0.05393,0.06835,0.87772
8940430,1,1,0.42343,0.55221,0.02436
12533313,2,2,0.01016,0.08083,0.90901
22206364,2,0,0.68678,0.18934,0.12388
40090338,2,2,0.03703,0.12419,0.83879
34188658,2,2,0.30919,0.11131,0.5795
8756879,2,1,0.37012,0.40758,0.2223
40698777,0,0,0.46687,0.44626,0.08686
40319266,0,0,0.88368,0.07823,0.03809
11993785,2,2,0.01608,0.02335,0.96056
37769695,2,1,0.41552,0.43142,0.15306
14354992,2,2,0.01157,0.31164,0.67679
28603166,2,1,0.07307,0.6978,0.22913
11654794,1,0,0.96028,0.03052,0.0092
2195365,0,0,0.92897,0.04601,0.02502
21336511,0,0,0.88136,0.10505,0.01359
14550877,2,2,0.00949,0.06172,0.92879
31351981,2,2,0.01383,0.06647,0.9197
31688016,0,0,0.90821,0.08745,0.00434
28381360,0,0,0.73344,0.20287,0.06368
8871901,0,0,0.99534,0.00434,0.00032
22416735,2,0,0.72986,0.23003,0.04011
32600843,2,2,0.06179,0.14418,0.79403
41557831,1,1,0.37897,0.45126,0.16977
10233141,2,2,0.14098,0.09176,0.76726
11563688,1,1,0.27884,0.43636,0.2848
36934176,2,2,0.00648,0.00631,0.98721
24007945,2,2,0.1655,0.03683,0.79767
39494561,0,0,0.93413,0.05579,0.01008
33535861,0,0,0.59111,0.36778,0.04111
32548513,2,2,0.25641,0.17523,0.56836
32023312,2,2,0.13779,0.23233,0.62988
19452017,2,2,0.022,0.19197,0.78604
29118796,2,2,0.00982,0.08493,0.90525
1874425,2,2,4e-05,0.0024,0.99756
41416990,0,0,0.49449,0.49051,0.01499
9214839,2,2,0.00736,0.04975,0.94289
39427597,0,0,0.95153,0.04358,0.00488
23573477,2,2,0.02682,0.01837,0.95481
24147508,2,2,2e-05,5e-05,0.99993
13536411,2,2,0.0031,0.04159,0.95531
18819166,0,0,0.57282,0.42141,0.00577
13624940,2,2,0.07878,0.08387,0.83735
26293153,2,2,0.00978,0.0532,0.93702
18912242,2,2,0.00399,0.01002,0.986
11765044,2,1,0.09671,0.88717,0.01612
38067357,2,2,0.06394,0.02598,0.91008
36439852,2,2,0.00532,0.01631,0.97837
6356980,2,2,0.00846,0.01925,0.97229
17703702,0,0,0.53918,0.307,0.15382
18120985,2,2,0.00499,0.0206,0.97441
16573682,2,2,0.00421,0.01087,0.98493
25573339,2,2,0.0037,0.03572,0.96058
29475730,2,2,0.05886,0.1377,0.80344
36793372,2,1,0.1057,0.69685,0.19745
24407963,0,0,0.72857,0.22158,0.04985
5782428,0,2,0.36294,0.15572,0.48134
17291395,2,1,0.11051,0.85791,0.03158
34589969,2,2,0.24824,0.1887,0.56307
40422234,2,2,0.23844,0.11633,0.64523
20905671,2,2,0.05476,0.09908,0.84616
35193649,2,2,0.00195,0.00394,0.99411
29263558,2,2,0.29699,0.1547,0.5483
30394178,0,0,0.99507,0.00456,0.00038
21508117,0,0,0.6807,0.24624,0.07306
17458444,0,0,0.72936,0.18538,0.08526
727039,2,2,0.11188,0.16133,0.72679
35882448,2,2,0.00114,0.00178,0.99708
9950484,0,0,0.66556,0.32876,0.00567
34022217,0,0,0.91696,0.07948,0.00356
34401871,2,2,0.01495,0.01326,0.97178
33457620,2,2,0.20709,0.09397,0.69895
25495242,2,2,0.00028,0.00453,0.99518
30117495,2,2,0.04256,0.10383,0.85361
25498625,0,0,0.56955,0.41443,0.01602
34679887,2,2,0.24824,0.1887,0.56307
2228712,2,2,0.05019,0.09838,0.85143
22777458,1,1,0.02334,0.88776,0.0889
23871505,2,2,0.00222,0.0115,0.98627
11740278,2,2,0.0239,0.03719,0.9389
25911531,2,2,0.00363,0.13173,0.86463
19192736,0,0,0.98763,0.00629,0.00608
21084990,0,0,0.9772,0.01154,0.01126
35034272,2,2,0.04677,0.0671,0.88613
554524,2,1,0.0094,0.76228,0.22832
32170150,2,2,0.00521,0.0135,0.98129
40532347,2,2,0.27516,0.0459,0.67894
546751,2,2,0.00047,0.02557,0.97397
39420317,2,2,0.31944,0.30898,0.37158
38668637,1,1,0.12931,0.71509,0.1556
1415587,0,0,0.99172,0.00823,5e-05
17658511,2,2,0.04759,0.11432,0.83809
29296028,2,2,0.00129,0.11596,0.88275
3166282,2,2,0.09077,0.02364,0.88559
8383018,2,2,0.06477,0.15722,0.77801
16352661,2,2,0.11185,0.11393,0.77421
4698524,1,0,0.64356,0.24933,0.10712
22277657,2,2,0.03658,0.11068,0.85274
26588971,0,0,0.89116,0.05512,0.05372
38465190,2,2,0.00356,0.11039,0.88605
38192114,2,2,0.39009,0.21655,0.39336
20855429,2,0,0.59333,0.08362,0.32306
3070874,2,2,0.0098,0.24695,0.74324
7611586,2,1,0.124,0.46236,0.41363
19223729,2,2,0.01719,0.01695,0.96586
31316330,2,1,0.15907,0.42567,0.41526
37071026,0,0,0.90654,0.05604,0.03742
42964,2,1,0.10959,0.71502,0.17539
40215032,2,1,0.04406,0.65019,0.30575
26507281,2,2,0.00181,0.01542,0.98277
35302601,2,2,0.10314,0.38787,0.50899
41321060,0,0,0.67288,0.09697,0.23014
30429144,2,2,0.35514,0.14949,0.49537
5992389,2,2,0.00526,0.03328,0.96146
23919550,2,2,0.00483,0.02223,0.97294
23266738,2,2,0.06362,0.02818,0.9082
37807730,0,0,0.54944,0.42068,0.02988
4602942,2,2,0.18836,0.35658,0.45506
16453602,2,2,0.22889,0.19955,0.57155
2288398,2,2,0.04927,0.21744,0.73329
14457467,2,2,0.00022,0.00832,0.99145
28577152,2,1,0.22706,0.70839,0.06456
7454990,2,2,0.00361,0.00557,0.99082
13352110,2,2,0.00971,0.0532,0.9371
5042310,2,2,0.00015,0.00616,0.99368
1512872,2,2,0.059,0.10369,0.83731
1449345,0,0,0.98792,0.00971,0.00237
32623417,0,0,0.88007,0.09772,0.02221
1456760,2,2,0.06559,0.12061,0.81381
22151690,2,2,0.00239,0.00266,0.99494
16771434,1,0,0.94007,0.0571,0.00283
1033847,2,0,0.47603,0.33274,0.19123
18699257,0,1,0.44939,0.48899,0.06161
3038050,2,2,0.03916,0.15865,0.80219
27003260,2,2,0.00777,0.178,0.81423
9973944,2,2,0.10544,0.14017,0.75439
4207518,0,0,0.78749,0.20346,0.00905
29022259,0,0,0.91492,0.0767,0.00838
30991324,1,2,0.01635,0.48159,0.50205
14187214,2,2,0.01023,0.03879,0.95098
8566509,0,0,0.58476,0.38769,0.02756
39234307,2,2,0.0506,0.03515,0.91424
14851388,2,2,0.01387,0.03884,0.94729
14246331,0,0,0.96282,0.03439,0.00279
32017199,0,1,0.41489,0.55877,0.02634
11400415,2,2,0.06978,0.06302,0.86719
31168790,0,0,0.83605,0.13405,0.0299
4765120,2,2,0.00397,0.05604,0.93999
37915289,0,0,0.68583,0.30012,0.01405
532260,2,2,0.00493,0.02512,0.96995
37111939,0,0,0.97231,0.02344,0.00425
2258085,2,2,0.00022,0.00842,0.99136
40340464,0,0,0.74997,0.11838,0.13166
10342114,2,2,0.00286,0.02611,0.97103
8161769,2,2,0.08965,0.17266,0.73769
25599448,2,2,0.01471,0.02617,0.95912
39792664,1,1,0.27464,0.69533,0.03003
24315352,2,2,0.14684,0.09386,0.7593
28025358,2,0,0.47537,0.13917,0.38546
13537320,2,2,0.01006,0.0854,0.90454
27369510,1,0,0.75732,0.10759,0.13509
11203004,1,0,0.4361,0.24148,0.32242
1509629,2,2,0.03419,0.12632,0.83949
23100106,2,2,0.01973,0.05171,0.92857
37377660,2,2,0.03905,0.10433,0.85662
29310970,0,0,0.52126,0.24061,0.23813
25562420,2,1,0.26181,0.61647,0.12172
30063979,1,0,0.80407,0.13191,0.06402
12079362,0,2,0.35015,0.29323,0.35661
14782670,2,2,0.0872,0.32808,0.58473
25418322,2,0,0.60125,0.37413,0.02462
35529553,2,0,0.88185,0.08445,0.03371
28613675,2,2,0.00394,0.02665,0.96942
8593750,0,0,0.97925,0.01824,0.00251
39277990,1,0,0.8954,0.06411,0.04049
24393787,2,2,0.0565,0.05358,0.88992
28725272,2,2,0.00513,0.05744,0.93743
1132952,2,2,0.06042,0.27692,0.66267
26769529,1,0,0.41061,0.32288,0.26651
25131517,2,1,0.03944,0.80511,0.15545
3554582,2,2,0.01019,0.43955,0.55026
22509939,2,2,0.2116,0.25054,0.53787
35628002,2,2,0.03155,0.007,0.96146
34203671,2,2,0.00011,0.02809,0.9718
30140310,0,1,0.21161,0.67737,0.11102
36244997,2,2,0.1089,0.15677,0.73432
6377011,2,2,0.02648,0.01918,0.95435
18787403,2,2,0.01569,0.02113,0.96318
32429441,2,2,0.04422,0.02436,0.93142
4964861,2,2,0.00168,0.00721,0.99111
7308491,2,2,0.00864,0.04027,0.95109
4255855,2,2,0.00064,0.00303,0.99633
40920806,0,0,0.91078,0.08419,0.00503
12644151,2,2,0.03492,0.0919,0.87318
728741,2,1,0.04365,0.65761,0.29873
11377082,2,2,0.23029,0.22181,0.5479
36983076,2,2,0.00887,0.02328,0.96785
9670601,2,0,0.78209,0.11955,0.09836
19843436,2,2,0.20039,0.07617,0.72343
4450673,0,0,0.65659,0.32882,0.01458
31043761,2,2,0.00821,0.08183,0.90996
21689511,1,0,0.65641,0.26788,0.07571
34905143,2,2,0.16277,0.0323,0.80493
30922410,0,1,0.41246,0.55445,0.03309
2054243,2,2,0.10831,0.2797,0.61199
18433364,1,1,0.07693,0.89869,0.02438
8919223,2,2,0.0012,0.00672,0.99207
13145233,0,0,0.96679,0.0244,0.00881
953480,2,2,0.00125,0.0212,0.97755
32076201,2,2,0.04841,0.02218,0.92941
8754572,2,2,2e-05,0.00197,0.99801
2944948,2,1,0.12899,0.61301,0.258
31281065,0,0,0.62516,0.34278,0.03205
8675447,2,2,0.00077,0.00352,0.99571
29916942,2,2,0.10658,0.1412,0.75222
13821489,2,2,0.05088,0.08881,0.86031
25645236,2,2,0.0057,0.03729,0.95701
13066206,2,2,0.2962,0.06422,0.63958
22716304,2,2,0.0016,0.01842,0.97998
36887942,0,0,0.97896,0.01363,0.00741
13284264,2,2,0.01615,0.03228,0.95157
37266985,2,2,0.00342,0.00324,0.99334
4257947,2,2,0.01311,0.04046,0.94644
1413329,2,2,0.00038,0.01259,0.98703
19034880,2,2,0.02021,0.05429,0.9255
2289769,2,2,0.11963,0.21098,0.66939
17323192,0,0,0.73106,0.09116,0.17777
35661199,1,0,0.7713,0.1727,0.05599
36277187,2,2,0.03621,0.02599,0.93779
10082107,2,1,0.02606,0.53342,0.44052
26145346,2,2,0.01071,0.06108,0.92821
25351015,2,2,0.16679,0.19619,0.63703
39133010,0,0,0.97653,0.01885,0.00462
35241638,0,0,0.70906,0.12737,0.16358
38789427,2,2,0.00086,0.00286,0.99627
17527783,0,0,0.86894,0.10037,0.03069
28149778,2,2,0.00121,0.01743,0.98136
19001132,1,1,0.45579,0.46791,0.0763
7975264,2,2,0.00069,0.00447,0.99485
21677993,1,2,0.16285,0.32897,0.50817
36356807,1,1,0.16326,0.60251,0.23424
23626246,0,0,0.95986,0.03731,0.00283
37389775,0,0,0.9891,0.00997,0.00093
3884909,2,2,0.20506,0.13771,0.65723
28360292,2,0,0.83098,0.04538,0.12364
14434548,0,0,0.85248,0.12291,0.02461
29461117,2,2,0.00625,0.02521,0.96854
34836712,2,2,0.0116,0.06581,0.92259
9572911,1,0,0.4224,0.30358,0.27402
39173594,2,2,0.00767,0.01444,0.97789
23988528,2,0,0.65079,0.3195,0.02972
36134491,0,1,0.02019,0.67182,0.30799
29329826,2,2,0.15542,0.25678,0.5878
6161262,1,2,0.1728,0.1094,0.7178
11300117,2,2,0.00013,0.00411,0.99575
21291692,0,0,0.97666,0.02092,0.00242
11096315,2,2,0.02694,0.0966,0.87646
29053531,2,2,0.0254,0.06936,0.90523
39792935,2,2,0.02072,0.04452,0.93477
11390022,2,2,0.00262,0.01803,0.97936
37525563,2,2,0.01569,0.09705,0.88727
36025722,0,0,0.99062,0.00792,0.00146
11664155,2,2,0.05592,0.07198,0.8721
8979645,2,2,0.0769,0.07991,0.8432
39339623,0,0,0.96591,0.03106,0.00302
4748520,2,2,0.17873,0.07506,0.74621
2049710,2,2,0.00216,0.06083,0.93701
40367808,2,2,0.00863,0.02158,0.96979
15057054,2,2,0.0854,0.11898,0.79562
23144177,2,2,0.00743,0.07932,0.91325
33447846,2,2,0.03804,0.08489,0.87707
26195745,2,2,0.03582,0.00226,0.96192
30050637,2,2,0.01842,0.02564,0.95594
19791585,1,0,0.96899,0.03087,0.00013
16723867,2,2,0.00458,0.16595,0.82948
24774335,2,2,0.27732,0.03821,0.68447
7339722,2,1,0.05154,0.63512,0.31333
20608035,2,2,0.28997,0.125,0.58503
29488958,2,2,0.00364,0.0102,0.98616
8514900,2,2,0.22441,0.21344,0.56215
4252806,2,2,0.00974,0.03498,0.95529
23944575,0,0,0.44736,0.3814,0.17124
4174751,2,1,0.01052,0.49642,0.49306
15930637,2,2,0.01162,0.15444,0.83394
20813012,2,2,0.09731,0.14529,0.75741
15499200,2,1,0.137,0.8435,0.0195
24928434,2,0,0.44664,0.42078,0.13259
22645316,0,0,0.58645,0.37811,0.03544
23134322,0,0,0.79247,0.17619,0.03133
33493747,2,2,0.01508,0.01271,0.9722
35251800,2,2,0.02232,0.04052,0.93716
35707926,1,0,0.98156,0.01833,0.00011
4624661,2,2,0.1147,0.0843,0.801
26571157,2,0,0.78645,0.08211,0.13144
31385639,2,2,0.03306,0.02391,0.94303
3311227,2,1,0.29918,0.43536,0.26546
788048,2,2,0.04031,0.15454,0.80516
19761492,2,2,0.02031,0.00789,0.9718
2170745,2,2,0.03762,0.39718,0.5652
36103944,2,2,0.21526,0.26052,0.52423
38325192,0,0,0.38001,0.26058,0.35941
27169328,2,2,0.00714,0.01021,0.98265
23042036,2,0,0.83423,0.15598,0.00979
36408341,2,2,0.05974,0.03823,0.90203
24589195,2,2,0.07869,0.2415,0.67982
4783994,2,2,0.02786,0.04739,0.92475
10667993,2,2,0.24824,0.1887,0.56307
19811221,2,1,0.08394,0.60634,0.30971
32686613,2,2,0.02745,0.06018,0.91237
2520661,2,2,0.00563,0.0099,0.98447
22157510,2,2,0.02772,0.03183,0.94045
20804512,2,2,0.00152,0.03141,0.96707
9729273,2,2,0.19221,0.0958,0.71199
25642050,2,2,0.00717,0.23408,0.75875
24362431,0,0,0.93056,0.06646,0.00299
13902343,2,2,0.13969,0.2788,0.58152
31072112,0,0,0.73367,0.26421,0.00213
28954017,2,2,1e-05,0.00023,0.99976
35669202,2,2,0.01019,0.09298,0.89683
26668923,2,0,0.48061,0.21254,0.30685
18057000,2,2,0.0013,0.0243,0.97439
9012371,0,1,0.47214,0.49713,0.03074
31620352,1,1,0.20192,0.76155,0.03652
40124928,0,0,0.63799,0.33295,0.02905
708038,2,2,0.00971,0.03139,0.9589
22897632,2,2,0.02427,0.34771,0.62802
30608901,2,2,0.1051,0.1065,0.7884
5101932,2,2,0.09568,0.02339,0.88092
34345523,2,2,0.06879,0.12887,0.80234
11528294,0,2,0.36605,0.16029,0.47366
27001781,2,2,0.0034,0.00841,0.9882
11644862,2,2,0.00761,0.01673,0.97566
4056075,0,0,0.97906,0.02057,0.00036
21980865,2,2,0.05845,0.02855,0.913
37022199,2,2,0.1111,0.03255,0.85635
7729641,2,2,0.00775,0.04902,0.94322
11313246,2,0,0.66925,0.23925,0.0915
3558466,2,2,6e-05,0.00215,0.99779
10023971,2,1,0.11315,0.58187,0.30497
23655591,2,2,0.03527,0.14463,0.82011
31675575,2,2,0.06035,0.0994,0.84025
8403330,2,2,0.08156,0.12916,0.78928
2986978,2,2,0.05468,0.0941,0.85123
32043536,2,0,0.38887,0.23471,0.37641
34432407,2,2,0.03432,0.03944,0.92625
27234768,0,0,0.9621,0.02819,0.00971
37244613,2,2,0.14654,0.25696,0.5965
3053642,0,1,0.30754,0.53485,0.15761
35404945,0,0,0.91553,0.07839,0.00607
3811851,2,1,0.05891,0.85655,0.08454
12665224,2,2,0.0384,0.07647,0.88514
2307573,0,0,0.60662,0.359,0.03437
6830280,2,2,0.18634,0.24256,0.5711
19949059,1,1,0.27561,0.61071,0.11367
14715781,2,2,0.00051,0.07553,0.92396
24671927,2,2,0.21984,0.2333,0.54685
36261904,0,0,0.97921,0.01982,0.00097
7438914,2,2,0.00049,0.01811,0.9814
23050334,2,0,0.83038,0.13281,0.03681
34730155,2,2,0.01864,0.40982,0.57154
35915741,2,2,0.04272,0.28383,0.67345
38868049,1,1,0.19294,0.55348,0.25357
34879626,2,2,0.0154,0.06877,0.91584
30765177,2,2,0.01311,0.41702,0.56986
4137376,0,0,0.98744,0.01215,0.00041
18016610,2,2,0.00835,0.49203,0.49962
23138949,2,2,0.0094,0.00495,0.98565
35262849,2,1,0.36066,0.49699,0.14235
34486366,0,0,0.93583,0.06008,0.00409
3267320,0,0,0.65335,0.24596,0.10069
16313586,1,0,0.94323,0.05267,0.00409
18226246,2,2,0.06819,0.11003,0.82178
30914930,2,2,0.00099,0.00093,0.99808
1091610,2,2,0.00968,0.18189,0.80842
31448842,0,0,0.85379,0.10658,0.03963
14664957,2,0,0.90434,0.07798,0.01767
13139322,2,0,0.51328,0.02214,0.46458
2704618,2,2,0.03039,0.04013,0.92948
282479,2,0,0.57126,0.23591,0.19283
1879860,2,2,0.00059,0.01369,0.98571
38207020,0,0,0.94093,0.05621,0.00286
8495996,2,2,0.00641,0.02676,0.96683
26817311,2,1,0.01254,0.80541,0.18206
4888162,2,2,0.00029,0.00205,0.99766
30668040,1,1,0.38202,0.58857,0.0294
9579897,0,0,0.96271,0.0324,0.00489
10149322,2,2,0.00451,0.01276,0.98273
10407011,2,2,0.01536,0.27062,0.71402
36871139,2,0,0.39536,0.25823,0.34641
36173784,2,0,0.69401,0.20976,0.09623
41180217,1,1,0.42149,0.54233,0.03617
13138587,2,2,0.03762,0.10572,0.85666
34093985,0,0,0.94692,0.05007,0.00301
22423882,0,0,0.96693,0.02539,0.00768
29765002,2,2,0.03261,0.025,0.94239
16268060,2,2,0.0008,0.05278,0.94641
36200627,2,2,0.00569,0.00436,0.98995
35463064,1,1,0.12518,0.72119,0.15363
24078388,1,1,0.09407,0.61204,0.2939
26860850,0,1,0.37424,0.44818,0.17758
36041224,0,0,0.58629,0.32429,0.08942
6230201,0,1,0.21943,0.57514,0.20543
37526598,2,2,0.00078,0.00522,0.99399
25756704,2,2,0.0203,0.02077,0.95894
20474579,2,2,0.01536,0.0435,0.94113
791899,0,0,0.91077,0.07733,0.0119
24974973,1,0,0.67175,0.27623,0.05201
13237030,2,2,0.00145,0.03539,0.96316
33685661,2,2,0.00131,0.0022,0.99649
847260,2,2,4e-05,0.00252,0.99744
41345896,1,1,0.17059,0.55453,0.27488
36620899,1,0,0.77608,0.13803,0.0859
32153107,0,0,0.85481,0.07869,0.0665
39050607,2,2,0.22358,0.04399,0.73243
27712480,0,0,0.7273,0.25588,0.01681
36257607,2,2,0.08139,0.19652,0.7221
6954313,2,2,0.00191,0.0765,0.92159
17029013,2,2,0.17606,0.03971,0.78423
25842367,2,2,0.00393,0.00245,0.99362
19363703,2,2,0.06065,0.33064,0.60871
31152549,0,1,0.27882,0.50157,0.21962
23371459,2,2,0.0468,0.46072,0.49248
35963346,1,0,0.82332,0.07386,0.10282
31820777,2,2,0.05481,0.06301,0.88218
3950209,2,2,0.00172,0.24024,0.75804
29438635,2,2,0.05938,0.08467,0.85595
22813119,2,2,0.00278,0.00689,0.99033
179674,2,2,0.0608,0.02756,0.91164
23260667,2,2,0.00252,0.13005,0.86743
8136524,1,1,0.08619,0.64882,0.26499
25856665,2,2,0.12121,0.09952,0.77927
24639603,2,2,0.01237,0.03128,0.95635
28580966,1,0,0.79821,0.11301,0.08878
13500079,2,2,0.01291,0.04449,0.9426
27079466,0,0,0.89239,0.09231,0.0153
26739062,2,2,0.02585,0.02699,0.94716
32161069,2,2,0.09439,0.4149,0.49071
3262632,2,2,0.00673,0.02782,0.96545
4668285,2,2,0.05378,0.16201,0.78421
2811360,2,2,0.02647,0.09541,0.87812
16247545,2,2,0.00694,0.04056,0.95249
18307292,2,2,0.00063,0.00236,0.99701
933381,2,2,0.00959,0.23488,0.75554
25524777,2,2,0.03985,0.04353,0.91663
15596869,2,2,0.08125,0.07696,0.84179
40457780,0,0,0.93548,0.01714,0.04739
39964651,2,0,0.7857,0.18115,0.03316
20174091,2,2,9e-05,0.01243,0.98748
41433665,2,2,0.06655,0.26812,0.66533
1098263,0,0,0.9329,0.03988,0.02722
5047033,2,2,0.01254,0.09701,0.89044
18115294,2,2,0.00541,0.03801,0.95657
17467252,0,0,0.81426,0.14468,0.04107
3739987,2,2,0.01971,0.03495,0.94534
20129500,2,2,0.10247,0.0466,0.85093
33596528,2,2,0.00073,0.16627,0.833
13039584,2,2,0.01635,0.0994,0.88426
30890860,2,2,0.14117,0.19855,0.66028
2283675,2,2,0.0047,0.01816,0.97714
32548692,2,2,0.00259,0.02236,0.97505
41118850,2,2,0.00062,0.0127,0.98668
974621,2,2,0.04461,0.13594,0.81945
39696126,2,2,0.24824,0.1887,0.56307
17184326,2,2,0.02026,0.11113,0.86862
38450238,0,1,0.22511,0.67966,0.09523
4415373,2,2,0.05231,0.08177,0.86592
10385854,0,0,0.94518,0.02763,0.0272
14048458,0,0,0.54508,0.40777,0.04715
683930,2,2,0.04966,0.12376,0.82657
31774412,2,2,0.36088,0.14357,0.49555
18038204,2,2,0.02406,0.08784,0.8881
25220449,2,2,0.01498,0.02159,0.96342
5532755,1,0,0.76859,0.1212,0.11022
16314991,2,2,0.21845,0.07504,0.70651
4457647,2,2,0.01074,0.03846,0.9508
23981677,2,1,0.32325,0.56416,0.11258
10509335,2,2,0.02247,0.11391,0.86362
13658455,2,2,0.00995,0.02548,0.96456
6792348,0,0,0.85799,0.14054,0.00146
3277647,2,2,0.0061,0.03229,0.96161
4203879,2,2,0.09479,0.2554,0.64982
36449381,0,0,0.66022,0.31152,0.02826
4387874,2,2,0.01455,0.24286,0.74259
22032377,2,0,0.6634,0.20539,0.13121
16029506,2,2,0.05309,0.0216,0.92531
4198790,2,2,0.11308,0.35404,0.53288
29332294,2,2,0.00127,0.02213,0.97661
35440199,0,0,0.79332,0.18621,0.02047
8130636,2,2,0.00973,0.03822,0.95205
6406938,2,2,0.04062,0.23578,0.7236
5579345,2,2,0.00331,0.08191,0.91478
17854262,0,0,0.87606,0.11822,0.00573
27589633,0,2,0.21728,0.11834,0.66438
11313493,2,2,0.0,0.00025,0.99975
3071192,1,2,0.14867,0.15151,0.69982
37785378,0,0,0.88107,0.11792,0.00101
27406143,2,2,0.07014,0.02523,0.90463
38430769,2,2,0.03693,0.35043,0.61264
36232686,2,2,0.00082,0.03109,0.96808
13450025,2,1,0.19363,0.56348,0.24289
20122033,2,2,0.01688,0.03169,0.95143
15131308,2,2,0.04572,0.29605,0.65823
15776311,2,2,0.00825,0.01755,0.9742
502052,2,2,0.00372,0.00348,0.99281
614897,2,2,0.01578,0.06815,0.91607
6415736,2,2,0.00264,0.04064,0.95672
6102041,1,2,0.23603,0.31698,0.44699
23527769,2,1,0.18322,0.47793,0.33885
10227342,2,2,0.00507,0.04789,0.94704
24560834,2,2,0.00434,0.01935,0.9763
23506950,2,2,0.00115,0.02133,0.97753
27821539,2,0,0.63979,0.31916,0.04105
21005578,0,0,0.96476,0.03113,0.00411
18039569,2,2,0.00922,0.01592,0.97486
14700678,2,2,0.09264,0.32998,0.57738
21127952,1,2,0.2288,0.34316,0.42804
5072869,2,2,0.01109,0.14653,0.84239
32267985,0,0,0.92951,0.06729,0.0032
8355996,1,2,0.23643,0.32393,0.43964
24773891,2,2,0.01567,0.0169,0.96743
36327458,2,2,0.05565,0.04424,0.90011
12048599,2,2,0.15441,0.3128,0.53279
19179986,2,2,0.0911,0.08424,0.82466
3215023,2,1,0.08004,0.4986,0.42136
26306397,0,0,0.9331,0.06374,0.00316
41393053,0,0,0.53502,0.2976,0.16738
19864388,2,1,0.07187,0.78683,0.1413
8784345,2,2,0.09721,0.06627,0.83652
25455909,2,2,0.21219,0.33749,0.45031
23393776,2,2,0.10366,0.35875,0.53758
21745451,0,0,0.67381,0.16049,0.16569
14309226,2,2,0.00356,0.01541,0.98103
28544447,0,2,0.08229,0.23863,0.67908
11193087,2,2,0.28553,0.27987,0.4346
30023330,2,2,0.00071,0.00108,0.99821
13103327,2,2,0.06464,0.06608,0.86927
13573390,2,2,0.24824,0.1887,0.56307
25361564,0,1,0.42234,0.54637,0.0313
31441219,0,0,0.94011,0.05633,0.00356
40048346,2,1,0.09174,0.50815,0.40011
7801055,1,0,0.58216,0.27073,0.14711
7195862,2,2,0.00569,0.00963,0.98469
19889473,0,0,0.93903,0.01917,0.0418
31266831,2,2,0.05298,0.23364,0.71338
20388634,0,0,0.51087,0.24771,0.24142
3264699,0,1,0.36085,0.48498,0.15416
22780347,2,1,0.38908,0.5104,0.10052
30520538,0,1,0.30435,0.65513,0.04051
9885133,2,2,0.04608,0.09016,0.86376
19398735,0,0,0.67679,0.31972,0.0035
12575827,2,2,0.02876,0.02339,0.94785
38190014,2,2,0.04641,0.04743,0.90616
28321628,0,0,0.67241,0.27696,0.05063
41195594,2,2,0.0094,0.01433,0.97627
12343246,0,0,0.97638,0.01895,0.00466
22836421,2,2,0.00217,0.00913,0.98869
8085900,0,0,0.76099,0.08241,0.15661
23371267,2,0,0.85487,0.13472,0.01041
12843988,2,2,0.01259,0.05635,0.93106
2670255,0,0,0.57163,0.40763,0.02074
35241611,2,2,0.18992,0.1008,0.70928
20840296,2,2,0.0056,0.02026,0.97414
13596134,0,0,0.96537,0.01926,0.01537
25658253,2,2,0.04095,0.05097,0.90808
22397252,1,2,0.34136,0.23212,0.42652
15304208,1,1,0.21858,0.7713,0.01012
4426279,2,2,0.00908,0.03456,0.95636
10383746,1,1,0.07663,0.81671,0.10666
3241758,2,2,0.19978,0.18978,0.61045
11122850,2,2,0.00855,0.0745,0.91694
22458107,1,2,0.19579,0.39967,0.40454
22363081,2,2,0.02138,0.07514,0.90348
4531768,2,1,0.17564,0.61162,0.21274
24388726,2,1,0.11321,0.65444,0.23236
13688802,2,2,0.01153,0.03958,0.9489
36175442,0,1,0.22543,0.7055,0.06907
8467440,2,2,0.00849,0.10241,0.8891
29759558,2,2,3e-05,0.00133,0.99865
39192128,0,0,0.84946,0.08795,0.06259
11842349,2,2,0.01983,0.006,0.97417
7395914,2,2,0.06607,0.08461,0.84932
20545625,2,1,0.08297,0.52681,0.39022
14698020,0,0,0.84339,0.15311,0.00351
19949151,0,0,0.90462,0.0599,0.03548
20368904,2,1,0.06459,0.50142,0.434
19212028,0,1,0.27056,0.63322,0.09622
14715769,2,2,0.00526,0.02383,0.97091
13141227,2,2,0.02473,0.02746,0.94781
27879777,2,2,0.00016,0.00261,0.99723
30989570,2,2,0.00308,0.04664,0.95028
16436289,2,2,0.03452,0.13559,0.82989
21879052,2,2,0.23908,0.08826,0.67266
31633826,2,2,0.12969,0.20447,0.66584
27374100,2,2,0.01244,0.06238,0.92518
23482484,2,2,0.00118,0.01025,0.98858
834598,2,2,0.01866,0.2325,0.74884
30900351,2,1,0.32795,0.597,0.07504
18437386,1,2,0.02027,0.48781,0.49191
22390809,1,1,0.29564,0.65166,0.0527
30190283,2,2,0.13089,0.09425,0.77486
13207399,2,2,8e-05,0.00201,0.99791
3879311,2,2,0.0679,0.25871,0.67339
7488344,2,2,0.10127,0.15067,0.74806
28666623,1,0,0.46175,0.42063,0.11762
31430434,2,2,8e-05,0.00611,0.9938
37723199,2,2,0.00082,0.03109,0.96808
26460632,2,2,0.00069,0.00279,0.99653
35320974,2,2,0.03847,0.39257,0.56896
39476965,2,2,0.00401,0.02968,0.96632
2402344,2,2,0.00046,0.00578,0.99377
18329577,2,2,3e-05,0.00069,0.99928
6304903,2,2,0.06496,0.08872,0.84633
19435538,1,1,0.10675,0.74224,0.15101
40027440,2,2,0.0148,0.3781,0.6071
28323713,2,2,0.03177,0.0121,0.95613
31149106,0,0,0.64528,0.15373,0.201
344188,2,2,0.10849,0.18314,0.70837
8188765,2,2,0.00147,0.00585,0.99268
36917000,2,2,0.00726,0.00912,0.98362
23253323,0,0,0.78488,0.19979,0.01533
36356931,2,2,0.00469,0.06728,0.92803
33709058,0,0,0.98876,0.01072,0.00052
37126817,2,2,0.00371,0.00868,0.98761
20943698,1,1,0.21278,0.63193,0.15529
35014879,2,2,0.07187,0.03311,0.89502
10740326,2,2,0.01059,0.22979,0.75962
18939306,2,2,0.03015,0.06128,0.90857
36791414,2,2,0.12468,0.12951,0.74581
36621261,0,1,0.26367,0.70531,0.03102
39739817,2,2,0.05659,0.1172,0.82621
7778590,2,1,0.02766,0.8973,0.07504
23432365,2,2,0.09206,0.31135,0.59659
27857121,2,2,0.07164,0.01157,0.91679
7636036,2,2,0.03252,0.35996,0.60752
6348941,0,0,0.8024,0.1406,0.057
19425946,2,0,0.46472,0.14458,0.39069
9636941,2,2,0.00116,0.00254,0.9963
6219777,2,2,0.13001,0.04962,0.82037
30482185,0,0,0.54685,0.37672,0.07643
29345983,2,2,0.07936,0.0162,0.90444
37322828,2,2,0.06987,0.03081,0.89932
860983,2,2,0.00583,0.06369,0.93048
17816794,2,2,0.01603,0.1288,0.85517
38430649,2,2,0.02095,0.00592,0.97313
32867403,2,2,0.13414,0.23574,0.63012
22915942,2,2,0.00111,0.02407,0.97482
1681062,0,0,0.83735,0.13231,0.03034
19564934,2,2,0.02016,0.42637,0.55346
3862665,0,0,0.65524,0.2512,0.09356
20019376,2,1,0.13054,0.79831,0.07115
32843608,2,1,0.4107,0.4203,0.169
1899039,2,2,0.29656,0.31297,0.39047
20089809,2,2,0.00227,0.00429,0.99344
4964262,2,2,0.00067,0.00809,0.99123
39858528,0,1,0.41857,0.44947,0.13195
21722821,2,2,0.00607,0.00383,0.9901
38255510,2,2,0.01229,0.03096,0.95675
33120658,2,2,0.0014,0.00962,0.98898
38684062,2,2,0.00214,0.00529,0.99257
20654244,0,0,0.83519,0.16137,0.00344
10557398,2,2,0.00027,0.00176,0.99797
17535523,2,1,0.07379,0.74165,0.18456
36571732,2,2,0.02984,0.05438,0.91578
29054744,2,2,0.00181,0.0277,0.9705
21349653,0,0,0.99277,0.00653,0.0007
11463581,2,2,0.02788,0.48017,0.49195
8494253,2,2,0.29698,0.11121,0.59181
34911684,2,2,0.18124,0.3665,0.45226
10836469,2,2,0.00595,0.00652,0.98753
7725108,2,2,0.16127,0.20315,0.63558
29194339,2,2,0.14176,0.0943,0.76394
16531280,0,0,0.84611,0.14573,0.00816
29806415,0,0,0.95427,0.04351,0.00221
30624865,2,2,0.0138,0.00772,0.97848
23802637,2,2,0.00056,0.02387,0.97557
27366770,2,2,0.0399,0.06769,0.89241
401335,2,2,0.00339,0.00607,0.99054
23581234,2,2,0.00862,0.20799,0.78339
9839533,2,2,0.00261,0.02469,0.9727
7619951,2,2,0.01635,0.01458,0.96908
11066337,2,2,0.0,0.00055,0.99945
37027933,0,0,0.94607,0.05071,0.00322
29507959,0,0,0.86656,0.13208,0.00135
22734485,2,1,0.02607,0.49525,0.47868
18664230,2,2,0.02855,0.23019,0.74126
14546956,2,2,0.0003,0.00832,0.99138
13387100,2,2,0.00029,0.00405,0.99565
38441566,0,0,0.60202,0.38229,0.01569
20882107,2,2,0.24824,0.1887,0.56307
36521172,2,2,0.0192,0.09248,0.88831
37620830,1,1,0.38272,0.43441,0.18288
34623617,2,2,0.00258,0.00614,0.99127
27708298,2,0,0.35862,0.29035,0.35103
2185104,2,2,0.05071,0.14219,0.80709
6112040,2,2,0.16365,0.27499,0.56136
23977053,0,0,0.97845,0.02086,0.00069
19618762,2,2,0.07752,0.02813,0.89435
17434645,2,0,0.81602,0.1068,0.07719
14096610,2,2,0.02563,0.1066,0.86776
712194,2,1,0.0611,0.6288,0.31009
11203807,0,0,0.90371,0.08856,0.00773
2016433,1,0,0.77007,0.07896,0.15097
5080921,2,2,0.00343,0.0099,0.98667
7437541,2,1,0.31771,0.63451,0.04777
102513,0,0,0.8227,0.16773,0.00957
35864584,0,0,0.59705,0.32947,0.07348
17889514,0,1,0.17974,0.44017,0.3801
38373165,0,0,0.89838,0.09592,0.00569
26234190,0,0,0.58008,0.388,0.03192
41548975,2,0,0.72745,0.1783,0.09426
4523343,0,1,0.09908,0.78311,0.11781
36887475,2,2,0.01641,0.01407,0.96953
22804380,1,2,0.15665,0.40393,0.43941
24380678,2,0,0.7202,0.18084,0.09896
31066647,0,0,0.48327,0.22475,0.29198
17326582,1,0,0.68168,0.31241,0.0059
19661472,2,2,0.04148,0.04694,0.91158
6310526,2,2,0.0923,0.36018,0.54753
38859495,2,2,0.00324,0.00517,0.99159
23461773,2,2,0.13062,0.06977,0.79961
27267979,2,2,0.00453,0.03801,0.95746
4261034,2,2,0.07124,0.2525,0.67626
34301118,2,2,0.01475,0.11568,0.86957
5437088,2,2,0.00059,0.00198,0.99743
11248183,0,0,0.86915,0.07229,0.05856
21637289,2,2,0.00192,0.00582,0.99226
17802660,2,2,0.10888,0.30978,0.58134
33251889,2,1,0.00818,0.72921,0.26261
36160505,0,0,0.99798,0.00177,0.00025
37834055,2,2,0.0013,0.00032,0.99838
32241230,0,0,0.99797,0.00183,0.0002
17414454,2,2,0.13106,0.08457,0.78437
7473009,2,2,0.04354,0.16549,0.79097
28578227,0,0,0.79679,0.19593,0.00728
23079502,2,2,0.082,0.17099,0.74701
24888397,2,2,0.00082,0.00116,0.99801
35226464,2,2,0.01025,0.04937,0.94038
14861949,0,0,0.93494,0.04972,0.01534
2836336,0,0,0.94273,0.04376,0.01351
36081048,2,2,0.0057,0.02893,0.96538
5420503,2,2,0.01136,0.01095,0.97769
5006056,2,2,0.20992,0.20709,0.58299
25118212,2,2,0.03697,0.0416,0.92143
31740443,2,2,0.01593,0.04126,0.94281
12052334,2,2,0.00387,0.01539,0.98074
17977458,2,2,0.00652,0.1001,0.89338
2128068,2,2,0.01129,0.16536,0.82335
33118911,0,1,0.21939,0.5134,0.26721
13027857,2,2,0.03865,0.16554,0.79582
25335987,2,2,0.00308,0.05365,0.94327
30975847,2,0,0.4657,0.3964,0.1379
7494398,0,0,0.83321,0.16313,0.00367
36110149,2,2,0.00356,0.11039,0.88605
16695684,0,0,0.93819,0.06102,0.00079
22215049,2,2,0.04259,0.11852,0.83888
23997247,1,0,0.71871,0.24156,0.03973
2031763,2,2,0.02335,0.1566,0.82004
26492906,0,1,0.14575,0.84365,0.0106
25996829,0,0,0.74713,0.22322,0.02965
34576852,2,2,0.07083,0.20396,0.72521
35454200,2,2,0.00499,0.09887,0.89614
16427506,2,2,0.01488,0.31064,0.67448
4659836,1,1,0.06883,0.57184,0.35934
8658807,0,0,0.69899,0.26757,0.03345
24780077,0,0,0.89116,0.07427,0.03457
11036393,2,2,0.09156,0.04313,0.8653
36399106,2,2,0.21878,0.14385,0.63738
2646095,0,0,0.76526,0.20418,0.03056
33268213,0,0,0.52067,0.23605,0.24329
23425930,0,0,0.8606,0.11693,0.02247
17327329,2,2,0.03744,0.33321,0.62935
40274878,2,2,0.1726,0.13263,0.69478
12365068,1,2,0.34199,0.11843,0.53959
14791775,2,2,0.0002,0.00096,0.99884
12351607,0,0,0.98639,0.0118,0.00181
39700788,0,1,0.38525,0.60755,0.0072
6280986,2,1,0.12746,0.46466,0.40788
1290228,2,2,0.0003,0.0766,0.9231
21648615,2,2,0.19122,0.21717,0.5916
40335947,0,0,0.93763,0.03026,0.03212
9960571,2,2,0.20892,0.1535,0.63758
31342783,0,0,0.57069,0.30376,0.12554
5864601,2,1,0.14188,0.50754,0.35058
21285960,2,2,0.01622,0.06653,0.91725
10833044,2,2,0.02349,0.05164,0.92487
1655226,2,2,0.02037,0.14435,0.83528
7078486,2,2,0.10108,0.31996,0.57896
342025,2,2,0.03114,0.29527,0.67359
12118571,2,1,0.19823,0.60384,0.19793
10683689,2,2,0.00867,0.01641,0.97492
36620902,0,0,0.80332,0.19108,0.0056
18459241,2,2,0.0094,0.12283,0.86777
36447561,2,2,0.09428,0.08185,0.82387
37851691,2,2,0.01132,0.02257,0.96611
11557765,1,1,0.33954,0.46593,0.19453
24697032,2,2,0.0018,0.03905,0.95914
4417440,2,1,0.01584,0.94704,0.03713
7104195,2,2,0.01558,0.07217,0.91225
6810968,2,2,7e-05,0.00087,0.99906
16305152,2,2,0.00236,0.0174,0.98024
21060419,0,0,0.89574,0.05933,0.04493
19042492,2,2,0.02108,0.0877,0.89122
40941254,0,0,0.85912,0.10992,0.03097
37138587,2,2,0.01518,0.02695,0.95787
10068124,2,1,0.11114,0.69681,0.19206
33815852,0,0,0.8845,0.10767,0.00783
41033029,0,0,0.56368,0.22567,0.21065
38034106,2,2,0.37892,0.10887,0.51222
26578310,2,2,0.00659,0.02894,0.96448
12045684,2,2,0.13276,0.19856,0.66868
16562779,2,2,0.08125,0.09792,0.82083
13411673,2,2,0.00164,0.0116,0.98676
4337175,2,2,0.20734,0.27174,0.52092
36564261,2,2,0.02208,0.23746,0.74045
37326922,1,0,0.87665,0.08132,0.04204
8972578,2,2,0.05748,0.16823,0.77429
33199014,2,2,0.31843,0.31762,0.36395
41326794,2,2,0.00092,0.02352,0.97556
39221066,2,2,0.00912,0.04762,0.94326
27735832,2,2,0.10255,0.02343,0.87402
18934610,2,2,0.05838,0.12197,0.81965
24052157,0,0,0.9075,0.05667,0.03583
14589781,2,2,0.0023,0.06719,0.93051
40294684,2,2,0.27248,0.19184,0.53568
8057781,2,2,5e-05,0.0067,0.99325
26652983,0,0,0.83789,0.11821,0.04391
6158442,2,2,0.01463,0.03239,0.95297
17780187,2,2,0.00062,0.007,0.99237
30786614,2,2,0.0006,0.00088,0.99852
3768508,2,0,0.94237,0.03056,0.02707
5792425,0,0,0.96676,0.03196,0.00128
41416612,0,0,0.65532,0.18432,0.16036
19829069,0,0,0.68446,0.30723,0.00832
28504628,2,2,0.04443,0.09677,0.8588
14106395,2,2,0.08762,0.08416,0.82822
7493019,0,2,0.40403,0.07541,0.52055
3193376,2,2,0.13809,0.26361,0.5983
21223762,2,2,0.00668,0.0807,0.91261
18353809,2,2,0.02113,0.05436,0.92452
33760933,1,1,0.01748,0.50914,0.47338
8313406,2,2,0.0001,0.0018,0.9981
9577073,2,2,0.0076,0.00813,0.98427
3299273,2,2,0.0,0.00025,0.99975
35843901,2,2,0.00015,0.02247,0.97737
15711951,2,1,0.08027,0.49288,0.42685
2815094,2,2,0.02968,0.09941,0.87091
1081915,2,2,0.07956,0.11206,0.80838
10564380,2,0,0.50262,0.09621,0.40117
31677276,2,2,0.0,0.00055,0.99945
12266581,1,1,0.34038,0.59281,0.06681
23030747,2,2,0.00438,0.05031,0.94531
35184452,0,0,0.85915,0.09172,0.04913
35827184,2,2,0.0054,0.01061,0.984
36532351,2,2,0.02507,0.4154,0.55953
2217851,2,2,0.01038,0.00893,0.98069
35183631,0,0,0.81274,0.1863,0.00096
6526745,0,1,0.24374,0.64355,0.11272
15576876,2,2,0.00264,0.00804,0.98932
37139863,0,0,0.98951,0.0095,0.00099
11016237,0,0,0.51361,0.16446,0.32193
27833995,0,0,0.47774,0.36306,0.1592
37386811,2,2,0.00027,0.00394,0.99579
8151691,2,1,0.29448,0.45946,0.24606
4199268,2,2,0.00948,0.07122,0.9193
38303921,2,2,0.00753,0.03757,0.9549
32681220,2,2,0.02474,0.06859,0.90667
19300636,0,0,0.92712,0.06057,0.01231
14352711,1,1,0.43769,0.46423,0.09808
33384239,2,2,0.01201,0.0414,0.94659
2003387,2,2,0.06718,0.2349,0.69792
25546475,2,2,0.00815,0.04511,0.94674
24135572,0,0,0.77996,0.17403,0.046
16290969,2,2,0.00471,0.00357,0.99172
3039172,2,2,0.05897,0.12285,0.81818
38310683,2,2,0.04375,0.00968,0.94657
6084049,2,2,0.05945,0.01981,0.92075
27322725,2,0,0.49321,0.12931,0.37748
30469765,2,2,0.03201,0.00514,0.96285
41081663,2,2,0.00275,0.00418,0.99306
40929079,2,2,0.00045,0.02652,0.97302
11100032,2,2,0.02729,0.17649,0.79622
23871119,2,2,0.02937,0.28686,0.68376
4587539,2,2,0.01499,0.02386,0.96116
41222009,2,2,8e-05,0.00473,0.99518
39052147,2,2,0.02812,0.06553,0.90635
1841673,1,1,0.09911,0.83513,0.06576
2296273,2,2,0.00521,0.0115,0.98329
16548284,2,2,0.00112,0.00125,0.99763
36244541,0,0,0.85309,0.13973,0.00718
17423905,2,2,0.04815,0.0283,0.92355
37288724,1,0,0.65927,0.31744,0.02329
20526753,2,2,0.04388,0.03363,0.92249
10661683,2,2,0.03018,0.05999,0.90984
9623814,2,2,0.01429,0.02638,0.95932
36826730,1,1,0.33699,0.54043,0.12258
24162740,2,2,0.00164,0.05948,0.93889
13285833,0,1,0.28511,0.68728,0.02761
23238192,2,2,0.0004,0.00237,0.99723
6994202,2,2,0.01833,0.07951,0.90216
27856904,0,1,0.46588,0.50742,0.0267
32370618,2,2,0.00176,0.00324,0.995
31861701,2,2,0.05193,0.10987,0.8382
18309881,2,2,0.0212,0.12582,0.85297
25868715,2,2,0.08409,0.03923,0.87668
23200793,2,2,0.03517,0.02005,0.94478
2212894,2,2,0.0231,0.03573,0.94118
23151452,2,2,0.03647,0.06346,0.90008
39668027,2,2,0.05321,0.03683,0.90997
4333531,2,2,0.04013,0.04377,0.91609
19079042,2,2,0.00996,0.01122,0.97882
8246963,2,1,0.42859,0.5237,0.04771
2236204,2,2,0.00172,0.24024,0.75804
1083955,0,0,0.8733,0.10681,0.01989
34493449,2,2,0.03015,0.39759,0.57226
28122328,2,2,0.32375,0.24413,0.43212
28801399,2,2,0.18928,0.08,0.73071
25248475,2,2,0.40565,0.04043,0.55392
20651967,2,2,0.01387,0.27957,0.70657
17909564,2,2,0.00208,0.00639,0.99153
40161598,0,0,0.6647,0.22403,0.11128
31133838,2,0,0.74336,0.10097,0.15568
14450964,2,2,0.07638,0.38945,0.53416
34095384,0,0,0.47446,0.45167,0.07387
21212850,0,0,0.59392,0.38519,0.02089
28962966,2,2,0.01863,0.01442,0.96696
15819460,2,2,0.00809,0.08852,0.90339
12808371,2,2,0.08,0.08011,0.8399
20316466,1,0,0.58317,0.3565,0.06032
19069304,0,0,0.68342,0.17542,0.14116
24728595,2,2,0.00884,0.01623,0.97493
7074827,2,0,0.46346,0.15369,0.38285
10819004,2,2,0.02127,0.13662,0.8421
10270423,2,2,0.01684,0.02813,0.95502
2467514,2,2,0.00848,0.00576,0.98575
19655938,2,1,0.02608,0.48994,0.48398
5540166,2,2,0.15878,0.05619,0.78504
2775105,2,2,0.09809,0.05345,0.84846
39671795,2,2,0.00961,0.04146,0.94894
37626427,1,0,0.55859,0.07324,0.36816
5006317,2,2,0.05918,0.22115,0.71966
17627525,2,2,0.01431,0.01247,0.97322
3038175,2,2,0.00998,0.04913,0.94089
24079202,2,2,0.01718,0.00975,0.97307
5074904,2,2,0.10207,0.15459,0.74334
32088526,2,2,0.01097,0.02298,0.96604
21884979,2,2,0.00244,0.00761,0.98995
16451107,0,1,0.38319,0.47651,0.1403
35913673,0,1,0.31905,0.46017,0.22078
10068664,2,2,0.01936,0.06569,0.91494
17641344,0,1,0.27217,0.66692,0.06091
5873520,2,1,0.02163,0.60989,0.36848
31583251,2,2,0.0102,0.00359,0.98621
38724305,2,0,0.36218,0.2924,0.34542
37513545,2,2,0.01207,0.02937,0.95856
32190988,2,2,0.04977,0.14074,0.8095
40459542,2,2,0.12663,0.3831,0.49026
24950991,2,2,0.01622,0.06653,0.91725
16109810,2,2,0.0,0.00025,0.99975
10884817,2,2,0.0072,0.03681,0.956
25721497,2,2,0.00376,0.02755,0.96869
11479989,2,2,0.00249,0.01082,0.98669
7224381,2,0,0.60043,0.21281,0.18676
33561294,0,0,0.98699,0.01211,0.00091
3094932,2,2,0.00091,0.24023,0.75886
16275506,2,2,0.02311,0.13879,0.8381
18547949,2,2,0.07431,0.0347,0.89099
13423794,1,1,0.22172,0.75456,0.02371
14281460,2,2,0.02225,0.30991,0.66784
37913280,2,2,0.03864,0.13514,0.82621
13756665,2,2,0.0375,0.25835,0.70416
19133462,0,0,0.97123,0.02218,0.00659
17806522,1,1,0.08067,0.61377,0.30556
36500760,0,0,0.88742,0.03919,0.07339
33340422,0,0,0.97903,0.01855,0.00242
26204561,2,2,0.03796,0.06615,0.8959
32538791,0,0,0.8886,0.04977,0.06164
12412239,1,0,0.49199,0.26839,0.23962
7933209,2,2,0.00058,0.01459,0.98483
16944362,2,2,0.00051,0.00177,0.99772
1027171,2,2,0.01415,0.06714,0.91871
20906308,2,2,0.05518,0.00933,0.9355
11086805,2,2,0.24627,0.36256,0.39117
8276233,2,2,0.00052,0.02149,0.97799
7342787,2,2,0.07007,0.04402,0.88591
3398979,2,2,0.07653,0.05353,0.86995
5676940,2,2,0.01568,0.02791,0.95641
32478974,1,2,0.26504,0.09447,0.64049
40254899,2,2,0.00018,0.00607,0.99375
33092544,0,1,0.24589,0.53928,0.21483
5337882,0,0,0.97211,0.02538,0.00251
24969612,2,2,0.00896,0.28346,0.70758
34446719,2,2,0.26543,0.30115,0.43342
3252532,0,0,0.88704,0.09725,0.01571
6040728,2,2,0.00231,0.0236,0.97409
18726719,2,2,0.0124,0.02037,0.96723
17543808,2,2,0.03467,0.12794,0.83739
20175244,0,1,0.14968,0.61176,0.23856
16045442,0,1,0.35549,0.63553,0.00898
21565725,2,2,0.12599,0.29619,0.57783
12857276,2,2,0.02445,0.06054,0.91501
27120895,2,2,0.02146,0.02543,0.95311
32597062,2,2,0.0163,0.25941,0.72429
5989978,0,0,0.88122,0.09683,0.02195
16852248,2,2,0.04313,0.04155,0.91532
19289480,2,2,0.01272,0.08193,0.90535
40699937,2,2,0.17664,0.20029,0.62307
8957542,2,2,0.00762,0.0232,0.96919
13801647,2,2,0.11387,0.36781,0.51832
35171420,2,2,0.00576,0.033,0.96124
25008399,2,2,0.0287,0.2581,0.71321
25019216,2,0,0.56687,0.21006,0.22307
68552,2,2,0.00047,0.00945,0.99008
40654675,0,1,0.40431,0.50102,0.09467
25060137,2,1,0.07963,0.62476,0.29561
12274252,0,0,0.44239,0.42391,0.1337
18760018,2,2,0.01235,0.04704,0.94061
13490282,2,2,0.00286,0.0088,0.98834
36653769,2,0,0.51328,0.02214,0.46458
37677866,2,2,0.00484,0.05114,0.94402
17971118,2,2,0.00014,0.00161,0.99825
6354138,2,0,0.38143,0.29767,0.3209
4963736,2,2,0.00614,0.00483,0.98903
674397,2,2,0.00117,0.00742,0.9914
1489464,0,0,0.74779,0.17131,0.0809
12154768,2,2,0.04305,0.30364,0.6533
25884699,2,0,0.45825,0.20191,0.33984
35479986,0,0,0.86304,0.12182,0.01514
10840277,2,2,0.00067,0.00339,0.99595
25110547,2,2,0.16637,0.10266,0.73097
38672487,0,0,0.91444,0.08402,0.00154
25346076,2,2,0.04498,0.0093,0.94571
34526906,2,1,0.07194,0.49754,0.43052
41511794,2,2,0.00232,0.00806,0.98962
32028429,2,1,0.0153,0.65109,0.33361
32291587,0,0,0.89041,0.09607,0.01352
5234777,2,2,0.04417,0.13324,0.82259
2969654,2,2,0.02157,0.11083,0.8676
28444350,2,2,0.00982,0.0212,0.96897
18244456,2,2,0.02457,0.13804,0.83739
18727882,0,1,0.36703,0.48795,0.14502
28095620,2,2,0.00034,0.01433,0.98533
27025293,2,1,0.30965,0.39954,0.29081
22588033,2,2,0.05553,0.04186,0.90261
8012117,0,0,0.79857,0.1728,0.02863
9932666,0,0,0.3836,0.36282,0.25358
8983215,2,2,0.1287,0.05596,0.81534
11922573,2,1,0.16617,0.51496,0.31888
5163925,2,2,0.0066,0.01987,0.97354
3088384,2,2,0.0454,0.0256,0.929
16486652,2,2,9e-05,0.01105,0.98886
1771825,2,2,0.28574,0.1999,0.51436
8688609,0,0,0.69098,0.30281,0.00621
8627485,0,0,0.76771,0.20101,0.03127
6516736,2,2,0.00866,0.02164,0.9697
8205564,2,2,0.0635,0.20497,0.73153
8364086,2,1,0.07571,0.67055,0.25375
3854324,2,2,0.14432,0.4202,0.43548
35851585,0,0,0.59761,0.38857,0.01382
2951995,1,2,0.03961,0.31651,0.64388
19214310,2,2,0.01416,0.00326,0.98258
16728053,2,2,0.03171,0.07659,0.8917
15287205,0,1,0.41824,0.45793,0.12383
12615861,2,2,0.00223,0.09485,0.90292
16799661,1,1,0.14341,0.68102,0.17557
15959442,2,1,0.0746,0.76299,0.16241
14939011,2,2,0.18829,0.34237,0.46935
5533706,0,0,0.94831,0.04805,0.00364
14456899,2,2,0.16665,0.16551,0.66784
1417526,2,2,0.02169,0.03186,0.94645
10809302,0,1,0.39449,0.56124,0.04427
7402440,2,2,0.01946,0.00609,0.97444
11134709,1,1,0.35121,0.61861,0.03018
24462589,2,0,0.49816,0.24198,0.25986
10305639,2,2,0.11498,0.05653,0.8285
35764221,2,2,0.01975,0.02946,0.95079
29932961,2,2,0.00813,0.14138,0.85049
8979503,2,2,0.00011,1e-05,0.99988
33837064,1,0,0.50988,0.47087,0.01925
32223212,0,0,0.98113,0.01588,0.00298
23620771,2,2,0.08959,0.08442,0.82599
16990295,2,2,0.00378,0.04614,0.95008
31426342,2,2,0.0007,0.00505,0.99425
30116777,2,2,0.01003,0.04005,0.94993
39223452,2,2,0.00086,0.00197,0.99718
40246255,1,0,0.65458,0.23123,0.11419
29604947,2,2,0.03116,0.10808,0.86076
36385263,2,2,0.04633,0.10032,0.85335
6198952,2,1,0.1705,0.45783,0.37166
28756926,2,2,0.00863,0.00406,0.98731
27421739,0,0,0.63715,0.22646,0.13639
17096277,2,2,0.01461,0.04863,0.93676
18678108,2,2,0.16567,0.05795,0.77637
4858808,2,2,0.13,0.03976,0.83024
1735651,1,1,0.22583,0.44894,0.32523
6615515,2,2,0.00013,0.00073,0.99914
32996079,2,2,0.01299,0.3539,0.63311
4866050,2,2,0.26898,0.22386,0.50716
31633638,2,2,0.00019,0.00446,0.99535
10550756,2,2,0.02402,0.06413,0.91186
18405017,2,2,0.00044,0.00749,0.99207
8865206,2,2,0.0069,0.01217,0.98093
2193631,2,2,0.23891,0.13896,0.62213
30677433,2,2,0.11014,0.13394,0.75592
4762628,2,2,0.02315,0.04519,0.93165
35869247,2,2,4e-05,0.00266,0.99729
21455427,2,2,0.25185,0.16337,0.58478
3788151,2,2,0.01048,0.00776,0.98176
22050087,2,0,0.79452,0.17714,0.02834
34514317,0,0,0.87903,0.10531,0.01567
2350433,2,2,0.05379,0.07613,0.87009
8744572,2,2,0.02391,0.02704,0.94905
4219915,2,2,0.08592,0.06583,0.84825
13494644,2,2,0.00494,0.39783,0.59722
38815377,0,0,0.99302,0.0063,0.00068
19877088,0,2,0.19589,0.30471,0.4994
34280081,2,1,0.35583,0.5453,0.09886
157924,2,2,0.00129,0.06341,0.9353
11678337,2,2,0.00249,0.02537,0.97215
18228898,0,0,0.94573,0.0444,0.00987
20109650,2,2,0.02212,0.3481,0.62979
27249463,0,0,0.97015,0.02769,0.00216
24892142,2,2,0.00676,0.03787,0.95537
23552607,2,2,0.00623,0.07053,0.92325
21766538,2,2,0.00035,0.00103,0.99862
2951795,2,1,0.08017,0.75116,0.16867
14766058,2,2,0.00369,0.04473,0.95158
34593326,2,2,0.1358,0.10441,0.75979
15738971,2,1,0.1317,0.68449,0.18381
8419505,2,2,0.0037,0.09523,0.90106
40594408,2,2,0.00046,0.00259,0.99695
26284739,2,2,0.09005,0.15388,0.75607
26882189,2,2,0.0439,0.04415,0.91195
5759528,2,2,0.27584,0.25297,0.47119
20929718,0,1,0.26353,0.63425,0.10222
17858301,1,1,0.17986,0.49668,0.32346
1407766,2,2,0.15045,0.08217,0.76738
36723658,1,1,0.1282,0.5015,0.3703
3094368,1,2,0.03575,0.3844,0.57985
40485046,2,1,0.32408,0.43153,0.24438
25821434,2,2,0.01225,0.05868,0.92906
11282765,2,2,0.03272,0.07914,0.88814
41381044,2,2,0.24887,0.1126,0.63853
14492629,0,0,0.95167,0.04579,0.00254
21708113,2,2,0.0163,0.00568,0.97802
2159868,2,2,0.02925,0.02252,0.94823
33091210,2,2,0.02384,0.18828,0.78788
22366402,2,2,0.00274,0.00605,0.9912
28196767,0,0,0.94345,0.02886,0.02769
6673201,2,1,0.02374,0.58502,0.39124
781313,2,2,0.11753,0.30851,0.57395
16671157,2,1,0.12727,0.73557,0.13716
4312520,0,1,0.47642,0.51166,0.01192
34213287,2,0,0.65832,0.20475,0.13693
16439353,2,1,0.39925,0.58278,0.01797
23893031,2,1,0.18311,0.65209,0.16481
17083041,2,2,0.08199,0.03123,0.88678
5031747,2,2,0.00128,0.00881,0.98991
32215733,2,2,0.00362,0.01266,0.98372
26016222,2,2,0.01332,0.01012,0.97656
23696442,2,2,0.01064,0.17841,0.81095
6140801,2,2,0.01034,0.01798,0.97169
27270973,2,2,0.01472,0.12418,0.8611
13743690,0,0,0.5087,0.41862,0.07268
38954695,1,0,0.54541,0.42716,0.02743
12043997,2,2,0.13741,0.02902,0.83357
7839285,2,2,0.06723,0.14435,0.78842
26998265,2,2,0.20991,0.25281,0.53729
4654669,2,2,0.01009,0.02942,0.96049
6914851,0,1,0.13338,0.72091,0.14571
27225617,2,2,0.34868,0.07941,0.5719
8130551,2,2,0.00721,0.09283,0.89996
6970261,1,0,0.49046,0.42336,0.08618
32177953,2,2,0.00193,0.04835,0.94971
24617467,0,0,0.81124,0.14173,0.04703
33880847,2,2,0.1077,0.15525,0.73705
14304438,0,0,0.88304,0.073,0.04396
30225052,2,1,0.36282,0.41351,0.22367
410445,2,2,0.16285,0.36325,0.4739
9839452,2,2,0.05114,0.13972,0.80914
36823711,2,2,0.09399,0.07482,0.83119
3337282,0,2,0.1441,0.34309,0.51282
18592545,2,2,0.18661,0.09325,0.72014
30436417,2,2,0.01596,0.02364,0.9604
403809,2,2,0.02023,0.05343,0.92634
14152474,2,2,0.04335,0.12901,0.82764
19350592,2,2,0.03088,0.02509,0.94403
19968066,2,2,0.13634,0.11246,0.7512
1236864,1,0,0.8751,0.12417,0.00073
35901075,0,0,0.67658,0.28993,0.03349
25015322,2,2,0.06887,0.13085,0.80028
4611627,2,2,0.01133,0.05309,0.93559
33445915,2,2,0.02834,0.02941,0.94225
20570341,2,2,0.25718,0.21866,0.52416
751167,2,2,0.00134,0.00925,0.98941
28545488,2,2,0.04244,0.03236,0.92519
23575404,2,2,0.00642,0.04839,0.94519
20161622,1,0,0.66896,0.32923,0.00181
31037713,2,2,0.00956,0.04237,0.94807
1653471,2,2,0.00947,0.03707,0.95346
4990525,1,1,0.29904,0.42925,0.27171
41279045,2,2,0.00319,0.05396,0.94284
9391425,2,2,0.02673,0.24965,0.72362
9927235,2,2,0.00056,0.02514,0.9743
37141092,0,0,0.87883,0.11871,0.00245
13137652,2,2,0.01839,0.06138,0.92024
20822988,2,1,0.14799,0.66444,0.18757
37077145,0,0,0.73619,0.09147,0.17235
31395990,2,2,0.01875,0.04112,0.94013
3093577,2,2,0.0587,0.17361,0.7677
30070054,1,0,0.83525,0.1119,0.05285
41046918,0,0,0.97086,0.02761,0.00153
39074725,2,1,0.23899,0.61143,0.14959
26085865,2,2,0.01565,0.06539,0.91896
17191632,2,2,0.01981,0.212,0.76819
6230068,2,2,0.09434,0.21498,0.69068
28219251,0,1,0.43884,0.51353,0.04763
30060107,2,2,0.07594,0.02942,0.89464
24983425,2,2,0.27834,0.34598,0.37568
1862927,2,2,0.06835,0.13435,0.79729
25108652,1,1,0.03953,0.87403,0.08643
13754961,2,2,0.00505,0.02265,0.9723
10241949,2,1,0.00893,0.94089,0.05018
24336160,2,2,0.02553,0.07716,0.8973
35777616,2,2,0.00484,0.05404,0.94112
17088873,2,2,0.13412,0.21098,0.6549
16222099,2,2,0.01675,0.20676,0.77649
34368160,0,0,0.94082,0.03864,0.02054
31644632,2,2,0.00335,0.00996,0.98669
3112368,2,0,0.48755,0.09874,0.41372
27160338,1,1,0.31203,0.50417,0.18381
3832670,2,2,0.00175,0.014,0.98425
28900702,1,2,0.1924,0.29613,0.51147
32406869,2,2,0.17828,0.19717,0.62455
14592223,2,2,0.0052,0.02246,0.97234
21770126,2,2,0.00021,0.00062,0.99916
28873875,2,2,0.00469,0.07098,0.92432
37234763,0,0,0.52437,0.20572,0.26991
9514322,2,2,0.01773,0.20913,0.77314
27235323,0,0,0.4462,0.2917,0.26211
25992858,2,2,0.00516,0.00516,0.98967
30980659,2,2,0.3022,0.15853,0.53927
31184229,2,2,0.08412,0.06384,0.85204
19776375,0,2,0.08305,0.02527,0.89169
19212186,2,2,0.00909,0.03341,0.9575
32409273,2,2,0.10323,0.07514,0.82163
1096779,1,2,0.34924,0.25969,0.39107
13937785,2,2,0.00196,0.03209,0.96595
24254787,2,2,0.18109,0.38518,0.43373
35666505,2,2,0.019,0.01818,0.96282
6752458,2,2,0.03874,0.05115,0.91011
35042901,2,2,0.0,0.00055,0.99945
13890690,2,2,0.1882,0.29525,0.51655
24316731,0,0,0.54753,0.20051,0.25195
6347147,2,2,0.04222,0.38371,0.57406
36789310,2,2,0.12167,0.05093,0.82741
23729692,0,1,0.22871,0.74533,0.02596
11066020,2,2,0.01474,0.35825,0.62701
12811622,2,2,0.05578,0.22218,0.72204
31042925,2,2,1e-05,0.00236,0.99763
28423389,1,1,0.35906,0.482,0.15894
9837232,2,2,0.04106,0.05043,0.90851
26383486,1,0,0.54763,0.41905,0.03331
3247572,2,2,0.01728,0.11576,0.86696
28780588,2,2,0.00164,0.03018,0.96818
14417421,2,1,0.31566,0.40987,0.27447
20521894,2,2,9e-05,0.01243,0.98748
3714080,2,2,0.0,0.00025,0.99975
36420017,2,2,0.02094,0.27354,0.70552
27564902,2,2,0.03147,0.10813,0.8604
24428142,2,2,0.0013,0.01096,0.98773
21195899,2,2,0.009,0.18092,0.81008
8509593,2,2,0.00729,0.03004,0.96267
8098262,0,1,0.24665,0.73792,0.01543
24499737,0,0,0.74994,0.24217,0.00789
18269201,2,0,0.45094,0.13494,0.41412
2053754,0,0,0.83296,0.16481,0.00223
13940843,2,2,0.00705,0.02158,0.97138
37978340,2,2,0.03168,0.28087,0.68745
37634513,2,2,0.07987,0.03298,0.88716
28551894,2,2,0.09946,0.16319,0.73735
40033272,2,2,0.03621,0.13062,0.83317
31863930,2,2,0.08562,0.15822,0.75616
40557896,2,2,0.09076,0.36637,0.54288
17653533,2,2,0.24824,0.1887,0.56307
8753466,2,2,0.11354,0.16822,0.71824
22736624,2,2,0.04427,0.32645,0.62927
36199224,0,1,0.39314,0.57518,0.03168
10386921,2,2,0.03797,0.19994,0.76209
17547887,2,2,0.01663,0.04928,0.93409
6507431,0,0,0.77657,0.16885,0.05458
17153463,2,2,0.0288,0.11662,0.85458
32385657,2,2,0.02351,0.13589,0.84061
22731176,0,0,0.85466,0.13758,0.00776
35298592,0,0,0.84086,0.06067,0.09847
14962437,2,2,0.01218,0.0311,0.95672
37736454,1,0,0.67895,0.25679,0.06426
3995078,2,2,0.10284,0.14715,0.75
33912504,2,2,0.33538,0.20342,0.46121
35260169,0,0,0.67682,0.1755,0.14767
4959945,2,2,0.00223,0.09485,0.90292
20990534,0,0,0.34155,0.32624,0.33221
6170398,2,2,0.00801,0.09005,0.90194
30799327,2,2,0.04071,0.02298,0.9363
34743021,0,0,0.50125,0.44904,0.04971
26825944,2,2,0.02408,0.16833,0.80759
20037146,2,2,0.00272,0.01679,0.98049
590008,2,2,0.23702,0.16228,0.6007
23568001,0,0,0.87413,0.12304,0.00283
3876751,0,0,0.76058,0.23488,0.00454
26382599,2,2,0.34655,0.18892,0.46454
60951,2,2,0.02452,0.07578,0.8997
39161409,0,0,0.70886,0.22868,0.06247
12722381,2,2,0.06945,0.2,0.73054
31320162,2,2,0.0083,0.03068,0.96103
14688882,2,1,0.18953,0.4365,0.37397
14890806,2,2,0.00303,0.02097,0.97599
2307491,2,2,0.1892,0.16298,0.64781
17600908,2,2,0.14457,0.09412,0.76132
16121805,2,2,0.00517,0.01935,0.97548
24123921,0,1,0.41038,0.47665,0.11297
35276508,2,2,0.00593,0.02252,0.97155
33725895,0,2,0.2754,0.17055,0.55405
39600711,2,2,0.00284,0.00299,0.99418
1646980,1,0,0.46949,0.40474,0.12577
39969923,2,2,0.19599,0.15952,0.6445
39958496,2,2,0.00974,0.00869,0.98156
8065232,2,2,0.00684,0.25069,0.74247
3509595,1,0,0.48828,0.25161,0.26011
29533731,2,2,0.24824,0.1887,0.56307
14293160,2,2,0.01118,0.0153,0.97352
11962257,2,2,0.00444,0.16088,0.83468
21202821,2,2,0.00137,0.00222,0.99641
38219572,2,2,0.05287,0.08554,0.8616
24033217,2,2,0.01219,0.14372,0.84409
17150993,2,2,0.01686,0.1359,0.84724
39674066,1,0,0.5206,0.15347,0.32593
34291460,2,2,0.02035,0.03513,0.94452
32717602,0,0,0.75695,0.22249,0.02055
30794697,2,2,0.00067,0.00956,0.98977
7256014,0,1,0.41891,0.464,0.11709
37982549,2,2,0.09511,0.0633,0.8416
27911583,2,0,0.5287,0.23695,0.23434
9012875,1,0,0.92443,0.0538,0.02177
14545587,2,1,0.14143,0.51242,0.34615
10651451,2,2,0.01302,0.028,0.95898
27090244,2,2,0.11841,0.0133,0.86829
33569450,2,2,0.10824,0.25068,0.64108
36015868,2,2,0.01352,0.06612,0.92036
13925052,2,2,0.03303,0.29035,0.67662
834621,2,2,0.1462,0.21457,0.63923
9933293,0,1,0.18349,0.62407,0.19243
18657530,0,0,0.90636,0.09133,0.00231
24696831,2,2,0.31912,0.28672,0.39416
15085757,0,0,0.98158,0.01166,0.00676
25990715,2,2,0.08612,0.13946,0.77442
8057817,2,2,0.00056,0.15967,0.83977
33404851,2,2,0.00274,0.0075,0.98975
22431019,2,2,0.00117,0.00422,0.99461
38168921,0,0,0.99272,0.0061,0.00118
41037219,2,1,0.30784,0.57582,0.11634
24448201,0,0,0.90931,0.06631,0.02438
13967750,0,0,0.88601,0.08996,0.02404
30237720,2,1,0.17708,0.61877,0.20415
40989456,2,1,0.1148,0.85201,0.0332
28512024,0,1,0.20458,0.61336,0.18206
5515308,1,0,0.42675,0.26977,0.30349
39316032,2,1,0.13447,0.46494,0.40059
36949317,0,0,0.92469,0.06866,0.00666
27394749,0,0,0.95016,0.04848,0.00135
7787081,2,2,0.31053,0.30355,0.38591
17743695,2,2,0.04292,0.43834,0.51874
20374765,2,1,0.13629,0.6181,0.2456
16959867,2,2,0.0056,0.02455,0.96985
32296493,1,1,0.36338,0.57265,0.06397
29619039,0,0,0.70123,0.29389,0.00488
17023590,2,2,0.00288,0.00363,0.99349
6654652,2,2,0.00534,0.04418,0.95048
20300101,2,2,0.00307,0.02491,0.97202
34371591,0,0,0.86243,0.12307,0.0145
25904922,0,0,0.87831,0.07635,0.04534
19263883,0,1,0.34851,0.58834,0.06315
3143929,1,0,0.52961,0.13055,0.33984
37108160,2,2,0.00269,0.01943,0.97788
6935701,2,2,0.01355,0.08132,0.90514
32447577,2,1,0.2104,0.67071,0.11889
25927415,0,0,0.5904,0.39039,0.01921
5432396,2,2,0.01002,0.00671,0.98327
22323080,2,2,0.00012,0.00028,0.9996
39597308,2,2,0.25186,0.2612,0.48694
16405319,2,2,0.0127,0.12339,0.86391
5697848,1,1,0.15612,0.61862,0.22526
3649653,2,2,0.06119,0.07034,0.86847
22221585,2,2,0.00266,0.00285,0.99449
29259588,2,1,0.05864,0.49818,0.44318
4659350,2,1,0.35282,0.58688,0.0603
33568511,2,2,0.04196,0.03986,0.91818
18427077,2,1,0.0437,0.75249,0.20381
38638272,2,2,0.04474,0.26605,0.68921
40989659,2,2,0.00276,0.21336,0.78389
24099347,2,2,0.03469,0.09925,0.86606
32633152,2,1,0.09742,0.47066,0.43193
9883957,2,2,0.12952,0.40742,0.46307
24071817,2,2,0.00638,0.00955,0.98407
28092230,2,2,0.03235,0.37725,0.5904
33311466,2,2,0.03356,0.25707,0.70938
8885171,2,2,0.00139,0.00801,0.9906
3028849,2,2,0.05373,0.03395,0.91232
3768844,0,0,0.57769,0.38678,0.03553
24264339,0,0,0.86207,0.1117,0.02622
32665799,2,2,0.00038,0.00032,0.9993
24847904,0,0,0.95585,0.03329,0.01086
32201276,2,2,0.00328,0.01377,0.98295
34698125,2,2,0.01244,0.00883,0.97873
4622501,2,2,0.16604,0.11788,0.71608
885514,0,2,0.25199,0.21786,0.53016
16908187,0,0,0.76907,0.17558,0.05535
9222943,0,0,0.75758,0.12683,0.11559
1491660,2,2,0.04291,0.07222,0.88487
12823530,2,2,0.00453,0.01036,0.98511
347179,2,2,0.2567,0.0992,0.6441
19887513,2,2,0.06069,0.05193,0.88738
20802123,2,2,0.00584,0.01092,0.98325
1653665,2,0,0.55993,0.12462,0.31545
8412161,2,2,0.00707,0.07064,0.9223
27759422,0,0,0.76813,0.03431,0.19756
38146405,2,2,0.13464,0.03768,0.82768
19655894,0,0,0.97758,0.00802,0.01441
40298170,2,2,0.01496,0.03739,0.94764
23762978,2,2,0.00135,0.00558,0.99306
27756291,2,2,0.04235,0.03154,0.9261
25274510,2,2,0.1933,0.09041,0.71628
2196035,2,2,0.01062,0.42011,0.56927
6890247,2,2,0.0227,0.06121,0.9161
33314237,0,0,0.89502,0.09682,0.00816
3719099,1,0,0.46897,0.30547,0.22555
8667056,2,1,0.0611,0.6288,0.31009
25427315,2,1,0.02042,0.52285,0.45673
31981642,1,1,0.33508,0.60788,0.05703
27846399,2,2,0.09754,0.14546,0.757
39991669,2,1,0.02315,0.93403,0.04282
30423742,2,2,0.1913,0.23925,0.56945
30228861,2,2,0.01029,0.02823,0.96148
33526033,2,2,0.00925,0.02988,0.96086
24505697,0,0,0.97051,0.01889,0.0106
6013424,2,2,0.01655,0.02278,0.96066
8533906,2,2,0.00026,0.00239,0.99736
393535,2,2,0.03154,0.4263,0.54216
12611590,2,2,0.06008,0.05044,0.88948
23898983,2,2,9e-05,0.01243,0.98748
30502698,2,2,0.00596,0.03127,0.96276
1653066,0,2,0.19712,0.2954,0.50748
9483678,2,2,0.03624,0.08096,0.8828
4493528,2,2,0.01383,0.09071,0.89546
36259516,2,1,0.29377,0.43865,0.26757
24176612,2,2,0.16558,0.05142,0.78301
21805934,0,0,0.83501,0.1528,0.01219
35286957,2,2,0.24824,0.1887,0.56307
3201837,2,2,0.03397,0.07749,0.88854
35500818,2,1,0.06733,0.5174,0.41528
21877987,2,2,0.0353,0.01209,0.95261
31308143,2,2,0.11573,0.10602,0.77825
17406055,0,0,0.69548,0.28404,0.02048
35390804,2,2,0.01943,0.01299,0.96758
24945233,0,0,0.84876,0.13923,0.01201
16851712,2,2,0.00359,0.03065,0.96576
23192467,1,0,0.63681,0.24496,0.11823
2656709,2,0,0.51788,0.14676,0.33536
14465981,2,1,0.03374,0.61163,0.35463
15294631,2,2,0.35355,0.19432,0.45213
3227347,2,2,0.02548,0.06472,0.9098
19978871,2,2,0.01509,0.0862,0.89871
696810,0,0,0.56507,0.41017,0.02476
16609010,2,2,0.00267,0.18114,0.81618
14181422,2,2,0.25899,0.27244,0.46857
6150116,2,2,0.00381,0.04647,0.94973
3790122,1,1,0.41665,0.51843,0.06492
1637034,2,2,0.05815,0.0233,0.91854
5552483,0,0,0.55819,0.41151,0.03031
6421294,0,0,0.94139,0.04456,0.01405
39033998,2,2,0.02107,0.05245,0.92648
9100519,2,2,0.02253,0.0487,0.92877
33618374,0,0,0.71173,0.18622,0.10205
28898601,2,2,0.24712,0.02581,0.72707
14843105,2,2,0.08866,0.1926,0.71874
10919746,0,1,0.10879,0.5192,0.37202
17389524,2,2,0.00165,0.00367,0.99468
25147527,2,2,0.02123,0.06589,0.91288
18782069,0,1,0.35937,0.38785,0.25278
35722452,2,2,0.02615,0.06199,0.91186
11471349,2,2,0.02425,0.0323,0.94345
38135721,2,2,0.12581,0.05186,0.82233
15819461,2,2,0.00115,0.01658,0.98227
340560,2,2,0.08852,0.18509,0.7264
26410533,2,2,0.02863,0.16168,0.80969
19549004,0,0,0.89129,0.07885,0.02986
19979035,2,2,0.30222,0.08128,0.6165
38584191,2,0,0.59625,0.35915,0.0446
16635770,2,2,0.00068,0.02391,0.97541
31982081,0,0,0.92046,0.07518,0.00437
40845297,2,2,0.00188,0.00138,0.99674
1495200,0,1,0.2813,0.61977,0.09894
18449956,2,0,0.55536,0.42472,0.01992
33085750,2,2,0.04446,0.08603,0.86951
28681128,2,2,0.0352,0.25488,0.70991
18426151,2,2,0.06522,0.32611,0.60867
38961233,2,2,0.00193,0.00346,0.99461
11517448,0,0,0.83647,0.14942,0.01411
2740229,2,2,0.00449,0.01754,0.97797
40765294,0,0,0.84196,0.12816,0.02988
15926775,2,2,0.01462,0.13735,0.84803
12520339,2,2,0.02491,0.01697,0.95813
29146574,2,2,0.12601,0.14947,0.72452
40581042,1,2,0.03622,0.04651,0.91727
893185,2,1,0.24545,0.47979,0.27476
17746929,2,2,0.00249,0.00257,0.99494
4006092,2,2,0.03683,0.05372,0.90944
25128903,2,2,0.02344,0.03035,0.94621
39800825,1,1,0.12117,0.46282,0.41601
20724782,1,1,0.19909,0.6944,0.1065
28427491,2,0,0.49904,0.19578,0.30518
11608294,0,0,0.85591,0.12188,0.02221
40984160,2,2,0.08101,0.15713,0.76186
25553520,2,1,0.28809,0.44132,0.27058
10643337,0,1,0.3911,0.5402,0.06869
41067251,2,2,0.00664,0.00806,0.9853
18681234,0,0,0.98431,0.01529,0.00041
30990346,0,0,0.90513,0.09448,0.00039
13683687,2,2,0.00745,0.06836,0.92419
23377846,2,2,0.00524,0.12812,0.86665
16364307,2,2,0.00213,0.03221,0.96566
13382923,2,2,9e-05,0.01243,0.98748
29688677,2,2,0.00716,0.02179,0.97105
21363079,0,2,0.27275,0.12902,0.59824
18044214,2,2,0.17455,0.09217,0.73328
27647574,1,0,0.70046,0.20332,0.09622
22965194,2,2,0.24824,0.1887,0.56307
20416170,2,2,0.01203,0.02811,0.95985
2203823,2,2,0.00468,0.00341,0.99191
40265182,0,0,0.88457,0.0432,0.07223
4657492,2,2,0.09736,0.11789,0.78475
31437598,2,2,0.00691,0.0862,0.90689
21548912,2,2,0.11095,0.39094,0.49811
39079754,2,1,0.12065,0.61012,0.26923
35802572,0,0,0.77723,0.20663,0.01614
1872951,0,0,0.87762,0.04119,0.08119
11387473,2,2,0.00575,0.31391,0.68034
15745161,2,2,0.35534,0.19934,0.44532
19654326,0,0,0.83414,0.13791,0.02795
4501096,0,0,0.99388,0.00555,0.00057
33826616,2,2,0.0087,0.44875,0.54255
14744027,1,1,0.39808,0.44995,0.15196
16931728,2,2,0.00675,0.03388,0.95937
1406132,0,1,0.33093,0.33885,0.33022
11130366,2,2,0.25775,0.10638,0.63587
19959479,2,2,0.03679,0.08714,0.87607
16653616,2,0,0.7475,0.05075,0.20175
7534203,2,0,0.81573,0.08274,0.10154
3204934,0,0,0.92221,0.03164,0.04615
4032317,2,1,0.05905,0.68407,0.25688
17427456,2,2,0.24824,0.1887,0.56307
36713365,0,0,0.98823,0.01131,0.00046
1132289,2,2,0.02068,0.03401,0.94531
19852432,0,0,0.84447,0.14515,0.01038
31213206,2,2,0.07009,0.18956,0.74036
41011590,2,2,0.00035,0.06284,0.93681
34957883,0,0,0.91494,0.05779,0.02727
38382936,2,2,0.00156,0.00713,0.99131
30426747,2,2,0.01048,0.12568,0.86385
28197650,2,2,0.00017,0.00173,0.99809
34583166,2,2,0.03912,0.05443,0.90645
20693332,2,2,0.0087,0.03841,0.95289
36990460,2,2,0.01276,0.0288,0.95844
6623944,2,1,0.14816,0.51862,0.33323
16345864,0,0,0.87592,0.08911,0.03497
28088854,0,1,0.15323,0.83555,0.01122
14541317,2,2,0.01242,0.01627,0.97131
40575832,2,2,0.00092,0.00886,0.99022
16909914,2,2,0.0944,0.12091,0.78469
40024393,0,0,0.57472,0.39927,0.02601
29048428,0,0,0.94425,0.05053,0.00522
29895433,2,2,4e-05,0.01334,0.98663
26117686,0,0,0.88763,0.06662,0.04575
22327178,2,2,0.02422,0.16651,0.80928
21190987,2,2,0.00248,0.00225,0.99528
12505100,2,2,0.02825,0.05476,0.91699
22653111,0,0,0.86756,0.11062,0.02182
39512917,2,2,0.0682,0.0238,0.908
17325572,2,0,0.41342,0.30192,0.28465
34879023,1,1,0.26997,0.70801,0.02202
4853071,2,2,0.00495,0.04772,0.94733
28966845,2,2,0.10867,0.11497,0.77635
8284254,0,0,0.80094,0.16795,0.03111
1256783,1,0,0.77505,0.19683,0.02812
7970911,2,1,0.23065,0.39138,0.37797
1634772,2,2,0.00048,0.03819,0.96133
3799345,0,0,0.92314,0.06307,0.01379
14301556,0,0,0.88184,0.09067,0.02749
17055349,2,2,0.00035,0.00971,0.98994
5996651,2,2,0.02805,0.01999,0.95195
39672270,2,1,0.18651,0.64716,0.16634
12220065,0,0,0.86789,0.11517,0.01694
35177379,2,2,0.15878,0.12653,0.71469
12725198,0,0,0.76042,0.2276,0.01198
24724041,2,2,0.01855,0.16274,0.8187
20551923,2,2,0.1142,0.27756,0.60824
16638879,2,2,0.04021,0.01611,0.94367
40632475,2,2,0.03843,0.09619,0.86538
12652379,2,2,0.02515,0.17841,0.79644
4573691,2,2,0.05181,0.04334,0.90486
21320932,2,2,0.04391,0.03231,0.92378
7297930,2,2,0.16183,0.23118,0.60699
16516349,2,2,0.00395,0.05417,0.94188
16618586,0,0,0.98807,0.00695,0.00499
22081039,2,2,0.13127,0.15016,0.71857
39711000,2,2,0.16587,0.40011,0.43402
12446191,2,1,0.04963,0.52899,0.42138
25350193,2,2,0.00356,0.11039,0.88605
40805667,2,2,0.0416,0.13256,0.82584
16243302,2,1,0.3088,0.40819,0.28301
32700599,2,2,0.00172,0.24024,0.75804
4853655,2,2,0.08067,0.42602,0.49331
38851055,0,0,0.82149,0.16762,0.01088
16634378,1,1,0.26214,0.65199,0.08587
15269161,2,2,0.04166,0.01715,0.94119
23531295,1,0,0.41883,0.30213,0.27903
20630680,2,2,0.00034,0.00041,0.99926
41127628,2,2,0.2721,0.09469,0.63321
14544575,0,0,0.89223,0.10475,0.00301
21907216,1,0,0.91663,0.05935,0.02402
1142244,2,2,0.00282,0.00953,0.98765
3093165,2,2,0.00724,0.00528,0.98747
39195605,0,0,0.91326,0.02379,0.06295
9700354,0,1,0.03632,0.58353,0.38015
12136039,2,2,0.00629,0.02435,0.96936
31550747,0,0,0.84741,0.14306,0.00953
11846977,2,2,0.03649,0.05289,0.91062
17522672,0,0,0.96047,0.03537,0.00416
41048616,0,1,0.12402,0.50522,0.37076
16574414,2,2,0.12079,0.34677,0.53245
13204810,2,2,0.00073,0.00828,0.99099
7441511,2,2,0.00098,0.01599,0.98303
30770852,2,2,0.00027,0.0078,0.99194
15660217,0,0,0.45252,0.3756,0.17188
11235760,2,2,0.13586,0.28783,0.57631
32548409,2,2,0.03024,0.11994,0.84981
39652117,2,1,0.2428,0.61384,0.14337
12215420,2,2,0.0035,0.01817,0.97833
1893190,0,0,0.43095,0.30329,0.26576
39560659,2,2,0.07559,0.36002,0.56439
35214297,0,0,0.58608,0.3451,0.06882
13962386,0,0,0.9626,0.02356,0.01384
4675431,2,2,0.01753,0.1427,0.83978
30894469,2,2,0.03554,0.15041,0.81405
38825612,0,0,0.78987,0.13626,0.07387
33551609,2,2,0.02536,0.11545,0.85919
6632991,0,1,0.30372,0.60013,0.09615
5489559,2,2,0.00034,0.01431,0.98536
8668663,0,0,0.90795,0.04321,0.04883
36713458,1,1,0.33288,0.59835,0.06877
12404159,0,0,0.89243,0.05582,0.05175
19098628,1,0,0.73539,0.21329,0.05132
15194393,2,2,9e-05,0.01243,0.98748
35247838,2,2,0.01253,0.04616,0.94131
33374780,2,2,0.01286,0.01062,0.97652
16675374,2,2,0.00508,0.02196,0.97296
32821074,2,2,0.01654,0.07921,0.90425
38380852,2,2,0.00425,0.01025,0.98549
6008204,2,2,0.01992,0.01692,0.96316
29961228,0,0,0.7719,0.2224,0.00571
40999427,1,0,0.63189,0.3277,0.04041
8758882,2,2,0.00483,0.16694,0.82823
9575251,2,0,0.47532,0.3862,0.13848
11649977,2,1,0.09748,0.47464,0.42788
34184674,2,2,0.00505,0.0538,0.94116
26233902,2,2,0.00323,0.00422,0.99255
10591702,2,2,0.07854,0.11428,0.80718
1266127,2,2,0.10437,0.05792,0.83771
36594620,0,0,0.99798,0.00155,0.00047
3586598,2,2,0.00324,0.0193,0.97746
27862732,1,2,0.0107,0.15372,0.83558
28592865,2,2,0.15268,0.07004,0.77728
258500,2,2,0.01836,0.09417,0.88747
37937961,2,2,0.00083,0.00577,0.9934
21355930,2,2,0.00062,0.01376,0.98562
369848,2,2,0.08675,0.44073,0.47252
29676285,2,2,0.00049,0.01811,0.9814
35648918,0,0,0.9207,0.07666,0.00263
26681460,2,2,0.03964,0.17969,0.78067
19774320,2,2,0.06552,0.06091,0.87357
31695900,2,2,0.01596,0.09669,0.88735
28632443,2,1,0.09491,0.62733,0.27776
15747849,0,0,0.91955,0.06761,0.01284
7546729,2,2,0.0773,0.03203,0.89067
5843087,2,2,0.00316,0.14747,0.84937
15552755,2,2,0.01006,0.0854,0.90454
40403003,2,1,0.00652,0.95674,0.03674
23782442,0,0,0.6735,0.27445,0.05206
32245639,2,2,0.0002,0.03448,0.96532
12408285,1,1,0.17062,0.82641,0.00297
14642742,2,2,0.03832,0.05589,0.90578
13148399,2,2,0.00219,0.01366,0.98415
19116144,0,1,0.41282,0.57936,0.00782
22872966,0,0,0.59872,0.31014,0.09115
28201523,2,2,0.14176,0.0943,0.76394
35769908,0,0,0.80795,0.15749,0.03456
8269991,0,0,0.80913,0.14026,0.05061
27477170,2,2,0.00323,0.00309,0.99368
40022504,0,0,0.96564,0.0336,0.00076
8099558,2,2,0.0904,0.06492,0.84467
14644119,2,2,0.0126,0.48147,0.50592
37216426,0,0,0.70767,0.20573,0.0866
33761578,2,2,0.11013,0.05294,0.83693
21235222,0,0,0.85309,0.10156,0.04535
29000618,2,2,0.00792,0.38273,0.60935
17520406,2,2,0.32633,0.24262,0.43105
30447459,0,0,0.84148,0.09452,0.064
572444,2,2,0.12479,0.23291,0.6423
21081836,2,2,0.02488,0.11206,0.86306
11560791,0,0,0.65358,0.30742,0.039
20152220,2,2,0.16624,0.0255,0.80826
5706021,2,2,0.19364,0.08739,0.71897
17839382,2,2,0.00791,0.02831,0.96377
28938906,2,2,0.00023,0.00312,0.99665
11475523,2,2,0.00137,0.00607,0.99257
20334513,2,2,0.00075,0.02465,0.9746
24283094,2,2,0.00141,0.00834,0.99025
18688384,2,2,0.02699,0.03227,0.94074
5316504,2,2,0.01381,0.05866,0.92753
11118039,2,2,0.01681,0.04419,0.939
35935527,2,0,0.95728,0.04075,0.00197
16678703,2,2,0.23457,0.22576,0.53967
13948435,2,2,0.01696,0.0328,0.95025
18096946,2,2,0.1088,0.10707,0.78414
11554127,2,2,0.00271,0.01989,0.9774
37278879,2,2,0.05657,0.04372,0.89971
17968990,2,2,0.00263,0.19476,0.80261
33840290,1,0,0.85694,0.13435,0.0087
19130919,2,2,0.00431,0.04151,0.95419
7528505,0,0,0.84476,0.14938,0.00586
16121844,2,2,0.00275,0.03282,0.96443
9329174,2,2,0.00401,0.02694,0.96905
6572489,0,0,0.73909,0.14937,0.11154
41276657,2,2,0.00798,0.02417,0.96785
25793452,2,2,0.00033,0.00128,0.99839
39906675,2,0,0.51328,0.02214,0.46458
4625950,2,2,0.01988,0.17221,0.80791
33038491,1,1,0.41016,0.4219,0.16794
8631433,1,1,0.14892,0.71321,0.13787
25116035,2,2,0.06457,0.03603,0.8994
5898498,2,2,0.11731,0.17678,0.70591
28601474,0,0,0.93391,0.03649,0.0296
25597700,2,2,0.14908,0.14002,0.7109
11037731,0,0,0.98851,0.00605,0.00544
4597567,2,2,9e-05,0.01243,0.98748
8910896,2,2,0.00805,0.05509,0.93686
34551710,0,0,0.89498,0.08976,0.01526
20299580,2,2,0.28492,0.15011,0.56497
28584249,2,2,0.15377,0.23303,0.6132
23674767,0,0,0.85949,0.10534,0.03517
16395276,2,2,0.15249,0.15008,0.69743
17327752,0,1,0.32779,0.5422,0.13001
10503406,2,2,0.09608,0.08072,0.8232
28846271,0,0,0.6102,0.16761,0.22218
37505216,0,0,0.8962,0.09406,0.00974
8133349,2,2,0.00939,0.04215,0.94846
38815663,2,2,0.00041,0.01714,0.98245
18293919,2,2,0.0,0.00055,0.99945
8572644,2,2,0.07102,0.4594,0.46958
25634062,2,0,0.71984,0.27221,0.00795
5018028,2,2,0.17245,0.10144,0.72611
24980920,0,0,0.85532,0.14217,0.00251
3590757,2,2,0.14621,0.1609,0.69289
6595575,2,2,0.00558,0.48066,0.51376
36107171,2,2,0.01976,0.35576,0.62448
28891389,0,0,0.89809,0.09562,0.00628
8782456,2,1,0.2964,0.61077,0.09283
24202263,0,0,0.49806,0.49507,0.00686
39033290,2,2,0.05502,0.229,0.71599
5731703,2,2,0.02355,0.03076,0.94569
22659872,2,1,0.15305,0.47719,0.36976
29427333,2,2,0.03779,0.08819,0.87402
10022690,2,2,0.01006,0.0854,0.90454
11657927,0,0,0.71818,0.18222,0.0996
10146809,2,0,0.38039,0.37843,0.24118
12976364,2,2,0.0049,0.04934,0.94576
21776671,2,2,0.20213,0.1153,0.68257
35146374,2,2,0.18282,0.20829,0.60889
19948107,2,2,0.0946,0.07002,0.83538
17057696,2,2,0.0007,0.00505,0.99425
24534900,0,0,0.49638,0.4203,0.08332
8838246,0,0,0.72883,0.23249,0.03868
40922288,2,2,0.0,0.00025,0.99975
32133011,2,2,0.07422,0.05167,0.87411
8866206,2,1,0.32639,0.48966,0.18395
26552865,2,2,0.0566,0.0337,0.9097
12347268,1,1,0.34457,0.4222,0.23324
4514356,2,2,0.05489,0.40911,0.536
34986146,2,2,0.03685,0.1678,0.79535
8776285,2,2,0.00172,0.24024,0.75804
35703846,0,1,0.23116,0.74864,0.0202
4702223,2,1,0.22494,0.48293,0.29213
20538397,2,2,0.00033,0.01857,0.9811
31359363,0,0,0.55975,0.42826,0.01199
30991306,0,0,0.58054,0.33699,0.08247
17455431,2,2,0.02315,0.0474,0.92945
24877917,2,2,0.11145,0.08656,0.80199
15494821,2,2,0.00657,0.0108,0.98263
9293939,0,0,0.73895,0.2049,0.05615
28981440,2,2,0.0603,0.16138,0.77832
13823160,1,1,0.28782,0.64617,0.06601
4889946,2,2,0.00457,0.08749,0.90793
15163527,0,0,0.96184,0.02573,0.01242
339860,0,0,0.74865,0.24506,0.00628
18538502,0,0,0.97836,0.02098,0.00066
11124921,0,0,0.93212,0.06701,0.00087
5590905,0,0,0.96751,0.03216,0.00033
36106272,0,0,0.56671,0.4196,0.01369
29925927,0,0,0.36476,0.35765,0.27759
23064564,0,0,0.60692,0.32687,0.06621
4222844,0,0,0.494,0.46619,0.03981
5765137,2,1,0.08586,0.55769,0.35645
30644900,2,2,0.19803,0.19428,0.60769
26239880,0,1,0.30829,0.37213,0.31958
28097772,1,0,0.5913,0.33499,0.0737
41324057,2,2,0.00746,0.01341,0.97913
18370450,1,1,0.28486,0.68221,0.03292
35093581,2,2,0.38734,0.16113,0.45152
17531895,2,2,0.18054,0.19016,0.62929
22804868,2,1,0.23736,0.56068,0.20196
39143263,0,0,0.90766,0.089,0.00334
4588008,2,2,0.00276,0.00501,0.99222
28684026,2,2,0.00176,0.02438,0.97386
34181631,2,2,0.24824,0.1887,0.56307
29294032,2,2,0.1142,0.05168,0.83413
18231073,2,1,0.01829,0.68517,0.29653
781147,2,1,0.0611,0.6288,0.31009
4093625,2,1,0.08602,0.83534,0.07864
2402876,2,2,0.15834,0.11889,0.72277
40175286,2,0,0.51328,0.02214,0.46458
4526430,2,2,0.06785,0.23773,0.69442
25997538,2,2,0.00195,0.02238,0.97567
33791222,2,2,0.02481,0.02858,0.94661
35391483,2,2,0.00894,0.11897,0.8721
13008410,2,2,0.0097,0.01546,0.97484
13821178,0,0,0.67201,0.3247,0.0033
29559881,0,0,0.88795,0.09965,0.0124
25909806,2,2,0.02419,0.06809,0.90772
18829051,1,1,0.08136,0.64265,0.27599
30537556,2,2,0.13316,0.07176,0.79508
29108133,0,0,0.72461,0.21896,0.05643
41398595,2,2,0.17255,0.12562,0.70182
11124243,2,2,0.01398,0.07017,0.91585
23998240,2,0,0.44421,0.39979,0.156
5111453,1,0,0.52279,0.12098,0.35623
40881728,1,2,0.27219,0.27316,0.45465
26681475,0,0,0.93029,0.0439,0.02581
12952259,0,0,0.64265,0.32042,0.03693
11700564,0,0,0.84398,0.14849,0.00753
325529,2,1,0.0149,0.57877,0.40633
31511440,2,2,0.11811,0.08965,0.79224
33822747,2,2,0.04823,0.14578,0.80599
25924338,2,2,0.00362,0.0267,0.96968
32300492,0,0,0.66496,0.32679,0.00825
33223026,2,2,0.0029,0.05091,0.94619
23484973,0,0,0.88743,0.07012,0.04245
14040464,2,0,0.85524,0.13667,0.00809
14661892,2,2,0.07436,0.02636,0.89928
29220017,1,2,0.00263,0.01041,0.98696
18317916,0,0,0.85266,0.13541,0.01193
12030332,2,2,0.00934,0.05561,0.93505
8987507,2,2,0.08575,0.04289,0.87136
35640635,2,2,0.3981,0.09618,0.50572
38593334,1,1,0.46709,0.48534,0.04757
7939100,0,0,0.93013,0.06524,0.00463
30591143,0,0,0.65746,0.15618,0.18636
22983062,0,0,0.80011,0.10416,0.09572
22044709,2,2,0.04909,0.04698,0.90393
35017780,2,2,0.06406,0.01651,0.91944
41232074,0,0,0.70435,0.27883,0.01682
25840200,2,2,0.01145,0.01218,0.97637
40167018,2,2,0.12007,0.24673,0.6332
27195816,0,0,0.92913,0.06839,0.00249
11689942,0,0,0.57086,0.41557,0.01358
11149143,2,2,0.04052,0.24861,0.71087
27686023,0,0,0.63689,0.1964,0.16671
30264612,2,2,0.11565,0.03171,0.85264
40453557,2,2,0.1497,0.37908,0.47122
20043175,2,2,0.03646,0.07807,0.88547
7109069,2,2,0.00538,0.03924,0.95538
476658,2,2,0.00368,0.04992,0.9464
11438151,2,1,0.05024,0.69225,0.2575
18071756,2,2,0.35136,0.07127,0.57738
18170512,2,2,0.02945,0.21142,0.75914
39927937,2,2,9e-05,0.01243,0.98748
33716107,2,2,0.36698,0.25961,0.37341
33850745,2,2,0.03995,0.31734,0.64271
40283965,2,2,0.0083,0.05278,0.93892
16267320,2,2,0.17064,0.2237,0.60566
6409192,2,2,0.24824,0.1887,0.56307
41406768,2,1,0.1391,0.70756,0.15334
27730116,2,2,0.00925,0.07296,0.91779
13724814,1,0,0.38849,0.349,0.26251
27148177,0,0,0.82633,0.14239,0.03128
13319835,2,2,0.00793,0.03812,0.95394
9809429,2,2,0.03167,0.04292,0.92541
1867387,2,2,0.00403,0.01026,0.98571
30511700,2,2,0.01656,0.01609,0.96735
8832905,2,2,0.04831,0.08144,0.87025
773213,2,2,0.02664,0.01491,0.95845
40440051,2,1,0.1337,0.62794,0.23836
27401406,0,0,0.99155,0.00825,0.0002
10105049,0,0,0.71535,0.23823,0.04642
14292244,2,2,0.00118,0.00442,0.99441
18416147,1,2,0.00681,0.04507,0.94812
31439740,2,2,0.02598,0.02683,0.94719
3858807,2,2,0.32093,0.2141,0.46496
10507952,2,2,0.0333,0.04242,0.92428
15766412,2,0,0.80974,0.18615,0.0041
27213772,2,2,0.07844,0.35788,0.56368
25032708,2,1,0.05586,0.50296,0.44118
14629924,2,2,0.12784,0.22343,0.64873
39816480,2,2,0.00604,0.01289,0.98107
14917450,2,0,0.51371,0.15875,0.32754
36943709,2,2,0.00127,0.02213,0.97661
19960121,2,2,0.15895,0.05611,0.78493
28301645,2,0,0.72798,0.17395,0.09807
25835984,2,2,0.04482,0.18488,0.7703
4966502,2,2,0.10679,0.15211,0.7411
15422337,0,0,0.99224,0.00739,0.00036
29717520,0,1,0.31823,0.44074,0.24103
37708908,0,0,0.75409,0.23814,0.00778
7762031,2,1,0.16586,0.82203,0.01211
30145067,2,2,0.03034,0.05341,0.91625
8281591,2,2,0.06544,0.05267,0.88189
38047502,2,2,0.00799,0.02817,0.96384
237909,2,2,0.17012,0.17647,0.65341
28041227,0,0,0.55999,0.11315,0.32685
7631124,2,2,0.01053,0.03495,0.95452
39666278,2,2,0.007,0.02214,0.97086
39198105,2,2,0.00326,0.00488,0.99186
18696901,2,2,0.03238,0.06382,0.9038
14135094,0,0,0.6873,0.24601,0.06669
1211365,2,2,0.02292,0.04266,0.93441
7823850,0,0,0.64479,0.18228,0.17293
41007839,2,1,0.0343,0.81382,0.15188
5619080,0,0,0.94216,0.05725,0.00059
1788671,2,2,0.04222,0.10025,0.85753
17138867,2,1,0.09324,0.78026,0.1265
14899549,2,2,0.08585,0.23473,0.67942
22097150,0,0,0.98983,0.00983,0.00035
1387590,2,2,0.04786,0.11632,0.83582
17546341,1,1,0.32268,0.47815,0.19917
7945663,2,2,0.01882,0.03513,0.94606
6181598,2,2,0.0086,0.12138,0.87001
8833234,2,2,0.01838,0.0922,0.88942
29184920,2,2,0.03321,0.02478,0.94201
15395727,2,2,0.01527,0.12412,0.86061
21780656,2,2,0.01727,0.03316,0.94956
35951474,0,0,0.87115,0.11584,0.01301
14762644,2,2,0.05963,0.02412,0.91626
25714069,2,2,0.04962,0.07786,0.87252
11954738,2,2,0.0353,0.03487,0.92983
353194,2,2,0.08427,0.08187,0.83386
26763513,2,2,0.0783,0.0503,0.87139
205452,2,2,0.01389,0.04994,0.93617
3712918,2,2,0.00375,0.0151,0.98115
36065729,2,2,0.0337,0.04786,0.91844
25035341,1,1,0.21074,0.65045,0.13881
21092706,2,2,0.00358,0.06404,0.93237
9368153,2,2,0.00054,0.00133,0.99813
31804289,2,2,0.20099,0.12064,0.67837
39015763,2,2,0.00029,0.00294,0.99677
3342262,2,2,0.00332,0.02645,0.97023
38909603,2,2,0.00507,0.01495,0.97997
12398550,2,2,0.00097,0.00143,0.9976
19214193,2,2,0.05952,0.16524,0.77524
592853,2,2,0.00627,0.02651,0.96722
22248432,2,2,0.04589,0.19078,0.76333
9746390,1,0,0.90368,0.04642,0.0499
15489796,2,2,0.00654,0.31703,0.67643
41575042,2,2,0.00567,0.40846,0.58586
37475097,0,1,0.06544,0.87097,0.06359
5547261,2,2,0.00124,0.01159,0.98718
682765,2,2,0.00024,0.01822,0.98154
11765764,2,2,0.0158,0.06544,0.91876
29409222,2,2,0.06782,0.07803,0.85415
39345528,0,0,0.95707,0.03756,0.00537
36646201,0,0,0.98139,0.01661,0.002
32786528,0,0,0.93403,0.05074,0.01523
4968295,2,2,0.0035,0.00304,0.99346
2367320,2,1,0.01286,0.78092,0.20622
8583822,0,0,0.97676,0.02261,0.00063
30583977,2,2,0.00101,0.00526,0.99373
9791445,2,2,0.0088,0.10704,0.88416
5790767,2,0,0.80081,0.18504,0.01415
917048,0,0,0.97251,0.02649,0.001
17749226,2,2,0.00544,0.02109,0.97347
11069256,2,2,0.0372,0.0199,0.9429
33018777,2,2,0.00192,0.01039,0.98769
17399143,2,1,0.03748,0.56078,0.40173
8776485,2,2,0.00654,0.0595,0.93396
39974919,0,1,0.13895,0.78027,0.08078
18723334,2,0,0.43778,0.29368,0.26853
30646853,2,2,0.0323,0.07499,0.89271
1373381,2,2,0.05464,0.17565,0.7697
38953053,2,2,0.01907,0.08229,0.89864
11990991,2,2,0.24369,0.13251,0.6238
8601798,0,0,0.74095,0.2132,0.04585
11129306,2,2,0.1133,0.0697,0.817
5907073,1,2,0.01536,0.107,0.87764
23059219,2,2,0.0081,0.00923,0.98268
35025332,1,0,0.75044,0.15847,0.09109
16400511,2,2,0.0016,0.01455,0.98384
35051161,0,0,0.5898,0.27603,0.13417
33156980,0,0,0.99352,0.00493,0.00154
17316771,2,2,0.03017,0.02254,0.94728
11962213,2,2,0.06676,0.10077,0.83247
34559778,2,2,0.00049,0.01811,0.9814
31734851,2,2,0.00288,0.01041,0.98671
6910487,2,2,0.02694,0.09046,0.88261
18441255,2,2,0.02206,0.15041,0.82752
2653229,2,1,0.12958,0.48553,0.38489
36494980,0,0,0.98898,0.00992,0.0011
33650429,2,2,0.00745,0.00504,0.98751
23012485,1,1,0.23787,0.47028,0.29185
31955940,2,2,0.08719,0.30851,0.6043
14742291,2,2,0.06111,0.07893,0.85996
27334749,2,2,0.05029,0.10049,0.84921
25099899,0,0,0.98753,0.01093,0.00154
2632486,2,2,0.11669,0.40728,0.47603
5411292,2,2,0.08461,0.18669,0.72871
242663,2,2,0.0056,0.0366,0.9578
21511523,2,2,0.02585,0.09669,0.87745
10592425,0,0,0.92967,0.05559,0.01473
26492274,0,0,0.70585,0.17074,0.12341
20132776,2,2,0.10148,0.20281,0.69571
12224402,2,2,0.00172,0.24024,0.75804
1238971,2,2,0.06872,0.04197,0.8893
6011006,2,2,0.04646,0.23547,0.71808
10685439,0,2,0.38757,0.18596,0.42648
33192038,2,2,0.04649,0.06487,0.88864
6483681,2,2,0.00211,0.00304,0.99485
9779490,2,2,0.00389,0.01816,0.97795
10259599,0,1,0.18471,0.43073,0.38456
8477875,0,0,0.63539,0.2741,0.09051
24751848,2,2,0.00589,0.00732,0.98679
31618047,1,1,0.32331,0.6478,0.02888
9011654,2,2,0.0055,0.03029,0.96421
26749869,2,2,0.04786,0.28768,0.66447
7142655,0,0,0.86426,0.10152,0.03422
25659945,0,0,0.50157,0.06658,0.43185
22831758,0,1,0.02504,0.90086,0.0741
39000926,0,0,0.72257,0.13331,0.14412
14130544,2,2,0.00104,0.0117,0.98726
18044611,2,2,0.03391,0.05439,0.9117
38267328,2,2,0.16388,0.06903,0.76709
25437581,2,2,0.0056,0.02255,0.97185
1448254,2,2,0.14514,0.3541,0.50076
21567065,2,2,0.24824,0.1887,0.56307
40189731,2,2,0.03721,0.20924,0.75355
14248789,0,0,0.68119,0.31006,0.00875
35686849,2,2,0.12516,0.23531,0.63953
5732240,0,0,0.87024,0.12508,0.00468
13284051,2,2,0.18177,0.21508,0.60315
4310462,2,2,0.00046,0.00789,0.99166
13935477,2,2,0.01253,0.01322,0.97425
1616044,2,2,0.00127,0.00392,0.99481
16441863,2,2,0.13222,0.03887,0.82891
36607474,2,2,0.00238,0.13824,0.85938
16496341,2,2,0.0005,0.00264,0.99686
11421747,2,2,0.0,0.00013,0.99987
4580965,2,2,0.04177,0.13146,0.82677
33796712,0,0,0.83975,0.12797,0.03228
34363791,2,2,0.0098,0.09006,0.90014
28507431,2,1,0.07725,0.66954,0.25321
2615194,0,0,0.751,0.15432,0.09468
24874387,2,1,0.11265,0.447,0.44036
10721201,2,1,0.06262,0.70099,0.23639
35922236,0,0,0.95685,0.02818,0.01497
3880704,2,2,0.1408,0.12454,0.73466
12373555,2,2,0.00219,0.04394,0.95387
40056797,2,2,6e-05,0.00037,0.99957
34912508,2,2,0.00258,0.03461,0.96281
3114537,2,2,0.00193,0.01702,0.98105
13354783,2,2,1e-05,0.00058,0.99941
41177773,0,0,0.50524,0.36862,0.12614
28944404,0,0,0.74706,0.19975,0.05319
35754379,2,2,0.00186,0.01332,0.98483
8670621,2,2,0.23815,0.3603,0.40154
26289124,2,2,0.00325,0.03948,0.95726
10757365,2,2,0.00053,0.02893,0.97054
30702152,1,1,0.31457,0.57391,0.11152
35015947,2,1,0.18025,0.61921,0.20054
8810198,2,2,0.0333,0.06819,0.89851
34890379,2,0,0.62804,0.21338,0.15858
17778075,0,1,0.31725,0.59313,0.08962
12652398,2,1,0.11103,0.54796,0.34101
31197482,2,2,0.01045,0.01843,0.97112
35527501,2,2,0.016,0.13277,0.85123
21002181,0,0,0.68872,0.27406,0.03722
15355354,0,0,0.4885,0.47881,0.03268
8543748,2,2,0.04597,0.1278,0.82623
19788977,0,0,0.96423,0.03122,0.00455
5313762,2,0,0.48204,0.27725,0.24072
6978818,2,2,0.00079,0.0467,0.95251
31089551,2,2,0.00899,0.01056,0.98045
6540840,2,2,0.06823,0.33719,0.59457
13757761,2,2,0.03917,0.06287,0.89797
28025703,2,2,0.00233,0.01391,0.98376
37117796,2,2,0.07545,0.04124,0.8833
26795069,2,2,0.03711,0.17453,0.78836
36234970,0,0,0.7327,0.25216,0.01514
23013095,0,0,0.82336,0.05767,0.11897
8987613,2,2,0.00018,0.01078,0.98905
24148782,2,2,0.36254,0.27354,0.36392
31507790,2,2,0.02908,0.0428,0.92813
31699844,1,2,0.29377,0.20227,0.50396
27087597,2,2,0.01728,0.03485,0.94787
6673481,2,2,0.01174,0.20104,0.78722
28014040,0,0,0.77157,0.19202,0.03641
40535750,2,2,0.0003,0.02238,0.97732
25055865,2,2,0.00819,0.23698,0.75482
17473482,2,2,0.00501,0.01421,0.98078
8209477,2,2,0.01801,0.14917,0.83282
24312754,0,1,0.2953,0.7015,0.0032
33499425,0,0,0.81361,0.06842,0.11797
12508949,0,0,0.84495,0.11627,0.03879
35757338,2,2,0.19512,0.37134,0.43353
13498030,0,1,0.40537,0.56199,0.03264
38538315,2,2,0.06735,0.18471,0.74794
22464096,2,2,0.08865,0.10428,0.80707
18068713,2,2,0.09083,0.38758,0.52159
18317557,2,1,0.05476,0.56494,0.3803
5575077,2,2,0.07225,0.16901,0.75874
34501121,2,2,0.01773,0.04657,0.9357
26652710,2,2,0.00041,0.00221,0.99738
31859661,2,2,0.00123,0.00192,0.99685
33121859,0,0,0.55735,0.28451,0.15814
25793635,2,2,0.03995,0.1833,0.77675
9184927,2,2,0.00652,0.02589,0.9676
25312833,0,0,0.91851,0.0542,0.02728
36623684,2,1,0.33708,0.48239,0.18053
35836509,2,2,0.26866,0.22961,0.50173
16045909,2,2,0.00123,0.0066,0.99218
33683328,2,1,0.13221,0.49127,0.37652
24304686,2,2,0.18201,0.15576,0.66223
31205715,0,0,0.95436,0.02374,0.0219
17302671,0,0,0.93681,0.05085,0.01234
16349988,1,0,0.81084,0.12452,0.06464
31822575,0,0,0.86653,0.12969,0.00379
5723870,2,2,0.00802,0.20936,0.78263
30670023,2,2,0.00325,0.00498,0.99178
31065797,2,0,0.74994,0.1196,0.13046
25343585,2,2,0.00279,0.01923,0.97798
35260991,2,2,0.02252,0.02039,0.95709
17335456,2,2,0.00141,0.04284,0.95575
17588839,2,2,0.06035,0.01519,0.92445
38528464,2,2,0.00356,0.11039,0.88605
36695156,2,2,0.01551,0.02391,0.96059
551870,0,0,0.60469,0.35396,0.04135
33180665,2,2,0.21792,0.30445,0.47762
34476595,0,1,0.17594,0.75603,0.06803
4843116,2,2,0.00894,0.0547,0.93636
4898374,2,2,0.32886,0.20311,0.46802
12646494,2,2,0.02748,0.10108,0.87144
270549,2,2,0.0118,0.15262,0.83558
28545270,2,2,0.0403,0.13544,0.82427
15045861,2,2,0.11,0.02282,0.86718
10529758,2,2,0.00142,0.00891,0.98966
20802673,2,2,0.24824,0.1887,0.56307
20776068,1,1,0.0622,0.83569,0.1021
22495468,0,1,0.25623,0.62791,0.11586
39919654,0,0,0.60975,0.3766,0.01365
8477693,2,2,0.07149,0.07268,0.85583
8822034,2,2,0.06756,0.18448,0.74795
24889377,0,2,0.4115,0.15339,0.43511
38657514,2,2,0.01926,0.08906,0.89168
33685238,2,2,0.00699,0.11096,0.88205
20034530,2,1,0.22627,0.70385,0.06988
5310254,2,2,0.09624,0.04493,0.85883
19738162,1,2,0.02724,0.21342,0.75934
6098586,2,2,0.25572,0.17771,0.56657
1912471,2,2,0.02685,0.01563,0.95752
22968485,0,0,0.80961,0.14986,0.04053
14191086,0,0,0.68544,0.19957,0.11499
9041840,0,0,0.51536,0.4804,0.00424
34560127,2,2,0.0004,0.00278,0.99682
40762967,2,2,0.00499,0.01665,0.97836
40189423,2,1,0.24358,0.71416,0.04226
31076567,2,2,0.12795,0.09065,0.78139
24311952,2,2,0.01067,0.04009,0.94924
9563802,2,0,0.57547,0.35452,0.07001
1183563,2,2,0.02344,0.04021,0.93635
26564399,2,1,0.07136,0.78744,0.1412
12408850,0,1,0.02464,0.94418,0.03119
4977739,2,2,0.03656,0.15667,0.80678
5540728,2,2,0.00912,0.01786,0.97302
16502230,2,2,0.12296,0.08424,0.7928
29945069,2,2,0.20662,0.15625,0.63713
26011599,2,2,0.0033,0.0033,0.9934
13252988,2,2,0.00041,0.00956,0.99003
17115386,2,2,3e-05,0.00209,0.99788
33725504,0,0,0.87104,0.12678,0.00218
22004246,1,1,0.20192,0.75187,0.04621
35687289,2,2,0.10859,0.0371,0.85431
36194658,2,2,0.32867,0.04064,0.63069
39338708,2,1,0.04565,0.54438,0.40997
36528101,0,0,0.89819,0.06141,0.0404
30197606,2,2,0.00354,0.05923,0.93724
11602719,2,2,0.03609,0.03286,0.93105
6274156,0,2,0.13818,0.26129,0.60053
20990156,2,2,0.01864,0.33626,0.6451
18796921,2,2,0.00136,0.04216,0.95648
16763680,0,2,0.13811,0.21471,0.64718
29291169,2,2,0.01346,0.05052,0.93602
28354323,2,2,5e-05,0.00698,0.99296
34135454,2,2,0.0002,0.15083,0.84896
16834861,2,1,0.27802,0.38526,0.33672
11928358,2,1,0.19851,0.44986,0.35163
19236235,2,2,0.00214,0.00804,0.98981
37592954,2,2,0.02755,0.08806,0.88439
34886205,0,0,0.76393,0.23349,0.00258
30702537,2,2,0.21188,0.17621,0.61191
32680518,0,0,0.63254,0.24801,0.11945
16973503,2,2,0.16228,0.3983,0.43942
3609308,0,0,0.52612,0.1531,0.32078
9066482,2,2,0.00596,0.10374,0.8903
18598141,2,0,0.41982,0.20569,0.37449
28396009,2,2,0.00019,0.04145,0.95836
14772158,2,2,0.12717,0.06228,0.81055
26946167,2,2,0.02236,0.06769,0.90995
19624537,1,2,0.19027,0.34086,0.46887
24679367,2,2,0.06282,0.39883,0.53835
9355977,2,2,0.00063,0.01653,0.98284
18183328,2,1,0.14298,0.52875,0.32827
10190631,0,0,0.92168,0.05464,0.02368
33635801,2,2,0.11282,0.34685,0.54033
15746185,2,2,0.01704,0.04865,0.93432
39687905,2,2,9e-05,0.01243,0.98748
2416036,2,2,0.02463,0.06007,0.9153
768552,2,1,0.0315,0.57862,0.38988
15346094,2,2,0.04184,0.04931,0.90885
19831514,0,0,0.97544,0.02379,0.00078
584459,2,2,0.06934,0.14805,0.78261
1578712,1,1,0.22061,0.70956,0.06983
13270778,2,2,0.01119,0.03719,0.95163
23252115,0,0,0.91472,0.02506,0.06022
28691592,2,2,0.20812,0.05561,0.73626
34968957,2,2,0.00342,0.00483,0.99176
35966573,0,0,0.98937,0.00891,0.00172
8697683,2,2,0.03052,0.01977,0.94972
20343814,2,2,0.0024,0.00685,0.99075
31050297,2,2,0.01305,0.00925,0.9777
20652869,2,2,0.13714,0.22377,0.63909
24408258,2,2,0.07318,0.05126,0.87556
5524407,2,2,0.01134,0.17415,0.81451
14110986,2,2,0.001,0.01616,0.98284
38221416,0,1,0.17231,0.76576,0.06192
6236068,2,2,0.02845,0.02551,0.94604
5803770,2,2,0.00564,0.01436,0.98
11007283,2,2,0.02423,0.01892,0.95685
26433042,0,0,0.75556,0.19204,0.0524
40275929,2,2,0.05474,0.24523,0.70002
32216971,0,0,0.6238,0.36337,0.01283
18278963,2,2,0.1131,0.08319,0.80372
14896350,0,0,0.98196,0.01667,0.00137
30673341,0,1,0.16359,0.45596,0.38044
15733185,2,2,0.04743,0.03706,0.9155
37517004,2,2,0.00531,0.10586,0.88883
38819528,0,0,0.83996,0.14973,0.01031
15912407,2,2,0.01671,0.04469,0.93861
10309668,2,1,0.30587,0.49359,0.20054
27193259,1,1,0.46078,0.51795,0.02127
20835792,0,1,0.32941,0.46049,0.2101
25586883,2,0,0.85973,0.13591,0.00436
36046439,2,2,0.00575,0.00852,0.98573
19493861,0,1,0.23265,0.70405,0.0633
23064434,2,2,0.07383,0.09451,0.83166
7899405,2,2,0.0474,0.41343,0.53916
14755537,2,2,0.00389,0.02134,0.97476
5720970,2,2,0.06021,0.04892,0.89088
30538142,2,2,0.06429,0.22607,0.70964
10755587,2,2,0.07731,0.01066,0.91203
1209452,2,2,0.03523,0.18053,0.78424
4776114,1,2,0.0427,0.26293,0.69437
33700526,2,2,0.00049,0.05945,0.94005
3113165,2,2,0.00454,0.00534,0.99012
13699971,2,2,0.11799,0.31425,0.56776
28790146,0,0,0.98727,0.01225,0.00048
35301832,2,2,0.27501,0.18303,0.54196
40337105,1,1,0.07603,0.91071,0.01326
37691301,0,0,0.62983,0.35568,0.01449
36018558,2,2,0.04669,0.04542,0.90789
38476060,2,2,0.00275,0.018,0.97925
8513754,0,0,0.96823,0.01074,0.02104
10052886,2,2,0.00042,0.00518,0.99439
23907798,0,2,0.29944,0.188,0.51256
7449474,2,2,0.00575,0.03082,0.96344
6286571,2,2,0.0047,0.29887,0.69643
34811076,2,2,0.11001,0.21008,0.67991
9332158,2,2,0.19502,0.14006,0.66492
24323696,2,2,0.02301,0.13858,0.83841
23886617,0,0,0.81911,0.10736,0.07353
10264034,2,2,0.01006,0.0854,0.90454
11062227,2,2,0.06442,0.02201,0.91357
24731383,2,2,0.02956,0.05913,0.91131
30106361,2,2,0.02792,0.02027,0.95181
19080177,2,2,0.17124,0.29245,0.53631
3656202,2,2,0.00319,0.00354,0.99327
21569038,2,2,0.1134,0.08508,0.80152
6444906,2,1,0.08167,0.56785,0.35048
79100,2,2,0.19313,0.16502,0.64185
8878304,2,2,0.00601,0.01719,0.97679
5019667,2,2,0.11434,0.21002,0.67564
16832487,2,2,0.00394,0.0118,0.98426
19784470,2,2,0.02615,0.1296,0.84425
27203328,2,2,0.01898,0.02222,0.9588
18815631,2,2,0.01143,0.03913,0.94944
2424199,2,2,0.00043,0.01318,0.98638
39423383,0,1,0.30707,0.50696,0.18597
14206402,2,2,0.02003,0.0291,0.95088
9813222,2,2,0.0246,0.0446,0.9308
34356074,2,2,0.00119,0.0564,0.94242
23134300,0,1,0.31596,0.6591,0.02493
13303211,2,2,9e-05,0.01243,0.98748
8799685,2,2,0.00856,0.1053,0.88614
34274554,2,2,0.10155,0.0837,0.81476
35877315,0,0,0.84988,0.1136,0.03652
9362777,2,1,0.15546,0.58424,0.2603
21412989,2,2,0.02635,0.06824,0.90542
4572959,2,2,0.07043,0.1774,0.75217
27195309,2,2,0.00172,0.24024,0.75804
37400784,0,0,0.84932,0.10819,0.04249
4283730,2,2,0.04725,0.18906,0.76369
5789410,2,1,0.14288,0.56791,0.28921
34852093,2,2,0.01777,0.09222,0.89001
25135981,2,2,0.11821,0.08474,0.79705
30924939,2,1,0.04912,0.6005,0.35038
8444155,2,1,0.33746,0.35031,0.31223
4887785,2,2,0.14505,0.18735,0.6676
2404413,2,2,0.17316,0.30438,0.52246
36772533,0,0,0.94135,0.05004,0.00862
40341194,2,2,0.17864,0.14208,0.67928
30781889,2,2,0.01547,0.02781,0.95671
38980252,2,2,0.19361,0.21551,0.59088
14470040,2,2,0.00335,0.05598,0.94067
37549331,2,2,0.06937,0.30591,0.62472
28786975,2,2,0.15016,0.36385,0.48599
4291726,2,2,0.15692,0.29769,0.54539
12074122,2,2,0.0,0.00055,0.99945
34957261,0,0,0.74601,0.08216,0.17183
36805132,2,2,0.15727,0.27713,0.56559
31270712,2,2,0.00886,0.48977,0.50137
39633542,2,2,0.17603,0.14851,0.67546
33092365,0,0,0.65215,0.20448,0.14337
17534168,1,0,0.63359,0.286,0.0804
33540811,2,2,0.00382,0.03739,0.95879
2081657,2,2,0.0079,0.10096,0.89114
15909642,2,2,0.00622,0.0157,0.97808
38296077,2,2,0.1742,0.25949,0.56631
14888403,2,2,0.031,0.13463,0.83438
15330376,2,2,0.00132,0.03831,0.96037
5031694,0,0,0.95562,0.02971,0.01467
9768910,0,0,0.72084,0.22196,0.0572
38140077,2,2,0.25783,0.13285,0.60932
33518694,0,0,0.76659,0.2311,0.00232
3560908,2,2,0.00826,0.02147,0.97028
21402183,2,2,0.20026,0.27427,0.52547
33212288,2,1,0.00107,0.56361,0.43532
36019586,2,2,0.00729,0.07915,0.91356
34084428,2,0,0.64226,0.07506,0.28267
37994313,0,0,0.62605,0.17491,0.19904
35675264,2,2,0.00489,0.01563,0.97948
14742688,2,2,0.02105,0.03626,0.94269
31653579,0,0,0.36997,0.31354,0.31649
23572465,2,2,0.00022,0.00107,0.9987
17550879,2,2,0.00476,0.00861,0.98663
31324127,2,2,0.00043,0.00997,0.9896
15514778,0,1,0.1671,0.50038,0.33251
39320035,0,0,0.96235,0.02447,0.01318
2440342,0,0,0.83741,0.15852,0.00407
16180056,2,2,0.00828,0.04357,0.94816
7932449,0,1,0.2563,0.49312,0.25058
25018166,0,0,0.92133,0.05788,0.02079
13116241,1,1,0.34899,0.49315,0.15786
5367020,0,0,0.83847,0.14789,0.01364
35856398,1,1,0.25718,0.67629,0.06653
20090818,0,0,0.94042,0.05904,0.00054
36019360,2,1,0.15034,0.61762,0.23204
18349120,2,2,0.0215,0.08116,0.89735
18381791,2,0,0.48351,0.25561,0.26088
8622481,2,0,0.49042,0.40292,0.10667
8813095,0,0,0.87423,0.11418,0.01159
3768187,2,2,0.00287,0.01604,0.98109
15465015,0,1,0.3219,0.53119,0.14691
9699293,2,2,0.01664,0.05457,0.92879
33295466,1,0,0.71844,0.22589,0.05567
21973171,0,0,0.35676,0.30339,0.33985
41555880,2,2,0.11839,0.36258,0.51903
16788644,0,2,0.07877,0.41891,0.50232
5555360,2,2,0.00179,0.07854,0.91966
9348806,2,2,0.11082,0.10244,0.78674
41300469,2,2,0.00928,0.08789,0.90283
41445494,2,2,0.00133,0.00477,0.9939
25817307,2,2,0.12711,0.09063,0.78226
14268493,0,0,0.59796,0.17715,0.2249
22676410,0,1,0.40167,0.49329,0.10503
26176265,2,2,0.00152,0.03141,0.96707
471665,2,2,0.00155,0.03468,0.96376
12291275,2,2,0.11304,0.16316,0.7238
5094029,2,0,0.64137,0.18723,0.17139
34429580,2,2,0.00692,0.04465,0.94843
41614421,2,1,0.28164,0.40571,0.31265
3499402,0,1,0.31179,0.51937,0.16884
21477471,2,2,0.00185,0.00606,0.99209
1702922,2,2,0.00139,0.01297,0.98564
1224887,2,2,0.00182,0.00202,0.99616
30381123,2,2,0.0215,0.07889,0.89961
3188905,2,2,0.01948,0.11278,0.86774
40574643,0,0,0.71585,0.23454,0.04961
11928659,1,1,0.03884,0.94059,0.02056
11019575,2,2,0.00184,0.00608,0.99208
15952332,0,0,0.75695,0.1792,0.06385
6668628,2,2,0.00767,0.01767,0.97466
21583144,2,1,0.10588,0.48169,0.41243
33089724,2,2,0.0015,0.00861,0.98989
123404,2,2,0.05166,0.11032,0.83802
37282091,0,0,0.9632,0.03155,0.00525
3708420,2,2,0.03811,0.02204,0.93985
6616326,2,2,0.09354,0.21631,0.69016
14118889,2,2,0.0445,0.16167,0.79383
5199181,2,2,0.00234,0.05483,0.94282
38193507,0,0,0.97513,0.01301,0.01186
7066776,2,2,0.04164,0.06899,0.88937
37632318,2,2,0.04859,0.20041,0.751
21346854,2,2,0.29425,0.19263,0.51312
10881103,2,2,0.06719,0.23669,0.69611
22475458,0,1,0.07579,0.51639,0.40783
26523851,2,2,0.01619,0.25868,0.72512
5779519,0,1,0.064,0.62635,0.30966
23983165,0,0,0.95303,0.046,0.00096
29890150,2,2,0.00057,0.01995,0.97947
21389982,2,1,0.06505,0.58991,0.34504
34781398,2,2,0.05463,0.17513,0.77024
29377576,2,2,0.00175,0.00611,0.99214
18248043,2,0,0.97781,0.02184,0.00035
40485993,1,0,0.47927,0.36067,0.16006
3145930,1,1,0.32139,0.60693,0.07168
7750467,0,1,0.36356,0.62892,0.00752
16442823,2,2,0.00916,0.01467,0.97617
29451968,0,1,0.21555,0.77728,0.00716
18514785,2,2,0.00417,0.16357,0.83227
19054584,2,2,0.0003,0.07674,0.92297
38201276,0,0,0.8953,0.09873,0.00597
16917669,2,2,0.00657,0.01607,0.97735
2339076,2,2,0.23262,0.27203,0.49535
28095911,0,0,0.91882,0.0738,0.00738
34878640,2,2,0.32525,0.1375,0.53725
14689728,2,2,0.02456,0.32285,0.65259
21644840,2,2,0.0349,0.13285,0.83224
17225352,2,0,0.4637,0.32886,0.20743
27290662,0,2,0.24824,0.1887,0.56307
13947951,0,0,0.78675,0.18668,0.02657
22321578,2,2,0.00067,0.00269,0.99664
2280632,2,2,0.00092,0.00937,0.98971
13996801,2,2,0.01061,0.09113,0.89826
13938002,2,2,0.01171,0.08007,0.90821
5238430,2,2,9e-05,0.01243,0.98748
25534463,0,0,0.5738,0.29902,0.12718
38850931,0,0,0.63916,0.3296,0.03124
15299482,2,2,0.00169,0.00266,0.99565
32982030,2,2,0.00032,0.01168,0.988
19238312,0,1,0.25735,0.47853,0.26411
29523887,2,2,0.04764,0.27244,0.67992
21787117,2,2,0.15893,0.03434,0.80672
4468756,1,2,0.11707,0.13437,0.74856
8072638,2,2,0.0087,0.04852,0.94278
15606426,2,2,0.00855,0.03716,0.95429
24779831,1,2,0.08497,0.4205,0.49453
8323872,2,2,0.03417,0.26464,0.70119
32218170,2,2,0.08187,0.19988,0.71824
40832224,1,2,0.14706,0.12702,0.72592
25095045,2,2,0.00866,0.03978,0.95156
27550159,2,2,0.0002,0.00037,0.99943
15129786,2,2,0.00767,0.02134,0.97099
13740022,0,1,0.28041,0.71554,0.00405
1290904,2,2,0.01453,0.04058,0.94489
3053555,2,2,0.03136,0.238,0.73064
32440182,0,0,0.94578,0.04344,0.01078
13490408,1,1,0.05106,0.91225,0.03669
27127335,0,1,0.11067,0.83705,0.05228
12769825,0,0,0.98515,0.01221,0.00264
28325155,2,2,0.0014,0.0046,0.994
18610406,2,2,0.05774,0.04444,0.89782
37796634,0,0,0.68865,0.28176,0.0296
40078538,0,0,0.89146,0.03707,0.07147
7118534,2,2,0.00314,0.41135,0.58551
4705621,2,0,0.55938,0.07332,0.3673
2386984,2,2,0.01282,0.12328,0.86389
24431888,2,2,0.02638,0.17957,0.79404
38858518,0,0,0.59628,0.22264,0.18108
8534420,2,2,0.01294,0.12497,0.86208
4631615,2,2,0.21647,0.02947,0.75406
33791023,0,0,0.604,0.16417,0.23183
37147492,2,2,0.13545,0.15872,0.70584
37090934,0,1,0.30657,0.58795,0.10548
11648525,1,0,0.399,0.25741,0.34358
9411592,2,0,0.76408,0.12653,0.10939
32885822,2,2,0.01912,0.0724,0.90848
3205616,2,2,0.01699,0.16206,0.82095
11717613,2,1,0.05416,0.66496,0.28087
22746143,2,1,0.23371,0.47299,0.29329
12408405,2,2,0.01021,0.07859,0.9112
8468646,2,2,0.01947,0.11134,0.86919
15416769,2,2,0.0213,0.02536,0.95334
37829776,2,2,0.10934,0.24464,0.64602
17003797,2,2,0.01946,0.14536,0.83517
27861594,2,2,0.00948,0.04995,0.94058
28268088,2,2,0.00571,0.04552,0.94876
28256943,0,0,0.51832,0.20811,0.27356
10031169,2,1,0.25189,0.60194,0.14617
34475861,2,2,0.0173,0.01152,0.97117
19715008,2,2,0.04762,0.10521,0.84717
6329544,2,2,0.003,0.1417,0.8553
35651907,1,2,0.12147,0.30099,0.57754
27309787,0,0,0.95161,0.04468,0.00371
19410393,2,2,0.24621,0.14301,0.61078
33386,2,2,0.00148,0.01458,0.98394
17263162,2,2,0.02102,0.04729,0.93169
9353459,1,2,0.00542,0.36486,0.62973
26035702,0,0,0.9856,0.01429,0.00012
37828167,2,2,0.00103,0.01982,0.97915
30439834,2,2,0.01909,0.16406,0.81684
14255335,1,0,0.50215,0.43921,0.05865
2173153,2,2,0.01096,0.03869,0.95035
4625579,2,1,0.00943,0.84122,0.14934
14481113,2,2,0.02315,0.17083,0.80602
11731737,2,2,0.00089,0.04496,0.95414
35097955,2,2,0.14887,0.12195,0.72918
13391149,0,2,0.16251,0.29867,0.53882
5564074,2,2,0.00214,0.00864,0.98923
17150398,1,1,0.23748,0.50818,0.25435
1421659,1,2,0.20308,0.30254,0.49438
39945563,2,2,0.02671,0.09309,0.88019
35879662,2,2,0.03345,0.04848,0.91807
33340439,2,2,0.04695,0.0959,0.85715
9397306,2,2,0.05587,0.11719,0.82695
37224479,2,2,0.00356,0.04112,0.95532
30715861,2,2,0.10093,0.12178,0.77728
15632817,2,2,0.00386,0.15312,0.84302
25100974,0,0,0.89785,0.10122,0.00092
4354132,0,0,0.87237,0.0928,0.03482
21642459,0,0,0.94421,0.05272,0.00307
546826,2,2,9e-05,0.00105,0.99886
36510372,0,0,0.73271,0.20682,0.06047
26060966,2,2,0.0216,0.0696,0.9088
4618472,2,2,0.00556,0.01426,0.98018
18913717,2,2,0.01749,0.33029,0.65222
8664040,2,1,0.23612,0.47453,0.28935
39734569,0,0,0.95039,0.04676,0.00284
17360448,2,2,0.12676,0.4304,0.44284
38575160,0,0,0.60408,0.34698,0.04894
8183261,2,2,0.01161,0.01568,0.97271
37922713,2,2,0.15486,0.08715,0.75799
35687031,0,0,0.55085,0.16586,0.28329
30551994,0,2,0.00022,0.00126,0.99852
5710562,2,2,0.06319,0.30192,0.63489
22433350,2,2,0.01837,0.08289,0.89874
37654002,0,0,0.8211,0.12095,0.05794
6449013,1,1,0.27252,0.45055,0.27693
26560090,0,1,0.27385,0.70734,0.01881
26813310,2,2,0.11692,0.10919,0.77389
15808968,0,0,0.89334,0.08513,0.02153
21580420,2,2,0.00859,0.05396,0.93745
12676975,1,1,0.01057,0.80434,0.18509
38701148,2,2,0.00057,0.00244,0.99698
24014912,2,2,0.00557,0.04295,0.95148
31589543,2,2,0.00065,0.00185,0.9975
16823629,2,2,0.09515,0.08537,0.81948
16431953,2,2,0.02133,0.14023,0.83844
34805822,2,2,0.00123,0.00545,0.99331
9344296,2,2,0.06992,0.26937,0.66071
23125594,2,2,0.02662,0.14516,0.82822
29594395,2,2,0.00645,0.02831,0.96524
13370236,0,0,0.50487,0.41638,0.07875
20372459,2,2,0.03737,0.10135,0.86128
18595929,0,0,0.68259,0.23706,0.08035
35807593,2,2,0.00315,0.01516,0.98169
14397038,2,2,0.0065,0.1709,0.8226
39958019,2,2,0.09136,0.29466,0.61398
19196573,2,2,0.13048,0.06944,0.80009
36826520,2,2,0.08451,0.08371,0.83178
9475937,0,2,0.24214,0.2935,0.46436
20830008,0,0,0.7486,0.23825,0.01315
29508659,0,0,0.95263,0.04237,0.005
36897369,2,2,0.00038,0.00265,0.99697
33230814,2,2,0.02414,0.19879,0.77707
26693508,0,0,0.47814,0.33074,0.19112
35991845,0,0,0.72359,0.20037,0.07604
30097955,0,1,0.39874,0.59745,0.00381
16449675,2,2,0.01002,0.04057,0.94941
16753623,2,2,0.01266,0.01149,0.97586
5702467,2,1,0.09888,0.84059,0.06053
20541283,2,2,0.00269,0.04443,0.95287
36046908,0,0,0.96773,0.03115,0.00112
14595606,2,2,0.00799,0.01138,0.98063
39628600,0,0,0.84008,0.10866,0.05125
6020874,0,0,0.87282,0.10129,0.02589
7312420,2,2,0.00574,0.01665,0.9776
6658637,0,1,0.27936,0.68183,0.03881
40608873,0,1,0.27591,0.4648,0.25929
23178139,2,2,0.09867,0.05118,0.85015
10251604,1,2,0.055,0.04432,0.90068
13188624,1,1,0.37015,0.46928,0.16057
36312771,2,2,0.07363,0.13525,0.79113
28503140,2,2,0.00711,0.01837,0.97453
14282838,2,2,0.02049,0.12024,0.85927
24404347,2,2,0.09298,0.45225,0.45477
8773321,0,0,0.95983,0.02845,0.01171
2732937,2,2,0.00555,0.00646,0.98799
12915649,2,2,0.02428,0.12203,0.85369
5348800,0,0,0.596,0.22086,0.18314
27149269,2,2,0.17548,0.37751,0.44702
28485338,2,2,0.07372,0.21112,0.71516
37201522,2,2,0.00539,0.03673,0.95788
41192271,0,0,0.93721,0.05482,0.00796
40465965,0,0,0.75694,0.19618,0.04688
13487227,2,2,0.00504,0.08038,0.91458
14932912,2,2,0.00254,0.03949,0.95797
15707641,0,1,0.34249,0.48205,0.17546
8959900,0,0,0.45213,0.42388,0.12398
5134501,2,2,0.00703,0.01784,0.97513
35637836,0,1,0.28924,0.50349,0.20727
35385158,0,0,0.83366,0.12154,0.0448
26814082,2,2,0.01342,0.007,0.97958
9509212,2,2,0.35657,0.14214,0.50129
13949821,0,0,0.75048,0.2342,0.01532
30773829,2,2,0.01103,0.00798,0.98098
40842702,2,2,0.04564,0.02997,0.92439
5149024,2,2,0.00593,0.00541,0.98866
38771282,2,1,0.09239,0.54988,0.35773
40483905,2,2,0.03179,0.2406,0.72761
28536918,2,2,0.11301,0.19416,0.69284
39521419,2,2,0.01427,0.10172,0.88401
16177876,2,2,0.07675,0.31883,0.60441
10767130,2,2,0.01566,0.33775,0.6466
24847504,2,2,0.07272,0.05155,0.87573
15391887,2,2,0.00156,0.01234,0.9861
37138670,2,2,0.00458,0.04174,0.95369
25470461,2,2,0.04422,0.18442,0.77136
6197973,2,2,0.01319,0.00406,0.98275
3987741,2,1,0.05346,0.5755,0.37105
31855603,2,2,0.02039,0.03616,0.94345
11356975,0,0,0.83665,0.14448,0.01886
25287694,2,2,0.03744,0.13288,0.82968
25919156,2,2,0.00615,0.1266,0.86725
25513453,2,2,0.0128,0.04562,0.94158
11063638,2,2,0.00051,0.07553,0.92396
2221678,2,2,0.23297,0.27599,0.49104
8444426,1,0,0.73123,0.20461,0.06415
36988290,2,2,0.02814,0.22536,0.7465
14188568,0,0,0.88052,0.11681,0.00267
26995985,0,0,0.85842,0.092,0.04957
34997571,2,2,0.12281,0.23754,0.63966
20006340,2,2,0.1106,0.37083,0.51856
18292722,2,2,0.01599,0.06882,0.91519
11333475,2,2,0.0419,0.04297,0.91513
35623509,2,2,0.0344,0.09391,0.87169
32509891,0,0,0.61113,0.31639,0.07248
35068902,2,2,0.04061,0.21671,0.74267
19276243,1,1,0.20353,0.63419,0.16228
7207613,2,1,0.04673,0.56788,0.38539
31784017,0,0,0.5448,0.44276,0.01244
27398307,2,2,0.00751,0.10235,0.89014
21540089,0,1,0.38846,0.56143,0.05011
10553627,2,2,0.02899,0.18916,0.78185
8648861,2,2,0.0087,0.2242,0.7671
11968883,0,1,0.34967,0.57681,0.07352
11604709,2,0,0.48299,0.09336,0.42365
39268019,1,0,0.72567,0.2508,0.02353
29890116,2,2,0.09767,0.25707,0.64526
18919102,2,2,0.09147,0.05293,0.8556
23910613,2,2,0.00036,0.02092,0.97872
16682392,2,2,0.06423,0.11156,0.82421
5152223,2,2,0.00332,0.01304,0.98364
13991509,0,0,0.92777,0.05783,0.01441
38164131,2,2,0.25722,0.19066,0.55212
4967312,2,1,0.38798,0.44103,0.17099
23435571,2,2,0.00401,0.00833,0.98766
36159081,0,2,0.15664,0.36858,0.47479
34451887,1,0,0.69598,0.14974,0.15428
22907974,0,0,0.92452,0.06054,0.01495
17177763,1,0,0.49159,0.35901,0.1494
35382773,2,2,0.26368,0.11034,0.62598
3060653,2,0,0.83445,0.06674,0.09881
36979913,1,0,0.58315,0.36383,0.05302
12894002,2,2,0.33083,0.05535,0.61382
29362017,2,2,0.0127,0.01669,0.97061
39624175,2,2,0.00556,0.08732,0.90712
37792610,1,0,0.52173,0.29721,0.18105
2964481,0,2,0.22856,0.02483,0.74661
16293415,2,2,0.00741,0.14231,0.85027
30208852,2,2,0.00766,0.06156,0.93078
18459156,0,0,0.91802,0.07703,0.00495
27150020,2,2,0.01752,0.08847,0.89401
9121611,2,0,0.69285,0.28142,0.02573
1764179,2,2,0.01132,0.26413,0.72455
6108402,2,2,0.02471,0.03099,0.94431
41001162,2,2,0.03069,0.027,0.94231
5925508,2,1,0.13739,0.47519,0.38742
40917743,2,2,0.00033,0.00128,0.99839
40029809,2,2,0.02699,0.05318,0.91983
23488364,2,2,0.01095,0.00621,0.98284
11356057,0,1,0.2892,0.64979,0.06101
23927880,2,2,2e-05,5e-05,0.99993
23970317,2,2,0.00398,0.03043,0.96559
19710325,0,0,0.83671,0.15096,0.01233
12688936,2,2,0.00255,0.06669,0.93076
10232110,2,2,0.3067,0.07542,0.61789
9166394,0,0,0.39056,0.26994,0.3395
25007707,2,2,0.00499,0.01665,0.97836
17434308,2,2,0.01004,0.01829,0.97167
11700353,2,0,0.94619,0.05348,0.00032
26787115,2,2,0.05744,0.29479,0.64777
18537732,2,2,0.00499,0.01665,0.97836
34682892,2,2,0.01275,0.33373,0.65353
21994972,2,2,0.13296,0.0822,0.78484
15610668,2,2,0.00345,0.03086,0.96569
3960207,2,2,0.00211,0.08513,0.91275
16434157,2,2,0.17889,0.03125,0.78985
12411476,0,0,0.95708,0.03761,0.00531
39434593,2,2,0.00338,0.05817,0.93845
3939522,2,2,0.08104,0.23145,0.68751
27477887,0,0,0.97602,0.02347,0.00051
2792363,2,2,0.01643,0.03255,0.95102
3252704,2,2,0.02097,0.07268,0.90634
2833724,2,2,0.01703,0.10275,0.88023
26332469,2,2,0.00237,0.03659,0.96105
12411742,0,0,0.92482,0.03038,0.0448
30104001,2,2,0.03868,0.19751,0.76381
25084264,0,0,0.96855,0.03017,0.00129
20162322,0,0,0.51036,0.16561,0.32403
35774997,2,2,0.00117,0.0193,0.97953
32267902,0,0,0.95627,0.02301,0.02072
1547645,2,1,0.30406,0.53698,0.15895
32765720,2,2,0.00586,0.01651,0.97763
19460970,0,0,0.61645,0.36226,0.02129
33264679,1,2,0.17727,0.39181,0.43092
24611267,2,2,0.00402,0.00767,0.98831
33517652,2,2,0.01246,0.14288,0.84465
14933063,0,0,0.99482,0.00454,0.00064
11683199,2,2,0.01269,0.01284,0.97447
31442925,2,2,0.02656,0.00856,0.96488
21717918,2,2,0.06405,0.05953,0.87643
33986398,1,2,0.12427,0.24056,0.63517
11454826,2,2,0.18112,0.12129,0.69759
5464156,2,2,0.06354,0.02385,0.91261
20450178,2,2,0.01374,0.06567,0.92059
37885649,0,0,0.62492,0.37332,0.00175
22902836,0,0,0.80901,0.14574,0.04525
25705515,0,0,0.45779,0.38117,0.16103
37881738,1,2,0.0818,0.3785,0.5397
34893175,2,0,0.58845,0.21571,0.19584
13595133,2,1,0.21291,0.68996,0.09713
28025177,0,0,0.92644,0.04916,0.0244
38649417,2,2,0.11432,0.00884,0.87684
26461474,2,2,0.00271,0.00164,0.99565
41055612,2,2,0.00201,0.00223,0.99577
16044221,2,2,0.0,0.00025,0.99975
13094139,2,2,0.00023,0.01424,0.98553
3526464,1,1,0.39482,0.43915,0.16604
20684490,2,0,0.62088,0.14937,0.22974
25097896,2,2,0.03133,0.0551,0.91358
5386783,2,2,0.04584,0.43302,0.52114
33179198,2,2,0.01292,0.0213,0.96579
26933635,1,1,0.34581,0.63621,0.01798
28945905,2,2,0.00425,0.00985,0.9859
38696578,2,1,0.0772,0.70626,0.21654
862809,2,2,0.0352,0.02463,0.94017
5949235,2,2,0.00065,0.00352,0.99583
18977483,2,2,0.01914,0.01978,0.96109
20346069,2,2,0.0085,0.01019,0.98132
25440135,2,0,0.4613,0.24616,0.29254
8754681,1,0,0.5355,0.31949,0.14501
2164022,2,2,0.04166,0.10102,0.85732
30308872,2,2,0.09516,0.31783,0.58702
13283816,2,2,0.05159,0.0784,0.87001
474192,2,2,0.0103,0.05495,0.93474
28909715,2,2,0.00171,0.04722,0.95106
8209707,2,2,0.11328,0.30335,0.58337
7498220,2,1,0.0877,0.81176,0.10054
16443476,2,2,0.00082,0.03109,0.96808
21697840,2,2,0.07924,0.27273,0.64803
35820781,2,0,0.46761,0.07727,0.45512
36748117,2,2,0.02679,0.03329,0.93991
22677941,2,0,0.66733,0.10029,0.23238
22224067,2,2,0.03228,0.05612,0.9116
24051104,2,2,9e-05,0.01243,0.98748
6410393,2,2,0.02926,0.17631,0.79443
6582275,2,2,0.02553,0.14181,0.83267
16537411,1,1,0.37284,0.61459,0.01257
17166587,2,2,0.00622,0.03256,0.96122
11312471,1,1,0.15436,0.70707,0.13857
6941852,0,0,0.85338,0.13819,0.00843
19064626,0,0,0.96145,0.03638,0.00216
34912673,2,2,0.01459,0.01249,0.97292
14848714,2,2,0.006,0.01656,0.97744
13294421,2,2,0.01116,0.04479,0.94404
41080799,2,1,0.36505,0.51811,0.11684
12071874,2,2,0.00249,0.01796,0.97955
8657035,2,0,0.64336,0.30778,0.04886
35754164,0,0,0.72771,0.13435,0.13794
2872280,2,2,0.0022,0.00772,0.99008
41374398,2,2,0.00042,0.00289,0.99669
13682210,0,1,0.44641,0.48127,0.07232
294138,1,2,0.0545,0.26023,0.68528
17607923,2,2,0.18701,0.19561,0.61738
37330433,2,2,0.00993,0.01608,0.97399
4415079,0,0,0.90958,0.0794,0.01103
2540245,0,0,0.79852,0.12475,0.07673
17139057,0,0,0.9175,0.06857,0.01393
31152774,2,2,0.09194,0.05925,0.84881
10801012,2,2,0.04663,0.16649,0.78688
17538116,2,2,0.09267,0.09038,0.81695
16631574,0,1,0.26719,0.52415,0.20866
13186085,0,0,0.87696,0.11771,0.00533
10686131,2,2,0.18793,0.07494,0.73713
40272448,2,2,0.17957,0.0921,0.72833
29628234,2,2,0.04531,0.05048,0.90422
12728114,2,2,0.00664,0.27491,0.71845
4713035,0,0,0.95373,0.04409,0.00218
12313040,2,2,0.00221,0.04049,0.9573
2588353,0,0,0.92912,0.07042,0.00046
38817401,0,0,0.63033,0.341,0.02867
12809356,0,0,0.83056,0.13844,0.031
18176017,2,2,0.08729,0.33531,0.5774
34213701,0,0,0.91329,0.07732,0.00939
19317467,0,0,0.48656,0.38003,0.13341
35717883,1,1,0.23851,0.51736,0.24413
25488002,2,2,0.0794,0.26518,0.65542
19569604,2,2,0.0699,0.0211,0.909
38302298,2,2,0.0217,0.02045,0.95785
156564,2,2,0.02477,0.4111,0.56413
35174086,2,2,0.00106,0.00161,0.99733
3980455,2,0,0.47635,0.24578,0.27787
10400663,2,2,0.01378,0.06783,0.91839
23346095,0,1,0.21339,0.45014,0.33646
20531767,2,2,0.00394,0.15567,0.84039
37128925,2,2,0.00718,0.0374,0.95542
36674522,0,0,0.97507,0.02285,0.00208
39711908,1,1,0.02096,0.76318,0.21586
32017131,0,0,0.98054,0.01872,0.00074
28068946,2,2,0.03424,0.10916,0.85659
5301097,2,2,0.01373,0.09051,0.89576
30990789,1,2,0.26396,0.32581,0.41023
8185212,2,2,0.02047,0.02445,0.95508
1617417,2,2,0.266,0.17601,0.55798
41412277,1,0,0.41037,0.25758,0.33205
7343548,0,0,0.72809,0.21112,0.06078
32629448,2,2,0.00822,0.04974,0.94204
23705271,2,2,0.0078,0.00674,0.98546
30431155,0,0,0.63062,0.27371,0.09566
5012995,0,1,0.27443,0.57114,0.15443
38514609,0,0,0.8179,0.16087,0.02123
7695619,2,2,0.03876,0.30392,0.65733
25491306,2,2,0.16472,0.29727,0.53801
6897545,2,2,0.01188,0.05344,0.93468
26088716,0,0,0.93229,0.02844,0.03928
4625577,2,2,0.26432,0.29808,0.43759
9972051,1,0,0.5601,0.21653,0.22338
21787622,2,2,0.00235,0.01419,0.98346
37299075,2,2,0.00211,0.14424,0.85365
23586455,0,1,0.47959,0.48915,0.03126
29952654,2,2,0.03204,0.00801,0.95995
7741897,2,2,0.05277,0.10341,0.84383
15036693,0,1,0.29259,0.5356,0.17181
35422265,2,2,0.02755,0.03117,0.94128
28305258,2,2,0.06275,0.08089,0.85636
22965169,2,2,0.01529,0.21053,0.77418
8949976,2,2,2e-05,5e-05,0.99993
15262447,1,2,0.09365,0.0744,0.83195
24932605,0,0,0.88239,0.11597,0.00164
21849738,2,2,0.00956,0.07281,0.91764
37235245,2,2,0.00583,0.00909,0.98507
40855565,1,0,0.81563,0.16686,0.01751
3559124,2,2,0.05889,0.27447,0.66664
41553885,2,2,0.00653,0.02652,0.96696
21529901,2,1,0.09446,0.82859,0.07695
9359133,2,0,0.76427,0.21557,0.02016
40647495,0,0,0.60096,0.33534,0.0637
31643829,0,0,0.8791,0.07295,0.04795
14708009,2,1,0.04923,0.48802,0.46274
10320726,2,2,0.03864,0.00264,0.95872
23603804,2,2,0.002,0.00688,0.99112
14917494,1,1,0.31269,0.48984,0.19748
2813404,2,2,0.00058,0.00746,0.99197
15997197,2,2,0.03553,0.03457,0.9299
10014217,0,0,0.99003,0.00981,0.00017
38904902,2,2,0.00191,0.03989,0.9582
9619895,2,2,0.18346,0.05625,0.76029
2650987,2,2,0.0219,0.12647,0.85163
22957002,2,2,0.00107,0.03224,0.96668
33942656,0,0,0.98415,0.01402,0.00183
12098100,2,2,0.00897,0.01713,0.9739
22388107,1,1,0.33361,0.62088,0.04551
4607852,2,2,0.0,0.00055,0.99945
16925428,2,2,0.17405,0.04069,0.78526
39925605,2,2,0.00566,0.01815,0.97619
27991196,2,2,0.01718,0.0251,0.95773
25381339,2,1,0.22681,0.67373,0.09946
21765536,0,0,0.54506,0.36855,0.08638
8711905,2,2,0.01073,0.01557,0.9737
15307954,0,0,0.74819,0.14089,0.11092
32278619,2,2,0.2845,0.30237,0.41312
39934288,2,2,0.06818,0.03942,0.89239
11237598,2,2,0.0725,0.09066,0.83684
36314169,2,2,0.00054,0.02227,0.97719
27899852,1,2,0.30782,0.07534,0.61684
21366841,2,2,0.13661,0.10846,0.75493
28439319,2,2,0.01621,0.02797,0.95581
18536857,2,2,0.04044,0.20827,0.75129
19900275,2,2,0.41098,0.13739,0.45163
34287493,2,2,0.00671,0.02479,0.9685
39713185,0,1,0.32537,0.50313,0.1715
23144879,2,2,0.00113,0.03212,0.96676
17002532,2,2,0.05477,0.09027,0.85497
16624543,2,1,0.24428,0.50628,0.24944
21235321,2,0,0.62752,0.21091,0.16157
33918889,0,0,0.85401,0.10796,0.03802
17862140,2,2,0.09554,0.2439,0.66056
14668860,2,2,0.00089,0.00653,0.99257
14053752,2,1,0.19687,0.55024,0.2529
27699936,0,1,0.0774,0.91131,0.01129
3551452,2,2,0.00582,0.01224,0.98194
16986428,2,1,0.42239,0.45123,0.12638
17428498,2,2,0.03772,0.10811,0.85417
9946885,2,2,0.00293,0.00295,0.99411
17748419,2,2,0.0103,0.03995,0.94975
22576008,2,0,0.57162,0.09624,0.33213
14713163,2,2,0.00827,0.01019,0.98154
11516880,2,2,0.07189,0.1499,0.77821
30203366,0,0,0.54856,0.29691,0.15453
32193224,2,2,0.24824,0.1887,0.56307
2247330,0,0,0.42539,0.41163,0.16298
9182934,1,0,0.528,0.37696,0.09504
19581100,2,2,0.04073,0.12874,0.83053
6626533,2,1,0.11755,0.58828,0.29417
24223964,2,2,0.01664,0.12297,0.86039
21180757,2,2,0.04689,0.25181,0.7013
18393914,2,2,0.01909,0.35333,0.62758
18428412,2,2,0.09715,0.17492,0.72793
19780755,0,0,0.93899,0.03636,0.02465
37234183,0,1,0.38301,0.44158,0.17541
31963755,2,2,0.00252,0.0053,0.99218
30991229,1,0,0.66792,0.28161,0.05047
26618036,2,2,0.33486,0.26018,0.40496
30415563,0,0,0.93359,0.04896,0.01745
7922353,2,2,0.02161,0.09872,0.87967
19530996,2,2,0.0,0.00055,0.99945
1095995,2,1,0.03352,0.84141,0.12508
19529335,2,2,0.0412,0.2151,0.7437
7916917,2,2,0.00275,0.00281,0.99443
17721299,2,2,0.09464,0.20891,0.69645
16395555,2,1,0.2111,0.50888,0.28002
20118266,2,2,0.00264,0.0273,0.97006
14922831,0,0,0.53222,0.28108,0.1867
2867393,0,0,0.72382,0.26739,0.00879
20162104,2,2,0.0078,0.01319,0.97901
17795345,1,1,0.281,0.68975,0.02925
18329039,2,2,0.00102,0.00522,0.99377
6211401,2,2,0.21799,0.14902,0.63299
14386802,0,0,0.95271,0.04542,0.00187
16264617,2,2,0.11334,0.28514,0.60151
36849174,0,0,0.92353,0.07234,0.00413
8590015,0,0,0.46815,0.06823,0.46362
23183378,2,2,0.15734,0.10161,0.74105
10866485,2,2,0.00995,0.05148,0.93857
33294124,0,0,0.91281,0.02636,0.06083
13979491,2,2,0.08194,0.08536,0.8327
19717390,2,2,0.00016,0.01457,0.98528
10537873,2,2,0.06343,0.19005,0.74652
38962952,0,0,0.94277,0.04675,0.01048
1460677,2,2,0.0035,0.01919,0.97731
35651260,2,2,0.03807,0.09093,0.871
15743211,1,2,0.23664,0.29077,0.4726
26288516,2,2,0.07935,0.32028,0.60037
4345675,2,2,0.09699,0.11095,0.79206
3561707,2,2,0.02548,0.0579,0.91662
40274775,2,2,0.10599,0.02767,0.86634
1066963,2,2,0.00346,0.02488,0.97166
30806043,2,2,0.07177,0.03558,0.89265
17822476,1,1,0.48713,0.49856,0.01431
6639348,2,2,0.31183,0.07516,0.61301
34775104,2,2,0.13771,0.34615,0.51615
7926861,2,2,0.00286,0.01314,0.984
21770474,2,2,0.32512,0.17687,0.49802
17778431,2,0,0.7788,0.1335,0.0877
22135068,2,2,0.02008,0.04264,0.93728
27892806,2,2,0.01141,0.03183,0.95676
28884770,2,2,0.189,0.05201,0.75899
31639555,2,2,0.00659,0.0169,0.97651
37464259,2,2,0.06647,0.35895,0.57458
17469748,2,2,0.05998,0.05962,0.8804
41042353,2,2,0.24304,0.14287,0.61409
20055711,2,2,0.06965,0.16065,0.7697
14931720,1,0,0.54299,0.44828,0.00873
8775714,1,0,0.51636,0.41927,0.06438
631927,2,2,0.00195,0.01286,0.9852
21758373,2,2,0.00711,0.16022,0.83268
36409341,2,2,0.00258,0.0229,0.97452
22573113,1,0,0.6024,0.31139,0.08622
36203034,2,2,0.03267,0.05849,0.90884
37345131,2,2,0.01863,0.38478,0.59659
6086748,2,2,0.01577,0.09425,0.88998
9375,1,1,0.14386,0.7238,0.13235
18596825,2,2,0.01595,0.05169,0.93236
17297740,2,2,0.0007,0.06201,0.93729
7545852,2,2,0.0008,0.00322,0.99598
36154295,0,0,0.80302,0.10712,0.08986
9712709,1,1,0.27955,0.51279,0.20766
35878042,2,2,0.26874,0.24081,0.49045
11290866,2,1,0.09953,0.78436,0.11611
2965688,2,2,0.00308,0.05365,0.94327
3557034,2,1,0.0611,0.6288,0.31009
21470416,2,2,0.08453,0.19399,0.72149
7557900,0,2,0.0942,0.19058,0.71522
33752950,2,2,0.02102,0.09263,0.88635
15042748,2,2,0.04706,0.3175,0.63544
40176248,2,2,0.00057,0.00236,0.99706
33127839,2,2,0.03721,0.14417,0.81861
2381635,2,2,0.05209,0.17532,0.77259
14309283,2,2,1e-05,0.00023,0.99976
25816283,2,2,0.03954,0.10071,0.85975
12672560,2,2,0.00497,0.02028,0.97475
9374023,0,1,0.09566,0.77039,0.13395
5931936,0,2,0.24824,0.1887,0.56307
14505030,2,2,0.02273,0.06989,0.90738
35760330,1,0,0.6039,0.39106,0.00504
34095139,0,0,0.97537,0.02451,0.00012
23364552,2,2,0.00483,0.03712,0.95805
14334896,0,0,0.85185,0.13535,0.0128
8702078,0,0,0.81337,0.15782,0.0288
12147905,1,1,0.20821,0.77342,0.01837
10385258,2,2,0.04817,0.07332,0.87851
13920541,0,0,0.97092,0.02722,0.00187
41288645,2,2,0.00852,0.01669,0.97479
353893,2,2,0.00213,0.01094,0.98693
11253129,2,0,0.51008,0.44451,0.04541
20327204,2,2,0.04454,0.22614,0.72932
27882285,2,2,0.122,0.33128,0.54672
35467419,0,0,0.71294,0.15584,0.13122
29314975,2,2,0.03159,0.1245,0.84392
26681863,0,0,0.86793,0.13175,0.00032
37724646,0,0,0.97957,0.01864,0.00179
33057093,2,2,0.14035,0.10066,0.75899
41430412,2,2,0.07272,0.10334,0.82394
16937995,2,2,0.01018,0.11416,0.87566
8305609,2,2,0.00063,0.00763,0.99174
39265476,2,2,0.00041,0.00731,0.99228
15033795,2,2,3e-05,0.00209,0.99788
22577147,1,2,0.12528,0.42011,0.45462
23359625,2,2,0.0069,0.0843,0.9088
3473296,2,2,0.05325,0.12125,0.8255
26268728,2,2,0.01709,0.04625,0.93666
25044043,2,2,0.00052,0.02149,0.97799
15827645,0,2,0.23455,0.12057,0.64488
18579306,2,2,0.36259,0.24524,0.39217
7265338,0,0,0.94441,0.04738,0.00821
18414851,2,0,0.50214,0.37153,0.12633
37911671,0,1,0.40765,0.54533,0.04702
28871070,2,2,0.00082,0.00066,0.99852
2816756,0,0,0.9496,0.04763,0.00277
29356884,0,0,0.48129,0.43407,0.08464
32619566,2,0,0.62104,0.28332,0.09564
23136480,2,2,0.15297,0.36764,0.47939
37633520,2,2,0.00733,0.06959,0.92308
40154830,2,2,0.00533,0.06828,0.92639
28096261,0,1,0.40047,0.42137,0.17816
39271706,0,0,0.58129,0.36568,0.05303
39687568,2,2,0.01057,0.02749,0.96194
40148274,2,0,0.62432,0.18264,0.19303
31957804,1,1,0.11696,0.82461,0.05843
22524141,0,1,0.09147,0.86661,0.04192
5562129,0,0,0.67467,0.21617,0.10916
6015875,2,0,0.82059,0.17901,0.0004
21614837,0,0,0.4792,0.13977,0.38103
32148490,2,2,0.00392,0.0191,0.97698
616837,2,2,4e-05,0.00756,0.9924
26004281,2,2,0.00653,0.11422,0.87925
41502253,2,2,0.13232,0.013,0.85468
17714128,2,2,0.14458,0.20838,0.64704
1690776,2,2,0.04516,0.05821,0.89663
23026970,2,2,0.02427,0.35518,0.62055
30297258,2,2,0.06536,0.01605,0.91859
35017935,2,1,0.10611,0.47052,0.42338
9991508,2,2,0.06952,0.05685,0.87364
2752664,0,1,0.33514,0.55427,0.11059
38525017,2,2,0.00762,0.01947,0.97292
36196759,1,1,0.29244,0.58109,0.12647
33751742,2,2,0.01795,0.02659,0.95546
1945628,2,2,0.37105,0.04314,0.58582
26175168,2,2,0.00677,0.0188,0.97444
1538900,2,2,0.05594,0.08797,0.85609
25564481,2,2,9e-05,0.00459,0.99533
78739,2,1,0.14315,0.65015,0.2067
8289672,2,2,0.08264,0.09753,0.81983
36780081,2,2,0.03541,0.13045,0.83414
20686881,0,0,0.85718,0.11651,0.02631
17878697,2,2,0.01018,0.07622,0.9136
2996689,2,2,0.14031,0.23328,0.62642
11710027,2,2,0.12707,0.28268,0.59025
19373545,0,1,0.40254,0.47133,0.12613
31911649,2,2,0.08108,0.04498,0.87394
40177345,2,2,0.29085,0.11345,0.5957
32825516,0,0,0.83737,0.14561,0.01701
8036478,2,2,0.05331,0.0678,0.87889
23508691,2,2,0.29429,0.27752,0.42819
6972989,0,0,0.83088,0.16064,0.00847
21851618,0,1,0.14936,0.68804,0.1626
28950375,0,1,0.21428,0.5679,0.21782
20151384,2,2,0.00196,0.10141,0.89663
9637569,2,2,0.0616,0.13049,0.80791
33642094,2,2,0.01558,0.06675,0.91767
25409895,2,0,0.48626,0.1538,0.35994
3519666,2,2,0.01227,0.1628,0.82493
40410175,0,1,0.15549,0.64775,0.19676
2136049,2,2,0.00049,0.00331,0.9962
6210909,2,2,0.00222,0.00286,0.99493
19169275,2,2,0.00121,0.10267,0.89612
14245703,2,2,0.00792,0.35321,0.63886
15948675,2,1,0.10283,0.81347,0.08369
20149845,2,2,0.00979,0.03384,0.95637
3910249,2,2,0.00273,0.0245,0.97277
41629915,0,0,0.65056,0.32008,0.02936
10419570,2,2,0.08017,0.03274,0.88709
9179401,2,2,0.35666,0.17962,0.46372
29261781,2,2,0.02769,0.00553,0.96677
5915782,2,2,0.00219,0.01718,0.98063
17169507,0,0,0.95198,0.04634,0.00169
11977636,2,2,0.13109,0.07408,0.79483
4216717,2,2,0.00184,0.00354,0.99462
17495249,2,2,0.2144,0.28143,0.50417
20423788,2,2,0.00223,0.06126,0.93651
24824210,2,2,0.00253,0.00996,0.98751
36301046,2,2,0.01691,0.03384,0.94925
28625806,2,2,0.00961,0.01959,0.9708
38913279,2,2,0.00395,0.04019,0.95586
8364738,2,2,0.02173,0.08225,0.89603
11003106,2,2,0.0451,0.2169,0.73799
8005411,2,2,0.01873,0.02968,0.9516
28452993,0,0,0.95025,0.03582,0.01393
38850721,2,2,0.25504,0.32503,0.41993
16602220,0,0,0.54802,0.34994,0.10205
8889613,0,0,0.81148,0.13266,0.05586
6022713,1,1,0.19951,0.40595,0.39454
9460569,2,2,0.05538,0.097,0.84762
3654699,2,2,0.0708,0.16971,0.75949
19699492,2,2,0.00272,0.04093,0.95635
34560025,2,2,0.00837,0.17875,0.81288
26371653,2,2,0.02763,0.00433,0.96804
37038870,0,0,0.52506,0.26552,0.20942
31651353,2,2,0.00196,0.07074,0.9273
15554192,0,0,0.94958,0.04452,0.0059
7443003,2,2,0.00409,0.05045,0.94547
23074889,0,2,0.33737,0.15223,0.51039
14589595,2,2,0.00172,0.24024,0.75804
4008244,2,2,0.03268,0.08697,0.88035
22279553,0,0,0.57408,0.40407,0.02185
27416495,0,0,0.96559,0.03109,0.00332
19955890,0,0,0.59901,0.21994,0.18105
37995986,2,2,0.24367,0.1453,0.61104
20658734,0,0,0.64233,0.29878,0.05889
12504953,2,2,0.0,0.00025,0.99975
37416638,2,2,0.02211,0.19662,0.78127
11995832,0,1,0.11282,0.83148,0.05571
7579248,2,2,0.0051,0.04364,0.95126
3424834,2,2,0.03285,0.15883,0.80832
34653689,2,2,0.03729,0.04438,0.91833
39456154,0,1,0.34132,0.62062,0.03806
27090338,0,0,0.99148,0.00364,0.00488
20178436,2,1,0.02201,0.51702,0.46097
28669344,2,2,0.1594,0.03573,0.80487
14309597,0,0,0.76197,0.23548,0.00254
35647285,0,0,0.92874,0.05584,0.01542
21729543,0,0,0.40491,0.2925,0.30259
4119774,2,2,0.16358,0.14107,0.69535
6137691,0,0,0.69506,0.22854,0.0764
14542779,2,2,0.00284,0.02918,0.96798
7275180,2,1,0.12122,0.48458,0.3942
26674814,2,2,0.01686,0.20756,0.77557
36104939,0,0,0.85484,0.13663,0.00853
8672017,2,2,0.08847,0.05141,0.86012
6246514,2,2,0.04371,0.03338,0.92291
19453804,0,0,0.71869,0.13742,0.14389
8707584,2,2,0.0007,0.01272,0.98658
4912518,0,0,0.41151,0.32907,0.25942
20406100,2,1,0.01627,0.6324,0.35133
36941862,2,2,0.17359,0.08346,0.74295
5713661,1,1,0.04756,0.82991,0.12253
1980636,2,2,0.01477,0.02055,0.96468
5432921,2,2,0.01908,0.01083,0.97008
365153,2,2,0.00397,0.02585,0.97019
11247987,2,1,0.11496,0.45441,0.43063
1415817,2,2,0.01983,0.46398,0.51619
22829299,0,0,0.53459,0.45185,0.01357
20606047,1,1,0.135,0.74807,0.11694
32239040,2,2,0.00021,0.00505,0.99474
40214749,2,2,0.0043,0.00492,0.99078
41604201,2,2,0.0171,0.03523,0.94767
34800994,0,0,0.89069,0.09206,0.01726
6899661,2,2,0.17802,0.19778,0.6242
24859318,2,2,0.0322,0.13476,0.83303
23749556,0,0,0.77059,0.17703,0.05238
10253387,2,0,0.68079,0.19375,0.12545
21442583,0,0,0.7455,0.23762,0.01687
28348571,0,0,0.95349,0.04233,0.00418
19630596,2,2,0.03508,0.03088,0.93403
8377093,2,2,0.04507,0.07867,0.87626
37731539,2,2,0.04035,0.02491,0.93474
36332085,0,1,0.20967,0.77424,0.01609
3508837,2,2,0.09102,0.06308,0.8459
4187277,2,2,0.00445,0.06464,0.9309
33551466,0,0,0.9274,0.0651,0.0075
5873163,2,2,0.01312,0.05345,0.93344
15371600,2,2,0.00727,0.09381,0.89892
40211411,2,0,0.51328,0.02214,0.46458
27315179,2,1,0.12611,0.84284,0.03105
9465020,2,2,0.0625,0.11477,0.82273
36396302,2,1,0.3888,0.406,0.2052
27739677,2,2,0.04887,0.1291,0.82203
5222801,2,2,0.12262,0.15392,0.72346
34568789,2,0,0.50597,0.16159,0.33244
28498756,2,2,0.14854,0.01362,0.83784
26010210,2,2,0.00369,0.00485,0.99146
24507957,2,2,0.05406,0.09478,0.85116
9646686,2,2,0.0804,0.06866,0.85094
11835728,1,0,0.38916,0.33015,0.28068
23842003,2,2,0.01107,0.03436,0.95457
12109097,1,1,0.41769,0.5175,0.0648
29299312,0,0,0.98388,0.01289,0.00323
21087382,2,2,0.0,0.00025,0.99975
22173471,0,0,0.86524,0.03057,0.10419
25263220,2,2,0.00286,0.00435,0.99279
620072,2,1,0.12733,0.50973,0.36294
5363945,0,0,0.83305,0.12808,0.03888
12620997,2,2,0.08425,0.41746,0.49829
41235565,2,2,0.02428,0.03198,0.94374
1650748,2,1,0.36538,0.54929,0.08533
11107122,1,1,0.23825,0.55233,0.20942
35482045,0,0,0.93453,0.05264,0.01283
30586455,2,2,0.11249,0.11064,0.77688
5433847,1,2,0.13231,0.03551,0.83218
32738000,2,2,0.01074,0.00682,0.98244
38010220,2,2,0.0,0.00055,0.99945
33512367,2,2,0.25318,0.07336,0.67346
15743761,2,2,0.05214,0.05246,0.8954
39826034,0,1,0.23546,0.6316,0.13294
30544339,2,2,0.00085,0.00856,0.99059
40958224,2,2,0.00392,0.01002,0.98606
28434049,2,2,0.00061,0.01307,0.98632
36510171,2,2,0.00543,0.18283,0.81175
6478088,2,0,0.52344,0.24926,0.2273
8489007,2,0,0.75381,0.14447,0.10172
3705127,0,0,0.70653,0.27845,0.01503
16432700,0,0,0.51825,0.42591,0.05583
30219017,0,2,0.21746,0.1039,0.67864
9933697,2,2,0.01317,0.15299,0.83384
25167349,2,2,0.12293,0.05165,0.82542
16961209,2,2,0.00736,0.06289,0.92974
6454555,2,2,0.0862,0.07545,0.83835
35686332,2,2,0.1724,0.12365,0.70396
8468627,0,0,0.5438,0.19652,0.25968
7418488,2,2,0.00059,0.00198,0.99743
9054024,2,0,0.86251,0.10279,0.0347
11768383,2,2,0.00025,0.00272,0.99703
6377922,2,2,0.00302,0.01862,0.97837
8323238,2,2,0.19805,0.30772,0.49422
15239881,2,2,0.07927,0.27498,0.64575
40278662,2,2,0.26508,0.19707,0.53785
30426518,2,2,0.02751,0.04009,0.9324
37026802,2,2,0.19227,0.05761,0.75012
10309322,1,0,0.93876,0.05272,0.00852
22384384,2,2,0.21006,0.0522,0.73774
5543069,2,2,0.00312,0.00531,0.99158
28394559,0,1,0.2858,0.67425,0.03995
19005266,2,2,0.004,0.01257,0.98343
31331245,0,0,0.94541,0.03747,0.01712
2848323,2,2,0.00593,0.06563,0.92844
26332901,2,2,0.00011,0.00757,0.99232
28896563,2,2,0.06589,0.03451,0.89959
13136359,0,0,0.84991,0.14208,0.00801
16654765,0,1,0.29517,0.37269,0.33214
31786113,2,2,0.04374,0.20328,0.75298
2030528,2,2,0.3325,0.24063,0.42687
14040986,2,2,0.15228,0.39701,0.45071
38070217,2,2,0.00044,0.00556,0.994
35141464,1,2,0.34944,0.0191,0.63146
32109715,0,2,0.29532,0.05568,0.649
16998349,2,2,0.02451,0.02527,0.95022
4310740,2,2,0.00687,0.03554,0.9576
32279204,2,2,0.13616,0.00819,0.85566
17529028,0,1,0.14166,0.82218,0.03616
39140496,2,2,0.0954,0.22147,0.68314
41265825,0,0,0.87437,0.10477,0.02086
3946452,2,2,0.03849,0.12441,0.8371
8994272,0,2,0.16129,0.36562,0.47309
34110839,0,0,0.86856,0.08185,0.04959
16441531,0,0,0.89256,0.06756,0.03989
2206257,2,2,0.39648,0.09734,0.50617
21001970,2,2,0.03923,0.32625,0.63452
32168069,2,2,0.03827,0.13909,0.82264
19728244,0,0,0.73213,0.17897,0.0889
14263919,2,2,0.00795,0.13804,0.85401
14995619,1,1,0.17194,0.58012,0.24795
28158749,0,0,0.84029,0.15265,0.00706
28952069,2,2,0.04745,0.27374,0.67881
28555859,2,2,0.01607,0.06322,0.92071
16921048,2,2,0.00513,0.0219,0.97297
29190745,2,2,0.00013,0.00709,0.99278
23667035,0,0,0.58094,0.37137,0.0477
6029662,0,0,0.90703,0.06837,0.0246
8161169,0,0,0.62198,0.27011,0.10791
13323323,1,0,0.49835,0.40958,0.09207
39839684,1,1,0.07688,0.78505,0.13806
20891967,2,1,0.40303,0.52473,0.07223
22311894,0,1,0.27022,0.66182,0.06797
35101527,2,2,0.01866,0.30593,0.6754
29021487,2,2,0.02239,0.0566,0.92101
7832176,2,2,0.06459,0.05653,0.87888
3328342,0,0,0.85656,0.09299,0.05046
35888047,2,2,0.00014,0.00202,0.99784
5953004,2,2,0.25728,0.32169,0.42103
37374814,2,2,0.02334,0.03386,0.9428
17920820,2,2,0.00127,0.00559,0.99314
10016995,0,0,0.90349,0.07842,0.01809
32790004,1,1,0.33349,0.50634,0.16016
32941066,2,2,0.00493,0.00377,0.99129
31080477,0,0,0.937,0.05701,0.00599
8071122,2,2,0.00112,0.00412,0.99476
29916066,0,0,0.97493,0.02252,0.00256
20183043,2,2,0.25374,0.18272,0.56354
2081296,2,2,0.11785,0.03135,0.8508
13260055,2,2,0.00408,0.06367,0.93225
20103613,0,0,0.78548,0.21294,0.00158
1465888,2,2,0.06352,0.02147,0.915
17537623,2,2,0.01227,0.1628,0.82493
30429313,0,0,0.90802,0.04691,0.04507
34045736,2,2,0.06087,0.15931,0.77982
8552846,2,2,0.03378,0.01699,0.94923
1783821,2,2,0.0119,0.00929,0.97881
8410803,2,2,0.00812,0.02086,0.97103
31328444,1,1,0.20171,0.61236,0.18593
12016627,0,0,0.70652,0.26521,0.02828
29985446,0,0,0.99221,0.00617,0.00162
36820818,0,0,0.83344,0.16586,0.0007
21418257,2,2,0.10096,0.11585,0.78319
1598580,2,2,0.01814,0.04121,0.94065
28938554,2,2,0.01129,0.02523,0.96348
20308159,2,2,0.01457,0.00937,0.97606
5571066,1,0,0.60968,0.37658,0.01374
10720017,1,1,0.37728,0.43355,0.18918
24383154,2,2,0.03088,0.08015,0.88897
30385303,0,0,0.7942,0.13923,0.06657
26728293,2,2,0.10682,0.06014,0.83304
2620559,0,0,0.98166,0.01577,0.00257
39623298,2,2,0.05459,0.09849,0.84691
28331716,0,0,0.44976,0.25259,0.29765
32490286,0,0,0.86952,0.0911,0.03938
38693830,0,0,0.83435,0.15346,0.01218
41170964,2,2,0.09469,0.03693,0.86837
31399847,0,2,0.36929,0.16393,0.46677
27739282,1,0,0.51744,0.39511,0.08745
11876535,2,2,0.14291,0.3199,0.53719
3803693,2,2,0.16879,0.19225,0.63896
35330686,1,1,0.30057,0.62773,0.0717
5543113,2,2,0.00274,0.00439,0.99286
37332607,2,2,0.03633,0.03377,0.9299
35348707,2,2,0.14902,0.14818,0.7028
10959729,2,1,0.01219,0.69553,0.29228
36270146,0,0,0.97562,0.02296,0.00142
9378801,2,2,0.01049,0.04802,0.9415
14393203,0,0,0.91693,0.0711,0.01197
29396968,2,1,0.19563,0.58959,0.21478
39785379,2,2,0.07211,0.1038,0.82409
19568113,2,2,0.0006,0.01555,0.98385
18975792,2,0,0.63635,0.21685,0.14679
19898274,2,2,0.07424,0.15431,0.77145
16544865,2,2,0.0073,0.0116,0.9811
22571046,2,2,0.00401,0.00301,0.99298
29755351,2,2,0.00763,0.04265,0.94972
19289758,0,0,0.91697,0.07884,0.00418
4721011,0,0,0.64253,0.34819,0.00927
20059241,2,2,0.00095,0.01361,0.98545
12493526,2,2,0.11966,0.2345,0.64584
32548668,2,2,0.02705,0.42669,0.54626
22899099,2,2,0.01482,0.006,0.97917
17158092,2,2,0.22577,0.22067,0.55357
29610558,0,0,0.44684,0.4092,0.14395
8204341,2,2,0.00781,0.16235,0.82984
32036686,2,2,0.13332,0.04323,0.82345
22675424,2,2,0.00025,0.00039,0.99936
30484937,2,0,0.59866,0.16084,0.24049
7516636,1,0,0.90749,0.05881,0.0337
28513638,2,2,0.00505,0.12121,0.87374
28074560,2,2,0.03851,0.28393,0.67756
37050071,2,2,0.06513,0.03574,0.89913
29290063,2,2,0.06695,0.03197,0.90108
1762229,2,2,0.13158,0.16989,0.69853
35719552,0,0,0.98572,0.01136,0.00292
24825230,2,2,0.19092,0.31033,0.49874
20496566,2,2,0.0059,0.01591,0.97819
14024048,2,2,0.01197,0.0132,0.97483
3646544,2,2,0.12904,0.09293,0.77804
18176205,2,2,0.00472,0.00241,0.99287
29694949,0,0,0.58585,0.07497,0.33918
18966264,1,2,0.24944,0.32704,0.42352
27647375,2,2,0.00511,0.14878,0.84611
24621843,0,0,0.82948,0.14097,0.02955
7091327,2,2,0.09359,0.07758,0.82884
8424069,2,2,0.06913,0.13807,0.7928
3496487,2,2,0.00144,0.04832,0.95024
16906294,2,2,0.01459,0.04949,0.93591
37968524,2,2,7e-05,0.00044,0.99949
11882675,0,2,0.27711,0.28768,0.43521
34252949,2,2,0.08851,0.09083,0.82066
27107574,2,2,0.00105,0.04425,0.9547
32144645,2,2,0.01406,0.0104,0.97553
26453765,0,0,0.68366,0.21435,0.10199
39691240,2,1,0.07054,0.64401,0.28545
16482432,2,2,0.0482,0.15832,0.79348
41536989,0,1,0.13651,0.8305,0.03298
15633905,2,2,0.23558,0.16359,0.60084
39264380,2,2,0.04984,0.2496,0.70056
16717662,0,0,0.97879,0.01513,0.00608
3592524,0,0,0.43205,0.39384,0.1741
19919687,0,0,0.78538,0.20541,0.00921
13650846,2,0,0.4012,0.22815,0.37065
16338153,2,2,0.00339,0.05385,0.94276
20821733,2,2,0.00397,0.085,0.91104
3335048,2,2,0.00446,0.07813,0.9174
7885118,2,2,0.00122,0.03161,0.96717
38777796,2,2,0.02487,0.41435,0.56079
23657960,0,0,0.90485,0.09261,0.00254
6609535,2,2,0.015,0.03998,0.94502
23609775,2,0,0.50813,0.23743,0.25444
39267531,2,2,0.01284,0.0746,0.91256
24824567,2,2,0.2564,0.1512,0.5924
17806068,2,1,0.27069,0.48771,0.24161
41268118,0,0,0.53082,0.0429,0.42628
3064228,2,1,0.08323,0.49865,0.41812
18157397,2,2,0.03426,0.12683,0.83891
20376254,2,2,0.01088,0.00599,0.98312
30160083,0,0,0.83004,0.14129,0.02867
32151320,2,0,0.35273,0.31072,0.33655
22827591,2,2,0.03584,0.06375,0.90041
37845618,2,2,0.08808,0.06708,0.84484
24244850,2,1,0.06143,0.49663,0.44195
35457975,2,2,0.34816,0.27909,0.37275
27910316,2,2,0.00275,0.00169,0.99556
8984120,2,2,0.02125,0.01119,0.96757
35572547,2,2,0.01006,0.0854,0.90454
8668832,2,2,0.00213,0.02336,0.97451
22924893,2,2,0.00687,0.02002,0.97311
16068785,2,2,0.24824,0.1887,0.56307
33012749,2,2,0.01284,0.01067,0.97649
29217051,2,2,0.17398,0.06492,0.7611
31682681,0,0,0.57111,0.32821,0.10067
25156748,0,0,0.51077,0.47817,0.01106
1379767,2,2,0.18497,0.13518,0.67985
9936493,2,2,0.0002,0.01276,0.98704
33178142,2,2,0.01719,0.06612,0.91669
38601803,0,1,0.46182,0.50506,0.03312
16413357,2,2,0.09792,0.0454,0.85668
26071010,2,2,0.15199,0.1023,0.74571
21130711,2,2,0.04925,0.07828,0.87247
39585827,1,0,0.66076,0.33298,0.00626
37518806,1,0,0.76265,0.18978,0.04758
36469837,0,0,0.94045,0.05246,0.00709
39159280,2,1,0.06916,0.5174,0.41344
29276747,1,1,0.20795,0.5272,0.26485
13333391,2,2,0.00331,0.00461,0.99208
14845168,2,2,0.00053,0.00045,0.99902
6124619,2,2,0.00172,0.24024,0.75804
39314427,2,2,0.01398,0.07017,0.91585
35694874,2,2,0.01455,0.03349,0.95195
24193230,2,2,0.02069,0.01751,0.9618
20294323,2,2,0.01258,0.02551,0.96192
34892755,0,0,0.95222,0.04235,0.00543
41506602,0,0,0.97279,0.02339,0.00382
11746732,2,2,0.03196,0.07543,0.89261
38122124,2,2,0.00023,0.00088,0.99889
31959581,0,0,0.55063,0.27186,0.17752
1220722,2,2,0.04772,0.06392,0.88836
19849804,0,0,0.5623,0.26427,0.17343
902616,2,2,0.03674,0.20923,0.75404
12323391,0,0,0.4743,0.46324,0.06245
37967391,2,2,0.27635,0.10781,0.61584
16525559,2,2,0.0884,0.20646,0.70514
22997707,2,2,0.00574,0.00545,0.98881
16657352,2,2,0.01713,0.27818,0.70469
31527960,2,2,0.00256,0.03127,0.96617
33122344,2,2,0.00235,0.01218,0.98548
596368,2,2,0.17714,0.21064,0.61221
20693292,2,2,0.05085,0.04971,0.89944
29163194,0,0,0.97335,0.02501,0.00165
4667562,0,0,0.7284,0.24602,0.02558
40035028,2,2,0.02072,0.13664,0.84263
8408634,0,0,0.96381,0.03545,0.00074
8027653,2,0,0.53103,0.24574,0.22323
13929153,2,2,0.07413,0.22463,0.70123
30852563,2,2,0.01055,0.01095,0.9785
35214339,0,0,0.45554,0.44562,0.09884
29842457,2,2,0.01135,0.03465,0.954
28457571,0,0,0.98002,0.01697,0.00301
2250396,2,2,0.00468,0.0167,0.97862
34405533,2,2,0.00985,0.13262,0.85753
35627709,0,0,0.6819,0.29103,0.02707
27770455,2,2,0.0024,0.00709,0.99051
22478485,2,2,0.00015,0.00149,0.99836
13646452,2,2,0.02425,0.09207,0.88368
13996422,2,2,0.11405,0.16,0.72595
30510728,2,2,0.00862,0.07059,0.92079
39901872,2,2,0.00117,0.00721,0.99162
27741601,2,2,0.01687,0.0522,0.93094
5800865,0,0,0.58752,0.33179,0.0807
5699413,2,2,0.00296,0.07156,0.92548
4189628,2,0,0.46855,0.25431,0.27714
12218111,2,2,0.03587,0.11746,0.84667
21267762,2,2,1e-05,0.00016,0.99983
1737045,2,2,0.00886,0.01372,0.97742
8876919,2,2,0.0102,0.08518,0.90462
25359510,1,0,0.59901,0.35296,0.04803
14155107,2,2,0.05391,0.1114,0.83468
29930558,2,2,0.07204,0.06967,0.85829
22815939,2,2,0.16256,0.37096,0.46648
37916579,2,2,0.00829,0.07379,0.91792
7738100,2,0,0.4958,0.09721,0.40699
40733743,2,0,0.512,0.15401,0.33399
26933397,1,2,0.0638,0.43123,0.50497
12829924,2,2,0.00701,0.00811,0.98489
28971946,2,2,0.0174,0.03414,0.94847
18765630,0,0,0.99884,0.00114,2e-05
20476334,2,2,0.3919,0.21371,0.39439
25276640,2,2,0.00069,0.00708,0.99223
21559711,2,2,0.02218,0.09519,0.88263
26470082,0,0,0.90867,0.07591,0.01543
9907114,2,2,0.00499,0.01054,0.98447
3718876,2,2,0.0059,0.00493,0.98917
13772321,2,2,0.00264,0.04792,0.94945
30179649,2,2,0.04705,0.04207,0.91088
5549128,2,2,0.00323,0.00751,0.98926
27186678,2,2,0.00204,0.04258,0.95538
382483,2,2,0.00189,0.00337,0.99474
20370645,2,2,0.10078,0.21036,0.68886
34065708,2,2,0.01556,0.09696,0.88748
25861429,2,2,0.07147,0.07723,0.8513
36640012,0,0,0.97623,0.02266,0.00111
2615377,2,2,2e-05,0.06502,0.93495
29767245,2,2,0.01886,0.02872,0.95242
26388540,2,2,0.07501,0.03622,0.88876
22405379,0,0,0.55039,0.40188,0.04773
21276495,2,2,0.00696,0.03336,0.95968
14287585,2,2,0.07013,0.18788,0.74199
16270657,2,2,0.002,0.01209,0.98591
37663642,2,2,0.13021,0.02839,0.84139
21218324,2,2,0.01049,0.02751,0.962
6323957,2,2,0.00917,0.02444,0.96639
10997981,2,2,0.31102,0.23007,0.45891
1685545,2,1,0.12754,0.73452,0.13794
24560195,0,0,0.98873,0.01104,0.00023
11524621,2,0,0.49955,0.37336,0.12709
39746949,2,2,0.00162,0.00803,0.99036
23278806,2,2,0.03857,0.36896,0.59247
27333554,0,1,0.38778,0.5345,0.07772
25993500,0,0,0.74831,0.23418,0.01751
17597436,2,2,0.08417,0.19668,0.71915
12575115,2,2,0.00898,0.06309,0.92792
22678533,2,2,0.02024,0.14207,0.8377
34702451,1,2,0.18841,0.37509,0.4365
20595466,2,2,0.04244,0.03236,0.92519
24273017,0,0,0.78218,0.12003,0.09779
30081808,2,2,0.13336,0.05703,0.80961
27851837,2,2,0.24882,0.16376,0.58741
10429781,2,2,0.01058,0.008,0.98142
7580956,2,2,0.00216,0.01405,0.98379
21946315,0,0,0.7674,0.23014,0.00246
39922212,0,0,0.74755,0.23625,0.0162
4131971,0,1,0.17949,0.81466,0.00585
25151703,1,2,0.03757,0.36062,0.60182
26020667,0,0,0.75604,0.19981,0.04416
2078215,0,0,0.87091,0.11554,0.01355
30410811,2,2,5e-05,0.00296,0.99699
33973217,2,2,0.00573,0.04573,0.94854
17594240,0,0,0.78884,0.11031,0.10086
38192281,2,2,0.00249,0.03336,0.96415
14133148,2,2,0.00066,0.00207,0.99726
2183454,2,2,0.00481,0.02398,0.97121
38213258,2,2,0.00219,0.00791,0.9899
38955699,2,2,0.20451,0.10186,0.69363
41435537,2,2,0.09049,0.24727,0.66224
33734271,2,2,0.08253,0.03368,0.88379
33523424,2,2,0.00858,0.02486,0.96657
35689498,2,2,0.03315,0.05168,0.91518
25262711,2,2,0.06412,0.1993,0.73658
708078,2,1,0.1111,0.61065,0.27825
24775144,2,2,0.00436,0.00173,0.99391
12053211,2,2,0.00973,0.02049,0.96979
30935761,2,1,0.03326,0.5295,0.43724
39707636,0,1,0.26554,0.6939,0.04056
41407166,2,2,0.00354,0.00848,0.98798
25781821,2,2,0.00211,0.00661,0.99128
28302393,2,2,0.00245,0.00536,0.99219
3940909,2,1,0.0562,0.73448,0.20932
19758179,2,2,0.17683,0.35486,0.46831
9686910,2,2,0.01768,0.04769,0.93463
4653378,2,2,0.08137,0.16048,0.75815
5126617,2,2,0.01938,0.06111,0.91951
34079002,2,2,0.14478,0.03393,0.82129
24437416,0,1,0.31958,0.45976,0.22067
39123197,2,1,0.32864,0.42969,0.24167
18947910,2,1,0.1941,0.68873,0.11717
8879360,2,2,0.10312,0.08345,0.81342
21160450,2,2,1e-05,0.00023,0.99976
32270078,2,2,0.01868,0.13466,0.84666
13192373,2,2,0.27677,0.11793,0.6053
4720788,2,2,0.00059,0.0184,0.981
32799640,2,2,4e-05,0.0085,0.99146
31904455,1,1,0.031,0.87552,0.09348
4927198,2,2,0.0521,0.23944,0.70846
10718774,2,1,0.02786,0.8018,0.17034
38246885,2,2,0.00782,0.03756,0.95462
19233527,2,2,0.0233,0.04172,0.93499
1746771,2,2,0.00026,0.00789,0.99185
32366023,2,2,0.00917,0.04222,0.94861
22543885,0,0,0.47573,0.25375,0.27052
1501420,2,2,0.21535,0.06369,0.72096
15612046,0,1,0.23309,0.65737,0.10954
35066057,2,2,0.04235,0.02082,0.93682
23358333,2,2,0.01808,0.30487,0.67705
12492146,2,2,0.01064,0.05239,0.93697
12763137,0,1,0.16725,0.65954,0.17321
10497575,2,2,0.00577,0.1155,0.87873
1783031,0,1,0.2585,0.69927,0.04223
9986075,0,0,0.7948,0.20301,0.00219
32197039,0,0,0.7105,0.26093,0.02857
8631727,0,0,0.99888,0.00112,0.0
38245953,2,2,0.07372,0.04327,0.88302
37007057,0,0,0.66853,0.07004,0.26143
30793524,2,2,0.08789,0.23337,0.67874
21476065,2,2,0.04654,0.07241,0.88105
2568729,2,2,0.00153,0.00455,0.99392
19534285,2,2,0.0011,0.0493,0.9496
20912278,2,2,0.01043,0.07554,0.91403
23440192,2,2,0.02921,0.25192,0.71887
22532897,2,1,0.16784,0.62176,0.21041
40103256,2,2,0.00241,0.08686,0.91073
9780563,2,2,0.00167,0.00764,0.99069
5719161,0,0,0.93712,0.04597,0.01691
5789620,2,0,0.40217,0.35922,0.23861
12659988,2,2,0.10066,0.17528,0.72406
9313881,2,2,0.03562,0.08227,0.88211
39043044,2,2,0.02237,0.0363,0.94133
17448836,2,2,0.02404,0.03657,0.93939
39197087,0,0,0.69678,0.29402,0.0092
14437765,2,2,0.02564,0.0742,0.90016
26220439,0,0,0.9931,0.00681,9e-05
26959211,2,2,0.00291,0.0706,0.92649
24660866,2,2,0.03732,0.07682,0.88585
1830853,2,2,0.0032,0.01192,0.98488
11859123,2,2,0.00592,0.01863,0.97545
36174635,2,2,0.04515,0.09238,0.86246
11435982,2,2,0.10834,0.13419,0.75748
11234203,2,2,0.00289,0.04439,0.95272
1175070,1,1,0.28282,0.70443,0.01275
29609784,2,2,0.00238,0.00219,0.99543
40941085,2,2,0.07567,0.15225,0.77208
34446294,0,2,0.42855,0.12567,0.44578
39904770,2,2,0.00221,0.01277,0.98502
22367892,2,0,0.71682,0.10289,0.18029
22511330,0,0,0.83657,0.15098,0.01245
17041285,2,2,0.18171,0.06771,0.75058
26260154,2,2,0.01865,0.20734,0.77401
810115,2,2,0.00437,0.01031,0.98532
20347592,2,2,0.01477,0.02055,0.96468
40238450,2,2,0.00035,0.00298,0.99667
28197901,2,2,0.00348,0.01365,0.98287
6454916,0,0,0.84691,0.13505,0.01804
31733047,1,1,0.16426,0.49743,0.33831
28186130,1,1,0.08167,0.90389,0.01444
39197668,2,2,0.01348,0.2292,0.75733
33129946,0,2,0.24824,0.1887,0.56307
3654698,2,2,0.00222,0.00761,0.99017
6271298,2,2,0.02396,0.06572,0.91032
30562181,0,0,0.97429,0.0237,0.00201
24116605,0,0,0.85803,0.11649,0.02548
33351627,2,2,0.00101,0.00437,0.99462
2651015,0,0,0.76503,0.07634,0.15863
19171916,2,2,0.24824,0.1887,0.56307
1481045,0,0,0.90897,0.06615,0.02487
18410642,2,2,0.12433,0.1435,0.73217
1095255,2,2,0.27548,0.08515,0.63937
16371557,2,1,0.18651,0.58784,0.22564
5872778,0,0,0.4796,0.27489,0.24551
25127389,2,2,0.003,0.18375,0.81325
32893451,2,2,0.00231,0.01,0.98769
347115,2,2,0.20829,0.06676,0.72495
14225636,2,2,0.02253,0.0996,0.87787
26386033,2,2,0.01289,0.01163,0.97548
18995947,2,2,0.09912,0.15076,0.75012
33346055,2,2,0.02901,0.04509,0.9259
12817346,1,2,0.06729,0.07289,0.85982
28133062,2,1,0.10336,0.50212,0.39453
13235957,2,2,0.11252,0.07153,0.81595
26786739,2,2,0.00129,0.00558,0.99312
32345953,2,2,0.02859,0.07309,0.89832
13297485,0,1,0.26402,0.63618,0.0998
4527351,2,2,0.06295,0.1765,0.76055
23877066,2,2,0.01226,0.03907,0.94868
19207882,2,2,0.25526,0.22406,0.52067
9593580,2,2,0.03931,0.05139,0.9093
5373202,2,2,0.0121,0.01441,0.97349
2193153,2,2,0.00492,0.01833,0.97675
40281270,2,2,0.00864,0.03014,0.96123
18477713,0,0,0.99277,0.00596,0.00127
12391348,2,2,0.00043,0.00145,0.99812
15275588,2,2,0.00164,0.00902,0.98933
6448538,2,2,0.06281,0.40188,0.53531
32078059,2,0,0.48755,0.09874,0.41372
35900384,2,2,0.16913,0.08673,0.74413
13252111,2,2,0.00129,0.01553,0.98317
30896773,2,2,0.04498,0.22823,0.72679
38260787,2,2,0.00042,0.00311,0.99648
34254637,2,2,0.04403,0.18549,0.77048
14467658,2,2,0.13703,0.17213,0.69084
37683058,2,2,0.03471,0.03286,0.93243
37322812,0,0,0.97799,0.02129,0.00072
34733000,2,2,0.00417,0.01537,0.98047
2952445,2,2,0.03531,0.04525,0.91945
28899997,2,1,0.07986,0.48685,0.43329
24931860,2,0,0.50081,0.42651,0.07268
31222964,2,2,0.02998,0.45712,0.5129
13886525,0,0,0.98104,0.01611,0.00285
30962537,2,2,0.00028,0.00726,0.99247
3441834,2,2,0.00411,0.00642,0.98947
5942365,2,2,0.0,0.00025,0.99975
15257237,2,2,0.00191,0.01869,0.9794
23771427,2,2,0.01215,0.00892,0.97893
8303971,2,2,0.01132,0.24762,0.74106
32840308,0,0,0.72615,0.15135,0.1225
28272332,2,1,0.03692,0.76774,0.19535
7667037,2,2,0.14158,0.13373,0.72469
5999302,2,2,0.0002,0.01216,0.98765
31837494,0,0,0.93288,0.05806,0.00906
19190669,2,2,0.04351,0.256,0.70049
26953679,0,0,0.64278,0.33842,0.0188
18875963,0,0,0.66168,0.31629,0.02202
17715258,2,1,0.21095,0.48423,0.30481
14852945,2,2,0.0002,0.00968,0.99012
33075990,2,2,0.1808,0.1976,0.62161
15232809,2,2,0.22581,0.20839,0.5658
14677395,2,2,0.0081,0.0628,0.9291
779297,2,1,0.07716,0.56285,0.35999
592981,2,2,0.00684,0.01481,0.97836
33915117,0,1,0.35883,0.38108,0.26009
11367776,2,2,0.00242,0.02401,0.97357
16813195,2,2,0.03744,0.41526,0.5473
25595428,2,2,0.0003,0.0766,0.9231
5120645,2,2,0.03358,0.04421,0.92221
6699236,2,2,0.01352,0.33825,0.64823
9125260,2,2,0.24824,0.1887,0.56307
29912546,0,0,0.72991,0.23062,0.03947
38678852,2,1,0.09316,0.66801,0.23882
312522,2,2,0.03232,0.06686,0.90082
9745045,2,2,0.01941,0.10823,0.87236
8477891,0,0,0.67858,0.31333,0.00809
25783309,2,2,0.02709,0.30186,0.67105
40623843,2,2,0.0179,0.06533,0.91677
9764076,2,2,0.24824,0.1887,0.56307
25953343,2,1,0.21144,0.67552,0.11305
25415187,2,2,0.00577,0.19749,0.79673
22299816,1,0,0.55704,0.37948,0.06348
5897024,2,1,0.15193,0.75044,0.09763
27657873,1,0,0.81884,0.18026,0.00089
21699019,2,2,0.00015,0.00716,0.99269
39535088,2,2,0.00076,0.03747,0.96177
32019345,2,2,0.00337,0.03061,0.96602
32385775,1,0,0.62218,0.35902,0.0188
9657653,2,2,0.0,0.00055,0.99945
12076631,0,0,0.79738,0.15245,0.05017
12081716,2,2,0.00322,0.01629,0.98049
2997034,2,2,0.02224,0.08281,0.89495
4718252,2,2,0.04033,0.37558,0.58409
23970590,0,2,0.28359,0.33588,0.38053
15574760,0,0,0.92922,0.06614,0.00463
5491226,2,2,0.01277,0.06859,0.91864
9432144,2,0,0.43754,0.19435,0.36811
6777094,1,1,0.10828,0.83793,0.05379
17370704,2,1,0.18772,0.41659,0.39569
19926055,0,0,0.85325,0.11378,0.03297
36674893,2,2,0.00031,0.0142,0.98548
28956232,2,2,0.00022,0.00832,0.99145
5582890,0,0,0.58917,0.21901,0.19182
37035411,2,2,0.00323,0.01948,0.97729
19397149,2,2,0.0109,0.0259,0.9632
26728694,2,2,0.06969,0.08673,0.84358
10832197,2,2,0.00666,0.01214,0.98119
7390517,1,2,0.11733,0.201,0.68167
13641272,2,2,0.00229,0.04242,0.95529
25779314,2,2,0.14838,0.05589,0.79573
4506438,2,2,0.11443,0.05498,0.83058
8771196,1,0,0.61279,0.33765,0.04957
24609357,2,2,0.05432,0.22066,0.72502
8574176,2,2,0.01492,0.12076,0.86432
40382177,2,2,0.05017,0.28936,0.66047
23371421,1,1,0.27602,0.68019,0.04379
32867738,0,0,0.58222,0.34017,0.07761
18307480,2,2,0.08785,0.19688,0.71527
33998285,0,0,0.56081,0.21631,0.22287
38777322,0,0,0.96701,0.03025,0.00274
33262502,2,2,0.0,0.00025,0.99975
18590896,2,1,0.19775,0.45709,0.34517
13122619,1,0,0.49082,0.39815,0.11103
15215057,2,0,0.48267,0.13469,0.38264
8827839,2,2,0.00386,0.00507,0.99107
1640119,2,2,0.013,0.02947,0.95753
13895681,2,2,0.00725,0.01539,0.97736
4783811,1,0,0.42975,0.30058,0.26966
25906825,2,2,0.02175,0.0377,0.94054
36407632,2,2,0.00305,0.01532,0.98163
27300513,2,2,0.05772,0.28602,0.65627
32044234,2,2,0.22521,0.18872,0.58607
17101916,2,2,0.01164,0.04669,0.94167
4478243,2,2,0.05081,0.0949,0.85429
34727828,2,2,0.03274,0.08142,0.88584
16441519,2,2,0.06377,0.35674,0.5795
32212914,1,0,0.98136,0.01687,0.00176
15757301,2,2,0.13966,0.3772,0.48314
21208121,0,0,0.80256,0.19168,0.00576
17532183,2,2,0.17301,0.26235,0.56463
14688569,1,2,0.25785,0.33703,0.40512
27980866,1,0,0.49379,0.45463,0.05159
34311887,2,2,0.02633,0.07274,0.90093
45205,1,1,0.31206,0.67144,0.0165
35983619,0,0,0.94593,0.04981,0.00427
29674314,2,0,0.5661,0.20874,0.22516
2218560,2,2,0.00633,0.10848,0.8852
33683041,2,2,0.07481,0.24796,0.67723
4014531,0,0,0.94208,0.04792,0.01
41411245,0,0,0.96686,0.03063,0.00251
14226714,2,2,0.00047,0.02847,0.97106
14251444,0,0,0.77457,0.21568,0.00975
23012375,0,1,0.07848,0.75604,0.16548
20047394,2,2,0.01403,0.03557,0.9504
11835528,0,0,0.71202,0.12338,0.16461
19662467,2,2,0.0296,0.06932,0.90108
28397134,0,0,0.8156,0.17478,0.00963
16903144,0,1,0.02159,0.60698,0.37143
15363446,2,2,0.02772,0.01694,0.95534
26573841,2,2,0.24907,0.05287,0.69806
15204212,2,0,0.66706,0.30711,0.02584
26622761,0,1,0.18562,0.79014,0.02425
9146144,0,0,0.69719,0.13344,0.16938
4637524,2,2,0.01298,0.01856,0.96845
37809583,1,2,0.231,0.34289,0.42611
4223964,0,0,0.81843,0.16258,0.01899
22938505,2,1,0.04711,0.62462,0.32827
25551942,2,2,0.0069,0.03686,0.95624
28133059,2,2,0.01041,0.14047,0.84912
18455006,2,2,0.03473,0.08026,0.88501
12546767,2,2,0.03351,0.08655,0.87994
27977601,0,0,0.60999,0.28157,0.10844
19733798,2,2,0.01979,0.0292,0.95101
18090219,2,0,0.50959,0.17441,0.316
25572745,2,2,0.15897,0.03437,0.80667
18239438,1,0,0.50597,0.46778,0.02625
36803650,2,2,0.00492,0.00835,0.98673
6998555,2,2,0.00085,0.0063,0.99285
8336880,2,2,0.00316,0.03698,0.95986
17625649,0,0,0.94632,0.05192,0.00176
22445083,0,1,0.30275,0.6966,0.00065
10578261,2,2,0.0326,0.15429,0.81311
8651397,2,2,0.00118,0.01064,0.98818
7450691,2,2,0.00227,0.03377,0.96396
14483853,2,2,0.00109,0.01507,0.98383
18421762,2,2,0.04245,0.14343,0.81412
32687580,2,2,0.00147,0.0293,0.96924
23986443,0,0,0.83694,0.16029,0.00277
12784354,2,2,0.02696,0.03103,0.94201
27158473,0,0,0.89599,0.10109,0.00292
17138937,2,2,0.00457,0.01803,0.9774
31194650,0,0,0.97352,0.02116,0.00532
20463503,2,2,0.18089,0.05517,0.76394
28934104,0,0,0.98551,0.01375,0.00074
41483093,0,0,0.95407,0.03459,0.01135
40089682,0,0,0.79382,0.11719,0.089
25040494,2,2,0.00121,0.0052,0.99359
3076521,2,2,0.08719,0.42255,0.49026
1085419,2,1,0.03908,0.55343,0.40749
6007319,1,1,0.42236,0.51649,0.06115
18670127,2,2,0.00192,0.0069,0.99117
10327970,0,1,0.21343,0.59999,0.18658
20132518,2,2,0.13157,0.27731,0.59112
24224710,0,0,0.98218,0.0176,0.00022
24389906,2,2,0.30888,0.15337,0.53774
14947558,2,2,0.02627,0.02768,0.94605
41437423,0,0,0.96142,0.0341,0.00448
23701654,2,2,0.00039,0.00504,0.99457
19353563,0,0,0.42041,0.20584,0.37375
39594614,2,2,0.00059,0.00524,0.99418
26540781,2,2,0.01592,0.03948,0.9446
36500456,0,0,0.993,0.00498,0.00203
11192255,2,2,0.11139,0.2399,0.64871
26797771,0,1,0.34322,0.58836,0.06842
31910305,2,2,0.06021,0.10462,0.83517
6323318,2,2,0.00052,0.02149,0.97799
37220008,2,1,0.37049,0.38842,0.24109
1392938,0,0,0.73372,0.21106,0.05522
28019199,0,0,0.71809,0.26388,0.01803
25038182,2,2,0.00094,0.0039,0.99516
16398028,2,2,0.19942,0.18515,0.61544
16064375,2,2,0.06733,0.1245,0.80817
35836833,2,2,0.00719,0.07773,0.91508
12881396,1,1,0.31268,0.38044,0.30688
15963515,2,2,0.04524,0.14098,0.81378
36146370,2,2,0.00875,0.00743,0.98383
38567571,1,2,0.00452,0.20864,0.78684
23110062,0,0,0.82366,0.16816,0.00817
3880045,0,0,0.78473,0.16831,0.04696
7130148,2,2,0.00204,0.00879,0.98917
37651405,1,0,0.70452,0.11976,0.17572
9283730,2,2,0.05357,0.16531,0.78112
16321519,0,2,0.21588,0.1756,0.60852
16240643,2,2,0.03947,0.02839,0.93214
12209959,1,0,0.67258,0.11479,0.21263
9627503,2,2,0.00624,0.06142,0.93235
21428502,2,2,0.08616,0.29964,0.6142
18547504,2,2,0.01495,0.11702,0.86802
1343066,2,1,0.05403,0.60677,0.33919
8965231,2,2,0.00101,0.00997,0.98901
17235790,2,2,0.00173,0.02041,0.97786
21521222,2,2,0.04934,0.09283,0.85782
15491398,2,2,0.01814,0.01658,0.96528
11933077,2,2,0.14849,0.36445,0.48706
16914363,2,2,0.09074,0.09381,0.81545
17381668,2,2,0.06655,0.13095,0.8025
30402301,2,2,0.03467,0.05109,0.91424
18874555,0,0,0.78583,0.14127,0.0729
29036877,0,0,0.8369,0.13454,0.02856
18764723,2,2,0.00124,0.00294,0.99582
26084947,2,2,0.00367,0.01734,0.97899
33583407,2,2,0.02157,0.01978,0.95865
4258047,2,2,0.04012,0.14616,0.81373
5706189,2,2,0.00057,0.00703,0.9924
11259740,1,2,0.24824,0.1887,0.56307
268566,2,2,0.01681,0.06264,0.92055
27158282,0,0,0.97437,0.025,0.00063
9363509,2,2,0.00043,0.00326,0.99631
4568758,2,2,0.02892,0.11525,0.85582
16672555,2,2,0.11794,0.06987,0.81219
27821903,2,2,0.01833,0.42826,0.55341
20132049,2,2,9e-05,0.01243,0.98748
36861739,0,0,0.65451,0.31126,0.03423
15488321,0,1,0.34103,0.54716,0.11181
17824411,2,1,0.17023,0.77727,0.05251
36981973,2,2,0.00049,0.01811,0.9814
3764134,2,2,0.00222,0.09508,0.9027
23907594,2,2,0.0026,0.00994,0.98746
18914078,2,2,0.05759,0.11696,0.82545
22457583,1,1,0.06211,0.88651,0.05138
8664925,2,2,0.0004,0.02939,0.9702
38041068,2,2,0.17242,0.06214,0.76544
10796879,1,1,0.09783,0.78089,0.12128
24332176,2,2,0.01516,0.01548,0.96935
37884848,2,2,0.00104,0.02061,0.97835
29217900,0,2,0.09405,0.305,0.60095
25800629,2,2,0.0011,0.00589,0.993
15829159,2,2,0.00056,0.15967,0.83977
16428507,2,2,0.42372,0.10523,0.47104
10713292,0,0,0.7688,0.18385,0.04735
29574778,2,2,0.11783,0.09994,0.78223
34729719,2,1,0.02527,0.78393,0.19079
10712917,2,1,0.16342,0.52078,0.3158
14625373,2,2,0.13978,0.15611,0.70411
33559122,2,2,0.02538,0.08555,0.88908
31632616,2,2,0.09639,0.21249,0.69112
21380334,0,0,0.80961,0.17639,0.01399
325942,2,2,0.00136,0.00507,0.99357
24004681,2,2,0.00198,0.36461,0.63341
27246300,2,2,3e-05,0.00209,0.99788
20437310,2,2,0.21529,0.02761,0.7571
31877313,2,2,0.00174,0.00127,0.99699
10485715,2,2,0.20666,0.17767,0.61567
19384995,2,2,0.003,0.01505,0.98195
29969814,1,0,0.60308,0.21083,0.18609
26346696,1,1,0.33066,0.45763,0.21171
38654210,2,2,0.02684,0.06114,0.91202
2119591,2,2,0.08437,0.22498,0.69065
25467276,2,2,0.07575,0.12593,0.79831
2912649,2,2,0.06787,0.16459,0.76754
29267092,2,2,6e-05,0.00215,0.99779
4647669,2,2,0.19882,0.02564,0.77553
7553192,2,1,0.14581,0.61495,0.23924
24156265,2,2,0.01069,0.06257,0.92674
41460285,0,0,0.96851,0.03063,0.00086
15128193,2,2,0.11792,0.02152,0.86056
6452743,2,2,0.08682,0.45108,0.4621
14369182,1,1,0.17404,0.79956,0.02639
12613429,2,2,0.13784,0.27289,0.58927
29313169,0,0,0.72678,0.25914,0.01408
13141649,0,0,0.74706,0.12487,0.12807
17279615,2,1,0.08566,0.8286,0.08574
37601808,2,1,0.07682,0.88805,0.03514
40280087,0,1,0.46115,0.53268,0.00617
16638796,0,0,0.99654,0.00327,0.00019
8165390,2,2,0.00799,0.01237,0.97964
5306407,2,2,0.03275,0.13286,0.83439
10644902,1,1,0.4046,0.58435,0.01105
6264864,2,2,0.27869,0.03132,0.68999
16959578,2,2,0.13031,0.15269,0.717
13106560,0,0,0.77251,0.20847,0.01902
29745217,2,2,0.15282,0.34803,0.49915
28927619,0,0,0.71573,0.27741,0.00685
28710291,2,2,0.15913,0.1327,0.70817
7553577,2,2,0.00524,0.00375,0.991
10040904,2,2,0.00328,0.00288,0.99384
11680872,2,2,0.13016,0.25947,0.61037
11486498,2,2,0.15227,0.18669,0.66103
29145064,2,2,0.00383,0.00985,0.98632
31688694,2,2,0.13911,0.04548,0.81541
17845476,0,0,0.98543,0.00506,0.00951
4482692,1,0,0.91429,0.08201,0.00371
11701897,2,2,0.0122,0.04639,0.94141
2640916,2,2,0.00247,0.00547,0.99206
4682727,2,0,0.74463,0.1299,0.12547
40389034,0,0,0.75152,0.21396,0.03452
41403206,2,2,0.17272,0.12053,0.70674
36789056,0,1,0.24668,0.55712,0.1962
36761827,2,2,0.00055,0.00796,0.9915
4318884,0,0,0.53715,0.43853,0.02432
9102092,2,2,0.00615,0.00403,0.98982
5375123,2,2,0.00215,0.13222,0.86563
36608990,0,0,0.94062,0.02625,0.03312
26680978,2,0,0.51794,0.37007,0.11199
35940668,1,2,0.13712,0.34124,0.52164
38818823,2,2,0.00608,0.00511,0.98881
25613901,2,2,0.00359,0.02451,0.9719
14794199,0,0,0.62701,0.23671,0.13628
39823024,2,2,0.32553,0.04627,0.6282
15970306,1,1,0.07841,0.81644,0.10515
6143111,2,2,0.00056,0.15967,0.83977
34037537,1,1,0.23868,0.55165,0.20966
19455431,2,2,0.01007,0.056,0.93394
40425549,0,0,0.95166,0.04676,0.00158
3645242,2,2,0.00777,0.01204,0.98019
37044342,2,0,0.98915,0.01051,0.00034
25508129,0,0,0.9473,0.05078,0.00192
32885230,2,1,0.03152,0.55179,0.41669
14090343,2,2,0.09168,0.25988,0.64844
14640083,2,2,0.04995,0.04725,0.9028
21229571,2,2,0.10541,0.06636,0.82823
39898159,0,1,0.31453,0.63504,0.05043
1877218,2,2,0.0042,0.02391,0.97189
20661753,2,2,0.05708,0.05639,0.88652
20098505,2,2,0.00282,0.01407,0.98311
24711368,1,0,0.56829,0.42772,0.00398
15258338,0,0,0.98705,0.01221,0.00073
24408437,2,2,0.01397,0.28159,0.70444
38829825,2,2,0.28662,0.08194,0.63144
40194589,0,0,0.84488,0.07543,0.07969
21749219,0,0,0.87788,0.08218,0.03994
28508763,2,2,0.00404,0.01109,0.98487
40213252,0,0,0.54038,0.44894,0.01068
5767500,2,2,0.193,0.08754,0.71946
12250361,2,2,0.03375,0.11637,0.84989
39973474,2,2,0.0053,0.00961,0.98509
40474228,2,2,0.0306,0.13298,0.83642
41163746,2,2,0.00496,0.01687,0.97816
15131314,2,1,0.11076,0.83647,0.05277
699770,2,2,0.02723,0.23076,0.742
28513641,2,2,0.04489,0.0976,0.85751
13360872,2,2,0.01399,0.06669,0.91932
29409740,2,0,0.40113,0.36475,0.23412
80885,2,2,0.00703,0.02433,0.96864
17998467,2,2,0.0058,0.0129,0.98131
36186753,2,2,0.00103,0.01101,0.98795
27467737,2,2,0.01843,0.16609,0.81548
37166368,0,1,0.39354,0.57122,0.03524
22064407,2,2,0.00198,0.02008,0.97795
9991980,1,0,0.62095,0.35899,0.02006
7815889,0,2,0.18029,0.30807,0.51163
29104376,2,2,0.18057,0.04852,0.77091
35999908,2,2,0.00077,0.01472,0.98452
17057956,0,0,0.98669,0.01261,0.0007
36505925,2,2,0.03503,0.21387,0.7511
36027180,2,2,6e-05,0.00086,0.99908
2752852,2,2,0.02206,0.21293,0.76501
36009387,2,2,0.00237,0.05087,0.94676
9588505,1,1,0.12828,0.74042,0.1313
12908226,2,2,0.21744,0.28495,0.49761
29498459,0,0,0.99124,0.00746,0.0013
13816040,2,2,0.00307,0.18947,0.80746
24074620,2,2,0.0042,0.00844,0.98736
10741603,2,2,0.00614,0.01309,0.98077
9648011,2,2,0.01259,0.1289,0.8585
5373213,2,2,0.19715,0.23995,0.5629
339821,2,2,0.00836,0.07933,0.91231
35750409,0,0,0.9274,0.04268,0.02992
16598146,2,2,0.25954,0.07409,0.66637
2666825,2,2,0.00607,0.16763,0.82629
19786376,0,0,0.88755,0.10864,0.0038
27896534,2,2,0.00647,0.00942,0.98411
8365728,2,1,0.22558,0.745,0.02942
29506353,1,1,0.29513,0.61459,0.09029
29031741,2,2,0.09574,0.09571,0.80855
31322422,2,2,0.0483,0.06863,0.88307
28834692,2,2,0.18953,0.31889,0.49158
466071,2,2,0.00213,0.01094,0.98693
4697897,0,0,0.5814,0.38323,0.03536
38061628,2,2,0.18676,0.11579,0.69745
22745745,2,0,0.41736,0.17285,0.4098
3663204,0,0,0.91685,0.08248,0.00066
41184265,2,1,0.41104,0.53973,0.04923
34798312,0,0,0.82492,0.16607,0.00901
23209461,2,2,0.00061,0.01307,0.98632
3729540,2,2,0.02627,0.40377,0.56996
20416257,2,2,0.00018,0.00679,0.99303
9840798,2,2,0.00348,0.00618,0.99033
2003088,2,2,0.00518,0.07268,0.92214
32501927,0,0,0.66868,0.27448,0.05684
9134919,1,0,0.41369,0.34782,0.23849
17475740,2,2,0.0119,0.0036,0.98451
19500416,0,0,0.97035,0.02825,0.0014
20495427,2,2,0.07761,0.32513,0.59726
6337028,2,2,0.01014,0.01817,0.97169
17065479,2,2,0.00063,0.00178,0.99759
25462407,0,0,0.8056,0.1891,0.0053
26267861,2,2,0.02666,0.09087,0.88247
18879052,0,0,0.49345,0.36834,0.13821
32441664,2,2,0.09174,0.37336,0.5349
29967701,2,2,0.02869,0.14104,0.83027
40962415,2,2,0.01376,0.11805,0.86819
11824773,2,2,0.05293,0.16039,0.78669
12040583,0,1,0.29266,0.46105,0.24629
3102241,2,2,0.00121,0.02883,0.96996
11301180,2,2,0.15052,0.03794,0.81154
33078932,2,2,0.03056,0.28698,0.68245
36104449,0,1,0.16731,0.58189,0.2508
14276632,0,0,0.87842,0.09919,0.02239
7194678,2,2,0.00039,0.09448,0.90513
8038156,2,0,0.81213,0.03126,0.1566
27113956,0,0,0.716,0.24409,0.03991
34550693,2,2,0.0046,0.0095,0.98591
8955176,2,2,0.00913,0.27401,0.71685
23610503,2,2,0.29641,0.2552,0.44839
11717436,2,2,0.24824,0.1887,0.56307
7953156,0,1,0.12913,0.74716,0.1237
5589377,2,2,0.04569,0.33899,0.61531
9006663,2,2,0.04614,0.04049,0.91337
35235391,2,2,0.04798,0.17595,0.77607
16489859,0,0,0.98173,0.01337,0.0049
40030205,0,0,0.96877,0.02929,0.00194
32213234,2,2,0.01438,0.12207,0.86355
2780657,1,1,0.18614,0.736,0.07786
248330,0,0,0.70186,0.2951,0.00304
33564837,2,2,0.15494,0.33555,0.50951
1745785,2,2,0.04729,0.09477,0.85794
17727122,2,2,0.0544,0.04049,0.90511
26451261,2,1,0.11615,0.66681,0.21704
39296467,2,2,9e-05,0.01243,0.98748
17306845,2,2,0.00898,0.05499,0.93604
33742122,2,2,0.00018,0.00092,0.9989
25405568,2,2,0.24824,0.1887,0.56307
33922214,0,0,0.7781,0.21348,0.00842
32943199,0,0,0.98609,0.01061,0.0033
23150802,2,2,0.01456,0.02302,0.96241
34490280,2,2,0.00442,0.01981,0.97577
26559181,2,0,0.50552,0.19447,0.30001
534941,0,0,0.89267,0.07266,0.03467
4675583,2,2,0.00117,0.29639,0.70244
30841047,2,2,0.02721,0.15975,0.81304
1498034,2,2,0.01304,0.07911,0.90785
15581462,2,2,0.00018,0.01211,0.98771
27859254,2,0,0.60546,0.22794,0.1666
27887987,1,2,0.01587,0.19476,0.78937
25852045,2,2,0.00771,0.37613,0.61616
19751851,2,2,0.02649,0.14477,0.82874
14246434,2,2,0.00619,0.02588,0.96793
17362810,2,2,0.03533,0.26871,0.69596
3981562,2,2,0.13117,0.04864,0.82019
5272365,0,0,0.83713,0.07156,0.0913
14536973,2,1,0.04541,0.71587,0.23872
36578421,2,2,0.00031,0.00861,0.99108
19593406,2,2,0.02387,0.20528,0.77085
41546787,2,1,0.32198,0.53728,0.14073
23529689,2,2,0.0097,0.18217,0.80812
20159869,2,2,0.00121,0.02243,0.97637
16833154,2,2,0.01344,0.11882,0.86774
39992339,0,0,0.48807,0.29146,0.22046
21729166,0,1,0.39362,0.52948,0.0769
14454624,2,2,0.00445,0.13798,0.85757
29005073,0,0,0.5047,0.40743,0.08787
28343495,2,2,0.01001,0.04681,0.94318
3682190,2,2,0.13122,0.27228,0.59651
16299425,2,2,0.00636,0.33505,0.65859
35745195,1,2,0.03802,0.03683,0.92515
16306216,2,2,0.11794,0.06748,0.81458
38189308,2,2,0.02143,0.08275,0.89582
12792272,0,0,0.92327,0.07538,0.00135
6477669,2,2,0.00481,0.0219,0.97329
27018434,2,2,0.2247,0.12214,0.65316
30263312,2,1,0.12364,0.67055,0.20582
29479465,0,2,0.04762,0.11297,0.83941
1238161,2,2,0.00691,0.10465,0.88845
40417189,2,2,0.07646,0.01987,0.90368
3821078,2,2,0.00198,0.00662,0.9914
8709529,2,2,0.06863,0.27197,0.6594
29324035,2,2,0.29077,0.03082,0.67841
38598696,2,2,0.004,0.01151,0.98449
33366380,2,2,0.0538,0.07698,0.86922
9321766,2,2,0.11223,0.08622,0.80155
5674753,2,0,0.48588,0.04217,0.47195
14719852,0,0,0.84246,0.12935,0.02819
25697052,0,0,0.64763,0.29956,0.05281
13978573,2,2,0.33219,0.10947,0.55834
2081907,2,2,0.05219,0.08088,0.86693
8756462,0,0,0.96198,0.03787,0.00016
40136046,2,2,0.00346,0.02826,0.96828
26518997,2,2,0.05667,0.42041,0.52292
12569406,2,2,0.03426,0.02402,0.94172
12938847,2,2,0.00551,0.01418,0.98031
5590576,2,2,0.01812,0.02357,0.95831
37590055,0,0,0.92543,0.05997,0.0146
9640733,0,2,0.24824,0.1887,0.56307
6007474,2,0,0.75129,0.24373,0.00498
33860091,2,2,0.03123,0.03832,0.93046
15348528,0,1,0.33657,0.57186,0.09157
36721460,2,2,0.02295,0.03746,0.93959
24053541,2,2,0.11877,0.17634,0.70489
13573089,2,2,0.00493,0.00836,0.98671
33564063,2,2,0.04189,0.01116,0.94694
39395503,2,2,0.24824,0.1887,0.56307
38035818,0,0,0.989,0.00905,0.00196
13910305,2,2,0.02034,0.05077,0.9289
26309194,2,2,0.00424,0.03276,0.96299
35453277,0,0,0.91087,0.05662,0.03251
34239024,1,0,0.92202,0.06892,0.00906
10711754,2,2,0.22783,0.18851,0.58366
7519803,2,2,0.0285,0.18516,0.78634
35549696,2,2,0.00596,0.0095,0.98455
31584952,2,1,0.38184,0.4397,0.17846
37055728,2,2,0.03944,0.33442,0.62613
23559816,2,2,0.15352,0.12653,0.71995
15320365,1,1,0.2475,0.67081,0.08169
21564439,2,0,0.76224,0.12011,0.11765
35145846,1,0,0.55102,0.20944,0.23954
34644243,1,1,0.18773,0.5019,0.31037
40858527,2,2,0.00124,0.01445,0.98432
41508533,2,2,0.02461,0.02892,0.94647
1083149,2,2,0.00955,0.02201,0.96844
10150181,2,2,0.01428,0.01006,0.97567
28448961,2,1,0.461,0.50732,0.03168
38896432,2,2,0.19071,0.03951,0.76978
27404941,2,2,0.0064,0.04286,0.95074
23201183,2,2,0.00441,0.00682,0.98878
16860584,2,1,0.03164,0.90973,0.05863
26946199,2,2,0.01043,0.02518,0.96439
10558072,2,0,0.48752,0.42359,0.08889
35744533,0,0,0.80627,0.16531,0.02842
615217,2,2,9e-05,0.00171,0.9982
12728424,2,0,0.77122,0.20689,0.02188
29760111,2,2,0.01203,0.022,0.96597
30583593,2,2,0.00176,0.00324,0.995
5258892,2,2,0.01093,0.06985,0.91922
38611229,0,0,0.86553,0.07081,0.06365
3095037,2,2,0.01574,0.01575,0.96851
2800,2,1,0.2793,0.37184,0.34886
31158750,0,0,0.9756,0.02398,0.00042
24774147,2,2,0.16889,0.06288,0.76823
32973248,2,1,0.08038,0.62769,0.29193
18752265,2,2,0.24824,0.1887,0.56307
38353124,2,2,0.00063,0.00763,0.99174
38429502,1,1,0.28144,0.68447,0.03409
21636902,1,1,0.20887,0.67488,0.11625
19375808,2,2,0.04621,0.06942,0.88437
28729229,2,2,0.00118,0.01881,0.98001
22054364,2,2,0.09506,0.11663,0.78831
9761879,2,2,0.00286,0.03518,0.96197
24145889,0,2,0.0284,0.17462,0.79699
9013361,2,2,0.07455,0.17223,0.75322
30755403,0,1,0.19393,0.53164,0.27444
9663947,2,1,0.26585,0.47419,0.25996
6589687,1,1,0.41378,0.55747,0.02875
8383150,2,2,0.00022,0.00832,0.99145
2765280,0,0,0.91637,0.07707,0.00656
6806689,2,2,0.00701,0.00832,0.98467
28709585,2,2,0.00566,0.06437,0.92997
18247046,0,0,0.87461,0.1222,0.00319
32371,2,1,0.17261,0.72516,0.10223
8995816,2,2,0.00523,0.0044,0.99038
3554025,2,2,0.01909,0.02993,0.95098
27740430,0,0,0.99623,0.00371,6e-05
33448748,0,0,0.99572,0.00287,0.00141
20453157,0,0,0.86052,0.11329,0.02619
6267500,0,0,0.75105,0.1926,0.05635
16977934,2,2,0.01083,0.03043,0.95874
20865878,1,1,0.29188,0.6614,0.04672
8556340,2,2,0.16272,0.36075,0.47653
41602533,0,0,0.8041,0.19094,0.00496
30821196,0,2,0.3818,0.12535,0.49285
2914564,0,1,0.35742,0.40545,0.23713
1783092,2,2,2e-05,5e-05,0.99993
18172421,2,2,0.14737,0.10843,0.7442
20551841,2,2,0.00013,0.00158,0.9983
21884455,2,2,0.00478,0.35345,0.64177
4001753,2,2,0.08641,0.30542,0.60817
39446361,2,2,0.14491,0.22384,0.63125
2779205,2,2,0.04325,0.0596,0.89716
12750887,1,1,0.23199,0.6943,0.07371
22736217,2,2,0.06244,0.14794,0.78963
29252231,2,2,0.00411,0.02366,0.97223
23087022,0,0,0.73791,0.21747,0.04462
40391310,0,0,0.72129,0.26667,0.01204
27110502,2,2,0.00172,0.24024,0.75804
30627259,2,2,2e-05,0.06502,0.93495
29003021,2,2,0.20018,0.28636,0.51347
9239317,2,2,0.39869,0.05319,0.54813
17326145,2,2,0.0048,0.02208,0.97312
4455762,2,2,0.25236,0.05391,0.69374
23205896,2,2,0.01545,0.04727,0.93729
41272469,0,0,0.8261,0.15764,0.01626
32729434,0,0,0.98202,0.01447,0.0035
36675511,2,2,0.00062,0.00385,0.99553
17834435,2,2,0.02408,0.11365,0.86227
4509628,2,2,0.02926,0.0586,0.91214
91613,2,1,0.07825,0.51064,0.41111
31362767,2,2,0.00315,0.06297,0.93388
35647698,2,2,0.00092,0.00288,0.99619
9953000,2,2,7e-05,0.00243,0.9975
2905906,1,0,0.70213,0.2499,0.04797
14056470,2,2,0.03929,0.05666,0.90405
7694342,1,1,0.29044,0.65019,0.05938
36847801,2,2,0.00946,0.13645,0.85409
3656386,2,2,0.00172,0.24024,0.75804
824525,2,2,0.02984,0.15451,0.81564
13400246,2,2,0.00017,0.0043,0.99553
19335623,2,2,0.0503,0.08013,0.86957
12399224,2,2,0.0,0.00025,0.99975
34909144,2,2,0.12229,0.10808,0.76963
2365681,1,0,0.82473,0.1105,0.06477
21121128,1,1,0.13404,0.47905,0.38691
29918902,2,2,0.02323,0.07232,0.90445
15133332,2,2,0.14056,0.1217,0.73774
13232863,2,2,0.09841,0.01409,0.88751
15434746,2,2,0.00194,0.00613,0.99194
420578,2,2,0.03948,0.02164,0.93888
34968194,2,2,0.03895,0.04995,0.91111
25551024,0,0,0.61167,0.09294,0.29539
20475723,2,2,0.0394,0.26037,0.70024
2694906,2,2,0.07242,0.05255,0.87503
15885894,0,0,0.98618,0.01138,0.00244
14344300,2,2,0.00886,0.04574,0.94539
14435604,2,0,0.48702,0.16382,0.34916
16237602,0,0,0.64496,0.32844,0.0266
8957452,2,2,0.1109,0.08161,0.8075
22617617,2,2,0.07287,0.23855,0.68857
30705174,2,2,0.0009,0.02512,0.97399
36347969,2,2,0.0106,0.02049,0.9689
24173295,2,2,0.17244,0.24635,0.5812
36014357,2,2,0.02806,0.03209,0.93984
11102290,2,2,0.34446,0.08194,0.5736
37043947,0,0,0.46984,0.32913,0.20103
11780244,0,0,0.88319,0.0947,0.02211
16280656,2,2,0.05428,0.16567,0.78005
23541314,2,2,0.02913,0.01002,0.96085
17942179,2,2,0.15568,0.26593,0.57839
8548928,2,2,0.0206,0.30436,0.67504
36701041,2,2,0.00228,0.00181,0.99591
901379,0,0,0.92487,0.06667,0.00847
33493153,0,0,0.85059,0.14879,0.00063
2509843,0,0,0.97489,0.02497,0.00014
39703598,2,0,0.54287,0.12929,0.32784
35843422,2,2,0.21114,0.05001,0.73885
34913063,2,2,0.07159,0.28809,0.64032
15926060,2,1,0.2062,0.46152,0.33228
20345434,2,2,0.05997,0.05692,0.88311
40678642,2,2,0.00339,0.03434,0.96227
12486450,2,2,0.01268,0.01381,0.97352
36409395,0,0,0.62114,0.3556,0.02326
38302597,1,1,0.43306,0.54055,0.02639
24579957,2,2,0.07582,0.08955,0.83464
25097561,0,0,0.52191,0.32835,0.14974
39906198,0,0,0.79068,0.16821,0.04111
5123322,2,1,0.11234,0.68628,0.20138
783039,2,2,0.00277,0.02358,0.97365
5973324,2,2,0.09207,0.08304,0.82489
29311659,2,2,0.02006,0.04532,0.93462
4313210,2,1,0.10834,0.6034,0.28825
24743799,0,0,0.94782,0.03602,0.01616
33451680,2,2,0.00022,0.00832,0.99145
21172989,2,2,0.26964,0.06916,0.6612
21128521,2,1,0.16197,0.51013,0.3279
36170968,1,2,0.09007,0.28776,0.62217
16025816,2,1,0.15971,0.74866,0.09163
30884623,2,2,0.18676,0.33642,0.47682
10526184,0,1,0.22724,0.6932,0.07956
39295799,2,2,0.06171,0.09653,0.84177
13518832,2,2,0.04674,0.09096,0.8623
22126423,1,1,0.31705,0.59687,0.08608
41475126,2,2,0.00074,0.00236,0.9969
20064374,0,0,0.80895,0.11528,0.07577
13478137,1,0,0.89778,0.08418,0.01804
29157806,0,1,0.29569,0.42853,0.27578
22615158,2,1,0.23873,0.74612,0.01515
26448927,0,0,0.94702,0.05235,0.00064
41458246,2,2,0.03136,0.39042,0.57822
28648926,0,0,0.43191,0.3816,0.18649
32004106,2,1,0.20663,0.75149,0.04188
28113117,2,2,0.00916,0.11441,0.87643
24223638,2,2,0.0132,0.2384,0.7484
23558277,2,2,0.02044,0.05343,0.92614
31394121,2,2,0.09945,0.03797,0.86258
16033080,2,2,0.00082,0.03355,0.96562
27929861,0,0,0.9622,0.0367,0.0011
10885713,0,0,0.86979,0.11047,0.01975
2752181,0,0,0.73781,0.25696,0.00524
32093488,2,2,0.00807,0.02414,0.96779
19135416,2,2,0.19326,0.13969,0.66705
39283518,2,1,0.15391,0.53055,0.31554
12517622,2,2,0.05953,0.12636,0.81411
20175714,2,2,0.08606,0.04279,0.87115
15638165,2,2,0.10676,0.14565,0.74759
2784073,2,1,0.34248,0.43618,0.22134
10657246,2,2,0.00181,0.0277,0.9705
12047468,2,2,0.04541,0.02682,0.92778
9176513,2,2,0.04138,0.04087,0.91774
329475,0,0,0.69355,0.24607,0.06038
17735477,0,0,0.87363,0.09102,0.03535
9081061,1,1,0.32594,0.51193,0.16213
31688915,0,0,0.98606,0.01066,0.00329
29214956,2,2,0.01353,0.27317,0.7133
805183,2,2,0.00067,0.02625,0.97308
9180947,2,0,0.45865,0.24319,0.29816
18408201,2,2,0.26185,0.3227,0.41545
12515659,2,2,0.1014,0.12647,0.77213
30422953,2,2,0.27431,0.17425,0.55144
1506949,2,2,0.29012,0.132,0.57788
14005927,2,2,0.03618,0.1304,0.83342
6336274,2,2,0.10876,0.11366,0.77758
6344782,2,2,0.00765,0.13931,0.85303
18887077,2,2,0.02013,0.10521,0.87466
24125497,0,0,0.63247,0.36208,0.00545
27475983,2,2,0.08785,0.06634,0.84581
29652601,2,2,0.01748,0.10485,0.87767
7739543,2,2,0.02294,0.35142,0.62564
39453965,2,2,0.01437,0.44962,0.536
23650113,2,2,0.0219,0.23433,0.74377
4088896,0,0,0.87519,0.06654,0.05827
27220436,2,2,0.36699,0.2419,0.39111
32424057,2,2,0.03786,0.42253,0.53961
27418819,2,2,0.01957,0.05559,0.92483
36804289,2,2,0.01222,0.02093,0.96685
24326999,2,0,0.65319,0.24327,0.10354
16751651,2,2,0.00397,0.01365,0.98238
32860394,1,1,0.0309,0.85545,0.11365
32458818,2,2,0.05395,0.11573,0.83031
16441235,0,2,0.16665,0.16551,0.66784
27566781,2,2,0.00027,0.00096,0.99877
10345341,0,0,0.97004,0.0243,0.00566
22471428,2,2,0.02244,0.15757,0.81999
24090111,2,2,0.1098,0.23913,0.65107
40077079,0,0,0.59428,0.26632,0.1394
8960865,0,0,0.76502,0.18951,0.04547
5757509,2,2,0.00532,0.00963,0.98505
28280714,2,2,0.003,0.03078,0.96623
18079263,0,0,0.6219,0.33499,0.04311
10863973,2,2,0.00676,0.01789,0.97535
3433053,1,1,0.03581,0.83256,0.13164
7611986,2,2,0.00492,0.0259,0.96918
23770269,2,2,0.01769,0.00603,0.97628
40210977,2,2,0.03599,0.05602,0.908
16462505,2,2,0.08896,0.20789,0.70316
28225039,0,1,0.15752,0.83307,0.00941
34784765,2,2,0.00073,0.00332,0.99596
6461618,2,1,0.04902,0.71577,0.2352
7052979,2,2,0.0015,0.01849,0.98001
13277391,2,2,0.00559,0.04277,0.95164
5429841,2,2,0.13414,0.07562,0.79024
12452077,0,1,0.17174,0.8164,0.01187
13524073,0,1,0.41607,0.53719,0.04674
31788693,0,0,0.66988,0.32673,0.0034
17153568,2,2,0.01518,0.02695,0.95787
26424390,0,1,0.13487,0.6489,0.21622
34748291,1,1,0.23731,0.5977,0.16499
38803846,0,0,0.56818,0.24333,0.1885
32223069,2,0,0.56057,0.1077,0.33173
10164842,2,2,0.02934,0.03075,0.93992
2043876,2,1,0.10012,0.45248,0.4474
6486307,2,2,0.00606,0.01718,0.97676
36585535,2,2,0.0226,0.09483,0.88257
36849714,2,2,0.11197,0.34573,0.5423
6367254,2,1,0.19857,0.50732,0.29412
19966498,0,0,0.70698,0.16193,0.13109
25360252,0,0,0.80948,0.15382,0.0367
4627293,2,2,0.24824,0.1887,0.56307
29590943,2,2,0.10236,0.3141,0.58355
3583686,2,2,0.21895,0.30018,0.48087
5223245,2,2,0.16636,0.02428,0.80936
19960638,2,0,0.38086,0.26469,0.35445
6391560,2,2,0.00582,0.03939,0.95479
28407053,2,2,0.0006,0.00129,0.99811
15668589,2,2,0.00022,0.00747,0.99232
29408232,0,0,0.87997,0.11479,0.00524
10025423,2,2,0.00361,0.0156,0.98078
14801720,2,2,0.0119,0.07146,0.91664
10279311,2,2,0.13888,0.07345,0.78767
24187432,2,2,0.18502,0.36393,0.45105
26231282,2,1,0.10368,0.70639,0.18992
9222926,2,2,0.09178,0.44113,0.46709
6089192,2,2,0.08829,0.13344,0.77827
7503969,2,2,0.00747,0.00523,0.9873
24827625,2,2,0.01169,0.02144,0.96687
3937075,2,0,0.45824,0.21087,0.33089
22404008,2,2,2e-05,0.01505,0.98494
18074908,0,1,0.46496,0.51749,0.01755
2332464,2,2,0.00063,0.00455,0.99482
39129140,0,0,0.98305,0.01524,0.00171
41369164,2,1,0.07458,0.82296,0.10246
33999541,0,2,0.24824,0.1887,0.56307
10560688,2,2,0.01816,0.04623,0.93562
10526306,2,0,0.56141,0.0768,0.3618
27977864,1,2,0.17733,0.11152,0.71115
208718,2,0,0.56675,0.19912,0.23413
4791829,2,2,0.0,0.00013,0.99987
7465429,2,2,0.01402,0.00757,0.97841
17456692,2,1,0.02117,0.59146,0.38737
18633027,2,2,0.01573,0.05928,0.925
36390436,2,2,0.04046,0.05666,0.90288
27878117,0,0,0.96056,0.03786,0.00159
38035689,2,2,0.02914,0.12897,0.84189
14666220,2,2,0.00012,0.00578,0.9941
5299680,0,1,0.28112,0.41352,0.30536
38824522,2,2,0.02601,0.00509,0.96889
25894074,0,0,0.97393,0.02095,0.00512
29104303,0,0,0.77636,0.11077,0.11288
25048103,2,2,0.00289,0.01366,0.98345
22038964,2,2,0.04427,0.06375,0.89198
37478277,2,2,0.00172,0.00872,0.98956
35534626,2,2,0.03539,0.19315,0.77146
2233516,2,2,0.02545,0.09209,0.88246
3927508,2,2,0.00619,0.12303,0.87078
4766866,0,0,0.48755,0.09874,0.41372
12633999,2,0,0.51259,0.3337,0.15371
39896696,0,2,0.24824,0.1887,0.56307
12504244,2,2,0.01389,0.01961,0.9665
1338546,1,1,0.33869,0.41866,0.24265
33761722,0,0,0.72192,0.26354,0.01454
23954645,2,1,0.33444,0.42205,0.24351
40223779,0,0,0.64913,0.25816,0.09272
9745371,2,2,0.10846,0.26406,0.62748
14584801,2,2,0.16665,0.16551,0.66784
20366926,0,0,0.89542,0.07996,0.02461
12776843,2,2,0.12415,0.25967,0.61619
17431178,2,2,0.0579,0.11768,0.82442
11842118,2,2,0.18335,0.10023,0.71642
7685277,2,2,0.01078,0.03878,0.95044
35278733,2,2,0.03558,0.05879,0.90564
32783984,1,0,0.85497,0.113,0.03203
20115010,2,2,0.00865,0.04328,0.94807
18243627,2,2,0.24201,0.32329,0.43469
27461654,2,2,0.13971,0.04738,0.81291
1151432,2,0,0.45605,0.36942,0.17452
35612615,1,1,0.24921,0.62568,0.12511
23727196,2,2,0.06795,0.08181,0.85024
15367228,2,2,0.08642,0.15988,0.7537
5504655,2,2,0.00771,0.0131,0.97919
28997240,2,2,0.00042,0.00514,0.99444
40270923,2,1,0.10965,0.80307,0.08728
21297697,2,2,0.02457,0.32734,0.64809
20329213,2,2,0.00081,0.00568,0.99351
4765816,1,2,0.2015,0.31704,0.48146
12258660,2,2,0.06135,0.18728,0.75138
35394049,0,0,0.96279,0.02965,0.00755
34189822,2,2,0.00139,0.0144,0.98421
16896945,0,0,0.84018,0.0567,0.10312
39381177,2,2,0.00438,0.15139,0.84423
6244649,2,2,0.11867,0.0758,0.80553
24663063,2,2,0.10371,0.22707,0.66922
503616,2,1,0.29616,0.40564,0.2982
25311047,0,2,0.31431,0.21562,0.47007
16111707,0,0,0.88946,0.0775,0.03304
36473972,2,2,0.00493,0.07344,0.92162
40986415,2,2,0.0,0.00025,0.99975
13042199,0,0,0.96749,0.02776,0.00474
3641668,2,2,0.0347,0.10072,0.86458
2165013,2,2,0.00249,0.03568,0.96183
10033447,0,1,0.41057,0.5345,0.05492
41332557,2,2,0.14315,0.22823,0.62862
11238867,0,2,0.00989,0.03209,0.95802
15290541,2,2,0.00206,0.00913,0.98881
17174972,2,2,0.00239,0.14584,0.85177
19813556,2,2,0.14076,0.30907,0.55017
21949142,2,2,0.02126,0.03711,0.94163
12607233,1,1,0.11082,0.79828,0.0909
6928295,2,2,0.01199,0.0514,0.9366
21797796,2,2,0.00469,0.02812,0.96719
7709846,1,0,0.65248,0.21848,0.12904
4072271,2,2,0.08796,0.19229,0.71974
38016190,0,0,0.96122,0.0376,0.00118
19029114,2,2,0.00042,0.00149,0.9981
23362434,0,0,0.57886,0.25126,0.16987
36525349,2,2,0.00034,0.02928,0.97038
18885613,0,0,0.75538,0.22016,0.02446
29112412,2,2,0.12902,0.07345,0.79754
39157236,2,2,0.01975,0.02969,0.95056
11846984,0,0,0.81501,0.14938,0.03561
20837399,2,2,0.03816,0.12043,0.8414
14928895,2,2,0.08988,0.32644,0.58368
12408993,2,2,0.08052,0.02985,0.88963
2728245,2,1,0.26574,0.51581,0.21845
9533188,0,0,0.94852,0.04138,0.0101
6639156,1,0,0.87817,0.08339,0.03845
4136399,2,2,0.00464,0.09096,0.9044
3371326,2,2,0.00444,0.16088,0.83468
9168501,2,2,0.063,0.21763,0.71937
6032237,2,2,0.01006,0.0854,0.90454
30936354,2,2,0.07002,0.07118,0.8588
13471842,1,1,0.35461,0.62324,0.02215
10492875,2,2,0.21496,0.1512,0.63385
2802823,2,2,0.0187,0.16826,0.81304
5974139,2,2,0.01832,0.0752,0.90648
14652111,2,1,0.05791,0.65028,0.29181
24993689,0,0,0.98076,0.01892,0.00032
28348428,0,0,0.93183,0.05963,0.00853
18599710,2,2,0.0005,0.01185,0.98765
21623685,0,1,0.38768,0.52852,0.08381
40398610,2,2,3e-05,0.00209,0.99788
32547403,2,2,0.00699,0.04005,0.95296
21896960,2,2,0.10985,0.38747,0.50268
27520650,2,1,0.05224,0.73897,0.20879
32909992,1,2,0.34333,0.19878,0.45789
9357345,2,2,0.44764,0.09879,0.45357
8367755,0,0,0.59208,0.3846,0.02332
8579090,1,0,0.9093,0.07418,0.01652
40341014,2,2,0.0157,0.07142,0.91287
11479201,0,2,0.08242,0.15243,0.76516
21996683,2,2,0.08703,0.18129,0.73169
4043258,2,2,0.10037,0.22793,0.6717
25466486,2,0,0.83886,0.1467,0.01444
8315453,2,2,0.1191,0.07857,0.80233
25926965,2,0,0.42838,0.16214,0.40948
20360061,2,1,0.02231,0.52658,0.45111
36194837,2,2,0.00142,0.01335,0.98523
12358389,2,1,0.12177,0.45627,0.42196
28158315,2,2,0.00902,0.01552,0.97546
23056294,2,2,0.39268,0.15772,0.4496
29186835,2,2,0.01853,0.01581,0.96566
21573861,2,2,0.07954,0.27896,0.6415
12141638,0,0,0.5258,0.35334,0.12086
154725,2,2,0.06016,0.1614,0.77844
5817989,2,2,0.00406,0.01968,0.97625
1188193,2,2,0.00686,0.1205,0.87263
7981040,2,2,0.00881,0.02258,0.96861
15739033,2,2,0.16228,0.17061,0.66711
35501986,2,2,0.00102,0.01214,0.98684
29170468,2,2,0.01747,0.00966,0.97287
17453642,0,0,0.60778,0.35363,0.03859
20618464,2,2,0.15892,0.07664,0.76444
1637760,2,2,0.05109,0.11186,0.83704
40578449,2,2,0.0019,0.00602,0.99208
41105752,0,0,0.98156,0.01833,0.00011
25444655,2,2,0.0307,0.03559,0.93371
17186767,0,0,0.84704,0.10626,0.04671
33797077,0,0,0.85054,0.14421,0.00525
10442699,0,1,0.43419,0.52102,0.04479
11402040,2,2,0.02547,0.10816,0.86637
5335695,0,0,0.89843,0.10108,0.00049
4680070,2,2,0.26904,0.08815,0.6428
21551275,2,2,0.00607,0.01003,0.9839
5494009,0,0,0.65605,0.21525,0.12869
11870072,2,2,0.00147,0.06395,0.93458
13914263,2,2,0.28845,0.06997,0.64158
11847611,0,0,0.45997,0.42106,0.11897
29413535,0,0,0.68362,0.26054,0.05583
37023659,0,0,0.85565,0.09965,0.0447
15266790,2,2,0.00508,0.1668,0.82812
266371,0,2,0.08391,0.35703,0.55905
5016793,2,2,0.00126,0.01589,0.98284
33190800,2,2,0.02547,0.01815,0.95638
35422280,0,0,0.93944,0.03487,0.02569
11605939,2,2,0.0014,0.00962,0.98898
30460227,0,0,0.85189,0.134,0.01411
21037642,0,0,0.6608,0.33761,0.0016
2223846,2,2,0.00492,0.01012,0.98496
28820931,2,2,0.02429,0.14556,0.83014
29541570,2,2,0.08466,0.31195,0.60339
5741498,2,2,0.00547,0.02744,0.9671
1599371,2,2,0.00575,0.03828,0.95597
16471321,2,2,0.00184,0.02886,0.96929
1970097,2,2,0.0216,0.19804,0.78036
13418282,2,2,0.01335,0.01681,0.96984
35706821,2,2,0.00076,0.01853,0.9807
13098338,2,2,0.02768,0.05293,0.91939
30874082,2,2,0.00548,0.01219,0.98233
32952409,0,0,0.53783,0.40931,0.05286
4451689,0,0,0.68943,0.24014,0.07042
33387688,0,0,0.77958,0.09691,0.12351
15179656,0,0,0.64363,0.25216,0.10421
20337871,2,2,0.07219,0.04336,0.88445
26797266,2,2,0.01378,0.02697,0.95926
21336479,2,2,0.01483,0.02233,0.96284
8768418,2,2,0.00027,0.00202,0.99771
4111924,2,2,0.0215,0.07889,0.89961
4308812,2,2,0.01792,0.05272,0.92936
8536126,2,2,0.04935,0.46262,0.48803
23693176,2,2,0.00111,0.00173,0.99716
36700327,2,2,0.00835,0.02173,0.96993
17479919,2,2,0.04464,0.14775,0.8076
39575609,2,1,0.30769,0.63744,0.05487
26680536,2,2,0.1326,0.12652,0.74088
26442850,2,2,0.0261,0.09214,0.88176
7637574,1,0,0.52704,0.42805,0.0449
21232285,2,2,0.00014,0.01074,0.98912
19323926,2,0,0.7755,0.06072,0.16378
23724213,2,2,0.03205,0.17305,0.7949
2005647,2,2,0.0438,0.36872,0.58748
20003707,2,2,0.04155,0.20786,0.75058
16719418,2,2,0.24824,0.1887,0.56307
12848960,2,2,0.22067,0.08117,0.69817
2148002,2,2,0.02879,0.14407,0.82714
2332661,2,1,0.01983,0.8121,0.16806
21781052,2,2,0.03054,0.12391,0.84555
36571498,0,0,0.46437,0.28876,0.24687
7106275,2,2,0.19387,0.01341,0.79272
18835814,0,1,0.09479,0.52412,0.38109
16835996,2,2,0.03242,0.17644,0.79113
22976450,2,2,0.00519,0.01695,0.97786
3336063,2,2,0.03134,0.06958,0.89908
28093384,0,0,0.69474,0.20828,0.09698
30911730,1,2,0.07904,0.08221,0.83874
4877597,2,2,0.01278,0.0334,0.95382
1812348,2,2,0.07242,0.13756,0.79002
26195131,0,1,0.47883,0.5067,0.01448
28603083,2,2,0.00018,0.00638,0.99344
22472457,0,0,0.57628,0.16538,0.25834
40008908,1,1,0.16252,0.80632,0.03116
37079269,2,1,0.00388,0.72442,0.2717
20846608,2,2,0.03432,0.04362,0.92206
36672105,2,2,0.03367,0.05619,0.91015
26563208,0,0,0.51129,0.24069,0.24801
30460687,2,2,0.25049,0.34928,0.40023
39960701,2,2,9e-05,0.01243,0.98748
9017487,2,2,3e-05,0.00209,0.99788
11057385,0,1,0.40047,0.58954,0.00999
31654190,2,1,0.10191,0.78082,0.11727
30729994,0,0,0.91987,0.05307,0.02706
10185343,2,2,0.11996,0.40203,0.47801
31435536,2,2,0.02732,0.1674,0.80528
3403137,2,2,0.03566,0.15814,0.8062
37294622,0,0,0.98082,0.01646,0.00272
30165716,2,2,0.15565,0.34893,0.49541
34452852,2,2,9e-05,0.01243,0.98748
15181213,2,2,0.02228,0.03368,0.94404
32700635,2,2,0.00653,0.0556,0.93787
20294770,2,2,0.00674,0.02688,0.96638
34408034,2,2,0.04256,0.01156,0.94588
13990821,2,2,0.00048,0.00235,0.99716
18570130,0,0,0.94612,0.05251,0.00137
6807322,2,2,0.00475,0.03645,0.9588
26098032,2,2,0.04374,0.14005,0.81622
10723935,2,2,0.00424,0.0302,0.96556
9332160,1,2,0.17504,0.08117,0.74379
16594060,0,1,0.28236,0.55506,0.16258
16476008,0,0,0.52567,0.39583,0.07849
29311903,2,2,0.11515,0.07372,0.81113
11207559,2,2,0.00328,0.07224,0.92448
19413322,0,0,0.9313,0.05691,0.01179
21298389,0,1,0.24121,0.58268,0.17611
4228096,2,2,0.04044,0.34698,0.61258
38680338,0,0,0.69978,0.21142,0.0888
18310748,2,2,0.00731,0.01452,0.97817
15225980,2,2,0.03005,0.05523,0.91472
35651211,1,1,0.32067,0.45998,0.21935
17517088,2,1,0.12306,0.46726,0.40969
6641290,0,0,0.97304,0.02302,0.00393
20470771,2,2,0.08079,0.04504,0.87417
32734645,0,0,0.83275,0.12206,0.04519
31149646,2,1,0.02805,0.51926,0.45269
37575342,0,0,0.62795,0.24676,0.12529
41165360,2,2,0.00017,0.06252,0.93731
24645588,0,0,0.66368,0.13626,0.20007
3629322,2,2,0.0359,0.02299,0.94111
7422168,2,2,0.01502,0.01707,0.96791
37560592,2,2,0.00182,0.04308,0.95509
13864644,2,2,0.00594,0.16281,0.83125
272550,2,2,0.07192,0.28987,0.63821
13046018,2,2,0.02084,0.05969,0.91947
19527516,0,1,0.27167,0.50981,0.21852
28960356,0,1,0.1411,0.5875,0.2714
9558235,2,2,0.00579,0.02458,0.96963
16380405,2,2,0.13106,0.15897,0.70997
11684112,2,2,0.07965,0.16983,0.75052
25582355,2,2,0.18431,0.26745,0.54823
23492346,2,2,0.03237,0.2228,0.74483
15535950,2,2,0.00098,0.49245,0.50657
33008637,0,0,0.63031,0.33737,0.03232
31715874,2,2,0.0165,0.02836,0.95515
39221689,1,2,0.10591,0.39765,0.49645
24346153,0,0,0.67382,0.17031,0.15588
29277265,0,0,0.77534,0.20389,0.02077
15641084,2,2,0.05546,0.02703,0.9175
27100717,2,2,0.01155,0.03126,0.95719
27981861,2,2,0.02193,0.04169,0.93638
15767317,2,2,0.02294,0.18404,0.79301
11137432,2,2,0.03017,0.05702,0.91281
14124757,2,2,0.03463,0.09836,0.86701
36985289,2,2,0.04548,0.10163,0.85289
26492259,2,2,0.41874,0.07016,0.51111
31202931,2,2,0.00415,0.06825,0.9276
22312505,1,1,0.23669,0.62471,0.13861
6092353,0,0,0.81578,0.14609,0.03813
6934036,2,0,0.42171,0.22414,0.35415
17045186,1,0,0.74676,0.2038,0.04945
31087420,0,0,0.92415,0.07425,0.00161
39884031,2,2,0.02287,0.23848,0.73865
33937778,2,2,1e-05,0.00087,0.99912
4405635,2,2,0.20129,0.09708,0.70163
10860865,2,2,0.04176,0.03405,0.92419
6655781,2,2,0.00308,0.05365,0.94327
37912275,2,2,0.00038,0.00639,0.99323
15824010,2,2,0.01312,0.01603,0.97084
38920645,2,2,0.24824,0.1887,0.56307
14531905,0,1,0.15181,0.54943,0.29877
8567783,2,2,0.06098,0.25202,0.687
2565967,2,2,0.00542,0.01189,0.98269
8758569,2,2,0.03203,0.42541,0.54256
16833993,2,1,0.03837,0.62365,0.33798
25242526,2,2,0.02407,0.08986,0.88607
12349744,2,2,0.01013,0.02838,0.96148
26884853,1,2,0.17603,0.09115,0.73282
10594867,2,2,0.08621,0.0845,0.82928
12571534,0,0,0.99879,0.0008,0.0004
40415983,2,2,0.13825,0.20655,0.6552
40177699,0,0,0.97393,0.02188,0.00419
3328916,0,2,0.30898,0.20394,0.48708
17619799,2,1,0.07859,0.65456,0.26685
33858177,2,2,0.01699,0.03111,0.9519
28780611,2,2,0.00723,0.07305,0.91972
26292924,2,2,0.00805,0.19585,0.7961
31992684,2,2,0.09336,0.02971,0.87693
29112334,0,2,0.42518,0.12942,0.4454
32670341,0,0,0.57518,0.35289,0.07193
28178574,0,0,0.9622,0.02617,0.01163
11734293,2,2,0.09748,0.32811,0.57442
27077604,2,2,0.00016,0.00583,0.99401
5626376,0,0,0.54328,0.39988,0.05684
21007286,2,2,0.00484,0.07272,0.92244
38626194,2,2,0.0315,0.12935,0.83916
18866775,0,1,0.28297,0.59997,0.11706
11729865,2,2,0.04731,0.15413,0.79856
4823450,2,2,0.20251,0.12113,0.67635
40862294,2,2,0.31911,0.07368,0.60721
17681586,2,2,0.05195,0.11716,0.83089
27135781,0,0,0.90931,0.04976,0.04093
32073123,2,2,0.24824,0.1887,0.56307
4397596,2,1,0.35855,0.59151,0.04995
40992555,2,2,0.00022,0.00832,0.99145
5450386,0,0,0.97665,0.01374,0.00961
34210687,0,0,0.61984,0.26646,0.1137
23232249,1,1,0.2403,0.39995,0.35975
22840526,2,2,0.01372,0.16022,0.82606
31212086,2,2,0.00583,0.04727,0.94691
17665626,2,2,0.03909,0.3767,0.58421
41481279,0,1,0.12011,0.86813,0.01176
35935862,2,2,0.09518,0.09838,0.80645
22677487,2,2,0.00022,0.00357,0.9962
2617575,2,2,0.16021,0.04452,0.79526
21973400,2,2,0.00515,0.00602,0.98883
10804363,2,2,0.00231,0.03607,0.96162
16686635,2,2,0.00193,0.05384,0.94423
30939094,2,2,0.063,0.06905,0.86795
19059676,2,2,0.0007,0.00568,0.99362
886120,2,0,0.45755,0.43599,0.10646
24638661,0,0,0.80842,0.12997,0.06161
13410950,2,2,0.00667,0.00534,0.98798
4454993,2,2,0.10477,0.35783,0.5374
5716826,2,2,0.01711,0.21002,0.77287
26791862,2,2,0.00393,0.01654,0.97953
12626375,2,2,0.02068,0.0904,0.88892
11183234,2,1,0.06389,0.72449,0.21161
9456429,2,2,0.03466,0.02882,0.93652
33871364,2,2,0.2457,0.12477,0.62953
6141009,1,1,0.45868,0.49144,0.04987
20744070,0,0,0.75262,0.07678,0.17061
34493749,2,2,0.00707,0.02029,0.97264
22774102,0,0,0.77366,0.15298,0.07336
31062573,0,0,0.9666,0.0324,0.001
16284305,2,2,0.00726,0.09632,0.89641
31416492,2,2,0.15259,0.08894,0.75847
24246342,2,2,0.05381,0.07307,0.87312
24981207,1,1,0.25996,0.60901,0.13104
41299529,0,0,0.88799,0.04158,0.07044
16082769,2,1,0.01776,0.60676,0.37548
18563234,2,2,0.01439,0.08588,0.89973
7939004,2,2,0.01259,0.14186,0.84555
39999216,2,2,0.0807,0.05034,0.86896
12232650,2,1,0.04299,0.73985,0.21717
15740025,2,2,0.05012,0.21292,0.73695
6410346,2,2,0.1695,0.05578,0.77472
20681425,2,2,0.00269,0.031,0.96631
29093606,2,1,0.14918,0.69528,0.15554
7569511,2,0,0.8015,0.11603,0.08247
4769793,2,2,0.12317,0.19277,0.68406
21470983,2,2,0.07324,0.08833,0.83844
35385456,2,2,0.00789,0.02974,0.96237
14472532,2,2,0.01872,0.13832,0.84296
17427479,2,2,0.03746,0.08774,0.87481
16729924,2,2,0.02541,0.11431,0.86028
27348748,2,2,0.00433,0.02106,0.97461
15745612,2,2,0.03873,0.10307,0.8582
1944183,2,2,0.02046,0.02406,0.95548
40768936,2,2,0.00122,0.0042,0.99458
31004946,0,0,0.72027,0.25175,0.02798
8959797,2,2,0.14478,0.06177,0.79345
8871474,2,2,0.00012,0.00096,0.99892
26663007,2,2,0.01527,0.0817,0.90303
15535020,1,0,0.70069,0.28606,0.01325
3356329,2,2,0.0037,0.02296,0.97334
8595216,1,1,0.35667,0.63174,0.0116
28990339,2,2,0.0506,0.09181,0.85759
24871236,2,2,0.24177,0.3221,0.43613
8623054,0,0,0.97465,0.02048,0.00487
31807539,0,0,0.87029,0.11461,0.0151
19113064,2,2,0.01356,0.02882,0.95762
14108375,2,2,0.00641,0.0056,0.98799
14329622,2,2,0.05933,0.27844,0.66223
14310399,0,0,0.63139,0.09651,0.2721
19451992,2,2,0.08103,0.22763,0.69134
13620446,2,2,0.24824,0.1887,0.56307
4532114,0,0,0.73601,0.13077,0.13322
14765812,2,2,0.0,0.00028,0.99971
32478383,0,2,0.33016,0.04712,0.62272
4680521,2,0,0.37332,0.30874,0.31794
12768352,2,2,0.0144,0.01457,0.97104
1487392,2,2,0.16012,0.12649,0.7134
24878940,2,2,0.21142,0.14893,0.63965
30143881,0,0,0.73169,0.21701,0.05131
32717509,2,2,0.012,0.18449,0.80351
34513858,2,1,0.0372,0.62182,0.34098
37936233,2,2,0.12975,0.2828,0.58745
8652999,0,0,0.8955,0.08743,0.01706
15536095,0,0,0.77263,0.15902,0.06835
19452153,0,0,0.47577,0.42009,0.10414
19798689,2,1,0.3161,0.37187,0.31202
36392781,2,2,0.02466,0.12142,0.85392
1852832,0,1,0.07547,0.90769,0.01684
31183682,2,2,0.00761,0.04686,0.94553
35338123,1,0,0.48755,0.09874,0.41372
22657443,1,0,0.85613,0.12959,0.01428
13431073,0,0,0.96569,0.01064,0.02366
1881146,2,2,0.02569,0.07165,0.90266
22914763,2,2,0.02059,0.01382,0.96559
27713157,2,2,0.06766,0.2089,0.72344
25314227,2,2,0.00556,0.08732,0.90712
553269,1,0,0.41593,0.38509,0.19898
6416893,2,2,0.00222,0.01717,0.98061
24932395,0,0,0.67495,0.09369,0.23136
2429197,2,0,0.53235,0.11038,0.35727
29933993,1,0,0.60547,0.27261,0.12192
37757552,2,1,0.07761,0.48062,0.44176
20576119,2,2,0.11604,0.0415,0.84246
26493612,2,2,3e-05,0.00254,0.99743
39848964,1,1,0.41251,0.46904,0.11845
21823905,2,2,0.00537,0.02851,0.96612
34504173,0,0,0.44995,0.25219,0.29785
7447385,0,0,0.90398,0.08419,0.01183
37517006,2,0,0.57605,0.13118,0.29277
7956015,2,2,0.01189,0.05,0.93811
9820534,2,2,0.16367,0.16281,0.67352
27565789,0,0,0.87587,0.11677,0.00736
17095185,2,2,0.02522,0.02564,0.94914
4280799,2,2,0.21286,0.04019,0.74695
8877948,2,2,0.00144,0.02975,0.96882
33923118,1,1,0.01331,0.96152,0.02516
11659506,2,1,0.20792,0.45144,0.34064
4430448,2,2,0.04795,0.16034,0.79171
29119889,2,2,0.00754,0.05796,0.9345
1408485,2,2,0.00867,0.05163,0.9397
21665468,2,2,0.00231,0.01444,0.98325
38362466,0,0,0.95947,0.03643,0.0041
24943067,2,2,0.18418,0.31377,0.50204
11041229,2,2,0.00351,0.00537,0.99112
16025000,0,0,0.84036,0.14002,0.01962
31294305,2,2,0.0504,0.06505,0.88455
25722720,2,2,0.00277,0.00432,0.99291
2750781,2,2,0.00817,0.00932,0.98251
37148073,2,2,0.00016,0.01344,0.98639
39758516,0,0,0.87438,0.11774,0.00788
23106149,2,2,0.00472,0.01234,0.98293
35478768,2,2,0.01721,0.08507,0.89773
32567111,0,1,0.30584,0.68374,0.01042
18474074,0,0,0.80421,0.17099,0.0248
9771108,0,0,0.64501,0.1606,0.19438
1951223,2,2,0.00526,0.03303,0.9617
19676573,0,0,0.69411,0.25376,0.05212
12553472,0,0,0.98271,0.01668,0.00061
28578542,2,2,0.00052,0.02149,0.97799
28592385,2,0,0.75334,0.17775,0.0689
17151858,2,2,0.0014,0.00962,0.98898
4280146,0,0,0.94814,0.0447,0.00716
37616745,2,2,0.09308,0.26685,0.64008
20053785,2,2,0.01181,0.01671,0.97148
34636367,2,2,0.00848,0.02568,0.96584
26940204,2,2,0.0003,0.00177,0.99794
22754462,2,0,0.72637,0.153,0.12063
10440369,2,2,0.0094,0.14845,0.84215
22357446,2,2,0.06983,0.17245,0.75772
14658297,2,2,0.00152,0.03141,0.96707
5341113,2,2,0.39184,0.2134,0.39476
24189803,2,2,0.00134,0.01711,0.98155
9842137,0,0,0.7992,0.19724,0.00356
29685499,0,0,0.95232,0.03369,0.01398
12662548,2,2,0.01207,0.03491,0.95302
21772995,2,2,0.01203,0.06549,0.92248
4257853,2,2,0.09902,0.25929,0.64169
12232649,2,2,0.07543,0.24302,0.68155
25544218,0,1,0.37511,0.42559,0.1993
27060375,2,2,0.02291,0.25769,0.7194
28398172,2,2,0.00901,0.28211,0.70888
13954547,2,2,0.21877,0.22634,0.55489
31906225,2,2,0.00235,0.00964,0.988
23319324,0,0,0.51388,0.45833,0.02779
5401613,2,2,0.02643,0.02738,0.94619
14346072,2,2,0.03555,0.11506,0.84939
28185248,0,0,0.63381,0.21601,0.15018
34116107,2,2,0.06185,0.15189,0.78627
25409125,2,2,0.01372,0.05285,0.93343
7357863,2,1,0.06697,0.64599,0.28704
4414566,2,2,0.00917,0.02444,0.96639
6025769,2,2,0.0716,0.10858,0.81982
35484230,2,0,0.40736,0.24972,0.34292
13544135,2,2,0.05413,0.41503,0.53083
29946344,2,2,0.02652,0.11995,0.85353
21299359,2,2,0.21277,0.38386,0.40337
3750222,2,2,0.07518,0.03281,0.89202
39555162,0,0,0.61103,0.29797,0.091
40120827,2,0,0.91183,0.04895,0.03922
10940725,2,2,0.01525,0.04392,0.94084
9642102,1,0,0.76023,0.17546,0.06432
38953104,0,1,0.13172,0.5629,0.30538
19525595,2,2,0.01846,0.01323,0.96832
22127242,2,2,0.01994,0.22865,0.7514
11243731,2,2,0.11398,0.14656,0.73946
28735688,2,2,0.07333,0.0992,0.82746
6343622,2,2,0.00413,0.01256,0.98331
28025907,2,2,0.11465,0.05189,0.83346
5974103,2,2,0.04807,0.19086,0.76107
1233732,2,2,0.02178,0.17615,0.80206
30221164,0,2,0.42072,0.09101,0.48827
33010818,2,2,0.14612,0.34602,0.50786
22079027,2,2,0.26137,0.18889,0.54974
8564541,2,2,0.01753,0.10127,0.8812
19747247,2,2,0.19022,0.32949,0.48029
28797409,2,2,0.0003,0.00369,0.99601
27947287,0,0,0.63703,0.20429,0.15869
38524256,0,2,0.07324,0.14677,0.77999
4334994,2,2,0.0756,0.02218,0.90222
10629642,0,0,0.67725,0.12191,0.20085
7948862,2,2,0.01241,0.25625,0.73134
23594064,2,2,0.00193,0.01091,0.98716
12369915,2,2,0.00036,0.0241,0.97554
39748416,2,2,0.02345,0.01566,0.96089
9878567,0,1,0.3426,0.44388,0.21353
40237589,2,2,0.0056,0.03049,0.96391
13435374,2,2,0.22292,0.09551,0.68157
23224358,2,2,0.24824,0.1887,0.56307
14651118,2,2,0.06707,0.1548,0.77814
27785729,2,2,0.00296,0.03385,0.96319
16361463,2,2,0.02208,0.08735,0.89058
39467884,0,0,0.95622,0.04012,0.00366
31342710,0,0,0.71836,0.17971,0.10193
40632678,2,0,0.53311,0.16766,0.29923
26464873,0,0,0.80022,0.19061,0.00917
6895264,1,0,0.87218,0.11827,0.00954
18728284,2,2,0.01531,0.02282,0.96187
29322812,2,0,0.68156,0.10451,0.21394
4218064,2,1,0.09379,0.74407,0.16214
4128043,0,1,0.40815,0.53887,0.05297
8427912,2,2,0.01672,0.08661,0.89667
25051475,2,2,0.01189,0.01494,0.97317
15133203,2,2,0.00026,0.00464,0.9951
38558005,0,0,0.99763,0.00156,0.00081
20151353,1,1,0.03673,0.83644,0.12683
18726148,0,0,0.71613,0.10068,0.18319
10854249,1,0,0.49235,0.4833,0.02435
30680666,2,2,0.01453,0.01092,0.97455
28490627,0,0,0.96056,0.03018,0.00927
14454708,2,2,0.09511,0.15166,0.75323
23268604,2,2,0.12986,0.27021,0.59993
408953,0,0,0.79349,0.15081,0.0557
8544129,2,0,0.47592,0.22249,0.30159
2879858,2,2,0.01791,0.04749,0.9346
32047962,2,2,0.00033,0.00102,0.99865
41276505,2,2,0.00468,0.03374,0.96158
35749078,0,0,0.63866,0.2385,0.12285
22455012,0,0,0.53317,0.46206,0.00477
35647418,2,2,0.10642,0.05871,0.83488
30683665,2,2,0.0003,0.00584,0.99386
28234073,2,2,0.30576,0.04074,0.6535
27766447,2,2,0.02088,0.07689,0.90223
6647317,2,2,0.00876,0.01274,0.9785
7223938,2,2,0.1392,0.17365,0.68715
22296209,2,2,0.00048,0.00176,0.99776
21443519,2,2,0.00649,0.04044,0.95307
23138673,2,2,0.01279,0.02352,0.96368
28535976,2,2,0.00218,0.04791,0.94991
13880866,2,2,0.00679,0.03945,0.95376
7468620,2,2,0.00022,0.00013,0.99965
25506023,2,2,0.27081,0.18413,0.54506
10901061,2,2,0.17444,0.12857,0.69699
40276561,2,2,0.08756,0.09332,0.81911
41532096,2,2,0.1232,0.0677,0.8091
36313124,0,0,0.85156,0.14444,0.00401
36524292,2,1,0.25933,0.73042,0.01026
24673218,2,2,0.00167,0.00603,0.9923
7893578,2,2,0.00257,0.02183,0.97559
35118618,2,2,0.013,0.05833,0.92867
12866925,2,1,0.0655,0.64134,0.29316
5272173,2,2,0.00136,0.04216,0.95648
28431725,2,1,0.18585,0.57092,0.24324
14087772,2,2,0.03891,0.10096,0.86013
19278965,2,2,0.0747,0.14995,0.77535
36490605,0,0,0.65125,0.24044,0.10831
28078093,0,1,0.34708,0.57879,0.07412
22127311,2,2,0.05968,0.11673,0.8236
5571895,0,1,0.15056,0.66598,0.18345
25375969,0,1,0.36535,0.61696,0.01769
23468670,2,2,0.00106,0.01606,0.98288
19745349,0,0,0.91414,0.08362,0.00224
16440509,2,2,0.01016,0.02444,0.9654
20346625,2,1,0.04634,0.59588,0.35778
22947774,2,2,0.01223,0.25111,0.73666
27866562,1,2,0.32359,0.32812,0.3483
573362,2,2,0.00858,0.14632,0.8451
37953169,2,2,0.01241,0.0166,0.97099
21187984,2,2,0.01518,0.02695,0.95787
41269812,2,2,0.0979,0.20637,0.69573
6741412,2,2,0.00274,0.00389,0.99337
2643459,0,0,0.93799,0.04937,0.01264
22309493,2,2,0.07361,0.42259,0.5038
20260579,2,2,0.02324,0.18042,0.79634
39788502,0,2,0.27899,0.36029,0.36071
40070752,2,2,0.05217,0.07217,0.87566
39576625,0,0,0.96529,0.03461,0.0001
40342151,2,2,0.28133,0.16669,0.55198
11014989,2,2,0.00244,0.00661,0.99096
4704248,2,1,0.06466,0.6225,0.31284
35980263,0,0,0.72494,0.03071,0.24435
25554174,2,2,0.05977,0.13952,0.8007
37397286,0,0,0.87478,0.11325,0.01197
40322898,0,0,0.88775,0.10804,0.00421
3523379,2,2,0.1387,0.06429,0.79701
10318824,2,1,0.00423,0.89193,0.10383
32542397,2,2,0.01623,0.15501,0.82876
18312647,2,2,0.00206,0.04521,0.95273
13121805,2,1,0.19163,0.44357,0.3648
17709299,2,2,0.00152,0.00674,0.99175
39698097,2,2,0.00108,0.00513,0.99379
6254791,2,2,0.08364,0.14495,0.77141
21946977,2,2,0.03363,0.10821,0.85816
27603441,2,2,0.00227,0.0237,0.97403
37916944,0,0,0.67864,0.29962,0.02174
30494843,0,0,0.84619,0.10669,0.04713
3586612,2,2,0.00059,0.00787,0.99154
39788604,0,0,0.7865,0.21251,0.00099
34797504,0,1,0.05638,0.8378,0.10582
36097231,2,1,0.21878,0.60599,0.17523
13372601,2,2,0.00027,0.00641,0.99332
25949894,2,2,0.00029,0.00949,0.99022
11826379,2,2,0.02402,0.04052,0.93546
13380133,2,2,0.00398,0.0173,0.97872
34152944,2,2,0.10293,0.07702,0.82005
6458674,2,2,0.25661,0.19329,0.55011
34928581,2,2,0.15478,0.07705,0.76817
2248604,0,0,0.52401,0.17264,0.30334
19087500,2,2,0.00295,0.1553,0.84175
16028141,2,2,0.22946,0.21603,0.55451
27974134,1,0,0.53947,0.06363,0.3969
22747986,2,2,0.03321,0.06578,0.90101
38045236,1,1,0.21348,0.59698,0.18954
40336441,2,2,0.01986,0.01163,0.9685
22124877,2,2,0.00401,0.03105,0.96494
8298566,2,2,0.00189,0.00574,0.99237
4911698,2,2,0.08155,0.11052,0.80793
19420376,2,0,0.82871,0.06753,0.10376
39255155,2,2,0.05273,0.1129,0.83437
40206757,0,0,0.94846,0.03471,0.01682
27751298,0,2,0.31089,0.33165,0.35746
9477278,0,0,0.95022,0.04413,0.00565
15553773,2,2,0.18356,0.06816,0.74828
11910904,0,0,0.79808,0.14089,0.06104
26346705,2,2,0.03936,0.08657,0.87407
25250069,2,2,0.00752,0.03781,0.95467
14474626,2,2,0.02024,0.06954,0.91022
34720149,0,0,0.98002,0.01348,0.0065
30248034,0,1,0.34191,0.57347,0.08462
25934055,2,2,0.24824,0.1887,0.56307
17545678,2,0,0.7947,0.18937,0.01592
17070365,2,0,0.38464,0.36649,0.24888
16791753,0,0,0.85778,0.13771,0.00451
16239646,2,1,0.39386,0.53534,0.0708
1265541,2,2,0.0,0.00025,0.99975
36992623,2,2,0.00598,0.01711,0.97691
11614765,2,2,6e-05,0.00224,0.9977
20843631,0,0,0.67306,0.12601,0.20093
8903500,2,1,0.11142,0.47473,0.41385
39341497,0,0,0.81986,0.16293,0.01721
23346991,0,1,0.44541,0.50518,0.04941
3681014,1,0,0.66983,0.28116,0.04901
31602744,2,2,0.186,0.33347,0.48053
15260030,2,2,0.0102,0.14587,0.84393
20412720,0,0,0.71436,0.14645,0.13919
35670280,2,2,0.00609,0.04454,0.94937
28686505,2,2,0.24824,0.1887,0.56307
19482599,0,0,0.41723,0.3224,0.26037
21225281,2,2,0.06406,0.11707,0.81887
30990627,2,2,0.00483,0.02353,0.97164
26290605,2,2,0.001,0.05903,0.93997
12166412,1,0,0.95881,0.03087,0.01033
19236528,2,1,0.08942,0.59874,0.31183
30503684,2,1,0.23347,0.50055,0.26598
34628202,2,2,0.06508,0.04877,0.88615
9196723,2,2,0.00966,0.23601,0.75433
15154742,2,2,0.06785,0.17611,0.75605
16339397,2,2,0.09759,0.05929,0.84312
28435572,2,2,0.01764,0.05638,0.92598
22583333,2,2,0.00546,0.10167,0.89287
35449068,0,0,0.6187,0.05243,0.32887
19933158,2,2,0.00136,0.01261,0.98603
35753971,2,2,0.02648,0.07136,0.90216
14202770,2,2,0.0932,0.31005,0.59675
20988746,2,2,0.00058,0.01526,0.98416
35299221,2,1,0.12666,0.47994,0.39341
13518541,0,0,0.99565,0.0039,0.00045
19266218,2,2,0.38502,0.22033,0.39464
13515723,1,2,0.34235,0.24881,0.40885
29851540,2,2,0.07616,0.36563,0.55821
2954919,2,2,0.00016,0.01423,0.98562
21916226,2,2,0.0285,0.19408,0.77742
24315764,2,2,0.38314,0.09835,0.51851
13994665,2,2,0.00049,0.01811,0.9814
24069283,2,2,0.01112,0.01072,0.97816
6874481,2,0,0.47319,0.22264,0.30417
27468660,2,2,0.05138,0.13452,0.81411
32657496,2,2,0.14349,0.02503,0.83148
5238179,0,1,0.36175,0.50277,0.13549
30399414,2,2,0.06667,0.05586,0.87746
14802680,2,2,0.02287,0.06797,0.90916
14529501,2,2,0.00491,0.00134,0.99375
21428246,2,2,0.02223,0.14048,0.83729
28669767,2,2,0.0281,0.04077,0.93113
15743441,2,2,0.00592,0.02265,0.97143
28181511,2,2,0.01031,0.06145,0.92824
4639528,2,2,0.00602,0.15856,0.83542
18468128,0,0,0.87402,0.10355,0.02242
17698041,2,2,0.09269,0.09282,0.81449
37587327,2,2,0.15855,0.07517,0.76627
22219525,0,1,0.32653,0.41267,0.26079
27603796,2,2,0.10477,0.35783,0.5374
22768411,2,2,0.20866,0.05567,0.73568
34522041,2,1,0.32462,0.35727,0.31811
22935418,0,0,0.76923,0.07823,0.15254
15861217,2,2,0.43543,0.02459,0.53998
26285993,0,1,0.31524,0.64449,0.04026
35686212,0,0,0.67699,0.29229,0.03072
27471362,2,2,0.12511,0.04132,0.83357
40657128,1,1,0.09567,0.60408,0.30025
17113815,2,2,0.00044,0.00928,0.99029
40224535,2,2,0.01707,0.22211,0.76082
15081299,2,1,0.18864,0.48326,0.32811
12304013,2,2,0.00386,0.0056,0.99054
39590641,1,1,0.19026,0.68941,0.12033
23223053,2,2,0.00293,0.06456,0.93251
1887562,2,2,0.0031,0.07381,0.92309
26624902,2,2,0.10551,0.17701,0.71748
12024470,2,2,0.00948,0.07014,0.92038
15783506,2,2,0.03055,0.27623,0.69322
6749380,2,2,0.10541,0.07165,0.82294
2516382,1,1,0.1312,0.46625,0.40255
18751388,2,2,0.00721,0.07763,0.91515
17856686,2,0,0.63194,0.09159,0.27647
6013552,2,2,0.0717,0.17692,0.75138
29002808,2,2,0.01905,0.18769,0.79326
14206026,2,2,0.00024,0.0015,0.99826
31473817,2,1,0.07514,0.67718,0.24767
29756948,1,0,0.85808,0.10764,0.03428
34101368,0,1,0.37473,0.42445,0.20082
2476461,2,2,0.00261,0.02976,0.96763
2234604,1,1,0.45891,0.51209,0.029
2488228,2,2,0.03149,0.03555,0.93296
24452293,2,2,0.05375,0.063,0.88325
11872799,2,2,0.00027,0.00308,0.99665
30841867,0,2,0.23731,0.18552,0.57717
14319582,0,2,0.21863,0.27819,0.50318
12126456,0,1,0.37044,0.58083,0.04874
14474394,1,2,0.02579,0.08629,0.88791
25730601,2,2,0.03288,0.03857,0.92855
17609332,2,2,0.00389,0.01436,0.98175
464629,2,2,0.00446,0.02518,0.97036
36711124,2,2,0.01295,0.02969,0.95736
15925408,2,2,0.00108,0.03168,0.96724
17340082,0,0,0.66742,0.2703,0.06228
36826768,2,2,0.01581,0.01926,0.96493
35914869,2,2,0.10148,0.13127,0.76725
4279384,0,0,0.73076,0.13007,0.13917
34784375,2,2,0.00019,0.00992,0.98989
23099186,0,0,0.85356,0.14413,0.00231
18957838,2,2,0.0493,0.08351,0.8672
22811627,2,2,0.00552,0.04504,0.94944
37465321,2,0,0.55292,0.34295,0.10414
35435862,2,2,0.1331,0.06026,0.80664
1637361,2,2,0.00481,0.00591,0.98928
25566803,2,2,0.01379,0.0674,0.91881
33027704,0,1,0.14258,0.74575,0.11167
17108561,2,2,0.02265,0.13781,0.83953
18447866,0,0,0.97957,0.01621,0.00422
20971563,2,2,0.01849,0.11747,0.86404
17213749,2,2,8e-05,0.00121,0.99871
4432089,2,0,0.6081,0.21029,0.1816
40540258,0,0,0.90663,0.0603,0.03307
40485700,0,0,0.98655,0.01312,0.00034
20153946,2,2,0.0061,0.04155,0.95235
17159909,2,2,0.10642,0.04542,0.84816
7827396,2,2,0.06449,0.02933,0.90619
7278479,2,2,6e-05,0.00091,0.99903
29526286,0,0,0.59888,0.11511,0.28602
36104759,0,0,0.92491,0.07173,0.00336
10491848,2,2,0.05448,0.04843,0.89709
35661979,2,2,0.01992,0.06427,0.9158
13856133,2,2,0.01712,0.47464,0.50824
5603602,2,2,0.21998,0.38108,0.39894
34330803,2,2,0.14907,0.10302,0.7479
16262889,2,2,0.00994,0.22397,0.76609
19089293,2,2,0.03773,0.04788,0.91439
26861426,2,2,0.18089,0.31795,0.50116
20818949,0,1,0.20901,0.52238,0.26862
2303962,0,0,0.98218,0.01753,0.00029
24932724,0,0,0.98164,0.01532,0.00303
34603695,0,0,0.94841,0.03619,0.01541
5784934,2,2,0.0,0.00025,0.99975
33265515,2,2,0.02352,0.03516,0.94132
16287308,2,2,0.06665,0.24833,0.68502
17327017,2,1,0.17222,0.4389,0.38888
19499154,2,1,0.09515,0.52154,0.38331
41032117,0,0,0.89796,0.09817,0.00387
38813315,0,0,0.79713,0.17353,0.02934
36993752,2,2,0.06107,0.15165,0.78729
9278040,2,2,0.00678,0.2089,0.78432
11021493,2,2,0.00921,0.08549,0.9053
12181288,2,2,0.00791,0.03626,0.95583
4344954,2,1,0.03625,0.79299,0.17076
17941999,0,0,0.61349,0.30271,0.0838
26559347,2,2,0.10191,0.03953,0.85856
14408106,2,2,0.12797,0.19776,0.67427
6102689,2,2,0.01189,0.00347,0.98464
1310826,2,2,0.07354,0.05479,0.87167
21320341,2,2,0.00197,0.01542,0.98261
32287963,0,0,0.92037,0.075,0.00462
11326794,2,2,0.0158,0.01144,0.97276
36503997,2,2,0.03399,0.05103,0.91497
31543145,2,2,0.01593,0.05369,0.93038
25244040,2,2,0.00336,0.01984,0.9768
38302764,2,2,0.02416,0.25613,0.71971
34905467,2,2,0.04089,0.0912,0.86791
24193839,1,1,0.0144,0.74039,0.24521
30083642,2,1,0.18384,0.41305,0.40311
15481887,0,0,0.72783,0.26758,0.00459
21948173,0,0,0.98842,0.01134,0.00024
39163472,0,0,0.61644,0.14903,0.23452
11509300,2,2,0.05603,0.13769,0.80628
16262879,2,2,0.00059,0.0035,0.99591
26775546,2,2,9e-05,0.01243,0.98748
33642282,2,2,0.025,0.29135,0.68366
30185059,2,2,0.10156,0.06989,0.82855
22154749,2,2,0.01171,0.19713,0.79116
34271427,2,2,0.03691,0.14057,0.82253
26899379,0,0,0.96353,0.03208,0.00439
3312509,1,1,0.29678,0.58112,0.1221
29178651,2,2,0.03662,0.08123,0.88215
38692337,0,0,0.65147,0.19519,0.15335
5395986,2,1,0.06095,0.59574,0.34331
9676493,2,2,0.05307,0.06043,0.8865
20092999,2,2,0.14741,0.09461,0.75798
35416040,2,1,0.10208,0.53053,0.36738
28555359,2,2,0.0161,0.11445,0.86945
39489621,2,2,0.03969,0.04771,0.9126
39364944,0,0,0.78258,0.11514,0.10228
36165793,0,0,0.82972,0.15921,0.01107
12561232,2,2,0.01775,0.04697,0.93528
14351926,2,2,0.03276,0.06742,0.89982
21308610,2,2,0.07911,0.21771,0.70318
25469480,2,2,0.17184,0.07029,0.75787
12571456,2,2,0.20978,0.05369,0.73653
31575103,2,2,0.00044,0.00561,0.99395
20394840,2,2,0.00022,0.00246,0.99731
35319626,0,0,0.87602,0.04896,0.07502
32886658,2,2,0.02575,0.16296,0.81128
40072262,0,0,0.52206,0.28315,0.19479
36170577,2,2,0.01832,0.05998,0.9217
33546037,0,0,0.94984,0.04297,0.00719
35887265,2,2,0.00904,0.02293,0.96803
11715913,2,2,0.0095,0.03301,0.95749
40974559,0,1,0.35631,0.6381,0.00559
19242667,2,2,0.06809,0.09918,0.83273
10932241,2,2,0.00811,0.02669,0.9652
20073423,0,1,0.07049,0.86825,0.06126
18858999,2,2,0.00761,0.04634,0.94605
1577505,0,0,0.74325,0.24474,0.01202
13810045,0,0,0.9198,0.07285,0.00734
31677687,0,0,0.80144,0.17707,0.02149
2053537,2,2,0.00844,0.00776,0.98381
14829603,2,2,0.00247,0.00819,0.98934
29136112,2,2,0.00024,0.00106,0.99871
34145439,2,2,0.01194,0.00691,0.98115
23743542,2,2,0.00092,0.0211,0.97798
16632828,0,1,0.27324,0.55809,0.16867
2155028,2,2,0.04777,0.03131,0.92091
9321206,0,0,0.68597,0.16761,0.14642
16441438,2,2,0.07436,0.17273,0.75291
15891522,0,1,0.25264,0.3887,0.35866
41332338,2,2,0.01948,0.05835,0.92217
18096793,2,2,0.02111,0.1476,0.83129
23884271,2,2,0.14064,0.12349,0.73586
3654544,0,1,0.26254,0.45675,0.28072
26391709,2,2,0.02675,0.12836,0.84489
41182754,2,2,0.0327,0.04285,0.92446
5268291,2,2,0.01459,0.11613,0.86928
15237000,2,2,0.16399,0.1376,0.69841
14647436,2,2,0.01622,0.06653,0.91725
36579190,2,2,0.01477,0.17196,0.81327
7876412,2,2,0.00045,0.00635,0.99319
7418649,0,0,0.70658,0.1065,0.18692
24696282,2,2,0.01805,0.04338,0.93857
2741693,2,2,0.04648,0.17721,0.77631
37079435,2,2,0.10789,0.10524,0.78687
32680725,2,2,0.18044,0.23124,0.58832
7383816,2,2,0.00076,0.00163,0.99761
38603370,2,2,0.2501,0.24807,0.50184
10865074,2,2,0.2785,0.14148,0.58002
8021354,0,0,0.8022,0.1798,0.01799
19254897,2,2,0.00986,0.26708,0.72306
7195680,2,2,0.00034,0.00438,0.99528
29240733,2,0,0.58201,0.16579,0.2522
24821061,0,1,0.25039,0.72707,0.02254
41411270,0,1,0.19693,0.69022,0.11286
20231579,2,2,0.00093,0.00993,0.98914
35460960,1,0,0.78175,0.21474,0.00351
19934791,2,2,0.02364,0.02036,0.95599
24877188,0,0,0.73353,0.24743,0.01904
21711214,0,0,0.54186,0.06019,0.39795
8722009,1,1,0.18822,0.63051,0.18127
24038804,2,2,0.00017,0.00099,0.99884
2377525,2,2,0.00238,0.03117,0.96645
35940450,2,2,0.25189,0.06244,0.68566
33703938,2,2,0.12313,0.12051,0.75635
9047449,2,2,0.0173,0.27522,0.70747
40591926,2,2,0.04232,0.06195,0.89573
18411064,2,2,0.1337,0.04938,0.81692
1091221,2,2,0.00134,0.00617,0.99248
20850656,2,0,0.43399,0.1329,0.43311
3699087,2,2,0.01167,0.04051,0.94782
14192893,2,2,0.00417,0.02546,0.97038
8325375,0,0,0.64064,0.34394,0.01542
7728103,2,2,0.05725,0.12427,0.81848
13582835,2,2,0.04433,0.2557,0.69997
35818729,2,2,0.09219,0.15489,0.75292
31361565,2,2,0.00357,0.00901,0.98742
36855762,2,2,0.11524,0.1272,0.75756
29624494,0,1,0.09539,0.55519,0.34942
16038675,2,2,0.03696,0.04566,0.91738
11092656,2,2,0.05458,0.20656,0.73886
27566399,1,0,0.52961,0.40705,0.06334
26696397,2,1,0.02618,0.55224,0.42158
2373738,2,2,0.07234,0.16328,0.76438
5371944,1,1,0.05262,0.57273,0.37465
38316531,2,2,0.00637,0.01039,0.98324
24025390,2,2,0.16665,0.16551,0.66784
14698093,2,2,0.09216,0.05981,0.84803
21035522,2,1,0.02484,0.54288,0.43229
33691523,0,0,0.71411,0.24961,0.03627
21556132,1,0,0.62312,0.14345,0.23344
31520542,0,0,0.85502,0.11289,0.03209
35093782,1,0,0.64431,0.29997,0.05573
17683231,1,0,0.51504,0.24378,0.24118
798924,2,2,0.07079,0.02165,0.90756
3027845,1,0,0.67295,0.29174,0.03531
36389093,0,0,0.47959,0.19617,0.32423
21199309,2,2,0.07384,0.21158,0.71458
9143076,2,2,0.00081,0.02802,0.97118
28993137,0,0,0.84929,0.14968,0.00103
32510589,2,2,0.00719,0.02208,0.97073
8281615,2,2,0.02734,0.01274,0.95993
39476974,2,2,0.01861,0.08148,0.89991
13944204,2,2,0.04569,0.33899,0.61531
6700830,0,0,0.80607,0.0762,0.11773
8514491,2,2,0.06924,0.04563,0.88514
12646629,2,2,0.00405,0.11003,0.88592
14025705,2,2,0.02513,0.14832,0.82655
38695133,2,2,0.01029,0.10647,0.88324
24276759,2,2,0.222,0.1762,0.6018
35001205,1,0,0.51328,0.02214,0.46458
10081128,2,2,0.01045,0.02869,0.96086
25588461,0,0,0.93634,0.06271,0.00095
4290792,2,2,0.00149,0.05468,0.94383
23720470,2,2,0.06125,0.11135,0.82741
40373376,0,0,0.70324,0.25212,0.04464
11997593,1,1,0.21649,0.67735,0.10615
27544715,2,2,0.01207,0.02937,0.95856
16047991,0,0,0.89653,0.09689,0.00658
41297326,2,2,0.18382,0.26319,0.55299
15074335,2,2,0.00746,0.02685,0.96568
14322999,0,1,0.45258,0.51488,0.03254
14351961,2,0,0.49698,0.20687,0.29615
17534853,2,2,0.00338,0.01228,0.98434
17685709,2,2,0.20493,0.07102,0.72406
31883599,2,2,0.00883,0.02796,0.96321
31057234,2,1,0.11905,0.69077,0.19017
16546289,1,0,0.67762,0.18488,0.1375
24001891,2,2,0.02133,0.07072,0.90795
24505461,2,2,0.00017,0.00328,0.99655
23088997,0,0,0.64023,0.32772,0.03205
6232518,2,2,0.00751,0.07578,0.91671
37869466,0,0,0.91784,0.07454,0.00762
9951046,0,1,0.11052,0.77425,0.11523
27525783,2,2,0.16832,0.06163,0.77005
16498316,2,2,0.02336,0.03601,0.94063
22434421,2,2,0.03289,0.02163,0.94548
10800634,0,0,0.95702,0.04181,0.00118
20420424,2,2,0.18163,0.05729,0.76109
35125563,2,2,0.12006,0.42535,0.45459
22244984,2,2,0.00084,0.00553,0.99364
3475837,2,2,0.09186,0.22812,0.68001
9643290,2,2,0.12285,0.07132,0.80583
5817563,1,2,0.20933,0.34506,0.44561
20961492,2,2,0.01187,0.12517,0.86296
16551514,0,0,0.98101,0.01727,0.00171
40428664,2,2,0.01006,0.0854,0.90454
1499797,2,2,0.00549,0.03444,0.96007
23566016,0,0,0.55138,0.2759,0.17272
26401434,2,2,0.00104,0.02679,0.97216
13250138,2,2,0.42094,0.14988,0.42917
35654265,2,2,0.00672,0.0253,0.96798
31316585,2,1,0.09301,0.54559,0.3614
23273540,2,2,0.0873,0.02086,0.89183
5962141,2,2,0.00262,0.12106,0.87632
36452109,1,0,0.45961,0.25205,0.28834
2419047,2,2,0.0017,0.00769,0.99061
40620507,2,2,0.00768,0.04704,0.94528
19065202,2,0,0.75917,0.12056,0.12027
2856735,2,2,0.05055,0.04269,0.90676
1394689,2,2,0.0468,0.06515,0.88805
37829137,0,0,0.75395,0.1507,0.09535
28961014,0,0,0.97312,0.01909,0.00779
27968356,2,2,0.01847,0.32663,0.6549
14969983,2,2,0.00056,0.05492,0.94451
2529267,2,2,0.00218,0.01187,0.98595
10919866,2,2,0.24824,0.23054,0.52123
4699635,2,2,0.00599,0.04476,0.94926
25697848,1,1,0.43119,0.44676,0.12205
40483599,2,2,0.12841,0.14817,0.72342
36357104,2,1,0.18944,0.74728,0.06328
22773008,2,2,0.00786,0.33284,0.6593
19888348,2,2,0.16696,0.33012,0.50292
